market;target;universe_selection_method;universe_size_requested;universe_size_actual;universe_assets;missing_priority_assets;filled_from_fallback;train_window;rebalance_frequency;pca_explained_variance;zscore_lookback;entry_z;exit_z;transaction_cost_bps;annualization_factor;total_return;annualized_return;annualized_volatility;sharpe_ratio;max_drawdown;turnover;number_of_trades;average_holding_period;hit_rate
usa;AAPL;priority;30;30;NVDA,MSFT,AVGO,ORCL,AMD,CSCO,QCOM,TXN,IBM,ACN,ADI,GOOGL,META,NFLX,DIS,VZ,AMZN,TSLA,HD,MCD,LOW,WMT,COST,PG,KO,PEP,PM,BRK-B,JPM,V;TMUS,CMCSA,BKNG,SBUX;;252;5;0,8;60;1,0;0,25;5,0;252,0;1,167955836922926;0,090070375709726;0,2350278099303807;0,3832328426853251;-0,354312555253509;0,0588235294117647;121;25,238805970149254;0,5209934949733885
usa;AAPL;priority;30;30;NVDA,MSFT,AVGO,ORCL,AMD,CSCO,QCOM,TXN,IBM,ACN,ADI,GOOGL,META,NFLX,DIS,VZ,AMZN,TSLA,HD,MCD,LOW,WMT,COST,PG,KO,PEP,PM,BRK-B,JPM,V;TMUS,CMCSA,BKNG,SBUX;;252;5;0,8;60;1,0;0,5;5,0;252,0;0,5558779711588944;0,0505014439873439;0,2254073804220371;0,2240452104664386;-0,3202595942862695;0,0685537372843874;151;18,96153846153846;0,5233265720081136
usa;AAPL;priority;30;30;NVDA,MSFT,AVGO,ORCL,AMD,CSCO,QCOM,TXN,IBM,ACN,ADI,GOOGL,META,NFLX,DIS,VZ,AMZN,TSLA,HD,MCD,LOW,WMT,COST,PG,KO,PEP,PM,BRK-B,JPM,V;TMUS,CMCSA,BKNG,SBUX;;252;5;0,8;60;1,0;0,75;5,0;252,0;0,3804854087866904;0,0365905892347819;0,2153580704952109;0,1699058184847345;-0,3962231926531967;0,0871295886775763;196;13,494949494949497;0,5224550898203593
usa;AAPL;priority;30;30;NVDA,MSFT,AVGO,ORCL,AMD,CSCO,QCOM,TXN,IBM,ACN,ADI,GOOGL,META,NFLX,DIS,VZ,AMZN,TSLA,HD,MCD,LOW,WMT,COST,PG,KO,PEP,PM,BRK-B,JPM,V;TMUS,CMCSA,BKNG,SBUX;;252;5;0,8;60;1,5;0,25;5,0;252,0;3,5221484097894074;0,1831546827386918;0,2251579535540855;0,8134497575929336;-0,2689558183352578;0,0517470145953118;107;25,74576271186441;0,5398288347597103
usa;AAPL;priority;30;30;NVDA,MSFT,AVGO,ORCL,AMD,CSCO,QCOM,TXN,IBM,ACN,ADI,GOOGL,META,NFLX,DIS,VZ,AMZN,TSLA,HD,MCD,LOW,WMT,COST,PG,KO,PEP,PM,BRK-B,JPM,V;TMUS,CMCSA,BKNG,SBUX;;252;5;0,8;60;1,5;0,5;5,0;252,0;2,1468931932326676;0,136296038529553;0,2156641177294034;0,6319829184591823;-0,2209472576335598;0,0552852720035382;121;20,6984126984127;0,5437116564417178
usa;AAPL;priority;30;30;NVDA,MSFT,AVGO,ORCL,AMD,CSCO,QCOM,TXN,IBM,ACN,ADI,GOOGL,META,NFLX,DIS,VZ,AMZN,TSLA,HD,MCD,LOW,WMT,COST,PG,KO,PEP,PM,BRK-B,JPM,V;TMUS,CMCSA,BKNG,SBUX;;252;5;0,8;60;1,5;0,75;5,0;252,0;0,9209732433272256;0,0754739587808657;0,2034836299202429;0,3709092412517328;-0,250279483093861;0,0597080937638213;134;16,720588235294116;0,5338610378188214
usa;AAPL;priority;30;30;NVDA,MSFT,AVGO,ORCL,AMD,CSCO,QCOM,TXN,IBM,ACN,ADI,GOOGL,META,NFLX,DIS,VZ,AMZN,TSLA,HD,MCD,LOW,WMT,COST,PG,KO,PEP,PM,BRK-B,JPM,V;TMUS,CMCSA,BKNG,SBUX;;252;5;0,8;60;1,5;1,0;5,0;252,0;0,6515255214564584;0,0575098677854934;0,1942437068110227;0,2960706873321982;-0,2770623198943326;0,0659000442282176;148;13,0;0,5302564102564102
usa;AAPL;priority;30;30;NVDA,MSFT,AVGO,ORCL,AMD,CSCO,QCOM,TXN,IBM,ACN,ADI,GOOGL,META,NFLX,DIS,VZ,AMZN,TSLA,HD,MCD,LOW,WMT,COST,PG,KO,PEP,PM,BRK-B,JPM,V;TMUS,CMCSA,BKNG,SBUX;;252;5;0,8;60;2,0;0,25;5,0;252,0;1,9917004457376577;0,1299090941112837;0,2103865479875836;0,6174781389490288;-0,2689558183352578;0,0393631136665192;86;28,866666666666667;0,5373364126250962
usa;AAPL;priority;30;30;NVDA,MSFT,AVGO,ORCL,AMD,CSCO,QCOM,TXN,IBM,ACN,ADI,GOOGL,META,NFLX,DIS,VZ,AMZN,TSLA,HD,MCD,LOW,WMT,COST,PG,KO,PEP,PM,BRK-B,JPM,V;TMUS,CMCSA,BKNG,SBUX;;252;5;0,8;60;2,0;0,5;5,0;252,0;1,4515263949938113;0,1051079304705782;0,200519618037095;0,5241777911781869;-0,2209472576335599;0,042016806722689;95;22,166666666666668;0,5422932330827067
usa;AAPL;priority;30;30;NVDA,MSFT,AVGO,ORCL,AMD,CSCO,QCOM,TXN,IBM,ACN,ADI,GOOGL,META,NFLX,DIS,VZ,AMZN,TSLA,HD,MCD,LOW,WMT,COST,PG,KO,PEP,PM,BRK-B,JPM,V;TMUS,CMCSA,BKNG,SBUX;;252;5;0,8;60;2,0;0,75;5,0;252,0;0,6586552652680262;0,0580177249074842;0,1868116413718285;0,3105680378451693;-0,226134742652429;0,0429013710747456;97;17,897959183673468;0,5393386545039909
usa;AAPL;priority;30;30;NVDA,MSFT,AVGO,ORCL,AMD,CSCO,QCOM,TXN,IBM,ACN,ADI,GOOGL,META,NFLX,DIS,VZ,AMZN,TSLA,HD,MCD,LOW,WMT,COST,PG,KO,PEP,PM,BRK-B,JPM,V;TMUS,CMCSA,BKNG,SBUX;;252;5;0,8;60;2,0;1,0;5,0;252,0;0,6344190348329752;0,0562833694925566;0,1791193861859355;0,3142226572512451;-0,2390891661148556;0,0446704997788589;101;14,07843137254902;0,5459610027855153
usa;AAPL;priority;30;30;NVDA,MSFT,AVGO,ORCL,AMD,CSCO,QCOM,TXN,IBM,ACN,ADI,GOOGL,META,NFLX,DIS,VZ,AMZN,TSLA,HD,MCD,LOW,WMT,COST,PG,KO,PEP,PM,BRK-B,JPM,V;TMUS,CMCSA,BKNG,SBUX;;252;5;0,8;60;2,5;0,25;5,0;252,0;1,2570548269754656;0,0949746732027383;0,189112901254385;0,5022114967977951;-0,2190515478048915;0,0234409553295002;51;34,77777777777778;0,5335463258785943
usa;AAPL;priority;30;30;NVDA,MSFT,AVGO,ORCL,AMD,CSCO,QCOM,TXN,IBM,ACN,ADI,GOOGL,META,NFLX,DIS,VZ,AMZN,TSLA,HD,MCD,LOW,WMT,COST,PG,KO,PEP,PM,BRK-B,JPM,V;TMUS,CMCSA,BKNG,SBUX;;252;5;0,8;60;2,5;0,5;5,0;252,0;0,7338007202299812;0,0632556015742686;0,175309019602809;0,3608234289233064;-0,2190515478048916;0,0243255196815568;55;25,571428571428573;0,5405027932960894
usa;AAPL;priority;30;30;NVDA,MSFT,AVGO,ORCL,AMD,CSCO,QCOM,TXN,IBM,ACN,ADI,GOOGL,META,NFLX,DIS,VZ,AMZN,TSLA,HD,MCD,LOW,WMT,COST,PG,KO,PEP,PM,BRK-B,JPM,V;TMUS,CMCSA,BKNG,SBUX;;252;5;0,8;60;2,5;0,75;5,0;252,0;0,5359143736220549;0,0489904990427287;0,1626048740647063;0,3012855507838818;-0,2190515478048916;0,0252100840336134;57;20,103448275862068;0,5454545454545454
usa;AAPL;priority;30;30;NVDA,MSFT,AVGO,ORCL,AMD,CSCO,QCOM,TXN,IBM,ACN,ADI,GOOGL,META,NFLX,DIS,VZ,AMZN,TSLA,HD,MCD,LOW,WMT,COST,PG,KO,PEP,PM,BRK-B,JPM,V;TMUS,CMCSA,BKNG,SBUX;;252;5;0,8;60;2,5;1,0;5,0;252,0;0,5973019145243239;0,0535824347409517;0,1550595081728406;0,3455604585126429;-0,2190515478048915;0,02609464838567;59;15,033333333333331;0,5609756097560976
usa;AAPL;priority;30;30;NVDA,MSFT,AVGO,ORCL,AMD,CSCO,QCOM,TXN,IBM,ACN,ADI,GOOGL,META,NFLX,DIS,VZ,AMZN,TSLA,HD,MCD,LOW,WMT,COST,PG,KO,PEP,PM,BRK-B,JPM,V;TMUS,CMCSA,BKNG,SBUX;;252;5;0,8;60;3,0;0,25;5,0;252,0;0,5021527715687315;0,0463950813282043;0,1619188136521411;0,2865329870059288;-0,2190515478048916;0,0137107474568774;31;36,0625;0,5147313691507799
usa;AAPL;priority;30;30;NVDA,MSFT,AVGO,ORCL,AMD,CSCO,QCOM,TXN,IBM,ACN,ADI,GOOGL,META,NFLX,DIS,VZ,AMZN,TSLA,HD,MCD,LOW,WMT,COST,PG,KO,PEP,PM,BRK-B,JPM,V;TMUS,CMCSA,BKNG,SBUX;;252;5;0,8;60;3,0;0,5;5,0;252,0;0,3639850558497974;0,0352022801913527;0,1514136129372672;0,232490854081512;-0,2190515478048915;0,0137107474568774;31;26,125;0,5239234449760766
usa;AAPL;priority;30;30;NVDA,MSFT,AVGO,ORCL,AMD,CSCO,QCOM,TXN,IBM,ACN,ADI,GOOGL,META,NFLX,DIS,VZ,AMZN,TSLA,HD,MCD,LOW,WMT,COST,PG,KO,PEP,PM,BRK-B,JPM,V;TMUS,CMCSA,BKNG,SBUX;;252;5;0,8;60;3,0;0,75;5,0;252,0;0,3616238588687261;0,0350023943424788;0,1450634442156286;0,2412902473930633;-0,2190515478048915;0,0145953118089341;33;20,352941176470587;0,5202312138728323
usa;AAPL;priority;30;30;NVDA,MSFT,AVGO,ORCL,AMD,CSCO,QCOM,TXN,IBM,ACN,ADI,GOOGL,META,NFLX,DIS,VZ,AMZN,TSLA,HD,MCD,LOW,WMT,COST,PG,KO,PEP,PM,BRK-B,JPM,V;TMUS,CMCSA,BKNG,SBUX;;252;5;0,8;60;3,0;1,0;5,0;252,0;0,3736378223728502;0,0360162454295258;0,1405911401724869;0,2561772056570467;-0,2190515478048914;0,0145953118089341;33;15,823529411764708;0,5315985130111525
usa;AAPL;priority;30;30;NVDA,MSFT,AVGO,ORCL,AMD,CSCO,QCOM,TXN,IBM,ACN,ADI,GOOGL,META,NFLX,DIS,VZ,AMZN,TSLA,HD,MCD,LOW,WMT,COST,PG,KO,PEP,PM,BRK-B,JPM,V;TMUS,CMCSA,BKNG,SBUX;;252;10;0,8;60;1,0;0,25;5,0;252,0;1,2283548223128622;0,09341400656854;0,2570656365653367;0,3633858177882036;-0,3173588270694801;0,0588235294117647;121;25,119402985074625;0,5103980986333928
usa;AAPL;priority;30;30;NVDA,MSFT,AVGO,ORCL,AMD,CSCO,QCOM,TXN,IBM,ACN,ADI,GOOGL,META,NFLX,DIS,VZ,AMZN,TSLA,HD,MCD,LOW,WMT,COST,PG,KO,PEP,PM,BRK-B,JPM,V;TMUS,CMCSA,BKNG,SBUX;;252;10;0,8;60;1,0;0,5;5,0;252,0;0,5492100654484942;0,0499987092585447;0,2507392187339345;0,1994052207349326;-0,3468559346556276;0,0641309155241043;138;20,575342465753423;0,5086551264980027
usa;AAPL;priority;30;30;NVDA,MSFT,AVGO,ORCL,AMD,CSCO,QCOM,TXN,IBM,ACN,ADI,GOOGL,META,NFLX,DIS,VZ,AMZN,TSLA,HD,MCD,LOW,WMT,COST,PG,KO,PEP,PM,BRK-B,JPM,V;TMUS,CMCSA,BKNG,SBUX;;252;10;0,8;60;1,0;0,75;5,0;252,0;0,5727349664963715;0,0517639108627483;0,2415794784862399;0,2142727982819813;-0,2902434494938771;0,0862450243255196;193;13,673469387755102;0,5104477611940299
usa;AAPL;priority;30;30;NVDA,MSFT,AVGO,ORCL,AMD,CSCO,QCOM,TXN,IBM,ACN,ADI,GOOGL,META,NFLX,DIS,VZ,AMZN,TSLA,HD,MCD,LOW,WMT,COST,PG,KO,PEP,PM,BRK-B,JPM,V;TMUS,CMCSA,BKNG,SBUX;;252;10;0,8;60;1,5;0,25;5,0;252,0;2,434756984622235;0,1474356750648326;0,2478887909623322;0,5947653965815509;-0,3173585416396943;0,0482087571870853;101;27,272727272727273;0,5126666666666667
usa;AAPL;priority;30;30;NVDA,MSFT,AVGO,ORCL,AMD,CSCO,QCOM,TXN,IBM,ACN,ADI,GOOGL,META,NFLX,DIS,VZ,AMZN,TSLA,HD,MCD,LOW,WMT,COST,PG,KO,PEP,PM,BRK-B,JPM,V;TMUS,CMCSA,BKNG,SBUX;;252;10;0,8;60;1,5;0,5;5,0;252,0;1,4522079861455977;0,1051421708372188;0,2405779645355196;0,4370399052972924;-0,3173585416396943;0,0499778858911985;109;22,964912280701753;0,5103132161955691
usa;AAPL;priority;30;30;NVDA,MSFT,AVGO,ORCL,AMD,CSCO,QCOM,TXN,IBM,ACN,ADI,GOOGL,META,NFLX,DIS,VZ,AMZN,TSLA,HD,MCD,LOW,WMT,COST,PG,KO,PEP,PM,BRK-B,JPM,V;TMUS,CMCSA,BKNG,SBUX;;252;10;0,8;60;1,5;0,75;5,0;252,0;0,7462255441115375;0,0641021465764024;0,2288951506013389;0,2800502606018402;-0,2987665608172867;0,0544007076514816;122;17,870967741935484;0,5072202166064982
usa;AAPL;priority;30;30;NVDA,MSFT,AVGO,ORCL,AMD,CSCO,QCOM,TXN,IBM,ACN,ADI,GOOGL,META,NFLX,DIS,VZ,AMZN,TSLA,HD,MCD,LOW,WMT,COST,PG,KO,PEP,PM,BRK-B,JPM,V;TMUS,CMCSA,BKNG,SBUX;;252;10;0,8;60;1,5;1,0;5,0;252,0;0,5209417395202105;0,0478458004489013;0,2213535815350814;0,2161510110525065;-0,3165220459588077;0,0605926581158779;137;14,07246376811594;0,4984552008238929
usa;AAPL;priority;30;30;NVDA,MSFT,AVGO,ORCL,AMD,CSCO,QCOM,TXN,IBM,ACN,ADI,GOOGL,META,NFLX,DIS,VZ,AMZN,TSLA,HD,MCD,LOW,WMT,COST,PG,KO,PEP,PM,BRK-B,JPM,V;TMUS,CMCSA,BKNG,SBUX;;252;10;0,8;60;2,0;0,25;5,0;252,0;1,904196850713674;0,1261769095672278;0,2381870738529336;0,5297386945738902;-0,3173585416396942;0,037593984962406;80;28,697674418604652;0,5243111831442464
usa;AAPL;priority;30;30;NVDA,MSFT,AVGO,ORCL,AMD,CSCO,QCOM,TXN,IBM,ACN,ADI,GOOGL,META,NFLX,DIS,VZ,AMZN,TSLA,HD,MCD,LOW,WMT,COST,PG,KO,PEP,PM,BRK-B,JPM,V;TMUS,CMCSA,BKNG,SBUX;;252;10;0,8;60;2,0;0,5;5,0;252,0;1,2713933835076694;0,0957477894509741;0,2312737648829519;0,4140019491593969;-0,3173585416396941;0,0393631136665192;88;23,955555555555556;0,5241187384044527
usa;AAPL;priority;30;30;NVDA,MSFT,AVGO,ORCL,AMD,CSCO,QCOM,TXN,IBM,ACN,ADI,GOOGL,META,NFLX,DIS,VZ,AMZN,TSLA,HD,MCD,LOW,WMT,COST,PG,KO,PEP,PM,BRK-B,JPM,V;TMUS,CMCSA,BKNG,SBUX;;252;10;0,8;60;2,0;0,75;5,0;252,0;1,065022489884126;0,0841764665717761;0,2167361102481717;0,3883822888368285;-0,2767980617703484;0,042016806722689;94;17,333333333333332;0,5240384615384616
usa;AAPL;priority;30;30;NVDA,MSFT,AVGO,ORCL,AMD,CSCO,QCOM,TXN,IBM,ACN,ADI,GOOGL,META,NFLX,DIS,VZ,AMZN,TSLA,HD,MCD,LOW,WMT,COST,PG,KO,PEP,PM,BRK-B,JPM,V;TMUS,CMCSA,BKNG,SBUX;;252;10;0,8;60;2,0;1,0;5,0;252,0;0,8333132188546675;0,0698898602469657;0,2096645081776725;0,3333413979047905;-0,2767980617703485;0,0446704997788589;101;14,058823529411764;0,5216178521617852
usa;AAPL;priority;30;30;NVDA,MSFT,AVGO,ORCL,AMD,CSCO,QCOM,TXN,IBM,ACN,ADI,GOOGL,META,NFLX,DIS,VZ,AMZN,TSLA,HD,MCD,LOW,WMT,COST,PG,KO,PEP,PM,BRK-B,JPM,V;TMUS,CMCSA,BKNG,SBUX;;252;10;0,8;60;2,5;0,25;5,0;252,0;1,2305297464367122;0,0935328995267152;0,2139640103418768;0,4371431409294777;-0,3173585416396939;0,0234409553295002;51;32,25925925925926;0,5269804822043628
usa;AAPL;priority;30;30;NVDA,MSFT,AVGO,ORCL,AMD,CSCO,QCOM,TXN,IBM,ACN,ADI,GOOGL,META,NFLX,DIS,VZ,AMZN,TSLA,HD,MCD,LOW,WMT,COST,PG,KO,PEP,PM,BRK-B,JPM,V;TMUS,CMCSA,BKNG,SBUX;;252;10;0,8;60;2,5;0,5;5,0;252,0;0,7071608698543199;0,0614222169357439;0,2089993343302942;0,293887141471344;-0,3173585416396941;0,0234409553295002;53;28,11111111111111;0,5270092226613966
usa;AAPL;priority;30;30;NVDA,MSFT,AVGO,ORCL,AMD,CSCO,QCOM,TXN,IBM,ACN,ADI,GOOGL,META,NFLX,DIS,VZ,AMZN,TSLA,HD,MCD,LOW,WMT,COST,PG,KO,PEP,PM,BRK-B,JPM,V;TMUS,CMCSA,BKNG,SBUX;;252;10;0,8;60;2,5;0,75;5,0;252,0;0,6914484766209201;0,0603289188951416;0,1950905687691864;0,3092354452383469;-0,2767980617703484;0,0252100840336134;57;19,24137931034483;0,5340501792114696
usa;AAPL;priority;30;30;NVDA,MSFT,AVGO,ORCL,AMD,CSCO,QCOM,TXN,IBM,ACN,ADI,GOOGL,META,NFLX,DIS,VZ,AMZN,TSLA,HD,MCD,LOW,WMT,COST,PG,KO,PEP,PM,BRK-B,JPM,V;TMUS,CMCSA,BKNG,SBUX;;252;10;0,8;60;2,5;1,0;5,0;252,0;0,51133282784888;0,0471058866889815;0,1894379171271246;0,2486613419496717;-0,2767980617703486;0,02609464838567;59;15,966666666666669;0,5323590814196242
usa;AAPL;priority;30;30;NVDA,MSFT,AVGO,ORCL,AMD,CSCO,QCOM,TXN,IBM,ACN,ADI,GOOGL,META,NFLX,DIS,VZ,AMZN,TSLA,HD,MCD,LOW,WMT,COST,PG,KO,PEP,PM,BRK-B,JPM,V;TMUS,CMCSA,BKNG,SBUX;;252;10;0,8;60;3,0;0,25;5,0;252,0;0,3925129314669293;0,0375933018987613;0,1951044969299591;0,1926829083404314;-0,2767980617703484;0,0137107474568774;31;39,0625;0,5088
usa;AAPL;priority;30;30;NVDA,MSFT,AVGO,ORCL,AMD,CSCO,QCOM,TXN,IBM,ACN,ADI,GOOGL,META,NFLX,DIS,VZ,AMZN,TSLA,HD,MCD,LOW,WMT,COST,PG,KO,PEP,PM,BRK-B,JPM,V;TMUS,CMCSA,BKNG,SBUX;;252;10;0,8;60;3,0;0,5;5,0;252,0;0,2944088628987626;0,0291790537890652;0,1879946952670549;0,1552121124886801;-0,2767980617703484;0,0137107474568774;31;31,125;0,5120481927710844
usa;AAPL;priority;30;30;NVDA,MSFT,AVGO,ORCL,AMD,CSCO,QCOM,TXN,IBM,ACN,ADI,GOOGL,META,NFLX,DIS,VZ,AMZN,TSLA,HD,MCD,LOW,WMT,COST,PG,KO,PEP,PM,BRK-B,JPM,V;TMUS,CMCSA,BKNG,SBUX;;252;10;0,8;60;3,0;0,75;5,0;252,0;0,2768947218012654;0,0276175844740724;0,1786803419893395;0,1545642020078526;-0,2767980617703485;0,0145953118089341;33;21,647058823529413;0,5217391304347826
usa;AAPL;priority;30;30;NVDA,MSFT,AVGO,ORCL,AMD,CSCO,QCOM,TXN,IBM,ACN,ADI,GOOGL,META,NFLX,DIS,VZ,AMZN,TSLA,HD,MCD,LOW,WMT,COST,PG,KO,PEP,PM,BRK-B,JPM,V;TMUS,CMCSA,BKNG,SBUX;;252;10;0,8;60;3,0;1,0;5,0;252,0;0,2189875532347491;0,0223157650984417;0,1767103065054036;0,1262844569722898;-0,2767980617703485;0,0145953118089341;33;19,470588235294116;0,5196374622356495
usa;AAPL;priority;30;30;NVDA,MSFT,AVGO,ORCL,AMD,CSCO,QCOM,TXN,IBM,ACN,ADI,GOOGL,META,NFLX,DIS,VZ,AMZN,TSLA,HD,MCD,LOW,WMT,COST,PG,KO,PEP,PM,BRK-B,JPM,V;TMUS,CMCSA,BKNG,SBUX;;252;21;0,8;60;1,0;0,25;5,0;252,0;0,5321106516394587;0,0487006368254872;0,2721608832256769;0,1789406186821654;-0,46985719095582;0,053516143299425;112;27,737704918032787;0,5011820330969267
usa;AAPL;priority;30;30;NVDA,MSFT,AVGO,ORCL,AMD,CSCO,QCOM,TXN,IBM,ACN,ADI,GOOGL,META,NFLX,DIS,VZ,AMZN,TSLA,HD,MCD,LOW,WMT,COST,PG,KO,PEP,PM,BRK-B,JPM,V;TMUS,CMCSA,BKNG,SBUX;;252;21;0,8;60;1,0;0,5;5,0;252,0;0,5884032508285482;0,0529266162799779;0,2643398250893047;0,200221878266346;-0,4563413275064951;0,0641309155241043;140;20,73972602739726;0,5013210039630119
usa;AAPL;priority;30;30;NVDA,MSFT,AVGO,ORCL,AMD,CSCO,QCOM,TXN,IBM,ACN,ADI,GOOGL,META,NFLX,DIS,VZ,AMZN,TSLA,HD,MCD,LOW,WMT,COST,PG,KO,PEP,PM,BRK-B,JPM,V;TMUS,CMCSA,BKNG,SBUX;;252;21;0,8;60;1,0;0,75;5,0;252,0;0,8345784284627535;0,0699721283992391;0,2545267189027073;0,274910739041059;-0,4103388279882846;0,08093763821318;179;14,641304347826088;0,5003711952487008
usa;AAPL;priority;30;30;NVDA,MSFT,AVGO,ORCL,AMD,CSCO,QCOM,TXN,IBM,ACN,ADI,GOOGL,META,NFLX,DIS,VZ,AMZN,TSLA,HD,MCD,LOW,WMT,COST,PG,KO,PEP,PM,BRK-B,JPM,V;TMUS,CMCSA,BKNG,SBUX;;252;21;0,8;60;1,5;0,25;5,0;252,0;1,0512505046064322;0,0833681862386837;0,2631031909984865;0,316864975762165;-0,369484199774528;0,0446704997788589;93;29,254901960784313;0,5087131367292225
usa;AAPL;priority;30;30;NVDA,MSFT,AVGO,ORCL,AMD,CSCO,QCOM,TXN,IBM,ACN,ADI,GOOGL,META,NFLX,DIS,VZ,AMZN,TSLA,HD,MCD,LOW,WMT,COST,PG,KO,PEP,PM,BRK-B,JPM,V;TMUS,CMCSA,BKNG,SBUX;;252;21;0,8;60;1,5;0,5;5,0;252,0;0,7582957926297171;0,0649194235055592;0,2535757798625288;0,2560158684743236;-0,4358065569508664;0,0499778858911985;110;22,63157894736842;0,506201550387597
usa;AAPL;priority;30;30;NVDA,MSFT,AVGO,ORCL,AMD,CSCO,QCOM,TXN,IBM,ACN,ADI,GOOGL,META,NFLX,DIS,VZ,AMZN,TSLA,HD,MCD,LOW,WMT,COST,PG,KO,PEP,PM,BRK-B,JPM,V;TMUS,CMCSA,BKNG,SBUX;;252;21;0,8;60;1,5;0,75;5,0;252,0;1,476351701080305;0,1063496310172729;0,2430283382782172;0,4376017701093135;-0,3383086631702334;0,057938965059708;128;17,257575757575758;0,5127304653204565
usa;AAPL;priority;30;30;NVDA,MSFT,AVGO,ORCL,AMD,CSCO,QCOM,TXN,IBM,ACN,ADI,GOOGL,META,NFLX,DIS,VZ,AMZN,TSLA,HD,MCD,LOW,WMT,COST,PG,KO,PEP,PM,BRK-B,JPM,V;TMUS,CMCSA,BKNG,SBUX;;252;21;0,8;60;1,5;1,0;5,0;252,0;0,2720988604975687;0,0271866920898573;0,2090932233908816;0,1300218708620422;-0,3383086631702334;0,0632463511720477;143;13,52777777777778;0,5102669404517454
usa;AAPL;priority;30;30;NVDA,MSFT,AVGO,ORCL,AMD,CSCO,QCOM,TXN,IBM,ACN,ADI,GOOGL,META,NFLX,DIS,VZ,AMZN,TSLA,HD,MCD,LOW,WMT,COST,PG,KO,PEP,PM,BRK-B,JPM,V;TMUS,CMCSA,BKNG,SBUX;;252;21;0,8;60;2,0;0,25;5,0;252,0;0,5912170112421637;0,0531343384670086;0,2543913577813161;0,2088684888135422;-0,3625839268092878;0,0331711632021229;70;34,0;0,5123839009287926
usa;AAPL;priority;30;30;NVDA,MSFT,AVGO,ORCL,AMD,CSCO,QCOM,TXN,IBM,ACN,ADI,GOOGL,META,NFLX,DIS,VZ,AMZN,TSLA,HD,MCD,LOW,WMT,COST,PG,KO,PEP,PM,BRK-B,JPM,V;TMUS,CMCSA,BKNG,SBUX;;252;21;0,8;60;2,0;0,5;5,0;252,0;0,5947136495888872;0,0533920189018493;0,2418294324306653;0,2207837911423675;-0,3683597417107033;0,0367094206103494;81;25,047619047619047;0,5114068441064639
usa;AAPL;priority;30;30;NVDA,MSFT,AVGO,ORCL,AMD,CSCO,QCOM,TXN,IBM,ACN,ADI,GOOGL,META,NFLX,DIS,VZ,AMZN,TSLA,HD,MCD,LOW,WMT,COST,PG,KO,PEP,PM,BRK-B,JPM,V;TMUS,CMCSA,BKNG,SBUX;;252;21;0,8;60;2,0;0,75;5,0;252,0;1,0121514205515454;0,0810468899990819;0,2284647649229361;0,3547456870490292;-0,3032076954132753;0,0393631136665192;87;20,288888888888888;0,5147864184008762
usa;AAPL;priority;30;30;NVDA,MSFT,AVGO,ORCL,AMD,CSCO,QCOM,TXN,IBM,ACN,ADI,GOOGL,META,NFLX,DIS,VZ,AMZN,TSLA,HD,MCD,LOW,WMT,COST,PG,KO,PEP,PM,BRK-B,JPM,V;TMUS,CMCSA,BKNG,SBUX;;252;21;0,8;60;2,0;1,0;5,0;252,0;0,1688401676696254;0,0175403855535967;0,1886090841434679;0,0929986253485775;-0,3314718297826409;0,0411322423706324;93;15,425531914893616;0,5158620689655172
usa;AAPL;priority;30;30;NVDA,MSFT,AVGO,ORCL,AMD,CSCO,QCOM,TXN,IBM,ACN,ADI,GOOGL,META,NFLX,DIS,VZ,AMZN,TSLA,HD,MCD,LOW,WMT,COST,PG,KO,PEP,PM,BRK-B,JPM,V;TMUS,CMCSA,BKNG,SBUX;;252;21;0,8;60;2,5;0,25;5,0;252,0;0,790827646345502;0,0670975864346754;0,2367552085078129;0,2834049010265437;-0,3032076954132755;0,0243255196815568;53;36,892857142857146;0,5179090029041626
usa;AAPL;priority;30;30;NVDA,MSFT,AVGO,ORCL,AMD,CSCO,QCOM,TXN,IBM,ACN,ADI,GOOGL,META,NFLX,DIS,VZ,AMZN,TSLA,HD,MCD,LOW,WMT,COST,PG,KO,PEP,PM,BRK-B,JPM,V;TMUS,CMCSA,BKNG,SBUX;;252;21;0,8;60;2,5;0,5;5,0;252,0;0,3570007377375974;0,0346101330390087;0,2219571400318833;0,1559316047865687;-0,3312275747428977;0,0243255196815568;55;27,678571428571427;0,52
usa;AAPL;priority;30;30;NVDA,MSFT,AVGO,ORCL,AMD,CSCO,QCOM,TXN,IBM,ACN,ADI,GOOGL,META,NFLX,DIS,VZ,AMZN,TSLA,HD,MCD,LOW,WMT,COST,PG,KO,PEP,PM,BRK-B,JPM,V;TMUS,CMCSA,BKNG,SBUX;;252;21;0,8;60;2,5;0,75;5,0;252,0;0,7316545394761564;0,0631088293986572;0,2085870612839443;0,3025539024817497;-0,3032076954132754;0,0252100840336134;57;22,82758620689655;0,525679758308157
usa;AAPL;priority;30;30;NVDA,MSFT,AVGO,ORCL,AMD,CSCO,QCOM,TXN,IBM,ACN,ADI,GOOGL,META,NFLX,DIS,VZ,AMZN,TSLA,HD,MCD,LOW,WMT,COST,PG,KO,PEP,PM,BRK-B,JPM,V;TMUS,CMCSA,BKNG,SBUX;;252;21;0,8;60;2,5;1,0;5,0;252,0;0,0346028700269183;0,0037986377651491;0,1659550219292758;0,0228895620089637;-0,34079511477369;0,0252100840336134;57;17,20689655172414;0,5210420841683366
usa;AAPL;priority;30;30;NVDA,MSFT,AVGO,ORCL,AMD,CSCO,QCOM,TXN,IBM,ACN,ADI,GOOGL,META,NFLX,DIS,VZ,AMZN,TSLA,HD,MCD,LOW,WMT,COST,PG,KO,PEP,PM,BRK-B,JPM,V;TMUS,CMCSA,BKNG,SBUX;;252;21;0,8;60;3,0;0,25;5,0;252,0;0,7346354318803605;0,0633126419111418;0,2131540860527747;0,2970275779534729;-0,3839687764605509;0,0119416187527642;27;41,142857142857146;0,5347222222222222
usa;AAPL;priority;30;30;NVDA,MSFT,AVGO,ORCL,AMD,CSCO,QCOM,TXN,IBM,ACN,ADI,GOOGL,META,NFLX,DIS,VZ,AMZN,TSLA,HD,MCD,LOW,WMT,COST,PG,KO,PEP,PM,BRK-B,JPM,V;TMUS,CMCSA,BKNG,SBUX;;252;21;0,8;60;3,0;0,5;5,0;252,0;0,3876704192559637;0,0371905194375978;0,2004436615843919;0,1855410100954463;-0,410342347137045;0,0119416187527642;27;29,857142857142858;0,5287081339712919
usa;AAPL;priority;30;30;NVDA,MSFT,AVGO,ORCL,AMD,CSCO,QCOM,TXN,IBM,ACN,ADI,GOOGL,META,NFLX,DIS,VZ,AMZN,TSLA,HD,MCD,LOW,WMT,COST,PG,KO,PEP,PM,BRK-B,JPM,V;TMUS,CMCSA,BKNG,SBUX;;252;21;0,8;60;3,0;0,75;5,0;252,0;0,8309056230349252;0,0697331708961528;0,1860441748445841;0,3748205013911663;-0,3268751211371093;0,0128261831048208;29;22,0;0,5424242424242425
usa;AAPL;priority;30;30;NVDA,MSFT,AVGO,ORCL,AMD,CSCO,QCOM,TXN,IBM,ACN,ADI,GOOGL,META,NFLX,DIS,VZ,AMZN,TSLA,HD,MCD,LOW,WMT,COST,PG,KO,PEP,PM,BRK-B,JPM,V;TMUS,CMCSA,BKNG,SBUX;;252;21;0,8;60;3,0;1,0;5,0;252,0;0,3568104904632874;0,0345939655670104;0,1431259057291206;0,2417030333591936;-0,3345977297489589;0,0128261831048208;29;13,933333333333334;0,5550239234449761
usa;AAPL;priority;30;30;NVDA,MSFT,AVGO,ORCL,AMD,CSCO,QCOM,TXN,IBM,ACN,ADI,GOOGL,META,NFLX,DIS,VZ,AMZN,TSLA,HD,MCD,LOW,WMT,COST,PG,KO,PEP,PM,BRK-B,JPM,V;TMUS,CMCSA,BKNG,SBUX;;252;63;0,8;60;1,0;0,25;5,0;252,0;0,9158727808960644;0,075155318286801;0,3004366806777827;0,2501536034722898;-0,5296182449588313;0,0530738611233967;105;29,1;0,497709049255441
usa;AAPL;priority;30;30;NVDA,MSFT,AVGO,ORCL,AMD,CSCO,QCOM,TXN,IBM,ACN,ADI,GOOGL,META,NFLX,DIS,VZ,AMZN,TSLA,HD,MCD,LOW,WMT,COST,PG,KO,PEP,PM,BRK-B,JPM,V;TMUS,CMCSA,BKNG,SBUX;;252;63;0,8;60;1,0;0,5;5,0;252,0;0,4814283709125486;0,0447761046639623;0,2874621802731908;0,1557634629411394;-0,5451758193170848;0,0601503759398496;126;23,970588235294116;0,4932515337423312
usa;AAPL;priority;30;30;NVDA,MSFT,AVGO,ORCL,AMD,CSCO,QCOM,TXN,IBM,ACN,ADI,GOOGL,META,NFLX,DIS,VZ,AMZN,TSLA,HD,MCD,LOW,WMT,COST,PG,KO,PEP,PM,BRK-B,JPM,V;TMUS,CMCSA,BKNG,SBUX;;252;63;0,8;60;1,0;0,75;5,0;252,0;0,6677689532956113;0,0586640829439304;0,2823116767793309;0,2077989958232767;-0,5201365840377009;0,0743034055727554;158;17,5;0,4959183673469388
usa;AAPL;priority;30;30;NVDA,MSFT,AVGO,ORCL,AMD,CSCO,QCOM,TXN,IBM,ACN,ADI,GOOGL,META,NFLX,DIS,VZ,AMZN,TSLA,HD,MCD,LOW,WMT,COST,PG,KO,PEP,PM,BRK-B,JPM,V;TMUS,CMCSA,BKNG,SBUX;;252;63;0,8;60;1,5;0,25;5,0;252,0;0,5447418935889199;0,0496607491488663;0,2942259247722495;0,1687844101001876;-0,4948335759640422;0,0415745245466607;84;33,638297872340424;0,4965211891208096
usa;AAPL;priority;30;30;NVDA,MSFT,AVGO,ORCL,AMD,CSCO,QCOM,TXN,IBM,ACN,ADI,GOOGL,META,NFLX,DIS,VZ,AMZN,TSLA,HD,MCD,LOW,WMT,COST,PG,KO,PEP,PM,BRK-B,JPM,V;TMUS,CMCSA,BKNG,SBUX;;252;63;0,8;60;1,5;0,5;5,0;252,0;0,5715094031807773;0,0516725313464285;0,2825126297314713;0,1829034383189997;-0,5075401220477418;0,0468819106590004;98;27,849056603773583;0,4979674796747967
usa;AAPL;priority;30;30;NVDA,MSFT,AVGO,ORCL,AMD,CSCO,QCOM,TXN,IBM,ACN,ADI,GOOGL,META,NFLX,DIS,VZ,AMZN,TSLA,HD,MCD,LOW,WMT,COST,PG,KO,PEP,PM,BRK-B,JPM,V;TMUS,CMCSA,BKNG,SBUX;;252;63;0,8;60;1,5;0,75;5,0;252,0;0,6081475083116061;0,054377363747931;0,2749778619880912;0,1977517875613055;-0,4996917580249626;0,0504201680672268;106;22,649122807017545;0,5011618900077459
usa;AAPL;priority;30;30;NVDA,MSFT,AVGO,ORCL,AMD,CSCO,QCOM,TXN,IBM,ACN,ADI,GOOGL,META,NFLX,DIS,VZ,AMZN,TSLA,HD,MCD,LOW,WMT,COST,PG,KO,PEP,PM,BRK-B,JPM,V;TMUS,CMCSA,BKNG,SBUX;;252;63;0,8;60;1,5;1,0;5,0;252,0;0,1341892778267781;0,0141331577412613;0,2509003253960222;0,0563297704734081;-0,5576537271763767;0,059265811587793;129;17,059701492537314;0,4943132108486439
usa;AAPL;priority;30;30;NVDA,MSFT,AVGO,ORCL,AMD,CSCO,QCOM,TXN,IBM,ACN,ADI,GOOGL,META,NFLX,DIS,VZ,AMZN,TSLA,HD,MCD,LOW,WMT,COST,PG,KO,PEP,PM,BRK-B,JPM,V;TMUS,CMCSA,BKNG,SBUX;;252;63;0,8;60;2,0;0,25;5,0;252,0;0,3356918981072567;0,0327866329753505;0,2555117383680982;0,1283175214757339;-0,4540768692399887;0,031844316674038;67;33,22222222222222;0,4941471571906354
usa;AAPL;priority;30;30;NVDA,MSFT,AVGO,ORCL,AMD,CSCO,QCOM,TXN,IBM,ACN,ADI,GOOGL,META,NFLX,DIS,VZ,AMZN,TSLA,HD,MCD,LOW,WMT,COST,PG,KO,PEP,PM,BRK-B,JPM,V;TMUS,CMCSA,BKNG,SBUX;;252;63;0,8;60;2,0;0,5;5,0;252,0;0,0963886152686552;0,0103090647327772;0,2515830846968593;0,0409767800772416;-0,4875036230308724;0,031844316674038;68;30,916666666666668;0,4887690925426775
usa;AAPL;priority;30;30;NVDA,MSFT,AVGO,ORCL,AMD,CSCO,QCOM,TXN,IBM,ACN,ADI,GOOGL,META,NFLX,DIS,VZ,AMZN,TSLA,HD,MCD,LOW,WMT,COST,PG,KO,PEP,PM,BRK-B,JPM,V;TMUS,CMCSA,BKNG,SBUX;;252;63;0,8;60;2,0;0,75;5,0;252,0;0,2734933434792403;0,0273121304316381;0,2452793319157061;0,111351128602325;-0,4432744790872708;0,0344980097302078;74;25,256410256410255;0,4974619289340101
usa;AAPL;priority;30;30;NVDA,MSFT,AVGO,ORCL,AMD,CSCO,QCOM,TXN,IBM,ACN,ADI,GOOGL,META,NFLX,DIS,VZ,AMZN,TSLA,HD,MCD,LOW,WMT,COST,PG,KO,PEP,PM,BRK-B,JPM,V;TMUS,CMCSA,BKNG,SBUX;;252;63;0,8;60;2,0;1,0;5,0;252,0;0,0806875396547794;0,0086861395990052;0,2312371113553101;0,0375637783576115;-0,4926091553609244;0,0380362671384343;84;19,0;0,4932680538555691
usa;AAPL;priority;30;30;NVDA,MSFT,AVGO,ORCL,AMD,CSCO,QCOM,TXN,IBM,ACN,ADI,GOOGL,META,NFLX,DIS,VZ,AMZN,TSLA,HD,MCD,LOW,WMT,COST,PG,KO,PEP,PM,BRK-B,JPM,V;TMUS,CMCSA,BKNG,SBUX;;252;63;0,8;60;2,5;0,25;5,0;252,0;0,3940198544049442;0,0377183883406537;0,2268731828413589;0,1662531810426812;-0,3761321398774068;0,0194604157452454;41;36,22727272727273;0,5043914680050188
usa;AAPL;priority;30;30;NVDA,MSFT,AVGO,ORCL,AMD,CSCO,QCOM,TXN,IBM,ACN,ADI,GOOGL,META,NFLX,DIS,VZ,AMZN,TSLA,HD,MCD,LOW,WMT,COST,PG,KO,PEP,PM,BRK-B,JPM,V;TMUS,CMCSA,BKNG,SBUX;;252;63;0,8;60;2,5;0,5;5,0;252,0;0,2236726661332393;0,0227529502573082;0,2236048364914978;0,1017551794241866;-0,383255372713856;0,0194604157452454;42;33,45454545454545;0,4972826086956521
usa;AAPL;priority;30;30;NVDA,MSFT,AVGO,ORCL,AMD,CSCO,QCOM,TXN,IBM,ACN,ADI,GOOGL,META,NFLX,DIS,VZ,AMZN,TSLA,HD,MCD,LOW,WMT,COST,PG,KO,PEP,PM,BRK-B,JPM,V;TMUS,CMCSA,BKNG,SBUX;;252;63;0,8;60;2,5;0,75;5,0;252,0;-0,0586294199005388;-0,0067113173477824;0,2150518708260022;-0,0312079003172797;-0,4192029428118711;0,0194604157452454;43;28,0;0,4967532467532468
usa;AAPL;priority;30;30;NVDA,MSFT,AVGO,ORCL,AMD,CSCO,QCOM,TXN,IBM,ACN,ADI,GOOGL,META,NFLX,DIS,VZ,AMZN,TSLA,HD,MCD,LOW,WMT,COST,PG,KO,PEP,PM,BRK-B,JPM,V;TMUS,CMCSA,BKNG,SBUX;;252;63;0,8;60;2,5;1,0;5,0;252,0;0,0405053279066283;0,0044352977978447;0,2098945072095625;0,0211310808310791;-0,3977857483005513;0,0212295444493586;47;21,708333333333332;0,4932821497120921
usa;AAPL;priority;30;30;NVDA,MSFT,AVGO,ORCL,AMD,CSCO,QCOM,TXN,IBM,ACN,ADI,GOOGL,META,NFLX,DIS,VZ,AMZN,TSLA,HD,MCD,LOW,WMT,COST,PG,KO,PEP,PM,BRK-B,JPM,V;TMUS,CMCSA,BKNG,SBUX;;252;63;0,8;60;3,0;0,25;5,0;252,0;0,8024196349196988;0,0678652353166084;0,2216047191674873;0,3062445401504126;-0,3154848947337056;0,0141530296329057;31;39,6875;0,5181102362204725
usa;AAPL;priority;30;30;NVDA,MSFT,AVGO,ORCL,AMD,CSCO,QCOM,TXN,IBM,ACN,ADI,GOOGL,META,NFLX,DIS,VZ,AMZN,TSLA,HD,MCD,LOW,WMT,COST,PG,KO,PEP,PM,BRK-B,JPM,V;TMUS,CMCSA,BKNG,SBUX;;252;63;0,8;60;3,0;0,5;5,0;252,0;0,6309702397807411;0,0560347175362145;0,2166563760441071;0,2586340571154342;-0,3154566494836203;0,0141530296329057;32;35,6875;0,5131348511383538
usa;AAPL;priority;30;30;NVDA,MSFT,AVGO,ORCL,AMD,CSCO,QCOM,TXN,IBM,ACN,ADI,GOOGL,META,NFLX,DIS,VZ,AMZN,TSLA,HD,MCD,LOW,WMT,COST,PG,KO,PEP,PM,BRK-B,JPM,V;TMUS,CMCSA,BKNG,SBUX;;252;63;0,8;60;3,0;0,75;5,0;252,0;0,2249737065000279;0,0228740912634426;0,2047033542718242;0,1117426304264085;-0,3211459892548742;0,0141530296329057;32;25,5;0,5098039215686274
usa;AAPL;priority;30;30;NVDA,MSFT,AVGO,ORCL,AMD,CSCO,QCOM,TXN,IBM,ACN,ADI,GOOGL,META,NFLX,DIS,VZ,AMZN,TSLA,HD,MCD,LOW,WMT,COST,PG,KO,PEP,PM,BRK-B,JPM,V;TMUS,CMCSA,BKNG,SBUX;;252;63;0,8;60;3,0;1,0;5,0;252,0;0,2481074695416589;0,025009227583;0,2011457800633173;0,1243338417297522;-0,3257458654889421;0,0150375939849624;34;21,294117647058822;0,5027624309392266
usa;BRK.B;priority;30;30;NVDA,AAPL,MSFT,AVGO,ORCL,AMD,CSCO,QCOM,TXN,IBM,ACN,ADI,GOOGL,META,NFLX,DIS,VZ,AMZN,TSLA,HD,MCD,LOW,WMT,COST,PG,KO,PEP,PM,JPM,V;TMUS,CMCSA,BKNG,SBUX;;252;5;0,8;60;1,0;0,25;5,0;252,0;1,1376011468260296;0,0883585996372273;0,1406480097127092;0,6282250265589295;-0,1936898555782981;0,0628040689960194;136;21,169014084507044;0,520292747837658
usa;BRK.B;priority;30;30;NVDA,AAPL,MSFT,AVGO,ORCL,AMD,CSCO,QCOM,TXN,IBM,ACN,ADI,GOOGL,META,NFLX,DIS,VZ,AMZN,TSLA,HD,MCD,LOW,WMT,COST,PG,KO,PEP,PM,JPM,V;TMUS,CMCSA,BKNG,SBUX;;252;5;0,8;60;1,0;0,5;5,0;252,0;0,9987052019474452;0,0802393260945779;0,13659803689989;0,5874120003158153;-0,193436359899858;0,0707651481645289;158;17,4125;0,5161521895190236
usa;BRK.B;priority;30;30;NVDA,AAPL,MSFT,AVGO,ORCL,AMD,CSCO,QCOM,TXN,IBM,ACN,ADI,GOOGL,META,NFLX,DIS,VZ,AMZN,TSLA,HD,MCD,LOW,WMT,COST,PG,KO,PEP,PM,JPM,V;TMUS,CMCSA,BKNG,SBUX;;252;5;0,8;60;1,0;0,75;5,0;252,0;0,5990341030740167;0,0537097168916245;0,1282163532242225;0,41889911498027;-0,2076104206174555;0,0875718708536046;197;12,555555555555555;0,5140788415124699
usa;BRK.B;priority;30;30;NVDA,AAPL,MSFT,AVGO,ORCL,AMD,CSCO,QCOM,TXN,IBM,ACN,ADI,GOOGL,META,NFLX,DIS,VZ,AMZN,TSLA,HD,MCD,LOW,WMT,COST,PG,KO,PEP,PM,JPM,V;TMUS,CMCSA,BKNG,SBUX;;252;5;0,8;60;1,5;0,25;5,0;252,0;1,2858312427209908;0,0965218906816562;0,1319889796921385;0,7312874976895158;-0,131391416352316;0,0486510393631136;106;23,181818181818183;0,5254901960784314
usa;BRK.B;priority;30;30;NVDA,AAPL,MSFT,AVGO,ORCL,AMD,CSCO,QCOM,TXN,IBM,ACN,ADI,GOOGL,META,NFLX,DIS,VZ,AMZN,TSLA,HD,MCD,LOW,WMT,COST,PG,KO,PEP,PM,JPM,V;TMUS,CMCSA,BKNG,SBUX;;252;5;0,8;60;1,5;0,5;5,0;252,0;1,147465103532982;0,0889172084715905;0,1267661817144708;0,7014268890094713;-0,1612943754299218;0,0513047324192835;115;19,91379310344828;0,522077922077922
usa;BRK.B;priority;30;30;NVDA,AAPL,MSFT,AVGO,ORCL,AMD,CSCO,QCOM,TXN,IBM,ACN,ADI,GOOGL,META,NFLX,DIS,VZ,AMZN,TSLA,HD,MCD,LOW,WMT,COST,PG,KO,PEP,PM,JPM,V;TMUS,CMCSA,BKNG,SBUX;;252;5;0,8;60;1,5;0,75;5,0;252,0;0,7297780844544606;0,0629803706230778;0,1144159812075603;0,5504508195304122;-0,162155687080397;0,0566121185316231;127;15,625;0,522
usa;BRK.B;priority;30;30;NVDA,AAPL,MSFT,AVGO,ORCL,AMD,CSCO,QCOM,TXN,IBM,ACN,ADI,GOOGL,META,NFLX,DIS,VZ,AMZN,TSLA,HD,MCD,LOW,WMT,COST,PG,KO,PEP,PM,JPM,V;TMUS,CMCSA,BKNG,SBUX;;252;5;0,8;60;1,5;1,0;5,0;252,0;0,3043459349896615;0,0300566631916319;0,1038778205493211;0,2893463015751377;-0,2129461792292258;0,0628040689960194;142;12,225352112676056;0,5138248847926268
usa;BRK.B;priority;30;30;NVDA,AAPL,MSFT,AVGO,ORCL,AMD,CSCO,QCOM,TXN,IBM,ACN,ADI,GOOGL,META,NFLX,DIS,VZ,AMZN,TSLA,HD,MCD,LOW,WMT,COST,PG,KO,PEP,PM,JPM,V;TMUS,CMCSA,BKNG,SBUX;;252;5;0,8;60;2,0;0,25;5,0;252,0;0,8729919869371601;0,0724462140835959;0,1201485244199301;0,6029721499565803;-0,1313914163523161;0,0336134453781512;75;27,394736842105264;0,5235350624399616
usa;BRK.B;priority;30;30;NVDA,AAPL,MSFT,AVGO,ORCL,AMD,CSCO,QCOM,TXN,IBM,ACN,ADI,GOOGL,META,NFLX,DIS,VZ,AMZN,TSLA,HD,MCD,LOW,WMT,COST,PG,KO,PEP,PM,JPM,V;TMUS,CMCSA,BKNG,SBUX;;252;5;0,8;60;2,0;0,5;5,0;252,0;0,9873633597868764;0,0795543865460868;0,1145642963564256;0,6944081976341209;-0,1245840815786953;0,0353825740822644;79;23,225;0,5231431646932185
usa;BRK.B;priority;30;30;NVDA,AAPL,MSFT,AVGO,ORCL,AMD,CSCO,QCOM,TXN,IBM,ACN,ADI,GOOGL,META,NFLX,DIS,VZ,AMZN,TSLA,HD,MCD,LOW,WMT,COST,PG,KO,PEP,PM,JPM,V;TMUS,CMCSA,BKNG,SBUX;;252;5;0,8;60;2,0;0,75;5,0;252,0;0,8094644444107728;0,0683296188766626;0,1016462271277899;0,6722297600948679;-0,1237468664465034;0,0380362671384343;85;17,906976744186046;0,5298701298701298
usa;BRK.B;priority;30;30;NVDA,AAPL,MSFT,AVGO,ORCL,AMD,CSCO,QCOM,TXN,IBM,ACN,ADI,GOOGL,META,NFLX,DIS,VZ,AMZN,TSLA,HD,MCD,LOW,WMT,COST,PG,KO,PEP,PM,JPM,V;TMUS,CMCSA,BKNG,SBUX;;252;5;0,8;60;2,0;1,0;5,0;252,0;0,4834811679512343;0,0449373626953706;0,0912101746494797;0,4926792747417127;-0,1008743441164461;0,0398053958425475;90;14,822222222222225;0,5247376311844077
usa;BRK.B;priority;30;30;NVDA,AAPL,MSFT,AVGO,ORCL,AMD,CSCO,QCOM,TXN,IBM,ACN,ADI,GOOGL,META,NFLX,DIS,VZ,AMZN,TSLA,HD,MCD,LOW,WMT,COST,PG,KO,PEP,PM,JPM,V;TMUS,CMCSA,BKNG,SBUX;;252;5;0,8;60;2,5;0,25;5,0;252,0;0,5073898185980101;0,0468010535474214;0,108516287527408;0,4312813736426515;-0,1473784850927278;0,0212295444493586;48;29,666666666666668;0,5112359550561798
usa;BRK.B;priority;30;30;NVDA,AAPL,MSFT,AVGO,ORCL,AMD,CSCO,QCOM,TXN,IBM,ACN,ADI,GOOGL,META,NFLX,DIS,VZ,AMZN,TSLA,HD,MCD,LOW,WMT,COST,PG,KO,PEP,PM,JPM,V;TMUS,CMCSA,BKNG,SBUX;;252;5;0,8;60;2,5;0,5;5,0;252,0;0,5672447995908041;0,0513540629302977;0,1028140815540769;0,499484721879144;-0,1351672103592455;0,0221141088014153;50;25,28;0,5110759493670886
usa;BRK.B;priority;30;30;NVDA,AAPL,MSFT,AVGO,ORCL,AMD,CSCO,QCOM,TXN,IBM,ACN,ADI,GOOGL,META,NFLX,DIS,VZ,AMZN,TSLA,HD,MCD,LOW,WMT,COST,PG,KO,PEP,PM,JPM,V;TMUS,CMCSA,BKNG,SBUX;;252;5;0,8;60;2,5;0,75;5,0;252,0;0,6704853644276214;0,0588561282600936;0,0895815683475993;0,6570115855944483;-0,1242967647964367;0,0247678018575851;56;17,892857142857142;0,5329341317365269
usa;BRK.B;priority;30;30;NVDA,AAPL,MSFT,AVGO,ORCL,AMD,CSCO,QCOM,TXN,IBM,ACN,ADI,GOOGL,META,NFLX,DIS,VZ,AMZN,TSLA,HD,MCD,LOW,WMT,COST,PG,KO,PEP,PM,JPM,V;TMUS,CMCSA,BKNG,SBUX;;252;5;0,8;60;2,5;1,0;5,0;252,0;0,4649353384270365;0,0434732350097113;0,0808076005791426;0,5379844803971602;-0,1083232540206066;0,0256523662096417;58;15,275862068965518;0,5304740406320542
usa;BRK.B;priority;30;30;NVDA,AAPL,MSFT,AVGO,ORCL,AMD,CSCO,QCOM,TXN,IBM,ACN,ADI,GOOGL,META,NFLX,DIS,VZ,AMZN,TSLA,HD,MCD,LOW,WMT,COST,PG,KO,PEP,PM,JPM,V;TMUS,CMCSA,BKNG,SBUX;;252;5;0,8;60;3,0;0,25;5,0;252,0;0,5652868274920011;0,0512075891778116;0,0694883306474253;0,736923576961896;-0,106227453906661;0,0132684652808491;30;27,733333333333334;0,53125
usa;BRK.B;priority;30;30;NVDA,AAPL,MSFT,AVGO,ORCL,AMD,CSCO,QCOM,TXN,IBM,ACN,ADI,GOOGL,META,NFLX,DIS,VZ,AMZN,TSLA,HD,MCD,LOW,WMT,COST,PG,KO,PEP,PM,JPM,V;TMUS,CMCSA,BKNG,SBUX;;252;5;0,8;60;3,0;0,5;5,0;252,0;0,5688674866154628;0,051475331209623;0,06444214896647;0,7987835917204773;-0,0647253559799942;0,0132684652808491;30;21,933333333333337;0,5440729483282675
usa;BRK.B;priority;30;30;NVDA,AAPL,MSFT,AVGO,ORCL,AMD,CSCO,QCOM,TXN,IBM,ACN,ADI,GOOGL,META,NFLX,DIS,VZ,AMZN,TSLA,HD,MCD,LOW,WMT,COST,PG,KO,PEP,PM,JPM,V;TMUS,CMCSA,BKNG,SBUX;;252;5;0,8;60;3,0;0,75;5,0;252,0;0,5319451580678232;0,0486880108962972;0,0580584972882325;0,8386026709335008;-0,0647253559799942;0,0132684652808491;30;15,866666666666667;0,5798319327731093
usa;BRK.B;priority;30;30;NVDA,AAPL,MSFT,AVGO,ORCL,AMD,CSCO,QCOM,TXN,IBM,ACN,ADI,GOOGL,META,NFLX,DIS,VZ,AMZN,TSLA,HD,MCD,LOW,WMT,COST,PG,KO,PEP,PM,JPM,V;TMUS,CMCSA,BKNG,SBUX;;252;5;0,8;60;3,0;1,0;5,0;252,0;0,3705042758271311;0,0357525691816196;0,0482956168734073;0,7402860030825232;-0,0701602896440676;0,0132684652808491;30;14,333333333333334;0,5767441860465117
usa;BRK.B;priority;30;30;NVDA,AAPL,MSFT,AVGO,ORCL,AMD,CSCO,QCOM,TXN,IBM,ACN,ADI,GOOGL,META,NFLX,DIS,VZ,AMZN,TSLA,HD,MCD,LOW,WMT,COST,PG,KO,PEP,PM,JPM,V;TMUS,CMCSA,BKNG,SBUX;;252;10;0,8;60;1,0;0,25;5,0;252,0;0,9331049811853214;0,0762288531307913;0,1466886179316595;0,5196644034529346;-0,1903084294834909;0,0588235294117647;129;22,895522388059703;0,5136897001303781
usa;BRK.B;priority;30;30;NVDA,AAPL,MSFT,AVGO,ORCL,AMD,CSCO,QCOM,TXN,IBM,ACN,ADI,GOOGL,META,NFLX,DIS,VZ,AMZN,TSLA,HD,MCD,LOW,WMT,COST,PG,KO,PEP,PM,JPM,V;TMUS,CMCSA,BKNG,SBUX;;252;10;0,8;60;1,0;0,5;5,0;252,0;0,87392208898066;0,0725055577512179;0,1423332410624468;0,5094070591662216;-0,2069747440209045;0,0707651481645289;159;17,2375;0,5134155184916607
usa;BRK.B;priority;30;30;NVDA,AAPL,MSFT,AVGO,ORCL,AMD,CSCO,QCOM,TXN,IBM,ACN,ADI,GOOGL,META,NFLX,DIS,VZ,AMZN,TSLA,HD,MCD,LOW,WMT,COST,PG,KO,PEP,PM,JPM,V;TMUS,CMCSA,BKNG,SBUX;;252;10;0,8;60;1,0;0,75;5,0;252,0;0,6946723372099439;0,0605539748979395;0,1374193227960312;0,4406510937899077;-0,2105140748029457;0,0849181777974347;191;13,03125;0,5123900879296562
usa;BRK.B;priority;30;30;NVDA,AAPL,MSFT,AVGO,ORCL,AMD,CSCO,QCOM,TXN,IBM,ACN,ADI,GOOGL,META,NFLX,DIS,VZ,AMZN,TSLA,HD,MCD,LOW,WMT,COST,PG,KO,PEP,PM,JPM,V;TMUS,CMCSA,BKNG,SBUX;;252;10;0,8;60;1,5;0,25;5,0;252,0;1,3582649040541566;0,1003411309025641;0,137531109133305;0,7295886111505604;-0,1426479273737477;0,0473241928350287;103;24,12962962962963;0,5149654643131235
usa;BRK.B;priority;30;30;NVDA,AAPL,MSFT,AVGO,ORCL,AMD,CSCO,QCOM,TXN,IBM,ACN,ADI,GOOGL,META,NFLX,DIS,VZ,AMZN,TSLA,HD,MCD,LOW,WMT,COST,PG,KO,PEP,PM,JPM,V;TMUS,CMCSA,BKNG,SBUX;;252;10;0,8;60;1,5;0,5;5,0;252,0;1,3581140699627117;0,1003332867399089;0,1329512059830968;0,7546624793509971;-0,1426479273737481;0,0539584254754533;121;18,442622950819672;0,5173333333333333
usa;BRK.B;priority;30;30;NVDA,AAPL,MSFT,AVGO,ORCL,AMD,CSCO,QCOM,TXN,IBM,ACN,ADI,GOOGL,META,NFLX,DIS,VZ,AMZN,TSLA,HD,MCD,LOW,WMT,COST,PG,KO,PEP,PM,JPM,V;TMUS,CMCSA,BKNG,SBUX;;252;10;0,8;60;1,5;0,75;5,0;252,0;0,9198538749041476;0,0754040930718631;0,1276683718648566;0,5906246940446782;-0,1512334532464451;0,0566121185316231;127;15,734375;0,5163853028798411
usa;BRK.B;priority;30;30;NVDA,AAPL,MSFT,AVGO,ORCL,AMD,CSCO,QCOM,TXN,IBM,ACN,ADI,GOOGL,META,NFLX,DIS,VZ,AMZN,TSLA,HD,MCD,LOW,WMT,COST,PG,KO,PEP,PM,JPM,V;TMUS,CMCSA,BKNG,SBUX;;252;10;0,8;60;1,5;1,0;5,0;252,0;0,473613779328883;0,0441604051312234;0,1190103214617425;0,3710636572426988;-0,1773798804670812;0,063688633348076;144;12,430555555555555;0,5072625698324023
usa;BRK.B;priority;30;30;NVDA,AAPL,MSFT,AVGO,ORCL,AMD,CSCO,QCOM,TXN,IBM,ACN,ADI,GOOGL,META,NFLX,DIS,VZ,AMZN,TSLA,HD,MCD,LOW,WMT,COST,PG,KO,PEP,PM,JPM,V;TMUS,CMCSA,BKNG,SBUX;;252;10;0,8;60;2,0;0,25;5,0;252,0;1,0525949548670257;0,0834473043055117;0,1286119711191776;0,6488299928797896;-0,1426479273737479;0,0349402919062361;77;27,325;0,5096065873741995
usa;BRK.B;priority;30;30;NVDA,AAPL,MSFT,AVGO,ORCL,AMD,CSCO,QCOM,TXN,IBM,ACN,ADI,GOOGL,META,NFLX,DIS,VZ,AMZN,TSLA,HD,MCD,LOW,WMT,COST,PG,KO,PEP,PM,JPM,V;TMUS,CMCSA,BKNG,SBUX;;252;10;0,8;60;2,0;0,5;5,0;252,0;1,1694940698458265;0,0901565523038594;0,1238648388997649;0,727862346608441;-0,149272080808161;0,0389208314904909;87;20,568181818181817;0,5171270718232044
usa;BRK.B;priority;30;30;NVDA,AAPL,MSFT,AVGO,ORCL,AMD,CSCO,QCOM,TXN,IBM,ACN,ADI,GOOGL,META,NFLX,DIS,VZ,AMZN,TSLA,HD,MCD,LOW,WMT,COST,PG,KO,PEP,PM,JPM,V;TMUS,CMCSA,BKNG,SBUX;;252;10;0,8;60;2,0;0,75;5,0;252,0;0,8112920544184787;0,0684498297968396;0,1184022709652705;0,5781124740159518;-0,1504979090069818;0,0398053958425475;89;17,844444444444445;0,5168119551681195
usa;BRK.B;priority;30;30;NVDA,AAPL,MSFT,AVGO,ORCL,AMD,CSCO,QCOM,TXN,IBM,ACN,ADI,GOOGL,META,NFLX,DIS,VZ,AMZN,TSLA,HD,MCD,LOW,WMT,COST,PG,KO,PEP,PM,JPM,V;TMUS,CMCSA,BKNG,SBUX;;252;10;0,8;60;2,0;1,0;5,0;252,0;0,4216038483336055;0,0399871048135402;0,1079807451128539;0,3703169928281988;-0,1373618024003221;0,0415745245466607;94;14,851063829787234;0,5128939828080229
usa;BRK.B;priority;30;30;NVDA,AAPL,MSFT,AVGO,ORCL,AMD,CSCO,QCOM,TXN,IBM,ACN,ADI,GOOGL,META,NFLX,DIS,VZ,AMZN,TSLA,HD,MCD,LOW,WMT,COST,PG,KO,PEP,PM,JPM,V;TMUS,CMCSA,BKNG,SBUX;;252;10;0,8;60;2,5;0,25;5,0;252,0;0,7274999662817316;0,0628242481844501;0,1162883364142371;0,5402454805154348;-0,163644693880404;0,0229986731534719;51;31,03846153846154;0,4993804213135068
usa;BRK.B;priority;30;30;NVDA,AAPL,MSFT,AVGO,ORCL,AMD,CSCO,QCOM,TXN,IBM,ACN,ADI,GOOGL,META,NFLX,DIS,VZ,AMZN,TSLA,HD,MCD,LOW,WMT,COST,PG,KO,PEP,PM,JPM,V;TMUS,CMCSA,BKNG,SBUX;;252;10;0,8;60;2,5;0,5;5,0;252,0;0,7337382359903961;0,0632513307085058;0,1105225417793653;0,5722934859277273;-0,1543117139187907;0,0238832375055285;54;23,74074074074074;0,5054602184087363
usa;BRK.B;priority;30;30;NVDA,AAPL,MSFT,AVGO,ORCL,AMD,CSCO,QCOM,TXN,IBM,ACN,ADI,GOOGL,META,NFLX,DIS,VZ,AMZN,TSLA,HD,MCD,LOW,WMT,COST,PG,KO,PEP,PM,JPM,V;TMUS,CMCSA,BKNG,SBUX;;252;10;0,8;60;2,5;0,75;5,0;252,0;0,580550387358888;0,0523451544847299;0,1055453326998037;0,4959494953093962;-0,1503037513797787;0,0247678018575851;56;20,214285714285715;0,5106007067137809
usa;BRK.B;priority;30;30;NVDA,AAPL,MSFT,AVGO,ORCL,AMD,CSCO,QCOM,TXN,IBM,ACN,ADI,GOOGL,META,NFLX,DIS,VZ,AMZN,TSLA,HD,MCD,LOW,WMT,COST,PG,KO,PEP,PM,JPM,V;TMUS,CMCSA,BKNG,SBUX;;252;10;0,8;60;2,5;1,0;5,0;252,0;0,4553580007686453;0,0427106778035226;0,0943263364342767;0,4527969538314674;-0,14016080686606;0,0256523662096417;58;17,20689655172414;0,5170340681362725
usa;BRK.B;priority;30;30;NVDA,AAPL,MSFT,AVGO,ORCL,AMD,CSCO,QCOM,TXN,IBM,ACN,ADI,GOOGL,META,NFLX,DIS,VZ,AMZN,TSLA,HD,MCD,LOW,WMT,COST,PG,KO,PEP,PM,JPM,V;TMUS,CMCSA,BKNG,SBUX;;252;10;0,8;60;3,0;0,25;5,0;252,0;1,0159726944868042;0,0812755161390907;0,0797621015879635;1,018974105759466;-0,0858285440861864;0,0141530296329057;32;24,75;0,5454545454545454
usa;BRK.B;priority;30;30;NVDA,AAPL,MSFT,AVGO,ORCL,AMD,CSCO,QCOM,TXN,IBM,ACN,ADI,GOOGL,META,NFLX,DIS,VZ,AMZN,TSLA,HD,MCD,LOW,WMT,COST,PG,KO,PEP,PM,JPM,V;TMUS,CMCSA,BKNG,SBUX;;252;10;0,8;60;3,0;0,5;5,0;252,0;1,008208055815854;0,0808105543531574;0,0733088474008369;1,102330171845464;-0,0452582603227114;0,0141530296329057;32;17,6875;0,5759717314487632
usa;BRK.B;priority;30;30;NVDA,AAPL,MSFT,AVGO,ORCL,AMD,CSCO,QCOM,TXN,IBM,ACN,ADI,GOOGL,META,NFLX,DIS,VZ,AMZN,TSLA,HD,MCD,LOW,WMT,COST,PG,KO,PEP,PM,JPM,V;TMUS,CMCSA,BKNG,SBUX;;252;10;0,8;60;3,0;0,75;5,0;252,0;1,0041285372328814;0,0805656243184758;0,0692221870830392;1,1638699629907516;-0,0407334617769141;0,0141530296329057;32;13,8125;0,6153846153846154
usa;BRK.B;priority;30;30;NVDA,AAPL,MSFT,AVGO,ORCL,AMD,CSCO,QCOM,TXN,IBM,ACN,ADI,GOOGL,META,NFLX,DIS,VZ,AMZN,TSLA,HD,MCD,LOW,WMT,COST,PG,KO,PEP,PM,JPM,V;TMUS,CMCSA,BKNG,SBUX;;252;10;0,8;60;3,0;1,0;5,0;252,0;0,8483434815814639;0,0708639351772832;0,0622110105667919;1,1390899220516797;-0,0404588063906724;0,0141530296329057;32;11,875;0,631578947368421
usa;BRK.B;priority;30;30;NVDA,AAPL,MSFT,AVGO,ORCL,AMD,CSCO,QCOM,TXN,IBM,ACN,ADI,GOOGL,META,NFLX,DIS,VZ,AMZN,TSLA,HD,MCD,LOW,WMT,COST,PG,KO,PEP,PM,JPM,V;TMUS,CMCSA,BKNG,SBUX;;252;21;0,8;60;1,0;0,25;5,0;252,0;0,6585812498642574;0,0580124627055129;0,1571433309989416;0,3691691040067342;-0,2270082169907865;0,0526315789473684;109;27,7;0,4963898916967509
usa;BRK.B;priority;30;30;NVDA,AAPL,MSFT,AVGO,ORCL,AMD,CSCO,QCOM,TXN,IBM,ACN,ADI,GOOGL,META,NFLX,DIS,VZ,AMZN,TSLA,HD,MCD,LOW,WMT,COST,PG,KO,PEP,PM,JPM,V;TMUS,CMCSA,BKNG,SBUX;;252;21;0,8;60;1,0;0,5;5,0;252,0;0,7044523734681676;0,061234394148945;0,1506539763241564;0,4064572050669895;-0,2286867165425352;0,0663423264042459;145;20,066666666666663;0,4976744186046511
usa;BRK.B;priority;30;30;NVDA,AAPL,MSFT,AVGO,ORCL,AMD,CSCO,QCOM,TXN,IBM,ACN,ADI,GOOGL,META,NFLX,DIS,VZ,AMZN,TSLA,HD,MCD,LOW,WMT,COST,PG,KO,PEP,PM,JPM,V;TMUS,CMCSA,BKNG,SBUX;;252;21;0,8;60;1,0;0,75;5,0;252,0;0,6237457259304271;0,0555123249823443;0,1472552515667613;0,3769802733125389;-0,2134470442016326;0,0831490490933215;184;14,5531914893617;0,4934210526315789
usa;BRK.B;priority;30;30;NVDA,AAPL,MSFT,AVGO,ORCL,AMD,CSCO,QCOM,TXN,IBM,ACN,ADI,GOOGL,META,NFLX,DIS,VZ,AMZN,TSLA,HD,MCD,LOW,WMT,COST,PG,KO,PEP,PM,JPM,V;TMUS,CMCSA,BKNG,SBUX;;252;21;0,8;60;1,5;0,25;5,0;252,0;1,006971899075955;0,0807363835145758;0,1501842054371099;0,5375823861077349;-0,2245591573378149;0,0429013710747456;90;30,040816326530617;0,5020380434782609
usa;BRK.B;priority;30;30;NVDA,AAPL,MSFT,AVGO,ORCL,AMD,CSCO,QCOM,TXN,IBM,ACN,ADI,GOOGL,META,NFLX,DIS,VZ,AMZN,TSLA,HD,MCD,LOW,WMT,COST,PG,KO,PEP,PM,JPM,V;TMUS,CMCSA,BKNG,SBUX;;252;21;0,8;60;1,5;0,5;5,0;252,0;1,0146941464332797;0,0811990637332349;0,1411834236026696;0,5751317092419591;-0,2258524274388573;0,0486510393631136;107;22,472727272727273;0,5
usa;BRK.B;priority;30;30;NVDA,AAPL,MSFT,AVGO,ORCL,AMD,CSCO,QCOM,TXN,IBM,ACN,ADI,GOOGL,META,NFLX,DIS,VZ,AMZN,TSLA,HD,MCD,LOW,WMT,COST,PG,KO,PEP,PM,JPM,V;TMUS,CMCSA,BKNG,SBUX;;252;21;0,8;60;1,5;0,75;5,0;252,0;1,0539986919398254;0,0835298621545233;0,1345290584418861;0,620905721945616;-0,2022154837837787;0,0539584254754533;120;17,770491803278688;0,4990774907749077
usa;BRK.B;priority;30;30;NVDA,AAPL,MSFT,AVGO,ORCL,AMD,CSCO,QCOM,TXN,IBM,ACN,ADI,GOOGL,META,NFLX,DIS,VZ,AMZN,TSLA,HD,MCD,LOW,WMT,COST,PG,KO,PEP,PM,JPM,V;TMUS,CMCSA,BKNG,SBUX;;252;21;0,8;60;1,5;1,0;5,0;252,0;0,4689071670330116;0,0437881771595713;0,1246257399588524;0,3513574095851218;-0,243068589777139;0,0583812472357364;132;14,969696969696969;0,4949392712550607
usa;BRK.B;priority;30;30;NVDA,AAPL,MSFT,AVGO,ORCL,AMD,CSCO,QCOM,TXN,IBM,ACN,ADI,GOOGL,META,NFLX,DIS,VZ,AMZN,TSLA,HD,MCD,LOW,WMT,COST,PG,KO,PEP,PM,JPM,V;TMUS,CMCSA,BKNG,SBUX;;252;21;0,8;60;2,0;0,25;5,0;252,0;0,9367991303763552;0,076457884606043;0,1350534419910293;0,5661305885941184;-0,198980828454699;0,0314020344980097;65;32,583333333333336;0,4927536231884058
usa;BRK.B;priority;30;30;NVDA,AAPL,MSFT,AVGO,ORCL,AMD,CSCO,QCOM,TXN,IBM,ACN,ADI,GOOGL,META,NFLX,DIS,VZ,AMZN,TSLA,HD,MCD,LOW,WMT,COST,PG,KO,PEP,PM,JPM,V;TMUS,CMCSA,BKNG,SBUX;;252;21;0,8;60;2,0;0,5;5,0;252,0;0,6912909348471894;0,060317911222288;0,1274764994455663;0,4731688702202272;-0,2116971743175655;0,0344980097302078;77;25,025641025641026;0,4948770491803279
usa;BRK.B;priority;30;30;NVDA,AAPL,MSFT,AVGO,ORCL,AMD,CSCO,QCOM,TXN,IBM,ACN,ADI,GOOGL,META,NFLX,DIS,VZ,AMZN,TSLA,HD,MCD,LOW,WMT,COST,PG,KO,PEP,PM,JPM,V;TMUS,CMCSA,BKNG,SBUX;;252;21;0,8;60;2,0;0,75;5,0;252,0;0,8874578583972996;0,0733662370233394;0,120986593628304;0,6063997243259511;-0,175481576088114;0,0380362671384343;85;19,6046511627907;0,5029655990510083
usa;BRK.B;priority;30;30;NVDA,AAPL,MSFT,AVGO,ORCL,AMD,CSCO,QCOM,TXN,IBM,ACN,ADI,GOOGL,META,NFLX,DIS,VZ,AMZN,TSLA,HD,MCD,LOW,WMT,COST,PG,KO,PEP,PM,JPM,V;TMUS,CMCSA,BKNG,SBUX;;252;21;0,8;60;2,0;1,0;5,0;252,0;0,3450299549762285;0,0335888940531596;0,1071013558292469;0,3136178229779919;-0,1936267925979351;0,0389208314904909;88;17,545454545454547;0,5012953367875648
usa;BRK.B;priority;30;30;NVDA,AAPL,MSFT,AVGO,ORCL,AMD,CSCO,QCOM,TXN,IBM,ACN,ADI,GOOGL,META,NFLX,DIS,VZ,AMZN,TSLA,HD,MCD,LOW,WMT,COST,PG,KO,PEP,PM,JPM,V;TMUS,CMCSA,BKNG,SBUX;;252;21;0,8;60;2,5;0,25;5,0;252,0;1,700378120171754;0,1170805067494582;0,1271462851433358;0,9208330909351372;-0,1814050449530254;0,0252100840336134;53;33,89655172413793;0,5127161749745677
usa;BRK.B;priority;30;30;NVDA,AAPL,MSFT,AVGO,ORCL,AMD,CSCO,QCOM,TXN,IBM,ACN,ADI,GOOGL,META,NFLX,DIS,VZ,AMZN,TSLA,HD,MCD,LOW,WMT,COST,PG,KO,PEP,PM,JPM,V;TMUS,CMCSA,BKNG,SBUX;;252;21;0,8;60;2,5;0,5;5,0;252,0;0,9925711572078164;0,0798693181487713;0,1153562887334024;0,6923707326728897;-0,1814050449530254;0,0265369305616983;60;25,166666666666668;0,5125827814569537
usa;BRK.B;priority;30;30;NVDA,AAPL,MSFT,AVGO,ORCL,AMD,CSCO,QCOM,TXN,IBM,ACN,ADI,GOOGL,META,NFLX,DIS,VZ,AMZN,TSLA,HD,MCD,LOW,WMT,COST,PG,KO,PEP,PM,JPM,V;TMUS,CMCSA,BKNG,SBUX;;252;21;0,8;60;2,5;0,75;5,0;252,0;1,2748476545696033;0,0959333909142126;0,1048688106003746;0,9147943069535476;-0,135511945118785;0,0265369305616983;60;19,033333333333335;0,5271453590192644
usa;BRK.B;priority;30;30;NVDA,AAPL,MSFT,AVGO,ORCL,AMD,CSCO,QCOM,TXN,IBM,ACN,ADI,GOOGL,META,NFLX,DIS,VZ,AMZN,TSLA,HD,MCD,LOW,WMT,COST,PG,KO,PEP,PM,JPM,V;TMUS,CMCSA,BKNG,SBUX;;252;21;0,8;60;2,5;1,0;5,0;252,0;0,7498724233334642;0,0643496047085239;0,0879431805687498;0,7317179603052728;-0,1027161816929311;0,0265369305616983;60;16,466666666666665;0,5364372469635628
usa;BRK.B;priority;30;30;NVDA,AAPL,MSFT,AVGO,ORCL,AMD,CSCO,QCOM,TXN,IBM,ACN,ADI,GOOGL,META,NFLX,DIS,VZ,AMZN,TSLA,HD,MCD,LOW,WMT,COST,PG,KO,PEP,PM,JPM,V;TMUS,CMCSA,BKNG,SBUX;;252;21;0,8;60;3,0;0,25;5,0;252,0;0,5585062148246012;0,0506990776963365;0,0726836276733271;0,6975309202259541;-0,1814050449530246;0,0088456435205661;18;36,9;0,5230352303523035
usa;BRK.B;priority;30;30;NVDA,AAPL,MSFT,AVGO,ORCL,AMD,CSCO,QCOM,TXN,IBM,ACN,ADI,GOOGL,META,NFLX,DIS,VZ,AMZN,TSLA,HD,MCD,LOW,WMT,COST,PG,KO,PEP,PM,JPM,V;TMUS,CMCSA,BKNG,SBUX;;252;21;0,8;60;3,0;0,5;5,0;252,0;0,3582628550085505;0,0347173385091854;0,0658779407183104;0,526994895873179;-0,1814050449530251;0,0088456435205661;20;29,6;0,5304054054054054
usa;BRK.B;priority;30;30;NVDA,AAPL,MSFT,AVGO,ORCL,AMD,CSCO,QCOM,TXN,IBM,ACN,ADI,GOOGL,META,NFLX,DIS,VZ,AMZN,TSLA,HD,MCD,LOW,WMT,COST,PG,KO,PEP,PM,JPM,V;TMUS,CMCSA,BKNG,SBUX;;252;21;0,8;60;3,0;0,75;5,0;252,0;0,5612576817107893;0,0509056602735189;0,0512422682817992;0,9934310478523476;-0,0406980662529441;0,0088456435205661;20;16,0;0,6
usa;BRK.B;priority;30;30;NVDA,AAPL,MSFT,AVGO,ORCL,AMD,CSCO,QCOM,TXN,IBM,ACN,ADI,GOOGL,META,NFLX,DIS,VZ,AMZN,TSLA,HD,MCD,LOW,WMT,COST,PG,KO,PEP,PM,JPM,V;TMUS,CMCSA,BKNG,SBUX;;252;21;0,8;60;3,0;1,0;5,0;252,0;0,4943274657055736;0,0457861193846222;0,0500428689965005;0,9149379382669696;-0,0406980662529441;0,0088456435205661;20;14,8;0,5945945945945946
usa;BRK.B;priority;30;30;NVDA,AAPL,MSFT,AVGO,ORCL,AMD,CSCO,QCOM,TXN,IBM,ACN,ADI,GOOGL,META,NFLX,DIS,VZ,AMZN,TSLA,HD,MCD,LOW,WMT,COST,PG,KO,PEP,PM,JPM,V;TMUS,CMCSA,BKNG,SBUX;;252;63;0,8;60;1,0;0,25;5,0;252,0;0,7638464763924728;0,0652935883306373;0,1923705054748526;0,3394157964572836;-0,4565000527226135;0,0566121185316231;112;28,328125;0,4958632101489244
usa;BRK.B;priority;30;30;NVDA,AAPL,MSFT,AVGO,ORCL,AMD,CSCO,QCOM,TXN,IBM,ACN,ADI,GOOGL,META,NFLX,DIS,VZ,AMZN,TSLA,HD,MCD,LOW,WMT,COST,PG,KO,PEP,PM,JPM,V;TMUS,CMCSA,BKNG,SBUX;;252;63;0,8;60;1,0;0,5;5,0;252,0;0,4911063723186779;0,0455346317379925;0,1850154012347146;0,2461126556714395;-0,4345571946966216;0,0681114551083591;147;20,714285714285715;0,4927899686520376
usa;BRK.B;priority;30;30;NVDA,AAPL,MSFT,AVGO,ORCL,AMD,CSCO,QCOM,TXN,IBM,ACN,ADI,GOOGL,META,NFLX,DIS,VZ,AMZN,TSLA,HD,MCD,LOW,WMT,COST,PG,KO,PEP,PM,JPM,V;TMUS,CMCSA,BKNG,SBUX;;252;63;0,8;60;1,0;0,75;5,0;252,0;0,3509420787211565;0,0340942679308338;0,1801400950341343;0,1892652933505634;-0,4109143168332312;0,0849181777974347;188;14,9375;0,4909344490934449
usa;BRK.B;priority;30;30;NVDA,AAPL,MSFT,AVGO,ORCL,AMD,CSCO,QCOM,TXN,IBM,ACN,ADI,GOOGL,META,NFLX,DIS,VZ,AMZN,TSLA,HD,MCD,LOW,WMT,COST,PG,KO,PEP,PM,JPM,V;TMUS,CMCSA,BKNG,SBUX;;252;63;0,8;60;1,5;0,25;5,0;252,0;0,5600284433718616;0,050813407978254;0,1849319016939846;0,2747682120434653;-0,4521079793070695;0,0406899601946041;82;34,93478260869565;0,4934660858742999
usa;BRK.B;priority;30;30;NVDA,AAPL,MSFT,AVGO,ORCL,AMD,CSCO,QCOM,TXN,IBM,ACN,ADI,GOOGL,META,NFLX,DIS,VZ,AMZN,TSLA,HD,MCD,LOW,WMT,COST,PG,KO,PEP,PM,JPM,V;TMUS,CMCSA,BKNG,SBUX;;252;63;0,8;60;1,5;0,5;5,0;252,0;0,5813837620336268;0,05240698294413;0,1768355605920155;0,2963599785511485;-0,4237399000387104;0,0486510393631136;107;24,327272727272728;0,4947683109118087
usa;BRK.B;priority;30;30;NVDA,AAPL,MSFT,AVGO,ORCL,AMD,CSCO,QCOM,TXN,IBM,ACN,ADI,GOOGL,META,NFLX,DIS,VZ,AMZN,TSLA,HD,MCD,LOW,WMT,COST,PG,KO,PEP,PM,JPM,V;TMUS,CMCSA,BKNG,SBUX;;252;63;0,8;60;1,5;0,75;5,0;252,0;0,5901495122765466;0,0530555702022497;0,1717577510625849;0,3088976763727965;-0,4038508791540783;0,0539584254754533;119;18,770491803278688;0,496943231441048
usa;BRK.B;priority;30;30;NVDA,AAPL,MSFT,AVGO,ORCL,AMD,CSCO,QCOM,TXN,IBM,ACN,ADI,GOOGL,META,NFLX,DIS,VZ,AMZN,TSLA,HD,MCD,LOW,WMT,COST,PG,KO,PEP,PM,JPM,V;TMUS,CMCSA,BKNG,SBUX;;252;63;0,8;60;1,5;1,0;5,0;252,0;0,4458054392072141;0,0419456386827488;0,1605657241450255;0,2612365678048625;-0,4143795850491506;0,0619195046439628;139;14,5;0,4955665024630541
usa;BRK.B;priority;30;30;NVDA,AAPL,MSFT,AVGO,ORCL,AMD,CSCO,QCOM,TXN,IBM,ACN,ADI,GOOGL,META,NFLX,DIS,VZ,AMZN,TSLA,HD,MCD,LOW,WMT,COST,PG,KO,PEP,PM,JPM,V;TMUS,CMCSA,BKNG,SBUX;;252;63;0,8;60;2,0;0,25;5,0;252,0;0,5853667115527497;0,0527020806026912;0,1631254658272301;0,3230769661587307;-0,3249435996088462;0,0283060592658115;58;44,03125;0,4953867991483321
usa;BRK.B;priority;30;30;NVDA,AAPL,MSFT,AVGO,ORCL,AMD,CSCO,QCOM,TXN,IBM,ACN,ADI,GOOGL,META,NFLX,DIS,VZ,AMZN,TSLA,HD,MCD,LOW,WMT,COST,PG,KO,PEP,PM,JPM,V;TMUS,CMCSA,BKNG,SBUX;;252;63;0,8;60;2,0;0,5;5,0;252,0;0,3528544918920664;0,0342573221825313;0,1516735815524627;0,2258621562957024;-0,2966490436571536;0,031844316674038;71;29,833333333333332;0,4888268156424581
usa;BRK.B;priority;30;30;NVDA,AAPL,MSFT,AVGO,ORCL,AMD,CSCO,QCOM,TXN,IBM,ACN,ADI,GOOGL,META,NFLX,DIS,VZ,AMZN,TSLA,HD,MCD,LOW,WMT,COST,PG,KO,PEP,PM,JPM,V;TMUS,CMCSA,BKNG,SBUX;;252;63;0,8;60;2,0;0,75;5,0;252,0;0,1795471553656398;0,0185750580970442;0,1441088667641633;0,1288960111485901;-0,3063026340331185;0,031844316674038;71;24,666666666666668;0,4864864864864865
usa;BRK.B;priority;30;30;NVDA,AAPL,MSFT,AVGO,ORCL,AMD,CSCO,QCOM,TXN,IBM,ACN,ADI,GOOGL,META,NFLX,DIS,VZ,AMZN,TSLA,HD,MCD,LOW,WMT,COST,PG,KO,PEP,PM,JPM,V;TMUS,CMCSA,BKNG,SBUX;;252;63;0,8;60;2,0;1,0;5,0;252,0;-0,1200862724908156;-0,0141574369828437;0,1136409578669786;-0,1245804087590992;-0,3615779457343935;0,0327288810260946;74;20,216216216216218;0,481283422459893
usa;BRK.B;priority;30;30;NVDA,AAPL,MSFT,AVGO,ORCL,AMD,CSCO,QCOM,TXN,IBM,ACN,ADI,GOOGL,META,NFLX,DIS,VZ,AMZN,TSLA,HD,MCD,LOW,WMT,COST,PG,KO,PEP,PM,JPM,V;TMUS,CMCSA,BKNG,SBUX;;252;63;0,8;60;2,5;0,25;5,0;252,0;0,5686495403157512;0,0514590499084821;0,1521531498534794;0,3382056168934803;-0,3230837850956716;0,0194604157452454;40;45,95454545454545;0,496538081107814
usa;BRK.B;priority;30;30;NVDA,AAPL,MSFT,AVGO,ORCL,AMD,CSCO,QCOM,TXN,IBM,ACN,ADI,GOOGL,META,NFLX,DIS,VZ,AMZN,TSLA,HD,MCD,LOW,WMT,COST,PG,KO,PEP,PM,JPM,V;TMUS,CMCSA,BKNG,SBUX;;252;63;0,8;60;2,5;0,5;5,0;252,0;0,2915359341103867;0,0289242106605149;0,1410902366783338;0,205005047418399;-0,2706064136846908;0,020344980097302;45;31,956521739130434;0,4843537414965986
usa;BRK.B;priority;30;30;NVDA,AAPL,MSFT,AVGO,ORCL,AMD,CSCO,QCOM,TXN,IBM,ACN,ADI,GOOGL,META,NFLX,DIS,VZ,AMZN,TSLA,HD,MCD,LOW,WMT,COST,PG,KO,PEP,PM,JPM,V;TMUS,CMCSA,BKNG,SBUX;;252;63;0,8;60;2,5;0,75;5,0;252,0;0,2402197343111061;0,024285207501028;0,1375044333146593;0,176613996477152;-0,2565149392631414;0,020344980097302;45;28,52173913043478;0,4801829268292683
usa;BRK.B;priority;30;30;NVDA,AAPL,MSFT,AVGO,ORCL,AMD,CSCO,QCOM,TXN,IBM,ACN,ADI,GOOGL,META,NFLX,DIS,VZ,AMZN,TSLA,HD,MCD,LOW,WMT,COST,PG,KO,PEP,PM,JPM,V;TMUS,CMCSA,BKNG,SBUX;;252;63;0,8;60;2,5;1,0;5,0;252,0;-0,029194733042959;-0,0032968989861309;0,1057154651195797;-0,0311865343675276;-0,2869748001581219;0,0212295444493586;48;23,208333333333332;0,4793536804308797
usa;BRK.B;priority;30;30;NVDA,AAPL,MSFT,AVGO,ORCL,AMD,CSCO,QCOM,TXN,IBM,ACN,ADI,GOOGL,META,NFLX,DIS,VZ,AMZN,TSLA,HD,MCD,LOW,WMT,COST,PG,KO,PEP,PM,JPM,V;TMUS,CMCSA,BKNG,SBUX;;252;63;0,8;60;3,0;0,25;5,0;252,0;0,4425534491802347;0,0416841705460995;0,1432529286718285;0,290983025147024;-0,3352371547252122;0,0106147722246793;23;61,416666666666664;0,5006784260515604
usa;BRK.B;priority;30;30;NVDA,AAPL,MSFT,AVGO,ORCL,AMD,CSCO,QCOM,TXN,IBM,ACN,ADI,GOOGL,META,NFLX,DIS,VZ,AMZN,TSLA,HD,MCD,LOW,WMT,COST,PG,KO,PEP,PM,JPM,V;TMUS,CMCSA,BKNG,SBUX;;252;63;0,8;60;3,0;0,5;5,0;252,0;0,3837590074359081;0,0368642696723759;0,1313979725206912;0,2805543264114746;-0,2483654526998129;0,0114993365767359;26;36,53846153846154;0,5010526315789474
usa;BRK.B;priority;30;30;NVDA,AAPL,MSFT,AVGO,ORCL,AMD,CSCO,QCOM,TXN,IBM,ACN,ADI,GOOGL,META,NFLX,DIS,VZ,AMZN,TSLA,HD,MCD,LOW,WMT,COST,PG,KO,PEP,PM,JPM,V;TMUS,CMCSA,BKNG,SBUX;;252;63;0,8;60;3,0;0,75;5,0;252,0;0,3914322967014527;0,0375035266504015;0,129176633732603;0,2903274808045724;-0,2619228088174584;0,0114993365767359;26;31,923076923076923;0,4939759036144578
usa;BRK.B;priority;30;30;NVDA,AAPL,MSFT,AVGO,ORCL,AMD,CSCO,QCOM,TXN,IBM,ACN,ADI,GOOGL,META,NFLX,DIS,VZ,AMZN,TSLA,HD,MCD,LOW,WMT,COST,PG,KO,PEP,PM,JPM,V;TMUS,CMCSA,BKNG,SBUX;;252;63;0,8;60;3,0;1,0;5,0;252,0;0,0211370137986492;0,0023339954848589;0,0913900042894361;0,0255388486192323;-0,193275368420523;0,0114993365767359;26;24,76923076923077;0,4751552795031056
usa;MSFT;priority;30;30;NVDA,AAPL,AVGO,ORCL,AMD,CSCO,QCOM,TXN,IBM,ACN,ADI,GOOGL,META,NFLX,DIS,VZ,AMZN,TSLA,HD,MCD,LOW,WMT,COST,PG,KO,PEP,PM,BRK-B,JPM,V;TMUS,CMCSA,BKNG,SBUX;;252;5;0,8;60;1,0;0,25;5,0;252,0;1,5356124386421557;0,1092695727487347;0,1754638044733159;0,6227470849428215;-0,2214845320855721;0,0734188412206988;154;19,180722891566266;0,5201005025125628
usa;MSFT;priority;30;30;NVDA,AAPL,AVGO,ORCL,AMD,CSCO,QCOM,TXN,IBM,ACN,ADI,GOOGL,META,NFLX,DIS,VZ,AMZN,TSLA,HD,MCD,LOW,WMT,COST,PG,KO,PEP,PM,BRK-B,JPM,V;TMUS,CMCSA,BKNG,SBUX;;252;5;0,8;60;1,0;0,5;5,0;252,0;1,232251424105078;0,0936269425922298;0,1703040113504883;0,5497635777911543;-0,2365119395274058;0,0822644847412649;179;15,602150537634408;0,5175740868366644
usa;MSFT;priority;30;30;NVDA,AAPL,AVGO,ORCL,AMD,CSCO,QCOM,TXN,IBM,ACN,ADI,GOOGL,META,NFLX,DIS,VZ,AMZN,TSLA,HD,MCD,LOW,WMT,COST,PG,KO,PEP,PM,BRK-B,JPM,V;TMUS,CMCSA,BKNG,SBUX;;252;5;0,8;60;1,0;0,75;5,0;252,0;0,9312404943876458;0,0761131101530148;0,1639416916844607;0,4642693958502637;-0,2262946239448514;0,0981866430782839;216;11,855855855855856;0,5144376899696048
usa;MSFT;priority;30;30;NVDA,AAPL,AVGO,ORCL,AMD,CSCO,QCOM,TXN,IBM,ACN,ADI,GOOGL,META,NFLX,DIS,VZ,AMZN,TSLA,HD,MCD,LOW,WMT,COST,PG,KO,PEP,PM,BRK-B,JPM,V;TMUS,CMCSA,BKNG,SBUX;;252;5;0,8;60;1,5;0,25;5,0;252,0;1,1585651536497652;0,0895430990905332;0,1638744258059773;0,5464128929827631;-0,2945410873941081;0,0521892967713401;112;23,152542372881356;0,5234260614934114
usa;MSFT;priority;30;30;NVDA,AAPL,AVGO,ORCL,AMD,CSCO,QCOM,TXN,IBM,ACN,ADI,GOOGL,META,NFLX,DIS,VZ,AMZN,TSLA,HD,MCD,LOW,WMT,COST,PG,KO,PEP,PM,BRK-B,JPM,V;TMUS,CMCSA,BKNG,SBUX;;252;5;0,8;60;1,5;0,5;5,0;252,0;1,0580559825810023;0,0837682016410368;0,1566770525662525;0,5346552048878669;-0,2543718093489129;0,0566121185316231;124;18,53125;0,5236087689713322
usa;MSFT;priority;30;30;NVDA,AAPL,AVGO,ORCL,AMD,CSCO,QCOM,TXN,IBM,ACN,ADI,GOOGL,META,NFLX,DIS,VZ,AMZN,TSLA,HD,MCD,LOW,WMT,COST,PG,KO,PEP,PM,BRK-B,JPM,V;TMUS,CMCSA,BKNG,SBUX;;252;5;0,8;60;1,5;0,75;5,0;252,0;0,9175181720745108;0,0752581928574918;0,1501113560265079;0,5013490974273929;-0,2200840677970941;0,063688633348076;141;14,5;0,5268199233716475
usa;MSFT;priority;30;30;NVDA,AAPL,AVGO,ORCL,AMD,CSCO,QCOM,TXN,IBM,ACN,ADI,GOOGL,META,NFLX,DIS,VZ,AMZN,TSLA,HD,MCD,LOW,WMT,COST,PG,KO,PEP,PM,BRK-B,JPM,V;TMUS,CMCSA,BKNG,SBUX;;252;5;0,8;60;1,5;1,0;5,0;252,0;0,7549741416381499;0,0646950128015857;0,1418239636076559;0,4561641852046884;-0,1788907654005919;0,0725342768686422;164;10,853658536585366;0,5280898876404494
usa;MSFT;priority;30;30;NVDA,AAPL,AVGO,ORCL,AMD,CSCO,QCOM,TXN,IBM,ACN,ADI,GOOGL,META,NFLX,DIS,VZ,AMZN,TSLA,HD,MCD,LOW,WMT,COST,PG,KO,PEP,PM,BRK-B,JPM,V;TMUS,CMCSA,BKNG,SBUX;;252;5;0,8;60;2,0;0,25;5,0;252,0;1,4120980257881963;0,1031126653309681;0,1498238201409833;0,6882261127365448;-0,1824929468186289;0,0380362671384343;81;25,046511627906977;0,542246982358403
usa;MSFT;priority;30;30;NVDA,AAPL,AVGO,ORCL,AMD,CSCO,QCOM,TXN,IBM,ACN,ADI,GOOGL,META,NFLX,DIS,VZ,AMZN,TSLA,HD,MCD,LOW,WMT,COST,PG,KO,PEP,PM,BRK-B,JPM,V;TMUS,CMCSA,BKNG,SBUX;;252;5;0,8;60;2,0;0,5;5,0;252,0;1,1540790443569122;0,0892904891624666;0,1441797524555322;0,6192997812921442;-0,1883055992360611;0,0398053958425475;87;19,844444444444445;0,541993281075028
usa;MSFT;priority;30;30;NVDA,AAPL,AVGO,ORCL,AMD,CSCO,QCOM,TXN,IBM,ACN,ADI,GOOGL,META,NFLX,DIS,VZ,AMZN,TSLA,HD,MCD,LOW,WMT,COST,PG,KO,PEP,PM,BRK-B,JPM,V;TMUS,CMCSA,BKNG,SBUX;;252;5;0,8;60;2,0;0,75;5,0;252,0;1,0068644589403446;0,0807299350645831;0,1369535200627948;0,5894695881315611;-0,1788907654005918;0,0424590888987173;94;15,833333333333334;0,5407894736842105
usa;MSFT;priority;30;30;NVDA,AAPL,AVGO,ORCL,AMD,CSCO,QCOM,TXN,IBM,ACN,ADI,GOOGL,META,NFLX,DIS,VZ,AMZN,TSLA,HD,MCD,LOW,WMT,COST,PG,KO,PEP,PM,BRK-B,JPM,V;TMUS,CMCSA,BKNG,SBUX;;252;5;0,8;60;2,0;1,0;5,0;252,0;0,7551019660836513;0,0647036555991527;0,1309607407460171;0,4940691021642719;-0,1788907654005918;0,0451127819548872;102;12,549019607843135;0,540625
usa;MSFT;priority;30;30;NVDA,AAPL,AVGO,ORCL,AMD,CSCO,QCOM,TXN,IBM,ACN,ADI,GOOGL,META,NFLX,DIS,VZ,AMZN,TSLA,HD,MCD,LOW,WMT,COST,PG,KO,PEP,PM,BRK-B,JPM,V;TMUS,CMCSA,BKNG,SBUX;;252;5;0,8;60;2,5;0,25;5,0;252,0;0,5130711426289065;0,0472400510194244;0,1289428413998091;0,3663642782071835;-0,1788907654005921;0,020344980097302;45;27,47826086956522;0,5332278481012658
usa;MSFT;priority;30;30;NVDA,AAPL,AVGO,ORCL,AMD,CSCO,QCOM,TXN,IBM,ACN,ADI,GOOGL,META,NFLX,DIS,VZ,AMZN,TSLA,HD,MCD,LOW,WMT,COST,PG,KO,PEP,PM,BRK-B,JPM,V;TMUS,CMCSA,BKNG,SBUX;;252;5;0,8;60;2,5;0,5;5,0;252,0;0,4988179485278234;0,046135912306362;0,1237833820328891;0,3727149117165321;-0,1788907654005919;0,0212295444493586;47;21,291666666666668;0,5322896281800391
usa;MSFT;priority;30;30;NVDA,AAPL,AVGO,ORCL,AMD,CSCO,QCOM,TXN,IBM,ACN,ADI,GOOGL,META,NFLX,DIS,VZ,AMZN,TSLA,HD,MCD,LOW,WMT,COST,PG,KO,PEP,PM,BRK-B,JPM,V;TMUS,CMCSA,BKNG,SBUX;;252;5;0,8;60;2,5;0,75;5,0;252,0;0,6913734077331246;0,0603236738364008;0,117748974093452;0,5123074260377388;-0,178890765400592;0,0238832375055285;53;15,074074074074074;0,542997542997543
usa;MSFT;priority;30;30;NVDA,AAPL,AVGO,ORCL,AMD,CSCO,QCOM,TXN,IBM,ACN,ADI,GOOGL,META,NFLX,DIS,VZ,AMZN,TSLA,HD,MCD,LOW,WMT,COST,PG,KO,PEP,PM,BRK-B,JPM,V;TMUS,CMCSA,BKNG,SBUX;;252;5;0,8;60;2,5;1,0;5,0;252,0;0,4272589100901431;0,0404473830181562;0,1145747789647779;0,3530216980003107;-0,178890765400592;0,0238832375055285;54;13,592592592592592;0,5367847411444142
usa;MSFT;priority;30;30;NVDA,AAPL,AVGO,ORCL,AMD,CSCO,QCOM,TXN,IBM,ACN,ADI,GOOGL,META,NFLX,DIS,VZ,AMZN,TSLA,HD,MCD,LOW,WMT,COST,PG,KO,PEP,PM,BRK-B,JPM,V;TMUS,CMCSA,BKNG,SBUX;;252;5;0,8;60;3,0;0,25;5,0;252,0;0,3142242467585345;0,0309232144858269;0,1067567065815032;0,2896606262597528;-0,1788907654005919;0,0097302078726227;21;26,272727272727273;0,5363321799307958
usa;MSFT;priority;30;30;NVDA,AAPL,AVGO,ORCL,AMD,CSCO,QCOM,TXN,IBM,ACN,ADI,GOOGL,META,NFLX,DIS,VZ,AMZN,TSLA,HD,MCD,LOW,WMT,COST,PG,KO,PEP,PM,BRK-B,JPM,V;TMUS,CMCSA,BKNG,SBUX;;252;5;0,8;60;3,0;0,5;5,0;252,0;0,2395081808179691;0,0242196925348279;0,105116978714532;0,2304070458550921;-0,178890765400592;0,0097302078726227;21;24,545454545454547;0,5333333333333333
usa;MSFT;priority;30;30;NVDA,AAPL,AVGO,ORCL,AMD,CSCO,QCOM,TXN,IBM,ACN,ADI,GOOGL,META,NFLX,DIS,VZ,AMZN,TSLA,HD,MCD,LOW,WMT,COST,PG,KO,PEP,PM,BRK-B,JPM,V;TMUS,CMCSA,BKNG,SBUX;;252;5;0,8;60;3,0;0,75;5,0;252,0;0,1876281081181645;0,0193504515037326;0,1023040071056609;0,1891465647454766;-0,1788907654005918;0,0097302078726227;21;20,09090909090909;0,5248868778280543
usa;MSFT;priority;30;30;NVDA,AAPL,AVGO,ORCL,AMD,CSCO,QCOM,TXN,IBM,ACN,ADI,GOOGL,META,NFLX,DIS,VZ,AMZN,TSLA,HD,MCD,LOW,WMT,COST,PG,KO,PEP,PM,BRK-B,JPM,V;TMUS,CMCSA,BKNG,SBUX;;252;5;0,8;60;3,0;1,0;5,0;252,0;0,0943369977429282;0,0100981788853458;0,1012173350433315;0,0997672867105495;-0,1788907654005919;0,0097302078726227;22;18,545454545454547;0,5147058823529411
usa;MSFT;priority;30;30;NVDA,AAPL,AVGO,ORCL,AMD,CSCO,QCOM,TXN,IBM,ACN,ADI,GOOGL,META,NFLX,DIS,VZ,AMZN,TSLA,HD,MCD,LOW,WMT,COST,PG,KO,PEP,PM,BRK-B,JPM,V;TMUS,CMCSA,BKNG,SBUX;;252;10;0,8;60;1,0;0,25;5,0;252,0;1,2803554268725974;0,0962288117394571;0,1947337098190842;0,4941559005313348;-0,2741595369227113;0,0681114551083591;142;21,25974025974026;0,5131337813072694
usa;MSFT;priority;30;30;NVDA,AAPL,AVGO,ORCL,AMD,CSCO,QCOM,TXN,IBM,ACN,ADI,GOOGL,META,NFLX,DIS,VZ,AMZN,TSLA,HD,MCD,LOW,WMT,COST,PG,KO,PEP,PM,BRK-B,JPM,V;TMUS,CMCSA,BKNG,SBUX;;252;10;0,8;60;1,0;0,5;5,0;252,0;1,2962684009787897;0,0970787891605804;0,1892719661035163;0,5129063281748035;-0,2501801895749445;0,0804953560371517;175;16,417582417582416;0,5133868808567604
usa;MSFT;priority;30;30;NVDA,AAPL,AVGO,ORCL,AMD,CSCO,QCOM,TXN,IBM,ACN,ADI,GOOGL,META,NFLX,DIS,VZ,AMZN,TSLA,HD,MCD,LOW,WMT,COST,PG,KO,PEP,PM,BRK-B,JPM,V;TMUS,CMCSA,BKNG,SBUX;;252;10;0,8;60;1,0;0,75;5,0;252,0;0,636003915677007;0,0563974802536773;0,1818412611489509;0,3101467725055022;-0,2553306310951594;0,0937638213180008;208;12,575471698113208;0,5063765941485371
usa;MSFT;priority;30;30;NVDA,AAPL,AVGO,ORCL,AMD,CSCO,QCOM,TXN,IBM,ACN,ADI,GOOGL,META,NFLX,DIS,VZ,AMZN,TSLA,HD,MCD,LOW,WMT,COST,PG,KO,PEP,PM,BRK-B,JPM,V;TMUS,CMCSA,BKNG,SBUX;;252;10;0,8;60;1,5;0,25;5,0;252,0;0,9682908660988544;0,0783947185874229;0,1853908799595832;0,422861785889973;-0,2741595369227115;0,0504201680672268;110;24,157894736842103;0,5192447349310094
usa;MSFT;priority;30;30;NVDA,AAPL,AVGO,ORCL,AMD,CSCO,QCOM,TXN,IBM,ACN,ADI,GOOGL,META,NFLX,DIS,VZ,AMZN,TSLA,HD,MCD,LOW,WMT,COST,PG,KO,PEP,PM,BRK-B,JPM,V;TMUS,CMCSA,BKNG,SBUX;;252;10;0,8;60;1,5;0,5;5,0;252,0;1,1563212988044675;0,0894168074386838;0,1802852046479837;0,4959741849769361;-0,2466656061159937;0,0566121185316231;125;19,046875;0,5242001640689089
usa;MSFT;priority;30;30;NVDA,AAPL,AVGO,ORCL,AMD,CSCO,QCOM,TXN,IBM,ACN,ADI,GOOGL,META,NFLX,DIS,VZ,AMZN,TSLA,HD,MCD,LOW,WMT,COST,PG,KO,PEP,PM,BRK-B,JPM,V;TMUS,CMCSA,BKNG,SBUX;;252;10;0,8;60;1,5;0,75;5,0;252,0;0,97987350613289;0,0791001638437809;0,1739635822082316;0,4546938091278168;-0,2368899395687169;0,063688633348076;142;14,694444444444445;0,5255198487712666
usa;MSFT;priority;30;30;NVDA,AAPL,AVGO,ORCL,AMD,CSCO,QCOM,TXN,IBM,ACN,ADI,GOOGL,META,NFLX,DIS,VZ,AMZN,TSLA,HD,MCD,LOW,WMT,COST,PG,KO,PEP,PM,BRK-B,JPM,V;TMUS,CMCSA,BKNG,SBUX;;252;10;0,8;60;1,5;1,0;5,0;252,0;0,7223911944462276;0,0624734711265553;0,1675520787242828;0,3728600182237025;-0,2368899395687174;0,0734188412206988;166;11,08433734939759;0,5260869565217391
usa;MSFT;priority;30;30;NVDA,AAPL,AVGO,ORCL,AMD,CSCO,QCOM,TXN,IBM,ACN,ADI,GOOGL,META,NFLX,DIS,VZ,AMZN,TSLA,HD,MCD,LOW,WMT,COST,PG,KO,PEP,PM,BRK-B,JPM,V;TMUS,CMCSA,BKNG,SBUX;;252;10;0,8;60;2,0;0,25;5,0;252,0;1,4538540910550934;0,1052248295910995;0,1749738232178641;0,6013746951170039;-0,2741595369227115;0,0389208314904909;84;25,704545454545453;0,5278514588859416
usa;MSFT;priority;30;30;NVDA,AAPL,AVGO,ORCL,AMD,CSCO,QCOM,TXN,IBM,ACN,ADI,GOOGL,META,NFLX,DIS,VZ,AMZN,TSLA,HD,MCD,LOW,WMT,COST,PG,KO,PEP,PM,BRK-B,JPM,V;TMUS,CMCSA,BKNG,SBUX;;252;10;0,8;60;2,0;0,5;5,0;252,0;1,4387111346029688;0,1044625641417709;0,169322619671784;0,6169439401791785;-0,2368899395687176;0,0415745245466607;91;20,425531914893615;0,5302083333333333
usa;MSFT;priority;30;30;NVDA,AAPL,AVGO,ORCL,AMD,CSCO,QCOM,TXN,IBM,ACN,ADI,GOOGL,META,NFLX,DIS,VZ,AMZN,TSLA,HD,MCD,LOW,WMT,COST,PG,KO,PEP,PM,BRK-B,JPM,V;TMUS,CMCSA,BKNG,SBUX;;252;10;0,8;60;2,0;0,75;5,0;252,0;1,3632961396923178;0,1006025264074332;0,1635121317699189;0,6152603193321035;-0,2368899395687174;0,0459973463069438;102;15,865384615384617;0,5296969696969697
usa;MSFT;priority;30;30;NVDA,AAPL,AVGO,ORCL,AMD,CSCO,QCOM,TXN,IBM,ACN,ADI,GOOGL,META,NFLX,DIS,VZ,AMZN,TSLA,HD,MCD,LOW,WMT,COST,PG,KO,PEP,PM,BRK-B,JPM,V;TMUS,CMCSA,BKNG,SBUX;;252;10;0,8;60;2,0;1,0;5,0;252,0;0,7399974776980565;0,0636784788780748;0,155879771109306;0,408510215436628;-0,2368899395687175;0,0486510393631136;110;12,654545454545454;0,5258620689655172
usa;MSFT;priority;30;30;NVDA,AAPL,AVGO,ORCL,AMD,CSCO,QCOM,TXN,IBM,ACN,ADI,GOOGL,META,NFLX,DIS,VZ,AMZN,TSLA,HD,MCD,LOW,WMT,COST,PG,KO,PEP,PM,BRK-B,JPM,V;TMUS,CMCSA,BKNG,SBUX;;252;10;0,8;60;2,5;0,25;5,0;252,0;0,337601755111337;0,0329511191582123;0,1578591915173799;0,208737412383013;-0,2741595369227115;0,020344980097302;46;31,91304347826087;0,5095367847411444
usa;MSFT;priority;30;30;NVDA,AAPL,AVGO,ORCL,AMD,CSCO,QCOM,TXN,IBM,ACN,ADI,GOOGL,META,NFLX,DIS,VZ,AMZN,TSLA,HD,MCD,LOW,WMT,COST,PG,KO,PEP,PM,BRK-B,JPM,V;TMUS,CMCSA,BKNG,SBUX;;252;10;0,8;60;2,5;0,5;5,0;252,0;0,4088482080609537;0,0389428915443559;0,1524595452695686;0,2554309831863905;-0,2319914649252257;0,0221141088014153;50;24,84;0,5152979066022544
usa;MSFT;priority;30;30;NVDA,AAPL,AVGO,ORCL,AMD,CSCO,QCOM,TXN,IBM,ACN,ADI,GOOGL,META,NFLX,DIS,VZ,AMZN,TSLA,HD,MCD,LOW,WMT,COST,PG,KO,PEP,PM,BRK-B,JPM,V;TMUS,CMCSA,BKNG,SBUX;;252;10;0,8;60;2,5;0,75;5,0;252,0;0,6194081858748699;0,0551976916398566;0,1458187125849827;0,3785364077171343;-0,2319914649252255;0,0238832375055285;54;17,88888888888889;0,5093167701863354
usa;MSFT;priority;30;30;NVDA,AAPL,AVGO,ORCL,AMD,CSCO,QCOM,TXN,IBM,ACN,ADI,GOOGL,META,NFLX,DIS,VZ,AMZN,TSLA,HD,MCD,LOW,WMT,COST,PG,KO,PEP,PM,BRK-B,JPM,V;TMUS,CMCSA,BKNG,SBUX;;252;10;0,8;60;2,5;1,0;5,0;252,0;0,5077030062568062;0,0468252919005125;0,1413732837253047;0,3312174030808849;-0,2319914649252252;0,0256523662096417;58;14,413793103448276;0,5143540669856459
usa;MSFT;priority;30;30;NVDA,AAPL,AVGO,ORCL,AMD,CSCO,QCOM,TXN,IBM,ACN,ADI,GOOGL,META,NFLX,DIS,VZ,AMZN,TSLA,HD,MCD,LOW,WMT,COST,PG,KO,PEP,PM,BRK-B,JPM,V;TMUS,CMCSA,BKNG,SBUX;;252;10;0,8;60;3,0;0,25;5,0;252,0;0,0811327625961149;0,0087324473773264;0,1376948954410682;0,0634188170110043;-0,28498343790818;0,0097302078726227;22;34,72727272727273;0,4869109947643979
usa;MSFT;priority;30;30;NVDA,AAPL,AVGO,ORCL,AMD,CSCO,QCOM,TXN,IBM,ACN,ADI,GOOGL,META,NFLX,DIS,VZ,AMZN,TSLA,HD,MCD,LOW,WMT,COST,PG,KO,PEP,PM,BRK-B,JPM,V;TMUS,CMCSA,BKNG,SBUX;;252;10;0,8;60;3,0;0,5;5,0;252,0;0,1823067120893744;0,0188403757015076;0,1327270736760486;0,1419482489871808;-0,2319914649252255;0,0106147722246793;24;25,083333333333332;0,5049833887043189
usa;MSFT;priority;30;30;NVDA,AAPL,AVGO,ORCL,AMD,CSCO,QCOM,TXN,IBM,ACN,ADI,GOOGL,META,NFLX,DIS,VZ,AMZN,TSLA,HD,MCD,LOW,WMT,COST,PG,KO,PEP,PM,BRK-B,JPM,V;TMUS,CMCSA,BKNG,SBUX;;252;10;0,8;60;3,0;0,75;5,0;252,0;0,1835773756638639;0,0189623586923426;0,1303208985323396;0,1455051254702411;-0,2319914649252257;0,0106147722246793;24;20,916666666666668;0,50199203187251
usa;MSFT;priority;30;30;NVDA,AAPL,AVGO,ORCL,AMD,CSCO,QCOM,TXN,IBM,ACN,ADI,GOOGL,META,NFLX,DIS,VZ,AMZN,TSLA,HD,MCD,LOW,WMT,COST,PG,KO,PEP,PM,BRK-B,JPM,V;TMUS,CMCSA,BKNG,SBUX;;252;10;0,8;60;3,0;1,0;5,0;252,0;0,0639862119920697;0,0069366648770035;0,1270237699119838;0,0546091875702476;-0,2319914649252256;0,0106147722246793;24;19,0;0,5043859649122807
usa;MSFT;priority;30;30;NVDA,AAPL,AVGO,ORCL,AMD,CSCO,QCOM,TXN,IBM,ACN,ADI,GOOGL,META,NFLX,DIS,VZ,AMZN,TSLA,HD,MCD,LOW,WMT,COST,PG,KO,PEP,PM,BRK-B,JPM,V;TMUS,CMCSA,BKNG,SBUX;;252;21;0,8;60;1,0;0,25;5,0;252,0;1,9683718576231608;0,1289236700227876;0,2162923225987294;0,5960621647305059;-0,2966268143725853;0,063688633348076;128;23,88888888888889;0,502906976744186
usa;MSFT;priority;30;30;NVDA,AAPL,AVGO,ORCL,AMD,CSCO,QCOM,TXN,IBM,ACN,ADI,GOOGL,META,NFLX,DIS,VZ,AMZN,TSLA,HD,MCD,LOW,WMT,COST,PG,KO,PEP,PM,BRK-B,JPM,V;TMUS,CMCSA,BKNG,SBUX;;252;21;0,8;60;1,0;0,5;5,0;252,0;1,717565748209902;0,1178707320215668;0,1995417742331521;0,5907070460536359;-0,2662777721188479;0,0804953560371517;173;16,21978021978022;0,5088075880758808
usa;MSFT;priority;30;30;NVDA,AAPL,AVGO,ORCL,AMD,CSCO,QCOM,TXN,IBM,ACN,ADI,GOOGL,META,NFLX,DIS,VZ,AMZN,TSLA,HD,MCD,LOW,WMT,COST,PG,KO,PEP,PM,BRK-B,JPM,V;TMUS,CMCSA,BKNG,SBUX;;252;21;0,8;60;1,0;0,75;5,0;252,0;1,624966127879191;0,1135596294546572;0,1935662213977673;0,5866706940633966;-0,2662777721188479;0,0990712074303405;219;11,803571428571429;0,5075642965204236
usa;MSFT;priority;30;30;NVDA,AAPL,AVGO,ORCL,AMD,CSCO,QCOM,TXN,IBM,ACN,ADI,GOOGL,META,NFLX,DIS,VZ,AMZN,TSLA,HD,MCD,LOW,WMT,COST,PG,KO,PEP,PM,BRK-B,JPM,V;TMUS,CMCSA,BKNG,SBUX;;252;21;0,8;60;1,5;0,25;5,0;252,0;2,2726648428166416;0,1412700120919983;0,2100622812618298;0,6725148905524541;-0,2966268143725853;0,0504201680672268;103;27,035087719298247;0,5146009085009734
usa;MSFT;priority;30;30;NVDA,AAPL,AVGO,ORCL,AMD,CSCO,QCOM,TXN,IBM,ACN,ADI,GOOGL,META,NFLX,DIS,VZ,AMZN,TSLA,HD,MCD,LOW,WMT,COST,PG,KO,PEP,PM,BRK-B,JPM,V;TMUS,CMCSA,BKNG,SBUX;;252;21;0,8;60;1,5;0,5;5,0;252,0;2,080475351711134;0,1335976657247501;0,1893521229754905;0,705551454218672;-0,268403778224045;0,059265811587793;129;18,388059701492537;0,5227272727272727
usa;MSFT;priority;30;30;NVDA,AAPL,AVGO,ORCL,AMD,CSCO,QCOM,TXN,IBM,ACN,ADI,GOOGL,META,NFLX,DIS,VZ,AMZN,TSLA,HD,MCD,LOW,WMT,COST,PG,KO,PEP,PM,BRK-B,JPM,V;TMUS,CMCSA,BKNG,SBUX;;252;21;0,8;60;1,5;0,75;5,0;252,0;1,699057099917352;0,1170195862079543;0,1857475557583936;0,6299926032952197;-0,2684037782240451;0,0619195046439628;136;15,757142857142858;0,5176790571169537
usa;MSFT;priority;30;30;NVDA,AAPL,AVGO,ORCL,AMD,CSCO,QCOM,TXN,IBM,ACN,ADI,GOOGL,META,NFLX,DIS,VZ,AMZN,TSLA,HD,MCD,LOW,WMT,COST,PG,KO,PEP,PM,BRK-B,JPM,V;TMUS,CMCSA,BKNG,SBUX;;252;21;0,8;60;1,5;1,0;5,0;252,0;1,0501293041866462;0,0833021707118675;0,1754303099049945;0,4748448016593048;-0,2662777721188478;0,0716497125165855;161;11,37037037037037;0,50814332247557
usa;MSFT;priority;30;30;NVDA,AAPL,AVGO,ORCL,AMD,CSCO,QCOM,TXN,IBM,ACN,ADI,GOOGL,META,NFLX,DIS,VZ,AMZN,TSLA,HD,MCD,LOW,WMT,COST,PG,KO,PEP,PM,BRK-B,JPM,V;TMUS,CMCSA,BKNG,SBUX;;252;21;0,8;60;2,0;0,25;5,0;252,0;2,153379379504326;0,136556834893101;0,2043034421875893;0,6684020270579479;-0,2966268143725852;0,0389208314904909;80;30,954545454545453;0,5205580029368576
usa;MSFT;priority;30;30;NVDA,AAPL,AVGO,ORCL,AMD,CSCO,QCOM,TXN,IBM,ACN,ADI,GOOGL,META,NFLX,DIS,VZ,AMZN,TSLA,HD,MCD,LOW,WMT,COST,PG,KO,PEP,PM,BRK-B,JPM,V;TMUS,CMCSA,BKNG,SBUX;;252;21;0,8;60;2,0;0,5;5,0;252,0;2,031752002855329;0,1315851006001274;0,1818296513287663;0,7236724023751676;-0,252141326048116;0,0433436532507739;95;20,979591836734695;0,5262645914396887
usa;MSFT;priority;30;30;NVDA,AAPL,AVGO,ORCL,AMD,CSCO,QCOM,TXN,IBM,ACN,ADI,GOOGL,META,NFLX,DIS,VZ,AMZN,TSLA,HD,MCD,LOW,WMT,COST,PG,KO,PEP,PM,BRK-B,JPM,V;TMUS,CMCSA,BKNG,SBUX;;252;21;0,8;60;2,0;0,75;5,0;252,0;1,4702412436819243;0,1060450307042306;0,1783421672944736;0,5946155769719456;-0,2521413260481159;0,0433436532507739;96;18,6734693877551;0,5191256830601093
usa;MSFT;priority;30;30;NVDA,AAPL,AVGO,ORCL,AMD,CSCO,QCOM,TXN,IBM,ACN,ADI,GOOGL,META,NFLX,DIS,VZ,AMZN,TSLA,HD,MCD,LOW,WMT,COST,PG,KO,PEP,PM,BRK-B,JPM,V;TMUS,CMCSA,BKNG,SBUX;;252;21;0,8;60;2,0;1,0;5,0;252,0;0,7746426353128273;0,0660183575381636;0,1664410529444516;0,3966470793728802;-0,2521413260481158;0,0451127819548872;102;13,92156862745098;0,5084507042253521
usa;MSFT;priority;30;30;NVDA,AAPL,AVGO,ORCL,AMD,CSCO,QCOM,TXN,IBM,ACN,ADI,GOOGL,META,NFLX,DIS,VZ,AMZN,TSLA,HD,MCD,LOW,WMT,COST,PG,KO,PEP,PM,BRK-B,JPM,V;TMUS,CMCSA,BKNG,SBUX;;252;21;0,8;60;2,5;0,25;5,0;252,0;0,9075114752027365;0,0746313292777112;0,1839124509383961;0,4057981332797851;-0,2966268143725853;0,020344980097302;45;39,47826086956522;0,51431718061674
usa;MSFT;priority;30;30;NVDA,AAPL,AVGO,ORCL,AMD,CSCO,QCOM,TXN,IBM,ACN,ADI,GOOGL,META,NFLX,DIS,VZ,AMZN,TSLA,HD,MCD,LOW,WMT,COST,PG,KO,PEP,PM,BRK-B,JPM,V;TMUS,CMCSA,BKNG,SBUX;;252;21;0,8;60;2,5;0,5;5,0;252,0;0,8625364916864271;0,0717773102080874;0,1627915742156939;0,4409153886120951;-0,2490210635788464;0,0221141088014153;50;23,24;0,5232358003442341
usa;MSFT;priority;30;30;NVDA,AAPL,AVGO,ORCL,AMD,CSCO,QCOM,TXN,IBM,ACN,ADI,GOOGL,META,NFLX,DIS,VZ,AMZN,TSLA,HD,MCD,LOW,WMT,COST,PG,KO,PEP,PM,BRK-B,JPM,V;TMUS,CMCSA,BKNG,SBUX;;252;21;0,8;60;2,5;0,75;5,0;252,0;0,8180504990719741;0,0688934318538776;0,1608790105696913;0,4282313249560521;-0,2490210635788463;0,0221141088014153;50;20,88;0,5210727969348659
usa;MSFT;priority;30;30;NVDA,AAPL,AVGO,ORCL,AMD,CSCO,QCOM,TXN,IBM,ACN,ADI,GOOGL,META,NFLX,DIS,VZ,AMZN,TSLA,HD,MCD,LOW,WMT,COST,PG,KO,PEP,PM,BRK-B,JPM,V;TMUS,CMCSA,BKNG,SBUX;;252;21;0,8;60;2,5;1,0;5,0;252,0;0,5326045942778341;0,0487383137720625;0,1505891541895285;0,3236508899619784;-0,2490210635788463;0,0229986731534719;52;14,653846153846152;0,5118110236220472
usa;MSFT;priority;30;30;NVDA,AAPL,AVGO,ORCL,AMD,CSCO,QCOM,TXN,IBM,ACN,ADI,GOOGL,META,NFLX,DIS,VZ,AMZN,TSLA,HD,MCD,LOW,WMT,COST,PG,KO,PEP,PM,BRK-B,JPM,V;TMUS,CMCSA,BKNG,SBUX;;252;21;0,8;60;3,0;0,25;5,0;252,0;0,2872915922967052;0,0285467930646028;0,1617544833870336;0,1764822369485628;-0,296626814372585;0,0106147722246793;23;41,833333333333336;0,5099601593625498
usa;MSFT;priority;30;30;NVDA,AAPL,AVGO,ORCL,AMD,CSCO,QCOM,TXN,IBM,ACN,ADI,GOOGL,META,NFLX,DIS,VZ,AMZN,TSLA,HD,MCD,LOW,WMT,COST,PG,KO,PEP,PM,BRK-B,JPM,V;TMUS,CMCSA,BKNG,SBUX;;252;21;0,8;60;3,0;0,5;5,0;252,0;0,2725499746533351;0,0272272846592367;0,1488712086792275;0,1828915402836777;-0,2490210635788466;0,0114993365767359;26;30,846153846153847;0,5112219451371571
usa;MSFT;priority;30;30;NVDA,AAPL,AVGO,ORCL,AMD,CSCO,QCOM,TXN,IBM,ACN,ADI,GOOGL,META,NFLX,DIS,VZ,AMZN,TSLA,HD,MCD,LOW,WMT,COST,PG,KO,PEP,PM,BRK-B,JPM,V;TMUS,CMCSA,BKNG,SBUX;;252;21;0,8;60;3,0;0,75;5,0;252,0;0,2410900486162541;0,0243652946815744;0,1483086497814682;0,1642877520459969;-0,2490210635788465;0,0114993365767359;26;29,23076923076923;0,5078947368421053
usa;MSFT;priority;30;30;NVDA,AAPL,AVGO,ORCL,AMD,CSCO,QCOM,TXN,IBM,ACN,ADI,GOOGL,META,NFLX,DIS,VZ,AMZN,TSLA,HD,MCD,LOW,WMT,COST,PG,KO,PEP,PM,BRK-B,JPM,V;TMUS,CMCSA,BKNG,SBUX;;252;21;0,8;60;3,0;1,0;5,0;252,0;0,106807404733155;0,0113746311094153;0,138814166085692;0,081941428819258;-0,2490210635788468;0,0114993365767359;26;19,23076923076923;0,484
usa;MSFT;priority;30;30;NVDA,AAPL,AVGO,ORCL,AMD,CSCO,QCOM,TXN,IBM,ACN,ADI,GOOGL,META,NFLX,DIS,VZ,AMZN,TSLA,HD,MCD,LOW,WMT,COST,PG,KO,PEP,PM,BRK-B,JPM,V;TMUS,CMCSA,BKNG,SBUX;;252;63;0,8;60;1,0;0,25;5,0;252,0;1,7323675471455688;0,1185477144752336;0,2077832775081361;0,5705353958072572;-0,2471849904509273;0,0605926581158779;121;24,869565217391305;0,5023310023310024
usa;MSFT;priority;30;30;NVDA,AAPL,AVGO,ORCL,AMD,CSCO,QCOM,TXN,IBM,ACN,ADI,GOOGL,META,NFLX,DIS,VZ,AMZN,TSLA,HD,MCD,LOW,WMT,COST,PG,KO,PEP,PM,BRK-B,JPM,V;TMUS,CMCSA,BKNG,SBUX;;252;63;0,8;60;1,0;0,5;5,0;252,0;0,6536526206575823;0,0576615862668101;0,1985584196386754;0,2904011140486473;-0,2824155389938606;0,0650154798761609;141;21,364864864864863;0,4984187223276407
usa;MSFT;priority;30;30;NVDA,AAPL,AVGO,ORCL,AMD,CSCO,QCOM,TXN,IBM,ACN,ADI,GOOGL,META,NFLX,DIS,VZ,AMZN,TSLA,HD,MCD,LOW,WMT,COST,PG,KO,PEP,PM,BRK-B,JPM,V;TMUS,CMCSA,BKNG,SBUX;;252;63;0,8;60;1,0;0,75;5,0;252,0;0,5494763919003889;0,050018826089655;0,1780425848856001;0,2809374292211846;-0,2582979879203921;0,0880141530296329;196;13,99;0,5067905646890636
usa;MSFT;priority;30;30;NVDA,AAPL,AVGO,ORCL,AMD,CSCO,QCOM,TXN,IBM,ACN,ADI,GOOGL,META,NFLX,DIS,VZ,AMZN,TSLA,HD,MCD,LOW,WMT,COST,PG,KO,PEP,PM,BRK-B,JPM,V;TMUS,CMCSA,BKNG,SBUX;;252;63;0,8;60;1,5;0,25;5,0;252,0;1,3544813439379175;0,1001442311651579;0,201316605674332;0,4974464517207303;-0,2356000723812521;0,0464396284829721;96;29,60377358490566;0,502868068833652
usa;MSFT;priority;30;30;NVDA,AAPL,AVGO,ORCL,AMD,CSCO,QCOM,TXN,IBM,ACN,ADI,GOOGL,META,NFLX,DIS,VZ,AMZN,TSLA,HD,MCD,LOW,WMT,COST,PG,KO,PEP,PM,BRK-B,JPM,V;TMUS,CMCSA,BKNG,SBUX;;252;63;0,8;60;1,5;0,5;5,0;252,0;0,7832212713597777;0,0665914716833353;0,1905775543288751;0,3494192792946646;-0,2482312763941668;0,0499778858911985;109;24,28070175438597;0,5021676300578035
usa;MSFT;priority;30;30;NVDA,AAPL,AVGO,ORCL,AMD,CSCO,QCOM,TXN,IBM,ACN,ADI,GOOGL,META,NFLX,DIS,VZ,AMZN,TSLA,HD,MCD,LOW,WMT,COST,PG,KO,PEP,PM,BRK-B,JPM,V;TMUS,CMCSA,BKNG,SBUX;;252;63;0,8;60;1,5;0,75;5,0;252,0;0,4799780742669188;0,0446620564836528;0,1713948415955688;0,2605799338409466;-0,2356000723812521;0,0552852720035382;123;19,095238095238095;0,5029093931837074
usa;MSFT;priority;30;30;NVDA,AAPL,AVGO,ORCL,AMD,CSCO,QCOM,TXN,IBM,ACN,ADI,GOOGL,META,NFLX,DIS,VZ,AMZN,TSLA,HD,MCD,LOW,WMT,COST,PG,KO,PEP,PM,BRK-B,JPM,V;TMUS,CMCSA,BKNG,SBUX;;252;63;0,8;60;1,5;1,0;5,0;252,0;0,4953246902370918;0,0458638802887165;0,1668858690575849;0,2748218321162409;-0,2731238316553874;0,0628040689960194;140;14,859154929577464;0,5090047393364929
usa;MSFT;priority;30;30;NVDA,AAPL,AVGO,ORCL,AMD,CSCO,QCOM,TXN,IBM,ACN,ADI,GOOGL,META,NFLX,DIS,VZ,AMZN,TSLA,HD,MCD,LOW,WMT,COST,PG,KO,PEP,PM,BRK-B,JPM,V;TMUS,CMCSA,BKNG,SBUX;;252;63;0,8;60;2,0;0,25;5,0;252,0;0,7660321254399021;0,065440633232809;0,1925377886518927;0,3398846205257158;-0,2283229710166826;0,0358248562582927;76;33,90243902439025;0,4985611510791367
usa;MSFT;priority;30;30;NVDA,AAPL,AVGO,ORCL,AMD,CSCO,QCOM,TXN,IBM,ACN,ADI,GOOGL,META,NFLX,DIS,VZ,AMZN,TSLA,HD,MCD,LOW,WMT,COST,PG,KO,PEP,PM,BRK-B,JPM,V;TMUS,CMCSA,BKNG,SBUX;;252;63;0,8;60;2,0;0,5;5,0;252,0;0,4704431368010431;0,0439097674796264;0,1807754220381944;0,2428967775848931;-0,2313112795380708;0,0384785493144626;85;27,431818181818183;0,5028997514498758
usa;MSFT;priority;30;30;NVDA,AAPL,AVGO,ORCL,AMD,CSCO,QCOM,TXN,IBM,ACN,ADI,GOOGL,META,NFLX,DIS,VZ,AMZN,TSLA,HD,MCD,LOW,WMT,COST,PG,KO,PEP,PM,BRK-B,JPM,V;TMUS,CMCSA,BKNG,SBUX;;252;63;0,8;60;2,0;0,75;5,0;252,0;0,1586683376046098;0,0165495976640608;0,1608944785397896;0,1028599478009313;-0,2609780143573027;0,0393631136665192;88;23,64444444444445;0,5
usa;MSFT;priority;30;30;NVDA,AAPL,AVGO,ORCL,AMD,CSCO,QCOM,TXN,IBM,ACN,ADI,GOOGL,META,NFLX,DIS,VZ,AMZN,TSLA,HD,MCD,LOW,WMT,COST,PG,KO,PEP,PM,BRK-B,JPM,V;TMUS,CMCSA,BKNG,SBUX;;252;63;0,8;60;2,0;1,0;5,0;252,0;0,1255174996711279;0,0132660013750196;0,1559645883613873;0,085057778271314;-0,3125920163952245;0,0415745245466607;93;19,319148936170212;0,5066079295154186
usa;MSFT;priority;30;30;NVDA,AAPL,AVGO,ORCL,AMD,CSCO,QCOM,TXN,IBM,ACN,ADI,GOOGL,META,NFLX,DIS,VZ,AMZN,TSLA,HD,MCD,LOW,WMT,COST,PG,KO,PEP,PM,BRK-B,JPM,V;TMUS,CMCSA,BKNG,SBUX;;252;63;0,8;60;2,5;0,25;5,0;252,0;0,362094231911481;0,0350422380699553;0,1748298224785964;0,2004362732464901;-0,2468892621108441;0,0243255196815568;52;37,57142857142857;0,4980988593155893
usa;MSFT;priority;30;30;NVDA,AAPL,AVGO,ORCL,AMD,CSCO,QCOM,TXN,IBM,ACN,ADI,GOOGL,META,NFLX,DIS,VZ,AMZN,TSLA,HD,MCD,LOW,WMT,COST,PG,KO,PEP,PM,BRK-B,JPM,V;TMUS,CMCSA,BKNG,SBUX;;252;63;0,8;60;2,5;0,5;5,0;252,0;0,2043770057365845;0,0209427470996406;0,1658886518372361;0,1262458092684295;-0,250694276464519;0,02609464838567;58;31,433333333333337;0,4984093319194062
usa;MSFT;priority;30;30;NVDA,AAPL,AVGO,ORCL,AMD,CSCO,QCOM,TXN,IBM,ACN,ADI,GOOGL,META,NFLX,DIS,VZ,AMZN,TSLA,HD,MCD,LOW,WMT,COST,PG,KO,PEP,PM,BRK-B,JPM,V;TMUS,CMCSA,BKNG,SBUX;;252;63;0,8;60;2,5;0,75;5,0;252,0;-0,0143270771658694;-0,0016070825649999;0,144397540545701;-0,0111295702054657;-0,2557565716470863;0,0269792127377266;61;26,516129032258064;0,4963503649635036
usa;MSFT;priority;30;30;NVDA,AAPL,AVGO,ORCL,AMD,CSCO,QCOM,TXN,IBM,ACN,ADI,GOOGL,META,NFLX,DIS,VZ,AMZN,TSLA,HD,MCD,LOW,WMT,COST,PG,KO,PEP,PM,BRK-B,JPM,V;TMUS,CMCSA,BKNG,SBUX;;252;63;0,8;60;2,5;1,0;5,0;252,0;0,0337687399019974;0,0037084054049296;0,1403518023397308;0,0264222143435909;-0,2793437811465225;0,0283060592658115;64;21,90625;0,5035663338088445
usa;MSFT;priority;30;30;NVDA,AAPL,AVGO,ORCL,AMD,CSCO,QCOM,TXN,IBM,ACN,ADI,GOOGL,META,NFLX,DIS,VZ,AMZN,TSLA,HD,MCD,LOW,WMT,COST,PG,KO,PEP,PM,BRK-B,JPM,V;TMUS,CMCSA,BKNG,SBUX;;252;63;0,8;60;3,0;0,25;5,0;252,0;0,3821563656973563;0,0367303570711423;0,162019391806385;0,2267034622314564;-0,2249911351737091;0,015922158337019;34;44,888888888888886;0,5037128712871287
usa;MSFT;priority;30;30;NVDA,AAPL,AVGO,ORCL,AMD,CSCO,QCOM,TXN,IBM,ACN,ADI,GOOGL,META,NFLX,DIS,VZ,AMZN,TSLA,HD,MCD,LOW,WMT,COST,PG,KO,PEP,PM,BRK-B,JPM,V;TMUS,CMCSA,BKNG,SBUX;;252;63;0,8;60;3,0;0,5;5,0;252,0;0,1227890155453865;0,0129919317979514;0,1527221404678053;0,0850690787737499;-0,2734791990691637;0,015922158337019;35;38,0;0,4970760233918128
usa;MSFT;priority;30;30;NVDA,AAPL,AVGO,ORCL,AMD,CSCO,QCOM,TXN,IBM,ACN,ADI,GOOGL,META,NFLX,DIS,VZ,AMZN,TSLA,HD,MCD,LOW,WMT,COST,PG,KO,PEP,PM,BRK-B,JPM,V;TMUS,CMCSA,BKNG,SBUX;;252;63;0,8;60;3,0;0,75;5,0;252,0;-0,0517693773840238;-0,0059071623589147;0,1284390674482427;-0,045991943699647;-0,247597665955693;0,015922158337019;36;30,27777777777778;0,4954128440366973
usa;MSFT;priority;30;30;NVDA,AAPL,AVGO,ORCL,AMD,CSCO,QCOM,TXN,IBM,ACN,ADI,GOOGL,META,NFLX,DIS,VZ,AMZN,TSLA,HD,MCD,LOW,WMT,COST,PG,KO,PEP,PM,BRK-B,JPM,V;TMUS,CMCSA,BKNG,SBUX;;252;63;0,8;60;3,0;1,0;5,0;252,0;0,035016717790391;0,0038433819239234;0,1247847520187501;0,0308000926535151;-0,259430073408905;0,0168067226890756;38;23,473684210526315;0,5044843049327354
usa;AMZN;priority;30;30;NVDA,AAPL,MSFT,AVGO,ORCL,AMD,CSCO,QCOM,TXN,IBM,ACN,ADI,GOOGL,META,NFLX,DIS,VZ,TSLA,HD,MCD,LOW,WMT,COST,PG,KO,PEP,PM,BRK-B,JPM,V;TMUS,CMCSA,BKNG,SBUX;;252;5;0,8;60;1,0;0,25;5,0;252,0;1,146825816306917;0,0888810739593728;0,2363674347266633;0,3760292701156376;-0,3266247391714045;0,0601503759398496;133;22,558823529411764;0,5078226857887875
usa;AMZN;priority;30;30;NVDA,AAPL,MSFT,AVGO,ORCL,AMD,CSCO,QCOM,TXN,IBM,ACN,ADI,GOOGL,META,NFLX,DIS,VZ,TSLA,HD,MCD,LOW,WMT,COST,PG,KO,PEP,PM,BRK-B,JPM,V;TMUS,CMCSA,BKNG,SBUX;;252;5;0,8;60;1,0;0,5;5,0;252,0;1,3078773556982115;0,0976955756039483;0,2278709285692916;0,4287320730965505;-0,3386470142633566;0,0689960194604157;154;17,94871794871795;0,5078571428571429
usa;AMZN;priority;30;30;NVDA,AAPL,MSFT,AVGO,ORCL,AMD,CSCO,QCOM,TXN,IBM,ACN,ADI,GOOGL,META,NFLX,DIS,VZ,TSLA,HD,MCD,LOW,WMT,COST,PG,KO,PEP,PM,BRK-B,JPM,V;TMUS,CMCSA,BKNG,SBUX;;252;5;0,8;60;1,0;0,75;5,0;252,0;1,4275815266997816;0,1038996363744175;0,2155298190377816;0,4820661792334375;-0,2793481316762413;0,0946483856700575;212;11,5607476635514;0,513338722716249
usa;AMZN;priority;30;30;NVDA,AAPL,MSFT,AVGO,ORCL,AMD,CSCO,QCOM,TXN,IBM,ACN,ADI,GOOGL,META,NFLX,DIS,VZ,TSLA,HD,MCD,LOW,WMT,COST,PG,KO,PEP,PM,BRK-B,JPM,V;TMUS,CMCSA,BKNG,SBUX;;252;5;0,8;60;1,5;0,25;5,0;252,0;2,357322572984922;0,1445232374724894;0,2197621773909394;0,6576347176220139;-0,281238522730882;0,047766475011057;106;24,03703703703704;0,5138674884437596
usa;AMZN;priority;30;30;NVDA,AAPL,MSFT,AVGO,ORCL,AMD,CSCO,QCOM,TXN,IBM,ACN,ADI,GOOGL,META,NFLX,DIS,VZ,TSLA,HD,MCD,LOW,WMT,COST,PG,KO,PEP,PM,BRK-B,JPM,V;TMUS,CMCSA,BKNG,SBUX;;252;5;0,8;60;1,5;0,5;5,0;252,0;2,2834882551258504;0,1416900744859184;0,2136616500660025;0,6631516439293093;-0,2940711120876613;0,0513047324192835;115;20,155172413793103;0,5132591958939264
usa;AMZN;priority;30;30;NVDA,AAPL,MSFT,AVGO,ORCL,AMD,CSCO,QCOM,TXN,IBM,ACN,ADI,GOOGL,META,NFLX,DIS,VZ,TSLA,HD,MCD,LOW,WMT,COST,PG,KO,PEP,PM,BRK-B,JPM,V;TMUS,CMCSA,BKNG,SBUX;;252;5;0,8;60;1,5;0,75;5,0;252,0;1,7223628456548128;0,118090492554159;0,1995184081195862;0,5918776801956971;-0,2926354304806148;0,0583812472357364;131;15,181818181818182;0,5169660678642715
usa;AMZN;priority;30;30;NVDA,AAPL,MSFT,AVGO,ORCL,AMD,CSCO,QCOM,TXN,IBM,ACN,ADI,GOOGL,META,NFLX,DIS,VZ,TSLA,HD,MCD,LOW,WMT,COST,PG,KO,PEP,PM,BRK-B,JPM,V;TMUS,CMCSA,BKNG,SBUX;;252;5;0,8;60;1,5;1,0;5,0;252,0;2,3771310526415825;0,1452739039142154;0,1845528437558572;0,7871669759063513;-0,2630994970628638;0,0734188412206988;166;10,0;0,5337349397590362
usa;AMZN;priority;30;30;NVDA,AAPL,MSFT,AVGO,ORCL,AMD,CSCO,QCOM,TXN,IBM,ACN,ADI,GOOGL,META,NFLX,DIS,VZ,TSLA,HD,MCD,LOW,WMT,COST,PG,KO,PEP,PM,BRK-B,JPM,V;TMUS,CMCSA,BKNG,SBUX;;252;5;0,8;60;2,0;0,25;5,0;252,0;1,9345621646473572;0,1274832293178478;0,1972230205007502;0,6463912224555087;-0,2630994970628642;0,0353825740822644;79;24,875;0,5105527638190954
usa;AMZN;priority;30;30;NVDA,AAPL,MSFT,AVGO,ORCL,AMD,CSCO,QCOM,TXN,IBM,ACN,ADI,GOOGL,META,NFLX,DIS,VZ,TSLA,HD,MCD,LOW,WMT,COST,PG,KO,PEP,PM,BRK-B,JPM,V;TMUS,CMCSA,BKNG,SBUX;;252;5;0,8;60;2,0;0,5;5,0;252,0;1,584531551153253;0,1116346168736528;0,1926677537061765;0,5794151575769063;-0,2790400250307076;0,0353825740822644;79;22,025;0,5051078320090806
usa;AMZN;priority;30;30;NVDA,AAPL,MSFT,AVGO,ORCL,AMD,CSCO,QCOM,TXN,IBM,ACN,ADI,GOOGL,META,NFLX,DIS,VZ,TSLA,HD,MCD,LOW,WMT,COST,PG,KO,PEP,PM,BRK-B,JPM,V;TMUS,CMCSA,BKNG,SBUX;;252;5;0,8;60;2,0;0,75;5,0;252,0;0,7956855557985683;0,0674198245614361;0,1812259322793764;0,372020845546002;-0,3145443030052439;0,0353825740822644;79;19,075;0,5032765399737876
usa;AMZN;priority;30;30;NVDA,AAPL,MSFT,AVGO,ORCL,AMD,CSCO,QCOM,TXN,IBM,ACN,ADI,GOOGL,META,NFLX,DIS,VZ,TSLA,HD,MCD,LOW,WMT,COST,PG,KO,PEP,PM,BRK-B,JPM,V;TMUS,CMCSA,BKNG,SBUX;;252;5;0,8;60;2,0;1,0;5,0;252,0;1,1883394456794978;0,0912079452549277;0,1672595535133937;0,5453078364676132;-0,345372404777155;0,0424590888987173;96;12,625;0,5148514851485149
usa;AMZN;priority;30;30;NVDA,AAPL,MSFT,AVGO,ORCL,AMD,CSCO,QCOM,TXN,IBM,ACN,ADI,GOOGL,META,NFLX,DIS,VZ,TSLA,HD,MCD,LOW,WMT,COST,PG,KO,PEP,PM,BRK-B,JPM,V;TMUS,CMCSA,BKNG,SBUX;;252;5;0,8;60;2,5;0,25;5,0;252,0;2,259702952530113;0,1407653268341875;0,175142572454955;0,8037185069346349;-0,1975518775158355;0,0265369305616983;59;24,433333333333337;0,5225102319236017
usa;AMZN;priority;30;30;NVDA,AAPL,MSFT,AVGO,ORCL,AMD,CSCO,QCOM,TXN,IBM,ACN,ADI,GOOGL,META,NFLX,DIS,VZ,TSLA,HD,MCD,LOW,WMT,COST,PG,KO,PEP,PM,BRK-B,JPM,V;TMUS,CMCSA,BKNG,SBUX;;252;5;0,8;60;2,5;0,5;5,0;252,0;2,0090984143720165;0,1306395676933953;0,170575748149591;0,7658742178215594;-0,1975518775158354;0,0265369305616983;59;21,266666666666666;0,5172413793103449
usa;AMZN;priority;30;30;NVDA,AAPL,MSFT,AVGO,ORCL,AMD,CSCO,QCOM,TXN,IBM,ACN,ADI,GOOGL,META,NFLX,DIS,VZ,TSLA,HD,MCD,LOW,WMT,COST,PG,KO,PEP,PM,BRK-B,JPM,V;TMUS,CMCSA,BKNG,SBUX;;252;5;0,8;60;2,5;0,75;5,0;252,0;1,1799135016969884;0,0907388560302644;0,1591282284475988;0,5702247609709604;-0,1975518775158352;0,0265369305616983;59;17,866666666666667;0,5186567164179104
usa;AMZN;priority;30;30;NVDA,AAPL,MSFT,AVGO,ORCL,AMD,CSCO,QCOM,TXN,IBM,ACN,ADI,GOOGL,META,NFLX,DIS,VZ,TSLA,HD,MCD,LOW,WMT,COST,PG,KO,PEP,PM,BRK-B,JPM,V;TMUS,CMCSA,BKNG,SBUX;;252;5;0,8;60;2,5;1,0;5,0;252,0;1,4320654470012657;0,1041267051999792;0,1471260561207513;0,7077380305397362;-0,2153987208565246;0,0300751879699248;68;12,411764705882351;0,5379146919431279
usa;AMZN;priority;30;30;NVDA,AAPL,MSFT,AVGO,ORCL,AMD,CSCO,QCOM,TXN,IBM,ACN,ADI,GOOGL,META,NFLX,DIS,VZ,TSLA,HD,MCD,LOW,WMT,COST,PG,KO,PEP,PM,BRK-B,JPM,V;TMUS,CMCSA,BKNG,SBUX;;252;5;0,8;60;3,0;0,25;5,0;252,0;1,9327508736432204;0,1274056449713596;0,1586889101458827;0,802864200492874;-0,1975518775158353;0,0194604157452454;43;23,818181818181817;0,5095419847328244
usa;AMZN;priority;30;30;NVDA,AAPL,MSFT,AVGO,ORCL,AMD,CSCO,QCOM,TXN,IBM,ACN,ADI,GOOGL,META,NFLX,DIS,VZ,TSLA,HD,MCD,LOW,WMT,COST,PG,KO,PEP,PM,BRK-B,JPM,V;TMUS,CMCSA,BKNG,SBUX;;252;5;0,8;60;3,0;0,5;5,0;252,0;1,6612153759589168;0,1152631177914726;0,1549286075647703;0,7439756905017373;-0,1975518775158352;0,0194604157452454;43;20,818181818181817;0,4956331877729257
usa;AMZN;priority;30;30;NVDA,AAPL,MSFT,AVGO,ORCL,AMD,CSCO,QCOM,TXN,IBM,ACN,ADI,GOOGL,META,NFLX,DIS,VZ,TSLA,HD,MCD,LOW,WMT,COST,PG,KO,PEP,PM,BRK-B,JPM,V;TMUS,CMCSA,BKNG,SBUX;;252;5;0,8;60;3,0;0,75;5,0;252,0;0,9816240121221254;0,0792064599516566;0,1460259623486963;0,5424135453565376;-0,1975518775158353;0,0194604157452454;43;18,09090909090909;0,4899497487437186
usa;AMZN;priority;30;30;NVDA,AAPL,MSFT,AVGO,ORCL,AMD,CSCO,QCOM,TXN,IBM,ACN,ADI,GOOGL,META,NFLX,DIS,VZ,TSLA,HD,MCD,LOW,WMT,COST,PG,KO,PEP,PM,BRK-B,JPM,V;TMUS,CMCSA,BKNG,SBUX;;252;5;0,8;60;3,0;1,0;5,0;252,0;0,8050238007568764;0,068037085716786;0,1286237908938777;0,5289619069999316;-0,1975518775158354;0,0194604157452454;44;13,772727272727272;0,504950495049505
usa;AMZN;priority;30;30;NVDA,AAPL,MSFT,AVGO,ORCL,AMD,CSCO,QCOM,TXN,IBM,ACN,ADI,GOOGL,META,NFLX,DIS,VZ,TSLA,HD,MCD,LOW,WMT,COST,PG,KO,PEP,PM,BRK-B,JPM,V;TMUS,CMCSA,BKNG,SBUX;;252;10;0,8;60;1,0;0,25;5,0;252,0;1,5867306906927707;0,1117399994647154;0,2562924917836298;0,4359862385631254;-0,3306265544906214;0,0610349402919062;134;22,231884057971016;0,4967405475880052
usa;AMZN;priority;30;30;NVDA,AAPL,MSFT,AVGO,ORCL,AMD,CSCO,QCOM,TXN,IBM,ACN,ADI,GOOGL,META,NFLX,DIS,VZ,TSLA,HD,MCD,LOW,WMT,COST,PG,KO,PEP,PM,BRK-B,JPM,V;TMUS,CMCSA,BKNG,SBUX;;252;10;0,8;60;1,0;0,5;5,0;252,0;1,7224339738034715;0,1180937484266462;0,2480384628942673;0,4761106283624515;-0,3355091736359914;0,0698805838124723;155;17,379746835443036;0,4989075018208303
usa;AMZN;priority;30;30;NVDA,AAPL,MSFT,AVGO,ORCL,AMD,CSCO,QCOM,TXN,IBM,ACN,ADI,GOOGL,META,NFLX,DIS,VZ,TSLA,HD,MCD,LOW,WMT,COST,PG,KO,PEP,PM,BRK-B,JPM,V;TMUS,CMCSA,BKNG,SBUX;;252;10;0,8;60;1,0;0,75;5,0;252,0;2,7591500124685617;0,1590353449453001;0,2363107101069928;0,6729925396665041;-0,3029491436221098;0,0937638213180008;209;11,452830188679243;0,5024711696869851
usa;AMZN;priority;30;30;NVDA,AAPL,MSFT,AVGO,ORCL,AMD,CSCO,QCOM,TXN,IBM,ACN,ADI,GOOGL,META,NFLX,DIS,VZ,TSLA,HD,MCD,LOW,WMT,COST,PG,KO,PEP,PM,BRK-B,JPM,V;TMUS,CMCSA,BKNG,SBUX;;252;10;0,8;60;1,5;0,25;5,0;252,0;1,6187081042698126;0,1132634278643716;0,2437011068957134;0,4647636988897232;-0,3222864680900472;0,0442282176028306;98;26,44;0,4939485627836611
usa;AMZN;priority;30;30;NVDA,AAPL,MSFT,AVGO,ORCL,AMD,CSCO,QCOM,TXN,IBM,ACN,ADI,GOOGL,META,NFLX,DIS,VZ,TSLA,HD,MCD,LOW,WMT,COST,PG,KO,PEP,PM,BRK-B,JPM,V;TMUS,CMCSA,BKNG,SBUX;;252;10;0,8;60;1,5;0,5;5,0;252,0;2,047208430269661;0,1322266365706932;0,2342064396835668;0,5645730183565527;-0,3003054335240087;0,0486510393631136;109;20,854545454545455;0,4986922406277245
usa;AMZN;priority;30;30;NVDA,AAPL,MSFT,AVGO,ORCL,AMD,CSCO,QCOM,TXN,IBM,ACN,ADI,GOOGL,META,NFLX,DIS,VZ,TSLA,HD,MCD,LOW,WMT,COST,PG,KO,PEP,PM,BRK-B,JPM,V;TMUS,CMCSA,BKNG,SBUX;;252;10;0,8;60;1,5;0,75;5,0;252,0;2,416550732512098;0,1467561933053562;0,2213478117616742;0,6630117195979739;-0,2998730262341702;0,0566121185316231;127;15,515625;0,4974823766364551
usa;AMZN;priority;30;30;NVDA,AAPL,MSFT,AVGO,ORCL,AMD,CSCO,QCOM,TXN,IBM,ACN,ADI,GOOGL,META,NFLX,DIS,VZ,TSLA,HD,MCD,LOW,WMT,COST,PG,KO,PEP,PM,BRK-B,JPM,V;TMUS,CMCSA,BKNG,SBUX;;252;10;0,8;60;1,5;1,0;5,0;252,0;2,0398076916933445;0,1319198224683919;0,2098677325456576;0,6285855422757389;-0,2699512970886013;0,0689960194604157;155;11,038461538461538;0,5087108013937283
usa;AMZN;priority;30;30;NVDA,AAPL,MSFT,AVGO,ORCL,AMD,CSCO,QCOM,TXN,IBM,ACN,ADI,GOOGL,META,NFLX,DIS,VZ,TSLA,HD,MCD,LOW,WMT,COST,PG,KO,PEP,PM,BRK-B,JPM,V;TMUS,CMCSA,BKNG,SBUX;;252;10;0,8;60;2,0;0,25;5,0;252,0;1,831632031322333;0,1230053166659037;0,222952412102116;0,5517110826751909;-0,2916499268949338;0,0327288810260946;73;28,405405405405407;0,4900095147478592
usa;AMZN;priority;30;30;NVDA,AAPL,MSFT,AVGO,ORCL,AMD,CSCO,QCOM,TXN,IBM,ACN,ADI,GOOGL,META,NFLX,DIS,VZ,TSLA,HD,MCD,LOW,WMT,COST,PG,KO,PEP,PM,BRK-B,JPM,V;TMUS,CMCSA,BKNG,SBUX;;252;10;0,8;60;2,0;0,5;5,0;252,0;1,907209096279367;0,1263070376051918;0,2119276080293325;0,5959914273543344;-0,2717746558065903;0,0336134453781512;75;22,92105263157895;0,4856486796785304
usa;AMZN;priority;30;30;NVDA,AAPL,MSFT,AVGO,ORCL,AMD,CSCO,QCOM,TXN,IBM,ACN,ADI,GOOGL,META,NFLX,DIS,VZ,TSLA,HD,MCD,LOW,WMT,COST,PG,KO,PEP,PM,BRK-B,JPM,V;TMUS,CMCSA,BKNG,SBUX;;252;10;0,8;60;2,0;0,75;5,0;252,0;1,2558489791725922;0,094909456694153;0,2007574836946804;0,4727567558004212;-0,2699512970886015;0,0344980097302078;77;19,102564102564106;0,4818791946308725
usa;AMZN;priority;30;30;NVDA,AAPL,MSFT,AVGO,ORCL,AMD,CSCO,QCOM,TXN,IBM,ACN,ADI,GOOGL,META,NFLX,DIS,VZ,TSLA,HD,MCD,LOW,WMT,COST,PG,KO,PEP,PM,BRK-B,JPM,V;TMUS,CMCSA,BKNG,SBUX;;252;10;0,8;60;2,0;1,0;5,0;252,0;1,0609398383456798;0,0839373557390408;0,1907137960658179;0,4401220964112784;-0,2863938820694164;0,0380362671384343;85;14,72093023255814;0,4849921011058452
usa;AMZN;priority;30;30;NVDA,AAPL,MSFT,AVGO,ORCL,AMD,CSCO,QCOM,TXN,IBM,ACN,ADI,GOOGL,META,NFLX,DIS,VZ,TSLA,HD,MCD,LOW,WMT,COST,PG,KO,PEP,PM,BRK-B,JPM,V;TMUS,CMCSA,BKNG,SBUX;;252;10;0,8;60;2,5;0,25;5,0;252,0;1,5009978732296765;0,10757147838934;0,2046184645434065;0,5257173570790844;-0,2916499268949343;0,0247678018575851;55;29,035714285714285;0,4969249692496925
usa;AMZN;priority;30;30;NVDA,AAPL,MSFT,AVGO,ORCL,AMD,CSCO,QCOM,TXN,IBM,ACN,ADI,GOOGL,META,NFLX,DIS,VZ,TSLA,HD,MCD,LOW,WMT,COST,PG,KO,PEP,PM,BRK-B,JPM,V;TMUS,CMCSA,BKNG,SBUX;;252;10;0,8;60;2,5;0,5;5,0;252,0;1,6061942987082034;0,1126692396385309;0,1933629742227652;0,5826825952145808;-0,2202613782514104;0,0256523662096417;57;22,58620689655172;0,4916030534351145
usa;AMZN;priority;30;30;NVDA,AAPL,MSFT,AVGO,ORCL,AMD,CSCO,QCOM,TXN,IBM,ACN,ADI,GOOGL,META,NFLX,DIS,VZ,TSLA,HD,MCD,LOW,WMT,COST,PG,KO,PEP,PM,BRK-B,JPM,V;TMUS,CMCSA,BKNG,SBUX;;252;10;0,8;60;2,5;0,75;5,0;252,0;1,0979688031722017;0,0860908259919941;0,1853436229539404;0,4644930568417155;-0,228614823976418;0,0256523662096417;57;19,310344827586206;0,4857142857142857
usa;AMZN;priority;30;30;NVDA,AAPL,MSFT,AVGO,ORCL,AMD,CSCO,QCOM,TXN,IBM,ACN,ADI,GOOGL,META,NFLX,DIS,VZ,TSLA,HD,MCD,LOW,WMT,COST,PG,KO,PEP,PM,BRK-B,JPM,V;TMUS,CMCSA,BKNG,SBUX;;252;10;0,8;60;2,5;1,0;5,0;252,0;0,8116772804542831;0,0684751542589749;0,1772945293135532;0,3862226010249512;-0,2153053774716244;0,0265369305616983;59;16,066666666666666;0,491701244813278
usa;AMZN;priority;30;30;NVDA,AAPL,MSFT,AVGO,ORCL,AMD,CSCO,QCOM,TXN,IBM,ACN,ADI,GOOGL,META,NFLX,DIS,VZ,TSLA,HD,MCD,LOW,WMT,COST,PG,KO,PEP,PM,BRK-B,JPM,V;TMUS,CMCSA,BKNG,SBUX;;252;10;0,8;60;3,0;0,25;5,0;252,0;1,5255078274116185;0,1087760081904658;0,1802726516918969;0,6033971718371034;-0,2930318704690138;0,0176912870411322;39;25,4;0,4862204724409449
usa;AMZN;priority;30;30;NVDA,AAPL,MSFT,AVGO,ORCL,AMD,CSCO,QCOM,TXN,IBM,ACN,ADI,GOOGL,META,NFLX,DIS,VZ,TSLA,HD,MCD,LOW,WMT,COST,PG,KO,PEP,PM,BRK-B,JPM,V;TMUS,CMCSA,BKNG,SBUX;;252;10;0,8;60;3,0;0,5;5,0;252,0;1,6214592483415524;0,1133937210031026;0,1752179940046321;0,6471579682626942;-0,2153053774716243;0,0185758513931888;41;21,761904761904763;0,4814004376367615
usa;AMZN;priority;30;30;NVDA,AAPL,MSFT,AVGO,ORCL,AMD,CSCO,QCOM,TXN,IBM,ACN,ADI,GOOGL,META,NFLX,DIS,VZ,TSLA,HD,MCD,LOW,WMT,COST,PG,KO,PEP,PM,BRK-B,JPM,V;TMUS,CMCSA,BKNG,SBUX;;252;10;0,8;60;3,0;0,75;5,0;252,0;1,2167966864516675;0,092780441887063;0,1698636182270224;0,5462054962414739;-0,2203201978577209;0,0185758513931888;41;19,0;0,4736842105263157
usa;AMZN;priority;30;30;NVDA,AAPL,MSFT,AVGO,ORCL,AMD,CSCO,QCOM,TXN,IBM,ACN,ADI,GOOGL,META,NFLX,DIS,VZ,TSLA,HD,MCD,LOW,WMT,COST,PG,KO,PEP,PM,BRK-B,JPM,V;TMUS,CMCSA,BKNG,SBUX;;252;10;0,8;60;3,0;1,0;5,0;252,0;1,0366480032785943;0,0825058787589974;0,1623360956857554;0,5082411179748305;-0,2153053774716244;0,0194604157452454;43;15,136363636363637;0,4834834834834834
usa;AMZN;priority;30;30;NVDA,AAPL,MSFT,AVGO,ORCL,AMD,CSCO,QCOM,TXN,IBM,ACN,ADI,GOOGL,META,NFLX,DIS,VZ,TSLA,HD,MCD,LOW,WMT,COST,PG,KO,PEP,PM,BRK-B,JPM,V;TMUS,CMCSA,BKNG,SBUX;;252;21;0,8;60;1,0;0,25;5,0;252,0;0,580172870982008;0,0523171368335149;0,2671753680391773;0,195815719156578;-0,3643229866155568;0,0513047324192835;110;27,103448275862068;0,4885496183206106
usa;AMZN;priority;30;30;NVDA,AAPL,MSFT,AVGO,ORCL,AMD,CSCO,QCOM,TXN,IBM,ACN,ADI,GOOGL,META,NFLX,DIS,VZ,TSLA,HD,MCD,LOW,WMT,COST,PG,KO,PEP,PM,BRK-B,JPM,V;TMUS,CMCSA,BKNG,SBUX;;252;21;0,8;60;1,0;0,5;5,0;252,0;1,391781128243772;0,1020731927189566;0,2568182960865804;0,3974529629483446;-0,368133893456289;0,0619195046439628;134;20,457142857142856;0,4888268156424581
usa;AMZN;priority;30;30;NVDA,AAPL,MSFT,AVGO,ORCL,AMD,CSCO,QCOM,TXN,IBM,ACN,ADI,GOOGL,META,NFLX,DIS,VZ,TSLA,HD,MCD,LOW,WMT,COST,PG,KO,PEP,PM,BRK-B,JPM,V;TMUS,CMCSA,BKNG,SBUX;;252;21;0,8;60;1,0;0,75;5,0;252,0;0,4303993254901646;0,0407022891465096;0,2412959842007691;0,1686819997495006;-0,3834485533203895;0,0725342768686422;163;15,597560975609756;0,4847537138389367
usa;AMZN;priority;30;30;NVDA,AAPL,MSFT,AVGO,ORCL,AMD,CSCO,QCOM,TXN,IBM,ACN,ADI,GOOGL,META,NFLX,DIS,VZ,TSLA,HD,MCD,LOW,WMT,COST,PG,KO,PEP,PM,BRK-B,JPM,V;TMUS,CMCSA,BKNG,SBUX;;252;21;0,8;60;1,5;0,25;5,0;252,0;0,8571105872860896;0,0714288648877292;0,2518383278983273;0,2836298409532272;-0,3426975650562723;0,0406899601946041;88;30,26086956521739;0,4892241379310345
usa;AMZN;priority;30;30;NVDA,AAPL,MSFT,AVGO,ORCL,AMD,CSCO,QCOM,TXN,IBM,ACN,ADI,GOOGL,META,NFLX,DIS,VZ,TSLA,HD,MCD,LOW,WMT,COST,PG,KO,PEP,PM,BRK-B,JPM,V;TMUS,CMCSA,BKNG,SBUX;;252;21;0,8;60;1,5;0,5;5,0;252,0;1,2698512685355845;0,0956648490728104;0,2439189927893385;0,3921992624634677;-0,3373442808329402;0,0433436532507739;94;25,387755102040817;0,4871382636655949
usa;AMZN;priority;30;30;NVDA,AAPL,MSFT,AVGO,ORCL,AMD,CSCO,QCOM,TXN,IBM,ACN,ADI,GOOGL,META,NFLX,DIS,VZ,TSLA,HD,MCD,LOW,WMT,COST,PG,KO,PEP,PM,BRK-B,JPM,V;TMUS,CMCSA,BKNG,SBUX;;252;21;0,8;60;1,5;0,75;5,0;252,0;0,4347780365576075;0,0410568784054252;0,2275202438586129;0,1804537376943877;-0,3612221236459045;0,0468819106590004;105;20,18867924528302;0,4813084112149532
usa;AMZN;priority;30;30;NVDA,AAPL,MSFT,AVGO,ORCL,AMD,CSCO,QCOM,TXN,IBM,ACN,ADI,GOOGL,META,NFLX,DIS,VZ,TSLA,HD,MCD,LOW,WMT,COST,PG,KO,PEP,PM,BRK-B,JPM,V;TMUS,CMCSA,BKNG,SBUX;;252;21;0,8;60;1,5;1,0;5,0;252,0;0,3381111360221451;0,0329949542700938;0,2188726229405903;0,1507495721794762;-0,3389177915764804;0,0557275541795665;125;14,873015873015872;0,4866595517609391
usa;AMZN;priority;30;30;NVDA,AAPL,MSFT,AVGO,ORCL,AMD,CSCO,QCOM,TXN,IBM,ACN,ADI,GOOGL,META,NFLX,DIS,VZ,TSLA,HD,MCD,LOW,WMT,COST,PG,KO,PEP,PM,BRK-B,JPM,V;TMUS,CMCSA,BKNG,SBUX;;252;21;0,8;60;2,0;0,25;5,0;252,0;1,1582099715781773;0,0895231160293905;0,2313350461217199;0,3869846680398214;-0,3436407006727138;0,0336134453781512;74;30,44736842105263;0,4952463267070008
usa;AMZN;priority;30;30;NVDA,AAPL,MSFT,AVGO,ORCL,AMD,CSCO,QCOM,TXN,IBM,ACN,ADI,GOOGL,META,NFLX,DIS,VZ,TSLA,HD,MCD,LOW,WMT,COST,PG,KO,PEP,PM,BRK-B,JPM,V;TMUS,CMCSA,BKNG,SBUX;;252;21;0,8;60;2,0;0,5;5,0;252,0;1,098849620429096;0,0861416386507409;0,225668825715693;0,3817170509818924;-0,3324736343358933;0,0336134453781512;74;27,0;0,4892787524366471
usa;AMZN;priority;30;30;NVDA,AAPL,MSFT,AVGO,ORCL,AMD,CSCO,QCOM,TXN,IBM,ACN,ADI,GOOGL,META,NFLX,DIS,VZ,TSLA,HD,MCD,LOW,WMT,COST,PG,KO,PEP,PM,BRK-B,JPM,V;TMUS,CMCSA,BKNG,SBUX;;252;21;0,8;60;2,0;0,75;5,0;252,0;0,3874438774260917;0,037171645952984;0,209462514488541;0,1774620439544928;-0,3355821660399209;0,0344980097302078;78;22,128205128205128;0,4831981460023175
usa;AMZN;priority;30;30;NVDA,AAPL,MSFT,AVGO,ORCL,AMD,CSCO,QCOM,TXN,IBM,ACN,ADI,GOOGL,META,NFLX,DIS,VZ,TSLA,HD,MCD,LOW,WMT,COST,PG,KO,PEP,PM,BRK-B,JPM,V;TMUS,CMCSA,BKNG,SBUX;;252;21;0,8;60;2,0;1,0;5,0;252,0;0,3763071968068414;0,0362404420949231;0,1979604991355679;0,1830690579846682;-0,303441825681044;0,0371517027863777;84;17,404761904761905;0,4897400820793434
usa;AMZN;priority;30;30;NVDA,AAPL,MSFT,AVGO,ORCL,AMD,CSCO,QCOM,TXN,IBM,ACN,ADI,GOOGL,META,NFLX,DIS,VZ,TSLA,HD,MCD,LOW,WMT,COST,PG,KO,PEP,PM,BRK-B,JPM,V;TMUS,CMCSA,BKNG,SBUX;;252;21;0,8;60;2,5;0,25;5,0;252,0;1,0239222741932077;0,0817499069301692;0,2165891168035613;0,3774423578462326;-0,3213711559895369;0,0256523662096417;57;31,103448275862068;0,4911308203991131
usa;AMZN;priority;30;30;NVDA,AAPL,MSFT,AVGO,ORCL,AMD,CSCO,QCOM,TXN,IBM,ACN,ADI,GOOGL,META,NFLX,DIS,VZ,TSLA,HD,MCD,LOW,WMT,COST,PG,KO,PEP,PM,BRK-B,JPM,V;TMUS,CMCSA,BKNG,SBUX;;252;21;0,8;60;2,5;0,5;5,0;252,0;1,0538036958085026;0,0835183968653232;0,2115502860778854;0,3947921717041531;-0,3213711559895369;0,0256523662096417;57;27,58620689655172;0,48375
usa;AMZN;priority;30;30;NVDA,AAPL,MSFT,AVGO,ORCL,AMD,CSCO,QCOM,TXN,IBM,ACN,ADI,GOOGL,META,NFLX,DIS,VZ,TSLA,HD,MCD,LOW,WMT,COST,PG,KO,PEP,PM,BRK-B,JPM,V;TMUS,CMCSA,BKNG,SBUX;;252;21;0,8;60;2,5;0,75;5,0;252,0;0,4936637442988252;0,0457343386017918;0,1950932940450641;0,2344229145632644;-0,3213711559895368;0,0256523662096417;58;22,896551724137932;0,4728915662650602
usa;AMZN;priority;30;30;NVDA,AAPL,MSFT,AVGO,ORCL,AMD,CSCO,QCOM,TXN,IBM,ACN,ADI,GOOGL,META,NFLX,DIS,VZ,TSLA,HD,MCD,LOW,WMT,COST,PG,KO,PEP,PM,BRK-B,JPM,V;TMUS,CMCSA,BKNG,SBUX;;252;21;0,8;60;2,5;1,0;5,0;252,0;0,489766252085942;0,045429859309489;0,1838991704123962;0,2470367822084896;-0,3068199570263255;0,0265369305616983;60;17,633333333333333;0,4839319470699433
usa;AMZN;priority;30;30;NVDA,AAPL,MSFT,AVGO,ORCL,AMD,CSCO,QCOM,TXN,IBM,ACN,ADI,GOOGL,META,NFLX,DIS,VZ,TSLA,HD,MCD,LOW,WMT,COST,PG,KO,PEP,PM,BRK-B,JPM,V;TMUS,CMCSA,BKNG,SBUX;;252;21;0,8;60;3,0;0,25;5,0;252,0;0,5369054001684637;0,0490659153657317;0,1746726457582052;0,2809021135092466;-0,2948550210089758;0,015922158337019;36;29,0;0,4827586206896552
usa;AMZN;priority;30;30;NVDA,AAPL,MSFT,AVGO,ORCL,AMD,CSCO,QCOM,TXN,IBM,ACN,ADI,GOOGL,META,NFLX,DIS,VZ,TSLA,HD,MCD,LOW,WMT,COST,PG,KO,PEP,PM,BRK-B,JPM,V;TMUS,CMCSA,BKNG,SBUX;;252;21;0,8;60;3,0;0,5;5,0;252,0;0,5831693845301829;0,0525393617042597;0,1691442110239628;0,3106187399864158;-0,2948550210089764;0,015922158337019;36;24,22222222222222;0,4701834862385321
usa;AMZN;priority;30;30;NVDA,AAPL,MSFT,AVGO,ORCL,AMD,CSCO,QCOM,TXN,IBM,ACN,ADI,GOOGL,META,NFLX,DIS,VZ,TSLA,HD,MCD,LOW,WMT,COST,PG,KO,PEP,PM,BRK-B,JPM,V;TMUS,CMCSA,BKNG,SBUX;;252;21;0,8;60;3,0;0,75;5,0;252,0;0,475265689101505;0,0442907979447768;0,1672597628269909;0,2648024677076105;-0,2948550210089763;0,015922158337019;36;21,27777777777778;0,4595300261096606
usa;AMZN;priority;30;30;NVDA,AAPL,MSFT,AVGO,ORCL,AMD,CSCO,QCOM,TXN,IBM,ACN,ADI,GOOGL,META,NFLX,DIS,VZ,TSLA,HD,MCD,LOW,WMT,COST,PG,KO,PEP,PM,BRK-B,JPM,V;TMUS,CMCSA,BKNG,SBUX;;252;21;0,8;60;3,0;1,0;5,0;252,0;0,4833445173922555;0,0449266342353968;0,1627059809920104;0,276121590377203;-0,2675126470993433;0,0168067226890756;38;18,894736842105264;0,4568245125348189
usa;AMZN;priority;30;30;NVDA,AAPL,MSFT,AVGO,ORCL,AMD,CSCO,QCOM,TXN,IBM,ACN,ADI,GOOGL,META,NFLX,DIS,VZ,TSLA,HD,MCD,LOW,WMT,COST,PG,KO,PEP,PM,BRK-B,JPM,V;TMUS,CMCSA,BKNG,SBUX;;252;63;0,8;60;1,0;0,25;5,0;252,0;3,749407707048216;0,1896382611409839;0,3214106031756729;0,5900186840984012;-0,3328525801736779;0,0557275541795665;110;27,126984126984127;0,4967817437097718
usa;AMZN;priority;30;30;NVDA,AAPL,MSFT,AVGO,ORCL,AMD,CSCO,QCOM,TXN,IBM,ACN,ADI,GOOGL,META,NFLX,DIS,VZ,TSLA,HD,MCD,LOW,WMT,COST,PG,KO,PEP,PM,BRK-B,JPM,V;TMUS,CMCSA,BKNG,SBUX;;252;63;0,8;60;1,0;0,5;5,0;252,0;3,5951437953622385;0,1852681616425904;0,3087442040047782;0,600070087922114;-0,3328525801736778;0,0672268907563025;138;20,61842105263158;0,4984045947670708
usa;AMZN;priority;30;30;NVDA,AAPL,MSFT,AVGO,ORCL,AMD,CSCO,QCOM,TXN,IBM,ACN,ADI,GOOGL,META,NFLX,DIS,VZ,TSLA,HD,MCD,LOW,WMT,COST,PG,KO,PEP,PM,BRK-B,JPM,V;TMUS,CMCSA,BKNG,SBUX;;252;63;0,8;60;1,0;0,75;5,0;252,0;1,875842737700696;0,1249461083967509;0,2855227226402776;0,4376047805980301;-0,4615842511894378;0,0778416629809818;168;16,306818181818183;0,4961672473867596
usa;AMZN;priority;30;30;NVDA,AAPL,MSFT,AVGO,ORCL,AMD,CSCO,QCOM,TXN,IBM,ACN,ADI,GOOGL,META,NFLX,DIS,VZ,TSLA,HD,MCD,LOW,WMT,COST,PG,KO,PEP,PM,BRK-B,JPM,V;TMUS,CMCSA,BKNG,SBUX;;252;63;0,8;60;1,5;0,25;5,0;252,0;4,176390791361888;0,2011077325212735;0,3121763506443766;0,6442119401618939;-0,3328525801736783;0,0451127819548872;90;31,137254901960784;0,4968513853904282
usa;AMZN;priority;30;30;NVDA,AAPL,MSFT,AVGO,ORCL,AMD,CSCO,QCOM,TXN,IBM,ACN,ADI,GOOGL,META,NFLX,DIS,VZ,TSLA,HD,MCD,LOW,WMT,COST,PG,KO,PEP,PM,BRK-B,JPM,V;TMUS,CMCSA,BKNG,SBUX;;252;63;0,8;60;1,5;0,5;5,0;252,0;2,7387851330084616;0,158333830814968;0,2917298923885794;0,542741196380623;-0,3328525801736787;0,0530738611233967;112;23,466666666666665;0,4978693181818182
usa;AMZN;priority;30;30;NVDA,AAPL,MSFT,AVGO,ORCL,AMD,CSCO,QCOM,TXN,IBM,ACN,ADI,GOOGL,META,NFLX,DIS,VZ,TSLA,HD,MCD,LOW,WMT,COST,PG,KO,PEP,PM,BRK-B,JPM,V;TMUS,CMCSA,BKNG,SBUX;;252;63;0,8;60;1,5;0,75;5,0;252,0;0,9885876888217882;0,0796284913802567;0,2658925412139846;0,2994762132728403;-0,4249462076952852;0,0548429898275099;119;20,532258064516128;0,4948939512961508
usa;AMZN;priority;30;30;NVDA,AAPL,MSFT,AVGO,ORCL,AMD,CSCO,QCOM,TXN,IBM,ACN,ADI,GOOGL,META,NFLX,DIS,VZ,TSLA,HD,MCD,LOW,WMT,COST,PG,KO,PEP,PM,BRK-B,JPM,V;TMUS,CMCSA,BKNG,SBUX;;252;63;0,8;60;1,5;1,0;5,0;252,0;1,1201812238430515;0,0873664683208703;0,258415414084079;0,3380853600801247;-0,4116368508857786;0,063688633348076;140;15,40277777777778;0,4959422903516681
usa;AMZN;priority;30;30;NVDA,AAPL,MSFT,AVGO,ORCL,AMD,CSCO,QCOM,TXN,IBM,ACN,ADI,GOOGL,META,NFLX,DIS,VZ,TSLA,HD,MCD,LOW,WMT,COST,PG,KO,PEP,PM,BRK-B,JPM,V;TMUS,CMCSA,BKNG,SBUX;;252;63;0,8;60;2,0;0,25;5,0;252,0;3,806939403193417;0,1912358199318193;0,2944456080329798;0,6494775765526096;-0,3220304752173124;0,0344980097302078;69;35,38461538461539;0,4992753623188405
usa;AMZN;priority;30;30;NVDA,AAPL,MSFT,AVGO,ORCL,AMD,CSCO,QCOM,TXN,IBM,ACN,ADI,GOOGL,META,NFLX,DIS,VZ,TSLA,HD,MCD,LOW,WMT,COST,PG,KO,PEP,PM,BRK-B,JPM,V;TMUS,CMCSA,BKNG,SBUX;;252;63;0,8;60;2,0;0,5;5,0;252,0;1,7183944136504792;0,1179087187510201;0,2729317595862273;0,4320080555292402;-0,391389295786594;0,0371517027863777;79;27,97619047619047;0,5004255319148936
usa;AMZN;priority;30;30;NVDA,AAPL,MSFT,AVGO,ORCL,AMD,CSCO,QCOM,TXN,IBM,ACN,ADI,GOOGL,META,NFLX,DIS,VZ,TSLA,HD,MCD,LOW,WMT,COST,PG,KO,PEP,PM,BRK-B,JPM,V;TMUS,CMCSA,BKNG,SBUX;;252;63;0,8;60;2,0;0,75;5,0;252,0;0,866925779493593;0,07205852589519;0,2496961234421243;0,2885848803010834;-0,4816945631990185;0,0380362671384343;82;24,53488372093023;0,4957345971563981
usa;AMZN;priority;30;30;NVDA,AAPL,MSFT,AVGO,ORCL,AMD,CSCO,QCOM,TXN,IBM,ACN,ADI,GOOGL,META,NFLX,DIS,VZ,TSLA,HD,MCD,LOW,WMT,COST,PG,KO,PEP,PM,BRK-B,JPM,V;TMUS,CMCSA,BKNG,SBUX;;252;63;0,8;60;2,0;1,0;5,0;252,0;0,8192334992897032;0,0689709293647395;0,233692390191532;0,2951355382527076;-0,5309187613246442;0,0415745245466607;91;18,74468085106383;0,5005675368898979
usa;AMZN;priority;30;30;NVDA,AAPL,MSFT,AVGO,ORCL,AMD,CSCO,QCOM,TXN,IBM,ACN,ADI,GOOGL,META,NFLX,DIS,VZ,TSLA,HD,MCD,LOW,WMT,COST,PG,KO,PEP,PM,BRK-B,JPM,V;TMUS,CMCSA,BKNG,SBUX;;252;63;0,8;60;2,5;0,25;5,0;252,0;4,020391245979174;0,1970182755799814;0,2654979730074429;0,7420707335285691;-0,3116054405968705;0,0238832375055285;50;40,74074074074074;0,5054545454545455
usa;AMZN;priority;30;30;NVDA,AAPL,MSFT,AVGO,ORCL,AMD,CSCO,QCOM,TXN,IBM,ACN,ADI,GOOGL,META,NFLX,DIS,VZ,TSLA,HD,MCD,LOW,WMT,COST,PG,KO,PEP,PM,BRK-B,JPM,V;TMUS,CMCSA,BKNG,SBUX;;252;63;0,8;60;2,5;0,5;5,0;252,0;1,6076874763018698;0,1127402726480644;0,2392896996305911;0,4711455312205653;-0,287917445211855;0,0238832375055285;53;33,77777777777778;0,5054824561403509
usa;AMZN;priority;30;30;NVDA,AAPL,MSFT,AVGO,ORCL,AMD,CSCO,QCOM,TXN,IBM,ACN,ADI,GOOGL,META,NFLX,DIS,VZ,TSLA,HD,MCD,LOW,WMT,COST,PG,KO,PEP,PM,BRK-B,JPM,V;TMUS,CMCSA,BKNG,SBUX;;252;63;0,8;60;2,5;0,75;5,0;252,0;0,8295881806176839;0,0696473525776535;0,210694757858004;0,3305604433907737;-0,282279242209125;0,0238832375055285;53;29,51851851851852;0,4968632371392723
usa;AMZN;priority;30;30;NVDA,AAPL,MSFT,AVGO,ORCL,AMD,CSCO,QCOM,TXN,IBM,ACN,ADI,GOOGL,META,NFLX,DIS,VZ,TSLA,HD,MCD,LOW,WMT,COST,PG,KO,PEP,PM,BRK-B,JPM,V;TMUS,CMCSA,BKNG,SBUX;;252;63;0,8;60;2,5;1,0;5,0;252,0;0,4180059366802833;0,0396934151492507;0,1776231425345455;0,2234698394750607;-0,2846381908154961;0,0238832375055285;53;22,25925925925926;0,4941763727121464
usa;AMZN;priority;30;30;NVDA,AAPL,MSFT,AVGO,ORCL,AMD,CSCO,QCOM,TXN,IBM,ACN,ADI,GOOGL,META,NFLX,DIS,VZ,TSLA,HD,MCD,LOW,WMT,COST,PG,KO,PEP,PM,BRK-B,JPM,V;TMUS,CMCSA,BKNG,SBUX;;252;63;0,8;60;3,0;0,25;5,0;252,0;4,704180799422642;0,2141758884249487;0,2340191359395959;0,9152067311291624;-0,2885906331193977;0,0194604157452454;41;37,04545454545455;0,5165644171779141
usa;AMZN;priority;30;30;NVDA,AAPL,MSFT,AVGO,ORCL,AMD,CSCO,QCOM,TXN,IBM,ACN,ADI,GOOGL,META,NFLX,DIS,VZ,TSLA,HD,MCD,LOW,WMT,COST,PG,KO,PEP,PM,BRK-B,JPM,V;TMUS,CMCSA,BKNG,SBUX;;252;63;0,8;60;3,0;0,5;5,0;252,0;2,170258533940129;0,1372332839008023;0,2091162371423182;0,656253602188746;-0,2684870246417237;0,0194604157452454;43;30,40909090909091;0,5142002989536621
usa;AMZN;priority;30;30;NVDA,AAPL,MSFT,AVGO,ORCL,AMD,CSCO,QCOM,TXN,IBM,ACN,ADI,GOOGL,META,NFLX,DIS,VZ,TSLA,HD,MCD,LOW,WMT,COST,PG,KO,PEP,PM,BRK-B,JPM,V;TMUS,CMCSA,BKNG,SBUX;;252;63;0,8;60;3,0;0,75;5,0;252,0;1,3281877371231334;0,0987680706539158;0,1762078430716388;0,5605202863402667;-0,2429437569158634;0,0194604157452454;43;26,0;0,5104895104895105
usa;AMZN;priority;30;30;NVDA,AAPL,MSFT,AVGO,ORCL,AMD,CSCO,QCOM,TXN,IBM,ACN,ADI,GOOGL,META,NFLX,DIS,VZ,TSLA,HD,MCD,LOW,WMT,COST,PG,KO,PEP,PM,BRK-B,JPM,V;TMUS,CMCSA,BKNG,SBUX;;252;63;0,8;60;3,0;1,0;5,0;252,0;0,950082405017778;0,0772782323477081;0,1628220403035388;0,4746177618438094;-0,2268084151014769;0,0194604157452454;43;20,454545454545453;0,5088888888888888
usa;NVDA;priority;30;30;AAPL,MSFT,AVGO,ORCL,AMD,CSCO,QCOM,TXN,IBM,ACN,ADI,GOOGL,META,NFLX,DIS,VZ,AMZN,TSLA,HD,MCD,LOW,WMT,COST,PG,KO,PEP,PM,BRK-B,JPM,V;TMUS,CMCSA,BKNG,SBUX;;252;5;0,8;60;1,0;0,25;5,0;252,0;15,79640018309107;0,3694828747890244;0,3900426831681118;0,9472883115968468;-0,3332037459005899;0,0681114551083591;141;19,454545454545453;0,5427236315086782
usa;NVDA;priority;30;30;AAPL,MSFT,AVGO,ORCL,AMD,CSCO,QCOM,TXN,IBM,ACN,ADI,GOOGL,META,NFLX,DIS,VZ,AMZN,TSLA,HD,MCD,LOW,WMT,COST,PG,KO,PEP,PM,BRK-B,JPM,V;TMUS,CMCSA,BKNG,SBUX;;252;5;0,8;60;1,0;0,5;5,0;252,0;7,553372980664557;0,2702566467580771;0,3676746347332386;0,735042946202036;-0,3332037459005899;0,0787262273330384;175;15,07865168539326;0,5402384500745157
usa;NVDA;priority;30;30;AAPL,MSFT,AVGO,ORCL,AMD,CSCO,QCOM,TXN,IBM,ACN,ADI,GOOGL,META,NFLX,DIS,VZ,AMZN,TSLA,HD,MCD,LOW,WMT,COST,PG,KO,PEP,PM,BRK-B,JPM,V;TMUS,CMCSA,BKNG,SBUX;;252;5;0,8;60;1,0;0,75;5,0;252,0;10,528211124132872;0,3132239360962567;0,341654875927936;0,9167846214561972;-0,3009661029668026;0,1017249004865104;228;10,269565217391303;0,5436071126164268
usa;NVDA;priority;30;30;AAPL,MSFT,AVGO,ORCL,AMD,CSCO,QCOM,TXN,IBM,ACN,ADI,GOOGL,META,NFLX,DIS,VZ,AMZN,TSLA,HD,MCD,LOW,WMT,COST,PG,KO,PEP,PM,BRK-B,JPM,V;TMUS,CMCSA,BKNG,SBUX;;252;5;0,8;60;1,5;0,25;5,0;252,0;16,724468415885173;0,377716511768118;0,3648330347738645;1,035313350947617;-0,3131698896207173;0,0521892967713401;111;21,152542372881356;0,5400641025641025
usa;NVDA;priority;30;30;AAPL,MSFT,AVGO,ORCL,AMD,CSCO,QCOM,TXN,IBM,ACN,ADI,GOOGL,META,NFLX,DIS,VZ,AMZN,TSLA,HD,MCD,LOW,WMT,COST,PG,KO,PEP,PM,BRK-B,JPM,V;TMUS,CMCSA,BKNG,SBUX;;252;5;0,8;60;1,5;0,5;5,0;252,0;7,70202806382966;0,272698412415846;0,3459243596909886;0,7883180376757661;-0,313169889620717;0,0557275541795665;125;17,238095238095237;0,5359116022099447
usa;NVDA;priority;30;30;AAPL,MSFT,AVGO,ORCL,AMD,CSCO,QCOM,TXN,IBM,ACN,ADI,GOOGL,META,NFLX,DIS,VZ,AMZN,TSLA,HD,MCD,LOW,WMT,COST,PG,KO,PEP,PM,BRK-B,JPM,V;TMUS,CMCSA,BKNG,SBUX;;252;5;0,8;60;1,5;0,75;5,0;252,0;8,171145384693284;0,2801681683946682;0,3175457743673036;0,8822922268541953;-0,2497591059589844;0,0645731977001326;145;13,082191780821915;0,53717277486911
usa;NVDA;priority;30;30;AAPL,MSFT,AVGO,ORCL,AMD,CSCO,QCOM,TXN,IBM,ACN,ADI,GOOGL,META,NFLX,DIS,VZ,AMZN,TSLA,HD,MCD,LOW,WMT,COST,PG,KO,PEP,PM,BRK-B,JPM,V;TMUS,CMCSA,BKNG,SBUX;;252;5;0,8;60;1,5;1,0;5,0;252,0;7,83994725105174;0,2749309112911371;0,3054615361288212;0,9000508370886717;-0,2497591059589847;0,0743034055727554;167;9,857142857142858;0,535024154589372
usa;NVDA;priority;30;30;AAPL,MSFT,AVGO,ORCL,AMD,CSCO,QCOM,TXN,IBM,ACN,ADI,GOOGL,META,NFLX,DIS,VZ,AMZN,TSLA,HD,MCD,LOW,WMT,COST,PG,KO,PEP,PM,BRK-B,JPM,V;TMUS,CMCSA,BKNG,SBUX;;252;5;0,8;60;2,0;0,25;5,0;252,0;3,4349250386283696;0,1805891316103387;0,3319477077728373;0,5440288556953127;-0,2957385221936571;0,031844316674038;69;26,166666666666668;0,524416135881104
usa;NVDA;priority;30;30;AAPL,MSFT,AVGO,ORCL,AMD,CSCO,QCOM,TXN,IBM,ACN,ADI,GOOGL,META,NFLX,DIS,VZ,AMZN,TSLA,HD,MCD,LOW,WMT,COST,PG,KO,PEP,PM,BRK-B,JPM,V;TMUS,CMCSA,BKNG,SBUX;;252;5;0,8;60;2,0;0,5;5,0;252,0;1,5564848777507525;0,1102835878892583;0,3101378208440153;0,3555954175118994;-0,2957385221936572;0,031844316674038;72;21,75;0,5197956577266922
usa;NVDA;priority;30;30;AAPL,MSFT,AVGO,ORCL,AMD,CSCO,QCOM,TXN,IBM,ACN,ADI,GOOGL,META,NFLX,DIS,VZ,AMZN,TSLA,HD,MCD,LOW,WMT,COST,PG,KO,PEP,PM,BRK-B,JPM,V;TMUS,CMCSA,BKNG,SBUX;;252;5;0,8;60;2,0;0,75;5,0;252,0;2,9804763396668443;0,166449189399616;0,286478189699736;0,5810187141090044;-0,24973577603966;0,0371517027863777;84;16,047619047619047;0,5178041543026706
usa;NVDA;priority;30;30;AAPL,MSFT,AVGO,ORCL,AMD,CSCO,QCOM,TXN,IBM,ACN,ADI,GOOGL,META,NFLX,DIS,VZ,AMZN,TSLA,HD,MCD,LOW,WMT,COST,PG,KO,PEP,PM,BRK-B,JPM,V;TMUS,CMCSA,BKNG,SBUX;;252;5;0,8;60;2,0;1,0;5,0;252,0;1,3721999770118811;0,1010639116905893;0,2774477182937031;0,3642629044208041;-0,2606512546413256;0,0380362671384343;86;13,488372093023257;0,5103448275862069
usa;NVDA;priority;30;30;AAPL,MSFT,AVGO,ORCL,AMD,CSCO,QCOM,TXN,IBM,ACN,ADI,GOOGL,META,NFLX,DIS,VZ,AMZN,TSLA,HD,MCD,LOW,WMT,COST,PG,KO,PEP,PM,BRK-B,JPM,V;TMUS,CMCSA,BKNG,SBUX;;252;5;0,8;60;2,5;0,25;5,0;252,0;7,667047085872989;0,2721271786979709;0,2949843414078645;0,9225139795529356;-0,295738522193657;0,0238832375055285;52;25,85185185185185;0,5358166189111748
usa;NVDA;priority;30;30;AAPL,MSFT,AVGO,ORCL,AMD,CSCO,QCOM,TXN,IBM,ACN,ADI,GOOGL,META,NFLX,DIS,VZ,AMZN,TSLA,HD,MCD,LOW,WMT,COST,PG,KO,PEP,PM,BRK-B,JPM,V;TMUS,CMCSA,BKNG,SBUX;;252;5;0,8;60;2,5;0,5;5,0;252,0;3,925483403366663;0,1944747200091685;0,2711712824776177;0,717165616625427;-0,2957385221936571;0,0238832375055285;54;20,333333333333332;0,5336976320582878
usa;NVDA;priority;30;30;AAPL,MSFT,AVGO,ORCL,AMD,CSCO,QCOM,TXN,IBM,ACN,ADI,GOOGL,META,NFLX,DIS,VZ,AMZN,TSLA,HD,MCD,LOW,WMT,COST,PG,KO,PEP,PM,BRK-B,JPM,V;TMUS,CMCSA,BKNG,SBUX;;252;5;0,8;60;2,5;0,75;5,0;252,0;4,981953502948103;0,220627427757708;0,2497194964990567;0,8835010115381258;-0,2466612415762948;0,0256523662096417;58;16,06896551724138;0,5343347639484979
usa;NVDA;priority;30;30;AAPL,MSFT,AVGO,ORCL,AMD,CSCO,QCOM,TXN,IBM,ACN,ADI,GOOGL,META,NFLX,DIS,VZ,AMZN,TSLA,HD,MCD,LOW,WMT,COST,PG,KO,PEP,PM,BRK-B,JPM,V;TMUS,CMCSA,BKNG,SBUX;;252;5;0,8;60;2,5;1,0;5,0;252,0;2,853805184043482;0,1622522786440472;0,2413341374154973;0,6723138316926238;-0,2466612415762954;0,0256523662096417;58;13,655172413793103;0,5252525252525253
usa;NVDA;priority;30;30;AAPL,MSFT,AVGO,ORCL,AMD,CSCO,QCOM,TXN,IBM,ACN,ADI,GOOGL,META,NFLX,DIS,VZ,AMZN,TSLA,HD,MCD,LOW,WMT,COST,PG,KO,PEP,PM,BRK-B,JPM,V;TMUS,CMCSA,BKNG,SBUX;;252;5;0,8;60;3,0;0,25;5,0;252,0;4,012848316686435;0,1968176929588907;0,2366429955469162;0,8317072411292652;-0,2957385221936569;0,0141530296329057;31;25,25;0,5371287128712872
usa;NVDA;priority;30;30;AAPL,MSFT,AVGO,ORCL,AMD,CSCO,QCOM,TXN,IBM,ACN,ADI,GOOGL,META,NFLX,DIS,VZ,AMZN,TSLA,HD,MCD,LOW,WMT,COST,PG,KO,PEP,PM,BRK-B,JPM,V;TMUS,CMCSA,BKNG,SBUX;;252;5;0,8;60;3,0;0,5;5,0;252,0;2,689043650143021;0,1566059931387249;0,2120186730885888;0,7386424547298691;-0,2957385221936572;0,0141530296329057;32;18,1875;0,5498281786941581
usa;NVDA;priority;30;30;AAPL,MSFT,AVGO,ORCL,AMD,CSCO,QCOM,TXN,IBM,ACN,ADI,GOOGL,META,NFLX,DIS,VZ,AMZN,TSLA,HD,MCD,LOW,WMT,COST,PG,KO,PEP,PM,BRK-B,JPM,V;TMUS,CMCSA,BKNG,SBUX;;252;5;0,8;60;3,0;0,75;5,0;252,0;3,902381492419168;0,1938489961898846;0,192113554070382;1,0090334184274512;-0,1170882980158226;0,015922158337019;36;13,666666666666666;0,5772357723577236
usa;NVDA;priority;30;30;AAPL,MSFT,AVGO,ORCL,AMD,CSCO,QCOM,TXN,IBM,ACN,ADI,GOOGL,META,NFLX,DIS,VZ,AMZN,TSLA,HD,MCD,LOW,WMT,COST,PG,KO,PEP,PM,BRK-B,JPM,V;TMUS,CMCSA,BKNG,SBUX;;252;5;0,8;60;3,0;1,0;5,0;252,0;2,9476706085990783;0,1653737745465573;0,1886552829653272;0,8765923325717373;-0,1170882980158226;0,015922158337019;36;11,77777777777778;0,5613207547169812
usa;NVDA;priority;30;30;AAPL,MSFT,AVGO,ORCL,AMD,CSCO,QCOM,TXN,IBM,ACN,ADI,GOOGL,META,NFLX,DIS,VZ,AMZN,TSLA,HD,MCD,LOW,WMT,COST,PG,KO,PEP,PM,BRK-B,JPM,V;TMUS,CMCSA,BKNG,SBUX;;252;10;0,8;60;1,0;0,25;5,0;252,0;24,66434263827594;0,4357441123022441;0,4108886264596876;1,0604920268947746;-0,3419177549048093;0,0707651481645289;143;18,8625;0,5321404903909874
usa;NVDA;priority;30;30;AAPL,MSFT,AVGO,ORCL,AMD,CSCO,QCOM,TXN,IBM,ACN,ADI,GOOGL,META,NFLX,DIS,VZ,AMZN,TSLA,HD,MCD,LOW,WMT,COST,PG,KO,PEP,PM,BRK-B,JPM,V;TMUS,CMCSA,BKNG,SBUX;;252;10;0,8;60;1,0;0,5;5,0;252,0;12,492477177916747;0,3364554673406179;0,3935322611623283;0,8549628595807378;-0,3419177549048093;0,0778416629809818;167;15,647727272727272;0,5308641975308642
usa;NVDA;priority;30;30;AAPL,MSFT,AVGO,ORCL,AMD,CSCO,QCOM,TXN,IBM,ACN,ADI,GOOGL,META,NFLX,DIS,VZ,AMZN,TSLA,HD,MCD,LOW,WMT,COST,PG,KO,PEP,PM,BRK-B,JPM,V;TMUS,CMCSA,BKNG,SBUX;;252;10;0,8;60;1,0;0,75;5,0;252,0;11,575488269808204;0,3260126341666498;0,3631006248590955;0,8978575409865018;-0,2751987420596445;0,0946483856700575;211;11,36448598130841;0,53125
usa;NVDA;priority;30;30;AAPL,MSFT,AVGO,ORCL,AMD,CSCO,QCOM,TXN,IBM,ACN,ADI,GOOGL,META,NFLX,DIS,VZ,AMZN,TSLA,HD,MCD,LOW,WMT,COST,PG,KO,PEP,PM,BRK-B,JPM,V;TMUS,CMCSA,BKNG,SBUX;;252;10;0,8;60;1,5;0,25;5,0;252,0;19,16119291631662;0,3976389564250202;0,3812096586834422;1,043097800297922;-0,3104386504686832;0,0513047324192835;108;20,982758620689655;0,5357436318816763
usa;NVDA;priority;30;30;AAPL,MSFT,AVGO,ORCL,AMD,CSCO,QCOM,TXN,IBM,ACN,ADI,GOOGL,META,NFLX,DIS,VZ,AMZN,TSLA,HD,MCD,LOW,WMT,COST,PG,KO,PEP,PM,BRK-B,JPM,V;TMUS,CMCSA,BKNG,SBUX;;252;10;0,8;60;1,5;0,5;5,0;252,0;11,722231566947942;0,3277283296645674;0,3664489164266949;0,8943356494550496;-0,3023671354008572;0,0548429898275099;120;17,548387096774192;0,5340073529411765
usa;NVDA;priority;30;30;AAPL,MSFT,AVGO,ORCL,AMD,CSCO,QCOM,TXN,IBM,ACN,ADI,GOOGL,META,NFLX,DIS,VZ,AMZN,TSLA,HD,MCD,LOW,WMT,COST,PG,KO,PEP,PM,BRK-B,JPM,V;TMUS,CMCSA,BKNG,SBUX;;252;10;0,8;60;1,5;0,75;5,0;252,0;10,80729834678796;0,3167297688930981;0,3407628368833503;0,9294727435360588;-0,2573112606184295;0,0628040689960194;141;13,774647887323944;0,5357873210633947
usa;NVDA;priority;30;30;AAPL,MSFT,AVGO,ORCL,AMD,CSCO,QCOM,TXN,IBM,ACN,ADI,GOOGL,META,NFLX,DIS,VZ,AMZN,TSLA,HD,MCD,LOW,WMT,COST,PG,KO,PEP,PM,BRK-B,JPM,V;TMUS,CMCSA,BKNG,SBUX;;252;10;0,8;60;1,5;1,0;5,0;252,0;7,269273954283118;0,2654833230334241;0,3224672467372723;0,8232877159450698;-0,2945838688551497;0,0689960194604157;156;10,512820512820513;0,5317073170731708
usa;NVDA;priority;30;30;AAPL,MSFT,AVGO,ORCL,AMD,CSCO,QCOM,TXN,IBM,ACN,ADI,GOOGL,META,NFLX,DIS,VZ,AMZN,TSLA,HD,MCD,LOW,WMT,COST,PG,KO,PEP,PM,BRK-B,JPM,V;TMUS,CMCSA,BKNG,SBUX;;252;10;0,8;60;2,0;0,25;5,0;252,0;8,03663188012982;0,2780616934331554;0,3589608334495217;0,7746296183933321;-0,2985602006437967;0,0353825740822644;76;26,075;0,5177372962607862
usa;NVDA;priority;30;30;AAPL,MSFT,AVGO,ORCL,AMD,CSCO,QCOM,TXN,IBM,ACN,ADI,GOOGL,META,NFLX,DIS,VZ,AMZN,TSLA,HD,MCD,LOW,WMT,COST,PG,KO,PEP,PM,BRK-B,JPM,V;TMUS,CMCSA,BKNG,SBUX;;252;10;0,8;60;2,0;0,5;5,0;252,0;4,062181126169655;0,1981247303394864;0,3428755988723612;0,57783269206404;-0,299345899190228;0,0353825740822644;79;22,55;0,5099778270509978
usa;NVDA;priority;30;30;AAPL,MSFT,AVGO,ORCL,AMD,CSCO,QCOM,TXN,IBM,ACN,ADI,GOOGL,META,NFLX,DIS,VZ,AMZN,TSLA,HD,MCD,LOW,WMT,COST,PG,KO,PEP,PM,BRK-B,JPM,V;TMUS,CMCSA,BKNG,SBUX;;252;10;0,8;60;2,0;0,75;5,0;252,0;5,789229081052281;0,2379714804547599;0,3066473052498719;0,7760429535190226;-0,3194255362796842;0,0398053958425475;89;16,8;0,5198412698412699
usa;NVDA;priority;30;30;AAPL,MSFT,AVGO,ORCL,AMD,CSCO,QCOM,TXN,IBM,ACN,ADI,GOOGL,META,NFLX,DIS,VZ,AMZN,TSLA,HD,MCD,LOW,WMT,COST,PG,KO,PEP,PM,BRK-B,JPM,V;TMUS,CMCSA,BKNG,SBUX;;252;10;0,8;60;2,0;1,0;5,0;252,0;4,461018153430561;0,208294813259706;0,2914841243223146;0,7146008851905076;-0,2563583149667536;0,0415745245466607;94;13,46808510638298;0,5118483412322274
usa;NVDA;priority;30;30;AAPL,MSFT,AVGO,ORCL,AMD,CSCO,QCOM,TXN,IBM,ACN,ADI,GOOGL,META,NFLX,DIS,VZ,AMZN,TSLA,HD,MCD,LOW,WMT,COST,PG,KO,PEP,PM,BRK-B,JPM,V;TMUS,CMCSA,BKNG,SBUX;;252;10;0,8;60;2,5;0,25;5,0;252,0;5,767034010672587;0,237519751122375;0,3272867112861069;0,7257237856954736;-0,3287050326798736;0,0247678018575851;53;27,071428571428573;0,5237467018469657
usa;NVDA;priority;30;30;AAPL,MSFT,AVGO,ORCL,AMD,CSCO,QCOM,TXN,IBM,ACN,ADI,GOOGL,META,NFLX,DIS,VZ,AMZN,TSLA,HD,MCD,LOW,WMT,COST,PG,KO,PEP,PM,BRK-B,JPM,V;TMUS,CMCSA,BKNG,SBUX;;252;10;0,8;60;2,5;0,5;5,0;252,0;2,5609942097713945;0,1520608949875204;0,3119715844194058;0,4874190553941413;-0,3422045458366727;0,0247678018575851;56;22,75;0,5133437990580848
usa;NVDA;priority;30;30;AAPL,MSFT,AVGO,ORCL,AMD,CSCO,QCOM,TXN,IBM,ACN,ADI,GOOGL,META,NFLX,DIS,VZ,AMZN,TSLA,HD,MCD,LOW,WMT,COST,PG,KO,PEP,PM,BRK-B,JPM,V;TMUS,CMCSA,BKNG,SBUX;;252;10;0,8;60;2,5;0,75;5,0;252,0;3,4563283762366828;0,1812228037794241;0,2757366376513922;0,6572314993139945;-0,2563583149667536;0,0265369305616983;60;17,266666666666666;0,5231660231660231
usa;NVDA;priority;30;30;AAPL,MSFT,AVGO,ORCL,AMD,CSCO,QCOM,TXN,IBM,ACN,ADI,GOOGL,META,NFLX,DIS,VZ,AMZN,TSLA,HD,MCD,LOW,WMT,COST,PG,KO,PEP,PM,BRK-B,JPM,V;TMUS,CMCSA,BKNG,SBUX;;252;10;0,8;60;2,5;1,0;5,0;252,0;3,316567467723167;0,177035154350688;0,2556474682663718;0,6924971936988883;-0,2563583149667535;0,0274214949137549;62;14,483870967741936;0,5211581291759465
usa;NVDA;priority;30;30;AAPL,MSFT,AVGO,ORCL,AMD,CSCO,QCOM,TXN,IBM,ACN,ADI,GOOGL,META,NFLX,DIS,VZ,AMZN,TSLA,HD,MCD,LOW,WMT,COST,PG,KO,PEP,PM,BRK-B,JPM,V;TMUS,CMCSA,BKNG,SBUX;;252;10;0,8;60;3,0;0,25;5,0;252,0;2,179692744927089;0,137609976392681;0,2726826517597578;0,504652479740148;-0,3121645580351639;0,0141530296329057;32;28,625;0,517467248908297
usa;NVDA;priority;30;30;AAPL,MSFT,AVGO,ORCL,AMD,CSCO,QCOM,TXN,IBM,ACN,ADI,GOOGL,META,NFLX,DIS,VZ,AMZN,TSLA,HD,MCD,LOW,WMT,COST,PG,KO,PEP,PM,BRK-B,JPM,V;TMUS,CMCSA,BKNG,SBUX;;252;10;0,8;60;3,0;0,5;5,0;252,0;1,7668826368157229;0,1201137426108447;0,2631129375896379;0,456510210828854;-0,3197257210049504;0,0141530296329057;32;23,8125;0,5118110236220472
usa;NVDA;priority;30;30;AAPL,MSFT,AVGO,ORCL,AMD,CSCO,QCOM,TXN,IBM,ACN,ADI,GOOGL,META,NFLX,DIS,VZ,AMZN,TSLA,HD,MCD,LOW,WMT,COST,PG,KO,PEP,PM,BRK-B,JPM,V;TMUS,CMCSA,BKNG,SBUX;;252;10;0,8;60;3,0;0,75;5,0;252,0;2,6559481257298545;0,1554448701642288;0,2234972960796521;0,6955111891323724;-0,2459995548725028;0,0150375939849624;34;17,41176470588235;0,5371621621621622
usa;NVDA;priority;30;30;AAPL,MSFT,AVGO,ORCL,AMD,CSCO,QCOM,TXN,IBM,ACN,ADI,GOOGL,META,NFLX,DIS,VZ,AMZN,TSLA,HD,MCD,LOW,WMT,COST,PG,KO,PEP,PM,BRK-B,JPM,V;TMUS,CMCSA,BKNG,SBUX;;252;10;0,8;60;3,0;1,0;5,0;252,0;2,279793145413325;0,1415468038109697;0,1833937886581928;0,7718189631535614;-0,1301364719774647;0,0150375939849624;34;14,235294117647058;0,5413223140495868
usa;NVDA;priority;30;30;AAPL,MSFT,AVGO,ORCL,AMD,CSCO,QCOM,TXN,IBM,ACN,ADI,GOOGL,META,NFLX,DIS,VZ,AMZN,TSLA,HD,MCD,LOW,WMT,COST,PG,KO,PEP,PM,BRK-B,JPM,V;TMUS,CMCSA,BKNG,SBUX;;252;21;0,8;60;1,0;0,25;5,0;252,0;19,84148028736108;0,4028179869934154;0,4357198998353088;0,9244883861069244;-0,3643737083875487;0,0641309155241043;129;21,424657534246577;0,5249360613810742
usa;NVDA;priority;30;30;AAPL,MSFT,AVGO,ORCL,AMD,CSCO,QCOM,TXN,IBM,ACN,ADI,GOOGL,META,NFLX,DIS,VZ,AMZN,TSLA,HD,MCD,LOW,WMT,COST,PG,KO,PEP,PM,BRK-B,JPM,V;TMUS,CMCSA,BKNG,SBUX;;252;21;0,8;60;1,0;0,5;5,0;252,0;14,091436985031336;0,3532422424612611;0,4078294205560597;0,8661519367083154;-0,3587461324103648;0,0769570986289252;164;15,804597701149426;0,5316363636363637
usa;NVDA;priority;30;30;AAPL,MSFT,AVGO,ORCL,AMD,CSCO,QCOM,TXN,IBM,ACN,ADI,GOOGL,META,NFLX,DIS,VZ,AMZN,TSLA,HD,MCD,LOW,WMT,COST,PG,KO,PEP,PM,BRK-B,JPM,V;TMUS,CMCSA,BKNG,SBUX;;252;21;0,8;60;1,0;0,75;5,0;252,0;10,831575408546458;0,3170312400968247;0,3837701325047657;0,8260967001982307;-0,3303570988642456;0,0937638213180008;206;11,5188679245283;0,5331695331695332
usa;NVDA;priority;30;30;AAPL,MSFT,AVGO,ORCL,AMD,CSCO,QCOM,TXN,IBM,ACN,ADI,GOOGL,META,NFLX,DIS,VZ,AMZN,TSLA,HD,MCD,LOW,WMT,COST,PG,KO,PEP,PM,BRK-B,JPM,V;TMUS,CMCSA,BKNG,SBUX;;252;21;0,8;60;1,5;0,25;5,0;252,0;40,64682604748757;0,5153420580144161;0,4142563776795744;1,2440171975168264;-0,3589096395242557;0,0526315789473684;105;22,85;0,5346462436177972
usa;NVDA;priority;30;30;AAPL,MSFT,AVGO,ORCL,AMD,CSCO,QCOM,TXN,IBM,ACN,ADI,GOOGL,META,NFLX,DIS,VZ,AMZN,TSLA,HD,MCD,LOW,WMT,COST,PG,KO,PEP,PM,BRK-B,JPM,V;TMUS,CMCSA,BKNG,SBUX;;252;21;0,8;60;1,5;0,5;5,0;252,0;21,116335870186926;0,4121315390590119;0,3820333472329535;1,0787842004999246;-0,3302193915352421;0,0574966828836797;122;17,907692307692308;0,5403780068728522
usa;NVDA;priority;30;30;AAPL,MSFT,AVGO,ORCL,AMD,CSCO,QCOM,TXN,IBM,ACN,ADI,GOOGL,META,NFLX,DIS,VZ,AMZN,TSLA,HD,MCD,LOW,WMT,COST,PG,KO,PEP,PM,BRK-B,JPM,V;TMUS,CMCSA,BKNG,SBUX;;252;21;0,8;60;1,5;0,75;5,0;252,0;11,703658798527004;0,3275121552011901;0,3550212669503127;0,9225141863037388;-0,3192225974369674;0,0610349402919062;134;14,376811594202898;0,5342741935483871
usa;NVDA;priority;30;30;AAPL,MSFT,AVGO,ORCL,AMD,CSCO,QCOM,TXN,IBM,ACN,ADI,GOOGL,META,NFLX,DIS,VZ,AMZN,TSLA,HD,MCD,LOW,WMT,COST,PG,KO,PEP,PM,BRK-B,JPM,V;TMUS,CMCSA,BKNG,SBUX;;252;21;0,8;60;1,5;1,0;5,0;252,0;4,728125881848165;0,2147429054133294;0,3380979990842309;0,6351498855212986;-0,3192225974369674;0,0672268907563025;149;11,68421052631579;0,5259009009009009
usa;NVDA;priority;30;30;AAPL,MSFT,AVGO,ORCL,AMD,CSCO,QCOM,TXN,IBM,ACN,ADI,GOOGL,META,NFLX,DIS,VZ,AMZN,TSLA,HD,MCD,LOW,WMT,COST,PG,KO,PEP,PM,BRK-B,JPM,V;TMUS,CMCSA,BKNG,SBUX;;252;21;0,8;60;2,0;0,25;5,0;252,0;14,658231510607134;0,3588145174821804;0,3819530886822258;0,93942038463447;-0,3266062736318058;0,0358248562582927;76;26,82926829268293;0,5209090909090909
usa;NVDA;priority;30;30;AAPL,MSFT,AVGO,ORCL,AMD,CSCO,QCOM,TXN,IBM,ACN,ADI,GOOGL,META,NFLX,DIS,VZ,AMZN,TSLA,HD,MCD,LOW,WMT,COST,PG,KO,PEP,PM,BRK-B,JPM,V;TMUS,CMCSA,BKNG,SBUX;;252;21;0,8;60;2,0;0,5;5,0;252,0;7,4744288703159025;0,2689445637387113;0,346348357759934;0,776514620938743;-0,3192225974369674;0,0371517027863777;82;21,47619047619047;0,5266075388026608
usa;NVDA;priority;30;30;AAPL,MSFT,AVGO,ORCL,AMD,CSCO,QCOM,TXN,IBM,ACN,ADI,GOOGL,META,NFLX,DIS,VZ,AMZN,TSLA,HD,MCD,LOW,WMT,COST,PG,KO,PEP,PM,BRK-B,JPM,V;TMUS,CMCSA,BKNG,SBUX;;252;21;0,8;60;2,0;0,75;5,0;252,0;4,269611686542893;0,203499498355594;0,32390150805412;0,6282758594677235;-0,3192225974369673;0,0380362671384343;85;17,41860465116279;0,5220293724966623
usa;NVDA;priority;30;30;AAPL,MSFT,AVGO,ORCL,AMD,CSCO,QCOM,TXN,IBM,ACN,ADI,GOOGL,META,NFLX,DIS,VZ,AMZN,TSLA,HD,MCD,LOW,WMT,COST,PG,KO,PEP,PM,BRK-B,JPM,V;TMUS,CMCSA,BKNG,SBUX;;252;21;0,8;60;2,0;1,0;5,0;252,0;1,556646023521285;0,1102913879398594;0,3111307273634344;0,3544856815477025;-0,3292969613096667;0,0380362671384343;86;15,69767441860465;0,5140740740740741
usa;NVDA;priority;30;30;AAPL,MSFT,AVGO,ORCL,AMD,CSCO,QCOM,TXN,IBM,ACN,ADI,GOOGL,META,NFLX,DIS,VZ,AMZN,TSLA,HD,MCD,LOW,WMT,COST,PG,KO,PEP,PM,BRK-B,JPM,V;TMUS,CMCSA,BKNG,SBUX;;252;21;0,8;60;2,5;0,25;5,0;252,0;6,508764240906411;0,2519488297522254;0,3375718691901506;0,7463561177554915;-0,3266062736318057;0,0212295444493586;46;32,333333333333336;0,5335051546391752
usa;NVDA;priority;30;30;AAPL,MSFT,AVGO,ORCL,AMD,CSCO,QCOM,TXN,IBM,ACN,ADI,GOOGL,META,NFLX,DIS,VZ,AMZN,TSLA,HD,MCD,LOW,WMT,COST,PG,KO,PEP,PM,BRK-B,JPM,V;TMUS,CMCSA,BKNG,SBUX;;252;21;0,8;60;2,5;0,5;5,0;252,0;5,108237324558375;0,2234728659772284;0,2826767123426859;0,7905598735926813;-0,2719535258545231;0,0221141088014153;49;22,68;0,54673721340388
usa;NVDA;priority;30;30;AAPL,MSFT,AVGO,ORCL,AMD,CSCO,QCOM,TXN,IBM,ACN,ADI,GOOGL,META,NFLX,DIS,VZ,AMZN,TSLA,HD,MCD,LOW,WMT,COST,PG,KO,PEP,PM,BRK-B,JPM,V;TMUS,CMCSA,BKNG,SBUX;;252;21;0,8;60;2,5;0,75;5,0;252,0;3,226662049631134;0,1742771818884323;0,2516090849108065;0,6926505930825679;-0,2498301999132177;0,0221141088014153;49;18,24;0,5416666666666666
usa;NVDA;priority;30;30;AAPL,MSFT,AVGO,ORCL,AMD,CSCO,QCOM,TXN,IBM,ACN,ADI,GOOGL,META,NFLX,DIS,VZ,AMZN,TSLA,HD,MCD,LOW,WMT,COST,PG,KO,PEP,PM,BRK-B,JPM,V;TMUS,CMCSA,BKNG,SBUX;;252;21;0,8;60;2,5;1,0;5,0;252,0;1,6064177674446536;0,112679872728775;0,243158703391459;0,4634005328913629;-0,2498301999132178;0,0221141088014153;50;16,28;0,5356265356265356
usa;NVDA;priority;30;30;AAPL,MSFT,AVGO,ORCL,AMD,CSCO,QCOM,TXN,IBM,ACN,ADI,GOOGL,META,NFLX,DIS,VZ,AMZN,TSLA,HD,MCD,LOW,WMT,COST,PG,KO,PEP,PM,BRK-B,JPM,V;TMUS,CMCSA,BKNG,SBUX;;252;21;0,8;60;3,0;0,25;5,0;252,0;4,510138556034692;0,2095013263088223;0,2854648071121056;0,7338954613293138;-0,3447066320304671;0,0141530296329057;31;32,8125;0,5371428571428571
usa;NVDA;priority;30;30;AAPL,MSFT,AVGO,ORCL,AMD,CSCO,QCOM,TXN,IBM,ACN,ADI,GOOGL,META,NFLX,DIS,VZ,AMZN,TSLA,HD,MCD,LOW,WMT,COST,PG,KO,PEP,PM,BRK-B,JPM,V;TMUS,CMCSA,BKNG,SBUX;;252;21;0,8;60;3,0;0,5;5,0;252,0;5,590943798477944;0,2338884371159939;0,2389214523637576;0,9789344355729892;-0,2719535258545231;0,0150375939849624;33;23,41176470588235;0,5628140703517588
usa;NVDA;priority;30;30;AAPL,MSFT,AVGO,ORCL,AMD,CSCO,QCOM,TXN,IBM,ACN,ADI,GOOGL,META,NFLX,DIS,VZ,AMZN,TSLA,HD,MCD,LOW,WMT,COST,PG,KO,PEP,PM,BRK-B,JPM,V;TMUS,CMCSA,BKNG,SBUX;;252;21;0,8;60;3,0;0,75;5,0;252,0;3,977291117386629;0,1958685239852313;0,202022206369217;0,969539574413225;-0,1310811719711799;0,0150375939849624;33;17,058823529411764;0,5655172413793104
usa;NVDA;priority;30;30;AAPL,MSFT,AVGO,ORCL,AMD,CSCO,QCOM,TXN,IBM,ACN,ADI,GOOGL,META,NFLX,DIS,VZ,AMZN,TSLA,HD,MCD,LOW,WMT,COST,PG,KO,PEP,PM,BRK-B,JPM,V;TMUS,CMCSA,BKNG,SBUX;;252;21;0,8;60;3,0;1,0;5,0;252,0;2,7419560042971116;0,1584432814397651;0,1963067949864601;0,8071207186215511;-0,13108117197118;0,0150375939849624;34;15,058823529411764;0,5703125
usa;NVDA;priority;30;30;AAPL,MSFT,AVGO,ORCL,AMD,CSCO,QCOM,TXN,IBM,ACN,ADI,GOOGL,META,NFLX,DIS,VZ,AMZN,TSLA,HD,MCD,LOW,WMT,COST,PG,KO,PEP,PM,BRK-B,JPM,V;TMUS,CMCSA,BKNG,SBUX;;252;63;0,8;60;1,0;0,25;5,0;252,0;6,54099879478126;0,252546708200525;0,4393991728640601;0,5747546281309389;-0,514329570240663;0,0552852720035382;113;25,22222222222222;0,5235997482693517
usa;NVDA;priority;30;30;AAPL,MSFT,AVGO,ORCL,AMD,CSCO,QCOM,TXN,IBM,ACN,ADI,GOOGL,META,NFLX,DIS,VZ,AMZN,TSLA,HD,MCD,LOW,WMT,COST,PG,KO,PEP,PM,BRK-B,JPM,V;TMUS,CMCSA,BKNG,SBUX;;252;63;0,8;60;1,0;0,5;5,0;252,0;3,540073752798346;0,1836764785473734;0,4237066726819812;0,4334991407728769;-0,4495949713557243;0,0610349402919062;132;20,39130434782609;0,5202558635394456
usa;NVDA;priority;30;30;AAPL,MSFT,AVGO,ORCL,AMD,CSCO,QCOM,TXN,IBM,ACN,ADI,GOOGL,META,NFLX,DIS,VZ,AMZN,TSLA,HD,MCD,LOW,WMT,COST,PG,KO,PEP,PM,BRK-B,JPM,V;TMUS,CMCSA,BKNG,SBUX;;252;63;0,8;60;1,0;0,75;5,0;252,0;2,53616445903826;0,1511627929291241;0,4059369229077604;0,3723800038841806;-0,4287145818973096;0,079610791685095;177;14,055555555555555;0,5264822134387351
usa;NVDA;priority;30;30;AAPL,MSFT,AVGO,ORCL,AMD,CSCO,QCOM,TXN,IBM,ACN,ADI,GOOGL,META,NFLX,DIS,VZ,AMZN,TSLA,HD,MCD,LOW,WMT,COST,PG,KO,PEP,PM,BRK-B,JPM,V;TMUS,CMCSA,BKNG,SBUX;;252;63;0,8;60;1,5;0,25;5,0;252,0;4,355826540312433;0,2056782788813729;0,4209185965095018;0,488641463187835;-0,4897250695309284;0,0402476780185758;82;30,543478260869566;0,5174377224199288
usa;NVDA;priority;30;30;AAPL,MSFT,AVGO,ORCL,AMD,CSCO,QCOM,TXN,IBM,ACN,ADI,GOOGL,META,NFLX,DIS,VZ,AMZN,TSLA,HD,MCD,LOW,WMT,COST,PG,KO,PEP,PM,BRK-B,JPM,V;TMUS,CMCSA,BKNG,SBUX;;252;63;0,8;60;1,5;0,5;5,0;252,0;2,4862522459940757;0,1493403654111349;0,3999875503001108;0,3733625341565876;-0,481871824115533;0,0433436532507739;94;24,3265306122449;0,5176174496644296
usa;NVDA;priority;30;30;AAPL,MSFT,AVGO,ORCL,AMD,CSCO,QCOM,TXN,IBM,ACN,ADI,GOOGL,META,NFLX,DIS,VZ,AMZN,TSLA,HD,MCD,LOW,WMT,COST,PG,KO,PEP,PM,BRK-B,JPM,V;TMUS,CMCSA,BKNG,SBUX;;252;63;0,8;60;1,5;0,75;5,0;252,0;1,5547066229351612;0,1101974847646598;0,3750326465999016;0,2938343788566826;-0,4362486366671536;0,0451127819548872;99;19,725490196078432;0,5188866799204771
usa;NVDA;priority;30;30;AAPL,MSFT,AVGO,ORCL,AMD,CSCO,QCOM,TXN,IBM,ACN,ADI,GOOGL,META,NFLX,DIS,VZ,AMZN,TSLA,HD,MCD,LOW,WMT,COST,PG,KO,PEP,PM,BRK-B,JPM,V;TMUS,CMCSA,BKNG,SBUX;;252;63;0,8;60;1,5;1,0;5,0;252,0;0,2706753532469541;0,027058516834614;0,3354865811594029;0,0806545428467001;-0,4427250281978675;0,0504201680672268;113;15,947368421052632;0,5115511551155115
usa;NVDA;priority;30;30;AAPL,MSFT,AVGO,ORCL,AMD,CSCO,QCOM,TXN,IBM,ACN,ADI,GOOGL,META,NFLX,DIS,VZ,AMZN,TSLA,HD,MCD,LOW,WMT,COST,PG,KO,PEP,PM,BRK-B,JPM,V;TMUS,CMCSA,BKNG,SBUX;;252;63;0,8;60;2,0;0,25;5,0;252,0;0,8487888812457689;0,0708926929327329;0,4069319036219439;0,1742126687579528;-0,4796949339947655;0,0314020344980097;67;35,916666666666664;0,5050270688321732
usa;NVDA;priority;30;30;AAPL,MSFT,AVGO,ORCL,AMD,CSCO,QCOM,TXN,IBM,ACN,ADI,GOOGL,META,NFLX,DIS,VZ,AMZN,TSLA,HD,MCD,LOW,WMT,COST,PG,KO,PEP,PM,BRK-B,JPM,V;TMUS,CMCSA,BKNG,SBUX;;252;63;0,8;60;2,0;0,5;5,0;252,0;0,6513836978949805;0,0574997458381332;0,3834521575522266;0,1499528551493459;-0,490210732841314;0,0327288810260946;73;28,324324324324323;0,5085877862595419
usa;NVDA;priority;30;30;AAPL,MSFT,AVGO,ORCL,AMD,CSCO,QCOM,TXN,IBM,ACN,ADI,GOOGL,META,NFLX,DIS,VZ,AMZN,TSLA,HD,MCD,LOW,WMT,COST,PG,KO,PEP,PM,BRK-B,JPM,V;TMUS,CMCSA,BKNG,SBUX;;252;63;0,8;60;2,0;0,75;5,0;252,0;0,6971210845272171;0,0607246665775256;0,3575242644826084;0,1698476791929168;-0,4254535900485722;0,0336134453781512;75;23,0;0,5148741418764302
usa;NVDA;priority;30;30;AAPL,MSFT,AVGO,ORCL,AMD,CSCO,QCOM,TXN,IBM,ACN,ADI,GOOGL,META,NFLX,DIS,VZ,AMZN,TSLA,HD,MCD,LOW,WMT,COST,PG,KO,PEP,PM,BRK-B,JPM,V;TMUS,CMCSA,BKNG,SBUX;;252;63;0,8;60;2,0;1,0;5,0;252,0;0,0976748579694275;0,010441098916875;0,3262305895438404;0,0320052725021113;-0,4377821278859591;0,0353825740822644;80;19,9;0,5037688442211056
usa;NVDA;priority;30;30;AAPL,MSFT,AVGO,ORCL,AMD,CSCO,QCOM,TXN,IBM,ACN,ADI,GOOGL,META,NFLX,DIS,VZ,AMZN,TSLA,HD,MCD,LOW,WMT,COST,PG,KO,PEP,PM,BRK-B,JPM,V;TMUS,CMCSA,BKNG,SBUX;;252;63;0,8;60;2,5;0,25;5,0;252,0;1,102776101968424;0,0863679196020561;0,3711261950313606;0,2327184681608312;-0,4258358389871317;0,0225563909774436;50;41,0;0,5
usa;NVDA;priority;30;30;AAPL,MSFT,AVGO,ORCL,AMD,CSCO,QCOM,TXN,IBM,ACN,ADI,GOOGL,META,NFLX,DIS,VZ,AMZN,TSLA,HD,MCD,LOW,WMT,COST,PG,KO,PEP,PM,BRK-B,JPM,V;TMUS,CMCSA,BKNG,SBUX;;252;63;0,8;60;2,5;0,5;5,0;252,0;1,9767530840521896;0,1292784913115729;0,3506431736911391;0,3686895996026056;-0,4191478800653417;0,0238832375055285;54;31,51851851851852;0,5111633372502937
usa;NVDA;priority;30;30;AAPL,MSFT,AVGO,ORCL,AMD,CSCO,QCOM,TXN,IBM,ACN,ADI,GOOGL,META,NFLX,DIS,VZ,AMZN,TSLA,HD,MCD,LOW,WMT,COST,PG,KO,PEP,PM,BRK-B,JPM,V;TMUS,CMCSA,BKNG,SBUX;;252;63;0,8;60;2,5;0,75;5,0;252,0;1,5097414362874146;0,1080023752033343;0,3224497485328143;0,3349432762616759;-0,3611852377866051;0,0238832375055285;54;24,85185185185185;0,5141579731743666
usa;NVDA;priority;30;30;AAPL,MSFT,AVGO,ORCL,AMD,CSCO,QCOM,TXN,IBM,ACN,ADI,GOOGL,META,NFLX,DIS,VZ,AMZN,TSLA,HD,MCD,LOW,WMT,COST,PG,KO,PEP,PM,BRK-B,JPM,V;TMUS,CMCSA,BKNG,SBUX;;252;63;0,8;60;2,5;1,0;5,0;252,0;0,4287124552646488;0,0405654285231145;0,3011412040948216;0,134705672858841;-0,3611852377866049;0,0247678018575851;56;20,857142857142858;0,5051369863013698
usa;NVDA;priority;30;30;AAPL,MSFT,AVGO,ORCL,AMD,CSCO,QCOM,TXN,IBM,ACN,ADI,GOOGL,META,NFLX,DIS,VZ,AMZN,TSLA,HD,MCD,LOW,WMT,COST,PG,KO,PEP,PM,BRK-B,JPM,V;TMUS,CMCSA,BKNG,SBUX;;252;63;0,8;60;3,0;0,25;5,0;252,0;0,0592348891969973;0,0064345028667269;0,2982137116227691;0,0215768176175159;-0,4038560999208779;0,0114993365767359;25;47,38461538461539;0,4967532467532468
usa;NVDA;priority;30;30;AAPL,MSFT,AVGO,ORCL,AMD,CSCO,QCOM,TXN,IBM,ACN,ADI,GOOGL,META,NFLX,DIS,VZ,AMZN,TSLA,HD,MCD,LOW,WMT,COST,PG,KO,PEP,PM,BRK-B,JPM,V;TMUS,CMCSA,BKNG,SBUX;;252;63;0,8;60;3,0;0,5;5,0;252,0;0,2907310704668855;0,0288527249148229;0,2766969615467433;0,1042755393970914;-0,4147505222246838;0,0114993365767359;26;34,30769230769231;0,5112107623318386
usa;NVDA;priority;30;30;AAPL,MSFT,AVGO,ORCL,AMD,CSCO,QCOM,TXN,IBM,ACN,ADI,GOOGL,META,NFLX,DIS,VZ,AMZN,TSLA,HD,MCD,LOW,WMT,COST,PG,KO,PEP,PM,BRK-B,JPM,V;TMUS,CMCSA,BKNG,SBUX;;252;63;0,8;60;3,0;0,75;5,0;252,0;0,2295033540751698;0,0232949607237029;0,2488743937706028;0,0936012756104383;-0,3611852377866055;0,0114993365767359;26;25,615384615384617;0,5195195195195195
usa;NVDA;priority;30;30;AAPL,MSFT,AVGO,ORCL,AMD,CSCO,QCOM,TXN,IBM,ACN,ADI,GOOGL,META,NFLX,DIS,VZ,AMZN,TSLA,HD,MCD,LOW,WMT,COST,PG,KO,PEP,PM,BRK-B,JPM,V;TMUS,CMCSA,BKNG,SBUX;;252;63;0,8;60;3,0;1,0;5,0;252,0;0,2094565625802273;0,0214217656911688;0,2331836055908292;0,0918665171030845;-0,361185237786605;0,0123839009287925;28;21,857142857142858;0,5098039215686274
usa;XOM;priority;30;30;NVDA,AAPL,MSFT,AVGO,ORCL,AMD,CSCO,QCOM,TXN,IBM,ACN,ADI,GOOGL,META,NFLX,DIS,VZ,AMZN,TSLA,HD,MCD,LOW,WMT,COST,PG,KO,PEP,PM,BRK-B,JPM;TMUS,CMCSA,BKNG,SBUX;;252;5;0,8;60;1,0;0,25;5,0;252,0;5,480313766578116;0,2315626911135209;0,321966058777396;0,7192146029082553;-0,44600076348157;0,0650154798761609;138;20,93243243243243;0,525500322788896
usa;XOM;priority;30;30;NVDA,AAPL,MSFT,AVGO,ORCL,AMD,CSCO,QCOM,TXN,IBM,ACN,ADI,GOOGL,META,NFLX,DIS,VZ,AMZN,TSLA,HD,MCD,LOW,WMT,COST,PG,KO,PEP,PM,BRK-B,JPM;TMUS,CMCSA,BKNG,SBUX;;252;5;0,8;60;1,0;0,5;5,0;252,0;3,2557768831117624;0,1751759797344994;0,3126983856013633;0,560207496426984;-0,4460007634815699;0,0778416629809818;173;15,806818181818182;0,5226455787203451
usa;XOM;priority;30;30;NVDA,AAPL,MSFT,AVGO,ORCL,AMD,CSCO,QCOM,TXN,IBM,ACN,ADI,GOOGL,META,NFLX,DIS,VZ,AMZN,TSLA,HD,MCD,LOW,WMT,COST,PG,KO,PEP,PM,BRK-B,JPM;TMUS,CMCSA,BKNG,SBUX;;252;5;0,8;60;1,0;0,75;5,0;252,0;2,0072264967514353;0,1305611535219839;0,3038268380628352;0,4297222534863172;-0,44600076348157;0,0946483856700575;213;11,523364485981308;0,5158150851581509
usa;XOM;priority;30;30;NVDA,AAPL,MSFT,AVGO,ORCL,AMD,CSCO,QCOM,TXN,IBM,ACN,ADI,GOOGL,META,NFLX,DIS,VZ,AMZN,TSLA,HD,MCD,LOW,WMT,COST,PG,KO,PEP,PM,BRK-B,JPM;TMUS,CMCSA,BKNG,SBUX;;252;5;0,8;60;1,5;0,25;5,0;252,0;3,978190635678967;0,1958926100307467;0,3067309633706034;0,6386463494853053;-0,4402512228658833;0,042016806722689;89;25,916666666666668;0,5176848874598071
usa;XOM;priority;30;30;NVDA,AAPL,MSFT,AVGO,ORCL,AMD,CSCO,QCOM,TXN,IBM,ACN,ADI,GOOGL,META,NFLX,DIS,VZ,AMZN,TSLA,HD,MCD,LOW,WMT,COST,PG,KO,PEP,PM,BRK-B,JPM;TMUS,CMCSA,BKNG,SBUX;;252;5;0,8;60;1,5;0,5;5,0;252,0;2,355796136746385;0,1444652281316003;0,2975532439012248;0,4855105131354466;-0,4402512228658837;0,0468819106590004;104;20,245283018867923;0,516309412861137
usa;XOM;priority;30;30;NVDA,AAPL,MSFT,AVGO,ORCL,AMD,CSCO,QCOM,TXN,IBM,ACN,ADI,GOOGL,META,NFLX,DIS,VZ,AMZN,TSLA,HD,MCD,LOW,WMT,COST,PG,KO,PEP,PM,BRK-B,JPM;TMUS,CMCSA,BKNG,SBUX;;252;5;0,8;60;1,5;0,75;5,0;252,0;1,7018469139773953;0,1171482109758246;0,288005325316635;0,4067571002273346;-0,4402512228658831;0,0530738611233967;119;15,4;0,5097402597402597
usa;XOM;priority;30;30;NVDA,AAPL,MSFT,AVGO,ORCL,AMD,CSCO,QCOM,TXN,IBM,ACN,ADI,GOOGL,META,NFLX,DIS,VZ,AMZN,TSLA,HD,MCD,LOW,WMT,COST,PG,KO,PEP,PM,BRK-B,JPM;TMUS,CMCSA,BKNG,SBUX;;252;5;0,8;60;1,5;1,0;5,0;252,0;1,5545957570269775;0,1101921148723539;0,2809414636236113;0,3922244635985195;-0,4402512228658831;0,0619195046439628;139;11,714285714285714;0,5036585365853659
usa;XOM;priority;30;30;NVDA,AAPL,MSFT,AVGO,ORCL,AMD,CSCO,QCOM,TXN,IBM,ACN,ADI,GOOGL,META,NFLX,DIS,VZ,AMZN,TSLA,HD,MCD,LOW,WMT,COST,PG,KO,PEP,PM,BRK-B,JPM;TMUS,CMCSA,BKNG,SBUX;;252;5;0,8;60;2,0;0,25;5,0;252,0;1,4399423324609062;0,1045246969637501;0,2936204116939618;0,3559857993547647;-0,4402951953995901;0,0300751879699248;65;29,41176470588235;0,517
usa;XOM;priority;30;30;NVDA,AAPL,MSFT,AVGO,ORCL,AMD,CSCO,QCOM,TXN,IBM,ACN,ADI,GOOGL,META,NFLX,DIS,VZ,AMZN,TSLA,HD,MCD,LOW,WMT,COST,PG,KO,PEP,PM,BRK-B,JPM;TMUS,CMCSA,BKNG,SBUX;;252;5;0,8;60;2,0;0,5;5,0;252,0;1,611647560558271;0,1129284857450387;0,2794488236795336;0,4041115087123891;-0,4386624617636599;0,031844316674038;70;23,47222222222222;0,5207100591715976
usa;XOM;priority;30;30;NVDA,AAPL,MSFT,AVGO,ORCL,AMD,CSCO,QCOM,TXN,IBM,ACN,ADI,GOOGL,META,NFLX,DIS,VZ,AMZN,TSLA,HD,MCD,LOW,WMT,COST,PG,KO,PEP,PM,BRK-B,JPM;TMUS,CMCSA,BKNG,SBUX;;252;5;0,8;60;2,0;0,75;5,0;252,0;0,8489850059126098;0,0709053540014141;0,2720067590942545;0,2606749708629277;-0,4386624617636598;0,0336134453781512;75;18,657894736842103;0,5077574047954866
usa;XOM;priority;30;30;NVDA,AAPL,MSFT,AVGO,ORCL,AMD,CSCO,QCOM,TXN,IBM,ACN,ADI,GOOGL,META,NFLX,DIS,VZ,AMZN,TSLA,HD,MCD,LOW,WMT,COST,PG,KO,PEP,PM,BRK-B,JPM;TMUS,CMCSA,BKNG,SBUX;;252;5;0,8;60;2,0;1,0;5,0;252,0;0,7510610557175352;0,0644301600657295;0,2660771559652422;0,2421484092912737;-0,4386624617636601;0,0353825740822644;79;15,675;0,4976076555023923
usa;XOM;priority;30;30;NVDA,AAPL,MSFT,AVGO,ORCL,AMD,CSCO,QCOM,TXN,IBM,ACN,ADI,GOOGL,META,NFLX,DIS,VZ,AMZN,TSLA,HD,MCD,LOW,WMT,COST,PG,KO,PEP,PM,BRK-B,JPM;TMUS,CMCSA,BKNG,SBUX;;252;5;0,8;60;2,5;0,25;5,0;252,0;0,7022688453721726;0,0610827825195923;0,2765496126269593;0,2208745907808864;-0,4186989522702106;0,0176912870411322;40;34,95;0,5236051502145923
usa;XOM;priority;30;30;NVDA,AAPL,MSFT,AVGO,ORCL,AMD,CSCO,QCOM,TXN,IBM,ACN,ADI,GOOGL,META,NFLX,DIS,VZ,AMZN,TSLA,HD,MCD,LOW,WMT,COST,PG,KO,PEP,PM,BRK-B,JPM;TMUS,CMCSA,BKNG,SBUX;;252;5;0,8;60;2,5;0,5;5,0;252,0;1,0907115789780222;0,0856714476395392;0,263017478217834;0,3257253024401108;-0,4186989522702106;0,0185758513931888;42;28,238095238095237;0,5261382799325464
usa;XOM;priority;30;30;NVDA,AAPL,MSFT,AVGO,ORCL,AMD,CSCO,QCOM,TXN,IBM,ACN,ADI,GOOGL,META,NFLX,DIS,VZ,AMZN,TSLA,HD,MCD,LOW,WMT,COST,PG,KO,PEP,PM,BRK-B,JPM;TMUS,CMCSA,BKNG,SBUX;;252;5;0,8;60;2,5;0,75;5,0;252,0;0,5579452865174801;0,0506569229381888;0,2558243796196257;0,1980144465258096;-0,4186989522702105;0,0185758513931888;42;21,80952380952381;0,5109170305676856
usa;XOM;priority;30;30;NVDA,AAPL,MSFT,AVGO,ORCL,AMD,CSCO,QCOM,TXN,IBM,ACN,ADI,GOOGL,META,NFLX,DIS,VZ,AMZN,TSLA,HD,MCD,LOW,WMT,COST,PG,KO,PEP,PM,BRK-B,JPM;TMUS,CMCSA,BKNG,SBUX;;252;5;0,8;60;2,5;1,0;5,0;252,0;0,5850000692022612;0,0526749435311741;0,2507106621991314;0,2101025264307912;-0,4186989522702107;0,020344980097302;46;17,82608695652174;0,5048780487804878
usa;XOM;priority;30;30;NVDA,AAPL,MSFT,AVGO,ORCL,AMD,CSCO,QCOM,TXN,IBM,ACN,ADI,GOOGL,META,NFLX,DIS,VZ,AMZN,TSLA,HD,MCD,LOW,WMT,COST,PG,KO,PEP,PM,BRK-B,JPM;TMUS,CMCSA,BKNG,SBUX;;252;5;0,8;60;3,0;0,25;5,0;252,0;0,3700451137375531;0,0357138874169939;0,2621156863851234;0,1362523850042305;-0,4186989522702105;0,0106147722246793;24;38,0;0,5153508771929824
usa;XOM;priority;30;30;NVDA,AAPL,MSFT,AVGO,ORCL,AMD,CSCO,QCOM,TXN,IBM,ACN,ADI,GOOGL,META,NFLX,DIS,VZ,AMZN,TSLA,HD,MCD,LOW,WMT,COST,PG,KO,PEP,PM,BRK-B,JPM;TMUS,CMCSA,BKNG,SBUX;;252;5;0,8;60;3,0;0,5;5,0;252,0;0,4647368805194181;0,043457478595648;0,2508075982277267;0,1732701836097877;-0,4198608951836661;0,0106147722246793;24;32,833333333333336;0,5126903553299492
usa;XOM;priority;30;30;NVDA,AAPL,MSFT,AVGO,ORCL,AMD,CSCO,QCOM,TXN,IBM,ACN,ADI,GOOGL,META,NFLX,DIS,VZ,AMZN,TSLA,HD,MCD,LOW,WMT,COST,PG,KO,PEP,PM,BRK-B,JPM;TMUS,CMCSA,BKNG,SBUX;;252;5;0,8;60;3,0;0,75;5,0;252,0;0,2217374944146464;0,0225725528474531;0,2448658708529343;0,0921833359987116;-0,4186989522702107;0,0106147722246793;24;23,416666666666668;0,491103202846975
usa;XOM;priority;30;30;NVDA,AAPL,MSFT,AVGO,ORCL,AMD,CSCO,QCOM,TXN,IBM,ACN,ADI,GOOGL,META,NFLX,DIS,VZ,AMZN,TSLA,HD,MCD,LOW,WMT,COST,PG,KO,PEP,PM,BRK-B,JPM;TMUS,CMCSA,BKNG,SBUX;;252;5;0,8;60;3,0;1,0;5,0;252,0;0,1582668195732637;0,0165103294331001;0,2404742398768291;0,0686573723720126;-0,4186989522702106;0,0106147722246793;24;22,166666666666668;0,4736842105263157
usa;XOM;priority;30;30;NVDA,AAPL,MSFT,AVGO,ORCL,AMD,CSCO,QCOM,TXN,IBM,ACN,ADI,GOOGL,META,NFLX,DIS,VZ,AMZN,TSLA,HD,MCD,LOW,WMT,COST,PG,KO,PEP,PM,BRK-B,JPM;TMUS,CMCSA,BKNG,SBUX;;252;10;0,8;60;1,0;0,25;5,0;252,0;3,644779150315221;0,1866883096255176;0,3684543980441798;0,5066795527926704;-0,5272788981148312;0,0632463511720477;131;22,34722222222222;0,5127408328154133
usa;XOM;priority;30;30;NVDA,AAPL,MSFT,AVGO,ORCL,AMD,CSCO,QCOM,TXN,IBM,ACN,ADI,GOOGL,META,NFLX,DIS,VZ,AMZN,TSLA,HD,MCD,LOW,WMT,COST,PG,KO,PEP,PM,BRK-B,JPM;TMUS,CMCSA,BKNG,SBUX;;252;10;0,8;60;1,0;0,5;5,0;252,0;1,532754635225595;0,1091301594773386;0,3551766670813568;0,3072559928390264;-0,5272788981148314;0,0734188412206988;161;17,132530120481928;0,5098452883263009
usa;XOM;priority;30;30;NVDA,AAPL,MSFT,AVGO,ORCL,AMD,CSCO,QCOM,TXN,IBM,ACN,ADI,GOOGL,META,NFLX,DIS,VZ,AMZN,TSLA,HD,MCD,LOW,WMT,COST,PG,KO,PEP,PM,BRK-B,JPM;TMUS,CMCSA,BKNG,SBUX;;252;10;0,8;60;1,0;0,75;5,0;252,0;1,3087828635537142;0,0977435694658508;0,3478884003754354;0,2809624274921716;-0,5272788981148316;0,0955329500221141;214;11,796296296296296;0,5047095761381476
usa;XOM;priority;30;30;NVDA,AAPL,MSFT,AVGO,ORCL,AMD,CSCO,QCOM,TXN,IBM,ACN,ADI,GOOGL,META,NFLX,DIS,VZ,AMZN,TSLA,HD,MCD,LOW,WMT,COST,PG,KO,PEP,PM,BRK-B,JPM;TMUS,CMCSA,BKNG,SBUX;;252;10;0,8;60;1,5;0,25;5,0;252,0;4,082106329436763;0,1986494276726551;0,35906866542479;0,5532352076382001;-0,5232107530586595;0,0437859354268023;88;27,46;0,507647487254188
usa;XOM;priority;30;30;NVDA,AAPL,MSFT,AVGO,ORCL,AMD,CSCO,QCOM,TXN,IBM,ACN,ADI,GOOGL,META,NFLX,DIS,VZ,AMZN,TSLA,HD,MCD,LOW,WMT,COST,PG,KO,PEP,PM,BRK-B,JPM;TMUS,CMCSA,BKNG,SBUX;;252;10;0,8;60;1,5;0,5;5,0;252,0;1,424965211032621;0,1037669721190421;0,3396201063386188;0,3055383653156894;-0,5232107530586592;0,047766475011057;103;21,24074074074074;0,5047951176983435
usa;XOM;priority;30;30;NVDA,AAPL,MSFT,AVGO,ORCL,AMD,CSCO,QCOM,TXN,IBM,ACN,ADI,GOOGL,META,NFLX,DIS,VZ,AMZN,TSLA,HD,MCD,LOW,WMT,COST,PG,KO,PEP,PM,BRK-B,JPM;TMUS,CMCSA,BKNG,SBUX;;252;10;0,8;60;1,5;0,75;5,0;252,0;0,9002440585754208;0,0741742320168783;0,3329519956077988;0,2227775565107348;-0,5232107530586596;0,0530738611233967;118;16,516666666666666;0,4954591321897074
usa;XOM;priority;30;30;NVDA,AAPL,MSFT,AVGO,ORCL,AMD,CSCO,QCOM,TXN,IBM,ACN,ADI,GOOGL,META,NFLX,DIS,VZ,AMZN,TSLA,HD,MCD,LOW,WMT,COST,PG,KO,PEP,PM,BRK-B,JPM;TMUS,CMCSA,BKNG,SBUX;;252;10;0,8;60;1,5;1,0;5,0;252,0;0,8272493957940699;0,0694948685717997;0,3271614735524056;0,212417641408709;-0,5232107530586592;0,0628040689960194;141;12,52112676056338;0,4949381327334083
usa;XOM;priority;30;30;NVDA,AAPL,MSFT,AVGO,ORCL,AMD,CSCO,QCOM,TXN,IBM,ACN,ADI,GOOGL,META,NFLX,DIS,VZ,AMZN,TSLA,HD,MCD,LOW,WMT,COST,PG,KO,PEP,PM,BRK-B,JPM;TMUS,CMCSA,BKNG,SBUX;;252;10;0,8;60;2,0;0,25;5,0;252,0;1,8177869149085784;0,1223919970351692;0,3400410541968252;0,3599330008085593;-0,5232107530586594;0,0296329057938965;62;33,529411764705884;0,5078947368421053
usa;XOM;priority;30;30;NVDA,AAPL,MSFT,AVGO,ORCL,AMD,CSCO,QCOM,TXN,IBM,ACN,ADI,GOOGL,META,NFLX,DIS,VZ,AMZN,TSLA,HD,MCD,LOW,WMT,COST,PG,KO,PEP,PM,BRK-B,JPM;TMUS,CMCSA,BKNG,SBUX;;252;10;0,8;60;2,0;0,5;5,0;252,0;0,7797044312468207;0,0663568185797145;0,3247412445060302;0,2043375139509953;-0,5232107530586592;0,0309597523219814;68;26,0;0,5032967032967033
usa;XOM;priority;30;30;NVDA,AAPL,MSFT,AVGO,ORCL,AMD,CSCO,QCOM,TXN,IBM,ACN,ADI,GOOGL,META,NFLX,DIS,VZ,AMZN,TSLA,HD,MCD,LOW,WMT,COST,PG,KO,PEP,PM,BRK-B,JPM;TMUS,CMCSA,BKNG,SBUX;;252;10;0,8;60;2,0;0,75;5,0;252,0;0,3487396181129496;0,0339062296378454;0,3193208587430132;0,1061823201005883;-0,5232107530586596;0,031844316674038;71;20,86111111111111;0,488681757656458
usa;XOM;priority;30;30;NVDA,AAPL,MSFT,AVGO,ORCL,AMD,CSCO,QCOM,TXN,IBM,ACN,ADI,GOOGL,META,NFLX,DIS,VZ,AMZN,TSLA,HD,MCD,LOW,WMT,COST,PG,KO,PEP,PM,BRK-B,JPM;TMUS,CMCSA,BKNG,SBUX;;252;10;0,8;60;2,0;1,0;5,0;252,0;0,1789191533006193;0,0185146018020829;0,3153840397197016;0,058704942135112;-0,5232107530586592;0,0344980097302078;78;17,46153846153846;0,4801762114537445
usa;XOM;priority;30;30;NVDA,AAPL,MSFT,AVGO,ORCL,AMD,CSCO,QCOM,TXN,IBM,ACN,ADI,GOOGL,META,NFLX,DIS,VZ,AMZN,TSLA,HD,MCD,LOW,WMT,COST,PG,KO,PEP,PM,BRK-B,JPM;TMUS,CMCSA,BKNG,SBUX;;252;10;0,8;60;2,5;0,25;5,0;252,0;0,8069372585967247;0,0681632155520926;0,321320592842733;0,2121346003661034;-0,5235808228252223;0,0185758513931888;42;37,95238095238095;0,5106649937264742
usa;XOM;priority;30;30;NVDA,AAPL,MSFT,AVGO,ORCL,AMD,CSCO,QCOM,TXN,IBM,ACN,ADI,GOOGL,META,NFLX,DIS,VZ,AMZN,TSLA,HD,MCD,LOW,WMT,COST,PG,KO,PEP,PM,BRK-B,JPM;TMUS,CMCSA,BKNG,SBUX;;252;10;0,8;60;2,5;0,5;5,0;252,0;0,2993364811958021;0,0296149901778914;0,3092043375898015;0,0957780554074228;-0,4983104575840008;0,0185758513931888;42;31,142857142857142;0,5045871559633027
usa;XOM;priority;30;30;NVDA,AAPL,MSFT,AVGO,ORCL,AMD,CSCO,QCOM,TXN,IBM,ACN,ADI,GOOGL,META,NFLX,DIS,VZ,AMZN,TSLA,HD,MCD,LOW,WMT,COST,PG,KO,PEP,PM,BRK-B,JPM;TMUS,CMCSA,BKNG,SBUX;;252;10;0,8;60;2,5;0,75;5,0;252,0;0,1347297917091177;0,0141870125320895;0,3048859133259628;0,046532200774136;-0,498310457584001;0,0185758513931888;42;23,904761904761905;0,4900398406374502
usa;XOM;priority;30;30;NVDA,AAPL,MSFT,AVGO,ORCL,AMD,CSCO,QCOM,TXN,IBM,ACN,ADI,GOOGL,META,NFLX,DIS,VZ,AMZN,TSLA,HD,MCD,LOW,WMT,COST,PG,KO,PEP,PM,BRK-B,JPM;TMUS,CMCSA,BKNG,SBUX;;252;10;0,8;60;2,5;1,0;5,0;252,0;0,1205182819856658;0,0127633905876469;0,3029323301012512;0,0421328109263906;-0,4983104575840011;0,0194604157452454;44;20,954545454545453;0,4837310195227766
usa;XOM;priority;30;30;NVDA,AAPL,MSFT,AVGO,ORCL,AMD,CSCO,QCOM,TXN,IBM,ACN,ADI,GOOGL,META,NFLX,DIS,VZ,AMZN,TSLA,HD,MCD,LOW,WMT,COST,PG,KO,PEP,PM,BRK-B,JPM;TMUS,CMCSA,BKNG,SBUX;;252;10;0,8;60;3,0;0,25;5,0;252,0;0,2320680762221318;0,0235326498310801;0,3074396841251104;0,0765439565749219;-0,506003611372517;0,0097302078726227;22;47,72727272727273;0,4952380952380952
usa;XOM;priority;30;30;NVDA,AAPL,MSFT,AVGO,ORCL,AMD,CSCO,QCOM,TXN,IBM,ACN,ADI,GOOGL,META,NFLX,DIS,VZ,AMZN,TSLA,HD,MCD,LOW,WMT,COST,PG,KO,PEP,PM,BRK-B,JPM;TMUS,CMCSA,BKNG,SBUX;;252;10;0,8;60;3,0;0,5;5,0;252,0;-0,0097835831527902;-0,0010951993579855;0,2963463971714754;-0,0036956729301885;-0,5164646817500036;0,0097302078726227;22;38,81818181818182;0,48711943793911
usa;XOM;priority;30;30;NVDA,AAPL,MSFT,AVGO,ORCL,AMD,CSCO,QCOM,TXN,IBM,ACN,ADI,GOOGL,META,NFLX,DIS,VZ,AMZN,TSLA,HD,MCD,LOW,WMT,COST,PG,KO,PEP,PM,BRK-B,JPM;TMUS,CMCSA,BKNG,SBUX;;252;10;0,8;60;3,0;0,75;5,0;252,0;-0,0963141026692872;-0,0112239778037328;0,2941672918051611;-0,038155084254462;-0,4987572275181047;0,0097302078726227;22;29,181818181818183;0,470404984423676
usa;XOM;priority;30;30;NVDA,AAPL,MSFT,AVGO,ORCL,AMD,CSCO,QCOM,TXN,IBM,ACN,ADI,GOOGL,META,NFLX,DIS,VZ,AMZN,TSLA,HD,MCD,LOW,WMT,COST,PG,KO,PEP,PM,BRK-B,JPM;TMUS,CMCSA,BKNG,SBUX;;252;10;0,8;60;3,0;1,0;5,0;252,0;-0,1325417655562325;-0,0157226572521114;0,2938065465111865;-0,0535136382725658;-0,4987572275181049;0,0097302078726227;22;28,636363636363637;0,4634920634920635
usa;XOM;priority;30;30;NVDA,AAPL,MSFT,AVGO,ORCL,AMD,CSCO,QCOM,TXN,IBM,ACN,ADI,GOOGL,META,NFLX,DIS,VZ,AMZN,TSLA,HD,MCD,LOW,WMT,COST,PG,KO,PEP,PM,BRK-B,JPM;TMUS,CMCSA,BKNG,SBUX;;252;21;0,8;60;1,0;0,25;5,0;252,0;1,8792118482365376;0,1250929184820646;0,3567153526947429;0,350679940005588;-0,5745184472040836;0,0610349402919062;127;22,231884057971016;0,5026075619295959
usa;XOM;priority;30;30;NVDA,AAPL,MSFT,AVGO,ORCL,AMD,CSCO,QCOM,TXN,IBM,ACN,ADI,GOOGL,META,NFLX,DIS,VZ,AMZN,TSLA,HD,MCD,LOW,WMT,COST,PG,KO,PEP,PM,BRK-B,JPM;TMUS,CMCSA,BKNG,SBUX;;252;21;0,8;60;1,0;0,5;5,0;252,0;1,9844575976410617;0,129603881600987;0,351466316127654;0,3687519277207615;-0,5745184472040836;0,0707651481645289;151;17,825;0,5028050490883591
usa;XOM;priority;30;30;NVDA,AAPL,MSFT,AVGO,ORCL,AMD,CSCO,QCOM,TXN,IBM,ACN,ADI,GOOGL,META,NFLX,DIS,VZ,AMZN,TSLA,HD,MCD,LOW,WMT,COST,PG,KO,PEP,PM,BRK-B,JPM;TMUS,CMCSA,BKNG,SBUX;;252;21;0,8;60;1,0;0,75;5,0;252,0;1,15597507833131;0,0893973105952548;0,3326624324600419;0,2687328110185475;-0,5745184472040836;0,0884564352056612;194;12,86;0,494556765163297
usa;XOM;priority;30;30;NVDA,AAPL,MSFT,AVGO,ORCL,AMD,CSCO,QCOM,TXN,IBM,ACN,ADI,GOOGL,META,NFLX,DIS,VZ,AMZN,TSLA,HD,MCD,LOW,WMT,COST,PG,KO,PEP,PM,BRK-B,JPM;TMUS,CMCSA,BKNG,SBUX;;252;21;0,8;60;1,5;0,25;5,0;252,0;1,2378930772843089;0,0939346552200346;0,343709148720125;0,2732969301801263;-0,5715916301634436;0,0415745245466607;89;27,617021276595743;0,4946070878274268
usa;XOM;priority;30;30;NVDA,AAPL,MSFT,AVGO,ORCL,AMD,CSCO,QCOM,TXN,IBM,ACN,ADI,GOOGL,META,NFLX,DIS,VZ,AMZN,TSLA,HD,MCD,LOW,WMT,COST,PG,KO,PEP,PM,BRK-B,JPM;TMUS,CMCSA,BKNG,SBUX;;252;21;0,8;60;1,5;0,5;5,0;252,0;1,0130169361233483;0,0810987074156355;0,3394002535794757;0,2389471031925585;-0,5715916301634435;0,0433436532507739;94;24,959183673469383;0,4946852003270646
usa;XOM;priority;30;30;NVDA,AAPL,MSFT,AVGO,ORCL,AMD,CSCO,QCOM,TXN,IBM,ACN,ADI,GOOGL,META,NFLX,DIS,VZ,AMZN,TSLA,HD,MCD,LOW,WMT,COST,PG,KO,PEP,PM,BRK-B,JPM;TMUS,CMCSA,BKNG,SBUX;;252;21;0,8;60;1,5;0,75;5,0;252,0;0,273520340568103;0,0273145577042817;0,3186324986438655;0,0857243307589007;-0,5715916301634436;0,0486510393631136;109;19,163636363636364;0,4867172675521821
usa;XOM;priority;30;30;NVDA,AAPL,MSFT,AVGO,ORCL,AMD,CSCO,QCOM,TXN,IBM,ACN,ADI,GOOGL,META,NFLX,DIS,VZ,AMZN,TSLA,HD,MCD,LOW,WMT,COST,PG,KO,PEP,PM,BRK-B,JPM;TMUS,CMCSA,BKNG,SBUX;;252;21;0,8;60;1,5;1,0;5,0;252,0;0,0952903513990586;0,0101962177994707;0,3043579645307474;0,0335007425062494;-0,5715916301634434;0,059265811587793;134;13,597014925373134;0,4851811196487376
usa;XOM;priority;30;30;NVDA,AAPL,MSFT,AVGO,ORCL,AMD,CSCO,QCOM,TXN,IBM,ACN,ADI,GOOGL,META,NFLX,DIS,VZ,AMZN,TSLA,HD,MCD,LOW,WMT,COST,PG,KO,PEP,PM,BRK-B,JPM;TMUS,CMCSA,BKNG,SBUX;;252;21;0,8;60;2,0;0,25;5,0;252,0;1,3510023263879831;0,099962931817882;0,3260491327929262;0,3065885529631772;-0,5565118816652951;0,0309597523219814;66;29,82857142857143;0,4971264367816091
usa;XOM;priority;30;30;NVDA,AAPL,MSFT,AVGO,ORCL,AMD,CSCO,QCOM,TXN,IBM,ACN,ADI,GOOGL,META,NFLX,DIS,VZ,AMZN,TSLA,HD,MCD,LOW,WMT,COST,PG,KO,PEP,PM,BRK-B,JPM;TMUS,CMCSA,BKNG,SBUX;;252;21;0,8;60;2,0;0,5;5,0;252,0;1,034961869875552;0,0824059556379177;0,3225348179525621;0,2554947591736836;-0,556511881665295;0,0309597523219814;67;27,914285714285715;0,4984646878198567
usa;XOM;priority;30;30;NVDA,AAPL,MSFT,AVGO,ORCL,AMD,CSCO,QCOM,TXN,IBM,ACN,ADI,GOOGL,META,NFLX,DIS,VZ,AMZN,TSLA,HD,MCD,LOW,WMT,COST,PG,KO,PEP,PM,BRK-B,JPM;TMUS,CMCSA,BKNG,SBUX;;252;21;0,8;60;2,0;0,75;5,0;252,0;0,2578049196082872;0,0258938112510969;0,3041669074629785;0,0851302709656163;-0,5565118816652951;0,0309597523219814;69;23,34285714285714;0,4883720930232558
usa;XOM;priority;30;30;NVDA,AAPL,MSFT,AVGO,ORCL,AMD,CSCO,QCOM,TXN,IBM,ACN,ADI,GOOGL,META,NFLX,DIS,VZ,AMZN,TSLA,HD,MCD,LOW,WMT,COST,PG,KO,PEP,PM,BRK-B,JPM;TMUS,CMCSA,BKNG,SBUX;;252;21;0,8;60;2,0;1,0;5,0;252,0;0,0534574611432778;0,0058211894034894;0,2876458243979689;0,0202373506226726;-0,5565118816652952;0,0336134453781512;76;17,710526315789473;0,4784546805349183
usa;XOM;priority;30;30;NVDA,AAPL,MSFT,AVGO,ORCL,AMD,CSCO,QCOM,TXN,IBM,ACN,ADI,GOOGL,META,NFLX,DIS,VZ,AMZN,TSLA,HD,MCD,LOW,WMT,COST,PG,KO,PEP,PM,BRK-B,JPM;TMUS,CMCSA,BKNG,SBUX;;252;21;0,8;60;2,5;0,25;5,0;252,0;0,8100831303703462;0,0683703249763831;0,3021796042538124;0,2262572457370626;-0,556511881665295;0,0176912870411322;39;34,45;0,4833091436865022
usa;XOM;priority;30;30;NVDA,AAPL,MSFT,AVGO,ORCL,AMD,CSCO,QCOM,TXN,IBM,ACN,ADI,GOOGL,META,NFLX,DIS,VZ,AMZN,TSLA,HD,MCD,LOW,WMT,COST,PG,KO,PEP,PM,BRK-B,JPM;TMUS,CMCSA,BKNG,SBUX;;252;21;0,8;60;2,5;0,5;5,0;252,0;0,713216079227212;0,0618411643263956;0,2999661762014521;0,2061604581873396;-0,556511881665295;0,0176912870411322;39;32,5;0,4861538461538461
usa;XOM;priority;30;30;NVDA,AAPL,MSFT,AVGO,ORCL,AMD,CSCO,QCOM,TXN,IBM,ACN,ADI,GOOGL,META,NFLX,DIS,VZ,AMZN,TSLA,HD,MCD,LOW,WMT,COST,PG,KO,PEP,PM,BRK-B,JPM;TMUS,CMCSA,BKNG,SBUX;;252;21;0,8;60;2,5;0,75;5,0;252,0;0,0872851680181814;0,0093706321402029;0,2824450789136927;0,0331768291954074;-0,556511881665295;0,0176912870411322;40;27,15;0,4732965009208103
usa;XOM;priority;30;30;NVDA,AAPL,MSFT,AVGO,ORCL,AMD,CSCO,QCOM,TXN,IBM,ACN,ADI,GOOGL,META,NFLX,DIS,VZ,AMZN,TSLA,HD,MCD,LOW,WMT,COST,PG,KO,PEP,PM,BRK-B,JPM;TMUS,CMCSA,BKNG,SBUX;;252;21;0,8;60;2,5;1,0;5,0;252,0;0,0671449466985247;0,0072694065275962;0,2688078752244697;0,0270431307919303;-0,5589138510759609;0,0194604157452454;44;20,545454545454547;0,4734513274336283
usa;XOM;priority;30;30;NVDA,AAPL,MSFT,AVGO,ORCL,AMD,CSCO,QCOM,TXN,IBM,ACN,ADI,GOOGL,META,NFLX,DIS,VZ,AMZN,TSLA,HD,MCD,LOW,WMT,COST,PG,KO,PEP,PM,BRK-B,JPM;TMUS,CMCSA,BKNG,SBUX;;252;21;0,8;60;3,0;0,25;5,0;252,0;0,6841562351876651;0,0598184419322418;0,2972533986155488;0,2012372010239241;-0,5565118816652952;0,0132684652808491;30;39,6;0,4882154882154882
usa;XOM;priority;30;30;NVDA,AAPL,MSFT,AVGO,ORCL,AMD,CSCO,QCOM,TXN,IBM,ACN,ADI,GOOGL,META,NFLX,DIS,VZ,AMZN,TSLA,HD,MCD,LOW,WMT,COST,PG,KO,PEP,PM,BRK-B,JPM;TMUS,CMCSA,BKNG,SBUX;;252;21;0,8;60;3,0;0,5;5,0;252,0;0,6355037871125067;0,0563614818164992;0,2958339697550593;0,190517275156618;-0,556511881665295;0,0132684652808491;30;37,333333333333336;0,4910714285714285
usa;XOM;priority;30;30;NVDA,AAPL,MSFT,AVGO,ORCL,AMD,CSCO,QCOM,TXN,IBM,ACN,ADI,GOOGL,META,NFLX,DIS,VZ,AMZN,TSLA,HD,MCD,LOW,WMT,COST,PG,KO,PEP,PM,BRK-B,JPM;TMUS,CMCSA,BKNG,SBUX;;252;21;0,8;60;3,0;0,75;5,0;252,0;0,1136157582304451;0,0120661406348279;0,2765232162109038;0,0436351811618778;-0,5565118816652952;0,0132684652808491;30;28,533333333333335;0,4742990654205608
usa;XOM;priority;30;30;NVDA,AAPL,MSFT,AVGO,ORCL,AMD,CSCO,QCOM,TXN,IBM,ACN,ADI,GOOGL,META,NFLX,DIS,VZ,AMZN,TSLA,HD,MCD,LOW,WMT,COST,PG,KO,PEP,PM,BRK-B,JPM;TMUS,CMCSA,BKNG,SBUX;;252;21;0,8;60;3,0;1,0;5,0;252,0;0,1940558057689694;0,0199638694892341;0,2626401906815806;0,0760122410718087;-0,5589138510759608;0,0141530296329057;32;20,9375;0,4746268656716418
usa;XOM;priority;30;30;NVDA,AAPL,MSFT,AVGO,ORCL,AMD,CSCO,QCOM,TXN,IBM,ACN,ADI,GOOGL,META,NFLX,DIS,VZ,AMZN,TSLA,HD,MCD,LOW,WMT,COST,PG,KO,PEP,PM,BRK-B,JPM;TMUS,CMCSA,BKNG,SBUX;;252;63;0,8;60;1,0;0,25;5,0;252,0;3,2271245622758444;0,1742915029619391;0,332107049332041;0,5248051895088873;-0,4564935604583;0,0676691729323308;141;21,662337662337663;0,5023980815347722
usa;XOM;priority;30;30;NVDA,AAPL,MSFT,AVGO,ORCL,AMD,CSCO,QCOM,TXN,IBM,ACN,ADI,GOOGL,META,NFLX,DIS,VZ,AMZN,TSLA,HD,MCD,LOW,WMT,COST,PG,KO,PEP,PM,BRK-B,JPM;TMUS,CMCSA,BKNG,SBUX;;252;63;0,8;60;1,0;0,5;5,0;252,0;2,809708360793163;0,1607624509252847;0,3101220013824582;0,5183845396606489;-0,4564935604583002;0,0800530738611234;171;16,428571428571427;0,505685618729097
usa;XOM;priority;30;30;NVDA,AAPL,MSFT,AVGO,ORCL,AMD,CSCO,QCOM,TXN,IBM,ACN,ADI,GOOGL,META,NFLX,DIS,VZ,AMZN,TSLA,HD,MCD,LOW,WMT,COST,PG,KO,PEP,PM,BRK-B,JPM;TMUS,CMCSA,BKNG,SBUX;;252;63;0,8;60;1,0;0,75;5,0;252,0;2,225629152290553;0,1394300714365666;0,3034932378233974;0,4594173907680305;-0,4564935604583006;0,0950906678460858;207;12,574074074074074;0,4985272459499263
usa;XOM;priority;30;30;NVDA,AAPL,MSFT,AVGO,ORCL,AMD,CSCO,QCOM,TXN,IBM,ACN,ADI,GOOGL,META,NFLX,DIS,VZ,AMZN,TSLA,HD,MCD,LOW,WMT,COST,PG,KO,PEP,PM,BRK-B,JPM;TMUS,CMCSA,BKNG,SBUX;;252;63;0,8;60;1,5;0,25;5,0;252,0;2,1029423983908595;0,1345161762012485;0,3134706316885219;0,4291189113208847;-0,4564935604583001;0,0455550641309155;95;28,384615384615383;0,497289972899729
usa;XOM;priority;30;30;NVDA,AAPL,MSFT,AVGO,ORCL,AMD,CSCO,QCOM,TXN,IBM,ACN,ADI,GOOGL,META,NFLX,DIS,VZ,AMZN,TSLA,HD,MCD,LOW,WMT,COST,PG,KO,PEP,PM,BRK-B,JPM;TMUS,CMCSA,BKNG,SBUX;;252;63;0,8;60;1,5;0,5;5,0;252,0;1,628581389055351;0,113730459337608;0,2904188632113116;0,3916083758473245;-0,4564935604583003;0,0508624502432552;109;22,310344827586206;0,5015455950540958
usa;XOM;priority;30;30;NVDA,AAPL,MSFT,AVGO,ORCL,AMD,CSCO,QCOM,TXN,IBM,ACN,ADI,GOOGL,META,NFLX,DIS,VZ,AMZN,TSLA,HD,MCD,LOW,WMT,COST,PG,KO,PEP,PM,BRK-B,JPM;TMUS,CMCSA,BKNG,SBUX;;252;63;0,8;60;1,5;0,75;5,0;252,0;1,295641603358447;0,0970454084821339;0,2818177507897774;0,3443552019351868;-0,4564935604583001;0,0570544007076514;125;17,892307692307693;0,4952708512467755
usa;XOM;priority;30;30;NVDA,AAPL,MSFT,AVGO,ORCL,AMD,CSCO,QCOM,TXN,IBM,ACN,ADI,GOOGL,META,NFLX,DIS,VZ,AMZN,TSLA,HD,MCD,LOW,WMT,COST,PG,KO,PEP,PM,BRK-B,JPM;TMUS,CMCSA,BKNG,SBUX;;252;63;0,8;60;1,5;1,0;5,0;252,0;0,4880268431491308;0,045293744986248;0,2717273348481221;0,1666882171113344;-0,4585390646809751;0,0605926581158779;134;14,72463768115942;0,4872047244094488
usa;XOM;priority;30;30;NVDA,AAPL,MSFT,AVGO,ORCL,AMD,CSCO,QCOM,TXN,IBM,ACN,ADI,GOOGL,META,NFLX,DIS,VZ,AMZN,TSLA,HD,MCD,LOW,WMT,COST,PG,KO,PEP,PM,BRK-B,JPM;TMUS,CMCSA,BKNG,SBUX;;252;63;0,8;60;2,0;0,25;5,0;252,0;1,7390755039316463;0,1188534405103711;0,3014764099170702;0,3942379456590492;-0,4667465713979831;0,0336134453781512;71;33,86842105263158;0,4957264957264957
usa;XOM;priority;30;30;NVDA,AAPL,MSFT,AVGO,ORCL,AMD,CSCO,QCOM,TXN,IBM,ACN,ADI,GOOGL,META,NFLX,DIS,VZ,AMZN,TSLA,HD,MCD,LOW,WMT,COST,PG,KO,PEP,PM,BRK-B,JPM;TMUS,CMCSA,BKNG,SBUX;;252;63;0,8;60;2,0;0,5;5,0;252,0;1,1678067976600066;0,0900620231797419;0,2767376855506368;0,3254418457700899;-0,465858486244628;0,0371517027863777;81;25,61904761904762;0,4990706319702602
usa;XOM;priority;30;30;NVDA,AAPL,MSFT,AVGO,ORCL,AMD,CSCO,QCOM,TXN,IBM,ACN,ADI,GOOGL,META,NFLX,DIS,VZ,AMZN,TSLA,HD,MCD,LOW,WMT,COST,PG,KO,PEP,PM,BRK-B,JPM;TMUS,CMCSA,BKNG,SBUX;;252;63;0,8;60;2,0;0,75;5,0;252,0;0,6562886260492513;0,0578493628169529;0,2678940008257731;0,2159412403362318;-0,4708873926649123;0,0380362671384343;85;21,488372093023255;0,4859307359307359
usa;XOM;priority;30;30;NVDA,AAPL,MSFT,AVGO,ORCL,AMD,CSCO,QCOM,TXN,IBM,ACN,ADI,GOOGL,META,NFLX,DIS,VZ,AMZN,TSLA,HD,MCD,LOW,WMT,COST,PG,KO,PEP,PM,BRK-B,JPM;TMUS,CMCSA,BKNG,SBUX;;252;63;0,8;60;2,0;1,0;5,0;252,0;0,0817005095057528;0,0087914743375041;0,2599964111584541;0,0338138295768483;-0,5042588492709584;0,0380362671384343;85;19,488372093023255;0,477326968973747
usa;XOM;priority;30;30;NVDA,AAPL,MSFT,AVGO,ORCL,AMD,CSCO,QCOM,TXN,IBM,ACN,ADI,GOOGL,META,NFLX,DIS,VZ,AMZN,TSLA,HD,MCD,LOW,WMT,COST,PG,KO,PEP,PM,BRK-B,JPM;TMUS,CMCSA,BKNG,SBUX;;252;63;0,8;60;2,5;0,25;5,0;252,0;2,1022511665430352;0,1344880051092054;0,289058196038685;0,4652627289322969;-0,4439883749672608;0,0229986731534719;48;34,88461538461539;0,5071664829106945
usa;XOM;priority;30;30;NVDA,AAPL,MSFT,AVGO,ORCL,AMD,CSCO,QCOM,TXN,IBM,ACN,ADI,GOOGL,META,NFLX,DIS,VZ,AMZN,TSLA,HD,MCD,LOW,WMT,COST,PG,KO,PEP,PM,BRK-B,JPM;TMUS,CMCSA,BKNG,SBUX;;252;63;0,8;60;2,5;0,5;5,0;252,0;1,0594684249171031;0,0838510754966099;0,2653800413331438;0,3159660201851722;-0,4561821829703745;0,0238832375055285;53;28,22222222222222;0,505249343832021
usa;XOM;priority;30;30;NVDA,AAPL,MSFT,AVGO,ORCL,AMD,CSCO,QCOM,TXN,IBM,ACN,ADI,GOOGL,META,NFLX,DIS,VZ,AMZN,TSLA,HD,MCD,LOW,WMT,COST,PG,KO,PEP,PM,BRK-B,JPM;TMUS,CMCSA,BKNG,SBUX;;252;63;0,8;60;2,5;0,75;5,0;252,0;0,5996220351690529;0,0537528906120345;0,2556225180904009;0,2102822983420611;-0,4467478098394407;0,0238832375055285;54;22,703703703703702;0,4877650897226753
usa;XOM;priority;30;30;NVDA,AAPL,MSFT,AVGO,ORCL,AMD,CSCO,QCOM,TXN,IBM,ACN,ADI,GOOGL,META,NFLX,DIS,VZ,AMZN,TSLA,HD,MCD,LOW,WMT,COST,PG,KO,PEP,PM,BRK-B,JPM;TMUS,CMCSA,BKNG,SBUX;;252;63;0,8;60;2,5;1,0;5,0;252,0;0,2193178092511494;0,0223466313744427;0,2491853597202867;0,089678749183046;-0,4725238989362583;0,0238832375055285;54;20,48148148148148;0,488245931283906
usa;XOM;priority;30;30;NVDA,AAPL,MSFT,AVGO,ORCL,AMD,CSCO,QCOM,TXN,IBM,ACN,ADI,GOOGL,META,NFLX,DIS,VZ,AMZN,TSLA,HD,MCD,LOW,WMT,COST,PG,KO,PEP,PM,BRK-B,JPM;TMUS,CMCSA,BKNG,SBUX;;252;63;0,8;60;3,0;0,25;5,0;252,0;0,8508501416997127;0,0710257005344587;0,272891995381217;0,26027036973085;-0,446249013509486;0,0132684652808491;30;45,06666666666667;0,4985207100591716
usa;XOM;priority;30;30;NVDA,AAPL,MSFT,AVGO,ORCL,AMD,CSCO,QCOM,TXN,IBM,ACN,ADI,GOOGL,META,NFLX,DIS,VZ,AMZN,TSLA,HD,MCD,LOW,WMT,COST,PG,KO,PEP,PM,BRK-B,JPM;TMUS,CMCSA,BKNG,SBUX;;252;63;0,8;60;3,0;0,5;5,0;252,0;0,4663239458933057;0,0435834294063846;0,2354404730830669;0,1851144318377567;-0,4439883749672606;0,0132684652808491;30;33,53333333333333;0,4990059642147117
usa;XOM;priority;30;30;NVDA,AAPL,MSFT,AVGO,ORCL,AMD,CSCO,QCOM,TXN,IBM,ACN,ADI,GOOGL,META,NFLX,DIS,VZ,AMZN,TSLA,HD,MCD,LOW,WMT,COST,PG,KO,PEP,PM,BRK-B,JPM;TMUS,CMCSA,BKNG,SBUX;;252;63;0,8;60;3,0;0,75;5,0;252,0;0,2889491213399537;0,0286943161338051;0,2282931562123607;0,1256906541127907;-0,4439883749672606;0,0132684652808491;30;26,866666666666667;0,4714640198511166
usa;XOM;priority;30;30;NVDA,AAPL,MSFT,AVGO,ORCL,AMD,CSCO,QCOM,TXN,IBM,ACN,ADI,GOOGL,META,NFLX,DIS,VZ,AMZN,TSLA,HD,MCD,LOW,WMT,COST,PG,KO,PEP,PM,BRK-B,JPM;TMUS,CMCSA,BKNG,SBUX;;252;63;0,8;60;3,0;1,0;5,0;252,0;0,1025130777678171;0,0109365193763262;0,222524374064829;0,0491475121423778;-0,4439883749672608;0,0132684652808491;30;24,2;0,4765840220385675
usa;JNJ;priority;30;30;NVDA,AAPL,MSFT,AVGO,ORCL,AMD,CSCO,QCOM,TXN,IBM,ACN,ADI,GOOGL,META,NFLX,DIS,VZ,AMZN,TSLA,HD,MCD,LOW,WMT,COST,PG,KO,PEP,PM,BRK-B,JPM;TMUS,CMCSA,BKNG,SBUX;;252;5;0,8;60;1,0;0,25;5,0;252,0;1,7151567521879318;0,1177602431125106;0,1600480287431277;0,735780653078285;-0,1878631164982065;0,0672268907563025;142;21,644736842105264;0,496048632218845
usa;JNJ;priority;30;30;NVDA,AAPL,MSFT,AVGO,ORCL,AMD,CSCO,QCOM,TXN,IBM,ACN,ADI,GOOGL,META,NFLX,DIS,VZ,AMZN,TSLA,HD,MCD,LOW,WMT,COST,PG,KO,PEP,PM,BRK-B,JPM;TMUS,CMCSA,BKNG,SBUX;;252;5;0,8;60;1,0;0,5;5,0;252,0;1,805983496105362;0,1218670036658915;0,1544413926406565;0,7890825223872671;-0,1632186601343186;0,0787262273330384;171;16,573033707865168;0,4996610169491525
usa;JNJ;priority;30;30;NVDA,AAPL,MSFT,AVGO,ORCL,AMD,CSCO,QCOM,TXN,IBM,ACN,ADI,GOOGL,META,NFLX,DIS,VZ,AMZN,TSLA,HD,MCD,LOW,WMT,COST,PG,KO,PEP,PM,BRK-B,JPM;TMUS,CMCSA,BKNG,SBUX;;252;5;0,8;60;1,0;0,75;5,0;252,0;2,1595899564661045;0,1368061032554668;0,1465377969598137;0,9335891905962276;-0,144101620847486;0,1052631578947368;233;11,050420168067228;0,5026615969581749
usa;JNJ;priority;30;30;NVDA,AAPL,MSFT,AVGO,ORCL,AMD,CSCO,QCOM,TXN,IBM,ACN,ADI,GOOGL,META,NFLX,DIS,VZ,AMZN,TSLA,HD,MCD,LOW,WMT,COST,PG,KO,PEP,PM,BRK-B,JPM;TMUS,CMCSA,BKNG,SBUX;;252;5;0,8;60;1,5;0,25;5,0;252,0;1,8255532433593784;0,122736363577609;0,1522964213901924;0,8059044490819074;-0,1719788403618091;0,0530738611233967;113;23,8;0,4985994397759103
usa;JNJ;priority;30;30;NVDA,AAPL,MSFT,AVGO,ORCL,AMD,CSCO,QCOM,TXN,IBM,ACN,ADI,GOOGL,META,NFLX,DIS,VZ,AMZN,TSLA,HD,MCD,LOW,WMT,COST,PG,KO,PEP,PM,BRK-B,JPM;TMUS,CMCSA,BKNG,SBUX;;252;5;0,8;60;1,5;0,5;5,0;252,0;2,027201451175087;0,1313956712114521;0,1468275574631823;0,8948978889361434;-0,1404264026501669;0,0583812472357364;126;18,924242424242426;0,5028022417934348
usa;JNJ;priority;30;30;NVDA,AAPL,MSFT,AVGO,ORCL,AMD,CSCO,QCOM,TXN,IBM,ACN,ADI,GOOGL,META,NFLX,DIS,VZ,AMZN,TSLA,HD,MCD,LOW,WMT,COST,PG,KO,PEP,PM,BRK-B,JPM;TMUS,CMCSA,BKNG,SBUX;;252;5;0,8;60;1,5;0,75;5,0;252,0;2,5246344522868394;0,1507438413972601;0,1348104295885836;1,1181912397824287;-0,1713442173633672;0,0698805838124723;154;13,240506329113924;0,5076481835564054
usa;JNJ;priority;30;30;NVDA,AAPL,MSFT,AVGO,ORCL,AMD,CSCO,QCOM,TXN,IBM,ACN,ADI,GOOGL,META,NFLX,DIS,VZ,AMZN,TSLA,HD,MCD,LOW,WMT,COST,PG,KO,PEP,PM,BRK-B,JPM;TMUS,CMCSA,BKNG,SBUX;;252;5;0,8;60;1,5;1,0;5,0;252,0;1,893978918222074;0,1257346029915262;0,1302633240292873;0,9652341050598184;-0,1690463181051855;0,0769570986289252;171;10,735632183908049;0,5042826552462527
usa;JNJ;priority;30;30;NVDA,AAPL,MSFT,AVGO,ORCL,AMD,CSCO,QCOM,TXN,IBM,ACN,ADI,GOOGL,META,NFLX,DIS,VZ,AMZN,TSLA,HD,MCD,LOW,WMT,COST,PG,KO,PEP,PM,BRK-B,JPM;TMUS,CMCSA,BKNG,SBUX;;252;5;0,8;60;2,0;0,25;5,0;252,0;2,3972311702555573;0,1460316338161458;0,1371947016766839;1,0644116137975006;-0,1158759478007724;0,0415745245466607;88;23,872340425531913;0,5071301247771836
usa;JNJ;priority;30;30;NVDA,AAPL,MSFT,AVGO,ORCL,AMD,CSCO,QCOM,TXN,IBM,ACN,ADI,GOOGL,META,NFLX,DIS,VZ,AMZN,TSLA,HD,MCD,LOW,WMT,COST,PG,KO,PEP,PM,BRK-B,JPM;TMUS,CMCSA,BKNG,SBUX;;252;5;0,8;60;2,0;0,5;5,0;252,0;1,8547815289619551;0,1240248804155716;0,1313556349746635;0,944191548687608;-0,1140810875081443;0,0415745245466607;90;20,48936170212766;0,5046728971962616
usa;JNJ;priority;30;30;NVDA,AAPL,MSFT,AVGO,ORCL,AMD,CSCO,QCOM,TXN,IBM,ACN,ADI,GOOGL,META,NFLX,DIS,VZ,AMZN,TSLA,HD,MCD,LOW,WMT,COST,PG,KO,PEP,PM,BRK-B,JPM;TMUS,CMCSA,BKNG,SBUX;;252;5;0,8;60;2,0;0,75;5,0;252,0;1,964465172805233;0,1287579752916725;0,1208875137533225;1,0651056614036258;-0,1217104350309979;0,0451127819548872;99;15,31372549019608;0,5057618437900128
usa;JNJ;priority;30;30;NVDA,AAPL,MSFT,AVGO,ORCL,AMD,CSCO,QCOM,TXN,IBM,ACN,ADI,GOOGL,META,NFLX,DIS,VZ,AMZN,TSLA,HD,MCD,LOW,WMT,COST,PG,KO,PEP,PM,BRK-B,JPM;TMUS,CMCSA,BKNG,SBUX;;252;5;0,8;60;2,0;1,0;5,0;252,0;1,5354116798336523;0,1092597836188276;0,1172549083929812;0,931814157004346;-0,1287066130244575;0,0468819106590004;104;13,0188679245283;0,5014492753623189
usa;JNJ;priority;30;30;NVDA,AAPL,MSFT,AVGO,ORCL,AMD,CSCO,QCOM,TXN,IBM,ACN,ADI,GOOGL,META,NFLX,DIS,VZ,AMZN,TSLA,HD,MCD,LOW,WMT,COST,PG,KO,PEP,PM,BRK-B,JPM;TMUS,CMCSA,BKNG,SBUX;;252;5;0,8;60;2,5;0,25;5,0;252,0;0,918700393391228;0,0753320603077323;0,1165777839096706;0,6461956796682867;-0,1205828743825576;0,0229986731534719;50;27,884615384615383;0,4910344827586207
usa;JNJ;priority;30;30;NVDA,AAPL,MSFT,AVGO,ORCL,AMD,CSCO,QCOM,TXN,IBM,ACN,ADI,GOOGL,META,NFLX,DIS,VZ,AMZN,TSLA,HD,MCD,LOW,WMT,COST,PG,KO,PEP,PM,BRK-B,JPM;TMUS,CMCSA,BKNG,SBUX;;252;5;0,8;60;2,5;0,5;5,0;252,0;0,8364269999589666;0,0700922380975077;0,1084605752140873;0,6462462324135256;-0,1205828743825583;0,0229986731534719;50;23,076923076923077;0,4833333333333333
usa;JNJ;priority;30;30;NVDA,AAPL,MSFT,AVGO,ORCL,AMD,CSCO,QCOM,TXN,IBM,ACN,ADI,GOOGL,META,NFLX,DIS,VZ,AMZN,TSLA,HD,MCD,LOW,WMT,COST,PG,KO,PEP,PM,BRK-B,JPM;TMUS,CMCSA,BKNG,SBUX;;252;5;0,8;60;2,5;0,75;5,0;252,0;0,657823539086382;0,0579585804661006;0,0976857131458284;0,5933168587260884;-0,1125353256839991;0,0238832375055285;53;18,444444444444443;0,4799196787148594
usa;JNJ;priority;30;30;NVDA,AAPL,MSFT,AVGO,ORCL,AMD,CSCO,QCOM,TXN,IBM,ACN,ADI,GOOGL,META,NFLX,DIS,VZ,AMZN,TSLA,HD,MCD,LOW,WMT,COST,PG,KO,PEP,PM,BRK-B,JPM;TMUS,CMCSA,BKNG,SBUX;;252;5;0,8;60;2,5;1,0;5,0;252,0;0,5031849633816532;0,0464751955154381;0,096416172596539;0,4820269697897799;-0,1229814369046758;0,0238832375055285;53;16,77777777777778;0,4679911699779249
usa;JNJ;priority;30;30;NVDA,AAPL,MSFT,AVGO,ORCL,AMD,CSCO,QCOM,TXN,IBM,ACN,ADI,GOOGL,META,NFLX,DIS,VZ,AMZN,TSLA,HD,MCD,LOW,WMT,COST,PG,KO,PEP,PM,BRK-B,JPM;TMUS,CMCSA,BKNG,SBUX;;252;5;0,8;60;3,0;0,25;5,0;252,0;0,8774204855003787;0,0727285332268758;0,0926606449345622;0,7848912909923885;-0,0826813712187682;0,0150375939849624;33;31,058823529411764;0,4943181818181818
usa;JNJ;priority;30;30;NVDA,AAPL,MSFT,AVGO,ORCL,AMD,CSCO,QCOM,TXN,IBM,ACN,ADI,GOOGL,META,NFLX,DIS,VZ,AMZN,TSLA,HD,MCD,LOW,WMT,COST,PG,KO,PEP,PM,BRK-B,JPM;TMUS,CMCSA,BKNG,SBUX;;252;5;0,8;60;3,0;0,5;5,0;252,0;0,8750027996148688;0,0725744778953392;0,0830319576314858;0,8740547611492048;-0,0699917874744278;0,0150375939849624;33;24,352941176470587;0,4879227053140096
usa;JNJ;priority;30;30;NVDA,AAPL,MSFT,AVGO,ORCL,AMD,CSCO,QCOM,TXN,IBM,ACN,ADI,GOOGL,META,NFLX,DIS,VZ,AMZN,TSLA,HD,MCD,LOW,WMT,COST,PG,KO,PEP,PM,BRK-B,JPM;TMUS,CMCSA,BKNG,SBUX;;252;5;0,8;60;3,0;0,75;5,0;252,0;0,62172196984541;0,0553656202804273;0,0741627369369535;0,7465423009872764;-0,0651701085840007;0,0150375939849624;34;20,11764705882353;0,4736842105263157
usa;JNJ;priority;30;30;NVDA,AAPL,MSFT,AVGO,ORCL,AMD,CSCO,QCOM,TXN,IBM,ACN,ADI,GOOGL,META,NFLX,DIS,VZ,AMZN,TSLA,HD,MCD,LOW,WMT,COST,PG,KO,PEP,PM,BRK-B,JPM;TMUS,CMCSA,BKNG,SBUX;;252;5;0,8;60;3,0;1,0;5,0;252,0;0,5284144094646603;0,0484183518668668;0,0731567942676787;0,661843542374279;-0,065170108584;0,0150375939849624;34;18,705882352941178;0,4654088050314465
usa;JNJ;priority;30;30;NVDA,AAPL,MSFT,AVGO,ORCL,AMD,CSCO,QCOM,TXN,IBM,ACN,ADI,GOOGL,META,NFLX,DIS,VZ,AMZN,TSLA,HD,MCD,LOW,WMT,COST,PG,KO,PEP,PM,BRK-B,JPM;TMUS,CMCSA,BKNG,SBUX;;252;10;0,8;60;1,0;0,25;5,0;252,0;2,1335942569652575;0,1357598183224211;0,162807316804279;0,8338680409899919;-0,178856541899398;0,0654577620521893;135;22,486486486486488;0,4927884615384615
usa;JNJ;priority;30;30;NVDA,AAPL,MSFT,AVGO,ORCL,AMD,CSCO,QCOM,TXN,IBM,ACN,ADI,GOOGL,META,NFLX,DIS,VZ,AMZN,TSLA,HD,MCD,LOW,WMT,COST,PG,KO,PEP,PM,BRK-B,JPM;TMUS,CMCSA,BKNG,SBUX;;252;10;0,8;60;1,0;0,5;5,0;252,0;2,0292464328544373;0,1314808305509807;0,1558457647619919;0,843659952850041;-0,1614129082830158;0,0778416629809818;168;16,829545454545453;0,4942606347062795
usa;JNJ;priority;30;30;NVDA,AAPL,MSFT,AVGO,ORCL,AMD,CSCO,QCOM,TXN,IBM,ACN,ADI,GOOGL,META,NFLX,DIS,VZ,AMZN,TSLA,HD,MCD,LOW,WMT,COST,PG,KO,PEP,PM,BRK-B,JPM;TMUS,CMCSA,BKNG,SBUX;;252;10;0,8;60;1,0;0,75;5,0;252,0;1,29648184060009;0,0970901542342559;0,1483539906602919;0,6544492251413553;-0,1594513386065745;0,091110128261831;201;13,07766990291262;0,4899777282850779
usa;JNJ;priority;30;30;NVDA,AAPL,MSFT,AVGO,ORCL,AMD,CSCO,QCOM,TXN,IBM,ACN,ADI,GOOGL,META,NFLX,DIS,VZ,AMZN,TSLA,HD,MCD,LOW,WMT,COST,PG,KO,PEP,PM,BRK-B,JPM;TMUS,CMCSA,BKNG,SBUX;;252;10;0,8;60;1,5;0,25;5,0;252,0;2,226861764095483;0,1394785919987251;0,1566863586432438;0,8901769956649596;-0,1667640254675001;0,0539584254754533;112;24,475409836065573;0,4976557267247153
usa;JNJ;priority;30;30;NVDA,AAPL,MSFT,AVGO,ORCL,AMD,CSCO,QCOM,TXN,IBM,ACN,ADI,GOOGL,META,NFLX,DIS,VZ,AMZN,TSLA,HD,MCD,LOW,WMT,COST,PG,KO,PEP,PM,BRK-B,JPM;TMUS,CMCSA,BKNG,SBUX;;252;10;0,8;60;1,5;0,5;5,0;252,0;2,4489367947145593;0,1479626713106789;0,1491874321078688;0,9917904559393158;-0,1426517434797726;0,0601503759398496;128;18,705882352941178;0,5023584905660378
usa;JNJ;priority;30;30;NVDA,AAPL,MSFT,AVGO,ORCL,AMD,CSCO,QCOM,TXN,IBM,ACN,ADI,GOOGL,META,NFLX,DIS,VZ,AMZN,TSLA,HD,MCD,LOW,WMT,COST,PG,KO,PEP,PM,BRK-B,JPM;TMUS,CMCSA,BKNG,SBUX;;252;10;0,8;60;1,5;0,75;5,0;252,0;1,873185688794236;0,1248302188020922;0,1415533023461063;0,8818601666874211;-0,1503062277131539;0,0663423264042459;145;15,106666666666667;0,501323918799647
usa;JNJ;priority;30;30;NVDA,AAPL,MSFT,AVGO,ORCL,AMD,CSCO,QCOM,TXN,IBM,ACN,ADI,GOOGL,META,NFLX,DIS,VZ,AMZN,TSLA,HD,MCD,LOW,WMT,COST,PG,KO,PEP,PM,BRK-B,JPM;TMUS,CMCSA,BKNG,SBUX;;252;10;0,8;60;1,5;1,0;5,0;252,0;1,7223013500652722;0,1180876775486321;0,1316488283368042;0,896989962162991;-0,1882044419182085;0,079610791685095;176;10,6;0,5062893081761006
usa;JNJ;priority;30;30;NVDA,AAPL,MSFT,AVGO,ORCL,AMD,CSCO,QCOM,TXN,IBM,ACN,ADI,GOOGL,META,NFLX,DIS,VZ,AMZN,TSLA,HD,MCD,LOW,WMT,COST,PG,KO,PEP,PM,BRK-B,JPM;TMUS,CMCSA,BKNG,SBUX;;252;10;0,8;60;2,0;0,25;5,0;252,0;1,6458236944833855;0,1145423391029227;0,1362844626098286;0,8404651338050783;-0,1398848729821358;0,0362671384343211;77;28,585365853658537;0,4965870307167235
usa;JNJ;priority;30;30;NVDA,AAPL,MSFT,AVGO,ORCL,AMD,CSCO,QCOM,TXN,IBM,ACN,ADI,GOOGL,META,NFLX,DIS,VZ,AMZN,TSLA,HD,MCD,LOW,WMT,COST,PG,KO,PEP,PM,BRK-B,JPM;TMUS,CMCSA,BKNG,SBUX;;252;10;0,8;60;2,0;0,5;5,0;252,0;1,383350795643468;0,1016395672874519;0,1265917142156918;0,8028927320967829;-0,1524057169099865;0,0362671384343211;79;23,390243902439025;0,4994786235662148
usa;JNJ;priority;30;30;NVDA,AAPL,MSFT,AVGO,ORCL,AMD,CSCO,QCOM,TXN,IBM,ACN,ADI,GOOGL,META,NFLX,DIS,VZ,AMZN,TSLA,HD,MCD,LOW,WMT,COST,PG,KO,PEP,PM,BRK-B,JPM;TMUS,CMCSA,BKNG,SBUX;;252;10;0,8;60;2,0;0,75;5,0;252,0;1,151613485298946;0,089151455996572;0,1209037654347018;0,7373753470459221;-0,1633598729150944;0,0371517027863777;81;20,261904761904763;0,4958871915393654
usa;JNJ;priority;30;30;NVDA,AAPL,MSFT,AVGO,ORCL,AMD,CSCO,QCOM,TXN,IBM,ACN,ADI,GOOGL,META,NFLX,DIS,VZ,AMZN,TSLA,HD,MCD,LOW,WMT,COST,PG,KO,PEP,PM,BRK-B,JPM;TMUS,CMCSA,BKNG,SBUX;;252;10;0,8;60;2,0;1,0;5,0;252,0;1,096155924610223;0,085986184819838;0,1106057874183695;0,777411262347356;-0,1560939158995877;0,0415745245466607;92;14,76595744680851;0,5028818443804035
usa;JNJ;priority;30;30;NVDA,AAPL,MSFT,AVGO,ORCL,AMD,CSCO,QCOM,TXN,IBM,ACN,ADI,GOOGL,META,NFLX,DIS,VZ,AMZN,TSLA,HD,MCD,LOW,WMT,COST,PG,KO,PEP,PM,BRK-B,JPM;TMUS,CMCSA,BKNG,SBUX;;252;10;0,8;60;2,5;0,25;5,0;252,0;1,484907035298784;0,1067749858544;0,1217076420885821;0,8773071601920142;-0,1189584667070851;0,0256523662096417;55;28,96551724137931;0,5083333333333333
usa;JNJ;priority;30;30;NVDA,AAPL,MSFT,AVGO,ORCL,AMD,CSCO,QCOM,TXN,IBM,ACN,ADI,GOOGL,META,NFLX,DIS,VZ,AMZN,TSLA,HD,MCD,LOW,WMT,COST,PG,KO,PEP,PM,BRK-B,JPM;TMUS,CMCSA,BKNG,SBUX;;252;10;0,8;60;2,5;0,5;5,0;252,0;1,296557021231752;0,0970941571729078;0,1130349703315661;0,8589745004408893;-0,1196955271501535;0,0256523662096417;56;23,689655172413794;0,5080058224163028
usa;JNJ;priority;30;30;NVDA,AAPL,MSFT,AVGO,ORCL,AMD,CSCO,QCOM,TXN,IBM,ACN,ADI,GOOGL,META,NFLX,DIS,VZ,AMZN,TSLA,HD,MCD,LOW,WMT,COST,PG,KO,PEP,PM,BRK-B,JPM;TMUS,CMCSA,BKNG,SBUX;;252;10;0,8;60;2,5;0,75;5,0;252,0;1,020669270867154;0,0815559845907909;0,1095213998318889;0,7446579820562577;-0,1302724837782644;0,0256523662096417;56;20,896551724137932;0,5033003300330033
usa;JNJ;priority;30;30;NVDA,AAPL,MSFT,AVGO,ORCL,AMD,CSCO,QCOM,TXN,IBM,ACN,ADI,GOOGL,META,NFLX,DIS,VZ,AMZN,TSLA,HD,MCD,LOW,WMT,COST,PG,KO,PEP,PM,BRK-B,JPM;TMUS,CMCSA,BKNG,SBUX;;252;10;0,8;60;2,5;1,0;5,0;252,0;0,7310491650396587;0,0630674000612556;0,0974853619488909;0,6469422567699986;-0,1237959265048042;0,0256523662096417;57;16,724137931034484;0,4969072164948453
usa;JNJ;priority;30;30;NVDA,AAPL,MSFT,AVGO,ORCL,AMD,CSCO,QCOM,TXN,IBM,ACN,ADI,GOOGL,META,NFLX,DIS,VZ,AMZN,TSLA,HD,MCD,LOW,WMT,COST,PG,KO,PEP,PM,BRK-B,JPM;TMUS,CMCSA,BKNG,SBUX;;252;10;0,8;60;3,0;0,25;5,0;252,0;0,9943213107057778;0,0799749911569349;0,096961046084677;0,8248156799699953;-0,1502365011371067;0,0114993365767359;26;38,53846153846154;0,5229540918163673
usa;JNJ;priority;30;30;NVDA,AAPL,MSFT,AVGO,ORCL,AMD,CSCO,QCOM,TXN,IBM,ACN,ADI,GOOGL,META,NFLX,DIS,VZ,AMZN,TSLA,HD,MCD,LOW,WMT,COST,PG,KO,PEP,PM,BRK-B,JPM;TMUS,CMCSA,BKNG,SBUX;;252;10;0,8;60;3,0;0,5;5,0;252,0;0,9843281163227976;0,0793704976008191;0,0869842390049984;0,912469873953352;-0,0777825128459707;0,0114993365767359;26;26,692307692307693;0,521613832853026
usa;JNJ;priority;30;30;NVDA,AAPL,MSFT,AVGO,ORCL,AMD,CSCO,QCOM,TXN,IBM,ACN,ADI,GOOGL,META,NFLX,DIS,VZ,AMZN,TSLA,HD,MCD,LOW,WMT,COST,PG,KO,PEP,PM,BRK-B,JPM;TMUS,CMCSA,BKNG,SBUX;;252;10;0,8;60;3,0;0,75;5,0;252,0;0,8295168394541332;0,0696427038407816;0,0847599422189071;0,8216464289335796;-0,066624075593482;0,0114993365767359;26;23,46153846153846;0,5081967213114754
usa;JNJ;priority;30;30;NVDA,AAPL,MSFT,AVGO,ORCL,AMD,CSCO,QCOM,TXN,IBM,ACN,ADI,GOOGL,META,NFLX,DIS,VZ,AMZN,TSLA,HD,MCD,LOW,WMT,COST,PG,KO,PEP,PM,BRK-B,JPM;TMUS,CMCSA,BKNG,SBUX;;252;10;0,8;60;3,0;1,0;5,0;252,0;0,615181541781878;0,0548903812231016;0,0751816103503749;0,7301038241571511;-0,0666240755934822;0,0114993365767359;26;18,76923076923077;0,4918032786885246
usa;JNJ;priority;30;30;NVDA,AAPL,MSFT,AVGO,ORCL,AMD,CSCO,QCOM,TXN,IBM,ACN,ADI,GOOGL,META,NFLX,DIS,VZ,AMZN,TSLA,HD,MCD,LOW,WMT,COST,PG,KO,PEP,PM,BRK-B,JPM;TMUS,CMCSA,BKNG,SBUX;;252;21;0,8;60;1,0;0,25;5,0;252,0;1,510992390784636;0,1080639151406619;0,1624277977743937;0,6653043174959421;-0,180956516028745;0,0650154798761609;138;22,283783783783782;0,4996967859308672
usa;JNJ;priority;30;30;NVDA,AAPL,MSFT,AVGO,ORCL,AMD,CSCO,QCOM,TXN,IBM,ACN,ADI,GOOGL,META,NFLX,DIS,VZ,AMZN,TSLA,HD,MCD,LOW,WMT,COST,PG,KO,PEP,PM,BRK-B,JPM;TMUS,CMCSA,BKNG,SBUX;;252;21;0,8;60;1,0;0,5;5,0;252,0;1,212731380580038;0,0925569023457155;0,1558521290787304;0,5938764063913393;-0,1965801703736279;0,0738611233967271;161;18,083333333333332;0,4957208689927584
usa;JNJ;priority;30;30;NVDA,AAPL,MSFT,AVGO,ORCL,AMD,CSCO,QCOM,TXN,IBM,ACN,ADI,GOOGL,META,NFLX,DIS,VZ,AMZN,TSLA,HD,MCD,LOW,WMT,COST,PG,KO,PEP,PM,BRK-B,JPM;TMUS,CMCSA,BKNG,SBUX;;252;21;0,8;60;1,0;0,75;5,0;252,0;1,1951388831618543;0,0915853149733176;0,1480551419041521;0,61858922152537;-0,1901534909073108;0,0964175143741707;215;12,504587155963304;0,4952311078503301
usa;JNJ;priority;30;30;NVDA,AAPL,MSFT,AVGO,ORCL,AMD,CSCO,QCOM,TXN,IBM,ACN,ADI,GOOGL,META,NFLX,DIS,VZ,AMZN,TSLA,HD,MCD,LOW,WMT,COST,PG,KO,PEP,PM,BRK-B,JPM;TMUS,CMCSA,BKNG,SBUX;;252;21;0,8;60;1,5;0,25;5,0;252,0;2,207909971738794;0,1387307463171807;0,1505592513654016;0,9214362123818378;-0,1469104430813602;0,0517470145953118;110;23,915254237288135;0,5067328136073707
usa;JNJ;priority;30;30;NVDA,AAPL,MSFT,AVGO,ORCL,AMD,CSCO,QCOM,TXN,IBM,ACN,ADI,GOOGL,META,NFLX,DIS,VZ,AMZN,TSLA,HD,MCD,LOW,WMT,COST,PG,KO,PEP,PM,BRK-B,JPM;TMUS,CMCSA,BKNG,SBUX;;252;21;0,8;60;1,5;0,5;5,0;252,0;1,624543849937066;0,1135396621616917;0,142574191596724;0,7963549425750388;-0,1901042727674455;0,053516143299425;116;20,852459016393443;0,5023584905660378
usa;JNJ;priority;30;30;NVDA,AAPL,MSFT,AVGO,ORCL,AMD,CSCO,QCOM,TXN,IBM,ACN,ADI,GOOGL,META,NFLX,DIS,VZ,AMZN,TSLA,HD,MCD,LOW,WMT,COST,PG,KO,PEP,PM,BRK-B,JPM;TMUS,CMCSA,BKNG,SBUX;;252;21;0,8;60;1,5;0,75;5,0;252,0;1,7819129378182947;0,1207902822337283;0,1328695401680913;0,9090893374126098;-0,1561197539103365;0,0610349402919062;135;16,043478260869566;0,4995483288166215
usa;JNJ;priority;30;30;NVDA,AAPL,MSFT,AVGO,ORCL,AMD,CSCO,QCOM,TXN,IBM,ACN,ADI,GOOGL,META,NFLX,DIS,VZ,AMZN,TSLA,HD,MCD,LOW,WMT,COST,PG,KO,PEP,PM,BRK-B,JPM;TMUS,CMCSA,BKNG,SBUX;;252;21;0,8;60;1,5;1,0;5,0;252,0;1,621733609346733;0,1134067079728244;0,1259967448273314;0,900076491089031;-0,1565633578423092;0,0734188412206988;164;11,216867469879515;0,4973147153598281
usa;JNJ;priority;30;30;NVDA,AAPL,MSFT,AVGO,ORCL,AMD,CSCO,QCOM,TXN,IBM,ACN,ADI,GOOGL,META,NFLX,DIS,VZ,AMZN,TSLA,HD,MCD,LOW,WMT,COST,PG,KO,PEP,PM,BRK-B,JPM;TMUS,CMCSA,BKNG,SBUX;;252;21;0,8;60;2,0;0,25;5,0;252,0;1,3922096042384258;0,1020951956691202;0,1342517371222251;0,7604757886757995;-0,1456798039241008;0,0367094206103494;81;27,642857142857142;0,5047372954349698
usa;JNJ;priority;30;30;NVDA,AAPL,MSFT,AVGO,ORCL,AMD,CSCO,QCOM,TXN,IBM,ACN,ADI,GOOGL,META,NFLX,DIS,VZ,AMZN,TSLA,HD,MCD,LOW,WMT,COST,PG,KO,PEP,PM,BRK-B,JPM;TMUS,CMCSA,BKNG,SBUX;;252;21;0,8;60;2,0;0,5;5,0;252,0;0,9304756600772872;0,0760656023082593;0,1248896161257125;0,6090626640383977;-0,1797695262764108;0,0371517027863777;84;24,047619047619047;0,498019801980198
usa;JNJ;priority;30;30;NVDA,AAPL,MSFT,AVGO,ORCL,AMD,CSCO,QCOM,TXN,IBM,ACN,ADI,GOOGL,META,NFLX,DIS,VZ,AMZN,TSLA,HD,MCD,LOW,WMT,COST,PG,KO,PEP,PM,BRK-B,JPM;TMUS,CMCSA,BKNG,SBUX;;252;21;0,8;60;2,0;0,75;5,0;252,0;0,8464659958054457;0,0707426453676298;0,115027637740349;0,6150056347963667;-0,1935258207709229;0,0389208314904909;88;19,5;0,4965034965034965
usa;JNJ;priority;30;30;NVDA,AAPL,MSFT,AVGO,ORCL,AMD,CSCO,QCOM,TXN,IBM,ACN,ADI,GOOGL,META,NFLX,DIS,VZ,AMZN,TSLA,HD,MCD,LOW,WMT,COST,PG,KO,PEP,PM,BRK-B,JPM;TMUS,CMCSA,BKNG,SBUX;;252;21;0,8;60;2,0;1,0;5,0;252,0;0,9148656580421676;0,0750923113425368;0,1077517661708266;0,6969009790845337;-0,1532504627476628;0,0415745245466607;94;14,787234042553193;0,4892086330935252
usa;JNJ;priority;30;30;NVDA,AAPL,MSFT,AVGO,ORCL,AMD,CSCO,QCOM,TXN,IBM,ACN,ADI,GOOGL,META,NFLX,DIS,VZ,AMZN,TSLA,HD,MCD,LOW,WMT,COST,PG,KO,PEP,PM,BRK-B,JPM;TMUS,CMCSA,BKNG,SBUX;;252;21;0,8;60;2,5;0,25;5,0;252,0;1,1134870655331213;0,0869832829768588;0,1100133150259683;0,7906614118148034;-0,1282649521012511;0,0234409553295002;52;30,59259259259259;0,5036319612590799
usa;JNJ;priority;30;30;NVDA,AAPL,MSFT,AVGO,ORCL,AMD,CSCO,QCOM,TXN,IBM,ACN,ADI,GOOGL,META,NFLX,DIS,VZ,AMZN,TSLA,HD,MCD,LOW,WMT,COST,PG,KO,PEP,PM,BRK-B,JPM;TMUS,CMCSA,BKNG,SBUX;;252;21;0,8;60;2,5;0,5;5,0;252,0;0,7599617523000737;0,0650318339154911;0,0988287784220608;0,6580252731422468;-0,1645827669587368;0,0238832375055285;54;24,666666666666668;0,493993993993994
usa;JNJ;priority;30;30;NVDA,AAPL,MSFT,AVGO,ORCL,AMD,CSCO,QCOM,TXN,IBM,ACN,ADI,GOOGL,META,NFLX,DIS,VZ,AMZN,TSLA,HD,MCD,LOW,WMT,COST,PG,KO,PEP,PM,BRK-B,JPM;TMUS,CMCSA,BKNG,SBUX;;252;21;0,8;60;2,5;0,75;5,0;252,0;0,5579045404518617;0,0506538602736514;0,0951493419825513;0,5323616455796454;-0,1798811820245796;0,0238832375055285;54;21,88888888888889;0,4856175972927242
usa;JNJ;priority;30;30;NVDA,AAPL,MSFT,AVGO,ORCL,AMD,CSCO,QCOM,TXN,IBM,ACN,ADI,GOOGL,META,NFLX,DIS,VZ,AMZN,TSLA,HD,MCD,LOW,WMT,COST,PG,KO,PEP,PM,BRK-B,JPM;TMUS,CMCSA,BKNG,SBUX;;252;21;0,8;60;2,5;1,0;5,0;252,0;0,4195365084205535;0,0398184332057174;0,0876299100616751;0,454393176686963;-0,2021326332664164;0,0238832375055285;54;17,85185185185185;0,4688796680497925
usa;JNJ;priority;30;30;NVDA,AAPL,MSFT,AVGO,ORCL,AMD,CSCO,QCOM,TXN,IBM,ACN,ADI,GOOGL,META,NFLX,DIS,VZ,AMZN,TSLA,HD,MCD,LOW,WMT,COST,PG,KO,PEP,PM,BRK-B,JPM;TMUS,CMCSA,BKNG,SBUX;;252;21;0,8;60;3,0;0,25;5,0;252,0;0,7761671754888926;0,0661203873133131;0,0883632665882192;0,7482791194381718;-0,1071213805165142;0,0145953118089341;33;32,411764705882355;0,4936479128856624
usa;JNJ;priority;30;30;NVDA,AAPL,MSFT,AVGO,ORCL,AMD,CSCO,QCOM,TXN,IBM,ACN,ADI,GOOGL,META,NFLX,DIS,VZ,AMZN,TSLA,HD,MCD,LOW,WMT,COST,PG,KO,PEP,PM,BRK-B,JPM;TMUS,CMCSA,BKNG,SBUX;;252;21;0,8;60;3,0;0,5;5,0;252,0;0,6070885992949804;0,0542999610857803;0,0784392209201923;0,6922552321245985;-0,1154056635432141;0,0150375939849624;34;24,705882352941178;0,4833333333333333
usa;JNJ;priority;30;30;NVDA,AAPL,MSFT,AVGO,ORCL,AMD,CSCO,QCOM,TXN,IBM,ACN,ADI,GOOGL,META,NFLX,DIS,VZ,AMZN,TSLA,HD,MCD,LOW,WMT,COST,PG,KO,PEP,PM,BRK-B,JPM;TMUS,CMCSA,BKNG,SBUX;;252;21;0,8;60;3,0;0,75;5,0;252,0;0,4824166516848858;0,0448537640971975;0,0758726569162758;0,5911716541927994;-0,1193606860960189;0,0150375939849624;34;22,647058823529413;0,4779220779220779
usa;JNJ;priority;30;30;NVDA,AAPL,MSFT,AVGO,ORCL,AMD,CSCO,QCOM,TXN,IBM,ACN,ADI,GOOGL,META,NFLX,DIS,VZ,AMZN,TSLA,HD,MCD,LOW,WMT,COST,PG,KO,PEP,PM,BRK-B,JPM;TMUS,CMCSA,BKNG,SBUX;;252;21;0,8;60;3,0;1,0;5,0;252,0;0,4137382369302942;0,0393441924294863;0,0724517481922709;0,5430399322467083;-0,1318279798635722;0,0150375939849624;34;18,58823529411765;0,4683544303797468
usa;JNJ;priority;30;30;NVDA,AAPL,MSFT,AVGO,ORCL,AMD,CSCO,QCOM,TXN,IBM,ACN,ADI,GOOGL,META,NFLX,DIS,VZ,AMZN,TSLA,HD,MCD,LOW,WMT,COST,PG,KO,PEP,PM,BRK-B,JPM;TMUS,CMCSA,BKNG,SBUX;;252;63;0,8;60;1,0;0,25;5,0;252,0;1,0626094468406344;0,0840351914119517;0,1861971549744141;0,451323713423544;-0,2733143503352383;0,0548429898275099;106;28,43548387096774;0,4929098128190584
usa;JNJ;priority;30;30;NVDA,AAPL,MSFT,AVGO,ORCL,AMD,CSCO,QCOM,TXN,IBM,ACN,ADI,GOOGL,META,NFLX,DIS,VZ,AMZN,TSLA,HD,MCD,LOW,WMT,COST,PG,KO,PEP,PM,BRK-B,JPM;TMUS,CMCSA,BKNG,SBUX;;252;63;0,8;60;1,0;0,5;5,0;252,0;0,8006041757157552;0,0677453015614883;0,1777619491972851;0,3811012529250721;-0,3259718057216287;0,0681114551083591;141;21,103896103896105;0,4886153846153846
usa;JNJ;priority;30;30;NVDA,AAPL,MSFT,AVGO,ORCL,AMD,CSCO,QCOM,TXN,IBM,ACN,ADI,GOOGL,META,NFLX,DIS,VZ,AMZN,TSLA,HD,MCD,LOW,WMT,COST,PG,KO,PEP,PM,BRK-B,JPM;TMUS,CMCSA,BKNG,SBUX;;252;63;0,8;60;1,0;0,75;5,0;252,0;0,5921022413526627;0,0531996219326456;0,1679336505942048;0,3167895281523848;-0,3487117061966978;0,0858027421494913;184;15,195876288659791;0,4905020352781546
usa;JNJ;priority;30;30;NVDA,AAPL,MSFT,AVGO,ORCL,AMD,CSCO,QCOM,TXN,IBM,ACN,ADI,GOOGL,META,NFLX,DIS,VZ,AMZN,TSLA,HD,MCD,LOW,WMT,COST,PG,KO,PEP,PM,BRK-B,JPM;TMUS,CMCSA,BKNG,SBUX;;252;63;0,8;60;1,5;0,25;5,0;252,0;1,260812285632904;0,0951776914923154;0,1784235924844231;0,533436695041463;-0,2494734148965059;0,0406899601946041;81;33,41304347826087;0,490566037735849
usa;JNJ;priority;30;30;NVDA,AAPL,MSFT,AVGO,ORCL,AMD,CSCO,QCOM,TXN,IBM,ACN,ADI,GOOGL,META,NFLX,DIS,VZ,AMZN,TSLA,HD,MCD,LOW,WMT,COST,PG,KO,PEP,PM,BRK-B,JPM;TMUS,CMCSA,BKNG,SBUX;;252;63;0,8;60;1,5;0,5;5,0;252,0;0,8252637875550279;0,0693652747843849;0,1689828372103265;0,4104870999298503;-0,3057910289355171;0,0433436532507739;89;28,693877551020407;0,4822190611664296
usa;JNJ;priority;30;30;NVDA,AAPL,MSFT,AVGO,ORCL,AMD,CSCO,QCOM,TXN,IBM,ACN,ADI,GOOGL,META,NFLX,DIS,VZ,AMZN,TSLA,HD,MCD,LOW,WMT,COST,PG,KO,PEP,PM,BRK-B,JPM;TMUS,CMCSA,BKNG,SBUX;;252;63;0,8;60;1,5;0,75;5,0;252,0;0,8734974250648255;0,0724784659994168;0,1587081726933483;0,4566775911374005;-0,3329378936917176;0,0504201680672268;107;21,56140350877193;0,4906427990235964
usa;JNJ;priority;30;30;NVDA,AAPL,MSFT,AVGO,ORCL,AMD,CSCO,QCOM,TXN,IBM,ACN,ADI,GOOGL,META,NFLX,DIS,VZ,AMZN,TSLA,HD,MCD,LOW,WMT,COST,PG,KO,PEP,PM,BRK-B,JPM;TMUS,CMCSA,BKNG,SBUX;;252;63;0,8;60;1,5;1,0;5,0;252,0;0,8515821372906585;0,071072902576089;0,1455602492516093;0,4882713717619111;-0,2566481693251596;0,0619195046439628;135;14,342857142857143;0,4940239043824701
usa;JNJ;priority;30;30;NVDA,AAPL,MSFT,AVGO,ORCL,AMD,CSCO,QCOM,TXN,IBM,ACN,ADI,GOOGL,META,NFLX,DIS,VZ,AMZN,TSLA,HD,MCD,LOW,WMT,COST,PG,KO,PEP,PM,BRK-B,JPM;TMUS,CMCSA,BKNG,SBUX;;252;63;0,8;60;2,0;0,25;5,0;252,0;1,2103556187637676;0,0924260969984487;0,1605214756593105;0,5757864897442951;-0,1705497155483896;0,0327288810260946;68;34,21621621621622;0,4928909952606635
usa;JNJ;priority;30;30;NVDA,AAPL,MSFT,AVGO,ORCL,AMD,CSCO,QCOM,TXN,IBM,ACN,ADI,GOOGL,META,NFLX,DIS,VZ,AMZN,TSLA,HD,MCD,LOW,WMT,COST,PG,KO,PEP,PM,BRK-B,JPM;TMUS,CMCSA,BKNG,SBUX;;252;63;0,8;60;2,0;0,5;5,0;252,0;0,8002948397464045;0,0677248553444598;0,151586260947167;0,4467743641230404;-0,1908652277357645;0,0344980097302078;73;29,71794871794872;0,4874892148403796
usa;JNJ;priority;30;30;NVDA,AAPL,MSFT,AVGO,ORCL,AMD,CSCO,QCOM,TXN,IBM,ACN,ADI,GOOGL,META,NFLX,DIS,VZ,AMZN,TSLA,HD,MCD,LOW,WMT,COST,PG,KO,PEP,PM,BRK-B,JPM;TMUS,CMCSA,BKNG,SBUX;;252;63;0,8;60;2,0;0,75;5,0;252,0;0,8125460219961651;0,0685322470998925;0,1380665759146983;0,4963710198928511;-0,2717704520423676;0,0362671384343211;79;23,75609756097561;0,4958932238193018
usa;JNJ;priority;30;30;NVDA,AAPL,MSFT,AVGO,ORCL,AMD,CSCO,QCOM,TXN,IBM,ACN,ADI,GOOGL,META,NFLX,DIS,VZ,AMZN,TSLA,HD,MCD,LOW,WMT,COST,PG,KO,PEP,PM,BRK-B,JPM;TMUS,CMCSA,BKNG,SBUX;;252;63;0,8;60;2,0;1,0;5,0;252,0;0,6352472561948361;0,0563430133446487;0,11868433437351;0,4747299939967842;-0,2780902550318688;0,0389208314904909;86;17,204545454545453;0,5019815059445178
usa;JNJ;priority;30;30;NVDA,AAPL,MSFT,AVGO,ORCL,AMD,CSCO,QCOM,TXN,IBM,ACN,ADI,GOOGL,META,NFLX,DIS,VZ,AMZN,TSLA,HD,MCD,LOW,WMT,COST,PG,KO,PEP,PM,BRK-B,JPM;TMUS,CMCSA,BKNG,SBUX;;252;63;0,8;60;2,5;0,25;5,0;252,0;0,626029959471937;0,0556777169816893;0,150102020973845;0,3709324939161948;-0,1843157620275992;0,0212295444493586;45;42,0;0,4861111111111111
usa;JNJ;priority;30;30;NVDA,AAPL,MSFT,AVGO,ORCL,AMD,CSCO,QCOM,TXN,IBM,ACN,ADI,GOOGL,META,NFLX,DIS,VZ,AMZN,TSLA,HD,MCD,LOW,WMT,COST,PG,KO,PEP,PM,BRK-B,JPM;TMUS,CMCSA,BKNG,SBUX;;252;63;0,8;60;2,5;0,5;5,0;252,0;0,3659387875440145;0,0353674399731567;0,1420935983155862;0,2489024163819579;-0,2022979862851769;0,0221141088014153;48;37,24;0,4822771213748657
usa;JNJ;priority;30;30;NVDA,AAPL,MSFT,AVGO,ORCL,AMD,CSCO,QCOM,TXN,IBM,ACN,ADI,GOOGL,META,NFLX,DIS,VZ,AMZN,TSLA,HD,MCD,LOW,WMT,COST,PG,KO,PEP,PM,BRK-B,JPM;TMUS,CMCSA,BKNG,SBUX;;252;63;0,8;60;2,5;0,75;5,0;252,0;0,158866851328381;0,0165690077247417;0,1165763464969979;0,1421300994809309;-0,3066936468244665;0,0229986731534719;52;26,73076923076923;0,4848920863309353
usa;JNJ;priority;30;30;NVDA,AAPL,MSFT,AVGO,ORCL,AMD,CSCO,QCOM,TXN,IBM,ACN,ADI,GOOGL,META,NFLX,DIS,VZ,AMZN,TSLA,HD,MCD,LOW,WMT,COST,PG,KO,PEP,PM,BRK-B,JPM;TMUS,CMCSA,BKNG,SBUX;;252;63;0,8;60;2,5;1,0;5,0;252,0;0,0976863865034607;0,0104422817114493;0,0949542662015255;0,1099716961562025;-0,2384442333580181;0,0229986731534719;52;20,23076923076923;0,4847908745247148
usa;JNJ;priority;30;30;NVDA,AAPL,MSFT,AVGO,ORCL,AMD,CSCO,QCOM,TXN,IBM,ACN,ADI,GOOGL,META,NFLX,DIS,VZ,AMZN,TSLA,HD,MCD,LOW,WMT,COST,PG,KO,PEP,PM,BRK-B,JPM;TMUS,CMCSA,BKNG,SBUX;;252;63;0,8;60;3,0;0,25;5,0;252,0;0,8184856377062704;0,0689219426873413;0,1301194567606114;0,529682066027536;-0,1705497155483892;0,0168067226890756;36;41,94736842105263;0,4893350062735257
usa;JNJ;priority;30;30;NVDA,AAPL,MSFT,AVGO,ORCL,AMD,CSCO,QCOM,TXN,IBM,ACN,ADI,GOOGL,META,NFLX,DIS,VZ,AMZN,TSLA,HD,MCD,LOW,WMT,COST,PG,KO,PEP,PM,BRK-B,JPM;TMUS,CMCSA,BKNG,SBUX;;252;63;0,8;60;3,0;0,5;5,0;252,0;0,4683314201930129;0,0437425708214225;0,1214387375448551;0,3602027796547667;-0,2152924627913741;0,0168067226890756;37;38,68421052631579;0,4829931972789115
usa;JNJ;priority;30;30;NVDA,AAPL,MSFT,AVGO,ORCL,AMD,CSCO,QCOM,TXN,IBM,ACN,ADI,GOOGL,META,NFLX,DIS,VZ,AMZN,TSLA,HD,MCD,LOW,WMT,COST,PG,KO,PEP,PM,BRK-B,JPM;TMUS,CMCSA,BKNG,SBUX;;252;63;0,8;60;3,0;0,75;5,0;252,0;0,1763190678654493;0,0182639927505745;0,1046125491473462;0,1745870156060323;-0,2932134845441244;0,0168067226890756;38;28,73684210526316;0,4816849816849817
usa;JNJ;priority;30;30;NVDA,AAPL,MSFT,AVGO,ORCL,AMD,CSCO,QCOM,TXN,IBM,ACN,ADI,GOOGL,META,NFLX,DIS,VZ,AMZN,TSLA,HD,MCD,LOW,WMT,COST,PG,KO,PEP,PM,BRK-B,JPM;TMUS,CMCSA,BKNG,SBUX;;252;63;0,8;60;3,0;1,0;5,0;252,0;0,1371941327983505;0,0144322618044572;0,0820161039661406;0,1759686342869373;-0,223844810186399;0,0168067226890756;38;22,157894736842103;0,4893111638954869
usa;JPM;priority;30;30;NVDA,AAPL,MSFT,AVGO,ORCL,AMD,CSCO,QCOM,TXN,IBM,ACN,ADI,GOOGL,META,NFLX,DIS,VZ,AMZN,TSLA,HD,MCD,LOW,WMT,COST,PG,KO,PEP,PM,BRK-B,V;TMUS,CMCSA,BKNG,SBUX;;252;5;0,8;60;1,0;0,25;5,0;252,0;5,56419617768827;0,2333293265023046;0,2015148861013915;1,157876378348078;-0,2196169735111903;0,0756302521008403;160;16,302325581395348;0,5385164051355207
usa;JPM;priority;30;30;NVDA,AAPL,MSFT,AVGO,ORCL,AMD,CSCO,QCOM,TXN,IBM,ACN,ADI,GOOGL,META,NFLX,DIS,VZ,AMZN,TSLA,HD,MCD,LOW,WMT,COST,PG,KO,PEP,PM,BRK-B,V;TMUS,CMCSA,BKNG,SBUX;;252;5;0,8;60;1,0;0,5;5,0;252,0;6,433575308574832;0,2505453311380761;0,1911208497529323;1,3109262095787222;-0,2158064259867593;0,0888987173816895;196;11,92079207920792;0,5431893687707641
usa;JPM;priority;30;30;NVDA,AAPL,MSFT,AVGO,ORCL,AMD,CSCO,QCOM,TXN,IBM,ACN,ADI,GOOGL,META,NFLX,DIS,VZ,AMZN,TSLA,HD,MCD,LOW,WMT,COST,PG,KO,PEP,PM,BRK-B,V;TMUS,CMCSA,BKNG,SBUX;;252;5;0,8;60;1,0;0,75;5,0;252,0;3,943445326933621;0,1949594259570204;0,1814792668192837;1,074279334350409;-0,1923330350340146;0,1021671826625387;228;9,28448275862069;0,5348189415041783
usa;JPM;priority;30;30;NVDA,AAPL,MSFT,AVGO,ORCL,AMD,CSCO,QCOM,TXN,IBM,ACN,ADI,GOOGL,META,NFLX,DIS,VZ,AMZN,TSLA,HD,MCD,LOW,WMT,COST,PG,KO,PEP,PM,BRK-B,V;TMUS,CMCSA,BKNG,SBUX;;252;5;0,8;60;1,5;0,25;5,0;252,0;5,359262592200844;0,2289770908075603;0,1861393808277298;1,2301378128010236;-0,215028821765051;0,0526315789473684;112;19,483333333333334;0,5457656116338752
usa;JPM;priority;30;30;NVDA,AAPL,MSFT,AVGO,ORCL,AMD,CSCO,QCOM,TXN,IBM,ACN,ADI,GOOGL,META,NFLX,DIS,VZ,AMZN,TSLA,HD,MCD,LOW,WMT,COST,PG,KO,PEP,PM,BRK-B,V;TMUS,CMCSA,BKNG,SBUX;;252;5;0,8;60;1,5;0,5;5,0;252,0;6,02967758369047;0,2427829244275765;0,1731172404883127;1,4024190990034118;-0,2112264825216778;0,057938965059708;128;15,0;0,5535353535353535
usa;JPM;priority;30;30;NVDA,AAPL,MSFT,AVGO,ORCL,AMD,CSCO,QCOM,TXN,IBM,ACN,ADI,GOOGL,META,NFLX,DIS,VZ,AMZN,TSLA,HD,MCD,LOW,WMT,COST,PG,KO,PEP,PM,BRK-B,V;TMUS,CMCSA,BKNG,SBUX;;252;5;0,8;60;1,5;0,75;5,0;252,0;3,838200862817093;0,1920967875926735;0,1668898154867872;1,1510396067750583;-0,1962237763878829;0,0614772224679345;136;12,4;0,5472350230414746
usa;JPM;priority;30;30;NVDA,AAPL,MSFT,AVGO,ORCL,AMD,CSCO,QCOM,TXN,IBM,ACN,ADI,GOOGL,META,NFLX,DIS,VZ,AMZN,TSLA,HD,MCD,LOW,WMT,COST,PG,KO,PEP,PM,BRK-B,V;TMUS,CMCSA,BKNG,SBUX;;252;5;0,8;60;1,5;1,0;5,0;252,0;2,6383246559492206;0,1548227525148049;0,1425876527415225;1,085807568453783;-0,2365111851044989;0,0685537372843874;153;9,871794871794872;0,5415584415584416
usa;JPM;priority;30;30;NVDA,AAPL,MSFT,AVGO,ORCL,AMD,CSCO,QCOM,TXN,IBM,ACN,ADI,GOOGL,META,NFLX,DIS,VZ,AMZN,TSLA,HD,MCD,LOW,WMT,COST,PG,KO,PEP,PM,BRK-B,V;TMUS,CMCSA,BKNG,SBUX;;252;5;0,8;60;2,0;0,25;5,0;252,0;5,041334834564964;0,2219719945651279;0,1722962374448881;1,2883159717061694;-0,2142607279247608;0,0415745245466607;89;19,893617021276597;0,558288770053476
usa;JPM;priority;30;30;NVDA,AAPL,MSFT,AVGO,ORCL,AMD,CSCO,QCOM,TXN,IBM,ACN,ADI,GOOGL,META,NFLX,DIS,VZ,AMZN,TSLA,HD,MCD,LOW,WMT,COST,PG,KO,PEP,PM,BRK-B,V;TMUS,CMCSA,BKNG,SBUX;;252;5;0,8;60;2,0;0,5;5,0;252,0;4,519030353164291;0,2097187076176556;0,161804601414245;1,2961232609247189;-0,2112264825216777;0,0424590888987173;93;16,6875;0,5593008739076155
usa;JPM;priority;30;30;NVDA,AAPL,MSFT,AVGO,ORCL,AMD,CSCO,QCOM,TXN,IBM,ACN,ADI,GOOGL,META,NFLX,DIS,VZ,AMZN,TSLA,HD,MCD,LOW,WMT,COST,PG,KO,PEP,PM,BRK-B,V;TMUS,CMCSA,BKNG,SBUX;;252;5;0,8;60;2,0;0,75;5,0;252,0;3,6389085743763823;0,1865210480149592;0,1553442291237118;1,2006950568238948;-0,1834520245381228;0,0451127819548872;99;13,529411764705882;0,5594202898550724
usa;JPM;priority;30;30;NVDA,AAPL,MSFT,AVGO,ORCL,AMD,CSCO,QCOM,TXN,IBM,ACN,ADI,GOOGL,META,NFLX,DIS,VZ,AMZN,TSLA,HD,MCD,LOW,WMT,COST,PG,KO,PEP,PM,BRK-B,V;TMUS,CMCSA,BKNG,SBUX;;252;5;0,8;60;2,0;1,0;5,0;252,0;2,570987094290057;0,1524207720684762;0,1300020032747434;1,1724494102321907;-0,1651347721885249;0,047766475011057;107;11,148148148148149;0,5564784053156147
usa;JPM;priority;30;30;NVDA,AAPL,MSFT,AVGO,ORCL,AMD,CSCO,QCOM,TXN,IBM,ACN,ADI,GOOGL,META,NFLX,DIS,VZ,AMZN,TSLA,HD,MCD,LOW,WMT,COST,PG,KO,PEP,PM,BRK-B,V;TMUS,CMCSA,BKNG,SBUX;;252;5;0,8;60;2,5;0,25;5,0;252,0;2,9550373603055418;0,1656159558217242;0,1519877378468098;1,0896665623686723;-0,2082435347155153;0,0274214949137549;59;21,967741935483872;0,5521292217327459
usa;JPM;priority;30;30;NVDA,AAPL,MSFT,AVGO,ORCL,AMD,CSCO,QCOM,TXN,IBM,ACN,ADI,GOOGL,META,NFLX,DIS,VZ,AMZN,TSLA,HD,MCD,LOW,WMT,COST,PG,KO,PEP,PM,BRK-B,V;TMUS,CMCSA,BKNG,SBUX;;252;5;0,8;60;2,5;0,5;5,0;252,0;2,511981810094037;0,150282694355792;0,1454513210228317;1,033216428004816;-0,2082435347155148;0,0274214949137549;60;18,774193548387096;0,5549828178694158
usa;JPM;priority;30;30;NVDA,AAPL,MSFT,AVGO,ORCL,AMD,CSCO,QCOM,TXN,IBM,ACN,ADI,GOOGL,META,NFLX,DIS,VZ,AMZN,TSLA,HD,MCD,LOW,WMT,COST,PG,KO,PEP,PM,BRK-B,V;TMUS,CMCSA,BKNG,SBUX;;252;5;0,8;60;2,5;0,75;5,0;252,0;2,3775533275458103;0,1452898639028186;0,1410400279375469;1,0301321265134284;-0,1695779445768719;0,0291906236178682;64;15,545454545454543;0,557504873294347
usa;JPM;priority;30;30;NVDA,AAPL,MSFT,AVGO,ORCL,AMD,CSCO,QCOM,TXN,IBM,ACN,ADI,GOOGL,META,NFLX,DIS,VZ,AMZN,TSLA,HD,MCD,LOW,WMT,COST,PG,KO,PEP,PM,BRK-B,V;TMUS,CMCSA,BKNG,SBUX;;252;5;0,8;60;2,5;1,0;5,0;252,0;1,364855275933178;0,1006834302496728;0,1120245544070572;0,8987621578375152;-0,1665329652534167;0,0291906236178682;65;13,030303030303031;0,5534883720930233
usa;JPM;priority;30;30;NVDA,AAPL,MSFT,AVGO,ORCL,AMD,CSCO,QCOM,TXN,IBM,ACN,ADI,GOOGL,META,NFLX,DIS,VZ,AMZN,TSLA,HD,MCD,LOW,WMT,COST,PG,KO,PEP,PM,BRK-B,V;TMUS,CMCSA,BKNG,SBUX;;252;5;0,8;60;3,0;0,25;5,0;252,0;1,7443535517608957;0,1190935288093135;0,1290164500409919;0,9230879377899052;-0,2073137976711704;0,0150375939849624;33;25,352941176470587;0,5777262180974478
usa;JPM;priority;30;30;NVDA,AAPL,MSFT,AVGO,ORCL,AMD,CSCO,QCOM,TXN,IBM,ACN,ADI,GOOGL,META,NFLX,DIS,VZ,AMZN,TSLA,HD,MCD,LOW,WMT,COST,PG,KO,PEP,PM,BRK-B,V;TMUS,CMCSA,BKNG,SBUX;;252;5;0,8;60;3,0;0,5;5,0;252,0;1,3352541507070326;0,0991392656972431;0,124823416281784;0,7942361189140996;-0,2073137976711702;0,0150375939849624;34;22,058823529411764;0,5733333333333334
usa;JPM;priority;30;30;NVDA,AAPL,MSFT,AVGO,ORCL,AMD,CSCO,QCOM,TXN,IBM,ACN,ADI,GOOGL,META,NFLX,DIS,VZ,AMZN,TSLA,HD,MCD,LOW,WMT,COST,PG,KO,PEP,PM,BRK-B,V;TMUS,CMCSA,BKNG,SBUX;;252;5;0,8;60;3,0;0,75;5,0;252,0;1,432941866932735;0,1041710442476651;0,1209226231292303;0,861468611513143;-0,12838715452048;0,015922158337019;36;18,5;0,5795795795795796
usa;JPM;priority;30;30;NVDA,AAPL,MSFT,AVGO,ORCL,AMD,CSCO,QCOM,TXN,IBM,ACN,ADI,GOOGL,META,NFLX,DIS,VZ,AMZN,TSLA,HD,MCD,LOW,WMT,COST,PG,KO,PEP,PM,BRK-B,V;TMUS,CMCSA,BKNG,SBUX;;252;5;0,8;60;3,0;1,0;5,0;252,0;0,8736971437924639;0,0724912078844406;0,0839348949913621;0,8636599580174711;-0,1210626078370797;0,015922158337019;36;13,833333333333334;0,570281124497992
usa;JPM;priority;30;30;NVDA,AAPL,MSFT,AVGO,ORCL,AMD,CSCO,QCOM,TXN,IBM,ACN,ADI,GOOGL,META,NFLX,DIS,VZ,AMZN,TSLA,HD,MCD,LOW,WMT,COST,PG,KO,PEP,PM,BRK-B,V;TMUS,CMCSA,BKNG,SBUX;;252;10;0,8;60;1,0;0,25;5,0;252,0;5,6455163930437315;0,2350229531972572;0,2132214533288063;1,1022481534014827;-0,2193781468508221;0,0729765590446705;152;17,03614457831325;0,521923620933522
usa;JPM;priority;30;30;NVDA,AAPL,MSFT,AVGO,ORCL,AMD,CSCO,QCOM,TXN,IBM,ACN,ADI,GOOGL,META,NFLX,DIS,VZ,AMZN,TSLA,HD,MCD,LOW,WMT,COST,PG,KO,PEP,PM,BRK-B,V;TMUS,CMCSA,BKNG,SBUX;;252;10;0,8;60;1,0;0,5;5,0;252,0;4,976284840809249;0,2204984533465843;0,2034179327818027;1,08396762434462;-0,2143237818748139;0,0818222025652366;180;12,96774193548387;0,5248756218905473
usa;JPM;priority;30;30;NVDA,AAPL,MSFT,AVGO,ORCL,AMD,CSCO,QCOM,TXN,IBM,ACN,ADI,GOOGL,META,NFLX,DIS,VZ,AMZN,TSLA,HD,MCD,LOW,WMT,COST,PG,KO,PEP,PM,BRK-B,V;TMUS,CMCSA,BKNG,SBUX;;252;10;0,8;60;1,0;0,75;5,0;252,0;4,7954718233639575;0,2163264326866472;0,1936321783978815;1,1172029074740495;-0,1946318698692324;0,0995134896063688;222;9,63716814159292;0,5234159779614325
usa;JPM;priority;30;30;NVDA,AAPL,MSFT,AVGO,ORCL,AMD,CSCO,QCOM,TXN,IBM,ACN,ADI,GOOGL,META,NFLX,DIS,VZ,AMZN,TSLA,HD,MCD,LOW,WMT,COST,PG,KO,PEP,PM,BRK-B,V;TMUS,CMCSA,BKNG,SBUX;;252;10;0,8;60;1,5;0,25;5,0;252,0;6,300925653535328;0,2480382052956475;0,1974427360710571;1,2562538902741995;-0,2193781468508222;0,0544007076514816;116;19,177419354838708;0,5306980656013457
usa;JPM;priority;30;30;NVDA,AAPL,MSFT,AVGO,ORCL,AMD,CSCO,QCOM,TXN,IBM,ACN,ADI,GOOGL,META,NFLX,DIS,VZ,AMZN,TSLA,HD,MCD,LOW,WMT,COST,PG,KO,PEP,PM,BRK-B,V;TMUS,CMCSA,BKNG,SBUX;;252;10;0,8;60;1,5;0,5;5,0;252,0;5,74330827328672;0,2370354104663476;0,1862472419356557;1,272692191319741;-0,2143237818748145;0,057938965059708;128;15,287878787878787;0,5361744301288405
usa;JPM;priority;30;30;NVDA,AAPL,MSFT,AVGO,ORCL,AMD,CSCO,QCOM,TXN,IBM,ACN,ADI,GOOGL,META,NFLX,DIS,VZ,AMZN,TSLA,HD,MCD,LOW,WMT,COST,PG,KO,PEP,PM,BRK-B,V;TMUS,CMCSA,BKNG,SBUX;;252;10;0,8;60;1,5;0,75;5,0;252,0;4,768721145929957;0,2156994025969532;0,1746578586448548;1,234982521087421;-0,2057944223357802;0,0632463511720477;140;12,15277777777778;0,5382857142857143
usa;JPM;priority;30;30;NVDA,AAPL,MSFT,AVGO,ORCL,AMD,CSCO,QCOM,TXN,IBM,ACN,ADI,GOOGL,META,NFLX,DIS,VZ,AMZN,TSLA,HD,MCD,LOW,WMT,COST,PG,KO,PEP,PM,BRK-B,V;TMUS,CMCSA,BKNG,SBUX;;252;10;0,8;60;1,5;1,0;5,0;252,0;3,4388425678743717;0,1807053177571425;0,167748759958015;1,0772378752747278;-0,1830933614252957;0,069438301636444;154;9,962025316455696;0,531130876747141
usa;JPM;priority;30;30;NVDA,AAPL,MSFT,AVGO,ORCL,AMD,CSCO,QCOM,TXN,IBM,ACN,ADI,GOOGL,META,NFLX,DIS,VZ,AMZN,TSLA,HD,MCD,LOW,WMT,COST,PG,KO,PEP,PM,BRK-B,V;TMUS,CMCSA,BKNG,SBUX;;252;10;0,8;60;2,0;0,25;5,0;252,0;4,136058655267128;0,2000610517506826;0,1849436427853597;1,0817406250771635;-0,2112021111605194;0,0389208314904909;82;22,068181818181817;0,529351184346035
usa;JPM;priority;30;30;NVDA,AAPL,MSFT,AVGO,ORCL,AMD,CSCO,QCOM,TXN,IBM,ACN,ADI,GOOGL,META,NFLX,DIS,VZ,AMZN,TSLA,HD,MCD,LOW,WMT,COST,PG,KO,PEP,PM,BRK-B,V;TMUS,CMCSA,BKNG,SBUX;;252;10;0,8;60;2,0;0,5;5,0;252,0;2,8092079636788054;0,160745457076906;0,1697226660953473;0,9471065991068154;-0,2112021111605194;0,0389208314904909;85;18,613636363636363;0,5299145299145299
usa;JPM;priority;30;30;NVDA,AAPL,MSFT,AVGO,ORCL,AMD,CSCO,QCOM,TXN,IBM,ACN,ADI,GOOGL,META,NFLX,DIS,VZ,AMZN,TSLA,HD,MCD,LOW,WMT,COST,PG,KO,PEP,PM,BRK-B,V;TMUS,CMCSA,BKNG,SBUX;;252;10;0,8;60;2,0;0,75;5,0;252,0;2,8593299067572087;0,1624378644143076;0,1613837443613654;1,00653176103401;-0,1998698198933628;0,0415745245466607;91;14,936170212765957;0,5384615384615384
usa;JPM;priority;30;30;NVDA,AAPL,MSFT,AVGO,ORCL,AMD,CSCO,QCOM,TXN,IBM,ACN,ADI,GOOGL,META,NFLX,DIS,VZ,AMZN,TSLA,HD,MCD,LOW,WMT,COST,PG,KO,PEP,PM,BRK-B,V;TMUS,CMCSA,BKNG,SBUX;;252;10;0,8;60;2,0;1,0;5,0;252,0;1,4493012322188277;0,1049960884304568;0,1280671299706792;0,8198519671245501;-0,209781471696926;0,0424590888987173;94;12,395833333333334;0,5294117647058824
usa;JPM;priority;30;30;NVDA,AAPL,MSFT,AVGO,ORCL,AMD,CSCO,QCOM,TXN,IBM,ACN,ADI,GOOGL,META,NFLX,DIS,VZ,AMZN,TSLA,HD,MCD,LOW,WMT,COST,PG,KO,PEP,PM,BRK-B,V;TMUS,CMCSA,BKNG,SBUX;;252;10;0,8;60;2,5;0,25;5,0;252,0;2,668995282870916;0,155903727312864;0,1661731595361777;0,9382004154462866;-0,2072269218980467;0,0247678018575851;52;23,964285714285715;0,5454545454545454
usa;JPM;priority;30;30;NVDA,AAPL,MSFT,AVGO,ORCL,AMD,CSCO,QCOM,TXN,IBM,ACN,ADI,GOOGL,META,NFLX,DIS,VZ,AMZN,TSLA,HD,MCD,LOW,WMT,COST,PG,KO,PEP,PM,BRK-B,V;TMUS,CMCSA,BKNG,SBUX;;252;10;0,8;60;2,5;0,5;5,0;252,0;2,17585638776839;0,1374569169409862;0,1472422255840318;0,9335427822811534;-0,2072269218980467;0,0247678018575851;53;18,642857142857142;0,5498084291187739
usa;JPM;priority;30;30;NVDA,AAPL,MSFT,AVGO,ORCL,AMD,CSCO,QCOM,TXN,IBM,ACN,ADI,GOOGL,META,NFLX,DIS,VZ,AMZN,TSLA,HD,MCD,LOW,WMT,COST,PG,KO,PEP,PM,BRK-B,V;TMUS,CMCSA,BKNG,SBUX;;252;10;0,8;60;2,5;0,75;5,0;252,0;2,1564723968774326;0,1366810310325599;0,1435885483024547;0,9518936757035464;-0,1556818423257597;0,0256523662096417;55;16,310344827586206;0,5517970401691332
usa;JPM;priority;30;30;NVDA,AAPL,MSFT,AVGO,ORCL,AMD,CSCO,QCOM,TXN,IBM,ACN,ADI,GOOGL,META,NFLX,DIS,VZ,AMZN,TSLA,HD,MCD,LOW,WMT,COST,PG,KO,PEP,PM,BRK-B,V;TMUS,CMCSA,BKNG,SBUX;;252;10;0,8;60;2,5;1,0;5,0;252,0;1,021774731342644;0,081621915859583;0,109787183572232;0,7434557769293874;-0,1558630589683534;0,0256523662096417;57;13,551724137931034;0,5368956743002544
usa;JPM;priority;30;30;NVDA,AAPL,MSFT,AVGO,ORCL,AMD,CSCO,QCOM,TXN,IBM,ACN,ADI,GOOGL,META,NFLX,DIS,VZ,AMZN,TSLA,HD,MCD,LOW,WMT,COST,PG,KO,PEP,PM,BRK-B,V;TMUS,CMCSA,BKNG,SBUX;;252;10;0,8;60;3,0;0,25;5,0;252,0;1,4250678471516829;0,1037721788353587;0,1402028061792729;0,7401576449380655;-0,2072269218980473;0,0150375939849624;33;25,529411764705884;0,5576036866359447
usa;JPM;priority;30;30;NVDA,AAPL,MSFT,AVGO,ORCL,AMD,CSCO,QCOM,TXN,IBM,ACN,ADI,GOOGL,META,NFLX,DIS,VZ,AMZN,TSLA,HD,MCD,LOW,WMT,COST,PG,KO,PEP,PM,BRK-B,V;TMUS,CMCSA,BKNG,SBUX;;252;10;0,8;60;3,0;0,5;5,0;252,0;1,123156882797585;0,08753645521654;0,1300571884564944;0,6730612606301419;-0,2072269218980471;0,0150375939849624;34;21,352941176470587;0,559228650137741
usa;JPM;priority;30;30;NVDA,AAPL,MSFT,AVGO,ORCL,AMD,CSCO,QCOM,TXN,IBM,ACN,ADI,GOOGL,META,NFLX,DIS,VZ,AMZN,TSLA,HD,MCD,LOW,WMT,COST,PG,KO,PEP,PM,BRK-B,V;TMUS,CMCSA,BKNG,SBUX;;252;10;0,8;60;3,0;0,75;5,0;252,0;1,3782019829330312;0,10137406038181;0,1269248371617773;0,7986936414391422;-0,134187541380111;0,015922158337019;36;18,27777777777778;0,5683890577507599
usa;JPM;priority;30;30;NVDA,AAPL,MSFT,AVGO,ORCL,AMD,CSCO,QCOM,TXN,IBM,ACN,ADI,GOOGL,META,NFLX,DIS,VZ,AMZN,TSLA,HD,MCD,LOW,WMT,COST,PG,KO,PEP,PM,BRK-B,V;TMUS,CMCSA,BKNG,SBUX;;252;10;0,8;60;3,0;1,0;5,0;252,0;0,682153225541084;0,0596778819479524;0,0845690634586392;0,7056703658204688;-0,1414413283881348;0,015922158337019;36;13,72222222222222;0,5506072874493927
usa;JPM;priority;30;30;NVDA,AAPL,MSFT,AVGO,ORCL,AMD,CSCO,QCOM,TXN,IBM,ACN,ADI,GOOGL,META,NFLX,DIS,VZ,AMZN,TSLA,HD,MCD,LOW,WMT,COST,PG,KO,PEP,PM,BRK-B,V;TMUS,CMCSA,BKNG,SBUX;;252;21;0,8;60;1,0;0,25;5,0;252,0;2,634325096656393;0,1546811932830281;0,2130231948394355;0,7261237134276284;-0,2987747179582039;0,069438301636444;145;18,81012658227848;0,5127860026917901
usa;JPM;priority;30;30;NVDA,AAPL,MSFT,AVGO,ORCL,AMD,CSCO,QCOM,TXN,IBM,ACN,ADI,GOOGL,META,NFLX,DIS,VZ,AMZN,TSLA,HD,MCD,LOW,WMT,COST,PG,KO,PEP,PM,BRK-B,V;TMUS,CMCSA,BKNG,SBUX;;252;21;0,8;60;1,0;0,5;5,0;252,0;2,678627720156316;0,1562415623353423;0,204858111021484;0,7626818462606876;-0,2498249835620568;0,08093763821318;177;14,434782608695652;0,5158132530120482
usa;JPM;priority;30;30;NVDA,AAPL,MSFT,AVGO,ORCL,AMD,CSCO,QCOM,TXN,IBM,ACN,ADI,GOOGL,META,NFLX,DIS,VZ,AMZN,TSLA,HD,MCD,LOW,WMT,COST,PG,KO,PEP,PM,BRK-B,V;TMUS,CMCSA,BKNG,SBUX;;252;21;0,8;60;1,0;0,75;5,0;252,0;1,5701571633923717;0,1109438283710098;0,1890708086293897;0,5867845447706218;-0,273104733698416;0,0950906678460858;211;10,694444444444445;0,5134199134199134
usa;JPM;priority;30;30;NVDA,AAPL,MSFT,AVGO,ORCL,AMD,CSCO,QCOM,TXN,IBM,ACN,ADI,GOOGL,META,NFLX,DIS,VZ,AMZN,TSLA,HD,MCD,LOW,WMT,COST,PG,KO,PEP,PM,BRK-B,V;TMUS,CMCSA,BKNG,SBUX;;252;21;0,8;60;1,5;0,25;5,0;252,0;3,832432013420905;0,191938281130229;0,1926608824120721;0,9962493617137204;-0,2186080289588405;0,0490933215391419;104;22,892857142857142;0,5179407176287052
usa;JPM;priority;30;30;NVDA,AAPL,MSFT,AVGO,ORCL,AMD,CSCO,QCOM,TXN,IBM,ACN,ADI,GOOGL,META,NFLX,DIS,VZ,AMZN,TSLA,HD,MCD,LOW,WMT,COST,PG,KO,PEP,PM,BRK-B,V;TMUS,CMCSA,BKNG,SBUX;;252;21;0,8;60;1,5;0,5;5,0;252,0;3,482354113832492;0,1819896945319705;0,1794458295267402;1,0141762280680435;-0,2068534395991258;0,0544007076514816;121;17,032258064516128;0,5274621212121212
usa;JPM;priority;30;30;NVDA,AAPL,MSFT,AVGO,ORCL,AMD,CSCO,QCOM,TXN,IBM,ACN,ADI,GOOGL,META,NFLX,DIS,VZ,AMZN,TSLA,HD,MCD,LOW,WMT,COST,PG,KO,PEP,PM,BRK-B,V;TMUS,CMCSA,BKNG,SBUX;;252;21;0,8;60;1,5;0,75;5,0;252,0;2,4148236872735125;0,1466915706997218;0,1639893349588425;0,8945189681788636;-0,2127600996069081;0,057938965059708;130;13,803030303030305;0,5257958287596048
usa;JPM;priority;30;30;NVDA,AAPL,MSFT,AVGO,ORCL,AMD,CSCO,QCOM,TXN,IBM,ACN,ADI,GOOGL,META,NFLX,DIS,VZ,AMZN,TSLA,HD,MCD,LOW,WMT,COST,PG,KO,PEP,PM,BRK-B,V;TMUS,CMCSA,BKNG,SBUX;;252;21;0,8;60;1,5;1,0;5,0;252,0;2,9540917757081013;0,1655848922495817;0,1456880688701319;1,1365713989742428;-0,1791244719411932;0,069438301636444;156;9,759493670886076;0,5278858625162127
usa;JPM;priority;30;30;NVDA,AAPL,MSFT,AVGO,ORCL,AMD,CSCO,QCOM,TXN,IBM,ACN,ADI,GOOGL,META,NFLX,DIS,VZ,AMZN,TSLA,HD,MCD,LOW,WMT,COST,PG,KO,PEP,PM,BRK-B,V;TMUS,CMCSA,BKNG,SBUX;;252;21;0,8;60;2,0;0,25;5,0;252,0;2,3915951543463128;0,1458195712525782;0,1794467333695679;0,8126064404430531;-0,2186080289588408;0,0344980097302078;72;26,256410256410255;0,51171875
usa;JPM;priority;30;30;NVDA,AAPL,MSFT,AVGO,ORCL,AMD,CSCO,QCOM,TXN,IBM,ACN,ADI,GOOGL,META,NFLX,DIS,VZ,AMZN,TSLA,HD,MCD,LOW,WMT,COST,PG,KO,PEP,PM,BRK-B,V;TMUS,CMCSA,BKNG,SBUX;;252;21;0,8;60;2,0;0,5;5,0;252,0;2,06638397952526;0,1330185321692827;0,165329677880973;0,8045653622155344;-0,2075385438126127;0,0362671384343211;80;19,634146341463413;0,5204968944099378
usa;JPM;priority;30;30;NVDA,AAPL,MSFT,AVGO,ORCL,AMD,CSCO,QCOM,TXN,IBM,ACN,ADI,GOOGL,META,NFLX,DIS,VZ,AMZN,TSLA,HD,MCD,LOW,WMT,COST,PG,KO,PEP,PM,BRK-B,V;TMUS,CMCSA,BKNG,SBUX;;252;21;0,8;60;2,0;0,75;5,0;252,0;1,3724620034141113;0,1010774662358522;0,1484407396322085;0,6809280692503406;-0,2127600996069087;0,0371517027863777;83;16,452380952380953;0,5224312590448625
usa;JPM;priority;30;30;NVDA,AAPL,MSFT,AVGO,ORCL,AMD,CSCO,QCOM,TXN,IBM,ACN,ADI,GOOGL,META,NFLX,DIS,VZ,AMZN,TSLA,HD,MCD,LOW,WMT,COST,PG,KO,PEP,PM,BRK-B,V;TMUS,CMCSA,BKNG,SBUX;;252;21;0,8;60;2,0;1,0;5,0;252,0;1,5958011391851463;0,11217381505189;0,126435172508029;0,8872041918934124;-0,161706470573982;0,0406899601946041;91;11,978260869565217;0,5245009074410163
usa;JPM;priority;30;30;NVDA,AAPL,MSFT,AVGO,ORCL,AMD,CSCO,QCOM,TXN,IBM,ACN,ADI,GOOGL,META,NFLX,DIS,VZ,AMZN,TSLA,HD,MCD,LOW,WMT,COST,PG,KO,PEP,PM,BRK-B,V;TMUS,CMCSA,BKNG,SBUX;;252;21;0,8;60;2,5;0,25;5,0;252,0;2,2565721377186954;0,1406431578301423;0,1661844878694241;0,8463073758162656;-0,2100142416102519;0,0265369305616983;58;29,3;0,515358361774744
usa;JPM;priority;30;30;NVDA,AAPL,MSFT,AVGO,ORCL,AMD,CSCO,QCOM,TXN,IBM,ACN,ADI,GOOGL,META,NFLX,DIS,VZ,AMZN,TSLA,HD,MCD,LOW,WMT,COST,PG,KO,PEP,PM,BRK-B,V;TMUS,CMCSA,BKNG,SBUX;;252;21;0,8;60;2,5;0,5;5,0;252,0;1,8403435742944936;0,1233898616960229;0,1462413048527652;0,843741525831235;-0,2068534395991256;0,0265369305616983;59;20,2;0,5264026402640264
usa;JPM;priority;30;30;NVDA,AAPL,MSFT,AVGO,ORCL,AMD,CSCO,QCOM,TXN,IBM,ACN,ADI,GOOGL,META,NFLX,DIS,VZ,AMZN,TSLA,HD,MCD,LOW,WMT,COST,PG,KO,PEP,PM,BRK-B,V;TMUS,CMCSA,BKNG,SBUX;;252;21;0,8;60;2,5;0,75;5,0;252,0;1,083819305565092;0,0852719596845696;0,1246708007266368;0,6839769953153972;-0,2168188454403159;0,0265369305616983;60;16,933333333333334;0,531496062992126
usa;JPM;priority;30;30;NVDA,AAPL,MSFT,AVGO,ORCL,AMD,CSCO,QCOM,TXN,IBM,ACN,ADI,GOOGL,META,NFLX,DIS,VZ,AMZN,TSLA,HD,MCD,LOW,WMT,COST,PG,KO,PEP,PM,BRK-B,V;TMUS,CMCSA,BKNG,SBUX;;252;21;0,8;60;2,5;1,0;5,0;252,0;1,180226761428448;0,0907563246402196;0,1079750576927417;0,8405304574921331;-0,1367797172804055;0,0274214949137549;62;13,290322580645162;0,5315533980582524
usa;JPM;priority;30;30;NVDA,AAPL,MSFT,AVGO,ORCL,AMD,CSCO,QCOM,TXN,IBM,ACN,ADI,GOOGL,META,NFLX,DIS,VZ,AMZN,TSLA,HD,MCD,LOW,WMT,COST,PG,KO,PEP,PM,BRK-B,V;TMUS,CMCSA,BKNG,SBUX;;252;21;0,8;60;3,0;0,25;5,0;252,0;0,575603739392607;0,0519775629728556;0,139331125484592;0,3730506216186673;-0,2278593404540123;0,0132684652808491;30;40,4;0,4917491749174917
usa;JPM;priority;30;30;NVDA,AAPL,MSFT,AVGO,ORCL,AMD,CSCO,QCOM,TXN,IBM,ACN,ADI,GOOGL,META,NFLX,DIS,VZ,AMZN,TSLA,HD,MCD,LOW,WMT,COST,PG,KO,PEP,PM,BRK-B,V;TMUS,CMCSA,BKNG,SBUX;;252;21;0,8;60;3,0;0,5;5,0;252,0;0,5065691891041766;0,0467375218093064;0,1160788660482513;0,402635926766193;-0,2062903762572953;0,0132684652808491;30;22,666666666666668;0,5
usa;JPM;priority;30;30;NVDA,AAPL,MSFT,AVGO,ORCL,AMD,CSCO,QCOM,TXN,IBM,ACN,ADI,GOOGL,META,NFLX,DIS,VZ,AMZN,TSLA,HD,MCD,LOW,WMT,COST,PG,KO,PEP,PM,BRK-B,V;TMUS,CMCSA,BKNG,SBUX;;252;21;0,8;60;3,0;0,75;5,0;252,0;0,3388895228669133;0,0330619102345948;0,0939917888882869;0,3517531757363425;-0,2062557111389859;0,0132684652808491;30;19,066666666666663;0,5174825174825175
usa;JPM;priority;30;30;NVDA,AAPL,MSFT,AVGO,ORCL,AMD,CSCO,QCOM,TXN,IBM,ACN,ADI,GOOGL,META,NFLX,DIS,VZ,AMZN,TSLA,HD,MCD,LOW,WMT,COST,PG,KO,PEP,PM,BRK-B,V;TMUS,CMCSA,BKNG,SBUX;;252;21;0,8;60;3,0;1,0;5,0;252,0;0,6213560605571493;0,05533907767857;0,0752082950842722;0,7358108253426245;-0,1311925821636925;0,0141530296329057;32;13,875;0,527027027027027
usa;JPM;priority;30;30;NVDA,AAPL,MSFT,AVGO,ORCL,AMD,CSCO,QCOM,TXN,IBM,ACN,ADI,GOOGL,META,NFLX,DIS,VZ,AMZN,TSLA,HD,MCD,LOW,WMT,COST,PG,KO,PEP,PM,BRK-B,V;TMUS,CMCSA,BKNG,SBUX;;252;63;0,8;60;1,0;0,25;5,0;252,0;2,7849479989500163;0,1599191823385148;0,2509560183656664;0,637239877250115;-0,344860746020869;0,0676691729323308;138;19,818181818181817;0,528178243774574
usa;JPM;priority;30;30;NVDA,AAPL,MSFT,AVGO,ORCL,AMD,CSCO,QCOM,TXN,IBM,ACN,ADI,GOOGL,META,NFLX,DIS,VZ,AMZN,TSLA,HD,MCD,LOW,WMT,COST,PG,KO,PEP,PM,BRK-B,V;TMUS,CMCSA,BKNG,SBUX;;252;63;0,8;60;1,0;0,5;5,0;252,0;2,034208886985857;0,1316872702471334;0,237477408133041;0,5545254653165106;-0,3329540819527747;0,0782839451570101;168;15,112359550561798;0,5301115241635688
usa;JPM;priority;30;30;NVDA,AAPL,MSFT,AVGO,ORCL,AMD,CSCO,QCOM,TXN,IBM,ACN,ADI,GOOGL,META,NFLX,DIS,VZ,AMZN,TSLA,HD,MCD,LOW,WMT,COST,PG,KO,PEP,PM,BRK-B,V;TMUS,CMCSA,BKNG,SBUX;;252;63;0,8;60;1,0;0,75;5,0;252,0;1,0686365291183946;0,0843877817025815;0,2299179848255993;0,3670342786215378;-0,4199714180462282;0,0924369747899159;202;11,438095238095238;0,5228975853455454
usa;JPM;priority;30;30;NVDA,AAPL,MSFT,AVGO,ORCL,AMD,CSCO,QCOM,TXN,IBM,ACN,ADI,GOOGL,META,NFLX,DIS,VZ,AMZN,TSLA,HD,MCD,LOW,WMT,COST,PG,KO,PEP,PM,BRK-B,V;TMUS,CMCSA,BKNG,SBUX;;252;63;0,8;60;1,5;0,25;5,0;252,0;1,454900403098356;0,1052773442856225;0,2232938391710772;0,471474469140924;-0,3775725704748067;0,0459973463069438;94;25,615384615384617;0,5202702702702703
usa;JPM;priority;30;30;NVDA,AAPL,MSFT,AVGO,ORCL,AMD,CSCO,QCOM,TXN,IBM,ACN,ADI,GOOGL,META,NFLX,DIS,VZ,AMZN,TSLA,HD,MCD,LOW,WMT,COST,PG,KO,PEP,PM,BRK-B,V;TMUS,CMCSA,BKNG,SBUX;;252;63;0,8;60;1,5;0,5;5,0;252,0;1,1259752031694314;0,0876972589380595;0,2073586466156724;0,4229254982581049;-0,3825081441190586;0,0504201680672268;109;20,05263157894737;0,5249343832020997
usa;JPM;priority;30;30;NVDA,AAPL,MSFT,AVGO,ORCL,AMD,CSCO,QCOM,TXN,IBM,ACN,ADI,GOOGL,META,NFLX,DIS,VZ,AMZN,TSLA,HD,MCD,LOW,WMT,COST,PG,KO,PEP,PM,BRK-B,V;TMUS,CMCSA,BKNG,SBUX;;252;63;0,8;60;1,5;0,75;5,0;252,0;0,2803266433280544;0,0279250495194236;0,2005173077428609;0,1392650331972047;-0,4617227150607786;0,0513047324192835;112;17,5;0,5103448275862069
usa;JPM;priority;30;30;NVDA,AAPL,MSFT,AVGO,ORCL,AMD,CSCO,QCOM,TXN,IBM,ACN,ADI,GOOGL,META,NFLX,DIS,VZ,AMZN,TSLA,HD,MCD,LOW,WMT,COST,PG,KO,PEP,PM,BRK-B,V;TMUS,CMCSA,BKNG,SBUX;;252;63;0,8;60;1,5;1,0;5,0;252,0;0,1985252017179857;0,0203886727785234;0,1958386148643651;0,1041095638500317;-0,5066315801582475;0,0583812472357364;129;13,666666666666666;0,5033259423503326
usa;JPM;priority;30;30;NVDA,AAPL,MSFT,AVGO,ORCL,AMD,CSCO,QCOM,TXN,IBM,ACN,ADI,GOOGL,META,NFLX,DIS,VZ,AMZN,TSLA,HD,MCD,LOW,WMT,COST,PG,KO,PEP,PM,BRK-B,V;TMUS,CMCSA,BKNG,SBUX;;252;63;0,8;60;2,0;0,25;5,0;252,0;1,2842267749810032;0,0964360803500508;0,1885097946835127;0,5115706614181845;-0,3243036244154551;0,0336134453781512;70;29,973684210526315;0,5171202809482002
usa;JPM;priority;30;30;NVDA,AAPL,MSFT,AVGO,ORCL,AMD,CSCO,QCOM,TXN,IBM,ACN,ADI,GOOGL,META,NFLX,DIS,VZ,AMZN,TSLA,HD,MCD,LOW,WMT,COST,PG,KO,PEP,PM,BRK-B,V;TMUS,CMCSA,BKNG,SBUX;;252;63;0,8;60;2,0;0,5;5,0;252,0;0,5725301013727977;0,0517486402710531;0,1650438064095828;0,3135448787616459;-0,346958378694141;0,0344980097302078;76;23,743589743589745;0,5248380129589633
usa;JPM;priority;30;30;NVDA,AAPL,MSFT,AVGO,ORCL,AMD,CSCO,QCOM,TXN,IBM,ACN,ADI,GOOGL,META,NFLX,DIS,VZ,AMZN,TSLA,HD,MCD,LOW,WMT,COST,PG,KO,PEP,PM,BRK-B,V;TMUS,CMCSA,BKNG,SBUX;;252;63;0,8;60;2,0;0,75;5,0;252,0;0,0348622784216552;0,0038266861950437;0,1572623844441695;0,0243331309554339;-0,4102177541297237;0,0344980097302078;77;21,05128205128205;0,5091352009744214
usa;JPM;priority;30;30;NVDA,AAPL,MSFT,AVGO,ORCL,AMD,CSCO,QCOM,TXN,IBM,ACN,ADI,GOOGL,META,NFLX,DIS,VZ,AMZN,TSLA,HD,MCD,LOW,WMT,COST,PG,KO,PEP,PM,BRK-B,V;TMUS,CMCSA,BKNG,SBUX;;252;63;0,8;60;2,0;1,0;5,0;252,0;-0,1075456573399107;-0,0126012841379244;0,149590211726376;-0,0842386944472959;-0,4383529585889268;0,0362671384343211;82;17,804878048780488;0,5
usa;JPM;priority;30;30;NVDA,AAPL,MSFT,AVGO,ORCL,AMD,CSCO,QCOM,TXN,IBM,ACN,ADI,GOOGL,META,NFLX,DIS,VZ,AMZN,TSLA,HD,MCD,LOW,WMT,COST,PG,KO,PEP,PM,BRK-B,V;TMUS,CMCSA,BKNG,SBUX;;252;63;0,8;60;2,5;0,25;5,0;252,0;1,5503627804925926;0,1099869317103992;0,178376556593086;0,6165997023998071;-0,2683300183120628;0,0256523662096417;55;34,275862068965516;0,5070422535211268
usa;JPM;priority;30;30;NVDA,AAPL,MSFT,AVGO,ORCL,AMD,CSCO,QCOM,TXN,IBM,ACN,ADI,GOOGL,META,NFLX,DIS,VZ,AMZN,TSLA,HD,MCD,LOW,WMT,COST,PG,KO,PEP,PM,BRK-B,V;TMUS,CMCSA,BKNG,SBUX;;252;63;0,8;60;2,5;0,5;5,0;252,0;0,7367307738778148;0,0634557205197789;0,1457627597877073;0,4353356139263387;-0,2367733252721359;0,0256523662096417;57;27,41379310344828;0,5182389937106918
usa;JPM;priority;30;30;NVDA,AAPL,MSFT,AVGO,ORCL,AMD,CSCO,QCOM,TXN,IBM,ACN,ADI,GOOGL,META,NFLX,DIS,VZ,AMZN,TSLA,HD,MCD,LOW,WMT,COST,PG,KO,PEP,PM,BRK-B,V;TMUS,CMCSA,BKNG,SBUX;;252;63;0,8;60;2,5;0,75;5,0;252,0;0,2586471789909739;0,0259703543059639;0,1392736471007533;0,1864699808369093;-0,2614264669576891;0,0256523662096417;58;24,58620689655172;0,5021037868162693
usa;JPM;priority;30;30;NVDA,AAPL,MSFT,AVGO,ORCL,AMD,CSCO,QCOM,TXN,IBM,ACN,ADI,GOOGL,META,NFLX,DIS,VZ,AMZN,TSLA,HD,MCD,LOW,WMT,COST,PG,KO,PEP,PM,BRK-B,V;TMUS,CMCSA,BKNG,SBUX;;252;63;0,8;60;2,5;1,0;5,0;252,0;-0,0150782718367745;-0,001691916230732;0,124549779453682;-0,0135842571392208;-0,3599194671668726;0,0256523662096417;58;21,275862068965516;0,4943273905996758
usa;JPM;priority;30;30;NVDA,AAPL,MSFT,AVGO,ORCL,AMD,CSCO,QCOM,TXN,IBM,ACN,ADI,GOOGL,META,NFLX,DIS,VZ,AMZN,TSLA,HD,MCD,LOW,WMT,COST,PG,KO,PEP,PM,BRK-B,V;TMUS,CMCSA,BKNG,SBUX;;252;63;0,8;60;3,0;0,25;5,0;252,0;1,415973852213265;0,1033100799857664;0,1600527807245457;0,6454750708990514;-0,2121661940603629;0,0168067226890756;37;39,421052631578945;0,507343124165554
usa;JPM;priority;30;30;NVDA,AAPL,MSFT,AVGO,ORCL,AMD,CSCO,QCOM,TXN,IBM,ACN,ADI,GOOGL,META,NFLX,DIS,VZ,AMZN,TSLA,HD,MCD,LOW,WMT,COST,PG,KO,PEP,PM,BRK-B,V;TMUS,CMCSA,BKNG,SBUX;;252;63;0,8;60;3,0;0,5;5,0;252,0;0,8675903736792299;0,0721010543185862;0,1225110946493791;0,5885267332312718;-0,2039685193262757;0,0168067226890756;38;29,157894736842103;0,5270758122743683
usa;JPM;priority;30;30;NVDA,AAPL,MSFT,AVGO,ORCL,AMD,CSCO,QCOM,TXN,IBM,ACN,ADI,GOOGL,META,NFLX,DIS,VZ,AMZN,TSLA,HD,MCD,LOW,WMT,COST,PG,KO,PEP,PM,BRK-B,V;TMUS,CMCSA,BKNG,SBUX;;252;63;0,8;60;3,0;0,75;5,0;252,0;0,5360734250759023;0,0490026056426864;0,1147741101735316;0,4269482513834994;-0,2039685193262754;0,0168067226890756;38;24,26315789473684;0,5119305856832972
usa;JPM;priority;30;30;NVDA,AAPL,MSFT,AVGO,ORCL,AMD,CSCO,QCOM,TXN,IBM,ACN,ADI,GOOGL,META,NFLX,DIS,VZ,AMZN,TSLA,HD,MCD,LOW,WMT,COST,PG,KO,PEP,PM,BRK-B,V;TMUS,CMCSA,BKNG,SBUX;;252;63;0,8;60;3,0;1,0;5,0;252,0;0,2972882049541221;0,0294339620396142;0,1015262689342777;0,2899147417568164;-0,2316425983584692;0,0168067226890756;38;20,57894736842105;0,5012787723785166
usa;KO;priority;30;30;NVDA,AAPL,MSFT,AVGO,ORCL,AMD,CSCO,QCOM,TXN,IBM,ACN,ADI,GOOGL,META,NFLX,DIS,VZ,AMZN,TSLA,HD,MCD,LOW,WMT,COST,PG,PEP,PM,BRK-B,JPM,V;TMUS,CMCSA,BKNG,SBUX;;252;5;0,8;60;1,0;0,25;5,0;252,0;1,1430745046493782;0,0886688452402013;0,1389727983272092;0,6380302210755805;-0,2363967754448541;0,0734188412206988;154;19,987951807228917;0,538878842676311
usa;KO;priority;30;30;NVDA,AAPL,MSFT,AVGO,ORCL,AMD,CSCO,QCOM,TXN,IBM,ACN,ADI,GOOGL,META,NFLX,DIS,VZ,AMZN,TSLA,HD,MCD,LOW,WMT,COST,PG,PEP,PM,BRK-B,JPM,V;TMUS,CMCSA,BKNG,SBUX;;252;5;0,8;60;1,0;0,5;5,0;252,0;1,4441596733683606;0,1047373155826962;0,12540119644443;0,8352178332613381;-0,2187130329706894;0,0946483856700575;205;13,317757009345794;0,5536842105263158
usa;KO;priority;30;30;NVDA,AAPL,MSFT,AVGO,ORCL,AMD,CSCO,QCOM,TXN,IBM,ACN,ADI,GOOGL,META,NFLX,DIS,VZ,AMZN,TSLA,HD,MCD,LOW,WMT,COST,PG,PEP,PM,BRK-B,JPM,V;TMUS,CMCSA,BKNG,SBUX;;252;5;0,8;60;1,0;0,75;5,0;252,0;1,3448880478111334;0,0996437247356873;0,1159010178214387;0,8597312310854945;-0,2240939917034521;0,1211853162317558;270;9,328467153284672;0,5610328638497653
usa;KO;priority;30;30;NVDA,AAPL,MSFT,AVGO,ORCL,AMD,CSCO,QCOM,TXN,IBM,ACN,ADI,GOOGL,META,NFLX,DIS,VZ,AMZN,TSLA,HD,MCD,LOW,WMT,COST,PG,PEP,PM,BRK-B,JPM,V;TMUS,CMCSA,BKNG,SBUX;;252;5;0,8;60;1,5;0,25;5,0;252,0;1,0439587345587458;0,0829382765872941;0,1274541582171318;0,650730252723492;-0,2215358906214146;0,0495356037151702;106;24,892857142857142;0,539454806312769
usa;KO;priority;30;30;NVDA,AAPL,MSFT,AVGO,ORCL,AMD,CSCO,QCOM,TXN,IBM,ACN,ADI,GOOGL,META,NFLX,DIS,VZ,AMZN,TSLA,HD,MCD,LOW,WMT,COST,PG,PEP,PM,BRK-B,JPM,V;TMUS,CMCSA,BKNG,SBUX;;252;5;0,8;60;1,5;0,5;5,0;252,0;1,0728930405388395;0,084636242301753;0,1097698012384332;0,7710339396343892;-0,1959209939361912;0,0566121185316231;125;17,671875;0,5526083112290009
usa;KO;priority;30;30;NVDA,AAPL,MSFT,AVGO,ORCL,AMD,CSCO,QCOM,TXN,IBM,ACN,ADI,GOOGL,META,NFLX,DIS,VZ,AMZN,TSLA,HD,MCD,LOW,WMT,COST,PG,PEP,PM,BRK-B,JPM,V;TMUS,CMCSA,BKNG,SBUX;;252;5;0,8;60;1,5;0,75;5,0;252,0;1,1199701117758458;0,0873544003236399;0,1043184903509668;0,8373817530309985;-0,1952394462730562;0,0645731977001326;144;13,493150684931509;0,5614213197969543
usa;KO;priority;30;30;NVDA,AAPL,MSFT,AVGO,ORCL,AMD,CSCO,QCOM,TXN,IBM,ACN,ADI,GOOGL,META,NFLX,DIS,VZ,AMZN,TSLA,HD,MCD,LOW,WMT,COST,PG,PEP,PM,BRK-B,JPM,V;TMUS,CMCSA,BKNG,SBUX;;252;5;0,8;60;1,5;1,0;5,0;252,0;0,6236827285217068;0,0555077606691394;0,0942609352334522;0,5888734344897553;-0,2017153413873926;0,0716497125165855;161;10,395061728395062;0,5617577197149644
usa;KO;priority;30;30;NVDA,AAPL,MSFT,AVGO,ORCL,AMD,CSCO,QCOM,TXN,IBM,ACN,ADI,GOOGL,META,NFLX,DIS,VZ,AMZN,TSLA,HD,MCD,LOW,WMT,COST,PG,PEP,PM,BRK-B,JPM,V;TMUS,CMCSA,BKNG,SBUX;;252;5;0,8;60;2,0;0,25;5,0;252,0;0,8179632495392801;0,068887714424433;0,1138676288057784;0,6049806705111368;-0,1695575894893682;0,0371517027863777;80;26,595238095238095;0,5487914055505819
usa;KO;priority;30;30;NVDA,AAPL,MSFT,AVGO,ORCL,AMD,CSCO,QCOM,TXN,IBM,ACN,ADI,GOOGL,META,NFLX,DIS,VZ,AMZN,TSLA,HD,MCD,LOW,WMT,COST,PG,PEP,PM,BRK-B,JPM,V;TMUS,CMCSA,BKNG,SBUX;;252;5;0,8;60;2,0;0,5;5,0;252,0;0,768789553576011;0,0656259154633209;0,0990059093100365;0,6628484695576478;-0,1959209939361912;0,0398053958425475;88;19,68888888888889;0,5575620767494357
usa;KO;priority;30;30;NVDA,AAPL,MSFT,AVGO,ORCL,AMD,CSCO,QCOM,TXN,IBM,ACN,ADI,GOOGL,META,NFLX,DIS,VZ,AMZN,TSLA,HD,MCD,LOW,WMT,COST,PG,PEP,PM,BRK-B,JPM,V;TMUS,CMCSA,BKNG,SBUX;;252;5;0,8;60;2,0;0,75;5,0;252,0;0,7028781016406034;0,0611251031428339;0,0941820266624893;0,6490102762587792;-0,195239446273056;0,0415745245466607;93;15,95744680851064;0,564
usa;KO;priority;30;30;NVDA,AAPL,MSFT,AVGO,ORCL,AMD,CSCO,QCOM,TXN,IBM,ACN,ADI,GOOGL,META,NFLX,DIS,VZ,AMZN,TSLA,HD,MCD,LOW,WMT,COST,PG,PEP,PM,BRK-B,JPM,V;TMUS,CMCSA,BKNG,SBUX;;252;5;0,8;60;2,0;1,0;5,0;252,0;0,2793941156972761;0,0278415771143119;0,0842269270066949;0,3305543500607455;-0,2017153413873929;0,0424590888987173;96;13,125;0,5650793650793651
usa;KO;priority;30;30;NVDA,AAPL,MSFT,AVGO,ORCL,AMD,CSCO,QCOM,TXN,IBM,ACN,ADI,GOOGL,META,NFLX,DIS,VZ,AMZN,TSLA,HD,MCD,LOW,WMT,COST,PG,PEP,PM,BRK-B,JPM,V;TMUS,CMCSA,BKNG,SBUX;;252;5;0,8;60;2,5;0,25;5,0;252,0;0,6243036614236805;0,055552741879367;0,1018658435585152;0,5453520035639391;-0,1428502121673305;0,0274214949137549;60;27,35483870967742;0,5636792452830188
usa;KO;priority;30;30;NVDA,AAPL,MSFT,AVGO,ORCL,AMD,CSCO,QCOM,TXN,IBM,ACN,ADI,GOOGL,META,NFLX,DIS,VZ,AMZN,TSLA,HD,MCD,LOW,WMT,COST,PG,PEP,PM,BRK-B,JPM,V;TMUS,CMCSA,BKNG,SBUX;;252;5;0,8;60;2,5;0,5;5,0;252,0;0,4859571144096373;0,0451315977621309;0,0875034061417365;0,5157696111740784;-0,1484101696618424;0,0283060592658115;64;20,25;0,5740740740740741
usa;KO;priority;30;30;NVDA,AAPL,MSFT,AVGO,ORCL,AMD,CSCO,QCOM,TXN,IBM,ACN,ADI,GOOGL,META,NFLX,DIS,VZ,AMZN,TSLA,HD,MCD,LOW,WMT,COST,PG,PEP,PM,BRK-B,JPM,V;TMUS,CMCSA,BKNG,SBUX;;252;5;0,8;60;2,5;0,75;5,0;252,0;0,5306721304505857;0,0485908478152667;0,0821306283535741;0,5916288331081812;-0,1542753253954825;0,0291906236178682;66;16,87878787878788;0,5816876122082585
usa;KO;priority;30;30;NVDA,AAPL,MSFT,AVGO,ORCL,AMD,CSCO,QCOM,TXN,IBM,ACN,ADI,GOOGL,META,NFLX,DIS,VZ,AMZN,TSLA,HD,MCD,LOW,WMT,COST,PG,PEP,PM,BRK-B,JPM,V;TMUS,CMCSA,BKNG,SBUX;;252;5;0,8;60;2,5;1,0;5,0;252,0;0,265290118963875;0,0265724630869612;0,0766641462556435;0,34660873934933;-0,1610808581256613;0,0291906236178682;66;14,151515151515152;0,582441113490364
usa;KO;priority;30;30;NVDA,AAPL,MSFT,AVGO,ORCL,AMD,CSCO,QCOM,TXN,IBM,ACN,ADI,GOOGL,META,NFLX,DIS,VZ,AMZN,TSLA,HD,MCD,LOW,WMT,COST,PG,PEP,PM,BRK-B,JPM,V;TMUS,CMCSA,BKNG,SBUX;;252;5;0,8;60;3,0;0,25;5,0;252,0;0,7849206652132583;0,0667047125250384;0,0867873093464225;0,7685998451545272;-0,1530203468621769;0,020344980097302;44;27,565217391304348;0,5630914826498423
usa;KO;priority;30;30;NVDA,AAPL,MSFT,AVGO,ORCL,AMD,CSCO,QCOM,TXN,IBM,ACN,ADI,GOOGL,META,NFLX,DIS,VZ,AMZN,TSLA,HD,MCD,LOW,WMT,COST,PG,PEP,PM,BRK-B,JPM,V;TMUS,CMCSA,BKNG,SBUX;;252;5;0,8;60;3,0;0,5;5,0;252,0;0,6319066272849154;0,0561022755694706;0,0743524522430816;0,754545060411116;-0,1216023771654468;0,020344980097302;46;20,217391304347824;0,5806451612903226
usa;KO;priority;30;30;NVDA,AAPL,MSFT,AVGO,ORCL,AMD,CSCO,QCOM,TXN,IBM,ACN,ADI,GOOGL,META,NFLX,DIS,VZ,AMZN,TSLA,HD,MCD,LOW,WMT,COST,PG,PEP,PM,BRK-B,JPM,V;TMUS,CMCSA,BKNG,SBUX;;252;5;0,8;60;3,0;0,75;5,0;252,0;0,7029075743752164;0,0611271500592107;0,0689723270640233;0,886256164772716;-0,1216023771654472;0,0212295444493586;48;16,541666666666668;0,5894206549118388
usa;KO;priority;30;30;NVDA,AAPL,MSFT,AVGO,ORCL,AMD,CSCO,QCOM,TXN,IBM,ACN,ADI,GOOGL,META,NFLX,DIS,VZ,AMZN,TSLA,HD,MCD,LOW,WMT,COST,PG,PEP,PM,BRK-B,JPM,V;TMUS,CMCSA,BKNG,SBUX;;252;5;0,8;60;3,0;1,0;5,0;252,0;0,4823243384512767;0,0448465120406011;0,0633658633493035;0,7077393042589091;-0,1219734495794476;0,0212295444493586;48;13,291666666666666;0,5924764890282131
usa;KO;priority;30;30;NVDA,AAPL,MSFT,AVGO,ORCL,AMD,CSCO,QCOM,TXN,IBM,ACN,ADI,GOOGL,META,NFLX,DIS,VZ,AMZN,TSLA,HD,MCD,LOW,WMT,COST,PG,PEP,PM,BRK-B,JPM,V;TMUS,CMCSA,BKNG,SBUX;;252;10;0,8;60;1,0;0,25;5,0;252,0;1,1701839627537738;0,0901951846170243;0,1380624581012681;0,6532926173954302;-0,24373340596124;0,0663423264042459;140;21,973333333333333;0,5254854368932039
usa;KO;priority;30;30;NVDA,AAPL,MSFT,AVGO,ORCL,AMD,CSCO,QCOM,TXN,IBM,ACN,ADI,GOOGL,META,NFLX,DIS,VZ,AMZN,TSLA,HD,MCD,LOW,WMT,COST,PG,PEP,PM,BRK-B,JPM,V;TMUS,CMCSA,BKNG,SBUX;;252;10;0,8;60;1,0;0,5;5,0;252,0;1,591776185190657;0,111981478640369;0,1310062843540813;0,8547794420129307;-0,1955311819364367;0,0849181777974347;184;15,427083333333334;0,5354490209318028
usa;KO;priority;30;30;NVDA,AAPL,MSFT,AVGO,ORCL,AMD,CSCO,QCOM,TXN,IBM,ACN,ADI,GOOGL,META,NFLX,DIS,VZ,AMZN,TSLA,HD,MCD,LOW,WMT,COST,PG,PEP,PM,BRK-B,JPM,V;TMUS,CMCSA,BKNG,SBUX;;252;10;0,8;60;1,0;0,75;5,0;252,0;1,1455135070428022;0,088806868170582;0,1169329181190458;0,7594685021045182;-0,1706992233100978;0,1114551083591331;248;10,142857142857142;0,543035993740219
usa;KO;priority;30;30;NVDA,AAPL,MSFT,AVGO,ORCL,AMD,CSCO,QCOM,TXN,IBM,ACN,ADI,GOOGL,META,NFLX,DIS,VZ,AMZN,TSLA,HD,MCD,LOW,WMT,COST,PG,PEP,PM,BRK-B,JPM,V;TMUS,CMCSA,BKNG,SBUX;;252;10;0,8;60;1,5;0,25;5,0;252,0;0,9671355668985931;0,0783241524731679;0,1295772604851429;0,6044590862618862;-0,2280903444349853;0,0486510393631136;103;25,89090909090909;0,5231741573033708
usa;KO;priority;30;30;NVDA,AAPL,MSFT,AVGO,ORCL,AMD,CSCO,QCOM,TXN,IBM,ACN,ADI,GOOGL,META,NFLX,DIS,VZ,AMZN,TSLA,HD,MCD,LOW,WMT,COST,PG,PEP,PM,BRK-B,JPM,V;TMUS,CMCSA,BKNG,SBUX;;252;10;0,8;60;1,5;0,5;5,0;252,0;1,2761477165640134;0,096003179699833;0,1210644374521435;0,7929924073515221;-0,1628078640297759;0,0557275541795665;120;19,634920634920636;0,5327405012126112
usa;KO;priority;30;30;NVDA,AAPL,MSFT,AVGO,ORCL,AMD,CSCO,QCOM,TXN,IBM,ACN,ADI,GOOGL,META,NFLX,DIS,VZ,AMZN,TSLA,HD,MCD,LOW,WMT,COST,PG,PEP,PM,BRK-B,JPM,V;TMUS,CMCSA,BKNG,SBUX;;252;10;0,8;60;1,5;0,75;5,0;252,0;0,9468529481251392;0,0770792456082976;0,106824500151713;0,7215502576546488;-0,1706992233100973;0,0628040689960194;139;14,04225352112676;0,5436308926780341
usa;KO;priority;30;30;NVDA,AAPL,MSFT,AVGO,ORCL,AMD,CSCO,QCOM,TXN,IBM,ACN,ADI,GOOGL,META,NFLX,DIS,VZ,AMZN,TSLA,HD,MCD,LOW,WMT,COST,PG,PEP,PM,BRK-B,JPM,V;TMUS,CMCSA,BKNG,SBUX;;252;10;0,8;60;1,5;1,0;5,0;252,0;0,535304041899298;0,0489440317729761;0,0960778808212021;0,5094203926506186;-0,1986901005879745;0,0707651481645289;159;10,5875;0,5442739079102715
usa;KO;priority;30;30;NVDA,AAPL,MSFT,AVGO,ORCL,AMD,CSCO,QCOM,TXN,IBM,ACN,ADI,GOOGL,META,NFLX,DIS,VZ,AMZN,TSLA,HD,MCD,LOW,WMT,COST,PG,PEP,PM,BRK-B,JPM,V;TMUS,CMCSA,BKNG,SBUX;;252;10;0,8;60;2,0;0,25;5,0;252,0;0,8585019346059422;0,0715183017594554;0,1157986975484414;0,6176088615291855;-0,1456179578703879;0,0362671384343211;77;28,07317073170732;0,525629887054735
usa;KO;priority;30;30;NVDA,AAPL,MSFT,AVGO,ORCL,AMD,CSCO,QCOM,TXN,IBM,ACN,ADI,GOOGL,META,NFLX,DIS,VZ,AMZN,TSLA,HD,MCD,LOW,WMT,COST,PG,PEP,PM,BRK-B,JPM,V;TMUS,CMCSA,BKNG,SBUX;;252;10;0,8;60;2,0;0,5;5,0;252,0;1,0400859409230965;0,0827093892428927;0,1056112662026509;0,7831493004182603;-0,1607241785133807;0,0389208314904909;84;21,454545454545453;0,534957627118644
usa;KO;priority;30;30;NVDA,AAPL,MSFT,AVGO,ORCL,AMD,CSCO,QCOM,TXN,IBM,ACN,ADI,GOOGL,META,NFLX,DIS,VZ,AMZN,TSLA,HD,MCD,LOW,WMT,COST,PG,PEP,PM,BRK-B,JPM,V;TMUS,CMCSA,BKNG,SBUX;;252;10;0,8;60;2,0;0,75;5,0;252,0;0,7234152359741453;0,0625438575922798;0,0933050500039508;0,6703158895432945;-0,170699223310098;0,0406899601946041;90;16,347826086956523;0,5425531914893617
usa;KO;priority;30;30;NVDA,AAPL,MSFT,AVGO,ORCL,AMD,CSCO,QCOM,TXN,IBM,ACN,ADI,GOOGL,META,NFLX,DIS,VZ,AMZN,TSLA,HD,MCD,LOW,WMT,COST,PG,PEP,PM,BRK-B,JPM,V;TMUS,CMCSA,BKNG,SBUX;;252;10;0,8;60;2,0;1,0;5,0;252,0;0,3287879320701716;0,0321902814309187;0,0820997196528546;0,3920875925889894;-0,1986901005879745;0,0415745245466607;94;13,595744680851064;0,543035993740219
usa;KO;priority;30;30;NVDA,AAPL,MSFT,AVGO,ORCL,AMD,CSCO,QCOM,TXN,IBM,ACN,ADI,GOOGL,META,NFLX,DIS,VZ,AMZN,TSLA,HD,MCD,LOW,WMT,COST,PG,PEP,PM,BRK-B,JPM,V;TMUS,CMCSA,BKNG,SBUX;;252;10;0,8;60;2,5;0,25;5,0;252,0;0,7012310816096716;0,0610106655860165;0,1049809121047727;0,5811596066637984;-0,1358090405256218;0,0274214949137549;59;29,258064516129032;0,5292171995589857
usa;KO;priority;30;30;NVDA,AAPL,MSFT,AVGO,ORCL,AMD,CSCO,QCOM,TXN,IBM,ACN,ADI,GOOGL,META,NFLX,DIS,VZ,AMZN,TSLA,HD,MCD,LOW,WMT,COST,PG,PEP,PM,BRK-B,JPM,V;TMUS,CMCSA,BKNG,SBUX;;252;10;0,8;60;2,5;0,5;5,0;252,0;0,5693129672041632;0,0515086038149261;0,0929837139711615;0,553952962460731;-0,1510886913934701;0,0274214949137549;61;23,451612903225808;0,530949105914718
usa;KO;priority;30;30;NVDA,AAPL,MSFT,AVGO,ORCL,AMD,CSCO,QCOM,TXN,IBM,ACN,ADI,GOOGL,META,NFLX,DIS,VZ,AMZN,TSLA,HD,MCD,LOW,WMT,COST,PG,PEP,PM,BRK-B,JPM,V;TMUS,CMCSA,BKNG,SBUX;;252;10;0,8;60;2,5;0,75;5,0;252,0;0,5300776968604002;0,0485454534288134;0,080112076659229;0,6059692302736096;-0,1611782568438254;0,0283060592658115;63;17,78125;0,5430579964850615
usa;KO;priority;30;30;NVDA,AAPL,MSFT,AVGO,ORCL,AMD,CSCO,QCOM,TXN,IBM,ACN,ADI,GOOGL,META,NFLX,DIS,VZ,AMZN,TSLA,HD,MCD,LOW,WMT,COST,PG,PEP,PM,BRK-B,JPM,V;TMUS,CMCSA,BKNG,SBUX;;252;10;0,8;60;2,5;1,0;5,0;252,0;0,2165339120807679;0,0220862107620061;0,0737517470753232;0,2994669501110164;-0,1894904894265741;0,0283060592658115;64;15,5;0,5362903225806451
usa;KO;priority;30;30;NVDA,AAPL,MSFT,AVGO,ORCL,AMD,CSCO,QCOM,TXN,IBM,ACN,ADI,GOOGL,META,NFLX,DIS,VZ,AMZN,TSLA,HD,MCD,LOW,WMT,COST,PG,PEP,PM,BRK-B,JPM,V;TMUS,CMCSA,BKNG,SBUX;;252;10;0,8;60;3,0;0,25;5,0;252,0;0,6013054933156272;0,0538764343486897;0,1005620153177064;0,5357533277199886;-0,1611494768822393;0,0194604157452454;43;36,63636363636363;0,5297766749379652
usa;KO;priority;30;30;NVDA,AAPL,MSFT,AVGO,ORCL,AMD,CSCO,QCOM,TXN,IBM,ACN,ADI,GOOGL,META,NFLX,DIS,VZ,AMZN,TSLA,HD,MCD,LOW,WMT,COST,PG,PEP,PM,BRK-B,JPM,V;TMUS,CMCSA,BKNG,SBUX;;252;10;0,8;60;3,0;0,5;5,0;252,0;0,4269406732050946;0,0404215240686824;0,085056273328487;0,4752327193148318;-0,1506714508742889;0,0194604157452454;44;27,09090909090909;0,5251677852348994
usa;KO;priority;30;30;NVDA,AAPL,MSFT,AVGO,ORCL,AMD,CSCO,QCOM,TXN,IBM,ACN,ADI,GOOGL,META,NFLX,DIS,VZ,AMZN,TSLA,HD,MCD,LOW,WMT,COST,PG,PEP,PM,BRK-B,JPM,V;TMUS,CMCSA,BKNG,SBUX;;252;10;0,8;60;3,0;0,75;5,0;252,0;0,4248920962177474;0,0402549402391883;0,0730445305422595;0,5511013615988536;-0,1483733978701628;0,020344980097302;46;20,47826086956522;0,5329087048832272
usa;KO;priority;30;30;NVDA,AAPL,MSFT,AVGO,ORCL,AMD,CSCO,QCOM,TXN,IBM,ACN,ADI,GOOGL,META,NFLX,DIS,VZ,AMZN,TSLA,HD,MCD,LOW,WMT,COST,PG,PEP,PM,BRK-B,JPM,V;TMUS,CMCSA,BKNG,SBUX;;252;10;0,8;60;3,0;1,0;5,0;252,0;0,2057628907474387;0,0210736183313349;0,0660513507810448;0,3190490138678972;-0,1759680175179846;0,020344980097302;46;16,82608695652174;0,5348837209302325
usa;KO;priority;30;30;NVDA,AAPL,MSFT,AVGO,ORCL,AMD,CSCO,QCOM,TXN,IBM,ACN,ADI,GOOGL,META,NFLX,DIS,VZ,AMZN,TSLA,HD,MCD,LOW,WMT,COST,PG,PEP,PM,BRK-B,JPM,V;TMUS,CMCSA,BKNG,SBUX;;252;21;0,8;60;1,0;0,25;5,0;252,0;0,9463786590038346;0,0770499970368085;0,1470438846015918;0,5239932095481004;-0,2217743115593847;0,0619195046439628;130;24,6;0,5174216027874564
usa;KO;priority;30;30;NVDA,AAPL,MSFT,AVGO,ORCL,AMD,CSCO,QCOM,TXN,IBM,ACN,ADI,GOOGL,META,NFLX,DIS,VZ,AMZN,TSLA,HD,MCD,LOW,WMT,COST,PG,PEP,PM,BRK-B,JPM,V;TMUS,CMCSA,BKNG,SBUX;;252;21;0,8;60;1,0;0,5;5,0;252,0;1,2905679746840657;0,0967749092790908;0,1419059568313467;0,6819650946302872;-0,1531490929573515;0,0813799203892083;177;16,554347826086957;0,5272488509520683
usa;KO;priority;30;30;NVDA,AAPL,MSFT,AVGO,ORCL,AMD,CSCO,QCOM,TXN,IBM,ACN,ADI,GOOGL,META,NFLX,DIS,VZ,AMZN,TSLA,HD,MCD,LOW,WMT,COST,PG,PEP,PM,BRK-B,JPM,V;TMUS,CMCSA,BKNG,SBUX;;252;21;0,8;60;1,0;0,75;5,0;252,0;1,1303330527295068;0,0879455304449288;0,131920943506171;0,6666532857295313;-0,1526353659326663;0,1017249004865104;225;11,721739130434782;0,5311572700296736
usa;KO;priority;30;30;NVDA,AAPL,MSFT,AVGO,ORCL,AMD,CSCO,QCOM,TXN,IBM,ACN,ADI,GOOGL,META,NFLX,DIS,VZ,AMZN,TSLA,HD,MCD,LOW,WMT,COST,PG,PEP,PM,BRK-B,JPM,V;TMUS,CMCSA,BKNG,SBUX;;252;21;0,8;60;1,5;0,25;5,0;252,0;0,7555903292753721;0,064736670926889;0,1420821047560397;0,4556286031801426;-0,2358281420033483;0,047766475011057;103;28,90740740740741;0,5112107623318386
usa;KO;priority;30;30;NVDA,AAPL,MSFT,AVGO,ORCL,AMD,CSCO,QCOM,TXN,IBM,ACN,ADI,GOOGL,META,NFLX,DIS,VZ,AMZN,TSLA,HD,MCD,LOW,WMT,COST,PG,PEP,PM,BRK-B,JPM,V;TMUS,CMCSA,BKNG,SBUX;;252;21;0,8;60;1,5;0,5;5,0;252,0;1,261618322879769;0,0952212032266055;0,1356392318518296;0,7020181545308649;-0,1701981145540859;0,059265811587793;129;19,17910447761194;0,5268482490272374
usa;KO;priority;30;30;NVDA,AAPL,MSFT,AVGO,ORCL,AMD,CSCO,QCOM,TXN,IBM,ACN,ADI,GOOGL,META,NFLX,DIS,VZ,AMZN,TSLA,HD,MCD,LOW,WMT,COST,PG,PEP,PM,BRK-B,JPM,V;TMUS,CMCSA,BKNG,SBUX;;252;21;0,8;60;1,5;0,75;5,0;252,0;0,7404981379142168;0,0637125863322127;0,1233246091460741;0,516625082158154;-0,2036020991057503;0,0628040689960194;139;15,098591549295774;0,5289179104477612
usa;KO;priority;30;30;NVDA,AAPL,MSFT,AVGO,ORCL,AMD,CSCO,QCOM,TXN,IBM,ACN,ADI,GOOGL,META,NFLX,DIS,VZ,AMZN,TSLA,HD,MCD,LOW,WMT,COST,PG,PEP,PM,BRK-B,JPM,V;TMUS,CMCSA,BKNG,SBUX;;252;21;0,8;60;1,5;1,0;5,0;252,0;0,7224207821113657;0,0624755053265897;0,1167142671743613;0,5352859323809706;-0,1710503470176434;0,0725342768686422;162;11,146341463414634;0,5273522975929978
usa;KO;priority;30;30;NVDA,AAPL,MSFT,AVGO,ORCL,AMD,CSCO,QCOM,TXN,IBM,ACN,ADI,GOOGL,META,NFLX,DIS,VZ,AMZN,TSLA,HD,MCD,LOW,WMT,COST,PG,PEP,PM,BRK-B,JPM,V;TMUS,CMCSA,BKNG,SBUX;;252;21;0,8;60;2,0;0,25;5,0;252,0;0,5875872634148169;0,0528663159185911;0,1369800199618954;0,3859418032885182;-0,2525112442964041;0,0362671384343211;79;32,146341463414636;0,5083459787556904
usa;KO;priority;30;30;NVDA,AAPL,MSFT,AVGO,ORCL,AMD,CSCO,QCOM,TXN,IBM,ACN,ADI,GOOGL,META,NFLX,DIS,VZ,AMZN,TSLA,HD,MCD,LOW,WMT,COST,PG,PEP,PM,BRK-B,JPM,V;TMUS,CMCSA,BKNG,SBUX;;252;21;0,8;60;2,0;0,5;5,0;252,0;0,8908710591692262;0,0735824012497317;0,1273865831851426;0,5776307002660368;-0,1950692566673054;0,0406899601946041;89;22,043478260869566;0,5285996055226825
usa;KO;priority;30;30;NVDA,AAPL,MSFT,AVGO,ORCL,AMD,CSCO,QCOM,TXN,IBM,ACN,ADI,GOOGL,META,NFLX,DIS,VZ,AMZN,TSLA,HD,MCD,LOW,WMT,COST,PG,PEP,PM,BRK-B,JPM,V;TMUS,CMCSA,BKNG,SBUX;;252;21;0,8;60;2,0;0,75;5,0;252,0;0,5482941515932414;0,0499295027146433;0,115077141758261;0,4338785440077117;-0,199876890109518;0,0415745245466607;92;18,0;0,5283687943262412
usa;KO;priority;30;30;NVDA,AAPL,MSFT,AVGO,ORCL,AMD,CSCO,QCOM,TXN,IBM,ACN,ADI,GOOGL,META,NFLX,DIS,VZ,AMZN,TSLA,HD,MCD,LOW,WMT,COST,PG,PEP,PM,BRK-B,JPM,V;TMUS,CMCSA,BKNG,SBUX;;252;21;0,8;60;2,0;1,0;5,0;252,0;0,5663668770011394;0,051288406620614;0,1078873943530463;0,4753883150869318;-0,1614204971098376;0,0451127819548872;101;13,745098039215684;0,5335235378031383
usa;KO;priority;30;30;NVDA,AAPL,MSFT,AVGO,ORCL,AMD,CSCO,QCOM,TXN,IBM,ACN,ADI,GOOGL,META,NFLX,DIS,VZ,AMZN,TSLA,HD,MCD,LOW,WMT,COST,PG,PEP,PM,BRK-B,JPM,V;TMUS,CMCSA,BKNG,SBUX;;252;21;0,8;60;2,5;0,25;5,0;252,0;0,4105431378698128;0,0390821261397977;0,1227458369342214;0,318398791486033;-0,2001208084722469;0,0265369305616983;60;34,13333333333333;0,5078125
usa;KO;priority;30;30;NVDA,AAPL,MSFT,AVGO,ORCL,AMD,CSCO,QCOM,TXN,IBM,ACN,ADI,GOOGL,META,NFLX,DIS,VZ,AMZN,TSLA,HD,MCD,LOW,WMT,COST,PG,PEP,PM,BRK-B,JPM,V;TMUS,CMCSA,BKNG,SBUX;;252;21;0,8;60;2,5;0,5;5,0;252,0;0,6875151706002935;0,0600538201243812;0,1111150850950244;0,5404650509246681;-0,1436694842087094;0,0283060592658115;64;25,0;0,52
usa;KO;priority;30;30;NVDA,AAPL,MSFT,AVGO,ORCL,AMD,CSCO,QCOM,TXN,IBM,ACN,ADI,GOOGL,META,NFLX,DIS,VZ,AMZN,TSLA,HD,MCD,LOW,WMT,COST,PG,PEP,PM,BRK-B,JPM,V;TMUS,CMCSA,BKNG,SBUX;;252;21;0,8;60;2,5;0,75;5,0;252,0;0,5787396002723495;0,0522107114269094;0,0948116886184618;0,5506780038167464;-0,1526146908851151;0,0291906236178682;66;18,303030303030305;0,5281456953642384
usa;KO;priority;30;30;NVDA,AAPL,MSFT,AVGO,ORCL,AMD,CSCO,QCOM,TXN,IBM,ACN,ADI,GOOGL,META,NFLX,DIS,VZ,AMZN,TSLA,HD,MCD,LOW,WMT,COST,PG,PEP,PM,BRK-B,JPM,V;TMUS,CMCSA,BKNG,SBUX;;252;21;0,8;60;2,5;1,0;5,0;252,0;0,4546157303430389;0,0426513914763548;0,0846601329280689;0,5037954702078415;-0,1614204971098373;0,0291906236178682;66;14,696969696969695;0,534020618556701
usa;KO;priority;30;30;NVDA,AAPL,MSFT,AVGO,ORCL,AMD,CSCO,QCOM,TXN,IBM,ACN,ADI,GOOGL,META,NFLX,DIS,VZ,AMZN,TSLA,HD,MCD,LOW,WMT,COST,PG,PEP,PM,BRK-B,JPM,V;TMUS,CMCSA,BKNG,SBUX;;252;21;0,8;60;3,0;0,25;5,0;252,0;0,2683239024528945;0,0268465080872033;0,1041769559805349;0,2577010225967777;-0,1736626978990735;0,0150375939849624;34;41,23529411764706;0,5007132667617689
usa;KO;priority;30;30;NVDA,AAPL,MSFT,AVGO,ORCL,AMD,CSCO,QCOM,TXN,IBM,ACN,ADI,GOOGL,META,NFLX,DIS,VZ,AMZN,TSLA,HD,MCD,LOW,WMT,COST,PG,PEP,PM,BRK-B,JPM,V;TMUS,CMCSA,BKNG,SBUX;;252;21;0,8;60;3,0;0,5;5,0;252,0;0,5195225029811221;0,0477367770613386;0,0902796870631199;0,5287654245850784;-0,1092162082704626;0,015922158337019;36;27,72222222222222;0,5170340681362725
usa;KO;priority;30;30;NVDA,AAPL,MSFT,AVGO,ORCL,AMD,CSCO,QCOM,TXN,IBM,ACN,ADI,GOOGL,META,NFLX,DIS,VZ,AMZN,TSLA,HD,MCD,LOW,WMT,COST,PG,PEP,PM,BRK-B,JPM,V;TMUS,CMCSA,BKNG,SBUX;;252;21;0,8;60;3,0;0,75;5,0;252,0;0,2926687481719487;0,0290247570150503;0,0748606912497408;0,3877169250043604;-0,1132186297235279;0,015922158337019;36;20,444444444444443;0,5163043478260869
usa;KO;priority;30;30;NVDA,AAPL,MSFT,AVGO,ORCL,AMD,CSCO,QCOM,TXN,IBM,ACN,ADI,GOOGL,META,NFLX,DIS,VZ,AMZN,TSLA,HD,MCD,LOW,WMT,COST,PG,PEP,PM,BRK-B,JPM,V;TMUS,CMCSA,BKNG,SBUX;;252;21;0,8;60;3,0;1,0;5,0;252,0;0,2550851128825966;0,0256463286201453;0,0694530938658857;0,3692611400388952;-0,1224338294990632;0,015922158337019;36;16,72222222222222;0,5116279069767442
usa;KO;priority;30;30;NVDA,AAPL,MSFT,AVGO,ORCL,AMD,CSCO,QCOM,TXN,IBM,ACN,ADI,GOOGL,META,NFLX,DIS,VZ,AMZN,TSLA,HD,MCD,LOW,WMT,COST,PG,PEP,PM,BRK-B,JPM,V;TMUS,CMCSA,BKNG,SBUX;;252;63;0,8;60;1,0;0,25;5,0;252,0;1,2312670613445018;0,0935731817151825;0,1795728511991361;0,5210875758241162;-0,2375472130984924;0,0530738611233967;109;28,783333333333335;0,5147654892877823
usa;KO;priority;30;30;NVDA,AAPL,MSFT,AVGO,ORCL,AMD,CSCO,QCOM,TXN,IBM,ACN,ADI,GOOGL,META,NFLX,DIS,VZ,AMZN,TSLA,HD,MCD,LOW,WMT,COST,PG,PEP,PM,BRK-B,JPM,V;TMUS,CMCSA,BKNG,SBUX;;252;63;0,8;60;1,0;0,5;5,0;252,0;1,6470308368477538;0,1145990029590315;0,1755439977473494;0,6528221097252634;-0,238653135755184;0,063688633348076;134;21,569444444444443;0,5189954925949775
usa;KO;priority;30;30;NVDA,AAPL,MSFT,AVGO,ORCL,AMD,CSCO,QCOM,TXN,IBM,ACN,ADI,GOOGL,META,NFLX,DIS,VZ,AMZN,TSLA,HD,MCD,LOW,WMT,COST,PG,PEP,PM,BRK-B,JPM,V;TMUS,CMCSA,BKNG,SBUX;;252;63;0,8;60;1,0;0,75;5,0;252,0;1,01942568582251;0,0814817770548423;0,1669690225795766;0,4880053545022614;-0,2444490384763531;0,0787262273330384;170;15,314606741573034;0,5223771093176816
usa;KO;priority;30;30;NVDA,AAPL,MSFT,AVGO,ORCL,AMD,CSCO,QCOM,TXN,IBM,ACN,ADI,GOOGL,META,NFLX,DIS,VZ,AMZN,TSLA,HD,MCD,LOW,WMT,COST,PG,PEP,PM,BRK-B,JPM,V;TMUS,CMCSA,BKNG,SBUX;;252;63;0,8;60;1,5;0,25;5,0;252,0;1,0775164240326711;0,0849056048181922;0,1751629570708362;0,4847235182485314;-0,2061812509507261;0,0415745245466607;84;34,191489361702125;0,5158680771624145
usa;KO;priority;30;30;NVDA,AAPL,MSFT,AVGO,ORCL,AMD,CSCO,QCOM,TXN,IBM,ACN,ADI,GOOGL,META,NFLX,DIS,VZ,AMZN,TSLA,HD,MCD,LOW,WMT,COST,PG,PEP,PM,BRK-B,JPM,V;TMUS,CMCSA,BKNG,SBUX;;252;63;0,8;60;1,5;0,5;5,0;252,0;0,6725982771013741;0,0590053155707632;0,1595413006523367;0,3698435159391377;-0,3418631082838037;0,0433436532507739;91;28,285714285714285;0,5187590187590188
usa;KO;priority;30;30;NVDA,AAPL,MSFT,AVGO,ORCL,AMD,CSCO,QCOM,TXN,IBM,ACN,ADI,GOOGL,META,NFLX,DIS,VZ,AMZN,TSLA,HD,MCD,LOW,WMT,COST,PG,PEP,PM,BRK-B,JPM,V;TMUS,CMCSA,BKNG,SBUX;;252;63;0,8;60;1,5;0,75;5,0;252,0;0,0271820874096864;0,0029936105025736;0,1275725820763569;0,0234659395761217;-0,3510763599857537;0,0459973463069438;100;22,5;0,5170940170940171
usa;KO;priority;30;30;NVDA,AAPL,MSFT,AVGO,ORCL,AMD,CSCO,QCOM,TXN,IBM,ACN,ADI,GOOGL,META,NFLX,DIS,VZ,AMZN,TSLA,HD,MCD,LOW,WMT,COST,PG,PEP,PM,BRK-B,JPM,V;TMUS,CMCSA,BKNG,SBUX;;252;63;0,8;60;1,5;1,0;5,0;252,0;-0,0665704152259092;-0,007648713155652;0,1214140136280956;-0,0629969550226789;-0,2939099267314915;0,0513047324192835;114;17,53448275862069;0,5152409046214356
usa;KO;priority;30;30;NVDA,AAPL,MSFT,AVGO,ORCL,AMD,CSCO,QCOM,TXN,IBM,ACN,ADI,GOOGL,META,NFLX,DIS,VZ,AMZN,TSLA,HD,MCD,LOW,WMT,COST,PG,PEP,PM,BRK-B,JPM,V;TMUS,CMCSA,BKNG,SBUX;;252;63;0,8;60;2,0;0,25;5,0;252,0;0,5887354662246134;0,0529511586624276;0,1611717903516133;0,3285386266846639;-0,198163109416296;0,031844316674038;68;40,80555555555556;0,5125936010891763
usa;KO;priority;30;30;NVDA,AAPL,MSFT,AVGO,ORCL,AMD,CSCO,QCOM,TXN,IBM,ACN,ADI,GOOGL,META,NFLX,DIS,VZ,AMZN,TSLA,HD,MCD,LOW,WMT,COST,PG,PEP,PM,BRK-B,JPM,V;TMUS,CMCSA,BKNG,SBUX;;252;63;0,8;60;2,0;0,5;5,0;252,0;0,3255318230071153;0,031908068906171;0,143406190322591;0,222501335781908;-0,2302680253088181;0,0327288810260946;72;32,91891891891892;0,5139573070607554
usa;KO;priority;30;30;NVDA,AAPL,MSFT,AVGO,ORCL,AMD,CSCO,QCOM,TXN,IBM,ACN,ADI,GOOGL,META,NFLX,DIS,VZ,AMZN,TSLA,HD,MCD,LOW,WMT,COST,PG,PEP,PM,BRK-B,JPM,V;TMUS,CMCSA,BKNG,SBUX;;252;63;0,8;60;2,0;0,75;5,0;252,0;-0,07718712602877;-0,0089130960498577;0,1123994613506958;-0,0792983875789954;-0,3005286955704229;0,0336134453781512;75;26,473684210526315;0,5099403578528827
usa;KO;priority;30;30;NVDA,AAPL,MSFT,AVGO,ORCL,AMD,CSCO,QCOM,TXN,IBM,ACN,ADI,GOOGL,META,NFLX,DIS,VZ,AMZN,TSLA,HD,MCD,LOW,WMT,COST,PG,PEP,PM,BRK-B,JPM,V;TMUS,CMCSA,BKNG,SBUX;;252;63;0,8;60;2,0;1,0;5,0;252,0;-0,169825959912547;-0,020530338082588;0,1056140605408041;-0,1943901974553488;-0,2660959380646792;0,0344980097302078;78;21,923076923076923;0,5111111111111111
usa;KO;priority;30;30;NVDA,AAPL,MSFT,AVGO,ORCL,AMD,CSCO,QCOM,TXN,IBM,ACN,ADI,GOOGL,META,NFLX,DIS,VZ,AMZN,TSLA,HD,MCD,LOW,WMT,COST,PG,PEP,PM,BRK-B,JPM,V;TMUS,CMCSA,BKNG,SBUX;;252;63;0,8;60;2,5;0,25;5,0;252,0;0,4489358157918743;0,0421968356465951;0,1580405075629022;0,2670001273553253;-0,181401555907859;0,0256523662096417;54;44,96551724137931;0,5061349693251533
usa;KO;priority;30;30;NVDA,AAPL,MSFT,AVGO,ORCL,AMD,CSCO,QCOM,TXN,IBM,ACN,ADI,GOOGL,META,NFLX,DIS,VZ,AMZN,TSLA,HD,MCD,LOW,WMT,COST,PG,PEP,PM,BRK-B,JPM,V;TMUS,CMCSA,BKNG,SBUX;;252;63;0,8;60;2,5;0,5;5,0;252,0;0,2780907993592751;0,0277248240508718;0,1401097265178827;0,1978793674066106;-0,2119630002024033;0,0265369305616983;58;35,7;0,5098039215686274
usa;KO;priority;30;30;NVDA,AAPL,MSFT,AVGO,ORCL,AMD,CSCO,QCOM,TXN,IBM,ACN,ADI,GOOGL,META,NFLX,DIS,VZ,AMZN,TSLA,HD,MCD,LOW,WMT,COST,PG,PEP,PM,BRK-B,JPM,V;TMUS,CMCSA,BKNG,SBUX;;252;63;0,8;60;2,5;0,75;5,0;252,0;-0,1013549069297693;-0,0118402306587527;0,1084325937114571;-0,1091943875312987;-0,3016239069081909;0,0265369305616983;59;28,8;0,5057870370370371
usa;KO;priority;30;30;NVDA,AAPL,MSFT,AVGO,ORCL,AMD,CSCO,QCOM,TXN,IBM,ACN,ADI,GOOGL,META,NFLX,DIS,VZ,AMZN,TSLA,HD,MCD,LOW,WMT,COST,PG,PEP,PM,BRK-B,JPM,V;TMUS,CMCSA,BKNG,SBUX;;252;63;0,8;60;2,5;1,0;5,0;252,0;-0,1591873065174944;-0,0191392689787126;0,101793321294572;-0,1880208714609768;-0,2374443443171228;0,0274214949137549;62;23,741935483870968;0,5095108695652174
usa;KO;priority;30;30;NVDA,AAPL,MSFT,AVGO,ORCL,AMD,CSCO,QCOM,TXN,IBM,ACN,ADI,GOOGL,META,NFLX,DIS,VZ,AMZN,TSLA,HD,MCD,LOW,WMT,COST,PG,PEP,PM,BRK-B,JPM,V;TMUS,CMCSA,BKNG,SBUX;;252;63;0,8;60;3,0;0,25;5,0;252,0;0,6088084199554482;0,0544256512000351;0,1499076645995594;0,363061163986642;-0,1852098107098162;0,0212295444493586;44;42,625;0,5180840664711632
usa;KO;priority;30;30;NVDA,AAPL,MSFT,AVGO,ORCL,AMD,CSCO,QCOM,TXN,IBM,ACN,ADI,GOOGL,META,NFLX,DIS,VZ,AMZN,TSLA,HD,MCD,LOW,WMT,COST,PG,PEP,PM,BRK-B,JPM,V;TMUS,CMCSA,BKNG,SBUX;;252;63;0,8;60;3,0;0,5;5,0;252,0;0,3423611102692514;0,0333601118084596;0,1319859454984261;0,2527550314730856;-0,2027972342157784;0,0212295444493586;46;34,833333333333336;0,5167464114832536
usa;KO;priority;30;30;NVDA,AAPL,MSFT,AVGO,ORCL,AMD,CSCO,QCOM,TXN,IBM,ACN,ADI,GOOGL,META,NFLX,DIS,VZ,AMZN,TSLA,HD,MCD,LOW,WMT,COST,PG,PEP,PM,BRK-B,JPM,V;TMUS,CMCSA,BKNG,SBUX;;252;63;0,8;60;3,0;0,75;5,0;252,0;0,0001376951759484;1,5345892007578854e-05;0,0992319336301067;0,0001546467094431;-0,2780718802275602;0,0212295444493586;47;28,5;0,52046783625731
usa;KO;priority;30;30;NVDA,AAPL,MSFT,AVGO,ORCL,AMD,CSCO,QCOM,TXN,IBM,ACN,ADI,GOOGL,META,NFLX,DIS,VZ,AMZN,TSLA,HD,MCD,LOW,WMT,COST,PG,PEP,PM,BRK-B,JPM,V;TMUS,CMCSA,BKNG,SBUX;;252;63;0,8;60;3,0;1,0;5,0;252,0;-0,0871584923724964;-0,0101124485077006;0,0920072592888387;-0,1099092461384444;-0,2422260536295384;0,0212295444493586;48;23,041666666666668;0,5244122965641953
usa;CAT;priority;30;30;NVDA,AAPL,MSFT,AVGO,ORCL,AMD,CSCO,QCOM,TXN,IBM,ACN,ADI,GOOGL,META,NFLX,DIS,VZ,AMZN,TSLA,HD,MCD,LOW,WMT,COST,PG,KO,PEP,PM,BRK-B,JPM;TMUS,CMCSA,BKNG,SBUX;;252;5;0,8;60;1,0;0,25;5,0;252,0;4,505023692433959;0,2093761399417633;0,2493516752534457;0,8396821065226429;-0,2435927426189625;0,0676691729323308;144;20,532467532467532;0,5173940543959519
usa;CAT;priority;30;30;NVDA,AAPL,MSFT,AVGO,ORCL,AMD,CSCO,QCOM,TXN,IBM,ACN,ADI,GOOGL,META,NFLX,DIS,VZ,AMZN,TSLA,HD,MCD,LOW,WMT,COST,PG,KO,PEP,PM,BRK-B,JPM;TMUS,CMCSA,BKNG,SBUX;;252;5;0,8;60;1,0;0,5;5,0;252,0;3,2176362794147524;0,1739974321239099;0,2402449334761802;0,7242501625582101;-0,2624625176212202;0,0773993808049535;169;16,352272727272727;0,51772063933287
usa;CAT;priority;30;30;NVDA,AAPL,MSFT,AVGO,ORCL,AMD,CSCO,QCOM,TXN,IBM,ACN,ADI,GOOGL,META,NFLX,DIS,VZ,AMZN,TSLA,HD,MCD,LOW,WMT,COST,PG,KO,PEP,PM,BRK-B,JPM;TMUS,CMCSA,BKNG,SBUX;;252;5;0,8;60;1,0;0,75;5,0;252,0;1,2947269768071985;0,0969966846783243;0,2292826051023904;0,4230442367619151;-0,3342562880937679;0,0924369747899159;208;12,228571428571428;0,5101246105919003
usa;CAT;priority;30;30;NVDA,AAPL,MSFT,AVGO,ORCL,AMD,CSCO,QCOM,TXN,IBM,ACN,ADI,GOOGL,META,NFLX,DIS,VZ,AMZN,TSLA,HD,MCD,LOW,WMT,COST,PG,KO,PEP,PM,BRK-B,JPM;TMUS,CMCSA,BKNG,SBUX;;252;5;0,8;60;1,5;0,25;5,0;252,0;2,430223145589697;0,1472667658936466;0,2247405464181517;0,6552745743513608;-0,3097072475672325;0,0464396284829721;101;23,641509433962263;0,5211492418196328
usa;CAT;priority;30;30;NVDA,AAPL,MSFT,AVGO,ORCL,AMD,CSCO,QCOM,TXN,IBM,ACN,ADI,GOOGL,META,NFLX,DIS,VZ,AMZN,TSLA,HD,MCD,LOW,WMT,COST,PG,KO,PEP,PM,BRK-B,JPM;TMUS,CMCSA,BKNG,SBUX;;252;5;0,8;60;1,5;0,5;5,0;252,0;2,0452524211295784;0,1321456102816087;0,2178396455817891;0,6066187352108683;-0,3019760108235214;0,0482087571870853;105;20,454545454545453;0,5235555555555556
usa;CAT;priority;30;30;NVDA,AAPL,MSFT,AVGO,ORCL,AMD,CSCO,QCOM,TXN,IBM,ACN,ADI,GOOGL,META,NFLX,DIS,VZ,AMZN,TSLA,HD,MCD,LOW,WMT,COST,PG,KO,PEP,PM,BRK-B,JPM;TMUS,CMCSA,BKNG,SBUX;;252;5;0,8;60;1,5;0,75;5,0;252,0;1,2414885827644315;0,094130405408717;0,2106967267449436;0,4467577966821739;-0,3320463065311676;0,0526315789473684;118;16,683333333333334;0,5174825174825175
usa;CAT;priority;30;30;NVDA,AAPL,MSFT,AVGO,ORCL,AMD,CSCO,QCOM,TXN,IBM,ACN,ADI,GOOGL,META,NFLX,DIS,VZ,AMZN,TSLA,HD,MCD,LOW,WMT,COST,PG,KO,PEP,PM,BRK-B,JPM;TMUS,CMCSA,BKNG,SBUX;;252;5;0,8;60;1,5;1,0;5,0;252,0;0,6793983226618416;0,0594843151837483;0,2010799560676276;0,2958241902725621;-0,4243842987112637;0,057938965059708;130;12,93939393939394;0,5199063231850117
usa;CAT;priority;30;30;NVDA,AAPL,MSFT,AVGO,ORCL,AMD,CSCO,QCOM,TXN,IBM,ACN,ADI,GOOGL,META,NFLX,DIS,VZ,AMZN,TSLA,HD,MCD,LOW,WMT,COST,PG,KO,PEP,PM,BRK-B,JPM;TMUS,CMCSA,BKNG,SBUX;;252;5;0,8;60;2,0;0,25;5,0;252,0;2,745402317045912;0,1585621462027946;0,208296807045559;0,7612317656319793;-0,1999007676676736;0,0349402919062361;77;25,775;0,5257032007759457
usa;CAT;priority;30;30;NVDA,AAPL,MSFT,AVGO,ORCL,AMD,CSCO,QCOM,TXN,IBM,ACN,ADI,GOOGL,META,NFLX,DIS,VZ,AMZN,TSLA,HD,MCD,LOW,WMT,COST,PG,KO,PEP,PM,BRK-B,JPM;TMUS,CMCSA,BKNG,SBUX;;252;5;0,8;60;2,0;0,5;5,0;252,0;1,9414466129466024;0,1277777282220904;0,2001139758159225;0,6385247592083646;-0,2340969865549247;0,0349402919062361;77;23,0;0,5260869565217391
usa;CAT;priority;30;30;NVDA,AAPL,MSFT,AVGO,ORCL,AMD,CSCO,QCOM,TXN,IBM,ACN,ADI,GOOGL,META,NFLX,DIS,VZ,AMZN,TSLA,HD,MCD,LOW,WMT,COST,PG,KO,PEP,PM,BRK-B,JPM;TMUS,CMCSA,BKNG,SBUX;;252;5;0,8;60;2,0;0,75;5,0;252,0;1,5083189258626182;0,1079323625507342;0,1924448909230153;0,560848157792409;-0,2489951250245671;0,037593984962406;84;18,6046511627907;0,52125
usa;CAT;priority;30;30;NVDA,AAPL,MSFT,AVGO,ORCL,AMD,CSCO,QCOM,TXN,IBM,ACN,ADI,GOOGL,META,NFLX,DIS,VZ,AMZN,TSLA,HD,MCD,LOW,WMT,COST,PG,KO,PEP,PM,BRK-B,JPM;TMUS,CMCSA,BKNG,SBUX;;252;5;0,8;60;2,0;1,0;5,0;252,0;0,9643225383785938;0,0781521775078846;0,1831398832243397;0,4267348877368838;-0,3095878121972767;0,0384785493144626;86;15,431818181818182;0,5213549337260678
usa;CAT;priority;30;30;NVDA,AAPL,MSFT,AVGO,ORCL,AMD,CSCO,QCOM,TXN,IBM,ACN,ADI,GOOGL,META,NFLX,DIS,VZ,AMZN,TSLA,HD,MCD,LOW,WMT,COST,PG,KO,PEP,PM,BRK-B,JPM;TMUS,CMCSA,BKNG,SBUX;;252;5;0,8;60;2,5;0,25;5,0;252,0;2,170577501291355;0,1372460359999321;0,1918466558103047;0,715394466587101;-0,184197277574486;0,0247678018575851;54;28,25;0,5246523388116309
usa;CAT;priority;30;30;NVDA,AAPL,MSFT,AVGO,ORCL,AMD,CSCO,QCOM,TXN,IBM,ACN,ADI,GOOGL,META,NFLX,DIS,VZ,AMZN,TSLA,HD,MCD,LOW,WMT,COST,PG,KO,PEP,PM,BRK-B,JPM;TMUS,CMCSA,BKNG,SBUX;;252;5;0,8;60;2,5;0,5;5,0;252,0;1,6559916033180913;0,1150189093896973;0,1861212960753134;0,6179782314816642;-0,2283808126849149;0,0247678018575851;54;25,892857142857142;0,5227586206896552
usa;CAT;priority;30;30;NVDA,AAPL,MSFT,AVGO,ORCL,AMD,CSCO,QCOM,TXN,IBM,ACN,ADI,GOOGL,META,NFLX,DIS,VZ,AMZN,TSLA,HD,MCD,LOW,WMT,COST,PG,KO,PEP,PM,BRK-B,JPM;TMUS,CMCSA,BKNG,SBUX;;252;5;0,8;60;2,5;0,75;5,0;252,0;1,0910672836537207;0,0856920331205641;0,1765164026973675;0,4854621542876148;-0,2957012297972177;0,0256523662096417;57;20,620689655172413;0,5183946488294314
usa;CAT;priority;30;30;NVDA,AAPL,MSFT,AVGO,ORCL,AMD,CSCO,QCOM,TXN,IBM,ACN,ADI,GOOGL,META,NFLX,DIS,VZ,AMZN,TSLA,HD,MCD,LOW,WMT,COST,PG,KO,PEP,PM,BRK-B,JPM;TMUS,CMCSA,BKNG,SBUX;;252;5;0,8;60;2,5;1,0;5,0;252,0;0,8111000436139952;0,0684372053676012;0,1700578994787634;0,4024347329783851;-0,3012588897138231;0,0256523662096417;57;17,79310344827586;0,5193798449612403
usa;CAT;priority;30;30;NVDA,AAPL,MSFT,AVGO,ORCL,AMD,CSCO,QCOM,TXN,IBM,ACN,ADI,GOOGL,META,NFLX,DIS,VZ,AMZN,TSLA,HD,MCD,LOW,WMT,COST,PG,KO,PEP,PM,BRK-B,JPM;TMUS,CMCSA,BKNG,SBUX;;252;5;0,8;60;3,0;0,25;5,0;252,0;0,9431622600444158;0,0768514801396536;0,1456342310035313;0,5277020355042085;-0,2180232398431298;0,0114993365767359;26;28,923076923076923;0,5398936170212766
usa;CAT;priority;30;30;NVDA,AAPL,MSFT,AVGO,ORCL,AMD,CSCO,QCOM,TXN,IBM,ACN,ADI,GOOGL,META,NFLX,DIS,VZ,AMZN,TSLA,HD,MCD,LOW,WMT,COST,PG,KO,PEP,PM,BRK-B,JPM;TMUS,CMCSA,BKNG,SBUX;;252;5;0,8;60;3,0;0,5;5,0;252,0;0,7985895952716733;0,0676120875272261;0,1393470691112491;0,4852063840197984;-0,201874274765765;0,0114993365767359;26;25,0;0,5476923076923077
usa;CAT;priority;30;30;NVDA,AAPL,MSFT,AVGO,ORCL,AMD,CSCO,QCOM,TXN,IBM,ACN,ADI,GOOGL,META,NFLX,DIS,VZ,AMZN,TSLA,HD,MCD,LOW,WMT,COST,PG,KO,PEP,PM,BRK-B,JPM;TMUS,CMCSA,BKNG,SBUX;;252;5;0,8;60;3,0;0,75;5,0;252,0;0,5588296402587742;0,0507233775648565;0,1348060774941619;0,3762692195168519;-0,2018742747657652;0,0114993365767359;26;21,615384615384617;0,5373665480427047
usa;CAT;priority;30;30;NVDA,AAPL,MSFT,AVGO,ORCL,AMD,CSCO,QCOM,TXN,IBM,ACN,ADI,GOOGL,META,NFLX,DIS,VZ,AMZN,TSLA,HD,MCD,LOW,WMT,COST,PG,KO,PEP,PM,BRK-B,JPM;TMUS,CMCSA,BKNG,SBUX;;252;5;0,8;60;3,0;1,0;5,0;252,0;0,3927648566469635;0,0376142220381925;0,1312675214048753;0,2865462959582897;-0,201874274765765;0,0114993365767359;26;19,076923076923077;0,532258064516129
usa;CAT;priority;30;30;NVDA,AAPL,MSFT,AVGO,ORCL,AMD,CSCO,QCOM,TXN,IBM,ACN,ADI,GOOGL,META,NFLX,DIS,VZ,AMZN,TSLA,HD,MCD,LOW,WMT,COST,PG,KO,PEP,PM,BRK-B,JPM;TMUS,CMCSA,BKNG,SBUX;;252;10;0,8;60;1,0;0,25;5,0;252,0;5,96230013662104;0,2414496148884692;0,2708296482400212;0,891518400801104;-0,3137689978459904;0,0685537372843874;142;20,96153846153846;0,5162079510703363
usa;CAT;priority;30;30;NVDA,AAPL,MSFT,AVGO,ORCL,AMD,CSCO,QCOM,TXN,IBM,ACN,ADI,GOOGL,META,NFLX,DIS,VZ,AMZN,TSLA,HD,MCD,LOW,WMT,COST,PG,KO,PEP,PM,BRK-B,JPM;TMUS,CMCSA,BKNG,SBUX;;252;10;0,8;60;1,0;0,5;5,0;252,0;4,627101074723612;0,2123361750721859;0,2594761704705181;0,8183263021307451;-0,292418755704931;0,0782839451570101;170;16,55056179775281;0,5118805159538357
usa;CAT;priority;30;30;NVDA,AAPL,MSFT,AVGO,ORCL,AMD,CSCO,QCOM,TXN,IBM,ACN,ADI,GOOGL,META,NFLX,DIS,VZ,AMZN,TSLA,HD,MCD,LOW,WMT,COST,PG,KO,PEP,PM,BRK-B,JPM;TMUS,CMCSA,BKNG,SBUX;;252;10;0,8;60;1,0;0,75;5,0;252,0;2,4082665278323447;0,1464459500695771;0,2475400844371929;0,5916049936014873;-0,3261632711665807;0,0942061034940291;209;12,429906542056075;0,5075187969924813
usa;CAT;priority;30;30;NVDA,AAPL,MSFT,AVGO,ORCL,AMD,CSCO,QCOM,TXN,IBM,ACN,ADI,GOOGL,META,NFLX,DIS,VZ,AMZN,TSLA,HD,MCD,LOW,WMT,COST,PG,KO,PEP,PM,BRK-B,JPM;TMUS,CMCSA,BKNG,SBUX;;252;10;0,8;60;1,5;0,25;5,0;252,0;2,0603247723943956;0,1327687808320268;0,2515757925336375;0,527748633900357;-0,3882567209714718;0,0446704997788589;95;25,37254901960784;0,5123647604327666
usa;CAT;priority;30;30;NVDA,AAPL,MSFT,AVGO,ORCL,AMD,CSCO,QCOM,TXN,IBM,ACN,ADI,GOOGL,META,NFLX,DIS,VZ,AMZN,TSLA,HD,MCD,LOW,WMT,COST,PG,KO,PEP,PM,BRK-B,JPM;TMUS,CMCSA,BKNG,SBUX;;252;10;0,8;60;1,5;0,5;5,0;252,0;2,690961290885434;0,1566729875531407;0,2378823944101764;0,6586153125859001;-0,3075025252664523;0,0482087571870853;104;20,472727272727273;0,5106571936056838
usa;CAT;priority;30;30;NVDA,AAPL,MSFT,AVGO,ORCL,AMD,CSCO,QCOM,TXN,IBM,ACN,ADI,GOOGL,META,NFLX,DIS,VZ,AMZN,TSLA,HD,MCD,LOW,WMT,COST,PG,KO,PEP,PM,BRK-B,JPM;TMUS,CMCSA,BKNG,SBUX;;252;10;0,8;60;1,5;0,75;5,0;252,0;1,4028468283208215;0,102640315227777;0,2295747289334153;0,4470889095878941;-0,334347891203005;0,0508624502432552;112;17,96551724137931;0,5038387715930902
usa;CAT;priority;30;30;NVDA,AAPL,MSFT,AVGO,ORCL,AMD,CSCO,QCOM,TXN,IBM,ACN,ADI,GOOGL,META,NFLX,DIS,VZ,AMZN,TSLA,HD,MCD,LOW,WMT,COST,PG,KO,PEP,PM,BRK-B,JPM;TMUS,CMCSA,BKNG,SBUX;;252;10;0,8;60;1,5;1,0;5,0;252,0;0,9102311817765608;0,0748019922985849;0,2198844561660999;0,3401877222375365;-0,3702219601631213;0,0570544007076514;127;13,384615384615383;0,4977011494252873
usa;CAT;priority;30;30;NVDA,AAPL,MSFT,AVGO,ORCL,AMD,CSCO,QCOM,TXN,IBM,ACN,ADI,GOOGL,META,NFLX,DIS,VZ,AMZN,TSLA,HD,MCD,LOW,WMT,COST,PG,KO,PEP,PM,BRK-B,JPM;TMUS,CMCSA,BKNG,SBUX;;252;10;0,8;60;2,0;0,25;5,0;252,0;2,050113531248168;0,1323468930657989;0,2231931415450812;0,5929702505624129;-0,2463478166879082;0,0322865988500663;69;28,594594594594593;0,5141776937618148
usa;CAT;priority;30;30;NVDA,AAPL,MSFT,AVGO,ORCL,AMD,CSCO,QCOM,TXN,IBM,ACN,ADI,GOOGL,META,NFLX,DIS,VZ,AMZN,TSLA,HD,MCD,LOW,WMT,COST,PG,KO,PEP,PM,BRK-B,JPM;TMUS,CMCSA,BKNG,SBUX;;252;10;0,8;60;2,0;0,5;5,0;252,0;1,9038886965372517;0,1261635906451339;0,2074637990697354;0,6081233989295943;-0,3192737304553918;0,0340557275541795;75;23,871794871794872;0,5112781954887218
usa;CAT;priority;30;30;NVDA,AAPL,MSFT,AVGO,ORCL,AMD,CSCO,QCOM,TXN,IBM,ACN,ADI,GOOGL,META,NFLX,DIS,VZ,AMZN,TSLA,HD,MCD,LOW,WMT,COST,PG,KO,PEP,PM,BRK-B,JPM;TMUS,CMCSA,BKNG,SBUX;;252;10;0,8;60;2,0;0,75;5,0;252,0;1,1005209033645662;0,0862379996972566;0,2003082031717405;0,4305265502447636;-0,3787642764934368;0,0349402919062361;78;21,3;0,5035211267605634
usa;CAT;priority;30;30;NVDA,AAPL,MSFT,AVGO,ORCL,AMD,CSCO,QCOM,TXN,IBM,ACN,ADI,GOOGL,META,NFLX,DIS,VZ,AMZN,TSLA,HD,MCD,LOW,WMT,COST,PG,KO,PEP,PM,BRK-B,JPM;TMUS,CMCSA,BKNG,SBUX;;252;10;0,8;60;2,0;1,0;5,0;252,0;0,7675861459046633;0,0655450854461479;0,1893592593860794;0,3461414332663279;-0,3878598790639174;0,037593984962406;85;15,906976744186046;0,5014619883040936
usa;CAT;priority;30;30;NVDA,AAPL,MSFT,AVGO,ORCL,AMD,CSCO,QCOM,TXN,IBM,ACN,ADI,GOOGL,META,NFLX,DIS,VZ,AMZN,TSLA,HD,MCD,LOW,WMT,COST,PG,KO,PEP,PM,BRK-B,JPM;TMUS,CMCSA,BKNG,SBUX;;252;10;0,8;60;2,5;0,25;5,0;252,0;2,4361276306200095;0,1474866997849608;0,2007144236189505;0,73480867555866;-0,200997637473677;0,0225563909774436;49;29,53846153846154;0,5169270833333334
usa;CAT;priority;30;30;NVDA,AAPL,MSFT,AVGO,ORCL,AMD,CSCO,QCOM,TXN,IBM,ACN,ADI,GOOGL,META,NFLX,DIS,VZ,AMZN,TSLA,HD,MCD,LOW,WMT,COST,PG,KO,PEP,PM,BRK-B,JPM;TMUS,CMCSA,BKNG,SBUX;;252;10;0,8;60;2,5;0,5;5,0;252,0;1,535733452555522;0,1092754731330858;0,1886925384679014;0,5791192064103515;-0,2843596396294811;0,0234409553295002;53;24,666666666666668;0,5045045045045045
usa;CAT;priority;30;30;NVDA,AAPL,MSFT,AVGO,ORCL,AMD,CSCO,QCOM,TXN,IBM,ACN,ADI,GOOGL,META,NFLX,DIS,VZ,AMZN,TSLA,HD,MCD,LOW,WMT,COST,PG,KO,PEP,PM,BRK-B,JPM;TMUS,CMCSA,BKNG,SBUX;;252;10;0,8;60;2,5;0,75;5,0;252,0;1,2888076759498277;0,0966809350001987;0,1825952999415568;0,5294820569376281;-0,3090056597941288;0,0243255196815568;55;21,785714285714285;0,5016393442622951
usa;CAT;priority;30;30;NVDA,AAPL,MSFT,AVGO,ORCL,AMD,CSCO,QCOM,TXN,IBM,ACN,ADI,GOOGL,META,NFLX,DIS,VZ,AMZN,TSLA,HD,MCD,LOW,WMT,COST,PG,KO,PEP,PM,BRK-B,JPM;TMUS,CMCSA,BKNG,SBUX;;252;10;0,8;60;2,5;1,0;5,0;252,0;0,7094822083496111;0,0615829813650423;0,1708221264397295;0,3605093944710402;-0,3161319099191978;0,0243255196815568;55;17,357142857142858;0,4897119341563786
usa;CAT;priority;30;30;NVDA,AAPL,MSFT,AVGO,ORCL,AMD,CSCO,QCOM,TXN,IBM,ACN,ADI,GOOGL,META,NFLX,DIS,VZ,AMZN,TSLA,HD,MCD,LOW,WMT,COST,PG,KO,PEP,PM,BRK-B,JPM;TMUS,CMCSA,BKNG,SBUX;;252;10;0,8;60;3,0;0,25;5,0;252,0;1,6592854477836778;0,1151729443993436;0,1553234362813489;0,7415039684721005;-0,1559553928470828;0,0132684652808491;30;31,6;0,5358649789029536
usa;CAT;priority;30;30;NVDA,AAPL,MSFT,AVGO,ORCL,AMD,CSCO,QCOM,TXN,IBM,ACN,ADI,GOOGL,META,NFLX,DIS,VZ,AMZN,TSLA,HD,MCD,LOW,WMT,COST,PG,KO,PEP,PM,BRK-B,JPM;TMUS,CMCSA,BKNG,SBUX;;252;10;0,8;60;3,0;0,5;5,0;252,0;1,182837042047575;0,0909017976283719;0,1437284170581939;0,6324552895588272;-0,1593544235318592;0,0132684652808491;30;25,133333333333333;0,5305039787798409
usa;CAT;priority;30;30;NVDA,AAPL,MSFT,AVGO,ORCL,AMD,CSCO,QCOM,TXN,IBM,ACN,ADI,GOOGL,META,NFLX,DIS,VZ,AMZN,TSLA,HD,MCD,LOW,WMT,COST,PG,KO,PEP,PM,BRK-B,JPM;TMUS,CMCSA,BKNG,SBUX;;252;10;0,8;60;3,0;0,75;5,0;252,0;0,969729520688686;0,0784825407252043;0,1371086372808091;0,5724113541035786;-0,1417369455171694;0,0132684652808491;30;21,866666666666667;0,5274390243902439
usa;CAT;priority;30;30;NVDA,AAPL,MSFT,AVGO,ORCL,AMD,CSCO,QCOM,TXN,IBM,ACN,ADI,GOOGL,META,NFLX,DIS,VZ,AMZN,TSLA,HD,MCD,LOW,WMT,COST,PG,KO,PEP,PM,BRK-B,JPM;TMUS,CMCSA,BKNG,SBUX;;252;10;0,8;60;3,0;1,0;5,0;252,0;0,6754791369450335;0,0592084560676429;0,1282693923877569;0,461594578141108;-0,1486227623714593;0,0132684652808491;30;17,333333333333332;0,5230769230769231
usa;CAT;priority;30;30;NVDA,AAPL,MSFT,AVGO,ORCL,AMD,CSCO,QCOM,TXN,IBM,ACN,ADI,GOOGL,META,NFLX,DIS,VZ,AMZN,TSLA,HD,MCD,LOW,WMT,COST,PG,KO,PEP,PM,BRK-B,JPM;TMUS,CMCSA,BKNG,SBUX;;252;21;0,8;60;1,0;0,25;5,0;252,0;1,297516612637576;0,0971452397020025;0,2767035111034446;0,3510806180760211;-0,4546359809298228;0,0570544007076514;122;24,907692307692308;0,4984558369363804
usa;CAT;priority;30;30;NVDA,AAPL,MSFT,AVGO,ORCL,AMD,CSCO,QCOM,TXN,IBM,ACN,ADI,GOOGL,META,NFLX,DIS,VZ,AMZN,TSLA,HD,MCD,LOW,WMT,COST,PG,KO,PEP,PM,BRK-B,JPM;TMUS,CMCSA,BKNG,SBUX;;252;21;0,8;60;1,0;0,5;5,0;252,0;1,4722580274754369;0,1061456393463287;0,2672075376902542;0,3972404381397812;-0,4369223252834758;0,0659000442282176;144;19,866666666666667;0,5006711409395973
usa;CAT;priority;30;30;NVDA,AAPL,MSFT,AVGO,ORCL,AMD,CSCO,QCOM,TXN,IBM,ACN,ADI,GOOGL,META,NFLX,DIS,VZ,AMZN,TSLA,HD,MCD,LOW,WMT,COST,PG,KO,PEP,PM,BRK-B,JPM;TMUS,CMCSA,BKNG,SBUX;;252;21;0,8;60;1,0;0,75;5,0;252,0;1,422943352364639;0,103664363561861;0,245978855209934;0,4214360761756829;-0,3733067367244242;0,0862450243255196;193;13,36734693877551;0,5038167938931297
usa;CAT;priority;30;30;NVDA,AAPL,MSFT,AVGO,ORCL,AMD,CSCO,QCOM,TXN,IBM,ACN,ADI,GOOGL,META,NFLX,DIS,VZ,AMZN,TSLA,HD,MCD,LOW,WMT,COST,PG,KO,PEP,PM,BRK-B,JPM;TMUS,CMCSA,BKNG,SBUX;;252;21;0,8;60;1,5;0,25;5,0;252,0;1,5088914497314136;0,1079605450843286;0,2578931122525338;0,4186251588550049;-0,4092734937890857;0,0402476780185758;87;29,89130434782609;0,496
usa;CAT;priority;30;30;NVDA,AAPL,MSFT,AVGO,ORCL,AMD,CSCO,QCOM,TXN,IBM,ACN,ADI,GOOGL,META,NFLX,DIS,VZ,AMZN,TSLA,HD,MCD,LOW,WMT,COST,PG,KO,PEP,PM,BRK-B,JPM;TMUS,CMCSA,BKNG,SBUX;;252;21;0,8;60;1,5;0,5;5,0;252,0;2,116289899251375;0,1350590618989136;0,2495751580400935;0,5411558704781697;-0,2805862237204873;0,0464396284829721;101;23,58490566037736;0,5024
usa;CAT;priority;30;30;NVDA,AAPL,MSFT,AVGO,ORCL,AMD,CSCO,QCOM,TXN,IBM,ACN,ADI,GOOGL,META,NFLX,DIS,VZ,AMZN,TSLA,HD,MCD,LOW,WMT,COST,PG,KO,PEP,PM,BRK-B,JPM;TMUS,CMCSA,BKNG,SBUX;;252;21;0,8;60;1,5;0,75;5,0;252,0;1,5466551243787414;0,1098069634188179;0,2264437737567996;0,4849193316162909;-0,3758042675052783;0,0526315789473684;118;17,85;0,5014005602240896
usa;CAT;priority;30;30;NVDA,AAPL,MSFT,AVGO,ORCL,AMD,CSCO,QCOM,TXN,IBM,ACN,ADI,GOOGL,META,NFLX,DIS,VZ,AMZN,TSLA,HD,MCD,LOW,WMT,COST,PG,KO,PEP,PM,BRK-B,JPM;TMUS,CMCSA,BKNG,SBUX;;252;21;0,8;60;1,5;1,0;5,0;252,0;1,1649680772309332;0,0899028367539047;0,2173214623523645;0,41368595526997;-0,4128989365174399;0,0597080937638213;134;13,970588235294118;0,5105263157894737
usa;CAT;priority;30;30;NVDA,AAPL,MSFT,AVGO,ORCL,AMD,CSCO,QCOM,TXN,IBM,ACN,ADI,GOOGL,META,NFLX,DIS,VZ,AMZN,TSLA,HD,MCD,LOW,WMT,COST,PG,KO,PEP,PM,BRK-B,JPM;TMUS,CMCSA,BKNG,SBUX;;252;21;0,8;60;2,0;0,25;5,0;252,0;0,7229766844961594;0,0625137187477939;0,2431159223077474;0,2571354362741458;-0,4356166618973182;0,0305174701459531;67;32,8;0,4825783972125435
usa;CAT;priority;30;30;NVDA,AAPL,MSFT,AVGO,ORCL,AMD,CSCO,QCOM,TXN,IBM,ACN,ADI,GOOGL,META,NFLX,DIS,VZ,AMZN,TSLA,HD,MCD,LOW,WMT,COST,PG,KO,PEP,PM,BRK-B,JPM;TMUS,CMCSA,BKNG,SBUX;;252;21;0,8;60;2,0;0,5;5,0;252,0;0,9955880518449634;0,0800514246838983;0,2328610167352051;0,3437734052966357;-0,3472316414026923;0,0331711632021229;73;25,81578947368421;0,4892966360856269
usa;CAT;priority;30;30;NVDA,AAPL,MSFT,AVGO,ORCL,AMD,CSCO,QCOM,TXN,IBM,ACN,ADI,GOOGL,META,NFLX,DIS,VZ,AMZN,TSLA,HD,MCD,LOW,WMT,COST,PG,KO,PEP,PM,BRK-B,JPM;TMUS,CMCSA,BKNG,SBUX;;252;21;0,8;60;2,0;0,75;5,0;252,0;1,084483125287247;0,0853104868624607;0,210821484411162;0,404657462216142;-0,3129820643314318;0,0358248562582927;80;19,097560975609756;0,491698595146871
usa;CAT;priority;30;30;NVDA,AAPL,MSFT,AVGO,ORCL,AMD,CSCO,QCOM,TXN,IBM,ACN,ADI,GOOGL,META,NFLX,DIS,VZ,AMZN,TSLA,HD,MCD,LOW,WMT,COST,PG,KO,PEP,PM,BRK-B,JPM;TMUS,CMCSA,BKNG,SBUX;;252;21;0,8;60;2,0;1,0;5,0;252,0;0,5594970264957859;0,050773506026023;0,2035077686952792;0,2494917336647149;-0,3572851475634639;0,0358248562582927;80;17,121951219512194;0,4914529914529914
usa;CAT;priority;30;30;NVDA,AAPL,MSFT,AVGO,ORCL,AMD,CSCO,QCOM,TXN,IBM,ACN,ADI,GOOGL,META,NFLX,DIS,VZ,AMZN,TSLA,HD,MCD,LOW,WMT,COST,PG,KO,PEP,PM,BRK-B,JPM;TMUS,CMCSA,BKNG,SBUX;;252;21;0,8;60;2,5;0,25;5,0;252,0;1,7824143329219342;0,120812794857668;0,2337919246220333;0,5167534980217288;-0,2941869671856826;0,0256523662096417;57;33,06896551724138;0,4880083420229406
usa;CAT;priority;30;30;NVDA,AAPL,MSFT,AVGO,ORCL,AMD,CSCO,QCOM,TXN,IBM,ACN,ADI,GOOGL,META,NFLX,DIS,VZ,AMZN,TSLA,HD,MCD,LOW,WMT,COST,PG,KO,PEP,PM,BRK-B,JPM;TMUS,CMCSA,BKNG,SBUX;;252;21;0,8;60;2,5;0,5;5,0;252,0;1,306113118597791;0,0976020191703459;0,2161700705635013;0,451505700654683;-0,2936974109735079;0,0256523662096417;58;28,06896551724138;0,4938574938574938
usa;CAT;priority;30;30;NVDA,AAPL,MSFT,AVGO,ORCL,AMD,CSCO,QCOM,TXN,IBM,ACN,ADI,GOOGL,META,NFLX,DIS,VZ,AMZN,TSLA,HD,MCD,LOW,WMT,COST,PG,KO,PEP,PM,BRK-B,JPM;TMUS,CMCSA,BKNG,SBUX;;252;21;0,8;60;2,5;0,75;5,0;252,0;1,1781089275958427;0,0906381823374224;0,181895964153941;0,4982968300534373;-0,2403340009610383;0,0256523662096417;58;20,655172413793103;0,5075125208681135
usa;CAT;priority;30;30;NVDA,AAPL,MSFT,AVGO,ORCL,AMD,CSCO,QCOM,TXN,IBM,ACN,ADI,GOOGL,META,NFLX,DIS,VZ,AMZN,TSLA,HD,MCD,LOW,WMT,COST,PG,KO,PEP,PM,BRK-B,JPM;TMUS,CMCSA,BKNG,SBUX;;252;21;0,8;60;2,5;1,0;5,0;252,0;0,7302446296015497;0,0630123210359649;0,173825486367436;0,3625033494959893;-0,2837867211777023;0,0256523662096417;58;18,275862068965516;0,5132075471698113
usa;CAT;priority;30;30;NVDA,AAPL,MSFT,AVGO,ORCL,AMD,CSCO,QCOM,TXN,IBM,ACN,ADI,GOOGL,META,NFLX,DIS,VZ,AMZN,TSLA,HD,MCD,LOW,WMT,COST,PG,KO,PEP,PM,BRK-B,JPM;TMUS,CMCSA,BKNG,SBUX;;252;21;0,8;60;3,0;0,25;5,0;252,0;1,696505282847057;0,1169018308376872;0,1846702297585702;0,6330301911169958;-0,2781909049330622;0,0150375939849624;33;35,411764705882355;0,4933554817275747
usa;CAT;priority;30;30;NVDA,AAPL,MSFT,AVGO,ORCL,AMD,CSCO,QCOM,TXN,IBM,ACN,ADI,GOOGL,META,NFLX,DIS,VZ,AMZN,TSLA,HD,MCD,LOW,WMT,COST,PG,KO,PEP,PM,BRK-B,JPM;TMUS,CMCSA,BKNG,SBUX;;252;21;0,8;60;3,0;0,5;5,0;252,0;1,3541662267466965;0,1001278195141932;0,1627406319847962;0,6152601123212273;-0,2610300209456548;0,0150375939849624;34;27,705882352941178;0,5095541401273885
usa;CAT;priority;30;30;NVDA,AAPL,MSFT,AVGO,ORCL,AMD,CSCO,QCOM,TXN,IBM,ACN,ADI,GOOGL,META,NFLX,DIS,VZ,AMZN,TSLA,HD,MCD,LOW,WMT,COST,PG,KO,PEP,PM,BRK-B,JPM;TMUS,CMCSA,BKNG,SBUX;;252;21;0,8;60;3,0;0,75;5,0;252,0;1,1296261622708172;0,0879052887951672;0,1290640094252169;0,6810983882079212;-0,1256726600733109;0,0150375939849624;34;19,88235294117647;0,5325443786982249
usa;CAT;priority;30;30;NVDA,AAPL,MSFT,AVGO,ORCL,AMD,CSCO,QCOM,TXN,IBM,ACN,ADI,GOOGL,META,NFLX,DIS,VZ,AMZN,TSLA,HD,MCD,LOW,WMT,COST,PG,KO,PEP,PM,BRK-B,JPM;TMUS,CMCSA,BKNG,SBUX;;252;21;0,8;60;3,0;1,0;5,0;252,0;0,7397060057610612;0,0636586183495278;0,1241133796710051;0,5129069768164527;-0,1526822460231465;0,0150375939849624;34;17,823529411764707;0,5346534653465347
usa;CAT;priority;30;30;NVDA,AAPL,MSFT,AVGO,ORCL,AMD,CSCO,QCOM,TXN,IBM,ACN,ADI,GOOGL,META,NFLX,DIS,VZ,AMZN,TSLA,HD,MCD,LOW,WMT,COST,PG,KO,PEP,PM,BRK-B,JPM;TMUS,CMCSA,BKNG,SBUX;;252;63;0,8;60;1,0;0,25;5,0;252,0;-0,2040126198105588;-0,0251102868600296;0,294514091190989;-0,0852600524426044;-0,6139903483007212;0,0495356037151702;102;31,089285714285715;0,4675473865594486
usa;CAT;priority;30;30;NVDA,AAPL,MSFT,AVGO,ORCL,AMD,CSCO,QCOM,TXN,IBM,ACN,ADI,GOOGL,META,NFLX,DIS,VZ,AMZN,TSLA,HD,MCD,LOW,WMT,COST,PG,KO,PEP,PM,BRK-B,JPM;TMUS,CMCSA,BKNG,SBUX;;252;63;0,8;60;1,0;0,5;5,0;252,0;-0,3323191357575663;-0,0440232919108128;0,2785320647022185;-0,1580546640397709;-0,6896886468890719;0,0574966828836797;124;24,338461538461537;0,4652338811630847
usa;CAT;priority;30;30;NVDA,AAPL,MSFT,AVGO,ORCL,AMD,CSCO,QCOM,TXN,IBM,ACN,ADI,GOOGL,META,NFLX,DIS,VZ,AMZN,TSLA,HD,MCD,LOW,WMT,COST,PG,KO,PEP,PM,BRK-B,JPM;TMUS,CMCSA,BKNG,SBUX;;252;63;0,8;60;1,0;0,75;5,0;252,0;0,0595227776162381;0,0064649863771966;0,2689764758367329;0,0240355085220196;-0,5757818407239079;0,0778416629809818;171;15,909090909090908;0,4728571428571428
usa;CAT;priority;30;30;NVDA,AAPL,MSFT,AVGO,ORCL,AMD,CSCO,QCOM,TXN,IBM,ACN,ADI,GOOGL,META,NFLX,DIS,VZ,AMZN,TSLA,HD,MCD,LOW,WMT,COST,PG,KO,PEP,PM,BRK-B,JPM;TMUS,CMCSA,BKNG,SBUX;;252;63;0,8;60;1,5;0,25;5,0;252,0;-0,3175646643617202;-0,0416915730435545;0,2780134868797614;-0,1499624119371798;-0,6172027058851332;0,0371517027863777;77;37,23809523809524;0,4578005115089514
usa;CAT;priority;30;30;NVDA,AAPL,MSFT,AVGO,ORCL,AMD,CSCO,QCOM,TXN,IBM,ACN,ADI,GOOGL,META,NFLX,DIS,VZ,AMZN,TSLA,HD,MCD,LOW,WMT,COST,PG,KO,PEP,PM,BRK-B,JPM;TMUS,CMCSA,BKNG,SBUX;;252;63;0,8;60;1,5;0,5;5,0;252,0;-0,4254943363902331;-0,0599041798454144;0,2586205083349018;-0,231629657798991;-0,6636716754361033;0,0398053958425475;86;30,511111111111113;0,4530225782957028
usa;CAT;priority;30;30;NVDA,AAPL,MSFT,AVGO,ORCL,AMD,CSCO,QCOM,TXN,IBM,ACN,ADI,GOOGL,META,NFLX,DIS,VZ,AMZN,TSLA,HD,MCD,LOW,WMT,COST,PG,KO,PEP,PM,BRK-B,JPM;TMUS,CMCSA,BKNG,SBUX;;252;63;0,8;60;1,5;0,75;5,0;252,0;0,0135355623700421;0,0014996121462724;0,2460544451228315;0,0060946354597408;-0,5217252107158548;0,0468819106590004;103;21,88679245283019;0,4594827586206896
usa;CAT;priority;30;30;NVDA,AAPL,MSFT,AVGO,ORCL,AMD,CSCO,QCOM,TXN,IBM,ACN,ADI,GOOGL,META,NFLX,DIS,VZ,AMZN,TSLA,HD,MCD,LOW,WMT,COST,PG,KO,PEP,PM,BRK-B,JPM;TMUS,CMCSA,BKNG,SBUX;;252;63;0,8;60;1,5;1,0;5,0;252,0;-0,014417146753862;-0,0016172512419753;0,2280576225326312;-0,0070914149854557;-0,5344000123788946;0,0539584254754533;120;16,131147540983605;0,4664634146341463
usa;CAT;priority;30;30;NVDA,AAPL,MSFT,AVGO,ORCL,AMD,CSCO,QCOM,TXN,IBM,ACN,ADI,GOOGL,META,NFLX,DIS,VZ,AMZN,TSLA,HD,MCD,LOW,WMT,COST,PG,KO,PEP,PM,BRK-B,JPM;TMUS,CMCSA,BKNG,SBUX;;252;63;0,8;60;2,0;0,25;5,0;252,0;-0,1530144294212075;-0,0183392811173841;0,2696870420985844;-0,0680020848412887;-0,4216708072230065;0,0300751879699248;63;43,088235294117645;0,4587030716723549
usa;CAT;priority;30;30;NVDA,AAPL,MSFT,AVGO,ORCL,AMD,CSCO,QCOM,TXN,IBM,ACN,ADI,GOOGL,META,NFLX,DIS,VZ,AMZN,TSLA,HD,MCD,LOW,WMT,COST,PG,KO,PEP,PM,BRK-B,JPM;TMUS,CMCSA,BKNG,SBUX;;252;63;0,8;60;2,0;0,5;5,0;252,0;-0,2068923822247316;-0,0255040227650904;0,2461038954053135;-0,1036311218198613;-0,4974448449432312;0,031844316674038;69;33,583333333333336;0,4557485525227461
usa;CAT;priority;30;30;NVDA,AAPL,MSFT,AVGO,ORCL,AMD,CSCO,QCOM,TXN,IBM,ACN,ADI,GOOGL,META,NFLX,DIS,VZ,AMZN,TSLA,HD,MCD,LOW,WMT,COST,PG,KO,PEP,PM,BRK-B,JPM;TMUS,CMCSA,BKNG,SBUX;;252;63;0,8;60;2,0;0,75;5,0;252,0;0,1380183789766254;0,0145141847494649;0,2332522908926487;0,062225261299341;-0,4165812586450566;0,0344980097302078;75;25,897435897435894;0,4643564356435644
usa;CAT;priority;30;30;NVDA,AAPL,MSFT,AVGO,ORCL,AMD,CSCO,QCOM,TXN,IBM,ACN,ADI,GOOGL,META,NFLX,DIS,VZ,AMZN,TSLA,HD,MCD,LOW,WMT,COST,PG,KO,PEP,PM,BRK-B,JPM;TMUS,CMCSA,BKNG,SBUX;;252;63;0,8;60;2,0;1,0;5,0;252,0;0,1569857365115987;0,0163849593400231;0,214963104528898;0,0762221934593453;-0,3781510975442417;0,0380362671384343;84;19,46511627906977;0,4707287933094384
usa;CAT;priority;30;30;NVDA,AAPL,MSFT,AVGO,ORCL,AMD,CSCO,QCOM,TXN,IBM,ACN,ADI,GOOGL,META,NFLX,DIS,VZ,AMZN,TSLA,HD,MCD,LOW,WMT,COST,PG,KO,PEP,PM,BRK-B,JPM;TMUS,CMCSA,BKNG,SBUX;;252;63;0,8;60;2,5;0,25;5,0;252,0;0,5580630565091378;0,0506657746805063;0,2588813172243009;0,1957104329649572;-0,2609049600263478;0,0256523662096417;53;45,44827586206897;0,4635811836115326
usa;CAT;priority;30;30;NVDA,AAPL,MSFT,AVGO,ORCL,AMD,CSCO,QCOM,TXN,IBM,ACN,ADI,GOOGL,META,NFLX,DIS,VZ,AMZN,TSLA,HD,MCD,LOW,WMT,COST,PG,KO,PEP,PM,BRK-B,JPM;TMUS,CMCSA,BKNG,SBUX;;252;63;0,8;60;2,5;0,5;5,0;252,0;0,3146572568870727;0,0309610667022337;0,2317072369201021;0,1336214919903854;-0,2804677260535105;0,0256523662096417;55;36,3448275862069;0,4601518026565465
usa;CAT;priority;30;30;NVDA,AAPL,MSFT,AVGO,ORCL,AMD,CSCO,QCOM,TXN,IBM,ACN,ADI,GOOGL,META,NFLX,DIS,VZ,AMZN,TSLA,HD,MCD,LOW,WMT,COST,PG,KO,PEP,PM,BRK-B,JPM;TMUS,CMCSA,BKNG,SBUX;;252;63;0,8;60;2,5;0,75;5,0;252,0;1,0707440615269437;0,0845108590633598;0,2166933431088323;0,3900021008994034;-0,2704920023038828;0,0274214949137549;59;27,06451612903226;0,4707985697258641
usa;CAT;priority;30;30;NVDA,AAPL,MSFT,AVGO,ORCL,AMD,CSCO,QCOM,TXN,IBM,ACN,ADI,GOOGL,META,NFLX,DIS,VZ,AMZN,TSLA,HD,MCD,LOW,WMT,COST,PG,KO,PEP,PM,BRK-B,JPM;TMUS,CMCSA,BKNG,SBUX;;252;63;0,8;60;2,5;1,0;5,0;252,0;0,1677008340617063;0,0174297905357521;0,1882783644435576;0,0925745801290792;-0,355261009291394;0,0274214949137549;61;21,322580645161292;0,4704992435703479
usa;CAT;priority;30;30;NVDA,AAPL,MSFT,AVGO,ORCL,AMD,CSCO,QCOM,TXN,IBM,ACN,ADI,GOOGL,META,NFLX,DIS,VZ,AMZN,TSLA,HD,MCD,LOW,WMT,COST,PG,KO,PEP,PM,BRK-B,JPM;TMUS,CMCSA,BKNG,SBUX;;252;63;0,8;60;3,0;0,25;5,0;252,0;0,6207669076473838;0,0552963300776017;0,2252325384203037;0,2455077337645322;-0,3257568377850938;0,0168067226890756;37;47,526315789473685;0,4750830564784053
usa;CAT;priority;30;30;NVDA,AAPL,MSFT,AVGO,ORCL,AMD,CSCO,QCOM,TXN,IBM,ACN,ADI,GOOGL,META,NFLX,DIS,VZ,AMZN,TSLA,HD,MCD,LOW,WMT,COST,PG,KO,PEP,PM,BRK-B,JPM;TMUS,CMCSA,BKNG,SBUX;;252;63;0,8;60;3,0;0,5;5,0;252,0;0,6141897466147856;0,0548181663816116;0,2006381868382401;0,2732190080336377;-0,2609049600263479;0,0168067226890756;37;38,1578947368421;0,463448275862069
usa;CAT;priority;30;30;NVDA,AAPL,MSFT,AVGO,ORCL,AMD,CSCO,QCOM,TXN,IBM,ACN,ADI,GOOGL,META,NFLX,DIS,VZ,AMZN,TSLA,HD,MCD,LOW,WMT,COST,PG,KO,PEP,PM,BRK-B,JPM;TMUS,CMCSA,BKNG,SBUX;;252;63;0,8;60;3,0;0,75;5,0;252,0;1,1443692837504678;0,0887421340454082;0,1825065447373331;0,4862408313801983;-0,2588284378856124;0,0168067226890756;37;28,842105263157897;0,4726277372262774
usa;CAT;priority;30;30;NVDA,AAPL,MSFT,AVGO,ORCL,AMD,CSCO,QCOM,TXN,IBM,ACN,ADI,GOOGL,META,NFLX,DIS,VZ,AMZN,TSLA,HD,MCD,LOW,WMT,COST,PG,KO,PEP,PM,BRK-B,JPM;TMUS,CMCSA,BKNG,SBUX;;252;63;0,8;60;3,0;1,0;5,0;252,0;0,5194938167869283;0,0477345725029412;0,1602519414402732;0,2978720387030827;-0,2647565765938273;0,0168067226890756;38;22,157894736842103;0,4845605700712589
crypto;BTC;priority_with_coverage_fallback;30;30;ETH,SOL,XRP,BNB,TRX,ADA,AVAX,DOT,NEAR,ATOM,ALGO,DOGE,BCH,LTC,XLM,ETC,LINK,UNI,AAVE,INJ,FIL,VET,FET,GRT,THETA,XTZ,SAND,CHZ,DASH,HBAR;TON,SUI,ICP,MKR,RENDER,RNDR,ARB,OP,MATIC,POL,APT,SEI,EOS,MANA;CHZ,DASH,HBAR;1440;24;0,8;336;1,0;0,25;10,0;8760,0;4,530565087069442;0,3404549639817984;0,3846498159914746;0,8851036704755484;-0,4495707198935391;0,0140616443714308;691;102,20277777777778;0,4979479792351806
crypto;BTC;priority_with_coverage_fallback;30;30;ETH,SOL,XRP,BNB,TRX,ADA,AVAX,DOT,NEAR,ATOM,ALGO,DOGE,BCH,LTC,XLM,ETC,LINK,UNI,AAVE,INJ,FIL,VET,FET,GRT,THETA,XTZ,SAND,CHZ,DASH,HBAR;TON,SUI,ICP,MKR,RENDER,RNDR,ARB,OP,MATIC,POL,APT,SEI,EOS,MANA;CHZ,DASH,HBAR;1440;24;0,8;336;1,0;0,5;10,0;8760,0;3,0890782800840855;0,272871182722163;0,3726556172807758;0,7322341863870776;-0,4823157443062403;0,0184424626457013;928;70,12711864406779;0,4990634441087613
crypto;BTC;priority_with_coverage_fallback;30;30;ETH,SOL,XRP,BNB,TRX,ADA,AVAX,DOT,NEAR,ATOM,ALGO,DOGE,BCH,LTC,XLM,ETC,LINK,UNI,AAVE,INJ,FIL,VET,FET,GRT,THETA,XTZ,SAND,CHZ,DASH,HBAR;TON,SUI,ICP,MKR,RENDER,RNDR,ARB,OP,MATIC,POL,APT,SEI,EOS,MANA;CHZ,DASH,HBAR;1440;24;0,8;336;1,0;0,75;10,0;8760,0;1,330174232936142;0,1559563962788734;0,3580127459914622;0,4356168824296347;-0,5068265117559136;0,0266173824610811;1352;43,33480176211454;0,4989326014028667
crypto;BTC;priority_with_coverage_fallback;30;30;ETH,SOL,XRP,BNB,TRX,ADA,AVAX,DOT,NEAR,ATOM,ALGO,DOGE,BCH,LTC,XLM,ETC,LINK,UNI,AAVE,INJ,FIL,VET,FET,GRT,THETA,XTZ,SAND,CHZ,DASH,HBAR;TON,SUI,ICP,MKR,RENDER,RNDR,ARB,OP,MATIC,POL,APT,SEI,EOS,MANA;CHZ,DASH,HBAR;1440;24;0,8;336;1,5;0,25;10,0;8760,0;2,863625766064109;0,2605635571088829;0,3547439685742168;0,7345115919972852;-0,399620517250338;0,0094070249550183;464;130,18672199170123;0,4971474103585657
crypto;BTC;priority_with_coverage_fallback;30;30;ETH,SOL,XRP,BNB,TRX,ADA,AVAX,DOT,NEAR,ATOM,ALGO,DOGE,BCH,LTC,XLM,ETC,LINK,UNI,AAVE,INJ,FIL,VET,FET,GRT,THETA,XTZ,SAND,CHZ,DASH,HBAR;TON,SUI,ICP,MKR,RENDER,RNDR,ARB,OP,MATIC,POL,APT,SEI,EOS,MANA;CHZ,DASH,HBAR;1440;24;0,8;336;1,5;0,5;10,0;8760,0;1,8122641985308816;0,1938035655724528;0,3408754343669252;0,5685465892618086;-0,4075513755834605;0,0108151451146053;544;98,08664259927798;0,4980493191019506
crypto;BTC;priority_with_coverage_fallback;30;30;ETH,SOL,XRP,BNB,TRX,ADA,AVAX,DOT,NEAR,ATOM,ALGO,DOGE,BCH,LTC,XLM,ETC,LINK,UNI,AAVE,INJ,FIL,VET,FET,GRT,THETA,XTZ,SAND,CHZ,DASH,HBAR;TON,SUI,ICP,MKR,RENDER,RNDR,ARB,OP,MATIC,POL,APT,SEI,EOS,MANA;CHZ,DASH,HBAR;1440;24;0,8;336;1,5;0,75;10,0;8760,0;0,8939478223600033;0,1156270715687866;0,3231873141331479;0,35777107117871;-0,3899189902318485;0,012575295314089;636;74,09316770186335;0,4971078883393411
crypto;BTC;priority_with_coverage_fallback;30;30;ETH,SOL,XRP,BNB,TRX,ADA,AVAX,DOT,NEAR,ATOM,ALGO,DOGE,BCH,LTC,XLM,ETC,LINK,UNI,AAVE,INJ,FIL,VET,FET,GRT,THETA,XTZ,SAND,CHZ,DASH,HBAR;TON,SUI,ICP,MKR,RENDER,RNDR,ARB,OP,MATIC,POL,APT,SEI,EOS,MANA;CHZ,DASH,HBAR;1440;24;0,8;336;1,5;1,0;10,0;8760,0;0,3998271159947992;0,0593162986857229;0,3030940109855388;0,1957026418728975;-0,3611332140009246;0,0157240084487209;800;51,82835820895522;0,4957043436525078
crypto;BTC;priority_with_coverage_fallback;30;30;ETH,SOL,XRP,BNB,TRX,ADA,AVAX,DOT,NEAR,ATOM,ALGO,DOGE,BCH,LTC,XLM,ETC,LINK,UNI,AAVE,INJ,FIL,VET,FET,GRT,THETA,XTZ,SAND,CHZ,DASH,HBAR;TON,SUI,ICP,MKR,RENDER,RNDR,ARB,OP,MATIC,POL,APT,SEI,EOS,MANA;CHZ,DASH,HBAR;1440;24;0,8;336;2,0;0,25;10,0;8760,0;3,520370754312549;0,2949269275524844;0,3290579965405848;0,89627643349524;-0,3677514522784346;0,0069623719001799;348;142,73033707865167;0,4973628276785011
crypto;BTC;priority_with_coverage_fallback;30;30;ETH,SOL,XRP,BNB,TRX,ADA,AVAX,DOT,NEAR,ATOM,ALGO,DOGE,BCH,LTC,XLM,ETC,LINK,UNI,AAVE,INJ,FIL,VET,FET,GRT,THETA,XTZ,SAND,CHZ,DASH,HBAR;TON,SUI,ICP,MKR,RENDER,RNDR,ARB,OP,MATIC,POL,APT,SEI,EOS,MANA;CHZ,DASH,HBAR;1440;24;0,8;336;2,0;0,5;10,0;8760,0;2,7625406491711413;0,2548510528812775;0,3157936262368975;0,8070177220426134;-0,3826644329094844;0,0077055464288508;390;110,23350253807106;0,4993553140541536
crypto;BTC;priority_with_coverage_fallback;30;30;ETH,SOL,XRP,BNB,TRX,ADA,AVAX,DOT,NEAR,ATOM,ALGO,DOGE,BCH,LTC,XLM,ETC,LINK,UNI,AAVE,INJ,FIL,VET,FET,GRT,THETA,XTZ,SAND,CHZ,DASH,HBAR;TON,SUI,ICP,MKR,RENDER,RNDR,ARB,OP,MATIC,POL,APT,SEI,EOS,MANA;CHZ,DASH,HBAR;1440;24;0,8;336;2,0;0,75;10,0;8760,0;1,7976233016335814;0,1927364915642959;0,2967616656479894;0,6494655943632379;-0,3270513950205336;0,0083313776108894;422;88,5774647887324;0,4975883818307097
crypto;BTC;priority_with_coverage_fallback;30;30;ETH,SOL,XRP,BNB,TRX,ADA,AVAX,DOT,NEAR,ATOM,ALGO,DOGE,BCH,LTC,XLM,ETC,LINK,UNI,AAVE,INJ,FIL,VET,FET,GRT,THETA,XTZ,SAND,CHZ,DASH,HBAR;TON,SUI,ICP,MKR,RENDER,RNDR,ARB,OP,MATIC,POL,APT,SEI,EOS,MANA;CHZ,DASH,HBAR;1440;24;0,8;336;2,0;1,0;10,0;8760,0;1,0281188303250408;0,1287860556857569;0,2756488799662938;0,4672105168775031;-0,3214911580529113;0,0093874677305796;478;66,05;0,496782740348221
crypto;BTC;priority_with_coverage_fallback;30;30;ETH,SOL,XRP,BNB,TRX,ADA,AVAX,DOT,NEAR,ATOM,ALGO,DOGE,BCH,LTC,XLM,ETC,LINK,UNI,AAVE,INJ,FIL,VET,FET,GRT,THETA,XTZ,SAND,CHZ,DASH,HBAR;TON,SUI,ICP,MKR,RENDER,RNDR,ARB,OP,MATIC,POL,APT,SEI,EOS,MANA;CHZ,DASH,HBAR;1440;24;0,8;336;2,5;0,25;10,0;8760,0;2,4687055096934634;0,2374913697007457;0,2817859055784452;0,8428078374368211;-0,3203131898372635;0,0047328483141672;242;159,50413223140495;0,5010362694300519
crypto;BTC;priority_with_coverage_fallback;30;30;ETH,SOL,XRP,BNB,TRX,ADA,AVAX,DOT,NEAR,ATOM,ALGO,DOGE,BCH,LTC,XLM,ETC,LINK,UNI,AAVE,INJ,FIL,VET,FET,GRT,THETA,XTZ,SAND,CHZ,DASH,HBAR;TON,SUI,ICP,MKR,RENDER,RNDR,ARB,OP,MATIC,POL,APT,SEI,EOS,MANA;CHZ,DASH,HBAR;1440;24;0,8;336;2,5;0,5;10,0;8760,0;2,6382034255267883;0,2476474361785021;0,2704176409361815;0,9157961563496771;-0,3337289174049779;0,0050848783540639;260;122,20769230769233;0,5042487568452194
crypto;BTC;priority_with_coverage_fallback;30;30;ETH,SOL,XRP,BNB,TRX,ADA,AVAX,DOT,NEAR,ATOM,ALGO,DOGE,BCH,LTC,XLM,ETC,LINK,UNI,AAVE,INJ,FIL,VET,FET,GRT,THETA,XTZ,SAND,CHZ,DASH,HBAR;TON,SUI,ICP,MKR,RENDER,RNDR,ARB,OP,MATIC,POL,APT,SEI,EOS,MANA;CHZ,DASH,HBAR;1440;24;0,8;336;2,5;0,75;10,0;8760,0;1,6571453790803004;0,1822555946106618;0,2501619661368659;0,7285503764826831;-0,3301314736219592;0,0053195650473284;272;102,5220588235294;0,5034067273900882
crypto;BTC;priority_with_coverage_fallback;30;30;ETH,SOL,XRP,BNB,TRX,ADA,AVAX,DOT,NEAR,ATOM,ALGO,DOGE,BCH,LTC,XLM,ETC,LINK,UNI,AAVE,INJ,FIL,VET,FET,GRT,THETA,XTZ,SAND,CHZ,DASH,HBAR;TON,SUI,ICP,MKR,RENDER,RNDR,ARB,OP,MATIC,POL,APT,SEI,EOS,MANA;CHZ,DASH,HBAR;1440;24;0,8;336;2,5;1,0;10,0;8760,0;1,160683716980286;0,1410970813180698;0,231142025030832;0,6104345642002961;-0,3235960177983028;0,0056715950872252;290;79,0551724137931;0,500654278984559
crypto;BTC;priority_with_coverage_fallback;30;30;ETH,SOL,XRP,BNB,TRX,ADA,AVAX,DOT,NEAR,ATOM,ALGO,DOGE,BCH,LTC,XLM,ETC,LINK,UNI,AAVE,INJ,FIL,VET,FET,GRT,THETA,XTZ,SAND,CHZ,DASH,HBAR;TON,SUI,ICP,MKR,RENDER,RNDR,ARB,OP,MATIC,POL,APT,SEI,EOS,MANA;CHZ,DASH,HBAR;1440;24;0,8;336;3,0;0,25;10,0;8760,0;3,413836601828854;0,2896466950992729;0,2418411393690579;1,1976733811912044;-0,283375748311357;0,0034420715012125;176;156,45454545454547;0,5014526438117374
crypto;BTC;priority_with_coverage_fallback;30;30;ETH,SOL,XRP,BNB,TRX,ADA,AVAX,DOT,NEAR,ATOM,ALGO,DOGE,BCH,LTC,XLM,ETC,LINK,UNI,AAVE,INJ,FIL,VET,FET,GRT,THETA,XTZ,SAND,CHZ,DASH,HBAR;TON,SUI,ICP,MKR,RENDER,RNDR,ARB,OP,MATIC,POL,APT,SEI,EOS,MANA;CHZ,DASH,HBAR;1440;24;0,8;336;3,0;0,5;10,0;8760,0;3,2391507728494577;0,2807554764984989;0,231946748776872;1,210430747484113;-0,2967817963944635;0,0035203003989673;180;126,28888888888888;0,5050149568889671
crypto;BTC;priority_with_coverage_fallback;30;30;ETH,SOL,XRP,BNB,TRX,ADA,AVAX,DOT,NEAR,ATOM,ALGO,DOGE,BCH,LTC,XLM,ETC,LINK,UNI,AAVE,INJ,FIL,VET,FET,GRT,THETA,XTZ,SAND,CHZ,DASH,HBAR;TON,SUI,ICP,MKR,RENDER,RNDR,ARB,OP,MATIC,POL,APT,SEI,EOS,MANA;CHZ,DASH,HBAR;1440;24;0,8;336;3,0;0,75;10,0;8760,0;1,8861269108445544;0,1991177466856304;0,2198752063349296;0,9055943596583602;-0,323247497468727;0,0035594148478447;182;109,8021978021978;0,5017013610888711
crypto;BTC;priority_with_coverage_fallback;30;30;ETH,SOL,XRP,BNB,TRX,ADA,AVAX,DOT,NEAR,ATOM,ALGO,DOGE,BCH,LTC,XLM,ETC,LINK,UNI,AAVE,INJ,FIL,VET,FET,GRT,THETA,XTZ,SAND,CHZ,DASH,HBAR;TON,SUI,ICP,MKR,RENDER,RNDR,ARB,OP,MATIC,POL,APT,SEI,EOS,MANA;CHZ,DASH,HBAR;1440;24;0,8;336;3,0;1,0;10,0;8760,0;1,2098126384485115;0,1455008587167661;0,1987920353598821;0,7319249911263264;-0,3419212530886739;0,0036376437455996;186;85,6989247311828;0,4998745294855709
crypto;BTC;priority_with_coverage_fallback;30;30;ETH,SOL,XRP,BNB,TRX,ADA,AVAX,DOT,NEAR,ATOM,ALGO,DOGE,BCH,LTC,XLM,ETC,LINK,UNI,AAVE,INJ,FIL,VET,FET,GRT,THETA,XTZ,SAND,CHZ,DASH,HBAR;TON,SUI,ICP,MKR,RENDER,RNDR,ARB,OP,MATIC,POL,APT,SEI,EOS,MANA;CHZ,DASH,HBAR;1440;72;0,8;336;1,0;0,25;10,0;8760,0;1,7336651330412218;0,1880200461382615;0,4235558495286828;0,4439085101704609;-0,4939501788486311;0,0125361808652116;616;113,69158878504672;0,4938484723934785
crypto;BTC;priority_with_coverage_fallback;30;30;ETH,SOL,XRP,BNB,TRX,ADA,AVAX,DOT,NEAR,ATOM,ALGO,DOGE,BCH,LTC,XLM,ETC,LINK,UNI,AAVE,INJ,FIL,VET,FET,GRT,THETA,XTZ,SAND,CHZ,DASH,HBAR;TON,SUI,ICP,MKR,RENDER,RNDR,ARB,OP,MATIC,POL,APT,SEI,EOS,MANA;CHZ,DASH,HBAR;1440;72;0,8;336;1,0;0,5;10,0;8760,0;1,2279007905984098;0,1471018073670047;0,4046719219336592;0,3635088065020735;-0,5211277483877133;0,0162911679574434;823;78,6642685851319;0,494893759717099
crypto;BTC;priority_with_coverage_fallback;30;30;ETH,SOL,XRP,BNB,TRX,ADA,AVAX,DOT,NEAR,ATOM,ALGO,DOGE,BCH,LTC,XLM,ETC,LINK,UNI,AAVE,INJ,FIL,VET,FET,GRT,THETA,XTZ,SAND,CHZ,DASH,HBAR;TON,SUI,ICP,MKR,RENDER,RNDR,ARB,OP,MATIC,POL,APT,SEI,EOS,MANA;CHZ,DASH,HBAR;1440;72;0,8;336;1,0;0,75;10,0;8760,0;0,7323926666076577;0,0987153633769493;0,3911769490684031;0,2523547555960089;-0,4420738355564146;0,0229015098177266;1164;50,43344709897611;0,4947215266968938
crypto;BTC;priority_with_coverage_fallback;30;30;ETH,SOL,XRP,BNB,TRX,ADA,AVAX,DOT,NEAR,ATOM,ALGO,DOGE,BCH,LTC,XLM,ETC,LINK,UNI,AAVE,INJ,FIL,VET,FET,GRT,THETA,XTZ,SAND,CHZ,DASH,HBAR;TON,SUI,ICP,MKR,RENDER,RNDR,ARB,OP,MATIC,POL,APT,SEI,EOS,MANA;CHZ,DASH,HBAR;1440;72;0,8;336;1,5;0,25;10,0;8760,0;1,571829658621554;0,1756640040492874;0,4004510807244643;0,4386653264400985;-0,473151812749736;0,0088594226707345;437;139,22907488986783;0,4925486473659231
crypto;BTC;priority_with_coverage_fallback;30;30;ETH,SOL,XRP,BNB,TRX,ADA,AVAX,DOT,NEAR,ATOM,ALGO,DOGE,BCH,LTC,XLM,ETC,LINK,UNI,AAVE,INJ,FIL,VET,FET,GRT,THETA,XTZ,SAND,CHZ,DASH,HBAR;TON,SUI,ICP,MKR,RENDER,RNDR,ARB,OP,MATIC,POL,APT,SEI,EOS,MANA;CHZ,DASH,HBAR;1440;72;0,8;336;1,5;0,5;10,0;8760,0;1,3974676872618033;0,1616083672744555;0,3808485849875495;0,4243375809831056;-0,4935079262180987;0,0103457717280763;524;104,53584905660378;0,4935744711573172
crypto;BTC;priority_with_coverage_fallback;30;30;ETH,SOL,XRP,BNB,TRX,ADA,AVAX,DOT,NEAR,ATOM,ALGO,DOGE,BCH,LTC,XLM,ETC,LINK,UNI,AAVE,INJ,FIL,VET,FET,GRT,THETA,XTZ,SAND,CHZ,DASH,HBAR;TON,SUI,ICP,MKR,RENDER,RNDR,ARB,OP,MATIC,POL,APT,SEI,EOS,MANA;CHZ,DASH,HBAR;1440;72;0,8;336;1,5;0,75;10,0;8760,0;1,1461317587995683;0,1397767608140312;0,3630036766025566;0,3850560471514706;-0,3702762992127709;0,0119494641320503;608;79,4673202614379;0,4937286671875642
crypto;BTC;priority_with_coverage_fallback;30;30;ETH,SOL,XRP,BNB,TRX,ADA,AVAX,DOT,NEAR,ATOM,ALGO,DOGE,BCH,LTC,XLM,ETC,LINK,UNI,AAVE,INJ,FIL,VET,FET,GRT,THETA,XTZ,SAND,CHZ,DASH,HBAR;TON,SUI,ICP,MKR,RENDER,RNDR,ARB,OP,MATIC,POL,APT,SEI,EOS,MANA;CHZ,DASH,HBAR;1440;72;0,8;336;1,5;1,0;10,0;8760,0;0,483350232854115;0,0698864607509226;0,3486271360376228;0,2004619076564961;-0,4322856610092579;0,0147070327779081;749;56,680851063829785;0,4921171171171171
crypto;BTC;priority_with_coverage_fallback;30;30;ETH,SOL,XRP,BNB,TRX,ADA,AVAX,DOT,NEAR,ATOM,ALGO,DOGE,BCH,LTC,XLM,ETC,LINK,UNI,AAVE,INJ,FIL,VET,FET,GRT,THETA,XTZ,SAND,CHZ,DASH,HBAR;TON,SUI,ICP,MKR,RENDER,RNDR,ARB,OP,MATIC,POL,APT,SEI,EOS,MANA;CHZ,DASH,HBAR;1440;72;0,8;336;2,0;0,25;10,0;8760,0;1,8595249709731416;0,1972169493609292;0,3644945010192234;0,5410697522444324;-0,374453744514805;0,0065321129625283;327;154,2994011976048;0,4932862465072958
crypto;BTC;priority_with_coverage_fallback;30;30;ETH,SOL,XRP,BNB,TRX,ADA,AVAX,DOT,NEAR,ATOM,ALGO,DOGE,BCH,LTC,XLM,ETC,LINK,UNI,AAVE,INJ,FIL,VET,FET,GRT,THETA,XTZ,SAND,CHZ,DASH,HBAR;TON,SUI,ICP,MKR,RENDER,RNDR,ARB,OP,MATIC,POL,APT,SEI,EOS,MANA;CHZ,DASH,HBAR;1440;72;0,8;336;2,0;0,5;10,0;8760,0;2,0542563032159777;0,210806183667535;0,3389594509539802;0,6219215398013956;-0,3553308334680802;0,0070797152468121;359;121,30386740331492;0,4947167061395518
crypto;BTC;priority_with_coverage_fallback;30;30;ETH,SOL,XRP,BNB,TRX,ADA,AVAX,DOT,NEAR,ATOM,ALGO,DOGE,BCH,LTC,XLM,ETC,LINK,UNI,AAVE,INJ,FIL,VET,FET,GRT,THETA,XTZ,SAND,CHZ,DASH,HBAR;TON,SUI,ICP,MKR,RENDER,RNDR,ARB,OP,MATIC,POL,APT,SEI,EOS,MANA;CHZ,DASH,HBAR;1440;72;0,8;336;2,0;0,75;10,0;8760,0;1,6560665076272727;0,1821733419105105;0,3146702830985391;0,5789340515941341;-0,2692065950310841;0,0077055464288508;393;96,2741116751269;0,4956237477591479
crypto;BTC;priority_with_coverage_fallback;30;30;ETH,SOL,XRP,BNB,TRX,ADA,AVAX,DOT,NEAR,ATOM,ALGO,DOGE,BCH,LTC,XLM,ETC,LINK,UNI,AAVE,INJ,FIL,VET,FET,GRT,THETA,XTZ,SAND,CHZ,DASH,HBAR;TON,SUI,ICP,MKR,RENDER,RNDR,ARB,OP,MATIC,POL,APT,SEI,EOS,MANA;CHZ,DASH,HBAR;1440;72;0,8;336;2,0;1,0;10,0;8760,0;0,8681903721961117;0,1130129489102704;0,2984815354051146;0,3786262649610249;-0,2991081103004261;0,0086051787530313;439;73,9090909090909;0,4937269372693726
crypto;BTC;priority_with_coverage_fallback;30;30;ETH,SOL,XRP,BNB,TRX,ADA,AVAX,DOT,NEAR,ATOM,ALGO,DOGE,BCH,LTC,XLM,ETC,LINK,UNI,AAVE,INJ,FIL,VET,FET,GRT,THETA,XTZ,SAND,CHZ,DASH,HBAR;TON,SUI,ICP,MKR,RENDER,RNDR,ARB,OP,MATIC,POL,APT,SEI,EOS,MANA;CHZ,DASH,HBAR;1440;72;0,8;336;2,5;0,25;10,0;8760,0;3,846426305077098;0,3104706909971801;0,3370536796917832;0,9211312906629244;-0,4390196858367232;0,0050457639051865;255;157,65116279069767;0,4988444706692236
crypto;BTC;priority_with_coverage_fallback;30;30;ETH,SOL,XRP,BNB,TRX,ADA,AVAX,DOT,NEAR,ATOM,ALGO,DOGE,BCH,LTC,XLM,ETC,LINK,UNI,AAVE,INJ,FIL,VET,FET,GRT,THETA,XTZ,SAND,CHZ,DASH,HBAR;TON,SUI,ICP,MKR,RENDER,RNDR,ARB,OP,MATIC,POL,APT,SEI,EOS,MANA;CHZ,DASH,HBAR;1440;72;0,8;336;2,5;0,5;10,0;8760,0;4,49340128897637;0,3389074784392674;0,3114450431036921;1,0881774680434777;-0,420422275645084;0,0054369083939607;278;124,33812949640289;0,5003182317884627
crypto;BTC;priority_with_coverage_fallback;30;30;ETH,SOL,XRP,BNB,TRX,ADA,AVAX,DOT,NEAR,ATOM,ALGO,DOGE,BCH,LTC,XLM,ETC,LINK,UNI,AAVE,INJ,FIL,VET,FET,GRT,THETA,XTZ,SAND,CHZ,DASH,HBAR;TON,SUI,ICP,MKR,RENDER,RNDR,ARB,OP,MATIC,POL,APT,SEI,EOS,MANA;CHZ,DASH,HBAR;1440;72;0,8;336;2,5;0,75;10,0;8760,0;4,207802031673393;0,3267166055164299;0,2890996401307259;1,130117648602725;-0,3421643577347022;0,0057107095361026;292;100,04794520547944;0,5005819127815431
crypto;BTC;priority_with_coverage_fallback;30;30;ETH,SOL,XRP,BNB,TRX,ADA,AVAX,DOT,NEAR,ATOM,ALGO,DOGE,BCH,LTC,XLM,ETC,LINK,UNI,AAVE,INJ,FIL,VET,FET,GRT,THETA,XTZ,SAND,CHZ,DASH,HBAR;TON,SUI,ICP,MKR,RENDER,RNDR,ARB,OP,MATIC,POL,APT,SEI,EOS,MANA;CHZ,DASH,HBAR;1440;72;0,8;336;2,5;1,0;10,0;8760,0;2,2100477663629365;0,2211702083578455;0,2723671752599692;0,8120295999205589;-0,3783396654132154;0,0059062817804897;302;81,8543046357616;0,4980582524271845
crypto;BTC;priority_with_coverage_fallback;30;30;ETH,SOL,XRP,BNB,TRX,ADA,AVAX,DOT,NEAR,ATOM,ALGO,DOGE,BCH,LTC,XLM,ETC,LINK,UNI,AAVE,INJ,FIL,VET,FET,GRT,THETA,XTZ,SAND,CHZ,DASH,HBAR;TON,SUI,ICP,MKR,RENDER,RNDR,ARB,OP,MATIC,POL,APT,SEI,EOS,MANA;CHZ,DASH,HBAR;1440;72;0,8;336;3,0;0,25;10,0;8760,0;2,3144168792769904;0,2278825265137942;0,2980748076156528;0,7645145469912816;-0,4224812490970268;0,0034420715012125;176;164,89772727272728;0,5029977258631383
crypto;BTC;priority_with_coverage_fallback;30;30;ETH,SOL,XRP,BNB,TRX,ADA,AVAX,DOT,NEAR,ATOM,ALGO,DOGE,BCH,LTC,XLM,ETC,LINK,UNI,AAVE,INJ,FIL,VET,FET,GRT,THETA,XTZ,SAND,CHZ,DASH,HBAR;TON,SUI,ICP,MKR,RENDER,RNDR,ARB,OP,MATIC,POL,APT,SEI,EOS,MANA;CHZ,DASH,HBAR;1440;72;0,8;336;3,0;0,5;10,0;8760,0;2,2997309861608257;0,226948713067068;0,2604382846412348;0,8714107197399945;-0,39852900681975;0,0035203003989673;180;133,5;0,503370786516854
crypto;BTC;priority_with_coverage_fallback;30;30;ETH,SOL,XRP,BNB,TRX,ADA,AVAX,DOT,NEAR,ATOM,ALGO,DOGE,BCH,LTC,XLM,ETC,LINK,UNI,AAVE,INJ,FIL,VET,FET,GRT,THETA,XTZ,SAND,CHZ,DASH,HBAR;TON,SUI,ICP,MKR,RENDER,RNDR,ARB,OP,MATIC,POL,APT,SEI,EOS,MANA;CHZ,DASH,HBAR;1440;72;0,8;336;3,0;0,75;10,0;8760,0;1,6419866460453298;0,1810973528345794;0,2401794964805763;0,7540083791008573;-0,3173149338286526;0,0035985292967222;184;108,68478260869566;0,5033503350335033
crypto;BTC;priority_with_coverage_fallback;30;30;ETH,SOL,XRP,BNB,TRX,ADA,AVAX,DOT,NEAR,ATOM,ALGO,DOGE,BCH,LTC,XLM,ETC,LINK,UNI,AAVE,INJ,FIL,VET,FET,GRT,THETA,XTZ,SAND,CHZ,DASH,HBAR;TON,SUI,ICP,MKR,RENDER,RNDR,ARB,OP,MATIC,POL,APT,SEI,EOS,MANA;CHZ,DASH,HBAR;1440;72;0,8;336;3,0;1,0;10,0;8760,0;0,8266092617541061;0,1087291609963281;0,2245560418830154;0,4841961057230051;-0,3751898491204323;0,0036376437455996;186;90,52688172043013;0,5020786316664687
crypto;BTC;priority_with_coverage_fallback;30;30;ETH,SOL,XRP,BNB,TRX,ADA,AVAX,DOT,NEAR,ATOM,ALGO,DOGE,BCH,LTC,XLM,ETC,LINK,UNI,AAVE,INJ,FIL,VET,FET,GRT,THETA,XTZ,SAND,CHZ,DASH,HBAR;TON,SUI,ICP,MKR,RENDER,RNDR,ARB,OP,MATIC,POL,APT,SEI,EOS,MANA;CHZ,DASH,HBAR;1440;168;0,8;336;1,0;0,25;10,0;8760,0;2,355756845157128;0,2304928714109668;0,4672645629366991;0,4932813007739087;-0,5132595415078609;0,0117930063365407;559;125,02980132450332;0,4938160438570936
crypto;BTC;priority_with_coverage_fallback;30;30;ETH,SOL,XRP,BNB,TRX,ADA,AVAX,DOT,NEAR,ATOM,ALGO,DOGE,BCH,LTC,XLM,ETC,LINK,UNI,AAVE,INJ,FIL,VET,FET,GRT,THETA,XTZ,SAND,CHZ,DASH,HBAR;TON,SUI,ICP,MKR,RENDER,RNDR,ARB,OP,MATIC,POL,APT,SEI,EOS,MANA;CHZ,DASH,HBAR;1440;168;0,8;336;1,0;0,5;10,0;8760,0;2,3950554838501588;0,2329497291330313;0,4491566378340564;0,5186380641202858;-0,523003139353837;0,0148830477978565;733;89,91338582677166;0,4939428437983478
crypto;BTC;priority_with_coverage_fallback;30;30;ETH,SOL,XRP,BNB,TRX,ADA,AVAX,DOT,NEAR,ATOM,ALGO,DOGE,BCH,LTC,XLM,ETC,LINK,UNI,AAVE,INJ,FIL,VET,FET,GRT,THETA,XTZ,SAND,CHZ,DASH,HBAR;TON,SUI,ICP,MKR,RENDER,RNDR,ARB,OP,MATIC,POL,APT,SEI,EOS,MANA;CHZ,DASH,HBAR;1440;168;0,8;336;1,0;0,75;10,0;8760,0;0,9157307895990084;0,1178149304070375;0,429115859351979;0,274552729383979;-0,5262817167075544;0,0211218023938042;1063;57,21296296296296;0,4932189674704644
crypto;BTC;priority_with_coverage_fallback;30;30;ETH,SOL,XRP,BNB,TRX,ADA,AVAX,DOT,NEAR,ATOM,ALGO,DOGE,BCH,LTC,XLM,ETC,LINK,UNI,AAVE,INJ,FIL,VET,FET,GRT,THETA,XTZ,SAND,CHZ,DASH,HBAR;TON,SUI,ICP,MKR,RENDER,RNDR,ARB,OP,MATIC,POL,APT,SEI,EOS,MANA;CHZ,DASH,HBAR;1440;168;0,8;336;1,5;0,25;10,0;8760,0;2,04680813590326;0,210299812288683;0,4478317557641853;0,4695955782095554;-0,5304588582987815;0,0085073926308378;410;154,19266055045873;0,4926816207532575
crypto;BTC;priority_with_coverage_fallback;30;30;ETH,SOL,XRP,BNB,TRX,ADA,AVAX,DOT,NEAR,ATOM,ALGO,DOGE,BCH,LTC,XLM,ETC,LINK,UNI,AAVE,INJ,FIL,VET,FET,GRT,THETA,XTZ,SAND,CHZ,DASH,HBAR;TON,SUI,ICP,MKR,RENDER,RNDR,ARB,OP,MATIC,POL,APT,SEI,EOS,MANA;CHZ,DASH,HBAR;1440;168;0,8;336;1,5;0,5;10,0;8760,0;3,227519855735639;0,2801527685691847;0,4235423309469928;0,6614516380046235;-0,528439641557781;0,009895955565986;490;116,6600790513834;0,4938844655260037
crypto;BTC;priority_with_coverage_fallback;30;30;ETH,SOL,XRP,BNB,TRX,ADA,AVAX,DOT,NEAR,ATOM,ALGO,DOGE,BCH,LTC,XLM,ETC,LINK,UNI,AAVE,INJ,FIL,VET,FET,GRT,THETA,XTZ,SAND,CHZ,DASH,HBAR;TON,SUI,ICP,MKR,RENDER,RNDR,ARB,OP,MATIC,POL,APT,SEI,EOS,MANA;CHZ,DASH,HBAR;1440;168;0,8;336;1,5;0,75;10,0;8760,0;1,5996070798919253;0,1778297581257815;0,3952029455748397;0,4499707305245927;-0,4955712938285741;0,0113823046233278;573;88,17182130584193;0,4931795151609634
crypto;BTC;priority_with_coverage_fallback;30;30;ETH,SOL,XRP,BNB,TRX,ADA,AVAX,DOT,NEAR,ATOM,ALGO,DOGE,BCH,LTC,XLM,ETC,LINK,UNI,AAVE,INJ,FIL,VET,FET,GRT,THETA,XTZ,SAND,CHZ,DASH,HBAR;TON,SUI,ICP,MKR,RENDER,RNDR,ARB,OP,MATIC,POL,APT,SEI,EOS,MANA;CHZ,DASH,HBAR;1440;168;0,8;336;1,5;1,0;10,0;8760,0;-0,0288784965708837;-0,0050077643452787;0,343215690788465;-0,0145907208780998;-0,5611143669123988;0,0138074004537276;703;62,875354107648725;0,4921378688893895
crypto;BTC;priority_with_coverage_fallback;30;30;ETH,SOL,XRP,BNB,TRX,ADA,AVAX,DOT,NEAR,ATOM,ALGO,DOGE,BCH,LTC,XLM,ETC,LINK,UNI,AAVE,INJ,FIL,VET,FET,GRT,THETA,XTZ,SAND,CHZ,DASH,HBAR;TON,SUI,ICP,MKR,RENDER,RNDR,ARB,OP,MATIC,POL,APT,SEI,EOS,MANA;CHZ,DASH,HBAR;1440;168;0,8;336;2,0;0,25;10,0;8760,0;1,7257397789466866;0,1874292593733308;0,4185443011850153;0,4478122359871261;-0,4149766689187089;0,0063756551670186;314;171,920245398773;0,4945223566356207
crypto;BTC;priority_with_coverage_fallback;30;30;ETH,SOL,XRP,BNB,TRX,ADA,AVAX,DOT,NEAR,ATOM,ALGO,DOGE,BCH,LTC,XLM,ETC,LINK,UNI,AAVE,INJ,FIL,VET,FET,GRT,THETA,XTZ,SAND,CHZ,DASH,HBAR;TON,SUI,ICP,MKR,RENDER,RNDR,ARB,OP,MATIC,POL,APT,SEI,EOS,MANA;CHZ,DASH,HBAR;1440;168;0,8;336;2,0;0,5;10,0;8760,0;1,8578218489246392;0,1970947572237233;0,3856445023189571;0,5110788719625287;-0,4031382374029912;0,0069623719001799;347;135,9943820224719;0,4958069979757921
crypto;BTC;priority_with_coverage_fallback;30;30;ETH,SOL,XRP,BNB,TRX,ADA,AVAX,DOT,NEAR,ATOM,ALGO,DOGE,BCH,LTC,XLM,ETC,LINK,UNI,AAVE,INJ,FIL,VET,FET,GRT,THETA,XTZ,SAND,CHZ,DASH,HBAR;TON,SUI,ICP,MKR,RENDER,RNDR,ARB,OP,MATIC,POL,APT,SEI,EOS,MANA;CHZ,DASH,HBAR;1440;168;0,8;336;2,0;0,75;10,0;8760,0;0,9597855969047532;0,1221774737860554;0,3472059365403642;0,35188762900617;-0,3735771272404804;0,0074317452867089;375;105,49473684210528;0,4931650369187786
crypto;BTC;priority_with_coverage_fallback;30;30;ETH,SOL,XRP,BNB,TRX,ADA,AVAX,DOT,NEAR,ATOM,ALGO,DOGE,BCH,LTC,XLM,ETC,LINK,UNI,AAVE,INJ,FIL,VET,FET,GRT,THETA,XTZ,SAND,CHZ,DASH,HBAR;TON,SUI,ICP,MKR,RENDER,RNDR,ARB,OP,MATIC,POL,APT,SEI,EOS,MANA;CHZ,DASH,HBAR;1440;168;0,8;336;2,0;1,0;10,0;8760,0;0,1027877937698218;0,0169035784420583;0,3102375834065503;0,0544859144931744;-0,4438255865843993;0,0082531487131346;420;81,88625592417061;0,4927074892927422
crypto;BTC;priority_with_coverage_fallback;30;30;ETH,SOL,XRP,BNB,TRX,ADA,AVAX,DOT,NEAR,ATOM,ALGO,DOGE,BCH,LTC,XLM,ETC,LINK,UNI,AAVE,INJ,FIL,VET,FET,GRT,THETA,XTZ,SAND,CHZ,DASH,HBAR;TON,SUI,ICP,MKR,RENDER,RNDR,ARB,OP,MATIC,POL,APT,SEI,EOS,MANA;CHZ,DASH,HBAR;1440;168;0,8;336;2,5;0,25;10,0;8760,0;1,6301645999297327;0,1801902308250542;0,3701541435790358;0,4867978218014458;-0,3285052218853479;0,004615504967535;230;190,58474576271183;0,4971763973498154
crypto;BTC;priority_with_coverage_fallback;30;30;ETH,SOL,XRP,BNB,TRX,ADA,AVAX,DOT,NEAR,ATOM,ALGO,DOGE,BCH,LTC,XLM,ETC,LINK,UNI,AAVE,INJ,FIL,VET,FET,GRT,THETA,XTZ,SAND,CHZ,DASH,HBAR;TON,SUI,ICP,MKR,RENDER,RNDR,ARB,OP,MATIC,POL,APT,SEI,EOS,MANA;CHZ,DASH,HBAR;1440;168;0,8;336;2,5;0,5;10,0;8760,0;1,8668867046047932;0,1977444313142031;0,3411914513503283;0,5795702985276828;-0,3489530906154459;0,0047719627630446;239;156,5737704918033;0,4983247827452622
crypto;BTC;priority_with_coverage_fallback;30;30;ETH,SOL,XRP,BNB,TRX,ADA,AVAX,DOT,NEAR,ATOM,ALGO,DOGE,BCH,LTC,XLM,ETC,LINK,UNI,AAVE,INJ,FIL,VET,FET,GRT,THETA,XTZ,SAND,CHZ,DASH,HBAR;TON,SUI,ICP,MKR,RENDER,RNDR,ARB,OP,MATIC,POL,APT,SEI,EOS,MANA;CHZ,DASH,HBAR;1440;168;0,8;336;2,5;0,75;10,0;8760,0;0,741860383142805;0,0997417575269821;0,3091972582922607;0,3225829299970822;-0,3346418148477148;0,004811077211922;243;121,03252032520324;0,4937193524551622
crypto;BTC;priority_with_coverage_fallback;30;30;ETH,SOL,XRP,BNB,TRX,ADA,AVAX,DOT,NEAR,ATOM,ALGO,DOGE,BCH,LTC,XLM,ETC,LINK,UNI,AAVE,INJ,FIL,VET,FET,GRT,THETA,XTZ,SAND,CHZ,DASH,HBAR;TON,SUI,ICP,MKR,RENDER,RNDR,ARB,OP,MATIC,POL,APT,SEI,EOS,MANA;CHZ,DASH,HBAR;1440;168;0,8;336;2,5;1,0;10,0;8760,0;0,3920387484154168;0,0583042242656957;0,2687840548598518;0,2169184637686057;-0,2843146590024263;0,0051631072518188;263;93,65151515151516;0,4954699886749716
crypto;BTC;priority_with_coverage_fallback;30;30;ETH,SOL,XRP,BNB,TRX,ADA,AVAX,DOT,NEAR,ATOM,ALGO,DOGE,BCH,LTC,XLM,ETC,LINK,UNI,AAVE,INJ,FIL,VET,FET,GRT,THETA,XTZ,SAND,CHZ,DASH,HBAR;TON,SUI,ICP,MKR,RENDER,RNDR,ARB,OP,MATIC,POL,APT,SEI,EOS,MANA;CHZ,DASH,HBAR;1440;168;0,8;336;3,0;0,25;10,0;8760,0;0,7800869237871666;0,1038394473719925;0,3355781873022586;0,309434436745626;-0,3909255396843503;0,0029726981146835;151;213,07894736842104;0,5006175126590096
crypto;BTC;priority_with_coverage_fallback;30;30;ETH,SOL,XRP,BNB,TRX,ADA,AVAX,DOT,NEAR,ATOM,ALGO,DOGE,BCH,LTC,XLM,ETC,LINK,UNI,AAVE,INJ,FIL,VET,FET,GRT,THETA,XTZ,SAND,CHZ,DASH,HBAR;TON,SUI,ICP,MKR,RENDER,RNDR,ARB,OP,MATIC,POL,APT,SEI,EOS,MANA;CHZ,DASH,HBAR;1440;168;0,8;336;3,0;0,5;10,0;8760,0;0,9814301177646312;0,124291126771141;0,3093868309395817;0,4017337337652006;-0,3845473327498111;0,0030509270124383;155;175,32051282051282;0,4985740402193784
crypto;BTC;priority_with_coverage_fallback;30;30;ETH,SOL,XRP,BNB,TRX,ADA,AVAX,DOT,NEAR,ATOM,ALGO,DOGE,BCH,LTC,XLM,ETC,LINK,UNI,AAVE,INJ,FIL,VET,FET,GRT,THETA,XTZ,SAND,CHZ,DASH,HBAR;TON,SUI,ICP,MKR,RENDER,RNDR,ARB,OP,MATIC,POL,APT,SEI,EOS,MANA;CHZ,DASH,HBAR;1440;168;0,8;336;3,0;0,75;10,0;8760,0;0,3415463439692394;0,0516266158248286;0,2759488077982332;0,1870876567170267;-0,4446704968114845;0,0030509270124383;155;129,47435897435898;0,49381126844242
crypto;BTC;priority_with_coverage_fallback;30;30;ETH,SOL,XRP,BNB,TRX,ADA,AVAX,DOT,NEAR,ATOM,ALGO,DOGE,BCH,LTC,XLM,ETC,LINK,UNI,AAVE,INJ,FIL,VET,FET,GRT,THETA,XTZ,SAND,CHZ,DASH,HBAR;TON,SUI,ICP,MKR,RENDER,RNDR,ARB,OP,MATIC,POL,APT,SEI,EOS,MANA;CHZ,DASH,HBAR;1440;168;0,8;336;3,0;1,0;10,0;8760,0;0,1565603439795329;0,0252318130217896;0,2383267084719711;0,1058706897920218;-0,4365874615838995;0,0031682703590706;162;101,96296296296296;0,4936432982201235
crypto;BTC;priority_with_coverage_fallback;30;30;ETH,SOL,XRP,BNB,TRX,ADA,AVAX,DOT,NEAR,ATOM,ALGO,DOGE,BCH,LTC,XLM,ETC,LINK,UNI,AAVE,INJ,FIL,VET,FET,GRT,THETA,XTZ,SAND,CHZ,DASH,HBAR;TON,SUI,ICP,MKR,RENDER,RNDR,ARB,OP,MATIC,POL,APT,SEI,EOS,MANA;CHZ,DASH,HBAR;1440;336;0,8;336;1,0;0,25;10,0;8760,0;6,321713211823386;0,4064573341692941;0,4825511816125708;0,8423092713419761;-0,4069143775968548;0,0115583196432762;546;132,0;0,4968519656019656
crypto;BTC;priority_with_coverage_fallback;30;30;ETH,SOL,XRP,BNB,TRX,ADA,AVAX,DOT,NEAR,ATOM,ALGO,DOGE,BCH,LTC,XLM,ETC,LINK,UNI,AAVE,INJ,FIL,VET,FET,GRT,THETA,XTZ,SAND,CHZ,DASH,HBAR;TON,SUI,ICP,MKR,RENDER,RNDR,ARB,OP,MATIC,POL,APT,SEI,EOS,MANA;CHZ,DASH,HBAR;1440;336;0,8;336;1,0;0,5;10,0;8760,0;3,9154277218344222;0,3136484986207337;0,4667653840008044;0,6719617807394929;-0,4248023992066475;0,0145701322068372;713;94,72654155495978;0,4959103387767809
crypto;BTC;priority_with_coverage_fallback;30;30;ETH,SOL,XRP,BNB,TRX,ADA,AVAX,DOT,NEAR,ATOM,ALGO,DOGE,BCH,LTC,XLM,ETC,LINK,UNI,AAVE,INJ,FIL,VET,FET,GRT,THETA,XTZ,SAND,CHZ,DASH,HBAR;TON,SUI,ICP,MKR,RENDER,RNDR,ARB,OP,MATIC,POL,APT,SEI,EOS,MANA;CHZ,DASH,HBAR;1440;336;0,8;336;1,0;0,75;10,0;8760,0;2,407684376196396;0,2337342540137732;0,4485201213678239;0,5211232292120328;-0,4079444374110722;0,0212978174137526;1065;57,777981651376145;0,4956969100320746
crypto;BTC;priority_with_coverage_fallback;30;30;ETH,SOL,XRP,BNB,TRX,ADA,AVAX,DOT,NEAR,ATOM,ALGO,DOGE,BCH,LTC,XLM,ETC,LINK,UNI,AAVE,INJ,FIL,VET,FET,GRT,THETA,XTZ,SAND,CHZ,DASH,HBAR;TON,SUI,ICP,MKR,RENDER,RNDR,ARB,OP,MATIC,POL,APT,SEI,EOS,MANA;CHZ,DASH,HBAR;1440;336;0,8;336;1,5;0,25;10,0;8760,0;3,6867963353967217;0,3029728100589353;0,4432514981922287;0,6835234878947717;-0,3644941169794788;0,0083900492842055;400;163,47906976744187;0,4955047228860817
crypto;BTC;priority_with_coverage_fallback;30;30;ETH,SOL,XRP,BNB,TRX,ADA,AVAX,DOT,NEAR,ATOM,ALGO,DOGE,BCH,LTC,XLM,ETC,LINK,UNI,AAVE,INJ,FIL,VET,FET,GRT,THETA,XTZ,SAND,CHZ,DASH,HBAR;TON,SUI,ICP,MKR,RENDER,RNDR,ARB,OP,MATIC,POL,APT,SEI,EOS,MANA;CHZ,DASH,HBAR;1440;336;0,8;336;1,5;0,5;10,0;8760,0;1,925818186788539;0,2019270051069781;0,4181415298163446;0,4829154501722614;-0,3681258223669748;0,0094852538527732;469;127,59670781893004;0,4954202412436302
crypto;BTC;priority_with_coverage_fallback;30;30;ETH,SOL,XRP,BNB,TRX,ADA,AVAX,DOT,NEAR,ATOM,ALGO,DOGE,BCH,LTC,XLM,ETC,LINK,UNI,AAVE,INJ,FIL,VET,FET,GRT,THETA,XTZ,SAND,CHZ,DASH,HBAR;TON,SUI,ICP,MKR,RENDER,RNDR,ARB,OP,MATIC,POL,APT,SEI,EOS,MANA;CHZ,DASH,HBAR;1440;336;0,8;336;1,5;0,75;10,0;8760,0;1,6924316489319744;0,184930670935941;0,3998067770583349;0,4625501155748499;-0,354954638643524;0,0111280607056246;559;93,77894736842106;0,4948928050286227
crypto;BTC;priority_with_coverage_fallback;30;30;ETH,SOL,XRP,BNB,TRX,ADA,AVAX,DOT,NEAR,ATOM,ALGO,DOGE,BCH,LTC,XLM,ETC,LINK,UNI,AAVE,INJ,FIL,VET,FET,GRT,THETA,XTZ,SAND,CHZ,DASH,HBAR;TON,SUI,ICP,MKR,RENDER,RNDR,ARB,OP,MATIC,POL,APT,SEI,EOS,MANA;CHZ,DASH,HBAR;1440;336;0,8;336;1,5;1,0;10,0;8760,0;0,5358581662745145;0,076281590966907;0,3689535499982744;0,2067512047716136;-0,4756089101498075;0,0133966987405147;677;66,34110787172011;0,4940013183915623
crypto;BTC;priority_with_coverage_fallback;30;30;ETH,SOL,XRP,BNB,TRX,ADA,AVAX,DOT,NEAR,ATOM,ALGO,DOGE,BCH,LTC,XLM,ETC,LINK,UNI,AAVE,INJ,FIL,VET,FET,GRT,THETA,XTZ,SAND,CHZ,DASH,HBAR;TON,SUI,ICP,MKR,RENDER,RNDR,ARB,OP,MATIC,POL,APT,SEI,EOS,MANA;CHZ,DASH,HBAR;1440;336;0,8;336;2,0;0,25;10,0;8760,0;2,078059377873871;0,2124176288126733;0,4115078082866947;0,5161934343289142;-0,3401350017881814;0,0063365407181412;307;191,179012345679;0,4966904523586581
crypto;BTC;priority_with_coverage_fallback;30;30;ETH,SOL,XRP,BNB,TRX,ADA,AVAX,DOT,NEAR,ATOM,ALGO,DOGE,BCH,LTC,XLM,ETC,LINK,UNI,AAVE,INJ,FIL,VET,FET,GRT,THETA,XTZ,SAND,CHZ,DASH,HBAR;TON,SUI,ICP,MKR,RENDER,RNDR,ARB,OP,MATIC,POL,APT,SEI,EOS,MANA;CHZ,DASH,HBAR;1440;336;0,8;336;2,0;0,5;10,0;8760,0;1,9014661113214872;0,2002071937188632;0,3837051398528645;0,5217735519405203;-0,3334543391523347;0,0070014863490573;350;148,3240223463687;0,4970998116760828
crypto;BTC;priority_with_coverage_fallback;30;30;ETH,SOL,XRP,BNB,TRX,ADA,AVAX,DOT,NEAR,ATOM,ALGO,DOGE,BCH,LTC,XLM,ETC,LINK,UNI,AAVE,INJ,FIL,VET,FET,GRT,THETA,XTZ,SAND,CHZ,DASH,HBAR;TON,SUI,ICP,MKR,RENDER,RNDR,ARB,OP,MATIC,POL,APT,SEI,EOS,MANA;CHZ,DASH,HBAR;1440;336;0,8;336;2,0;0,75;10,0;8760,0;1,6702034711005005;0,1832489497545726;0,3610017109515741;0,5076124134468554;-0,3164061132650232;0,0075099741844637;380;115,11458333333331;0,4963804180617138
crypto;BTC;priority_with_coverage_fallback;30;30;ETH,SOL,XRP,BNB,TRX,ADA,AVAX,DOT,NEAR,ATOM,ALGO,DOGE,BCH,LTC,XLM,ETC,LINK,UNI,AAVE,INJ,FIL,VET,FET,GRT,THETA,XTZ,SAND,CHZ,DASH,HBAR;TON,SUI,ICP,MKR,RENDER,RNDR,ARB,OP,MATIC,POL,APT,SEI,EOS,MANA;CHZ,DASH,HBAR;1440;336;0,8;336;2,0;1,0;10,0;8760,0;0,3595780280868841;0,0540348451784589;0,3258340204887641;0,1658354922466489;-0,558429081002163;0,0081358053665023;414;90,26923076923076;0,4942479761397528
crypto;BTC;priority_with_coverage_fallback;30;30;ETH,SOL,XRP,BNB,TRX,ADA,AVAX,DOT,NEAR,ATOM,ALGO,DOGE,BCH,LTC,XLM,ETC,LINK,UNI,AAVE,INJ,FIL,VET,FET,GRT,THETA,XTZ,SAND,CHZ,DASH,HBAR;TON,SUI,ICP,MKR,RENDER,RNDR,ARB,OP,MATIC,POL,APT,SEI,EOS,MANA;CHZ,DASH,HBAR;1440;336;0,8;336;2,5;0,25;10,0;8760,0;1,2440416652066566;0,1485213374754574;0,3769220959249306;0,3940372270057566;-0,4063216808638236;0,004811077211922;237;209,0569105691057;0,4956443960488449
crypto;BTC;priority_with_coverage_fallback;30;30;ETH,SOL,XRP,BNB,TRX,ADA,AVAX,DOT,NEAR,ATOM,ALGO,DOGE,BCH,LTC,XLM,ETC,LINK,UNI,AAVE,INJ,FIL,VET,FET,GRT,THETA,XTZ,SAND,CHZ,DASH,HBAR;TON,SUI,ICP,MKR,RENDER,RNDR,ARB,OP,MATIC,POL,APT,SEI,EOS,MANA;CHZ,DASH,HBAR;1440;336;0,8;336;2,5;0,5;10,0;8760,0;1,3924204582252069;0,161189042563665;0,3468048782824571;0,4647830888710387;-0,4731191600242449;0,0050848783540639;256;161,83846153846153;0,4966490802794809
crypto;BTC;priority_with_coverage_fallback;30;30;ETH,SOL,XRP,BNB,TRX,ADA,AVAX,DOT,NEAR,ATOM,ALGO,DOGE,BCH,LTC,XLM,ETC,LINK,UNI,AAVE,INJ,FIL,VET,FET,GRT,THETA,XTZ,SAND,CHZ,DASH,HBAR;TON,SUI,ICP,MKR,RENDER,RNDR,ARB,OP,MATIC,POL,APT,SEI,EOS,MANA;CHZ,DASH,HBAR;1440;336;0,8;336;2,5;0,75;10,0;8760,0;1,6965895668365607;0,185243969044845;0,3244773003182004;0,5708996249142377;-0,4484253834280318;0,0053195650473284;270;125,08088235294116;0,496502263241432
crypto;BTC;priority_with_coverage_fallback;30;30;ETH,SOL,XRP,BNB,TRX,ADA,AVAX,DOT,NEAR,ATOM,ALGO,DOGE,BCH,LTC,XLM,ETC,LINK,UNI,AAVE,INJ,FIL,VET,FET,GRT,THETA,XTZ,SAND,CHZ,DASH,HBAR;TON,SUI,ICP,MKR,RENDER,RNDR,ARB,OP,MATIC,POL,APT,SEI,EOS,MANA;CHZ,DASH,HBAR;1440;336;0,8;336;2,5;1,0;10,0;8760,0;0,4715039921680461;0,06841777942304;0,2858145884178723;0,2393781920012093;-0,5143963406229436;0,0054760228428381;280;99,8;0,4937732608073289
crypto;BTC;priority_with_coverage_fallback;30;30;ETH,SOL,XRP,BNB,TRX,ADA,AVAX,DOT,NEAR,ATOM,ALGO,DOGE,BCH,LTC,XLM,ETC,LINK,UNI,AAVE,INJ,FIL,VET,FET,GRT,THETA,XTZ,SAND,CHZ,DASH,HBAR;TON,SUI,ICP,MKR,RENDER,RNDR,ARB,OP,MATIC,POL,APT,SEI,EOS,MANA;CHZ,DASH,HBAR;1440;336;0,8;336;3,0;0,25;10,0;8760,0;-0,2406540440350444;-0,0460694159513916;0,316661895135132;-0,1454845583227879;-0,486670896851046;0,0030509270124383;152;240,52564102564105;0,4928841746175577
crypto;BTC;priority_with_coverage_fallback;30;30;ETH,SOL,XRP,BNB,TRX,ADA,AVAX,DOT,NEAR,ATOM,ALGO,DOGE,BCH,LTC,XLM,ETC,LINK,UNI,AAVE,INJ,FIL,VET,FET,GRT,THETA,XTZ,SAND,CHZ,DASH,HBAR;TON,SUI,ICP,MKR,RENDER,RNDR,ARB,OP,MATIC,POL,APT,SEI,EOS,MANA;CHZ,DASH,HBAR;1440;336;0,8;336;3,0;0,5;10,0;8760,0;-0,37356433307007;-0,0770023043201325;0,284570833661007;-0,2705909925114146;-0,5771317271710015;0,0030509270124383;154;190,34615384615384;0,4926921263554927
crypto;BTC;priority_with_coverage_fallback;30;30;ETH,SOL,XRP,BNB,TRX,ADA,AVAX,DOT,NEAR,ATOM,ALGO,DOGE,BCH,LTC,XLM,ETC,LINK,UNI,AAVE,INJ,FIL,VET,FET,GRT,THETA,XTZ,SAND,CHZ,DASH,HBAR;TON,SUI,ICP,MKR,RENDER,RNDR,ARB,OP,MATIC,POL,APT,SEI,EOS,MANA;CHZ,DASH,HBAR;1440;336;0,8;336;3,0;0,75;10,0;8760,0;-0,4101028082353147;-0,086456765157572;0,2670572267147435;-0,3237387215509454;-0,5947106389266821;0,0030900414613158;157;155,25316455696202;0,4909906237260497
crypto;BTC;priority_with_coverage_fallback;30;30;ETH,SOL,XRP,BNB,TRX,ADA,AVAX,DOT,NEAR,ATOM,ALGO,DOGE,BCH,LTC,XLM,ETC,LINK,UNI,AAVE,INJ,FIL,VET,FET,GRT,THETA,XTZ,SAND,CHZ,DASH,HBAR;TON,SUI,ICP,MKR,RENDER,RNDR,ARB,OP,MATIC,POL,APT,SEI,EOS,MANA;CHZ,DASH,HBAR;1440;336;0,8;336;3,0;1,0;10,0;8760,0;-0,5511962478732488;-0,1282541902538889;0,226983643201275;-0,5650371473690775;-0,6413615724783246;0,0031682703590706;162;123,8395061728395;0,487887548599342
crypto;ETH;priority_with_coverage_fallback;30;30;BTC,SOL,XRP,BNB,TRX,ADA,AVAX,DOT,NEAR,ATOM,ALGO,DOGE,BCH,LTC,XLM,ETC,LINK,UNI,AAVE,INJ,FIL,VET,FET,GRT,THETA,XTZ,SAND,CHZ,DASH,HBAR;TON,SUI,ICP,MKR,RENDER,RNDR,ARB,OP,MATIC,POL,APT,SEI,EOS,MANA;CHZ,DASH,HBAR;1440;24;0,8;336;1,0;0,25;10,0;8760,0;4,286394143439634;0,3301255092252981;0,4578321442817673;0,7210623224002516;-0,4019732570062717;0,0134749276382695;669;106,72753623188406;0,5000135792075174
crypto;ETH;priority_with_coverage_fallback;30;30;BTC,SOL,XRP,BNB,TRX,ADA,AVAX,DOT,NEAR,ATOM,ALGO,DOGE,BCH,LTC,XLM,ETC,LINK,UNI,AAVE,INJ,FIL,VET,FET,GRT,THETA,XTZ,SAND,CHZ,DASH,HBAR;TON,SUI,ICP,MKR,RENDER,RNDR,ARB,OP,MATIC,POL,APT,SEI,EOS,MANA;CHZ,DASH,HBAR;1440;24;0,8;336;1,0;0,5;10,0;8760,0;2,5124350632401504;0,2401502818789427;0,4371330280012351;0,549375742613217;-0,4438310514485415;0,0176210592192756;892;74,490022172949;0,5006697425212085
crypto;ETH;priority_with_coverage_fallback;30;30;BTC,SOL,XRP,BNB,TRX,ADA,AVAX,DOT,NEAR,ATOM,ALGO,DOGE,BCH,LTC,XLM,ETC,LINK,UNI,AAVE,INJ,FIL,VET,FET,GRT,THETA,XTZ,SAND,CHZ,DASH,HBAR;TON,SUI,ICP,MKR,RENDER,RNDR,ARB,OP,MATIC,POL,APT,SEI,EOS,MANA;CHZ,DASH,HBAR;1440;24;0,8;336;1,0;0,75;10,0;8760,0;0,9123124993854128;0,1174729690779063;0,4189492861907398;0,2803990195233872;-0,486340514951238;0,0256395212391457;1306;45,92530487804878;0,4993527400670495
crypto;ETH;priority_with_coverage_fallback;30;30;BTC,SOL,XRP,BNB,TRX,ADA,AVAX,DOT,NEAR,ATOM,ALGO,DOGE,BCH,LTC,XLM,ETC,LINK,UNI,AAVE,INJ,FIL,VET,FET,GRT,THETA,XTZ,SAND,CHZ,DASH,HBAR;TON,SUI,ICP,MKR,RENDER,RNDR,ARB,OP,MATIC,POL,APT,SEI,EOS,MANA;CHZ,DASH,HBAR;1440;24;0,8;336;1,5;0,25;10,0;8760,0;5,27916101105466;0,3699273353368693;0,4325599505784672;0,8552047752968378;-0,3390883865613435;0,0096808260971602;483;126,18145161290325;0,501933339724539
crypto;ETH;priority_with_coverage_fallback;30;30;BTC,SOL,XRP,BNB,TRX,ADA,AVAX,DOT,NEAR,ATOM,ALGO,DOGE,BCH,LTC,XLM,ETC,LINK,UNI,AAVE,INJ,FIL,VET,FET,GRT,THETA,XTZ,SAND,CHZ,DASH,HBAR;TON,SUI,ICP,MKR,RENDER,RNDR,ARB,OP,MATIC,POL,APT,SEI,EOS,MANA;CHZ,DASH,HBAR;1440;24;0,8;336;1,5;0,5;10,0;8760,0;2,5286925101407816;0,2411318000530644;0,4102872604751778;0,5877145680170414;-0,4086744367010122;0,0109324884612375;554;98,91785714285714;0,5024370870491389
crypto;ETH;priority_with_coverage_fallback;30;30;BTC,SOL,XRP,BNB,TRX,ADA,AVAX,DOT,NEAR,ATOM,ALGO,DOGE,BCH,LTC,XLM,ETC,LINK,UNI,AAVE,INJ,FIL,VET,FET,GRT,THETA,XTZ,SAND,CHZ,DASH,HBAR;TON,SUI,ICP,MKR,RENDER,RNDR,ARB,OP,MATIC,POL,APT,SEI,EOS,MANA;CHZ,DASH,HBAR;1440;24;0,8;336;1,5;0,75;10,0;8760,0;0,8392257665984855;0,1100374110057509;0,3914301057741782;0,2811163714352445;-0,4123914299343956;0,0123797230697019;629;76,77917981072555;0,5003903200624512
crypto;ETH;priority_with_coverage_fallback;30;30;BTC,SOL,XRP,BNB,TRX,ADA,AVAX,DOT,NEAR,ATOM,ALGO,DOGE,BCH,LTC,XLM,ETC,LINK,UNI,AAVE,INJ,FIL,VET,FET,GRT,THETA,XTZ,SAND,CHZ,DASH,HBAR;TON,SUI,ICP,MKR,RENDER,RNDR,ARB,OP,MATIC,POL,APT,SEI,EOS,MANA;CHZ,DASH,HBAR;1440;24;0,8;336;1,5;1,0;10,0;8760,0;0,2095283426516956;0,0331274191730917;0,3720700130902818;0,0890354449635623;-0,5203093572258897;0,0151568489399984;771;54,13659793814433;0,4988336110449893
crypto;ETH;priority_with_coverage_fallback;30;30;BTC,SOL,XRP,BNB,TRX,ADA,AVAX,DOT,NEAR,ATOM,ALGO,DOGE,BCH,LTC,XLM,ETC,LINK,UNI,AAVE,INJ,FIL,VET,FET,GRT,THETA,XTZ,SAND,CHZ,DASH,HBAR;TON,SUI,ICP,MKR,RENDER,RNDR,ARB,OP,MATIC,POL,APT,SEI,EOS,MANA;CHZ,DASH,HBAR;1440;24;0,8;336;2,0;0,25;10,0;8760,0;4,973565014138772;0,3582675892508622;0,4080050666662528;0,8780959319407772;-0,3747719539833647;0,0069037002268638;344;144,2316384180791;0,5029965921109326
crypto;ETH;priority_with_coverage_fallback;30;30;BTC,SOL,XRP,BNB,TRX,ADA,AVAX,DOT,NEAR,ATOM,ALGO,DOGE,BCH,LTC,XLM,ETC,LINK,UNI,AAVE,INJ,FIL,VET,FET,GRT,THETA,XTZ,SAND,CHZ,DASH,HBAR;TON,SUI,ICP,MKR,RENDER,RNDR,ARB,OP,MATIC,POL,APT,SEI,EOS,MANA;CHZ,DASH,HBAR;1440;24;0,8;336;2,0;0,5;10,0;8760,0;2,6291211383832613;0,2471132887824991;0,3862981727460557;0,6396957226741692;-0,4168481177319674;0,007490416960025;379;116,14583333333331;0,5041704035874439
crypto;ETH;priority_with_coverage_fallback;30;30;BTC,SOL,XRP,BNB,TRX,ADA,AVAX,DOT,NEAR,ATOM,ALGO,DOGE,BCH,LTC,XLM,ETC,LINK,UNI,AAVE,INJ,FIL,VET,FET,GRT,THETA,XTZ,SAND,CHZ,DASH,HBAR;TON,SUI,ICP,MKR,RENDER,RNDR,ARB,OP,MATIC,POL,APT,SEI,EOS,MANA;CHZ,DASH,HBAR;1440;24;0,8;336;2,0;0,75;10,0;8760,0;1,3542346083776011;0,1579925774570167;0,3675299806909804;0,429876706003631;-0,3592327858789761;0,0081162481420636;411;92,8076923076923;0,5029527559055118
crypto;ETH;priority_with_coverage_fallback;30;30;BTC,SOL,XRP,BNB,TRX,ADA,AVAX,DOT,NEAR,ATOM,ALGO,DOGE,BCH,LTC,XLM,ETC,LINK,UNI,AAVE,INJ,FIL,VET,FET,GRT,THETA,XTZ,SAND,CHZ,DASH,HBAR;TON,SUI,ICP,MKR,RENDER,RNDR,ARB,OP,MATIC,POL,APT,SEI,EOS,MANA;CHZ,DASH,HBAR;1440;24;0,8;336;2,0;1,0;10,0;8760,0;1,0899186723312817;0,1346057447362496;0,3419032284121042;0,3936954481576468;-0,4110248822521677;0,0091723382617538;466;69,73617021276596;0,5034171344886502
crypto;ETH;priority_with_coverage_fallback;30;30;BTC,SOL,XRP,BNB,TRX,ADA,AVAX,DOT,NEAR,ATOM,ALGO,DOGE,BCH,LTC,XLM,ETC,LINK,UNI,AAVE,INJ,FIL,VET,FET,GRT,THETA,XTZ,SAND,CHZ,DASH,HBAR;TON,SUI,ICP,MKR,RENDER,RNDR,ARB,OP,MATIC,POL,APT,SEI,EOS,MANA;CHZ,DASH,HBAR;1440;24;0,8;336;2,5;0,25;10,0;8760,0;9,586361849839964;0,4981694208979721;0,3825886280580238;1,3021020081716053;-0,2792051594078161;0,0051239928029414;255;154,7175572519084;0,5046378527728439
crypto;ETH;priority_with_coverage_fallback;30;30;BTC,SOL,XRP,BNB,TRX,ADA,AVAX,DOT,NEAR,ATOM,ALGO,DOGE,BCH,LTC,XLM,ETC,LINK,UNI,AAVE,INJ,FIL,VET,FET,GRT,THETA,XTZ,SAND,CHZ,DASH,HBAR;TON,SUI,ICP,MKR,RENDER,RNDR,ARB,OP,MATIC,POL,APT,SEI,EOS,MANA;CHZ,DASH,HBAR;1440;24;0,8;336;2,5;0,5;10,0;8760,0;6,631179248357011;0,416467901305984;0,356872123314807;1,1669947695483232;-0,3210256522624113;0,0054369083939607;274;119,63309352517986;0,5072463768115942
crypto;ETH;priority_with_coverage_fallback;30;30;BTC,SOL,XRP,BNB,TRX,ADA,AVAX,DOT,NEAR,ATOM,ALGO,DOGE,BCH,LTC,XLM,ETC,LINK,UNI,AAVE,INJ,FIL,VET,FET,GRT,THETA,XTZ,SAND,CHZ,DASH,HBAR;TON,SUI,ICP,MKR,RENDER,RNDR,ARB,OP,MATIC,POL,APT,SEI,EOS,MANA;CHZ,DASH,HBAR;1440;24;0,8;336;2,5;0,75;10,0;8760,0;5,401494884388083;0,3744633594163111;0,3323048050529233;1,126867122359767;-0,2863174463917798;0,0057107095361026;288;95,26712328767124;0,5086634553167014
crypto;ETH;priority_with_coverage_fallback;30;30;BTC,SOL,XRP,BNB,TRX,ADA,AVAX,DOT,NEAR,ATOM,ALGO,DOGE,BCH,LTC,XLM,ETC,LINK,UNI,AAVE,INJ,FIL,VET,FET,GRT,THETA,XTZ,SAND,CHZ,DASH,HBAR;TON,SUI,ICP,MKR,RENDER,RNDR,ARB,OP,MATIC,POL,APT,SEI,EOS,MANA;CHZ,DASH,HBAR;1440;24;0,8;336;2,5;1,0;10,0;8760,0;2,7612417380792724;0,2547768255477218;0,3086002905941344;0,8255884174872659;-0,2878680870419312;0,0059845106782445;303;77,43137254901961;0,506879378745674
crypto;ETH;priority_with_coverage_fallback;30;30;BTC,SOL,XRP,BNB,TRX,ADA,AVAX,DOT,NEAR,ATOM,ALGO,DOGE,BCH,LTC,XLM,ETC,LINK,UNI,AAVE,INJ,FIL,VET,FET,GRT,THETA,XTZ,SAND,CHZ,DASH,HBAR;TON,SUI,ICP,MKR,RENDER,RNDR,ARB,OP,MATIC,POL,APT,SEI,EOS,MANA;CHZ,DASH,HBAR;1440;24;0,8;336;3,0;0,25;10,0;8760,0;10,565834370662037;0,5210547463094164;0,3201277648525021;1,6276462197819386;-0,2296838937739822;0,0035594148478447;179;152,13186813186817;0,5101849176538573
crypto;ETH;priority_with_coverage_fallback;30;30;BTC,SOL,XRP,BNB,TRX,ADA,AVAX,DOT,NEAR,ATOM,ALGO,DOGE,BCH,LTC,XLM,ETC,LINK,UNI,AAVE,INJ,FIL,VET,FET,GRT,THETA,XTZ,SAND,CHZ,DASH,HBAR;TON,SUI,ICP,MKR,RENDER,RNDR,ARB,OP,MATIC,POL,APT,SEI,EOS,MANA;CHZ,DASH,HBAR;1440;24;0,8;336;3,0;0,5;10,0;8760,0;7,07254692280145;0,4301784136001241;0,2934166788845639;1,466100752129926;-0,2459593399749968;0,0036376437455996;184;115,36559139784946;0,5142138130301053
crypto;ETH;priority_with_coverage_fallback;30;30;BTC,SOL,XRP,BNB,TRX,ADA,AVAX,DOT,NEAR,ATOM,ALGO,DOGE,BCH,LTC,XLM,ETC,LINK,UNI,AAVE,INJ,FIL,VET,FET,GRT,THETA,XTZ,SAND,CHZ,DASH,HBAR;TON,SUI,ICP,MKR,RENDER,RNDR,ARB,OP,MATIC,POL,APT,SEI,EOS,MANA;CHZ,DASH,HBAR;1440;24;0,8;336;3,0;0,75;10,0;8760,0;5,084492028983341;0,3625558735895058;0,2696922417406675;1,344331862308945;-0,1963775512964276;0,003676758194477;186;94,65957446808513;0,5156214879748258
crypto;ETH;priority_with_coverage_fallback;30;30;BTC,SOL,XRP,BNB,TRX,ADA,AVAX,DOT,NEAR,ATOM,ALGO,DOGE,BCH,LTC,XLM,ETC,LINK,UNI,AAVE,INJ,FIL,VET,FET,GRT,THETA,XTZ,SAND,CHZ,DASH,HBAR;TON,SUI,ICP,MKR,RENDER,RNDR,ARB,OP,MATIC,POL,APT,SEI,EOS,MANA;CHZ,DASH,HBAR;1440;24;0,8;336;3,0;1,0;10,0;8760,0;2,9678511720099348;0,26632527876595;0,2487479677277172;1,0706631342511033;-0,1916001678158281;0,003676758194477;187;78,22340425531915;0,5132598939208486
crypto;ETH;priority_with_coverage_fallback;30;30;BTC,SOL,XRP,BNB,TRX,ADA,AVAX,DOT,NEAR,ATOM,ALGO,DOGE,BCH,LTC,XLM,ETC,LINK,UNI,AAVE,INJ,FIL,VET,FET,GRT,THETA,XTZ,SAND,CHZ,DASH,HBAR;TON,SUI,ICP,MKR,RENDER,RNDR,ARB,OP,MATIC,POL,APT,SEI,EOS,MANA;CHZ,DASH,HBAR;1440;72;0,8;336;1,0;0,25;10,0;8760,0;4,060507267080533;0,3202112547884113;0,5092283843218262;0,6288165873056315;-0,4419155345377841;0,0127708675584761;629;113,30581039755351;0,497098593830126
crypto;ETH;priority_with_coverage_fallback;30;30;BTC,SOL,XRP,BNB,TRX,ADA,AVAX,DOT,NEAR,ATOM,ALGO,DOGE,BCH,LTC,XLM,ETC,LINK,UNI,AAVE,INJ,FIL,VET,FET,GRT,THETA,XTZ,SAND,CHZ,DASH,HBAR;TON,SUI,ICP,MKR,RENDER,RNDR,ARB,OP,MATIC,POL,APT,SEI,EOS,MANA;CHZ,DASH,HBAR;1440;72;0,8;336;1,0;0,5;10,0;8760,0;1,240288033430632;0,1481919763456063;0,4850906914886836;0,3054933416488026;-0,507203186933602;0,0161347101619338;815;80,99031476997578;0,4966665670124667
crypto;ETH;priority_with_coverage_fallback;30;30;BTC,SOL,XRP,BNB,TRX,ADA,AVAX,DOT,NEAR,ATOM,ALGO,DOGE,BCH,LTC,XLM,ETC,LINK,UNI,AAVE,INJ,FIL,VET,FET,GRT,THETA,XTZ,SAND,CHZ,DASH,HBAR;TON,SUI,ICP,MKR,RENDER,RNDR,ARB,OP,MATIC,POL,APT,SEI,EOS,MANA;CHZ,DASH,HBAR;1440;72;0,8;336;1,0;0,75;10,0;8760,0;0,4578542015274769;0,0667132973823509;0,4571658857418016;0,1459279868927695;-0,5741351373568987;0,0232926543065008;1184;50,56208053691275;0,4962999834079973
crypto;ETH;priority_with_coverage_fallback;30;30;BTC,SOL,XRP,BNB,TRX,ADA,AVAX,DOT,NEAR,ATOM,ALGO,DOGE,BCH,LTC,XLM,ETC,LINK,UNI,AAVE,INJ,FIL,VET,FET,GRT,THETA,XTZ,SAND,CHZ,DASH,HBAR;TON,SUI,ICP,MKR,RENDER,RNDR,ARB,OP,MATIC,POL,APT,SEI,EOS,MANA;CHZ,DASH,HBAR;1440;72;0,8;336;1,5;0,25;10,0;8760,0;3,196798106595746;0,2785541497310275;0,4846087835791589;0,5748021067090849;-0,4765580037312369;0,0088985371196119;439;138,64912280701753;0,4969315449829178
crypto;ETH;priority_with_coverage_fallback;30;30;BTC,SOL,XRP,BNB,TRX,ADA,AVAX,DOT,NEAR,ATOM,ALGO,DOGE,BCH,LTC,XLM,ETC,LINK,UNI,AAVE,INJ,FIL,VET,FET,GRT,THETA,XTZ,SAND,CHZ,DASH,HBAR;TON,SUI,ICP,MKR,RENDER,RNDR,ARB,OP,MATIC,POL,APT,SEI,EOS,MANA;CHZ,DASH,HBAR;1440;72;0,8;336;1,5;0,5;10,0;8760,0;2,3387610409739454;0,2294229425846943;0,4561485446452828;0,5029566470788626;-0,4670402187972051;0,0103066572791989;518;105,90530303030305;0,4977645838549304
crypto;ETH;priority_with_coverage_fallback;30;30;BTC,SOL,XRP,BNB,TRX,ADA,AVAX,DOT,NEAR,ATOM,ALGO,DOGE,BCH,LTC,XLM,ETC,LINK,UNI,AAVE,INJ,FIL,VET,FET,GRT,THETA,XTZ,SAND,CHZ,DASH,HBAR;TON,SUI,ICP,MKR,RENDER,RNDR,ARB,OP,MATIC,POL,APT,SEI,EOS,MANA;CHZ,DASH,HBAR;1440;72;0,8;336;1,5;0,75;10,0;8760,0;0,7935013247821943;0,1052601244408213;0,4256345774954825;0,2473016291584969;-0,5031160892168898;0,0116756629899084;593;81,75919732441471;0,4969729199050969
crypto;ETH;priority_with_coverage_fallback;30;30;BTC,SOL,XRP,BNB,TRX,ADA,AVAX,DOT,NEAR,ATOM,ALGO,DOGE,BCH,LTC,XLM,ETC,LINK,UNI,AAVE,INJ,FIL,VET,FET,GRT,THETA,XTZ,SAND,CHZ,DASH,HBAR;TON,SUI,ICP,MKR,RENDER,RNDR,ARB,OP,MATIC,POL,APT,SEI,EOS,MANA;CHZ,DASH,HBAR;1440;72;0,8;336;1,5;1,0;10,0;8760,0;0,2399826633585544;0,0375381701164012;0,4035235434324033;0,0930259726535373;-0,5105370140115506;0,0142963310646952;728;58,69125683060109;0,4950421302546436
crypto;ETH;priority_with_coverage_fallback;30;30;BTC,SOL,XRP,BNB,TRX,ADA,AVAX,DOT,NEAR,ATOM,ALGO,DOGE,BCH,LTC,XLM,ETC,LINK,UNI,AAVE,INJ,FIL,VET,FET,GRT,THETA,XTZ,SAND,CHZ,DASH,HBAR;TON,SUI,ICP,MKR,RENDER,RNDR,ARB,OP,MATIC,POL,APT,SEI,EOS,MANA;CHZ,DASH,HBAR;1440;72;0,8;336;2,0;0,25;10,0;8760,0;4,407082289601769;0,3352794345765642;0,4585469119640111;0,731178044882087;-0,3944138623132452;0,0065907846358444;326;155,74556213017752;0,4980053949318035
crypto;ETH;priority_with_coverage_fallback;30;30;BTC,SOL,XRP,BNB,TRX,ADA,AVAX,DOT,NEAR,ATOM,ALGO,DOGE,BCH,LTC,XLM,ETC,LINK,UNI,AAVE,INJ,FIL,VET,FET,GRT,THETA,XTZ,SAND,CHZ,DASH,HBAR;TON,SUI,ICP,MKR,RENDER,RNDR,ARB,OP,MATIC,POL,APT,SEI,EOS,MANA;CHZ,DASH,HBAR;1440;72;0,8;336;2,0;0,5;10,0;8760,0;3,0171681472684764;0,2690079793299751;0,4254837447172994;0,6322403209756222;-0,4132363482069632;0,0072166158178831;364;121,11351351351352;0,4996875836829421
crypto;ETH;priority_with_coverage_fallback;30;30;BTC,SOL,XRP,BNB,TRX,ADA,AVAX,DOT,NEAR,ATOM,ALGO,DOGE,BCH,LTC,XLM,ETC,LINK,UNI,AAVE,INJ,FIL,VET,FET,GRT,THETA,XTZ,SAND,CHZ,DASH,HBAR;TON,SUI,ICP,MKR,RENDER,RNDR,ARB,OP,MATIC,POL,APT,SEI,EOS,MANA;CHZ,DASH,HBAR;1440;72;0,8;336;2,0;0,75;10,0;8760,0;1,236977329760789;0,1479011000259438;0,3937281671581022;0,3756426701535779;-0,4167571578511372;0,0077251036532895;393;98,8181818181818;0,4990800367985281
crypto;ETH;priority_with_coverage_fallback;30;30;BTC,SOL,XRP,BNB,TRX,ADA,AVAX,DOT,NEAR,ATOM,ALGO,DOGE,BCH,LTC,XLM,ETC,LINK,UNI,AAVE,INJ,FIL,VET,FET,GRT,THETA,XTZ,SAND,CHZ,DASH,HBAR;TON,SUI,ICP,MKR,RENDER,RNDR,ARB,OP,MATIC,POL,APT,SEI,EOS,MANA;CHZ,DASH,HBAR;1440;72;0,8;336;2,0;1,0;10,0;8760,0;1,0702975211817405;0,1327736529361762;0,3586661187354645;0,370187330223137;-0,4011815353765515;0,0086638504263474;441;74,98198198198199;0,4990988826144419
crypto;ETH;priority_with_coverage_fallback;30;30;BTC,SOL,XRP,BNB,TRX,ADA,AVAX,DOT,NEAR,ATOM,ALGO,DOGE,BCH,LTC,XLM,ETC,LINK,UNI,AAVE,INJ,FIL,VET,FET,GRT,THETA,XTZ,SAND,CHZ,DASH,HBAR;TON,SUI,ICP,MKR,RENDER,RNDR,ARB,OP,MATIC,POL,APT,SEI,EOS,MANA;CHZ,DASH,HBAR;1440;72;0,8;336;2,5;0,25;10,0;8760,0;7,6400476780122;0,4469220978588102;0,4236423409455046;1,0549514405508873;-0,2965132893432995;0,0048501916607994;240;163,4193548387097;0,4975819186735096
crypto;ETH;priority_with_coverage_fallback;30;30;BTC,SOL,XRP,BNB,TRX,ADA,AVAX,DOT,NEAR,ATOM,ALGO,DOGE,BCH,LTC,XLM,ETC,LINK,UNI,AAVE,INJ,FIL,VET,FET,GRT,THETA,XTZ,SAND,CHZ,DASH,HBAR;TON,SUI,ICP,MKR,RENDER,RNDR,ARB,OP,MATIC,POL,APT,SEI,EOS,MANA;CHZ,DASH,HBAR;1440;72;0,8;336;2,5;0,5;10,0;8760,0;4,767445342909192;0,3501209296129377;0,3925697534727956;0,8918693468247559;-0,318378665486704;0,0050066494563091;253;132,4921875;0,5000884486113568
crypto;ETH;priority_with_coverage_fallback;30;30;BTC,SOL,XRP,BNB,TRX,ADA,AVAX,DOT,NEAR,ATOM,ALGO,DOGE,BCH,LTC,XLM,ETC,LINK,UNI,AAVE,INJ,FIL,VET,FET,GRT,THETA,XTZ,SAND,CHZ,DASH,HBAR;TON,SUI,ICP,MKR,RENDER,RNDR,ARB,OP,MATIC,POL,APT,SEI,EOS,MANA;CHZ,DASH,HBAR;1440;72;0,8;336;2,5;0,75;10,0;8760,0;3,495913581478294;0,2937239306953472;0,3582293449792579;0,8199326348106806;-0,3224686580431567;0,005280450598451;268;107,72592592592592;0,5007907584404868
crypto;ETH;priority_with_coverage_fallback;30;30;BTC,SOL,XRP,BNB,TRX,ADA,AVAX,DOT,NEAR,ATOM,ALGO,DOGE,BCH,LTC,XLM,ETC,LINK,UNI,AAVE,INJ,FIL,VET,FET,GRT,THETA,XTZ,SAND,CHZ,DASH,HBAR;TON,SUI,ICP,MKR,RENDER,RNDR,ARB,OP,MATIC,POL,APT,SEI,EOS,MANA;CHZ,DASH,HBAR;1440;72;0,8;336;2,5;1,0;10,0;8760,0;2,3730443359449915;0,2315765657781257;0,3185256082076452;0,7270265241190973;-0,2871375747079817;0,0056715950872252;288;83,8896551724138;0,5007398881946729
crypto;ETH;priority_with_coverage_fallback;30;30;BTC,SOL,XRP,BNB,TRX,ADA,AVAX,DOT,NEAR,ATOM,ALGO,DOGE,BCH,LTC,XLM,ETC,LINK,UNI,AAVE,INJ,FIL,VET,FET,GRT,THETA,XTZ,SAND,CHZ,DASH,HBAR;TON,SUI,ICP,MKR,RENDER,RNDR,ARB,OP,MATIC,POL,APT,SEI,EOS,MANA;CHZ,DASH,HBAR;1440;72;0,8;336;3,0;0,25;10,0;8760,0;10,058781243170095;0,5094171193485941;0,359773013382366;1,4159403301525195;-0,2674850704088289;0,0033247281545803;166;163,36470588235295;0,5034567189975515
crypto;ETH;priority_with_coverage_fallback;30;30;BTC,SOL,XRP,BNB,TRX,ADA,AVAX,DOT,NEAR,ATOM,ALGO,DOGE,BCH,LTC,XLM,ETC,LINK,UNI,AAVE,INJ,FIL,VET,FET,GRT,THETA,XTZ,SAND,CHZ,DASH,HBAR;TON,SUI,ICP,MKR,RENDER,RNDR,ARB,OP,MATIC,POL,APT,SEI,EOS,MANA;CHZ,DASH,HBAR;1440;72;0,8;336;3,0;0,5;10,0;8760,0;6,143663866669273;0,4005378358339497;0,3341118522696771;1,1988136102117597;-0,2327903110885246;0,0034029570523351;172;128,2183908045977;0,5070372030479605
crypto;ETH;priority_with_coverage_fallback;30;30;BTC,SOL,XRP,BNB,TRX,ADA,AVAX,DOT,NEAR,ATOM,ALGO,DOGE,BCH,LTC,XLM,ETC,LINK,UNI,AAVE,INJ,FIL,VET,FET,GRT,THETA,XTZ,SAND,CHZ,DASH,HBAR;TON,SUI,ICP,MKR,RENDER,RNDR,ARB,OP,MATIC,POL,APT,SEI,EOS,MANA;CHZ,DASH,HBAR;1440;72;0,8;336;3,0;0,75;10,0;8760,0;3,969675063535308;0,3161209656427937;0,3010815662845083;1,049951245916111;-0,2378328196537243;0,0034811859500899;177;106,31460674157304;0,5067638976960473
crypto;ETH;priority_with_coverage_fallback;30;30;BTC,SOL,XRP,BNB,TRX,ADA,AVAX,DOT,NEAR,ATOM,ALGO,DOGE,BCH,LTC,XLM,ETC,LINK,UNI,AAVE,INJ,FIL,VET,FET,GRT,THETA,XTZ,SAND,CHZ,DASH,HBAR;TON,SUI,ICP,MKR,RENDER,RNDR,ARB,OP,MATIC,POL,APT,SEI,EOS,MANA;CHZ,DASH,HBAR;1440;72;0,8;336;3,0;1,0;10,0;8760,0;3,20365903291606;0,2789119998359737;0,2695100143612819;1,0348854772501637;-0,2304830417891429;0,0035203003989673;179;85,24444444444444;0,5066475495307612
crypto;ETH;priority_with_coverage_fallback;30;30;BTC,SOL,XRP,BNB,TRX,ADA,AVAX,DOT,NEAR,ATOM,ALGO,DOGE,BCH,LTC,XLM,ETC,LINK,UNI,AAVE,INJ,FIL,VET,FET,GRT,THETA,XTZ,SAND,CHZ,DASH,HBAR;TON,SUI,ICP,MKR,RENDER,RNDR,ARB,OP,MATIC,POL,APT,SEI,EOS,MANA;CHZ,DASH,HBAR;1440;168;0,8;336;1,0;0,25;10,0;8760,0;1,918845299858786;0,201435776139534;0,5647693557581057;0,3566690970141982;-0,6206845365689735;0,0118516780098568;575;122,89438943894388;0,4956360609071622
crypto;ETH;priority_with_coverage_fallback;30;30;BTC,SOL,XRP,BNB,TRX,ADA,AVAX,DOT,NEAR,ATOM,ALGO,DOGE,BCH,LTC,XLM,ETC,LINK,UNI,AAVE,INJ,FIL,VET,FET,GRT,THETA,XTZ,SAND,CHZ,DASH,HBAR;TON,SUI,ICP,MKR,RENDER,RNDR,ARB,OP,MATIC,POL,APT,SEI,EOS,MANA;CHZ,DASH,HBAR;1440;168;0,8;336;1,0;0,5;10,0;8760,0;0,900147516733333;0,1162518763981168;0,5493784635617391;0,2116061769957833;-0,6400074848196001;0,0144332316357662;717;90,5880758807588;0,4950489125557184
crypto;ETH;priority_with_coverage_fallback;30;30;BTC,SOL,XRP,BNB,TRX,ADA,AVAX,DOT,NEAR,ATOM,ALGO,DOGE,BCH,LTC,XLM,ETC,LINK,UNI,AAVE,INJ,FIL,VET,FET,GRT,THETA,XTZ,SAND,CHZ,DASH,HBAR;TON,SUI,ICP,MKR,RENDER,RNDR,ARB,OP,MATIC,POL,APT,SEI,EOS,MANA;CHZ,DASH,HBAR;1440;168;0,8;336;1,0;0,75;10,0;8760,0;0,3010789890038978;0,0461227592868096;0,5352369111520987;0,0861726056738693;-0,6562002898096198;0,0208088868027849;1049;56,7687969924812;0,4943876030595013
crypto;ETH;priority_with_coverage_fallback;30;30;BTC,SOL,XRP,BNB,TRX,ADA,AVAX,DOT,NEAR,ATOM,ALGO,DOGE,BCH,LTC,XLM,ETC,LINK,UNI,AAVE,INJ,FIL,VET,FET,GRT,THETA,XTZ,SAND,CHZ,DASH,HBAR;TON,SUI,ICP,MKR,RENDER,RNDR,ARB,OP,MATIC,POL,APT,SEI,EOS,MANA;CHZ,DASH,HBAR;1440;168;0,8;336;1,5;0,25;10,0;8760,0;3,386317865524588;0,2882656144775655;0,5432883906349516;0,5305940996469001;-0,517193234794268;0,0088398654462958;433;147,45575221238937;0,4980945236309077
crypto;ETH;priority_with_coverage_fallback;30;30;BTC,SOL,XRP,BNB,TRX,ADA,AVAX,DOT,NEAR,ATOM,ALGO,DOGE,BCH,LTC,XLM,ETC,LINK,UNI,AAVE,INJ,FIL,VET,FET,GRT,THETA,XTZ,SAND,CHZ,DASH,HBAR;TON,SUI,ICP,MKR,RENDER,RNDR,ARB,OP,MATIC,POL,APT,SEI,EOS,MANA;CHZ,DASH,HBAR;1440;168;0,8;336;1,5;0,5;10,0;8760,0;1,736392687922757;0,188223040421779;0,5279510127208161;0,356516108287707;-0,576767505806427;0,0097394977704764;487;116,90763052208835;0,4967365166609412
crypto;ETH;priority_with_coverage_fallback;30;30;BTC,SOL,XRP,BNB,TRX,ADA,AVAX,DOT,NEAR,ATOM,ALGO,DOGE,BCH,LTC,XLM,ETC,LINK,UNI,AAVE,INJ,FIL,VET,FET,GRT,THETA,XTZ,SAND,CHZ,DASH,HBAR;TON,SUI,ICP,MKR,RENDER,RNDR,ARB,OP,MATIC,POL,APT,SEI,EOS,MANA;CHZ,DASH,HBAR;1440;168;0,8;336;1,5;0,75;10,0;8760,0;0,9132677959787256;0,1175685866791074;0,5072558371107238;0,2317737482308055;-0,6037789825043696;0,0112649612766956;569;88,38888888888889;0,4944610307982401
crypto;ETH;priority_with_coverage_fallback;30;30;BTC,SOL,XRP,BNB,TRX,ADA,AVAX,DOT,NEAR,ATOM,ALGO,DOGE,BCH,LTC,XLM,ETC,LINK,UNI,AAVE,INJ,FIL,VET,FET,GRT,THETA,XTZ,SAND,CHZ,DASH,HBAR;TON,SUI,ICP,MKR,RENDER,RNDR,ARB,OP,MATIC,POL,APT,SEI,EOS,MANA;CHZ,DASH,HBAR;1440;168;0,8;336;1,5;1,0;10,0;8760,0;-0,1840337975353968;-0,0342436716187092;0,4781222196703569;-0,0716211675799519;-0,6690478964801652;0,0132989126183212;677;66,12941176470588;0,4916384984878135
crypto;ETH;priority_with_coverage_fallback;30;30;BTC,SOL,XRP,BNB,TRX,ADA,AVAX,DOT,NEAR,ATOM,ALGO,DOGE,BCH,LTC,XLM,ETC,LINK,UNI,AAVE,INJ,FIL,VET,FET,GRT,THETA,XTZ,SAND,CHZ,DASH,HBAR;TON,SUI,ICP,MKR,RENDER,RNDR,ARB,OP,MATIC,POL,APT,SEI,EOS,MANA;CHZ,DASH,HBAR;1440;168;0,8;336;2,0;0,25;10,0;8760,0;5,681917469189425;0,3845961464845171;0,5242593282311143;0,7335990525570045;-0,4972905616752039;0,006688570758038;330;162,75438596491227;0,4991196866803205
crypto;ETH;priority_with_coverage_fallback;30;30;BTC,SOL,XRP,BNB,TRX,ADA,AVAX,DOT,NEAR,ATOM,ALGO,DOGE,BCH,LTC,XLM,ETC,LINK,UNI,AAVE,INJ,FIL,VET,FET,GRT,THETA,XTZ,SAND,CHZ,DASH,HBAR;TON,SUI,ICP,MKR,RENDER,RNDR,ARB,OP,MATIC,POL,APT,SEI,EOS,MANA;CHZ,DASH,HBAR;1440;168;0,8;336;2,0;0,5;10,0;8760,0;2,7223288843974776;0,2525432064449782;0,5040780870079855;0,5010001683349855;-0,5077866467797533;0,0070406007979347;352;131,55;0,4984585497698383
crypto;ETH;priority_with_coverage_fallback;30;30;BTC,SOL,XRP,BNB,TRX,ADA,AVAX,DOT,NEAR,ATOM,ALGO,DOGE,BCH,LTC,XLM,ETC,LINK,UNI,AAVE,INJ,FIL,VET,FET,GRT,THETA,XTZ,SAND,CHZ,DASH,HBAR;TON,SUI,ICP,MKR,RENDER,RNDR,ARB,OP,MATIC,POL,APT,SEI,EOS,MANA;CHZ,DASH,HBAR;1440;168;0,8;336;2,0;0,75;10,0;8760,0;2,042637432106043;0,2100158144785342;0,4830538159392474;0,4347669090868903;-0,505431644883565;0,0075882030822185;383;104,83505154639175;0,4968040121939227
crypto;ETH;priority_with_coverage_fallback;30;30;BTC,SOL,XRP,BNB,TRX,ADA,AVAX,DOT,NEAR,ATOM,ALGO,DOGE,BCH,LTC,XLM,ETC,LINK,UNI,AAVE,INJ,FIL,VET,FET,GRT,THETA,XTZ,SAND,CHZ,DASH,HBAR;TON,SUI,ICP,MKR,RENDER,RNDR,ARB,OP,MATIC,POL,APT,SEI,EOS,MANA;CHZ,DASH,HBAR;1440;168;0,8;336;2,0;1,0;10,0;8760,0;0,359544279574653;0,0540303626685749;0,4521528148609155;0,1194958007398339;-0,4648523289653791;0,0080966909176249;411;86,6280193236715;0,4934753513272362
crypto;ETH;priority_with_coverage_fallback;30;30;BTC,SOL,XRP,BNB,TRX,ADA,AVAX,DOT,NEAR,ATOM,ALGO,DOGE,BCH,LTC,XLM,ETC,LINK,UNI,AAVE,INJ,FIL,VET,FET,GRT,THETA,XTZ,SAND,CHZ,DASH,HBAR;TON,SUI,ICP,MKR,RENDER,RNDR,ARB,OP,MATIC,POL,APT,SEI,EOS,MANA;CHZ,DASH,HBAR;1440;168;0,8;336;2,5;0,25;10,0;8760,0;16,783320553520984;0,6373963210581504;0,4995322475536233;1,275986333574446;-0,3498184578395673;0,0050066494563091;247;173,25;0,4998647186147186
crypto;ETH;priority_with_coverage_fallback;30;30;BTC,SOL,XRP,BNB,TRX,ADA,AVAX,DOT,NEAR,ATOM,ALGO,DOGE,BCH,LTC,XLM,ETC,LINK,UNI,AAVE,INJ,FIL,VET,FET,GRT,THETA,XTZ,SAND,CHZ,DASH,HBAR;TON,SUI,ICP,MKR,RENDER,RNDR,ARB,OP,MATIC,POL,APT,SEI,EOS,MANA;CHZ,DASH,HBAR;1440;168;0,8;336;2,5;0,5;10,0;8760,0;7,595919425234564;0,4456533421273783;0,4769784305623856;0,9343259853531044;-0,3761724049387638;0,0050848783540639;254;142,75384615384615;0,4982217911412868
crypto;ETH;priority_with_coverage_fallback;30;30;BTC,SOL,XRP,BNB,TRX,ADA,AVAX,DOT,NEAR,ATOM,ALGO,DOGE,BCH,LTC,XLM,ETC,LINK,UNI,AAVE,INJ,FIL,VET,FET,GRT,THETA,XTZ,SAND,CHZ,DASH,HBAR;TON,SUI,ICP,MKR,RENDER,RNDR,ARB,OP,MATIC,POL,APT,SEI,EOS,MANA;CHZ,DASH,HBAR;1440;168;0,8;336;2,5;0,75;10,0;8760,0;6,323043764535594;0,4065011190892698;0,4546870840661964;0,8940238976088631;-0,3761724049387628;0,005280450598451;265;115,8;0,4975372609224077
crypto;ETH;priority_with_coverage_fallback;30;30;BTC,SOL,XRP,BNB,TRX,ADA,AVAX,DOT,NEAR,ATOM,ALGO,DOGE,BCH,LTC,XLM,ETC,LINK,UNI,AAVE,INJ,FIL,VET,FET,GRT,THETA,XTZ,SAND,CHZ,DASH,HBAR;TON,SUI,ICP,MKR,RENDER,RNDR,ARB,OP,MATIC,POL,APT,SEI,EOS,MANA;CHZ,DASH,HBAR;1440;168;0,8;336;2,5;1,0;10,0;8760,0;3,202700638443777;0,278862041284732;0,4206321316240205;0,6629594372832914;-0,3556263581428346;0,0055151372917155;279;97,12765957446808;0,4947791164658635
crypto;ETH;priority_with_coverage_fallback;30;30;BTC,SOL,XRP,BNB,TRX,ADA,AVAX,DOT,NEAR,ATOM,ALGO,DOGE,BCH,LTC,XLM,ETC,LINK,UNI,AAVE,INJ,FIL,VET,FET,GRT,THETA,XTZ,SAND,CHZ,DASH,HBAR;TON,SUI,ICP,MKR,RENDER,RNDR,ARB,OP,MATIC,POL,APT,SEI,EOS,MANA;CHZ,DASH,HBAR;1440;168;0,8;336;3,0;0,25;10,0;8760,0;11,031190783027329;0,5313690344454642;0,4096822645230379;1,2970271853581383;-0,2779548101032905;0,0032464992568254;162;182,10843373493975;0,501290109163083
crypto;ETH;priority_with_coverage_fallback;30;30;BTC,SOL,XRP,BNB,TRX,ADA,AVAX,DOT,NEAR,ATOM,ALGO,DOGE,BCH,LTC,XLM,ETC,LINK,UNI,AAVE,INJ,FIL,VET,FET,GRT,THETA,XTZ,SAND,CHZ,DASH,HBAR;TON,SUI,ICP,MKR,RENDER,RNDR,ARB,OP,MATIC,POL,APT,SEI,EOS,MANA;CHZ,DASH,HBAR;1440;168;0,8;336;3,0;0,5;10,0;8760,0;4,285092816683545;0,3300694076484523;0,38529491571057;0,8566669171840237;-0,3068028596068196;0,0032464992568254;163;145,73493975903614;0,4987599206349206
crypto;ETH;priority_with_coverage_fallback;30;30;BTC,SOL,XRP,BNB,TRX,ADA,AVAX,DOT,NEAR,ATOM,ALGO,DOGE,BCH,LTC,XLM,ETC,LINK,UNI,AAVE,INJ,FIL,VET,FET,GRT,THETA,XTZ,SAND,CHZ,DASH,HBAR;TON,SUI,ICP,MKR,RENDER,RNDR,ARB,OP,MATIC,POL,APT,SEI,EOS,MANA;CHZ,DASH,HBAR;1440;168;0,8;336;3,0;0,75;10,0;8760,0;3,568999082307789;0,2973029165038028;0,3559906000769671;0,835142603314594;-0,3004446585336899;0,0033247281545803;167;116,85882352941177;0,4989429175475687
crypto;ETH;priority_with_coverage_fallback;30;30;BTC,SOL,XRP,BNB,TRX,ADA,AVAX,DOT,NEAR,ATOM,ALGO,DOGE,BCH,LTC,XLM,ETC,LINK,UNI,AAVE,INJ,FIL,VET,FET,GRT,THETA,XTZ,SAND,CHZ,DASH,HBAR;TON,SUI,ICP,MKR,RENDER,RNDR,ARB,OP,MATIC,POL,APT,SEI,EOS,MANA;CHZ,DASH,HBAR;1440;168;0,8;336;3,0;1,0;10,0;8760,0;1,0548846409986692;0,1313243833221595;0,3189897472132547;0,4116884146573058;-0,3010856951808666;0,0033638426034577;171;103,04651162790698;0,4968404423380727
crypto;ETH;priority_with_coverage_fallback;30;30;BTC,SOL,XRP,BNB,TRX,ADA,AVAX,DOT,NEAR,ATOM,ALGO,DOGE,BCH,LTC,XLM,ETC,LINK,UNI,AAVE,INJ,FIL,VET,FET,GRT,THETA,XTZ,SAND,CHZ,DASH,HBAR;TON,SUI,ICP,MKR,RENDER,RNDR,ARB,OP,MATIC,POL,APT,SEI,EOS,MANA;CHZ,DASH,HBAR;1440;336;0,8;336;1,0;0,25;10,0;8760,0;0,8103967458928882;0,1070369892592966;0,6317740238562412;0,1694229031544555;-0,7437341002910025;0,0115778768677149;552;131,4358108108108;0,4981878935869425
crypto;ETH;priority_with_coverage_fallback;30;30;BTC,SOL,XRP,BNB,TRX,ADA,AVAX,DOT,NEAR,ATOM,ALGO,DOGE,BCH,LTC,XLM,ETC,LINK,UNI,AAVE,INJ,FIL,VET,FET,GRT,THETA,XTZ,SAND,CHZ,DASH,HBAR;TON,SUI,ICP,MKR,RENDER,RNDR,ARB,OP,MATIC,POL,APT,SEI,EOS,MANA;CHZ,DASH,HBAR;1440;336;0,8;336;1,0;0,5;10,0;8760,0;0,9454792819836552;0,1207697755819816;0,6093508143799415;0,1981941645632715;-0,6829499910835759;0,01498083392005;734;91,38903394255874;0,499000057139592
crypto;ETH;priority_with_coverage_fallback;30;30;BTC,SOL,XRP,BNB,TRX,ADA,AVAX,DOT,NEAR,ATOM,ALGO,DOGE,BCH,LTC,XLM,ETC,LINK,UNI,AAVE,INJ,FIL,VET,FET,GRT,THETA,XTZ,SAND,CHZ,DASH,HBAR;TON,SUI,ICP,MKR,RENDER,RNDR,ARB,OP,MATIC,POL,APT,SEI,EOS,MANA;CHZ,DASH,HBAR;1440;336;0,8;336;1,0;0,75;10,0;8760,0;0,5368439970752699;0,0763999150197785;0,5865154675637435;0,1302606994102422;-0,6620275460058463;0,0222170069623719;1113;54,29049295774648;0,4999513571359081
crypto;ETH;priority_with_coverage_fallback;30;30;BTC,SOL,XRP,BNB,TRX,ADA,AVAX,DOT,NEAR,ATOM,ALGO,DOGE,BCH,LTC,XLM,ETC,LINK,UNI,AAVE,INJ,FIL,VET,FET,GRT,THETA,XTZ,SAND,CHZ,DASH,HBAR;TON,SUI,ICP,MKR,RENDER,RNDR,ARB,OP,MATIC,POL,APT,SEI,EOS,MANA;CHZ,DASH,HBAR;1440;336;0,8;336;1,5;0,25;10,0;8760,0;1,3534159886302706;0,1579235833245247;0,5967640089405413;0,2646332234494045;-0,5618946044292807;0,008292263162012;395;161,62735849056602;0,4976214796439515
crypto;ETH;priority_with_coverage_fallback;30;30;BTC,SOL,XRP,BNB,TRX,ADA,AVAX,DOT,NEAR,ATOM,ALGO,DOGE,BCH,LTC,XLM,ETC,LINK,UNI,AAVE,INJ,FIL,VET,FET,GRT,THETA,XTZ,SAND,CHZ,DASH,HBAR;TON,SUI,ICP,MKR,RENDER,RNDR,ARB,OP,MATIC,POL,APT,SEI,EOS,MANA;CHZ,DASH,HBAR;1440;336;0,8;336;1,5;0,5;10,0;8760,0;0,8945520472768853;0,1156880397992323;0,5604683162136757;0,2064131663691171;-0,5301956222780926;0,0095048110772119;466;123,2798353909465;0,4987482057615916
crypto;ETH;priority_with_coverage_fallback;30;30;BTC,SOL,XRP,BNB,TRX,ADA,AVAX,DOT,NEAR,ATOM,ALGO,DOGE,BCH,LTC,XLM,ETC,LINK,UNI,AAVE,INJ,FIL,VET,FET,GRT,THETA,XTZ,SAND,CHZ,DASH,HBAR;TON,SUI,ICP,MKR,RENDER,RNDR,ARB,OP,MATIC,POL,APT,SEI,EOS,MANA;CHZ,DASH,HBAR;1440;336;0,8;336;1,5;0,75;10,0;8760,0;0,5096071908263473;0,0731074327148415;0,5330559666400507;0,1371477617550199;-0,5235614394047237;0,0109129312367988;544;92,37275985663082;0,498564333385069
crypto;ETH;priority_with_coverage_fallback;30;30;BTC,SOL,XRP,BNB,TRX,ADA,AVAX,DOT,NEAR,ATOM,ALGO,DOGE,BCH,LTC,XLM,ETC,LINK,UNI,AAVE,INJ,FIL,VET,FET,GRT,THETA,XTZ,SAND,CHZ,DASH,HBAR;TON,SUI,ICP,MKR,RENDER,RNDR,ARB,OP,MATIC,POL,APT,SEI,EOS,MANA;CHZ,DASH,HBAR;1440;336;0,8;336;1,5;1,0;10,0;8760,0;-0,2456628615227547;-0,047150386207563;0,5128794665629746;-0,0919326845419217;-0,65157152925491;0,0132989126183212;669;67,05882352941177;0,4974122807017543
crypto;ETH;priority_with_coverage_fallback;30;30;BTC,SOL,XRP,BNB,TRX,ADA,AVAX,DOT,NEAR,ATOM,ALGO,DOGE,BCH,LTC,XLM,ETC,LINK,UNI,AAVE,INJ,FIL,VET,FET,GRT,THETA,XTZ,SAND,CHZ,DASH,HBAR;TON,SUI,ICP,MKR,RENDER,RNDR,ARB,OP,MATIC,POL,APT,SEI,EOS,MANA;CHZ,DASH,HBAR;1440;336;0,8;336;2,0;0,25;10,0;8760,0;3,65235133110692;0,3013272139447454;0,5798544817174485;0,5196600585930732;-0,492828987363527;0,0067667996557928;325;178,14450867052022;0,4995295110159317
crypto;ETH;priority_with_coverage_fallback;30;30;BTC,SOL,XRP,BNB,TRX,ADA,AVAX,DOT,NEAR,ATOM,ALGO,DOGE,BCH,LTC,XLM,ETC,LINK,UNI,AAVE,INJ,FIL,VET,FET,GRT,THETA,XTZ,SAND,CHZ,DASH,HBAR;TON,SUI,ICP,MKR,RENDER,RNDR,ARB,OP,MATIC,POL,APT,SEI,EOS,MANA;CHZ,DASH,HBAR;1440;336;0,8;336;2,0;0,5;10,0;8760,0;2,6526922504217105;0,2484972698201593;0,5378392849247732;0,4620288565475767;-0,4487434599709616;0,0072361730423218;355;145,14054054054054;0,5005400171315779
crypto;ETH;priority_with_coverage_fallback;30;30;BTC,SOL,XRP,BNB,TRX,ADA,AVAX,DOT,NEAR,ATOM,ALGO,DOGE,BCH,LTC,XLM,ETC,LINK,UNI,AAVE,INJ,FIL,VET,FET,GRT,THETA,XTZ,SAND,CHZ,DASH,HBAR;TON,SUI,ICP,MKR,RENDER,RNDR,ARB,OP,MATIC,POL,APT,SEI,EOS,MANA;CHZ,DASH,HBAR;1440;336;0,8;336;2,0;0,75;10,0;8760,0;1,03234522182815;0,1291887028227962;0,5029648962999219;0,2568543128420636;-0,526913290973362;0,0077446608777282;387;112,35353535353536;0,5010338937337049
crypto;ETH;priority_with_coverage_fallback;30;30;BTC,SOL,XRP,BNB,TRX,ADA,AVAX,DOT,NEAR,ATOM,ALGO,DOGE,BCH,LTC,XLM,ETC,LINK,UNI,AAVE,INJ,FIL,VET,FET,GRT,THETA,XTZ,SAND,CHZ,DASH,HBAR;TON,SUI,ICP,MKR,RENDER,RNDR,ARB,OP,MATIC,POL,APT,SEI,EOS,MANA;CHZ,DASH,HBAR;1440;336;0,8;336;2,0;1,0;10,0;8760,0;0,5982651686019813;0,0836508607743458;0,482873335592231;0,1732356181393828;-0,6078495550649164;0,0086834076507862;436;85,19369369369369;0,4996034473642468
crypto;ETH;priority_with_coverage_fallback;30;30;BTC,SOL,XRP,BNB,TRX,ADA,AVAX,DOT,NEAR,ATOM,ALGO,DOGE,BCH,LTC,XLM,ETC,LINK,UNI,AAVE,INJ,FIL,VET,FET,GRT,THETA,XTZ,SAND,CHZ,DASH,HBAR;TON,SUI,ICP,MKR,RENDER,RNDR,ARB,OP,MATIC,POL,APT,SEI,EOS,MANA;CHZ,DASH,HBAR;1440;336;0,8;336;2,5;0,25;10,0;8760,0;2,628606093047575;0,2470829647631083;0,5506073190193012;0,4487462411563893;-0,4594877840483619;0,0049675350074317;238;201,4724409448819;0,4989252354711377
crypto;ETH;priority_with_coverage_fallback;30;30;BTC,SOL,XRP,BNB,TRX,ADA,AVAX,DOT,NEAR,ATOM,ALGO,DOGE,BCH,LTC,XLM,ETC,LINK,UNI,AAVE,INJ,FIL,VET,FET,GRT,THETA,XTZ,SAND,CHZ,DASH,HBAR;TON,SUI,ICP,MKR,RENDER,RNDR,ARB,OP,MATIC,POL,APT,SEI,EOS,MANA;CHZ,DASH,HBAR;1440;336;0,8;336;2,5;0,5;10,0;8760,0;1,500287195370822;0,1699953641682132;0,5034067192870202;0,3376898989528374;-0,4719932361191562;0,0052413361495736;259;168,5597014925373;0,5005534156815867
crypto;ETH;priority_with_coverage_fallback;30;30;BTC,SOL,XRP,BNB,TRX,ADA,AVAX,DOT,NEAR,ATOM,ALGO,DOGE,BCH,LTC,XLM,ETC,LINK,UNI,AAVE,INJ,FIL,VET,FET,GRT,THETA,XTZ,SAND,CHZ,DASH,HBAR;TON,SUI,ICP,MKR,RENDER,RNDR,ARB,OP,MATIC,POL,APT,SEI,EOS,MANA;CHZ,DASH,HBAR;1440;336;0,8;336;2,5;0,75;10,0;8760,0;0,0929411915858933;0,0153422364259636;0,4558995237396117;0,0336526704395647;-0,5796210891157367;0,0055151372917155;279;129,02836879432624;0,5013466717968449
crypto;ETH;priority_with_coverage_fallback;30;30;BTC,SOL,XRP,BNB,TRX,ADA,AVAX,DOT,NEAR,ATOM,ALGO,DOGE,BCH,LTC,XLM,ETC,LINK,UNI,AAVE,INJ,FIL,VET,FET,GRT,THETA,XTZ,SAND,CHZ,DASH,HBAR;TON,SUI,ICP,MKR,RENDER,RNDR,ARB,OP,MATIC,POL,APT,SEI,EOS,MANA;CHZ,DASH,HBAR;1440;336;0,8;336;2,5;1,0;10,0;8760,0;-0,2462148617742904;-0,0472698788571065;0,4350147048795604;-0,1086627149079795;-0,6663557850089303;0,0057107095361026;289;102,52054794520548;0,4995323356493854
crypto;ETH;priority_with_coverage_fallback;30;30;BTC,SOL,XRP,BNB,TRX,ADA,AVAX,DOT,NEAR,ATOM,ALGO,DOGE,BCH,LTC,XLM,ETC,LINK,UNI,AAVE,INJ,FIL,VET,FET,GRT,THETA,XTZ,SAND,CHZ,DASH,HBAR;TON,SUI,ICP,MKR,RENDER,RNDR,ARB,OP,MATIC,POL,APT,SEI,EOS,MANA;CHZ,DASH,HBAR;1440;336;0,8;336;3,0;0,25;10,0;8760,0;1,6480923689075695;0,1815645368963232;0,5138034847674404;0,3533735022807477;-0,4364876626780617;0,0032464992568254;159;246,0120481927711;0,4926783877760909
crypto;ETH;priority_with_coverage_fallback;30;30;BTC,SOL,XRP,BNB,TRX,ADA,AVAX,DOT,NEAR,ATOM,ALGO,DOGE,BCH,LTC,XLM,ETC,LINK,UNI,AAVE,INJ,FIL,VET,FET,GRT,THETA,XTZ,SAND,CHZ,DASH,HBAR;TON,SUI,ICP,MKR,RENDER,RNDR,ARB,OP,MATIC,POL,APT,SEI,EOS,MANA;CHZ,DASH,HBAR;1440;336;0,8;336;3,0;0,5;10,0;8760,0;1,0858692593144093;0,1342288084690168;0,4670111062124079;0,2874210199360149;-0,4638746068686303;0,0034029570523351;170;202,58620689655172;0,496
crypto;ETH;priority_with_coverage_fallback;30;30;BTC,SOL,XRP,BNB,TRX,ADA,AVAX,DOT,NEAR,ATOM,ALGO,DOGE,BCH,LTC,XLM,ETC,LINK,UNI,AAVE,INJ,FIL,VET,FET,GRT,THETA,XTZ,SAND,CHZ,DASH,HBAR;TON,SUI,ICP,MKR,RENDER,RNDR,ARB,OP,MATIC,POL,APT,SEI,EOS,MANA;CHZ,DASH,HBAR;1440;336;0,8;336;3,0;0,75;10,0;8760,0;0,3169150902780868;0,048293255477035;0,426453481797838;0,113243900069571;-0,5347179885152367;0,0035203003989673;178;151,3;0,497319527061761
crypto;ETH;priority_with_coverage_fallback;30;30;BTC,SOL,XRP,BNB,TRX,ADA,AVAX,DOT,NEAR,ATOM,ALGO,DOGE,BCH,LTC,XLM,ETC,LINK,UNI,AAVE,INJ,FIL,VET,FET,GRT,THETA,XTZ,SAND,CHZ,DASH,HBAR;TON,SUI,ICP,MKR,RENDER,RNDR,ARB,OP,MATIC,POL,APT,SEI,EOS,MANA;CHZ,DASH,HBAR;1440;336;0,8;336;3,0;1,0;10,0;8760,0;0,0751343503438115;0,0124888206919424;0,4057198093129894;0,0307818854422956;-0,5831843900168301;0,0036376437455996;184;119,55913978494624;0,496447522259196
crypto;SOL;priority_with_coverage_fallback;30;30;BTC,ETH,XRP,BNB,TRX,ADA,AVAX,DOT,NEAR,ATOM,ALGO,DOGE,BCH,LTC,XLM,ETC,LINK,UNI,AAVE,INJ,FIL,VET,FET,GRT,THETA,XTZ,SAND,CHZ,DASH,HBAR;TON,SUI,ICP,MKR,RENDER,RNDR,ARB,OP,MATIC,POL,APT,SEI,EOS,MANA;CHZ,DASH,HBAR;1440;24;0,8;336;1,0;0,25;10,0;8760,0;11,769980561753474;0,6098707306249427;0,9298489948682624;0,6558814753693926;-0,7719467978216765;0,014319248826291;659;96,97619047619048;0,5040510680088387
crypto;SOL;priority_with_coverage_fallback;30;30;BTC,ETH,XRP,BNB,TRX,ADA,AVAX,DOT,NEAR,ATOM,ALGO,DOGE,BCH,LTC,XLM,ETC,LINK,UNI,AAVE,INJ,FIL,VET,FET,GRT,THETA,XTZ,SAND,CHZ,DASH,HBAR;TON,SUI,ICP,MKR,RENDER,RNDR,ARB,OP,MATIC,POL,APT,SEI,EOS,MANA;CHZ,DASH,HBAR;1440;24;0,8;336;1,0;0,5;10,0;8760,0;24,905846190842237;0,8374703002165176;0,8956294047665125;0,9350634266355324;-0,6958420514656914;0,0191848058045241;890;64,97111111111111;0,5040872866573178
crypto;SOL;priority_with_coverage_fallback;30;30;BTC,ETH,XRP,BNB,TRX,ADA,AVAX,DOT,NEAR,ATOM,ALGO,DOGE,BCH,LTC,XLM,ETC,LINK,UNI,AAVE,INJ,FIL,VET,FET,GRT,THETA,XTZ,SAND,CHZ,DASH,HBAR;TON,SUI,ICP,MKR,RENDER,RNDR,ARB,OP,MATIC,POL,APT,SEI,EOS,MANA;CHZ,DASH,HBAR;1440;24;0,8;336;1,0;0,75;10,0;8760,0;10,337173717626806;0,5744502366606095;0,8684005069590008;0,6615038015952363;-0,693796144865372;0,0263551002987622;1227;42,63915857605178;0,5035482524382376
crypto;SOL;priority_with_coverage_fallback;30;30;BTC,ETH,XRP,BNB,TRX,ADA,AVAX,DOT,NEAR,ATOM,ALGO,DOGE,BCH,LTC,XLM,ETC,LINK,UNI,AAVE,INJ,FIL,VET,FET,GRT,THETA,XTZ,SAND,CHZ,DASH,HBAR;TON,SUI,ICP,MKR,RENDER,RNDR,ARB,OP,MATIC,POL,APT,SEI,EOS,MANA;CHZ,DASH,HBAR;1440;24;0,8;336;1,5;0,25;10,0;8760,0;23,88417168159382;0,8237009767983521;0,8520246004921914;0,9667572700630034;-0,7142706176336204;0,0099871959026888;462;120,94871794871794;0,5058299766800933
crypto;SOL;priority_with_coverage_fallback;30;30;BTC,ETH,XRP,BNB,TRX,ADA,AVAX,DOT,NEAR,ATOM,ALGO,DOGE,BCH,LTC,XLM,ETC,LINK,UNI,AAVE,INJ,FIL,VET,FET,GRT,THETA,XTZ,SAND,CHZ,DASH,HBAR;TON,SUI,ICP,MKR,RENDER,RNDR,ARB,OP,MATIC,POL,APT,SEI,EOS,MANA;CHZ,DASH,HBAR;1440;24;0,8;336;1,5;0,5;10,0;8760,0;22,005038500501342;0,7971277108507582;0,8087066210639674;0,9856821869493592;-0,6979441914318416;0,011651728553137;542;90,62637362637362;0,5057192514449699
crypto;SOL;priority_with_coverage_fallback;30;30;BTC,ETH,XRP,BNB,TRX,ADA,AVAX,DOT,NEAR,ATOM,ALGO,DOGE,BCH,LTC,XLM,ETC,LINK,UNI,AAVE,INJ,FIL,VET,FET,GRT,THETA,XTZ,SAND,CHZ,DASH,HBAR;TON,SUI,ICP,MKR,RENDER,RNDR,ARB,OP,MATIC,POL,APT,SEI,EOS,MANA;CHZ,DASH,HBAR;1440;24;0,8;336;1,5;0,75;10,0;8760,0;12,898723979006784;0,6355639462200198;0,776346590073171;0,8186600602703975;-0,7153596849731334;0,013486982501067;630;69,05379746835443;0,5054763759681041
crypto;SOL;priority_with_coverage_fallback;30;30;BTC,ETH,XRP,BNB,TRX,ADA,AVAX,DOT,NEAR,ATOM,ALGO,DOGE,BCH,LTC,XLM,ETC,LINK,UNI,AAVE,INJ,FIL,VET,FET,GRT,THETA,XTZ,SAND,CHZ,DASH,HBAR;TON,SUI,ICP,MKR,RENDER,RNDR,ARB,OP,MATIC,POL,APT,SEI,EOS,MANA;CHZ,DASH,HBAR;1440;24;0,8;336;1,5;1,0;10,0;8760,0;3,748341818171066;0,3380509031672301;0,7275563442258002;0,4646387951258309;-0,6621296336487723;0,0166880068288519;781;47,61636828644501;0,5056934149747556
crypto;SOL;priority_with_coverage_fallback;30;30;BTC,ETH,XRP,BNB,TRX,ADA,AVAX,DOT,NEAR,ATOM,ALGO,DOGE,BCH,LTC,XLM,ETC,LINK,UNI,AAVE,INJ,FIL,VET,FET,GRT,THETA,XTZ,SAND,CHZ,DASH,HBAR;TON,SUI,ICP,MKR,RENDER,RNDR,ARB,OP,MATIC,POL,APT,SEI,EOS,MANA;CHZ,DASH,HBAR;1440;24;0,8;336;2,0;0,25;10,0;8760,0;14,962203074339298;0,6784405308791597;0,7781867428072193;0,8718222677911003;-0,6181732152261827;0,0069995731967562;326;137,4268292682927;0,5050137545478747
crypto;SOL;priority_with_coverage_fallback;30;30;BTC,ETH,XRP,BNB,TRX,ADA,AVAX,DOT,NEAR,ATOM,ALGO,DOGE,BCH,LTC,XLM,ETC,LINK,UNI,AAVE,INJ,FIL,VET,FET,GRT,THETA,XTZ,SAND,CHZ,DASH,HBAR;TON,SUI,ICP,MKR,RENDER,RNDR,ARB,OP,MATIC,POL,APT,SEI,EOS,MANA;CHZ,DASH,HBAR;1440;24;0,8;336;2,0;0,5;10,0;8760,0;16,306184596632757;0,7039982131182403;0,7339912371088428;0,9591370816513508;-0,544691513250958;0,0075970977379428;354;108,14606741573034;0,5047792207792208
crypto;SOL;priority_with_coverage_fallback;30;30;BTC,ETH,XRP,BNB,TRX,ADA,AVAX,DOT,NEAR,ATOM,ALGO,DOGE,BCH,LTC,XLM,ETC,LINK,UNI,AAVE,INJ,FIL,VET,FET,GRT,THETA,XTZ,SAND,CHZ,DASH,HBAR;TON,SUI,ICP,MKR,RENDER,RNDR,ARB,OP,MATIC,POL,APT,SEI,EOS,MANA;CHZ,DASH,HBAR;1440;24;0,8;336;2,0;0,75;10,0;8760,0;8,16774373566031;0,5131611163763197;0,7064131650815284;0,726431983069136;-0,5749971065755207;0,0082373026034997;384;86,43523316062176;0,5052751468648843
crypto;SOL;priority_with_coverage_fallback;30;30;BTC,ETH,XRP,BNB,TRX,ADA,AVAX,DOT,NEAR,ATOM,ALGO,DOGE,BCH,LTC,XLM,ETC,LINK,UNI,AAVE,INJ,FIL,VET,FET,GRT,THETA,XTZ,SAND,CHZ,DASH,HBAR;TON,SUI,ICP,MKR,RENDER,RNDR,ARB,OP,MATIC,POL,APT,SEI,EOS,MANA;CHZ,DASH,HBAR;1440;24;0,8;336;2,0;1,0;10,0;8760,0;5,217085980398272;0,4071908025324229;0,6603019442323895;0,6166736386120868;-0,5717162508749715;0,0091335894152795;427;65,04205607476635;0,5057116172138804
crypto;SOL;priority_with_coverage_fallback;30;30;BTC,ETH,XRP,BNB,TRX,ADA,AVAX,DOT,NEAR,ATOM,ALGO,DOGE,BCH,LTC,XLM,ETC,LINK,UNI,AAVE,INJ,FIL,VET,FET,GRT,THETA,XTZ,SAND,CHZ,DASH,HBAR;TON,SUI,ICP,MKR,RENDER,RNDR,ARB,OP,MATIC,POL,APT,SEI,EOS,MANA;CHZ,DASH,HBAR;1440;24;0,8;336;2,5;0,25;10,0;8760,0;9,2141743099982;0,544046152260617;0,7127945019117159;0,763258064984346;-0,6415951146764847;0,0050362782757148;236;139,47457627118644;0,5083242192246932
crypto;SOL;priority_with_coverage_fallback;30;30;BTC,ETH,XRP,BNB,TRX,ADA,AVAX,DOT,NEAR,ATOM,ALGO,DOGE,BCH,LTC,XLM,ETC,LINK,UNI,AAVE,INJ,FIL,VET,FET,GRT,THETA,XTZ,SAND,CHZ,DASH,HBAR;TON,SUI,ICP,MKR,RENDER,RNDR,ARB,OP,MATIC,POL,APT,SEI,EOS,MANA;CHZ,DASH,HBAR;1440;24;0,8;336;2,5;0,5;10,0;8760,0;11,962414809986956;0,6143782786457292;0,6700217208298402;0,9169527786126171;-0,5179927134907796;0,0052923602219376;248;110,49193548387096;0,5090139405882782
crypto;SOL;priority_with_coverage_fallback;30;30;BTC,ETH,XRP,BNB,TRX,ADA,AVAX,DOT,NEAR,ATOM,ALGO,DOGE,BCH,LTC,XLM,ETC,LINK,UNI,AAVE,INJ,FIL,VET,FET,GRT,THETA,XTZ,SAND,CHZ,DASH,HBAR;TON,SUI,ICP,MKR,RENDER,RNDR,ARB,OP,MATIC,POL,APT,SEI,EOS,MANA;CHZ,DASH,HBAR;1440;24;0,8;336;2,5;0,75;10,0;8760,0;5,017061700745176;0,3986143896182226;0,6452553426615583;0,6177622458328085;-0,5432944925297643;0,005420401195049;254;96,81102362204724;0,5067100447336316
crypto;SOL;priority_with_coverage_fallback;30;30;BTC,ETH,XRP,BNB,TRX,ADA,AVAX,DOT,NEAR,ATOM,ALGO,DOGE,BCH,LTC,XLM,ETC,LINK,UNI,AAVE,INJ,FIL,VET,FET,GRT,THETA,XTZ,SAND,CHZ,DASH,HBAR;TON,SUI,ICP,MKR,RENDER,RNDR,ARB,OP,MATIC,POL,APT,SEI,EOS,MANA;CHZ,DASH,HBAR;1440;24;0,8;336;2,5;1,0;10,0;8760,0;5,321356460441117;0,4115729596610555;0,603169826368315;0,6823500474802197;-0,4846577151603456;0,0058045241143832;272;73,36029411764706;0,5093715545755237
crypto;SOL;priority_with_coverage_fallback;30;30;BTC,ETH,XRP,BNB,TRX,ADA,AVAX,DOT,NEAR,ATOM,ALGO,DOGE,BCH,LTC,XLM,ETC,LINK,UNI,AAVE,INJ,FIL,VET,FET,GRT,THETA,XTZ,SAND,CHZ,DASH,HBAR;TON,SUI,ICP,MKR,RENDER,RNDR,ARB,OP,MATIC,POL,APT,SEI,EOS,MANA;CHZ,DASH,HBAR;1440;24;0,8;336;3,0;0,25;10,0;8760,0;5,352459970628069;0,4128687575629224;0,5985330209122348;0,6898011356727851;-0,5753493685520545;0,0030729833546734;144;144,13888888888889;0,5146463673154751
crypto;SOL;priority_with_coverage_fallback;30;30;BTC,ETH,XRP,BNB,TRX,ADA,AVAX,DOT,NEAR,ATOM,ALGO,DOGE,BCH,LTC,XLM,ETC,LINK,UNI,AAVE,INJ,FIL,VET,FET,GRT,THETA,XTZ,SAND,CHZ,DASH,HBAR;TON,SUI,ICP,MKR,RENDER,RNDR,ARB,OP,MATIC,POL,APT,SEI,EOS,MANA;CHZ,DASH,HBAR;1440;24;0,8;336;3,0;0,5;10,0;8760,0;4,640613804635301;0,3818242697434515;0,5755626621459412;0,6633930497156453;-0,5965943690607873;0,0031156636790439;146;114,10958904109587;0,5157262905162064
crypto;SOL;priority_with_coverage_fallback;30;30;BTC,ETH,XRP,BNB,TRX,ADA,AVAX,DOT,NEAR,ATOM,ALGO,DOGE,BCH,LTC,XLM,ETC,LINK,UNI,AAVE,INJ,FIL,VET,FET,GRT,THETA,XTZ,SAND,CHZ,DASH,HBAR;TON,SUI,ICP,MKR,RENDER,RNDR,ARB,OP,MATIC,POL,APT,SEI,EOS,MANA;CHZ,DASH,HBAR;1440;24;0,8;336;3,0;0,75;10,0;8760,0;1,679300804212525;0,2023039051042685;0,5318265022986014;0,3803945539191693;-0,5803526498713476;0,0031156636790439;146;101,21917808219176;0,5152253349573691
crypto;SOL;priority_with_coverage_fallback;30;30;BTC,ETH,XRP,BNB,TRX,ADA,AVAX,DOT,NEAR,ATOM,ALGO,DOGE,BCH,LTC,XLM,ETC,LINK,UNI,AAVE,INJ,FIL,VET,FET,GRT,THETA,XTZ,SAND,CHZ,DASH,HBAR;TON,SUI,ICP,MKR,RENDER,RNDR,ARB,OP,MATIC,POL,APT,SEI,EOS,MANA;CHZ,DASH,HBAR;1440;24;0,8;336;3,0;1,0;10,0;8760,0;1,143817189591139;0,1532200338977056;0,5035723312753541;0,3042661885526128;-0,5281082920902741;0,0032437046521553;152;82,14473684210526;0,5141758769822201
crypto;SOL;priority_with_coverage_fallback;30;30;BTC,ETH,XRP,BNB,TRX,ADA,AVAX,DOT,NEAR,ATOM,ALGO,DOGE,BCH,LTC,XLM,ETC,LINK,UNI,AAVE,INJ,FIL,VET,FET,GRT,THETA,XTZ,SAND,CHZ,DASH,HBAR;TON,SUI,ICP,MKR,RENDER,RNDR,ARB,OP,MATIC,POL,APT,SEI,EOS,MANA;CHZ,DASH,HBAR;1440;72;0,8;336;1,0;0,25;10,0;8760,0;15,836173576452511;0,6961676331798057;0,9699948952611251;0,7177023678999832;-0,7385295272598835;0,0142057592070409;649;98,49249249249247;0,5011890968961522
crypto;SOL;priority_with_coverage_fallback;30;30;BTC,ETH,XRP,BNB,TRX,ADA,AVAX,DOT,NEAR,ATOM,ALGO,DOGE,BCH,LTC,XLM,ETC,LINK,UNI,AAVE,INJ,FIL,VET,FET,GRT,THETA,XTZ,SAND,CHZ,DASH,HBAR;TON,SUI,ICP,MKR,RENDER,RNDR,ARB,OP,MATIC,POL,APT,SEI,EOS,MANA;CHZ,DASH,HBAR;1440;72;0,8;336;1,0;0,5;10,0;8760,0;6,531273431264256;0,4591156179334528;0,9375468798945744;0,4896988382971096;-0,7424277323530788;0,0177091344099803;820;71,2289156626506;0,5006765899864682
crypto;SOL;priority_with_coverage_fallback;30;30;BTC,ETH,XRP,BNB,TRX,ADA,AVAX,DOT,NEAR,ATOM,ALGO,DOGE,BCH,LTC,XLM,ETC,LINK,UNI,AAVE,INJ,FIL,VET,FET,GRT,THETA,XTZ,SAND,CHZ,DASH,HBAR;TON,SUI,ICP,MKR,RENDER,RNDR,ARB,OP,MATIC,POL,APT,SEI,EOS,MANA;CHZ,DASH,HBAR;1440;72;0,8;336;1,0;0,75;10,0;8760,0;1,8045470106500887;0,2128559566947936;0,9059718016233882;0,2349476620722437;-0,7560215747810525;0,0247372468597795;1149;46,089810017271155;0,5012366034624897
crypto;SOL;priority_with_coverage_fallback;30;30;BTC,ETH,XRP,BNB,TRX,ADA,AVAX,DOT,NEAR,ATOM,ALGO,DOGE,BCH,LTC,XLM,ETC,LINK,UNI,AAVE,INJ,FIL,VET,FET,GRT,THETA,XTZ,SAND,CHZ,DASH,HBAR;TON,SUI,ICP,MKR,RENDER,RNDR,ARB,OP,MATIC,POL,APT,SEI,EOS,MANA;CHZ,DASH,HBAR;1440;72;0,8;336;1,5;0,25;10,0;8760,0;28,7940085996481;0,8873653017319318;0,9008155947583038;0,9850687609044104;-0,7098312999887684;0,0100401606425702;464;119,53191489361704;0,5027411890352439
crypto;SOL;priority_with_coverage_fallback;30;30;BTC,ETH,XRP,BNB,TRX,ADA,AVAX,DOT,NEAR,ATOM,ALGO,DOGE,BCH,LTC,XLM,ETC,LINK,UNI,AAVE,INJ,FIL,VET,FET,GRT,THETA,XTZ,SAND,CHZ,DASH,HBAR;TON,SUI,ICP,MKR,RENDER,RNDR,ARB,OP,MATIC,POL,APT,SEI,EOS,MANA;CHZ,DASH,HBAR;1440;72;0,8;336;1,5;0,5;10,0;8760,0;16,56118773826499;0,7096028823811449;0,8671771699907604;0,8182905488490957;-0,6904739934735756;0,0112364351021105;522;95,106463878327;0,5026985967297005
crypto;SOL;priority_with_coverage_fallback;30;30;BTC,ETH,XRP,BNB,TRX,ADA,AVAX,DOT,NEAR,ATOM,ALGO,DOGE,BCH,LTC,XLM,ETC,LINK,UNI,AAVE,INJ,FIL,VET,FET,GRT,THETA,XTZ,SAND,CHZ,DASH,HBAR;TON,SUI,ICP,MKR,RENDER,RNDR,ARB,OP,MATIC,POL,APT,SEI,EOS,MANA;CHZ,DASH,HBAR;1440;72;0,8;336;1,5;0,75;10,0;8760,0;6,1858020456000835;0,4463503403977966;0,8358581128449663;0,5340025221249304;-0,7289693575990698;0,0129026745278988;600;73,4205298013245;0,5032246425833221
crypto;SOL;priority_with_coverage_fallback;30;30;BTC,ETH,XRP,BNB,TRX,ADA,AVAX,DOT,NEAR,ATOM,ALGO,DOGE,BCH,LTC,XLM,ETC,LINK,UNI,AAVE,INJ,FIL,VET,FET,GRT,THETA,XTZ,SAND,CHZ,DASH,HBAR;TON,SUI,ICP,MKR,RENDER,RNDR,ARB,OP,MATIC,POL,APT,SEI,EOS,MANA;CHZ,DASH,HBAR;1440;72;0,8;336;1,5;1,0;10,0;8760,0;2,078299862540166;0,2341795834987425;0,7852485112783091;0,2982235306852358;-0,6532554633619619;0,0155515679740237;727;51,887362637362635;0,50299147561815
crypto;SOL;priority_with_coverage_fallback;30;30;BTC,ETH,XRP,BNB,TRX,ADA,AVAX,DOT,NEAR,ATOM,ALGO,DOGE,BCH,LTC,XLM,ETC,LINK,UNI,AAVE,INJ,FIL,VET,FET,GRT,THETA,XTZ,SAND,CHZ,DASH,HBAR;TON,SUI,ICP,MKR,RENDER,RNDR,ARB,OP,MATIC,POL,APT,SEI,EOS,MANA;CHZ,DASH,HBAR;1440;72;0,8;336;2,0;0,25;10,0;8760,0;6,9075527742264855;0,4724886954377643;0,8094551245784917;0,5837120318236342;-0,674949460921014;0,006664957703153;310;140,23717948717947;0,503588243360607
crypto;SOL;priority_with_coverage_fallback;30;30;BTC,ETH,XRP,BNB,TRX,ADA,AVAX,DOT,NEAR,ATOM,ALGO,DOGE,BCH,LTC,XLM,ETC,LINK,UNI,AAVE,INJ,FIL,VET,FET,GRT,THETA,XTZ,SAND,CHZ,DASH,HBAR;TON,SUI,ICP,MKR,RENDER,RNDR,ARB,OP,MATIC,POL,APT,SEI,EOS,MANA;CHZ,DASH,HBAR;1440;72;0,8;336;2,0;0,5;10,0;8760,0;4,191391548965645;0,3609812158658667;0,7742862756038915;0,4662115644298686;-0,7001655064095642;0,0070921985815602;330;116,644578313253;0,5033310953881114
crypto;SOL;priority_with_coverage_fallback;30;30;BTC,ETH,XRP,BNB,TRX,ADA,AVAX,DOT,NEAR,ATOM,ALGO,DOGE,BCH,LTC,XLM,ETC,LINK,UNI,AAVE,INJ,FIL,VET,FET,GRT,THETA,XTZ,SAND,CHZ,DASH,HBAR;TON,SUI,ICP,MKR,RENDER,RNDR,ARB,OP,MATIC,POL,APT,SEI,EOS,MANA;CHZ,DASH,HBAR;1440;72;0,8;336;2,0;0,75;10,0;8760,0;2,581050052095798;0,2696172023297374;0,7479028791980622;0,3604976124959353;-0,5915978571837188;0,0078185080748526;364;91,6830601092896;0,5033973059959471
crypto;SOL;priority_with_coverage_fallback;30;30;BTC,ETH,XRP,BNB,TRX,ADA,AVAX,DOT,NEAR,ATOM,ALGO,DOGE,BCH,LTC,XLM,ETC,LINK,UNI,AAVE,INJ,FIL,VET,FET,GRT,THETA,XTZ,SAND,CHZ,DASH,HBAR;TON,SUI,ICP,MKR,RENDER,RNDR,ARB,OP,MATIC,POL,APT,SEI,EOS,MANA;CHZ,DASH,HBAR;1440;72;0,8;336;2,0;1,0;10,0;8760,0;1,0600113406748304;0,1448138967863634;0,7071028555276073;0,2047989138416222;-0,5385640739117447;0,0084593693924634;395;71,52525252525253;0,5024714023443017
crypto;SOL;priority_with_coverage_fallback;30;30;BTC,ETH,XRP,BNB,TRX,ADA,AVAX,DOT,NEAR,ATOM,ALGO,DOGE,BCH,LTC,XLM,ETC,LINK,UNI,AAVE,INJ,FIL,VET,FET,GRT,THETA,XTZ,SAND,CHZ,DASH,HBAR;TON,SUI,ICP,MKR,RENDER,RNDR,ARB,OP,MATIC,POL,APT,SEI,EOS,MANA;CHZ,DASH,HBAR;1440;72;0,8;336;2,5;0,25;10,0;8760,0;5,609085930500735;0,4238829641992818;0,7281629784184452;0,5821264974497149;-0,6813322409262905;0,0048278219260018;225;147,9203539823009;0,5049955130122644
crypto;SOL;priority_with_coverage_fallback;30;30;BTC,ETH,XRP,BNB,TRX,ADA,AVAX,DOT,NEAR,ATOM,ALGO,DOGE,BCH,LTC,XLM,ETC,LINK,UNI,AAVE,INJ,FIL,VET,FET,GRT,THETA,XTZ,SAND,CHZ,DASH,HBAR;TON,SUI,ICP,MKR,RENDER,RNDR,ARB,OP,MATIC,POL,APT,SEI,EOS,MANA;CHZ,DASH,HBAR;1440;72;0,8;336;2,5;0,5;10,0;8760,0;4,2063677009618665;0,3617150651575322;0,706168845901345;0,5122217827322072;-0,7161977301906846;0,0049987182773647;233;123,6153846153846;0,5053585010025583
crypto;SOL;priority_with_coverage_fallback;30;30;BTC,ETH,XRP,BNB,TRX,ADA,AVAX,DOT,NEAR,ATOM,ALGO,DOGE,BCH,LTC,XLM,ETC,LINK,UNI,AAVE,INJ,FIL,VET,FET,GRT,THETA,XTZ,SAND,CHZ,DASH,HBAR;TON,SUI,ICP,MKR,RENDER,RNDR,ARB,OP,MATIC,POL,APT,SEI,EOS,MANA;CHZ,DASH,HBAR;1440;72;0,8;336;2,5;0,75;10,0;8760,0;2,5904325637532337;0,2702390248475932;0,6807980415641521;0,3969444803729335;-0,5647283447260699;0,0051696146287276;241;102,7603305785124;0,5064339713688274
crypto;SOL;priority_with_coverage_fallback;30;30;BTC,ETH,XRP,BNB,TRX,ADA,AVAX,DOT,NEAR,ATOM,ALGO,DOGE,BCH,LTC,XLM,ETC,LINK,UNI,AAVE,INJ,FIL,VET,FET,GRT,THETA,XTZ,SAND,CHZ,DASH,HBAR;TON,SUI,ICP,MKR,RENDER,RNDR,ARB,OP,MATIC,POL,APT,SEI,EOS,MANA;CHZ,DASH,HBAR;1440;72;0,8;336;2,5;1,0;10,0;8760,0;2,975728435178441;0,294701798459025;0,6382455390551734;0,4617373415492832;-0,4886295762045185;0,0055541314192941;259;80,2;0,5070976405140993
crypto;SOL;priority_with_coverage_fallback;30;30;BTC,ETH,XRP,BNB,TRX,ADA,AVAX,DOT,NEAR,ATOM,ALGO,DOGE,BCH,LTC,XLM,ETC,LINK,UNI,AAVE,INJ,FIL,VET,FET,GRT,THETA,XTZ,SAND,CHZ,DASH,HBAR;TON,SUI,ICP,MKR,RENDER,RNDR,ARB,OP,MATIC,POL,APT,SEI,EOS,MANA;CHZ,DASH,HBAR;1440;72;0,8;336;3,0;0,25;10,0;8760,0;5,103406024861181;0,402830887117136;0,6558168652108696;0,6142429517844297;-0,6083857839111255;0,0029906861488507;139;149,4;0,5080321285140562
crypto;SOL;priority_with_coverage_fallback;30;30;BTC,ETH,XRP,BNB,TRX,ADA,AVAX,DOT,NEAR,ATOM,ALGO,DOGE,BCH,LTC,XLM,ETC,LINK,UNI,AAVE,INJ,FIL,VET,FET,GRT,THETA,XTZ,SAND,CHZ,DASH,HBAR;TON,SUI,ICP,MKR,RENDER,RNDR,ARB,OP,MATIC,POL,APT,SEI,EOS,MANA;CHZ,DASH,HBAR;1440;72;0,8;336;3,0;0,5;10,0;8760,0;2,7606498855362243;0,2812970097620326;0,638618118689024;0,4404776524967508;-0,6455404133781117;0,0029906861488507;139;131,0;0,5061068702290077
crypto;SOL;priority_with_coverage_fallback;30;30;BTC,ETH,XRP,BNB,TRX,ADA,AVAX,DOT,NEAR,ATOM,ALGO,DOGE,BCH,LTC,XLM,ETC,LINK,UNI,AAVE,INJ,FIL,VET,FET,GRT,THETA,XTZ,SAND,CHZ,DASH,HBAR;TON,SUI,ICP,MKR,RENDER,RNDR,ARB,OP,MATIC,POL,APT,SEI,EOS,MANA;CHZ,DASH,HBAR;1440;72;0,8;336;3,0;0,75;10,0;8760,0;1,962786347679462;0,2253777588662018;0,5874985378893612;0,3836226719404114;-0,4873955921246669;0,0029906861488507;139;110,74285714285716;0,5103199174406605
crypto;SOL;priority_with_coverage_fallback;30;30;BTC,ETH,XRP,BNB,TRX,ADA,AVAX,DOT,NEAR,ATOM,ALGO,DOGE,BCH,LTC,XLM,ETC,LINK,UNI,AAVE,INJ,FIL,VET,FET,GRT,THETA,XTZ,SAND,CHZ,DASH,HBAR;TON,SUI,ICP,MKR,RENDER,RNDR,ARB,OP,MATIC,POL,APT,SEI,EOS,MANA;CHZ,DASH,HBAR;1440;72;0,8;336;3,0;1,0;10,0;8760,0;1,8628329504142391;0,2175335131063429;0,5217408042626357;0,4169378958461531;-0,4586179627329234;0,0031188584123728;145;85,15068493150685;0,5119047619047619
crypto;SOL;priority_with_coverage_fallback;30;30;BTC,ETH,XRP,BNB,TRX,ADA,AVAX,DOT,NEAR,ATOM,ALGO,DOGE,BCH,LTC,XLM,ETC,LINK,UNI,AAVE,INJ,FIL,VET,FET,GRT,THETA,XTZ,SAND,CHZ,DASH,HBAR;TON,SUI,ICP,MKR,RENDER,RNDR,ARB,OP,MATIC,POL,APT,SEI,EOS,MANA;CHZ,DASH,HBAR;1440;168;0,8;336;1,0;0,25;10,0;8760,0;0,7371068842757922;0,1089837101724451;1,0813035241220128;0,1007891935439096;-0,8729559865786038;0,0121247113163972;541;119,59507042253522;0,4979537759458265
crypto;SOL;priority_with_coverage_fallback;30;30;BTC,ETH,XRP,BNB,TRX,ADA,AVAX,DOT,NEAR,ATOM,ALGO,DOGE,BCH,LTC,XLM,ETC,LINK,UNI,AAVE,INJ,FIL,VET,FET,GRT,THETA,XTZ,SAND,CHZ,DASH,HBAR;TON,SUI,ICP,MKR,RENDER,RNDR,ARB,OP,MATIC,POL,APT,SEI,EOS,MANA;CHZ,DASH,HBAR;1440;168;0,8;336;1,0;0,5;10,0;8760,0;-0,0761314217583887;-0,0147238304499104;1,0478922133759148;-0,0140509016690521;-0,8246089965548021;0,0153323069027457;701;86,7883008356546;0,4972237378438232
crypto;SOL;priority_with_coverage_fallback;30;30;BTC,ETH,XRP,BNB,TRX,ADA,AVAX,DOT,NEAR,ATOM,ALGO,DOGE,BCH,LTC,XLM,ETC,LINK,UNI,AAVE,INJ,FIL,VET,FET,GRT,THETA,XTZ,SAND,CHZ,DASH,HBAR;TON,SUI,ICP,MKR,RENDER,RNDR,ARB,OP,MATIC,POL,APT,SEI,EOS,MANA;CHZ,DASH,HBAR;1440;168;0,8;336;1,0;0,75;10,0;8760,0;-0,2953963198831036;-0,0634812100607951;1,00393056845645;-0,0632326697237617;-0,8200958369415123;0,02166196219314;1002;55,489151873767256;0,4972807734688799
crypto;SOL;priority_with_coverage_fallback;30;30;BTC,ETH,XRP,BNB,TRX,ADA,AVAX,DOT,NEAR,ATOM,ALGO,DOGE,BCH,LTC,XLM,ETC,LINK,UNI,AAVE,INJ,FIL,VET,FET,GRT,THETA,XTZ,SAND,CHZ,DASH,HBAR;TON,SUI,ICP,MKR,RENDER,RNDR,ARB,OP,MATIC,POL,APT,SEI,EOS,MANA;CHZ,DASH,HBAR;1440;168;0,8;336;1,5;0,25;10,0;8760,0;1,0260743914372412;0,1414155521850018;1,0265886277114438;0,137752891828012;-0,8741895906196111;0,0087888119065948;397;144,11165048543688;0,4975915383838044
crypto;SOL;priority_with_coverage_fallback;30;30;BTC,ETH,XRP,BNB,TRX,ADA,AVAX,DOT,NEAR,ATOM,ALGO,DOGE,BCH,LTC,XLM,ETC,LINK,UNI,AAVE,INJ,FIL,VET,FET,GRT,THETA,XTZ,SAND,CHZ,DASH,HBAR;TON,SUI,ICP,MKR,RENDER,RNDR,ARB,OP,MATIC,POL,APT,SEI,EOS,MANA;CHZ,DASH,HBAR;1440;168;0,8;336;1,5;0,5;10,0;8760,0;-0,013115379117477;-0,0024700176031242;0,9863834009339598;-0,0025041151349318;-0,8349699139980269;0,0098152424942263;451;116,25217391304348;0,4968584037699154
crypto;SOL;priority_with_coverage_fallback;30;30;BTC,ETH,XRP,BNB,TRX,ADA,AVAX,DOT,NEAR,ATOM,ALGO,DOGE,BCH,LTC,XLM,ETC,LINK,UNI,AAVE,INJ,FIL,VET,FET,GRT,THETA,XTZ,SAND,CHZ,DASH,HBAR;TON,SUI,ICP,MKR,RENDER,RNDR,ARB,OP,MATIC,POL,APT,SEI,EOS,MANA;CHZ,DASH,HBAR;1440;168;0,8;336;1,5;0,75;10,0;8760,0;0,1191269853063821;0,0213068818119812;0,9432554158656644;0,0225886662865614;-0,7909094015888494;0,0116542639637327;539;86,04761904761905;0,4975948235494444
crypto;SOL;priority_with_coverage_fallback;30;30;BTC,ETH,XRP,BNB,TRX,ADA,AVAX,DOT,NEAR,ATOM,ALGO,DOGE,BCH,LTC,XLM,ETC,LINK,UNI,AAVE,INJ,FIL,VET,FET,GRT,THETA,XTZ,SAND,CHZ,DASH,HBAR;TON,SUI,ICP,MKR,RENDER,RNDR,ARB,OP,MATIC,POL,APT,SEI,EOS,MANA;CHZ,DASH,HBAR;1440;168;0,8;336;1,5;1,0;10,0;8760,0;-0,1483343216360699;-0,0296290946475223;0,907032061352017;-0,0326659838279116;-0,7988717996499493;0,0143058763151141;666;58,89850746268657;0,4977953474228371
crypto;SOL;priority_with_coverage_fallback;30;30;BTC,ETH,XRP,BNB,TRX,ADA,AVAX,DOT,NEAR,ATOM,ALGO,DOGE,BCH,LTC,XLM,ETC,LINK,UNI,AAVE,INJ,FIL,VET,FET,GRT,THETA,XTZ,SAND,CHZ,DASH,HBAR;TON,SUI,ICP,MKR,RENDER,RNDR,ARB,OP,MATIC,POL,APT,SEI,EOS,MANA;CHZ,DASH,HBAR;1440;168;0,8;336;2,0;0,25;10,0;8760,0;7,198806866576017;0,483088427717695;0,9590816029233996;0,5036989826988459;-0,8021629211839867;0,0065007270549995;293;161,125;0,499040463843861
crypto;SOL;priority_with_coverage_fallback;30;30;BTC,ETH,XRP,BNB,TRX,ADA,AVAX,DOT,NEAR,ATOM,ALGO,DOGE,BCH,LTC,XLM,ETC,LINK,UNI,AAVE,INJ,FIL,VET,FET,GRT,THETA,XTZ,SAND,CHZ,DASH,HBAR;TON,SUI,ICP,MKR,RENDER,RNDR,ARB,OP,MATIC,POL,APT,SEI,EOS,MANA;CHZ,DASH,HBAR;1440;168;0,8;336;2,0;0,5;10,0;8760,0;3,3543765603654068;0,3173036768268868;0,9206215656679652;0,3446624418326159;-0,7135738080790863;0,0068856385253613;315;134,2111801242236;0,4987967419474269
crypto;SOL;priority_with_coverage_fallback;30;30;BTC,ETH,XRP,BNB,TRX,ADA,AVAX,DOT,NEAR,ATOM,ALGO,DOGE,BCH,LTC,XLM,ETC,LINK,UNI,AAVE,INJ,FIL,VET,FET,GRT,THETA,XTZ,SAND,CHZ,DASH,HBAR;TON,SUI,ICP,MKR,RENDER,RNDR,ARB,OP,MATIC,POL,APT,SEI,EOS,MANA;CHZ,DASH,HBAR;1440;168;0,8;336;2,0;0,75;10,0;8760,0;2,5363790876816728;0,2669457005584621;0,8698224174357262;0,3068967816964634;-0,7547589584557894;0,0076126935249337;352;103,28089887640448;0,499456048738033
crypto;SOL;priority_with_coverage_fallback;30;30;BTC,ETH,XRP,BNB,TRX,ADA,AVAX,DOT,NEAR,ATOM,ALGO,DOGE,BCH,LTC,XLM,ETC,LINK,UNI,AAVE,INJ,FIL,VET,FET,GRT,THETA,XTZ,SAND,CHZ,DASH,HBAR;TON,SUI,ICP,MKR,RENDER,RNDR,ARB,OP,MATIC,POL,APT,SEI,EOS,MANA;CHZ,DASH,HBAR;1440;168;0,8;336;2,0;1,0;10,0;8760,0;0,9122102214256442;0,129115225684516;0,8358643143106259;0,1544691207340309;-0,7159537101212781;0,0082969805833547;387;77,67525773195877;0,4994359280642378
crypto;SOL;priority_with_coverage_fallback;30;30;BTC,ETH,XRP,BNB,TRX,ADA,AVAX,DOT,NEAR,ATOM,ALGO,DOGE,BCH,LTC,XLM,ETC,LINK,UNI,AAVE,INJ,FIL,VET,FET,GRT,THETA,XTZ,SAND,CHZ,DASH,HBAR;TON,SUI,ICP,MKR,RENDER,RNDR,ARB,OP,MATIC,POL,APT,SEI,EOS,MANA;CHZ,DASH,HBAR;1440;168;0,8;336;2,5;0,25;10,0;8760,0;1,556341465735112;0,192220611868052;0,8997665399643517;0,2136338742666155;-0,6425706186693926;0,0041912582328286;193;198,58163265306123;0,4975078361851909
crypto;SOL;priority_with_coverage_fallback;30;30;BTC,ETH,XRP,BNB,TRX,ADA,AVAX,DOT,NEAR,ATOM,ALGO,DOGE,BCH,LTC,XLM,ETC,LINK,UNI,AAVE,INJ,FIL,VET,FET,GRT,THETA,XTZ,SAND,CHZ,DASH,HBAR;TON,SUI,ICP,MKR,RENDER,RNDR,ARB,OP,MATIC,POL,APT,SEI,EOS,MANA;CHZ,DASH,HBAR;1440;168;0,8;336;2,5;0,5;10,0;8760,0;0,7099440053259085;0,1057144929002835;0,8683061452328728;0,1217479497072219;-0,554901269057785;0,0044050979385852;204;164,59223300970874;0,4970801628030437
crypto;SOL;priority_with_coverage_fallback;30;30;BTC,ETH,XRP,BNB,TRX,ADA,AVAX,DOT,NEAR,ATOM,ALGO,DOGE,BCH,LTC,XLM,ETC,LINK,UNI,AAVE,INJ,FIL,VET,FET,GRT,THETA,XTZ,SAND,CHZ,DASH,HBAR;TON,SUI,ICP,MKR,RENDER,RNDR,ARB,OP,MATIC,POL,APT,SEI,EOS,MANA;CHZ,DASH,HBAR;1440;168;0,8;336;2,5;0,75;10,0;8760,0;0,3237025010362442;0,0539359339352034;0,8242705070429733;0,0654347492411147;-0,6247914729217787;0,0046617055854931;217;127,05504587155964;0,4982309191999422
crypto;SOL;priority_with_coverage_fallback;30;30;BTC,ETH,XRP,BNB,TRX,ADA,AVAX,DOT,NEAR,ATOM,ALGO,DOGE,BCH,LTC,XLM,ETC,LINK,UNI,AAVE,INJ,FIL,VET,FET,GRT,THETA,XTZ,SAND,CHZ,DASH,HBAR;TON,SUI,ICP,MKR,RENDER,RNDR,ARB,OP,MATIC,POL,APT,SEI,EOS,MANA;CHZ,DASH,HBAR;1440;168;0,8;336;2,5;1,0;10,0;8760,0;0,4276410641339654;0,0689657508257413;0,7904263910575423;0,0872513261272429;-0,6136613647074709;0,0050893849970062;237;93,26050420168067;0,4985582987925752
crypto;SOL;priority_with_coverage_fallback;30;30;BTC,ETH,XRP,BNB,TRX,ADA,AVAX,DOT,NEAR,ATOM,ALGO,DOGE,BCH,LTC,XLM,ETC,LINK,UNI,AAVE,INJ,FIL,VET,FET,GRT,THETA,XTZ,SAND,CHZ,DASH,HBAR;TON,SUI,ICP,MKR,RENDER,RNDR,ARB,OP,MATIC,POL,APT,SEI,EOS,MANA;CHZ,DASH,HBAR;1440;168;0,8;336;3,0;0,25;10,0;8760,0;3,0011484505201356;0,2965921520360146;0,7559812582908109;0,3923273874627214;-0,5938596376800223;0,0030365238217432;141;192,43661971830983;0,5002561662885164
crypto;SOL;priority_with_coverage_fallback;30;30;BTC,ETH,XRP,BNB,TRX,ADA,AVAX,DOT,NEAR,ATOM,ALGO,DOGE,BCH,LTC,XLM,ETC,LINK,UNI,AAVE,INJ,FIL,VET,FET,GRT,THETA,XTZ,SAND,CHZ,DASH,HBAR;TON,SUI,ICP,MKR,RENDER,RNDR,ARB,OP,MATIC,POL,APT,SEI,EOS,MANA;CHZ,DASH,HBAR;1440;168;0,8;336;3,0;0,5;10,0;8760,0;1,770206159467767;0,2102997678699649;0,7170237284602079;0,2932954092350318;-0,5009807006125181;0,0030792917628945;143;157,27777777777777;0,5014129282938891
crypto;SOL;priority_with_coverage_fallback;30;30;BTC,ETH,XRP,BNB,TRX,ADA,AVAX,DOT,NEAR,ATOM,ALGO,DOGE,BCH,LTC,XLM,ETC,LINK,UNI,AAVE,INJ,FIL,VET,FET,GRT,THETA,XTZ,SAND,CHZ,DASH,HBAR;TON,SUI,ICP,MKR,RENDER,RNDR,ARB,OP,MATIC,POL,APT,SEI,EOS,MANA;CHZ,DASH,HBAR;1440;168;0,8;336;3,0;0,75;10,0;8760,0;0,5104335521640975;0,0803138846186022;0,6913221467854747;0,11617432624146;-0,5439115831114096;0,0031220597040458;145;132,75342465753425;0,5017026106696936
crypto;SOL;priority_with_coverage_fallback;30;30;BTC,ETH,XRP,BNB,TRX,ADA,AVAX,DOT,NEAR,ATOM,ALGO,DOGE,BCH,LTC,XLM,ETC,LINK,UNI,AAVE,INJ,FIL,VET,FET,GRT,THETA,XTZ,SAND,CHZ,DASH,HBAR;TON,SUI,ICP,MKR,RENDER,RNDR,ARB,OP,MATIC,POL,APT,SEI,EOS,MANA;CHZ,DASH,HBAR;1440;168;0,8;336;3,0;1,0;10,0;8760,0;-0,0247661421820586;-0,0046866806079896;0,6574638243665798;-0,0071284235486338;-0,6363469135317633;0,0032075955863484;149;101,69333333333331;0,5001966697259735
crypto;SOL;priority_with_coverage_fallback;30;30;BTC,ETH,XRP,BNB,TRX,ADA,AVAX,DOT,NEAR,ATOM,ALGO,DOGE,BCH,LTC,XLM,ETC,LINK,UNI,AAVE,INJ,FIL,VET,FET,GRT,THETA,XTZ,SAND,CHZ,DASH,HBAR;TON,SUI,ICP,MKR,RENDER,RNDR,ARB,OP,MATIC,POL,APT,SEI,EOS,MANA;CHZ,DASH,HBAR;1440;336;0,8;336;1,0;0,25;10,0;8760,0;2,744279387707536;0,2805761055296167;1,211823553064095;0,2315321441146941;-0,8866437118560565;0,0119964074929432;526;123,68327402135232;0,5016544382103294
crypto;SOL;priority_with_coverage_fallback;30;30;BTC,ETH,XRP,BNB,TRX,ADA,AVAX,DOT,NEAR,ATOM,ALGO,DOGE,BCH,LTC,XLM,ETC,LINK,UNI,AAVE,INJ,FIL,VET,FET,GRT,THETA,XTZ,SAND,CHZ,DASH,HBAR;TON,SUI,ICP,MKR,RENDER,RNDR,ARB,OP,MATIC,POL,APT,SEI,EOS,MANA;CHZ,DASH,HBAR;1440;336;0,8;336;1,0;0,5;10,0;8760,0;0,9469427490710768;0,132928949577709;1,1854387210533188;0,112134813227288;-0,9130855448752;0,0149046274912325;672;89,47851002865329;0,5001921352632253
crypto;SOL;priority_with_coverage_fallback;30;30;BTC,ETH,XRP,BNB,TRX,ADA,AVAX,DOT,NEAR,ATOM,ALGO,DOGE,BCH,LTC,XLM,ETC,LINK,UNI,AAVE,INJ,FIL,VET,FET,GRT,THETA,XTZ,SAND,CHZ,DASH,HBAR;TON,SUI,ICP,MKR,RENDER,RNDR,ARB,OP,MATIC,POL,APT,SEI,EOS,MANA;CHZ,DASH,HBAR;1440;336;0,8;336;1,0;0,75;10,0;8760,0;-0,5838332578742471;-0,1514453845645378;1,1139104678688674;-0,1359583098759122;-0,9259053040255552;0,0211487468993242;973;56,67272727272727;0,4998395893487327
crypto;SOL;priority_with_coverage_fallback;30;30;BTC,ETH,XRP,BNB,TRX,ADA,AVAX,DOT,NEAR,ATOM,ALGO,DOGE,BCH,LTC,XLM,ETC,LINK,UNI,AAVE,INJ,FIL,VET,FET,GRT,THETA,XTZ,SAND,CHZ,DASH,HBAR;TON,SUI,ICP,MKR,RENDER,RNDR,ARB,OP,MATIC,POL,APT,SEI,EOS,MANA;CHZ,DASH,HBAR;1440;336;0,8;336;1,5;0,25;10,0;8760,0;13,75210514064797;0,6555942836158719;1,1724946161882788;0,559144813600233;-0,816760561653902;0,0085535882302625;375;151,575;0,5030842817087251
crypto;SOL;priority_with_coverage_fallback;30;30;BTC,ETH,XRP,BNB,TRX,ADA,AVAX,DOT,NEAR,ATOM,ALGO,DOGE,BCH,LTC,XLM,ETC,LINK,UNI,AAVE,INJ,FIL,VET,FET,GRT,THETA,XTZ,SAND,CHZ,DASH,HBAR;TON,SUI,ICP,MKR,RENDER,RNDR,ARB,OP,MATIC,POL,APT,SEI,EOS,MANA;CHZ,DASH,HBAR;1440;336;0,8;336;1,5;0,5;10,0;8760,0;5,356368620818993;0,4140344856690936;1,103204504757516;0,3753016633666649;-0,888395778999953;0,0094944829355914;425;120,04054054054056;0,5013696573980262
crypto;SOL;priority_with_coverage_fallback;30;30;BTC,ETH,XRP,BNB,TRX,ADA,AVAX,DOT,NEAR,ATOM,ALGO,DOGE,BCH,LTC,XLM,ETC,LINK,UNI,AAVE,INJ,FIL,VET,FET,GRT,THETA,XTZ,SAND,CHZ,DASH,HBAR;TON,SUI,ICP,MKR,RENDER,RNDR,ARB,OP,MATIC,POL,APT,SEI,EOS,MANA;CHZ,DASH,HBAR;1440;336;0,8;336;1,5;0,75;10,0;8760,0;0,0225430573373046;0,0041846832139074;1,0278420559534818;0,0040713290428902;-0,9234038646432038;0,0111624326404926;511;90,24521072796936;0,5004670119724888
crypto;SOL;priority_with_coverage_fallback;30;30;BTC,ETH,XRP,BNB,TRX,ADA,AVAX,DOT,NEAR,ATOM,ALGO,DOGE,BCH,LTC,XLM,ETC,LINK,UNI,AAVE,INJ,FIL,VET,FET,GRT,THETA,XTZ,SAND,CHZ,DASH,HBAR;TON,SUI,ICP,MKR,RENDER,RNDR,ARB,OP,MATIC,POL,APT,SEI,EOS,MANA;CHZ,DASH,HBAR;1440;336;0,8;336;1,5;1,0;10,0;8760,0;-0,7155083941376836;-0,2098048951118292;0,9391682635925248;-0,2233943620595519;-0,9478100773135782;0,0129159182276965;596;68,17218543046357;0,4985914124732854
crypto;SOL;priority_with_coverage_fallback;30;30;BTC,ETH,XRP,BNB,TRX,ADA,AVAX,DOT,NEAR,ATOM,ALGO,DOGE,BCH,LTC,XLM,ETC,LINK,UNI,AAVE,INJ,FIL,VET,FET,GRT,THETA,XTZ,SAND,CHZ,DASH,HBAR;TON,SUI,ICP,MKR,RENDER,RNDR,ARB,OP,MATIC,POL,APT,SEI,EOS,MANA;CHZ,DASH,HBAR;1440;336;0,8;336;2,0;0,25;10,0;8760,0;1,6463139581499964;0,1999708466418042;1,0678322641017703;0,1872680320349881;-0,8093298691211636;0,0065007270549995;291;173,8421052631579;0,5031410838631547
crypto;SOL;priority_with_coverage_fallback;30;30;BTC,ETH,XRP,BNB,TRX,ADA,AVAX,DOT,NEAR,ATOM,ALGO,DOGE,BCH,LTC,XLM,ETC,LINK,UNI,AAVE,INJ,FIL,VET,FET,GRT,THETA,XTZ,SAND,CHZ,DASH,HBAR;TON,SUI,ICP,MKR,RENDER,RNDR,ARB,OP,MATIC,POL,APT,SEI,EOS,MANA;CHZ,DASH,HBAR;1440;336;0,8;336;2,0;0,5;10,0;8760,0;0,3442070134380215;0,0569750618389282;0,9922227734560322;0,0574216429647922;-0,8833584091698912;0,0069284064665127;312;139,53086419753086;0,501858078216245
crypto;SOL;priority_with_coverage_fallback;30;30;BTC,ETH,XRP,BNB,TRX,ADA,AVAX,DOT,NEAR,ATOM,ALGO,DOGE,BCH,LTC,XLM,ETC,LINK,UNI,AAVE,INJ,FIL,VET,FET,GRT,THETA,XTZ,SAND,CHZ,DASH,HBAR;TON,SUI,ICP,MKR,RENDER,RNDR,ARB,OP,MATIC,POL,APT,SEI,EOS,MANA;CHZ,DASH,HBAR;1440;336;0,8;336;2,0;0,75;10,0;8760,0;-0,7595839157349094;-0,2343331068995666;0,9501567744438508;-0,2466257287243227;-0,9131036421923217;0,0075699255837823;348;109,8813559322034;0,4996143760604658
crypto;SOL;priority_with_coverage_fallback;30;30;BTC,ETH,XRP,BNB,TRX,ADA,AVAX,DOT,NEAR,ATOM,ALGO,DOGE,BCH,LTC,XLM,ETC,LINK,UNI,AAVE,INJ,FIL,VET,FET,GRT,THETA,XTZ,SAND,CHZ,DASH,HBAR;TON,SUI,ICP,MKR,RENDER,RNDR,ARB,OP,MATIC,POL,APT,SEI,EOS,MANA;CHZ,DASH,HBAR;1440;336;0,8;336;2,0;1,0;10,0;8760,0;-0,9142251895249728;-0,3687620065974;0,853919120068052;-0,4318465273011008;-0,950593605957606;0,0080403729364468;373;89,70212765957447;0,498873339658444
crypto;SOL;priority_with_coverage_fallback;30;30;BTC,ETH,XRP,BNB,TRX,ADA,AVAX,DOT,NEAR,ATOM,ALGO,DOGE,BCH,LTC,XLM,ETC,LINK,UNI,AAVE,INJ,FIL,VET,FET,GRT,THETA,XTZ,SAND,CHZ,DASH,HBAR;TON,SUI,ICP,MKR,RENDER,RNDR,ARB,OP,MATIC,POL,APT,SEI,EOS,MANA;CHZ,DASH,HBAR;1440;336;0,8;336;2,5;0,25;10,0;8760,0;0,1840866427323664;0,0321586504973547;1,0302943189895235;0,0312130717452609;-0,721309845196025;0,0047044735266444;215;194,3272727272727;0,5022922904191617
crypto;SOL;priority_with_coverage_fallback;30;30;BTC,ETH,XRP,BNB,TRX,ADA,AVAX,DOT,NEAR,ATOM,ALGO,DOGE,BCH,LTC,XLM,ETC,LINK,UNI,AAVE,INJ,FIL,VET,FET,GRT,THETA,XTZ,SAND,CHZ,DASH,HBAR;TON,SUI,ICP,MKR,RENDER,RNDR,ARB,OP,MATIC,POL,APT,SEI,EOS,MANA;CHZ,DASH,HBAR;1440;336;0,8;336;2,5;0,5;10,0;8760,0;-0,4544161376277909;-0,1072950219803214;0,9586797649232172;-0,1119195647035639;-0,8490165976434437;0,0049183132324009;226;161,12173913043478;0,5005666792595391
crypto;SOL;priority_with_coverage_fallback;30;30;BTC,ETH,XRP,BNB,TRX,ADA,AVAX,DOT,NEAR,ATOM,ALGO,DOGE,BCH,LTC,XLM,ETC,LINK,UNI,AAVE,INJ,FIL,VET,FET,GRT,THETA,XTZ,SAND,CHZ,DASH,HBAR;TON,SUI,ICP,MKR,RENDER,RNDR,ARB,OP,MATIC,POL,APT,SEI,EOS,MANA;CHZ,DASH,HBAR;1440;336;0,8;336;2,5;0,75;10,0;8760,0;-0,8070450401224426;-0,265234006184427;0,9071767171794572;-0,2923730307024167;-0,8803362948402187;0,0052176888204601;241;124,6639344262295;0,4988493655072654
crypto;SOL;priority_with_coverage_fallback;30;30;BTC,ETH,XRP,BNB,TRX,ADA,AVAX,DOT,NEAR,ATOM,ALGO,DOGE,BCH,LTC,XLM,ETC,LINK,UNI,AAVE,INJ,FIL,VET,FET,GRT,THETA,XTZ,SAND,CHZ,DASH,HBAR;TON,SUI,ICP,MKR,RENDER,RNDR,ARB,OP,MATIC,POL,APT,SEI,EOS,MANA;CHZ,DASH,HBAR;1440;336;0,8;336;2,5;1,0;10,0;8760,0;-0,9069739010621792;-0,3590924935888678;0,8130106859622259;-0,4416823785826008;-0,9291723217064436;0,0053887605850654;250;103,86507936507935;0,4985099717276687
crypto;SOL;priority_with_coverage_fallback;30;30;BTC,ETH,XRP,BNB,TRX,ADA,AVAX,DOT,NEAR,ATOM,ALGO,DOGE,BCH,LTC,XLM,ETC,LINK,UNI,AAVE,INJ,FIL,VET,FET,GRT,THETA,XTZ,SAND,CHZ,DASH,HBAR;TON,SUI,ICP,MKR,RENDER,RNDR,ARB,OP,MATIC,POL,APT,SEI,EOS,MANA;CHZ,DASH,HBAR;1440;336;0,8;336;3,0;0,25;10,0;8760,0;1,617321558781912;0,1974971419143296;0,9676740766517872;0,2040946912597701;-0,7438506370553524;0,0034642032332563;158;205,4691358024691;0,5029742233972241
crypto;SOL;priority_with_coverage_fallback;30;30;BTC,ETH,XRP,BNB,TRX,ADA,AVAX,DOT,NEAR,ATOM,ALGO,DOGE,BCH,LTC,XLM,ETC,LINK,UNI,AAVE,INJ,FIL,VET,FET,GRT,THETA,XTZ,SAND,CHZ,DASH,HBAR;TON,SUI,ICP,MKR,RENDER,RNDR,ARB,OP,MATIC,POL,APT,SEI,EOS,MANA;CHZ,DASH,HBAR;1440;336;0,8;336;3,0;0,5;10,0;8760,0;-0,0450324050185478;-0,008594327657433;0,8939399694147899;-0,0096139874616628;-0,7697074162887851;0,0035069711744076;161;176,82926829268294;0,5019310344827587
crypto;SOL;priority_with_coverage_fallback;30;30;BTC,ETH,XRP,BNB,TRX,ADA,AVAX,DOT,NEAR,ATOM,ALGO,DOGE,BCH,LTC,XLM,ETC,LINK,UNI,AAVE,INJ,FIL,VET,FET,GRT,THETA,XTZ,SAND,CHZ,DASH,HBAR;TON,SUI,ICP,MKR,RENDER,RNDR,ARB,OP,MATIC,POL,APT,SEI,EOS,MANA;CHZ,DASH,HBAR;1440;336;0,8;336;3,0;0,75;10,0;8760,0;-0,6058526275215632;-0,1600424711301271;0,8573384892176461;-0,1866736104151488;-0,8148864948212211;0,0035497391155589;164;139,59036144578317;0,5004315553253927
crypto;SOL;priority_with_coverage_fallback;30;30;BTC,ETH,XRP,BNB,TRX,ADA,AVAX,DOT,NEAR,ATOM,ALGO,DOGE,BCH,LTC,XLM,ETC,LINK,UNI,AAVE,INJ,FIL,VET,FET,GRT,THETA,XTZ,SAND,CHZ,DASH,HBAR;TON,SUI,ICP,MKR,RENDER,RNDR,ARB,OP,MATIC,POL,APT,SEI,EOS,MANA;CHZ,DASH,HBAR;1440;336;0,8;336;3,0;1,0;10,0;8760,0;-0,8218401634829817;-0,2761326154194323;0,7572333095987652;-0,364659890048612;-0,848771681001764;0,0035925070567102;167;113,9047619047619;0,50188127090301
crypto;XRP;priority_with_coverage_fallback;30;30;BTC,ETH,SOL,BNB,TRX,ADA,AVAX,DOT,NEAR,ATOM,ALGO,DOGE,BCH,LTC,XLM,ETC,LINK,UNI,AAVE,INJ,FIL,VET,FET,GRT,THETA,XTZ,SAND,CHZ,DASH,HBAR;TON,SUI,ICP,MKR,RENDER,RNDR,ARB,OP,MATIC,POL,APT,SEI,EOS,MANA;CHZ,DASH,HBAR;1440;24;0,8;336;1,0;0,25;10,0;8760,0;15,095299503639914;0,6096566024432;0,8804124843363625;0,6924670120991605;-0,7406853389973196;0,0173277008526949;858;78,7765237020316;0,5106882915926414
crypto;XRP;priority_with_coverage_fallback;30;30;BTC,ETH,SOL,BNB,TRX,ADA,AVAX,DOT,NEAR,ATOM,ALGO,DOGE,BCH,LTC,XLM,ETC,LINK,UNI,AAVE,INJ,FIL,VET,FET,GRT,THETA,XTZ,SAND,CHZ,DASH,HBAR;TON,SUI,ICP,MKR,RENDER,RNDR,ARB,OP,MATIC,POL,APT,SEI,EOS,MANA;CHZ,DASH,HBAR;1440;24;0,8;336;1,0;0,5;10,0;8760,0;8,276305950355207;0,4646435389048708;0,8420509599029258;0,5517997853222998;-0,7079809820983346;0,0220996636157396;1116;55,15575221238938;0,5111189551711967
crypto;XRP;priority_with_coverage_fallback;30;30;BTC,ETH,SOL,BNB,TRX,ADA,AVAX,DOT,NEAR,ATOM,ALGO,DOGE,BCH,LTC,XLM,ETC,LINK,UNI,AAVE,INJ,FIL,VET,FET,GRT,THETA,XTZ,SAND,CHZ,DASH,HBAR;TON,SUI,ICP,MKR,RENDER,RNDR,ARB,OP,MATIC,POL,APT,SEI,EOS,MANA;CHZ,DASH,HBAR;1440;24;0,8;336;1,0;0,75;10,0;8760,0;6,1712488573485365;0,4014628837459539;0,8171750293454094;0,4912813893341089;-0,7049355474962189;0,0308221857154032;1569;35,15736040609137;0,5118755414380595
crypto;XRP;priority_with_coverage_fallback;30;30;BTC,ETH,SOL,BNB,TRX,ADA,AVAX,DOT,NEAR,ATOM,ALGO,DOGE,BCH,LTC,XLM,ETC,LINK,UNI,AAVE,INJ,FIL,VET,FET,GRT,THETA,XTZ,SAND,CHZ,DASH,HBAR;TON,SUI,ICP,MKR,RENDER,RNDR,ARB,OP,MATIC,POL,APT,SEI,EOS,MANA;CHZ,DASH,HBAR;1440;24;0,8;336;1,5;0,25;10,0;8760,0;42,571849799780544;0,9091096800292302;0,841897281108615;1,0798344411233989;-0,6711992782171246;0,0115387624188375;576;98,15254237288136;0,5117250906579175
crypto;XRP;priority_with_coverage_fallback;30;30;BTC,ETH,SOL,BNB,TRX,ADA,AVAX,DOT,NEAR,ATOM,ALGO,DOGE,BCH,LTC,XLM,ETC,LINK,UNI,AAVE,INJ,FIL,VET,FET,GRT,THETA,XTZ,SAND,CHZ,DASH,HBAR;TON,SUI,ICP,MKR,RENDER,RNDR,ARB,OP,MATIC,POL,APT,SEI,EOS,MANA;CHZ,DASH,HBAR;1440;24;0,8;336;1,5;0,5;10,0;8760,0;22,365585072648035;0,7157986173815467;0,7973510149667852;0,8977208330403447;-0,6711992782171241;0,0129859970273018;656;76,13855421686748;0,5122240683598386
crypto;XRP;priority_with_coverage_fallback;30;30;BTC,ETH,SOL,BNB,TRX,ADA,AVAX,DOT,NEAR,ATOM,ALGO,DOGE,BCH,LTC,XLM,ETC,LINK,UNI,AAVE,INJ,FIL,VET,FET,GRT,THETA,XTZ,SAND,CHZ,DASH,HBAR;TON,SUI,ICP,MKR,RENDER,RNDR,ARB,OP,MATIC,POL,APT,SEI,EOS,MANA;CHZ,DASH,HBAR;1440;24;0,8;336;1,5;0,75;10,0;8760,0;13,465681453828113;0,5804863602392596;0,7600694923961402;0,7637280091446115;-0,6754452088622596;0,0152155206133145;774;56,49357326478149;0,5146068438296323
crypto;XRP;priority_with_coverage_fallback;30;30;BTC,ETH,SOL,BNB,TRX,ADA,AVAX,DOT,NEAR,ATOM,ALGO,DOGE,BCH,LTC,XLM,ETC,LINK,UNI,AAVE,INJ,FIL,VET,FET,GRT,THETA,XTZ,SAND,CHZ,DASH,HBAR;TON,SUI,ICP,MKR,RENDER,RNDR,ARB,OP,MATIC,POL,APT,SEI,EOS,MANA;CHZ,DASH,HBAR;1440;24;0,8;336;1,5;1,0;10,0;8760,0;13,419103864699874;0,579613347987519;0,7192812337722122;0,8058229810164568;-0,7195402914181099;0,01846201987014;940;39,37923728813559;0,5156830042502825
crypto;XRP;priority_with_coverage_fallback;30;30;BTC,ETH,SOL,BNB,TRX,ADA,AVAX,DOT,NEAR,ATOM,ALGO,DOGE,BCH,LTC,XLM,ETC,LINK,UNI,AAVE,INJ,FIL,VET,FET,GRT,THETA,XTZ,SAND,CHZ,DASH,HBAR;TON,SUI,ICP,MKR,RENDER,RNDR,ARB,OP,MATIC,POL,APT,SEI,EOS,MANA;CHZ,DASH,HBAR;1440;24;0,8;336;2,0;0,25;10,0;8760,0;67,27887785891014;1,0618273718312397;0,7559256363629494;1,4046717305952234;-0,6675956745396056;0,0083704920597668;419;105,7803738317757;0,5158369041834165
crypto;XRP;priority_with_coverage_fallback;30;30;BTC,ETH,SOL,BNB,TRX,ADA,AVAX,DOT,NEAR,ATOM,ALGO,DOGE,BCH,LTC,XLM,ETC,LINK,UNI,AAVE,INJ,FIL,VET,FET,GRT,THETA,XTZ,SAND,CHZ,DASH,HBAR;TON,SUI,ICP,MKR,RENDER,RNDR,ARB,OP,MATIC,POL,APT,SEI,EOS,MANA;CHZ,DASH,HBAR;1440;24;0,8;336;2,0;0,5;10,0;8760,0;22,6698090491481;0,7196054491167938;0,7077935685065172;1,0166883129995097;-0,6969232229479505;0,0088007509974184;444;85,68444444444444;0,5157425177654442
crypto;XRP;priority_with_coverage_fallback;30;30;BTC,ETH,SOL,BNB,TRX,ADA,AVAX,DOT,NEAR,ATOM,ALGO,DOGE,BCH,LTC,XLM,ETC,LINK,UNI,AAVE,INJ,FIL,VET,FET,GRT,THETA,XTZ,SAND,CHZ,DASH,HBAR;TON,SUI,ICP,MKR,RENDER,RNDR,ARB,OP,MATIC,POL,APT,SEI,EOS,MANA;CHZ,DASH,HBAR;1440;24;0,8;336;2,0;0,75;10,0;8760,0;10,483417283841929;0,5191923057177403;0,6689974039179909;0,7760752174479074;-0,7422068735641818;0,0093483532817022;477;69,17991631799163;0,5160880609652837
crypto;XRP;priority_with_coverage_fallback;30;30;BTC,ETH,SOL,BNB,TRX,ADA,AVAX,DOT,NEAR,ATOM,ALGO,DOGE,BCH,LTC,XLM,ETC,LINK,UNI,AAVE,INJ,FIL,VET,FET,GRT,THETA,XTZ,SAND,CHZ,DASH,HBAR;TON,SUI,ICP,MKR,RENDER,RNDR,ARB,OP,MATIC,POL,APT,SEI,EOS,MANA;CHZ,DASH,HBAR;1440;24;0,8;336;2,0;1,0;10,0;8760,0;3,939433472158196;0,3147453994964924;0,6365384864975699;0,4944640523282703;-0,7406105420068406;0,0101306422592505;517;53,61003861003861;0,5145840835433921
crypto;XRP;priority_with_coverage_fallback;30;30;BTC,ETH,SOL,BNB,TRX,ADA,AVAX,DOT,NEAR,ATOM,ALGO,DOGE,BCH,LTC,XLM,ETC,LINK,UNI,AAVE,INJ,FIL,VET,FET,GRT,THETA,XTZ,SAND,CHZ,DASH,HBAR;TON,SUI,ICP,MKR,RENDER,RNDR,ARB,OP,MATIC,POL,APT,SEI,EOS,MANA;CHZ,DASH,HBAR;1440;24;0,8;336;2,5;0,25;10,0;8760,0;27,266172386481003;0,7726905496478902;0,7015720257437534;1,1013702389697513;-0,6675956745396059;0,0057889384338574;295;120,4054054054054;0,5160493827160494
crypto;XRP;priority_with_coverage_fallback;30;30;BTC,ETH,SOL,BNB,TRX,ADA,AVAX,DOT,NEAR,ATOM,ALGO,DOGE,BCH,LTC,XLM,ETC,LINK,UNI,AAVE,INJ,FIL,VET,FET,GRT,THETA,XTZ,SAND,CHZ,DASH,HBAR;TON,SUI,ICP,MKR,RENDER,RNDR,ARB,OP,MATIC,POL,APT,SEI,EOS,MANA;CHZ,DASH,HBAR;1440;24;0,8;336;2,5;0,5;10,0;8760,0;8,575737772992827;0,4726369419857796;0,6599256353794662;0,7161972753399812;-0,6675956745396059;0,0059062817804897;302;99,72185430463576;0,5156727321025368
crypto;XRP;priority_with_coverage_fallback;30;30;BTC,ETH,SOL,BNB,TRX,ADA,AVAX,DOT,NEAR,ATOM,ALGO,DOGE,BCH,LTC,XLM,ETC,LINK,UNI,AAVE,INJ,FIL,VET,FET,GRT,THETA,XTZ,SAND,CHZ,DASH,HBAR;TON,SUI,ICP,MKR,RENDER,RNDR,ARB,OP,MATIC,POL,APT,SEI,EOS,MANA;CHZ,DASH,HBAR;1440;24;0,8;336;2,5;0,75;10,0;8760,0;5,647096893850706;0,3833573242914947;0,6066372303950743;0,6319383398902704;-0,687605914828413;0,0061018540248767;312;80,97435897435898;0,5175744141861938
crypto;XRP;priority_with_coverage_fallback;30;30;BTC,ETH,SOL,BNB,TRX,ADA,AVAX,DOT,NEAR,ATOM,ALGO,DOGE,BCH,LTC,XLM,ETC,LINK,UNI,AAVE,INJ,FIL,VET,FET,GRT,THETA,XTZ,SAND,CHZ,DASH,HBAR;TON,SUI,ICP,MKR,RENDER,RNDR,ARB,OP,MATIC,POL,APT,SEI,EOS,MANA;CHZ,DASH,HBAR;1440;24;0,8;336;2,5;1,0;10,0;8760,0;2,281013322174415;0,2257535314049068;0,5696996348832899;0,3962676427748725;-0,6699131136755243;0,0062974262692638;322;66,17391304347827;0,5140792190726488
crypto;XRP;priority_with_coverage_fallback;30;30;BTC,ETH,SOL,BNB,TRX,ADA,AVAX,DOT,NEAR,ATOM,ALGO,DOGE,BCH,LTC,XLM,ETC,LINK,UNI,AAVE,INJ,FIL,VET,FET,GRT,THETA,XTZ,SAND,CHZ,DASH,HBAR;TON,SUI,ICP,MKR,RENDER,RNDR,ARB,OP,MATIC,POL,APT,SEI,EOS,MANA;CHZ,DASH,HBAR;1440;24;0,8;336;3,0;0,25;10,0;8760,0;14,349995991949694;0,5966348102339969;0,649322211364142;0,9188578486796936;-0,7445072349869739;0,0041852460298834;214;118,01869158878505;0,5232024073487488
crypto;XRP;priority_with_coverage_fallback;30;30;BTC,ETH,SOL,BNB,TRX,ADA,AVAX,DOT,NEAR,ATOM,ALGO,DOGE,BCH,LTC,XLM,ETC,LINK,UNI,AAVE,INJ,FIL,VET,FET,GRT,THETA,XTZ,SAND,CHZ,DASH,HBAR;TON,SUI,ICP,MKR,RENDER,RNDR,ARB,OP,MATIC,POL,APT,SEI,EOS,MANA;CHZ,DASH,HBAR;1440;24;0,8;336;3,0;0,5;10,0;8760,0;4,918635165161585;0,3561195989567716;0,6072241267740794;0,5864714250546694;-0,7634277782225759;0,0042243604787608;216;99,38888888888889;0,5228246692752003
crypto;XRP;priority_with_coverage_fallback;30;30;BTC,ETH,SOL,BNB,TRX,ADA,AVAX,DOT,NEAR,ATOM,ALGO,DOGE,BCH,LTC,XLM,ETC,LINK,UNI,AAVE,INJ,FIL,VET,FET,GRT,THETA,XTZ,SAND,CHZ,DASH,HBAR;TON,SUI,ICP,MKR,RENDER,RNDR,ARB,OP,MATIC,POL,APT,SEI,EOS,MANA;CHZ,DASH,HBAR;1440;24;0,8;336;3,0;0,75;10,0;8760,0;3,5674360637586364;0,2972268738354537;0,5511733398679176;0,5392620657354015;-0,7799988673139694;0,0042634749276382;218;78,8348623853211;0,5264750378214826
crypto;XRP;priority_with_coverage_fallback;30;30;BTC,ETH,SOL,BNB,TRX,ADA,AVAX,DOT,NEAR,ATOM,ALGO,DOGE,BCH,LTC,XLM,ETC,LINK,UNI,AAVE,INJ,FIL,VET,FET,GRT,THETA,XTZ,SAND,CHZ,DASH,HBAR;TON,SUI,ICP,MKR,RENDER,RNDR,ARB,OP,MATIC,POL,APT,SEI,EOS,MANA;CHZ,DASH,HBAR;1440;24;0,8;336;3,0;1,0;10,0;8760,0;2,532229305608954;0,241344832165105;0,5252212880635119;0,4595107579415567;-0,6956661106372422;0,0043808182742705;224;65,58928571428571;0,523686359923768
crypto;XRP;priority_with_coverage_fallback;30;30;BTC,ETH,SOL,BNB,TRX,ADA,AVAX,DOT,NEAR,ATOM,ALGO,DOGE,BCH,LTC,XLM,ETC,LINK,UNI,AAVE,INJ,FIL,VET,FET,GRT,THETA,XTZ,SAND,CHZ,DASH,HBAR;TON,SUI,ICP,MKR,RENDER,RNDR,ARB,OP,MATIC,POL,APT,SEI,EOS,MANA;CHZ,DASH,HBAR;1440;72;0,8;336;1,0;0,25;10,0;8760,0;3,024647790231363;0,2694124636987132;0,9715884486904016;0,2772907233117609;-0,890053628921747;0,0158804662442306;782;86,9064039408867;0,5064051694819182
crypto;XRP;priority_with_coverage_fallback;30;30;BTC,ETH,SOL,BNB,TRX,ADA,AVAX,DOT,NEAR,ATOM,ALGO,DOGE,BCH,LTC,XLM,ETC,LINK,UNI,AAVE,INJ,FIL,VET,FET,GRT,THETA,XTZ,SAND,CHZ,DASH,HBAR;TON,SUI,ICP,MKR,RENDER,RNDR,ARB,OP,MATIC,POL,APT,SEI,EOS,MANA;CHZ,DASH,HBAR;1440;72;0,8;336;1,0;0,5;10,0;8760,0;8,413233811729475;0,4683249938548524;0,9220437544040256;0,5079205749379649;-0,7604736264068329;0,0211609168426816;1066;58,66173752310536;0,5080980589866397
crypto;XRP;priority_with_coverage_fallback;30;30;BTC,ETH,SOL,BNB,TRX,ADA,AVAX,DOT,NEAR,ATOM,ALGO,DOGE,BCH,LTC,XLM,ETC,LINK,UNI,AAVE,INJ,FIL,VET,FET,GRT,THETA,XTZ,SAND,CHZ,DASH,HBAR;TON,SUI,ICP,MKR,RENDER,RNDR,ARB,OP,MATIC,POL,APT,SEI,EOS,MANA;CHZ,DASH,HBAR;1440;72;0,8;336;1,0;0,75;10,0;8760,0;2,662303493220893;0,2490594718417969;0,8953187601788452;0,278179663957947;-0,7392812116489036;0,0291402644136744;1482;38,126174496644296;0,5076749753555837
crypto;XRP;priority_with_coverage_fallback;30;30;BTC,ETH,SOL,BNB,TRX,ADA,AVAX,DOT,NEAR,ATOM,ALGO,DOGE,BCH,LTC,XLM,ETC,LINK,UNI,AAVE,INJ,FIL,VET,FET,GRT,THETA,XTZ,SAND,CHZ,DASH,HBAR;TON,SUI,ICP,MKR,RENDER,RNDR,ARB,OP,MATIC,POL,APT,SEI,EOS,MANA;CHZ,DASH,HBAR;1440;72;0,8;336;1,5;0,25;10,0;8760,0;13,411290146155922;0,579466665202244;0,9211229167935836;0,6290872310715703;-0,8682510888875501;0,0107173589924117;533;108,12408759124088;0,5068858435158307
crypto;XRP;priority_with_coverage_fallback;30;30;BTC,ETH,SOL,BNB,TRX,ADA,AVAX,DOT,NEAR,ATOM,ALGO,DOGE,BCH,LTC,XLM,ETC,LINK,UNI,AAVE,INJ,FIL,VET,FET,GRT,THETA,XTZ,SAND,CHZ,DASH,HBAR;TON,SUI,ICP,MKR,RENDER,RNDR,ARB,OP,MATIC,POL,APT,SEI,EOS,MANA;CHZ,DASH,HBAR;1440;72;0,8;336;1,5;0,5;10,0;8760,0;22,957548111869695;0,7231688718895555;0,8650829607735698;0,8359532029655136;-0,742411143883591;0,0125948525385277;637;80,8167701863354;0,5086654113668678
crypto;XRP;priority_with_coverage_fallback;30;30;BTC,ETH,SOL,BNB,TRX,ADA,AVAX,DOT,NEAR,ATOM,ALGO,DOGE,BCH,LTC,XLM,ETC,LINK,UNI,AAVE,INJ,FIL,VET,FET,GRT,THETA,XTZ,SAND,CHZ,DASH,HBAR;TON,SUI,ICP,MKR,RENDER,RNDR,ARB,OP,MATIC,POL,APT,SEI,EOS,MANA;CHZ,DASH,HBAR;1440;72;0,8;336;1,5;0,75;10,0;8760,0;16,369369589221225;0,6308026142966665;0,8319324611377318;0,7582377702079268;-0,7144588192570533;0,0143941171868888;732;62,76902173913044;0,5085501536863067
crypto;XRP;priority_with_coverage_fallback;30;30;BTC,ETH,SOL,BNB,TRX,ADA,AVAX,DOT,NEAR,ATOM,ALGO,DOGE,BCH,LTC,XLM,ETC,LINK,UNI,AAVE,INJ,FIL,VET,FET,GRT,THETA,XTZ,SAND,CHZ,DASH,HBAR;TON,SUI,ICP,MKR,RENDER,RNDR,ARB,OP,MATIC,POL,APT,SEI,EOS,MANA;CHZ,DASH,HBAR;1440;72;0,8;336;1,5;1,0;10,0;8760,0;15,373258129861782;0,614385277369411;0,7890461825976209;0,7786429881034234;-0,6895091125468563;0,0177970742392239;907;42,03076923076923;0,5115038694833717
crypto;XRP;priority_with_coverage_fallback;30;30;BTC,ETH,SOL,BNB,TRX,ADA,AVAX,DOT,NEAR,ATOM,ALGO,DOGE,BCH,LTC,XLM,ETC,LINK,UNI,AAVE,INJ,FIL,VET,FET,GRT,THETA,XTZ,SAND,CHZ,DASH,HBAR;TON,SUI,ICP,MKR,RENDER,RNDR,ARB,OP,MATIC,POL,APT,SEI,EOS,MANA;CHZ,DASH,HBAR;1440;72;0,8;336;2,0;0,25;10,0;8760,0;21,368851467873156;0,7030315433833618;0,8649296179656094;0,8128193656230133;-0,8908773060162276;0,0078620042243604;394;115,25373134328358;0,5089786756453423
crypto;XRP;priority_with_coverage_fallback;30;30;BTC,ETH,SOL,BNB,TRX,ADA,AVAX,DOT,NEAR,ATOM,ALGO,DOGE,BCH,LTC,XLM,ETC,LINK,UNI,AAVE,INJ,FIL,VET,FET,GRT,THETA,XTZ,SAND,CHZ,DASH,HBAR;TON,SUI,ICP,MKR,RENDER,RNDR,ARB,OP,MATIC,POL,APT,SEI,EOS,MANA;CHZ,DASH,HBAR;1440;72;0,8;336;2,0;0,5;10,0;8760,0;23,656868819690256;0,7316838050905852;0,8146371031807327;0,8981714707490511;-0,7885145840749626;0,0084487209575217;426;91,88425925925924;0,5097999697687308
crypto;XRP;priority_with_coverage_fallback;30;30;BTC,ETH,SOL,BNB,TRX,ADA,AVAX,DOT,NEAR,ATOM,ALGO,DOGE,BCH,LTC,XLM,ETC,LINK,UNI,AAVE,INJ,FIL,VET,FET,GRT,THETA,XTZ,SAND,CHZ,DASH,HBAR;TON,SUI,ICP,MKR,RENDER,RNDR,ARB,OP,MATIC,POL,APT,SEI,EOS,MANA;CHZ,DASH,HBAR;1440;72;0,8;336;2,0;0,75;10,0;8760,0;17,840720940354043;0,6536795146362386;0,7824573594014725;0,8354187059295598;-0,804134388802157;0,0090354376906829;459;73,98268398268398;0,5102984201287303
crypto;XRP;priority_with_coverage_fallback;30;30;BTC,ETH,SOL,BNB,TRX,ADA,AVAX,DOT,NEAR,ATOM,ALGO,DOGE,BCH,LTC,XLM,ETC,LINK,UNI,AAVE,INJ,FIL,VET,FET,GRT,THETA,XTZ,SAND,CHZ,DASH,HBAR;TON,SUI,ICP,MKR,RENDER,RNDR,ARB,OP,MATIC,POL,APT,SEI,EOS,MANA;CHZ,DASH,HBAR;1440;72;0,8;336;2,0;1,0;10,0;8760,0;8,995956979642198;0,4835124601885565;0,7138739275505132;0,6773079132440281;-0,792525227468557;0,009895955565986;504;56,58498023715415;0,5108270466610785
crypto;XRP;priority_with_coverage_fallback;30;30;BTC,ETH,SOL,BNB,TRX,ADA,AVAX,DOT,NEAR,ATOM,ALGO,DOGE,BCH,LTC,XLM,ETC,LINK,UNI,AAVE,INJ,FIL,VET,FET,GRT,THETA,XTZ,SAND,CHZ,DASH,HBAR;TON,SUI,ICP,MKR,RENDER,RNDR,ARB,OP,MATIC,POL,APT,SEI,EOS,MANA;CHZ,DASH,HBAR;1440;72;0,8;336;2,5;0,25;10,0;8760,0;6,353218707906953;0,4074923298212609;0,8209434567077077;0,4963707627994972;-0,8559072402873298;0,0054369083939607;275;133,30935251798562;0,5094441446303292
crypto;XRP;priority_with_coverage_fallback;30;30;BTC,ETH,SOL,BNB,TRX,ADA,AVAX,DOT,NEAR,ATOM,ALGO,DOGE,BCH,LTC,XLM,ETC,LINK,UNI,AAVE,INJ,FIL,VET,FET,GRT,THETA,XTZ,SAND,CHZ,DASH,HBAR;TON,SUI,ICP,MKR,RENDER,RNDR,ARB,OP,MATIC,POL,APT,SEI,EOS,MANA;CHZ,DASH,HBAR;1440;72;0,8;336;2,5;0,5;10,0;8760,0;6,693067564511544;0,4184293658927569;0,7705822656312032;0,5430041470653506;-0,7207407908738741;0,0057107095361026;290;105,26027397260276;0,5098906819364915
crypto;XRP;priority_with_coverage_fallback;30;30;BTC,ETH,SOL,BNB,TRX,ADA,AVAX,DOT,NEAR,ATOM,ALGO,DOGE,BCH,LTC,XLM,ETC,LINK,UNI,AAVE,INJ,FIL,VET,FET,GRT,THETA,XTZ,SAND,CHZ,DASH,HBAR;TON,SUI,ICP,MKR,RENDER,RNDR,ARB,OP,MATIC,POL,APT,SEI,EOS,MANA;CHZ,DASH,HBAR;1440;72;0,8;336;2,5;0,75;10,0;8760,0;5,572643453298239;0,38069032343681;0,6997849689075389;0,5440104322776755;-0,7413662051405814;0,0058671673316122;299;87,77333333333333;0,5115448883487772
crypto;XRP;priority_with_coverage_fallback;30;30;BTC,ETH,SOL,BNB,TRX,ADA,AVAX,DOT,NEAR,ATOM,ALGO,DOGE,BCH,LTC,XLM,ETC,LINK,UNI,AAVE,INJ,FIL,VET,FET,GRT,THETA,XTZ,SAND,CHZ,DASH,HBAR;TON,SUI,ICP,MKR,RENDER,RNDR,ARB,OP,MATIC,POL,APT,SEI,EOS,MANA;CHZ,DASH,HBAR;1440;72;0,8;336;2,5;1,0;10,0;8760,0;2,5763624563115353;0,2439883528933333;0,6503385705380678;0,3751712783872956;-0,6869502187790799;0,0061800829226316;316;70,01898734177215;0,51044020609238
crypto;XRP;priority_with_coverage_fallback;30;30;BTC,ETH,SOL,BNB,TRX,ADA,AVAX,DOT,NEAR,ATOM,ALGO,DOGE,BCH,LTC,XLM,ETC,LINK,UNI,AAVE,INJ,FIL,VET,FET,GRT,THETA,XTZ,SAND,CHZ,DASH,HBAR;TON,SUI,ICP,MKR,RENDER,RNDR,ARB,OP,MATIC,POL,APT,SEI,EOS,MANA;CHZ,DASH,HBAR;1440;72;0,8;336;3,0;0,25;10,0;8760,0;16,61606722534072;0,6347476630525839;0,7295370751685015;0,8700690953999506;-0,6970783644386231;0,0041852460298834;213;134,88785046728972;0,5166632023834269
crypto;XRP;priority_with_coverage_fallback;30;30;BTC,ETH,SOL,BNB,TRX,ADA,AVAX,DOT,NEAR,ATOM,ALGO,DOGE,BCH,LTC,XLM,ETC,LINK,UNI,AAVE,INJ,FIL,VET,FET,GRT,THETA,XTZ,SAND,CHZ,DASH,HBAR;TON,SUI,ICP,MKR,RENDER,RNDR,ARB,OP,MATIC,POL,APT,SEI,EOS,MANA;CHZ,DASH,HBAR;1440;72;0,8;336;3,0;0,5;10,0;8760,0;7,883711991861878;0,4538326723286225;0,7085234175545105;0,6405330594365384;-0,7242177039499311;0,0042243604787608;215;107,38888888888889;0,5166408001379548
crypto;XRP;priority_with_coverage_fallback;30;30;BTC,ETH,SOL,BNB,TRX,ADA,AVAX,DOT,NEAR,ATOM,ALGO,DOGE,BCH,LTC,XLM,ETC,LINK,UNI,AAVE,INJ,FIL,VET,FET,GRT,THETA,XTZ,SAND,CHZ,DASH,HBAR;TON,SUI,ICP,MKR,RENDER,RNDR,ARB,OP,MATIC,POL,APT,SEI,EOS,MANA;CHZ,DASH,HBAR;1440;72;0,8;336;3,0;0,75;10,0;8760,0;5,163852448118542;0,365584254216956;0,6352494087408883;0,5754971971427275;-0,7445863217701126;0,0042243604787608;216;91,16666666666669;0,5174690229534836
crypto;XRP;priority_with_coverage_fallback;30;30;BTC,ETH,SOL,BNB,TRX,ADA,AVAX,DOT,NEAR,ATOM,ALGO,DOGE,BCH,LTC,XLM,ETC,LINK,UNI,AAVE,INJ,FIL,VET,FET,GRT,THETA,XTZ,SAND,CHZ,DASH,HBAR;TON,SUI,ICP,MKR,RENDER,RNDR,ARB,OP,MATIC,POL,APT,SEI,EOS,MANA;CHZ,DASH,HBAR;1440;72;0,8;336;3,0;1,0;10,0;8760,0;4,199167023303882;0,3263394709394041;0,5904526443459387;0,5526937241527636;-0,6719278880870156;0,0044199327231479;226;72,79646017699115;0,5181132992949186
crypto;XRP;priority_with_coverage_fallback;30;30;BTC,ETH,SOL,BNB,TRX,ADA,AVAX,DOT,NEAR,ATOM,ALGO,DOGE,BCH,LTC,XLM,ETC,LINK,UNI,AAVE,INJ,FIL,VET,FET,GRT,THETA,XTZ,SAND,CHZ,DASH,HBAR;TON,SUI,ICP,MKR,RENDER,RNDR,ARB,OP,MATIC,POL,APT,SEI,EOS,MANA;CHZ,DASH,HBAR;1440;168;0,8;336;1,0;0,25;10,0;8760,0;0,6466277788895627;0,0891994389374806;1,1602807373985504;0,0768774625505491;-0,9169760484532762;0,0139834154736759;679;100,93016759776536;0,4992665984003542
crypto;XRP;priority_with_coverage_fallback;30;30;BTC,ETH,SOL,BNB,TRX,ADA,AVAX,DOT,NEAR,ATOM,ALGO,DOGE,BCH,LTC,XLM,ETC,LINK,UNI,AAVE,INJ,FIL,VET,FET,GRT,THETA,XTZ,SAND,CHZ,DASH,HBAR;TON,SUI,ICP,MKR,RENDER,RNDR,ARB,OP,MATIC,POL,APT,SEI,EOS,MANA;CHZ,DASH,HBAR;1440;168;0,8;336;1,0;0,5;10,0;8760,0;1,5309056053836505;0,1724376437771764;1,133017915663575;0,1521932190067664;-0,879730068069694;0,0183446765235077;911;69,85074626865672;0,4992368742368742
crypto;XRP;priority_with_coverage_fallback;30;30;BTC,ETH,SOL,BNB,TRX,ADA,AVAX,DOT,NEAR,ATOM,ALGO,DOGE,BCH,LTC,XLM,ETC,LINK,UNI,AAVE,INJ,FIL,VET,FET,GRT,THETA,XTZ,SAND,CHZ,DASH,HBAR;TON,SUI,ICP,MKR,RENDER,RNDR,ARB,OP,MATIC,POL,APT,SEI,EOS,MANA;CHZ,DASH,HBAR;1440;168;0,8;336;1,0;0,75;10,0;8760,0;1,09121438511673;0,1347262272796567;1,108153941491151;0,1215771764511046;-0,907238418277132;0,0267151685832746;1347;42,91361639824304;0,4990446946434664
crypto;XRP;priority_with_coverage_fallback;30;30;BTC,ETH,SOL,BNB,TRX,ADA,AVAX,DOT,NEAR,ATOM,ALGO,DOGE,BCH,LTC,XLM,ETC,LINK,UNI,AAVE,INJ,FIL,VET,FET,GRT,THETA,XTZ,SAND,CHZ,DASH,HBAR;TON,SUI,ICP,MKR,RENDER,RNDR,ARB,OP,MATIC,POL,APT,SEI,EOS,MANA;CHZ,DASH,HBAR;1440;168;0,8;336;1,5;0,25;10,0;8760,0;10,135864108992692;0,5112144186941874;1,1214315114122115;0,4558587960939481;-0,9279855557029856;0,0099350700148634;484;123,39370078740156;0,5000957182056027
crypto;XRP;priority_with_coverage_fallback;30;30;BTC,ETH,SOL,BNB,TRX,ADA,AVAX,DOT,NEAR,ATOM,ALGO,DOGE,BCH,LTC,XLM,ETC,LINK,UNI,AAVE,INJ,FIL,VET,FET,GRT,THETA,XTZ,SAND,CHZ,DASH,HBAR;TON,SUI,ICP,MKR,RENDER,RNDR,ARB,OP,MATIC,POL,APT,SEI,EOS,MANA;CHZ,DASH,HBAR;1440;168;0,8;336;1,5;0,5;10,0;8760,0;9,21788555542763;0,4891040008926919;1,0907812223707212;0,4483978921361201;-0,882491436322164;0,0114214190722052;568;94,96575342465754;0,4993148214929679
crypto;XRP;priority_with_coverage_fallback;30;30;BTC,ETH,SOL,BNB,TRX,ADA,AVAX,DOT,NEAR,ATOM,ALGO,DOGE,BCH,LTC,XLM,ETC,LINK,UNI,AAVE,INJ,FIL,VET,FET,GRT,THETA,XTZ,SAND,CHZ,DASH,HBAR;TON,SUI,ICP,MKR,RENDER,RNDR,ARB,OP,MATIC,POL,APT,SEI,EOS,MANA;CHZ,DASH,HBAR;1440;168;0,8;336;1,5;0,75;10,0;8760,0;6,90247940163647;0,4249708346089722;1,0638669708156807;0,3994586224282736;-0,9219094985862626;0,0138074004537276;695;68,27195467422096;0,5000414937759337
crypto;XRP;priority_with_coverage_fallback;30;30;BTC,ETH,SOL,BNB,TRX,ADA,AVAX,DOT,NEAR,ATOM,ALGO,DOGE,BCH,LTC,XLM,ETC,LINK,UNI,AAVE,INJ,FIL,VET,FET,GRT,THETA,XTZ,SAND,CHZ,DASH,HBAR;TON,SUI,ICP,MKR,RENDER,RNDR,ARB,OP,MATIC,POL,APT,SEI,EOS,MANA;CHZ,DASH,HBAR;1440;168;0,8;336;1,5;1,0;10,0;8760,0;2,3590010790543037;0,2306965935387037;1,03921784600973;0,2219906003582465;-0,9325182212155444;0,0165454118751466;835;49,312056737588655;0,4994486792271921
crypto;XRP;priority_with_coverage_fallback;30;30;BTC,ETH,SOL,BNB,TRX,ADA,AVAX,DOT,NEAR,ATOM,ALGO,DOGE,BCH,LTC,XLM,ETC,LINK,UNI,AAVE,INJ,FIL,VET,FET,GRT,THETA,XTZ,SAND,CHZ,DASH,HBAR;TON,SUI,ICP,MKR,RENDER,RNDR,ARB,OP,MATIC,POL,APT,SEI,EOS,MANA;CHZ,DASH,HBAR;1440;168;0,8;336;2,0;0,25;10,0;8760,0;9,763754077101929;0,5024407688914756;1,0728567536305182;0,4683204604820071;-0,8329651412624814;0,0070406007979347;347;139,0888888888889;0,5032752835916281
crypto;XRP;priority_with_coverage_fallback;30;30;BTC,ETH,SOL,BNB,TRX,ADA,AVAX,DOT,NEAR,ATOM,ALGO,DOGE,BCH,LTC,XLM,ETC,LINK,UNI,AAVE,INJ,FIL,VET,FET,GRT,THETA,XTZ,SAND,CHZ,DASH,HBAR;TON,SUI,ICP,MKR,RENDER,RNDR,ARB,OP,MATIC,POL,APT,SEI,EOS,MANA;CHZ,DASH,HBAR;1440;168;0,8;336;2,0;0,5;10,0;8760,0;4,4336038892075855;0,3363992316582351;1,0439626855915798;0,3222330034407394;-0,8615431485341116;0,0077446608777282;388;110,0;0,5028466483011937
crypto;XRP;priority_with_coverage_fallback;30;30;BTC,ETH,SOL,BNB,TRX,ADA,AVAX,DOT,NEAR,ATOM,ALGO,DOGE,BCH,LTC,XLM,ETC,LINK,UNI,AAVE,INJ,FIL,VET,FET,GRT,THETA,XTZ,SAND,CHZ,DASH,HBAR;TON,SUI,ICP,MKR,RENDER,RNDR,ARB,OP,MATIC,POL,APT,SEI,EOS,MANA;CHZ,DASH,HBAR;1440;168;0,8;336;2,0;0,75;10,0;8760,0;4,804619481348171;0,35160783925409;1,0040823466975992;0,3501782900680597;-0,868893590134523;0,0083313776108894;423;86,31924882629107;0,5026106820406832
crypto;XRP;priority_with_coverage_fallback;30;30;BTC,ETH,SOL,BNB,TRX,ADA,AVAX,DOT,NEAR,ATOM,ALGO,DOGE,BCH,LTC,XLM,ETC,LINK,UNI,AAVE,INJ,FIL,VET,FET,GRT,THETA,XTZ,SAND,CHZ,DASH,HBAR;TON,SUI,ICP,MKR,RENDER,RNDR,ARB,OP,MATIC,POL,APT,SEI,EOS,MANA;CHZ,DASH,HBAR;1440;168;0,8;336;2,0;1,0;10,0;8760,0;5,2293599879721775;0,3680597637690794;0,9715202681133086;0,3788492899729731;-0,7849586378609802;0,0091136665884377;463;66,30901287553648;0,5016181229773463
crypto;XRP;priority_with_coverage_fallback;30;30;BTC,ETH,SOL,BNB,TRX,ADA,AVAX,DOT,NEAR,ATOM,ALGO,DOGE,BCH,LTC,XLM,ETC,LINK,UNI,AAVE,INJ,FIL,VET,FET,GRT,THETA,XTZ,SAND,CHZ,DASH,HBAR;TON,SUI,ICP,MKR,RENDER,RNDR,ARB,OP,MATIC,POL,APT,SEI,EOS,MANA;CHZ,DASH,HBAR;1440;168;0,8;336;2,5;0,25;10,0;8760,0;1,5586040248296893;0,1746260069747813;0,8488022942737872;0,2057322513768495;-0,80255618339604;0,0049284205585543;248;159,015873015873;0,5027450588939908
crypto;XRP;priority_with_coverage_fallback;30;30;BTC,ETH,SOL,BNB,TRX,ADA,AVAX,DOT,NEAR,ATOM,ALGO,DOGE,BCH,LTC,XLM,ETC,LINK,UNI,AAVE,INJ,FIL,VET,FET,GRT,THETA,XTZ,SAND,CHZ,DASH,HBAR;TON,SUI,ICP,MKR,RENDER,RNDR,ARB,OP,MATIC,POL,APT,SEI,EOS,MANA;CHZ,DASH,HBAR;1440;168;0,8;336;2,5;0,5;10,0;8760,0;0,6063291365122436;0,0845856088827268;0,8267196170774542;0,1023147475098587;-0,8216512893104101;0,0052022217006962;265;128,5639097744361;0,5030118720393005
crypto;XRP;priority_with_coverage_fallback;30;30;BTC,ETH,SOL,BNB,TRX,ADA,AVAX,DOT,NEAR,ATOM,ALGO,DOGE,BCH,LTC,XLM,ETC,LINK,UNI,AAVE,INJ,FIL,VET,FET,GRT,THETA,XTZ,SAND,CHZ,DASH,HBAR;TON,SUI,ICP,MKR,RENDER,RNDR,ARB,OP,MATIC,POL,APT,SEI,EOS,MANA;CHZ,DASH,HBAR;1440;168;0,8;336;2,5;0,75;10,0;8760,0;0,3173854485909855;0,048357391334596;0,7282459985037562;0,0664025500091321;-0,8191655605516531;0,0054369083939607;278;102,33812949640289;0,5033391915641476
crypto;XRP;priority_with_coverage_fallback;30;30;BTC,ETH,SOL,BNB,TRX,ADA,AVAX,DOT,NEAR,ATOM,ALGO,DOGE,BCH,LTC,XLM,ETC,LINK,UNI,AAVE,INJ,FIL,VET,FET,GRT,THETA,XTZ,SAND,CHZ,DASH,HBAR;TON,SUI,ICP,MKR,RENDER,RNDR,ARB,OP,MATIC,POL,APT,SEI,EOS,MANA;CHZ,DASH,HBAR;1440;168;0,8;336;2,5;1,0;10,0;8760,0;-0,0033354141489483;-0,0005722187599245;0,707491470265902;-0,0008087995176951;-0,8289194301847091;0,00574982398498;294;79,3265306122449;0,5035588714518481
crypto;XRP;priority_with_coverage_fallback;30;30;BTC,ETH,SOL,BNB,TRX,ADA,AVAX,DOT,NEAR,ATOM,ALGO,DOGE,BCH,LTC,XLM,ETC,LINK,UNI,AAVE,INJ,FIL,VET,FET,GRT,THETA,XTZ,SAND,CHZ,DASH,HBAR;TON,SUI,ICP,MKR,RENDER,RNDR,ARB,OP,MATIC,POL,APT,SEI,EOS,MANA;CHZ,DASH,HBAR;1440;168;0,8;336;3,0;0,25;10,0;8760,0;6,300948864377981;0,4057731793840982;0,8157705558502026;0,4974109159421648;-0,7398359843857885;0,003676758194477;186;172,9787234042553;0,5071340713407134
crypto;XRP;priority_with_coverage_fallback;30;30;BTC,ETH,SOL,BNB,TRX,ADA,AVAX,DOT,NEAR,ATOM,ALGO,DOGE,BCH,LTC,XLM,ETC,LINK,UNI,AAVE,INJ,FIL,VET,FET,GRT,THETA,XTZ,SAND,CHZ,DASH,HBAR;TON,SUI,ICP,MKR,RENDER,RNDR,ARB,OP,MATIC,POL,APT,SEI,EOS,MANA;CHZ,DASH,HBAR;1440;168;0,8;336;3,0;0,5;10,0;8760,0;4,395200714641259;0,3347762929111246;0,7931201373494567;0,4221003567377824;-0,7471170253710137;0,0039114448877415;199;132,12;0,5081743869209809
crypto;XRP;priority_with_coverage_fallback;30;30;BTC,ETH,SOL,BNB,TRX,ADA,AVAX,DOT,NEAR,ATOM,ALGO,DOGE,BCH,LTC,XLM,ETC,LINK,UNI,AAVE,INJ,FIL,VET,FET,GRT,THETA,XTZ,SAND,CHZ,DASH,HBAR;TON,SUI,ICP,MKR,RENDER,RNDR,ARB,OP,MATIC,POL,APT,SEI,EOS,MANA;CHZ,DASH,HBAR;1440;168;0,8;336;3,0;0,75;10,0;8760,0;3,0443825982646766;0,2704767010250006;0,691349473413262;0,3912300673198316;-0,6176466820458413;0,0040287882343737;206;106,54368932038837;0,5097503189356661
crypto;XRP;priority_with_coverage_fallback;30;30;BTC,ETH,SOL,BNB,TRX,ADA,AVAX,DOT,NEAR,ATOM,ALGO,DOGE,BCH,LTC,XLM,ETC,LINK,UNI,AAVE,INJ,FIL,VET,FET,GRT,THETA,XTZ,SAND,CHZ,DASH,HBAR;TON,SUI,ICP,MKR,RENDER,RNDR,ARB,OP,MATIC,POL,APT,SEI,EOS,MANA;CHZ,DASH,HBAR;1440;168;0,8;336;3,0;1,0;10,0;8760,0;1,856572731027028;0,197005099687737;0,6644218328620164;0,2965060597709919;-0,6796953470282137;0,0041852460298834;214;83,20560747663552;0,512973155116253
crypto;XRP;priority_with_coverage_fallback;30;30;BTC,ETH,SOL,BNB,TRX,ADA,AVAX,DOT,NEAR,ATOM,ALGO,DOGE,BCH,LTC,XLM,ETC,LINK,UNI,AAVE,INJ,FIL,VET,FET,GRT,THETA,XTZ,SAND,CHZ,DASH,HBAR;TON,SUI,ICP,MKR,RENDER,RNDR,ARB,OP,MATIC,POL,APT,SEI,EOS,MANA;CHZ,DASH,HBAR;1440;336;0,8;336;1,0;0,25;10,0;8760,0;2,3628583075864005;0,2309385966843919;1,2838141833338803;0,1798847525462585;-0,9174179536852092;0,0131620120472502;627;111,11275964391692;0,5000400587528375
crypto;XRP;priority_with_coverage_fallback;30;30;BTC,ETH,SOL,BNB,TRX,ADA,AVAX,DOT,NEAR,ATOM,ALGO,DOGE,BCH,LTC,XLM,ETC,LINK,UNI,AAVE,INJ,FIL,VET,FET,GRT,THETA,XTZ,SAND,CHZ,DASH,HBAR;TON,SUI,ICP,MKR,RENDER,RNDR,ARB,OP,MATIC,POL,APT,SEI,EOS,MANA;CHZ,DASH,HBAR;1440;336;0,8;336;1,0;0,5;10,0;8760,0;1,0930972193507729;0,1349011934118653;1,2635376970079637;0,1067646764566733;-0,9244234145870196;0,0162911679574434;803;81,10551558752998;0,4991573282871588
crypto;XRP;priority_with_coverage_fallback;30;30;BTC,ETH,SOL,BNB,TRX,ADA,AVAX,DOT,NEAR,ATOM,ALGO,DOGE,BCH,LTC,XLM,ETC,LINK,UNI,AAVE,INJ,FIL,VET,FET,GRT,THETA,XTZ,SAND,CHZ,DASH,HBAR;TON,SUI,ICP,MKR,RENDER,RNDR,ARB,OP,MATIC,POL,APT,SEI,EOS,MANA;CHZ,DASH,HBAR;1440;336;0,8;336;1,0;0,75;10,0;8760,0;0,0090317765734853;0,001541576783947;1,2334994490751725;0,0012497587940577;-0,921557666426542;0,0237620276930298;1192;50,05263157894737;0,4975354889589905
crypto;XRP;priority_with_coverage_fallback;30;30;BTC,ETH,SOL,BNB,TRX,ADA,AVAX,DOT,NEAR,ATOM,ALGO,DOGE,BCH,LTC,XLM,ETC,LINK,UNI,AAVE,INJ,FIL,VET,FET,GRT,THETA,XTZ,SAND,CHZ,DASH,HBAR;TON,SUI,ICP,MKR,RENDER,RNDR,ARB,OP,MATIC,POL,APT,SEI,EOS,MANA;CHZ,DASH,HBAR;1440;336;0,8;336;1,5;0,25;10,0;8760,0;1,3207079232517778;0,1551505034065587;1,230190498221039;0,1261190877599199;-0,908740440774148;0,0095243683016506;458;134,6967213114754;0,5004259721292521
crypto;XRP;priority_with_coverage_fallback;30;30;BTC,ETH,SOL,BNB,TRX,ADA,AVAX,DOT,NEAR,ATOM,ALGO,DOGE,BCH,LTC,XLM,ETC,LINK,UNI,AAVE,INJ,FIL,VET,FET,GRT,THETA,XTZ,SAND,CHZ,DASH,HBAR;TON,SUI,ICP,MKR,RENDER,RNDR,ARB,OP,MATIC,POL,APT,SEI,EOS,MANA;CHZ,DASH,HBAR;1440;336;0,8;336;1,5;0,5;10,0;8760,0;-0,0502077556318922;-0,008786276610059;1,197062439692149;-0,007339864921598;-0,9208029393058664;0,0103457717280763;511;109,40754716981132;0,4974649053219743
crypto;XRP;priority_with_coverage_fallback;30;30;BTC,ETH,SOL,BNB,TRX,ADA,AVAX,DOT,NEAR,ATOM,ALGO,DOGE,BCH,LTC,XLM,ETC,LINK,UNI,AAVE,INJ,FIL,VET,FET,GRT,THETA,XTZ,SAND,CHZ,DASH,HBAR;TON,SUI,ICP,MKR,RENDER,RNDR,ARB,OP,MATIC,POL,APT,SEI,EOS,MANA;CHZ,DASH,HBAR;1440;336;0,8;336;1,5;0,75;10,0;8760,0;0,066827486732333;0,0111442904742145;1,1748880905483332;0,0094854059410997;-0,9152174069413784;0,0124579519674567;621;79,55485893416927;0,4963748128300102
crypto;XRP;priority_with_coverage_fallback;30;30;BTC,ETH,SOL,BNB,TRX,ADA,AVAX,DOT,NEAR,ATOM,ALGO,DOGE,BCH,LTC,XLM,ETC,LINK,UNI,AAVE,INJ,FIL,VET,FET,GRT,THETA,XTZ,SAND,CHZ,DASH,HBAR;TON,SUI,ICP,MKR,RENDER,RNDR,ARB,OP,MATIC,POL,APT,SEI,EOS,MANA;CHZ,DASH,HBAR;1440;336;0,8;336;1,5;1,0;10,0;8760,0;2,2699926555936;0,2250471819905948;1,145432220001676;0,1964735914188493;-0,8998073747001095;0,0152937495110693;770;55,05626598465473;0,4965392298044316
crypto;XRP;priority_with_coverage_fallback;30;30;BTC,ETH,SOL,BNB,TRX,ADA,AVAX,DOT,NEAR,ATOM,ALGO,DOGE,BCH,LTC,XLM,ETC,LINK,UNI,AAVE,INJ,FIL,VET,FET,GRT,THETA,XTZ,SAND,CHZ,DASH,HBAR;TON,SUI,ICP,MKR,RENDER,RNDR,ARB,OP,MATIC,POL,APT,SEI,EOS,MANA;CHZ,DASH,HBAR;1440;336;0,8;336;2,0;0,25;10,0;8760,0;2,5802741533387916;0,2442213521802267;1,2092941441751657;0,2019536382910421;-0,9191530074982476;0,0069819291246186;337;152,05027932960894;0,5021861336664585
crypto;XRP;priority_with_coverage_fallback;30;30;BTC,ETH,SOL,BNB,TRX,ADA,AVAX,DOT,NEAR,ATOM,ALGO,DOGE,BCH,LTC,XLM,ETC,LINK,UNI,AAVE,INJ,FIL,VET,FET,GRT,THETA,XTZ,SAND,CHZ,DASH,HBAR;TON,SUI,ICP,MKR,RENDER,RNDR,ARB,OP,MATIC,POL,APT,SEI,EOS,MANA;CHZ,DASH,HBAR;1440;336;0,8;336;2,0;0,5;10,0;8760,0;0,2071177366899899;0,0327743707209189;1,1773680120455443;0,0278369807788281;-0,9222101506421236;0,0072166158178831;359;129,88108108108108;0,4995838188779757
crypto;XRP;priority_with_coverage_fallback;30;30;BTC,ETH,SOL,BNB,TRX,ADA,AVAX,DOT,NEAR,ATOM,ALGO,DOGE,BCH,LTC,XLM,ETC,LINK,UNI,AAVE,INJ,FIL,VET,FET,GRT,THETA,XTZ,SAND,CHZ,DASH,HBAR;TON,SUI,ICP,MKR,RENDER,RNDR,ARB,OP,MATIC,POL,APT,SEI,EOS,MANA;CHZ,DASH,HBAR;1440;336;0,8;336;2,0;0,75;10,0;8760,0;1,005124779145267;0,1265831567143585;1,157097603976589;0,1093971297488916;-0,9073234914765264;0,0082531487131346;412;96,99526066350712;0,4987784618391478
crypto;XRP;priority_with_coverage_fallback;30;30;BTC,ETH,SOL,BNB,TRX,ADA,AVAX,DOT,NEAR,ATOM,ALGO,DOGE,BCH,LTC,XLM,ETC,LINK,UNI,AAVE,INJ,FIL,VET,FET,GRT,THETA,XTZ,SAND,CHZ,DASH,HBAR;TON,SUI,ICP,MKR,RENDER,RNDR,ARB,OP,MATIC,POL,APT,SEI,EOS,MANA;CHZ,DASH,HBAR;1440;336;0,8;336;2,0;1,0;10,0;8760,0;0,1741310040104229;0,0278835838206641;0,8402678850045089;0,0331841598593459;-0,8851269867953763;0,0088007509974184;444;74,62666666666667;0,4974688821392413
crypto;XRP;priority_with_coverage_fallback;30;30;BTC,ETH,SOL,BNB,TRX,ADA,AVAX,DOT,NEAR,ATOM,ALGO,DOGE,BCH,LTC,XLM,ETC,LINK,UNI,AAVE,INJ,FIL,VET,FET,GRT,THETA,XTZ,SAND,CHZ,DASH,HBAR;TON,SUI,ICP,MKR,RENDER,RNDR,ARB,OP,MATIC,POL,APT,SEI,EOS,MANA;CHZ,DASH,HBAR;1440;336;0,8;336;2,5;0,25;10,0;8760,0;0,0676177431063835;0,0112725722653508;1,0966785558098398;0,0102788298409159;-0,8646412771716947;0,004811077211922;238;178,34146341463415;0,5030543398978847
crypto;XRP;priority_with_coverage_fallback;30;30;BTC,ETH,SOL,BNB,TRX,ADA,AVAX,DOT,NEAR,ATOM,ALGO,DOGE,BCH,LTC,XLM,ETC,LINK,UNI,AAVE,INJ,FIL,VET,FET,GRT,THETA,XTZ,SAND,CHZ,DASH,HBAR;TON,SUI,ICP,MKR,RENDER,RNDR,ARB,OP,MATIC,POL,APT,SEI,EOS,MANA;CHZ,DASH,HBAR;1440;336;0,8;336;2,5;0,5;10,0;8760,0;-0,4717648126040765;-0,1035740476060638;1,0629278619614295;-0,0974422172121236;-0,8578098429849204;0,0048893061096769;246;154,424;0,5002331243848106
crypto;XRP;priority_with_coverage_fallback;30;30;BTC,ETH,SOL,BNB,TRX,ADA,AVAX,DOT,NEAR,ATOM,ALGO,DOGE,BCH,LTC,XLM,ETC,LINK,UNI,AAVE,INJ,FIL,VET,FET,GRT,THETA,XTZ,SAND,CHZ,DASH,HBAR;TON,SUI,ICP,MKR,RENDER,RNDR,ARB,OP,MATIC,POL,APT,SEI,EOS,MANA;CHZ,DASH,HBAR;1440;336;0,8;336;2,5;0,75;10,0;8760,0;0,2219615329728419;0,0349391331163984;1,0343272108743815;0,033779574537986;-0,8381941460176404;0,0055151372917155;278;115,51063829787236;0,4999079020077362
crypto;XRP;priority_with_coverage_fallback;30;30;BTC,ETH,SOL,BNB,TRX,ADA,AVAX,DOT,NEAR,ATOM,ALGO,DOGE,BCH,LTC,XLM,ETC,LINK,UNI,AAVE,INJ,FIL,VET,FET,GRT,THETA,XTZ,SAND,CHZ,DASH,HBAR;TON,SUI,ICP,MKR,RENDER,RNDR,ARB,OP,MATIC,POL,APT,SEI,EOS,MANA;CHZ,DASH,HBAR;1440;336;0,8;336;2,5;1,0;10,0;8760,0;-0,3365570501019376;-0,0678814289222659;0,6732046243966581;-0,1008332778211421;-0,8637079180916218;0,0056324806383478;285;92,36111111111111;0,4981954887218045
crypto;XRP;priority_with_coverage_fallback;30;30;BTC,ETH,SOL,BNB,TRX,ADA,AVAX,DOT,NEAR,ATOM,ALGO,DOGE,BCH,LTC,XLM,ETC,LINK,UNI,AAVE,INJ,FIL,VET,FET,GRT,THETA,XTZ,SAND,CHZ,DASH,HBAR;TON,SUI,ICP,MKR,RENDER,RNDR,ARB,OP,MATIC,POL,APT,SEI,EOS,MANA;CHZ,DASH,HBAR;1440;336;0,8;336;3,0;0,25;10,0;8760,0;-0,0839834513049718;-0,0149160849865273;1,069025635056708;-0,013952972218235;-0,9156433929607593;0,0037158726433544;185;185,76842105263157;0,5050997280145059
crypto;XRP;priority_with_coverage_fallback;30;30;BTC,ETH,SOL,BNB,TRX,ADA,AVAX,DOT,NEAR,ATOM,ALGO,DOGE,BCH,LTC,XLM,ETC,LINK,UNI,AAVE,INJ,FIL,VET,FET,GRT,THETA,XTZ,SAND,CHZ,DASH,HBAR;TON,SUI,ICP,MKR,RENDER,RNDR,ARB,OP,MATIC,POL,APT,SEI,EOS,MANA;CHZ,DASH,HBAR;1440;336;0,8;336;3,0;0,5;10,0;8760,0;-0,5930579944630421;-0,1427556935652429;1,033762426354479;-0,1380933277568088;-0,9293535442186264;0,0037158726433544;188;158,42105263157896;0,5034551495016611
crypto;XRP;priority_with_coverage_fallback;30;30;BTC,ETH,SOL,BNB,TRX,ADA,AVAX,DOT,NEAR,ATOM,ALGO,DOGE,BCH,LTC,XLM,ETC,LINK,UNI,AAVE,INJ,FIL,VET,FET,GRT,THETA,XTZ,SAND,CHZ,DASH,HBAR;TON,SUI,ICP,MKR,RENDER,RNDR,ARB,OP,MATIC,POL,APT,SEI,EOS,MANA;CHZ,DASH,HBAR;1440;336;0,8;336;3,0;0,75;10,0;8760,0;-0,2462952383353727;-0,0472872841870627;1,010045187358879;-0,0468169986639034;-0,8964456538341197;0,0040679026832511;206;118,57692307692308;0,5020272461887771
crypto;XRP;priority_with_coverage_fallback;30;30;BTC,ETH,SOL,BNB,TRX,ADA,AVAX,DOT,NEAR,ATOM,ALGO,DOGE,BCH,LTC,XLM,ETC,LINK,UNI,AAVE,INJ,FIL,VET,FET,GRT,THETA,XTZ,SAND,CHZ,DASH,HBAR;TON,SUI,ICP,MKR,RENDER,RNDR,ARB,OP,MATIC,POL,APT,SEI,EOS,MANA;CHZ,DASH,HBAR;1440;336;0,8;336;3,0;1,0;10,0;8760,0;-0,3740931318503643;-0,077135834016372;0,6267994432449601;-0,1230630225467933;-0,8991370467397158;0,0041070171321286;208;95,01904761904764;0,5027563395810364
crypto;BNB;priority_with_coverage_fallback;30;30;BTC,ETH,SOL,XRP,TRX,ADA,AVAX,DOT,NEAR,ATOM,ALGO,DOGE,BCH,LTC,XLM,ETC,LINK,UNI,AAVE,INJ,FIL,VET,FET,GRT,THETA,XTZ,SAND,CHZ,DASH,HBAR;TON,SUI,ICP,MKR,RENDER,RNDR,ARB,OP,MATIC,POL,APT,SEI,EOS,MANA;CHZ,DASH,HBAR;1440;24;0,8;336;1,0;0,25;10,0;8760,0;4,497409071347835;0,3390747774819715;0,5751387969911385;0,5895529553141864;-0,7594599193399707;0,0152350778377532;756;94,5051282051282;0,5032693925170253
crypto;BNB;priority_with_coverage_fallback;30;30;BTC,ETH,SOL,XRP,TRX,ADA,AVAX,DOT,NEAR,ATOM,ALGO,DOGE,BCH,LTC,XLM,ETC,LINK,UNI,AAVE,INJ,FIL,VET,FET,GRT,THETA,XTZ,SAND,CHZ,DASH,HBAR;TON,SUI,ICP,MKR,RENDER,RNDR,ARB,OP,MATIC,POL,APT,SEI,EOS,MANA;CHZ,DASH,HBAR;1440;24;0,8;336;1,0;0,5;10,0;8760,0;3,569151182837881;0,2973103152203087;0,5573106358152183;0,5334732483355742;-0,7491753259015024;0,0190682938277399;967;69,04713114754098;0,5030419943611811
crypto;BNB;priority_with_coverage_fallback;30;30;BTC,ETH,SOL,XRP,TRX,ADA,AVAX,DOT,NEAR,ATOM,ALGO,DOGE,BCH,LTC,XLM,ETC,LINK,UNI,AAVE,INJ,FIL,VET,FET,GRT,THETA,XTZ,SAND,CHZ,DASH,HBAR;TON,SUI,ICP,MKR,RENDER,RNDR,ARB,OP,MATIC,POL,APT,SEI,EOS,MANA;CHZ,DASH,HBAR;1440;24;0,8;336;1,0;0,75;10,0;8760,0;2,630885969842017;0,2472171686805433;0,5402356358295309;0,4576098877685878;-0,7400950410353352;0,0292771649847453;1492;40,2977303070761;0,5043236258821191
crypto;BNB;priority_with_coverage_fallback;30;30;BTC,ETH,SOL,XRP,TRX,ADA,AVAX,DOT,NEAR,ATOM,ALGO,DOGE,BCH,LTC,XLM,ETC,LINK,UNI,AAVE,INJ,FIL,VET,FET,GRT,THETA,XTZ,SAND,CHZ,DASH,HBAR;TON,SUI,ICP,MKR,RENDER,RNDR,ARB,OP,MATIC,POL,APT,SEI,EOS,MANA;CHZ,DASH,HBAR;1440;24;0,8;336;1,5;0,25;10,0;8760,0;8,330730419602565;0,466112157902623;0,5523949768581339;0,8438023107192918;-0,6918982910822814;0,0107369162168505;537;116,23636363636363;0,5043954325043016
crypto;BNB;priority_with_coverage_fallback;30;30;BTC,ETH,SOL,XRP,TRX,ADA,AVAX,DOT,NEAR,ATOM,ALGO,DOGE,BCH,LTC,XLM,ETC,LINK,UNI,AAVE,INJ,FIL,VET,FET,GRT,THETA,XTZ,SAND,CHZ,DASH,HBAR;TON,SUI,ICP,MKR,RENDER,RNDR,ARB,OP,MATIC,POL,APT,SEI,EOS,MANA;CHZ,DASH,HBAR;1440;24;0,8;336;1,5;0,5;10,0;8760,0;6,924255547607655;0,4256427887552048;0,5316430105818063;0,8006176706609955;-0,7021568496713153;0,0121450363764374;616;91,14469453376206;0,5047978550765541
crypto;BNB;priority_with_coverage_fallback;30;30;BTC,ETH,SOL,XRP,TRX,ADA,AVAX,DOT,NEAR,ATOM,ALGO,DOGE,BCH,LTC,XLM,ETC,LINK,UNI,AAVE,INJ,FIL,VET,FET,GRT,THETA,XTZ,SAND,CHZ,DASH,HBAR;TON,SUI,ICP,MKR,RENDER,RNDR,ARB,OP,MATIC,POL,APT,SEI,EOS,MANA;CHZ,DASH,HBAR;1440;24;0,8;336;1,5;0,75;10,0;8760,0;3,5596148942654597;0,2968460406103945;0,506115743341911;0,5865180929767236;-0,6391335122896074;0,014648361104592;748;65,36533333333334;0,5046507832898173
crypto;BNB;priority_with_coverage_fallback;30;30;BTC,ETH,SOL,XRP,TRX,ADA,AVAX,DOT,NEAR,ATOM,ALGO,DOGE,BCH,LTC,XLM,ETC,LINK,UNI,AAVE,INJ,FIL,VET,FET,GRT,THETA,XTZ,SAND,CHZ,DASH,HBAR;TON,SUI,ICP,MKR,RENDER,RNDR,ARB,OP,MATIC,POL,APT,SEI,EOS,MANA;CHZ,DASH,HBAR;1440;24;0,8;336;1,5;1,0;10,0;8760,0;1,591719670908927;0,1772167487260405;0,4716378732486153;0,3757474935279932;-0,5906716938681205;0,0180513181569271;922;45,45238095238095;0,5067384161150531
crypto;BNB;priority_with_coverage_fallback;30;30;BTC,ETH,SOL,XRP,TRX,ADA,AVAX,DOT,NEAR,ATOM,ALGO,DOGE,BCH,LTC,XLM,ETC,LINK,UNI,AAVE,INJ,FIL,VET,FET,GRT,THETA,XTZ,SAND,CHZ,DASH,HBAR;TON,SUI,ICP,MKR,RENDER,RNDR,ARB,OP,MATIC,POL,APT,SEI,EOS,MANA;CHZ,DASH,HBAR;1440;24;0,8;336;2,0;0,25;10,0;8760,0;14,081187114801306;0,5918094927311619;0,5159165688616146;1,1471030946670453;-0,6877421294107509;0,0078815614487991;398;131,35148514851485;0,5056344928956394
crypto;BNB;priority_with_coverage_fallback;30;30;BTC,ETH,SOL,XRP,TRX,ADA,AVAX,DOT,NEAR,ATOM,ALGO,DOGE,BCH,LTC,XLM,ETC,LINK,UNI,AAVE,INJ,FIL,VET,FET,GRT,THETA,XTZ,SAND,CHZ,DASH,HBAR;TON,SUI,ICP,MKR,RENDER,RNDR,ARB,OP,MATIC,POL,APT,SEI,EOS,MANA;CHZ,DASH,HBAR;1440;24;0,8;336;2,0;0,5;10,0;8760,0;11,762764256781333;0,546934326114058;0,4927765784297434;1,1099032503876116;-0,6977719927185257;0,0084682781819604;431;104,23502304147463;0,5056368539723242
crypto;BNB;priority_with_coverage_fallback;30;30;BTC,ETH,SOL,XRP,TRX,ADA,AVAX,DOT,NEAR,ATOM,ALGO,DOGE,BCH,LTC,XLM,ETC,LINK,UNI,AAVE,INJ,FIL,VET,FET,GRT,THETA,XTZ,SAND,CHZ,DASH,HBAR;TON,SUI,ICP,MKR,RENDER,RNDR,ARB,OP,MATIC,POL,APT,SEI,EOS,MANA;CHZ,DASH,HBAR;1440;24;0,8;336;2,0;0,75;10,0;8760,0;9,488961716493725;0,4957988834194378;0,4561583824852304;1,0869007398663573;-0,5839446544888284;0,0093287960572635;476;78,581589958159;0,5064160587828124
crypto;BNB;priority_with_coverage_fallback;30;30;BTC,ETH,SOL,XRP,TRX,ADA,AVAX,DOT,NEAR,ATOM,ALGO,DOGE,BCH,LTC,XLM,ETC,LINK,UNI,AAVE,INJ,FIL,VET,FET,GRT,THETA,XTZ,SAND,CHZ,DASH,HBAR;TON,SUI,ICP,MKR,RENDER,RNDR,ARB,OP,MATIC,POL,APT,SEI,EOS,MANA;CHZ,DASH,HBAR;1440;24;0,8;336;2,0;1,0;10,0;8760,0;5,957477975580898;0,3942155837636285;0,4213711127734976;0,9355543648183918;-0,5382820248204948;0,0102675428303215;524;60,11406844106464;0,5087919038583175
crypto;BNB;priority_with_coverage_fallback;30;30;BTC,ETH,SOL,XRP,TRX,ADA,AVAX,DOT,NEAR,ATOM,ALGO,DOGE,BCH,LTC,XLM,ETC,LINK,UNI,AAVE,INJ,FIL,VET,FET,GRT,THETA,XTZ,SAND,CHZ,DASH,HBAR;TON,SUI,ICP,MKR,RENDER,RNDR,ARB,OP,MATIC,POL,APT,SEI,EOS,MANA;CHZ,DASH,HBAR;1440;24;0,8;336;2,5;0,25;10,0;8760,0;14,942300024130512;0,6070248043714142;0,4731179937139099;1,283030475350038;-0,6462379240657551;0,0055933661894703;285;134,74125874125875;0,5090824164417688
crypto;BNB;priority_with_coverage_fallback;30;30;BTC,ETH,SOL,XRP,TRX,ADA,AVAX,DOT,NEAR,ATOM,ALGO,DOGE,BCH,LTC,XLM,ETC,LINK,UNI,AAVE,INJ,FIL,VET,FET,GRT,THETA,XTZ,SAND,CHZ,DASH,HBAR;TON,SUI,ICP,MKR,RENDER,RNDR,ARB,OP,MATIC,POL,APT,SEI,EOS,MANA;CHZ,DASH,HBAR;1440;24;0,8;336;2,5;0,5;10,0;8760,0;12,221715926951624;0,5563256376521613;0,4571452566567793;1,216955944639377;-0,6712707300876541;0,0058280528827348;297;110,8523489932886;0,5100805230974148
crypto;BNB;priority_with_coverage_fallback;30;30;BTC,ETH,SOL,XRP,TRX,ADA,AVAX,DOT,NEAR,ATOM,ALGO,DOGE,BCH,LTC,XLM,ETC,LINK,UNI,AAVE,INJ,FIL,VET,FET,GRT,THETA,XTZ,SAND,CHZ,DASH,HBAR;TON,SUI,ICP,MKR,RENDER,RNDR,ARB,OP,MATIC,POL,APT,SEI,EOS,MANA;CHZ,DASH,HBAR;1440;24;0,8;336;2,5;0,75;10,0;8760,0;10,484011404811556;0,519205771094303;0,4208879563745434;1,233596170265009;-0,5348488330046617;0,0061409684737542;313;85,64331210191082;0,512196935891715
crypto;BNB;priority_with_coverage_fallback;30;30;BTC,ETH,SOL,XRP,TRX,ADA,AVAX,DOT,NEAR,ATOM,ALGO,DOGE,BCH,LTC,XLM,ETC,LINK,UNI,AAVE,INJ,FIL,VET,FET,GRT,THETA,XTZ,SAND,CHZ,DASH,HBAR;TON,SUI,ICP,MKR,RENDER,RNDR,ARB,OP,MATIC,POL,APT,SEI,EOS,MANA;CHZ,DASH,HBAR;1440;24;0,8;336;2,5;1,0;10,0;8760,0;7,454990303200455;0,4415649387780764;0,3867625134378649;1,141695286994291;-0,5348488330046621;0,0064538840647735;329;67,83030303030303;0,5138491779842744
crypto;BNB;priority_with_coverage_fallback;30;30;BTC,ETH,SOL,XRP,TRX,ADA,AVAX,DOT,NEAR,ATOM,ALGO,DOGE,BCH,LTC,XLM,ETC,LINK,UNI,AAVE,INJ,FIL,VET,FET,GRT,THETA,XTZ,SAND,CHZ,DASH,HBAR;TON,SUI,ICP,MKR,RENDER,RNDR,ARB,OP,MATIC,POL,APT,SEI,EOS,MANA;CHZ,DASH,HBAR;1440;24;0,8;336;3,0;0,25;10,0;8760,0;10,160211602102676;0,5117799734466217;0,3879938657271587;1,3190414041404217;-0,5343073684391175;0,0037549870922318;192;142,77083333333334;0,512914052239895
crypto;BNB;priority_with_coverage_fallback;30;30;BTC,ETH,SOL,XRP,TRX,ADA,AVAX,DOT,NEAR,ATOM,ALGO,DOGE,BCH,LTC,XLM,ETC,LINK,UNI,AAVE,INJ,FIL,VET,FET,GRT,THETA,XTZ,SAND,CHZ,DASH,HBAR;TON,SUI,ICP,MKR,RENDER,RNDR,ARB,OP,MATIC,POL,APT,SEI,EOS,MANA;CHZ,DASH,HBAR;1440;24;0,8;336;3,0;0,5;10,0;8760,0;7,989271825488201;0,4567777852272805;0,3710817557791022;1,2309357119113975;-0,5086720796002073;0,0038332159899867;196;118,1122448979592;0,5141252699784017
crypto;BNB;priority_with_coverage_fallback;30;30;BTC,ETH,SOL,XRP,TRX,ADA,AVAX,DOT,NEAR,ATOM,ALGO,DOGE,BCH,LTC,XLM,ETC,LINK,UNI,AAVE,INJ,FIL,VET,FET,GRT,THETA,XTZ,SAND,CHZ,DASH,HBAR;TON,SUI,ICP,MKR,RENDER,RNDR,ARB,OP,MATIC,POL,APT,SEI,EOS,MANA;CHZ,DASH,HBAR;1440;24;0,8;336;3,0;0,75;10,0;8760,0;5,728983900787122;0,3862621682858216;0,3468599422446827;1,1135969342154353;-0,5129806517122879;0,0039896737854963;204;90,4313725490196;0,5169124024284475
crypto;BNB;priority_with_coverage_fallback;30;30;BTC,ETH,SOL,XRP,TRX,ADA,AVAX,DOT,NEAR,ATOM,ALGO,DOGE,BCH,LTC,XLM,ETC,LINK,UNI,AAVE,INJ,FIL,VET,FET,GRT,THETA,XTZ,SAND,CHZ,DASH,HBAR;TON,SUI,ICP,MKR,RENDER,RNDR,ARB,OP,MATIC,POL,APT,SEI,EOS,MANA;CHZ,DASH,HBAR;1440;24;0,8;336;3,0;1,0;10,0;8760,0;5,2579205929476;0,3691323120901744;0,3230590752244924;1,1426155164768732;-0,5042658222694429;0,0042243604787608;216;70,89814814814815;0,5192634190936398
crypto;BNB;priority_with_coverage_fallback;30;30;BTC,ETH,SOL,XRP,TRX,ADA,AVAX,DOT,NEAR,ATOM,ALGO,DOGE,BCH,LTC,XLM,ETC,LINK,UNI,AAVE,INJ,FIL,VET,FET,GRT,THETA,XTZ,SAND,CHZ,DASH,HBAR;TON,SUI,ICP,MKR,RENDER,RNDR,ARB,OP,MATIC,POL,APT,SEI,EOS,MANA;CHZ,DASH,HBAR;1440;72;0,8;336;1,0;0,25;10,0;8760,0;4,718443600500205;0,3481487514436892;0,6295494977660551;0,5530125155831094;-0,74843675280161;0,0145701322068372;722;100,9597855227882;0,5020447182537575
crypto;BNB;priority_with_coverage_fallback;30;30;BTC,ETH,SOL,XRP,TRX,ADA,AVAX,DOT,NEAR,ATOM,ALGO,DOGE,BCH,LTC,XLM,ETC,LINK,UNI,AAVE,INJ,FIL,VET,FET,GRT,THETA,XTZ,SAND,CHZ,DASH,HBAR;TON,SUI,ICP,MKR,RENDER,RNDR,ARB,OP,MATIC,POL,APT,SEI,EOS,MANA;CHZ,DASH,HBAR;1440;72;0,8;336;1,0;0,5;10,0;8760,0;2,739806793312895;0,2535488300147694;0,5962432803271009;0,4252439203602794;-0,7001572245313048;0,0185206915434561;939;71,91772151898734;0,5028014902167854
crypto;BNB;priority_with_coverage_fallback;30;30;BTC,ETH,SOL,XRP,TRX,ADA,AVAX,DOT,NEAR,ATOM,ALGO,DOGE,BCH,LTC,XLM,ETC,LINK,UNI,AAVE,INJ,FIL,VET,FET,GRT,THETA,XTZ,SAND,CHZ,DASH,HBAR;TON,SUI,ICP,MKR,RENDER,RNDR,ARB,OP,MATIC,POL,APT,SEI,EOS,MANA;CHZ,DASH,HBAR;1440;72;0,8;336;1,0;0,75;10,0;8760,0;1,9796267637597964;0,2056854523240632;0,5712527526278708;0,3600603259728223;-0,7273507207735168;0,0271258702964875;1384;44,03025936599423;0,5032889354321433
crypto;BNB;priority_with_coverage_fallback;30;30;BTC,ETH,SOL,XRP,TRX,ADA,AVAX,DOT,NEAR,ATOM,ALGO,DOGE,BCH,LTC,XLM,ETC,LINK,UNI,AAVE,INJ,FIL,VET,FET,GRT,THETA,XTZ,SAND,CHZ,DASH,HBAR;TON,SUI,ICP,MKR,RENDER,RNDR,ARB,OP,MATIC,POL,APT,SEI,EOS,MANA;CHZ,DASH,HBAR;1440;72;0,8;336;1,5;0,25;10,0;8760,0;16,44060666423874;0,6319465403525713;0,5927342428224547;1,0661549387519729;-0,5962732159625741;0,0101501994836892;503;125,1423076923077;0,502996588499247
crypto;BNB;priority_with_coverage_fallback;30;30;BTC,ETH,SOL,XRP,TRX,ADA,AVAX,DOT,NEAR,ATOM,ALGO,DOGE,BCH,LTC,XLM,ETC,LINK,UNI,AAVE,INJ,FIL,VET,FET,GRT,THETA,XTZ,SAND,CHZ,DASH,HBAR;TON,SUI,ICP,MKR,RENDER,RNDR,ARB,OP,MATIC,POL,APT,SEI,EOS,MANA;CHZ,DASH,HBAR;1440;72;0,8;336;1,5;0,5;10,0;8760,0;6,071438782681532;0,3981017085534344;0,5630874548517495;0,7069980073668081;-0,6664831078336917;0,0114800907455213;582;97,24489795918367;0,5034627492130116
crypto;BNB;priority_with_coverage_fallback;30;30;BTC,ETH,SOL,XRP,TRX,ADA,AVAX,DOT,NEAR,ATOM,ALGO,DOGE,BCH,LTC,XLM,ETC,LINK,UNI,AAVE,INJ,FIL,VET,FET,GRT,THETA,XTZ,SAND,CHZ,DASH,HBAR;TON,SUI,ICP,MKR,RENDER,RNDR,ARB,OP,MATIC,POL,APT,SEI,EOS,MANA;CHZ,DASH,HBAR;1440;72;0,8;336;1,5;0,75;10,0;8760,0;3,4896634809006386;0,2934156315760536;0,53994570361069;0,5434169206532131;-0,6843784701974021;0,0133575842916373;681;73,01461988304094;0,5028232749989988
crypto;BNB;priority_with_coverage_fallback;30;30;BTC,ETH,SOL,XRP,TRX,ADA,AVAX,DOT,NEAR,ATOM,ALGO,DOGE,BCH,LTC,XLM,ETC,LINK,UNI,AAVE,INJ,FIL,VET,FET,GRT,THETA,XTZ,SAND,CHZ,DASH,HBAR;TON,SUI,ICP,MKR,RENDER,RNDR,ARB,OP,MATIC,POL,APT,SEI,EOS,MANA;CHZ,DASH,HBAR;1440;72;0,8;336;1,5;1,0;10,0;8760,0;5,641420898510295;0,3831548781845253;0,510362971992632;0,7507497589187501;-0,5805093134037348;0,0170343424861143;869;48,18348623853211;0,5051408987052551
crypto;BNB;priority_with_coverage_fallback;30;30;BTC,ETH,SOL,XRP,TRX,ADA,AVAX,DOT,NEAR,ATOM,ALGO,DOGE,BCH,LTC,XLM,ETC,LINK,UNI,AAVE,INJ,FIL,VET,FET,GRT,THETA,XTZ,SAND,CHZ,DASH,HBAR;TON,SUI,ICP,MKR,RENDER,RNDR,ARB,OP,MATIC,POL,APT,SEI,EOS,MANA;CHZ,DASH,HBAR;1440;72;0,8;336;2,0;0,25;10,0;8760,0;7,504170629257706;0,4429980489436673;0,5645097258934126;0,7847483021529227;-0,676520899911506;0,0075882030822185;381;141,11340206185568;0,5028857393337229
crypto;BNB;priority_with_coverage_fallback;30;30;BTC,ETH,SOL,XRP,TRX,ADA,AVAX,DOT,NEAR,ATOM,ALGO,DOGE,BCH,LTC,XLM,ETC,LINK,UNI,AAVE,INJ,FIL,VET,FET,GRT,THETA,XTZ,SAND,CHZ,DASH,HBAR;TON,SUI,ICP,MKR,RENDER,RNDR,ARB,OP,MATIC,POL,APT,SEI,EOS,MANA;CHZ,DASH,HBAR;1440;72;0,8;336;2,0;0,5;10,0;8760,0;4,206302252854416;0,3266511397784555;0,5312423997176442;0,6148815304502632;-0,676883546899743;0,0082531487131346;421;111,1137440758294;0,5041586692258477
crypto;BNB;priority_with_coverage_fallback;30;30;BTC,ETH,SOL,XRP,TRX,ADA,AVAX,DOT,NEAR,ATOM,ALGO,DOGE,BCH,LTC,XLM,ETC,LINK,UNI,AAVE,INJ,FIL,VET,FET,GRT,THETA,XTZ,SAND,CHZ,DASH,HBAR;TON,SUI,ICP,MKR,RENDER,RNDR,ARB,OP,MATIC,POL,APT,SEI,EOS,MANA;CHZ,DASH,HBAR;1440;72;0,8;336;2,0;0,75;10,0;8760,0;3,772263455746266;0,3070130956150207;0,5083446355668956;0,6039467600019935;-0,6842983566704687;0,0090354376906829;461;84,64069264069263;0,5048588379705401
crypto;BNB;priority_with_coverage_fallback;30;30;BTC,ETH,SOL,XRP,TRX,ADA,AVAX,DOT,NEAR,ATOM,ALGO,DOGE,BCH,LTC,XLM,ETC,LINK,UNI,AAVE,INJ,FIL,VET,FET,GRT,THETA,XTZ,SAND,CHZ,DASH,HBAR;TON,SUI,ICP,MKR,RENDER,RNDR,ARB,OP,MATIC,POL,APT,SEI,EOS,MANA;CHZ,DASH,HBAR;1440;72;0,8;336;2,0;1,0;10,0;8760,0;6,849301489652789;0,4233234333176117;0,4722688228959442;0,8963611671882123;-0,5529766879773392;0,0101697567081279;519;60,965384615384615;0,5075389565327109
crypto;BNB;priority_with_coverage_fallback;30;30;BTC,ETH,SOL,XRP,TRX,ADA,AVAX,DOT,NEAR,ATOM,ALGO,DOGE,BCH,LTC,XLM,ETC,LINK,UNI,AAVE,INJ,FIL,VET,FET,GRT,THETA,XTZ,SAND,CHZ,DASH,HBAR;TON,SUI,ICP,MKR,RENDER,RNDR,ARB,OP,MATIC,POL,APT,SEI,EOS,MANA;CHZ,DASH,HBAR;1440;72;0,8;336;2,5;0,25;10,0;8760,0;8,204806814167377;0,4627032773189516;0,5241152609178411;0,8828273317374054;-0,6124060601750088;0,0053977939450833;272;144,1086956521739;0,5055061095187812
crypto;BNB;priority_with_coverage_fallback;30;30;BTC,ETH,SOL,XRP,TRX,ADA,AVAX,DOT,NEAR,ATOM,ALGO,DOGE,BCH,LTC,XLM,ETC,LINK,UNI,AAVE,INJ,FIL,VET,FET,GRT,THETA,XTZ,SAND,CHZ,DASH,HBAR;TON,SUI,ICP,MKR,RENDER,RNDR,ARB,OP,MATIC,POL,APT,SEI,EOS,MANA;CHZ,DASH,HBAR;1440;72;0,8;336;2,5;0,5;10,0;8760,0;6,276402778145188;0,4049623390731744;0,4941567551180947;0,819501777277932;-0,6332590894392136;0,0058280528827348;297;114,8456375838926;0,506778868630201
crypto;BNB;priority_with_coverage_fallback;30;30;BTC,ETH,SOL,XRP,TRX,ADA,AVAX,DOT,NEAR,ATOM,ALGO,DOGE,BCH,LTC,XLM,ETC,LINK,UNI,AAVE,INJ,FIL,VET,FET,GRT,THETA,XTZ,SAND,CHZ,DASH,HBAR;TON,SUI,ICP,MKR,RENDER,RNDR,ARB,OP,MATIC,POL,APT,SEI,EOS,MANA;CHZ,DASH,HBAR;1440;72;0,8;336;2,5;0,75;10,0;8760,0;5,479500837412833;0,3773183769142629;0,4677725449659067;0,8066278813814598;-0,6360815713619465;0,0061409684737542;313;90,69426751592356;0,5083924432895569
crypto;BNB;priority_with_coverage_fallback;30;30;BTC,ETH,SOL,XRP,TRX,ADA,AVAX,DOT,NEAR,ATOM,ALGO,DOGE,BCH,LTC,XLM,ETC,LINK,UNI,AAVE,INJ,FIL,VET,FET,GRT,THETA,XTZ,SAND,CHZ,DASH,HBAR;TON,SUI,ICP,MKR,RENDER,RNDR,ARB,OP,MATIC,POL,APT,SEI,EOS,MANA;CHZ,DASH,HBAR;1440;72;0,8;336;2,5;1,0;10,0;8760,0;8,182779968915689;0,4621030217441879;0,4337766729743276;1,0653016875610937;-0,5490997560953981;0,0064929985136509;331;68,51204819277109;0,5096280664732261
crypto;BNB;priority_with_coverage_fallback;30;30;BTC,ETH,SOL,XRP,TRX,ADA,AVAX,DOT,NEAR,ATOM,ALGO,DOGE,BCH,LTC,XLM,ETC,LINK,UNI,AAVE,INJ,FIL,VET,FET,GRT,THETA,XTZ,SAND,CHZ,DASH,HBAR;TON,SUI,ICP,MKR,RENDER,RNDR,ARB,OP,MATIC,POL,APT,SEI,EOS,MANA;CHZ,DASH,HBAR;1440;72;0,8;336;3,0;0,25;10,0;8760,0;4,040238122355093;0,3193038145415043;0,4169702044572097;0,7657712976330229;-0,5783804994275972;0,0034811859500899;178;144,93258426966293;0,5106597410651988
crypto;BNB;priority_with_coverage_fallback;30;30;BTC,ETH,SOL,XRP,TRX,ADA,AVAX,DOT,NEAR,ATOM,ALGO,DOGE,BCH,LTC,XLM,ETC,LINK,UNI,AAVE,INJ,FIL,VET,FET,GRT,THETA,XTZ,SAND,CHZ,DASH,HBAR;TON,SUI,ICP,MKR,RENDER,RNDR,ARB,OP,MATIC,POL,APT,SEI,EOS,MANA;CHZ,DASH,HBAR;1440;72;0,8;336;3,0;0,5;10,0;8760,0;4,133693111125021;0,3234628794610668;0,3921092838672253;0,8249304282491732;-0,5704923988578263;0,0035985292967222;184;115,7608695652174;0,5123004694835681
crypto;BNB;priority_with_coverage_fallback;30;30;BTC,ETH,SOL,XRP,TRX,ADA,AVAX,DOT,NEAR,ATOM,ALGO,DOGE,BCH,LTC,XLM,ETC,LINK,UNI,AAVE,INJ,FIL,VET,FET,GRT,THETA,XTZ,SAND,CHZ,DASH,HBAR;TON,SUI,ICP,MKR,RENDER,RNDR,ARB,OP,MATIC,POL,APT,SEI,EOS,MANA;CHZ,DASH,HBAR;1440;72;0,8;336;3,0;0,75;10,0;8760,0;3,1733611893503246;0,2773280662902018;0,3781521433860547;0,7333769519509987;-0,5381511627210049;0,003676758194477;188;94,20212765957449;0,5141727837380011
crypto;BNB;priority_with_coverage_fallback;30;30;BTC,ETH,SOL,XRP,TRX,ADA,AVAX,DOT,NEAR,ATOM,ALGO,DOGE,BCH,LTC,XLM,ETC,LINK,UNI,AAVE,INJ,FIL,VET,FET,GRT,THETA,XTZ,SAND,CHZ,DASH,HBAR;TON,SUI,ICP,MKR,RENDER,RNDR,ARB,OP,MATIC,POL,APT,SEI,EOS,MANA;CHZ,DASH,HBAR;1440;72;0,8;336;3,0;1,0;10,0;8760,0;2,359339228188108;0,2307178182770994;0,3700609789079805;0,6234589200891398;-0,5408256881201681;0,0037941015411092;194;75,42268041237114;0,5109349371241115
crypto;BNB;priority_with_coverage_fallback;30;30;BTC,ETH,SOL,XRP,TRX,ADA,AVAX,DOT,NEAR,ATOM,ALGO,DOGE,BCH,LTC,XLM,ETC,LINK,UNI,AAVE,INJ,FIL,VET,FET,GRT,THETA,XTZ,SAND,CHZ,DASH,HBAR;TON,SUI,ICP,MKR,RENDER,RNDR,ARB,OP,MATIC,POL,APT,SEI,EOS,MANA;CHZ,DASH,HBAR;1440;168;0,8;336;1,0;0,25;10,0;8760,0;10,487866377619577;0,519293127596258;0,7502192547558033;0,6921884826393694;-0,6525757459859193;0,0133966987405147;657;109,99125364431488;0,5002518090492221
crypto;BNB;priority_with_coverage_fallback;30;30;BTC,ETH,SOL,XRP,TRX,ADA,AVAX,DOT,NEAR,ATOM,ALGO,DOGE,BCH,LTC,XLM,ETC,LINK,UNI,AAVE,INJ,FIL,VET,FET,GRT,THETA,XTZ,SAND,CHZ,DASH,HBAR;TON,SUI,ICP,MKR,RENDER,RNDR,ARB,OP,MATIC,POL,APT,SEI,EOS,MANA;CHZ,DASH,HBAR;1440;168;0,8;336;1,0;0,5;10,0;8760,0;8,275539085035714;0,4646227944428638;0,7311837411170498;0,6354391766603653;-0,6790666274340198;0,0170343424861143;853;78,63302752293578;0,5004958581262396
crypto;BNB;priority_with_coverage_fallback;30;30;BTC,ETH,SOL,XRP,TRX,ADA,AVAX,DOT,NEAR,ATOM,ALGO,DOGE,BCH,LTC,XLM,ETC,LINK,UNI,AAVE,INJ,FIL,VET,FET,GRT,THETA,XTZ,SAND,CHZ,DASH,HBAR;TON,SUI,ICP,MKR,RENDER,RNDR,ARB,OP,MATIC,POL,APT,SEI,EOS,MANA;CHZ,DASH,HBAR;1440;168;0,8;336;1,0;0,75;10,0;8760,0;4,851280374523972;0,353463076578743;0,7094857232654472;0,4981961792718106;-0,6533715618168734;0,0240749432840491;1220;49,95941558441559;0,5003736799350121
crypto;BNB;priority_with_coverage_fallback;30;30;BTC,ETH,SOL,XRP,TRX,ADA,AVAX,DOT,NEAR,ATOM,ALGO,DOGE,BCH,LTC,XLM,ETC,LINK,UNI,AAVE,INJ,FIL,VET,FET,GRT,THETA,XTZ,SAND,CHZ,DASH,HBAR;TON,SUI,ICP,MKR,RENDER,RNDR,ARB,OP,MATIC,POL,APT,SEI,EOS,MANA;CHZ,DASH,HBAR;1440;168;0,8;336;1,5;0,25;10,0;8760,0;13,855431030313582;0,5877016255672687;0,727760641550058;0,807547965654645;-0,6722701589984399;0,0099155127904247;491;132,40944881889763;0,5016056137012369
crypto;BNB;priority_with_coverage_fallback;30;30;BTC,ETH,SOL,XRP,TRX,ADA,AVAX,DOT,NEAR,ATOM,ALGO,DOGE,BCH,LTC,XLM,ETC,LINK,UNI,AAVE,INJ,FIL,VET,FET,GRT,THETA,XTZ,SAND,CHZ,DASH,HBAR;TON,SUI,ICP,MKR,RENDER,RNDR,ARB,OP,MATIC,POL,APT,SEI,EOS,MANA;CHZ,DASH,HBAR;1440;168;0,8;336;1,5;0,5;10,0;8760,0;11,377360476092983;0,5388292789264602;0,702828590991351;0,7666581664903996;-0,678020736431086;0,0114800907455213;576;100,94557823129252;0,5017858346249747
crypto;BNB;priority_with_coverage_fallback;30;30;BTC,ETH,SOL,XRP,TRX,ADA,AVAX,DOT,NEAR,ATOM,ALGO,DOGE,BCH,LTC,XLM,ETC,LINK,UNI,AAVE,INJ,FIL,VET,FET,GRT,THETA,XTZ,SAND,CHZ,DASH,HBAR;TON,SUI,ICP,MKR,RENDER,RNDR,ARB,OP,MATIC,POL,APT,SEI,EOS,MANA;CHZ,DASH,HBAR;1440;168;0,8;336;1,5;0,75;10,0;8760,0;14,482074335992491;0,5989801041191807;0,6797520570504558;0,8811743898477387;-0,6088689544444534;0,0136313854337792;690;74,30659025787966;0,5017159603593877
crypto;BNB;priority_with_coverage_fallback;30;30;BTC,ETH,SOL,XRP,TRX,ADA,AVAX,DOT,NEAR,ATOM,ALGO,DOGE,BCH,LTC,XLM,ETC,LINK,UNI,AAVE,INJ,FIL,VET,FET,GRT,THETA,XTZ,SAND,CHZ,DASH,HBAR;TON,SUI,ICP,MKR,RENDER,RNDR,ARB,OP,MATIC,POL,APT,SEI,EOS,MANA;CHZ,DASH,HBAR;1440;168;0,8;336;1,5;1,0;10,0;8760,0;16,227750567568762;0,6285168983566631;0,6017178475604374;1,0445375700668975;-0,5527365943498104;0,0169952280372369;865;51,90114942528736;0,5028568897550605
crypto;BNB;priority_with_coverage_fallback;30;30;BTC,ETH,SOL,XRP,TRX,ADA,AVAX,DOT,NEAR,ATOM,ALGO,DOGE,BCH,LTC,XLM,ETC,LINK,UNI,AAVE,INJ,FIL,VET,FET,GRT,THETA,XTZ,SAND,CHZ,DASH,HBAR;TON,SUI,ICP,MKR,RENDER,RNDR,ARB,OP,MATIC,POL,APT,SEI,EOS,MANA;CHZ,DASH,HBAR;1440;168;0,8;336;2,0;0,25;10,0;8760,0;6,677348049426004;0,4179323999478941;0,6926073550952915;0,6034189456310256;-0,8494151216317947;0,0072557302667605;360;149,67741935483872;0,5033764367816091
crypto;BNB;priority_with_coverage_fallback;30;30;BTC,ETH,SOL,XRP,TRX,ADA,AVAX,DOT,NEAR,ATOM,ALGO,DOGE,BCH,LTC,XLM,ETC,LINK,UNI,AAVE,INJ,FIL,VET,FET,GRT,THETA,XTZ,SAND,CHZ,DASH,HBAR;TON,SUI,ICP,MKR,RENDER,RNDR,ARB,OP,MATIC,POL,APT,SEI,EOS,MANA;CHZ,DASH,HBAR;1440;168;0,8;336;2,0;0,5;10,0;8760,0;7,854846666038343;0,4530222839658839;0,6772372905549765;0,6689269629477214;-0,8359530807681208;0,0079206758976766;397;117,47783251231527;0,5036061724253607
crypto;BNB;priority_with_coverage_fallback;30;30;BTC,ETH,SOL,XRP,TRX,ADA,AVAX,DOT,NEAR,ATOM,ALGO,DOGE,BCH,LTC,XLM,ETC,LINK,UNI,AAVE,INJ,FIL,VET,FET,GRT,THETA,XTZ,SAND,CHZ,DASH,HBAR;TON,SUI,ICP,MKR,RENDER,RNDR,ARB,OP,MATIC,POL,APT,SEI,EOS,MANA;CHZ,DASH,HBAR;1440;168;0,8;336;2,0;0,75;10,0;8760,0;14,402135876398695;0,5975626400501182;0,648610622169202;0,9212964136351024;-0,7278417214530477;0,0087811937729797;446;87,94222222222223;0,5031081012786173
crypto;BNB;priority_with_coverage_fallback;30;30;BTC,ETH,SOL,XRP,TRX,ADA,AVAX,DOT,NEAR,ATOM,ALGO,DOGE,BCH,LTC,XLM,ETC,LINK,UNI,AAVE,INJ,FIL,VET,FET,GRT,THETA,XTZ,SAND,CHZ,DASH,HBAR;TON,SUI,ICP,MKR,RENDER,RNDR,ARB,OP,MATIC,POL,APT,SEI,EOS,MANA;CHZ,DASH,HBAR;1440;168;0,8;336;2,0;1,0;10,0;8760,0;14,084327273232637;0,5918662708479194;0,5491030305227927;1,0778783542396633;-0,5966383593735418;0,0096808260971602;492;66,21370967741936;0,505267645088606
crypto;BNB;priority_with_coverage_fallback;30;30;BTC,ETH,SOL,XRP,TRX,ADA,AVAX,DOT,NEAR,ATOM,ALGO,DOGE,BCH,LTC,XLM,ETC,LINK,UNI,AAVE,INJ,FIL,VET,FET,GRT,THETA,XTZ,SAND,CHZ,DASH,HBAR;TON,SUI,ICP,MKR,RENDER,RNDR,ARB,OP,MATIC,POL,APT,SEI,EOS,MANA;CHZ,DASH,HBAR;1440;168;0,8;336;2,5;0,25;10,0;8760,0;4,036971911733651;0,3191573049977918;0,6719071957490274;0,4750020642984814;-0,848396955292862;0,0052217789251349;262;164,6044776119403;0,5018361517885479
crypto;BNB;priority_with_coverage_fallback;30;30;BTC,ETH,SOL,XRP,TRX,ADA,AVAX,DOT,NEAR,ATOM,ALGO,DOGE,BCH,LTC,XLM,ETC,LINK,UNI,AAVE,INJ,FIL,VET,FET,GRT,THETA,XTZ,SAND,CHZ,DASH,HBAR;TON,SUI,ICP,MKR,RENDER,RNDR,ARB,OP,MATIC,POL,APT,SEI,EOS,MANA;CHZ,DASH,HBAR;1440;168;0,8;336;2,5;0,5;10,0;8760,0;5,2057678712869455;0,3671707214947231;0,6570689843996431;0,5588008720731249;-0,8326675752782261;0,0055738089650316;281;127,4965034965035;0,5026875822729268
crypto;BNB;priority_with_coverage_fallback;30;30;BTC,ETH,SOL,XRP,TRX,ADA,AVAX,DOT,NEAR,ATOM,ALGO,DOGE,BCH,LTC,XLM,ETC,LINK,UNI,AAVE,INJ,FIL,VET,FET,GRT,THETA,XTZ,SAND,CHZ,DASH,HBAR;TON,SUI,ICP,MKR,RENDER,RNDR,ARB,OP,MATIC,POL,APT,SEI,EOS,MANA;CHZ,DASH,HBAR;1440;168;0,8;336;2,5;0,75;10,0;8760,0;3,122301926033514;0,2746370593259728;0,5163627863740127;0,531868419981465;-0,7326035195341929;0,0057693812094187;294;96,05405405405403;0,5029544175576814
crypto;BNB;priority_with_coverage_fallback;30;30;BTC,ETH,SOL,XRP,TRX,ADA,AVAX,DOT,NEAR,ATOM,ALGO,DOGE,BCH,LTC,XLM,ETC,LINK,UNI,AAVE,INJ,FIL,VET,FET,GRT,THETA,XTZ,SAND,CHZ,DASH,HBAR;TON,SUI,ICP,MKR,RENDER,RNDR,ARB,OP,MATIC,POL,APT,SEI,EOS,MANA;CHZ,DASH,HBAR;1440;168;0,8;336;2,5;1,0;10,0;8760,0;3,345763481571976;0,2862171691163206;0,3848713510802381;0,743669717979736;-0,5737239515454107;0,0060040679026832;306;76,95454545454545;0,5045143869715636
crypto;BNB;priority_with_coverage_fallback;30;30;BTC,ETH,SOL,XRP,TRX,ADA,AVAX,DOT,NEAR,ATOM,ALGO,DOGE,BCH,LTC,XLM,ETC,LINK,UNI,AAVE,INJ,FIL,VET,FET,GRT,THETA,XTZ,SAND,CHZ,DASH,HBAR;TON,SUI,ICP,MKR,RENDER,RNDR,ARB,OP,MATIC,POL,APT,SEI,EOS,MANA;CHZ,DASH,HBAR;1440;168;0,8;336;3,0;0,25;10,0;8760,0;3,321352469820688;0,284976493055268;0,6191409755557835;0,4602772297528096;-0,7400589569461156;0,0035203003989673;178;168,77777777777777;0,5066491112574062
crypto;BNB;priority_with_coverage_fallback;30;30;BTC,ETH,SOL,XRP,TRX,ADA,AVAX,DOT,NEAR,ATOM,ALGO,DOGE,BCH,LTC,XLM,ETC,LINK,UNI,AAVE,INJ,FIL,VET,FET,GRT,THETA,XTZ,SAND,CHZ,DASH,HBAR;TON,SUI,ICP,MKR,RENDER,RNDR,ARB,OP,MATIC,POL,APT,SEI,EOS,MANA;CHZ,DASH,HBAR;1440;168;0,8;336;3,0;0,5;10,0;8760,0;4,302789074909699;0,3308313335749602;0,6073303614122814;0,5447304376577643;-0,7160409228977014;0,0037549870922318;190;132,375;0,5078690588605603
crypto;BNB;priority_with_coverage_fallback;30;30;BTC,ETH,SOL,XRP,TRX,ADA,AVAX,DOT,NEAR,ATOM,ALGO,DOGE,BCH,LTC,XLM,ETC,LINK,UNI,AAVE,INJ,FIL,VET,FET,GRT,THETA,XTZ,SAND,CHZ,DASH,HBAR;TON,SUI,ICP,MKR,RENDER,RNDR,ARB,OP,MATIC,POL,APT,SEI,EOS,MANA;CHZ,DASH,HBAR;1440;168;0,8;336;3,0;0,75;10,0;8760,0;3,2712005071533463;0,2824092147710946;0,4670521486659854;0,6046631314677045;-0,587102226878653;0,0037941015411092;194;102,78350515463916;0,5083249749247744
crypto;BNB;priority_with_coverage_fallback;30;30;BTC,ETH,SOL,XRP,TRX,ADA,AVAX,DOT,NEAR,ATOM,ALGO,DOGE,BCH,LTC,XLM,ETC,LINK,UNI,AAVE,INJ,FIL,VET,FET,GRT,THETA,XTZ,SAND,CHZ,DASH,HBAR;TON,SUI,ICP,MKR,RENDER,RNDR,ARB,OP,MATIC,POL,APT,SEI,EOS,MANA;CHZ,DASH,HBAR;1440;168;0,8;336;3,0;1,0;10,0;8760,0;2,0690005643033316;0,211805577111747;0,3261980940960989;0,6493158021007581;-0,45417151296497;0,0038723304388641;198;82,38383838383838;0,5095635115252575
crypto;BNB;priority_with_coverage_fallback;30;30;BTC,ETH,SOL,XRP,TRX,ADA,AVAX,DOT,NEAR,ATOM,ALGO,DOGE,BCH,LTC,XLM,ETC,LINK,UNI,AAVE,INJ,FIL,VET,FET,GRT,THETA,XTZ,SAND,CHZ,DASH,HBAR;TON,SUI,ICP,MKR,RENDER,RNDR,ARB,OP,MATIC,POL,APT,SEI,EOS,MANA;CHZ,DASH,HBAR;1440;336;0,8;336;1,0;0,25;10,0;8760,0;3,1718077878998825;0,2772465998943512;0,8522969946415812;0,3252934148981042;-0,7931628442207255;0,0128882109051083;619;114,78484848484848;0,5010955938646744
crypto;BNB;priority_with_coverage_fallback;30;30;BTC,ETH,SOL,XRP,TRX,ADA,AVAX,DOT,NEAR,ATOM,ALGO,DOGE,BCH,LTC,XLM,ETC,LINK,UNI,AAVE,INJ,FIL,VET,FET,GRT,THETA,XTZ,SAND,CHZ,DASH,HBAR;TON,SUI,ICP,MKR,RENDER,RNDR,ARB,OP,MATIC,POL,APT,SEI,EOS,MANA;CHZ,DASH,HBAR;1440;336;0,8;336;1,0;0,5;10,0;8760,0;1,5972932248019558;0,1776500852507303;0,8380380089740593;0,2119833269474408;-0,8104035525590818;0,0165258546507079;819;81,56737588652483;0,5017534707126916
crypto;BNB;priority_with_coverage_fallback;30;30;BTC,ETH,SOL,XRP,TRX,ADA,AVAX,DOT,NEAR,ATOM,ALGO,DOGE,BCH,LTC,XLM,ETC,LINK,UNI,AAVE,INJ,FIL,VET,FET,GRT,THETA,XTZ,SAND,CHZ,DASH,HBAR;TON,SUI,ICP,MKR,RENDER,RNDR,ARB,OP,MATIC,POL,APT,SEI,EOS,MANA;CHZ,DASH,HBAR;1440;336;0,8;336;1,0;0,75;10,0;8760,0;2,6977816957679477;0,2511242113844478;0,8218688246246176;0,3055526671170998;-0,7969172284539605;0,0241531721818039;1219;49,99514563106796;0,5019257533093828
crypto;BNB;priority_with_coverage_fallback;30;30;BTC,ETH,SOL,XRP,TRX,ADA,AVAX,DOT,NEAR,ATOM,ALGO,DOGE,BCH,LTC,XLM,ETC,LINK,UNI,AAVE,INJ,FIL,VET,FET,GRT,THETA,XTZ,SAND,CHZ,DASH,HBAR;TON,SUI,ICP,MKR,RENDER,RNDR,ARB,OP,MATIC,POL,APT,SEI,EOS,MANA;CHZ,DASH,HBAR;1440;336;0,8;336;1,5;0,25;10,0;8760,0;1,9851901212082628;0,2060708283688046;0,8202104166280844;0,251241418288699;-0,7941303482648387;0,0093287960572635;451;139,26778242677824;0,501066546492414
crypto;BNB;priority_with_coverage_fallback;30;30;BTC,ETH,SOL,XRP,TRX,ADA,AVAX,DOT,NEAR,ATOM,ALGO,DOGE,BCH,LTC,XLM,ETC,LINK,UNI,AAVE,INJ,FIL,VET,FET,GRT,THETA,XTZ,SAND,CHZ,DASH,HBAR;TON,SUI,ICP,MKR,RENDER,RNDR,ARB,OP,MATIC,POL,APT,SEI,EOS,MANA;CHZ,DASH,HBAR;1440;336;0,8;336;1,5;0,5;10,0;8760,0;2,2834189057407546;0,2259074513995369;0,8027879013574932;0,2814036572020248;-0,7738601511966582;0,0110107173589924;544;105,69148936170212;0,5018956550914276
crypto;BNB;priority_with_coverage_fallback;30;30;BTC,ETH,SOL,XRP,TRX,ADA,AVAX,DOT,NEAR,ATOM,ALGO,DOGE,BCH,LTC,XLM,ETC,LINK,UNI,AAVE,INJ,FIL,VET,FET,GRT,THETA,XTZ,SAND,CHZ,DASH,HBAR;TON,SUI,ICP,MKR,RENDER,RNDR,ARB,OP,MATIC,POL,APT,SEI,EOS,MANA;CHZ,DASH,HBAR;1440;336;0,8;336;1,5;0,75;10,0;8760,0;1,9900870429612825;0,2064095479621939;0,7742755039888944;0,2665841123719116;-0,7769725538169908;0,0132011264961276;664;75,8491124260355;0,5020868276319382
crypto;BNB;priority_with_coverage_fallback;30;30;BTC,ETH,SOL,XRP,TRX,ADA,AVAX,DOT,NEAR,ATOM,ALGO,DOGE,BCH,LTC,XLM,ETC,LINK,UNI,AAVE,INJ,FIL,VET,FET,GRT,THETA,XTZ,SAND,CHZ,DASH,HBAR;TON,SUI,ICP,MKR,RENDER,RNDR,ARB,OP,MATIC,POL,APT,SEI,EOS,MANA;CHZ,DASH,HBAR;1440;336;0,8;336;1,5;1,0;10,0;8760,0;0,1367011427400604;0,0221941592556684;0,6582780968159149;0,0337154758194468;-0,8090709484026313;0,0158217945709144;800;53,812345679012346;0,5019271359089658
crypto;BNB;priority_with_coverage_fallback;30;30;BTC,ETH,SOL,XRP,TRX,ADA,AVAX,DOT,NEAR,ATOM,ALGO,DOGE,BCH,LTC,XLM,ETC,LINK,UNI,AAVE,INJ,FIL,VET,FET,GRT,THETA,XTZ,SAND,CHZ,DASH,HBAR;TON,SUI,ICP,MKR,RENDER,RNDR,ARB,OP,MATIC,POL,APT,SEI,EOS,MANA;CHZ,DASH,HBAR;1440;336;0,8;336;2,0;0,25;10,0;8760,0;0,1868292846804173;0,0297796169488586;0,768511064062337;0,0387497569539781;-0,8761729684790195;0,0070797152468121;349;162,14364640883977;0,5009881422924901
crypto;BNB;priority_with_coverage_fallback;30;30;BTC,ETH,SOL,XRP,TRX,ADA,AVAX,DOT,NEAR,ATOM,ALGO,DOGE,BCH,LTC,XLM,ETC,LINK,UNI,AAVE,INJ,FIL,VET,FET,GRT,THETA,XTZ,SAND,CHZ,DASH,HBAR;TON,SUI,ICP,MKR,RENDER,RNDR,ARB,OP,MATIC,POL,APT,SEI,EOS,MANA;CHZ,DASH,HBAR;1440;336;0,8;336;2,0;0,5;10,0;8760,0;0,0830253442273578;0,0137580897686233;0,7548382661801971;0,0182265398894589;-0,8541791060854129;0,0077055464288508;384;130,72081218274113;0,5018639328984157
crypto;BNB;priority_with_coverage_fallback;30;30;BTC,ETH,SOL,XRP,TRX,ADA,AVAX,DOT,NEAR,ATOM,ALGO,DOGE,BCH,LTC,XLM,ETC,LINK,UNI,AAVE,INJ,FIL,VET,FET,GRT,THETA,XTZ,SAND,CHZ,DASH,HBAR;TON,SUI,ICP,MKR,RENDER,RNDR,ARB,OP,MATIC,POL,APT,SEI,EOS,MANA;CHZ,DASH,HBAR;1440;336;0,8;336;2,0;0,75;10,0;8760,0;0,2429803979572768;0,0379674676267762;0,7193227812759205;0,0527822399277141;-0,8063944708372247;0,0085660643041539;435;97,31963470319634;0,5021817669966687
crypto;BNB;priority_with_coverage_fallback;30;30;BTC,ETH,SOL,XRP,TRX,ADA,AVAX,DOT,NEAR,ATOM,ALGO,DOGE,BCH,LTC,XLM,ETC,LINK,UNI,AAVE,INJ,FIL,VET,FET,GRT,THETA,XTZ,SAND,CHZ,DASH,HBAR;TON,SUI,ICP,MKR,RENDER,RNDR,ARB,OP,MATIC,POL,APT,SEI,EOS,MANA;CHZ,DASH,HBAR;1440;336;0,8;336;2,0;1,0;10,0;8760,0;-0,1519206341961693;-0,0278357452259041;0,5969917351493501;-0,0466266844028258;-0,7783447382744266;0,0092701243839474;472;74,71308016877637;0,5022872310385723
crypto;BNB;priority_with_coverage_fallback;30;30;BTC,ETH,SOL,XRP,TRX,ADA,AVAX,DOT,NEAR,ATOM,ALGO,DOGE,BCH,LTC,XLM,ETC,LINK,UNI,AAVE,INJ,FIL,VET,FET,GRT,THETA,XTZ,SAND,CHZ,DASH,HBAR;TON,SUI,ICP,MKR,RENDER,RNDR,ARB,OP,MATIC,POL,APT,SEI,EOS,MANA;CHZ,DASH,HBAR;1440;336;0,8;336;2,5;0,25;10,0;8760,0;0,6793874526242538;0,0928816712282332;0,7398017572302921;0,1255494060678747;-0,8116576327341702;0,0053586794962058;267;170,31386861313868;0,5021643166330948
crypto;BNB;priority_with_coverage_fallback;30;30;BTC,ETH,SOL,XRP,TRX,ADA,AVAX,DOT,NEAR,ATOM,ALGO,DOGE,BCH,LTC,XLM,ETC,LINK,UNI,AAVE,INJ,FIL,VET,FET,GRT,THETA,XTZ,SAND,CHZ,DASH,HBAR;TON,SUI,ICP,MKR,RENDER,RNDR,ARB,OP,MATIC,POL,APT,SEI,EOS,MANA;CHZ,DASH,HBAR;1440;336;0,8;336;2,5;0,5;10,0;8760,0;0,8566522959749632;0,1118322533129834;0,7276849523761391;0,153682239749239;-0,7864516501299863;0,0057107095361026;286;138,8904109589041;0,5033533879080777
crypto;BNB;priority_with_coverage_fallback;30;30;BTC,ETH,SOL,XRP,TRX,ADA,AVAX,DOT,NEAR,ATOM,ALGO,DOGE,BCH,LTC,XLM,ETC,LINK,UNI,AAVE,INJ,FIL,VET,FET,GRT,THETA,XTZ,SAND,CHZ,DASH,HBAR;TON,SUI,ICP,MKR,RENDER,RNDR,ARB,OP,MATIC,POL,APT,SEI,EOS,MANA;CHZ,DASH,HBAR;1440;336;0,8;336;2,5;0,75;10,0;8760,0;0,8893039148710544;0,115157947650089;0,6999454111486582;0,1645241840518776;-0,7980174937379478;0,0061800829226316;315;105,00632911392404;0,5037068290036767
crypto;BNB;priority_with_coverage_fallback;30;30;BTC,ETH,SOL,XRP,TRX,ADA,AVAX,DOT,NEAR,ATOM,ALGO,DOGE,BCH,LTC,XLM,ETC,LINK,UNI,AAVE,INJ,FIL,VET,FET,GRT,THETA,XTZ,SAND,CHZ,DASH,HBAR;TON,SUI,ICP,MKR,RENDER,RNDR,ARB,OP,MATIC,POL,APT,SEI,EOS,MANA;CHZ,DASH,HBAR;1440;336;0,8;336;2,5;1,0;10,0;8760,0;0,2494045177706898;0,038884566867166;0,5760339267121928;0,0675039525694363;-0,759737207463679;0,0063365407181412;324;85,04938271604938;0,5027580200319349
crypto;BNB;priority_with_coverage_fallback;30;30;BTC,ETH,SOL,XRP,TRX,ADA,AVAX,DOT,NEAR,ATOM,ALGO,DOGE,BCH,LTC,XLM,ETC,LINK,UNI,AAVE,INJ,FIL,VET,FET,GRT,THETA,XTZ,SAND,CHZ,DASH,HBAR;TON,SUI,ICP,MKR,RENDER,RNDR,ARB,OP,MATIC,POL,APT,SEI,EOS,MANA;CHZ,DASH,HBAR;1440;336;0,8;336;3,0;0,25;10,0;8760,0;-0,1062477236827269;-0,0190599614737168;0,7169800622762784;-0,0265836701416842;-0,8305716710696552;0,0037941015411092;191;188,1958762886598;0,5010134209805532
crypto;BNB;priority_with_coverage_fallback;30;30;BTC,ETH,SOL,XRP,TRX,ADA,AVAX,DOT,NEAR,ATOM,ALGO,DOGE,BCH,LTC,XLM,ETC,LINK,UNI,AAVE,INJ,FIL,VET,FET,GRT,THETA,XTZ,SAND,CHZ,DASH,HBAR;TON,SUI,ICP,MKR,RENDER,RNDR,ARB,OP,MATIC,POL,APT,SEI,EOS,MANA;CHZ,DASH,HBAR;1440;336;0,8;336;3,0;0,5;10,0;8760,0;0,7544652516934995;0,1011010992065795;0,7046108750061818;0,1434850110789058;-0,78425668597803;0,0040287882343737;203;151,16504854368932;0,5034682080924856
crypto;BNB;priority_with_coverage_fallback;30;30;BTC,ETH,SOL,XRP,TRX,ADA,AVAX,DOT,NEAR,ATOM,ALGO,DOGE,BCH,LTC,XLM,ETC,LINK,UNI,AAVE,INJ,FIL,VET,FET,GRT,THETA,XTZ,SAND,CHZ,DASH,HBAR;TON,SUI,ICP,MKR,RENDER,RNDR,ARB,OP,MATIC,POL,APT,SEI,EOS,MANA;CHZ,DASH,HBAR;1440;336;0,8;336;3,0;0,75;10,0;8760,0;0,3936712633264785;0,0585167525598582;0,6734386054090222;0,0868924829819004;-0,7916186999239019;0,0041852460298834;213;114,81308411214954;0,5036223036223036
crypto;BNB;priority_with_coverage_fallback;30;30;BTC,ETH,SOL,XRP,TRX,ADA,AVAX,DOT,NEAR,ATOM,ALGO,DOGE,BCH,LTC,XLM,ETC,LINK,UNI,AAVE,INJ,FIL,VET,FET,GRT,THETA,XTZ,SAND,CHZ,DASH,HBAR;TON,SUI,ICP,MKR,RENDER,RNDR,ARB,OP,MATIC,POL,APT,SEI,EOS,MANA;CHZ,DASH,HBAR;1440;336;0,8;336;3,0;1,0;10,0;8760,0;-0,0453966428901454;-0,0079278841422815;0,5476049973619987;-0,014477377270976;-0,7401917723551521;0,0042634749276382;218;95,09174311926606;0,5025566811384466
crypto;LINK;priority_with_coverage_fallback;30;30;BTC,ETH,SOL,XRP,BNB,TRX,ADA,AVAX,DOT,NEAR,ATOM,ALGO,DOGE,BCH,LTC,XLM,ETC,UNI,AAVE,INJ,FIL,VET,FET,GRT,THETA,XTZ,SAND,CHZ,DASH,HBAR;TON,SUI,ICP,MKR,RENDER,RNDR,ARB,OP,MATIC,POL,APT,SEI,EOS,MANA;CHZ,DASH,HBAR;1440;24;0,8;336;1,0;0,25;10,0;8760,0;40,843179261149174;0,8959148351963748;0,5865010779951533;1,5275587186623696;-0,4488958591074679;0,0170734569349917;852;80,60640732265446;0,5113697657913414
crypto;LINK;priority_with_coverage_fallback;30;30;BTC,ETH,SOL,XRP,BNB,TRX,ADA,AVAX,DOT,NEAR,ATOM,ALGO,DOGE,BCH,LTC,XLM,ETC,UNI,AAVE,INJ,FIL,VET,FET,GRT,THETA,XTZ,SAND,CHZ,DASH,HBAR;TON,SUI,ICP,MKR,RENDER,RNDR,ARB,OP,MATIC,POL,APT,SEI,EOS,MANA;CHZ,DASH,HBAR;1440;24;0,8;336;1,0;0,5;10,0;8760,0;19,64948563667322;0,6798555624409659;0,5623596368142817;1,208933781756259;-0,4523448914331132;0,0218454196980364;1113;56,559928443649376;0,5118765221241737
crypto;LINK;priority_with_coverage_fallback;30;30;BTC,ETH,SOL,XRP,BNB,TRX,ADA,AVAX,DOT,NEAR,ATOM,ALGO,DOGE,BCH,LTC,XLM,ETC,UNI,AAVE,INJ,FIL,VET,FET,GRT,THETA,XTZ,SAND,CHZ,DASH,HBAR;TON,SUI,ICP,MKR,RENDER,RNDR,ARB,OP,MATIC,POL,APT,SEI,EOS,MANA;CHZ,DASH,HBAR;1440;24;0,8;336;1,0;0,75;10,0;8760,0;9,340310402473552;0,4921455806781598;0,5355378216709565;0,9189744603706858;-0,447083211715504;0,0308808573887193;1576;35,30759493670886;0,5116337432330692
crypto;LINK;priority_with_coverage_fallback;30;30;BTC,ETH,SOL,XRP,BNB,TRX,ADA,AVAX,DOT,NEAR,ATOM,ALGO,DOGE,BCH,LTC,XLM,ETC,UNI,AAVE,INJ,FIL,VET,FET,GRT,THETA,XTZ,SAND,CHZ,DASH,HBAR;TON,SUI,ICP,MKR,RENDER,RNDR,ARB,OP,MATIC,POL,APT,SEI,EOS,MANA;CHZ,DASH,HBAR;1440;24;0,8;336;1,5;0,25;10,0;8760,0;42,0498565171043;0,905171755915209;0,5481950714284298;1,6511855051097166;-0,4370745137814502;0,011167175154502;560;104,1118881118881;0,5121910263299302
crypto;LINK;priority_with_coverage_fallback;30;30;BTC,ETH,SOL,XRP,BNB,TRX,ADA,AVAX,DOT,NEAR,ATOM,ALGO,DOGE,BCH,LTC,XLM,ETC,UNI,AAVE,INJ,FIL,VET,FET,GRT,THETA,XTZ,SAND,CHZ,DASH,HBAR;TON,SUI,ICP,MKR,RENDER,RNDR,ARB,OP,MATIC,POL,APT,SEI,EOS,MANA;CHZ,DASH,HBAR;1440;24;0,8;336;1,5;0,5;10,0;8760,0;35,884059539134185;0,8553797983974729;0,5221400746167472;1,638219014361855;-0,4405975288612365;0,0130837831494954;666;78,1910447761194;0,5127891883637474
crypto;LINK;priority_with_coverage_fallback;30;30;BTC,ETH,SOL,XRP,BNB,TRX,ADA,AVAX,DOT,NEAR,ATOM,ALGO,DOGE,BCH,LTC,XLM,ETC,UNI,AAVE,INJ,FIL,VET,FET,GRT,THETA,XTZ,SAND,CHZ,DASH,HBAR;TON,SUI,ICP,MKR,RENDER,RNDR,ARB,OP,MATIC,POL,APT,SEI,EOS,MANA;CHZ,DASH,HBAR;1440;24;0,8;336;1,5;0,75;10,0;8760,0;18,044823553582553;0,6567349479311899;0,4939925848720993;1,3294429269646355;-0,4180404408044652;0,0152741922866306;779;57,915601023017906;0,5134025171119453
crypto;LINK;priority_with_coverage_fallback;30;30;BTC,ETH,SOL,XRP,BNB,TRX,ADA,AVAX,DOT,NEAR,ATOM,ALGO,DOGE,BCH,LTC,XLM,ETC,UNI,AAVE,INJ,FIL,VET,FET,GRT,THETA,XTZ,SAND,CHZ,DASH,HBAR;TON,SUI,ICP,MKR,RENDER,RNDR,ARB,OP,MATIC,POL,APT,SEI,EOS,MANA;CHZ,DASH,HBAR;1440;24;0,8;336;1,5;1,0;10,0;8760,0;9,792581343895662;0,5031293688291891;0,467684455117109;1,0757880945673182;-0,4100053741425884;0,0186967065634045;955;41,26569037656904;0,5123447401774398
crypto;LINK;priority_with_coverage_fallback;30;30;BTC,ETH,SOL,XRP,BNB,TRX,ADA,AVAX,DOT,NEAR,ATOM,ALGO,DOGE,BCH,LTC,XLM,ETC,UNI,AAVE,INJ,FIL,VET,FET,GRT,THETA,XTZ,SAND,CHZ,DASH,HBAR;TON,SUI,ICP,MKR,RENDER,RNDR,ARB,OP,MATIC,POL,APT,SEI,EOS,MANA;CHZ,DASH,HBAR;1440;24;0,8;336;2,0;0,25;10,0;8760,0;24,47472779868102;0,7413918070884609;0,499511030987899;1,484235104122098;-0,4475469152587048;0,0076664319799734;386;121,35714285714286;0,511603464222652
crypto;LINK;priority_with_coverage_fallback;30;30;BTC,ETH,SOL,XRP,BNB,TRX,ADA,AVAX,DOT,NEAR,ATOM,ALGO,DOGE,BCH,LTC,XLM,ETC,UNI,AAVE,INJ,FIL,VET,FET,GRT,THETA,XTZ,SAND,CHZ,DASH,HBAR;TON,SUI,ICP,MKR,RENDER,RNDR,ARB,OP,MATIC,POL,APT,SEI,EOS,MANA;CHZ,DASH,HBAR;1440;24;0,8;336;2,0;0,5;10,0;8760,0;13,261589759445489;0,5766436128481962;0,4742294972964841;1,2159589737364729;-0,4888899949016082;0,0082140342642572;418;98,9904761904762;0,5101500865884164
crypto;LINK;priority_with_coverage_fallback;30;30;BTC,ETH,SOL,XRP,BNB,TRX,ADA,AVAX,DOT,NEAR,ATOM,ALGO,DOGE,BCH,LTC,XLM,ETC,UNI,AAVE,INJ,FIL,VET,FET,GRT,THETA,XTZ,SAND,CHZ,DASH,HBAR;TON,SUI,ICP,MKR,RENDER,RNDR,ARB,OP,MATIC,POL,APT,SEI,EOS,MANA;CHZ,DASH,HBAR;1440;24;0,8;336;2,0;0,75;10,0;8760,0;8,036119632364814;0,4580756622951989;0,4490297239632215;1,0201455223323217;-0,4809643373191959;0,0090745521395603;463;76,72844827586206;0,5110387056906915
crypto;LINK;priority_with_coverage_fallback;30;30;BTC,ETH,SOL,XRP,BNB,TRX,ADA,AVAX,DOT,NEAR,ATOM,ALGO,DOGE,BCH,LTC,XLM,ETC,UNI,AAVE,INJ,FIL,VET,FET,GRT,THETA,XTZ,SAND,CHZ,DASH,HBAR;TON,SUI,ICP,MKR,RENDER,RNDR,ARB,OP,MATIC,POL,APT,SEI,EOS,MANA;CHZ,DASH,HBAR;1440;24;0,8;336;2,0;1,0;10,0;8760,0;6,264209350851249;0,4045587059321534;0,4169577740714453;0,970263012443156;-0,4279938523901506;0,0102871000547602;525;57,555133079847906;0,5102067780934135
crypto;LINK;priority_with_coverage_fallback;30;30;BTC,ETH,SOL,XRP,BNB,TRX,ADA,AVAX,DOT,NEAR,ATOM,ALGO,DOGE,BCH,LTC,XLM,ETC,UNI,AAVE,INJ,FIL,VET,FET,GRT,THETA,XTZ,SAND,CHZ,DASH,HBAR;TON,SUI,ICP,MKR,RENDER,RNDR,ARB,OP,MATIC,POL,APT,SEI,EOS,MANA;CHZ,DASH,HBAR;1440;24;0,8;336;2,5;0,25;10,0;8760,0;13,038229479540746;0,5723854816716183;0,4399935677293092;1,3008951122298194;-0,4044360332241394;0,0054760228428381;279;130,44285714285715;0,5175227247837039
crypto;LINK;priority_with_coverage_fallback;30;30;BTC,ETH,SOL,XRP,BNB,TRX,ADA,AVAX,DOT,NEAR,ATOM,ALGO,DOGE,BCH,LTC,XLM,ETC,UNI,AAVE,INJ,FIL,VET,FET,GRT,THETA,XTZ,SAND,CHZ,DASH,HBAR;TON,SUI,ICP,MKR,RENDER,RNDR,ARB,OP,MATIC,POL,APT,SEI,EOS,MANA;CHZ,DASH,HBAR;1440;24;0,8;336;2,5;0,5;10,0;8760,0;8,050452434099428;0,4584716258975596;0,4153871357842002;1,103721291300996;-0,4081633130991769;0,0057889384338574;296;108,43243243243244;0,5161390827517448
crypto;LINK;priority_with_coverage_fallback;30;30;BTC,ETH,SOL,XRP,BNB,TRX,ADA,AVAX,DOT,NEAR,ATOM,ALGO,DOGE,BCH,LTC,XLM,ETC,UNI,AAVE,INJ,FIL,VET,FET,GRT,THETA,XTZ,SAND,CHZ,DASH,HBAR;TON,SUI,ICP,MKR,RENDER,RNDR,ARB,OP,MATIC,POL,APT,SEI,EOS,MANA;CHZ,DASH,HBAR;1440;24;0,8;336;2,5;0,75;10,0;8760,0;4,93472227134761;0,3567503777904495;0,3959579840984322;0,9009803871053248;-0,3895444986464345;0,0061018540248767;312;88,67948717948718;0,5170594188231893
crypto;LINK;priority_with_coverage_fallback;30;30;BTC,ETH,SOL,XRP,BNB,TRX,ADA,AVAX,DOT,NEAR,ATOM,ALGO,DOGE,BCH,LTC,XLM,ETC,UNI,AAVE,INJ,FIL,VET,FET,GRT,THETA,XTZ,SAND,CHZ,DASH,HBAR;TON,SUI,ICP,MKR,RENDER,RNDR,ARB,OP,MATIC,POL,APT,SEI,EOS,MANA;CHZ,DASH,HBAR;1440;24;0,8;336;2,5;1,0;10,0;8760,0;3,1772504182632044;0,2775319223764811;0,3686601087744551;0,7528124572498136;-0,3990722926905168;0,0064929985136509;332;69,0421686746988;0,5133059942413402
crypto;LINK;priority_with_coverage_fallback;30;30;BTC,ETH,SOL,XRP,BNB,TRX,ADA,AVAX,DOT,NEAR,ATOM,ALGO,DOGE,BCH,LTC,XLM,ETC,UNI,AAVE,INJ,FIL,VET,FET,GRT,THETA,XTZ,SAND,CHZ,DASH,HBAR;TON,SUI,ICP,MKR,RENDER,RNDR,ARB,OP,MATIC,POL,APT,SEI,EOS,MANA;CHZ,DASH,HBAR;1440;24;0,8;336;3,0;0,25;10,0;8760,0;4,939138864211606;0,3569233054123739;0,3566832725858955;1,0006729579011044;-0,4012321166621669;0,0032856137057028;168;139,91666666666666;0,5207181145239513
crypto;LINK;priority_with_coverage_fallback;30;30;BTC,ETH,SOL,XRP,BNB,TRX,ADA,AVAX,DOT,NEAR,ATOM,ALGO,DOGE,BCH,LTC,XLM,ETC,UNI,AAVE,INJ,FIL,VET,FET,GRT,THETA,XTZ,SAND,CHZ,DASH,HBAR;TON,SUI,ICP,MKR,RENDER,RNDR,ARB,OP,MATIC,POL,APT,SEI,EOS,MANA;CHZ,DASH,HBAR;1440;24;0,8;336;3,0;0,5;10,0;8760,0;3,827322105893546;0,3095842367620904;0,3401206994813602;0,9102187465631056;-0,3924890745407895;0,0034811859500899;178;113,74157303370788;0,5197075965622839
crypto;LINK;priority_with_coverage_fallback;30;30;BTC,ETH,SOL,XRP,BNB,TRX,ADA,AVAX,DOT,NEAR,ATOM,ALGO,DOGE,BCH,LTC,XLM,ETC,UNI,AAVE,INJ,FIL,VET,FET,GRT,THETA,XTZ,SAND,CHZ,DASH,HBAR;TON,SUI,ICP,MKR,RENDER,RNDR,ARB,OP,MATIC,POL,APT,SEI,EOS,MANA;CHZ,DASH,HBAR;1440;24;0,8;336;3,0;0,75;10,0;8760,0;3,0371868190641953;0,2700891543498493;0,3191636796045194;0,8462402573015856;-0,3745359171826101;0,0035985292967222;184;91,53260869565216;0,5210782567391046
crypto;LINK;priority_with_coverage_fallback;30;30;BTC,ETH,SOL,XRP,BNB,TRX,ADA,AVAX,DOT,NEAR,ATOM,ALGO,DOGE,BCH,LTC,XLM,ETC,UNI,AAVE,INJ,FIL,VET,FET,GRT,THETA,XTZ,SAND,CHZ,DASH,HBAR;TON,SUI,ICP,MKR,RENDER,RNDR,ARB,OP,MATIC,POL,APT,SEI,EOS,MANA;CHZ,DASH,HBAR;1440;24;0,8;336;3,0;1,0;10,0;8760,0;1,9008000290681055;0,2001599853249835;0,3034925367933263;0,6595219356622578;-0,3730937192648398;0,0037549870922318;192;72,33333333333333;0,5216013824884793
crypto;LINK;priority_with_coverage_fallback;30;30;BTC,ETH,SOL,XRP,BNB,TRX,ADA,AVAX,DOT,NEAR,ATOM,ALGO,DOGE,BCH,LTC,XLM,ETC,UNI,AAVE,INJ,FIL,VET,FET,GRT,THETA,XTZ,SAND,CHZ,DASH,HBAR;TON,SUI,ICP,MKR,RENDER,RNDR,ARB,OP,MATIC,POL,APT,SEI,EOS,MANA;CHZ,DASH,HBAR;1440;72;0,8;336;1,0;0,25;10,0;8760,0;27,95143616515748;0,7799803315131177;0,6367003404791418;1,2250352040430073;-0,4524254239422728;0,0159782523664241;793;87,1124694376528;0,5098936259788375
crypto;LINK;priority_with_coverage_fallback;30;30;BTC,ETH,SOL,XRP,BNB,TRX,ADA,AVAX,DOT,NEAR,ATOM,ALGO,DOGE,BCH,LTC,XLM,ETC,UNI,AAVE,INJ,FIL,VET,FET,GRT,THETA,XTZ,SAND,CHZ,DASH,HBAR;TON,SUI,ICP,MKR,RENDER,RNDR,ARB,OP,MATIC,POL,APT,SEI,EOS,MANA;CHZ,DASH,HBAR;1440;72;0,8;336;1,0;0,5;10,0;8760,0;16,521348641031118;0,6332384243779758;0,6142783083672771;1,030865677254816;-0,4583811367579757;0,0203199561918172;1027;61,91538461538462;0,5099391228724065
crypto;LINK;priority_with_coverage_fallback;30;30;BTC,ETH,SOL,XRP,BNB,TRX,ADA,AVAX,DOT,NEAR,ATOM,ALGO,DOGE,BCH,LTC,XLM,ETC,UNI,AAVE,INJ,FIL,VET,FET,GRT,THETA,XTZ,SAND,CHZ,DASH,HBAR;TON,SUI,ICP,MKR,RENDER,RNDR,ARB,OP,MATIC,POL,APT,SEI,EOS,MANA;CHZ,DASH,HBAR;1440;72;0,8;336;1,0;0,75;10,0;8760,0;15,97065115527775;0,6243272478389246;0,5874379524165632;1,0627969222461855;-0,4607376390194482;0,0296291950246421;1507;37,912928759894456;0,5113438652655021
crypto;LINK;priority_with_coverage_fallback;30;30;BTC,ETH,SOL,XRP,BNB,TRX,ADA,AVAX,DOT,NEAR,ATOM,ALGO,DOGE,BCH,LTC,XLM,ETC,UNI,AAVE,INJ,FIL,VET,FET,GRT,THETA,XTZ,SAND,CHZ,DASH,HBAR;TON,SUI,ICP,MKR,RENDER,RNDR,ARB,OP,MATIC,POL,APT,SEI,EOS,MANA;CHZ,DASH,HBAR;1440;72;0,8;336;1,5;0,25;10,0;8760,0;29,047714080354297;0,7913504458794534;0,5999125947046963;1,3191095717351815;-0,4492467047332155;0,0104631150747085;523;114,23507462686568;0,5095214764004573
crypto;LINK;priority_with_coverage_fallback;30;30;BTC,ETH,SOL,XRP,BNB,TRX,ADA,AVAX,DOT,NEAR,ATOM,ALGO,DOGE,BCH,LTC,XLM,ETC,UNI,AAVE,INJ,FIL,VET,FET,GRT,THETA,XTZ,SAND,CHZ,DASH,HBAR;TON,SUI,ICP,MKR,RENDER,RNDR,ARB,OP,MATIC,POL,APT,SEI,EOS,MANA;CHZ,DASH,HBAR;1440;72;0,8;336;1,5;0,5;10,0;8760,0;26,012070503099107;0,7589615097824725;0,5721229192477024;1,3265707145248584;-0,4419754809623355;0,0122623797230697;621;85,35987261146497;0,5106144834533448
crypto;LINK;priority_with_coverage_fallback;30;30;BTC,ETH,SOL,XRP,BNB,TRX,ADA,AVAX,DOT,NEAR,ATOM,ALGO,DOGE,BCH,LTC,XLM,ETC,UNI,AAVE,INJ,FIL,VET,FET,GRT,THETA,XTZ,SAND,CHZ,DASH,HBAR;TON,SUI,ICP,MKR,RENDER,RNDR,ARB,OP,MATIC,POL,APT,SEI,EOS,MANA;CHZ,DASH,HBAR;1440;72;0,8;336;1,5;0,75;10,0;8760,0;22,324113801535447;0,7152765002576449;0,540467066776125;1,32344141618888;-0,4262876794703353;0,0142572166158178;726;63,345205479452055;0,5114830673413779
crypto;LINK;priority_with_coverage_fallback;30;30;BTC,ETH,SOL,XRP,BNB,TRX,ADA,AVAX,DOT,NEAR,ATOM,ALGO,DOGE,BCH,LTC,XLM,ETC,UNI,AAVE,INJ,FIL,VET,FET,GRT,THETA,XTZ,SAND,CHZ,DASH,HBAR;TON,SUI,ICP,MKR,RENDER,RNDR,ARB,OP,MATIC,POL,APT,SEI,EOS,MANA;CHZ,DASH,HBAR;1440;72;0,8;336;1,5;1,0;10,0;8760,0;5,2862212710857905;0,3701911055173048;0,5083207704391642;0,7282627959457133;-0,4378767082382871;0,0172494719549401;881;46,08390022675737;0,5098164641047089
crypto;LINK;priority_with_coverage_fallback;30;30;BTC,ETH,SOL,XRP,BNB,TRX,ADA,AVAX,DOT,NEAR,ATOM,ALGO,DOGE,BCH,LTC,XLM,ETC,UNI,AAVE,INJ,FIL,VET,FET,GRT,THETA,XTZ,SAND,CHZ,DASH,HBAR;TON,SUI,ICP,MKR,RENDER,RNDR,ARB,OP,MATIC,POL,APT,SEI,EOS,MANA;CHZ,DASH,HBAR;1440;72;0,8;336;2,0;0,25;10,0;8760,0;25,05342522416933;0,7481060796010144;0,5413226264048799;1,3819966931171128;-0,4910933343239535;0,0074317452867089;374;126,63157894736842;0,5107231920199501
crypto;LINK;priority_with_coverage_fallback;30;30;BTC,ETH,SOL,XRP,BNB,TRX,ADA,AVAX,DOT,NEAR,ATOM,ALGO,DOGE,BCH,LTC,XLM,ETC,UNI,AAVE,INJ,FIL,VET,FET,GRT,THETA,XTZ,SAND,CHZ,DASH,HBAR;TON,SUI,ICP,MKR,RENDER,RNDR,ARB,OP,MATIC,POL,APT,SEI,EOS,MANA;CHZ,DASH,HBAR;1440;72;0,8;336;2,0;0,5;10,0;8760,0;13,683112690328588;0,5845311560743178;0,516931288994636;1,1307714748920592;-0,504036442934998;0,0081358053665023;414;100,45192307692308;0,5102900354168661
crypto;LINK;priority_with_coverage_fallback;30;30;BTC,ETH,SOL,XRP,BNB,TRX,ADA,AVAX,DOT,NEAR,ATOM,ALGO,DOGE,BCH,LTC,XLM,ETC,UNI,AAVE,INJ,FIL,VET,FET,GRT,THETA,XTZ,SAND,CHZ,DASH,HBAR;TON,SUI,ICP,MKR,RENDER,RNDR,ARB,OP,MATIC,POL,APT,SEI,EOS,MANA;CHZ,DASH,HBAR;1440;72;0,8;336;2,0;0,75;10,0;8760,0;13,870736673025418;0,5879817565902146;0,4835502561199134;1,2159682455930778;-0,4668006831548573;0,0089572087929281;456;76,78602620087337;0,5121132848043676
crypto;LINK;priority_with_coverage_fallback;30;30;BTC,ETH,SOL,XRP,BNB,TRX,ADA,AVAX,DOT,NEAR,ATOM,ALGO,DOGE,BCH,LTC,XLM,ETC,UNI,AAVE,INJ,FIL,VET,FET,GRT,THETA,XTZ,SAND,CHZ,DASH,HBAR;TON,SUI,ICP,MKR,RENDER,RNDR,ARB,OP,MATIC,POL,APT,SEI,EOS,MANA;CHZ,DASH,HBAR;1440;72;0,8;336;2,0;1,0;10,0;8760,0;4,540853482324357;0,3408818453380977;0,4482715224195247;0,7604360935046772;-0,4758108700305514;0,0099350700148634;507;60,08267716535433;0,5109101631609986
crypto;LINK;priority_with_coverage_fallback;30;30;BTC,ETH,SOL,XRP,BNB,TRX,ADA,AVAX,DOT,NEAR,ATOM,ALGO,DOGE,BCH,LTC,XLM,ETC,UNI,AAVE,INJ,FIL,VET,FET,GRT,THETA,XTZ,SAND,CHZ,DASH,HBAR;TON,SUI,ICP,MKR,RENDER,RNDR,ARB,OP,MATIC,POL,APT,SEI,EOS,MANA;CHZ,DASH,HBAR;1440;72;0,8;336;2,5;0,25;10,0;8760,0;14,316875215389562;0,5960440683407247;0,471582049126192;1,263924420883178;-0,4082225497940536;0,0050848783540639;260;138,3153846153846;0,5162115566431233
crypto;LINK;priority_with_coverage_fallback;30;30;BTC,ETH,SOL,XRP,BNB,TRX,ADA,AVAX,DOT,NEAR,ATOM,ALGO,DOGE,BCH,LTC,XLM,ETC,UNI,AAVE,INJ,FIL,VET,FET,GRT,THETA,XTZ,SAND,CHZ,DASH,HBAR;TON,SUI,ICP,MKR,RENDER,RNDR,ARB,OP,MATIC,POL,APT,SEI,EOS,MANA;CHZ,DASH,HBAR;1440;72;0,8;336;2,5;0,5;10,0;8760,0;9,07243580065138;0,485450875326989;0,4495483601679094;1,0798635215701151;-0,4146590366185697;0,0053195650473284;272;112,875;0,5147547391049443
crypto;LINK;priority_with_coverage_fallback;30;30;BTC,ETH,SOL,XRP,BNB,TRX,ADA,AVAX,DOT,NEAR,ATOM,ALGO,DOGE,BCH,LTC,XLM,ETC,UNI,AAVE,INJ,FIL,VET,FET,GRT,THETA,XTZ,SAND,CHZ,DASH,HBAR;TON,SUI,ICP,MKR,RENDER,RNDR,ARB,OP,MATIC,POL,APT,SEI,EOS,MANA;CHZ,DASH,HBAR;1440;72;0,8;336;2,5;0,75;10,0;8760,0;7,052120798240884;0,4295577836555042;0,4118777140108238;1,0429255311546568;-0,3920534422085511;0,0055933661894703;286;89,4895104895105;0,5155895913104633
crypto;LINK;priority_with_coverage_fallback;30;30;BTC,ETH,SOL,XRP,BNB,TRX,ADA,AVAX,DOT,NEAR,ATOM,ALGO,DOGE,BCH,LTC,XLM,ETC,UNI,AAVE,INJ,FIL,VET,FET,GRT,THETA,XTZ,SAND,CHZ,DASH,HBAR;TON,SUI,ICP,MKR,RENDER,RNDR,ARB,OP,MATIC,POL,APT,SEI,EOS,MANA;CHZ,DASH,HBAR;1440;72;0,8;336;2,5;1,0;10,0;8760,0;2,901604618438552;0,2626778296950658;0,383576855064355;0,6848114692712488;-0,4305083602908839;0,0059453962293671;304;71,90789473684211;0,5132662397072278
crypto;LINK;priority_with_coverage_fallback;30;30;BTC,ETH,SOL,XRP,BNB,TRX,ADA,AVAX,DOT,NEAR,ATOM,ALGO,DOGE,BCH,LTC,XLM,ETC,UNI,AAVE,INJ,FIL,VET,FET,GRT,THETA,XTZ,SAND,CHZ,DASH,HBAR;TON,SUI,ICP,MKR,RENDER,RNDR,ARB,OP,MATIC,POL,APT,SEI,EOS,MANA;CHZ,DASH,HBAR;1440;72;0,8;336;3,0;0,25;10,0;8760,0;6,857772853234786;0,4235864862301799;0,3900408915648696;1,0860053276227608;-0,4039467622052884;0,0033247281545803;170;150,23529411764707;0,5168363351605325
crypto;LINK;priority_with_coverage_fallback;30;30;BTC,ETH,SOL,XRP,BNB,TRX,ADA,AVAX,DOT,NEAR,ATOM,ALGO,DOGE,BCH,LTC,XLM,ETC,UNI,AAVE,INJ,FIL,VET,FET,GRT,THETA,XTZ,SAND,CHZ,DASH,HBAR;TON,SUI,ICP,MKR,RENDER,RNDR,ARB,OP,MATIC,POL,APT,SEI,EOS,MANA;CHZ,DASH,HBAR;1440;72;0,8;336;3,0;0,5;10,0;8760,0;4,68378814932861;0,3467454982312721;0,375863782041871;0,9225296897391536;-0,4104297547735924;0,0034420715012125;176;124,35227272727272;0,5141186146394956
crypto;LINK;priority_with_coverage_fallback;30;30;BTC,ETH,SOL,XRP,BNB,TRX,ADA,AVAX,DOT,NEAR,ATOM,ALGO,DOGE,BCH,LTC,XLM,ETC,UNI,AAVE,INJ,FIL,VET,FET,GRT,THETA,XTZ,SAND,CHZ,DASH,HBAR;TON,SUI,ICP,MKR,RENDER,RNDR,ARB,OP,MATIC,POL,APT,SEI,EOS,MANA;CHZ,DASH,HBAR;1440;72;0,8;336;3,0;0,75;10,0;8760,0;4,384802156502406;0,3343351976221618;0,3412331617601683;0,979785188220204;-0,4056900932328136;0,0035594148478447;182;97,21978021978022;0,5156550243020233
crypto;LINK;priority_with_coverage_fallback;30;30;BTC,ETH,SOL,XRP,BNB,TRX,ADA,AVAX,DOT,NEAR,ATOM,ALGO,DOGE,BCH,LTC,XLM,ETC,UNI,AAVE,INJ,FIL,VET,FET,GRT,THETA,XTZ,SAND,CHZ,DASH,HBAR;TON,SUI,ICP,MKR,RENDER,RNDR,ARB,OP,MATIC,POL,APT,SEI,EOS,MANA;CHZ,DASH,HBAR;1440;72;0,8;336;3,0;1,0;10,0;8760,0;1,5657644042637189;0,1751885307416192;0,3127414916266921;0,560170413687018;-0,4331515708952022;0,003676758194477;188;79,07446808510639;0,5145970671330553
crypto;LINK;priority_with_coverage_fallback;30;30;BTC,ETH,SOL,XRP,BNB,TRX,ADA,AVAX,DOT,NEAR,ATOM,ALGO,DOGE,BCH,LTC,XLM,ETC,UNI,AAVE,INJ,FIL,VET,FET,GRT,THETA,XTZ,SAND,CHZ,DASH,HBAR;TON,SUI,ICP,MKR,RENDER,RNDR,ARB,OP,MATIC,POL,APT,SEI,EOS,MANA;CHZ,DASH,HBAR;1440;168;0,8;336;1,0;0,25;10,0;8760,0;24,216307706075845;0,7383526199644275;0,7236457423440091;1,0203233112002847;-0,5016342072094482;0,0135727137604631;671;106,671469740634;0,506578414156423
crypto;LINK;priority_with_coverage_fallback;30;30;BTC,ETH,SOL,XRP,BNB,TRX,ADA,AVAX,DOT,NEAR,ATOM,ALGO,DOGE,BCH,LTC,XLM,ETC,UNI,AAVE,INJ,FIL,VET,FET,GRT,THETA,XTZ,SAND,CHZ,DASH,HBAR;TON,SUI,ICP,MKR,RENDER,RNDR,ARB,OP,MATIC,POL,APT,SEI,EOS,MANA;CHZ,DASH,HBAR;1440;168;0,8;336;1,0;0,5;10,0;8760,0;13,352333973926388;0,5783577825914039;0,6967439001964025;0,8300866106303518;-0,5016342072094488;0,0172103575060627;865;74,97954545454546;0,5077142250916917
crypto;LINK;priority_with_coverage_fallback;30;30;BTC,ETH,SOL,XRP,BNB,TRX,ADA,AVAX,DOT,NEAR,ATOM,ALGO,DOGE,BCH,LTC,XLM,ETC,UNI,AAVE,INJ,FIL,VET,FET,GRT,THETA,XTZ,SAND,CHZ,DASH,HBAR;TON,SUI,ICP,MKR,RENDER,RNDR,ARB,OP,MATIC,POL,APT,SEI,EOS,MANA;CHZ,DASH,HBAR;1440;168;0,8;336;1,0;0,75;10,0;8760,0;7,776928451535106;0,4508237629984961;0,6720125776142861;0,6708561387332466;-0,502408956106276;0,0238598138152233;1211;48,691803278688525;0,5063968756312707
crypto;LINK;priority_with_coverage_fallback;30;30;BTC,ETH,SOL,XRP,BNB,TRX,ADA,AVAX,DOT,NEAR,ATOM,ALGO,DOGE,BCH,LTC,XLM,ETC,UNI,AAVE,INJ,FIL,VET,FET,GRT,THETA,XTZ,SAND,CHZ,DASH,HBAR;TON,SUI,ICP,MKR,RENDER,RNDR,ARB,OP,MATIC,POL,APT,SEI,EOS,MANA;CHZ,DASH,HBAR;1440;168;0,8;336;1,5;0,25;10,0;8760,0;35,118966180729295;0,8487288428077591;0,6891332628458152;1,2315888501780987;-0,4926700581911412;0,0094656966283345;471;132,4504132231405;0,5050697282625651
crypto;LINK;priority_with_coverage_fallback;30;30;BTC,ETH,SOL,XRP,BNB,TRX,ADA,AVAX,DOT,NEAR,ATOM,ALGO,DOGE,BCH,LTC,XLM,ETC,UNI,AAVE,INJ,FIL,VET,FET,GRT,THETA,XTZ,SAND,CHZ,DASH,HBAR;TON,SUI,ICP,MKR,RENDER,RNDR,ARB,OP,MATIC,POL,APT,SEI,EOS,MANA;CHZ,DASH,HBAR;1440;168;0,8;336;1,5;0,5;10,0;8760,0;26,79005745896439;0,7675389655450144;0,6620879471450862;1,15927040939898;-0,4926700581911402;0,0107564734412892;540;101,17454545454544;0,5066671458864968
crypto;LINK;priority_with_coverage_fallback;30;30;BTC,ETH,SOL,XRP,BNB,TRX,ADA,AVAX,DOT,NEAR,ATOM,ALGO,DOGE,BCH,LTC,XLM,ETC,UNI,AAVE,INJ,FIL,VET,FET,GRT,THETA,XTZ,SAND,CHZ,DASH,HBAR;TON,SUI,ICP,MKR,RENDER,RNDR,ARB,OP,MATIC,POL,APT,SEI,EOS,MANA;CHZ,DASH,HBAR;1440;168;0,8;336;1,5;0,75;10,0;8760,0;20,689253378344276;0,6940535861978128;0,6376160226910583;1,088513402264516;-0,4926700581911408;0,0126339669874051;639;75,6594427244582;0,5071609788035027
crypto;LINK;priority_with_coverage_fallback;30;30;BTC,ETH,SOL,XRP,BNB,TRX,ADA,AVAX,DOT,NEAR,ATOM,ALGO,DOGE,BCH,LTC,XLM,ETC,UNI,AAVE,INJ,FIL,VET,FET,GRT,THETA,XTZ,SAND,CHZ,DASH,HBAR;TON,SUI,ICP,MKR,RENDER,RNDR,ARB,OP,MATIC,POL,APT,SEI,EOS,MANA;CHZ,DASH,HBAR;1440;168;0,8;336;1,5;1,0;10,0;8760,0;13,369277580066203;0,5786768539082676;0,5983447178751319;0,967129543590341;-0,497205830276775;0,0160760384886176;817;50,051094890510946;0,5096495065869427
crypto;LINK;priority_with_coverage_fallback;30;30;BTC,ETH,SOL,XRP,BNB,TRX,ADA,AVAX,DOT,NEAR,ATOM,ALGO,DOGE,BCH,LTC,XLM,ETC,UNI,AAVE,INJ,FIL,VET,FET,GRT,THETA,XTZ,SAND,CHZ,DASH,HBAR;TON,SUI,ICP,MKR,RENDER,RNDR,ARB,OP,MATIC,POL,APT,SEI,EOS,MANA;CHZ,DASH,HBAR;1440;168;0,8;336;2,0;0,25;10,0;8760,0;9,719313910137746;0,5013762220497651;0,6153764762903228;0,8147471366994948;-0,485050113425636;0,0066103418602831;333;149,25443786982248;0,5053520456707897
crypto;LINK;priority_with_coverage_fallback;30;30;BTC,ETH,SOL,XRP,BNB,TRX,ADA,AVAX,DOT,NEAR,ATOM,ALGO,DOGE,BCH,LTC,XLM,ETC,UNI,AAVE,INJ,FIL,VET,FET,GRT,THETA,XTZ,SAND,CHZ,DASH,HBAR;TON,SUI,ICP,MKR,RENDER,RNDR,ARB,OP,MATIC,POL,APT,SEI,EOS,MANA;CHZ,DASH,HBAR;1440;168;0,8;336;2,0;0,5;10,0;8760,0;7,5994002823590705;0,4457536180107186;0,5885935600159475;0,7573199033958871;-0,457982491963017;0,0071970585934444;363;116,8695652173913;0,5063709077380952
crypto;LINK;priority_with_coverage_fallback;30;30;BTC,ETH,SOL,XRP,BNB,TRX,ADA,AVAX,DOT,NEAR,ATOM,ALGO,DOGE,BCH,LTC,XLM,ETC,UNI,AAVE,INJ,FIL,VET,FET,GRT,THETA,XTZ,SAND,CHZ,DASH,HBAR;TON,SUI,ICP,MKR,RENDER,RNDR,ARB,OP,MATIC,POL,APT,SEI,EOS,MANA;CHZ,DASH,HBAR;1440;168;0,8;336;2,0;0,75;10,0;8760,0;8,43594705289596;0,4689313670758512;0,5656950054271145;0,8289473348307111;-0,4650516098793342;0,0078620042243604;399;92,50248756218906;0,5067498520948744
crypto;LINK;priority_with_coverage_fallback;30;30;BTC,ETH,SOL,XRP,BNB,TRX,ADA,AVAX,DOT,NEAR,ATOM,ALGO,DOGE,BCH,LTC,XLM,ETC,UNI,AAVE,INJ,FIL,VET,FET,GRT,THETA,XTZ,SAND,CHZ,DASH,HBAR;TON,SUI,ICP,MKR,RENDER,RNDR,ARB,OP,MATIC,POL,APT,SEI,EOS,MANA;CHZ,DASH,HBAR;1440;168;0,8;336;2,0;1,0;10,0;8760,0;5,428737573026203;0,3754637015837725;0,5320757278303055;0,7056583902348555;-0,4738055226115323;0,0090354376906829;461;66,02164502164503;0,509212510655039
crypto;LINK;priority_with_coverage_fallback;30;30;BTC,ETH,SOL,XRP,BNB,TRX,ADA,AVAX,DOT,NEAR,ATOM,ALGO,DOGE,BCH,LTC,XLM,ETC,UNI,AAVE,INJ,FIL,VET,FET,GRT,THETA,XTZ,SAND,CHZ,DASH,HBAR;TON,SUI,ICP,MKR,RENDER,RNDR,ARB,OP,MATIC,POL,APT,SEI,EOS,MANA;CHZ,DASH,HBAR;1440;168;0,8;336;2,5;0,25;10,0;8760,0;5,03097556595588;0,3604951626764645;0,5579674365637931;0,6460863825612315;-0,4680885322575051;0,0044981616209027;229;161,45217391304348;0,5063822911617386
crypto;LINK;priority_with_coverage_fallback;30;30;BTC,ETH,SOL,XRP,BNB,TRX,ADA,AVAX,DOT,NEAR,ATOM,ALGO,DOGE,BCH,LTC,XLM,ETC,UNI,AAVE,INJ,FIL,VET,FET,GRT,THETA,XTZ,SAND,CHZ,DASH,HBAR;TON,SUI,ICP,MKR,RENDER,RNDR,ARB,OP,MATIC,POL,APT,SEI,EOS,MANA;CHZ,DASH,HBAR;1440;168;0,8;336;2,5;0,5;10,0;8760,0;3,762332803986842;0,3065467376802904;0,5265282342854946;0,5822037978576365;-0,4339009409094867;0,0046937338652898;239;128,875;0,506886517943744
crypto;LINK;priority_with_coverage_fallback;30;30;BTC,ETH,SOL,XRP,BNB,TRX,ADA,AVAX,DOT,NEAR,ATOM,ALGO,DOGE,BCH,LTC,XLM,ETC,UNI,AAVE,INJ,FIL,VET,FET,GRT,THETA,XTZ,SAND,CHZ,DASH,HBAR;TON,SUI,ICP,MKR,RENDER,RNDR,ARB,OP,MATIC,POL,APT,SEI,EOS,MANA;CHZ,DASH,HBAR;1440;168;0,8;336;2,5;0,75;10,0;8760,0;2,8028195337920083;0,2571423511670947;0,5120708974809173;0,502161619479024;-0,4445108163304989;0,0049284205585543;252;106,57936507936508;0,5064412837888153
crypto;LINK;priority_with_coverage_fallback;30;30;BTC,ETH,SOL,XRP,BNB,TRX,ADA,AVAX,DOT,NEAR,ATOM,ALGO,DOGE,BCH,LTC,XLM,ETC,UNI,AAVE,INJ,FIL,VET,FET,GRT,THETA,XTZ,SAND,CHZ,DASH,HBAR;TON,SUI,ICP,MKR,RENDER,RNDR,ARB,OP,MATIC,POL,APT,SEI,EOS,MANA;CHZ,DASH,HBAR;1440;168;0,8;336;2,5;1,0;10,0;8760,0;2,59544186783408;0,2451228232668527;0,4902271781436434;0,5000188365628075;-0,4536008592717019;0,0053195650473284;272;81,2720588235294;0,5083687686600923
crypto;LINK;priority_with_coverage_fallback;30;30;BTC,ETH,SOL,XRP,BNB,TRX,ADA,AVAX,DOT,NEAR,ATOM,ALGO,DOGE,BCH,LTC,XLM,ETC,UNI,AAVE,INJ,FIL,VET,FET,GRT,THETA,XTZ,SAND,CHZ,DASH,HBAR;TON,SUI,ICP,MKR,RENDER,RNDR,ARB,OP,MATIC,POL,APT,SEI,EOS,MANA;CHZ,DASH,HBAR;1440;168;0,8;336;3,0;0,25;10,0;8760,0;3,010916077582247;0,2686694005703809;0,4751203107273017;0,5654765635236869;-0,4541071423578526;0,0031291559101932;160;174,2875;0,5100767410169977
crypto;LINK;priority_with_coverage_fallback;30;30;BTC,ETH,SOL,XRP,BNB,TRX,ADA,AVAX,DOT,NEAR,ATOM,ALGO,DOGE,BCH,LTC,XLM,ETC,UNI,AAVE,INJ,FIL,VET,FET,GRT,THETA,XTZ,SAND,CHZ,DASH,HBAR;TON,SUI,ICP,MKR,RENDER,RNDR,ARB,OP,MATIC,POL,APT,SEI,EOS,MANA;CHZ,DASH,HBAR;1440;168;0,8;336;3,0;0,5;10,0;8760,0;3,664591277122823;0,3019131253013125;0,4377132265031403;0,6897509762573887;-0,4703503634429038;0,0032464992568254;166;132,20481927710844;0,5114371639478721
crypto;LINK;priority_with_coverage_fallback;30;30;BTC,ETH,SOL,XRP,BNB,TRX,ADA,AVAX,DOT,NEAR,ATOM,ALGO,DOGE,BCH,LTC,XLM,ETC,UNI,AAVE,INJ,FIL,VET,FET,GRT,THETA,XTZ,SAND,CHZ,DASH,HBAR;TON,SUI,ICP,MKR,RENDER,RNDR,ARB,OP,MATIC,POL,APT,SEI,EOS,MANA;CHZ,DASH,HBAR;1440;168;0,8;336;3,0;0,75;10,0;8760,0;3,126666231981038;0,2748681502184225;0,4256324625638396;0,6457875617915203;-0,4925182501361662;0,0033638426034577;172;110,6046511627907;0,5116694701429773
crypto;LINK;priority_with_coverage_fallback;30;30;BTC,ETH,SOL,XRP,BNB,TRX,ADA,AVAX,DOT,NEAR,ATOM,ALGO,DOGE,BCH,LTC,XLM,ETC,UNI,AAVE,INJ,FIL,VET,FET,GRT,THETA,XTZ,SAND,CHZ,DASH,HBAR;TON,SUI,ICP,MKR,RENDER,RNDR,ARB,OP,MATIC,POL,APT,SEI,EOS,MANA;CHZ,DASH,HBAR;1440;168;0,8;336;3,0;1,0;10,0;8760,0;2,9215685450812923;0,2637823856636569;0,4019509857237894;0,6562551033148145;-0,4901617777592791;0,0035203003989673;180;83,92222222222222;0,5150271415331656
crypto;LINK;priority_with_coverage_fallback;30;30;BTC,ETH,SOL,XRP,BNB,TRX,ADA,AVAX,DOT,NEAR,ATOM,ALGO,DOGE,BCH,LTC,XLM,ETC,UNI,AAVE,INJ,FIL,VET,FET,GRT,THETA,XTZ,SAND,CHZ,DASH,HBAR;TON,SUI,ICP,MKR,RENDER,RNDR,ARB,OP,MATIC,POL,APT,SEI,EOS,MANA;CHZ,DASH,HBAR;1440;336;0,8;336;1,0;0,25;10,0;8760,0;33,59020591887536;0,8350818188056839;0,77522516717951;1,0772119561648772;-0,5280356172215475;0,0130055542517405;618;113,94594594594597;0,507695551338815
crypto;LINK;priority_with_coverage_fallback;30;30;BTC,ETH,SOL,XRP,BNB,TRX,ADA,AVAX,DOT,NEAR,ATOM,ALGO,DOGE,BCH,LTC,XLM,ETC,UNI,AAVE,INJ,FIL,VET,FET,GRT,THETA,XTZ,SAND,CHZ,DASH,HBAR;TON,SUI,ICP,MKR,RENDER,RNDR,ARB,OP,MATIC,POL,APT,SEI,EOS,MANA;CHZ,DASH,HBAR;1440;336;0,8;336;1,0;0,5;10,0;8760,0;18,65773290129302;0,6657499572210035;0,7415226643922397;0,8978147117953025;-0,5524191731189332;0,0168778846906047;832;79,83564814814815;0,5084229754414451
crypto;LINK;priority_with_coverage_fallback;30;30;BTC,ETH,SOL,XRP,BNB,TRX,ADA,AVAX,DOT,NEAR,ATOM,ALGO,DOGE,BCH,LTC,XLM,ETC,UNI,AAVE,INJ,FIL,VET,FET,GRT,THETA,XTZ,SAND,CHZ,DASH,HBAR;TON,SUI,ICP,MKR,RENDER,RNDR,ARB,OP,MATIC,POL,APT,SEI,EOS,MANA;CHZ,DASH,HBAR;1440;336;0,8;336;1,0;0,75;10,0;8760,0;2,3935519536412797;0,2328561666622153;0,6729256530701077;0,34603550273325;-0,5510334717237708;0,0228819525932879;1147;52,52820512820513;0,5081193660711381
crypto;LINK;priority_with_coverage_fallback;30;30;BTC,ETH,SOL,XRP,BNB,TRX,ADA,AVAX,DOT,NEAR,ATOM,ALGO,DOGE,BCH,LTC,XLM,ETC,UNI,AAVE,INJ,FIL,VET,FET,GRT,THETA,XTZ,SAND,CHZ,DASH,HBAR;TON,SUI,ICP,MKR,RENDER,RNDR,ARB,OP,MATIC,POL,APT,SEI,EOS,MANA;CHZ,DASH,HBAR;1440;336;0,8;336;1,5;0,25;10,0;8760,0;45,96391137429724;0,9337877422027728;0,7468648780456619;1,250276682773243;-0,5476629018608337;0,0093679105061409;443;141,59166666666667;0,5072096992525454
crypto;LINK;priority_with_coverage_fallback;30;30;BTC,ETH,SOL,XRP,BNB,TRX,ADA,AVAX,DOT,NEAR,ATOM,ALGO,DOGE,BCH,LTC,XLM,ETC,UNI,AAVE,INJ,FIL,VET,FET,GRT,THETA,XTZ,SAND,CHZ,DASH,HBAR;TON,SUI,ICP,MKR,RENDER,RNDR,ARB,OP,MATIC,POL,APT,SEI,EOS,MANA;CHZ,DASH,HBAR;1440;336;0,8;336;1,5;0,5;10,0;8760,0;15,299782201455256;0,6131418012057701;0,7099039266988998;0,863696872416131;-0,5847598584472975;0,0106195728702182;522;110,93014705882354;0,5074735690849435
crypto;LINK;priority_with_coverage_fallback;30;30;BTC,ETH,SOL,XRP,BNB,TRX,ADA,AVAX,DOT,NEAR,ATOM,ALGO,DOGE,BCH,LTC,XLM,ETC,UNI,AAVE,INJ,FIL,VET,FET,GRT,THETA,XTZ,SAND,CHZ,DASH,HBAR;TON,SUI,ICP,MKR,RENDER,RNDR,ARB,OP,MATIC,POL,APT,SEI,EOS,MANA;CHZ,DASH,HBAR;1440;336;0,8;336;1,5;0,75;10,0;8760,0;3,384893126273396;0,2881939159088926;0,6337751083057347;0,4547258359188622;-0,5372114690882042;0,0118125635609794;590;85,8907284768212;0,507074289679633
crypto;LINK;priority_with_coverage_fallback;30;30;BTC,ETH,SOL,XRP,BNB,TRX,ADA,AVAX,DOT,NEAR,ATOM,ALGO,DOGE,BCH,LTC,XLM,ETC,UNI,AAVE,INJ,FIL,VET,FET,GRT,THETA,XTZ,SAND,CHZ,DASH,HBAR;TON,SUI,ICP,MKR,RENDER,RNDR,ARB,OP,MATIC,POL,APT,SEI,EOS,MANA;CHZ,DASH,HBAR;1440;336;0,8;336;1,5;1,0;10,0;8760,0;0,5880318141868925;0,0824590013960053;0,6083038474521472;0,1355556137633867;-0,6280662664067631;0,0139638582492372;706;60,63865546218487;0,5065133037694013
crypto;LINK;priority_with_coverage_fallback;30;30;BTC,ETH,SOL,XRP,BNB,TRX,ADA,AVAX,DOT,NEAR,ATOM,ALGO,DOGE,BCH,LTC,XLM,ETC,UNI,AAVE,INJ,FIL,VET,FET,GRT,THETA,XTZ,SAND,CHZ,DASH,HBAR;TON,SUI,ICP,MKR,RENDER,RNDR,ARB,OP,MATIC,POL,APT,SEI,EOS,MANA;CHZ,DASH,HBAR;1440;336;0,8;336;2,0;0,25;10,0;8760,0;5,208554567258496;0,3672758807128906;0,6866088360263287;0,5349128374730194;-0,5296902508717689;0,0066494563091606;321;172,88823529411764;0,5065156000136096
crypto;LINK;priority_with_coverage_fallback;30;30;BTC,ETH,SOL,XRP,BNB,TRX,ADA,AVAX,DOT,NEAR,ATOM,ALGO,DOGE,BCH,LTC,XLM,ETC,UNI,AAVE,INJ,FIL,VET,FET,GRT,THETA,XTZ,SAND,CHZ,DASH,HBAR;TON,SUI,ICP,MKR,RENDER,RNDR,ARB,OP,MATIC,POL,APT,SEI,EOS,MANA;CHZ,DASH,HBAR;1440;336;0,8;336;2,0;0,5;10,0;8760,0;1,2008782050088185;0,1447060785371656;0,6557794819147386;0,2206627113654947;-0,5670008963392055;0,0070406007979347;349;141,3388888888889;0,5065838606972997
crypto;LINK;priority_with_coverage_fallback;30;30;BTC,ETH,SOL,XRP,BNB,TRX,ADA,AVAX,DOT,NEAR,ATOM,ALGO,DOGE,BCH,LTC,XLM,ETC,UNI,AAVE,INJ,FIL,VET,FET,GRT,THETA,XTZ,SAND,CHZ,DASH,HBAR;TON,SUI,ICP,MKR,RENDER,RNDR,ARB,OP,MATIC,POL,APT,SEI,EOS,MANA;CHZ,DASH,HBAR;1440;336;0,8;336;2,0;0,75;10,0;8760,0;-0,1074756108074803;-0,0192909776692915;0,576852230618259;-0,0334418012887214;-0,5872974425581861;0,0076273175310959;383;112,21538461538462;0,5060780550223928
crypto;LINK;priority_with_coverage_fallback;30;30;BTC,ETH,SOL,XRP,BNB,TRX,ADA,AVAX,DOT,NEAR,ATOM,ALGO,DOGE,BCH,LTC,XLM,ETC,UNI,AAVE,INJ,FIL,VET,FET,GRT,THETA,XTZ,SAND,CHZ,DASH,HBAR;TON,SUI,ICP,MKR,RENDER,RNDR,ARB,OP,MATIC,POL,APT,SEI,EOS,MANA;CHZ,DASH,HBAR;1440;336;0,8;336;2,0;1,0;10,0;8760,0;-0,3254438015350562;-0,0652248311099348;0,5520795190558195;-0,1181439065544108;-0,6424243090766162;0,0084878354063991;430;81,99539170506912;0,5060417017928399
crypto;LINK;priority_with_coverage_fallback;30;30;BTC,ETH,SOL,XRP,BNB,TRX,ADA,AVAX,DOT,NEAR,ATOM,ALGO,DOGE,BCH,LTC,XLM,ETC,UNI,AAVE,INJ,FIL,VET,FET,GRT,THETA,XTZ,SAND,CHZ,DASH,HBAR;TON,SUI,ICP,MKR,RENDER,RNDR,ARB,OP,MATIC,POL,APT,SEI,EOS,MANA;CHZ,DASH,HBAR;1440;336;0,8;336;2,5;0,25;10,0;8760,0;3,898855023588241;0,3128886450116073;0,6471605222531038;0,4834791898651025;-0,4994734821011437;0,0047328483141672;228;198,77685950413223;0,507608514884417
crypto;LINK;priority_with_coverage_fallback;30;30;BTC,ETH,SOL,XRP,BNB,TRX,ADA,AVAX,DOT,NEAR,ATOM,ALGO,DOGE,BCH,LTC,XLM,ETC,UNI,AAVE,INJ,FIL,VET,FET,GRT,THETA,XTZ,SAND,CHZ,DASH,HBAR;TON,SUI,ICP,MKR,RENDER,RNDR,ARB,OP,MATIC,POL,APT,SEI,EOS,MANA;CHZ,DASH,HBAR;1440;336;0,8;336;2,5;0,5;10,0;8760,0;0,2385803438113591;0,0373370523765999;0,6166914980215916;0,060544133487134;-0,6603415982084815;0,0048501916607994;241;161,66129032258064;0,5076823306395291
crypto;LINK;priority_with_coverage_fallback;30;30;BTC,ETH,SOL,XRP,BNB,TRX,ADA,AVAX,DOT,NEAR,ATOM,ALGO,DOGE,BCH,LTC,XLM,ETC,UNI,AAVE,INJ,FIL,VET,FET,GRT,THETA,XTZ,SAND,CHZ,DASH,HBAR;TON,SUI,ICP,MKR,RENDER,RNDR,ARB,OP,MATIC,POL,APT,SEI,EOS,MANA;CHZ,DASH,HBAR;1440;336;0,8;336;2,5;0,75;10,0;8760,0;-0,3760119975170592;-0,0776211630925675;0,5318396886103866;-0,1459484215918134;-0,6692780457919351;0,0050848783540639;257;129,66153846153847;0,5080683436165164
crypto;LINK;priority_with_coverage_fallback;30;30;BTC,ETH,SOL,XRP,BNB,TRX,ADA,AVAX,DOT,NEAR,ATOM,ALGO,DOGE,BCH,LTC,XLM,ETC,UNI,AAVE,INJ,FIL,VET,FET,GRT,THETA,XTZ,SAND,CHZ,DASH,HBAR;TON,SUI,ICP,MKR,RENDER,RNDR,ARB,OP,MATIC,POL,APT,SEI,EOS,MANA;CHZ,DASH,HBAR;1440;336;0,8;336;2,5;1,0;10,0;8760,0;-0,4222915145951957;-0,0897186687189839;0,5117544479278372;-0,1753158552549312;-0,7283981963020376;0,0053586794962058;272;98,44525547445257;0,508563802179877
crypto;LINK;priority_with_coverage_fallback;30;30;BTC,ETH,SOL,XRP,BNB,TRX,ADA,AVAX,DOT,NEAR,ATOM,ALGO,DOGE,BCH,LTC,XLM,ETC,UNI,AAVE,INJ,FIL,VET,FET,GRT,THETA,XTZ,SAND,CHZ,DASH,HBAR;TON,SUI,ICP,MKR,RENDER,RNDR,ARB,OP,MATIC,POL,APT,SEI,EOS,MANA;CHZ,DASH,HBAR;1440;336;0,8;336;3,0;0,25;10,0;8760,0;1,0885494271901384;0,1344783574600434;0,5881366343616268;0,2286515574837613;-0,5037970965523365;0,0035594148478447;177;221,17582417582415;0,5099617429323794
crypto;LINK;priority_with_coverage_fallback;30;30;BTC,ETH,SOL,XRP,BNB,TRX,ADA,AVAX,DOT,NEAR,ATOM,ALGO,DOGE,BCH,LTC,XLM,ETC,UNI,AAVE,INJ,FIL,VET,FET,GRT,THETA,XTZ,SAND,CHZ,DASH,HBAR;TON,SUI,ICP,MKR,RENDER,RNDR,ARB,OP,MATIC,POL,APT,SEI,EOS,MANA;CHZ,DASH,HBAR;1440;336;0,8;336;3,0;0,5;10,0;8760,0;-0,2445337690318713;-0,0469061947106506;0,5542152229845276;-0,0846353415881543;-0,5115013905945718;0,0035985292967222;183;178,1195652173913;0,510160493073778
crypto;LINK;priority_with_coverage_fallback;30;30;BTC,ETH,SOL,XRP,BNB,TRX,ADA,AVAX,DOT,NEAR,ATOM,ALGO,DOGE,BCH,LTC,XLM,ETC,UNI,AAVE,INJ,FIL,VET,FET,GRT,THETA,XTZ,SAND,CHZ,DASH,HBAR;TON,SUI,ICP,MKR,RENDER,RNDR,ARB,OP,MATIC,POL,APT,SEI,EOS,MANA;CHZ,DASH,HBAR;1440;336;0,8;336;3,0;0,75;10,0;8760,0;-0,3883099359439373;-0,0807613222279258;0,4668386639278164;-0,1729962157556284;-0,5287586682906467;0,003676758194477;188;140,5531914893617;0,5096881622767181
crypto;LINK;priority_with_coverage_fallback;30;30;BTC,ETH,SOL,XRP,BNB,TRX,ADA,AVAX,DOT,NEAR,ATOM,ALGO,DOGE,BCH,LTC,XLM,ETC,UNI,AAVE,INJ,FIL,VET,FET,GRT,THETA,XTZ,SAND,CHZ,DASH,HBAR;TON,SUI,ICP,MKR,RENDER,RNDR,ARB,OP,MATIC,POL,APT,SEI,EOS,MANA;CHZ,DASH,HBAR;1440;336;0,8;336;3,0;1,0;10,0;8760,0;-0,311737336644015;-0,0619978307954502;0,4489186793202303;-0,1381048141933629;-0,6044451491297458;0,0037941015411092;194;108,89690721649484;0,5102717031146454
crypto;ADA;priority_with_coverage_fallback;30;30;BTC,ETH,SOL,XRP,BNB,TRX,AVAX,DOT,NEAR,ATOM,ALGO,DOGE,BCH,LTC,XLM,ETC,LINK,UNI,AAVE,INJ,FIL,VET,FET,GRT,THETA,XTZ,SAND,CHZ,DASH,HBAR;TON,SUI,ICP,MKR,RENDER,RNDR,ARB,OP,MATIC,POL,APT,SEI,EOS,MANA;CHZ,DASH,HBAR;1440;24;0,8;336;1,0;0,25;10,0;8760,0;6,451220998419815;0,4106885051244586;0,6655142329905567;0,6170995070668701;-0,4690662636355623;0,0149612766956113;747;93,266318537859;0,5070966658268246
crypto;ADA;priority_with_coverage_fallback;30;30;BTC,ETH,SOL,XRP,BNB,TRX,AVAX,DOT,NEAR,ATOM,ALGO,DOGE,BCH,LTC,XLM,ETC,LINK,UNI,AAVE,INJ,FIL,VET,FET,GRT,THETA,XTZ,SAND,CHZ,DASH,HBAR;TON,SUI,ICP,MKR,RENDER,RNDR,ARB,OP,MATIC,POL,APT,SEI,EOS,MANA;CHZ,DASH,HBAR;1440;24;0,8;336;1,0;0,5;10,0;8760,0;12,56889769551723;0,5632519962690044;0,6365071934887342;0,8849106530623578;-0,4584655864193627;0,0201243839474301;1017;62,266019417475725;0,509183896217295
crypto;ADA;priority_with_coverage_fallback;30;30;BTC,ETH,SOL,XRP,BNB,TRX,AVAX,DOT,NEAR,ATOM,ALGO,DOGE,BCH,LTC,XLM,ETC,LINK,UNI,AAVE,INJ,FIL,VET,FET,GRT,THETA,XTZ,SAND,CHZ,DASH,HBAR;TON,SUI,ICP,MKR,RENDER,RNDR,ARB,OP,MATIC,POL,APT,SEI,EOS,MANA;CHZ,DASH,HBAR;1440;24;0,8;336;1,0;0,75;10,0;8760,0;13,753278417974933;0,5858258310695257;0,6157704590662433;0,951370470025266;-0,4622024998806736;0,0291989360869905;1486;38,64658634538153;0,5117253801655756
crypto;ADA;priority_with_coverage_fallback;30;30;BTC,ETH,SOL,XRP,BNB,TRX,AVAX,DOT,NEAR,ATOM,ALGO,DOGE,BCH,LTC,XLM,ETC,LINK,UNI,AAVE,INJ,FIL,VET,FET,GRT,THETA,XTZ,SAND,CHZ,DASH,HBAR;TON,SUI,ICP,MKR,RENDER,RNDR,ARB,OP,MATIC,POL,APT,SEI,EOS,MANA;CHZ,DASH,HBAR;1440;24;0,8;336;1,5;0,25;10,0;8760,0;15,534906029472534;0,617104745330572;0,6245593233955409;0,9880642594134365;-0,4295936864050155;0,0105413439724634;527;112,4925925925926;0,5099265795278701
crypto;ADA;priority_with_coverage_fallback;30;30;BTC,ETH,SOL,XRP,BNB,TRX,AVAX,DOT,NEAR,ATOM,ALGO,DOGE,BCH,LTC,XLM,ETC,LINK,UNI,AAVE,INJ,FIL,VET,FET,GRT,THETA,XTZ,SAND,CHZ,DASH,HBAR;TON,SUI,ICP,MKR,RENDER,RNDR,ARB,OP,MATIC,POL,APT,SEI,EOS,MANA;CHZ,DASH,HBAR;1440;24;0,8;336;1,5;0,5;10,0;8760,0;10,698118095846285;0,5240211954848903;0,5927607474778731;0,884034912423838;-0,422185938109398;0,0118321207854181;596;88,35973597359735;0,5110372390094499
crypto;ADA;priority_with_coverage_fallback;30;30;BTC,ETH,SOL,XRP,BNB,TRX,AVAX,DOT,NEAR,ATOM,ALGO,DOGE,BCH,LTC,XLM,ETC,LINK,UNI,AAVE,INJ,FIL,VET,FET,GRT,THETA,XTZ,SAND,CHZ,DASH,HBAR;TON,SUI,ICP,MKR,RENDER,RNDR,ARB,OP,MATIC,POL,APT,SEI,EOS,MANA;CHZ,DASH,HBAR;1440;24;0,8;336;1,5;0,75;10,0;8760,0;17,35759098783121;0,6463362061842384;0,5673917522931473;1,1391357092732357;-0,4293228069422801;0,0141398732691856;718;63,55524861878453;0,5135828226192029
crypto;ADA;priority_with_coverage_fallback;30;30;BTC,ETH,SOL,XRP,BNB,TRX,AVAX,DOT,NEAR,ATOM,ALGO,DOGE,BCH,LTC,XLM,ETC,LINK,UNI,AAVE,INJ,FIL,VET,FET,GRT,THETA,XTZ,SAND,CHZ,DASH,HBAR;TON,SUI,ICP,MKR,RENDER,RNDR,ARB,OP,MATIC,POL,APT,SEI,EOS,MANA;CHZ,DASH,HBAR;1440;24;0,8;336;1,5;1,0;10,0;8760,0;6,080177597226743;0,3983975592288231;0,5262764373246867;0,7570119636251764;-0,4547912728221671;0,01785574591254;910;43,03938730853392;0,5141084956022167
crypto;ADA;priority_with_coverage_fallback;30;30;BTC,ETH,SOL,XRP,BNB,TRX,AVAX,DOT,NEAR,ATOM,ALGO,DOGE,BCH,LTC,XLM,ETC,LINK,UNI,AAVE,INJ,FIL,VET,FET,GRT,THETA,XTZ,SAND,CHZ,DASH,HBAR;TON,SUI,ICP,MKR,RENDER,RNDR,ARB,OP,MATIC,POL,APT,SEI,EOS,MANA;CHZ,DASH,HBAR;1440;24;0,8;336;2,0;0,25;10,0;8760,0;14,848221319400809;0,6053961134295895;0,5862639428308413;1,0326340564394365;-0,3846365717584812;0,0072166158178831;364;131,57297297297296;0,511688098270408
crypto;ADA;priority_with_coverage_fallback;30;30;BTC,ETH,SOL,XRP,BNB,TRX,AVAX,DOT,NEAR,ATOM,ALGO,DOGE,BCH,LTC,XLM,ETC,LINK,UNI,AAVE,INJ,FIL,VET,FET,GRT,THETA,XTZ,SAND,CHZ,DASH,HBAR;TON,SUI,ICP,MKR,RENDER,RNDR,ARB,OP,MATIC,POL,APT,SEI,EOS,MANA;CHZ,DASH,HBAR;1440;24;0,8;336;2,0;0,5;10,0;8760,0;13,57972113327284;0,5826140340884567;0,553471513088295;1,0526540577265673;-0,3799384037782002;0,007959790346554;404;103,32843137254902;0,514018691588785
crypto;ADA;priority_with_coverage_fallback;30;30;BTC,ETH,SOL,XRP,BNB,TRX,AVAX,DOT,NEAR,ATOM,ALGO,DOGE,BCH,LTC,XLM,ETC,LINK,UNI,AAVE,INJ,FIL,VET,FET,GRT,THETA,XTZ,SAND,CHZ,DASH,HBAR;TON,SUI,ICP,MKR,RENDER,RNDR,ARB,OP,MATIC,POL,APT,SEI,EOS,MANA;CHZ,DASH,HBAR;1440;24;0,8;336;2,0;0,75;10,0;8760,0;25,722963013967604;0,7557218200996296;0,5245920623070713;1,4405895063987184;-0,3676485041248024;0,0089376515684894;454;77,90393013100437;0,5158632286995516
crypto;ADA;priority_with_coverage_fallback;30;30;BTC,ETH,SOL,XRP,BNB,TRX,AVAX,DOT,NEAR,ATOM,ALGO,DOGE,BCH,LTC,XLM,ETC,LINK,UNI,AAVE,INJ,FIL,VET,FET,GRT,THETA,XTZ,SAND,CHZ,DASH,HBAR;TON,SUI,ICP,MKR,RENDER,RNDR,ARB,OP,MATIC,POL,APT,SEI,EOS,MANA;CHZ,DASH,HBAR;1440;24;0,8;336;2,0;1,0;10,0;8760,0;12,935791391096686;0,5704138016915767;0,4839632374666345;1,1786304362237892;-0,3676485041248029;0,0101501994836892;517;57,93846153846154;0,5172596919808816
crypto;ADA;priority_with_coverage_fallback;30;30;BTC,ETH,SOL,XRP,BNB,TRX,AVAX,DOT,NEAR,ATOM,ALGO,DOGE,BCH,LTC,XLM,ETC,LINK,UNI,AAVE,INJ,FIL,VET,FET,GRT,THETA,XTZ,SAND,CHZ,DASH,HBAR;TON,SUI,ICP,MKR,RENDER,RNDR,ARB,OP,MATIC,POL,APT,SEI,EOS,MANA;CHZ,DASH,HBAR;1440;24;0,8;336;2,5;0,25;10,0;8760,0;26,481725876477057;0,7641636501489217;0,5230441513685918;1,4609926296841655;-0,3676485041248026;0,0051826644762575;261;140,91729323308272;0,5140860100309466
crypto;ADA;priority_with_coverage_fallback;30;30;BTC,ETH,SOL,XRP,BNB,TRX,AVAX,DOT,NEAR,ATOM,ALGO,DOGE,BCH,LTC,XLM,ETC,LINK,UNI,AAVE,INJ,FIL,VET,FET,GRT,THETA,XTZ,SAND,CHZ,DASH,HBAR;TON,SUI,ICP,MKR,RENDER,RNDR,ARB,OP,MATIC,POL,APT,SEI,EOS,MANA;CHZ,DASH,HBAR;1440;24;0,8;336;2,5;0,5;10,0;8760,0;27,59133158469495;0,7761676147136529;0,4872536743719708;1,5929435847027074;-0,3676485041248026;0,0055738089650316;282;110,87412587412588;0,5168716493219805
crypto;ADA;priority_with_coverage_fallback;30;30;BTC,ETH,SOL,XRP,BNB,TRX,AVAX,DOT,NEAR,ATOM,ALGO,DOGE,BCH,LTC,XLM,ETC,LINK,UNI,AAVE,INJ,FIL,VET,FET,GRT,THETA,XTZ,SAND,CHZ,DASH,HBAR;TON,SUI,ICP,MKR,RENDER,RNDR,ARB,OP,MATIC,POL,APT,SEI,EOS,MANA;CHZ,DASH,HBAR;1440;24;0,8;336;2,5;0,75;10,0;8760,0;32,03712608760448;0,8206959279283697;0,4637906192088774;1,769539731804607;-0,3676485041248029;0,0061214112493154;310;83,56687898089172;0,5186737804878049
crypto;ADA;priority_with_coverage_fallback;30;30;BTC,ETH,SOL,XRP,BNB,TRX,AVAX,DOT,NEAR,ATOM,ALGO,DOGE,BCH,LTC,XLM,ETC,LINK,UNI,AAVE,INJ,FIL,VET,FET,GRT,THETA,XTZ,SAND,CHZ,DASH,HBAR;TON,SUI,ICP,MKR,RENDER,RNDR,ARB,OP,MATIC,POL,APT,SEI,EOS,MANA;CHZ,DASH,HBAR;1440;24;0,8;336;2,5;1,0;10,0;8760,0;15,125519064922408;0,6101739662629366;0,4243184118380297;1,4380096390817267;-0,3676485041248026;0,0064734412892122;329;64,17469879518072;0,5202290434619357
crypto;ADA;priority_with_coverage_fallback;30;30;BTC,ETH,SOL,XRP,BNB,TRX,AVAX,DOT,NEAR,ATOM,ALGO,DOGE,BCH,LTC,XLM,ETC,LINK,UNI,AAVE,INJ,FIL,VET,FET,GRT,THETA,XTZ,SAND,CHZ,DASH,HBAR;TON,SUI,ICP,MKR,RENDER,RNDR,ARB,OP,MATIC,POL,APT,SEI,EOS,MANA;CHZ,DASH,HBAR;1440;24;0,8;336;3,0;0,25;10,0;8760,0;35,47587605420775;0,8518458420204726;0,4672607626028688;1,8230630735507911;-0,3676485041248025;0,0037354298677931;188;137,48958333333334;0,5207970300780362
crypto;ADA;priority_with_coverage_fallback;30;30;BTC,ETH,SOL,XRP,BNB,TRX,AVAX,DOT,NEAR,ATOM,ALGO,DOGE,BCH,LTC,XLM,ETC,LINK,UNI,AAVE,INJ,FIL,VET,FET,GRT,THETA,XTZ,SAND,CHZ,DASH,HBAR;TON,SUI,ICP,MKR,RENDER,RNDR,ARB,OP,MATIC,POL,APT,SEI,EOS,MANA;CHZ,DASH,HBAR;1440;24;0,8;336;3,0;0,5;10,0;8760,0;42,42664201397336;0,9080181728329232;0,4373446674273283;2,0762072581662485;-0,3676485041248027;0,0039701165610576;200;107,40196078431372;0,5242355089000457
crypto;ADA;priority_with_coverage_fallback;30;30;BTC,ETH,SOL,XRP,BNB,TRX,AVAX,DOT,NEAR,ATOM,ALGO,DOGE,BCH,LTC,XLM,ETC,LINK,UNI,AAVE,INJ,FIL,VET,FET,GRT,THETA,XTZ,SAND,CHZ,DASH,HBAR;TON,SUI,ICP,MKR,RENDER,RNDR,ARB,OP,MATIC,POL,APT,SEI,EOS,MANA;CHZ,DASH,HBAR;1440;24;0,8;336;3,0;0,75;10,0;8760,0;29,715685570811495;0,7981108622773232;0,4187345738058399;1,9060066022811712;-0,3676485041248026;0,0041656888054447;211;85,32710280373831;0,5250821467688938
crypto;ADA;priority_with_coverage_fallback;30;30;BTC,ETH,SOL,XRP,BNB,TRX,AVAX,DOT,NEAR,ATOM,ALGO,DOGE,BCH,LTC,XLM,ETC,LINK,UNI,AAVE,INJ,FIL,VET,FET,GRT,THETA,XTZ,SAND,CHZ,DASH,HBAR;TON,SUI,ICP,MKR,RENDER,RNDR,ARB,OP,MATIC,POL,APT,SEI,EOS,MANA;CHZ,DASH,HBAR;1440;24;0,8;336;3,0;1,0;10,0;8760,0;10,753755985043044;0,5252605705808921;0,3801720488299342;1,3816391083918471;-0,3676485041248026;0,0041656888054447;212;69,6822429906542;0,5266899141630901
crypto;ADA;priority_with_coverage_fallback;30;30;BTC,ETH,SOL,XRP,BNB,TRX,AVAX,DOT,NEAR,ATOM,ALGO,DOGE,BCH,LTC,XLM,ETC,LINK,UNI,AAVE,INJ,FIL,VET,FET,GRT,THETA,XTZ,SAND,CHZ,DASH,HBAR;TON,SUI,ICP,MKR,RENDER,RNDR,ARB,OP,MATIC,POL,APT,SEI,EOS,MANA;CHZ,DASH,HBAR;1440;72;0,8;336;1,0;0,25;10,0;8760,0;13,49252145869932;0,5809883699809257;0,6926953963913368;0,8387357170375903;-0,4935057376845575;0,0154697645310177;772;90,76262626262626;0,5052862945857214
crypto;ADA;priority_with_coverage_fallback;30;30;BTC,ETH,SOL,XRP,BNB,TRX,AVAX,DOT,NEAR,ATOM,ALGO,DOGE,BCH,LTC,XLM,ETC,LINK,UNI,AAVE,INJ,FIL,VET,FET,GRT,THETA,XTZ,SAND,CHZ,DASH,HBAR;TON,SUI,ICP,MKR,RENDER,RNDR,ARB,OP,MATIC,POL,APT,SEI,EOS,MANA;CHZ,DASH,HBAR;1440;72;0,8;336;1,0;0,5;10,0;8760,0;11,422309312787291;0,5397852387904092;0,6735213174054093;0,8014374969894219;-0,5063051641773351;0,0198896972541656;1004;63,45579567779961;0,507105483141893
crypto;ADA;priority_with_coverage_fallback;30;30;BTC,ETH,SOL,XRP,BNB,TRX,AVAX,DOT,NEAR,ATOM,ALGO,DOGE,BCH,LTC,XLM,ETC,LINK,UNI,AAVE,INJ,FIL,VET,FET,GRT,THETA,XTZ,SAND,CHZ,DASH,HBAR;TON,SUI,ICP,MKR,RENDER,RNDR,ARB,OP,MATIC,POL,APT,SEI,EOS,MANA;CHZ,DASH,HBAR;1440;72;0,8;336;1,0;0,75;10,0;8760,0;7,010432703327787;0,4282870679958359;0,6508327235190365;0,6580601320721833;-0,5082043170055988;0,0276734725807713;1404;41,110169491525426;0,5071462928605786
crypto;ADA;priority_with_coverage_fallback;30;30;BTC,ETH,SOL,XRP,BNB,TRX,AVAX,DOT,NEAR,ATOM,ALGO,DOGE,BCH,LTC,XLM,ETC,LINK,UNI,AAVE,INJ,FIL,VET,FET,GRT,THETA,XTZ,SAND,CHZ,DASH,HBAR;TON,SUI,ICP,MKR,RENDER,RNDR,ARB,OP,MATIC,POL,APT,SEI,EOS,MANA;CHZ,DASH,HBAR;1440;72;0,8;336;1,5;0,25;10,0;8760,0;22,31527729420388;0,7151651505354206;0,6531504860221214;1,0949469775196627;-0,4271943159400647;0,0109324884612375;547;109,78571428571428;0,5083279115159401
crypto;ADA;priority_with_coverage_fallback;30;30;BTC,ETH,SOL,XRP,BNB,TRX,AVAX,DOT,NEAR,ATOM,ALGO,DOGE,BCH,LTC,XLM,ETC,LINK,UNI,AAVE,INJ,FIL,VET,FET,GRT,THETA,XTZ,SAND,CHZ,DASH,HBAR;TON,SUI,ICP,MKR,RENDER,RNDR,ARB,OP,MATIC,POL,APT,SEI,EOS,MANA;CHZ,DASH,HBAR;1440;72;0,8;336;1,5;0,5;10,0;8760,0;16,78424670382552;0,6374109301890964;0,6294739179075111;1,0126089613179994;-0,4416694734951644;0,0121450363764374;612;86,12861736334405;0,508735906816994
crypto;ADA;priority_with_coverage_fallback;30;30;BTC,ETH,SOL,XRP,BNB,TRX,AVAX,DOT,NEAR,ATOM,ALGO,DOGE,BCH,LTC,XLM,ETC,LINK,UNI,AAVE,INJ,FIL,VET,FET,GRT,THETA,XTZ,SAND,CHZ,DASH,HBAR;TON,SUI,ICP,MKR,RENDER,RNDR,ARB,OP,MATIC,POL,APT,SEI,EOS,MANA;CHZ,DASH,HBAR;1440;72;0,8;336;1,5;0,75;10,0;8760,0;16,924069041783785;0,6396092951611951;0,6024035134273554;1,06176222565861;-0,4335244521921457;0,0142963310646952;724;63,94535519125683;0,5099982908904461
crypto;ADA;priority_with_coverage_fallback;30;30;BTC,ETH,SOL,XRP,BNB,TRX,AVAX,DOT,NEAR,ATOM,ALGO,DOGE,BCH,LTC,XLM,ETC,LINK,UNI,AAVE,INJ,FIL,VET,FET,GRT,THETA,XTZ,SAND,CHZ,DASH,HBAR;TON,SUI,ICP,MKR,RENDER,RNDR,ARB,OP,MATIC,POL,APT,SEI,EOS,MANA;CHZ,DASH,HBAR;1440;72;0,8;336;1,5;1,0;10,0;8760,0;7,652093567390944;0,4472675027387831;0,5717060692459437;0,7823382097879601;-0,4490101391146567;0,0174646014237659;888;45,05145413870246;0,5112225643062867
crypto;ADA;priority_with_coverage_fallback;30;30;BTC,ETH,SOL,XRP,BNB,TRX,AVAX,DOT,NEAR,ATOM,ALGO,DOGE,BCH,LTC,XLM,ETC,LINK,UNI,AAVE,INJ,FIL,VET,FET,GRT,THETA,XTZ,SAND,CHZ,DASH,HBAR;TON,SUI,ICP,MKR,RENDER,RNDR,ARB,OP,MATIC,POL,APT,SEI,EOS,MANA;CHZ,DASH,HBAR;1440;72;0,8;336;2,0;0,25;10,0;8760,0;17,41218451426186;0,6471739684883795;0,6116703914249615;1,0580436417409511;-0,4001751446865688;0,0071775013690057;360;132,89673913043478;0,5083629820471925
crypto;ADA;priority_with_coverage_fallback;30;30;BTC,ETH,SOL,XRP,BNB,TRX,AVAX,DOT,NEAR,ATOM,ALGO,DOGE,BCH,LTC,XLM,ETC,LINK,UNI,AAVE,INJ,FIL,VET,FET,GRT,THETA,XTZ,SAND,CHZ,DASH,HBAR;TON,SUI,ICP,MKR,RENDER,RNDR,ARB,OP,MATIC,POL,APT,SEI,EOS,MANA;CHZ,DASH,HBAR;1440;72;0,8;336;2,0;0,5;10,0;8760,0;15,181940109381152;0,6111377571706618;0,5855541179479886;1,0436913317462924;-0,4001751446865672;0,0078815614487991;398;103,43564356435644;0,5096678472288695
crypto;ADA;priority_with_coverage_fallback;30;30;BTC,ETH,SOL,XRP,BNB,TRX,AVAX,DOT,NEAR,ATOM,ALGO,DOGE,BCH,LTC,XLM,ETC,LINK,UNI,AAVE,INJ,FIL,VET,FET,GRT,THETA,XTZ,SAND,CHZ,DASH,HBAR;TON,SUI,ICP,MKR,RENDER,RNDR,ARB,OP,MATIC,POL,APT,SEI,EOS,MANA;CHZ,DASH,HBAR;1440;72;0,8;336;2,0;0,75;10,0;8760,0;9,164274909734234;0,4877625570793469;0,55535003614646;0,8782975156784026;-0,4001751446865689;0,0085465070797152;434;82,11415525114155;0,5095923928154368
crypto;ADA;priority_with_coverage_fallback;30;30;BTC,ETH,SOL,XRP,BNB,TRX,AVAX,DOT,NEAR,ATOM,ALGO,DOGE,BCH,LTC,XLM,ETC,LINK,UNI,AAVE,INJ,FIL,VET,FET,GRT,THETA,XTZ,SAND,CHZ,DASH,HBAR;TON,SUI,ICP,MKR,RENDER,RNDR,ARB,OP,MATIC,POL,APT,SEI,EOS,MANA;CHZ,DASH,HBAR;1440;72;0,8;336;2,0;1,0;10,0;8760,0;7,840871166108844;0,4526291377553102;0,5285247257005584;0,8564010645960816;-0,3757216359952997;0,0094852538527732;482;62,97942386831276;0,5109121798222687
crypto;ADA;priority_with_coverage_fallback;30;30;BTC,ETH,SOL,XRP,BNB,TRX,AVAX,DOT,NEAR,ATOM,ALGO,DOGE,BCH,LTC,XLM,ETC,LINK,UNI,AAVE,INJ,FIL,VET,FET,GRT,THETA,XTZ,SAND,CHZ,DASH,HBAR;TON,SUI,ICP,MKR,RENDER,RNDR,ARB,OP,MATIC,POL,APT,SEI,EOS,MANA;CHZ,DASH,HBAR;1440;72;0,8;336;2,5;0,25;10,0;8760,0;15,13687179146762;0,6103681191937873;0,5488209821664798;1,1121442857092474;-0,4220037430733552;0,0049088633341156;245;147,83333333333334;0,5085628388897836
crypto;ADA;priority_with_coverage_fallback;30;30;BTC,ETH,SOL,XRP,BNB,TRX,AVAX,DOT,NEAR,ATOM,ALGO,DOGE,BCH,LTC,XLM,ETC,LINK,UNI,AAVE,INJ,FIL,VET,FET,GRT,THETA,XTZ,SAND,CHZ,DASH,HBAR;TON,SUI,ICP,MKR,RENDER,RNDR,ARB,OP,MATIC,POL,APT,SEI,EOS,MANA;CHZ,DASH,HBAR;1440;72;0,8;336;2,5;0,5;10,0;8760,0;10,734027267610998;0,5248216562160648;0,5250304729189613;0,9996022769845424;-0,4505557119290125;0,0052217789251349;263;116,38805970149254;0,5103872787894332
crypto;ADA;priority_with_coverage_fallback;30;30;BTC,ETH,SOL,XRP,BNB,TRX,AVAX,DOT,NEAR,ATOM,ALGO,DOGE,BCH,LTC,XLM,ETC,LINK,UNI,AAVE,INJ,FIL,VET,FET,GRT,THETA,XTZ,SAND,CHZ,DASH,HBAR;TON,SUI,ICP,MKR,RENDER,RNDR,ARB,OP,MATIC,POL,APT,SEI,EOS,MANA;CHZ,DASH,HBAR;1440;72;0,8;336;2,5;0,75;10,0;8760,0;9,99231930076377;0,5078591086562978;0,501702712168486;1,012271004996569;-0,4032544311173544;0,0055738089650316;282;91,72027972027972;0,5106739859713327
crypto;ADA;priority_with_coverage_fallback;30;30;BTC,ETH,SOL,XRP,BNB,TRX,AVAX,DOT,NEAR,ATOM,ALGO,DOGE,BCH,LTC,XLM,ETC,LINK,UNI,AAVE,INJ,FIL,VET,FET,GRT,THETA,XTZ,SAND,CHZ,DASH,HBAR;TON,SUI,ICP,MKR,RENDER,RNDR,ARB,OP,MATIC,POL,APT,SEI,EOS,MANA;CHZ,DASH,HBAR;1440;72;0,8;336;2,5;1,0;10,0;8760,0;11,929094506992792;0,5503697218365142;0,4696824452532391;1,1717911269597714;-0,3757216359952996;0,0059258390049284;300;70,55263157894737;0,5115628496829541
crypto;ADA;priority_with_coverage_fallback;30;30;BTC,ETH,SOL,XRP,BNB,TRX,AVAX,DOT,NEAR,ATOM,ALGO,DOGE,BCH,LTC,XLM,ETC,LINK,UNI,AAVE,INJ,FIL,VET,FET,GRT,THETA,XTZ,SAND,CHZ,DASH,HBAR;TON,SUI,ICP,MKR,RENDER,RNDR,ARB,OP,MATIC,POL,APT,SEI,EOS,MANA;CHZ,DASH,HBAR;1440;72;0,8;336;3,0;0,25;10,0;8760,0;11,86614935685048;0,5490739797932049;0,4356114204687021;1,260467366081498;-0,3198258075342599;0,0031878275835093;159;143,890243902439;0,5173319772862107
crypto;ADA;priority_with_coverage_fallback;30;30;BTC,ETH,SOL,XRP,BNB,TRX,AVAX,DOT,NEAR,ATOM,ALGO,DOGE,BCH,LTC,XLM,ETC,LINK,UNI,AAVE,INJ,FIL,VET,FET,GRT,THETA,XTZ,SAND,CHZ,DASH,HBAR;TON,SUI,ICP,MKR,RENDER,RNDR,ARB,OP,MATIC,POL,APT,SEI,EOS,MANA;CHZ,DASH,HBAR;1440;72;0,8;336;3,0;0,5;10,0;8760,0;7,414171866743851;0,4403702378296426;0,4213976795762114;1,0450229300562626;-0,3198258075342592;0,0033051709301415;167;117,70588235294116;0,518840579710145
crypto;ADA;priority_with_coverage_fallback;30;30;BTC,ETH,SOL,XRP,BNB,TRX,AVAX,DOT,NEAR,ATOM,ALGO,DOGE,BCH,LTC,XLM,ETC,LINK,UNI,AAVE,INJ,FIL,VET,FET,GRT,THETA,XTZ,SAND,CHZ,DASH,HBAR;TON,SUI,ICP,MKR,RENDER,RNDR,ARB,OP,MATIC,POL,APT,SEI,EOS,MANA;CHZ,DASH,HBAR;1440;72;0,8;336;3,0;0,75;10,0;8760,0;9,825804763238017;0,5039210921407264;0,4006341454404374;1,2578086463068203;-0,2713747635815897;0,0035007431745286;177;90,88888888888889;0,5213936430317848
crypto;ADA;priority_with_coverage_fallback;30;30;BTC,ETH,SOL,XRP,BNB,TRX,AVAX,DOT,NEAR,ATOM,ALGO,DOGE,BCH,LTC,XLM,ETC,LINK,UNI,AAVE,INJ,FIL,VET,FET,GRT,THETA,XTZ,SAND,CHZ,DASH,HBAR;TON,SUI,ICP,MKR,RENDER,RNDR,ARB,OP,MATIC,POL,APT,SEI,EOS,MANA;CHZ,DASH,HBAR;1440;72;0,8;336;3,0;1,0;10,0;8760,0;5,9334961046084045;0,3933910781828065;0,3770104935523084;1,0434486172418045;-0,29252774613611;0,0035789720722835;181;75,6304347826087;0,5198332854268468
crypto;ADA;priority_with_coverage_fallback;30;30;BTC,ETH,SOL,XRP,BNB,TRX,AVAX,DOT,NEAR,ATOM,ALGO,DOGE,BCH,LTC,XLM,ETC,LINK,UNI,AAVE,INJ,FIL,VET,FET,GRT,THETA,XTZ,SAND,CHZ,DASH,HBAR;TON,SUI,ICP,MKR,RENDER,RNDR,ARB,OP,MATIC,POL,APT,SEI,EOS,MANA;CHZ,DASH,HBAR;1440;168;0,8;336;1,0;0,25;10,0;8760,0;13,979274906669062;0,5899614482832647;0,7645997872618259;0,7715950986541945;-0,5933385314504618;0,0141007588203082;684;102,46537396121884;0,5038388753717221
crypto;ADA;priority_with_coverage_fallback;30;30;BTC,ETH,SOL,XRP,BNB,TRX,AVAX,DOT,NEAR,ATOM,ALGO,DOGE,BCH,LTC,XLM,ETC,LINK,UNI,AAVE,INJ,FIL,VET,FET,GRT,THETA,XTZ,SAND,CHZ,DASH,HBAR;TON,SUI,ICP,MKR,RENDER,RNDR,ARB,OP,MATIC,POL,APT,SEI,EOS,MANA;CHZ,DASH,HBAR;1440;168;0,8;336;1,0;0,5;10,0;8760,0;7,126468256283166;0,4318105364573996;0,7352748357197963;0,5872777300132668;-0,6639104805915498;0,0184815770945787;921;70,34038054968288;0,5050945267650506
crypto;ADA;priority_with_coverage_fallback;30;30;BTC,ETH,SOL,XRP,BNB,TRX,AVAX,DOT,NEAR,ATOM,ALGO,DOGE,BCH,LTC,XLM,ETC,LINK,UNI,AAVE,INJ,FIL,VET,FET,GRT,THETA,XTZ,SAND,CHZ,DASH,HBAR;TON,SUI,ICP,MKR,RENDER,RNDR,ARB,OP,MATIC,POL,APT,SEI,EOS,MANA;CHZ,DASH,HBAR;1440;168;0,8;336;1,0;0,75;10,0;8760,0;5,519030776385388;0,3787543131077417;0,7122022825716529;0,5318072159781885;-0,6833514354159327;0,0265391535633262;1339;43,96465390279823;0,5063312340881683
crypto;ADA;priority_with_coverage_fallback;30;30;BTC,ETH,SOL,XRP,BNB,TRX,AVAX,DOT,NEAR,ATOM,ALGO,DOGE,BCH,LTC,XLM,ETC,LINK,UNI,AAVE,INJ,FIL,VET,FET,GRT,THETA,XTZ,SAND,CHZ,DASH,HBAR;TON,SUI,ICP,MKR,RENDER,RNDR,ARB,OP,MATIC,POL,APT,SEI,EOS,MANA;CHZ,DASH,HBAR;1440;168;0,8;336;1,5;0,25;10,0;8760,0;29,0716110777147;0,7915944407602495;0,7314606573892172;1,0822105505792563;-0,4341241849435575;0,010032856137057;491;125,28015564202336;0,5063825822281579
crypto;ADA;priority_with_coverage_fallback;30;30;BTC,ETH,SOL,XRP,BNB,TRX,AVAX,DOT,NEAR,ATOM,ALGO,DOGE,BCH,LTC,XLM,ETC,LINK,UNI,AAVE,INJ,FIL,VET,FET,GRT,THETA,XTZ,SAND,CHZ,DASH,HBAR;TON,SUI,ICP,MKR,RENDER,RNDR,ARB,OP,MATIC,POL,APT,SEI,EOS,MANA;CHZ,DASH,HBAR;1440;168;0,8;336;1,5;0,5;10,0;8760,0;23,136044974652737;0,7253616298485726;0,6987295552492931;1,038114996566558;-0,453759141344331;0,0117538918876633;587;92,42857142857144;0,5079975558031703
crypto;ADA;priority_with_coverage_fallback;30;30;BTC,ETH,SOL,XRP,BNB,TRX,AVAX,DOT,NEAR,ATOM,ALGO,DOGE,BCH,LTC,XLM,ETC,LINK,UNI,AAVE,INJ,FIL,VET,FET,GRT,THETA,XTZ,SAND,CHZ,DASH,HBAR;TON,SUI,ICP,MKR,RENDER,RNDR,ARB,OP,MATIC,POL,APT,SEI,EOS,MANA;CHZ,DASH,HBAR;1440;168;0,8;336;1,5;0,75;10,0;8760,0;38,48185933593316;0,8771409734512652;0,6613668903316489;1,3262547404080272;-0,4729669338500597;0,013709614331534;690;67,82621082621083;0,5113622043936658
crypto;ADA;priority_with_coverage_fallback;30;30;BTC,ETH,SOL,XRP,BNB,TRX,AVAX,DOT,NEAR,ATOM,ALGO,DOGE,BCH,LTC,XLM,ETC,LINK,UNI,AAVE,INJ,FIL,VET,FET,GRT,THETA,XTZ,SAND,CHZ,DASH,HBAR;TON,SUI,ICP,MKR,RENDER,RNDR,ARB,OP,MATIC,POL,APT,SEI,EOS,MANA;CHZ,DASH,HBAR;1440;168;0,8;336;1,5;1,0;10,0;8760,0;11,005573183238166;0,5308099151374492;0,6130089220843178;0,8659089550158908;-0,4813747853390646;0,0163693968551983;829;48,066825775656326;0,51266137040715
crypto;ADA;priority_with_coverage_fallback;30;30;BTC,ETH,SOL,XRP,BNB,TRX,AVAX,DOT,NEAR,ATOM,ALGO,DOGE,BCH,LTC,XLM,ETC,LINK,UNI,AAVE,INJ,FIL,VET,FET,GRT,THETA,XTZ,SAND,CHZ,DASH,HBAR;TON,SUI,ICP,MKR,RENDER,RNDR,ARB,OP,MATIC,POL,APT,SEI,EOS,MANA;CHZ,DASH,HBAR;1440;168;0,8;336;2,0;0,25;10,0;8760,0;20,380853223942765;0,6899023077518416;0,6709069240765455;1,0283129939394229;-0,486047939159255;0,0070601580223734;348;148,9281767955801;0,5056017213236386
crypto;ADA;priority_with_coverage_fallback;30;30;BTC,ETH,SOL,XRP,BNB,TRX,AVAX,DOT,NEAR,ATOM,ALGO,DOGE,BCH,LTC,XLM,ETC,LINK,UNI,AAVE,INJ,FIL,VET,FET,GRT,THETA,XTZ,SAND,CHZ,DASH,HBAR;TON,SUI,ICP,MKR,RENDER,RNDR,ARB,OP,MATIC,POL,APT,SEI,EOS,MANA;CHZ,DASH,HBAR;1440;168;0,8;336;2,0;0,5;10,0;8760,0;20,10731266080225;0,6861785301120789;0,6353218659314047;1,0800486602269173;-0,5059909240915698;0,0078815614487991;394;113,76732673267328;0,507027544493277
crypto;ADA;priority_with_coverage_fallback;30;30;BTC,ETH,SOL,XRP,BNB,TRX,AVAX,DOT,NEAR,ATOM,ALGO,DOGE,BCH,LTC,XLM,ETC,LINK,UNI,AAVE,INJ,FIL,VET,FET,GRT,THETA,XTZ,SAND,CHZ,DASH,HBAR;TON,SUI,ICP,MKR,RENDER,RNDR,ARB,OP,MATIC,POL,APT,SEI,EOS,MANA;CHZ,DASH,HBAR;1440;168;0,8;336;2,0;0,75;10,0;8760,0;12,877072873850048;0,5692781939042773;0,5852007473027101;0,9727912968809036;-0,4206257699538913;0,0085465070797152;431;86,05479452054794;0,5116205030245145
crypto;ADA;priority_with_coverage_fallback;30;30;BTC,ETH,SOL,XRP,BNB,TRX,AVAX,DOT,NEAR,ATOM,ALGO,DOGE,BCH,LTC,XLM,ETC,LINK,UNI,AAVE,INJ,FIL,VET,FET,GRT,THETA,XTZ,SAND,CHZ,DASH,HBAR;TON,SUI,ICP,MKR,RENDER,RNDR,ARB,OP,MATIC,POL,APT,SEI,EOS,MANA;CHZ,DASH,HBAR;1440;168;0,8;336;2,0;1,0;10,0;8760,0;4,160418085115261;0,3246406906504286;0,5277277927463654;0,6151669385479122;-0,4073826843720171;0,009094109363999;462;66,6824034334764;0,5121323292784965
crypto;ADA;priority_with_coverage_fallback;30;30;BTC,ETH,SOL,XRP,BNB,TRX,AVAX,DOT,NEAR,ATOM,ALGO,DOGE,BCH,LTC,XLM,ETC,LINK,UNI,AAVE,INJ,FIL,VET,FET,GRT,THETA,XTZ,SAND,CHZ,DASH,HBAR;TON,SUI,ICP,MKR,RENDER,RNDR,ARB,OP,MATIC,POL,APT,SEI,EOS,MANA;CHZ,DASH,HBAR;1440;168;0,8;336;2,5;0,25;10,0;8760,0;31,25412098021455;0,8132294262106801;0,5915449843303983;1,3747550021596724;-0,376994688571155;0,0047915199874833;237;168,6341463414634;0,5060746311831067
crypto;ADA;priority_with_coverage_fallback;30;30;BTC,ETH,SOL,XRP,BNB,TRX,AVAX,DOT,NEAR,ATOM,ALGO,DOGE,BCH,LTC,XLM,ETC,LINK,UNI,AAVE,INJ,FIL,VET,FET,GRT,THETA,XTZ,SAND,CHZ,DASH,HBAR;TON,SUI,ICP,MKR,RENDER,RNDR,ARB,OP,MATIC,POL,APT,SEI,EOS,MANA;CHZ,DASH,HBAR;1440;168;0,8;336;2,5;0,5;10,0;8760,0;25,43128456652454;0,7524237526881812;0,559442682602665;1,3449523536311545;-0,3769946885711553;0,0050653211296252;253;133,0076923076923;0,5072581111560928
crypto;ADA;priority_with_coverage_fallback;30;30;BTC,ETH,SOL,XRP,BNB,TRX,AVAX,DOT,NEAR,ATOM,ALGO,DOGE,BCH,LTC,XLM,ETC,LINK,UNI,AAVE,INJ,FIL,VET,FET,GRT,THETA,XTZ,SAND,CHZ,DASH,HBAR;TON,SUI,ICP,MKR,RENDER,RNDR,ARB,OP,MATIC,POL,APT,SEI,EOS,MANA;CHZ,DASH,HBAR;1440;168;0,8;336;2,5;0,75;10,0;8760,0;13,085042709712578;0,5732825537997364;0,5187539165032824;1,1051146517871329;-0,376994688571155;0,0053000078228897;268;103,38235294117646;0,5120910384068279
crypto;ADA;priority_with_coverage_fallback;30;30;BTC,ETH,SOL,XRP,BNB,TRX,AVAX,DOT,NEAR,ATOM,ALGO,DOGE,BCH,LTC,XLM,ETC,LINK,UNI,AAVE,INJ,FIL,VET,FET,GRT,THETA,XTZ,SAND,CHZ,DASH,HBAR;TON,SUI,ICP,MKR,RENDER,RNDR,ARB,OP,MATIC,POL,APT,SEI,EOS,MANA;CHZ,DASH,HBAR;1440;168;0,8;336;2,5;1,0;10,0;8760,0;4,4176011512114535;0,3357241062441816;0,4651117244883687;0,7218138966793068;-0,3769946885711547;0,0055738089650316;284;79,3076923076923;0,5145048937483467
crypto;ADA;priority_with_coverage_fallback;30;30;BTC,ETH,SOL,XRP,BNB,TRX,AVAX,DOT,NEAR,ATOM,ALGO,DOGE,BCH,LTC,XLM,ETC,LINK,UNI,AAVE,INJ,FIL,VET,FET,GRT,THETA,XTZ,SAND,CHZ,DASH,HBAR;TON,SUI,ICP,MKR,RENDER,RNDR,ARB,OP,MATIC,POL,APT,SEI,EOS,MANA;CHZ,DASH,HBAR;1440;168;0,8;336;3,0;0,25;10,0;8760,0;6,451526755000677;0,4106984221958205;0,465875199619685;0,8815631794332307;-0,3556520332897405;0,0033051709301415;166;176,16470588235293;0,5102177106985442
crypto;ADA;priority_with_coverage_fallback;30;30;BTC,ETH,SOL,XRP,BNB,TRX,AVAX,DOT,NEAR,ATOM,ALGO,DOGE,BCH,LTC,XLM,ETC,LINK,UNI,AAVE,INJ,FIL,VET,FET,GRT,THETA,XTZ,SAND,CHZ,DASH,HBAR;TON,SUI,ICP,MKR,RENDER,RNDR,ARB,OP,MATIC,POL,APT,SEI,EOS,MANA;CHZ,DASH,HBAR;1440;168;0,8;336;3,0;0,5;10,0;8760,0;5,10487981993377;0,3633369784600422;0,435423847567947;0,8344443706734371;-0,3556520332897406;0,0034616287256512;175;137,04494382022472;0,5109453144215791
crypto;ADA;priority_with_coverage_fallback;30;30;BTC,ETH,SOL,XRP,BNB,TRX,AVAX,DOT,NEAR,ATOM,ALGO,DOGE,BCH,LTC,XLM,ETC,LINK,UNI,AAVE,INJ,FIL,VET,FET,GRT,THETA,XTZ,SAND,CHZ,DASH,HBAR;TON,SUI,ICP,MKR,RENDER,RNDR,ARB,OP,MATIC,POL,APT,SEI,EOS,MANA;CHZ,DASH,HBAR;1440;168;0,8;336;3,0;0,75;10,0;8760,0;4,166853992058773;0,3249235756869411;0,4033517119509963;0,8055589354394916;-0,3337774730998691;0,003539857623406;180;108,3956043956044;0,5165247364152473
crypto;ADA;priority_with_coverage_fallback;30;30;BTC,ETH,SOL,XRP,BNB,TRX,AVAX,DOT,NEAR,ATOM,ALGO,DOGE,BCH,LTC,XLM,ETC,LINK,UNI,AAVE,INJ,FIL,VET,FET,GRT,THETA,XTZ,SAND,CHZ,DASH,HBAR;TON,SUI,ICP,MKR,RENDER,RNDR,ARB,OP,MATIC,POL,APT,SEI,EOS,MANA;CHZ,DASH,HBAR;1440;168;0,8;336;3,0;1,0;10,0;8760,0;3,0990351496453856;0,2734016461371993;0,373746316301563;0,7315166309668747;-0,3244603799263207;0,0036572009700383;186;85,55319148936171;0,5206416314349664
crypto;ADA;priority_with_coverage_fallback;30;30;BTC,ETH,SOL,XRP,BNB,TRX,AVAX,DOT,NEAR,ATOM,ALGO,DOGE,BCH,LTC,XLM,ETC,LINK,UNI,AAVE,INJ,FIL,VET,FET,GRT,THETA,XTZ,SAND,CHZ,DASH,HBAR;TON,SUI,ICP,MKR,RENDER,RNDR,ARB,OP,MATIC,POL,APT,SEI,EOS,MANA;CHZ,DASH,HBAR;1440;336;0,8;336;1,0;0,25;10,0;8760,0;5,474686540668055;0,3771430006908214;0,8574379233873091;0,4398487521999467;-0,5624376562956045;0,0128490964562309;614;117,37386018237082;0,501579656101098
crypto;ADA;priority_with_coverage_fallback;30;30;BTC,ETH,SOL,XRP,BNB,TRX,AVAX,DOT,NEAR,ATOM,ALGO,DOGE,BCH,LTC,XLM,ETC,LINK,UNI,AAVE,INJ,FIL,VET,FET,GRT,THETA,XTZ,SAND,CHZ,DASH,HBAR;TON,SUI,ICP,MKR,RENDER,RNDR,ARB,OP,MATIC,POL,APT,SEI,EOS,MANA;CHZ,DASH,HBAR;1440;336;0,8;336;1,0;0,5;10,0;8760,0;5,592167270052106;0,3813920992117885;0,8249501806068511;0,4623213718569384;-0,5295351501111132;0,0163302824063208;806;83,6842105263158;0,5013436249285306
crypto;ADA;priority_with_coverage_fallback;30;30;BTC,ETH,SOL,XRP,BNB,TRX,AVAX,DOT,NEAR,ATOM,ALGO,DOGE,BCH,LTC,XLM,ETC,LINK,UNI,AAVE,INJ,FIL,VET,FET,GRT,THETA,XTZ,SAND,CHZ,DASH,HBAR;TON,SUI,ICP,MKR,RENDER,RNDR,ARB,OP,MATIC,POL,APT,SEI,EOS,MANA;CHZ,DASH,HBAR;1440;336;0,8;336;1,0;0,75;10,0;8760,0;4,736441715888923;0,348874744871452;0,7999514864614794;0,4361198782374555;-0,5594103063642957;0,0228623953688492;1144;53,20683760683761;0,501220844310223
crypto;ADA;priority_with_coverage_fallback;30;30;BTC,ETH,SOL,XRP,BNB,TRX,AVAX,DOT,NEAR,ATOM,ALGO,DOGE,BCH,LTC,XLM,ETC,LINK,UNI,AAVE,INJ,FIL,VET,FET,GRT,THETA,XTZ,SAND,CHZ,DASH,HBAR;TON,SUI,ICP,MKR,RENDER,RNDR,ARB,OP,MATIC,POL,APT,SEI,EOS,MANA;CHZ,DASH,HBAR;1440;336;0,8;336;1,5;0,25;10,0;8760,0;15,716338418658882;0,6201309391811733;0,8291294656538887;0,7479301663608231;-0,5624376562956044;0,0092896816083861;443;145,02100840336135;0,5023902651021295
crypto;ADA;priority_with_coverage_fallback;30;30;BTC,ETH,SOL,XRP,BNB,TRX,AVAX,DOT,NEAR,ATOM,ALGO,DOGE,BCH,LTC,XLM,ETC,LINK,UNI,AAVE,INJ,FIL,VET,FET,GRT,THETA,XTZ,SAND,CHZ,DASH,HBAR;TON,SUI,ICP,MKR,RENDER,RNDR,ARB,OP,MATIC,POL,APT,SEI,EOS,MANA;CHZ,DASH,HBAR;1440;336;0,8;336;1,5;0,5;10,0;8760,0;14,80041202748027;0,6045653663600401;0,7953640457588057;0,7601115106771807;-0,5041575133604657;0,010697801767973;526;110,5948905109489;0,5023925023925024
crypto;ADA;priority_with_coverage_fallback;30;30;BTC,ETH,SOL,XRP,BNB,TRX,AVAX,DOT,NEAR,ATOM,ALGO,DOGE,BCH,LTC,XLM,ETC,LINK,UNI,AAVE,INJ,FIL,VET,FET,GRT,THETA,XTZ,SAND,CHZ,DASH,HBAR;TON,SUI,ICP,MKR,RENDER,RNDR,ARB,OP,MATIC,POL,APT,SEI,EOS,MANA;CHZ,DASH,HBAR;1440;336;0,8;336;1,5;0,75;10,0;8760,0;8,551092373220598;0,4719869107128569;0,7209706755713996;0,6546547962422846;-0,4653687087569794;0,012575295314089;629;80,77950310559007;0,5029410633962554
crypto;ADA;priority_with_coverage_fallback;30;30;BTC,ETH,SOL,XRP,BNB,TRX,AVAX,DOT,NEAR,ATOM,ALGO,DOGE,BCH,LTC,XLM,ETC,LINK,UNI,AAVE,INJ,FIL,VET,FET,GRT,THETA,XTZ,SAND,CHZ,DASH,HBAR;TON,SUI,ICP,MKR,RENDER,RNDR,ARB,OP,MATIC,POL,APT,SEI,EOS,MANA;CHZ,DASH,HBAR;1440;336;0,8;336;1,5;1,0;10,0;8760,0;7,415461299336698;0,4404080511797594;0,687206549135878;0,6408670751661881;-0,4887661497228466;0,0152350778377532;765;57,02307692307692;0,5033050047214354
crypto;ADA;priority_with_coverage_fallback;30;30;BTC,ETH,SOL,XRP,BNB,TRX,AVAX,DOT,NEAR,ATOM,ALGO,DOGE,BCH,LTC,XLM,ETC,LINK,UNI,AAVE,INJ,FIL,VET,FET,GRT,THETA,XTZ,SAND,CHZ,DASH,HBAR;TON,SUI,ICP,MKR,RENDER,RNDR,ARB,OP,MATIC,POL,APT,SEI,EOS,MANA;CHZ,DASH,HBAR;1440;336;0,8;336;2,0;0,25;10,0;8760,0;8,377749299447665;0,4673752360480296;0,7877940366874249;0,5932708478135782;-0,5624376562956046;0,0067081279824767;321;175,58139534883722;0,5033443708609272
crypto;ADA;priority_with_coverage_fallback;30;30;BTC,ETH,SOL,XRP,BNB,TRX,AVAX,DOT,NEAR,ATOM,ALGO,DOGE,BCH,LTC,XLM,ETC,LINK,UNI,AAVE,INJ,FIL,VET,FET,GRT,THETA,XTZ,SAND,CHZ,DASH,HBAR;TON,SUI,ICP,MKR,RENDER,RNDR,ARB,OP,MATIC,POL,APT,SEI,EOS,MANA;CHZ,DASH,HBAR;1440;336;0,8;336;2,0;0,5;10,0;8760,0;7,50321764065839;0,4429703442740544;0,7153053379830625;0,6192744842686235;-0,4514035520610087;0,007490416960025;367;131,20833333333334;0,5034534772943792
crypto;ADA;priority_with_coverage_fallback;30;30;BTC,ETH,SOL,XRP,BNB,TRX,AVAX,DOT,NEAR,ATOM,ALGO,DOGE,BCH,LTC,XLM,ETC,LINK,UNI,AAVE,INJ,FIL,VET,FET,GRT,THETA,XTZ,SAND,CHZ,DASH,HBAR;TON,SUI,ICP,MKR,RENDER,RNDR,ARB,OP,MATIC,POL,APT,SEI,EOS,MANA;CHZ,DASH,HBAR;1440;336;0,8;336;2,0;0,75;10,0;8760,0;6,234308183976017;0,4035665203014169;0,6573036641286837;0,6139727226933709;-0,534912825978734;0,0083509348353281;418;98,10747663551402;0,5056918313884258
crypto;ADA;priority_with_coverage_fallback;30;30;BTC,ETH,SOL,XRP,BNB,TRX,AVAX,DOT,NEAR,ATOM,ALGO,DOGE,BCH,LTC,XLM,ETC,LINK,UNI,AAVE,INJ,FIL,VET,FET,GRT,THETA,XTZ,SAND,CHZ,DASH,HBAR;TON,SUI,ICP,MKR,RENDER,RNDR,ARB,OP,MATIC,POL,APT,SEI,EOS,MANA;CHZ,DASH,HBAR;1440;336;0,8;336;2,0;1,0;10,0;8760,0;2,038359093364915;0,2097241520382269;0,5804152084133944;0,3613346945396599;-0,6375632744103119;0,0088594226707345;445;76,431718061674;0,5049567723342939
crypto;ADA;priority_with_coverage_fallback;30;30;BTC,ETH,SOL,XRP,BNB,TRX,AVAX,DOT,NEAR,ATOM,ALGO,DOGE,BCH,LTC,XLM,ETC,LINK,UNI,AAVE,INJ,FIL,VET,FET,GRT,THETA,XTZ,SAND,CHZ,DASH,HBAR;TON,SUI,ICP,MKR,RENDER,RNDR,ARB,OP,MATIC,POL,APT,SEI,EOS,MANA;CHZ,DASH,HBAR;1440;336;0,8;336;2,5;0,25;10,0;8760,0;14,755560560236525;0,6037841193568354;0,7290605614275377;0,8281673036525187;-0,4240190207145156;0,0048306344363607;233;201,4032258064516;0,5074877872987907
crypto;ADA;priority_with_coverage_fallback;30;30;BTC,ETH,SOL,XRP,BNB,TRX,AVAX,DOT,NEAR,ATOM,ALGO,DOGE,BCH,LTC,XLM,ETC,LINK,UNI,AAVE,INJ,FIL,VET,FET,GRT,THETA,XTZ,SAND,CHZ,DASH,HBAR;TON,SUI,ICP,MKR,RENDER,RNDR,ARB,OP,MATIC,POL,APT,SEI,EOS,MANA;CHZ,DASH,HBAR;1440;336;0,8;336;2,5;0,5;10,0;8760,0;6,778828980425295;0,4211259524607147;0,6496630946487459;0,6482220645277771;-0,3986714301599262;0,0052217789251349;258;145,83582089552235;0,5067035103878825
crypto;ADA;priority_with_coverage_fallback;30;30;BTC,ETH,SOL,XRP,BNB,TRX,AVAX,DOT,NEAR,ATOM,ALGO,DOGE,BCH,LTC,XLM,ETC,LINK,UNI,AAVE,INJ,FIL,VET,FET,GRT,THETA,XTZ,SAND,CHZ,DASH,HBAR;TON,SUI,ICP,MKR,RENDER,RNDR,ARB,OP,MATIC,POL,APT,SEI,EOS,MANA;CHZ,DASH,HBAR;1440;336;0,8;336;2,5;0,75;10,0;8760,0;7,879666553329919;0,453719229030326;0,5902860367716531;0,7686429980823741;-0,4618997239139377;0,0057302667605413;288;107,70068027210884;0,5101692774128348
crypto;ADA;priority_with_coverage_fallback;30;30;BTC,ETH,SOL,XRP,BNB,TRX,AVAX,DOT,NEAR,ATOM,ALGO,DOGE,BCH,LTC,XLM,ETC,LINK,UNI,AAVE,INJ,FIL,VET,FET,GRT,THETA,XTZ,SAND,CHZ,DASH,HBAR;TON,SUI,ICP,MKR,RENDER,RNDR,ARB,OP,MATIC,POL,APT,SEI,EOS,MANA;CHZ,DASH,HBAR;1440;336;0,8;336;2,5;1,0;10,0;8760,0;1,811400593270796;0,1937407512580762;0,5022903640652068;0,3857146485751118;-0,4850656747715322;0,005886724556051;297;82,45695364238411;0,5126495863786041
crypto;ADA;priority_with_coverage_fallback;30;30;BTC,ETH,SOL,XRP,BNB,TRX,AVAX,DOT,NEAR,ATOM,ALGO,DOGE,BCH,LTC,XLM,ETC,LINK,UNI,AAVE,INJ,FIL,VET,FET,GRT,THETA,XTZ,SAND,CHZ,DASH,HBAR;TON,SUI,ICP,MKR,RENDER,RNDR,ARB,OP,MATIC,POL,APT,SEI,EOS,MANA;CHZ,DASH,HBAR;1440;336;0,8;336;3,0;0,25;10,0;8760,0;5,511038164683335;0,3784645623217479;0,6383863528108882;0,592845634395731;-0,5164020667054475;0,0031487131346319;154;224,39506172839504;0,5050616197183099
crypto;ADA;priority_with_coverage_fallback;30;30;BTC,ETH,SOL,XRP,BNB,TRX,AVAX,DOT,NEAR,ATOM,ALGO,DOGE,BCH,LTC,XLM,ETC,LINK,UNI,AAVE,INJ,FIL,VET,FET,GRT,THETA,XTZ,SAND,CHZ,DASH,HBAR;TON,SUI,ICP,MKR,RENDER,RNDR,ARB,OP,MATIC,POL,APT,SEI,EOS,MANA;CHZ,DASH,HBAR;1440;336;0,8;336;3,0;0,5;10,0;8760,0;2,549749771526281;0,2423975445802584;0,5462273039687091;0,4437668033419001;-0,511261192609314;0,003344285379019;167;158,91860465116278;0,5055242555059632
crypto;ADA;priority_with_coverage_fallback;30;30;BTC,ETH,SOL,XRP,BNB,TRX,AVAX,DOT,NEAR,ATOM,ALGO,DOGE,BCH,LTC,XLM,ETC,LINK,UNI,AAVE,INJ,FIL,VET,FET,GRT,THETA,XTZ,SAND,CHZ,DASH,HBAR;TON,SUI,ICP,MKR,RENDER,RNDR,ARB,OP,MATIC,POL,APT,SEI,EOS,MANA;CHZ,DASH,HBAR;1440;336;0,8;336;3,0;0,75;10,0;8760,0;2,8262374785271898;0,2584652708197446;0,4885528505360613;0,5290426010945292;-0,5122020578423758;0,003539857623406;179;124,42857142857144;0,5080808972887044
crypto;ADA;priority_with_coverage_fallback;30;30;BTC,ETH,SOL,XRP,BNB,TRX,AVAX,DOT,NEAR,ATOM,ALGO,DOGE,BCH,LTC,XLM,ETC,LINK,UNI,AAVE,INJ,FIL,VET,FET,GRT,THETA,XTZ,SAND,CHZ,DASH,HBAR;TON,SUI,ICP,MKR,RENDER,RNDR,ARB,OP,MATIC,POL,APT,SEI,EOS,MANA;CHZ,DASH,HBAR;1440;336;0,8;336;3,0;1,0;10,0;8760,0;1,075706399383181;0,1332801294040528;0,4503567172372812;0,2959434694827279;-0,512297631505648;0,0036180865211609;183;94,61290322580643;0,5126718945334697
crypto;AVAX;priority_with_coverage_fallback;30;30;BTC,ETH,SOL,XRP,BNB,TRX,ADA,DOT,NEAR,ATOM,ALGO,DOGE,BCH,LTC,XLM,ETC,LINK,UNI,AAVE,INJ,FIL,VET,FET,GRT,THETA,XTZ,SAND,CHZ,DASH,HBAR;TON,SUI,ICP,MKR,RENDER,RNDR,ARB,OP,MATIC,POL,APT,SEI,EOS,MANA;CHZ,DASH,HBAR;1440;24;0,8;336;1,0;0,25;10,0;8760,0;20,834232263324697;0,8023601734754264;0,9145264419639776;0,8773504369674974;-0,6998117869514242;0,0174692488877257;785;78,49376558603491;0,5080060998856272
crypto;AVAX;priority_with_coverage_fallback;30;30;BTC,ETH,SOL,XRP,BNB,TRX,ADA,DOT,NEAR,ATOM,ALGO,DOGE,BCH,LTC,XLM,ETC,LINK,UNI,AAVE,INJ,FIL,VET,FET,GRT,THETA,XTZ,SAND,CHZ,DASH,HBAR;TON,SUI,ICP,MKR,RENDER,RNDR,ARB,OP,MATIC,POL,APT,SEI,EOS,MANA;CHZ,DASH,HBAR;1440;24;0,8;336;1,0;0,5;10,0;8760,0;33,51208049914225;0,9671096156036616;0,8807186225490465;1,0980914798923809;-0,646882415671812;0,022572624967286;1024;53,96138996138996;0,5089796794504865
crypto;AVAX;priority_with_coverage_fallback;30;30;BTC,ETH,SOL,XRP,BNB,TRX,ADA,DOT,NEAR,ATOM,ALGO,DOGE,BCH,LTC,XLM,ETC,LINK,UNI,AAVE,INJ,FIL,VET,FET,GRT,THETA,XTZ,SAND,CHZ,DASH,HBAR;TON,SUI,ICP,MKR,RENDER,RNDR,ARB,OP,MATIC,POL,APT,SEI,EOS,MANA;CHZ,DASH,HBAR;1440;24;0,8;336;1,0;0,75;10,0;8760,0;21,377257234835668;0,81083915015377;0,84221242885497;0,9627489720807688;-0,6620875664266803;0,031645293553171;1446;34,43526170798898;0,50832
crypto;AVAX;priority_with_coverage_fallback;30;30;BTC,ETH,SOL,XRP,BNB,TRX,ADA,DOT,NEAR,ATOM,ALGO,DOGE,BCH,LTC,XLM,ETC,LINK,UNI,AAVE,INJ,FIL,VET,FET,GRT,THETA,XTZ,SAND,CHZ,DASH,HBAR;TON,SUI,ICP,MKR,RENDER,RNDR,ARB,OP,MATIC,POL,APT,SEI,EOS,MANA;CHZ,DASH,HBAR;1440;24;0,8;336;1,5;0,25;10,0;8760,0;40,814711141164935;1,0405820163130484;0,8341862511688937;1,2474216817346786;-0,6127648591905237;0,0117115938236063;531;96,8996282527881;0,50947594567636
crypto;AVAX;priority_with_coverage_fallback;30;30;BTC,ETH,SOL,XRP,BNB,TRX,ADA,DOT,NEAR,ATOM,ALGO,DOGE,BCH,LTC,XLM,ETC,LINK,UNI,AAVE,INJ,FIL,VET,FET,GRT,THETA,XTZ,SAND,CHZ,DASH,HBAR;TON,SUI,ICP,MKR,RENDER,RNDR,ARB,OP,MATIC,POL,APT,SEI,EOS,MANA;CHZ,DASH,HBAR;1440;24;0,8;336;1,5;0,5;10,0;8760,0;31,40029131155366;0,943522441800998;0,7970623531321387;1,183749851054098;-0,6173258592676294;0,0129111052952979;588;76,53378378378379;0,5085194667608369
crypto;AVAX;priority_with_coverage_fallback;30;30;BTC,ETH,SOL,XRP,BNB,TRX,ADA,DOT,NEAR,ATOM,ALGO,DOGE,BCH,LTC,XLM,ETC,LINK,UNI,AAVE,INJ,FIL,VET,FET,GRT,THETA,XTZ,SAND,CHZ,DASH,HBAR;TON,SUI,ICP,MKR,RENDER,RNDR,ARB,OP,MATIC,POL,APT,SEI,EOS,MANA;CHZ,DASH,HBAR;1440;24;0,8;336;1,5;0,75;10,0;8760,0;14,51671707552023;0,6885023555707943;0,7639069404447391;0,9012908760456544;-0,6411276147427943;0,0148303236500043;679;58,326470588235296;0,5084463718420654
crypto;AVAX;priority_with_coverage_fallback;30;30;BTC,ETH,SOL,XRP,BNB,TRX,ADA,DOT,NEAR,ATOM,ALGO,DOGE,BCH,LTC,XLM,ETC,LINK,UNI,AAVE,INJ,FIL,VET,FET,GRT,THETA,XTZ,SAND,CHZ,DASH,HBAR;TON,SUI,ICP,MKR,RENDER,RNDR,ARB,OP,MATIC,POL,APT,SEI,EOS,MANA;CHZ,DASH,HBAR;1440;24;0,8;336;1,5;1,0;10,0;8760,0;9,48301793483323;0,5666189143076072;0,7228721239836536;0,7838439130631357;-0,5410544112103703;0,0182325743697112;835;40,67464114832536;0,5094694741795083
crypto;AVAX;priority_with_coverage_fallback;30;30;BTC,ETH,SOL,XRP,BNB,TRX,ADA,DOT,NEAR,ATOM,ALGO,DOGE,BCH,LTC,XLM,ETC,LINK,UNI,AAVE,INJ,FIL,VET,FET,GRT,THETA,XTZ,SAND,CHZ,DASH,HBAR;TON,SUI,ICP,MKR,RENDER,RNDR,ARB,OP,MATIC,POL,APT,SEI,EOS,MANA;CHZ,DASH,HBAR;1440;24;0,8;336;2,0;0,25;10,0;8760,0;41,71395638502147;1,0488939754266309;0,7698827258466743;1,3624074683233285;-0,6002005621512483;0,0079603943121346;362;115,1639344262295;0,5108896797153025
crypto;AVAX;priority_with_coverage_fallback;30;30;BTC,ETH,SOL,XRP,BNB,TRX,ADA,DOT,NEAR,ATOM,ALGO,DOGE,BCH,LTC,XLM,ETC,LINK,UNI,AAVE,INJ,FIL,VET,FET,GRT,THETA,XTZ,SAND,CHZ,DASH,HBAR;TON,SUI,ICP,MKR,RENDER,RNDR,ARB,OP,MATIC,POL,APT,SEI,EOS,MANA;CHZ,DASH,HBAR;1440;24;0,8;336;2,0;0,5;10,0;8760,0;37,53576514165056;1,0089931862525026;0,723296682653784;1,3949921387037123;-0,6059949793358332;0,008418389601326;384;92,99481865284974;0,5113104524180967
crypto;AVAX;priority_with_coverage_fallback;30;30;BTC,ETH,SOL,XRP,BNB,TRX,ADA,DOT,NEAR,ATOM,ALGO,DOGE,BCH,LTC,XLM,ETC,LINK,UNI,AAVE,INJ,FIL,VET,FET,GRT,THETA,XTZ,SAND,CHZ,DASH,HBAR;TON,SUI,ICP,MKR,RENDER,RNDR,ARB,OP,MATIC,POL,APT,SEI,EOS,MANA;CHZ,DASH,HBAR;1440;24;0,8;336;2,0;0,75;10,0;8760,0;12,63726058519924;0,6473618761285127;0,6968783132985015;0,9289453607250096;-0,5862163545772703;0,0088981941900026;408;75,7843137254902;0,5108667529107374
crypto;AVAX;priority_with_coverage_fallback;30;30;BTC,ETH,SOL,XRP,BNB,TRX,ADA,DOT,NEAR,ATOM,ALGO,DOGE,BCH,LTC,XLM,ETC,LINK,UNI,AAVE,INJ,FIL,VET,FET,GRT,THETA,XTZ,SAND,CHZ,DASH,HBAR;TON,SUI,ICP,MKR,RENDER,RNDR,ARB,OP,MATIC,POL,APT,SEI,EOS,MANA;CHZ,DASH,HBAR;1440;24;0,8;336;2,0;1,0;10,0;8760,0;8,414197735485835;0,5347610894687593;0,6533419377463552;0,8185010919601611;-0,5774849580625736;0,009726947570444;446;59,31390134529148;0,5099417857412868
crypto;AVAX;priority_with_coverage_fallback;30;30;BTC,ETH,SOL,XRP,BNB,TRX,ADA,DOT,NEAR,ATOM,ALGO,DOGE,BCH,LTC,XLM,ETC,LINK,UNI,AAVE,INJ,FIL,VET,FET,GRT,THETA,XTZ,SAND,CHZ,DASH,HBAR;TON,SUI,ICP,MKR,RENDER,RNDR,ARB,OP,MATIC,POL,APT,SEI,EOS,MANA;CHZ,DASH,HBAR;1440;24;0,8;336;2,5;0,25;10,0;8760,0;117,04383941010651;1,4880709804408228;0,6803770808507541;2,187126848217926;-0,5503276200712796;0,0057794643636046;263;119,21804511278197;0,5145055499495459
crypto;AVAX;priority_with_coverage_fallback;30;30;BTC,ETH,SOL,XRP,BNB,TRX,ADA,DOT,NEAR,ATOM,ALGO,DOGE,BCH,LTC,XLM,ETC,LINK,UNI,AAVE,INJ,FIL,VET,FET,GRT,THETA,XTZ,SAND,CHZ,DASH,HBAR;TON,SUI,ICP,MKR,RENDER,RNDR,ARB,OP,MATIC,POL,APT,SEI,EOS,MANA;CHZ,DASH,HBAR;1440;24;0,8;336;2,5;0,5;10,0;8760,0;82,18854570438037;1,3271646306152842;0,6284103754775525;2,111939398847007;-0,5569063839289161;0,0058885108610311;268;99,1851851851852;0,514637789395071
crypto;AVAX;priority_with_coverage_fallback;30;30;BTC,ETH,SOL,XRP,BNB,TRX,ADA,DOT,NEAR,ATOM,ALGO,DOGE,BCH,LTC,XLM,ETC,LINK,UNI,AAVE,INJ,FIL,VET,FET,GRT,THETA,XTZ,SAND,CHZ,DASH,HBAR;TON,SUI,ICP,MKR,RENDER,RNDR,ARB,OP,MATIC,POL,APT,SEI,EOS,MANA;CHZ,DASH,HBAR;1440;24;0,8;336;2,5;0,75;10,0;8760,0;27,73485414608414;0,8994517079501714;0,6018665832561659;1,4944370280271029;-0,5799827546547178;0,0060193666579429;276;82,81159420289855;0,5152257612880644
crypto;AVAX;priority_with_coverage_fallback;30;30;BTC,ETH,SOL,XRP,BNB,TRX,ADA,DOT,NEAR,ATOM,ALGO,DOGE,BCH,LTC,XLM,ETC,LINK,UNI,AAVE,INJ,FIL,VET,FET,GRT,THETA,XTZ,SAND,CHZ,DASH,HBAR;TON,SUI,ICP,MKR,RENDER,RNDR,ARB,OP,MATIC,POL,APT,SEI,EOS,MANA;CHZ,DASH,HBAR;1440;24;0,8;336;2,5;1,0;10,0;8760,0;17,56524477415959;0,7473688290799392;0,5549403740687935;1,346755190292374;-0,5618706168870806;0,0064119340486783;294;66,40816326530613;0,5142388854742881
crypto;AVAX;priority_with_coverage_fallback;30;30;BTC,ETH,SOL,XRP,BNB,TRX,ADA,DOT,NEAR,ATOM,ALGO,DOGE,BCH,LTC,XLM,ETC,LINK,UNI,AAVE,INJ,FIL,VET,FET,GRT,THETA,XTZ,SAND,CHZ,DASH,HBAR;TON,SUI,ICP,MKR,RENDER,RNDR,ARB,OP,MATIC,POL,APT,SEI,EOS,MANA;CHZ,DASH,HBAR;1440;24;0,8;336;3,0;0,25;10,0;8760,0;39,514644614458874;1,028305725319719;0,5333469509951386;1,928024006514086;-0,5060908345106025;0,0038166274099275;175;123,63636363636364;0,5198529411764706
crypto;AVAX;priority_with_coverage_fallback;30;30;BTC,ETH,SOL,XRP,BNB,TRX,ADA,DOT,NEAR,ATOM,ALGO,DOGE,BCH,LTC,XLM,ETC,LINK,UNI,AAVE,INJ,FIL,VET,FET,GRT,THETA,XTZ,SAND,CHZ,DASH,HBAR;TON,SUI,ICP,MKR,RENDER,RNDR,ARB,OP,MATIC,POL,APT,SEI,EOS,MANA;CHZ,DASH,HBAR;1440;24;0,8;336;3,0;0,5;10,0;8760,0;22,835297290867626;0,8328091806988591;0,513999409157046;1,6202531867977397;-0,50908569266891;0,0038820553083834;178;106,13483146067416;0,5185263603641753
crypto;AVAX;priority_with_coverage_fallback;30;30;BTC,ETH,SOL,XRP,BNB,TRX,ADA,DOT,NEAR,ATOM,ALGO,DOGE,BCH,LTC,XLM,ETC,LINK,UNI,AAVE,INJ,FIL,VET,FET,GRT,THETA,XTZ,SAND,CHZ,DASH,HBAR;TON,SUI,ICP,MKR,RENDER,RNDR,ARB,OP,MATIC,POL,APT,SEI,EOS,MANA;CHZ,DASH,HBAR;1440;24;0,8;336;3,0;0,75;10,0;8760,0;9,240482876654644;0,5596285520467477;0,4914531030061631;1,138722186559741;-0,5211770650780546;0,0038820553083834;178;86,95505617977528;0,5175087220571133
crypto;AVAX;priority_with_coverage_fallback;30;30;BTC,ETH,SOL,XRP,BNB,TRX,ADA,DOT,NEAR,ATOM,ALGO,DOGE,BCH,LTC,XLM,ETC,LINK,UNI,AAVE,INJ,FIL,VET,FET,GRT,THETA,XTZ,SAND,CHZ,DASH,HBAR;TON,SUI,ICP,MKR,RENDER,RNDR,ARB,OP,MATIC,POL,APT,SEI,EOS,MANA;CHZ,DASH,HBAR;1440;24;0,8;336;3,0;1,0;10,0;8760,0;9,125474196385822;0,5562668521790939;0,454399148801196;1,2241811051949527;-0,4915473712322913;0,0041001483032365;188;71,32978723404256;0,5155853840417599
crypto;AVAX;priority_with_coverage_fallback;30;30;BTC,ETH,SOL,XRP,BNB,TRX,ADA,DOT,NEAR,ATOM,ALGO,DOGE,BCH,LTC,XLM,ETC,LINK,UNI,AAVE,INJ,FIL,VET,FET,GRT,THETA,XTZ,SAND,CHZ,DASH,HBAR;TON,SUI,ICP,MKR,RENDER,RNDR,ARB,OP,MATIC,POL,APT,SEI,EOS,MANA;CHZ,DASH,HBAR;1440;72;0,8;336;1,0;0,25;10,0;8760,0;11,632629812557644;0,6242778529608961;0,9714105785349676;0,6426508695246045;-0,7969724812743668;0,0166579338049078;737;83,10994764397905;0,5059216328587628
crypto;AVAX;priority_with_coverage_fallback;30;30;BTC,ETH,SOL,XRP,BNB,TRX,ADA,DOT,NEAR,ATOM,ALGO,DOGE,BCH,LTC,XLM,ETC,LINK,UNI,AAVE,INJ,FIL,VET,FET,GRT,THETA,XTZ,SAND,CHZ,DASH,HBAR;TON,SUI,ICP,MKR,RENDER,RNDR,ARB,OP,MATIC,POL,APT,SEI,EOS,MANA;CHZ,DASH,HBAR;1440;72;0,8;336;1,0;0,5;10,0;8760,0;23,855528077978033;0,8487329883232841;0,9340167873257922;0,9086913638386668;-0,731258500798346;0,021111693301895;949;58,96487603305785;0,5061845194295526
crypto;AVAX;priority_with_coverage_fallback;30;30;BTC,ETH,SOL,XRP,BNB,TRX,ADA,DOT,NEAR,ATOM,ALGO,DOGE,BCH,LTC,XLM,ETC,LINK,UNI,AAVE,INJ,FIL,VET,FET,GRT,THETA,XTZ,SAND,CHZ,DASH,HBAR;TON,SUI,ICP,MKR,RENDER,RNDR,ARB,OP,MATIC,POL,APT,SEI,EOS,MANA;CHZ,DASH,HBAR;1440;72;0,8;336;1,0;0,75;10,0;8760,0;9,000828792635804;0,5533043413905598;0,8997247596654396;0,6149706734716345;-0,6810241833435458;0,0289276045760195;1313;38,50075414781297;0,5049753192823004
crypto;AVAX;priority_with_coverage_fallback;30;30;BTC,ETH,SOL,XRP,BNB,TRX,ADA,DOT,NEAR,ATOM,ALGO,DOGE,BCH,LTC,XLM,ETC,LINK,UNI,AAVE,INJ,FIL,VET,FET,GRT,THETA,XTZ,SAND,CHZ,DASH,HBAR;TON,SUI,ICP,MKR,RENDER,RNDR,ARB,OP,MATIC,POL,APT,SEI,EOS,MANA;CHZ,DASH,HBAR;1440;72;0,8;336;1,5;0,25;10,0;8760,0;7,273729732060122;0,4979940172824126;0,9092117912375902;0,5477205884060952;-0,7754996902114575;0,0108505807353069;483;107,00401606425704;0,5060051043386878
crypto;AVAX;priority_with_coverage_fallback;30;30;BTC,ETH,SOL,XRP,BNB,TRX,ADA,DOT,NEAR,ATOM,ALGO,DOGE,BCH,LTC,XLM,ETC,LINK,UNI,AAVE,INJ,FIL,VET,FET,GRT,THETA,XTZ,SAND,CHZ,DASH,HBAR;TON,SUI,ICP,MKR,RENDER,RNDR,ARB,OP,MATIC,POL,APT,SEI,EOS,MANA;CHZ,DASH,HBAR;1440;72;0,8;336;1,5;0,5;10,0;8760,0;14,526417272074658;0,6896314598140243;0,86682564312525;0,7955826702676094;-0,7048650381517823;0,0120076849183477;537;85,64363636363636;0,5058169157608695
crypto;AVAX;priority_with_coverage_fallback;30;30;BTC,ETH,SOL,XRP,BNB,TRX,ADA,DOT,NEAR,ATOM,ALGO,DOGE,BCH,LTC,XLM,ETC,LINK,UNI,AAVE,INJ,FIL,VET,FET,GRT,THETA,XTZ,SAND,CHZ,DASH,HBAR;TON,SUI,ICP,MKR,RENDER,RNDR,ARB,OP,MATIC,POL,APT,SEI,EOS,MANA;CHZ,DASH,HBAR;1440;72;0,8;336;1,5;0,75;10,0;8760,0;9,202748910934089;0,5592538818952257;0,8334632440052097;0,6710000541928278;-0,6606290219311917;0,0138852501964893;629;64,28301886792453;0,506408374914392
crypto;AVAX;priority_with_coverage_fallback;30;30;BTC,ETH,SOL,XRP,BNB,TRX,ADA,DOT,NEAR,ATOM,ALGO,DOGE,BCH,LTC,XLM,ETC,LINK,UNI,AAVE,INJ,FIL,VET,FET,GRT,THETA,XTZ,SAND,CHZ,DASH,HBAR;TON,SUI,ICP,MKR,RENDER,RNDR,ARB,OP,MATIC,POL,APT,SEI,EOS,MANA;CHZ,DASH,HBAR;1440;72;0,8;336;1,5;1,0;10,0;8760,0;5,7137079980425485;0,4393164780006553;0,7957320424303816;0,5520909735629893;-0,655827206349971;0,0169854161208628;777;45,45244215938303;0,5059668570782195
crypto;AVAX;priority_with_coverage_fallback;30;30;BTC,ETH,SOL,XRP,BNB,TRX,ADA,DOT,NEAR,ATOM,ALGO,DOGE,BCH,LTC,XLM,ETC,LINK,UNI,AAVE,INJ,FIL,VET,FET,GRT,THETA,XTZ,SAND,CHZ,DASH,HBAR;TON,SUI,ICP,MKR,RENDER,RNDR,ARB,OP,MATIC,POL,APT,SEI,EOS,MANA;CHZ,DASH,HBAR;1440;72;0,8;336;2,0;0,25;10,0;8760,0;17,025823562550872;0,7385593845957465;0,8606991822010744;0,8580923508106763;-0,6773977857713027;0,0077504148109335;352;124,91011235955057;0,5076459476477467
crypto;AVAX;priority_with_coverage_fallback;30;30;BTC,ETH,SOL,XRP,BNB,TRX,ADA,DOT,NEAR,ATOM,ALGO,DOGE,BCH,LTC,XLM,ETC,LINK,UNI,AAVE,INJ,FIL,VET,FET,GRT,THETA,XTZ,SAND,CHZ,DASH,HBAR;TON,SUI,ICP,MKR,RENDER,RNDR,ARB,OP,MATIC,POL,APT,SEI,EOS,MANA;CHZ,DASH,HBAR;1440;72;0,8;336;2,0;0,5;10,0;8760,0;16,043551298696656;0,7200277922436524;0,8180893738420533;0,8801334123949477;-0,6232670730111762;0,0082525543620644;376;103,07407407407408;0,5074174837020686
crypto;AVAX;priority_with_coverage_fallback;30;30;BTC,ETH,SOL,XRP,BNB,TRX,ADA,DOT,NEAR,ATOM,ALGO,DOGE,BCH,LTC,XLM,ETC,LINK,UNI,AAVE,INJ,FIL,VET,FET,GRT,THETA,XTZ,SAND,CHZ,DASH,HBAR;TON,SUI,ICP,MKR,RENDER,RNDR,ARB,OP,MATIC,POL,APT,SEI,EOS,MANA;CHZ,DASH,HBAR;1440;72;0,8;336;2,0;0,75;10,0;8760,0;16,45050830281332;0,7278076357319574;0,7739909843521966;0,9403308958968132;-0,6133067512957228;0,0089948476115623;411;80,1747572815534;0,5088399128118188
crypto;AVAX;priority_with_coverage_fallback;30;30;BTC,ETH,SOL,XRP,BNB,TRX,ADA,DOT,NEAR,ATOM,ALGO,DOGE,BCH,LTC,XLM,ETC,LINK,UNI,AAVE,INJ,FIL,VET,FET,GRT,THETA,XTZ,SAND,CHZ,DASH,HBAR;TON,SUI,ICP,MKR,RENDER,RNDR,ARB,OP,MATIC,POL,APT,SEI,EOS,MANA;CHZ,DASH,HBAR;1440;72;0,8;336;2,0;1,0;10,0;8760,0;20,7348276165751;0,8019000003527199;0,7268838152158275;1,103202442490233;-0,6583114457573156;0,0099554624050301;456;61,23245614035088;0,5074851371678246
crypto;AVAX;priority_with_coverage_fallback;30;30;BTC,ETH,SOL,XRP,BNB,TRX,ADA,DOT,NEAR,ATOM,ALGO,DOGE,BCH,LTC,XLM,ETC,LINK,UNI,AAVE,INJ,FIL,VET,FET,GRT,THETA,XTZ,SAND,CHZ,DASH,HBAR;TON,SUI,ICP,MKR,RENDER,RNDR,ARB,OP,MATIC,POL,APT,SEI,EOS,MANA;CHZ,DASH,HBAR;1440;72;0,8;336;2,5;0,25;10,0;8760,0;35,43420179219601;0,9890153487595934;0,7359551964567016;1,3438526604897478;-0,6424226446401446;0,0056108636800279;254;126,54263565891472;0,5120068610634648
crypto;AVAX;priority_with_coverage_fallback;30;30;BTC,ETH,SOL,XRP,BNB,TRX,ADA,DOT,NEAR,ATOM,ALGO,DOGE,BCH,LTC,XLM,ETC,LINK,UNI,AAVE,INJ,FIL,VET,FET,GRT,THETA,XTZ,SAND,CHZ,DASH,HBAR;TON,SUI,ICP,MKR,RENDER,RNDR,ARB,OP,MATIC,POL,APT,SEI,EOS,MANA;CHZ,DASH,HBAR;1440;72;0,8;336;2,5;0,5;10,0;8760,0;31,952293196055372;0,9511701000083932;0,6933122433269293;1,3719216834309844;-0,569933261379464;0,0058073530696009;264;106,66917293233082;0,51222950588567
crypto;AVAX;priority_with_coverage_fallback;30;30;BTC,ETH,SOL,XRP,BNB,TRX,ADA,DOT,NEAR,ATOM,ALGO,DOGE,BCH,LTC,XLM,ETC,LINK,UNI,AAVE,INJ,FIL,VET,FET,GRT,THETA,XTZ,SAND,CHZ,DASH,HBAR;TON,SUI,ICP,MKR,RENDER,RNDR,ARB,OP,MATIC,POL,APT,SEI,EOS,MANA;CHZ,DASH,HBAR;1440;72;0,8;336;2,5;0,75;10,0;8760,0;22,321331733897875;0,8263431481184007;0,6459707633569702;1,2792268551351678;-0,6246246802048985;0,0060256746135708;275;86,34057971014492;0,5145614771296685
crypto;AVAX;priority_with_coverage_fallback;30;30;BTC,ETH,SOL,XRP,BNB,TRX,ADA,DOT,NEAR,ATOM,ALGO,DOGE,BCH,LTC,XLM,ETC,LINK,UNI,AAVE,INJ,FIL,VET,FET,GRT,THETA,XTZ,SAND,CHZ,DASH,HBAR;TON,SUI,ICP,MKR,RENDER,RNDR,ARB,OP,MATIC,POL,APT,SEI,EOS,MANA;CHZ,DASH,HBAR;1440;72;0,8;336;2,5;1,0;10,0;8760,0;13,43061023861394;0,6661450938362479;0,5936953113981401;1,1220319262206906;-0,6517587523500035;0,0063313247751288;290;69,11724137931034;0,5122729994013171
crypto;AVAX;priority_with_coverage_fallback;30;30;BTC,ETH,SOL,XRP,BNB,TRX,ADA,DOT,NEAR,ATOM,ALGO,DOGE,BCH,LTC,XLM,ETC,LINK,UNI,AAVE,INJ,FIL,VET,FET,GRT,THETA,XTZ,SAND,CHZ,DASH,HBAR;TON,SUI,ICP,MKR,RENDER,RNDR,ARB,OP,MATIC,POL,APT,SEI,EOS,MANA;CHZ,DASH,HBAR;1440;72;0,8;336;3,0;0,25;10,0;8760,0;13,853349050480912;0,6753711410110506;0,5820587211025263;1,1603144434152164;-0,6097481807503531;0,0034713125491223;158;142,3875;0,5141778597138091
crypto;AVAX;priority_with_coverage_fallback;30;30;BTC,ETH,SOL,XRP,BNB,TRX,ADA,DOT,NEAR,ATOM,ALGO,DOGE,BCH,LTC,XLM,ETC,LINK,UNI,AAVE,INJ,FIL,VET,FET,GRT,THETA,XTZ,SAND,CHZ,DASH,HBAR;TON,SUI,ICP,MKR,RENDER,RNDR,ARB,OP,MATIC,POL,APT,SEI,EOS,MANA;CHZ,DASH,HBAR;1440;72;0,8;336;3,0;0,5;10,0;8760,0;14,393920242274998;0,6868643181779424;0,5399629429269104;1,272058253580777;-0,5345389920702042;0,0035804733211073;163;120,42682926829268;0,5135189873417721
crypto;AVAX;priority_with_coverage_fallback;30;30;BTC,ETH,SOL,XRP,BNB,TRX,ADA,DOT,NEAR,ATOM,ALGO,DOGE,BCH,LTC,XLM,ETC,LINK,UNI,AAVE,INJ,FIL,VET,FET,GRT,THETA,XTZ,SAND,CHZ,DASH,HBAR;TON,SUI,ICP,MKR,RENDER,RNDR,ARB,OP,MATIC,POL,APT,SEI,EOS,MANA;CHZ,DASH,HBAR;1440;72;0,8;336;3,0;0,75;10,0;8760,0;8,335100047533649;0,5329745208175027;0,4997754529986037;1,0664279680398625;-0,5908226380679369;0,0036241376299013;166;97,59036144578312;0,5153086419753087
crypto;AVAX;priority_with_coverage_fallback;30;30;BTC,ETH,SOL,XRP,BNB,TRX,ADA,DOT,NEAR,ATOM,ALGO,DOGE,BCH,LTC,XLM,ETC,LINK,UNI,AAVE,INJ,FIL,VET,FET,GRT,THETA,XTZ,SAND,CHZ,DASH,HBAR;TON,SUI,ICP,MKR,RENDER,RNDR,ARB,OP,MATIC,POL,APT,SEI,EOS,MANA;CHZ,DASH,HBAR;1440;72;0,8;336;3,0;1,0;10,0;8760,0;4,4851778018093365;0,3847455595491993;0,4609166673113795;0,8347399580785356;-0,6076463694766778;0,0036678019386953;168;79,14285714285714;0,5124849578820698
crypto;AVAX;priority_with_coverage_fallback;30;30;BTC,ETH,SOL,XRP,BNB,TRX,ADA,DOT,NEAR,ATOM,ALGO,DOGE,BCH,LTC,XLM,ETC,LINK,UNI,AAVE,INJ,FIL,VET,FET,GRT,THETA,XTZ,SAND,CHZ,DASH,HBAR;TON,SUI,ICP,MKR,RENDER,RNDR,ARB,OP,MATIC,POL,APT,SEI,EOS,MANA;CHZ,DASH,HBAR;1440;168;0,8;336;1,0;0,25;10,0;8760,0;1,051083161182202;0,1474381652755536;1,0999825666905283;0,1340368199826518;-0,8762794965069787;0,0151455546813532;665;95,80115273775216;0,5040158830430467
crypto;AVAX;priority_with_coverage_fallback;30;30;BTC,ETH,SOL,XRP,BNB,TRX,ADA,DOT,NEAR,ATOM,ALGO,DOGE,BCH,LTC,XLM,ETC,LINK,UNI,AAVE,INJ,FIL,VET,FET,GRT,THETA,XTZ,SAND,CHZ,DASH,HBAR;TON,SUI,ICP,MKR,RENDER,RNDR,ARB,OP,MATIC,POL,APT,SEI,EOS,MANA;CHZ,DASH,HBAR;1440;168;0,8;336;1,0;0,5;10,0;8760,0;4,626691522236593;0,3919902182614412;1,070972151418107;0,3660134558516717;-0,8686607151851051;0,0197351167060057;881;65,3075221238938;0,5046918933568211
crypto;AVAX;priority_with_coverage_fallback;30;30;BTC,ETH,SOL,XRP,BNB,TRX,ADA,DOT,NEAR,ATOM,ALGO,DOGE,BCH,LTC,XLM,ETC,LINK,UNI,AAVE,INJ,FIL,VET,FET,GRT,THETA,XTZ,SAND,CHZ,DASH,HBAR;TON,SUI,ICP,MKR,RENDER,RNDR,ARB,OP,MATIC,POL,APT,SEI,EOS,MANA;CHZ,DASH,HBAR;1440;168;0,8;336;1,0;0,75;10,0;8760,0;4,0738364108691485;0,3646990151415528;1,0283557776886774;0,3546428415671926;-0,837036984548271;0,0282148789229827;1279;40,975232198142415;0,504231205137892
crypto;AVAX;priority_with_coverage_fallback;30;30;BTC,ETH,SOL,XRP,BNB,TRX,ADA,DOT,NEAR,ATOM,ALGO,DOGE,BCH,LTC,XLM,ETC,LINK,UNI,AAVE,INJ,FIL,VET,FET,GRT,THETA,XTZ,SAND,CHZ,DASH,HBAR;TON,SUI,ICP,MKR,RENDER,RNDR,ARB,OP,MATIC,POL,APT,SEI,EOS,MANA;CHZ,DASH,HBAR;1440;168;0,8;336;1,5;0,25;10,0;8760,0;2,208599047338677;0,2500697490931454;1,040978196159282;0,2402257319277048;-0,8620150676980869;0,0101626016260162;450;120,5793991416309;0,5042178323545115
crypto;AVAX;priority_with_coverage_fallback;30;30;BTC,ETH,SOL,XRP,BNB,TRX,ADA,DOT,NEAR,ATOM,ALGO,DOGE,BCH,LTC,XLM,ETC,LINK,UNI,AAVE,INJ,FIL,VET,FET,GRT,THETA,XTZ,SAND,CHZ,DASH,HBAR;TON,SUI,ICP,MKR,RENDER,RNDR,ARB,OP,MATIC,POL,APT,SEI,EOS,MANA;CHZ,DASH,HBAR;1440;168;0,8;336;1,5;0,5;10,0;8760,0;9,057388024382735;0,5557008716142191;1,0034816100330428;0,5537728505018851;-0,8327512257769961;0,0117798758632747;528;90,18148148148148;0,5043328268101359
crypto;AVAX;priority_with_coverage_fallback;30;30;BTC,ETH,SOL,XRP,BNB,TRX,ADA,DOT,NEAR,ATOM,ALGO,DOGE,BCH,LTC,XLM,ETC,LINK,UNI,AAVE,INJ,FIL,VET,FET,GRT,THETA,XTZ,SAND,CHZ,DASH,HBAR;TON,SUI,ICP,MKR,RENDER,RNDR,ARB,OP,MATIC,POL,APT,SEI,EOS,MANA;CHZ,DASH,HBAR;1440;168;0,8;336;1,5;0,75;10,0;8760,0;10,603269991398427;0,598873992311423;0,9488707288598336;0,6311439209754443;-0,8025010780554251;0,0133315849287525;603;69,61967213114754;0,5033907883582933
crypto;AVAX;priority_with_coverage_fallback;30;30;BTC,ETH,SOL,XRP,BNB,TRX,ADA,DOT,NEAR,ATOM,ALGO,DOGE,BCH,LTC,XLM,ETC,LINK,UNI,AAVE,INJ,FIL,VET,FET,GRT,THETA,XTZ,SAND,CHZ,DASH,HBAR;TON,SUI,ICP,MKR,RENDER,RNDR,ARB,OP,MATIC,POL,APT,SEI,EOS,MANA;CHZ,DASH,HBAR;1440;168;0,8;336;1,5;1,0;10,0;8760,0;5,523625369025855;0,4319708165547806;0,9192082199789942;0,4699379391588253;-0,8088929778891658;0,015648220998339;714;51,42178770949721;0,5018197620728991
crypto;AVAX;priority_with_coverage_fallback;30;30;BTC,ETH,SOL,XRP,BNB,TRX,ADA,DOT,NEAR,ATOM,ALGO,DOGE,BCH,LTC,XLM,ETC,LINK,UNI,AAVE,INJ,FIL,VET,FET,GRT,THETA,XTZ,SAND,CHZ,DASH,HBAR;TON,SUI,ICP,MKR,RENDER,RNDR,ARB,OP,MATIC,POL,APT,SEI,EOS,MANA;CHZ,DASH,HBAR;1440;168;0,8;336;2,0;0,25;10,0;8760,0;2,6430495293370586;0,2808334413945772;0,9750012052965508;0,2880339427982148;-0,7937228584739054;0,0073214441821837;327;139,83928571428572;0,501638786021368
crypto;AVAX;priority_with_coverage_fallback;30;30;BTC,ETH,SOL,XRP,BNB,TRX,ADA,DOT,NEAR,ATOM,ALGO,DOGE,BCH,LTC,XLM,ETC,LINK,UNI,AAVE,INJ,FIL,VET,FET,GRT,THETA,XTZ,SAND,CHZ,DASH,HBAR;TON,SUI,ICP,MKR,RENDER,RNDR,ARB,OP,MATIC,POL,APT,SEI,EOS,MANA;CHZ,DASH,HBAR;1440;168;0,8;336;2,0;0,5;10,0;8760,0;17,814734098821553;0,7538927899434349;0,9294287320161682;0,8111356621266151;-0,7868246929167582;0,0080208060145117;362;107,32065217391305;0,5031650377272497
crypto;AVAX;priority_with_coverage_fallback;30;30;BTC,ETH,SOL,XRP,BNB,TRX,ADA,DOT,NEAR,ATOM,ALGO,DOGE,BCH,LTC,XLM,ETC,LINK,UNI,AAVE,INJ,FIL,VET,FET,GRT,THETA,XTZ,SAND,CHZ,DASH,HBAR;TON,SUI,ICP,MKR,RENDER,RNDR,ARB,OP,MATIC,POL,APT,SEI,EOS,MANA;CHZ,DASH,HBAR;1440;168;0,8;336;2,0;0,75;10,0;8760,0;20,3415135850248;0,7967206892577912;0,8748800035520564;0,910662817784228;-0,7289950669556496;0,008654602675059;394;84,79797979797979;0,5036926742108397
crypto;AVAX;priority_with_coverage_fallback;30;30;BTC,ETH,SOL,XRP,BNB,TRX,ADA,DOT,NEAR,ATOM,ALGO,DOGE,BCH,LTC,XLM,ETC,LINK,UNI,AAVE,INJ,FIL,VET,FET,GRT,THETA,XTZ,SAND,CHZ,DASH,HBAR;TON,SUI,ICP,MKR,RENDER,RNDR,ARB,OP,MATIC,POL,APT,SEI,EOS,MANA;CHZ,DASH,HBAR;1440;168;0,8;336;2,0;1,0;10,0;8760,0;13,562209470550462;0,6699374811838128;0,8431715297269614;0,79454471310334;-0,7170925701302218;0,0093102543928665;426;67,02816901408451;0,5026266022273587
crypto;AVAX;priority_with_coverage_fallback;30;30;BTC,ETH,SOL,XRP,BNB,TRX,ADA,DOT,NEAR,ATOM,ALGO,DOGE,BCH,LTC,XLM,ETC,LINK,UNI,AAVE,INJ,FIL,VET,FET,GRT,THETA,XTZ,SAND,CHZ,DASH,HBAR;TON,SUI,ICP,MKR,RENDER,RNDR,ARB,OP,MATIC,POL,APT,SEI,EOS,MANA;CHZ,DASH,HBAR;1440;168;0,8;336;2,5;0,25;10,0;8760,0;6,809846492438465;0,4821654157299051;0,8828185300598194;0,5461659438630426;-0,7232663330009867;0,0053107789142407;238;145,71311475409837;0,5041345558868201
crypto;AVAX;priority_with_coverage_fallback;30;30;BTC,ETH,SOL,XRP,BNB,TRX,ADA,DOT,NEAR,ATOM,ALGO,DOGE,BCH,LTC,XLM,ETC,LINK,UNI,AAVE,INJ,FIL,VET,FET,GRT,THETA,XTZ,SAND,CHZ,DASH,HBAR;TON,SUI,ICP,MKR,RENDER,RNDR,ARB,OP,MATIC,POL,APT,SEI,EOS,MANA;CHZ,DASH,HBAR;1440;168;0,8;336;2,5;0,5;10,0;8760,0;23,750863763634193;0,8484312179836455;0,8362007998085282;1,014626173734727;-0,6234797622619599;0,0057041699449252;257;114,6412213740458;0,5051937674790252
crypto;AVAX;priority_with_coverage_fallback;30;30;BTC,ETH,SOL,XRP,BNB,TRX,ADA,DOT,NEAR,ATOM,ALGO,DOGE,BCH,LTC,XLM,ETC,LINK,UNI,AAVE,INJ,FIL,VET,FET,GRT,THETA,XTZ,SAND,CHZ,DASH,HBAR;TON,SUI,ICP,MKR,RENDER,RNDR,ARB,OP,MATIC,POL,APT,SEI,EOS,MANA;CHZ,DASH,HBAR;1440;168;0,8;336;2,5;0,75;10,0;8760,0;16,242502430602993;0,7248347751841231;0,7363250824471084;0,9843950619951743;-0,6065787445442524;0,0058134452312265;265;94,39097744360902;0,5060538473793214
crypto;AVAX;priority_with_coverage_fallback;30;30;BTC,ETH,SOL,XRP,BNB,TRX,ADA,DOT,NEAR,ATOM,ALGO,DOGE,BCH,LTC,XLM,ETC,LINK,UNI,AAVE,INJ,FIL,VET,FET,GRT,THETA,XTZ,SAND,CHZ,DASH,HBAR;TON,SUI,ICP,MKR,RENDER,RNDR,ARB,OP,MATIC,POL,APT,SEI,EOS,MANA;CHZ,DASH,HBAR;1440;168;0,8;336;2,5;1,0;10,0;8760,0;11,38522086625362;0,6189623671051918;0,7095025674120577;0,8723891857965851;-0,5985631241976916;0,005944575574788;272;78,05882352941177;0,5052750565184627
crypto;AVAX;priority_with_coverage_fallback;30;30;BTC,ETH,SOL,XRP,BNB,TRX,ADA,DOT,NEAR,ATOM,ALGO,DOGE,BCH,LTC,XLM,ETC,LINK,UNI,AAVE,INJ,FIL,VET,FET,GRT,THETA,XTZ,SAND,CHZ,DASH,HBAR;TON,SUI,ICP,MKR,RENDER,RNDR,ARB,OP,MATIC,POL,APT,SEI,EOS,MANA;CHZ,DASH,HBAR;1440;168;0,8;336;3,0;0,25;10,0;8760,0;8,204602878823968;0,52953373017563;0,6719439547831355;0,7880623471737799;-0,5709761148233896;0,0033438237608182;152;153,44155844155844;0,5096910706728734
crypto;AVAX;priority_with_coverage_fallback;30;30;BTC,ETH,SOL,XRP,BNB,TRX,ADA,DOT,NEAR,ATOM,ALGO,DOGE,BCH,LTC,XLM,ETC,LINK,UNI,AAVE,INJ,FIL,VET,FET,GRT,THETA,XTZ,SAND,CHZ,DASH,HBAR;TON,SUI,ICP,MKR,RENDER,RNDR,ARB,OP,MATIC,POL,APT,SEI,EOS,MANA;CHZ,DASH,HBAR;1440;168;0,8;336;3,0;0,5;10,0;8760,0;12,843162830388149;0,6538261232606517;0,6388841564118949;1,023387599612227;-0,5619981965066664;0,0035186642189002;161;119,28395061728396;0,5106603187745808
crypto;AVAX;priority_with_coverage_fallback;30;30;BTC,ETH,SOL,XRP,BNB,TRX,ADA,DOT,NEAR,ATOM,ALGO,DOGE,BCH,LTC,XLM,ETC,LINK,UNI,AAVE,INJ,FIL,VET,FET,GRT,THETA,XTZ,SAND,CHZ,DASH,HBAR;TON,SUI,ICP,MKR,RENDER,RNDR,ARB,OP,MATIC,POL,APT,SEI,EOS,MANA;CHZ,DASH,HBAR;1440;168;0,8;336;3,0;0,75;10,0;8760,0;9,965398711377263;0,5816594858906676;0,5463321013768413;1,0646628386375172;-0,5751837952723771;0,003584229390681;164;99,96341463414636;0,5121385872880322
crypto;AVAX;priority_with_coverage_fallback;30;30;BTC,ETH,SOL,XRP,BNB,TRX,ADA,DOT,NEAR,ATOM,ALGO,DOGE,BCH,LTC,XLM,ETC,LINK,UNI,AAVE,INJ,FIL,VET,FET,GRT,THETA,XTZ,SAND,CHZ,DASH,HBAR;TON,SUI,ICP,MKR,RENDER,RNDR,ARB,OP,MATIC,POL,APT,SEI,EOS,MANA;CHZ,DASH,HBAR;1440;168;0,8;336;3,0;1,0;10,0;8760,0;6,597491405382409;0,4743635271118982;0,5296180397760752;0,8956710147419849;-0,5845925427036569;0,0036279395052015;166;83,37349397590361;0,5115606936416185
crypto;AVAX;priority_with_coverage_fallback;30;30;BTC,ETH,SOL,XRP,BNB,TRX,ADA,DOT,NEAR,ATOM,ALGO,DOGE,BCH,LTC,XLM,ETC,LINK,UNI,AAVE,INJ,FIL,VET,FET,GRT,THETA,XTZ,SAND,CHZ,DASH,HBAR;TON,SUI,ICP,MKR,RENDER,RNDR,ARB,OP,MATIC,POL,APT,SEI,EOS,MANA;CHZ,DASH,HBAR;1440;336;0,8;336;1,0;0,25;10,0;8760,0;5,909035180692646;0,4477938090061304;1,2218884755459865;0,3664768249868623;-0,937816283015689;0,0135719905586152;584;109,15434083601286;0,5014286976757887
crypto;AVAX;priority_with_coverage_fallback;30;30;BTC,ETH,SOL,XRP,BNB,TRX,ADA,DOT,NEAR,ATOM,ALGO,DOGE,BCH,LTC,XLM,ETC,LINK,UNI,AAVE,INJ,FIL,VET,FET,GRT,THETA,XTZ,SAND,CHZ,DASH,HBAR;TON,SUI,ICP,MKR,RENDER,RNDR,ARB,OP,MATIC,POL,APT,SEI,EOS,MANA;CHZ,DASH,HBAR;1440;336;0,8;336;1,0;0,5;10,0;8760,0;10,422408428420052;0,594072346475903;1,189937057789914;0,499246865694965;-0,8951221290094198;0,0172436401783372;758;77,59746835443038;0,5015497047404652
crypto;AVAX;priority_with_coverage_fallback;30;30;BTC,ETH,SOL,XRP,BNB,TRX,ADA,DOT,NEAR,ATOM,ALGO,DOGE,BCH,LTC,XLM,ETC,LINK,UNI,AAVE,INJ,FIL,VET,FET,GRT,THETA,XTZ,SAND,CHZ,DASH,HBAR;TON,SUI,ICP,MKR,RENDER,RNDR,ARB,OP,MATIC,POL,APT,SEI,EOS,MANA;CHZ,DASH,HBAR;1440;336;0,8;336;1,0;0,75;10,0;8760,0;1,804748019855488;0,2182864464867191;1,1418407616511328;0,1911706551542887;-0,9414893202870548;0,0241498382725762;1080;49,57866184448463;0,5008571324360798
crypto;AVAX;priority_with_coverage_fallback;30;30;BTC,ETH,SOL,XRP,BNB,TRX,ADA,DOT,NEAR,ATOM,ALGO,DOGE,BCH,LTC,XLM,ETC,LINK,UNI,AAVE,INJ,FIL,VET,FET,GRT,THETA,XTZ,SAND,CHZ,DASH,HBAR;TON,SUI,ICP,MKR,RENDER,RNDR,ARB,OP,MATIC,POL,APT,SEI,EOS,MANA;CHZ,DASH,HBAR;1440;336;0,8;336;1,5;0,25;10,0;8760,0;6,081131780245762;0,4546295770207273;1,1697522440018429;0,388654588483962;-0,9194344312659802;0,0095506600227292;410;137,69406392694063;0,5010777648814458
crypto;AVAX;priority_with_coverage_fallback;30;30;BTC,ETH,SOL,XRP,BNB,TRX,ADA,DOT,NEAR,ATOM,ALGO,DOGE,BCH,LTC,XLM,ETC,LINK,UNI,AAVE,INJ,FIL,VET,FET,GRT,THETA,XTZ,SAND,CHZ,DASH,HBAR;TON,SUI,ICP,MKR,RENDER,RNDR,ARB,OP,MATIC,POL,APT,SEI,EOS,MANA;CHZ,DASH,HBAR;1440;336;0,8;336;1,5;0,5;10,0;8760,0;7,0303389624097825;0,4900868211626485;1,1247529259717053;0,4357284251910249;-0,8899959642539226;0,0107745432293032;469;107,31983805668015;0,5009053870529652
crypto;AVAX;priority_with_coverage_fallback;30;30;BTC,ETH,SOL,XRP,BNB,TRX,ADA,DOT,NEAR,ATOM,ALGO,DOGE,BCH,LTC,XLM,ETC,LINK,UNI,AAVE,INJ,FIL,VET,FET,GRT,THETA,XTZ,SAND,CHZ,DASH,HBAR;TON,SUI,ICP,MKR,RENDER,RNDR,ARB,OP,MATIC,POL,APT,SEI,EOS,MANA;CHZ,DASH,HBAR;1440;336;0,8;336;1,5;0,75;10,0;8760,0;2,2773593916672663;0,2551546470618662;1,0686411100512965;0,2387655169373171;-0,9468157742754124;0,012501092752863;554;81,36713286713287;0,5004941773022217
crypto;AVAX;priority_with_coverage_fallback;30;30;BTC,ETH,SOL,XRP,BNB,TRX,ADA,DOT,NEAR,ATOM,ALGO,DOGE,BCH,LTC,XLM,ETC,LINK,UNI,AAVE,INJ,FIL,VET,FET,GRT,THETA,XTZ,SAND,CHZ,DASH,HBAR;TON,SUI,ICP,MKR,RENDER,RNDR,ARB,OP,MATIC,POL,APT,SEI,EOS,MANA;CHZ,DASH,HBAR;1440;336;0,8;336;1,5;1,0;10,0;8760,0;-0,4758686320132705;-0,1163368748332676;0,9021362908826148;-0,1289570944091476;-0,97726165659053;0,015648220998339;707;55,6731843575419;0,499573528673925
crypto;AVAX;priority_with_coverage_fallback;30;30;BTC,ETH,SOL,XRP,BNB,TRX,ADA,DOT,NEAR,ATOM,ALGO,DOGE,BCH,LTC,XLM,ETC,LINK,UNI,AAVE,INJ,FIL,VET,FET,GRT,THETA,XTZ,SAND,CHZ,DASH,HBAR;TON,SUI,ICP,MKR,RENDER,RNDR,ARB,OP,MATIC,POL,APT,SEI,EOS,MANA;CHZ,DASH,HBAR;1440;336;0,8;336;2,0;0,25;10,0;8760,0;29,0408680851466;0,918264543973598;1,1174547622838584;0,8217465037214083;-0,8638490048346557;0,007168458781362;313;159,1890243902439;0,5035431110430153
crypto;AVAX;priority_with_coverage_fallback;30;30;BTC,ETH,SOL,XRP,BNB,TRX,ADA,DOT,NEAR,ATOM,ALGO,DOGE,BCH,LTC,XLM,ETC,LINK,UNI,AAVE,INJ,FIL,VET,FET,GRT,THETA,XTZ,SAND,CHZ,DASH,HBAR;TON,SUI,ICP,MKR,RENDER,RNDR,ARB,OP,MATIC,POL,APT,SEI,EOS,MANA;CHZ,DASH,HBAR;1440;336;0,8;336;2,0;0,5;10,0;8760,0;33,76726557325729;0,9726841890314062;1,081409666072492;0,8994594921312664;-0,8238037747858907;0,007692980155608;338;128,23295454545453;0,5034339137755328
crypto;AVAX;priority_with_coverage_fallback;30;30;BTC,ETH,SOL,XRP,BNB,TRX,ADA,DOT,NEAR,ATOM,ALGO,DOGE,BCH,LTC,XLM,ETC,LINK,UNI,AAVE,INJ,FIL,VET,FET,GRT,THETA,XTZ,SAND,CHZ,DASH,HBAR;TON,SUI,ICP,MKR,RENDER,RNDR,ARB,OP,MATIC,POL,APT,SEI,EOS,MANA;CHZ,DASH,HBAR;1440;336;0,8;336;2,0;0,75;10,0;8760,0;23,71870081258117;0,8479711170106061;1,0269103258905703;0,8257499176232527;-0,8208339545117888;0,008304921758895;369;101,0842105263158;0,5047901697386233
crypto;AVAX;priority_with_coverage_fallback;30;30;BTC,ETH,SOL,XRP,BNB,TRX,ADA,DOT,NEAR,ATOM,ALGO,DOGE,BCH,LTC,XLM,ETC,LINK,UNI,AAVE,INJ,FIL,VET,FET,GRT,THETA,XTZ,SAND,CHZ,DASH,HBAR;TON,SUI,ICP,MKR,RENDER,RNDR,ARB,OP,MATIC,POL,APT,SEI,EOS,MANA;CHZ,DASH,HBAR;1440;336;0,8;336;2,0;1,0;10,0;8760,0;1,3855414384625049;0,1811067141523574;0,843184029327118;0,2147890707760263;-0,9167952396325336;0,0093976746219075;424;72,52093023255814;0,5035915854284249
crypto;AVAX;priority_with_coverage_fallback;30;30;BTC,ETH,SOL,XRP,BNB,TRX,ADA,DOT,NEAR,ATOM,ALGO,DOGE,BCH,LTC,XLM,ETC,LINK,UNI,AAVE,INJ,FIL,VET,FET,GRT,THETA,XTZ,SAND,CHZ,DASH,HBAR;TON,SUI,ICP,MKR,RENDER,RNDR,ARB,OP,MATIC,POL,APT,SEI,EOS,MANA;CHZ,DASH,HBAR;1440;336;0,8;336;2,5;0,25;10,0;8760,0;14,75681994104784;0,695335746509075;0,9447780394971722;0,7359778883928602;-0,676227895919112;0,0049392429408165;219;173,56637168141592;0,5104777443532351
crypto;AVAX;priority_with_coverage_fallback;30;30;BTC,ETH,SOL,XRP,BNB,TRX,ADA,DOT,NEAR,ATOM,ALGO,DOGE,BCH,LTC,XLM,ETC,LINK,UNI,AAVE,INJ,FIL,VET,FET,GRT,THETA,XTZ,SAND,CHZ,DASH,HBAR;TON,SUI,ICP,MKR,RENDER,RNDR,ARB,OP,MATIC,POL,APT,SEI,EOS,MANA;CHZ,DASH,HBAR;1440;336;0,8;336;2,5;0,5;10,0;8760,0;10,401877891115635;0,5935234094609569;0,906084609820072;0,6550419276835717;-0,6762278959191119;0,005070373284378;227;138,36206896551724;0,5090965732087227
crypto;AVAX;priority_with_coverage_fallback;30;30;BTC,ETH,SOL,XRP,BNB,TRX,ADA,DOT,NEAR,ATOM,ALGO,DOGE,BCH,LTC,XLM,ETC,LINK,UNI,AAVE,INJ,FIL,VET,FET,GRT,THETA,XTZ,SAND,CHZ,DASH,HBAR;TON,SUI,ICP,MKR,RENDER,RNDR,ARB,OP,MATIC,POL,APT,SEI,EOS,MANA;CHZ,DASH,HBAR;1440;336;0,8;336;2,5;0,75;10,0;8760,0;3,740692247316771;0,3470698297235157;0,8429215951285403;0,4117462783363496;-0,7751143833893084;0,00524521374246;236;110,66666666666669;0,5096385542168674
crypto;AVAX;priority_with_coverage_fallback;30;30;BTC,ETH,SOL,XRP,BNB,TRX,ADA,DOT,NEAR,ATOM,ALGO,DOGE,BCH,LTC,XLM,ETC,LINK,UNI,AAVE,INJ,FIL,VET,FET,GRT,THETA,XTZ,SAND,CHZ,DASH,HBAR;TON,SUI,ICP,MKR,RENDER,RNDR,ARB,OP,MATIC,POL,APT,SEI,EOS,MANA;CHZ,DASH,HBAR;1440;336;0,8;336;2,5;1,0;10,0;8760,0;-0,415604637026973;-0,0977312017887283;0,6585253123601652;-0,1484091802613602;-0,8283690060702669;0,0055511845441035;252;84,53543307086615;0,5063338301043219
crypto;AVAX;priority_with_coverage_fallback;30;30;BTC,ETH,SOL,XRP,BNB,TRX,ADA,DOT,NEAR,ATOM,ALGO,DOGE,BCH,LTC,XLM,ETC,LINK,UNI,AAVE,INJ,FIL,VET,FET,GRT,THETA,XTZ,SAND,CHZ,DASH,HBAR;TON,SUI,ICP,MKR,RENDER,RNDR,ARB,OP,MATIC,POL,APT,SEI,EOS,MANA;CHZ,DASH,HBAR;1440;336;0,8;336;3,0;0,25;10,0;8760,0;7,129550872432569;0,4935938478192223;0,7835695203561871;0,6299298722018302;-0,698955955640225;0,0031908383599965;143;193,2876712328767;0,5101346562721474
crypto;AVAX;priority_with_coverage_fallback;30;30;BTC,ETH,SOL,XRP,BNB,TRX,ADA,DOT,NEAR,ATOM,ALGO,DOGE,BCH,LTC,XLM,ETC,LINK,UNI,AAVE,INJ,FIL,VET,FET,GRT,THETA,XTZ,SAND,CHZ,DASH,HBAR;TON,SUI,ICP,MKR,RENDER,RNDR,ARB,OP,MATIC,POL,APT,SEI,EOS,MANA;CHZ,DASH,HBAR;1440;336;0,8;336;3,0;0,5;10,0;8760,0;4,034627325816997;0,3626736460101545;0,7420548040284418;0,4887424002126045;-0,7589391106921393;0,003234548474517;147;150,59459459459458;0,5090631730078966
crypto;AVAX;priority_with_coverage_fallback;30;30;BTC,ETH,SOL,XRP,BNB,TRX,ADA,DOT,NEAR,ATOM,ALGO,DOGE,BCH,LTC,XLM,ETC,LINK,UNI,AAVE,INJ,FIL,VET,FET,GRT,THETA,XTZ,SAND,CHZ,DASH,HBAR;TON,SUI,ICP,MKR,RENDER,RNDR,ARB,OP,MATIC,POL,APT,SEI,EOS,MANA;CHZ,DASH,HBAR;1440;336;0,8;336;3,0;0,75;10,0;8760,0;1,3622560233237777;0,1788907499169114;0,6679453324860265;0,2678224417724393;-0,7585345649062316;0,003234548474517;147;117,25675675675676;0,5103146248703468
crypto;AVAX;priority_with_coverage_fallback;30;30;BTC,ETH,SOL,XRP,BNB,TRX,ADA,DOT,NEAR,ATOM,ALGO,DOGE,BCH,LTC,XLM,ETC,LINK,UNI,AAVE,INJ,FIL,VET,FET,GRT,THETA,XTZ,SAND,CHZ,DASH,HBAR;TON,SUI,ICP,MKR,RENDER,RNDR,ARB,OP,MATIC,POL,APT,SEI,EOS,MANA;CHZ,DASH,HBAR;1440;336;0,8;336;3,0;1,0;10,0;8760,0;-0,3918808572813356;-0,0908311099751469;0,5389141170639584;-0,168544684763504;-0,826347577126521;0,003321968703558;152;91,5;0,5093471383376474
crypto;DOGE;priority_with_coverage_fallback;30;30;BTC,ETH,SOL,XRP,BNB,TRX,ADA,AVAX,DOT,NEAR,ATOM,ALGO,BCH,LTC,XLM,ETC,LINK,UNI,AAVE,INJ,FIL,VET,FET,GRT,THETA,XTZ,SAND,CHZ,DASH,HBAR;TON,SUI,ICP,MKR,RENDER,RNDR,ARB,OP,MATIC,POL,APT,SEI,EOS,MANA;CHZ,DASH,HBAR;1440;24;0,8;336;1,0;0,25;10,0;8760,0;-0,5958878579963176;-0,1437799383407035;1,1703819712695365;-0,1228487296200766;-0,990768708406956;0,0150786200422436;748;89,93264248704664;0,5080371031860345
crypto;DOGE;priority_with_coverage_fallback;30;30;BTC,ETH,SOL,XRP,BNB,TRX,ADA,AVAX,DOT,NEAR,ATOM,ALGO,BCH,LTC,XLM,ETC,LINK,UNI,AAVE,INJ,FIL,VET,FET,GRT,THETA,XTZ,SAND,CHZ,DASH,HBAR;TON,SUI,ICP,MKR,RENDER,RNDR,ARB,OP,MATIC,POL,APT,SEI,EOS,MANA;CHZ,DASH,HBAR;1440;24;0,8;336;1,0;0,5;10,0;8760,0;-0,6371609383644125;-0,1594382135644455;1,138568318904811;-0,1400339451898759;-0,994246744722362;0,0191856371743722;967;63,02851323828921;0,5093223898923966
crypto;DOGE;priority_with_coverage_fallback;30;30;BTC,ETH,SOL,XRP,BNB,TRX,ADA,AVAX,DOT,NEAR,ATOM,ALGO,BCH,LTC,XLM,ETC,LINK,UNI,AAVE,INJ,FIL,VET,FET,GRT,THETA,XTZ,SAND,CHZ,DASH,HBAR;TON,SUI,ICP,MKR,RENDER,RNDR,ARB,OP,MATIC,POL,APT,SEI,EOS,MANA;CHZ,DASH,HBAR;1440;24;0,8;336;1,0;0,75;10,0;8760,0;-0,6047172410807005;-0,1470143239600106;1,1025171170804584;-0,1333442553248649;-0,9922376085318684;0,0282993037628099;1437;37,70441988950276;0,5114294087478937
crypto;DOGE;priority_with_coverage_fallback;30;30;BTC,ETH,SOL,XRP,BNB,TRX,ADA,AVAX,DOT,NEAR,ATOM,ALGO,BCH,LTC,XLM,ETC,LINK,UNI,AAVE,INJ,FIL,VET,FET,GRT,THETA,XTZ,SAND,CHZ,DASH,HBAR;TON,SUI,ICP,MKR,RENDER,RNDR,ARB,OP,MATIC,POL,APT,SEI,EOS,MANA;CHZ,DASH,HBAR;1440;24;0,8;336;1,5;0,25;10,0;8760,0;-0,6803627614852258;-0,1774974301075749;1,1201349632552549;-0,1584607533289959;-0,9895557262711236;0,009563482750528;479;117,26122448979592;0,5072226669915416
crypto;DOGE;priority_with_coverage_fallback;30;30;BTC,ETH,SOL,XRP,BNB,TRX,ADA,AVAX,DOT,NEAR,ATOM,ALGO,BCH,LTC,XLM,ETC,LINK,UNI,AAVE,INJ,FIL,VET,FET,GRT,THETA,XTZ,SAND,CHZ,DASH,HBAR;TON,SUI,ICP,MKR,RENDER,RNDR,ARB,OP,MATIC,POL,APT,SEI,EOS,MANA;CHZ,DASH,HBAR;1440;24;0,8;336;1,5;0,5;10,0;8760,0;-0,7271543019862334;-0,1995013682639461;1,0893765826023825;-0,1831335200793124;-0,99211453719119;0,0109716029101149;555;89,54092526690391;0,5085648424148483
crypto;DOGE;priority_with_coverage_fallback;30;30;BTC,ETH,SOL,XRP,BNB,TRX,ADA,AVAX,DOT,NEAR,ATOM,ALGO,BCH,LTC,XLM,ETC,LINK,UNI,AAVE,INJ,FIL,VET,FET,GRT,THETA,XTZ,SAND,CHZ,DASH,HBAR;TON,SUI,ICP,MKR,RENDER,RNDR,ARB,OP,MATIC,POL,APT,SEI,EOS,MANA;CHZ,DASH,HBAR;1440;24;0,8;336;1,5;0,75;10,0;8760,0;-0,7588825285328582;-0,2162769443706438;1,0485130923079296;-0,2062701419346008;-0,989963316501518;0,0129664398028631;659;66,0421686746988;0,5089847669433549
crypto;DOGE;priority_with_coverage_fallback;30;30;BTC,ETH,SOL,XRP,BNB,TRX,ADA,AVAX,DOT,NEAR,ATOM,ALGO,BCH,LTC,XLM,ETC,LINK,UNI,AAVE,INJ,FIL,VET,FET,GRT,THETA,XTZ,SAND,CHZ,DASH,HBAR;TON,SUI,ICP,MKR,RENDER,RNDR,ARB,OP,MATIC,POL,APT,SEI,EOS,MANA;CHZ,DASH,HBAR;1440;24;0,8;336;1,5;1,0;10,0;8760,0;-0,8959194590286257;-0,3213365101913882;0,996951973825298;-0,3223189467777692;-0,9899866505737298;0,0164867402018305;840;44,661137440758296;0,5115933570329495
crypto;DOGE;priority_with_coverage_fallback;30;30;BTC,ETH,SOL,XRP,BNB,TRX,ADA,AVAX,DOT,NEAR,ATOM,ALGO,BCH,LTC,XLM,ETC,LINK,UNI,AAVE,INJ,FIL,VET,FET,GRT,THETA,XTZ,SAND,CHZ,DASH,HBAR;TON,SUI,ICP,MKR,RENDER,RNDR,ARB,OP,MATIC,POL,APT,SEI,EOS,MANA;CHZ,DASH,HBAR;1440;24;0,8;336;2,0;0,25;10,0;8760,0;-0,4401470551214673;-0,0946016305607181;1,0672819621799556;-0,0886378988055709;-0,9784535428652986;0,0072166158178831;360;127,95135135135136;0,5083435427316125
crypto;DOGE;priority_with_coverage_fallback;30;30;BTC,ETH,SOL,XRP,BNB,TRX,ADA,AVAX,DOT,NEAR,ATOM,ALGO,BCH,LTC,XLM,ETC,LINK,UNI,AAVE,INJ,FIL,VET,FET,GRT,THETA,XTZ,SAND,CHZ,DASH,HBAR;TON,SUI,ICP,MKR,RENDER,RNDR,ARB,OP,MATIC,POL,APT,SEI,EOS,MANA;CHZ,DASH,HBAR;1440;24;0,8;336;2,0;0,5;10,0;8760,0;-0,4146348872556976;-0,0876630458003592;1,0354114126927432;-0,0846649406465187;-0,985394547219152;0,0078033325510443;393;100,15;0,5103844233649526
crypto;DOGE;priority_with_coverage_fallback;30;30;BTC,ETH,SOL,XRP,BNB,TRX,ADA,AVAX,DOT,NEAR,ATOM,ALGO,BCH,LTC,XLM,ETC,LINK,UNI,AAVE,INJ,FIL,VET,FET,GRT,THETA,XTZ,SAND,CHZ,DASH,HBAR;TON,SUI,ICP,MKR,RENDER,RNDR,ARB,OP,MATIC,POL,APT,SEI,EOS,MANA;CHZ,DASH,HBAR;1440;24;0,8;336;2,0;0,75;10,0;8760,0;-0,6223654731312774;-0,1536629003793114;1,0013369050403509;-0,1534577419506168;-0,982675147753632;0,0085073926308378;431;78,16055045871559;0,5101238335583074
crypto;DOGE;priority_with_coverage_fallback;30;30;BTC,ETH,SOL,XRP,BNB,TRX,ADA,AVAX,DOT,NEAR,ATOM,ALGO,BCH,LTC,XLM,ETC,LINK,UNI,AAVE,INJ,FIL,VET,FET,GRT,THETA,XTZ,SAND,CHZ,DASH,HBAR;TON,SUI,ICP,MKR,RENDER,RNDR,ARB,OP,MATIC,POL,APT,SEI,EOS,MANA;CHZ,DASH,HBAR;1440;24;0,8;336;2,0;1,0;10,0;8760,0;-0,8845107475051528;-0,3091346424011397;0,954297125269968;-0,3239396139998707;-0,9898061410913428;0,0093874677305796;478;60,729166666666664;0,5121097770154374
crypto;DOGE;priority_with_coverage_fallback;30;30;BTC,ETH,SOL,XRP,BNB,TRX,ADA,AVAX,DOT,NEAR,ATOM,ALGO,BCH,LTC,XLM,ETC,LINK,UNI,AAVE,INJ,FIL,VET,FET,GRT,THETA,XTZ,SAND,CHZ,DASH,HBAR;TON,SUI,ICP,MKR,RENDER,RNDR,ARB,OP,MATIC,POL,APT,SEI,EOS,MANA;CHZ,DASH,HBAR;1440;24;0,8;336;2,5;0,25;10,0;8760,0;-0,4403836070534402;-0,0946671816043863;0,984688520636046;-0,0961392152142054;-0,960960838488844;0,0051826644762575;262;132,1203007518797;0,5137150011381744
crypto;DOGE;priority_with_coverage_fallback;30;30;BTC,ETH,SOL,XRP,BNB,TRX,ADA,AVAX,DOT,NEAR,ATOM,ALGO,BCH,LTC,XLM,ETC,LINK,UNI,AAVE,INJ,FIL,VET,FET,GRT,THETA,XTZ,SAND,CHZ,DASH,HBAR;TON,SUI,ICP,MKR,RENDER,RNDR,ARB,OP,MATIC,POL,APT,SEI,EOS,MANA;CHZ,DASH,HBAR;1440;24;0,8;336;2,5;0,5;10,0;8760,0;-0,0924460815013139;-0,0164812323638668;0,9547893698019102;-0,0172616420805839;-0,9712241908364164;0,0055738089650316;282;101,48251748251748;0,5173649393605292
crypto;DOGE;priority_with_coverage_fallback;30;30;BTC,ETH,SOL,XRP,BNB,TRX,ADA,AVAX,DOT,NEAR,ATOM,ALGO,BCH,LTC,XLM,ETC,LINK,UNI,AAVE,INJ,FIL,VET,FET,GRT,THETA,XTZ,SAND,CHZ,DASH,HBAR;TON,SUI,ICP,MKR,RENDER,RNDR,ARB,OP,MATIC,POL,APT,SEI,EOS,MANA;CHZ,DASH,HBAR;1440;24;0,8;336;2,5;0,75;10,0;8760,0;-0,4079509660603226;-0,0858867071236541;0,9322766428979292;-0,0921257738010899;-0,9729217392947364;0,0059258390049284;301;81,02631578947368;0,5156706722962001
crypto;DOGE;priority_with_coverage_fallback;30;30;BTC,ETH,SOL,XRP,BNB,TRX,ADA,AVAX,DOT,NEAR,ATOM,ALGO,BCH,LTC,XLM,ETC,LINK,UNI,AAVE,INJ,FIL,VET,FET,GRT,THETA,XTZ,SAND,CHZ,DASH,HBAR;TON,SUI,ICP,MKR,RENDER,RNDR,ARB,OP,MATIC,POL,APT,SEI,EOS,MANA;CHZ,DASH,HBAR;1440;24;0,8;336;2,5;1,0;10,0;8760,0;-0,844591786327004;-0,2730872599858763;0,8847592373505199;-0,3086571447433059;-0,983782528959578;0,0061409684737542;313;66,39490445859873;0,5168841135840369
crypto;DOGE;priority_with_coverage_fallback;30;30;BTC,ETH,SOL,XRP,BNB,TRX,ADA,AVAX,DOT,NEAR,ATOM,ALGO,BCH,LTC,XLM,ETC,LINK,UNI,AAVE,INJ,FIL,VET,FET,GRT,THETA,XTZ,SAND,CHZ,DASH,HBAR;TON,SUI,ICP,MKR,RENDER,RNDR,ARB,OP,MATIC,POL,APT,SEI,EOS,MANA;CHZ,DASH,HBAR;1440;24;0,8;336;3,0;0,25;10,0;8760,0;-0,3558725361760042;-0,0725877973020462;0,9454744627988064;-0,0767739374865512;-0,9343073391672524;0,003676758194477;188;141,11702127659575;0,5184319638145496
crypto;DOGE;priority_with_coverage_fallback;30;30;BTC,ETH,SOL,XRP,BNB,TRX,ADA,AVAX,DOT,NEAR,ATOM,ALGO,BCH,LTC,XLM,ETC,LINK,UNI,AAVE,INJ,FIL,VET,FET,GRT,THETA,XTZ,SAND,CHZ,DASH,HBAR;TON,SUI,ICP,MKR,RENDER,RNDR,ARB,OP,MATIC,POL,APT,SEI,EOS,MANA;CHZ,DASH,HBAR;1440;24;0,8;336;3,0;0,5;10,0;8760,0;0,1296801959771045;0,0211097122680665;0,9142083860759208;0,0230907007522391;-0,946427996967378;0,0039114448877415;200;108,12;0,52330743618202
crypto;DOGE;priority_with_coverage_fallback;30;30;BTC,ETH,SOL,XRP,BNB,TRX,ADA,AVAX,DOT,NEAR,ATOM,ALGO,BCH,LTC,XLM,ETC,LINK,UNI,AAVE,INJ,FIL,VET,FET,GRT,THETA,XTZ,SAND,CHZ,DASH,HBAR;TON,SUI,ICP,MKR,RENDER,RNDR,ARB,OP,MATIC,POL,APT,SEI,EOS,MANA;CHZ,DASH,HBAR;1440;24;0,8;336;3,0;0,75;10,0;8760,0;-0,3837707248094192;-0,0795962383023116;0,8892213731520816;-0,0895122864851545;-0,9500866988966148;0,0040287882343737;206;84,8252427184466;0,5221471901110221
crypto;DOGE;priority_with_coverage_fallback;30;30;BTC,ETH,SOL,XRP,BNB,TRX,ADA,AVAX,DOT,NEAR,ATOM,ALGO,BCH,LTC,XLM,ETC,LINK,UNI,AAVE,INJ,FIL,VET,FET,GRT,THETA,XTZ,SAND,CHZ,DASH,HBAR;TON,SUI,ICP,MKR,RENDER,RNDR,ARB,OP,MATIC,POL,APT,SEI,EOS,MANA;CHZ,DASH,HBAR;1440;24;0,8;336;3,0;1,0;10,0;8760,0;-0,8137758239749991;-0,250206555148239;0,8419981287723091;-0,2971580893096013;-0,963324835642586;0,004146131581006;212;70,08490566037736;0,5224121685287387
crypto;DOGE;priority_with_coverage_fallback;30;30;BTC,ETH,SOL,XRP,BNB,TRX,ADA,AVAX,DOT,NEAR,ATOM,ALGO,BCH,LTC,XLM,ETC,LINK,UNI,AAVE,INJ,FIL,VET,FET,GRT,THETA,XTZ,SAND,CHZ,DASH,HBAR;TON,SUI,ICP,MKR,RENDER,RNDR,ARB,OP,MATIC,POL,APT,SEI,EOS,MANA;CHZ,DASH,HBAR;1440;72;0,8;336;1,0;0,25;10,0;8760,0;-0,6947990464578613;-0,1839841561361274;1,2844937877407423;-0,1432347574523747;-0,9924757881586788;0,0146874755534694;726;94,62765957446808;0,5049184935356942
crypto;DOGE;priority_with_coverage_fallback;30;30;BTC,ETH,SOL,XRP,BNB,TRX,ADA,AVAX,DOT,NEAR,ATOM,ALGO,BCH,LTC,XLM,ETC,LINK,UNI,AAVE,INJ,FIL,VET,FET,GRT,THETA,XTZ,SAND,CHZ,DASH,HBAR;TON,SUI,ICP,MKR,RENDER,RNDR,ARB,OP,MATIC,POL,APT,SEI,EOS,MANA;CHZ,DASH,HBAR;1440;72;0,8;336;1,0;0,5;10,0;8760,0;-0,8197520577840627;-0,2543848128551276;1,180082053871054;-0,2155653600702276;-0,9940711934328894;0,018794492685598;945;65,41580041580042;0,5063721595423486
crypto;DOGE;priority_with_coverage_fallback;30;30;BTC,ETH,SOL,XRP,BNB,TRX,ADA,AVAX,DOT,NEAR,ATOM,ALGO,BCH,LTC,XLM,ETC,LINK,UNI,AAVE,INJ,FIL,VET,FET,GRT,THETA,XTZ,SAND,CHZ,DASH,HBAR;TON,SUI,ICP,MKR,RENDER,RNDR,ARB,OP,MATIC,POL,APT,SEI,EOS,MANA;CHZ,DASH,HBAR;1440;72;0,8;336;1,0;0,75;10,0;8760,0;-0,8883950202645046;-0,3131721056840437;1,1517453282349308;-0,271910897319623;-0,9943795089434108;0,0268520691543456;1364;40,55021834061135;0,5054562423720296
crypto;DOGE;priority_with_coverage_fallback;30;30;BTC,ETH,SOL,XRP,BNB,TRX,ADA,AVAX,DOT,NEAR,ATOM,ALGO,BCH,LTC,XLM,ETC,LINK,UNI,AAVE,INJ,FIL,VET,FET,GRT,THETA,XTZ,SAND,CHZ,DASH,HBAR;TON,SUI,ICP,MKR,RENDER,RNDR,ARB,OP,MATIC,POL,APT,SEI,EOS,MANA;CHZ,DASH,HBAR;1440;72;0,8;336;1,5;0,25;10,0;8760,0;0,1902491266604569;0,0302873734484605;1,247923015819374;0,0242702258589037;-0,9882243656236582;0,010032856137057;497;119,26070038910504;0,5039477977161501
crypto;DOGE;priority_with_coverage_fallback;30;30;BTC,ETH,SOL,XRP,BNB,TRX,ADA,AVAX,DOT,NEAR,ATOM,ALGO,BCH,LTC,XLM,ETC,LINK,UNI,AAVE,INJ,FIL,VET,FET,GRT,THETA,XTZ,SAND,CHZ,DASH,HBAR;TON,SUI,ICP,MKR,RENDER,RNDR,ARB,OP,MATIC,POL,APT,SEI,EOS,MANA;CHZ,DASH,HBAR;1440;72;0,8;336;1,5;0,5;10,0;8760,0;-0,5439221225129209;-0,1258496734293339;1,134037700456988;-0,1109748585771176;-0,9904696499168948;0,0114409762966439;576;90,10580204778157;0,5054354001742358
crypto;DOGE;priority_with_coverage_fallback;30;30;BTC,ETH,SOL,XRP,BNB,TRX,ADA,AVAX,DOT,NEAR,ATOM,ALGO,BCH,LTC,XLM,ETC,LINK,UNI,AAVE,INJ,FIL,VET,FET,GRT,THETA,XTZ,SAND,CHZ,DASH,HBAR;TON,SUI,ICP,MKR,RENDER,RNDR,ARB,OP,MATIC,POL,APT,SEI,EOS,MANA;CHZ,DASH,HBAR;1440;72;0,8;336;1,5;0,75;10,0;8760,0;-0,6308610841017203;-0,1569556823701973;1,0982711850912;-0,1429115909629949;-0,9887834440323592;0,0134749276382695;686;66,07246376811594;0,5046720772099145
crypto;DOGE;priority_with_coverage_fallback;30;30;BTC,ETH,SOL,XRP,BNB,TRX,ADA,AVAX,DOT,NEAR,ATOM,ALGO,BCH,LTC,XLM,ETC,LINK,UNI,AAVE,INJ,FIL,VET,FET,GRT,THETA,XTZ,SAND,CHZ,DASH,HBAR;TON,SUI,ICP,MKR,RENDER,RNDR,ARB,OP,MATIC,POL,APT,SEI,EOS,MANA;CHZ,DASH,HBAR;1440;72;0,8;336;1,5;1,0;10,0;8760,0;-0,6916352991819279;-0,1825411498738032;1,0549343070422696;-0,1730355612242773;-0,9891310119648626;0,0170343424861143;869;44,74770642201835;0,5072783188108663
crypto;DOGE;priority_with_coverage_fallback;30;30;BTC,ETH,SOL,XRP,BNB,TRX,ADA,AVAX,DOT,NEAR,ATOM,ALGO,BCH,LTC,XLM,ETC,LINK,UNI,AAVE,INJ,FIL,VET,FET,GRT,THETA,XTZ,SAND,CHZ,DASH,HBAR;TON,SUI,ICP,MKR,RENDER,RNDR,ARB,OP,MATIC,POL,APT,SEI,EOS,MANA;CHZ,DASH,HBAR;1440;72;0,8;336;2,0;0,25;10,0;8760,0;-0,3791518946382056;-0,0784179958061487;1,1976637464248996;-0,0654758032379549;-0,9803519014771528;0,0071775013690057;359;134,3804347826087;0,5037207797460164
crypto;DOGE;priority_with_coverage_fallback;30;30;BTC,ETH,SOL,XRP,BNB,TRX,ADA,AVAX,DOT,NEAR,ATOM,ALGO,BCH,LTC,XLM,ETC,LINK,UNI,AAVE,INJ,FIL,VET,FET,GRT,THETA,XTZ,SAND,CHZ,DASH,HBAR;TON,SUI,ICP,MKR,RENDER,RNDR,ARB,OP,MATIC,POL,APT,SEI,EOS,MANA;CHZ,DASH,HBAR;1440;72;0,8;336;2,0;0,5;10,0;8760,0;-0,710092824176499;-0,1911397108329626;1,073037271733327;-0,1781296100965866;-0,9858040365524802;0,0077251036532895;390;103,7020202020202;0,5040179223688697
crypto;DOGE;priority_with_coverage_fallback;30;30;BTC,ETH,SOL,XRP,BNB,TRX,ADA,AVAX,DOT,NEAR,ATOM,ALGO,BCH,LTC,XLM,ETC,LINK,UNI,AAVE,INJ,FIL,VET,FET,GRT,THETA,XTZ,SAND,CHZ,DASH,HBAR;TON,SUI,ICP,MKR,RENDER,RNDR,ARB,OP,MATIC,POL,APT,SEI,EOS,MANA;CHZ,DASH,HBAR;1440;72;0,8;336;2,0;0,75;10,0;8760,0;-0,8390713990956948;-0,2687272578769782;1,037822698906479;-0,2589336869969482;-0,9856064707821544;0,0085073926308378;434;78,94954128440367;0,5044448317936203
crypto;DOGE;priority_with_coverage_fallback;30;30;BTC,ETH,SOL,XRP,BNB,TRX,ADA,AVAX,DOT,NEAR,ATOM,ALGO,BCH,LTC,XLM,ETC,LINK,UNI,AAVE,INJ,FIL,VET,FET,GRT,THETA,XTZ,SAND,CHZ,DASH,HBAR;TON,SUI,ICP,MKR,RENDER,RNDR,ARB,OP,MATIC,POL,APT,SEI,EOS,MANA;CHZ,DASH,HBAR;1440;72;0,8;336;2,0;1,0;10,0;8760,0;-0,8187125133346993;-0,2536498533327077;0,9975842627633116;-0,2542640885593933;-0,9851126130805884;0,009426582179457;482;60,96680497925311;0,5060913360103451
crypto;DOGE;priority_with_coverage_fallback;30;30;BTC,ETH,SOL,XRP,BNB,TRX,ADA,AVAX,DOT,NEAR,ATOM,ALGO,BCH,LTC,XLM,ETC,LINK,UNI,AAVE,INJ,FIL,VET,FET,GRT,THETA,XTZ,SAND,CHZ,DASH,HBAR;TON,SUI,ICP,MKR,RENDER,RNDR,ARB,OP,MATIC,POL,APT,SEI,EOS,MANA;CHZ,DASH,HBAR;1440;72;0,8;336;2,5;0,25;10,0;8760,0;-0,1960138838895184;-0,0366878020769443;1,0933155685223377;-0,0335564617693402;-0,9417614593111931;0,004947977782993;250;144,91338582677164;0,5059769615301022
crypto;DOGE;priority_with_coverage_fallback;30;30;BTC,ETH,SOL,XRP,BNB,TRX,ADA,AVAX,DOT,NEAR,ATOM,ALGO,BCH,LTC,XLM,ETC,LINK,UNI,AAVE,INJ,FIL,VET,FET,GRT,THETA,XTZ,SAND,CHZ,DASH,HBAR;TON,SUI,ICP,MKR,RENDER,RNDR,ARB,OP,MATIC,POL,APT,SEI,EOS,MANA;CHZ,DASH,HBAR;1440;72;0,8;336;2,5;0,5;10,0;8760,0;-0,3005811003483936;-0,0594103286059398;0,9677426212219044;-0,061390629391652;-0,962221292228988;0,0053000078228897;268;109,45588235294116;0,5089345693940616
crypto;DOGE;priority_with_coverage_fallback;30;30;BTC,ETH,SOL,XRP,BNB,TRX,ADA,AVAX,DOT,NEAR,ATOM,ALGO,BCH,LTC,XLM,ETC,LINK,UNI,AAVE,INJ,FIL,VET,FET,GRT,THETA,XTZ,SAND,CHZ,DASH,HBAR;TON,SUI,ICP,MKR,RENDER,RNDR,ARB,OP,MATIC,POL,APT,SEI,EOS,MANA;CHZ,DASH,HBAR;1440;72;0,8;336;2,5;0,75;10,0;8760,0;-0,6760841017133524;-0,1756215585364761;0,9429150697795434;-0,1862538463591816;-0,968255745927154;0,0056520378627865;288;83,98620689655172;0,5086221054360321
crypto;DOGE;priority_with_coverage_fallback;30;30;BTC,ETH,SOL,XRP,BNB,TRX,ADA,AVAX,DOT,NEAR,ATOM,ALGO,BCH,LTC,XLM,ETC,LINK,UNI,AAVE,INJ,FIL,VET,FET,GRT,THETA,XTZ,SAND,CHZ,DASH,HBAR;TON,SUI,ICP,MKR,RENDER,RNDR,ARB,OP,MATIC,POL,APT,SEI,EOS,MANA;CHZ,DASH,HBAR;1440;72;0,8;336;2,5;1,0;10,0;8760,0;-0,7419509369726901;-0,2071115726588176;0,9102043943964928;-0,2275440263020725;-0,975695815548067;0,0059845106782445;306;69,28104575163398;0,5089622641509434
crypto;DOGE;priority_with_coverage_fallback;30;30;BTC,ETH,SOL,XRP,BNB,TRX,ADA,AVAX,DOT,NEAR,ATOM,ALGO,BCH,LTC,XLM,ETC,LINK,UNI,AAVE,INJ,FIL,VET,FET,GRT,THETA,XTZ,SAND,CHZ,DASH,HBAR;TON,SUI,ICP,MKR,RENDER,RNDR,ARB,OP,MATIC,POL,APT,SEI,EOS,MANA;CHZ,DASH,HBAR;1440;72;0,8;336;3,0;0,25;10,0;8760,0;-0,5737596886399455;-0,1359240129100806;1,0575090064151411;-0,1285322508702319;-0,9544232633745688;0,0035203003989673;179;150,37777777777777;0,5108615339145854
crypto;DOGE;priority_with_coverage_fallback;30;30;BTC,ETH,SOL,XRP,BNB,TRX,ADA,AVAX,DOT,NEAR,ATOM,ALGO,BCH,LTC,XLM,ETC,LINK,UNI,AAVE,INJ,FIL,VET,FET,GRT,THETA,XTZ,SAND,CHZ,DASH,HBAR;TON,SUI,ICP,MKR,RENDER,RNDR,ARB,OP,MATIC,POL,APT,SEI,EOS,MANA;CHZ,DASH,HBAR;1440;72;0,8;336;3,0;0,5;10,0;8760,0;-0,725526011306291;-0,1986849448763868;0,9144155864290632;-0,2172807942308627;-0,9665935971939552;0,0035594148478447;181;114,05494505494504;0,5152712207341748
crypto;DOGE;priority_with_coverage_fallback;30;30;BTC,ETH,SOL,XRP,BNB,TRX,ADA,AVAX,DOT,NEAR,ATOM,ALGO,BCH,LTC,XLM,ETC,LINK,UNI,AAVE,INJ,FIL,VET,FET,GRT,THETA,XTZ,SAND,CHZ,DASH,HBAR;TON,SUI,ICP,MKR,RENDER,RNDR,ARB,OP,MATIC,POL,APT,SEI,EOS,MANA;CHZ,DASH,HBAR;1440;72;0,8;336;3,0;0,75;10,0;8760,0;-0,8721428668016689;-0,2969876219989419;0,8913688048450402;-0,3331815297828059;-0,9693677211882344;0,003676758194477;188;87,65957446808511;0,5141990291262136
crypto;DOGE;priority_with_coverage_fallback;30;30;BTC,ETH,SOL,XRP,BNB,TRX,ADA,AVAX,DOT,NEAR,ATOM,ALGO,BCH,LTC,XLM,ETC,LINK,UNI,AAVE,INJ,FIL,VET,FET,GRT,THETA,XTZ,SAND,CHZ,DASH,HBAR;TON,SUI,ICP,MKR,RENDER,RNDR,ARB,OP,MATIC,POL,APT,SEI,EOS,MANA;CHZ,DASH,HBAR;1440;72;0,8;336;3,0;1,0;10,0;8760,0;-0,9173358163277504;-0,3476007976952634;0,8556814043597862;-0,4062268923038423;-0,9775182469292952;0,0037158726433544;190;74,14736842105263;0,5136286201022147
crypto;DOGE;priority_with_coverage_fallback;30;30;BTC,ETH,SOL,XRP,BNB,TRX,ADA,AVAX,DOT,NEAR,ATOM,ALGO,BCH,LTC,XLM,ETC,LINK,UNI,AAVE,INJ,FIL,VET,FET,GRT,THETA,XTZ,SAND,CHZ,DASH,HBAR;TON,SUI,ICP,MKR,RENDER,RNDR,ARB,OP,MATIC,POL,APT,SEI,EOS,MANA;CHZ,DASH,HBAR;1440;168;0,8;336;1,0;0,25;10,0;8760,0;-0,5710885173239515;-0,1349987063681867;1,414412800171997;-0,0954450541961798;-0,9932221778536274;0,0145310177579597;711;98,76612903225806;0,5024359707139163
crypto;DOGE;priority_with_coverage_fallback;30;30;BTC,ETH,SOL,XRP,BNB,TRX,ADA,AVAX,DOT,NEAR,ATOM,ALGO,BCH,LTC,XLM,ETC,LINK,UNI,AAVE,INJ,FIL,VET,FET,GRT,THETA,XTZ,SAND,CHZ,DASH,HBAR;TON,SUI,ICP,MKR,RENDER,RNDR,ARB,OP,MATIC,POL,APT,SEI,EOS,MANA;CHZ,DASH,HBAR;1440;168;0,8;336;1,0;0,5;10,0;8760,0;-0,506812749265538;-0,1140557499595436;1,255086869313727;-0,090874785441671;-0,9847435694087668;0,0189118360322303;947;67,39876033057851;0,5034486986910273
crypto;DOGE;priority_with_coverage_fallback;30;30;BTC,ETH,SOL,XRP,BNB,TRX,ADA,AVAX,DOT,NEAR,ATOM,ALGO,BCH,LTC,XLM,ETC,LINK,UNI,AAVE,INJ,FIL,VET,FET,GRT,THETA,XTZ,SAND,CHZ,DASH,HBAR;TON,SUI,ICP,MKR,RENDER,RNDR,ARB,OP,MATIC,POL,APT,SEI,EOS,MANA;CHZ,DASH,HBAR;1440;168;0,8;336;1,0;0,75;10,0;8760,0;-0,762422235584348;-0,2182601603062627;1,2334436052102282;-0,1769518763438418;-0,987887590813844;0,0258350934835328;1304;44,35552193645991;0,502677444660459
crypto;DOGE;priority_with_coverage_fallback;30;30;BTC,ETH,SOL,XRP,BNB,TRX,ADA,AVAX,DOT,NEAR,ATOM,ALGO,BCH,LTC,XLM,ETC,LINK,UNI,AAVE,INJ,FIL,VET,FET,GRT,THETA,XTZ,SAND,CHZ,DASH,HBAR;TON,SUI,ICP,MKR,RENDER,RNDR,ARB,OP,MATIC,POL,APT,SEI,EOS,MANA;CHZ,DASH,HBAR;1440;168;0,8;336;1,5;0,25;10,0;8760,0;-0,0313979709852781;-0,0054504900489914;1,377767595053592;-0,0039560300797896;-0,9900575819910894;0,0098372838926699;485;123,94444444444444;0,5021771146827175
crypto;DOGE;priority_with_coverage_fallback;30;30;BTC,ETH,SOL,XRP,BNB,TRX,ADA,AVAX,DOT,NEAR,ATOM,ALGO,BCH,LTC,XLM,ETC,LINK,UNI,AAVE,INJ,FIL,VET,FET,GRT,THETA,XTZ,SAND,CHZ,DASH,HBAR;TON,SUI,ICP,MKR,RENDER,RNDR,ARB,OP,MATIC,POL,APT,SEI,EOS,MANA;CHZ,DASH,HBAR;1440;168;0,8;336;1,5;0,5;10,0;8760,0;-0,5163893924318209;-0,1170270119952209;1,1878927398483088;-0,0985164805453436;-0,9875540103534544;0,0110498318078698;557;96,53003533568904;0,5019401127461747
crypto;DOGE;priority_with_coverage_fallback;30;30;BTC,ETH,SOL,XRP,BNB,TRX,ADA,AVAX,DOT,NEAR,ATOM,ALGO,BCH,LTC,XLM,ETC,LINK,UNI,AAVE,INJ,FIL,VET,FET,GRT,THETA,XTZ,SAND,CHZ,DASH,HBAR;TON,SUI,ICP,MKR,RENDER,RNDR,ARB,OP,MATIC,POL,APT,SEI,EOS,MANA;CHZ,DASH,HBAR;1440;168;0,8;336;1,5;0,75;10,0;8760,0;-0,8146028569478097;-0,2507780868283409;1,1605402710989832;-0,216087362992466;-0,9914028892525532;0,0125361808652116;635;74,8380062305296;0,5010198559713608
crypto;DOGE;priority_with_coverage_fallback;30;30;BTC,ETH,SOL,XRP,BNB,TRX,ADA,AVAX,DOT,NEAR,ATOM,ALGO,BCH,LTC,XLM,ETC,LINK,UNI,AAVE,INJ,FIL,VET,FET,GRT,THETA,XTZ,SAND,CHZ,DASH,HBAR;TON,SUI,ICP,MKR,RENDER,RNDR,ARB,OP,MATIC,POL,APT,SEI,EOS,MANA;CHZ,DASH,HBAR;1440;168;0,8;336;1,5;1,0;10,0;8760,0;-0,8980165544210283;-0,3236989996641498;1,1007677446997408;-0,2940665741913122;-0,9924958954749704;0,0156653367754048;796;50,947630922693264;0,5040626529613313
crypto;DOGE;priority_with_coverage_fallback;30;30;BTC,ETH,SOL,XRP,BNB,TRX,ADA,AVAX,DOT,NEAR,ATOM,ALGO,BCH,LTC,XLM,ETC,LINK,UNI,AAVE,INJ,FIL,VET,FET,GRT,THETA,XTZ,SAND,CHZ,DASH,HBAR;TON,SUI,ICP,MKR,RENDER,RNDR,ARB,OP,MATIC,POL,APT,SEI,EOS,MANA;CHZ,DASH,HBAR;1440;168;0,8;336;2,0;0,25;10,0;8760,0;0,0952416180336179;0,015708047549199;1,3499963418009453;0,0116356223071271;-0,9855572727393722;0,0071775013690057;360;146,8858695652174;0,5019055019055019
crypto;DOGE;priority_with_coverage_fallback;30;30;BTC,ETH,SOL,XRP,BNB,TRX,ADA,AVAX,DOT,NEAR,ATOM,ALGO,BCH,LTC,XLM,ETC,LINK,UNI,AAVE,INJ,FIL,VET,FET,GRT,THETA,XTZ,SAND,CHZ,DASH,HBAR;TON,SUI,ICP,MKR,RENDER,RNDR,ARB,OP,MATIC,POL,APT,SEI,EOS,MANA;CHZ,DASH,HBAR;1440;168;0,8;336;2,0;0,5;10,0;8760,0;-0,3391639755665347;-0,0685099440181803;1,1555669685978334;-0,0592868659973124;-0,9823205065770884;0,0078033325510443;397;116,68;0,500514226945492
crypto;DOGE;priority_with_coverage_fallback;30;30;BTC,ETH,SOL,XRP,BNB,TRX,ADA,AVAX,DOT,NEAR,ATOM,ALGO,BCH,LTC,XLM,ETC,LINK,UNI,AAVE,INJ,FIL,VET,FET,GRT,THETA,XTZ,SAND,CHZ,DASH,HBAR;TON,SUI,ICP,MKR,RENDER,RNDR,ARB,OP,MATIC,POL,APT,SEI,EOS,MANA;CHZ,DASH,HBAR;1440;168;0,8;336;2,0;0,75;10,0;8760,0;-0,4360407184313081;-0,0934673626080274;1,1260234842998482;-0,0830065837091707;-0,9864736733320976;0,0083900492842055;428;93,76744186046513;0,5003472222222223
crypto;DOGE;priority_with_coverage_fallback;30;30;BTC,ETH,SOL,XRP,BNB,TRX,ADA,AVAX,DOT,NEAR,ATOM,ALGO,BCH,LTC,XLM,ETC,LINK,UNI,AAVE,INJ,FIL,VET,FET,GRT,THETA,XTZ,SAND,CHZ,DASH,HBAR;TON,SUI,ICP,MKR,RENDER,RNDR,ARB,OP,MATIC,POL,APT,SEI,EOS,MANA;CHZ,DASH,HBAR;1440;168;0,8;336;2,0;1,0;10,0;8760,0;-0,6118492781067275;-0,1496709433365998;1,06455088548229;-0,1405953866346107;-0,9872157115542748;0,0091527810373151;467;70,2905982905983;0,5041950389105059
crypto;DOGE;priority_with_coverage_fallback;30;30;BTC,ETH,SOL,XRP,BNB,TRX,ADA,AVAX,DOT,NEAR,ATOM,ALGO,BCH,LTC,XLM,ETC,LINK,UNI,AAVE,INJ,FIL,VET,FET,GRT,THETA,XTZ,SAND,CHZ,DASH,HBAR;TON,SUI,ICP,MKR,RENDER,RNDR,ARB,OP,MATIC,POL,APT,SEI,EOS,MANA;CHZ,DASH,HBAR;1440;168;0,8;336;2,5;0,25;10,0;8760,0;-0,7081038754870019;-0,1901916890657784;1,268078661006946;-0,149984141295109;-0,985190286377997;0,0051826644762575;263;157,14285714285714;0,5032535885167464
crypto;DOGE;priority_with_coverage_fallback;30;30;BTC,ETH,SOL,XRP,BNB,TRX,ADA,AVAX,DOT,NEAR,ATOM,ALGO,BCH,LTC,XLM,ETC,LINK,UNI,AAVE,INJ,FIL,VET,FET,GRT,THETA,XTZ,SAND,CHZ,DASH,HBAR;TON,SUI,ICP,MKR,RENDER,RNDR,ARB,OP,MATIC,POL,APT,SEI,EOS,MANA;CHZ,DASH,HBAR;1440;168;0,8;336;2,5;0,5;10,0;8760,0;-0,7305728048898775;-0,2012286244637965;1,0700356769001342;-0,1880578646188234;-0,979534590751178;0,0054564656183994;279;123,22857142857144;0,5005796429399489
crypto;DOGE;priority_with_coverage_fallback;30;30;BTC,ETH,SOL,XRP,BNB,TRX,ADA,AVAX,DOT,NEAR,ATOM,ALGO,BCH,LTC,XLM,ETC,LINK,UNI,AAVE,INJ,FIL,VET,FET,GRT,THETA,XTZ,SAND,CHZ,DASH,HBAR;TON,SUI,ICP,MKR,RENDER,RNDR,ARB,OP,MATIC,POL,APT,SEI,EOS,MANA;CHZ,DASH,HBAR;1440;168;0,8;336;2,5;0,75;10,0;8760,0;-0,7889360273044005;-0,2339488724140318;1,0301440592448374;-0,227103064192334;-0,9828074848606276;0,0056911523116639;291;98,64383561643837;0,5017358700180531
crypto;DOGE;priority_with_coverage_fallback;30;30;BTC,ETH,SOL,XRP,BNB,TRX,ADA,AVAX,DOT,NEAR,ATOM,ALGO,BCH,LTC,XLM,ETC,LINK,UNI,AAVE,INJ,FIL,VET,FET,GRT,THETA,XTZ,SAND,CHZ,DASH,HBAR;TON,SUI,ICP,MKR,RENDER,RNDR,ARB,OP,MATIC,POL,APT,SEI,EOS,MANA;CHZ,DASH,HBAR;1440;168;0,8;336;2,5;1,0;10,0;8760,0;-0,8706966049203014;-0,2956315897461482;0,9712772533865776;-0,3043740484144583;-0,985981281340148;0,0059062817804897;302;79,1523178807947;0,5027610441767069
crypto;DOGE;priority_with_coverage_fallback;30;30;BTC,ETH,SOL,XRP,BNB,TRX,ADA,AVAX,DOT,NEAR,ATOM,ALGO,BCH,LTC,XLM,ETC,LINK,UNI,AAVE,INJ,FIL,VET,FET,GRT,THETA,XTZ,SAND,CHZ,DASH,HBAR;TON,SUI,ICP,MKR,RENDER,RNDR,ARB,OP,MATIC,POL,APT,SEI,EOS,MANA;CHZ,DASH,HBAR;1440;168;0,8;336;3,0;0,25;10,0;8760,0;-0,8977593275143836;-0,323407065673252;1,140181535492037;-0,2836452403464752;-0,9754389670898014;0,0035594148478447;182;168,21978021978023;0,5097987980141103
crypto;DOGE;priority_with_coverage_fallback;30;30;BTC,ETH,SOL,XRP,BNB,TRX,ADA,AVAX,DOT,NEAR,ATOM,ALGO,BCH,LTC,XLM,ETC,LINK,UNI,AAVE,INJ,FIL,VET,FET,GRT,THETA,XTZ,SAND,CHZ,DASH,HBAR;TON,SUI,ICP,MKR,RENDER,RNDR,ARB,OP,MATIC,POL,APT,SEI,EOS,MANA;CHZ,DASH,HBAR;1440;168;0,8;336;3,0;0,5;10,0;8760,0;-0,8897486926771208;-0,3146065462763966;0,9179151239771128;-0,3427403450040997;-0,9675896470021992;0,0037158726433544;190;129,45263157894738;0,5059359245405757
crypto;DOGE;priority_with_coverage_fallback;30;30;BTC,ETH,SOL,XRP,BNB,TRX,ADA,AVAX,DOT,NEAR,ATOM,ALGO,BCH,LTC,XLM,ETC,LINK,UNI,AAVE,INJ,FIL,VET,FET,GRT,THETA,XTZ,SAND,CHZ,DASH,HBAR;TON,SUI,ICP,MKR,RENDER,RNDR,ARB,OP,MATIC,POL,APT,SEI,EOS,MANA;CHZ,DASH,HBAR;1440;168;0,8;336;3,0;0,75;10,0;8760,0;-0,908488285713972;-0,3361364085828449;0,8728928466375115;-0,3850832434676064;-0,971550254679046;0,0038723304388641;198;101,23232323232324;0,5099780482937537
crypto;DOGE;priority_with_coverage_fallback;30;30;BTC,ETH,SOL,XRP,BNB,TRX,ADA,AVAX,DOT,NEAR,ATOM,ALGO,BCH,LTC,XLM,ETC,LINK,UNI,AAVE,INJ,FIL,VET,FET,GRT,THETA,XTZ,SAND,CHZ,DASH,HBAR;TON,SUI,ICP,MKR,RENDER,RNDR,ARB,OP,MATIC,POL,APT,SEI,EOS,MANA;CHZ,DASH,HBAR;1440;168;0,8;336;3,0;1,0;10,0;8760,0;-0,9625618137415364;-0,4303888829406541;0,8486224036033625;-0,507161820278567;-0,9827154253538198;0,0039896737854963;204;81,09803921568627;0,5093085106382979
crypto;DOGE;priority_with_coverage_fallback;30;30;BTC,ETH,SOL,XRP,BNB,TRX,ADA,AVAX,DOT,NEAR,ATOM,ALGO,BCH,LTC,XLM,ETC,LINK,UNI,AAVE,INJ,FIL,VET,FET,GRT,THETA,XTZ,SAND,CHZ,DASH,HBAR;TON,SUI,ICP,MKR,RENDER,RNDR,ARB,OP,MATIC,POL,APT,SEI,EOS,MANA;CHZ,DASH,HBAR;1440;336;0,8;336;2,5;0,25;10,0;8760,0;-0,6398262095925795;-0,1604992592273496;1,3660028094387162;-0,1174955557326401;-0,9340312392584638;0,0047915199874833;235;198,5447154471545;0,5045657425985832
crypto;DOGE;priority_with_coverage_fallback;30;30;BTC,ETH,SOL,XRP,BNB,TRX,ADA,AVAX,DOT,NEAR,ATOM,ALGO,BCH,LTC,XLM,ETC,LINK,UNI,AAVE,INJ,FIL,VET,FET,GRT,THETA,XTZ,SAND,CHZ,DASH,HBAR;TON,SUI,ICP,MKR,RENDER,RNDR,ARB,OP,MATIC,POL,APT,SEI,EOS,MANA;CHZ,DASH,HBAR;1440;336;0,8;336;2,5;0,5;10,0;8760,0;-0,870095323706866;-0,2950715179665002;1,1409060048048885;-0,2586291217013637;-0,9627113340682704;0,0049870922318704;249;158,1328125;0,5046193369892792
crypto;DOGE;priority_with_coverage_fallback;30;30;BTC,ETH,SOL,XRP,BNB,TRX,ADA,AVAX,DOT,NEAR,ATOM,ALGO,BCH,LTC,XLM,ETC,LINK,UNI,AAVE,INJ,FIL,VET,FET,GRT,THETA,XTZ,SAND,CHZ,DASH,HBAR;TON,SUI,ICP,MKR,RENDER,RNDR,ARB,OP,MATIC,POL,APT,SEI,EOS,MANA;CHZ,DASH,HBAR;1440;336;0,8;336;2,5;0,75;10,0;8760,0;-0,9420572347756812;-0,3861313778277789;1,0432112286631898;-0,3701372907216329;-0,968200402813149;0,0051044355785026;259;122,54198473282445;0,5017753690898897
crypto;DOGE;priority_with_coverage_fallback;30;30;BTC,ETH,SOL,XRP,BNB,TRX,ADA,AVAX,DOT,NEAR,ATOM,ALGO,BCH,LTC,XLM,ETC,LINK,UNI,AAVE,INJ,FIL,VET,FET,GRT,THETA,XTZ,SAND,CHZ,DASH,HBAR;TON,SUI,ICP,MKR,RENDER,RNDR,ARB,OP,MATIC,POL,APT,SEI,EOS,MANA;CHZ,DASH,HBAR;1440;336;0,8;336;2,5;1,0;10,0;8760,0;-0,9697685776574666;-0,4508762726359175;1,0147410327942386;-0,4443264419832944;-0,9852364574122336;0,0054760228428381;278;92,05;0,5045394583688989
crypto;DOGE;priority_with_coverage_fallback;30;30;BTC,ETH,SOL,XRP,BNB,TRX,ADA,AVAX,DOT,NEAR,ATOM,ALGO,BCH,LTC,XLM,ETC,LINK,UNI,AAVE,INJ,FIL,VET,FET,GRT,THETA,XTZ,SAND,CHZ,DASH,HBAR;TON,SUI,ICP,MKR,RENDER,RNDR,ARB,OP,MATIC,POL,APT,SEI,EOS,MANA;CHZ,DASH,HBAR;1440;336;0,8;336;3,0;0,25;10,0;8760,0;-0,7732640344315593;-0,2244908458771997;1,3463480352098665;-0,1667405752497024;-0,9340312392584638;0,0034225142767738;172;227,20454545454547;0,5109532859857957
crypto;DOGE;priority_with_coverage_fallback;30;30;BTC,ETH,SOL,XRP,BNB,TRX,ADA,AVAX,DOT,NEAR,ATOM,ALGO,BCH,LTC,XLM,ETC,LINK,UNI,AAVE,INJ,FIL,VET,FET,GRT,THETA,XTZ,SAND,CHZ,DASH,HBAR;TON,SUI,ICP,MKR,RENDER,RNDR,ARB,OP,MATIC,POL,APT,SEI,EOS,MANA;CHZ,DASH,HBAR;1440;336;0,8;336;3,0;0,5;10,0;8760,0;-0,8876260691134141;-0,3123636838374451;1,1171585404535396;-0,2796055103429035;-0,9649774706605334;0,003539857623406;180;171,95604395604394;0,510480572597137
crypto;DOGE;priority_with_coverage_fallback;30;30;BTC,ETH,SOL,XRP,BNB,TRX,ADA,AVAX,DOT,NEAR,ATOM,ALGO,BCH,LTC,XLM,ETC,LINK,UNI,AAVE,INJ,FIL,VET,FET,GRT,THETA,XTZ,SAND,CHZ,DASH,HBAR;TON,SUI,ICP,MKR,RENDER,RNDR,ARB,OP,MATIC,POL,APT,SEI,EOS,MANA;CHZ,DASH,HBAR;1440;336;0,8;336;3,0;0,75;10,0;8760,0;-0,9360761555801106;-0,3757125138449309;1,0223312829468387;-0,3675056413826553;-0,9741962786381254;0,0036180865211609;185;132,3548387096774;0,5074335851815744
crypto;DOGE;priority_with_coverage_fallback;30;30;BTC,ETH,SOL,XRP,BNB,TRX,ADA,AVAX,DOT,NEAR,ATOM,ALGO,BCH,LTC,XLM,ETC,LINK,UNI,AAVE,INJ,FIL,VET,FET,GRT,THETA,XTZ,SAND,CHZ,DASH,HBAR;TON,SUI,ICP,MKR,RENDER,RNDR,ARB,OP,MATIC,POL,APT,SEI,EOS,MANA;CHZ,DASH,HBAR;1440;336;0,8;336;3,0;1,0;10,0;8760,0;-0,9710422860771964;-0,4549109258985438;0,9906308079890328;-0,4592133842697734;-0,9878643171792344;0,0037941015411092;194;98,29896907216497;0,5105401153644468
crypto;ATOM;priority_with_coverage_fallback;30;30;BTC,ETH,SOL,XRP,BNB,TRX,ADA,AVAX,DOT,NEAR,ALGO,DOGE,BCH,LTC,XLM,ETC,LINK,UNI,AAVE,INJ,FIL,VET,FET,GRT,THETA,XTZ,SAND,CHZ,DASH,HBAR;TON,SUI,ICP,MKR,RENDER,RNDR,ARB,OP,MATIC,POL,APT,SEI,EOS,MANA;CHZ,DASH,HBAR;1440;24;0,8;336;1,0;0,25;10,0;8760,0;90,55187592129526;1,1680802621757609;0,7104318338563883;1,6441834480236492;-0,5541799692276399;0,0172103575060627;863;82,34772727272727;0,5126542102503243
crypto;ATOM;priority_with_coverage_fallback;30;30;BTC,ETH,SOL,XRP,BNB,TRX,ADA,AVAX,DOT,NEAR,ALGO,DOGE,BCH,LTC,XLM,ETC,LINK,UNI,AAVE,INJ,FIL,VET,FET,GRT,THETA,XTZ,SAND,CHZ,DASH,HBAR;TON,SUI,ICP,MKR,RENDER,RNDR,ARB,OP,MATIC,POL,APT,SEI,EOS,MANA;CHZ,DASH,HBAR;1440;24;0,8;336;1,0;0,5;10,0;8760,0;95,5651075575702;1,1879729787518234;0,6854685333272322;1,733081711257347;-0,5727414618380922;0,0225690370022686;1147;56,21663778162912;0,5144742115485402
crypto;ATOM;priority_with_coverage_fallback;30;30;BTC,ETH,SOL,XRP,BNB,TRX,ADA,AVAX,DOT,NEAR,ALGO,DOGE,BCH,LTC,XLM,ETC,LINK,UNI,AAVE,INJ,FIL,VET,FET,GRT,THETA,XTZ,SAND,CHZ,DASH,HBAR;TON,SUI,ICP,MKR,RENDER,RNDR,ARB,OP,MATIC,POL,APT,SEI,EOS,MANA;CHZ,DASH,HBAR;1440;24;0,8;336;1,0;0,75;10,0;8760,0;57,59570636115958;1,008505574568649;0,6630066441768961;1,5211093032418703;-0,5950319859179691;0,0319565047328483;1629;35,208078335373315;0,5167390926473144
crypto;ATOM;priority_with_coverage_fallback;30;30;BTC,ETH,SOL,XRP,BNB,TRX,ADA,AVAX,DOT,NEAR,ALGO,DOGE,BCH,LTC,XLM,ETC,LINK,UNI,AAVE,INJ,FIL,VET,FET,GRT,THETA,XTZ,SAND,CHZ,DASH,HBAR;TON,SUI,ICP,MKR,RENDER,RNDR,ARB,OP,MATIC,POL,APT,SEI,EOS,MANA;CHZ,DASH,HBAR;1440;24;0,8;336;1,5;0,25;10,0;8760,0;140,09117695614967;1,3348290050538003;0,6623378453556554;2,01532950957534;-0,4913601664583635;0,0113823046233278;574;103,27491408934708;0,5151898312980401
crypto;ATOM;priority_with_coverage_fallback;30;30;BTC,ETH,SOL,XRP,BNB,TRX,ADA,AVAX,DOT,NEAR,ALGO,DOGE,BCH,LTC,XLM,ETC,LINK,UNI,AAVE,INJ,FIL,VET,FET,GRT,THETA,XTZ,SAND,CHZ,DASH,HBAR;TON,SUI,ICP,MKR,RENDER,RNDR,ARB,OP,MATIC,POL,APT,SEI,EOS,MANA;CHZ,DASH,HBAR;1440;24;0,8;336;1,5;0,5;10,0;8760,0;98,7963929983925;1,200345736926284;0,634093535977945;1,8930105241887123;-0,5180693750333554;0,0129468825784244;659;79,70090634441088;0,5170387779083431
crypto;ATOM;priority_with_coverage_fallback;30;30;BTC,ETH,SOL,XRP,BNB,TRX,ADA,AVAX,DOT,NEAR,ALGO,DOGE,BCH,LTC,XLM,ETC,LINK,UNI,AAVE,INJ,FIL,VET,FET,GRT,THETA,XTZ,SAND,CHZ,DASH,HBAR;TON,SUI,ICP,MKR,RENDER,RNDR,ARB,OP,MATIC,POL,APT,SEI,EOS,MANA;CHZ,DASH,HBAR;1440;24;0,8;336;1,5;0,75;10,0;8760,0;71,14101680395925;1,0813550660590965;0,6078225408919599;1,7790637781748646;-0,543212198970505;0,0150981772666823;769;59,101036269430054;0,519002323236751
crypto;ATOM;priority_with_coverage_fallback;30;30;BTC,ETH,SOL,XRP,BNB,TRX,ADA,AVAX,DOT,NEAR,ALGO,DOGE,BCH,LTC,XLM,ETC,LINK,UNI,AAVE,INJ,FIL,VET,FET,GRT,THETA,XTZ,SAND,CHZ,DASH,HBAR;TON,SUI,ICP,MKR,RENDER,RNDR,ARB,OP,MATIC,POL,APT,SEI,EOS,MANA;CHZ,DASH,HBAR;1440;24;0,8;336;1,5;1,0;10,0;8760,0;54,3364296466491;0,9889089828698644;0,5833314394953314;1,69527804591746;-0,5891914014892372;0,0190487366033012;971;40,47227926078029;0,5214611872146119
crypto;ATOM;priority_with_coverage_fallback;30;30;BTC,ETH,SOL,XRP,BNB,TRX,ADA,AVAX,DOT,NEAR,ALGO,DOGE,BCH,LTC,XLM,ETC,LINK,UNI,AAVE,INJ,FIL,VET,FET,GRT,THETA,XTZ,SAND,CHZ,DASH,HBAR;TON,SUI,ICP,MKR,RENDER,RNDR,ARB,OP,MATIC,POL,APT,SEI,EOS,MANA;CHZ,DASH,HBAR;1440;24;0,8;336;2,0;0,25;10,0;8760,0;61,3884414667345;1,0302033933572727;0,6048960010476749;1,7031082889835094;-0,4666600834673594;0,0077446608777282;391;117,46464646464646;0,5185312580617422
crypto;ATOM;priority_with_coverage_fallback;30;30;BTC,ETH,SOL,XRP,BNB,TRX,ADA,AVAX,DOT,NEAR,ALGO,DOGE,BCH,LTC,XLM,ETC,LINK,UNI,AAVE,INJ,FIL,VET,FET,GRT,THETA,XTZ,SAND,CHZ,DASH,HBAR;TON,SUI,ICP,MKR,RENDER,RNDR,ARB,OP,MATIC,POL,APT,SEI,EOS,MANA;CHZ,DASH,HBAR;1440;24;0,8;336;2,0;0,5;10,0;8760,0;40,06989201576399;0,8898656508236111;0,5819066130948163;1,5292241586514086;-0,4764877605027099;0,0084096065086442;427;93,74883720930232;0,5201428854931534
crypto;ATOM;priority_with_coverage_fallback;30;30;BTC,ETH,SOL,XRP,BNB,TRX,ADA,AVAX,DOT,NEAR,ALGO,DOGE,BCH,LTC,XLM,ETC,LINK,UNI,AAVE,INJ,FIL,VET,FET,GRT,THETA,XTZ,SAND,CHZ,DASH,HBAR;TON,SUI,ICP,MKR,RENDER,RNDR,ARB,OP,MATIC,POL,APT,SEI,EOS,MANA;CHZ,DASH,HBAR;1440;24;0,8;336;2,0;0,75;10,0;8760,0;33,59802089558321;0,8351528420730037;0,5549280334741369;1,5049750448621495;-0,5016106473637372;0,0090745521395603;462;74,14224137931035;0,5206674030579618
crypto;ATOM;priority_with_coverage_fallback;30;30;BTC,ETH,SOL,XRP,BNB,TRX,ADA,AVAX,DOT,NEAR,ALGO,DOGE,BCH,LTC,XLM,ETC,LINK,UNI,AAVE,INJ,FIL,VET,FET,GRT,THETA,XTZ,SAND,CHZ,DASH,HBAR;TON,SUI,ICP,MKR,RENDER,RNDR,ARB,OP,MATIC,POL,APT,SEI,EOS,MANA;CHZ,DASH,HBAR;1440;24;0,8;336;2,0;1,0;10,0;8760,0;28,7035313207406;0,7878182863372221;0,532091962957696;1,4806054990156985;-0,554830515781245;0,010365328952515;528;54,99622641509434;0,5229861397008371
crypto;ATOM;priority_with_coverage_fallback;30;30;BTC,ETH,SOL,XRP,BNB,TRX,ADA,AVAX,DOT,NEAR,ALGO,DOGE,BCH,LTC,XLM,ETC,LINK,UNI,AAVE,INJ,FIL,VET,FET,GRT,THETA,XTZ,SAND,CHZ,DASH,HBAR;TON,SUI,ICP,MKR,RENDER,RNDR,ARB,OP,MATIC,POL,APT,SEI,EOS,MANA;CHZ,DASH,HBAR;1440;24;0,8;336;2,5;0,25;10,0;8760,0;153,3290233547985;1,370978734099023;0,5452780102548582;2,5142747521731885;-0,4458614545994118;0,0056324806383478;285;117,83333333333331;0,526049033474776
crypto;ATOM;priority_with_coverage_fallback;30;30;BTC,ETH,SOL,XRP,BNB,TRX,ADA,AVAX,DOT,NEAR,ALGO,DOGE,BCH,LTC,XLM,ETC,LINK,UNI,AAVE,INJ,FIL,VET,FET,GRT,THETA,XTZ,SAND,CHZ,DASH,HBAR;TON,SUI,ICP,MKR,RENDER,RNDR,ARB,OP,MATIC,POL,APT,SEI,EOS,MANA;CHZ,DASH,HBAR;1440;24;0,8;336;2,5;0,5;10,0;8760,0;65,77355514439269;1,0539676039689565;0,5252681524038496;2,006532471358779;-0,4458614545994118;0,00574982398498;291;100,51020408163264;0,5258883248730964
crypto;ATOM;priority_with_coverage_fallback;30;30;BTC,ETH,SOL,XRP,BNB,TRX,ADA,AVAX,DOT,NEAR,ALGO,DOGE,BCH,LTC,XLM,ETC,LINK,UNI,AAVE,INJ,FIL,VET,FET,GRT,THETA,XTZ,SAND,CHZ,DASH,HBAR;TON,SUI,ICP,MKR,RENDER,RNDR,ARB,OP,MATIC,POL,APT,SEI,EOS,MANA;CHZ,DASH,HBAR;1440;24;0,8;336;2,5;0,75;10,0;8760,0;29,796493009780345;0,798920416638865;0,4708994228728211;1,6965839791539403;-0,4008704922891309;0,0059062817804897;300;83,96688741721854;0,525908983358309
crypto;ATOM;priority_with_coverage_fallback;30;30;BTC,ETH,SOL,XRP,BNB,TRX,ADA,AVAX,DOT,NEAR,ALGO,DOGE,BCH,LTC,XLM,ETC,LINK,UNI,AAVE,INJ,FIL,VET,FET,GRT,THETA,XTZ,SAND,CHZ,DASH,HBAR;TON,SUI,ICP,MKR,RENDER,RNDR,ARB,OP,MATIC,POL,APT,SEI,EOS,MANA;CHZ,DASH,HBAR;1440;24;0,8;336;2,5;1,0;10,0;8760,0;18,272494480911092;0,6601113496012156;0,449325843558066;1,4691150288040578;-0,4774895723310228;0,0063365407181412;322;66,3641975308642;0,5265556692400707
crypto;ATOM;priority_with_coverage_fallback;30;30;BTC,ETH,SOL,XRP,BNB,TRX,ADA,AVAX,DOT,NEAR,ALGO,DOGE,BCH,LTC,XLM,ETC,LINK,UNI,AAVE,INJ,FIL,VET,FET,GRT,THETA,XTZ,SAND,CHZ,DASH,HBAR;TON,SUI,ICP,MKR,RENDER,RNDR,ARB,OP,MATIC,POL,APT,SEI,EOS,MANA;CHZ,DASH,HBAR;1440;24;0,8;336;3,0;0,25;10,0;8760,0;121,05243113449384;1,277559956894924;0,5031703473587883;2,5390207582800044;-0,4458614545994119;0,0039505593366189;200;125,21782178217822;0,5304024669882186
crypto;ATOM;priority_with_coverage_fallback;30;30;BTC,ETH,SOL,XRP,BNB,TRX,ADA,AVAX,DOT,NEAR,ALGO,DOGE,BCH,LTC,XLM,ETC,LINK,UNI,AAVE,INJ,FIL,VET,FET,GRT,THETA,XTZ,SAND,CHZ,DASH,HBAR;TON,SUI,ICP,MKR,RENDER,RNDR,ARB,OP,MATIC,POL,APT,SEI,EOS,MANA;CHZ,DASH,HBAR;1440;24;0,8;336;3,0;0,5;10,0;8760,0;54,21783445827428;0,9881780657141924;0,4828304575482312;2,046635729510665;-0,4458614545994118;0,0039505593366189;200;107,0;0,528823910428426
crypto;ATOM;priority_with_coverage_fallback;30;30;BTC,ETH,SOL,XRP,BNB,TRX,ADA,AVAX,DOT,NEAR,ALGO,DOGE,BCH,LTC,XLM,ETC,LINK,UNI,AAVE,INJ,FIL,VET,FET,GRT,THETA,XTZ,SAND,CHZ,DASH,HBAR;TON,SUI,ICP,MKR,RENDER,RNDR,ARB,OP,MATIC,POL,APT,SEI,EOS,MANA;CHZ,DASH,HBAR;1440;24;0,8;336;3,0;0,75;10,0;8760,0;25,889725392174817;0,7575940551785698;0,4293499269037966;1,7645142288525928;-0,352080886824064;0,0041070171321286;209;89,35238095238095;0,5293114474525688
crypto;ATOM;priority_with_coverage_fallback;30;30;BTC,ETH,SOL,XRP,BNB,TRX,ADA,AVAX,DOT,NEAR,ALGO,DOGE,BCH,LTC,XLM,ETC,LINK,UNI,AAVE,INJ,FIL,VET,FET,GRT,THETA,XTZ,SAND,CHZ,DASH,HBAR;TON,SUI,ICP,MKR,RENDER,RNDR,ARB,OP,MATIC,POL,APT,SEI,EOS,MANA;CHZ,DASH,HBAR;1440;24;0,8;336;3,0;1,0;10,0;8760,0;20,044872299076385;0,6853229113424999;0,4098028772621834;1,672323327549612;-0,3520808868240638;0,0042634749276382;217;69,86238532110092;0,532107682206172
crypto;ATOM;priority_with_coverage_fallback;30;30;BTC,ETH,SOL,XRP,BNB,TRX,ADA,AVAX,DOT,NEAR,ALGO,DOGE,BCH,LTC,XLM,ETC,LINK,UNI,AAVE,INJ,FIL,VET,FET,GRT,THETA,XTZ,SAND,CHZ,DASH,HBAR;TON,SUI,ICP,MKR,RENDER,RNDR,ARB,OP,MATIC,POL,APT,SEI,EOS,MANA;CHZ,DASH,HBAR;1440;72;0,8;336;1,0;0,25;10,0;8760,0;42,59702646640781;0,9092986228894016;0,7493283536623268;1,2134848740812;-0,5810205609679963;0,0156457795509661;774;90,5375;0,5092365042109623
crypto;ATOM;priority_with_coverage_fallback;30;30;BTC,ETH,SOL,XRP,BNB,TRX,ADA,AVAX,DOT,NEAR,ALGO,DOGE,BCH,LTC,XLM,ETC,LINK,UNI,AAVE,INJ,FIL,VET,FET,GRT,THETA,XTZ,SAND,CHZ,DASH,HBAR;TON,SUI,ICP,MKR,RENDER,RNDR,ARB,OP,MATIC,POL,APT,SEI,EOS,MANA;CHZ,DASH,HBAR;1440;72;0,8;336;1,0;0,5;10,0;8760,0;17,870832125508578;0,654132001110155;0,7043997457086058;0,9286374748078836;-0,6170128011025136;0,0192834232965657;974;66,24137931034483;0,509416051688765
crypto;ATOM;priority_with_coverage_fallback;30;30;BTC,ETH,SOL,XRP,BNB,TRX,ADA,AVAX,DOT,NEAR,ALGO,DOGE,BCH,LTC,XLM,ETC,LINK,UNI,AAVE,INJ,FIL,VET,FET,GRT,THETA,XTZ,SAND,CHZ,DASH,HBAR;TON,SUI,ICP,MKR,RENDER,RNDR,ARB,OP,MATIC,POL,APT,SEI,EOS,MANA;CHZ,DASH,HBAR;1440;72;0,8;336;1,0;0,75;10,0;8760,0;42,551788113234785;0,9089590586863088;0,677611235357505;1,341416746442738;-0,60007270016148;0,0289446921692873;1472;39,4054054054054;0,5122085048010974
crypto;ATOM;priority_with_coverage_fallback;30;30;BTC,ETH,SOL,XRP,BNB,TRX,ADA,AVAX,DOT,NEAR,ALGO,DOGE,BCH,LTC,XLM,ETC,LINK,UNI,AAVE,INJ,FIL,VET,FET,GRT,THETA,XTZ,SAND,CHZ,DASH,HBAR;TON,SUI,ICP,MKR,RENDER,RNDR,ARB,OP,MATIC,POL,APT,SEI,EOS,MANA;CHZ,DASH,HBAR;1440;72;0,8;336;1,5;0,25;10,0;8760,0;134,01626133841987;1,3172905082291797;0,7016543741409881;1,8774065362905976;-0,5657740429569778;0,0109129312367988;540;110,4910394265233;0,5122781976838485
crypto;ATOM;priority_with_coverage_fallback;30;30;BTC,ETH,SOL,XRP,BNB,TRX,ADA,AVAX,DOT,NEAR,ALGO,DOGE,BCH,LTC,XLM,ETC,LINK,UNI,AAVE,INJ,FIL,VET,FET,GRT,THETA,XTZ,SAND,CHZ,DASH,HBAR;TON,SUI,ICP,MKR,RENDER,RNDR,ARB,OP,MATIC,POL,APT,SEI,EOS,MANA;CHZ,DASH,HBAR;1440;72;0,8;336;1,5;0,5;10,0;8760,0;45,3860169514341;0,9296901413080644;0,6494910384964115;1,431413347072996;-0,6117204934975302;0,0122428224986309;618;86,84984025559105;0,5112198351971748
crypto;ATOM;priority_with_coverage_fallback;30;30;BTC,ETH,SOL,XRP,BNB,TRX,ADA,AVAX,DOT,NEAR,ALGO,DOGE,BCH,LTC,XLM,ETC,LINK,UNI,AAVE,INJ,FIL,VET,FET,GRT,THETA,XTZ,SAND,CHZ,DASH,HBAR;TON,SUI,ICP,MKR,RENDER,RNDR,ARB,OP,MATIC,POL,APT,SEI,EOS,MANA;CHZ,DASH,HBAR;1440;72;0,8;336;1,5;0,75;10,0;8760,0;131,07429248031144;1,308560802847631;0,6177965428336418;2,1181096236726527;-0,5606814638652515;0,0151372917155597;768;59,7390180878553;0,5166745966521044
crypto;ATOM;priority_with_coverage_fallback;30;30;BTC,ETH,SOL,XRP,BNB,TRX,ADA,AVAX,DOT,NEAR,ALGO,DOGE,BCH,LTC,XLM,ETC,LINK,UNI,AAVE,INJ,FIL,VET,FET,GRT,THETA,XTZ,SAND,CHZ,DASH,HBAR;TON,SUI,ICP,MKR,RENDER,RNDR,ARB,OP,MATIC,POL,APT,SEI,EOS,MANA;CHZ,DASH,HBAR;1440;72;0,8;336;1,5;1,0;10,0;8760,0;50,46272556851212;0,9643331453111136;0,589013170543487;1,6372013284886584;-0,6769881375233999;0,01846201987014;938;42,95550847457627;0,5173859432799014
crypto;ATOM;priority_with_coverage_fallback;30;30;BTC,ETH,SOL,XRP,BNB,TRX,ADA,AVAX,DOT,NEAR,ALGO,DOGE,BCH,LTC,XLM,ETC,LINK,UNI,AAVE,INJ,FIL,VET,FET,GRT,THETA,XTZ,SAND,CHZ,DASH,HBAR;TON,SUI,ICP,MKR,RENDER,RNDR,ARB,OP,MATIC,POL,APT,SEI,EOS,MANA;CHZ,DASH,HBAR;1440;72;0,8;336;2,0;0,25;10,0;8760,0;75,00196081927453;1,1000291500649229;0,6314662708650024;1,7420236057233405;-0,4649705112848864;0,007353516388954;365;122,12234042553192;0,5162245742410384
crypto;ATOM;priority_with_coverage_fallback;30;30;BTC,ETH,SOL,XRP,BNB,TRX,ADA,AVAX,DOT,NEAR,ALGO,DOGE,BCH,LTC,XLM,ETC,LINK,UNI,AAVE,INJ,FIL,VET,FET,GRT,THETA,XTZ,SAND,CHZ,DASH,HBAR;TON,SUI,ICP,MKR,RENDER,RNDR,ARB,OP,MATIC,POL,APT,SEI,EOS,MANA;CHZ,DASH,HBAR;1440;72;0,8;336;2,0;0,5;10,0;8760,0;18,656245019281457;0,6657283564217682;0,5908730427541513;1,1266859515517995;-0,484993925789133;0,0077446608777282;392;101,3989898989899;0,514817950889077
crypto;ATOM;priority_with_coverage_fallback;30;30;BTC,ETH,SOL,XRP,BNB,TRX,ADA,AVAX,DOT,NEAR,ALGO,DOGE,BCH,LTC,XLM,ETC,LINK,UNI,AAVE,INJ,FIL,VET,FET,GRT,THETA,XTZ,SAND,CHZ,DASH,HBAR;TON,SUI,ICP,MKR,RENDER,RNDR,ARB,OP,MATIC,POL,APT,SEI,EOS,MANA;CHZ,DASH,HBAR;1440;72;0,8;336;2,0;0,75;10,0;8760,0;23,906566731921345;0,7346756701363706;0,5600014257892121;1,3119174993188445;-0,4930398067555991;0,0085660643041539;434;77,64383561643835;0,5174664784756527
crypto;ATOM;priority_with_coverage_fallback;30;30;BTC,ETH,SOL,XRP,BNB,TRX,ADA,AVAX,DOT,NEAR,ALGO,DOGE,BCH,LTC,XLM,ETC,LINK,UNI,AAVE,INJ,FIL,VET,FET,GRT,THETA,XTZ,SAND,CHZ,DASH,HBAR;TON,SUI,ICP,MKR,RENDER,RNDR,ARB,OP,MATIC,POL,APT,SEI,EOS,MANA;CHZ,DASH,HBAR;1440;72;0,8;336;2,0;1,0;10,0;8760,0;16,585082306500407;0,6342546933993887;0,5330395041464585;1,1898830920890249;-0,6235721884602137;0,0097394977704764;494;59,18875502008032;0,5183878409553535
crypto;ATOM;priority_with_coverage_fallback;30;30;BTC,ETH,SOL,XRP,BNB,TRX,ADA,AVAX,DOT,NEAR,ALGO,DOGE,BCH,LTC,XLM,ETC,LINK,UNI,AAVE,INJ,FIL,VET,FET,GRT,THETA,XTZ,SAND,CHZ,DASH,HBAR;TON,SUI,ICP,MKR,RENDER,RNDR,ARB,OP,MATIC,POL,APT,SEI,EOS,MANA;CHZ,DASH,HBAR;1440;72;0,8;336;2,5;0,25;10,0;8760,0;39,76337775803277;0,8874417413154552;0,5782373674841587;1,5347360638012857;-0,454127240163527;0,0050848783540639;254;133,92307692307693;0,5214819069500287
crypto;ATOM;priority_with_coverage_fallback;30;30;BTC,ETH,SOL,XRP,BNB,TRX,ADA,AVAX,DOT,NEAR,ALGO,DOGE,BCH,LTC,XLM,ETC,LINK,UNI,AAVE,INJ,FIL,VET,FET,GRT,THETA,XTZ,SAND,CHZ,DASH,HBAR;TON,SUI,ICP,MKR,RENDER,RNDR,ARB,OP,MATIC,POL,APT,SEI,EOS,MANA;CHZ,DASH,HBAR;1440;72;0,8;336;2,5;0,5;10,0;8760,0;15,341381737280908;0,6138463835844783;0,5317333058040117;1,1544253047235904;-0,4541272401635262;0,0053195650473284;270;107,58823529411764;0,5214598141060689
crypto;ATOM;priority_with_coverage_fallback;30;30;BTC,ETH,SOL,XRP,BNB,TRX,ADA,AVAX,DOT,NEAR,ALGO,DOGE,BCH,LTC,XLM,ETC,LINK,UNI,AAVE,INJ,FIL,VET,FET,GRT,THETA,XTZ,SAND,CHZ,DASH,HBAR;TON,SUI,ICP,MKR,RENDER,RNDR,ARB,OP,MATIC,POL,APT,SEI,EOS,MANA;CHZ,DASH,HBAR;1440;72;0,8;336;2,5;0,75;10,0;8760,0;19,91214296930723;0,6834971127938296;0,4737407672508837;1,4427660865248335;-0,3619549150909487;0,00574982398498;292;83,53061224489795;0,524228357358091
crypto;ATOM;priority_with_coverage_fallback;30;30;BTC,ETH,SOL,XRP,BNB,TRX,ADA,AVAX,DOT,NEAR,ALGO,DOGE,BCH,LTC,XLM,ETC,LINK,UNI,AAVE,INJ,FIL,VET,FET,GRT,THETA,XTZ,SAND,CHZ,DASH,HBAR;TON,SUI,ICP,MKR,RENDER,RNDR,ARB,OP,MATIC,POL,APT,SEI,EOS,MANA;CHZ,DASH,HBAR;1440;72;0,8;336;2,5;1,0;10,0;8760,0;12,369393542845394;0,5592900441433577;0,4448802531347771;1,257169856837678;-0,5288308258530081;0,006219197371509;316;67,1006289308176;0,5236666979098322
crypto;ATOM;priority_with_coverage_fallback;30;30;BTC,ETH,SOL,XRP,BNB,TRX,ADA,AVAX,DOT,NEAR,ALGO,DOGE,BCH,LTC,XLM,ETC,LINK,UNI,AAVE,INJ,FIL,VET,FET,GRT,THETA,XTZ,SAND,CHZ,DASH,HBAR;TON,SUI,ICP,MKR,RENDER,RNDR,ARB,OP,MATIC,POL,APT,SEI,EOS,MANA;CHZ,DASH,HBAR;1440;72;0,8;336;3,0;0,25;10,0;8760,0;55,49101358786728;0,9959578160349444;0,5461245252400704;1,8236826401398696;-0,4282439369047837;0,0037158726433544;188;138,34736842105264;0,5254508103172791
crypto;ATOM;priority_with_coverage_fallback;30;30;BTC,ETH,SOL,XRP,BNB,TRX,ADA,AVAX,DOT,NEAR,ALGO,DOGE,BCH,LTC,XLM,ETC,LINK,UNI,AAVE,INJ,FIL,VET,FET,GRT,THETA,XTZ,SAND,CHZ,DASH,HBAR;TON,SUI,ICP,MKR,RENDER,RNDR,ARB,OP,MATIC,POL,APT,SEI,EOS,MANA;CHZ,DASH,HBAR;1440;72;0,8;336;3,0;0,5;10,0;8760,0;25,260884572002517;0,7504830237833597;0,4964752002727406;1,5116223798712989;-0,4202521740299688;0,0037549870922318;191;111,625;0,5255692422545726
crypto;ATOM;priority_with_coverage_fallback;30;30;BTC,ETH,SOL,XRP,BNB,TRX,ADA,AVAX,DOT,NEAR,ALGO,DOGE,BCH,LTC,XLM,ETC,LINK,UNI,AAVE,INJ,FIL,VET,FET,GRT,THETA,XTZ,SAND,CHZ,DASH,HBAR;TON,SUI,ICP,MKR,RENDER,RNDR,ARB,OP,MATIC,POL,APT,SEI,EOS,MANA;CHZ,DASH,HBAR;1440;72;0,8;336;3,0;0,75;10,0;8760,0;31,071279369592887;0,8114642977501634;0,4296802453532313;1,8885306143946068;-0,3223599379501938;0,0039505593366189;201;87,44554455445545;0,5301177536231884
crypto;ATOM;priority_with_coverage_fallback;30;30;BTC,ETH,SOL,XRP,BNB,TRX,ADA,AVAX,DOT,NEAR,ALGO,DOGE,BCH,LTC,XLM,ETC,LINK,UNI,AAVE,INJ,FIL,VET,FET,GRT,THETA,XTZ,SAND,CHZ,DASH,HBAR;TON,SUI,ICP,MKR,RENDER,RNDR,ARB,OP,MATIC,POL,APT,SEI,EOS,MANA;CHZ,DASH,HBAR;1440;72;0,8;336;3,0;1,0;10,0;8760,0;18,62612365070187;0,6652907682565075;0,4011188266557849;1,6585877402045213;-0,4120342758711146;0,004146131581006;211;70,54716981132076;0,5308906124632254
crypto;ATOM;priority_with_coverage_fallback;30;30;BTC,ETH,SOL,XRP,BNB,TRX,ADA,AVAX,DOT,NEAR,ALGO,DOGE,BCH,LTC,XLM,ETC,LINK,UNI,AAVE,INJ,FIL,VET,FET,GRT,THETA,XTZ,SAND,CHZ,DASH,HBAR;TON,SUI,ICP,MKR,RENDER,RNDR,ARB,OP,MATIC,POL,APT,SEI,EOS,MANA;CHZ,DASH,HBAR;1440;168;0,8;336;1,0;0,25;10,0;8760,0;166,28653178785416;1,4039542273802583;0,7772569881558248;1,8062934766419791;-0,4823164018400026;0,0142767738402565;697;99,88219178082193;0,509230051841896
crypto;ATOM;priority_with_coverage_fallback;30;30;BTC,ETH,SOL,XRP,BNB,TRX,ADA,AVAX,DOT,NEAR,ALGO,DOGE,BCH,LTC,XLM,ETC,LINK,UNI,AAVE,INJ,FIL,VET,FET,GRT,THETA,XTZ,SAND,CHZ,DASH,HBAR;TON,SUI,ICP,MKR,RENDER,RNDR,ARB,OP,MATIC,POL,APT,SEI,EOS,MANA;CHZ,DASH,HBAR;1440;168;0,8;336;1,0;0,5;10,0;8760,0;53,47215390455589;0,9835523024330008;0,7235404280952831;1,3593605336224237;-0,5752964818092761;0,0181491042791207;910;70,75431034482759;0,5101431617423089
crypto;ATOM;priority_with_coverage_fallback;30;30;BTC,ETH,SOL,XRP,BNB,TRX,ADA,AVAX,DOT,NEAR,ALGO,DOGE,BCH,LTC,XLM,ETC,LINK,UNI,AAVE,INJ,FIL,VET,FET,GRT,THETA,XTZ,SAND,CHZ,DASH,HBAR;TON,SUI,ICP,MKR,RENDER,RNDR,ARB,OP,MATIC,POL,APT,SEI,EOS,MANA;CHZ,DASH,HBAR;1440;168;0,8;336;1,0;0,75;10,0;8760,0;49,01044565914098;0,9547232044532644;0,6965424519806374;1,3706604697796714;-0,5919993701357904;0,0261284518501134;1324;43,967065868263475;0,5115423901940755
crypto;ATOM;priority_with_coverage_fallback;30;30;BTC,ETH,SOL,XRP,BNB,TRX,ADA,AVAX,DOT,NEAR,ALGO,DOGE,BCH,LTC,XLM,ETC,LINK,UNI,AAVE,INJ,FIL,VET,FET,GRT,THETA,XTZ,SAND,CHZ,DASH,HBAR;TON,SUI,ICP,MKR,RENDER,RNDR,ARB,OP,MATIC,POL,APT,SEI,EOS,MANA;CHZ,DASH,HBAR;1440;168;0,8;336;1,5;0,25;10,0;8760,0;233,5494279517708;1,547250182158165;0,7239834223836346;2,1371348214908243;-0,4748324241174279;0,0100132989126183;488;122,51953125;0,5105053403475212
crypto;ATOM;priority_with_coverage_fallback;30;30;BTC,ETH,SOL,XRP,BNB,TRX,ADA,AVAX,DOT,NEAR,ALGO,DOGE,BCH,LTC,XLM,ETC,LINK,UNI,AAVE,INJ,FIL,VET,FET,GRT,THETA,XTZ,SAND,CHZ,DASH,HBAR;TON,SUI,ICP,MKR,RENDER,RNDR,ARB,OP,MATIC,POL,APT,SEI,EOS,MANA;CHZ,DASH,HBAR;1440;168;0,8;336;1,5;0,5;10,0;8760,0;115,08983786150142;1,2581001449640905;0,6675312344284703;1,8847060333307937;-0,5353705461349838;0,0116952202143471;586;92,63210702341136;0,5119327002924504
crypto;ATOM;priority_with_coverage_fallback;30;30;BTC,ETH,SOL,XRP,BNB,TRX,ADA,AVAX,DOT,NEAR,ALGO,DOGE,BCH,LTC,XLM,ETC,LINK,UNI,AAVE,INJ,FIL,VET,FET,GRT,THETA,XTZ,SAND,CHZ,DASH,HBAR;TON,SUI,ICP,MKR,RENDER,RNDR,ARB,OP,MATIC,POL,APT,SEI,EOS,MANA;CHZ,DASH,HBAR;1440;168;0,8;336;1,5;0,75;10,0;8760,0;97,02384476945782;1,1936003840150442;0,638499895705122;1,869382269353234;-0,5762260315030729;0,0136900571070953;693;69,10285714285715;0,5143884892086331
crypto;ATOM;priority_with_coverage_fallback;30;30;BTC,ETH,SOL,XRP,BNB,TRX,ADA,AVAX,DOT,NEAR,ALGO,DOGE,BCH,LTC,XLM,ETC,LINK,UNI,AAVE,INJ,FIL,VET,FET,GRT,THETA,XTZ,SAND,CHZ,DASH,HBAR;TON,SUI,ICP,MKR,RENDER,RNDR,ARB,OP,MATIC,POL,APT,SEI,EOS,MANA;CHZ,DASH,HBAR;1440;168;0,8;336;1,5;1,0;10,0;8760,0;16,992512909145656;0,6406802312522495;0,5851206000043622;1,0949541534642142;-0,6328832306515907;0,0172103575060627;880;47,30909090909091;0,5154208301306688
crypto;ATOM;priority_with_coverage_fallback;30;30;BTC,ETH,SOL,XRP,BNB,TRX,ADA,AVAX,DOT,NEAR,ALGO,DOGE,BCH,LTC,XLM,ETC,LINK,UNI,AAVE,INJ,FIL,VET,FET,GRT,THETA,XTZ,SAND,CHZ,DASH,HBAR;TON,SUI,ICP,MKR,RENDER,RNDR,ARB,OP,MATIC,POL,APT,SEI,EOS,MANA;CHZ,DASH,HBAR;1440;168;0,8;336;2,0;0,25;10,0;8760,0;104,74532035843475;1,2222812643786276;0,6670614489118811;1,832336835493084;-0,478064789726905;0,0074317452867089;370;131,42631578947368;0,5126747026550799
crypto;ATOM;priority_with_coverage_fallback;30;30;BTC,ETH,SOL,XRP,BNB,TRX,ADA,AVAX,DOT,NEAR,ALGO,DOGE,BCH,LTC,XLM,ETC,LINK,UNI,AAVE,INJ,FIL,VET,FET,GRT,THETA,XTZ,SAND,CHZ,DASH,HBAR;TON,SUI,ICP,MKR,RENDER,RNDR,ARB,OP,MATIC,POL,APT,SEI,EOS,MANA;CHZ,DASH,HBAR;1440;168;0,8;336;2,0;0,5;10,0;8760,0;42,73926414013085;0,9103643760880884;0,6081786704273806;1,496869950155199;-0,5637483156442045;0,0079011186732378;401;103,93069306930693;0,5141945317709822
crypto;ATOM;priority_with_coverage_fallback;30;30;BTC,ETH,SOL,XRP,BNB,TRX,ADA,AVAX,DOT,NEAR,ALGO,DOGE,BCH,LTC,XLM,ETC,LINK,UNI,AAVE,INJ,FIL,VET,FET,GRT,THETA,XTZ,SAND,CHZ,DASH,HBAR;TON,SUI,ICP,MKR,RENDER,RNDR,ARB,OP,MATIC,POL,APT,SEI,EOS,MANA;CHZ,DASH,HBAR;1440;168;0,8;336;2,0;0,75;10,0;8760,0;26,524959428908492;0,7646388148910548;0,5735418173849128;1,3331875579316197;-0,599467540844086;0,0084487209575217;430;84,375;0,5165432098765432
crypto;ATOM;priority_with_coverage_fallback;30;30;BTC,ETH,SOL,XRP,BNB,TRX,ADA,AVAX,DOT,NEAR,ALGO,DOGE,BCH,LTC,XLM,ETC,LINK,UNI,AAVE,INJ,FIL,VET,FET,GRT,THETA,XTZ,SAND,CHZ,DASH,HBAR;TON,SUI,ICP,MKR,RENDER,RNDR,ARB,OP,MATIC,POL,APT,SEI,EOS,MANA;CHZ,DASH,HBAR;1440;168;0,8;336;2,0;1,0;10,0;8760,0;8,233591520548508;0,4634859004486094;0,5391742453766212;0,8596217353164887;-0,646252160173564;0,0091918954861926;470;64,47659574468085;0,5174894403379092
crypto;ATOM;priority_with_coverage_fallback;30;30;BTC,ETH,SOL,XRP,BNB,TRX,ADA,AVAX,DOT,NEAR,ALGO,DOGE,BCH,LTC,XLM,ETC,LINK,UNI,AAVE,INJ,FIL,VET,FET,GRT,THETA,XTZ,SAND,CHZ,DASH,HBAR;TON,SUI,ICP,MKR,RENDER,RNDR,ARB,OP,MATIC,POL,APT,SEI,EOS,MANA;CHZ,DASH,HBAR;1440;168;0,8;336;2,5;0,25;10,0;8760,0;107,68085564961068;1,2327307773926717;0,6273404940398521;1,9650106905331728;-0,4641753915453263;0,0053977939450833;270;137,8768115942029;0,5156356756188574
crypto;ATOM;priority_with_coverage_fallback;30;30;BTC,ETH,SOL,XRP,BNB,TRX,ADA,AVAX,DOT,NEAR,ALGO,DOGE,BCH,LTC,XLM,ETC,LINK,UNI,AAVE,INJ,FIL,VET,FET,GRT,THETA,XTZ,SAND,CHZ,DASH,HBAR;TON,SUI,ICP,MKR,RENDER,RNDR,ARB,OP,MATIC,POL,APT,SEI,EOS,MANA;CHZ,DASH,HBAR;1440;168;0,8;336;2,5;0,5;10,0;8760,0;49,89686178583666;0,9606157991552038;0,5489282974296783;1,7499841120474675;-0,4641753915453255;0,0057107095361026;291;109,16438356164385;0,5194503701844648
crypto;ATOM;priority_with_coverage_fallback;30;30;BTC,ETH,SOL,XRP,BNB,TRX,ADA,AVAX,DOT,NEAR,ALGO,DOGE,BCH,LTC,XLM,ETC,LINK,UNI,AAVE,INJ,FIL,VET,FET,GRT,THETA,XTZ,SAND,CHZ,DASH,HBAR;TON,SUI,ICP,MKR,RENDER,RNDR,ARB,OP,MATIC,POL,APT,SEI,EOS,MANA;CHZ,DASH,HBAR;1440;168;0,8;336;2,5;0,75;10,0;8760,0;24,715901404426603;0,7442052034933506;0,4848271630046264;1,5349907354226544;-0,3728636598444749;0,0059062817804897;302;91,96688741721854;0,5205587959962555
crypto;ATOM;priority_with_coverage_fallback;30;30;BTC,ETH,SOL,XRP,BNB,TRX,ADA,AVAX,DOT,NEAR,ALGO,DOGE,BCH,LTC,XLM,ETC,LINK,UNI,AAVE,INJ,FIL,VET,FET,GRT,THETA,XTZ,SAND,CHZ,DASH,HBAR;TON,SUI,ICP,MKR,RENDER,RNDR,ARB,OP,MATIC,POL,APT,SEI,EOS,MANA;CHZ,DASH,HBAR;1440;168;0,8;336;2,5;1,0;10,0;8760,0;8,332687435118537;0,4661648347056508;0,4496261168744387;1,0367832677207018;-0,4509571075472668;0,0061409684737542;314;72,87898089171975;0,5204509701101206
crypto;ATOM;priority_with_coverage_fallback;30;30;BTC,ETH,SOL,XRP,BNB,TRX,ADA,AVAX,DOT,NEAR,ALGO,DOGE,BCH,LTC,XLM,ETC,LINK,UNI,AAVE,INJ,FIL,VET,FET,GRT,THETA,XTZ,SAND,CHZ,DASH,HBAR;TON,SUI,ICP,MKR,RENDER,RNDR,ARB,OP,MATIC,POL,APT,SEI,EOS,MANA;CHZ,DASH,HBAR;1440;168;0,8;336;3,0;0,25;10,0;8760,0;22,424950092445663;0,7165446793045294;0,5443162627103341;1,3164124028494244;-0,4831755432357538;0,0035203003989673;178;146,22222222222223;0,5191489361702127
crypto;ATOM;priority_with_coverage_fallback;30;30;BTC,ETH,SOL,XRP,BNB,TRX,ADA,AVAX,DOT,NEAR,ALGO,DOGE,BCH,LTC,XLM,ETC,LINK,UNI,AAVE,INJ,FIL,VET,FET,GRT,THETA,XTZ,SAND,CHZ,DASH,HBAR;TON,SUI,ICP,MKR,RENDER,RNDR,ARB,OP,MATIC,POL,APT,SEI,EOS,MANA;CHZ,DASH,HBAR;1440;168;0,8;336;3,0;0,5;10,0;8760,0;19,62410362074673;0,6795016291313851;0,4839844101462079;1,4039742084380629;-0,4323271101856959;0,0035985292967222;183;120,54347826086956;0,5229035166816952
crypto;ATOM;priority_with_coverage_fallback;30;30;BTC,ETH,SOL,XRP,BNB,TRX,ADA,AVAX,DOT,NEAR,ALGO,DOGE,BCH,LTC,XLM,ETC,LINK,UNI,AAVE,INJ,FIL,VET,FET,GRT,THETA,XTZ,SAND,CHZ,DASH,HBAR;TON,SUI,ICP,MKR,RENDER,RNDR,ARB,OP,MATIC,POL,APT,SEI,EOS,MANA;CHZ,DASH,HBAR;1440;168;0,8;336;3,0;0,75;10,0;8760,0;14,3364711041455;0,596393708168828;0,4123904905741263;1,4461868588156193;-0,4146409453189511;0,0036376437455996;186;99,6774193548387;0,5264293419633226
crypto;ATOM;priority_with_coverage_fallback;30;30;BTC,ETH,SOL,XRP,BNB,TRX,ADA,AVAX,DOT,NEAR,ALGO,DOGE,BCH,LTC,XLM,ETC,LINK,UNI,AAVE,INJ,FIL,VET,FET,GRT,THETA,XTZ,SAND,CHZ,DASH,HBAR;TON,SUI,ICP,MKR,RENDER,RNDR,ARB,OP,MATIC,POL,APT,SEI,EOS,MANA;CHZ,DASH,HBAR;1440;168;0,8;336;3,0;1,0;10,0;8760,0;6,367508533534972;0,4079605578271237;0,3848065450632142;1,0601705274012578;-0,4228153609005404;0,003676758194477;188;81,18085106382979;0,5254881404796226
crypto;ATOM;priority_with_coverage_fallback;30;30;BTC,ETH,SOL,XRP,BNB,TRX,ADA,AVAX,DOT,NEAR,ALGO,DOGE,BCH,LTC,XLM,ETC,LINK,UNI,AAVE,INJ,FIL,VET,FET,GRT,THETA,XTZ,SAND,CHZ,DASH,HBAR;TON,SUI,ICP,MKR,RENDER,RNDR,ARB,OP,MATIC,POL,APT,SEI,EOS,MANA;CHZ,DASH,HBAR;1440;336;0,8;336;1,0;0,25;10,0;8760,0;222,78272684532044;1,5268258349707011;0,8538990589889968;1,788063611146778;-0,5730701456605798;0,0144919033090823;704;100,91913746630728;0,5099489864052776
crypto;ATOM;priority_with_coverage_fallback;30;30;BTC,ETH,SOL,XRP,BNB,TRX,ADA,AVAX,DOT,NEAR,ALGO,DOGE,BCH,LTC,XLM,ETC,LINK,UNI,AAVE,INJ,FIL,VET,FET,GRT,THETA,XTZ,SAND,CHZ,DASH,HBAR;TON,SUI,ICP,MKR,RENDER,RNDR,ARB,OP,MATIC,POL,APT,SEI,EOS,MANA;CHZ,DASH,HBAR;1440;336;0,8;336;1,0;0,5;10,0;8760,0;117,7890730455238;1,2670096937767044;0,8265231229025858;1,53293919875734;-0,6230563637847115;0,0175037158726433;866;75,55803571428571;0,5087149187592319
crypto;ATOM;priority_with_coverage_fallback;30;30;BTC,ETH,SOL,XRP,BNB,TRX,ADA,AVAX,DOT,NEAR,ALGO,DOGE,BCH,LTC,XLM,ETC,LINK,UNI,AAVE,INJ,FIL,VET,FET,GRT,THETA,XTZ,SAND,CHZ,DASH,HBAR;TON,SUI,ICP,MKR,RENDER,RNDR,ARB,OP,MATIC,POL,APT,SEI,EOS,MANA;CHZ,DASH,HBAR;1440;336;0,8;336;1,0;0,75;10,0;8760,0;78,09978800894997;1,1144520304207406;0,803274156595302;1,3873868856236755;-0,6377847115114066;0,0247398889149651;1240;47,92733017377567;0,5095260069879359
crypto;ATOM;priority_with_coverage_fallback;30;30;BTC,ETH,SOL,XRP,BNB,TRX,ADA,AVAX,DOT,NEAR,ALGO,DOGE,BCH,LTC,XLM,ETC,LINK,UNI,AAVE,INJ,FIL,VET,FET,GRT,THETA,XTZ,SAND,CHZ,DASH,HBAR;TON,SUI,ICP,MKR,RENDER,RNDR,ARB,OP,MATIC,POL,APT,SEI,EOS,MANA;CHZ,DASH,HBAR;1440;336;0,8;336;1,5;0,25;10,0;8760,0;108,2503063648492;1,2347306848895108;0,8114567674400616;1,5216222655764768;-0,5335589999291659;0,009895955565986;484;127,2292490118577;0,5109509459753332
crypto;ATOM;priority_with_coverage_fallback;30;30;BTC,ETH,SOL,XRP,BNB,TRX,ADA,AVAX,DOT,NEAR,ALGO,DOGE,BCH,LTC,XLM,ETC,LINK,UNI,AAVE,INJ,FIL,VET,FET,GRT,THETA,XTZ,SAND,CHZ,DASH,HBAR;TON,SUI,ICP,MKR,RENDER,RNDR,ARB,OP,MATIC,POL,APT,SEI,EOS,MANA;CHZ,DASH,HBAR;1440;336;0,8;336;1,5;0,5;10,0;8760,0;60,86922716070801;1,027298728808452;0,7700588003630802;1,3340523195424607;-0,5813400925463788;0,0109911601345537;547;102,5373665480427;0,511401103668483
crypto;ATOM;priority_with_coverage_fallback;30;30;BTC,ETH,SOL,XRP,BNB,TRX,ADA,AVAX,DOT,NEAR,ALGO,DOGE,BCH,LTC,XLM,ETC,LINK,UNI,AAVE,INJ,FIL,VET,FET,GRT,THETA,XTZ,SAND,CHZ,DASH,HBAR;TON,SUI,ICP,MKR,RENDER,RNDR,ARB,OP,MATIC,POL,APT,SEI,EOS,MANA;CHZ,DASH,HBAR;1440;336;0,8;336;1,5;0,75;10,0;8760,0;51,23174921236894;0,969331193389751;0,7446679509105292;1,3016958661971674;-0,5875518649398574;0,0129468825784244;650;76,1510574018127;0,5123780052368484
crypto;ATOM;priority_with_coverage_fallback;30;30;BTC,ETH,SOL,XRP,BNB,TRX,ADA,AVAX,DOT,NEAR,ALGO,DOGE,BCH,LTC,XLM,ETC,LINK,UNI,AAVE,INJ,FIL,VET,FET,GRT,THETA,XTZ,SAND,CHZ,DASH,HBAR;TON,SUI,ICP,MKR,RENDER,RNDR,ARB,OP,MATIC,POL,APT,SEI,EOS,MANA;CHZ,DASH,HBAR;1440;336;0,8;336;1,5;1,0;10,0;8760,0;12,90135882103242;0,5697483626395505;0,7058490075376451;0,8071816444527112;-0,612457972862186;0,0154110928577016;781;55,53807106598985;0,5109679188374006
crypto;ATOM;priority_with_coverage_fallback;30;30;BTC,ETH,SOL,XRP,BNB,TRX,ADA,AVAX,DOT,NEAR,ALGO,DOGE,BCH,LTC,XLM,ETC,LINK,UNI,AAVE,INJ,FIL,VET,FET,GRT,THETA,XTZ,SAND,CHZ,DASH,HBAR;TON,SUI,ICP,MKR,RENDER,RNDR,ARB,OP,MATIC,POL,APT,SEI,EOS,MANA;CHZ,DASH,HBAR;1440;336;0,8;336;2,0;0,25;10,0;8760,0;69,14438797265996;1,0713709582602564;0,7472811056375185;1,4336920205499526;-0,5232984258964624;0,0070406007979347;341;148,12777777777777;0,5125454750028129
crypto;ATOM;priority_with_coverage_fallback;30;30;BTC,ETH,SOL,XRP,BNB,TRX,ADA,AVAX,DOT,NEAR,ALGO,DOGE,BCH,LTC,XLM,ETC,LINK,UNI,AAVE,INJ,FIL,VET,FET,GRT,THETA,XTZ,SAND,CHZ,DASH,HBAR;TON,SUI,ICP,MKR,RENDER,RNDR,ARB,OP,MATIC,POL,APT,SEI,EOS,MANA;CHZ,DASH,HBAR;1440;336;0,8;336;2,0;0,5;10,0;8760,0;26,74530685781294;0,7670510106184358;0,6979736452879397;1,0989684435749707;-0,5501125103016397;0,0075490886333411;375;120,88082901554404;0,5129018431204457
crypto;ATOM;priority_with_coverage_fallback;30;30;BTC,ETH,SOL,XRP,BNB,TRX,ADA,AVAX,DOT,NEAR,ALGO,DOGE,BCH,LTC,XLM,ETC,LINK,UNI,AAVE,INJ,FIL,VET,FET,GRT,THETA,XTZ,SAND,CHZ,DASH,HBAR;TON,SUI,ICP,MKR,RENDER,RNDR,ARB,OP,MATIC,POL,APT,SEI,EOS,MANA;CHZ,DASH,HBAR;1440;336;0,8;336;2,0;0,75;10,0;8760,0;13,868731673338427;0,5879450737525762;0,6582211288143333;0,8932333649204688;-0,6415545088563996;0,0080966909176249;407;97,3671497584541;0,5137186802282312
crypto;ATOM;priority_with_coverage_fallback;30;30;BTC,ETH,SOL,XRP,BNB,TRX,ADA,AVAX,DOT,NEAR,ALGO,DOGE,BCH,LTC,XLM,ETC,LINK,UNI,AAVE,INJ,FIL,VET,FET,GRT,THETA,XTZ,SAND,CHZ,DASH,HBAR;TON,SUI,ICP,MKR,RENDER,RNDR,ARB,OP,MATIC,POL,APT,SEI,EOS,MANA;CHZ,DASH,HBAR;1440;336;0,8;336;2,0;1,0;10,0;8760,0;7,381168226708377;0,4394007488879556;0,6139974367307736;0,7156393864240588;-0,6211701500807213;0,0091136665884377;462;73,72532188841201;0,5142624286878565
crypto;ATOM;priority_with_coverage_fallback;30;30;BTC,ETH,SOL,XRP,BNB,TRX,ADA,AVAX,DOT,NEAR,ALGO,DOGE,BCH,LTC,XLM,ETC,LINK,UNI,AAVE,INJ,FIL,VET,FET,GRT,THETA,XTZ,SAND,CHZ,DASH,HBAR;TON,SUI,ICP,MKR,RENDER,RNDR,ARB,OP,MATIC,POL,APT,SEI,EOS,MANA;CHZ,DASH,HBAR;1440;336;0,8;336;2,5;0,25;10,0;8760,0;28,29432251287633;0,7835743931045225;0,7162469703378553;1,0940002897812031;-0,5277991692845654;0,0050848783540639;251;172,45384615384614;0,5131361791337704
crypto;ATOM;priority_with_coverage_fallback;30;30;BTC,ETH,SOL,XRP,BNB,TRX,ADA,AVAX,DOT,NEAR,ALGO,DOGE,BCH,LTC,XLM,ETC,LINK,UNI,AAVE,INJ,FIL,VET,FET,GRT,THETA,XTZ,SAND,CHZ,DASH,HBAR;TON,SUI,ICP,MKR,RENDER,RNDR,ARB,OP,MATIC,POL,APT,SEI,EOS,MANA;CHZ,DASH,HBAR;1440;336;0,8;336;2,5;0,5;10,0;8760,0;12,939133552547412;0,5704783192712828;0,6590326816914054;0,8656297860785173;-0,5838535177588039;0,005280450598451;263;137,6074074074074;0,5141842062765786
crypto;ATOM;priority_with_coverage_fallback;30;30;BTC,ETH,SOL,XRP,BNB,TRX,ADA,AVAX,DOT,NEAR,ALGO,DOGE,BCH,LTC,XLM,ETC,LINK,UNI,AAVE,INJ,FIL,VET,FET,GRT,THETA,XTZ,SAND,CHZ,DASH,HBAR;TON,SUI,ICP,MKR,RENDER,RNDR,ARB,OP,MATIC,POL,APT,SEI,EOS,MANA;CHZ,DASH,HBAR;1440;336;0,8;336;2,5;0,75;10,0;8760,0;3,6269610349974286;0,300107726542278;0,5519423286186117;0,5437302250280035;-0,5672014002435914;0,0053977939450833;273;114,14492753623188;0,5136490604367699
crypto;ATOM;priority_with_coverage_fallback;30;30;BTC,ETH,SOL,XRP,BNB,TRX,ADA,AVAX,DOT,NEAR,ALGO,DOGE,BCH,LTC,XLM,ETC,LINK,UNI,AAVE,INJ,FIL,VET,FET,GRT,THETA,XTZ,SAND,CHZ,DASH,HBAR;TON,SUI,ICP,MKR,RENDER,RNDR,ARB,OP,MATIC,POL,APT,SEI,EOS,MANA;CHZ,DASH,HBAR;1440;336;0,8;336;2,5;1,0;10,0;8760,0;1,323230145156174;0,1553654928921919;0,4698947032828552;0,3306389533798787;-0,6041892714950927;0,0058280528827348;297;89,41610738255034;0,5132477670194401
crypto;ATOM;priority_with_coverage_fallback;30;30;BTC,ETH,SOL,XRP,BNB,TRX,ADA,AVAX,DOT,NEAR,ALGO,DOGE,BCH,LTC,XLM,ETC,LINK,UNI,AAVE,INJ,FIL,VET,FET,GRT,THETA,XTZ,SAND,CHZ,DASH,HBAR;TON,SUI,ICP,MKR,RENDER,RNDR,ARB,OP,MATIC,POL,APT,SEI,EOS,MANA;CHZ,DASH,HBAR;1440;336;0,8;336;3,0;0,25;10,0;8760,0;20,003292290610695;0,6847519738747381;0,6459063928322558;1,0601411930173767;-0,5150898337090026;0,0037158726433544;185;186,06315789473683;0,5155012446254809
crypto;ATOM;priority_with_coverage_fallback;30;30;BTC,ETH,SOL,XRP,BNB,TRX,ADA,AVAX,DOT,NEAR,ALGO,DOGE,BCH,LTC,XLM,ETC,LINK,UNI,AAVE,INJ,FIL,VET,FET,GRT,THETA,XTZ,SAND,CHZ,DASH,HBAR;TON,SUI,ICP,MKR,RENDER,RNDR,ARB,OP,MATIC,POL,APT,SEI,EOS,MANA;CHZ,DASH,HBAR;1440;336;0,8;336;3,0;0,5;10,0;8760,0;7,819177843690188;0,4520178593348702;0,5882941944900532;0,7683534251543815;-0,5150898337090024;0,0037549870922318;188;149,85416666666666;0,5167523981648825
crypto;ATOM;priority_with_coverage_fallback;30;30;BTC,ETH,SOL,XRP,BNB,TRX,ADA,AVAX,DOT,NEAR,ALGO,DOGE,BCH,LTC,XLM,ETC,LINK,UNI,AAVE,INJ,FIL,VET,FET,GRT,THETA,XTZ,SAND,CHZ,DASH,HBAR;TON,SUI,ICP,MKR,RENDER,RNDR,ARB,OP,MATIC,POL,APT,SEI,EOS,MANA;CHZ,DASH,HBAR;1440;336;0,8;336;3,0;0,75;10,0;8760,0;2,1279075966347283;0,215759124253775;0,4674003840824612;0,4616152052962577;-0,504350086837168;0,0037941015411092;193;123,78350515463916;0,5160323144832181
crypto;ATOM;priority_with_coverage_fallback;30;30;BTC,ETH,SOL,XRP,BNB,TRX,ADA,AVAX,DOT,NEAR,ALGO,DOGE,BCH,LTC,XLM,ETC,LINK,UNI,AAVE,INJ,FIL,VET,FET,GRT,THETA,XTZ,SAND,CHZ,DASH,HBAR;TON,SUI,ICP,MKR,RENDER,RNDR,ARB,OP,MATIC,POL,APT,SEI,EOS,MANA;CHZ,DASH,HBAR;1440;336;0,8;336;3,0;1,0;10,0;8760,0;1,969731989250776;0,2049985614508207;0,4100307119201967;0,4999590408503817;-0,5467093624545182;0,0039505593366189;201;98,3960396039604;0,5158985711410746
russia;AFKS;coverage;30;25;AFLT,ALRS,CHMF,GAZP,GMKN,HYDR,IRAO,LKOH,MAGN,MGNT,MOEX,MTSS,NLMK,NVTK,PHOR,PLZL,RASP,ROSN,RTKM,SBER,SNGS,TATN,TRNFP,VTBR,YDEX;;;252;5;0,8;60;1,0;0,25;10,0;252,0;10,121726662206038;0,2514866970083975;0,3191663431091148;0,7879486745330808;-0,2804752808422395;0,0668883961566888;169;20,846153846153847;0,5150237216657881
russia;AFKS;coverage;30;25;AFLT,ALRS,CHMF,GAZP,GMKN,HYDR,IRAO,LKOH,MAGN,MGNT,MOEX,MTSS,NLMK,NVTK,PHOR,PLZL,RASP,ROSN,RTKM,SBER,SNGS,TATN,TRNFP,VTBR,YDEX;;;252;5;0,8;60;1,0;0,5;10,0;252,0;8,502854691451525;0,2332866122532613;0,3047170367254813;0,7655844082765497;-0,2598552404359155;0,08130081300813;214;15,354545454545455;0,5174659561870929
russia;AFKS;coverage;30;25;AFLT,ALRS,CHMF,GAZP,GMKN,HYDR,IRAO,LKOH,MAGN,MGNT,MOEX,MTSS,NLMK,NVTK,PHOR,PLZL,RASP,ROSN,RTKM,SBER,SNGS,TATN,TRNFP,VTBR,YDEX;;;252;5;0,8;60;1,0;0,75;10,0;252,0;6,253245610238849;0,2026472727907233;0,2881599258232493;0,7032458528429195;-0,3111371267251753;0,106430155210643;285;10,569444444444445;0,519053876478318
russia;AFKS;coverage;30;25;AFLT,ALRS,CHMF,GAZP,GMKN,HYDR,IRAO,LKOH,MAGN,MGNT,MOEX,MTSS,NLMK,NVTK,PHOR,PLZL,RASP,ROSN,RTKM,SBER,SNGS,TATN,TRNFP,VTBR,YDEX;;;252;5;0,8;60;1,5;0,25;10,0;252,0;8,13152620051844;0,2287171850083462;0,2881608575586113;0,7937135770142746;-0,2804752808422395;0,0480413895048041;123;24,476923076923075;0,5153991200502829
russia;AFKS;coverage;30;25;AFLT,ALRS,CHMF,GAZP,GMKN,HYDR,IRAO,LKOH,MAGN,MGNT,MOEX,MTSS,NLMK,NVTK,PHOR,PLZL,RASP,ROSN,RTKM,SBER,SNGS,TATN,TRNFP,VTBR,YDEX;;;252;5;0,8;60;1,5;0,5;10,0;252,0;6,094018597272356;0,2001638097365283;0,2707248804438369;0,7393624457728895;-0,2927032855213264;0,0539541759053954;143;19,123287671232877;0,5193409742120344
russia;AFKS;coverage;30;25;AFLT,ALRS,CHMF,GAZP,GMKN,HYDR,IRAO,LKOH,MAGN,MGNT,MOEX,MTSS,NLMK,NVTK,PHOR,PLZL,RASP,ROSN,RTKM,SBER,SNGS,TATN,TRNFP,VTBR,YDEX;;;252;5;0,8;60;1,5;0,75;10,0;252,0;4,742513549560003;0,1767722766580706;0,2557950355038266;0,6910700057563319;-0,2773110227795605;0,0613451589061345;165;14,91566265060241;0,5226171243941842
russia;AFKS;coverage;30;25;AFLT,ALRS,CHMF,GAZP,GMKN,HYDR,IRAO,LKOH,MAGN,MGNT,MOEX,MTSS,NLMK,NVTK,PHOR,PLZL,RASP,ROSN,RTKM,SBER,SNGS,TATN,TRNFP,VTBR,YDEX;;;252;5;0,8;60;1,5;1,0;10,0;252,0;3,783051952057109;0,1569070808993529;0,2411246663371881;0,6507301110369789;-0,2668356230413239;0,073170731707317;197;10,333333333333334;0,5288367546432062
russia;AFKS;coverage;30;25;AFLT,ALRS,CHMF,GAZP,GMKN,HYDR,IRAO,LKOH,MAGN,MGNT,MOEX,MTSS,NLMK,NVTK,PHOR,PLZL,RASP,ROSN,RTKM,SBER,SNGS,TATN,TRNFP,VTBR,YDEX;;;252;5;0,8;60;2,0;0,25;10,0;252,0;11,77022852162765;0,2676993978150501;0,2542497039412963;1,0528995458608643;-0,2266960571148516;0,0384331116038433;100;25,903846153846153;0,5285820341499629
russia;AFKS;coverage;30;25;AFLT,ALRS,CHMF,GAZP,GMKN,HYDR,IRAO,LKOH,MAGN,MGNT,MOEX,MTSS,NLMK,NVTK,PHOR,PLZL,RASP,ROSN,RTKM,SBER,SNGS,TATN,TRNFP,VTBR,YDEX;;;252;5;0,8;60;2,0;0,5;10,0;252,0;6,911763631413263;0,2124195935870945;0,2375027652079266;0,8943878754469552;-0,2333480639446874;0,0413895048041389;112;20,535714285714285;0,5269565217391304
russia;AFKS;coverage;30;25;AFLT,ALRS,CHMF,GAZP,GMKN,HYDR,IRAO,LKOH,MAGN,MGNT,MOEX,MTSS,NLMK,NVTK,PHOR,PLZL,RASP,ROSN,RTKM,SBER,SNGS,TATN,TRNFP,VTBR,YDEX;;;252;5;0,8;60;2,0;0,75;10,0;252,0;6,355869942279901;0,2042218310037147;0,2179880226408396;0,9368488622890702;-0,2211993545653033;0,0465631929046563;126;15,428571428571429;0,5380658436213992
russia;AFKS;coverage;30;25;AFLT,ALRS,CHMF,GAZP,GMKN,HYDR,IRAO,LKOH,MAGN,MGNT,MOEX,MTSS,NLMK,NVTK,PHOR,PLZL,RASP,ROSN,RTKM,SBER,SNGS,TATN,TRNFP,VTBR,YDEX;;;252;5;0,8;60;2,0;1,0;10,0;252,0;4,125982703650077;0,1643913739765068;0,2021803974342876;0,8130925453835703;-0,1826378740262935;0,048780487804878;132;11,696969696969695;0,5401554404145078
russia;AFKS;coverage;30;25;AFLT,ALRS,CHMF,GAZP,GMKN,HYDR,IRAO,LKOH,MAGN,MGNT,MOEX,MTSS,NLMK,NVTK,PHOR,PLZL,RASP,ROSN,RTKM,SBER,SNGS,TATN,TRNFP,VTBR,YDEX;;;252;5;0,8;60;2,5;0,25;10,0;252,0;13,46768283179908;0,2825188680436701;0,2294247803169498;1,231422637316557;-0,2096216438996599;0,0280857354028085;73;27,789473684210527;0,5321969696969697
russia;AFKS;coverage;30;25;AFLT,ALRS,CHMF,GAZP,GMKN,HYDR,IRAO,LKOH,MAGN,MGNT,MOEX,MTSS,NLMK,NVTK,PHOR,PLZL,RASP,ROSN,RTKM,SBER,SNGS,TATN,TRNFP,VTBR,YDEX;;;252;5;0,8;60;2,5;0,5;10,0;252,0;6,462648198805158;0,2058391149459832;0,205551922121697;1,001397178977077;-0,2158337913646774;0,0288248337028824;78;21,666666666666668;0,5289940828402366
russia;AFKS;coverage;30;25;AFLT,ALRS,CHMF,GAZP,GMKN,HYDR,IRAO,LKOH,MAGN,MGNT,MOEX,MTSS,NLMK,NVTK,PHOR,PLZL,RASP,ROSN,RTKM,SBER,SNGS,TATN,TRNFP,VTBR,YDEX;;;252;5;0,8;60;2,5;0,75;10,0;252,0;6,637503252997436;0,2084427304453682;0,1864384800186123;1,1180241891296216;-0,1754032954362928;0,0317812269031781;86;16,25581395348837;0,5407725321888412
russia;AFKS;coverage;30;25;AFLT,ALRS,CHMF,GAZP,GMKN,HYDR,IRAO,LKOH,MAGN,MGNT,MOEX,MTSS,NLMK,NVTK,PHOR,PLZL,RASP,ROSN,RTKM,SBER,SNGS,TATN,TRNFP,VTBR,YDEX;;;252;5;0,8;60;2,5;1,0;10,0;252,0;5,35981310790151;0,188014848758347;0,1724263445120803;1,090406743182882;-0,166603188200501;0,032520325203252;88;12,181818181818182;0,5522388059701493
russia;AFKS;coverage;30;25;AFLT,ALRS,CHMF,GAZP,GMKN,HYDR,IRAO,LKOH,MAGN,MGNT,MOEX,MTSS,NLMK,NVTK,PHOR,PLZL,RASP,ROSN,RTKM,SBER,SNGS,TATN,TRNFP,VTBR,YDEX;;;252;5;0,8;60;3,0;0,25;10,0;252,0;11,50022922986255;0,2651790933783178;0,1955296092722649;1,3562093964452695;-0,2096216438996603;0,0199556541019955;53;26,703703703703702;0,5492371705963939
russia;AFKS;coverage;30;25;AFLT,ALRS,CHMF,GAZP,GMKN,HYDR,IRAO,LKOH,MAGN,MGNT,MOEX,MTSS,NLMK,NVTK,PHOR,PLZL,RASP,ROSN,RTKM,SBER,SNGS,TATN,TRNFP,VTBR,YDEX;;;252;5;0,8;60;3,0;0,5;10,0;252,0;7,045364958704846;0,2143117652703128;0,173436791720341;1,2356764856206564;-0,1666031882005011;0,0206947524020694;56;20,214285714285715;0,5477031802120141
russia;AFKS;coverage;30;25;AFLT,ALRS,CHMF,GAZP,GMKN,HYDR,IRAO,LKOH,MAGN,MGNT,MOEX,MTSS,NLMK,NVTK,PHOR,PLZL,RASP,ROSN,RTKM,SBER,SNGS,TATN,TRNFP,VTBR,YDEX;;;252;5;0,8;60;3,0;0,75;10,0;252,0;6,046034481358048;0,1994054868641042;0,1549778828427875;1,286670608775737;-0,1695813447081655;0,0214338507021433;58;14,827586206896552;0,5581395348837209
russia;AFKS;coverage;30;25;AFLT,ALRS,CHMF,GAZP,GMKN,HYDR,IRAO,LKOH,MAGN,MGNT,MOEX,MTSS,NLMK,NVTK,PHOR,PLZL,RASP,ROSN,RTKM,SBER,SNGS,TATN,TRNFP,VTBR,YDEX;;;252;5;0,8;60;3,0;1,0;10,0;252,0;4,920314041314487;0,1801186523144919;0,1431613712601102;1,25815120887068;-0,1666031882005012;0,0214338507021433;58;11,379310344827584;0,5757575757575758
russia;AFKS;coverage;30;25;AFLT,ALRS,CHMF,GAZP,GMKN,HYDR,IRAO,LKOH,MAGN,MGNT,MOEX,MTSS,NLMK,NVTK,PHOR,PLZL,RASP,ROSN,RTKM,SBER,SNGS,TATN,TRNFP,VTBR,YDEX;;;252;10;0,8;60;1,0;0,25;10,0;252,0;13,77240726555466;0,2850107781674971;0,3500216189546533;0,8142662130947441;-0,3666461183859375;0,0631929046563192;154;22,13953488372093;0,5126050420168067
russia;AFKS;coverage;30;25;AFLT,ALRS,CHMF,GAZP,GMKN,HYDR,IRAO,LKOH,MAGN,MGNT,MOEX,MTSS,NLMK,NVTK,PHOR,PLZL,RASP,ROSN,RTKM,SBER,SNGS,TATN,TRNFP,VTBR,YDEX;;;252;10;0,8;60;1,0;0,5;10,0;252,0;6,209061682119548;0,2019631319003239;0,3199632682960678;0,631207241305723;-0,3346990123102187;0,0779748706577974;207;15,943396226415096;0,5100591715976331
russia;AFKS;coverage;30;25;AFLT,ALRS,CHMF,GAZP,GMKN,HYDR,IRAO,LKOH,MAGN,MGNT,MOEX,MTSS,NLMK,NVTK,PHOR,PLZL,RASP,ROSN,RTKM,SBER,SNGS,TATN,TRNFP,VTBR,YDEX;;;252;10;0,8;60;1,0;0,75;10,0;252,0;6,935681543109168;0,2127604575295623;0,3096389893359536;0,6871242474529602;-0,2758989468364923;0,1005173688100517;268;11,227941176470589;0,5127701375245579
russia;AFKS;coverage;30;25;AFLT,ALRS,CHMF,GAZP,GMKN,HYDR,IRAO,LKOH,MAGN,MGNT,MOEX,MTSS,NLMK,NVTK,PHOR,PLZL,RASP,ROSN,RTKM,SBER,SNGS,TATN,TRNFP,VTBR,YDEX;;;252;10;0,8;60;1,5;0,25;10,0;252,0;6,9805098707329165;0,2133968224366824;0,3219659851682444;0,6627930659357424;-0,3229587179764525;0,0443458980044345;112;27,016666666666666;0,512646514497224
russia;AFKS;coverage;30;25;AFLT,ALRS,CHMF,GAZP,GMKN,HYDR,IRAO,LKOH,MAGN,MGNT,MOEX,MTSS,NLMK,NVTK,PHOR,PLZL,RASP,ROSN,RTKM,SBER,SNGS,TATN,TRNFP,VTBR,YDEX;;;252;10;0,8;60;1,5;0,5;10,0;252,0;4,033461789602753;0,1624179727062493;0,2918935372703325;0,5564288069722783;-0,2759845563205891;0,0509977827050997;137;20,07246376811594;0,5068592057761733
russia;AFKS;coverage;30;25;AFLT,ALRS,CHMF,GAZP,GMKN,HYDR,IRAO,LKOH,MAGN,MGNT,MOEX,MTSS,NLMK,NVTK,PHOR,PLZL,RASP,ROSN,RTKM,SBER,SNGS,TATN,TRNFP,VTBR,YDEX;;;252;10;0,8;60;1,5;0,75;10,0;252,0;4,4829297920495135;0,1717138957779567;0,2811725886827976;0,6107063870713024;-0,274278872069937;0,0583887657058388;157;15,544303797468354;0,509771986970684
russia;AFKS;coverage;30;25;AFLT,ALRS,CHMF,GAZP,GMKN,HYDR,IRAO,LKOH,MAGN,MGNT,MOEX,MTSS,NLMK,NVTK,PHOR,PLZL,RASP,ROSN,RTKM,SBER,SNGS,TATN,TRNFP,VTBR,YDEX;;;252;10;0,8;60;1,5;1,0;10,0;252,0;3,656539433845352;0,1540226139553495;0,2705041874078694;0,5693908675916813;-0,290477840382395;0,0665188470066518;179;11,655555555555557;0,5119161105815062
russia;AFKS;coverage;30;25;AFLT,ALRS,CHMF,GAZP,GMKN,HYDR,IRAO,LKOH,MAGN,MGNT,MOEX,MTSS,NLMK,NVTK,PHOR,PLZL,RASP,ROSN,RTKM,SBER,SNGS,TATN,TRNFP,VTBR,YDEX;;;252;10;0,8;60;2,0;0,25;10,0;252,0;21,900538396205658;0,3385589882209918;0,2950369469942033;1,1475138679076813;-0,2313977651864597;0,0369549150036954;95;26,82;0,5279642058165548
russia;AFKS;coverage;30;25;AFLT,ALRS,CHMF,GAZP,GMKN,HYDR,IRAO,LKOH,MAGN,MGNT,MOEX,MTSS,NLMK,NVTK,PHOR,PLZL,RASP,ROSN,RTKM,SBER,SNGS,TATN,TRNFP,VTBR,YDEX;;;252;10;0,8;60;2,0;0,5;10,0;252,0;9,956075600025937;0,2497389760626989;0,2575403790344792;0,9697080395663474;-0,2313977651864593;0,0413895048041389;112;19,464285714285715;0,5201834862385321
russia;AFKS;coverage;30;25;AFLT,ALRS,CHMF,GAZP,GMKN,HYDR,IRAO,LKOH,MAGN,MGNT,MOEX,MTSS,NLMK,NVTK,PHOR,PLZL,RASP,ROSN,RTKM,SBER,SNGS,TATN,TRNFP,VTBR,YDEX;;;252;10;0,8;60;2,0;0,75;10,0;252,0;7,892080738848104;0,2256804429534802;0,2474945585533695;0,911860221382664;-0,2556098441803656;0,0443458980044345;120;15,816666666666666;0,5194942044257113
russia;AFKS;coverage;30;25;AFLT,ALRS,CHMF,GAZP,GMKN,HYDR,IRAO,LKOH,MAGN,MGNT,MOEX,MTSS,NLMK,NVTK,PHOR,PLZL,RASP,ROSN,RTKM,SBER,SNGS,TATN,TRNFP,VTBR,YDEX;;;252;10;0,8;60;2,0;1,0;10,0;252,0;5,610418751600313;0,1922983959244277;0,2378614221795735;0,8084471797164823;-0,2487668993725024;0,0458240946045824;124;12,85483870967742;0,5181932245922208
russia;AFKS;coverage;30;25;AFLT,ALRS,CHMF,GAZP,GMKN,HYDR,IRAO,LKOH,MAGN,MGNT,MOEX,MTSS,NLMK,NVTK,PHOR,PLZL,RASP,ROSN,RTKM,SBER,SNGS,TATN,TRNFP,VTBR,YDEX;;;252;10;0,8;60;2,5;0,25;10,0;252,0;13,62988049714037;0,2838511141243864;0,246265945475327;1,1526202438445756;-0,2451295966289043;0,0251293422025129;65;27,058823529411764;0,5315217391304348
russia;AFKS;coverage;30;25;AFLT,ALRS,CHMF,GAZP,GMKN,HYDR,IRAO,LKOH,MAGN,MGNT,MOEX,MTSS,NLMK,NVTK,PHOR,PLZL,RASP,ROSN,RTKM,SBER,SNGS,TATN,TRNFP,VTBR,YDEX;;;252;10;0,8;60;2,5;0,5;10,0;252,0;7,055724433135186;0,2144572915713885;0,2236989421373719;0,958687106529506;-0,2157809611219133;0,0266075388026607;72;21,11111111111111;0,5184210526315789
russia;AFKS;coverage;30;25;AFLT,ALRS,CHMF,GAZP,GMKN,HYDR,IRAO,LKOH,MAGN,MGNT,MOEX,MTSS,NLMK,NVTK,PHOR,PLZL,RASP,ROSN,RTKM,SBER,SNGS,TATN,TRNFP,VTBR,YDEX;;;252;10;0,8;60;2,5;0,75;10,0;252,0;6,788206061327078;0,2106436999938856;0,2163639978312766;0,9735616928198392;-0,2157809611219134;0,0288248337028824;78;16,94871794871795;0,5158850226928896
russia;AFKS;coverage;30;25;AFLT,ALRS,CHMF,GAZP,GMKN,HYDR,IRAO,LKOH,MAGN,MGNT,MOEX,MTSS,NLMK,NVTK,PHOR,PLZL,RASP,ROSN,RTKM,SBER,SNGS,TATN,TRNFP,VTBR,YDEX;;;252;10;0,8;60;2,5;1,0;10,0;252,0;6,329590972516063;0,2038205412359399;0,2065511444855577;0,9867800139456078;-0,1737288079165968;0,0303030303030303;82;13,170731707317072;0,5203703703703704
russia;AFKS;coverage;30;25;AFLT,ALRS,CHMF,GAZP,GMKN,HYDR,IRAO,LKOH,MAGN,MGNT,MOEX,MTSS,NLMK,NVTK,PHOR,PLZL,RASP,ROSN,RTKM,SBER,SNGS,TATN,TRNFP,VTBR,YDEX;;;252;10;0,8;60;3,0;0,25;10,0;252,0;6,203393916384791;0,201875097599907;0,2056986313738085;0,9814119629850472;-0,245129596628904;0,016260162601626;43;30,363636363636363;0,5269461077844312
russia;AFKS;coverage;30;25;AFLT,ALRS,CHMF,GAZP,GMKN,HYDR,IRAO,LKOH,MAGN,MGNT,MOEX,MTSS,NLMK,NVTK,PHOR,PLZL,RASP,ROSN,RTKM,SBER,SNGS,TATN,TRNFP,VTBR,YDEX;;;252;10;0,8;60;3,0;0,5;10,0;252,0;4,847609421500238;0,178761444770138;0,1801305016351547;0,9923996388585552;-0,166603188200501;0,0177383592017738;48;21,25;0,5254901960784314
russia;AFKS;coverage;30;25;AFLT,ALRS,CHMF,GAZP,GMKN,HYDR,IRAO,LKOH,MAGN,MGNT,MOEX,MTSS,NLMK,NVTK,PHOR,PLZL,RASP,ROSN,RTKM,SBER,SNGS,TATN,TRNFP,VTBR,YDEX;;;252;10;0,8;60;3,0;0,75;10,0;252,0;4,44356740413706;0,1709279709840907;0,1718302585671471;0,9947489598713268;-0,166603188200501;0,0184774575018477;50;17,08;0,522248243559719
russia;AFKS;coverage;30;25;AFLT,ALRS,CHMF,GAZP,GMKN,HYDR,IRAO,LKOH,MAGN,MGNT,MOEX,MTSS,NLMK,NVTK,PHOR,PLZL,RASP,ROSN,RTKM,SBER,SNGS,TATN,TRNFP,VTBR,YDEX;;;252;10;0,8;60;3,0;1,0;10,0;252,0;3,922322566762788;0,160003493081535;0,1662577333193794;0,9623822596821402;-0,1666031882005011;0,0184774575018477;50;13,56;0,5250737463126843
russia;AFKS;coverage;30;25;AFLT,ALRS,CHMF,GAZP,GMKN,HYDR,IRAO,LKOH,MAGN,MGNT,MOEX,MTSS,NLMK,NVTK,PHOR,PLZL,RASP,ROSN,RTKM,SBER,SNGS,TATN,TRNFP,VTBR,YDEX;;;252;21;0,8;60;1,0;0,25;10,0;252,0;3,18093769683136;0,1425020128904583;0,3831299589179074;0,3719417121358344;-0,5726859719218789;0,0606060606060606;156;23,21951219512195;0,5089285714285714
russia;AFKS;coverage;30;25;AFLT,ALRS,CHMF,GAZP,GMKN,HYDR,IRAO,LKOH,MAGN,MGNT,MOEX,MTSS,NLMK,NVTK,PHOR,PLZL,RASP,ROSN,RTKM,SBER,SNGS,TATN,TRNFP,VTBR,YDEX;;;252;21;0,8;60;1,0;0,5;10,0;252,0;10,629295091034216;0,2566986142006073;0,3386488277777119;0,7580082762580935;-0,3559994779372587;0,0761271249076127;201;16,45631067961165;0,512094395280236
russia;AFKS;coverage;30;25;AFLT,ALRS,CHMF,GAZP,GMKN,HYDR,IRAO,LKOH,MAGN,MGNT,MOEX,MTSS,NLMK,NVTK,PHOR,PLZL,RASP,ROSN,RTKM,SBER,SNGS,TATN,TRNFP,VTBR,YDEX;;;252;21;0,8;60;1,0;0,75;10,0;252,0;5,584149163577172;0,1918563515713403;0,3282765035195214;0,5844352230951896;-0,364453074029754;0,0886917960088691;237;12,566666666666666;0,5099469496021221
russia;AFKS;coverage;30;25;AFLT,ALRS,CHMF,GAZP,GMKN,HYDR,IRAO,LKOH,MAGN,MGNT,MOEX,MTSS,NLMK,NVTK,PHOR,PLZL,RASP,ROSN,RTKM,SBER,SNGS,TATN,TRNFP,VTBR,YDEX;;;252;21;0,8;60;1,5;0,25;10,0;252,0;3,673400264885388;0,1544111137269306;0,3612504710414717;0,4274350515911276;-0,5567593320084039;0,0450849963045085;117;26,50819672131147;0,5126777983920842
russia;AFKS;coverage;30;25;AFLT,ALRS,CHMF,GAZP,GMKN,HYDR,IRAO,LKOH,MAGN,MGNT,MOEX,MTSS,NLMK,NVTK,PHOR,PLZL,RASP,ROSN,RTKM,SBER,SNGS,TATN,TRNFP,VTBR,YDEX;;;252;21;0,8;60;1,5;0,5;10,0;252,0;8,137775531907442;0,2287954702929373;0,3165966640681618;0,7226717658770994;-0,2986874257897098;0,0502586844050258;133;21,102941176470587;0,5114982578397212
russia;AFKS;coverage;30;25;AFLT,ALRS,CHMF,GAZP,GMKN,HYDR,IRAO,LKOH,MAGN,MGNT,MOEX,MTSS,NLMK,NVTK,PHOR,PLZL,RASP,ROSN,RTKM,SBER,SNGS,TATN,TRNFP,VTBR,YDEX;;;252;21;0,8;60;1,5;0,75;10,0;252,0;4,6932510993010625;0,1758284886690619;0,3026083608871433;0,5810430622392372;-0,2986874257897097;0,0532150776053215;143;17,208333333333332;0,5092816787732042
russia;AFKS;coverage;30;25;AFLT,ALRS,CHMF,GAZP,GMKN,HYDR,IRAO,LKOH,MAGN,MGNT,MOEX,MTSS,NLMK,NVTK,PHOR,PLZL,RASP,ROSN,RTKM,SBER,SNGS,TATN,TRNFP,VTBR,YDEX;;;252;21;0,8;60;1,5;1,0;10,0;252,0;3,1442820551590565;0,1415654658812013;0,2837985084208914;0,4988238545329161;-0,2978737682288105;0,0620842572062084;168;13,095238095238097;0,5081818181818182
russia;AFKS;coverage;30;25;AFLT,ALRS,CHMF,GAZP,GMKN,HYDR,IRAO,LKOH,MAGN,MGNT,MOEX,MTSS,NLMK,NVTK,PHOR,PLZL,RASP,ROSN,RTKM,SBER,SNGS,TATN,TRNFP,VTBR,YDEX;;;252;21;0,8;60;2,0;0,25;10,0;252,0;9,718460782965636;0,2471896825961705;0,2944628108398323;0,8394597670624864;-0,2651880121917387;0,0362158167036215;95;27,346938775510203;0,5194029850746269
russia;AFKS;coverage;30;25;AFLT,ALRS,CHMF,GAZP,GMKN,HYDR,IRAO,LKOH,MAGN,MGNT,MOEX,MTSS,NLMK,NVTK,PHOR,PLZL,RASP,ROSN,RTKM,SBER,SNGS,TATN,TRNFP,VTBR,YDEX;;;252;21;0,8;60;2,0;0,5;10,0;252,0;7,663299435787627;0,2227088598067459;0,2858948661912081;0,7789886638181077;-0,2651880121917387;0,0376940133037694;100;23,431372549019606;0,5171548117154812
russia;AFKS;coverage;30;25;AFLT,ALRS,CHMF,GAZP,GMKN,HYDR,IRAO,LKOH,MAGN,MGNT,MOEX,MTSS,NLMK,NVTK,PHOR,PLZL,RASP,ROSN,RTKM,SBER,SNGS,TATN,TRNFP,VTBR,YDEX;;;252;21;0,8;60;2,0;0,75;10,0;252,0;4,251941545491902;0,167026687006577;0,2642095233842342;0,6321751194550006;-0,2651880121917384;0,0391722099039172;105;19,150943396226417;0,5152709359605911
russia;AFKS;coverage;30;25;AFLT,ALRS,CHMF,GAZP,GMKN,HYDR,IRAO,LKOH,MAGN,MGNT,MOEX,MTSS,NLMK,NVTK,PHOR,PLZL,RASP,ROSN,RTKM,SBER,SNGS,TATN,TRNFP,VTBR,YDEX;;;252;21;0,8;60;2,0;1,0;10,0;252,0;1,975299595954862;0,1068740428004564;0,2416266325784453;0,4423106909200467;-0,265188012191739;0,0413895048041389;112;15,660714285714286;0,508551881413911
russia;AFKS;coverage;30;25;AFLT,ALRS,CHMF,GAZP,GMKN,HYDR,IRAO,LKOH,MAGN,MGNT,MOEX,MTSS,NLMK,NVTK,PHOR,PLZL,RASP,ROSN,RTKM,SBER,SNGS,TATN,TRNFP,VTBR,YDEX;;;252;21;0,8;60;2,5;0,25;10,0;252,0;5,3834560968650305;0,188425451337336;0,2712493999691635;0,6946575784453599;-0,2651880121917392;0,0258684405025868;69;32,82857142857143;0,5091383812010444
russia;AFKS;coverage;30;25;AFLT,ALRS,CHMF,GAZP,GMKN,HYDR,IRAO,LKOH,MAGN,MGNT,MOEX,MTSS,NLMK,NVTK,PHOR,PLZL,RASP,ROSN,RTKM,SBER,SNGS,TATN,TRNFP,VTBR,YDEX;;;252;21;0,8;60;2,5;0,5;10,0;252,0;4,268546442683057;0,1673698085879349;0,2626858829742032;0,6371480899275096;-0,2651880121917386;0,0258684405025868;70;28,65714285714286;0,5054835493519442
russia;AFKS;coverage;30;25;AFLT,ALRS,CHMF,GAZP,GMKN,HYDR,IRAO,LKOH,MAGN,MGNT,MOEX,MTSS,NLMK,NVTK,PHOR,PLZL,RASP,ROSN,RTKM,SBER,SNGS,TATN,TRNFP,VTBR,YDEX;;;252;21;0,8;60;2,5;0,75;10,0;252,0;2,294897941114709;0,1174413828558336;0,2350556940397668;0,4996321545648871;-0,2651880121917391;0,0258684405025868;70;22,6;0,4993678887484197
russia;AFKS;coverage;30;25;AFLT,ALRS,CHMF,GAZP,GMKN,HYDR,IRAO,LKOH,MAGN,MGNT,MOEX,MTSS,NLMK,NVTK,PHOR,PLZL,RASP,ROSN,RTKM,SBER,SNGS,TATN,TRNFP,VTBR,YDEX;;;252;21;0,8;60;2,5;1,0;10,0;252,0;1,262944761781025;0,0790200219429382;0,2103580343590557;0,3756453713959914;-0,2651880121917382;0,0266075388026607;72;18,5;0,493993993993994
russia;AFKS;coverage;30;25;AFLT,ALRS,CHMF,GAZP,GMKN,HYDR,IRAO,LKOH,MAGN,MGNT,MOEX,MTSS,NLMK,NVTK,PHOR,PLZL,RASP,ROSN,RTKM,SBER,SNGS,TATN,TRNFP,VTBR,YDEX;;;252;21;0,8;60;3,0;0,25;10,0;252,0;2,525514645790325;0,1245036147252283;0,2322586455219532;0,5360558890948157;-0,2817152264529563;0,0155210643015521;42;39,285714285714285;0,5127272727272727
russia;AFKS;coverage;30;25;AFLT,ALRS,CHMF,GAZP,GMKN,HYDR,IRAO,LKOH,MAGN,MGNT,MOEX,MTSS,NLMK,NVTK,PHOR,PLZL,RASP,ROSN,RTKM,SBER,SNGS,TATN,TRNFP,VTBR,YDEX;;;252;21;0,8;60;3,0;0,5;10,0;252,0;2,4470945429683177;0,1221504128573784;0,2212862728895039;0,5520017634278315;-0,2661514410662482;0,0155210643015521;42;33,76190476190476;0,5063469675599436
russia;AFKS;coverage;30;25;AFLT,ALRS,CHMF,GAZP,GMKN,HYDR,IRAO,LKOH,MAGN,MGNT,MOEX,MTSS,NLMK,NVTK,PHOR,PLZL,RASP,ROSN,RTKM,SBER,SNGS,TATN,TRNFP,VTBR,YDEX;;;252;21;0,8;60;3,0;0,75;10,0;252,0;1,6127159682780787;0,0935591760429874;0,1954625822462529;0,4786551726054515;-0,2874460944564639;0,0155210643015521;42;26,142857142857142;0,5009107468123861
russia;AFKS;coverage;30;25;AFLT,ALRS,CHMF,GAZP,GMKN,HYDR,IRAO,LKOH,MAGN,MGNT,MOEX,MTSS,NLMK,NVTK,PHOR,PLZL,RASP,ROSN,RTKM,SBER,SNGS,TATN,TRNFP,VTBR,YDEX;;;252;21;0,8;60;3,0;1,0;10,0;252,0;0,9356590066190322;0,0634359417234138;0,1621731001304286;0,3911619231080561;-0,2651880121917389;0,0155210643015521;42;20,61904761904762;0,5011547344110855
russia;AFKS;coverage;30;25;AFLT,ALRS,CHMF,GAZP,GMKN,HYDR,IRAO,LKOH,MAGN,MGNT,MOEX,MTSS,NLMK,NVTK,PHOR,PLZL,RASP,ROSN,RTKM,SBER,SNGS,TATN,TRNFP,VTBR,YDEX;;;252;63;0,8;60;1,0;0,25;10,0;252,0;4,098437854063708;0,1638072627935651;0,4777993405462683;0,342836937795444;-0,601114064254413;0,0509977827050997;122;28,594202898550726;0,5027876330461226
russia;AFKS;coverage;30;25;AFLT,ALRS,CHMF,GAZP,GMKN,HYDR,IRAO,LKOH,MAGN,MGNT,MOEX,MTSS,NLMK,NVTK,PHOR,PLZL,RASP,ROSN,RTKM,SBER,SNGS,TATN,TRNFP,VTBR,YDEX;;;252;63;0,8;60;1,0;0,5;10,0;252,0;4,29680693871517;0,1679515315087258;0,4695558173783166;0,3576817181106478;-0,5668819997566938;0,0606060606060606;152;22,304878048780488;0,5008201202843083
russia;AFKS;coverage;30;25;AFLT,ALRS,CHMF,GAZP,GMKN,HYDR,IRAO,LKOH,MAGN,MGNT,MOEX,MTSS,NLMK,NVTK,PHOR,PLZL,RASP,ROSN,RTKM,SBER,SNGS,TATN,TRNFP,VTBR,YDEX;;;252;63;0,8;60;1,0;0,75;10,0;252,0;7,29339115318769;0,2177501859900064;0,4419549058572696;0,4926977460916099;-0,5616912748210848;0,073170731707317;186;16,616161616161616;0,4972644376899696
russia;AFKS;coverage;30;25;AFLT,ALRS,CHMF,GAZP,GMKN,HYDR,IRAO,LKOH,MAGN,MGNT,MOEX,MTSS,NLMK,NVTK,PHOR,PLZL,RASP,ROSN,RTKM,SBER,SNGS,TATN,TRNFP,VTBR,YDEX;;;252;63;0,8;60;1,5;0,25;10,0;252,0;3,301640364014161;0,1455341839703468;0,4566803725589011;0,3186784296309478;-0,5881004413298935;0,0421286031042128;104;31,964912280701753;0,5027442371020856
russia;AFKS;coverage;30;25;AFLT,ALRS,CHMF,GAZP,GMKN,HYDR,IRAO,LKOH,MAGN,MGNT,MOEX,MTSS,NLMK,NVTK,PHOR,PLZL,RASP,ROSN,RTKM,SBER,SNGS,TATN,TRNFP,VTBR,YDEX;;;252;63;0,8;60;1,5;0,5;10,0;252,0;4,27574830232837;0,1675183221138481;0,4473227917062957;0,3744909162237315;-0,5658815464506148;0,0465631929046563;117;25,96825396825397;0,5018337408312958
russia;AFKS;coverage;30;25;AFLT,ALRS,CHMF,GAZP,GMKN,HYDR,IRAO,LKOH,MAGN,MGNT,MOEX,MTSS,NLMK,NVTK,PHOR,PLZL,RASP,ROSN,RTKM,SBER,SNGS,TATN,TRNFP,VTBR,YDEX;;;252;63;0,8;60;1,5;0,75;10,0;252,0;6,843812198572352;0,2114460659114372;0,416127527055233;0,508128042880883;-0,5136546054223028;0,0502586844050258;128;20,794117647058822;0,4971711456859972
russia;AFKS;coverage;30;25;AFLT,ALRS,CHMF,GAZP,GMKN,HYDR,IRAO,LKOH,MAGN,MGNT,MOEX,MTSS,NLMK,NVTK,PHOR,PLZL,RASP,ROSN,RTKM,SBER,SNGS,TATN,TRNFP,VTBR,YDEX;;;252;63;0,8;60;1,5;1,0;10,0;252,0;10,786269205038272;0,2582687418542038;0,4009530118401407;0,6441371787404733;-0,4836196171243931;0,0628233555062823;164;14,388235294117647;0,5012264922322158
russia;AFKS;coverage;30;25;AFLT,ALRS,CHMF,GAZP,GMKN,HYDR,IRAO,LKOH,MAGN,MGNT,MOEX,MTSS,NLMK,NVTK,PHOR,PLZL,RASP,ROSN,RTKM,SBER,SNGS,TATN,TRNFP,VTBR,YDEX;;;252;63;0,8;60;2,0;0,25;10,0;252,0;3,619342737863919;0,1531610126286113;0,4085302481212169;0,3749073987372563;-0,5466476151772065;0,0317812269031781;81;35,69767441860465;0,4996742671009772
russia;AFKS;coverage;30;25;AFLT,ALRS,CHMF,GAZP,GMKN,HYDR,IRAO,LKOH,MAGN,MGNT,MOEX,MTSS,NLMK,NVTK,PHOR,PLZL,RASP,ROSN,RTKM,SBER,SNGS,TATN,TRNFP,VTBR,YDEX;;;252;63;0,8;60;2,0;0,5;10,0;252,0;3,5548458711319535;0,1516520221634487;0,3631070253127637;0,4176510273598333;-0,493529710578647;0,0354767184035476;92;28,5;0,5029239766081871
russia;AFKS;coverage;30;25;AFLT,ALRS,CHMF,GAZP,GMKN,HYDR,IRAO,LKOH,MAGN,MGNT,MOEX,MTSS,NLMK,NVTK,PHOR,PLZL,RASP,ROSN,RTKM,SBER,SNGS,TATN,TRNFP,VTBR,YDEX;;;252;63;0,8;60;2,0;0,75;10,0;252,0;3,1491740661813257;0,1416908895063826;0,3483231738983317;0,4067799679263926;-0,4772262473905828;0,0369549150036954;97;22,82;0,5013146362839614
russia;AFKS;coverage;30;25;AFLT,ALRS,CHMF,GAZP,GMKN,HYDR,IRAO,LKOH,MAGN,MGNT,MOEX,MTSS,NLMK,NVTK,PHOR,PLZL,RASP,ROSN,RTKM,SBER,SNGS,TATN,TRNFP,VTBR,YDEX;;;252;63;0,8;60;2,0;1,0;10,0;252,0;2,126998226110509;0,1120119316305645;0,3082720160524469;0,3633541995310653;-0,5893773129345906;0,0384331116038433;102;18,51923076923077;0,4994807892004154
russia;AFKS;coverage;30;25;AFLT,ALRS,CHMF,GAZP,GMKN,HYDR,IRAO,LKOH,MAGN,MGNT,MOEX,MTSS,NLMK,NVTK,PHOR,PLZL,RASP,ROSN,RTKM,SBER,SNGS,TATN,TRNFP,VTBR,YDEX;;;252;63;0,8;60;2,5;0,25;10,0;252,0;0,7999874405240852;0,0562636238640223;0,360078208905175;0,1562538983825015;-0,5955829253715876;0,0192165558019216;50;44,42307692307692;0,5012987012987012
russia;AFKS;coverage;30;25;AFLT,ALRS,CHMF,GAZP,GMKN,HYDR,IRAO,LKOH,MAGN,MGNT,MOEX,MTSS,NLMK,NVTK,PHOR,PLZL,RASP,ROSN,RTKM,SBER,SNGS,TATN,TRNFP,VTBR,YDEX;;;252;63;0,8;60;2,5;0,5;10,0;252,0;0,6612054231426678;0,0484005232390445;0,3108922254136146;0,1556826426735242;-0,6115384616845827;0,0206947524020694;55;37,07142857142857;0,5048169556840078
russia;AFKS;coverage;30;25;AFLT,ALRS,CHMF,GAZP,GMKN,HYDR,IRAO,LKOH,MAGN,MGNT,MOEX,MTSS,NLMK,NVTK,PHOR,PLZL,RASP,ROSN,RTKM,SBER,SNGS,TATN,TRNFP,VTBR,YDEX;;;252;63;0,8;60;2,5;0,75;10,0;252,0;0,5170119498866457;0,0395726654124455;0,2953696505767081;0,1339767485765042;-0,6157158072442919;0,0206947524020694;55;30,714285714285715;0,5034883720930232
russia;AFKS;coverage;30;25;AFLT,ALRS,CHMF,GAZP,GMKN,HYDR,IRAO,LKOH,MAGN,MGNT,MOEX,MTSS,NLMK,NVTK,PHOR,PLZL,RASP,ROSN,RTKM,SBER,SNGS,TATN,TRNFP,VTBR,YDEX;;;252;63;0,8;60;2,5;1,0;10,0;252,0;0,2399454053683047;0,0202303601462223;0,2450405184062329;0,0825592448049105;-0,6636345822450409;0,0206947524020694;56;24,285714285714285;0,5
russia;AFKS;coverage;30;25;AFLT,ALRS,CHMF,GAZP,GMKN,HYDR,IRAO,LKOH,MAGN,MGNT,MOEX,MTSS,NLMK,NVTK,PHOR,PLZL,RASP,ROSN,RTKM,SBER,SNGS,TATN,TRNFP,VTBR,YDEX;;;252;63;0,8;60;3,0;0,25;10,0;252,0;2,510701845126015;0,1240627786926025;0,3500839939896815;0,3543800368555529;-0,553947049812002;0,016260162601626;43;44,45454545454545;0,5122699386503068
russia;AFKS;coverage;30;25;AFLT,ALRS,CHMF,GAZP,GMKN,HYDR,IRAO,LKOH,MAGN,MGNT,MOEX,MTSS,NLMK,NVTK,PHOR,PLZL,RASP,ROSN,RTKM,SBER,SNGS,TATN,TRNFP,VTBR,YDEX;;;252;63;0,8;60;3,0;0,5;10,0;252,0;2,548203748360573;0,1251756071449257;0,2994550191357967;0,4180113845016608;-0,5806990856310597;0,0177383592017738;48;36,166666666666664;0,5207373271889401
russia;AFKS;coverage;30;25;AFLT,ALRS,CHMF,GAZP,GMKN,HYDR,IRAO,LKOH,MAGN,MGNT,MOEX,MTSS,NLMK,NVTK,PHOR,PLZL,RASP,ROSN,RTKM,SBER,SNGS,TATN,TRNFP,VTBR,YDEX;;;252;63;0,8;60;3,0;0,75;10,0;252,0;2,3387166007919142;0,1188170388863716;0,2834340500350979;0,4192052397079969;-0,5852080643588291;0,0177383592017738;48;29,0;0,5244252873563219
russia;AFKS;coverage;30;25;AFLT,ALRS,CHMF,GAZP,GMKN,HYDR,IRAO,LKOH,MAGN,MGNT,MOEX,MTSS,NLMK,NVTK,PHOR,PLZL,RASP,ROSN,RTKM,SBER,SNGS,TATN,TRNFP,VTBR,YDEX;;;252;63;0,8;60;3,0;1,0;10,0;252,0;1,1112554665857162;0,0720704130749287;0,2339193113851626;0,3080994580915998;-0,5908455369066907;0,0177383592017738;48;22,625;0,5156537753222836
russia;AFLT;coverage;30;25;AFKS,ALRS,CHMF,GAZP,GMKN,HYDR,IRAO,LKOH,MAGN,MGNT,MOEX,MTSS,NLMK,NVTK,PHOR,PLZL,RASP,ROSN,RTKM,SBER,SNGS,TATN,TRNFP,VTBR,YDEX;;;252;5;0,8;60;1,0;0,25;10,0;252,0;9,160679005357508;0,2409979805069353;0,3311114042142449;0,7278456055563646;-0,34022310401085;0,0594974131559497;150;23,271604938271604;0,5151193633952255
russia;AFLT;coverage;30;25;AFKS,ALRS,CHMF,GAZP,GMKN,HYDR,IRAO,LKOH,MAGN,MGNT,MOEX,MTSS,NLMK,NVTK,PHOR,PLZL,RASP,ROSN,RTKM,SBER,SNGS,TATN,TRNFP,VTBR,YDEX;;;252;5;0,8;60;1,0;0,5;10,0;252,0;6,500214821642812;0,2064031187386887;0,3135615482441934;0,6582539214213455;-0,3015837717786207;0,0705838876570583;187;17,416666666666668;0,5191387559808612
russia;AFLT;coverage;30;25;AFKS,ALRS,CHMF,GAZP,GMKN,HYDR,IRAO,LKOH,MAGN,MGNT,MOEX,MTSS,NLMK,NVTK,PHOR,PLZL,RASP,ROSN,RTKM,SBER,SNGS,TATN,TRNFP,VTBR,YDEX;;;252;5;0,8;60;1,0;0,75;10,0;252,0;5,411901087613687;0,1889176253746904;0,2989257189359596;0,6319885289467624;-0,3201599564250643;0,0905395417590539;243;12,154471544715449;0,5183946488294314
russia;AFLT;coverage;30;25;AFKS,ALRS,CHMF,GAZP,GMKN,HYDR,IRAO,LKOH,MAGN,MGNT,MOEX,MTSS,NLMK,NVTK,PHOR,PLZL,RASP,ROSN,RTKM,SBER,SNGS,TATN,TRNFP,VTBR,YDEX;;;252;5;0,8;60;1,5;0,25;10,0;252,0;12,02923166222537;0,2700720502862459;0,3126362267508539;0,8638539848469697;-0,2695028839568769;0,0476718403547671;122;25,29230769230769;0,5170316301703163
russia;AFLT;coverage;30;25;AFKS,ALRS,CHMF,GAZP,GMKN,HYDR,IRAO,LKOH,MAGN,MGNT,MOEX,MTSS,NLMK,NVTK,PHOR,PLZL,RASP,ROSN,RTKM,SBER,SNGS,TATN,TRNFP,VTBR,YDEX;;;252;5;0,8;60;1,5;0,5;10,0;252,0;8,113732892034415;0,2284940220830336;0,2923611351337083;0,7815471847122711;-0,2572671614371639;0,0521064301552106;137;19,676056338028168;0,5232641374373658
russia;AFLT;coverage;30;25;AFKS,ALRS,CHMF,GAZP,GMKN,HYDR,IRAO,LKOH,MAGN,MGNT,MOEX,MTSS,NLMK,NVTK,PHOR,PLZL,RASP,ROSN,RTKM,SBER,SNGS,TATN,TRNFP,VTBR,YDEX;;;252;5;0,8;60;1,5;0,75;10,0;252,0;5,047463286964793;0,1824562772269888;0,2721012754716075;0,6705454684501371;-0,2493569086120741;0,0587583148558758;158;14,8625;0,5239697224558453
russia;AFLT;coverage;30;25;AFKS,ALRS,CHMF,GAZP,GMKN,HYDR,IRAO,LKOH,MAGN,MGNT,MOEX,MTSS,NLMK,NVTK,PHOR,PLZL,RASP,ROSN,RTKM,SBER,SNGS,TATN,TRNFP,VTBR,YDEX;;;252;5;0,8;60;1,5;1,0;10,0;252,0;5,760656874760361;0,1947962917261905;0,2593096783867188;0,7512110343821532;-0,2332530910309984;0,0691056910569105;186;10,606382978723405;0,5336008024072216
russia;AFLT;coverage;30;25;AFKS,ALRS,CHMF,GAZP,GMKN,HYDR,IRAO,LKOH,MAGN,MGNT,MOEX,MTSS,NLMK,NVTK,PHOR,PLZL,RASP,ROSN,RTKM,SBER,SNGS,TATN,TRNFP,VTBR,YDEX;;;252;5;0,8;60;2,0;0,25;10,0;252,0;15,853035202693142;0,3008765966461861;0,2841794390563643;1,0587556849477422;-0,2555955564213823;0,0358462675535846;93;27,163265306122447;0,5259203606311045
russia;AFLT;coverage;30;25;AFKS,ALRS,CHMF,GAZP,GMKN,HYDR,IRAO,LKOH,MAGN,MGNT,MOEX,MTSS,NLMK,NVTK,PHOR,PLZL,RASP,ROSN,RTKM,SBER,SNGS,TATN,TRNFP,VTBR,YDEX;;;252;5;0,8;60;2,0;0,5;10,0;252,0;10,991607589024808;0,2602942469281368;0,2650730616417441;0,9819717074077258;-0,2380893265534176;0,0395417590539541;106;20,77777777777778;0,5365418894830659
russia;AFLT;coverage;30;25;AFKS,ALRS,CHMF,GAZP,GMKN,HYDR,IRAO,LKOH,MAGN,MGNT,MOEX,MTSS,NLMK,NVTK,PHOR,PLZL,RASP,ROSN,RTKM,SBER,SNGS,TATN,TRNFP,VTBR,YDEX;;;252;5;0,8;60;2,0;0,75;10,0;252,0;8,94235714074868;0,238490212842596;0,2416346117443633;0,9869869681372724;-0,2380893265534176;0,0417590539541759;113;15,36842105263158;0,5399543378995434
russia;AFLT;coverage;30;25;AFKS,ALRS,CHMF,GAZP,GMKN,HYDR,IRAO,LKOH,MAGN,MGNT,MOEX,MTSS,NLMK,NVTK,PHOR,PLZL,RASP,ROSN,RTKM,SBER,SNGS,TATN,TRNFP,VTBR,YDEX;;;252;5;0,8;60;2,0;1,0;10,0;252,0;7,999975138508926;0,2270578675659866;0,2218122683179476;1,0236488237905756;-0,2380893265534177;0,0439763488543976;119;11,333333333333334;0,5588235294117647
russia;AFLT;coverage;30;25;AFKS,ALRS,CHMF,GAZP,GMKN,HYDR,IRAO,LKOH,MAGN,MGNT,MOEX,MTSS,NLMK,NVTK,PHOR,PLZL,RASP,ROSN,RTKM,SBER,SNGS,TATN,TRNFP,VTBR,YDEX;;;252;5;0,8;60;2,5;0,25;10,0;252,0;11,310868679060244;0,2633818865278015;0,2627876349390605;1,0022613377105003;-0,2301508390233322;0,0273466371027346;72;29,37837837837838;0,5289788408463661
russia;AFLT;coverage;30;25;AFKS,ALRS,CHMF,GAZP,GMKN,HYDR,IRAO,LKOH,MAGN,MGNT,MOEX,MTSS,NLMK,NVTK,PHOR,PLZL,RASP,ROSN,RTKM,SBER,SNGS,TATN,TRNFP,VTBR,YDEX;;;252;5;0,8;60;2,5;0,5;10,0;252,0;8,803855795856508;0,2368732912263569;0,2382583590513935;0,9941866978747308;-0,2120462233241999;0,0280857354028085;75;22,5;0,5426900584795321
russia;AFLT;coverage;30;25;AFKS,ALRS,CHMF,GAZP,GMKN,HYDR,IRAO,LKOH,MAGN,MGNT,MOEX,MTSS,NLMK,NVTK,PHOR,PLZL,RASP,ROSN,RTKM,SBER,SNGS,TATN,TRNFP,VTBR,YDEX;;;252;5;0,8;60;2,5;0,75;10,0;252,0;5,391566519408703;0,1885659856024346;0,2171595635562994;0,8683291793112682;-0,2120462233242001;0,0280857354028085;76;17,789473684210527;0,5399408284023669
russia;AFLT;coverage;30;25;AFKS,ALRS,CHMF,GAZP,GMKN,HYDR,IRAO,LKOH,MAGN,MGNT,MOEX,MTSS,NLMK,NVTK,PHOR,PLZL,RASP,ROSN,RTKM,SBER,SNGS,TATN,TRNFP,VTBR,YDEX;;;252;5;0,8;60;2,5;1,0;10,0;252,0;5,384843608233116;0,1884495050748214;0,1982010083978557;0,9507999308285062;-0,2120462233241999;0,0288248337028824;78;12,717948717948715;0,5705645161290323
russia;AFLT;coverage;30;25;AFKS,ALRS,CHMF,GAZP,GMKN,HYDR,IRAO,LKOH,MAGN,MGNT,MOEX,MTSS,NLMK,NVTK,PHOR,PLZL,RASP,ROSN,RTKM,SBER,SNGS,TATN,TRNFP,VTBR,YDEX;;;252;5;0,8;60;3,0;0,25;10,0;252,0;4,10052010306847;0,163851518464807;0,2103994293288365;0,7787640821435925;-0,2301508390233324;0,016260162601626;43;27,636363636363637;0,5444078947368421
russia;AFLT;coverage;30;25;AFKS,ALRS,CHMF,GAZP,GMKN,HYDR,IRAO,LKOH,MAGN,MGNT,MOEX,MTSS,NLMK,NVTK,PHOR,PLZL,RASP,ROSN,RTKM,SBER,SNGS,TATN,TRNFP,VTBR,YDEX;;;252;5;0,8;60;3,0;0,5;10,0;252,0;3,9830313929572903;0,1613284361604641;0,1906392211487147;0,8462499751539283;-0,2120462233241995;0,016260162601626;43;21,363636363636363;0,5617021276595745
russia;AFLT;coverage;30;25;AFKS,ALRS,CHMF,GAZP,GMKN,HYDR,IRAO,LKOH,MAGN,MGNT,MOEX,MTSS,NLMK,NVTK,PHOR,PLZL,RASP,ROSN,RTKM,SBER,SNGS,TATN,TRNFP,VTBR,YDEX;;;252;5;0,8;60;3,0;0,75;10,0;252,0;2,323053973177221;0,1183272121566465;0,1794547833600484;0,6593706221764019;-0,2120462233241998;0,016260162601626;44;16,954545454545453;0,5549597855227882
russia;AFLT;coverage;30;25;AFKS,ALRS,CHMF,GAZP,GMKN,HYDR,IRAO,LKOH,MAGN,MGNT,MOEX,MTSS,NLMK,NVTK,PHOR,PLZL,RASP,ROSN,RTKM,SBER,SNGS,TATN,TRNFP,VTBR,YDEX;;;252;5;0,8;60;3,0;1,0;10,0;252,0;2,200331544388098;0,114415084273276;0,1690168618605732;0,6769447912697629;-0,2120462233241999;0,016260162601626;44;12,590909090909092;0,5848375451263538
russia;AFLT;coverage;30;25;AFKS,ALRS,CHMF,GAZP,GMKN,HYDR,IRAO,LKOH,MAGN,MGNT,MOEX,MTSS,NLMK,NVTK,PHOR,PLZL,RASP,ROSN,RTKM,SBER,SNGS,TATN,TRNFP,VTBR,YDEX;;;252;10;0,8;60;1,0;0,25;10,0;252,0;2,7538341188488995;0,131094231936963;0,3484621155475572;0,376207989585805;-0,478618503011998;0,0535846267553584;138;25,972602739726028;0,4978902953586498
russia;AFLT;coverage;30;25;AFKS,ALRS,CHMF,GAZP,GMKN,HYDR,IRAO,LKOH,MAGN,MGNT,MOEX,MTSS,NLMK,NVTK,PHOR,PLZL,RASP,ROSN,RTKM,SBER,SNGS,TATN,TRNFP,VTBR,YDEX;;;252;10;0,8;60;1,0;0,5;10,0;252,0;3,4004117852232545;0,1479585502109262;0,3250389921835664;0,4552024642242501;-0,4586825658558356;0,0683665927568366;182;18,0752688172043;0,5032718619869125
russia;AFLT;coverage;30;25;AFKS,ALRS,CHMF,GAZP,GMKN,HYDR,IRAO,LKOH,MAGN,MGNT,MOEX,MTSS,NLMK,NVTK,PHOR,PLZL,RASP,ROSN,RTKM,SBER,SNGS,TATN,TRNFP,VTBR,YDEX;;;252;10;0,8;60;1,0;0,75;10,0;252,0;3,9720336357341255;0,1610895047050569;0,3114723227865044;0,5171872199234667;-0,4746983831598342;0,0912786400591278;245;11,983870967741936;0,5080753701211306
russia;AFLT;coverage;30;25;AFKS,ALRS,CHMF,GAZP,GMKN,HYDR,IRAO,LKOH,MAGN,MGNT,MOEX,MTSS,NLMK,NVTK,PHOR,PLZL,RASP,ROSN,RTKM,SBER,SNGS,TATN,TRNFP,VTBR,YDEX;;;252;10;0,8;60;1,5;0,25;10,0;252,0;4,44689096743382;0,170994529415148;0,3279155493202699;0,5214590456890483;-0,4355850437563562;0,0439763488543976;113;27,85;0,5068821065230401
russia;AFLT;coverage;30;25;AFKS,ALRS,CHMF,GAZP,GMKN,HYDR,IRAO,LKOH,MAGN,MGNT,MOEX,MTSS,NLMK,NVTK,PHOR,PLZL,RASP,ROSN,RTKM,SBER,SNGS,TATN,TRNFP,VTBR,YDEX;;;252;10;0,8;60;1,5;0,5;10,0;252,0;4,412850665834257;0,1703110803235816;0,2967317088536262;0,5739564571024454;-0,392083337654906;0,0528455284552845;141;19,5;0,5156695156695157
russia;AFLT;coverage;30;25;AFKS,ALRS,CHMF,GAZP,GMKN,HYDR,IRAO,LKOH,MAGN,MGNT,MOEX,MTSS,NLMK,NVTK,PHOR,PLZL,RASP,ROSN,RTKM,SBER,SNGS,TATN,TRNFP,VTBR,YDEX;;;252;10;0,8;60;1,5;0,75;10,0;252,0;6,2244321868444334;0,2022015579933764;0,283215581854782;0,7139492702666859;-0,4100696088999265;0,0617147080561714;166;14,357142857142858;0,5223880597014925
russia;AFLT;coverage;30;25;AFKS,ALRS,CHMF,GAZP,GMKN,HYDR,IRAO,LKOH,MAGN,MGNT,MOEX,MTSS,NLMK,NVTK,PHOR,PLZL,RASP,ROSN,RTKM,SBER,SNGS,TATN,TRNFP,VTBR,YDEX;;;252;10;0,8;60;1,5;1,0;10,0;252,0;3,5178075242104487;0,1507766784722779;0,2665487664856984;0,5656626382488542;-0,4022318556431434;0,0698447893569844;188;11,010526315789471;0,5267686424474187
russia;AFLT;coverage;30;25;AFKS,ALRS,CHMF,GAZP,GMKN,HYDR,IRAO,LKOH,MAGN,MGNT,MOEX,MTSS,NLMK,NVTK,PHOR,PLZL,RASP,ROSN,RTKM,SBER,SNGS,TATN,TRNFP,VTBR,YDEX;;;252;10;0,8;60;2,0;0,25;10,0;252,0;8,97233085543059;0,2388374479175334;0,3086797299995696;0,7737386835146788;-0,4485141605859797;0,0343680709534368;88;29,78723404255319;0,52
russia;AFLT;coverage;30;25;AFKS,ALRS,CHMF,GAZP,GMKN,HYDR,IRAO,LKOH,MAGN,MGNT,MOEX,MTSS,NLMK,NVTK,PHOR,PLZL,RASP,ROSN,RTKM,SBER,SNGS,TATN,TRNFP,VTBR,YDEX;;;252;10;0,8;60;2,0;0,5;10,0;252,0;8,42437386638818;0,232334522056463;0,2743245272003859;0,8469330993752137;-0,3513581284664933;0,0395417590539541;105;21,27777777777778;0,5291557876414273
russia;AFLT;coverage;30;25;AFKS,ALRS,CHMF,GAZP,GMKN,HYDR,IRAO,LKOH,MAGN,MGNT,MOEX,MTSS,NLMK,NVTK,PHOR,PLZL,RASP,ROSN,RTKM,SBER,SNGS,TATN,TRNFP,VTBR,YDEX;;;252;10;0,8;60;2,0;0,75;10,0;252,0;7,88447136497266;0,2255827273074067;0,2502182337781362;0,9015439198864568;-0,3513581284664933;0,0424981522542498;115;15,96551724137931;0,5334773218142549
russia;AFLT;coverage;30;25;AFKS,ALRS,CHMF,GAZP,GMKN,HYDR,IRAO,LKOH,MAGN,MGNT,MOEX,MTSS,NLMK,NVTK,PHOR,PLZL,RASP,ROSN,RTKM,SBER,SNGS,TATN,TRNFP,VTBR,YDEX;;;252;10;0,8;60;2,0;1,0;10,0;252,0;4,3884066258419905;0,1698178929476979;0,232144573047285;0,7315178240807206;-0,3513581284664935;0,0454545454545454;123;12,580645161290322;0,541025641025641
russia;AFLT;coverage;30;25;AFKS,ALRS,CHMF,GAZP,GMKN,HYDR,IRAO,LKOH,MAGN,MGNT,MOEX,MTSS,NLMK,NVTK,PHOR,PLZL,RASP,ROSN,RTKM,SBER,SNGS,TATN,TRNFP,VTBR,YDEX;;;252;10;0,8;60;2,5;0,25;10,0;252,0;2,5381338911981786;0,1248778464680389;0,2698215582273324;0,462816415739567;-0,3793819775987236;0,0210643015521064;57;33,93103448275862;0,5101626016260162
russia;AFLT;coverage;30;25;AFKS,ALRS,CHMF,GAZP,GMKN,HYDR,IRAO,LKOH,MAGN,MGNT,MOEX,MTSS,NLMK,NVTK,PHOR,PLZL,RASP,ROSN,RTKM,SBER,SNGS,TATN,TRNFP,VTBR,YDEX;;;252;10;0,8;60;2,5;0,5;10,0;252,0;2,607390541280992;0,1269103960575579;0,2290837694911227;0,5539912161366625;-0,3513581284664931;0,0229120473022912;62;23,70967741935484;0,5238095238095238
russia;AFLT;coverage;30;25;AFKS,ALRS,CHMF,GAZP,GMKN,HYDR,IRAO,LKOH,MAGN,MGNT,MOEX,MTSS,NLMK,NVTK,PHOR,PLZL,RASP,ROSN,RTKM,SBER,SNGS,TATN,TRNFP,VTBR,YDEX;;;252;10;0,8;60;2,5;0,75;10,0;252,0;2,1178617963552457;0,1117089563874849;0,2104916836600533;0,5307048451752433;-0,3578793873749208;0,0229120473022912;62;19,483870967741936;0,5182119205298014
russia;AFLT;coverage;30;25;AFKS,ALRS,CHMF,GAZP,GMKN,HYDR,IRAO,LKOH,MAGN,MGNT,MOEX,MTSS,NLMK,NVTK,PHOR,PLZL,RASP,ROSN,RTKM,SBER,SNGS,TATN,TRNFP,VTBR,YDEX;;;252;10;0,8;60;2,5;1,0;10,0;252,0;1,5826261142278173;0,0923801548833187;0,2038108980318782;0,453264058867301;-0,3943116956646869;0,0236511456023651;64;16,0625;0,5233463035019456
russia;AFLT;coverage;30;25;AFKS,ALRS,CHMF,GAZP,GMKN,HYDR,IRAO,LKOH,MAGN,MGNT,MOEX,MTSS,NLMK,NVTK,PHOR,PLZL,RASP,ROSN,RTKM,SBER,SNGS,TATN,TRNFP,VTBR,YDEX;;;252;10;0,8;60;3,0;0,25;10,0;252,0;2,5229500167402477;0,1244274105207152;0,2295464138848073;0,5420577408068606;-0,3513581284664929;0,0155210643015521;42;32,42857142857143;0,527165932452276
russia;AFLT;coverage;30;25;AFKS,ALRS,CHMF,GAZP,GMKN,HYDR,IRAO,LKOH,MAGN,MGNT,MOEX,MTSS,NLMK,NVTK,PHOR,PLZL,RASP,ROSN,RTKM,SBER,SNGS,TATN,TRNFP,VTBR,YDEX;;;252;10;0,8;60;3,0;0,5;10,0;252,0;2,156845054724486;0,112996124967823;0,1967777568029356;0,5742322039019064;-0,3513581284664933;0,0155210643015521;42;22,666666666666668;0,5399159663865546
russia;AFLT;coverage;30;25;AFKS,ALRS,CHMF,GAZP,GMKN,HYDR,IRAO,LKOH,MAGN,MGNT,MOEX,MTSS,NLMK,NVTK,PHOR,PLZL,RASP,ROSN,RTKM,SBER,SNGS,TATN,TRNFP,VTBR,YDEX;;;252;10;0,8;60;3,0;0,75;10,0;252,0;1,7844989831571887;0,1000633266537507;0,1896945924987811;0,5274969904816537;-0,351358128466493;0,0155210643015521;42;19,428571428571427;0,5318627450980392
russia;AFLT;coverage;30;25;AFKS,ALRS,CHMF,GAZP,GMKN,HYDR,IRAO,LKOH,MAGN,MGNT,MOEX,MTSS,NLMK,NVTK,PHOR,PLZL,RASP,ROSN,RTKM,SBER,SNGS,TATN,TRNFP,VTBR,YDEX;;;252;10;0,8;60;3,0;1,0;10,0;252,0;1,3163900727488036;0,081368201523565;0,1837568991614588;0,442803518642696;-0,3513581284664931;0,0155210643015521;42;16,142857142857142;0,5339233038348082
russia;AFLT;coverage;30;25;AFKS,ALRS,CHMF,GAZP,GMKN,HYDR,IRAO,LKOH,MAGN,MGNT,MOEX,MTSS,NLMK,NVTK,PHOR,PLZL,RASP,ROSN,RTKM,SBER,SNGS,TATN,TRNFP,VTBR,YDEX;;;252;21;0,8;60;1,0;0,25;10,0;252,0;5,386609653482894;0,188480114176377;0,3693040160800019;0,5103657311312497;-0,3718925077499863;0,0546932742054693;136;26,04054054054054;0,5101193565127141
russia;AFLT;coverage;30;25;AFKS,ALRS,CHMF,GAZP,GMKN,HYDR,IRAO,LKOH,MAGN,MGNT,MOEX,MTSS,NLMK,NVTK,PHOR,PLZL,RASP,ROSN,RTKM,SBER,SNGS,TATN,TRNFP,VTBR,YDEX;;;252;21;0,8;60;1,0;0,5;10,0;252,0;4,6285450811116595;0,1745775106860647;0,3556951244498362;0,4908065888057609;-0,3777788402430113;0,065040650406504;169;19,522727272727273;0,5110593713620489
russia;AFLT;coverage;30;25;AFKS,ALRS,CHMF,GAZP,GMKN,HYDR,IRAO,LKOH,MAGN,MGNT,MOEX,MTSS,NLMK,NVTK,PHOR,PLZL,RASP,ROSN,RTKM,SBER,SNGS,TATN,TRNFP,VTBR,YDEX;;;252;21;0,8;60;1,0;0,75;10,0;252,0;4,20153652189559;0,1659790642959651;0,337433157619719;0,4918872391403232;-0,3472019140120853;0,0835181079083518;222;13,539823008849558;0,5143790849673202
russia;AFLT;coverage;30;25;AFKS,ALRS,CHMF,GAZP,GMKN,HYDR,IRAO,LKOH,MAGN,MGNT,MOEX,MTSS,NLMK,NVTK,PHOR,PLZL,RASP,ROSN,RTKM,SBER,SNGS,TATN,TRNFP,VTBR,YDEX;;;252;21;0,8;60;1,5;0,25;10,0;252,0;6,063938258145476;0,1996889775588581;0,3360944188734828;0,5941454732517525;-0,3493484411652908;0,0443458980044345;114;27,5;0,5206060606060606
russia;AFLT;coverage;30;25;AFKS,ALRS,CHMF,GAZP,GMKN,HYDR,IRAO,LKOH,MAGN,MGNT,MOEX,MTSS,NLMK,NVTK,PHOR,PLZL,RASP,ROSN,RTKM,SBER,SNGS,TATN,TRNFP,VTBR,YDEX;;;252;21;0,8;60;1,5;0,5;10,0;252,0;6,104451310147293;0,2003280685860491;0,3223042635029543;0,6215495457887819;-0,349348441165291;0,0509977827050997;135;21,130434782608695;0,522633744855967
russia;AFLT;coverage;30;25;AFKS,ALRS,CHMF,GAZP,GMKN,HYDR,IRAO,LKOH,MAGN,MGNT,MOEX,MTSS,NLMK,NVTK,PHOR,PLZL,RASP,ROSN,RTKM,SBER,SNGS,TATN,TRNFP,VTBR,YDEX;;;252;21;0,8;60;1,5;0,75;10,0;252,0;7,359926725492807;0,2186567072291458;0,3070500864339012;0,7121206503103075;-0,2764424567627419;0,0576496674057649;153;16,17948717948718;0,5229793977812995
russia;AFLT;coverage;30;25;AFKS,ALRS,CHMF,GAZP,GMKN,HYDR,IRAO,LKOH,MAGN,MGNT,MOEX,MTSS,NLMK,NVTK,PHOR,PLZL,RASP,ROSN,RTKM,SBER,SNGS,TATN,TRNFP,VTBR,YDEX;;;252;21;0,8;60;1,5;1,0;10,0;252,0;6,537371144487026;0,2069584480814639;0,2929145765367608;0,7065488188686663;-0,2500286351128779;0,0657797487065779;176;12,415730337078651;0,5257918552036199
russia;AFLT;coverage;30;25;AFKS,ALRS,CHMF,GAZP,GMKN,HYDR,IRAO,LKOH,MAGN,MGNT,MOEX,MTSS,NLMK,NVTK,PHOR,PLZL,RASP,ROSN,RTKM,SBER,SNGS,TATN,TRNFP,VTBR,YDEX;;;252;21;0,8;60;2,0;0,25;10,0;252,0;6,682949104369461;0,2091105709022727;0,313688640402048;0,6666182448757473;-0,3216513023057638;0,0332594235033259;85;30,022222222222226;0,5196150999259808
russia;AFLT;coverage;30;25;AFKS,ALRS,CHMF,GAZP,GMKN,HYDR,IRAO,LKOH,MAGN,MGNT,MOEX,MTSS,NLMK,NVTK,PHOR,PLZL,RASP,ROSN,RTKM,SBER,SNGS,TATN,TRNFP,VTBR,YDEX;;;252;21;0,8;60;2,0;0,5;10,0;252,0;7,404645472502834;0,2192623132668139;0,2937045169484448;0,7465404875107928;-0,2309722318079381;0,0369549150036954;98;23,02;0,5230234578627281
russia;AFLT;coverage;30;25;AFKS,ALRS,CHMF,GAZP,GMKN,HYDR,IRAO,LKOH,MAGN,MGNT,MOEX,MTSS,NLMK,NVTK,PHOR,PLZL,RASP,ROSN,RTKM,SBER,SNGS,TATN,TRNFP,VTBR,YDEX;;;252;21;0,8;60;2,0;0,75;10,0;252,0;4,155145437080733;0,165006699700235;0,2645340195115425;0,6237636278498966;-0,225297268068534;0,0384331116038433;104;18,634615384615383;0,5180598555211559
russia;AFLT;coverage;30;25;AFKS,ALRS,CHMF,GAZP,GMKN,HYDR,IRAO,LKOH,MAGN,MGNT,MOEX,MTSS,NLMK,NVTK,PHOR,PLZL,RASP,ROSN,RTKM,SBER,SNGS,TATN,TRNFP,VTBR,YDEX;;;252;21;0,8;60;2,0;1,0;10,0;252,0;2,996539438493759;0,1377128568650842;0,2508653274353646;0,5489513368505097;-0,2166203961258743;0,0413895048041389;112;14,803571428571429;0,5211097708082026
russia;AFLT;coverage;30;25;AFKS,ALRS,CHMF,GAZP,GMKN,HYDR,IRAO,LKOH,MAGN,MGNT,MOEX,MTSS,NLMK,NVTK,PHOR,PLZL,RASP,ROSN,RTKM,SBER,SNGS,TATN,TRNFP,VTBR,YDEX;;;252;21;0,8;60;2,5;0,25;10,0;252,0;4,367103748892996;0,1693864248363774;0,2669289832466169;0,6345748699753616;-0,3216513023057636;0,0221729490022172;58;33,666666666666664;0,5267326732673268
russia;AFLT;coverage;30;25;AFKS,ALRS,CHMF,GAZP,GMKN,HYDR,IRAO,LKOH,MAGN,MGNT,MOEX,MTSS,NLMK,NVTK,PHOR,PLZL,RASP,ROSN,RTKM,SBER,SNGS,TATN,TRNFP,VTBR,YDEX;;;252;21;0,8;60;2,5;0,5;10,0;252,0;5,9438610624787;0,1977750476960684;0,2528814935219645;0,7820858890921186;-0,2106914095213478;0,0251293422025129;68;25,029411764705884;0,535840188014101
russia;AFLT;coverage;30;25;AFKS,ALRS,CHMF,GAZP,GMKN,HYDR,IRAO,LKOH,MAGN,MGNT,MOEX,MTSS,NLMK,NVTK,PHOR,PLZL,RASP,ROSN,RTKM,SBER,SNGS,TATN,TRNFP,VTBR,YDEX;;;252;21;0,8;60;2,5;0,75;10,0;252,0;4,579916722820412;0,1736287530513547;0,2176374296781391;0,7977890260334896;-0,2106914095213478;0,0258684405025868;70;18,571428571428573;0,5415384615384615
russia;AFLT;coverage;30;25;AFKS,ALRS,CHMF,GAZP,GMKN,HYDR,IRAO,LKOH,MAGN,MGNT,MOEX,MTSS,NLMK,NVTK,PHOR,PLZL,RASP,ROSN,RTKM,SBER,SNGS,TATN,TRNFP,VTBR,YDEX;;;252;21;0,8;60;2,5;1,0;10,0;252,0;3,4261281001224475;0,1485816624305771;0,2110937084356812;0,7038658969594487;-0,2106914095213476;0,0273466371027346;74;14,91891891891892;0,5489130434782609
russia;AFLT;coverage;30;25;AFKS,ALRS,CHMF,GAZP,GMKN,HYDR,IRAO,LKOH,MAGN,MGNT,MOEX,MTSS,NLMK,NVTK,PHOR,PLZL,RASP,ROSN,RTKM,SBER,SNGS,TATN,TRNFP,VTBR,YDEX;;;252;21;0,8;60;3,0;0,25;10,0;252,0;2,229205022007847;0,1153475947270927;0,2406075538585903;0,4794013856891823;-0,3216513023057639;0,016260162601626;43;35,68181818181818;0,5312101910828025
russia;AFLT;coverage;30;25;AFKS,ALRS,CHMF,GAZP,GMKN,HYDR,IRAO,LKOH,MAGN,MGNT,MOEX,MTSS,NLMK,NVTK,PHOR,PLZL,RASP,ROSN,RTKM,SBER,SNGS,TATN,TRNFP,VTBR,YDEX;;;252;21;0,8;60;3,0;0,5;10,0;252,0;2,893037688699978;0,1349361899234125;0,2188366707028749;0,6166068487973931;-0,2106914095213479;0,0169992609016999;46;27,0;0,5394524959742351
russia;AFLT;coverage;30;25;AFKS,ALRS,CHMF,GAZP,GMKN,HYDR,IRAO,LKOH,MAGN,MGNT,MOEX,MTSS,NLMK,NVTK,PHOR,PLZL,RASP,ROSN,RTKM,SBER,SNGS,TATN,TRNFP,VTBR,YDEX;;;252;21;0,8;60;3,0;0,75;10,0;252,0;2,5267059370679723;0,1245389951066249;0,1920492849004661;0,6484741412662383;-0,2106914095213476;0,0177383592017738;48;19,208333333333332;0,5509761388286334
russia;AFLT;coverage;30;25;AFKS,ALRS,CHMF,GAZP,GMKN,HYDR,IRAO,LKOH,MAGN,MGNT,MOEX,MTSS,NLMK,NVTK,PHOR,PLZL,RASP,ROSN,RTKM,SBER,SNGS,TATN,TRNFP,VTBR,YDEX;;;252;21;0,8;60;3,0;1,0;10,0;252,0;2,1023054933617455;0,111191232817424;0,1873951883995332;0,593351589051264;-0,2106914095213476;0,0177383592017738;48;16,333333333333332;0,5535714285714286
russia;AFLT;coverage;30;25;AFKS,ALRS,CHMF,GAZP,GMKN,HYDR,IRAO,LKOH,MAGN,MGNT,MOEX,MTSS,NLMK,NVTK,PHOR,PLZL,RASP,ROSN,RTKM,SBER,SNGS,TATN,TRNFP,VTBR,YDEX;;;252;63;0,8;60;1,0;0,25;10,0;252,0;7,577753954051172;0,2215794228690049;0,4439597022516312;0,4990980526953688;-0,4682531660633307;0,056910569105691;139;26,584415584415584;0,5012212994626283
russia;AFLT;coverage;30;25;AFKS,ALRS,CHMF,GAZP,GMKN,HYDR,IRAO,LKOH,MAGN,MGNT,MOEX,MTSS,NLMK,NVTK,PHOR,PLZL,RASP,ROSN,RTKM,SBER,SNGS,TATN,TRNFP,VTBR,YDEX;;;252;63;0,8;60;1,0;0,5;10,0;252,0;6,1931779334201;0,2017162595576715;0,4316280167719002;0,4673381979841946;-0,470482123610727;0,0643015521064301;163;21,448275862068964;0,4957127545551983
russia;AFLT;coverage;30;25;AFKS,ALRS,CHMF,GAZP,GMKN,HYDR,IRAO,LKOH,MAGN,MGNT,MOEX,MTSS,NLMK,NVTK,PHOR,PLZL,RASP,ROSN,RTKM,SBER,SNGS,TATN,TRNFP,VTBR,YDEX;;;252;63;0,8;60;1,0;0,75;10,0;252,0;5,9070382195031605;0,1971821075500555;0,4084283800475046;0,4827825811887046;-0,4554367869581308;0,0879526977087952;229;13,77310924369748;0,5064063453325198
russia;AFLT;coverage;30;25;AFKS,ALRS,CHMF,GAZP,GMKN,HYDR,IRAO,LKOH,MAGN,MGNT,MOEX,MTSS,NLMK,NVTK,PHOR,PLZL,RASP,ROSN,RTKM,SBER,SNGS,TATN,TRNFP,VTBR,YDEX;;;252;63;0,8;60;1,5;0,25;10,0;252,0;6,782621512484224;0,2105628311932963;0,4162408687090639;0,505867748754079;-0,4574503395135065;0,0413895048041389;103;30,214285714285715;0,5023640661938534
russia;AFLT;coverage;30;25;AFKS,ALRS,CHMF,GAZP,GMKN,HYDR,IRAO,LKOH,MAGN,MGNT,MOEX,MTSS,NLMK,NVTK,PHOR,PLZL,RASP,ROSN,RTKM,SBER,SNGS,TATN,TRNFP,VTBR,YDEX;;;252;63;0,8;60;1,5;0,5;10,0;252,0;5,084349367966711;0,1831260831270824;0,4018728582756734;0,4556816399913804;-0,5335522475333205;0,0443458980044345;114;25,166666666666668;0,4947019867549669
russia;AFLT;coverage;30;25;AFKS,ALRS,CHMF,GAZP,GMKN,HYDR,IRAO,LKOH,MAGN,MGNT,MOEX,MTSS,NLMK,NVTK,PHOR,PLZL,RASP,ROSN,RTKM,SBER,SNGS,TATN,TRNFP,VTBR,YDEX;;;252;63;0,8;60;1,5;0,75;10,0;252,0;3,1344146533654555;0,141312071834305;0,3752138201293451;0,3766174491802871;-0,5195076846105643;0,048780487804878;128;19,803030303030305;0,5026778882938026
russia;AFLT;coverage;30;25;AFKS,ALRS,CHMF,GAZP,GMKN,HYDR,IRAO,LKOH,MAGN,MGNT,MOEX,MTSS,NLMK,NVTK,PHOR,PLZL,RASP,ROSN,RTKM,SBER,SNGS,TATN,TRNFP,VTBR,YDEX;;;252;63;0,8;60;1,5;1,0;10,0;252,0;2,08639301544492;0,1106592139816959;0,3659615771337469;0,3023793231201801;-0,4866680055427798;0,0554323725055432;146;15,293333333333331;0,4995640802092415
russia;AFLT;coverage;30;25;AFKS,ALRS,CHMF,GAZP,GMKN,HYDR,IRAO,LKOH,MAGN,MGNT,MOEX,MTSS,NLMK,NVTK,PHOR,PLZL,RASP,ROSN,RTKM,SBER,SNGS,TATN,TRNFP,VTBR,YDEX;;;252;63;0,8;60;2,0;0,25;10,0;252,0;2,1017060897353192;0,1111712372188065;0,3420322453727329;0,325031451633037;-0,4943093735784685;0,0295639320029563;75;34,05;0,5029368575624082
russia;AFLT;coverage;30;25;AFKS,ALRS,CHMF,GAZP,GMKN,HYDR,IRAO,LKOH,MAGN,MGNT,MOEX,MTSS,NLMK,NVTK,PHOR,PLZL,RASP,ROSN,RTKM,SBER,SNGS,TATN,TRNFP,VTBR,YDEX;;;252;63;0,8;60;2,0;0,5;10,0;252,0;2,3348977784101583;0,1186978029761738;0,32549886202736;0,364664264067985;-0,4554252055758185;0,032520325203252;84;27,431818181818183;0,5012427506213754
russia;AFLT;coverage;30;25;AFKS,ALRS,CHMF,GAZP,GMKN,HYDR,IRAO,LKOH,MAGN,MGNT,MOEX,MTSS,NLMK,NVTK,PHOR,PLZL,RASP,ROSN,RTKM,SBER,SNGS,TATN,TRNFP,VTBR,YDEX;;;252;63;0,8;60;2,0;0,75;10,0;252,0;1,2588585226046516;0,078838425249673;0,2918767997973955;0,270108570823026;-0,457816858070475;0,0332594235033259;88;22,666666666666668;0,5068627450980392
russia;AFLT;coverage;30;25;AFKS,ALRS,CHMF,GAZP,GMKN,HYDR,IRAO,LKOH,MAGN,MGNT,MOEX,MTSS,NLMK,NVTK,PHOR,PLZL,RASP,ROSN,RTKM,SBER,SNGS,TATN,TRNFP,VTBR,YDEX;;;252;63;0,8;60;2,0;1,0;10,0;252,0;0,4754185996369131;0,0368847022121245;0,2831878463793548;0,1302481822002852;-0,4619090045759497;0,0347376201034737;92;19,170212765957448;0,5005549389567148
russia;AFLT;coverage;30;25;AFKS,ALRS,CHMF,GAZP,GMKN,HYDR,IRAO,LKOH,MAGN,MGNT,MOEX,MTSS,NLMK,NVTK,PHOR,PLZL,RASP,ROSN,RTKM,SBER,SNGS,TATN,TRNFP,VTBR,YDEX;;;252;63;0,8;60;2,5;0,25;10,0;252,0;0,9512037701953376;0,0642283756610035;0,3097648719245509;0,2073455755714212;-0,4554252055758184;0,0214338507021433;57;36,44827586206897;0,510879848628193
russia;AFLT;coverage;30;25;AFKS,ALRS,CHMF,GAZP,GMKN,HYDR,IRAO,LKOH,MAGN,MGNT,MOEX,MTSS,NLMK,NVTK,PHOR,PLZL,RASP,ROSN,RTKM,SBER,SNGS,TATN,TRNFP,VTBR,YDEX;;;252;63;0,8;60;2,5;0,5;10,0;252,0;1,5329938013990567;0,0904078953258431;0,2945164193772066;0,3069706453617167;-0,4554252055758185;0,0236511456023651;63;29,5625;0,5105708245243129
russia;AFLT;coverage;30;25;AFKS,ALRS,CHMF,GAZP,GMKN,HYDR,IRAO,LKOH,MAGN,MGNT,MOEX,MTSS,NLMK,NVTK,PHOR,PLZL,RASP,ROSN,RTKM,SBER,SNGS,TATN,TRNFP,VTBR,YDEX;;;252;63;0,8;60;2,5;0,75;10,0;252,0;1,2688093151100457;0,0792801297788972;0,2564901705210101;0,3090961716694834;-0,4554252055758189;0,024390243902439;65;22,03030303030303;0,5185694635488308
russia;AFLT;coverage;30;25;AFKS,ALRS,CHMF,GAZP,GMKN,HYDR,IRAO,LKOH,MAGN,MGNT,MOEX,MTSS,NLMK,NVTK,PHOR,PLZL,RASP,ROSN,RTKM,SBER,SNGS,TATN,TRNFP,VTBR,YDEX;;;252;63;0,8;60;2,5;1,0;10,0;252,0;0,5609581437179667;0,0423410192366546;0,2488036200817916;0,1701784693596319;-0,4554252055758183;0,024390243902439;65;19,39393939393939;0,515625
russia;AFLT;coverage;30;25;AFKS,ALRS,CHMF,GAZP,GMKN,HYDR,IRAO,LKOH,MAGN,MGNT,MOEX,MTSS,NLMK,NVTK,PHOR,PLZL,RASP,ROSN,RTKM,SBER,SNGS,TATN,TRNFP,VTBR,YDEX;;;252;63;0,8;60;3,0;0,25;10,0;252,0;0,6210781744325851;0,0460158959257617;0,2615963457981126;0,1759041999817328;-0,4554252055758185;0,016260162601626;44;37,68181818181818;0,517490952955368
russia;AFLT;coverage;30;25;AFKS,ALRS,CHMF,GAZP,GMKN,HYDR,IRAO,LKOH,MAGN,MGNT,MOEX,MTSS,NLMK,NVTK,PHOR,PLZL,RASP,ROSN,RTKM,SBER,SNGS,TATN,TRNFP,VTBR,YDEX;;;252;63;0,8;60;3,0;0,5;10,0;252,0;0,5648455550895206;0,0425824885218844;0,2523073056633244;0,1687723167980951;-0,4554252055758184;0,016260162601626;44;32,36363636363637;0,5168539325842697
russia;AFLT;coverage;30;25;AFKS,ALRS,CHMF,GAZP,GMKN,HYDR,IRAO,LKOH,MAGN,MGNT,MOEX,MTSS,NLMK,NVTK,PHOR,PLZL,RASP,ROSN,RTKM,SBER,SNGS,TATN,TRNFP,VTBR,YDEX;;;252;63;0,8;60;3,0;0,75;10,0;252,0;0,1014733614311689;0,0090411711054307;0,2145696895760192;0,0421362920517607;-0,4554252055758185;0,016260162601626;44;26,272727272727273;0,513840830449827
russia;AFLT;coverage;30;25;AFKS,ALRS,CHMF,GAZP,GMKN,HYDR,IRAO,LKOH,MAGN,MGNT,MOEX,MTSS,NLMK,NVTK,PHOR,PLZL,RASP,ROSN,RTKM,SBER,SNGS,TATN,TRNFP,VTBR,YDEX;;;252;63;0,8;60;3,0;1,0;10,0;252,0;-0,2180041196207621;-0,0226400968791204;0,2062913283309763;-0,1097481753706896;-0,4554252055758185;0,016260162601626;44;23,40909090909091;0,512621359223301
russia;LKOH;coverage;30;25;AFKS,AFLT,ALRS,CHMF,GAZP,GMKN,HYDR,IRAO,MAGN,MGNT,MOEX,MTSS,NLMK,NVTK,PHOR,PLZL,RASP,ROSN,RTKM,SBER,SNGS,TATN,TRNFP,VTBR,YDEX;;;252;5;0,8;60;1,0;0,25;10,0;252,0;2,5757695589323375;0,1259868113832098;0,2180031514102604;0,5779127988205783;-0,3813100788847096;0,0716925351071692;184;19,1340206185567;0,5220905172413793
russia;LKOH;coverage;30;25;AFKS,AFLT,ALRS,CHMF,GAZP,GMKN,HYDR,IRAO,MAGN,MGNT,MOEX,MTSS,NLMK,NVTK,PHOR,PLZL,RASP,ROSN,RTKM,SBER,SNGS,TATN,TRNFP,VTBR,YDEX;;;252;5;0,8;60;1,0;0,5;10,0;252,0;3,216804050375602;0,1434112137071319;0,2034238976087473;0,704987051142634;-0,2356711637840184;0,0886917960088691;233;13,45;0,5254027261462205
russia;LKOH;coverage;30;25;AFKS,AFLT,ALRS,CHMF,GAZP,GMKN,HYDR,IRAO,MAGN,MGNT,MOEX,MTSS,NLMK,NVTK,PHOR,PLZL,RASP,ROSN,RTKM,SBER,SNGS,TATN,TRNFP,VTBR,YDEX;;;252;5;0,8;60;1,0;0,75;10,0;252,0;3,3281778114134717;0,146190471335798;0,1936676170333917;0,7548524300301179;-0,2892892619482869;0,1123429416112343;301;9,348684210526317;0,5320197044334976
russia;LKOH;coverage;30;25;AFKS,AFLT,ALRS,CHMF,GAZP,GMKN,HYDR,IRAO,MAGN,MGNT,MOEX,MTSS,NLMK,NVTK,PHOR,PLZL,RASP,ROSN,RTKM,SBER,SNGS,TATN,TRNFP,VTBR,YDEX;;;252;5;0,8;60;1,5;0,25;10,0;252,0;3,070681470008335;0,1396620727326261;0,199838921036393;0,6988732325430841;-0,3151527375386181;0,048780487804878;125;23,71212121212121;0,5252396166134186
russia;LKOH;coverage;30;25;AFKS,AFLT,ALRS,CHMF,GAZP,GMKN,HYDR,IRAO,MAGN,MGNT,MOEX,MTSS,NLMK,NVTK,PHOR,PLZL,RASP,ROSN,RTKM,SBER,SNGS,TATN,TRNFP,VTBR,YDEX;;;252;5;0,8;60;1,5;0,5;10,0;252,0;3,1502533534011485;0,1417185427095768;0,1888871247940629;0,7502816449987666;-0,2289693986647525;0,0554323725055432;146;17,453333333333333;0,5294117647058824
russia;LKOH;coverage;30;25;AFKS,AFLT,ALRS,CHMF,GAZP,GMKN,HYDR,IRAO,MAGN,MGNT,MOEX,MTSS,NLMK,NVTK,PHOR,PLZL,RASP,ROSN,RTKM,SBER,SNGS,TATN,TRNFP,VTBR,YDEX;;;252;5;0,8;60;1,5;0,75;10,0;252,0;2,508320180189308;0,1239917418479572;0,1807628411848118;0,6859360089454898;-0,2454738106356647;0,0583887657058388;156;14,430379746835444;0,5324561403508772
russia;LKOH;coverage;30;25;AFKS,AFLT,ALRS,CHMF,GAZP,GMKN,HYDR,IRAO,MAGN,MGNT,MOEX,MTSS,NLMK,NVTK,PHOR,PLZL,RASP,ROSN,RTKM,SBER,SNGS,TATN,TRNFP,VTBR,YDEX;;;252;5;0,8;60;1,5;1,0;10,0;252,0;1,371768627518033;0,0837500476837393;0,1688789803948742;0,4959175350769784;-0,2881338426790579;0,0672579453067258;181;10,835164835164836;0,5243407707910751
russia;LKOH;coverage;30;25;AFKS,AFLT,ALRS,CHMF,GAZP,GMKN,HYDR,IRAO,MAGN,MGNT,MOEX,MTSS,NLMK,NVTK,PHOR,PLZL,RASP,ROSN,RTKM,SBER,SNGS,TATN,TRNFP,VTBR,YDEX;;;252;5;0,8;60;2,0;0,25;10,0;252,0;2,602048234839231;0,1267548748650797;0,1904269377644948;0,6656352108221175;-0,2897029205890933;0,0391722099039172;104;25,18867924528302;0,5168539325842697
russia;LKOH;coverage;30;25;AFKS,AFLT,ALRS,CHMF,GAZP,GMKN,HYDR,IRAO,MAGN,MGNT,MOEX,MTSS,NLMK,NVTK,PHOR,PLZL,RASP,ROSN,RTKM,SBER,SNGS,TATN,TRNFP,VTBR,YDEX;;;252;5;0,8;60;2,0;0,5;10,0;252,0;2,8508114079301654;0,1337841065162739;0,177437563378912;0,7539784923138423;-0,2289693986647524;0,0413895048041389;110;19,178571428571427;0,5279329608938548
russia;LKOH;coverage;30;25;AFKS,AFLT,ALRS,CHMF,GAZP,GMKN,HYDR,IRAO,MAGN,MGNT,MOEX,MTSS,NLMK,NVTK,PHOR,PLZL,RASP,ROSN,RTKM,SBER,SNGS,TATN,TRNFP,VTBR,YDEX;;;252;5;0,8;60;2,0;0,75;10,0;252,0;2,4910723102294847;0,1234759883209548;0,1683105718792999;0,7336199202596903;-0,2289693986647522;0,0428677014042867;115;15,586206896551724;0,5342920353982301
russia;LKOH;coverage;30;25;AFKS,AFLT,ALRS,CHMF,GAZP,GMKN,HYDR,IRAO,MAGN,MGNT,MOEX,MTSS,NLMK,NVTK,PHOR,PLZL,RASP,ROSN,RTKM,SBER,SNGS,TATN,TRNFP,VTBR,YDEX;;;252;5;0,8;60;2,0;1,0;10,0;252,0;1,3799827377629712;0,0840990345165966;0,1570794827789086;0,5353915930253417;-0,2037975315031516;0,0443458980044345;119;12,666666666666666;0,5210526315789473
russia;LKOH;coverage;30;25;AFKS,AFLT,ALRS,CHMF,GAZP,GMKN,HYDR,IRAO,MAGN,MGNT,MOEX,MTSS,NLMK,NVTK,PHOR,PLZL,RASP,ROSN,RTKM,SBER,SNGS,TATN,TRNFP,VTBR,YDEX;;;252;5;0,8;60;2,5;0,25;10,0;252,0;2,7191136780412672;0,1301158463624703;0,1598619983859075;0,8139260592024512;-0,2289693986647524;0,0251293422025129;67;28,058823529411764;0,5167714884696016
russia;LKOH;coverage;30;25;AFKS,AFLT,ALRS,CHMF,GAZP,GMKN,HYDR,IRAO,MAGN,MGNT,MOEX,MTSS,NLMK,NVTK,PHOR,PLZL,RASP,ROSN,RTKM,SBER,SNGS,TATN,TRNFP,VTBR,YDEX;;;252;5;0,8;60;2,5;0,5;10,0;252,0;2,5506233841405463;0,1252470403690488;0,1492095236478168;0,8394037947917639;-0,2289693986647523;0,0251293422025129;67;22,352941176470587;0,5263157894736842
russia;LKOH;coverage;30;25;AFKS,AFLT,ALRS,CHMF,GAZP,GMKN,HYDR,IRAO,MAGN,MGNT,MOEX,MTSS,NLMK,NVTK,PHOR,PLZL,RASP,ROSN,RTKM,SBER,SNGS,TATN,TRNFP,VTBR,YDEX;;;252;5;0,8;60;2,5;0,75;10,0;252,0;1,783815921965049;0,1000381932507179;0,1392205257702423;0,7185592260713941;-0,2289693986647524;0,0251293422025129;67;18,0;0,5261437908496732
russia;LKOH;coverage;30;25;AFKS,AFLT,ALRS,CHMF,GAZP,GMKN,HYDR,IRAO,MAGN,MGNT,MOEX,MTSS,NLMK,NVTK,PHOR,PLZL,RASP,ROSN,RTKM,SBER,SNGS,TATN,TRNFP,VTBR,YDEX;;;252;5;0,8;60;2,5;1,0;10,0;252,0;1,2493284165337286;0,0784137371215287;0,1262306118818111;0,621194304238555;-0,1511915716498139;0,0258684405025868;69;13,771428571428572;0,5186721991701245
russia;LKOH;coverage;30;25;AFKS,AFLT,ALRS,CHMF,GAZP,GMKN,HYDR,IRAO,MAGN,MGNT,MOEX,MTSS,NLMK,NVTK,PHOR,PLZL,RASP,ROSN,RTKM,SBER,SNGS,TATN,TRNFP,VTBR,YDEX;;;252;5;0,8;60;3,0;0,25;10,0;252,0;0,9741702118007892;0,0653887332849119;0,132211078982833;0,4945783196686739;-0,2289693986647522;0,016260162601626;44;30,772727272727273;0,5155096011816839
russia;LKOH;coverage;30;25;AFKS,AFLT,ALRS,CHMF,GAZP,GMKN,HYDR,IRAO,MAGN,MGNT,MOEX,MTSS,NLMK,NVTK,PHOR,PLZL,RASP,ROSN,RTKM,SBER,SNGS,TATN,TRNFP,VTBR,YDEX;;;252;5;0,8;60;3,0;0,5;10,0;252,0;0,9509308493454424;0,0642145122781303;0,1254526495961944;0,5118625432370166;-0,2289693986647525;0,016260162601626;44;26,681818181818183;0,5178875638841567
russia;LKOH;coverage;30;25;AFKS,AFLT,ALRS,CHMF,GAZP,GMKN,HYDR,IRAO,MAGN,MGNT,MOEX,MTSS,NLMK,NVTK,PHOR,PLZL,RASP,ROSN,RTKM,SBER,SNGS,TATN,TRNFP,VTBR,YDEX;;;252;5;0,8;60;3,0;0,75;10,0;252,0;0,4784547715417433;0,0370832245676182;0,1151536111436345;0,3220326674893698;-0,2327655204031662;0,016260162601626;44;22,045454545454547;0,5072164948453608
russia;LKOH;coverage;30;25;AFKS,AFLT,ALRS,CHMF,GAZP,GMKN,HYDR,IRAO,MAGN,MGNT,MOEX,MTSS,NLMK,NVTK,PHOR,PLZL,RASP,ROSN,RTKM,SBER,SNGS,TATN,TRNFP,VTBR,YDEX;;;252;5;0,8;60;3,0;1,0;10,0;252,0;0,4743426592681234;0,0368142621365443;0,1043904214514936;0,3526593879463412;-0,1939181979191029;0,0169992609016999;46;16,304347826086957;0,5066666666666667
russia;LKOH;coverage;30;25;AFKS,AFLT,ALRS,CHMF,GAZP,GMKN,HYDR,IRAO,MAGN,MGNT,MOEX,MTSS,NLMK,NVTK,PHOR,PLZL,RASP,ROSN,RTKM,SBER,SNGS,TATN,TRNFP,VTBR,YDEX;;;252;10;0,8;60;1,0;0,25;10,0;252,0;4,7581844219358125;0,1770709658634153;0,2290508601066888;0,7730639639638901;-0,297174284159227;0,0694752402069475;171;20,01063829787234;0,5199362041467305
russia;LKOH;coverage;30;25;AFKS,AFLT,ALRS,CHMF,GAZP,GMKN,HYDR,IRAO,MAGN,MGNT,MOEX,MTSS,NLMK,NVTK,PHOR,PLZL,RASP,ROSN,RTKM,SBER,SNGS,TATN,TRNFP,VTBR,YDEX;;;252;10;0,8;60;1,0;0,5;10,0;252,0;5,5364074517030435;0,1910488801743992;0,2209588987352295;0,8646353745785509;-0,3047500958570459;0,0872135994087213;226;14,059322033898304;0,5280289330922242
russia;LKOH;coverage;30;25;AFKS,AFLT,ALRS,CHMF,GAZP,GMKN,HYDR,IRAO,MAGN,MGNT,MOEX,MTSS,NLMK,NVTK,PHOR,PLZL,RASP,ROSN,RTKM,SBER,SNGS,TATN,TRNFP,VTBR,YDEX;;;252;10;0,8;60;1,0;0,75;10,0;252,0;4,628429997829301;0,1745752741569941;0,2103377404893393;0,8299759888589384;-0,3318308385440385;0,1086474501108647;288;9,782312925170068;0,5292072322670376
russia;LKOH;coverage;30;25;AFKS,AFLT,ALRS,CHMF,GAZP,GMKN,HYDR,IRAO,MAGN,MGNT,MOEX,MTSS,NLMK,NVTK,PHOR,PLZL,RASP,ROSN,RTKM,SBER,SNGS,TATN,TRNFP,VTBR,YDEX;;;252;10;0,8;60;1,5;0,25;10,0;252,0;4,064742288221762;0,1630888162758985;0,2171817674576494;0,7509323558097527;-0,2845195603551151;0,0502586844050258;127;24,08823529411765;0,5164835164835165
russia;LKOH;coverage;30;25;AFKS,AFLT,ALRS,CHMF,GAZP,GMKN,HYDR,IRAO,MAGN,MGNT,MOEX,MTSS,NLMK,NVTK,PHOR,PLZL,RASP,ROSN,RTKM,SBER,SNGS,TATN,TRNFP,VTBR,YDEX;;;252;10;0,8;60;1,5;0,5;10,0;252,0;4,226447640898696;0,166497964469926;0,2066785791419006;0,8055888769953876;-0,2392037276533436;0,0546932742054693;142;18,35135135135135;0,5287187039764359
russia;LKOH;coverage;30;25;AFKS,AFLT,ALRS,CHMF,GAZP,GMKN,HYDR,IRAO,MAGN,MGNT,MOEX,MTSS,NLMK,NVTK,PHOR,PLZL,RASP,ROSN,RTKM,SBER,SNGS,TATN,TRNFP,VTBR,YDEX;;;252;10;0,8;60;1,5;0,75;10,0;252,0;2,5006127636868074;0,123761556068983;0,1926932997526987;0,6422722337923417;-0,2593992564002988;0,0598669623059867;160;13,851851851851851;0,5249554367201426
russia;LKOH;coverage;30;25;AFKS,AFLT,ALRS,CHMF,GAZP,GMKN,HYDR,IRAO,MAGN,MGNT,MOEX,MTSS,NLMK,NVTK,PHOR,PLZL,RASP,ROSN,RTKM,SBER,SNGS,TATN,TRNFP,VTBR,YDEX;;;252;10;0,8;60;1,5;1,0;10,0;252,0;1,3442917440177484;0,0825746379441438;0,1842314417940706;0,4482114298190413;-0,294303447164278;0,0665188470066518;178;10,733333333333333;0,5175983436853002
russia;LKOH;coverage;30;25;AFKS,AFLT,ALRS,CHMF,GAZP,GMKN,HYDR,IRAO,MAGN,MGNT,MOEX,MTSS,NLMK,NVTK,PHOR,PLZL,RASP,ROSN,RTKM,SBER,SNGS,TATN,TRNFP,VTBR,YDEX;;;252;10;0,8;60;2,0;0,25;10,0;252,0;2,737818666699947;0,1306439574928646;0,2005417168862084;0,6514552658736574;-0,2473618983990826;0,0332594235033259;85;28,88888888888889;0,5138461538461538
russia;LKOH;coverage;30;25;AFKS,AFLT,ALRS,CHMF,GAZP,GMKN,HYDR,IRAO,MAGN,MGNT,MOEX,MTSS,NLMK,NVTK,PHOR,PLZL,RASP,ROSN,RTKM,SBER,SNGS,TATN,TRNFP,VTBR,YDEX;;;252;10;0,8;60;2,0;0,5;10,0;252,0;2,4004634051806857;0,1207280007803399;0,1902769835090362;0,6344855723162471;-0,2255831555433711;0,0339985218033998;89;23,065217391304348;0,5230914231856739
russia;LKOH;coverage;30;25;AFKS,AFLT,ALRS,CHMF,GAZP,GMKN,HYDR,IRAO,MAGN,MGNT,MOEX,MTSS,NLMK,NVTK,PHOR,PLZL,RASP,ROSN,RTKM,SBER,SNGS,TATN,TRNFP,VTBR,YDEX;;;252;10;0,8;60;2,0;0,75;10,0;252,0;1,5407265741943852;0,0907174678663094;0,1759016236333645;0,5157284281547836;-0,2255831555433709;0,0362158167036215;97;17,367346938775512;0,5240893066980024
russia;LKOH;coverage;30;25;AFKS,AFLT,ALRS,CHMF,GAZP,GMKN,HYDR,IRAO,MAGN,MGNT,MOEX,MTSS,NLMK,NVTK,PHOR,PLZL,RASP,ROSN,RTKM,SBER,SNGS,TATN,TRNFP,VTBR,YDEX;;;252;10;0,8;60;2,0;1,0;10,0;252,0;0,7344774981639941;0,0526231421264382;0,1683407304714509;0,3125989888428259;-0,2402404306607964;0,0369549150036954;99;14,56;0,510989010989011
russia;LKOH;coverage;30;25;AFKS,AFLT,ALRS,CHMF,GAZP,GMKN,HYDR,IRAO,MAGN,MGNT,MOEX,MTSS,NLMK,NVTK,PHOR,PLZL,RASP,ROSN,RTKM,SBER,SNGS,TATN,TRNFP,VTBR,YDEX;;;252;10;0,8;60;2,5;0,25;10,0;252,0;3,0478337321398854;0,1390648548976509;0,1713068382077614;0,8117881127955483;-0,2382816008497001;0,0258684405025868;67;30,2;0,5193945127719962
russia;LKOH;coverage;30;25;AFKS,AFLT,ALRS,CHMF,GAZP,GMKN,HYDR,IRAO,MAGN,MGNT,MOEX,MTSS,NLMK,NVTK,PHOR,PLZL,RASP,ROSN,RTKM,SBER,SNGS,TATN,TRNFP,VTBR,YDEX;;;252;10;0,8;60;2,5;0,5;10,0;252,0;2,8009666042611374;0,1324093260823353;0,1595405968870652;0,8299412730420246;-0,2255831555433708;0,0266075388026607;70;23,75;0,5298245614035088
russia;LKOH;coverage;30;25;AFKS,AFLT,ALRS,CHMF,GAZP,GMKN,HYDR,IRAO,MAGN,MGNT,MOEX,MTSS,NLMK,NVTK,PHOR,PLZL,RASP,ROSN,RTKM,SBER,SNGS,TATN,TRNFP,VTBR,YDEX;;;252;10;0,8;60;2,5;0,75;10,0;252,0;1,432508160796563;0,0863051594471344;0,1444290334423853;0,5975610124231894;-0,2255831555433711;0,0266075388026607;72;18,97222222222222;0,5256222547584187
russia;LKOH;coverage;30;25;AFKS,AFLT,ALRS,CHMF,GAZP,GMKN,HYDR,IRAO,MAGN,MGNT,MOEX,MTSS,NLMK,NVTK,PHOR,PLZL,RASP,ROSN,RTKM,SBER,SNGS,TATN,TRNFP,VTBR,YDEX;;;252;10;0,8;60;2,5;1,0;10,0;252,0;0,7949535921729489;0,0559881838212228;0,1369441583773895;0,4088395188565187;-0,2326286135028528;0,0266075388026607;72;16,22222222222222;0,5154109589041096
russia;LKOH;coverage;30;25;AFKS,AFLT,ALRS,CHMF,GAZP,GMKN,HYDR,IRAO,MAGN,MGNT,MOEX,MTSS,NLMK,NVTK,PHOR,PLZL,RASP,ROSN,RTKM,SBER,SNGS,TATN,TRNFP,VTBR,YDEX;;;252;10;0,8;60;3,0;0,25;10,0;252,0;0,8025537370394271;0,0564037766815839;0,140444011705761;0,4016104068556041;-0,225583155543371;0,0125646711012564;34;38,94117647058823;0,5030211480362538
russia;LKOH;coverage;30;25;AFKS,AFLT,ALRS,CHMF,GAZP,GMKN,HYDR,IRAO,MAGN,MGNT,MOEX,MTSS,NLMK,NVTK,PHOR,PLZL,RASP,ROSN,RTKM,SBER,SNGS,TATN,TRNFP,VTBR,YDEX;;;252;10;0,8;60;3,0;0,5;10,0;252,0;0,9937266051747496;0,0663671911029093;0,1315258018462743;0,5045944610965265;-0,2255831555433711;0,0133037694013303;36;29,5;0,5178907721280602
russia;LKOH;coverage;30;25;AFKS,AFLT,ALRS,CHMF,GAZP,GMKN,HYDR,IRAO,MAGN,MGNT,MOEX,MTSS,NLMK,NVTK,PHOR,PLZL,RASP,ROSN,RTKM,SBER,SNGS,TATN,TRNFP,VTBR,YDEX;;;252;10;0,8;60;3,0;0,75;10,0;252,0;0,4138094806285954;0,0327741520490918;0,1163042037353088;0,2817967966461553;-0,2255831555433711;0,0133037694013303;36;22,666666666666668;0,4926470588235294
russia;LKOH;coverage;30;25;AFKS,AFLT,ALRS,CHMF,GAZP,GMKN,HYDR,IRAO,MAGN,MGNT,MOEX,MTSS,NLMK,NVTK,PHOR,PLZL,RASP,ROSN,RTKM,SBER,SNGS,TATN,TRNFP,VTBR,YDEX;;;252;10;0,8;60;3,0;1,0;10,0;252,0;0,2383283947945;0,0201063839707891;0,1129852628043719;0,1779558100918193;-0,2255831555433712;0,0133037694013303;36;19,944444444444443;0,4818941504178273
russia;LKOH;coverage;30;25;AFKS,AFLT,ALRS,CHMF,GAZP,GMKN,HYDR,IRAO,MAGN,MGNT,MOEX,MTSS,NLMK,NVTK,PHOR,PLZL,RASP,ROSN,RTKM,SBER,SNGS,TATN,TRNFP,VTBR,YDEX;;;252;21;0,8;60;1,0;0,25;10,0;252,0;3,808372261710872;0,15747605817086;0,2371786606288953;0,6639554239546746;-0,3650478478087979;0,0691056910569105;170;19,46808510638298;0,5120218579234973
russia;LKOH;coverage;30;25;AFKS,AFLT,ALRS,CHMF,GAZP,GMKN,HYDR,IRAO,MAGN,MGNT,MOEX,MTSS,NLMK,NVTK,PHOR,PLZL,RASP,ROSN,RTKM,SBER,SNGS,TATN,TRNFP,VTBR,YDEX;;;252;21;0,8;60;1,0;0,5;10,0;252,0;3,680065417119056;0,1545643387351414;0,2298149537429646;0,672559971480416;-0,3110022981579341;0,0787139689578714;200;15,336448598130842;0,5137111517367459
russia;LKOH;coverage;30;25;AFKS,AFLT,ALRS,CHMF,GAZP,GMKN,HYDR,IRAO,MAGN,MGNT,MOEX,MTSS,NLMK,NVTK,PHOR,PLZL,RASP,ROSN,RTKM,SBER,SNGS,TATN,TRNFP,VTBR,YDEX;;;252;21;0,8;60;1,0;0,75;10,0;252,0;2,689652004066005;0,1292791290861705;0,2183800229500125;0,5919915537135132;-0,369500145522765;0,0957132298595713;252;11,238461538461538;0,5222450376454483
russia;LKOH;coverage;30;25;AFKS,AFLT,ALRS,CHMF,GAZP,GMKN,HYDR,IRAO,MAGN,MGNT,MOEX,MTSS,NLMK,NVTK,PHOR,PLZL,RASP,ROSN,RTKM,SBER,SNGS,TATN,TRNFP,VTBR,YDEX;;;252;21;0,8;60;1,5;0,25;10,0;252,0;2,5429433266833588;0,1250201548293295;0,2218231776012611;0,5636027586533803;-0,3675747649970444;0,0498891352549889;127;22,985294117647054;0,5111964171465131
russia;LKOH;coverage;30;25;AFKS,AFLT,ALRS,CHMF,GAZP,GMKN,HYDR,IRAO,MAGN,MGNT,MOEX,MTSS,NLMK,NVTK,PHOR,PLZL,RASP,ROSN,RTKM,SBER,SNGS,TATN,TRNFP,VTBR,YDEX;;;252;21;0,8;60;1,5;0,5;10,0;252,0;2,9070380376582534;0,1353156685256957;0,2155331916731152;0,627818237531229;-0,2791635046753341;0,0550628233555062;143;18,4;0,5159420289855072
russia;LKOH;coverage;30;25;AFKS,AFLT,ALRS,CHMF,GAZP,GMKN,HYDR,IRAO,MAGN,MGNT,MOEX,MTSS,NLMK,NVTK,PHOR,PLZL,RASP,ROSN,RTKM,SBER,SNGS,TATN,TRNFP,VTBR,YDEX;;;252;21;0,8;60;1,5;0,75;10,0;252,0;2,1076982287250647;0,1113709725246414;0,2031349079906233;0,5482611217653557;-0,31379899736797;0,0602365114560236;160;14,46341463414634;0,5227655986509275
russia;LKOH;coverage;30;25;AFKS,AFLT,ALRS,CHMF,GAZP,GMKN,HYDR,IRAO,MAGN,MGNT,MOEX,MTSS,NLMK,NVTK,PHOR,PLZL,RASP,ROSN,RTKM,SBER,SNGS,TATN,TRNFP,VTBR,YDEX;;;252;21;0,8;60;1,5;1,0;10,0;252,0;2,0995329832098695;0,1110987148265736;0,1930318984424444;0,5755458850222079;-0,2692118857958725;0,0720620842572062;193;10,683673469387756;0,5224450811843362
russia;LKOH;coverage;30;25;AFKS,AFLT,ALRS,CHMF,GAZP,GMKN,HYDR,IRAO,MAGN,MGNT,MOEX,MTSS,NLMK,NVTK,PHOR,PLZL,RASP,ROSN,RTKM,SBER,SNGS,TATN,TRNFP,VTBR,YDEX;;;252;21;0,8;60;2,0;0,25;10,0;252,0;2,5294621440314455;0,1246208106826554;0,2040609951040772;0,6107037291428234;-0,2798477354501929;0,0388026607538802;101;25,20754716981132;0,5134730538922155
russia;LKOH;coverage;30;25;AFKS,AFLT,ALRS,CHMF,GAZP,GMKN,HYDR,IRAO,MAGN,MGNT,MOEX,MTSS,NLMK,NVTK,PHOR,PLZL,RASP,ROSN,RTKM,SBER,SNGS,TATN,TRNFP,VTBR,YDEX;;;252;21;0,8;60;2,0;0,5;10,0;252,0;2,529570485020799;0,1246240255058162;0,1940825177345463;0,6421187593839285;-0,2343695526213357;0,0395417590539541;104;20,666666666666668;0,5241935483870968
russia;LKOH;coverage;30;25;AFKS,AFLT,ALRS,CHMF,GAZP,GMKN,HYDR,IRAO,MAGN,MGNT,MOEX,MTSS,NLMK,NVTK,PHOR,PLZL,RASP,ROSN,RTKM,SBER,SNGS,TATN,TRNFP,VTBR,YDEX;;;252;21;0,8;60;2,0;0,75;10,0;252,0;2,267537430223143;0,1165739805711476;0,1830424246195859;0,6368686429576175;-0,2343695526213357;0,0424981522542498;114;15,982758620689657;0,5329018338727076
russia;LKOH;coverage;30;25;AFKS,AFLT,ALRS,CHMF,GAZP,GMKN,HYDR,IRAO,MAGN,MGNT,MOEX,MTSS,NLMK,NVTK,PHOR,PLZL,RASP,ROSN,RTKM,SBER,SNGS,TATN,TRNFP,VTBR,YDEX;;;252;21;0,8;60;2,0;1,0;10,0;252,0;1,7268677044996052;0,0979228408853403;0,1774341440157961;0,5518827361470108;-0,2343695526213356;0,0443458980044345;119;13,483333333333333;0,5253399258343634
russia;LKOH;coverage;30;25;AFKS,AFLT,ALRS,CHMF,GAZP,GMKN,HYDR,IRAO,MAGN,MGNT,MOEX,MTSS,NLMK,NVTK,PHOR,PLZL,RASP,ROSN,RTKM,SBER,SNGS,TATN,TRNFP,VTBR,YDEX;;;252;21;0,8;60;2,5;0,25;10,0;252,0;1,8358337303955896;0,1019363853250066;0,1708342682013962;0,5966975267797792;-0,2090367530903168;0,0236511456023651;62;30,75;0,5172764227642277
russia;LKOH;coverage;30;25;AFKS,AFLT,ALRS,CHMF,GAZP,GMKN,HYDR,IRAO,MAGN,MGNT,MOEX,MTSS,NLMK,NVTK,PHOR,PLZL,RASP,ROSN,RTKM,SBER,SNGS,TATN,TRNFP,VTBR,YDEX;;;252;21;0,8;60;2,5;0,5;10,0;252,0;1,666764965903187;0,0956464081926109;0,1601880896111467;0,5970881382304427;-0,2169835987772488;0,0236511456023651;63;24,90625;0,5219573400250941
russia;LKOH;coverage;30;25;AFKS,AFLT,ALRS,CHMF,GAZP,GMKN,HYDR,IRAO,MAGN,MGNT,MOEX,MTSS,NLMK,NVTK,PHOR,PLZL,RASP,ROSN,RTKM,SBER,SNGS,TATN,TRNFP,VTBR,YDEX;;;252;21;0,8;60;2,5;0,75;10,0;252,0;1,4775733852645216;0,0881637806198771;0,1465682659854311;0,6015202542454904;-0,2063252203564839;0,024390243902439;66;18,484848484848484;0,5327868852459017
russia;LKOH;coverage;30;25;AFKS,AFLT,ALRS,CHMF,GAZP,GMKN,HYDR,IRAO,MAGN,MGNT,MOEX,MTSS,NLMK,NVTK,PHOR,PLZL,RASP,ROSN,RTKM,SBER,SNGS,TATN,TRNFP,VTBR,YDEX;;;252;21;0,8;60;2,5;1,0;10,0;252,0;0,9731613105036804;0,0653380172147672;0,14125082490954;0,4625673319544231;-0,2046845214265719;0,024390243902439;66;16,424242424242426;0,518450184501845
russia;LKOH;coverage;30;25;AFKS,AFLT,ALRS,CHMF,GAZP,GMKN,HYDR,IRAO,MAGN,MGNT,MOEX,MTSS,NLMK,NVTK,PHOR,PLZL,RASP,ROSN,RTKM,SBER,SNGS,TATN,TRNFP,VTBR,YDEX;;;252;21;0,8;60;3,0;0,25;10,0;252,0;1,530014621948181;0,0902883986023277;0,1569228462615793;0,5753680917297621;-0,2204989468347667;0,0147819660014781;39;36,45;0,522633744855967
russia;LKOH;coverage;30;25;AFKS,AFLT,ALRS,CHMF,GAZP,GMKN,HYDR,IRAO,MAGN,MGNT,MOEX,MTSS,NLMK,NVTK,PHOR,PLZL,RASP,ROSN,RTKM,SBER,SNGS,TATN,TRNFP,VTBR,YDEX;;;252;21;0,8;60;3,0;0,5;10,0;252,0;1,1896236537174527;0,0757153828657617;0,147229721967761;0,5142669690182611;-0,1992570292570146;0,0147819660014781;40;29,5;0,5186440677966102
russia;LKOH;coverage;30;25;AFKS,AFLT,ALRS,CHMF,GAZP,GMKN,HYDR,IRAO,MAGN,MGNT,MOEX,MTSS,NLMK,NVTK,PHOR,PLZL,RASP,ROSN,RTKM,SBER,SNGS,TATN,TRNFP,VTBR,YDEX;;;252;21;0,8;60;3,0;0,75;10,0;252,0;0,8511203194988182;0,0590225853034827;0,1296851229743124;0,4551222526517068;-0,1792551248098933;0,0147819660014781;40;21,0;0,5166666666666667
russia;LKOH;coverage;30;25;AFKS,AFLT,ALRS,CHMF,GAZP,GMKN,HYDR,IRAO,MAGN,MGNT,MOEX,MTSS,NLMK,NVTK,PHOR,PLZL,RASP,ROSN,RTKM,SBER,SNGS,TATN,TRNFP,VTBR,YDEX;;;252;21;0,8;60;3,0;1,0;10,0;252,0;0,6008094715872156;0,0447909754033606;0,1255162492440965;0,3568539983715879;-0,179255124809893;0,0147819660014781;40;18,9;0,5026455026455027
russia;LKOH;coverage;30;25;AFKS,AFLT,ALRS,CHMF,GAZP,GMKN,HYDR,IRAO,MAGN,MGNT,MOEX,MTSS,NLMK,NVTK,PHOR,PLZL,RASP,ROSN,RTKM,SBER,SNGS,TATN,TRNFP,VTBR,YDEX;;;252;63;0,8;60;1,0;0,25;10,0;252,0;-0,2568252676843504;-0,0272636063986255;0,2622973314092232;-0,1039416079917727;-0,6542423027662251;0,0476718403547671;114;32,215384615384615;0,48567335243553
russia;LKOH;coverage;30;25;AFKS,AFLT,ALRS,CHMF,GAZP,GMKN,HYDR,IRAO,MAGN,MGNT,MOEX,MTSS,NLMK,NVTK,PHOR,PLZL,RASP,ROSN,RTKM,SBER,SNGS,TATN,TRNFP,VTBR,YDEX;;;252;63;0,8;60;1,0;0,5;10,0;252,0;-0,1956554058135131;-0,0200719960196802;0,2530431342147458;-0,0793224288893216;-0,6166817033043308;0,057280118255728;147;24,26923076923077;0,4870575805599577
russia;LKOH;coverage;30;25;AFKS,AFLT,ALRS,CHMF,GAZP,GMKN,HYDR,IRAO,MAGN,MGNT,MOEX,MTSS,NLMK,NVTK,PHOR,PLZL,RASP,ROSN,RTKM,SBER,SNGS,TATN,TRNFP,VTBR,YDEX;;;252;63;0,8;60;1,0;0,75;10,0;252,0;-0,2591347146177232;-0,0275455081002875;0,247321129627956;-0,1113754742335365;-0,6798303795017959;0,0742793791574279;195;16,900990099009903;0,4879906268306971
russia;LKOH;coverage;30;25;AFKS,AFLT,ALRS,CHMF,GAZP,GMKN,HYDR,IRAO,MAGN,MGNT,MOEX,MTSS,NLMK,NVTK,PHOR,PLZL,RASP,ROSN,RTKM,SBER,SNGS,TATN,TRNFP,VTBR,YDEX;;;252;63;0,8;60;1,5;0,25;10,0;252,0;-0,0780164487817742;-0,0075359218476632;0,2497730761934903;-0,0301710735300607;-0,5615018196060029;0,0380635624538063;95;36,76923076923077;0,4811715481171548
russia;LKOH;coverage;30;25;AFKS,AFLT,ALRS,CHMF,GAZP,GMKN,HYDR,IRAO,MAGN,MGNT,MOEX,MTSS,NLMK,NVTK,PHOR,PLZL,RASP,ROSN,RTKM,SBER,SNGS,TATN,TRNFP,VTBR,YDEX;;;252;63;0,8;60;1,5;0,5;10,0;252,0;-0,0213053375132115;-0,0020035202776513;0,2370060760834089;-0,0084534553322856;-0,55932091359022;0,0428677014042867;111;28,551724137931036;0,482487922705314
russia;LKOH;coverage;30;25;AFKS,AFLT,ALRS,CHMF,GAZP,GMKN,HYDR,IRAO,MAGN,MGNT,MOEX,MTSS,NLMK,NVTK,PHOR,PLZL,RASP,ROSN,RTKM,SBER,SNGS,TATN,TRNFP,VTBR,YDEX;;;252;63;0,8;60;1,5;0,75;10,0;252,0;0,1848199254459817;0,0159187529603761;0,2306540002880901;0,0690157245939519;-0,5053354798034702;0,048780487804878;128;21,53030303030303;0,4926108374384236
russia;LKOH;coverage;30;25;AFKS,AFLT,ALRS,CHMF,GAZP,GMKN,HYDR,IRAO,MAGN,MGNT,MOEX,MTSS,NLMK,NVTK,PHOR,PLZL,RASP,ROSN,RTKM,SBER,SNGS,TATN,TRNFP,VTBR,YDEX;;;252;63;0,8;60;1,5;1,0;10,0;252,0;0,4294220289697705;0,0338309601842048;0,2206677068844868;0,1533117856792447;-0,4148579491370348;0,0591278640059127;157;15,0125;0,4970857618651124
russia;LKOH;coverage;30;25;AFKS,AFLT,ALRS,CHMF,GAZP,GMKN,HYDR,IRAO,MAGN,MGNT,MOEX,MTSS,NLMK,NVTK,PHOR,PLZL,RASP,ROSN,RTKM,SBER,SNGS,TATN,TRNFP,VTBR,YDEX;;;252;63;0,8;60;2,0;0,25;10,0;252,0;0,0207985772526102;0,001918867663079;0,2377485424525282;0,0080709965381267;-0,5105921505342754;0,0303030303030303;76;40,73170731707317;0,48562874251497
russia;LKOH;coverage;30;25;AFKS,AFLT,ALRS,CHMF,GAZP,GMKN,HYDR,IRAO,MAGN,MGNT,MOEX,MTSS,NLMK,NVTK,PHOR,PLZL,RASP,ROSN,RTKM,SBER,SNGS,TATN,TRNFP,VTBR,YDEX;;;252;63;0,8;60;2,0;0,5;10,0;252,0;-0,0087694681568711;-0,0008199344942021;0,2250320495277548;-0,003643634299749;-0,4628094142483692;0,032520325203252;84;33,13636363636363;0,4849108367626886
russia;LKOH;coverage;30;25;AFKS,AFLT,ALRS,CHMF,GAZP,GMKN,HYDR,IRAO,MAGN,MGNT,MOEX,MTSS,NLMK,NVTK,PHOR,PLZL,RASP,ROSN,RTKM,SBER,SNGS,TATN,TRNFP,VTBR,YDEX;;;252;63;0,8;60;2,0;0,75;10,0;252,0;0,1002139157309773;0,0089336701415689;0,2159030275877739;0,0413781605630197;-0,4725408194495802;0,0347376201034737;90;26,21276595744681;0,4959415584415584
russia;LKOH;coverage;30;25;AFKS,AFLT,ALRS,CHMF,GAZP,GMKN,HYDR,IRAO,MAGN,MGNT,MOEX,MTSS,NLMK,NVTK,PHOR,PLZL,RASP,ROSN,RTKM,SBER,SNGS,TATN,TRNFP,VTBR,YDEX;;;252;63;0,8;60;2,0;1,0;10,0;252,0;0,3284048998145283;0,0267987252256967;0,1948279659925221;0,137550710901151;-0,3745037770929775;0,0391722099039172;104;18,37735849056604;0,5051334702258727
russia;LKOH;coverage;30;25;AFKS,AFLT,ALRS,CHMF,GAZP,GMKN,HYDR,IRAO,MAGN,MGNT,MOEX,MTSS,NLMK,NVTK,PHOR,PLZL,RASP,ROSN,RTKM,SBER,SNGS,TATN,TRNFP,VTBR,YDEX;;;252;63;0,8;60;2,5;0,25;10,0;252,0;0,1285470491127194;0,011325521280143;0,2244821535770081;0,050451766876238;-0,4652812386765043;0,0221729490022172;56;46,8;0,4836182336182336
russia;LKOH;coverage;30;25;AFKS,AFLT,ALRS,CHMF,GAZP,GMKN,HYDR,IRAO,MAGN,MGNT,MOEX,MTSS,NLMK,NVTK,PHOR,PLZL,RASP,ROSN,RTKM,SBER,SNGS,TATN,TRNFP,VTBR,YDEX;;;252;63;0,8;60;2,5;0,5;10,0;252,0;-0,1230760172919347;-0,0121562593775904;0,2114519106144478;-0,057489475229929;-0,4130746269776131;0,0221729490022172;58;40,2;0,4800995024875621
russia;LKOH;coverage;30;25;AFKS,AFLT,ALRS,CHMF,GAZP,GMKN,HYDR,IRAO,MAGN,MGNT,MOEX,MTSS,NLMK,NVTK,PHOR,PLZL,RASP,ROSN,RTKM,SBER,SNGS,TATN,TRNFP,VTBR,YDEX;;;252;63;0,8;60;2,5;0,75;10,0;252,0;0,1472798464739937;0,0128771931414504;0,2013336876803487;0,0639594560146096;-0,398940255632393;0,024390243902439;64;29,75757575757576;0,4938900203665988
russia;LKOH;coverage;30;25;AFKS,AFLT,ALRS,CHMF,GAZP,GMKN,HYDR,IRAO,MAGN,MGNT,MOEX,MTSS,NLMK,NVTK,PHOR,PLZL,RASP,ROSN,RTKM,SBER,SNGS,TATN,TRNFP,VTBR,YDEX;;;252;63;0,8;60;2,5;1,0;10,0;252,0;-0,070010845800344;-0,0067365394962898;0,1624690904267782;-0,0414635145589484;-0,3858063034562206;0,0251293422025129;67;22,676470588235293;0,503242542153048
russia;LKOH;coverage;30;25;AFKS,AFLT,ALRS,CHMF,GAZP,GMKN,HYDR,IRAO,MAGN,MGNT,MOEX,MTSS,NLMK,NVTK,PHOR,PLZL,RASP,ROSN,RTKM,SBER,SNGS,TATN,TRNFP,VTBR,YDEX;;;252;63;0,8;60;3,0;0,25;10,0;252,0;0,7059329535034109;0,0509977320021757;0,2118103457663844;0,2407707320322469;-0,4184163922247257;0,0169992609016999;43;50,21739130434783;0,4761904761904761
russia;LKOH;coverage;30;25;AFKS,AFLT,ALRS,CHMF,GAZP,GMKN,HYDR,IRAO,MAGN,MGNT,MOEX,MTSS,NLMK,NVTK,PHOR,PLZL,RASP,ROSN,RTKM,SBER,SNGS,TATN,TRNFP,VTBR,YDEX;;;252;63;0,8;60;3,0;0,5;10,0;252,0;0,1740543051452028;0,0150555469851501;0,1964486364301702;0,0766385924521383;-0,3492601222951725;0,0169992609016999;45;40,56521739130435;0,4705251875669882
russia;LKOH;coverage;30;25;AFKS,AFLT,ALRS,CHMF,GAZP,GMKN,HYDR,IRAO,MAGN,MGNT,MOEX,MTSS,NLMK,NVTK,PHOR,PLZL,RASP,ROSN,RTKM,SBER,SNGS,TATN,TRNFP,VTBR,YDEX;;;252;63;0,8;60;3,0;0,75;10,0;252,0;0,0825805546254592;0,0074167232552742;0,1808871509138968;0,0410019352828692;-0,345622853796562;0,0169992609016999;45;31,91304347826087;0,4822888283378747
russia;LKOH;coverage;30;25;AFKS,AFLT,ALRS,CHMF,GAZP,GMKN,HYDR,IRAO,MAGN,MGNT,MOEX,MTSS,NLMK,NVTK,PHOR,PLZL,RASP,ROSN,RTKM,SBER,SNGS,TATN,TRNFP,VTBR,YDEX;;;252;63;0,8;60;3,0;1,0;10,0;252,0;-0,1968298477479442;-0,0202053309770647;0,139784788436598;-0,1445459924720584;-0,3355143323499738;0,0169992609016999;46;25,304347826086957;0,486254295532646
russia;CHMF;coverage;30;25;AFKS,AFLT,ALRS,GAZP,GMKN,HYDR,IRAO,LKOH,MAGN,MGNT,MOEX,MTSS,NLMK,NVTK,PHOR,PLZL,RASP,ROSN,RTKM,SBER,SNGS,TATN,TRNFP,VTBR,YDEX;;;252;5;0,8;60;1,0;0,25;10,0;252,0;7,106438792392545;0,2151672693973856;0,2407929081860875;0,8935781000290168;-0,3569425511962661;0,0709534368070953;177;18,760416666666668;0,5235980011104941
russia;CHMF;coverage;30;25;AFKS,AFLT,ALRS,GAZP,GMKN,HYDR,IRAO,LKOH,MAGN,MGNT,MOEX,MTSS,NLMK,NVTK,PHOR,PLZL,RASP,ROSN,RTKM,SBER,SNGS,TATN,TRNFP,VTBR,YDEX;;;252;5;0,8;60;1,0;0,5;10,0;252,0;3,3422540387135884;0,1465371053076767;0,2206267211454506;0,6641856641248386;-0,3302033717495332;0,0805617147080561;212;14,44954128440367;0,526984126984127
russia;CHMF;coverage;30;25;AFKS,AFLT,ALRS,GAZP,GMKN,HYDR,IRAO,LKOH,MAGN,MGNT,MOEX,MTSS,NLMK,NVTK,PHOR,PLZL,RASP,ROSN,RTKM,SBER,SNGS,TATN,TRNFP,VTBR,YDEX;;;252;5;0,8;60;1,0;0,75;10,0;252,0;2,508146100976694;0,1239865479509629;0,2135887284208893;0,5804919991219767;-0,2835851955861621;0,0953436807095343;255;11,147286821705428;0,5250347705146036
russia;CHMF;coverage;30;25;AFKS,AFLT,ALRS,GAZP,GMKN,HYDR,IRAO,LKOH,MAGN,MGNT,MOEX,MTSS,NLMK,NVTK,PHOR,PLZL,RASP,ROSN,RTKM,SBER,SNGS,TATN,TRNFP,VTBR,YDEX;;;252;5;0,8;60;1,5;0,25;10,0;252,0;5,613765175210185;0,1923545925168841;0,2261446243265664;0,8505822019413227;-0,320008824033805;0,0517368810051736;132;22,38571428571429;0,5283982131461391
russia;CHMF;coverage;30;25;AFKS,AFLT,ALRS,GAZP,GMKN,HYDR,IRAO,LKOH,MAGN,MGNT,MOEX,MTSS,NLMK,NVTK,PHOR,PLZL,RASP,ROSN,RTKM,SBER,SNGS,TATN,TRNFP,VTBR,YDEX;;;252;5;0,8;60;1,5;0,5;10,0;252,0;2,5941951564564474;0,1265258818075798;0,2061513231566602;0,6137524604265053;-0,300660579646401;0,0546932742054693;145;18,33783783783784;0,5313190862196021
russia;CHMF;coverage;30;25;AFKS,AFLT,ALRS,GAZP,GMKN,HYDR,IRAO,LKOH,MAGN,MGNT,MOEX,MTSS,NLMK,NVTK,PHOR,PLZL,RASP,ROSN,RTKM,SBER,SNGS,TATN,TRNFP,VTBR,YDEX;;;252;5;0,8;60;1,5;0,75;10,0;252,0;1,6740721319696903;0,0959256422688175;0,1978067083045038;0,4849463554145468;-0,3052648898638833;0,0591278640059127;159;15,1625;0,5300906842539159
russia;CHMF;coverage;30;25;AFKS,AFLT,ALRS,GAZP,GMKN,HYDR,IRAO,LKOH,MAGN,MGNT,MOEX,MTSS,NLMK,NVTK,PHOR,PLZL,RASP,ROSN,RTKM,SBER,SNGS,TATN,TRNFP,VTBR,YDEX;;;252;5;0,8;60;1,5;1,0;10,0;252,0;1,3203670865282024;0,0815409657738903;0,1889875515917227;0,4314620994193657;-0,3042127216883085;0,0687361419068736;185;11,32258064516129;0,5308641975308642
russia;CHMF;coverage;30;25;AFKS,AFLT,ALRS,GAZP,GMKN,HYDR,IRAO,LKOH,MAGN,MGNT,MOEX,MTSS,NLMK,NVTK,PHOR,PLZL,RASP,ROSN,RTKM,SBER,SNGS,TATN,TRNFP,VTBR,YDEX;;;252;5;0,8;60;2,0;0,25;10,0;252,0;7,941904635695508;0,2263183882107313;0,2146597805799149;1,0543120262180463;-0,2446068758748261;0,040650406504065;105;24,672727272727272;0,529108327192336
russia;CHMF;coverage;30;25;AFKS,AFLT,ALRS,GAZP,GMKN,HYDR,IRAO,LKOH,MAGN,MGNT,MOEX,MTSS,NLMK,NVTK,PHOR,PLZL,RASP,ROSN,RTKM,SBER,SNGS,TATN,TRNFP,VTBR,YDEX;;;252;5;0,8;60;2,0;0,5;10,0;252,0;3,6782232249316382;0,154522008427236;0,1927332689331078;0,8017401940132414;-0,2467967873201886;0,0413895048041389;111;20,089285714285715;0,5342222222222223
russia;CHMF;coverage;30;25;AFKS,AFLT,ALRS,GAZP,GMKN,HYDR,IRAO,LKOH,MAGN,MGNT,MOEX,MTSS,NLMK,NVTK,PHOR,PLZL,RASP,ROSN,RTKM,SBER,SNGS,TATN,TRNFP,VTBR,YDEX;;;252;5;0,8;60;2,0;0,75;10,0;252,0;2,12847235069393;0,1120607401836566;0,1835621256389308;0,6104785493935804;-0,2517557259228902;0,0413895048041389;111;17,535714285714285;0,5305498981670062
russia;CHMF;coverage;30;25;AFKS,AFLT,ALRS,GAZP,GMKN,HYDR,IRAO,LKOH,MAGN,MGNT,MOEX,MTSS,NLMK,NVTK,PHOR,PLZL,RASP,ROSN,RTKM,SBER,SNGS,TATN,TRNFP,VTBR,YDEX;;;252;5;0,8;60;2,0;1,0;10,0;252,0;1,732556688320459;0,0981359513175565;0,1738839451103969;0,5643761490185375;-0,2506225187461496;0,0436067997043606;117;14,101694915254235;0,5288461538461539
russia;CHMF;coverage;30;25;AFKS,AFLT,ALRS,GAZP,GMKN,HYDR,IRAO,LKOH,MAGN,MGNT,MOEX,MTSS,NLMK,NVTK,PHOR,PLZL,RASP,ROSN,RTKM,SBER,SNGS,TATN,TRNFP,VTBR,YDEX;;;252;5;0,8;60;2,5;0,25;10,0;252,0;3,7778597428195866;0,1567900684202221;0,182963244573483;0,8569484476826217;-0,3337591609254483;0,0273466371027346;72;28,945945945945947;0,5284780578898226
russia;CHMF;coverage;30;25;AFKS,AFLT,ALRS,GAZP,GMKN,HYDR,IRAO,LKOH,MAGN,MGNT,MOEX,MTSS,NLMK,NVTK,PHOR,PLZL,RASP,ROSN,RTKM,SBER,SNGS,TATN,TRNFP,VTBR,YDEX;;;252;5;0,8;60;2,5;0,5;10,0;252,0;2,1545360460026837;0,1129202876808843;0,1560508162014942;0,7236122849564636;-0,33543799467803;0,0280857354028085;76;21,76315789473684;0,5405078597339782
russia;CHMF;coverage;30;25;AFKS,AFLT,ALRS,GAZP,GMKN,HYDR,IRAO,LKOH,MAGN,MGNT,MOEX,MTSS,NLMK,NVTK,PHOR,PLZL,RASP,ROSN,RTKM,SBER,SNGS,TATN,TRNFP,VTBR,YDEX;;;252;5;0,8;60;2,5;0,75;10,0;252,0;1,4398495571441008;0,0866100579988018;0,1476787809115701;0,5864759816148797;-0,2917930047313656;0,0280857354028085;76;18,63157894736842;0,5409604519774012
russia;CHMF;coverage;30;25;AFKS,AFLT,ALRS,GAZP,GMKN,HYDR,IRAO,LKOH,MAGN,MGNT,MOEX,MTSS,NLMK,NVTK,PHOR,PLZL,RASP,ROSN,RTKM,SBER,SNGS,TATN,TRNFP,VTBR,YDEX;;;252;5;0,8;60;2,5;1,0;10,0;252,0;0,9164082586780168;0,0624465475855997;0,1330547973988933;0,4693295454683029;-0,2982534601436785;0,0280857354028085;76;15,052631578947368;0,5402097902097902
russia;CHMF;coverage;30;25;AFKS,AFLT,ALRS,GAZP,GMKN,HYDR,IRAO,LKOH,MAGN,MGNT,MOEX,MTSS,NLMK,NVTK,PHOR,PLZL,RASP,ROSN,RTKM,SBER,SNGS,TATN,TRNFP,VTBR,YDEX;;;252;5;0,8;60;3,0;0,25;10,0;252,0;1,6074821077052373;0,0933549835384039;0,1532490387053167;0,609171739849649;-0,3324245918331522;0,0155210643015521;41;32,904761904761905;0,5267727930535456
russia;CHMF;coverage;30;25;AFKS,AFLT,ALRS,GAZP,GMKN,HYDR,IRAO,LKOH,MAGN,MGNT,MOEX,MTSS,NLMK,NVTK,PHOR,PLZL,RASP,ROSN,RTKM,SBER,SNGS,TATN,TRNFP,VTBR,YDEX;;;252;5;0,8;60;3,0;0,5;10,0;252,0;0,877545821898285;0,0604214369590303;0,1289378129645406;0,4686091346659254;-0,3341067885132315;0,0155210643015521;42;27,61904761904762;0,5293103448275862
russia;CHMF;coverage;30;25;AFKS,AFLT,ALRS,GAZP,GMKN,HYDR,IRAO,LKOH,MAGN,MGNT,MOEX,MTSS,NLMK,NVTK,PHOR,PLZL,RASP,ROSN,RTKM,SBER,SNGS,TATN,TRNFP,VTBR,YDEX;;;252;5;0,8;60;3,0;0,75;10,0;252,0;0,6111085371964076;0,0454151365225699;0,1207570560374527;0,3760868144092913;-0,2903743718415742;0,0155210643015521;42;23,571428571428573;0,5333333333333333
russia;CHMF;coverage;30;25;AFKS,AFLT,ALRS,GAZP,GMKN,HYDR,IRAO,LKOH,MAGN,MGNT,MOEX,MTSS,NLMK,NVTK,PHOR,PLZL,RASP,ROSN,RTKM,SBER,SNGS,TATN,TRNFP,VTBR,YDEX;;;252;5;0,8;60;3,0;1,0;10,0;252,0;0,5423576155685732;0,0411780326942814;0,1081446795094624;0,3807679941450882;-0,2968477684061096;0,0155210643015521;42;18,761904761904763;0,5329949238578681
russia;CHMF;coverage;30;25;AFKS,AFLT,ALRS,GAZP,GMKN,HYDR,IRAO,LKOH,MAGN,MGNT,MOEX,MTSS,NLMK,NVTK,PHOR,PLZL,RASP,ROSN,RTKM,SBER,SNGS,TATN,TRNFP,VTBR,YDEX;;;252;10;0,8;60;1,0;0,25;10,0;252,0;5,74886782073854;0,1946021135956535;0,250852827725773;0,7757620887111881;-0,3323119311261608;0,0679970436067997;172;19,554347826086957;0,5108393551973318
russia;CHMF;coverage;30;25;AFKS,AFLT,ALRS,GAZP,GMKN,HYDR,IRAO,LKOH,MAGN,MGNT,MOEX,MTSS,NLMK,NVTK,PHOR,PLZL,RASP,ROSN,RTKM,SBER,SNGS,TATN,TRNFP,VTBR,YDEX;;;252;10;0,8;60;1,0;0,5;10,0;252,0;3,8004096784176022;0,1572974229891837;0,2380816650139913;0,6606868402904517;-0,3643758110441061;0,0783444198078344;205;15,29245283018868;0,51326341764343
russia;CHMF;coverage;30;25;AFKS,AFLT,ALRS,GAZP,GMKN,HYDR,IRAO,LKOH,MAGN,MGNT,MOEX,MTSS,NLMK,NVTK,PHOR,PLZL,RASP,ROSN,RTKM,SBER,SNGS,TATN,TRNFP,VTBR,YDEX;;;252;10;0,8;60;1,0;0,75;10,0;252,0;2,362246520080844;0,1195490013933746;0,230565699020457;0,5185029772480061;-0,3736899140617581;0,0916481892091648;243;11,78225806451613;0,5106091718001369
russia;CHMF;coverage;30;25;AFKS,AFLT,ALRS,GAZP,GMKN,HYDR,IRAO,LKOH,MAGN,MGNT,MOEX,MTSS,NLMK,NVTK,PHOR,PLZL,RASP,ROSN,RTKM,SBER,SNGS,TATN,TRNFP,VTBR,YDEX;;;252;10;0,8;60;1,5;0,25;10,0;252,0;4,5395369501103;0,172835212818522;0,2402006272504395;0,7195452184990319;-0,2753474969614258;0,0509977827050997;132;22,971014492753625;0,5123028391167193
russia;CHMF;coverage;30;25;AFKS,AFLT,ALRS,GAZP,GMKN,HYDR,IRAO,LKOH,MAGN,MGNT,MOEX,MTSS,NLMK,NVTK,PHOR,PLZL,RASP,ROSN,RTKM,SBER,SNGS,TATN,TRNFP,VTBR,YDEX;;;252;10;0,8;60;1,5;0,5;10,0;252,0;2,421588402025514;0,1213745643632846;0,2255349862227751;0,5381629094272554;-0,3248049734254267;0,0554323725055432;148;18,746666666666663;0,515647226173542
russia;CHMF;coverage;30;25;AFKS,AFLT,ALRS,GAZP,GMKN,HYDR,IRAO,LKOH,MAGN,MGNT,MOEX,MTSS,NLMK,NVTK,PHOR,PLZL,RASP,ROSN,RTKM,SBER,SNGS,TATN,TRNFP,VTBR,YDEX;;;252;10;0,8;60;1,5;0,75;10,0;252,0;1,6946954365671654;0,096710019526724;0,218917725756403;0,4417642253160281;-0,3332757832091596;0,0576496674057649;154;15,974358974358974;0,5104333868378812
russia;CHMF;coverage;30;25;AFKS,AFLT,ALRS,GAZP,GMKN,HYDR,IRAO,LKOH,MAGN,MGNT,MOEX,MTSS,NLMK,NVTK,PHOR,PLZL,RASP,ROSN,RTKM,SBER,SNGS,TATN,TRNFP,VTBR,YDEX;;;252;10;0,8;60;1,5;1,0;10,0;252,0;1,3787575966658672;0,0840470522275538;0,2043483189917943;0,4112930932939495;-0,3407479238912796;0,0702143385070214;188;11,378947368421052;0,5189639222941721
russia;CHMF;coverage;30;25;AFKS,AFLT,ALRS,GAZP,GMKN,HYDR,IRAO,LKOH,MAGN,MGNT,MOEX,MTSS,NLMK,NVTK,PHOR,PLZL,RASP,ROSN,RTKM,SBER,SNGS,TATN,TRNFP,VTBR,YDEX;;;252;10;0,8;60;2,0;0,25;10,0;252,0;7,441679281172828;0,2197616375843538;0,22691714386863;0,9684664359762136;-0,2174282882217063;0,0391722099039172;100;24,90566037735849;0,5181818181818182
russia;CHMF;coverage;30;25;AFKS,AFLT,ALRS,GAZP,GMKN,HYDR,IRAO,LKOH,MAGN,MGNT,MOEX,MTSS,NLMK,NVTK,PHOR,PLZL,RASP,ROSN,RTKM,SBER,SNGS,TATN,TRNFP,VTBR,YDEX;;;252;10;0,8;60;2,0;0,5;10,0;252,0;3,499932533291199;0,1503519001785875;0,2088442147803473;0,7199237016774475;-0,2728008054454269;0,0413895048041389;110;20,321428571428573;0,5210896309314587
russia;CHMF;coverage;30;25;AFKS,AFLT,ALRS,GAZP,GMKN,HYDR,IRAO,LKOH,MAGN,MGNT,MOEX,MTSS,NLMK,NVTK,PHOR,PLZL,RASP,ROSN,RTKM,SBER,SNGS,TATN,TRNFP,VTBR,YDEX;;;252;10;0,8;60;2,0;0,75;10,0;252,0;2,4852782196835457;0,1233022122262852;0,2022957195429743;0,6095146872353457;-0,2678974681071011;0,0413895048041389;110;17,803571428571427;0,5135406218655968
russia;CHMF;coverage;30;25;AFKS,AFLT,ALRS,GAZP,GMKN,HYDR,IRAO,LKOH,MAGN,MGNT,MOEX,MTSS,NLMK,NVTK,PHOR,PLZL,RASP,ROSN,RTKM,SBER,SNGS,TATN,TRNFP,VTBR,YDEX;;;252;10;0,8;60;2,0;1,0;10,0;252,0;1,441613403495905;0,0866831890558159;0,1744086168958974;0,4970120777206563;-0,2904470908323037;0,0436067997043606;117;14,305084745762713;0,5213270142180095
russia;CHMF;coverage;30;25;AFKS,AFLT,ALRS,GAZP,GMKN,HYDR,IRAO,LKOH,MAGN,MGNT,MOEX,MTSS,NLMK,NVTK,PHOR,PLZL,RASP,ROSN,RTKM,SBER,SNGS,TATN,TRNFP,VTBR,YDEX;;;252;10;0,8;60;2,5;0,25;10,0;252,0;3,6016596215822574;0,1527492031492963;0,1848297116157215;0,8264320807191234;-0,2689187152807341;0,0251293422025129;65;27,735294117647054;0,5259809119830329
russia;CHMF;coverage;30;25;AFKS,AFLT,ALRS,GAZP,GMKN,HYDR,IRAO,LKOH,MAGN,MGNT,MOEX,MTSS,NLMK,NVTK,PHOR,PLZL,RASP,ROSN,RTKM,SBER,SNGS,TATN,TRNFP,VTBR,YDEX;;;252;10;0,8;60;2,5;0,5;10,0;252,0;1,6511445101831108;0,0950471577282829;0,1586794837568351;0,5989883221068194;-0,3531498074635562;0,0251293422025129;68;23,294117647058822;0,5303030303030303
russia;CHMF;coverage;30;25;AFKS,AFLT,ALRS,GAZP,GMKN,HYDR,IRAO,LKOH,MAGN,MGNT,MOEX,MTSS,NLMK,NVTK,PHOR,PLZL,RASP,ROSN,RTKM,SBER,SNGS,TATN,TRNFP,VTBR,YDEX;;;252;10;0,8;60;2,5;0,75;10,0;252,0;1,1972116311284076;0,0760619961607329;0,1523293152918153;0,4993260556250907;-0,3626284104414725;0,0251293422025129;68;20,558823529411764;0,5221745350500715
russia;CHMF;coverage;30;25;AFKS,AFLT,ALRS,GAZP,GMKN,HYDR,IRAO,LKOH,MAGN,MGNT,MOEX,MTSS,NLMK,NVTK,PHOR,PLZL,RASP,ROSN,RTKM,SBER,SNGS,TATN,TRNFP,VTBR,YDEX;;;252;10;0,8;60;2,5;1,0;10,0;252,0;0,887441473455203;0,0609406784976869;0,1336671725843794;0,4559135748847921;-0,3089468123496469;0,0258684405025868;70;16,457142857142856;0,5260416666666666
russia;CHMF;coverage;30;25;AFKS,AFLT,ALRS,GAZP,GMKN,HYDR,IRAO,LKOH,MAGN,MGNT,MOEX,MTSS,NLMK,NVTK,PHOR,PLZL,RASP,ROSN,RTKM,SBER,SNGS,TATN,TRNFP,VTBR,YDEX;;;252;10;0,8;60;3,0;0,25;10,0;252,0;1,6936997814571968;0,0966722765132508;0,1646831167408219;0,5870199594618649;-0,2663681669739215;0,0155210643015521;40;34,714285714285715;0,51440329218107
russia;CHMF;coverage;30;25;AFKS,AFLT,ALRS,GAZP,GMKN,HYDR,IRAO,LKOH,MAGN,MGNT,MOEX,MTSS,NLMK,NVTK,PHOR,PLZL,RASP,ROSN,RTKM,SBER,SNGS,TATN,TRNFP,VTBR,YDEX;;;252;10;0,8;60;3,0;0,5;10,0;252,0;0,7719849900018201;0,054722438504648;0,1388581490984419;0,3940887795202659;-0,3508931190517219;0,0155210643015521;42;29,38095238095238;0,5170178282009724
russia;CHMF;coverage;30;25;AFKS,AFLT,ALRS,GAZP,GMKN,HYDR,IRAO,LKOH,MAGN,MGNT,MOEX,MTSS,NLMK,NVTK,PHOR,PLZL,RASP,ROSN,RTKM,SBER,SNGS,TATN,TRNFP,VTBR,YDEX;;;252;10;0,8;60;3,0;0,75;10,0;252,0;0,658179646554637;0,0482225427281459;0,1334627063210561;0,3613184840725651;-0,3604047903563498;0,0155210643015521;42;25,857142857142858;0,5119705340699816
russia;CHMF;coverage;30;25;AFKS,AFLT,ALRS,GAZP,GMKN,HYDR,IRAO,LKOH,MAGN,MGNT,MOEX,MTSS,NLMK,NVTK,PHOR,PLZL,RASP,ROSN,RTKM,SBER,SNGS,TATN,TRNFP,VTBR,YDEX;;;252;10;0,8;60;3,0;1,0;10,0;252,0;0,5403342542877001;0,0410507572635918;0,1144910511823429;0,3585499201873238;-0,3065359114354542;0,016260162601626;44;19,90909090909091;0,5182648401826484
russia;CHMF;coverage;30;25;AFKS,AFLT,ALRS,GAZP,GMKN,HYDR,IRAO,LKOH,MAGN,MGNT,MOEX,MTSS,NLMK,NVTK,PHOR,PLZL,RASP,ROSN,RTKM,SBER,SNGS,TATN,TRNFP,VTBR,YDEX;;;252;21;0,8;60;1,0;0,25;10,0;252,0;8,304271541814016;0,230863487004868;0,2628031936861222;0,8784653023684283;-0,3780716746100592;0,0698447893569844;174;19,147368421052633;0,5046728971962616
russia;CHMF;coverage;30;25;AFKS,AFLT,ALRS,GAZP,GMKN,HYDR,IRAO,LKOH,MAGN,MGNT,MOEX,MTSS,NLMK,NVTK,PHOR,PLZL,RASP,ROSN,RTKM,SBER,SNGS,TATN,TRNFP,VTBR,YDEX;;;252;21;0,8;60;1,0;0,5;10,0;252,0;4,885706578220839;0,1794745166602596;0,2415356115306068;0,7430561295824363;-0,3726487106544115;0,0831485587583148;218;14,221238938053098;0,5052893590541382
russia;CHMF;coverage;30;25;AFKS,AFLT,ALRS,GAZP,GMKN,HYDR,IRAO,LKOH,MAGN,MGNT,MOEX,MTSS,NLMK,NVTK,PHOR,PLZL,RASP,ROSN,RTKM,SBER,SNGS,TATN,TRNFP,VTBR,YDEX;;;252;21;0,8;60;1,0;0,75;10,0;252,0;4,1805716025578015;0,165540614303103;0,2356297964487927;0,7025453350891405;-0,3488575455543445;0,0994087213599408;263;10,792592592592593;0,5072065888812629
russia;CHMF;coverage;30;25;AFKS,AFLT,ALRS,GAZP,GMKN,HYDR,IRAO,LKOH,MAGN,MGNT,MOEX,MTSS,NLMK,NVTK,PHOR,PLZL,RASP,ROSN,RTKM,SBER,SNGS,TATN,TRNFP,VTBR,YDEX;;;252;21;0,8;60;1,5;0,25;10,0;252,0;4,01312190497988;0,1619797308514927;0,2424492837162228;0,6680973784236192;-0,335759437334524;0,0498891352549889;128;22,36764705882353;0,5108481262327417
russia;CHMF;coverage;30;25;AFKS,AFLT,ALRS,GAZP,GMKN,HYDR,IRAO,LKOH,MAGN,MGNT,MOEX,MTSS,NLMK,NVTK,PHOR,PLZL,RASP,ROSN,RTKM,SBER,SNGS,TATN,TRNFP,VTBR,YDEX;;;252;21;0,8;60;1,5;0,5;10,0;252,0;1,856427085248026;0,102679147538687;0,2279275112888765;0,4504903640550478;-0,3299675277491941;0,0528455284552845;141;18,40277777777778;0,5011320754716981
russia;CHMF;coverage;30;25;AFKS,AFLT,ALRS,GAZP,GMKN,HYDR,IRAO,LKOH,MAGN,MGNT,MOEX,MTSS,NLMK,NVTK,PHOR,PLZL,RASP,ROSN,RTKM,SBER,SNGS,TATN,TRNFP,VTBR,YDEX;;;252;21;0,8;60;1,5;0,75;10,0;252,0;1,9415284957660923;0,10569797841692;0,2201226789221343;0,4801775943055347;-0,3337757695987611;0,0587583148558758;158;14,675;0,5059625212947189
russia;CHMF;coverage;30;25;AFKS,AFLT,ALRS,GAZP,GMKN,HYDR,IRAO,LKOH,MAGN,MGNT,MOEX,MTSS,NLMK,NVTK,PHOR,PLZL,RASP,ROSN,RTKM,SBER,SNGS,TATN,TRNFP,VTBR,YDEX;;;252;21;0,8;60;1,5;1,0;10,0;252,0;1,6676778655729478;0,0956813313960522;0,2088834196611548;0,4580609200637561;-0,3198521510406952;0,0694752402069475;187;11,095744680851064;0,5100671140939598
russia;CHMF;coverage;30;25;AFKS,AFLT,ALRS,GAZP,GMKN,HYDR,IRAO,LKOH,MAGN,MGNT,MOEX,MTSS,NLMK,NVTK,PHOR,PLZL,RASP,ROSN,RTKM,SBER,SNGS,TATN,TRNFP,VTBR,YDEX;;;252;21;0,8;60;2,0;0,25;10,0;252,0;5,990709904740073;0,1985253234068389;0,2212363557468946;0,8973449356305695;-0,3080046351036021;0,0358462675535846;91;24,183673469387756;0,5206751054852321
russia;CHMF;coverage;30;25;AFKS,AFLT,ALRS,GAZP,GMKN,HYDR,IRAO,LKOH,MAGN,MGNT,MOEX,MTSS,NLMK,NVTK,PHOR,PLZL,RASP,ROSN,RTKM,SBER,SNGS,TATN,TRNFP,VTBR,YDEX;;;252;21;0,8;60;2,0;0,5;10,0;252,0;2,3171516371588594;0,1181420815584031;0,2034698508674527;0,5806367924030422;-0,3091809704764611;0,0373244641537324;99;19,725490196078432;0,5049701789264414
russia;CHMF;coverage;30;25;AFKS,AFLT,ALRS,GAZP,GMKN,HYDR,IRAO,LKOH,MAGN,MGNT,MOEX,MTSS,NLMK,NVTK,PHOR,PLZL,RASP,ROSN,RTKM,SBER,SNGS,TATN,TRNFP,VTBR,YDEX;;;252;21;0,8;60;2,0;0,75;10,0;252,0;1,4957289846111754;0,0889039179701391;0,1959486080828871;0,4537103827373575;-0,3192000036442568;0,0373244641537324;100;17,392156862745097;0,5005636978579482
russia;CHMF;coverage;30;25;AFKS,AFLT,ALRS,GAZP,GMKN,HYDR,IRAO,LKOH,MAGN,MGNT,MOEX,MTSS,NLMK,NVTK,PHOR,PLZL,RASP,ROSN,RTKM,SBER,SNGS,TATN,TRNFP,VTBR,YDEX;;;252;21;0,8;60;2,0;1,0;10,0;252,0;1,0398919516242433;0,0686428792561058;0,1855650956983786;0,3699126659448896;-0,3049717618136034;0,0391722099039172;105;14,58490566037736;0,500646830530401
russia;CHMF;coverage;30;25;AFKS,AFLT,ALRS,GAZP,GMKN,HYDR,IRAO,LKOH,MAGN,MGNT,MOEX,MTSS,NLMK,NVTK,PHOR,PLZL,RASP,ROSN,RTKM,SBER,SNGS,TATN,TRNFP,VTBR,YDEX;;;252;21;0,8;60;2,5;0,25;10,0;252,0;6,538431497566996;0,2069742593955987;0,1895832359253738;1,0917329181841302;-0,3874034004620539;0,0277161862527716;70;25,210526315789473;0,535490605427975
russia;CHMF;coverage;30;25;AFKS,AFLT,ALRS,GAZP,GMKN,HYDR,IRAO,LKOH,MAGN,MGNT,MOEX,MTSS,NLMK,NVTK,PHOR,PLZL,RASP,ROSN,RTKM,SBER,SNGS,TATN,TRNFP,VTBR,YDEX;;;252;21;0,8;60;2,5;0,5;10,0;252,0;2,43036142762577;0,121642013185325;0,1703395364672473;0,7141149712398934;-0,3820618053890784;0,0284552845528455;76;20,43589743589743;0,5144291091593476
russia;CHMF;coverage;30;25;AFKS,AFLT,ALRS,GAZP,GMKN,HYDR,IRAO,LKOH,MAGN,MGNT,MOEX,MTSS,NLMK,NVTK,PHOR,PLZL,RASP,ROSN,RTKM,SBER,SNGS,TATN,TRNFP,VTBR,YDEX;;;252;21;0,8;60;2,5;0,75;10,0;252,0;1,7383911680924702;0,0983540945348933;0,1631367828785539;0,6028934296694591;-0,343240024172985;0,0284552845528455;77;18,025641025641026;0,5120910384068279
russia;CHMF;coverage;30;25;AFKS,AFLT,ALRS,GAZP,GMKN,HYDR,IRAO,LKOH,MAGN,MGNT,MOEX,MTSS,NLMK,NVTK,PHOR,PLZL,RASP,ROSN,RTKM,SBER,SNGS,TATN,TRNFP,VTBR,YDEX;;;252;21;0,8;60;2,5;1,0;10,0;252,0;1,310035290948509;0,0810915862589469;0,1535941561627374;0,5279601013793005;-0,3295142018892287;0,0295639320029563;80;15,45;0,5097087378640777
russia;CHMF;coverage;30;25;AFKS,AFLT,ALRS,GAZP,GMKN,HYDR,IRAO,LKOH,MAGN,MGNT,MOEX,MTSS,NLMK,NVTK,PHOR,PLZL,RASP,ROSN,RTKM,SBER,SNGS,TATN,TRNFP,VTBR,YDEX;;;252;21;0,8;60;3,0;0,25;10,0;252,0;1,1501183218125508;0,0738930160541064;0,1413776491728504;0,5226640596050919;-0,343962441039409;0,0144124168514412;38;30,0;0,5266666666666666
russia;CHMF;coverage;30;25;AFKS,AFLT,ALRS,GAZP,GMKN,HYDR,IRAO,LKOH,MAGN,MGNT,MOEX,MTSS,NLMK,NVTK,PHOR,PLZL,RASP,ROSN,RTKM,SBER,SNGS,TATN,TRNFP,VTBR,YDEX;;;252;21;0,8;60;3,0;0,5;10,0;252,0;0,7719689912632615;0,0547215516786534;0,126503809313768;0,4325684101964653;-0,3382420583352382;0,0151515151515151;41;24,47619047619047;0,5175097276264592
russia;CHMF;coverage;30;25;AFKS,AFLT,ALRS,GAZP,GMKN,HYDR,IRAO,LKOH,MAGN,MGNT,MOEX,MTSS,NLMK,NVTK,PHOR,PLZL,RASP,ROSN,RTKM,SBER,SNGS,TATN,TRNFP,VTBR,YDEX;;;252;21;0,8;60;3,0;0,75;10,0;252,0;0,6778824463341486;0,0493762456604813;0,1213104477079266;0,4070238515594485;-0,2966673146903696;0,0151515151515151;41;22,047619047619047;0,5161987041036717
russia;CHMF;coverage;30;25;AFKS,AFLT,ALRS,GAZP,GMKN,HYDR,IRAO,LKOH,MAGN,MGNT,MOEX,MTSS,NLMK,NVTK,PHOR,PLZL,RASP,ROSN,RTKM,SBER,SNGS,TATN,TRNFP,VTBR,YDEX;;;252;21;0,8;60;3,0;1,0;10,0;252,0;0,5091454582939161;0,0390694626558203;0,1160278194179998;0,33672495830564;-0,2819681554842068;0,016260162601626;44;18,772727272727273;0,513317191283293
russia;CHMF;coverage;30;25;AFKS,AFLT,ALRS,GAZP,GMKN,HYDR,IRAO,LKOH,MAGN,MGNT,MOEX,MTSS,NLMK,NVTK,PHOR,PLZL,RASP,ROSN,RTKM,SBER,SNGS,TATN,TRNFP,VTBR,YDEX;;;252;63;0,8;60;1,0;0,25;10,0;252,0;0,1170980561845944;0,0103656401470879;0,2765892751827425;0,0374766524849504;-0,6817683195458886;0,0528455284552845;129;28,680555555555557;0,4905569007263922
russia;CHMF;coverage;30;25;AFKS,AFLT,ALRS,GAZP,GMKN,HYDR,IRAO,LKOH,MAGN,MGNT,MOEX,MTSS,NLMK,NVTK,PHOR,PLZL,RASP,ROSN,RTKM,SBER,SNGS,TATN,TRNFP,VTBR,YDEX;;;252;63;0,8;60;1,0;0,5;10,0;252,0;0,2444640080400308;0,0205760256307516;0,2696894098368347;0,0762952673714567;-0,6526360778028437;0,0639320029563932;164;21,528735632183903;0,4954618259476775
russia;CHMF;coverage;30;25;AFKS,AFLT,ALRS,GAZP,GMKN,HYDR,IRAO,LKOH,MAGN,MGNT,MOEX,MTSS,NLMK,NVTK,PHOR,PLZL,RASP,ROSN,RTKM,SBER,SNGS,TATN,TRNFP,VTBR,YDEX;;;252;63;0,8;60;1,0;0,75;10,0;252,0;0,1784483096446767;0,0154087293292242;0,252032148771405;0,0611379516634603;-0,6936372786957423;0,0868440502586844;228;14,0;0,5012106537530266
russia;CHMF;coverage;30;25;AFKS,AFLT,ALRS,GAZP,GMKN,HYDR,IRAO,LKOH,MAGN,MGNT,MOEX,MTSS,NLMK,NVTK,PHOR,PLZL,RASP,ROSN,RTKM,SBER,SNGS,TATN,TRNFP,VTBR,YDEX;;;252;63;0,8;60;1,5;0,25;10,0;252,0;0,9397057506885178;0,0636427889124684;0,2622936975081804;0,242639413440285;-0,5796528554248412;0,0447154471544715;111;30,950819672131143;0,4936440677966102
russia;CHMF;coverage;30;25;AFKS,AFLT,ALRS,GAZP,GMKN,HYDR,IRAO,LKOH,MAGN,MGNT,MOEX,MTSS,NLMK,NVTK,PHOR,PLZL,RASP,ROSN,RTKM,SBER,SNGS,TATN,TRNFP,VTBR,YDEX;;;252;63;0,8;60;1,5;0,5;10,0;252,0;0,8859672665428557;0,0608634811002668;0,2533927775105657;0,2401942221803422;-0,5499833733260082;0,048410938654841;124;25,015151515151516;0,4972743791641429
russia;CHMF;coverage;30;25;AFKS,AFLT,ALRS,GAZP,GMKN,HYDR,IRAO,LKOH,MAGN,MGNT,MOEX,MTSS,NLMK,NVTK,PHOR,PLZL,RASP,ROSN,RTKM,SBER,SNGS,TATN,TRNFP,VTBR,YDEX;;;252;63;0,8;60;1,5;0,75;10,0;252,0;0,5035654755769434;0,0387110789088624;0,23495796795282;0,1647574638398121;-0,6016431937083979;0,0550628233555062;144;19,053333333333335;0,4996501049685094
russia;CHMF;coverage;30;25;AFKS,AFLT,ALRS,GAZP,GMKN,HYDR,IRAO,LKOH,MAGN,MGNT,MOEX,MTSS,NLMK,NVTK,PHOR,PLZL,RASP,ROSN,RTKM,SBER,SNGS,TATN,TRNFP,VTBR,YDEX;;;252;63;0,8;60;1,5;1,0;10,0;252,0;0,7572383510681371;0,0539019200050092;0,209349559112325;0,2574732912434201;-0,5090184415802934;0,0698447893569844;185;12,305263157894736;0,5072711719418306
russia;CHMF;coverage;30;25;AFKS,AFLT,ALRS,GAZP,GMKN,HYDR,IRAO,LKOH,MAGN,MGNT,MOEX,MTSS,NLMK,NVTK,PHOR,PLZL,RASP,ROSN,RTKM,SBER,SNGS,TATN,TRNFP,VTBR,YDEX;;;252;63;0,8;60;2,0;0,25;10,0;252,0;0,3489796292016611;0,0282694480730785;0,2370448779725572;0,1192577891362465;-0,5469678961610912;0,0328898743532889;84;36,733333333333334;0,4960677555958863
russia;CHMF;coverage;30;25;AFKS,AFLT,ALRS,GAZP,GMKN,HYDR,IRAO,LKOH,MAGN,MGNT,MOEX,MTSS,NLMK,NVTK,PHOR,PLZL,RASP,ROSN,RTKM,SBER,SNGS,TATN,TRNFP,VTBR,YDEX;;;252;63;0,8;60;2,0;0,5;10,0;252,0;0,5215048664046686;0,0398590069955533;0,2276138642330387;0,1751167800338574;-0,5084070505618421;0,0343680709534368;89;30,02127659574468;0,5010630758327428
russia;CHMF;coverage;30;25;AFKS,AFLT,ALRS,GAZP,GMKN,HYDR,IRAO,LKOH,MAGN,MGNT,MOEX,MTSS,NLMK,NVTK,PHOR,PLZL,RASP,ROSN,RTKM,SBER,SNGS,TATN,TRNFP,VTBR,YDEX;;;252;63;0,8;60;2,0;0,75;10,0;252,0;0,1026682978460729;0,0091430628253184;0,1979503459845177;0,0461886680715047;-0,5818655056596872;0,0365853658536585;96;23,3;0,4987124463519313
russia;CHMF;coverage;30;25;AFKS,AFLT,ALRS,GAZP,GMKN,HYDR,IRAO,LKOH,MAGN,MGNT,MOEX,MTSS,NLMK,NVTK,PHOR,PLZL,RASP,ROSN,RTKM,SBER,SNGS,TATN,TRNFP,VTBR,YDEX;;;252;63;0,8;60;2,0;1,0;10,0;252,0;0,0035206178286277;0,000327340190201;0,1773109032225129;0,0018461368379038;-0,5647949993952568;0,041019955654102;109;17,0;0,5021008403361344
russia;CHMF;coverage;30;25;AFKS,AFLT,ALRS,GAZP,GMKN,HYDR,IRAO,LKOH,MAGN,MGNT,MOEX,MTSS,NLMK,NVTK,PHOR,PLZL,RASP,ROSN,RTKM,SBER,SNGS,TATN,TRNFP,VTBR,YDEX;;;252;63;0,8;60;2,5;0,25;10,0;252,0;0,3033138329046407;0,0249769477553736;0,2273509910162042;0,1098607384279816;-0,4950173523058119;0,0262379896526238;68;40,333333333333336;0,4944903581267217
russia;CHMF;coverage;30;25;AFKS,AFLT,ALRS,GAZP,GMKN,HYDR,IRAO,LKOH,MAGN,MGNT,MOEX,MTSS,NLMK,NVTK,PHOR,PLZL,RASP,ROSN,RTKM,SBER,SNGS,TATN,TRNFP,VTBR,YDEX;;;252;63;0,8;60;2,5;0,5;10,0;252,0;0,6215172499839574;0,0460422770316799;0,2150494356321918;0,2141008968301968;-0,4570349563333465;0,0269770879526977;71;31,81081081081081;0,5004248088360238
russia;CHMF;coverage;30;25;AFKS,AFLT,ALRS,GAZP,GMKN,HYDR,IRAO,LKOH,MAGN,MGNT,MOEX,MTSS,NLMK,NVTK,PHOR,PLZL,RASP,ROSN,RTKM,SBER,SNGS,TATN,TRNFP,VTBR,YDEX;;;252;63;0,8;60;2,5;0,75;10,0;252,0;0,3114817731724137;0,0255734600582364;0,1831982415822487;0,1395944624651595;-0,5075606441545606;0,0284552845528455;76;23,923076923076923;0,5005359056806002
russia;CHMF;coverage;30;25;AFKS,AFLT,ALRS,GAZP,GMKN,HYDR,IRAO,LKOH,MAGN,MGNT,MOEX,MTSS,NLMK,NVTK,PHOR,PLZL,RASP,ROSN,RTKM,SBER,SNGS,TATN,TRNFP,VTBR,YDEX;;;252;63;0,8;60;2,5;1,0;10,0;252,0;0,0615580924267538;0,0055786617513731;0,1625917296112372;0,0343108580289532;-0,5006960907420978;0,0291943828529194;79;17,975;0,5048678720445062
russia;CHMF;coverage;30;25;AFKS,AFLT,ALRS,GAZP,GMKN,HYDR,IRAO,LKOH,MAGN,MGNT,MOEX,MTSS,NLMK,NVTK,PHOR,PLZL,RASP,ROSN,RTKM,SBER,SNGS,TATN,TRNFP,VTBR,YDEX;;;252;63;0,8;60;3,0;0,25;10,0;252,0;0,3107183582236785;0,0255178500985411;0,1935911934820952;0,1318130728963206;-0,4167917944632647;0,0151515151515151;39;46,38095238095238;0,4928131416837782
russia;CHMF;coverage;30;25;AFKS,AFLT,ALRS,GAZP,GMKN,HYDR,IRAO,LKOH,MAGN,MGNT,MOEX,MTSS,NLMK,NVTK,PHOR,PLZL,RASP,ROSN,RTKM,SBER,SNGS,TATN,TRNFP,VTBR,YDEX;;;252;63;0,8;60;3,0;0,5;10,0;252,0;0,4932882234867342;0,0380478369590999;0,1848214492882839;0,2058626696501717;-0,3863925022109691;0,0151515151515151;39;39,04761904761905;0,5036585365853659
russia;CHMF;coverage;30;25;AFKS,AFLT,ALRS,GAZP,GMKN,HYDR,IRAO,LKOH,MAGN,MGNT,MOEX,MTSS,NLMK,NVTK,PHOR,PLZL,RASP,ROSN,RTKM,SBER,SNGS,TATN,TRNFP,VTBR,YDEX;;;252;63;0,8;60;3,0;0,75;10,0;252,0;0,1602152058072392;0,0139352976124791;0,1485103953764437;0,0938338193576011;-0,4319409003448032;0,0151515151515151;40;31,0;0,499231950844854
russia;CHMF;coverage;30;25;AFKS,AFLT,ALRS,GAZP,GMKN,HYDR,IRAO,LKOH,MAGN,MGNT,MOEX,MTSS,NLMK,NVTK,PHOR,PLZL,RASP,ROSN,RTKM,SBER,SNGS,TATN,TRNFP,VTBR,YDEX;;;252;63;0,8;60;3,0;1,0;10,0;252,0;-0,0529708975790792;-0,0050556230301749;0,1279127571920102;-0,0395239938623629;-0,4152619801425489;0,0151515151515151;41;24,0;0,501984126984127
russia;GAZP;coverage;30;25;AFKS,AFLT,ALRS,CHMF,GMKN,HYDR,IRAO,LKOH,MAGN,MGNT,MOEX,MTSS,NLMK,NVTK,PHOR,PLZL,RASP,ROSN,RTKM,SBER,SNGS,TATN,TRNFP,VTBR,YDEX;;;252;5;0,8;60;1,0;0,25;10,0;252,0;7,987901573309907;0,2269044778168907;0,3417022674241202;0,6640414754264926;-0,2944075590680124;0,0687361419068736;168;21,913978494623656;0,5034347399411188
russia;GAZP;coverage;30;25;AFKS,AFLT,ALRS,CHMF,GMKN,HYDR,IRAO,LKOH,MAGN,MGNT,MOEX,MTSS,NLMK,NVTK,PHOR,PLZL,RASP,ROSN,RTKM,SBER,SNGS,TATN,TRNFP,VTBR,YDEX;;;252;5;0,8;60;1,0;0,5;10,0;252,0;9,420893744249272;0,2439238958926672;0,3330886612049821;0,7323092146404736;-0,2696739615545901;0,0827790096082779;210;15,651785714285714;0,5077010838562465
russia;GAZP;coverage;30;25;AFKS,AFLT,ALRS,CHMF,GMKN,HYDR,IRAO,LKOH,MAGN,MGNT,MOEX,MTSS,NLMK,NVTK,PHOR,PLZL,RASP,ROSN,RTKM,SBER,SNGS,TATN,TRNFP,VTBR,YDEX;;;252;5;0,8;60;1,0;0,75;10,0;252,0;5,383773718276472;0,1884309580040237;0,3221439210996496;0,5849278712471372;-0,2508385245298494;0,0997782705099778;261;11,437037037037037;0,5051813471502591
russia;GAZP;coverage;30;25;AFKS,AFLT,ALRS,CHMF,GMKN,HYDR,IRAO,LKOH,MAGN,MGNT,MOEX,MTSS,NLMK,NVTK,PHOR,PLZL,RASP,ROSN,RTKM,SBER,SNGS,TATN,TRNFP,VTBR,YDEX;;;252;5;0,8;60;1,5;0,25;10,0;252,0;4,724795982462494;0,1764336855240817;0,3267240649458852;0,5400082346346425;-0,3264644498966979;0,048780487804878;123;26,015151515151516;0,5096097845078625
russia;GAZP;coverage;30;25;AFKS,AFLT,ALRS,CHMF,GMKN,HYDR,IRAO,LKOH,MAGN,MGNT,MOEX,MTSS,NLMK,NVTK,PHOR,PLZL,RASP,ROSN,RTKM,SBER,SNGS,TATN,TRNFP,VTBR,YDEX;;;252;5;0,8;60;1,5;0,5;10,0;252,0;7,158706772036211;0,2158947945886244;0,3158842550566265;0,6834617146395043;-0,2868525073135306;0,0554323725055432;143;18,866666666666667;0,5151943462897527
russia;GAZP;coverage;30;25;AFKS,AFLT,ALRS,CHMF,GMKN,HYDR,IRAO,LKOH,MAGN,MGNT,MOEX,MTSS,NLMK,NVTK,PHOR,PLZL,RASP,ROSN,RTKM,SBER,SNGS,TATN,TRNFP,VTBR,YDEX;;;252;5;0,8;60;1,5;0,75;10,0;252,0;4,10614458512785;0,1639709781432692;0,3025896309866708;0,5418922572085499;-0,3258237076291185;0,0606060606060606;161;14,475609756097562;0,5054759898904801
russia;GAZP;coverage;30;25;AFKS,AFLT,ALRS,CHMF,GMKN,HYDR,IRAO,LKOH,MAGN,MGNT,MOEX,MTSS,NLMK,NVTK,PHOR,PLZL,RASP,ROSN,RTKM,SBER,SNGS,TATN,TRNFP,VTBR,YDEX;;;252;5;0,8;60;1,5;1,0;10,0;252,0;1,994770502049488;0,1075466184375673;0,2971261815639772;0,3619560480045087;-0,3481894738436125;0,0643015521064301;172;11,57471264367816;0,4945382323733863
russia;GAZP;coverage;30;25;AFKS,AFLT,ALRS,CHMF,GMKN,HYDR,IRAO,LKOH,MAGN,MGNT,MOEX,MTSS,NLMK,NVTK,PHOR,PLZL,RASP,ROSN,RTKM,SBER,SNGS,TATN,TRNFP,VTBR,YDEX;;;252;5;0,8;60;2,0;0,25;10,0;252,0;7,594029347688782;0,2217950875455376;0,3135681470987495;0,7073265878491464;-0,2530454720212782;0,0384331116038433;99;27,28846153846154;0,5165609584214236
russia;GAZP;coverage;30;25;AFKS,AFLT,ALRS,CHMF,GMKN,HYDR,IRAO,LKOH,MAGN,MGNT,MOEX,MTSS,NLMK,NVTK,PHOR,PLZL,RASP,ROSN,RTKM,SBER,SNGS,TATN,TRNFP,VTBR,YDEX;;;252;5;0,8;60;2,0;0,5;10,0;252,0;8,473068758207551;0,2329261067262167;0,3010917431892246;0,7736050954404006;-0,1850823867175575;0,0399113082039911;103;20,555555555555557;0,5198198198198198
russia;GAZP;coverage;30;25;AFKS,AFLT,ALRS,CHMF,GMKN,HYDR,IRAO,LKOH,MAGN,MGNT,MOEX,MTSS,NLMK,NVTK,PHOR,PLZL,RASP,ROSN,RTKM,SBER,SNGS,TATN,TRNFP,VTBR,YDEX;;;252;5;0,8;60;2,0;0,75;10,0;252,0;4,661187416999971;0,1752102140689906;0,2888023531089911;0,6066786235736383;-0,176231339841736;0,0413895048041389;110;16,142857142857142;0,5121681415929203
russia;GAZP;coverage;30;25;AFKS,AFLT,ALRS,CHMF,GMKN,HYDR,IRAO,LKOH,MAGN,MGNT,MOEX,MTSS,NLMK,NVTK,PHOR,PLZL,RASP,ROSN,RTKM,SBER,SNGS,TATN,TRNFP,VTBR,YDEX;;;252;5;0,8;60;2,0;1,0;10,0;252,0;2,8774520714292833;0,1345122842124297;0,2835263999839776;0,4744259589936993;-0,1946545167587746;0,0421286031042128;112;13,017543859649123;0,5094339622641509
russia;GAZP;coverage;30;25;AFKS,AFLT,ALRS,CHMF,GMKN,HYDR,IRAO,LKOH,MAGN,MGNT,MOEX,MTSS,NLMK,NVTK,PHOR,PLZL,RASP,ROSN,RTKM,SBER,SNGS,TATN,TRNFP,VTBR,YDEX;;;252;5;0,8;60;2,5;0,25;10,0;252,0;4,8265714284629855;0,1783658649356907;0,2968649871835651;0,6008315989968834;-0,2530454720212783;0,0280857354028085;73;30,526315789473685;0,5060344827586207
russia;GAZP;coverage;30;25;AFKS,AFLT,ALRS,CHMF,GMKN,HYDR,IRAO,LKOH,MAGN,MGNT,MOEX,MTSS,NLMK,NVTK,PHOR,PLZL,RASP,ROSN,RTKM,SBER,SNGS,TATN,TRNFP,VTBR,YDEX;;;252;5;0,8;60;2,5;0,5;10,0;252,0;2,6223116967843345;0,1273436657055489;0,1934401389052823;0,658310454211897;-0,1597580824355565;0,0280857354028085;74;23,5;0,509518477043673
russia;GAZP;coverage;30;25;AFKS,AFLT,ALRS,CHMF,GMKN,HYDR,IRAO,LKOH,MAGN,MGNT,MOEX,MTSS,NLMK,NVTK,PHOR,PLZL,RASP,ROSN,RTKM,SBER,SNGS,TATN,TRNFP,VTBR,YDEX;;;252;5;0,8;60;2,5;0,75;10,0;252,0;1,9650860094910216;0,1065196413653213;0,1867860552177513;0,5702761977661713;-0,1623200563931491;0,0295639320029563;79;18,7;0,5053475935828877
russia;GAZP;coverage;30;25;AFKS,AFLT,ALRS,CHMF,GMKN,HYDR,IRAO,LKOH,MAGN,MGNT,MOEX,MTSS,NLMK,NVTK,PHOR,PLZL,RASP,ROSN,RTKM,SBER,SNGS,TATN,TRNFP,VTBR,YDEX;;;252;5;0,8;60;2,5;1,0;10,0;252,0;1,166941842547086;0,0746727606406338;0,1789279182370003;0,4173343175083807;-0,1829615652670363;0,0295639320029563;79;14,625;0,505982905982906
russia;GAZP;coverage;30;25;AFKS,AFLT,ALRS,CHMF,GMKN,HYDR,IRAO,LKOH,MAGN,MGNT,MOEX,MTSS,NLMK,NVTK,PHOR,PLZL,RASP,ROSN,RTKM,SBER,SNGS,TATN,TRNFP,VTBR,YDEX;;;252;5;0,8;60;3,0;0,25;10,0;252,0;4,974857790338241;0,1811269556284089;0,287671725791375;0,6296307192864886;-0,2263046032339251;0,0236511456023651;63;29,65625;0,5184404636459431
russia;GAZP;coverage;30;25;AFKS,AFLT,ALRS,CHMF,GMKN,HYDR,IRAO,LKOH,MAGN,MGNT,MOEX,MTSS,NLMK,NVTK,PHOR,PLZL,RASP,ROSN,RTKM,SBER,SNGS,TATN,TRNFP,VTBR,YDEX;;;252;5;0,8;60;3,0;0,5;10,0;252,0;2,9030454827174736;0,1352075764239531;0,1794899362865104;0,7532877843810046;-0,1597580824355569;0,0236511456023651;64;21,59375;0,5296671490593343
russia;GAZP;coverage;30;25;AFKS,AFLT,ALRS,CHMF,GMKN,HYDR,IRAO,LKOH,MAGN,MGNT,MOEX,MTSS,NLMK,NVTK,PHOR,PLZL,RASP,ROSN,RTKM,SBER,SNGS,TATN,TRNFP,VTBR,YDEX;;;252;5;0,8;60;3,0;0,75;10,0;252,0;2,1368622577358383;0,1123381351344254;0,1729821802398634;0,6494202754217415;-0,1597580824355567;0,024390243902439;66;17,242424242424242;0,5289982425307557
russia;GAZP;coverage;30;25;AFKS,AFLT,ALRS,CHMF,GMKN,HYDR,IRAO,LKOH,MAGN,MGNT,MOEX,MTSS,NLMK,NVTK,PHOR,PLZL,RASP,ROSN,RTKM,SBER,SNGS,TATN,TRNFP,VTBR,YDEX;;;252;5;0,8;60;3,0;1,0;10,0;252,0;1,4825257271053736;0,088366156055508;0,1676339836642582;0,5271374820542958;-0,1729043167076208;0,024390243902439;66;14,030303030303031;0,5269978401727862
russia;GAZP;coverage;30;25;AFKS,AFLT,ALRS,CHMF,GMKN,HYDR,IRAO,LKOH,MAGN,MGNT,MOEX,MTSS,NLMK,NVTK,PHOR,PLZL,RASP,ROSN,RTKM,SBER,SNGS,TATN,TRNFP,VTBR,YDEX;;;252;10;0,8;60;1,0;0,25;10,0;252,0;2,329173330675021;0,1185188351895862;0,289730897737575;0,4090652260945093;-0,3897699497405287;0,0628233555062823;154;24,55294117647059;0,5069477719214183
russia;GAZP;coverage;30;25;AFKS,AFLT,ALRS,CHMF,GMKN,HYDR,IRAO,LKOH,MAGN,MGNT,MOEX,MTSS,NLMK,NVTK,PHOR,PLZL,RASP,ROSN,RTKM,SBER,SNGS,TATN,TRNFP,VTBR,YDEX;;;252;10;0,8;60;1,0;0,5;10,0;252,0;4,942868465683127;0,1805366139052011;0,2781677289655312;0,6490206990458339;-0,2661822002446752;0,0798226164079822;207;16,88888888888889;0,5115131578947368
russia;GAZP;coverage;30;25;AFKS,AFLT,ALRS,CHMF,GMKN,HYDR,IRAO,LKOH,MAGN,MGNT,MOEX,MTSS,NLMK,NVTK,PHOR,PLZL,RASP,ROSN,RTKM,SBER,SNGS,TATN,TRNFP,VTBR,YDEX;;;252;10;0,8;60;1,0;0,75;10,0;252,0;2,79197720284864;0,1321596487642116;0,2690411901166419;0,4912245916951014;-0,2507796327637657;0,0975609756097561;259;12,287878787878787;0,5104808877928483
russia;GAZP;coverage;30;25;AFKS,AFLT,ALRS,CHMF,GMKN,HYDR,IRAO,LKOH,MAGN,MGNT,MOEX,MTSS,NLMK,NVTK,PHOR,PLZL,RASP,ROSN,RTKM,SBER,SNGS,TATN,TRNFP,VTBR,YDEX;;;252;10;0,8;60;1,5;0,25;10,0;252,0;2,188022769219921;0,1140152332761037;0,2792911658008087;0,4082307184661177;-0,4438443263967606;0,0458240946045824;115;29,161290322580644;0,5077433628318584
russia;GAZP;coverage;30;25;AFKS,AFLT,ALRS,CHMF,GMKN,HYDR,IRAO,LKOH,MAGN,MGNT,MOEX,MTSS,NLMK,NVTK,PHOR,PLZL,RASP,ROSN,RTKM,SBER,SNGS,TATN,TRNFP,VTBR,YDEX;;;252;10;0,8;60;1,5;0,5;10,0;252,0;3,807816337916575;0,1574635951100644;0,2619343012803887;0,6011568333752014;-0,3182827962562481;0,0524759793052476;138;21,028169014084508;0,5130609511051574
russia;GAZP;coverage;30;25;AFKS,AFLT,ALRS,CHMF,GMKN,HYDR,IRAO,LKOH,MAGN,MGNT,MOEX,MTSS,NLMK,NVTK,PHOR,PLZL,RASP,ROSN,RTKM,SBER,SNGS,TATN,TRNFP,VTBR,YDEX;;;252;10;0,8;60;1,5;0,75;10,0;252,0;3,09080577546157;0,1401855900403104;0,2525694526070124;0,5550377870059897;-0,342691728039401;0,0620842572062084;166;15,69047619047619;0,5121396054628224
russia;GAZP;coverage;30;25;AFKS,AFLT,ALRS,CHMF,GMKN,HYDR,IRAO,LKOH,MAGN,MGNT,MOEX,MTSS,NLMK,NVTK,PHOR,PLZL,RASP,ROSN,RTKM,SBER,SNGS,TATN,TRNFP,VTBR,YDEX;;;252;10;0,8;60;1,5;1,0;10,0;252,0;0,6466929414239482;0,0475441859397549;0,1961005686174729;0,2424479759286056;-0,3728380018793273;0,0665188470066518;180;12,1;0,5068870523415978
russia;GAZP;coverage;30;25;AFKS,AFLT,ALRS,CHMF,GMKN,HYDR,IRAO,LKOH,MAGN,MGNT,MOEX,MTSS,NLMK,NVTK,PHOR,PLZL,RASP,ROSN,RTKM,SBER,SNGS,TATN,TRNFP,VTBR,YDEX;;;252;10;0,8;60;2,0;0,25;10,0;252,0;4,888309278710623;0,1795230790255249;0,2547245135407942;0,7047734689137966;-0,2552465604176985;0,0369549150036954;95;28,66;0,5170969993021632
russia;GAZP;coverage;30;25;AFKS,AFLT,ALRS,CHMF,GMKN,HYDR,IRAO,LKOH,MAGN,MGNT,MOEX,MTSS,NLMK,NVTK,PHOR,PLZL,RASP,ROSN,RTKM,SBER,SNGS,TATN,TRNFP,VTBR,YDEX;;;252;10;0,8;60;2,0;0,5;10,0;252,0;5,923506436602667;0,1974476406256213;0,2406926383904515;0,8203310327477562;-0,2360801885762322;0,0399113082039911;105;21,814814814814813;0,5212224108658744
russia;GAZP;coverage;30;25;AFKS,AFLT,ALRS,CHMF,GMKN,HYDR,IRAO,LKOH,MAGN,MGNT,MOEX,MTSS,NLMK,NVTK,PHOR,PLZL,RASP,ROSN,RTKM,SBER,SNGS,TATN,TRNFP,VTBR,YDEX;;;252;10;0,8;60;2,0;0,75;10,0;252,0;3,6672436642477386;0,154269403623501;0,2325944704360904;0,6632548200060903;-0,2360801885762322;0,0421286031042128;112;17,894736842105264;0,515686274509804
russia;GAZP;coverage;30;25;AFKS,AFLT,ALRS,CHMF,GMKN,HYDR,IRAO,LKOH,MAGN,MGNT,MOEX,MTSS,NLMK,NVTK,PHOR,PLZL,RASP,ROSN,RTKM,SBER,SNGS,TATN,TRNFP,VTBR,YDEX;;;252;10;0,8;60;2,0;1,0;10,0;252,0;0,9592922042143;0,0646384423194383;0,1706628516245316;0,3787493394382439;-0,2520427493953049;0,0421286031042128;114;13,929824561403509;0,5125944584382871
russia;GAZP;coverage;30;25;AFKS,AFLT,ALRS,CHMF,GMKN,HYDR,IRAO,LKOH,MAGN,MGNT,MOEX,MTSS,NLMK,NVTK,PHOR,PLZL,RASP,ROSN,RTKM,SBER,SNGS,TATN,TRNFP,VTBR,YDEX;;;252;10;0,8;60;2,5;0,25;10,0;252,0;2,693464549439736;0,1293877467020978;0,2318244081317611;0,5581282305207408;-0,2552465604176984;0,0258684405025868;67;30,97142857142857;0,5156826568265682
russia;GAZP;coverage;30;25;AFKS,AFLT,ALRS,CHMF,GMKN,HYDR,IRAO,LKOH,MAGN,MGNT,MOEX,MTSS,NLMK,NVTK,PHOR,PLZL,RASP,ROSN,RTKM,SBER,SNGS,TATN,TRNFP,VTBR,YDEX;;;252;10;0,8;60;2,5;0,5;10,0;252,0;1,776554693127328;0,0997706682803294;0,1731632067749072;0,576165515403166;-0,2169007356701885;0,0266075388026607;71;24,52777777777778;0,5175537938844847
russia;GAZP;coverage;30;25;AFKS,AFLT,ALRS,CHMF,GMKN,HYDR,IRAO,LKOH,MAGN,MGNT,MOEX,MTSS,NLMK,NVTK,PHOR,PLZL,RASP,ROSN,RTKM,SBER,SNGS,TATN,TRNFP,VTBR,YDEX;;;252;10;0,8;60;2,5;0,75;10,0;252,0;0,894717029590365;0,0613208667165436;0,1665097454538169;0,3682719383746317;-0,229150507269456;0,0273466371027346;74;21,864864864864863;0,5129789864029666
russia;GAZP;coverage;30;25;AFKS,AFLT,ALRS,CHMF,GMKN,HYDR,IRAO,LKOH,MAGN,MGNT,MOEX,MTSS,NLMK,NVTK,PHOR,PLZL,RASP,ROSN,RTKM,SBER,SNGS,TATN,TRNFP,VTBR,YDEX;;;252;10;0,8;60;2,5;1,0;10,0;252,0;0,4277095413797056;0,0337155550097052;0,1550148744513413;0,2174988376376;-0,1975064277908484;0,0273466371027346;74;17,10810810810811;0,5071090047393365
russia;GAZP;coverage;30;25;AFKS,AFLT,ALRS,CHMF,GMKN,HYDR,IRAO,LKOH,MAGN,MGNT,MOEX,MTSS,NLMK,NVTK,PHOR,PLZL,RASP,ROSN,RTKM,SBER,SNGS,TATN,TRNFP,VTBR,YDEX;;;252;10;0,8;60;3,0;0,25;10,0;252,0;2,9599358180039737;0,1367384154132307;0,2214498677239912;0,6174689414746346;-0,2924999549332793;0,0221729490022172;58;29,5;0,5209039548022599
russia;GAZP;coverage;30;25;AFKS,AFLT,ALRS,CHMF,GMKN,HYDR,IRAO,LKOH,MAGN,MGNT,MOEX,MTSS,NLMK,NVTK,PHOR,PLZL,RASP,ROSN,RTKM,SBER,SNGS,TATN,TRNFP,VTBR,YDEX;;;252;10;0,8;60;3,0;0,5;10,0;252,0;2,181376146189937;0,1137987350083444;0,1591795731578543;0,7149079040153801;-0,1876335273319245;0,0229120473022912;62;22,225806451612904;0,5268505079825835
russia;GAZP;coverage;30;25;AFKS,AFLT,ALRS,CHMF,GMKN,HYDR,IRAO,LKOH,MAGN,MGNT,MOEX,MTSS,NLMK,NVTK,PHOR,PLZL,RASP,ROSN,RTKM,SBER,SNGS,TATN,TRNFP,VTBR,YDEX;;;252;10;0,8;60;3,0;0,75;10,0;252,0;1,3913392371772066;0,0845797349879562;0,1540549025879749;0,5490233258864056;-0,2003411165206372;0,0229120473022912;62;20,548387096774192;0,521193092621664
russia;GAZP;coverage;30;25;AFKS,AFLT,ALRS,CHMF,GMKN,HYDR,IRAO,LKOH,MAGN,MGNT,MOEX,MTSS,NLMK,NVTK,PHOR,PLZL,RASP,ROSN,RTKM,SBER,SNGS,TATN,TRNFP,VTBR,YDEX;;;252;10;0,8;60;3,0;1,0;10,0;252,0;0,8501928488086823;0,0589731608127936;0,1424453681906793;0,4140054644237461;-0,1820702800554342;0,0229120473022912;62;16,129032258064516;0,514
russia;GAZP;coverage;30;25;AFKS,AFLT,ALRS,CHMF,GMKN,HYDR,IRAO,LKOH,MAGN,MGNT,MOEX,MTSS,NLMK,NVTK,PHOR,PLZL,RASP,ROSN,RTKM,SBER,SNGS,TATN,TRNFP,VTBR,YDEX;;;252;21;0,8;60;1,0;0,25;10,0;252,0;5,796719625636495;0,1953883826668236;0,3487009807841504;0,5603321855517553;-0,4188590997897079;0,0602365114560236;145;25,25609756097561;0,4978271366489618
russia;GAZP;coverage;30;25;AFKS,AFLT,ALRS,CHMF,GMKN,HYDR,IRAO,LKOH,MAGN,MGNT,MOEX,MTSS,NLMK,NVTK,PHOR,PLZL,RASP,ROSN,RTKM,SBER,SNGS,TATN,TRNFP,VTBR,YDEX;;;252;21;0,8;60;1,0;0,5;10,0;252,0;3,524846640136637;0,1509435366758047;0,2884854067059253;0,5232276335893578;-0,4008365743647565;0,0698447893569844;179;18,694736842105264;0,5005630630630631
russia;GAZP;coverage;30;25;AFKS,AFLT,ALRS,CHMF,GMKN,HYDR,IRAO,LKOH,MAGN,MGNT,MOEX,MTSS,NLMK,NVTK,PHOR,PLZL,RASP,ROSN,RTKM,SBER,SNGS,TATN,TRNFP,VTBR,YDEX;;;252;21;0,8;60;1,0;0,75;10,0;252,0;2,8116203623912233;0,1327045378285065;0,271331275183761;0,4890867731286468;-0,3338217462534935;0,0927568366592756;245;12,253968253968257;0,5
russia;GAZP;coverage;30;25;AFKS,AFLT,ALRS,CHMF,GMKN,HYDR,IRAO,LKOH,MAGN,MGNT,MOEX,MTSS,NLMK,NVTK,PHOR,PLZL,RASP,ROSN,RTKM,SBER,SNGS,TATN,TRNFP,VTBR,YDEX;;;252;21;0,8;60;1,5;0,25;10,0;252,0;8,605116180173843;0,2345165550589008;0,3419174659432493;0,6858864445895996;-0,346085764763529;0,0461936437546193;116;28,761904761904763;0,5049668874172185
russia;GAZP;coverage;30;25;AFKS,AFLT,ALRS,CHMF,GMKN,HYDR,IRAO,LKOH,MAGN,MGNT,MOEX,MTSS,NLMK,NVTK,PHOR,PLZL,RASP,ROSN,RTKM,SBER,SNGS,TATN,TRNFP,VTBR,YDEX;;;252;21;0,8;60;1,5;0,5;10,0;252,0;6,438353200283138;0,2054729911318347;0,2772703314076963;0,7410565352904949;-0,3603711857862532;0,0506282335550628;131;21,26086956521739;0,512610770279482
russia;GAZP;coverage;30;25;AFKS,AFLT,ALRS,CHMF,GMKN,HYDR,IRAO,LKOH,MAGN,MGNT,MOEX,MTSS,NLMK,NVTK,PHOR,PLZL,RASP,ROSN,RTKM,SBER,SNGS,TATN,TRNFP,VTBR,YDEX;;;252;21;0,8;60;1,5;0,75;10,0;252,0;5,454678543257016;0,189654073938458;0,2500521165427044;0,7584581828807215;-0,3313571927361157;0,0587583148558758;156;15,6375;0,5123900879296562
russia;GAZP;coverage;30;25;AFKS,AFLT,ALRS,CHMF,GMKN,HYDR,IRAO,LKOH,MAGN,MGNT,MOEX,MTSS,NLMK,NVTK,PHOR,PLZL,RASP,ROSN,RTKM,SBER,SNGS,TATN,TRNFP,VTBR,YDEX;;;252;21;0,8;60;1,5;1,0;10,0;252,0;2,3429342012074152;0,1189485822854594;0,2305640626721161;0,5159025257748672;-0,3262733915315755;0,0657797487065779;176;12,382022471910112;0,5163339382940109
russia;GAZP;coverage;30;25;AFKS,AFLT,ALRS,CHMF,GMKN,HYDR,IRAO,LKOH,MAGN,MGNT,MOEX,MTSS,NLMK,NVTK,PHOR,PLZL,RASP,ROSN,RTKM,SBER,SNGS,TATN,TRNFP,VTBR,YDEX;;;252;21;0,8;60;2,0;0,25;10,0;252,0;9,65084111819493;0,2464548449312964;0,3184442948119979;0,7739339311347928;-0,2718010362951717;0,0358462675535846;91;31,26530612244898;0,5045691906005222
russia;GAZP;coverage;30;25;AFKS,AFLT,ALRS,CHMF,GMKN,HYDR,IRAO,LKOH,MAGN,MGNT,MOEX,MTSS,NLMK,NVTK,PHOR,PLZL,RASP,ROSN,RTKM,SBER,SNGS,TATN,TRNFP,VTBR,YDEX;;;252;21;0,8;60;2,0;0,5;10,0;252,0;4,23645472333337;0,1667057813638526;0,2515504839009579;0,6627130219693358;-0,2718010362951717;0,0365853658536585;96;24,04;0,5091514143094842
russia;GAZP;coverage;30;25;AFKS,AFLT,ALRS,CHMF,GMKN,HYDR,IRAO,LKOH,MAGN,MGNT,MOEX,MTSS,NLMK,NVTK,PHOR,PLZL,RASP,ROSN,RTKM,SBER,SNGS,TATN,TRNFP,VTBR,YDEX;;;252;21;0,8;60;2,0;0,75;10,0;252,0;2,622881100370029;0,1273601675505518;0,2092451356306236;0,6086648904248757;-0,2612292842897262;0,0395417590539541;106;17,555555555555557;0,5063291139240507
russia;GAZP;coverage;30;25;AFKS,AFLT,ALRS,CHMF,GMKN,HYDR,IRAO,LKOH,MAGN,MGNT,MOEX,MTSS,NLMK,NVTK,PHOR,PLZL,RASP,ROSN,RTKM,SBER,SNGS,TATN,TRNFP,VTBR,YDEX;;;252;21;0,8;60;2,0;1,0;10,0;252,0;0,7640885082129507;0,0542838434885899;0,1856862776501454;0,2923417076132411;-0,2791739873392226;0,040650406504065;109;15,127272727272729;0,5096153846153846
russia;GAZP;coverage;30;25;AFKS,AFLT,ALRS,CHMF,GMKN,HYDR,IRAO,LKOH,MAGN,MGNT,MOEX,MTSS,NLMK,NVTK,PHOR,PLZL,RASP,ROSN,RTKM,SBER,SNGS,TATN,TRNFP,VTBR,YDEX;;;252;21;0,8;60;2,5;0,25;10,0;252,0;5,101257438729586;0,1834318828357957;0,2969936900589008;0,617628889015847;-0,2671215748004839;0,0247597930524759;66;34,73529411764706;0,5173581710414903
russia;GAZP;coverage;30;25;AFKS,AFLT,ALRS,CHMF,GMKN,HYDR,IRAO,LKOH,MAGN,MGNT,MOEX,MTSS,NLMK,NVTK,PHOR,PLZL,RASP,ROSN,RTKM,SBER,SNGS,TATN,TRNFP,VTBR,YDEX;;;252;21;0,8;60;2,5;0,5;10,0;252,0;2,1859729791474756;0,1139485098254042;0,2239145397107823;0,5088928569470527;-0,3116496400802725;0,0247597930524759;67;26,91176470588235;0,5169398907103825
russia;GAZP;coverage;30;25;AFKS,AFLT,ALRS,CHMF,GMKN,HYDR,IRAO,LKOH,MAGN,MGNT,MOEX,MTSS,NLMK,NVTK,PHOR,PLZL,RASP,ROSN,RTKM,SBER,SNGS,TATN,TRNFP,VTBR,YDEX;;;252;21;0,8;60;2,5;0,75;10,0;252,0;1,0363687605931409;0,0684708609246151;0,1766256331268959;0,3876609510886938;-0,2612292842897263;0,0254988913525498;69;19,685714285714287;0,5065312046444121
russia;GAZP;coverage;30;25;AFKS,AFLT,ALRS,CHMF,GMKN,HYDR,IRAO,LKOH,MAGN,MGNT,MOEX,MTSS,NLMK,NVTK,PHOR,PLZL,RASP,ROSN,RTKM,SBER,SNGS,TATN,TRNFP,VTBR,YDEX;;;252;21;0,8;60;2,5;1,0;10,0;252,0;0,3567707118116452;0,0288210648000684;0,1639003020904798;0,1758450987122523;-0,2612292842897264;0,0258684405025868;70;17,142857142857142;0,5133333333333333
russia;GAZP;coverage;30;25;AFKS,AFLT,ALRS,CHMF,GMKN,HYDR,IRAO,LKOH,MAGN,MGNT,MOEX,MTSS,NLMK,NVTK,PHOR,PLZL,RASP,ROSN,RTKM,SBER,SNGS,TATN,TRNFP,VTBR,YDEX;;;252;21;0,8;60;3,0;0,25;10,0;252,0;5,682158319833895;0,1934975080335965;0,2894690895357523;0,6684565469284681;-0,2671215748004838;0,0203252032520325;54;37,07142857142857;0,5154142581888247
russia;GAZP;coverage;30;25;AFKS,AFLT,ALRS,CHMF,GMKN,HYDR,IRAO,LKOH,MAGN,MGNT,MOEX,MTSS,NLMK,NVTK,PHOR,PLZL,RASP,ROSN,RTKM,SBER,SNGS,TATN,TRNFP,VTBR,YDEX;;;252;21;0,8;60;3,0;0,5;10,0;252,0;2,5628819707306856;0,1256082651102836;0,2138717675629004;0,5873064338580445;-0,3116496400802716;0,0203252032520325;55;27,785714285714285;0,5154241645244216
russia;GAZP;coverage;30;25;AFKS,AFLT,ALRS,CHMF,GMKN,HYDR,IRAO,LKOH,MAGN,MGNT,MOEX,MTSS,NLMK,NVTK,PHOR,PLZL,RASP,ROSN,RTKM,SBER,SNGS,TATN,TRNFP,VTBR,YDEX;;;252;21;0,8;60;3,0;0,75;10,0;252,0;1,3495337456327143;0,0827998419715738;0,1632937195354419;0,5070607871945905;-0,2612292842897262;0,0203252032520325;55;20,25;0,5132275132275133
russia;GAZP;coverage;30;25;AFKS,AFLT,ALRS,CHMF,GMKN,HYDR,IRAO,LKOH,MAGN,MGNT,MOEX,MTSS,NLMK,NVTK,PHOR,PLZL,RASP,ROSN,RTKM,SBER,SNGS,TATN,TRNFP,VTBR,YDEX;;;252;21;0,8;60;3,0;1,0;10,0;252,0;0,581206329004194;0,0435928235122535;0,1496371673649506;0,2913235012390664;-0,261229284289726;0,0206947524020694;56;17,428571428571427;0,5245901639344263
russia;GAZP;coverage;30;25;AFKS,AFLT,ALRS,CHMF,GMKN,HYDR,IRAO,LKOH,MAGN,MGNT,MOEX,MTSS,NLMK,NVTK,PHOR,PLZL,RASP,ROSN,RTKM,SBER,SNGS,TATN,TRNFP,VTBR,YDEX;;;252;63;0,8;60;1,0;0,25;10,0;252,0;2,3938037340232765;0,1205234158550259;0,347002306964232;0,3473274195478161;-0,43729236601549;0,049150036954915;117;30,880597014925375;0,4871918801353311
russia;GAZP;coverage;30;25;AFKS,AFLT,ALRS,CHMF,GMKN,HYDR,IRAO,LKOH,MAGN,MGNT,MOEX,MTSS,NLMK,NVTK,PHOR,PLZL,RASP,ROSN,RTKM,SBER,SNGS,TATN,TRNFP,VTBR,YDEX;;;252;63;0,8;60;1,0;0,5;10,0;252,0;1,360077847993236;0,0832514552751266;0,325454456486251;0,2558006308284909;-0,4980994653660303;0,0580192165558019;145;23,962025316455694;0,4860010565240359
russia;GAZP;coverage;30;25;AFKS,AFLT,ALRS,CHMF,GMKN,HYDR,IRAO,LKOH,MAGN,MGNT,MOEX,MTSS,NLMK,NVTK,PHOR,PLZL,RASP,ROSN,RTKM,SBER,SNGS,TATN,TRNFP,VTBR,YDEX;;;252;63;0,8;60;1,0;0,75;10,0;252,0;1,334712686512892;0,0821619253454344;0,3073850032935628;0,2672932136086258;-0,4708518157411615;0,0779748706577974;203;16,09433962264151;0,4859320046893318
russia;GAZP;coverage;30;25;AFKS,AFLT,ALRS,CHMF,GMKN,HYDR,IRAO,LKOH,MAGN,MGNT,MOEX,MTSS,NLMK,NVTK,PHOR,PLZL,RASP,ROSN,RTKM,SBER,SNGS,TATN,TRNFP,VTBR,YDEX;;;252;63;0,8;60;1,5;0,25;10,0;252,0;3,391630950469195;0,1477450321004856;0,3366494467728188;0,438869077364587;-0,4611609140645523;0,040280857354028;95;33,8;0,4911242603550296
russia;GAZP;coverage;30;25;AFKS,AFLT,ALRS,CHMF,GMKN,HYDR,IRAO,LKOH,MAGN,MGNT,MOEX,MTSS,NLMK,NVTK,PHOR,PLZL,RASP,ROSN,RTKM,SBER,SNGS,TATN,TRNFP,VTBR,YDEX;;;252;63;0,8;60;1,5;0,5;10,0;252,0;1,8084623181975328;0,1009415436382301;0,3123537325347521;0,3231641985485142;-0,5102025285734126;0,0439763488543976;109;28,05;0,4854426619132501
russia;GAZP;coverage;30;25;AFKS,AFLT,ALRS,CHMF,GMKN,HYDR,IRAO,LKOH,MAGN,MGNT,MOEX,MTSS,NLMK,NVTK,PHOR,PLZL,RASP,ROSN,RTKM,SBER,SNGS,TATN,TRNFP,VTBR,YDEX;;;252;63;0,8;60;1,5;0,75;10,0;252,0;1,0189134312105526;0,0676146101027546;0,2970008988007498;0,2276579309213319;-0,4875464885084943;0,0498891352549889;130;21,13235294117647;0,4843423799582463
russia;GAZP;coverage;30;25;AFKS,AFLT,ALRS,CHMF,GMKN,HYDR,IRAO,LKOH,MAGN,MGNT,MOEX,MTSS,NLMK,NVTK,PHOR,PLZL,RASP,ROSN,RTKM,SBER,SNGS,TATN,TRNFP,VTBR,YDEX;;;252;63;0,8;60;1,5;1,0;10,0;252,0;0,2739076245243199;0,0228009343189232;0,281014332489977;0,0811379765469311;-0,5490874904848846;0,0561714708056171;149;15,960526315789474;0,4847485572959604
russia;GAZP;coverage;30;25;AFKS,AFLT,ALRS,CHMF,GMKN,HYDR,IRAO,LKOH,MAGN,MGNT,MOEX,MTSS,NLMK,NVTK,PHOR,PLZL,RASP,ROSN,RTKM,SBER,SNGS,TATN,TRNFP,VTBR,YDEX;;;252;63;0,8;60;2,0;0,25;10,0;252,0;8,254223632114591;0,2302454025707023;0,3317323334556309;0,6940698248260977;-0,4479209205139156;0,0365853658536585;86;33,98;0,5044143613890524
russia;GAZP;coverage;30;25;AFKS,AFLT,ALRS,CHMF,GMKN,HYDR,IRAO,LKOH,MAGN,MGNT,MOEX,MTSS,NLMK,NVTK,PHOR,PLZL,RASP,ROSN,RTKM,SBER,SNGS,TATN,TRNFP,VTBR,YDEX;;;252;63;0,8;60;2,0;0,5;10,0;252,0;4,06322687449779;0,1630564033361938;0,304824948244853;0,5349181695102512;-0,5093063125395481;0,0380635624538063;94;28,903846153846153;0,4956753160345974
russia;GAZP;coverage;30;25;AFKS,AFLT,ALRS,CHMF,GMKN,HYDR,IRAO,LKOH,MAGN,MGNT,MOEX,MTSS,NLMK,NVTK,PHOR,PLZL,RASP,ROSN,RTKM,SBER,SNGS,TATN,TRNFP,VTBR,YDEX;;;252;63;0,8;60;2,0;0,75;10,0;252,0;1,8255542009459689;0,1015637906605719;0,2825276686311881;0,3594826345774772;-0,5832907202965385;0,0395417590539541;104;22,61111111111111;0,4954954954954955
russia;GAZP;coverage;30;25;AFKS,AFLT,ALRS,CHMF,GMKN,HYDR,IRAO,LKOH,MAGN,MGNT,MOEX,MTSS,NLMK,NVTK,PHOR,PLZL,RASP,ROSN,RTKM,SBER,SNGS,TATN,TRNFP,VTBR,YDEX;;;252;63;0,8;60;2,0;1,0;10,0;252,0;0,7860917939074823;0,0555015809782699;0,2625166214691878;0,2114212070369202;-0,593531403218121;0,0413895048041389;111;17,535714285714285;0,4979633401221996
russia;GAZP;coverage;30;25;AFKS,AFLT,ALRS,CHMF,GMKN,HYDR,IRAO,LKOH,MAGN,MGNT,MOEX,MTSS,NLMK,NVTK,PHOR,PLZL,RASP,ROSN,RTKM,SBER,SNGS,TATN,TRNFP,VTBR,YDEX;;;252;63;0,8;60;2,5;0,25;10,0;252,0;2,091134023343584;0,1108179848123616;0,2812403681164716;0,3940329958836774;-0,3311417536183438;0,0247597930524759;62;39,14705882352941;0,4943651389932381
russia;GAZP;coverage;30;25;AFKS,AFLT,ALRS,CHMF,GMKN,HYDR,IRAO,LKOH,MAGN,MGNT,MOEX,MTSS,NLMK,NVTK,PHOR,PLZL,RASP,ROSN,RTKM,SBER,SNGS,TATN,TRNFP,VTBR,YDEX;;;252;63;0,8;60;2,5;0,5;10,0;252,0;1,6834079344493382;0,0962813930334955;0,2392071647552724;0,4025021287802937;-0,352782172526268;0,0262379896526238;67;31,88888888888889;0,4869337979094076
russia;GAZP;coverage;30;25;AFKS,AFLT,ALRS,CHMF,GMKN,HYDR,IRAO,LKOH,MAGN,MGNT,MOEX,MTSS,NLMK,NVTK,PHOR,PLZL,RASP,ROSN,RTKM,SBER,SNGS,TATN,TRNFP,VTBR,YDEX;;;252;63;0,8;60;2,5;0,75;10,0;252,0;0,8223638639503161;0,0574796154250367;0,216264048117389;0,2657844238346847;-0,4291258777290133;0,0262379896526238;69;24,77777777777778;0,4899103139013453
russia;GAZP;coverage;30;25;AFKS,AFLT,ALRS,CHMF,GMKN,HYDR,IRAO,LKOH,MAGN,MGNT,MOEX,MTSS,NLMK,NVTK,PHOR,PLZL,RASP,ROSN,RTKM,SBER,SNGS,TATN,TRNFP,VTBR,YDEX;;;252;63;0,8;60;2,5;1,0;10,0;252,0;0,0008094632603945;7,53547337288829e-05;0,1926402936190717;0,0003911680797055;-0,4996307537795262;0,0266075388026607;72;20,0;0,4930555555555556
russia;GAZP;coverage;30;25;AFKS,AFLT,ALRS,CHMF,GMKN,HYDR,IRAO,LKOH,MAGN,MGNT,MOEX,MTSS,NLMK,NVTK,PHOR,PLZL,RASP,ROSN,RTKM,SBER,SNGS,TATN,TRNFP,VTBR,YDEX;;;252;63;0,8;60;3,0;0,25;10,0;252,0;1,1443513758156714;0,073624453131404;0,2501243828911945;0,2943513634311738;-0,3913279875352535;0,0166297117516629;42;44,47826086956522;0,4838709677419355
russia;GAZP;coverage;30;25;AFKS,AFLT,ALRS,CHMF,GMKN,HYDR,IRAO,LKOH,MAGN,MGNT,MOEX,MTSS,NLMK,NVTK,PHOR,PLZL,RASP,ROSN,RTKM,SBER,SNGS,TATN,TRNFP,VTBR,YDEX;;;252;63;0,8;60;3,0;0,5;10,0;252,0;0,5843608092780066;0,0437865328525965;0,2101848785113412;0,2083238963845534;-0,424874911936014;0,0173688100517368;45;37,333333333333336;0,4754464285714285
russia;GAZP;coverage;30;25;AFKS,AFLT,ALRS,CHMF,GMKN,HYDR,IRAO,LKOH,MAGN,MGNT,MOEX,MTSS,NLMK,NVTK,PHOR,PLZL,RASP,ROSN,RTKM,SBER,SNGS,TATN,TRNFP,VTBR,YDEX;;;252;63;0,8;60;3,0;0,75;10,0;252,0;0,1079015887353389;0,00958812703527;0,183793546948437;0,0521679198996031;-0,4643732152270853;0,0173688100517368;47;26,833333333333332;0,4767080745341615
russia;GAZP;coverage;30;25;AFKS,AFLT,ALRS,CHMF,GMKN,HYDR,IRAO,LKOH,MAGN,MGNT,MOEX,MTSS,NLMK,NVTK,PHOR,PLZL,RASP,ROSN,RTKM,SBER,SNGS,TATN,TRNFP,VTBR,YDEX;;;252;63;0,8;60;3,0;1,0;10,0;252,0;-0,1902185437030776;-0,0194570377252318;0,1734842572609945;-0,1121544861327686;-0,4960187617501227;0,0177383592017738;48;22,833333333333332;0,4744525547445255
russia;SBER;coverage;30;25;AFKS,AFLT,ALRS,CHMF,GAZP,GMKN,HYDR,IRAO,LKOH,MAGN,MGNT,MOEX,MTSS,NLMK,NVTK,PHOR,PLZL,RASP,ROSN,RTKM,SNGS,TATN,TRNFP,VTBR,YDEX;;;252;5;0,8;60;1,0;0,25;10,0;252,0;7,484124295130167;0,2203314834946337;0,2362153686088029;0,9327567668110766;-0,2470699761956607;0,0661492978566149;164;20,011111111111113;0,5136035535813437
russia;SBER;coverage;30;25;AFKS,AFLT,ALRS,CHMF,GAZP,GMKN,HYDR,IRAO,LKOH,MAGN,MGNT,MOEX,MTSS,NLMK,NVTK,PHOR,PLZL,RASP,ROSN,RTKM,SNGS,TATN,TRNFP,VTBR,YDEX;;;252;5;0,8;60;1,0;0,5;10,0;252,0;4,750687774344635;0,1769281707200127;0,2211787273408517;0,7999330353653503;-0,2220446502157627;0,0798226164079822;210;14,62037037037037;0,5117162761241292
russia;SBER;coverage;30;25;AFKS,AFLT,ALRS,CHMF,GAZP,GMKN,HYDR,IRAO,LKOH,MAGN,MGNT,MOEX,MTSS,NLMK,NVTK,PHOR,PLZL,RASP,ROSN,RTKM,SNGS,TATN,TRNFP,VTBR,YDEX;;;252;5;0,8;60;1,0;0,75;10,0;252,0;3,404152460631485;0,1480493925521071;0,2127028421748072;0,6960386191287212;-0,2238163699031354;0,0946045824094604;251;10,9921875;0,509594882729211
russia;SBER;coverage;30;25;AFKS,AFLT,ALRS,CHMF,GAZP,GMKN,HYDR,IRAO,LKOH,MAGN,MGNT,MOEX,MTSS,NLMK,NVTK,PHOR,PLZL,RASP,ROSN,RTKM,SNGS,TATN,TRNFP,VTBR,YDEX;;;252;5;0,8;60;1,5;0,25;10,0;252,0;8,269700304739589;0,2304368603400122;0,2244618131742891;1,0266194373164204;-0,2396990053753267;0,049150036954915;124;22,94029850746269;0,5217957059206246
russia;SBER;coverage;30;25;AFKS,AFLT,ALRS,CHMF,GAZP,GMKN,HYDR,IRAO,LKOH,MAGN,MGNT,MOEX,MTSS,NLMK,NVTK,PHOR,PLZL,RASP,ROSN,RTKM,SNGS,TATN,TRNFP,VTBR,YDEX;;;252;5;0,8;60;1,5;0,5;10,0;252,0;4,6441743729067095;0,1748808658417484;0,2053901283834983;0,8514570160607531;-0,2199017476255101;0,0539541759053954;142;17,54794520547945;0,5191256830601093
russia;SBER;coverage;30;25;AFKS,AFLT,ALRS,CHMF,GAZP,GMKN,HYDR,IRAO,LKOH,MAGN,MGNT,MOEX,MTSS,NLMK,NVTK,PHOR,PLZL,RASP,ROSN,RTKM,SNGS,TATN,TRNFP,VTBR,YDEX;;;252;5;0,8;60;1,5;0,75;10,0;252,0;4,281004010371581;0,1676265869742392;0,1957464097415896;0,8563456524976774;-0,2313767428757518;0,0606060606060606;160;13,658536585365852;0,5232142857142857
russia;SBER;coverage;30;25;AFKS,AFLT,ALRS,CHMF,GAZP,GMKN,HYDR,IRAO,LKOH,MAGN,MGNT,MOEX,MTSS,NLMK,NVTK,PHOR,PLZL,RASP,ROSN,RTKM,SNGS,TATN,TRNFP,VTBR,YDEX;;;252;5;0,8;60;1,5;1,0;10,0;252,0;2,6571546976303573;0,1283491423735383;0,1856917493469248;0,6911946428688427;-0,2506046378962223;0,0665188470066518;177;10,944444444444445;0,5197969543147208
russia;SBER;coverage;30;25;AFKS,AFLT,ALRS,CHMF,GAZP,GMKN,HYDR,IRAO,LKOH,MAGN,MGNT,MOEX,MTSS,NLMK,NVTK,PHOR,PLZL,RASP,ROSN,RTKM,SNGS,TATN,TRNFP,VTBR,YDEX;;;252;5;0,8;60;2,0;0,25;10,0;252,0;7,249618726669237;0,2171502000890663;0,211772589003838;1,0253933292808302;-0,2790845732405189;0,0380635624538063;97;24,173076923076923;0,5258552108194113
russia;SBER;coverage;30;25;AFKS,AFLT,ALRS,CHMF,GAZP,GMKN,HYDR,IRAO,LKOH,MAGN,MGNT,MOEX,MTSS,NLMK,NVTK,PHOR,PLZL,RASP,ROSN,RTKM,SNGS,TATN,TRNFP,VTBR,YDEX;;;252;5;0,8;60;2,0;0,5;10,0;252,0;3,736616326794461;0,1558564821435073;0,1900938162266258;0,8198924364677836;-0,2748954513687152;0,0391722099039172;104;19,245283018867923;0,5215686274509804
russia;SBER;coverage;30;25;AFKS,AFLT,ALRS,CHMF,GAZP,GMKN,HYDR,IRAO,LKOH,MAGN,MGNT,MOEX,MTSS,NLMK,NVTK,PHOR,PLZL,RASP,ROSN,RTKM,SNGS,TATN,TRNFP,VTBR,YDEX;;;252;5;0,8;60;2,0;0,75;10,0;252,0;2,488823608249844;0,1234085764346237;0,181298582645642;0,6806924501766932;-0,278124802707548;0,040650406504065;108;15,909090909090908;0,5211428571428571
russia;SBER;coverage;30;25;AFKS,AFLT,ALRS,CHMF,GAZP,GMKN,HYDR,IRAO,LKOH,MAGN,MGNT,MOEX,MTSS,NLMK,NVTK,PHOR,PLZL,RASP,ROSN,RTKM,SNGS,TATN,TRNFP,VTBR,YDEX;;;252;5;0,8;60;2,0;1,0;10,0;252,0;2,295618736846028;0,117464145602377;0,1721279142097556;0,6824235693650179;-0,2961832473132347;0,0443458980044345;118;12,25;0,527891156462585
russia;SBER;coverage;30;25;AFKS,AFLT,ALRS,CHMF,GAZP,GMKN,HYDR,IRAO,LKOH,MAGN,MGNT,MOEX,MTSS,NLMK,NVTK,PHOR,PLZL,RASP,ROSN,RTKM,SNGS,TATN,TRNFP,VTBR,YDEX;;;252;5;0,8;60;2,5;0,25;10,0;252,0;3,347542619124084;0,1466670758779757;0,1696603168183643;0,8644748437844498;-0,2431547888986088;0,0236511456023651;62;23,71875;0,541501976284585
russia;SBER;coverage;30;25;AFKS,AFLT,ALRS,CHMF,GAZP,GMKN,HYDR,IRAO,LKOH,MAGN,MGNT,MOEX,MTSS,NLMK,NVTK,PHOR,PLZL,RASP,ROSN,RTKM,SNGS,TATN,TRNFP,VTBR,YDEX;;;252;5;0,8;60;2,5;0,5;10,0;252,0;2,2952451561374128;0,1174523484782761;0,1552936270916355;0,7563243300961083;-0,2387568849147173;0,0236511456023651;64;18,34375;0,534923339011925
russia;SBER;coverage;30;25;AFKS,AFLT,ALRS,CHMF,GAZP,GMKN,HYDR,IRAO,LKOH,MAGN,MGNT,MOEX,MTSS,NLMK,NVTK,PHOR,PLZL,RASP,ROSN,RTKM,SNGS,TATN,TRNFP,VTBR,YDEX;;;252;5;0,8;60;2,5;0,75;10,0;252,0;1,446732469911742;0,086895160345866;0,1501584119841476;0,5786899261763616;-0,2421471842550235;0,0236511456023651;64;16,34375;0,5277246653919694
russia;SBER;coverage;30;25;AFKS,AFLT,ALRS,CHMF,GAZP,GMKN,HYDR,IRAO,LKOH,MAGN,MGNT,MOEX,MTSS,NLMK,NVTK,PHOR,PLZL,RASP,ROSN,RTKM,SNGS,TATN,TRNFP,VTBR,YDEX;;;252;5;0,8;60;2,5;1,0;10,0;252,0;1,1764664334581232;0,0751117803835652;0,1428098092588557;0,525956730657194;-0,271432111440819;0,024390243902439;66;13,333333333333334;0,5318181818181819
russia;SBER;coverage;30;25;AFKS,AFLT,ALRS,CHMF,GAZP,GMKN,HYDR,IRAO,LKOH,MAGN,MGNT,MOEX,MTSS,NLMK,NVTK,PHOR,PLZL,RASP,ROSN,RTKM,SNGS,TATN,TRNFP,VTBR,YDEX;;;252;5;0,8;60;3,0;0,25;10,0;252,0;1,7804447078490768;0,0999140666305131;0,1560482759575105;0,6402766452717372;-0,2169845868228643;0,0155210643015521;41;27,80952380952381;0,5342465753424658
russia;SBER;coverage;30;25;AFKS,AFLT,ALRS,CHMF,GAZP,GMKN,HYDR,IRAO,LKOH,MAGN,MGNT,MOEX,MTSS,NLMK,NVTK,PHOR,PLZL,RASP,ROSN,RTKM,SNGS,TATN,TRNFP,VTBR,YDEX;;;252;5;0,8;60;3,0;0,5;10,0;252,0;1,429183654878604;0,0861668134228881;0,14274265028091;0,6036514892592815;-0,1904493437597079;0,0155210643015521;42;20,428571428571427;0,5268065268065268
russia;SBER;coverage;30;25;AFKS,AFLT,ALRS,CHMF,GAZP,GMKN,HYDR,IRAO,LKOH,MAGN,MGNT,MOEX,MTSS,NLMK,NVTK,PHOR,PLZL,RASP,ROSN,RTKM,SNGS,TATN,TRNFP,VTBR,YDEX;;;252;5;0,8;60;3,0;0,75;10,0;252,0;0,9307748886376452;0,0631857696789037;0,1378236086882645;0,4584538910298025;-0,1904493437597079;0,0155210643015521;42;18,238095238095237;0,5169712793733682
russia;SBER;coverage;30;25;AFKS,AFLT,ALRS,CHMF,GAZP,GMKN,HYDR,IRAO,LKOH,MAGN,MGNT,MOEX,MTSS,NLMK,NVTK,PHOR,PLZL,RASP,ROSN,RTKM,SNGS,TATN,TRNFP,VTBR,YDEX;;;252;5;0,8;60;3,0;1,0;10,0;252,0;0,8441156454582035;0,0586487523542513;0,1304129742607686;0,4497156259696958;-0,1904493437597079;0,0155210643015521;42;14,285714285714286;0,53
russia;SBER;coverage;30;25;AFKS,AFLT,ALRS,CHMF,GAZP,GMKN,HYDR,IRAO,LKOH,MAGN,MGNT,MOEX,MTSS,NLMK,NVTK,PHOR,PLZL,RASP,ROSN,RTKM,SNGS,TATN,TRNFP,VTBR,YDEX;;;252;10;0,8;60;1,0;0,25;10,0;252,0;9,018759717017316;0,2393734461193097;0,246850435113783;0,9697104483894192;-0,2594678366030045;0,0683665927568366;168;19,193548387096776;0,5070028011204482
russia;SBER;coverage;30;25;AFKS,AFLT,ALRS,CHMF,GAZP,GMKN,HYDR,IRAO,LKOH,MAGN,MGNT,MOEX,MTSS,NLMK,NVTK,PHOR,PLZL,RASP,ROSN,RTKM,SNGS,TATN,TRNFP,VTBR,YDEX;;;252;10;0,8;60;1,0;0,5;10,0;252,0;6,721218526898137;0,2096701787685928;0,2348226486526834;0,8928873767994475;-0,2497958490552624;0,0798226164079822;206;14,555555555555555;0,5044529262086515
russia;SBER;coverage;30;25;AFKS,AFLT,ALRS,CHMF,GAZP,GMKN,HYDR,IRAO,LKOH,MAGN,MGNT,MOEX,MTSS,NLMK,NVTK,PHOR,PLZL,RASP,ROSN,RTKM,SNGS,TATN,TRNFP,VTBR,YDEX;;;252;10;0,8;60;1,0;0,75;10,0;252,0;3,5677659459725506;0,1519558499043152;0,2201155432442612;0,690345841391539;-0,2347073081456652;0,0931263858093126;247;11,317460317460318;0,5035063113604488
russia;SBER;coverage;30;25;AFKS,AFLT,ALRS,CHMF,GAZP,GMKN,HYDR,IRAO,LKOH,MAGN,MGNT,MOEX,MTSS,NLMK,NVTK,PHOR,PLZL,RASP,ROSN,RTKM,SNGS,TATN,TRNFP,VTBR,YDEX;;;252;10;0,8;60;1,5;0,25;10,0;252,0;7,277194637180909;0,2175285168178322;0,2320217161434484;0,9375351602146772;-0,2497958490552626;0,048410938654841;122;22,515151515151516;0,506056527590848
russia;SBER;coverage;30;25;AFKS,AFLT,ALRS,CHMF,GAZP,GMKN,HYDR,IRAO,LKOH,MAGN,MGNT,MOEX,MTSS,NLMK,NVTK,PHOR,PLZL,RASP,ROSN,RTKM,SNGS,TATN,TRNFP,VTBR,YDEX;;;252;10;0,8;60;1,5;0,5;10,0;252,0;4,831052873131948;0,1784502385105766;0,2172460338919052;0,82142000621916;-0,2497958490552623;0,0524759793052476;136;18,070422535211268;0,5035074045206547
russia;SBER;coverage;30;25;AFKS,AFLT,ALRS,CHMF,GAZP,GMKN,HYDR,IRAO,LKOH,MAGN,MGNT,MOEX,MTSS,NLMK,NVTK,PHOR,PLZL,RASP,ROSN,RTKM,SNGS,TATN,TRNFP,VTBR,YDEX;;;252;10;0,8;60;1,5;0,75;10,0;252,0;4,234669954625868;0,1666687435097276;0,2039793687699798;0,8170862794348283;-0,2286291943053769;0,0591278640059127;155;14,2125;0,5074758135444152
russia;SBER;coverage;30;25;AFKS,AFLT,ALRS,CHMF,GAZP,GMKN,HYDR,IRAO,LKOH,MAGN,MGNT,MOEX,MTSS,NLMK,NVTK,PHOR,PLZL,RASP,ROSN,RTKM,SNGS,TATN,TRNFP,VTBR,YDEX;;;252;10;0,8;60;1,5;1,0;10,0;252,0;2,2649021743312585;0,1164900884171626;0,1963515081351886;0,593273204384857;-0,2479258220567201;0,0635624538063562;168;11,69767441860465;0,5
russia;SBER;coverage;30;25;AFKS,AFLT,ALRS,CHMF,GAZP,GMKN,HYDR,IRAO,LKOH,MAGN,MGNT,MOEX,MTSS,NLMK,NVTK,PHOR,PLZL,RASP,ROSN,RTKM,SNGS,TATN,TRNFP,VTBR,YDEX;;;252;10;0,8;60;2,0;0,25;10,0;252,0;5,3197061459162;0,1873151435354363;0,2123891253060529;0,8819431939630383;-0,2963317138719881;0,0365853658536585;95;23,7;0,5181434599156118
russia;SBER;coverage;30;25;AFKS,AFLT,ALRS,CHMF,GAZP,GMKN,HYDR,IRAO,LKOH,MAGN,MGNT,MOEX,MTSS,NLMK,NVTK,PHOR,PLZL,RASP,ROSN,RTKM,SNGS,TATN,TRNFP,VTBR,YDEX;;;252;10;0,8;60;2,0;0,5;10,0;252,0;2,879830237739628;0,1345770666052506;0,1975168253543709;0,6813448239855102;-0,2966957446049703;0,0369549150036954;99;20,3;0,5152709359605911
russia;SBER;coverage;30;25;AFKS,AFLT,ALRS,CHMF,GAZP,GMKN,HYDR,IRAO,LKOH,MAGN,MGNT,MOEX,MTSS,NLMK,NVTK,PHOR,PLZL,RASP,ROSN,RTKM,SNGS,TATN,TRNFP,VTBR,YDEX;;;252;10;0,8;60;2,0;0,75;10,0;252,0;1,457850139990125;0,0873541411824849;0,1819555032272042;0,4800851836473865;-0,3064222237134819;0,0369549150036954;100;17,5;0,5108571428571429
russia;SBER;coverage;30;25;AFKS,AFLT,ALRS,CHMF,GAZP,GMKN,HYDR,IRAO,LKOH,MAGN,MGNT,MOEX,MTSS,NLMK,NVTK,PHOR,PLZL,RASP,ROSN,RTKM,SNGS,TATN,TRNFP,VTBR,YDEX;;;252;10;0,8;60;2,0;1,0;10,0;252,0;1,2070785205222667;0,0765110885674353;0,1707639284181998;0,4480518179463534;-0,2969373195657143;0,0391722099039172;106;13,471698113207546;0,5098039215686274
russia;SBER;coverage;30;25;AFKS,AFLT,ALRS,CHMF,GAZP,GMKN,HYDR,IRAO,LKOH,MAGN,MGNT,MOEX,MTSS,NLMK,NVTK,PHOR,PLZL,RASP,ROSN,RTKM,SNGS,TATN,TRNFP,VTBR,YDEX;;;252;10;0,8;60;2,5;0,25;10,0;252,0;2,710384331214646;0,1298685597146771;0,1882015176827625;0,6900505442978789;-0,243462976010183;0,024390243902439;65;25,666666666666668;0,5182998819362455
russia;SBER;coverage;30;25;AFKS,AFLT,ALRS,CHMF,GAZP,GMKN,HYDR,IRAO,LKOH,MAGN,MGNT,MOEX,MTSS,NLMK,NVTK,PHOR,PLZL,RASP,ROSN,RTKM,SNGS,TATN,TRNFP,VTBR,YDEX;;;252;10;0,8;60;2,5;0,5;10,0;252,0;2,069581352715846;0,1100944225927735;0,1746566664568293;0,6303476690939026;-0,2429885527463886;0,024390243902439;66;21,666666666666668;0,5146853146853146
russia;SBER;coverage;30;25;AFKS,AFLT,ALRS,CHMF,GAZP,GMKN,HYDR,IRAO,LKOH,MAGN,MGNT,MOEX,MTSS,NLMK,NVTK,PHOR,PLZL,RASP,ROSN,RTKM,SNGS,TATN,TRNFP,VTBR,YDEX;;;252;10;0,8;60;2,5;0,75;10,0;252,0;1,209226899138819;0,0766086307977627;0,1602761681856363;0,4779789264055304;-0,253457785614147;0,024390243902439;66;18,424242424242426;0,5098684210526315
russia;SBER;coverage;30;25;AFKS,AFLT,ALRS,CHMF,GAZP,GMKN,HYDR,IRAO,LKOH,MAGN,MGNT,MOEX,MTSS,NLMK,NVTK,PHOR,PLZL,RASP,ROSN,RTKM,SNGS,TATN,TRNFP,VTBR,YDEX;;;252;10;0,8;60;2,5;1,0;10,0;252,0;1,1056143940804413;0,0718033316438668;0,1512821451300209;0,474631897783805;-0,2308338355574124;0,0251293422025129;68;14,058823529411764;0,5062761506276151
russia;SBER;coverage;30;25;AFKS,AFLT,ALRS,CHMF,GAZP,GMKN,HYDR,IRAO,LKOH,MAGN,MGNT,MOEX,MTSS,NLMK,NVTK,PHOR,PLZL,RASP,ROSN,RTKM,SNGS,TATN,TRNFP,VTBR,YDEX;;;252;10;0,8;60;3,0;0,25;10,0;252,0;1,2478556743702045;0,0783479621026648;0,1703936433879549;0,4598056626107873;-0,2271643477079078;0,0147819660014781;39;30,55;0,5122749590834698
russia;SBER;coverage;30;25;AFKS,AFLT,ALRS,CHMF,GAZP,GMKN,HYDR,IRAO,LKOH,MAGN,MGNT,MOEX,MTSS,NLMK,NVTK,PHOR,PLZL,RASP,ROSN,RTKM,SNGS,TATN,TRNFP,VTBR,YDEX;;;252;10;0,8;60;3,0;0,5;10,0;252,0;0,982347039259919;0,0657989060497421;0,1570870356505594;0,4188691051253394;-0,1876383342941068;0,0147819660014781;40;25,4;0,5118110236220472
russia;SBER;coverage;30;25;AFKS,AFLT,ALRS,CHMF,GAZP,GMKN,HYDR,IRAO,LKOH,MAGN,MGNT,MOEX,MTSS,NLMK,NVTK,PHOR,PLZL,RASP,ROSN,RTKM,SNGS,TATN,TRNFP,VTBR,YDEX;;;252;10;0,8;60;3,0;0,75;10,0;252,0;0,6041700900735536;0,0449950404734644;0,1435080431458223;0,3135367153445456;-0,1876383342941068;0,0147819660014781;40;21,4;0,5046728971962616
russia;SBER;coverage;30;25;AFKS,AFLT,ALRS,CHMF,GAZP,GMKN,HYDR,IRAO,LKOH,MAGN,MGNT,MOEX,MTSS,NLMK,NVTK,PHOR,PLZL,RASP,ROSN,RTKM,SNGS,TATN,TRNFP,VTBR,YDEX;;;252;10;0,8;60;3,0;1,0;10,0;252,0;0,5713611155725844;0,0429859898128499;0,1312511663044587;0,3275093930452157;-0,1876383342941068;0,0147819660014781;40;15,0;0,51
russia;SBER;coverage;30;25;AFKS,AFLT,ALRS,CHMF,GAZP,GMKN,HYDR,IRAO,LKOH,MAGN,MGNT,MOEX,MTSS,NLMK,NVTK,PHOR,PLZL,RASP,ROSN,RTKM,SNGS,TATN,TRNFP,VTBR,YDEX;;;252;21;0,8;60;1,0;0,25;10,0;252,0;15,579456343354703;0,2988953825558915;0,2690551396823558;1,110907537052683;-0,2690880102250583;0,0713229859571323;173;18,927835051546392;0,5038126361655774
russia;SBER;coverage;30;25;AFKS,AFLT,ALRS,CHMF,GAZP,GMKN,HYDR,IRAO,LKOH,MAGN,MGNT,MOEX,MTSS,NLMK,NVTK,PHOR,PLZL,RASP,ROSN,RTKM,SNGS,TATN,TRNFP,VTBR,YDEX;;;252;21;0,8;60;1,0;0,5;10,0;252,0;12,516894202137182;0,2744255797056827;0,2546291998823565;1,077745913793361;-0,2799524448361824;0,081670362158167;209;14,891891891891891;0,5009074410163339
russia;SBER;coverage;30;25;AFKS,AFLT,ALRS,CHMF,GAZP,GMKN,HYDR,IRAO,LKOH,MAGN,MGNT,MOEX,MTSS,NLMK,NVTK,PHOR,PLZL,RASP,ROSN,RTKM,SNGS,TATN,TRNFP,VTBR,YDEX;;;252;21;0,8;60;1,0;0,75;10,0;252,0;9,196029016856054;0,2413994259217873;0,2477468721514853;0,9743793083053864;-0,2696717937123273;0,1001478196600147;262;10,904411764705882;0,5030343897505057
russia;SBER;coverage;30;25;AFKS,AFLT,ALRS,CHMF,GAZP,GMKN,HYDR,IRAO,LKOH,MAGN,MGNT,MOEX,MTSS,NLMK,NVTK,PHOR,PLZL,RASP,ROSN,RTKM,SNGS,TATN,TRNFP,VTBR,YDEX;;;252;21;0,8;60;1,5;0,25;10,0;252,0;8,761264873414786;0,2363719018615913;0,2387742954790185;0,9899386422118528;-0,2527266102967351;0,049150036954915;123;22,746268656716417;0,5065616797900262
russia;SBER;coverage;30;25;AFKS,AFLT,ALRS,CHMF,GAZP,GMKN,HYDR,IRAO,LKOH,MAGN,MGNT,MOEX,MTSS,NLMK,NVTK,PHOR,PLZL,RASP,ROSN,RTKM,SNGS,TATN,TRNFP,VTBR,YDEX;;;252;21;0,8;60;1,5;0,5;10,0;252,0;5,549237053786631;0,1912663956649132;0,226292338088948;0,8452181690293586;-0,2344534447638214;0,0513673318551367;133;19,4;0,4992636229749632
russia;SBER;coverage;30;25;AFKS,AFLT,ALRS,CHMF,GAZP,GMKN,HYDR,IRAO,LKOH,MAGN,MGNT,MOEX,MTSS,NLMK,NVTK,PHOR,PLZL,RASP,ROSN,RTKM,SNGS,TATN,TRNFP,VTBR,YDEX;;;252;21;0,8;60;1,5;0,75;10,0;252,0;3,777316009636517;0,1567778080904172;0,2192283408827935;0,7151347652365604;-0,2374855025739236;0,0550628233555062;144;16,026666666666667;0,497504159733777
russia;SBER;coverage;30;25;AFKS,AFLT,ALRS,CHMF,GAZP,GMKN,HYDR,IRAO,LKOH,MAGN,MGNT,MOEX,MTSS,NLMK,NVTK,PHOR,PLZL,RASP,ROSN,RTKM,SNGS,TATN,TRNFP,VTBR,YDEX;;;252;21;0,8;60;1,5;1,0;10,0;252,0;1,2061860215030349;0,0764705413678044;0,1962540705748979;0,3896507274666711;-0,2558219509162139;0,0609756097560975;163;12,337349397590362;0,498046875
russia;SBER;coverage;30;25;AFKS,AFLT,ALRS,CHMF,GAZP,GMKN,HYDR,IRAO,LKOH,MAGN,MGNT,MOEX,MTSS,NLMK,NVTK,PHOR,PLZL,RASP,ROSN,RTKM,SNGS,TATN,TRNFP,VTBR,YDEX;;;252;21;0,8;60;2,0;0,25;10,0;252,0;4,807115294346666;0,1779988744106364;0,2259058771882307;0,7879337918345661;-0,2767620914281766;0,0365853658536585;95;24,94;0,51242983159583
russia;SBER;coverage;30;25;AFKS,AFLT,ALRS,CHMF,GAZP,GMKN,HYDR,IRAO,LKOH,MAGN,MGNT,MOEX,MTSS,NLMK,NVTK,PHOR,PLZL,RASP,ROSN,RTKM,SNGS,TATN,TRNFP,VTBR,YDEX;;;252;21;0,8;60;2,0;0,5;10,0;252,0;3,705856076879888;0,1551553811512933;0,2105407574804952;0,7369375080056275;-0,296931406523;0,0373244641537324;97;19,92156862745098;0,5088582677165354
russia;SBER;coverage;30;25;AFKS,AFLT,ALRS,CHMF,GAZP,GMKN,HYDR,IRAO,LKOH,MAGN,MGNT,MOEX,MTSS,NLMK,NVTK,PHOR,PLZL,RASP,ROSN,RTKM,SNGS,TATN,TRNFP,VTBR,YDEX;;;252;21;0,8;60;2,0;0,75;10,0;252,0;2,8946492376237805;0,1349799338309407;0,2078925768651793;0,6492773136314374;-0,2809641901161319;0,0380635624538063;99;17,923076923076923;0,5042918454935622
russia;SBER;coverage;30;25;AFKS,AFLT,ALRS,CHMF,GAZP,GMKN,HYDR,IRAO,LKOH,MAGN,MGNT,MOEX,MTSS,NLMK,NVTK,PHOR,PLZL,RASP,ROSN,RTKM,SNGS,TATN,TRNFP,VTBR,YDEX;;;252;21;0,8;60;2,0;1,0;10,0;252,0;1,0725241565293144;0,0702234531225236;0,1853177057827541;0,3789354763804695;-0,2558219509162142;0,0395417590539541;105;14,537037037037036;0,5057324840764331
russia;SBER;coverage;30;25;AFKS,AFLT,ALRS,CHMF,GAZP,GMKN,HYDR,IRAO,LKOH,MAGN,MGNT,MOEX,MTSS,NLMK,NVTK,PHOR,PLZL,RASP,ROSN,RTKM,SNGS,TATN,TRNFP,VTBR,YDEX;;;252;21;0,8;60;2,5;0,25;10,0;252,0;1,8366387478296295;0,1019655124687255;0,1939078919695918;0,5258450877528776;-0,2636286287665786;0,0214338507021433;58;31,344827586206897;0,5071507150715071
russia;SBER;coverage;30;25;AFKS,AFLT,ALRS,CHMF,GAZP,GMKN,HYDR,IRAO,LKOH,MAGN,MGNT,MOEX,MTSS,NLMK,NVTK,PHOR,PLZL,RASP,ROSN,RTKM,SNGS,TATN,TRNFP,VTBR,YDEX;;;252;21;0,8;60;2,5;0,5;10,0;252,0;1,302903432532124;0,0807803228445007;0,1788460903912868;0,4516750836865724;-0,2739069549733339;0,0214338507021433;58;24,93103448275862;0,5006915629322268
russia;SBER;coverage;30;25;AFKS,AFLT,ALRS,CHMF,GAZP,GMKN,HYDR,IRAO,LKOH,MAGN,MGNT,MOEX,MTSS,NLMK,NVTK,PHOR,PLZL,RASP,ROSN,RTKM,SNGS,TATN,TRNFP,VTBR,YDEX;;;252;21;0,8;60;2,5;0,75;10,0;252,0;1,1282319912964454;0,0728702948035031;0,1764739459797693;0,4129238137614767;-0,255963723006839;0,0214338507021433;58;22,620689655172413;0,4939024390243902
russia;SBER;coverage;30;25;AFKS,AFLT,ALRS,CHMF,GAZP,GMKN,HYDR,IRAO,LKOH,MAGN,MGNT,MOEX,MTSS,NLMK,NVTK,PHOR,PLZL,RASP,ROSN,RTKM,SNGS,TATN,TRNFP,VTBR,YDEX;;;252;21;0,8;60;2,5;1,0;10,0;252,0;0,4421806951839997;0,0346868458724614;0,1525485168092198;0,2273823869152491;-0,2154545863624767;0,0221729490022172;60;17,5;0,5028571428571429
russia;SBER;coverage;30;25;AFKS,AFLT,ALRS,CHMF,GAZP,GMKN,HYDR,IRAO,LKOH,MAGN,MGNT,MOEX,MTSS,NLMK,NVTK,PHOR,PLZL,RASP,ROSN,RTKM,SNGS,TATN,TRNFP,VTBR,YDEX;;;252;21;0,8;60;3,0;0,25;10,0;252,0;1,852930754102653;0,10255338465463;0,1680008925394;0,610433570348913;-0,1868890037155752;0,0147819660014781;40;30,95;0,5266558966074314
russia;SBER;coverage;30;25;AFKS,AFLT,ALRS,CHMF,GAZP,GMKN,HYDR,IRAO,LKOH,MAGN,MGNT,MOEX,MTSS,NLMK,NVTK,PHOR,PLZL,RASP,ROSN,RTKM,SNGS,TATN,TRNFP,VTBR,YDEX;;;252;21;0,8;60;3,0;0,5;10,0;252,0;1,613986288963412;0,0936086800644961;0,1554629640832583;0,6021284916088696;-0,1868890037155752;0,0147819660014781;40;23,85;0,5262054507337526
russia;SBER;coverage;30;25;AFKS,AFLT,ALRS,CHMF,GAZP,GMKN,HYDR,IRAO,LKOH,MAGN,MGNT,MOEX,MTSS,NLMK,NVTK,PHOR,PLZL,RASP,ROSN,RTKM,SNGS,TATN,TRNFP,VTBR,YDEX;;;252;21;0,8;60;3,0;0,75;10,0;252,0;1,4637170123536425;0,0875955901769229;0,1527906510471311;0,5733046464335207;-0,1868890037155752;0,0147819660014781;40;20,6;0,5218446601941747
russia;SBER;coverage;30;25;AFKS,AFLT,ALRS,CHMF,GAZP,GMKN,HYDR,IRAO,LKOH,MAGN,MGNT,MOEX,MTSS,NLMK,NVTK,PHOR,PLZL,RASP,ROSN,RTKM,SNGS,TATN,TRNFP,VTBR,YDEX;;;252;21;0,8;60;3,0;1,0;10,0;252,0;0,856175891884899;0,0592916002657648;0,1283550784655391;0,4619341982770357;-0,1868890037155752;0,0147819660014781;40;16,15;0,5294117647058824
russia;SBER;coverage;30;25;AFKS,AFLT,ALRS,CHMF,GAZP,GMKN,HYDR,IRAO,LKOH,MAGN,MGNT,MOEX,MTSS,NLMK,NVTK,PHOR,PLZL,RASP,ROSN,RTKM,SNGS,TATN,TRNFP,VTBR,YDEX;;;252;63;0,8;60;1,0;0,25;10,0;252,0;6,212859868864668;0,2020220919359674;0,3118005081742086;0,6479209835767619;-0,2594535194156693;0,0543237250554323;126;28,31081081081081;0,4926014319809069
russia;SBER;coverage;30;25;AFKS,AFLT,ALRS,CHMF,GAZP,GMKN,HYDR,IRAO,LKOH,MAGN,MGNT,MOEX,MTSS,NLMK,NVTK,PHOR,PLZL,RASP,ROSN,RTKM,SNGS,TATN,TRNFP,VTBR,YDEX;;;252;63;0,8;60;1,0;0,5;10,0;252,0;4,710211017765574;0,1761542460249248;0,2874600283115557;0,6127956191321486;-0,2749942514699075;0,0668883961566888;167;20,923076923076923;0,4926470588235294
russia;SBER;coverage;30;25;AFKS,AFLT,ALRS,CHMF,GAZP,GMKN,HYDR,IRAO,LKOH,MAGN,MGNT,MOEX,MTSS,NLMK,NVTK,PHOR,PLZL,RASP,ROSN,RTKM,SNGS,TATN,TRNFP,VTBR,YDEX;;;252;63;0,8;60;1,0;0,75;10,0;252,0;4,544412014428795;0,172931295118397;0,2774714738557143;0,6232399054049123;-0,2497462413539458;0,0868440502586844;224;14,38135593220339;0,4967589864466706
russia;SBER;coverage;30;25;AFKS,AFLT,ALRS,CHMF,GAZP,GMKN,HYDR,IRAO,LKOH,MAGN,MGNT,MOEX,MTSS,NLMK,NVTK,PHOR,PLZL,RASP,ROSN,RTKM,SNGS,TATN,TRNFP,VTBR,YDEX;;;252;63;0,8;60;1,5;0,25;10,0;252,0;6,1190440328418205;0,2005574585155651;0,3020902759386077;0,6638990874248578;-0,2738198513389337;0,0417590539541759;98;32,333333333333336;0,4894194248507867
russia;SBER;coverage;30;25;AFKS,AFLT,ALRS,CHMF,GAZP,GMKN,HYDR,IRAO,LKOH,MAGN,MGNT,MOEX,MTSS,NLMK,NVTK,PHOR,PLZL,RASP,ROSN,RTKM,SNGS,TATN,TRNFP,VTBR,YDEX;;;252;63;0,8;60;1,5;0,5;10,0;252,0;4,9795549559872585;0,1812133972427303;0,2775870349723573;0,6528165022576645;-0,2657478970288769;0,0469327420546932;116;26,09375;0,4892215568862275
russia;SBER;coverage;30;25;AFKS,AFLT,ALRS,CHMF,GAZP,GMKN,HYDR,IRAO,LKOH,MAGN,MGNT,MOEX,MTSS,NLMK,NVTK,PHOR,PLZL,RASP,ROSN,RTKM,SNGS,TATN,TRNFP,VTBR,YDEX;;;252;63;0,8;60;1,5;0,75;10,0;252,0;5,368855134483548;0,188172042853759;0,264054905792283;0,7126246804207578;-0,2263365310578031;0,0543237250554323;139;19,33783783783784;0,493361285814116
russia;SBER;coverage;30;25;AFKS,AFLT,ALRS,CHMF,GAZP,GMKN,HYDR,IRAO,LKOH,MAGN,MGNT,MOEX,MTSS,NLMK,NVTK,PHOR,PLZL,RASP,ROSN,RTKM,SNGS,TATN,TRNFP,VTBR,YDEX;;;252;63;0,8;60;1,5;1,0;10,0;252,0;5,454227737018252;0,1896463360494129;0,2453525643451056;0,7729543669356643;-0,2263365310578032;0,0646711012564671;168;13,204545454545457;0,5103270223752151
russia;SBER;coverage;30;25;AFKS,AFLT,ALRS,CHMF,GAZP,GMKN,HYDR,IRAO,LKOH,MAGN,MGNT,MOEX,MTSS,NLMK,NVTK,PHOR,PLZL,RASP,ROSN,RTKM,SNGS,TATN,TRNFP,VTBR,YDEX;;;252;63;0,8;60;2,0;0,25;10,0;252,0;5,972872945602368;0,1982402068195752;0,2729986116500796;0,7261582966351229;-0,2195565282483857;0,0314116777531411;75;36,30232558139535;0,5016015374759769
russia;SBER;coverage;30;25;AFKS,AFLT,ALRS,CHMF,GAZP,GMKN,HYDR,IRAO,LKOH,MAGN,MGNT,MOEX,MTSS,NLMK,NVTK,PHOR,PLZL,RASP,ROSN,RTKM,SNGS,TATN,TRNFP,VTBR,YDEX;;;252;63;0,8;60;2,0;0,5;10,0;252,0;8,650552566993447;0,235059231649642;0,2607894724663565;0,9013371185064464;-0,2195565282483861;0,0351071692535107;87;28,1875;0,5077605321507761
russia;SBER;coverage;30;25;AFKS,AFLT,ALRS,CHMF,GAZP,GMKN,HYDR,IRAO,LKOH,MAGN,MGNT,MOEX,MTSS,NLMK,NVTK,PHOR,PLZL,RASP,ROSN,RTKM,SNGS,TATN,TRNFP,VTBR,YDEX;;;252;63;0,8;60;2,0;0,75;10,0;252,0;8,96165210570312;0,2387138469785337;0,2486456163894274;0,9600565272168776;-0,2153779036877424;0,0395417590539541;101;20,296296296296298;0,5173357664233577
russia;SBER;coverage;30;25;AFKS,AFLT,ALRS,CHMF,GAZP,GMKN,HYDR,IRAO,LKOH,MAGN,MGNT,MOEX,MTSS,NLMK,NVTK,PHOR,PLZL,RASP,ROSN,RTKM,SNGS,TATN,TRNFP,VTBR,YDEX;;;252;63;0,8;60;2,0;1,0;10,0;252,0;6,514917470005771;0,2066231585911182;0,2274389425255774;0,9084774854151536;-0,2153779036877425;0,041019955654102;107;14,928571428571429;0,527511961722488
russia;SBER;coverage;30;25;AFKS,AFLT,ALRS,CHMF,GAZP,GMKN,HYDR,IRAO,LKOH,MAGN,MGNT,MOEX,MTSS,NLMK,NVTK,PHOR,PLZL,RASP,ROSN,RTKM,SNGS,TATN,TRNFP,VTBR,YDEX;;;252;63;0,8;60;2,5;0,25;10,0;252,0;3,4967900583639384;0,1502770648205003;0,2377724212714003;0,632020585133251;-0,3632127155408247;0,0225424981522542;58;40,25806451612903;0,5192307692307693
russia;SBER;coverage;30;25;AFKS,AFLT,ALRS,CHMF,GAZP,GMKN,HYDR,IRAO,LKOH,MAGN,MGNT,MOEX,MTSS,NLMK,NVTK,PHOR,PLZL,RASP,ROSN,RTKM,SNGS,TATN,TRNFP,VTBR,YDEX;;;252;63;0,8;60;2,5;0,5;10,0;252,0;3,1402254116001833;0,141461357917251;0,1992824320792595;0,7098536305547916;-0,2195565282483859;0,024020694752402;64;27,848484848484848;0,5244831338411317
russia;SBER;coverage;30;25;AFKS,AFLT,ALRS,CHMF,GAZP,GMKN,HYDR,IRAO,LKOH,MAGN,MGNT,MOEX,MTSS,NLMK,NVTK,PHOR,PLZL,RASP,ROSN,RTKM,SNGS,TATN,TRNFP,VTBR,YDEX;;;252;63;0,8;60;2,5;0,75;10,0;252,0;3,3667148229415513;0,1471370472711153;0,1830907649081384;0,8036289943129461;-0,1868890037155752;0,0262379896526238;71;19,305555555555557;0,5381294964028777
russia;SBER;coverage;30;25;AFKS,AFLT,ALRS,CHMF,GAZP,GMKN,HYDR,IRAO,LKOH,MAGN,MGNT,MOEX,MTSS,NLMK,NVTK,PHOR,PLZL,RASP,ROSN,RTKM,SNGS,TATN,TRNFP,VTBR,YDEX;;;252;63;0,8;60;2,5;1,0;10,0;252,0;3,45342928687712;0,1492395937418678;0,1705408487318814;0,8750958779177722;-0,1868890037155752;0,0262379896526238;71;13,666666666666666;0,5650406504065041
russia;SBER;coverage;30;25;AFKS,AFLT,ALRS,CHMF,GAZP,GMKN,HYDR,IRAO,LKOH,MAGN,MGNT,MOEX,MTSS,NLMK,NVTK,PHOR,PLZL,RASP,ROSN,RTKM,SNGS,TATN,TRNFP,VTBR,YDEX;;;252;63;0,8;60;3,0;0,25;10,0;252,0;1,2057499361661277;0,0764507241272223;0,2187470263048343;0,3494937756122207;-0,3632127155408249;0,0125646711012564;34;56,588235294117645;0,5176715176715176
russia;SBER;coverage;30;25;AFKS,AFLT,ALRS,CHMF,GAZP,GMKN,HYDR,IRAO,LKOH,MAGN,MGNT,MOEX,MTSS,NLMK,NVTK,PHOR,PLZL,RASP,ROSN,RTKM,SNGS,TATN,TRNFP,VTBR,YDEX;;;252;63;0,8;60;3,0;0,5;10,0;252,0;2,2309178966303116;0,1154026765756173;0,1706646673262499;0,6761954796127108;-0,219556528248386;0,0140428677014042;38;34,1578947368421;0,5115562403697997
russia;SBER;coverage;30;25;AFKS,AFLT,ALRS,CHMF,GAZP,GMKN,HYDR,IRAO,LKOH,MAGN,MGNT,MOEX,MTSS,NLMK,NVTK,PHOR,PLZL,RASP,ROSN,RTKM,SNGS,TATN,TRNFP,VTBR,YDEX;;;252;63;0,8;60;3,0;0,75;10,0;252,0;2,504654799774343;0,123882330710936;0,1572918490250992;0,78759536160814;-0,1770385415238521;0,0155210643015521;42;22,142857142857142;0,5268817204301075
russia;SBER;coverage;30;25;AFKS,AFLT,ALRS,CHMF,GAZP,GMKN,HYDR,IRAO,LKOH,MAGN,MGNT,MOEX,MTSS,NLMK,NVTK,PHOR,PLZL,RASP,ROSN,RTKM,SNGS,TATN,TRNFP,VTBR,YDEX;;;252;63;0,8;60;3,0;1,0;10,0;252,0;2,6418918120544914;0,127909769917162;0,1441453513082171;0,8873665973705978;-0,177038541523852;0,0155210643015521;42;14,0;0,5714285714285714
russia;NVTK;coverage;30;25;AFKS,AFLT,ALRS,CHMF,GAZP,GMKN,HYDR,IRAO,LKOH,MAGN,MGNT,MOEX,MTSS,NLMK,PHOR,PLZL,RASP,ROSN,RTKM,SBER,SNGS,TATN,TRNFP,VTBR,YDEX;;;252;5;0,8;60;1,0;0,25;10,0;252,0;4,010557297376074;0,1619243595508732;0,3178462291997508;0,5094424431542075;-0,4359813453337547;0,0757575757575757;188;19,106796116504853;0,505589430894309
russia;NVTK;coverage;30;25;AFKS,AFLT,ALRS,CHMF,GAZP,GMKN,HYDR,IRAO,LKOH,MAGN,MGNT,MOEX,MTSS,NLMK,PHOR,PLZL,RASP,ROSN,RTKM,SBER,SNGS,TATN,TRNFP,VTBR,YDEX;;;252;5;0,8;60;1,0;0,5;10,0;252,0;2,5655926130466735;0,1256879876317447;0,3068983578101696;0,4095427180796072;-0,435981345333755;0,0927568366592756;245;13,88095238095238;0,5042881646655232
russia;NVTK;coverage;30;25;AFKS,AFLT,ALRS,CHMF,GAZP,GMKN,HYDR,IRAO,LKOH,MAGN,MGNT,MOEX,MTSS,NLMK,PHOR,PLZL,RASP,ROSN,RTKM,SBER,SNGS,TATN,TRNFP,VTBR,YDEX;;;252;5;0,8;60;1,0;0,75;10,0;252,0;1,803346604892064;0,1007546331901774;0,2975240560535407;0,3386436529758997;-0,386132820727696;0,1119733924611973;300;10,539473684210526;0,5043695380774033
russia;NVTK;coverage;30;25;AFKS,AFLT,ALRS,CHMF,GAZP,GMKN,HYDR,IRAO,LKOH,MAGN,MGNT,MOEX,MTSS,NLMK,PHOR,PLZL,RASP,ROSN,RTKM,SBER,SNGS,TATN,TRNFP,VTBR,YDEX;;;252;5;0,8;60;1,5;0,25;10,0;252,0;6,091908917829425;0,200130567059207;0,3062779451978443;0,6534279408526463;-0,4359813453337546;0,0602365114560236;155;21,01219512195122;0,5211839814277424
russia;NVTK;coverage;30;25;AFKS,AFLT,ALRS,CHMF,GAZP,GMKN,HYDR,IRAO,LKOH,MAGN,MGNT,MOEX,MTSS,NLMK,PHOR,PLZL,RASP,ROSN,RTKM,SBER,SNGS,TATN,TRNFP,VTBR,YDEX;;;252;5;0,8;60;1,5;0,5;10,0;252,0;3,426199607568482;0,148583390490242;0,2935657364748588;0,5061332847437625;-0,4359813453337546;0,0661492978566149;175;16,822222222222223;0,5171730515191546
russia;NVTK;coverage;30;25;AFKS,AFLT,ALRS,CHMF,GAZP,GMKN,HYDR,IRAO,LKOH,MAGN,MGNT,MOEX,MTSS,NLMK,PHOR,PLZL,RASP,ROSN,RTKM,SBER,SNGS,TATN,TRNFP,VTBR,YDEX;;;252;5;0,8;60;1,5;0,75;10,0;252,0;2,811334171813109;0,1326966173782862;0,2827096931988751;0,4693741338573041;-0,3861328207276961;0,0750184774575018;201;12,901960784313726;0,5220364741641338
russia;NVTK;coverage;30;25;AFKS,AFLT,ALRS,CHMF,GAZP,GMKN,HYDR,IRAO,LKOH,MAGN,MGNT,MOEX,MTSS,NLMK,PHOR,PLZL,RASP,ROSN,RTKM,SBER,SNGS,TATN,TRNFP,VTBR,YDEX;;;252;5;0,8;60;1,5;1,0;10,0;252,0;1,909837368485494;0,1045831580115772;0,2737675601526642;0,382014428419705;-0,4097065575113172;0,0838876570583887;225;10,078947368421051;0,5187119234116623
russia;NVTK;coverage;30;25;AFKS,AFLT,ALRS,CHMF,GAZP,GMKN,HYDR,IRAO,LKOH,MAGN,MGNT,MOEX,MTSS,NLMK,PHOR,PLZL,RASP,ROSN,RTKM,SBER,SNGS,TATN,TRNFP,VTBR,YDEX;;;252;5;0,8;60;2,0;0,25;10,0;252,0;3,0391694247594367;0,1388375785349689;0,2834585212954076;0,4897985705297555;-0,4359813453337547;0,0376940133037694;100;24,09803921568627;0,5272579332790887
russia;NVTK;coverage;30;25;AFKS,AFLT,ALRS,CHMF,GAZP,GMKN,HYDR,IRAO,LKOH,MAGN,MGNT,MOEX,MTSS,NLMK,PHOR,PLZL,RASP,ROSN,RTKM,SBER,SNGS,TATN,TRNFP,VTBR,YDEX;;;252;5;0,8;60;2,0;0,5;10,0;252,0;1,7335470554288892;0,0981730095349731;0,2706071862989859;0,3627878877780601;-0,435981345333755;0,0399113082039911;108;19,22222222222222;0,5269749518304432
russia;NVTK;coverage;30;25;AFKS,AFLT,ALRS,CHMF,GAZP,GMKN,HYDR,IRAO,LKOH,MAGN,MGNT,MOEX,MTSS,NLMK,PHOR,PLZL,RASP,ROSN,RTKM,SBER,SNGS,TATN,TRNFP,VTBR,YDEX;;;252;5;0,8;60;2,0;0,75;10,0;252,0;1,560228664062687;0,0914944327793336;0,2579340076865092;0,3547203162544398;-0,3549899335753064;0,0421286031042128;114;15,543859649122806;0,536117381489842
russia;NVTK;coverage;30;25;AFKS,AFLT,ALRS,CHMF,GAZP,GMKN,HYDR,IRAO,LKOH,MAGN,MGNT,MOEX,MTSS,NLMK,PHOR,PLZL,RASP,ROSN,RTKM,SBER,SNGS,TATN,TRNFP,VTBR,YDEX;;;252;5;0,8;60;2,0;1,0;10,0;252,0;1,074542488395978;0,0703204702672337;0,2494627814590743;0,2818876220971271;-0,3729478003350566;0,0436067997043606;118;12,508474576271189;0,537940379403794
russia;NVTK;coverage;30;25;AFKS,AFLT,ALRS,CHMF,GAZP,GMKN,HYDR,IRAO,LKOH,MAGN,MGNT,MOEX,MTSS,NLMK,PHOR,PLZL,RASP,ROSN,RTKM,SBER,SNGS,TATN,TRNFP,VTBR,YDEX;;;252;5;0,8;60;2,5;0,25;10,0;252,0;1,0619448940872012;0,0697135234114856;0,2609941030838272;0,2671076571760502;-0,4298200932732913;0,0206947524020694;55;28,321428571428573;0,5208070617906684
russia;NVTK;coverage;30;25;AFKS,AFLT,ALRS,CHMF,GAZP,GMKN,HYDR,IRAO,LKOH,MAGN,MGNT,MOEX,MTSS,NLMK,PHOR,PLZL,RASP,ROSN,RTKM,SBER,SNGS,TATN,TRNFP,VTBR,YDEX;;;252;5;0,8;60;2,5;0,5;10,0;252,0;0,8516013330982157;0,0590482094560949;0,2476019971750663;0,2384803439785867;-0,4298200932732913;0,0221729490022172;60;19,9;0,5376884422110553
russia;NVTK;coverage;30;25;AFKS,AFLT,ALRS,CHMF,GAZP,GMKN,HYDR,IRAO,LKOH,MAGN,MGNT,MOEX,MTSS,NLMK,PHOR,PLZL,RASP,ROSN,RTKM,SBER,SNGS,TATN,TRNFP,VTBR,YDEX;;;252;5;0,8;60;2,5;0,75;10,0;252,0;0,7727463641950116;0,0547646338405913;0,2392888576266386;0,2288641200587801;-0,3113584313776359;0,0229120473022912;62;16,774193548387096;0,5442307692307692
russia;NVTK;coverage;30;25;AFKS,AFLT,ALRS,CHMF,GAZP,GMKN,HYDR,IRAO,LKOH,MAGN,MGNT,MOEX,MTSS,NLMK,PHOR,PLZL,RASP,ROSN,RTKM,SBER,SNGS,TATN,TRNFP,VTBR,YDEX;;;252;5;0,8;60;2,5;1,0;10,0;252,0;0,4594614731717836;0,0358352034355369;0,2330755300538776;0,1537493164866053;-0,3234028285354668;0,0229120473022912;62;15,096774193548388;0,5341880341880342
russia;NVTK;coverage;30;25;AFKS,AFLT,ALRS,CHMF,GAZP,GMKN,HYDR,IRAO,LKOH,MAGN,MGNT,MOEX,MTSS,NLMK,PHOR,PLZL,RASP,ROSN,RTKM,SBER,SNGS,TATN,TRNFP,VTBR,YDEX;;;252;5;0,8;60;3,0;0,25;10,0;252,0;0,902433127321834;0,0617226317919785;0,2353811244348745;0,2622242201458089;-0,4008337936450857;0,0096082779009608;26;23,46153846153846;0,5672131147540984
russia;NVTK;coverage;30;25;AFKS,AFLT,ALRS,CHMF,GAZP,GMKN,HYDR,IRAO,LKOH,MAGN,MGNT,MOEX,MTSS,NLMK,PHOR,PLZL,RASP,ROSN,RTKM,SBER,SNGS,TATN,TRNFP,VTBR,YDEX;;;252;5;0,8;60;3,0;0,5;10,0;252,0;0,4828438469920759;0,0373695549675616;0,2291635059122569;0,1630693980649339;-0,4008337936450858;0,0096082779009608;26;18,76923076923077;0,5655737704918032
russia;NVTK;coverage;30;25;AFKS,AFLT,ALRS,CHMF,GAZP,GMKN,HYDR,IRAO,LKOH,MAGN,MGNT,MOEX,MTSS,NLMK,PHOR,PLZL,RASP,ROSN,RTKM,SBER,SNGS,TATN,TRNFP,VTBR,YDEX;;;252;5;0,8;60;3,0;0,75;10,0;252,0;0,7970908292082404;0,056105213741932;0,2233507726619238;0,2511977597984671;-0,2671299231025336;0,0103473762010347;28;15,357142857142858;0,5720930232558139
russia;NVTK;coverage;30;25;AFKS,AFLT,ALRS,CHMF,GAZP,GMKN,HYDR,IRAO,LKOH,MAGN,MGNT,MOEX,MTSS,NLMK,PHOR,PLZL,RASP,ROSN,RTKM,SBER,SNGS,TATN,TRNFP,VTBR,YDEX;;;252;5;0,8;60;3,0;1,0;10,0;252,0;0,6265411555075493;0,0463436695866104;0,218421337189601;0,2121755602401688;-0,2324224066463296;0,0103473762010347;28;13,928571428571429;0,5641025641025641
russia;NVTK;coverage;30;25;AFKS,AFLT,ALRS,CHMF,GAZP,GMKN,HYDR,IRAO,LKOH,MAGN,MGNT,MOEX,MTSS,NLMK,PHOR,PLZL,RASP,ROSN,RTKM,SBER,SNGS,TATN,TRNFP,VTBR,YDEX;;;252;10;0,8;60;1,0;0,25;10,0;252,0;3,5035866382725898;0,1504388599968509;0,3590344701988176;0,4190095171462072;-0,537263033641076;0,0713229859571323;179;20,8659793814433;0,4955533596837945
russia;NVTK;coverage;30;25;AFKS,AFLT,ALRS,CHMF,GAZP,GMKN,HYDR,IRAO,LKOH,MAGN,MGNT,MOEX,MTSS,NLMK,PHOR,PLZL,RASP,ROSN,RTKM,SBER,SNGS,TATN,TRNFP,VTBR,YDEX;;;252;10;0,8;60;1,0;0,5;10,0;252,0;3,1114150021748843;0,1407193070867702;0,3487788246113638;0,4034628743404091;-0,49637517181317;0,0905395417590539;236;14,227642276422763;0,4977142857142857
russia;NVTK;coverage;30;25;AFKS,AFLT,ALRS,CHMF,GAZP,GMKN,HYDR,IRAO,LKOH,MAGN,MGNT,MOEX,MTSS,NLMK,PHOR,PLZL,RASP,ROSN,RTKM,SBER,SNGS,TATN,TRNFP,VTBR,YDEX;;;252;10;0,8;60;1,0;0,75;10,0;252,0;1,88418018698601;0,1036725026378653;0,3412408714968422;0,3038103325170551;-0,4963751718131701;0,1090169992609017;290;10,824324324324325;0,4956304619225967
russia;NVTK;coverage;30;25;AFKS,AFLT,ALRS,CHMF,GAZP,GMKN,HYDR,IRAO,LKOH,MAGN,MGNT,MOEX,MTSS,NLMK,PHOR,PLZL,RASP,ROSN,RTKM,SBER,SNGS,TATN,TRNFP,VTBR,YDEX;;;252;10;0,8;60;1,5;0,25;10,0;252,0;5,482900110382976;0,1901375115984425;0,3510175990126226;0,5416751528506841;-0,5372630336410762;0,0580192165558019;148;22,696202531645568;0,5058561070831009
russia;NVTK;coverage;30;25;AFKS,AFLT,ALRS,CHMF,GAZP,GMKN,HYDR,IRAO,LKOH,MAGN,MGNT,MOEX,MTSS,NLMK,PHOR,PLZL,RASP,ROSN,RTKM,SBER,SNGS,TATN,TRNFP,VTBR,YDEX;;;252;10;0,8;60;1,5;0,5;10,0;252,0;4,819824663789267;0,1782387304053947;0,3369132696039014;0,5290344622369565;-0,4640855964823089;0,0676274944567627;178;16,33695652173913;0,5076513639387891
russia;NVTK;coverage;30;25;AFKS,AFLT,ALRS,CHMF,GAZP,GMKN,HYDR,IRAO,LKOH,MAGN,MGNT,MOEX,MTSS,NLMK,PHOR,PLZL,RASP,ROSN,RTKM,SBER,SNGS,TATN,TRNFP,VTBR,YDEX;;;252;10;0,8;60;1,5;0,75;10,0;252,0;3,497890165806946;0,1503032683340492;0,3300868739318742;0,4553445780611985;-0,4640855964823089;0,073540280857354;195;13,26;0,5105580693815988
russia;NVTK;coverage;30;25;AFKS,AFLT,ALRS,CHMF,GAZP,GMKN,HYDR,IRAO,LKOH,MAGN,MGNT,MOEX,MTSS,NLMK,PHOR,PLZL,RASP,ROSN,RTKM,SBER,SNGS,TATN,TRNFP,VTBR,YDEX;;;252;10;0,8;60;1,5;1,0;10,0;252,0;1,5732835911407976;0,0920115487011385;0,3149748520723516;0,2921234761942295;-0,4790061069579775;0,0838876570583887;225;10,140350877192985;0,5069204152249135
russia;NVTK;coverage;30;25;AFKS,AFLT,ALRS,CHMF,GAZP,GMKN,HYDR,IRAO,LKOH,MAGN,MGNT,MOEX,MTSS,NLMK,PHOR,PLZL,RASP,ROSN,RTKM,SBER,SNGS,TATN,TRNFP,VTBR,YDEX;;;252;10;0,8;60;2,0;0,25;10,0;252,0;1,7723609828713245;0,0996158705139864;0,3288836520181343;0,3028909156861762;-0,5372630336410759;0,032520325203252;84;30,0;0,4992424242424242
russia;NVTK;coverage;30;25;AFKS,AFLT,ALRS,CHMF,GAZP,GMKN,HYDR,IRAO,LKOH,MAGN,MGNT,MOEX,MTSS,NLMK,PHOR,PLZL,RASP,ROSN,RTKM,SBER,SNGS,TATN,TRNFP,VTBR,YDEX;;;252;10;0,8;60;2,0;0,5;10,0;252,0;1,602635366280846;0,0931655622569753;0,3148077603126697;0,2959442999894365;-0,4640855964823087;0,0362158167036215;97;20,897959183673468;0,5087890625
russia;NVTK;coverage;30;25;AFKS,AFLT,ALRS,CHMF,GAZP,GMKN,HYDR,IRAO,LKOH,MAGN,MGNT,MOEX,MTSS,NLMK,PHOR,PLZL,RASP,ROSN,RTKM,SBER,SNGS,TATN,TRNFP,VTBR,YDEX;;;252;10;0,8;60;2,0;0,75;10,0;252,0;1,42140461124847;0,0858424240776962;0,3083111375561527;0,2784279048695144;-0,4729984785830504;0,0376940133037694;101;17,58823529411765;0,5139353400222966
russia;NVTK;coverage;30;25;AFKS,AFLT,ALRS,CHMF,GAZP,GMKN,HYDR,IRAO,LKOH,MAGN,MGNT,MOEX,MTSS,NLMK,PHOR,PLZL,RASP,ROSN,RTKM,SBER,SNGS,TATN,TRNFP,VTBR,YDEX;;;252;10;0,8;60;2,0;1,0;10,0;252,0;0,656786554832441;0,0481405000411616;0,2943097685442524;0,1635708535237533;-0,4790061069579778;0,0413895048041389;112;13,928571428571429;0,5153846153846153
russia;NVTK;coverage;30;25;AFKS,AFLT,ALRS,CHMF,GAZP,GMKN,HYDR,IRAO,LKOH,MAGN,MGNT,MOEX,MTSS,NLMK,PHOR,PLZL,RASP,ROSN,RTKM,SBER,SNGS,TATN,TRNFP,VTBR,YDEX;;;252;10;0,8;60;2,5;0,25;10,0;252,0;2,4123064385880824;0,1210909224915082;0,3149134920355975;0,3845212274290877;-0,5305991876107219;0,0221729490022172;58;32,333333333333336;0,5164948453608248
russia;NVTK;coverage;30;25;AFKS,AFLT,ALRS,CHMF,GAZP,GMKN,HYDR,IRAO,LKOH,MAGN,MGNT,MOEX,MTSS,NLMK,PHOR,PLZL,RASP,ROSN,RTKM,SBER,SNGS,TATN,TRNFP,VTBR,YDEX;;;252;10;0,8;60;2,5;0,5;10,0;252,0;1,9475126957731757;0,105907265302837;0,2997306349264415;0,3533414771861016;-0,4323781681935138;0,024390243902439;66;21,060606060606062;0,5352517985611511
russia;NVTK;coverage;30;25;AFKS,AFLT,ALRS,CHMF,GAZP,GMKN,HYDR,IRAO,LKOH,MAGN,MGNT,MOEX,MTSS,NLMK,PHOR,PLZL,RASP,ROSN,RTKM,SBER,SNGS,TATN,TRNFP,VTBR,YDEX;;;252;10;0,8;60;2,5;0,75;10,0;252,0;1,5309960267971214;0,0903277774434936;0,2932755681560875;0,3079962576201344;-0,4323781681935138;0,024390243902439;66;17,454545454545453;0,5399305555555556
russia;NVTK;coverage;30;25;AFKS,AFLT,ALRS,CHMF,GAZP,GMKN,HYDR,IRAO,LKOH,MAGN,MGNT,MOEX,MTSS,NLMK,PHOR,PLZL,RASP,ROSN,RTKM,SBER,SNGS,TATN,TRNFP,VTBR,YDEX;;;252;10;0,8;60;2,5;1,0;10,0;252,0;0,700394168579966;0,0506794828226302;0,278274370854412;0,1821205548575107;-0,4393495233442476;0,024390243902439;66;14,727272727272728;0,5390946502057613
russia;NVTK;coverage;30;25;AFKS,AFLT,ALRS,CHMF,GAZP,GMKN,HYDR,IRAO,LKOH,MAGN,MGNT,MOEX,MTSS,NLMK,PHOR,PLZL,RASP,ROSN,RTKM,SBER,SNGS,TATN,TRNFP,VTBR,YDEX;;;252;10;0,8;60;3,0;0,25;10,0;252,0;2,3661043670332895;0,1196685667740369;0,2944831024528445;0,40636819490585;-0,5139224720323936;0,0125646711012564;33;27,529411764705884;0,5790598290598291
russia;NVTK;coverage;30;25;AFKS,AFLT,ALRS,CHMF,GAZP,GMKN,HYDR,IRAO,LKOH,MAGN,MGNT,MOEX,MTSS,NLMK,PHOR,PLZL,RASP,ROSN,RTKM,SBER,SNGS,TATN,TRNFP,VTBR,YDEX;;;252;10;0,8;60;3,0;0,5;10,0;252,0;2,1812347979641196;0,1137941264662407;0,2755248106864521;0,4130086368001854;-0,2789936493032462;0,0133037694013303;36;18,88888888888889;0,5852941176470589
russia;NVTK;coverage;30;25;AFKS,AFLT,ALRS,CHMF,GAZP,GMKN,HYDR,IRAO,LKOH,MAGN,MGNT,MOEX,MTSS,NLMK,PHOR,PLZL,RASP,ROSN,RTKM,SBER,SNGS,TATN,TRNFP,VTBR,YDEX;;;252;10;0,8;60;3,0;0,75;10,0;252,0;1,932454552887428;0,1053798954001099;0,2702377527315408;0,3899525300774547;-0,278993649303246;0,0133037694013303;36;14,61111111111111;0,596958174904943
russia;NVTK;coverage;30;25;AFKS,AFLT,ALRS,CHMF,GAZP,GMKN,HYDR,IRAO,LKOH,MAGN,MGNT,MOEX,MTSS,NLMK,PHOR,PLZL,RASP,ROSN,RTKM,SBER,SNGS,TATN,TRNFP,VTBR,YDEX;;;252;10;0,8;60;3,0;1,0;10,0;252,0;1,2310969883789935;0,0775967270159661;0,2604448030115962;0,2979392413236639;-0,2324224066463306;0,0133037694013303;36;12,38888888888889;0,5874439461883408
russia;NVTK;coverage;30;25;AFKS,AFLT,ALRS,CHMF,GAZP,GMKN,HYDR,IRAO,LKOH,MAGN,MGNT,MOEX,MTSS,NLMK,PHOR,PLZL,RASP,ROSN,RTKM,SBER,SNGS,TATN,TRNFP,VTBR,YDEX;;;252;21;0,8;60;1,0;0,25;10,0;252,0;1,4351742002652172;0,0864159802073984;0,2839032328921179;0,3043853334359043;-0,4992020516567755;0,0635624538063562;154;23,75581395348837;0,4860499265785609
russia;NVTK;coverage;30;25;AFKS,AFLT,ALRS,CHMF,GAZP,GMKN,HYDR,IRAO,LKOH,MAGN,MGNT,MOEX,MTSS,NLMK,PHOR,PLZL,RASP,ROSN,RTKM,SBER,SNGS,TATN,TRNFP,VTBR,YDEX;;;252;21;0,8;60;1,0;0,5;10,0;252,0;0,9619812450554276;0,0647744310628692;0,2732774366194324;0,237028098126793;-0,5038897270070946;0,08130081300813;216;16,527272727272727;0,4878987898789879
russia;NVTK;coverage;30;25;AFKS,AFLT,ALRS,CHMF,GAZP,GMKN,HYDR,IRAO,LKOH,MAGN,MGNT,MOEX,MTSS,NLMK,PHOR,PLZL,RASP,ROSN,RTKM,SBER,SNGS,TATN,TRNFP,VTBR,YDEX;;;252;21;0,8;60;1,0;0,75;10,0;252,0;0,49175316345421;0,0379484168216082;0,2624938829358907;0,1445687663162665;-0,527677971308244;0,0997782705099778;266;12,096296296296297;0,4868340477648499
russia;NVTK;coverage;30;25;AFKS,AFLT,ALRS,CHMF,GAZP,GMKN,HYDR,IRAO,LKOH,MAGN,MGNT,MOEX,MTSS,NLMK,PHOR,PLZL,RASP,ROSN,RTKM,SBER,SNGS,TATN,TRNFP,VTBR,YDEX;;;252;21;0,8;60;1,5;0,25;10,0;252,0;3,9416370807713657;0,1604266235416289;0,2743099796465226;0,5848369926181891;-0,4340347185132811;0,0517368810051736;128;25,414285714285715;0,4969083754918493
russia;NVTK;coverage;30;25;AFKS,AFLT,ALRS,CHMF,GAZP,GMKN,HYDR,IRAO,LKOH,MAGN,MGNT,MOEX,MTSS,NLMK,PHOR,PLZL,RASP,ROSN,RTKM,SBER,SNGS,TATN,TRNFP,VTBR,YDEX;;;252;21;0,8;60;1,5;0,5;10,0;252,0;2,974325656786846;0,1371224643174096;0,26021596429185;0,5269563867481142;-0,4436165127195359;0,0598669623059867;159;18,567901234567906;0,4986702127659574
russia;NVTK;coverage;30;25;AFKS,AFLT,ALRS,CHMF,GAZP,GMKN,HYDR,IRAO,LKOH,MAGN,MGNT,MOEX,MTSS,NLMK,PHOR,PLZL,RASP,ROSN,RTKM,SBER,SNGS,TATN,TRNFP,VTBR,YDEX;;;252;21;0,8;60;1,5;0,75;10,0;252,0;2,167827919964082;0,1133561599058587;0,2485339711975703;0,4560992582207085;-0,4340347185132808;0,0665188470066518;177;14,72222222222222;0,499622641509434
russia;NVTK;coverage;30;25;AFKS,AFLT,ALRS,CHMF,GAZP,GMKN,HYDR,IRAO,LKOH,MAGN,MGNT,MOEX,MTSS,NLMK,PHOR,PLZL,RASP,ROSN,RTKM,SBER,SNGS,TATN,TRNFP,VTBR,YDEX;;;252;21;0,8;60;1,5;1,0;10,0;252,0;1,3415626626145634;0,0824572118038284;0,2340704792737499;0,3522751440492125;-0,4363213672967441;0,0761271249076127;204;11,223300970873789;0,4939446366782007
russia;NVTK;coverage;30;25;AFKS,AFLT,ALRS,CHMF,GAZP,GMKN,HYDR,IRAO,LKOH,MAGN,MGNT,MOEX,MTSS,NLMK,PHOR,PLZL,RASP,ROSN,RTKM,SBER,SNGS,TATN,TRNFP,VTBR,YDEX;;;252;21;0,8;60;2,0;0,25;10,0;252,0;1,350910961484439;0,0828589335859355;0,2602062681542808;0,3184355787186765;-0,4175818901698894;0,032520325203252;83;32,43181818181818;0,48843728100911
russia;NVTK;coverage;30;25;AFKS,AFLT,ALRS,CHMF,GAZP,GMKN,HYDR,IRAO,LKOH,MAGN,MGNT,MOEX,MTSS,NLMK,PHOR,PLZL,RASP,ROSN,RTKM,SBER,SNGS,TATN,TRNFP,VTBR,YDEX;;;252;21;0,8;60;2,0;0,5;10,0;252,0;1,4031915135509665;0,0850792180434805;0,24196575287805;0,3516167764715041;-0,4199440638784915;0,0362158167036215;96;23,020408163265305;0,4937943262411347
russia;NVTK;coverage;30;25;AFKS,AFLT,ALRS,CHMF,GAZP,GMKN,HYDR,IRAO,LKOH,MAGN,MGNT,MOEX,MTSS,NLMK,PHOR,PLZL,RASP,ROSN,RTKM,SBER,SNGS,TATN,TRNFP,VTBR,YDEX;;;252;21;0,8;60;2,0;0,75;10,0;252,0;1,1267935671629798;0,0728027454654991;0,2279717908964429;0,319349798408041;-0,4199440638784908;0,0391722099039172;104;17,962264150943398;0,4957983193277311
russia;NVTK;coverage;30;25;AFKS,AFLT,ALRS,CHMF,GAZP,GMKN,HYDR,IRAO,LKOH,MAGN,MGNT,MOEX,MTSS,NLMK,PHOR,PLZL,RASP,ROSN,RTKM,SBER,SNGS,TATN,TRNFP,VTBR,YDEX;;;252;21;0,8;60;2,0;1,0;10,0;252,0;0,7486358614476365;0,0534203799668508;0,2114570502901811;0,2526299307284503;-0,3433818077977695;0,0413895048041389;111;14,446428571428571;0,4919653893695921
russia;NVTK;coverage;30;25;AFKS,AFLT,ALRS,CHMF,GAZP,GMKN,HYDR,IRAO,LKOH,MAGN,MGNT,MOEX,MTSS,NLMK,PHOR,PLZL,RASP,ROSN,RTKM,SBER,SNGS,TATN,TRNFP,VTBR,YDEX;;;252;21;0,8;60;2,5;0,25;10,0;252,0;3,2846369593226417;0,1451117466724603;0,2438223313189146;0,5951536345645762;-0,4330853054707456;0,0251293422025129;66;33,64705882352941;0,5034965034965035
russia;NVTK;coverage;30;25;AFKS,AFLT,ALRS,CHMF,GAZP,GMKN,HYDR,IRAO,LKOH,MAGN,MGNT,MOEX,MTSS,NLMK,PHOR,PLZL,RASP,ROSN,RTKM,SBER,SNGS,TATN,TRNFP,VTBR,YDEX;;;252;21;0,8;60;2,5;0,5;10,0;252,0;2,6638559630596625;0,1285415264711626;0,2160607287651867;0,5949323933404885;-0,3948574482458092;0,0258684405025868;69;23,085714285714285;0,5037128712871287
russia;NVTK;coverage;30;25;AFKS,AFLT,ALRS,CHMF,GAZP,GMKN,HYDR,IRAO,LKOH,MAGN,MGNT,MOEX,MTSS,NLMK,PHOR,PLZL,RASP,ROSN,RTKM,SBER,SNGS,TATN,TRNFP,VTBR,YDEX;;;252;21;0,8;60;2,5;0,75;10,0;252,0;1,849627991754452;0,1024344559872403;0,2026217484564398;0,5055452179619403;-0,4007735255725948;0,0266075388026607;71;18,63888888888889;0,511177347242921
russia;NVTK;coverage;30;25;AFKS,AFLT,ALRS,CHMF,GAZP,GMKN,HYDR,IRAO,LKOH,MAGN,MGNT,MOEX,MTSS,NLMK,PHOR,PLZL,RASP,ROSN,RTKM,SBER,SNGS,TATN,TRNFP,VTBR,YDEX;;;252;21;0,8;60;2,5;1,0;10,0;252,0;1,236858123833139;0,0778555546753119;0,1824971399925302;0,4266124646035472;-0,1903003232278428;0,0273466371027346;74;14,972972972972974;0,5
russia;NVTK;coverage;30;25;AFKS,AFLT,ALRS,CHMF,GAZP,GMKN,HYDR,IRAO,LKOH,MAGN,MGNT,MOEX,MTSS,NLMK,PHOR,PLZL,RASP,ROSN,RTKM,SBER,SNGS,TATN,TRNFP,VTBR,YDEX;;;252;21;0,8;60;3,0;0,25;10,0;252,0;1,9083277800854233;0,1045297799027495;0,199855965902934;0,5230255670902391;-0,3948574482458094;0,0110864745011086;29;36,666666666666664;0,5254545454545455
russia;NVTK;coverage;30;25;AFKS,AFLT,ALRS,CHMF,GAZP,GMKN,HYDR,IRAO,LKOH,MAGN,MGNT,MOEX,MTSS,NLMK,PHOR,PLZL,RASP,ROSN,RTKM,SBER,SNGS,TATN,TRNFP,VTBR,YDEX;;;252;21;0,8;60;3,0;0,5;10,0;252,0;1,2625357030448638;0,0790018563503107;0,1807515820311314;0,4370742178992602;-0,3948574482458092;0,0110864745011086;30;24,533333333333335;0,5190217391304348
russia;NVTK;coverage;30;25;AFKS,AFLT,ALRS,CHMF,GAZP,GMKN,HYDR,IRAO,LKOH,MAGN,MGNT,MOEX,MTSS,NLMK,PHOR,PLZL,RASP,ROSN,RTKM,SBER,SNGS,TATN,TRNFP,VTBR,YDEX;;;252;21;0,8;60;3,0;0,75;10,0;252,0;1,349186253742629;0,0827849273223007;0,173592797521067;0,4768914868847251;-0,3948574482458091;0,0110864745011086;30;20,333333333333332;0,5344262295081967
russia;NVTK;coverage;30;25;AFKS,AFLT,ALRS,CHMF,GAZP,GMKN,HYDR,IRAO,LKOH,MAGN,MGNT,MOEX,MTSS,NLMK,PHOR,PLZL,RASP,ROSN,RTKM,SBER,SNGS,TATN,TRNFP,VTBR,YDEX;;;252;21;0,8;60;3,0;1,0;10,0;252,0;1,2526776974281604;0,0785631760745853;0,1425646186280176;0,5510706431276183;-0,1954017968662713;0,0118255728011825;32;13,4375;0,5302325581395348
russia;NVTK;coverage;30;25;AFKS,AFLT,ALRS,CHMF,GAZP,GMKN,HYDR,IRAO,LKOH,MAGN,MGNT,MOEX,MTSS,NLMK,PHOR,PLZL,RASP,ROSN,RTKM,SBER,SNGS,TATN,TRNFP,VTBR,YDEX;;;252;63;0,8;60;1,0;0,25;10,0;252,0;-0,0102653804569421;-0,0009604568248845;0,3219969178275458;-0,0029828137218348;-0,6062996462506187;0,0521064301552106;132;29,056338028169016;0,4876393601551139
russia;NVTK;coverage;30;25;AFKS,AFLT,ALRS,CHMF,GAZP,GMKN,HYDR,IRAO,LKOH,MAGN,MGNT,MOEX,MTSS,NLMK,PHOR,PLZL,RASP,ROSN,RTKM,SBER,SNGS,TATN,TRNFP,VTBR,YDEX;;;252;63;0,8;60;1,0;0,5;10,0;252,0;0,2701100787063766;0,0225166082341039;0,3137430741055423;0,071767666260991;-0,5523623830280306;0,065040650406504;167;21,147727272727273;0,4900591080064481
russia;NVTK;coverage;30;25;AFKS,AFLT,ALRS,CHMF,GAZP,GMKN,HYDR,IRAO,LKOH,MAGN,MGNT,MOEX,MTSS,NLMK,PHOR,PLZL,RASP,ROSN,RTKM,SBER,SNGS,TATN,TRNFP,VTBR,YDEX;;;252;63;0,8;60;1,0;0,75;10,0;252,0;0,0185289843594271;0,001711208335922;0,2672447031835331;0,0064031515518827;-0,6195980904437762;0,0835181079083518;221;14,946902654867255;0,4908229721728833
russia;NVTK;coverage;30;25;AFKS,AFLT,ALRS,CHMF,GAZP,GMKN,HYDR,IRAO,LKOH,MAGN,MGNT,MOEX,MTSS,NLMK,PHOR,PLZL,RASP,ROSN,RTKM,SBER,SNGS,TATN,TRNFP,VTBR,YDEX;;;252;63;0,8;60;1,5;0,25;10,0;252,0;0,2683086539878363;0,0223814640564501;0,3117643024180979;0,0717896945957431;-0,5281726483884958;0,0432372505543237;110;31,915254237288135;0,4912373871481678
russia;NVTK;coverage;30;25;AFKS,AFLT,ALRS,CHMF,GAZP,GMKN,HYDR,IRAO,LKOH,MAGN,MGNT,MOEX,MTSS,NLMK,PHOR,PLZL,RASP,ROSN,RTKM,SBER,SNGS,TATN,TRNFP,VTBR,YDEX;;;252;63;0,8;60;1,5;0,5;10,0;252,0;0,6556095988280053;0,0480711373632867;0,3038243955974251;0,1582201365652749;-0,4672639825437464;0,0502586844050258;129;24,808823529411764;0,4914048606994665
russia;NVTK;coverage;30;25;AFKS,AFLT,ALRS,CHMF,GAZP,GMKN,HYDR,IRAO,LKOH,MAGN,MGNT,MOEX,MTSS,NLMK,PHOR,PLZL,RASP,ROSN,RTKM,SBER,SNGS,TATN,TRNFP,VTBR,YDEX;;;252;63;0,8;60;1,5;0,75;10,0;252,0;0,725320610616007;0,0521043817961328;0,2511552716727074;0,2074588418913722;-0,5134017416389495;0,0598669623059867;158;18,234567901234566;0,4969532836831415
russia;NVTK;coverage;30;25;AFKS,AFLT,ALRS,CHMF,GAZP,GMKN,HYDR,IRAO,LKOH,MAGN,MGNT,MOEX,MTSS,NLMK,PHOR,PLZL,RASP,ROSN,RTKM,SBER,SNGS,TATN,TRNFP,VTBR,YDEX;;;252;63;0,8;60;1,5;1,0;10,0;252,0;0,0959933734691282;0,0085726070487817;0,2392257624109595;0,0358347987373327;-0,5476736850881951;0,0635624538063562;169;15,232558139534884;0,4984732824427481
russia;NVTK;coverage;30;25;AFKS,AFLT,ALRS,CHMF,GAZP,GMKN,HYDR,IRAO,LKOH,MAGN,MGNT,MOEX,MTSS,NLMK,PHOR,PLZL,RASP,ROSN,RTKM,SBER,SNGS,TATN,TRNFP,VTBR,YDEX;;;252;63;0,8;60;2,0;0,25;10,0;252,0;0,6660226229090154;0,0486832721378367;0,2953015304579036;0,1648595320936771;-0,5161617142212862;0,0343680709534368;89;34,97872340425532;0,4939172749391727
russia;NVTK;coverage;30;25;AFKS,AFLT,ALRS,CHMF,GAZP,GMKN,HYDR,IRAO,LKOH,MAGN,MGNT,MOEX,MTSS,NLMK,PHOR,PLZL,RASP,ROSN,RTKM,SBER,SNGS,TATN,TRNFP,VTBR,YDEX;;;252;63;0,8;60;2,0;0,5;10,0;252,0;0,6980581454829704;0,0505449769594006;0,2837049266569602;0,1781603779497165;-0,4206334100138384;0,0369549150036954;97;28,52;0,4922861150070126
russia;NVTK;coverage;30;25;AFKS,AFLT,ALRS,CHMF,GAZP,GMKN,HYDR,IRAO,LKOH,MAGN,MGNT,MOEX,MTSS,NLMK,PHOR,PLZL,RASP,ROSN,RTKM,SBER,SNGS,TATN,TRNFP,VTBR,YDEX;;;252;63;0,8;60;2,0;0,75;10,0;252,0;0,3491055334219179;0,0282783851644496;0,2193008065344554;0,1289479305221193;-0,4933151742340023;0,040650406504065;109;22,272727272727273;0,4971428571428571
russia;NVTK;coverage;30;25;AFKS,AFLT,ALRS,CHMF,GAZP,GMKN,HYDR,IRAO,LKOH,MAGN,MGNT,MOEX,MTSS,NLMK,PHOR,PLZL,RASP,ROSN,RTKM,SBER,SNGS,TATN,TRNFP,VTBR,YDEX;;;252;63;0,8;60;2,0;1,0;10,0;252,0;-0,1489563671235239;-0,014908284315559;0,2064381950630489;-0,0722166957088819;-0,540890732009898;0,040650406504065;109;19,509090909090908;0,4986020503261882
russia;NVTK;coverage;30;25;AFKS,AFLT,ALRS,CHMF,GAZP,GMKN,HYDR,IRAO,LKOH,MAGN,MGNT,MOEX,MTSS,NLMK,PHOR,PLZL,RASP,ROSN,RTKM,SBER,SNGS,TATN,TRNFP,VTBR,YDEX;;;252;63;0,8;60;2,5;0,25;10,0;252,0;0,2773065436192845;0,0230547637113849;0,279531595295088;0,0824764144713127;-0,5161617142212858;0,0225424981522542;58;42,064516129032256;0,4907975460122699
russia;NVTK;coverage;30;25;AFKS,AFLT,ALRS,CHMF,GAZP,GMKN,HYDR,IRAO,LKOH,MAGN,MGNT,MOEX,MTSS,NLMK,PHOR,PLZL,RASP,ROSN,RTKM,SBER,SNGS,TATN,TRNFP,VTBR,YDEX;;;252;63;0,8;60;2,5;0,5;10,0;252,0;0,6949440767835176;0,0503654108210613;0,2628923470369241;0,1915818828076702;-0,4147432556983869;0,024390243902439;63;32,84848484848485;0,4935424354243542
russia;NVTK;coverage;30;25;AFKS,AFLT,ALRS,CHMF,GAZP,GMKN,HYDR,IRAO,LKOH,MAGN,MGNT,MOEX,MTSS,NLMK,PHOR,PLZL,RASP,ROSN,RTKM,SBER,SNGS,TATN,TRNFP,VTBR,YDEX;;;252;63;0,8;60;2,5;0,75;10,0;252,0;0,4821901248513309;0,037326956806347;0,1924233502469851;0,1939835095815345;-0,3683597529850296;0,0266075388026607;71;25,61111111111111;0,5054229934924078
russia;NVTK;coverage;30;25;AFKS,AFLT,ALRS,CHMF,GAZP,GMKN,HYDR,IRAO,LKOH,MAGN,MGNT,MOEX,MTSS,NLMK,PHOR,PLZL,RASP,ROSN,RTKM,SBER,SNGS,TATN,TRNFP,VTBR,YDEX;;;252;63;0,8;60;2,5;1,0;10,0;252,0;0,1343744564247322;0,0118107033146623;0,180934114178474;0,0652762657185381;-0,4058410736285734;0,0266075388026607;71;22,47222222222222;0,5080346106304079
russia;NVTK;coverage;30;25;AFKS,AFLT,ALRS,CHMF,GAZP,GMKN,HYDR,IRAO,LKOH,MAGN,MGNT,MOEX,MTSS,NLMK,PHOR,PLZL,RASP,ROSN,RTKM,SBER,SNGS,TATN,TRNFP,VTBR,YDEX;;;252;63;0,8;60;3,0;0,25;10,0;252,0;1,4341728009957864;0,0863743673897241;0,2657548367649487;0,3250152224552714;-0,4305846230841759;0,015890613451589;41;45,77272727272727;0,490566037735849
russia;NVTK;coverage;30;25;AFKS,AFLT,ALRS,CHMF,GAZP,GMKN,HYDR,IRAO,LKOH,MAGN,MGNT,MOEX,MTSS,NLMK,PHOR,PLZL,RASP,ROSN,RTKM,SBER,SNGS,TATN,TRNFP,VTBR,YDEX;;;252;63;0,8;60;3,0;0,5;10,0;252,0;1,8541515925296532;0,1025973140353524;0,2503539667527706;0,4098090210676361;-0,2101732702759404;0,0169992609016999;44;36,608695652173914;0,497624703087886
russia;NVTK;coverage;30;25;AFKS,AFLT,ALRS,CHMF,GAZP,GMKN,HYDR,IRAO,LKOH,MAGN,MGNT,MOEX,MTSS,NLMK,PHOR,PLZL,RASP,ROSN,RTKM,SBER,SNGS,TATN,TRNFP,VTBR,YDEX;;;252;63;0,8;60;3,0;0,75;10,0;252,0;0,8220993033845858;0,0574653178179307;0,1738966526468404;0,330456722100538;-0,2052538926273777;0,0169992609016999;45;28,82608695652174;0,5037707390648567
russia;NVTK;coverage;30;25;AFKS,AFLT,ALRS,CHMF,GAZP,GMKN,HYDR,IRAO,LKOH,MAGN,MGNT,MOEX,MTSS,NLMK,PHOR,PLZL,RASP,ROSN,RTKM,SBER,SNGS,TATN,TRNFP,VTBR,YDEX;;;252;63;0,8;60;3,0;1,0;10,0;252,0;0,523422362029327;0,0399809790089522;0,1622750163688613;0,2463779077247047;-0,2288120647110697;0,0169992609016999;45;24,47826086956522;0,5133214920071048
russia;YDEX;coverage;30;25;AFKS,AFLT,ALRS,CHMF,GAZP,GMKN,HYDR,IRAO,LKOH,MAGN,MGNT,MOEX,MTSS,NLMK,NVTK,PHOR,PLZL,RASP,ROSN,RTKM,SBER,SNGS,TATN,TRNFP,VTBR;;;252;5;0,8;60;1,0;0,25;10,0;252,0;3,258563167322942;0,1444609997110706;0,3601352348140438;0,4011298694104819;-0,4826363168440344;0,0635624538063562;163;21,88372093023256;0,5175345377258236
russia;YDEX;coverage;30;25;AFKS,AFLT,ALRS,CHMF,GAZP,GMKN,HYDR,IRAO,LKOH,MAGN,MGNT,MOEX,MTSS,NLMK,NVTK,PHOR,PLZL,RASP,ROSN,RTKM,SBER,SNGS,TATN,TRNFP,VTBR;;;252;5;0,8;60;1,0;0,5;10,0;252,0;2,9442809652756674;0,1363191646207207;0,350527218045103;0,3888975166635426;-0,4914509336601879;0,0768662232076866;204;16,01923076923077;0,524609843937575
russia;YDEX;coverage;30;25;AFKS,AFLT,ALRS,CHMF,GAZP,GMKN,HYDR,IRAO,LKOH,MAGN,MGNT,MOEX,MTSS,NLMK,NVTK,PHOR,PLZL,RASP,ROSN,RTKM,SBER,SNGS,TATN,TRNFP,VTBR;;;252;5;0,8;60;1,0;0,75;10,0;252,0;1,558034804372169;0,0914072976719615;0,3420333504508031;0,2672467393939388;-0,5294362945960684;0,0909090909090909;242;12,252032520325203;0,5195753151957532
russia;YDEX;coverage;30;25;AFKS,AFLT,ALRS,CHMF,GAZP,GMKN,HYDR,IRAO,LKOH,MAGN,MGNT,MOEX,MTSS,NLMK,NVTK,PHOR,PLZL,RASP,ROSN,RTKM,SBER,SNGS,TATN,TRNFP,VTBR;;;252;5;0,8;60;1,5;0,25;10,0;252,0;3,116607794248573;0,1408534020810368;0,3356549066879944;0,4196375481916195;-0,4826363168440344;0,0443458980044345;117;26,166666666666668;0,5191082802547771
russia;YDEX;coverage;30;25;AFKS,AFLT,ALRS,CHMF,GAZP,GMKN,HYDR,IRAO,LKOH,MAGN,MGNT,MOEX,MTSS,NLMK,NVTK,PHOR,PLZL,RASP,ROSN,RTKM,SBER,SNGS,TATN,TRNFP,VTBR;;;252;5;0,8;60;1,5;0,5;10,0;252,0;2,610904631555957;0,1270125817589547;0,3252122152421812;0,3905529245399657;-0,4914509336601879;0,0480413895048041;128;20,646153846153847;0,5253353204172876
russia;YDEX;coverage;30;25;AFKS,AFLT,ALRS,CHMF,GAZP,GMKN,HYDR,IRAO,LKOH,MAGN,MGNT,MOEX,MTSS,NLMK,NVTK,PHOR,PLZL,RASP,ROSN,RTKM,SBER,SNGS,TATN,TRNFP,VTBR;;;252;5;0,8;60;1,5;0,75;10,0;252,0;2,126495648095802;0,111995286404434;0,314552228136903;0,3560467114405248;-0,4936711418031972;0,0517368810051736;138;16,928571428571427;0,5172995780590718
russia;YDEX;coverage;30;25;AFKS,AFLT,ALRS,CHMF,GAZP,GMKN,HYDR,IRAO,LKOH,MAGN,MGNT,MOEX,MTSS,NLMK,NVTK,PHOR,PLZL,RASP,ROSN,RTKM,SBER,SNGS,TATN,TRNFP,VTBR;;;252;5;0,8;60;1,5;1,0;10,0;252,0;1,675274982850953;0,0959715413450819;0,2972378722823109;0,3228779045152427;-0,4712874243763854;0,0613451589061345;165;12,180722891566266;0,5252225519287834
russia;YDEX;coverage;30;25;AFKS,AFLT,ALRS,CHMF,GAZP,GMKN,HYDR,IRAO,LKOH,MAGN,MGNT,MOEX,MTSS,NLMK,NVTK,PHOR,PLZL,RASP,ROSN,RTKM,SBER,SNGS,TATN,TRNFP,VTBR;;;252;5;0,8;60;2,0;0,25;10,0;252,0;2,525954853989121;0,1245166898132312;0,3119883235037943;0,3991068909722094;-0,4739966894918009;0,0332594235033259;89;27,244444444444444;0,5195758564437194
russia;YDEX;coverage;30;25;AFKS,AFLT,ALRS,CHMF,GAZP,GMKN,HYDR,IRAO,LKOH,MAGN,MGNT,MOEX,MTSS,NLMK,NVTK,PHOR,PLZL,RASP,ROSN,RTKM,SBER,SNGS,TATN,TRNFP,VTBR;;;252;5;0,8;60;2,0;0,5;10,0;252,0;2,3822843501738906;0,1201686796198091;0,3022133816616825;0,3976285859980014;-0,4664121015434596;0,0347376201034737;93;21,595744680851062;0,5300492610837438
russia;YDEX;coverage;30;25;AFKS,AFLT,ALRS,CHMF,GAZP,GMKN,HYDR,IRAO,LKOH,MAGN,MGNT,MOEX,MTSS,NLMK,NVTK,PHOR,PLZL,RASP,ROSN,RTKM,SBER,SNGS,TATN,TRNFP,VTBR;;;252;5;0,8;60;2,0;0,75;10,0;252,0;2,111017473786985;0,1114814622864035;0,2906788857306598;0,3835210184123974;-0,4360289669039109;0,0369549150036954;99;17,64;0,5260770975056689
russia;YDEX;coverage;30;25;AFKS,AFLT,ALRS,CHMF,GAZP,GMKN,HYDR,IRAO,LKOH,MAGN,MGNT,MOEX,MTSS,NLMK,NVTK,PHOR,PLZL,RASP,ROSN,RTKM,SBER,SNGS,TATN,TRNFP,VTBR;;;252;5;0,8;60;2,0;1,0;10,0;252,0;1,0183403005893137;0,0675863821694948;0,2754226934426818;0,2453914792738756;-0,4607061236104828;0,0376940133037694;101;14,607843137254902;0,5302013422818792
russia;YDEX;coverage;30;25;AFKS,AFLT,ALRS,CHMF,GAZP,GMKN,HYDR,IRAO,LKOH,MAGN,MGNT,MOEX,MTSS,NLMK,NVTK,PHOR,PLZL,RASP,ROSN,RTKM,SBER,SNGS,TATN,TRNFP,VTBR;;;252;5;0,8;60;2,5;0,25;10,0;252,0;5,287679788230374;0,1867535146302386;0,2891486925921839;0,6458736263201309;-0,4364529505906588;0,0280857354028085;75;24,710526315789473;0,531416400425985
russia;YDEX;coverage;30;25;AFKS,AFLT,ALRS,CHMF,GAZP,GMKN,HYDR,IRAO,LKOH,MAGN,MGNT,MOEX,MTSS,NLMK,NVTK,PHOR,PLZL,RASP,ROSN,RTKM,SBER,SNGS,TATN,TRNFP,VTBR;;;252;5;0,8;60;2,5;0,5;10,0;252,0;5,290894501717324;0,1868100063075635;0,2782514816678058;0,6713711107227422;-0,4393543576269593;0,0288248337028824;77;18,71794871794872;0,552054794520548
russia;YDEX;coverage;30;25;AFKS,AFLT,ALRS,CHMF,GAZP,GMKN,HYDR,IRAO,LKOH,MAGN,MGNT,MOEX,MTSS,NLMK,NVTK,PHOR,PLZL,RASP,ROSN,RTKM,SBER,SNGS,TATN,TRNFP,VTBR;;;252;5;0,8;60;2,5;0,75;10,0;252,0;4,137852654535985;0,1646422088616128;0,2698155200453631;0,6102028854156802;-0,407430522610143;0,0295639320029563;79;15,725;0,5500794912559619
russia;YDEX;coverage;30;25;AFKS,AFLT,ALRS,CHMF,GAZP,GMKN,HYDR,IRAO,LKOH,MAGN,MGNT,MOEX,MTSS,NLMK,NVTK,PHOR,PLZL,RASP,ROSN,RTKM,SBER,SNGS,TATN,TRNFP,VTBR;;;252;5;0,8;60;2,5;1,0;10,0;252,0;2,854665285096131;0,1338897278702731;0,257030747913014;0,5209093812993335;-0,415865727351597;0,0303030303030303;81;12,878048780487806;0,5625
russia;YDEX;coverage;30;25;AFKS,AFLT,ALRS,CHMF,GAZP,GMKN,HYDR,IRAO,LKOH,MAGN,MGNT,MOEX,MTSS,NLMK,NVTK,PHOR,PLZL,RASP,ROSN,RTKM,SBER,SNGS,TATN,TRNFP,VTBR;;;252;5;0,8;60;3,0;0,25;10,0;252,0;3,3761047522352907;0,1473665418660545;0,2597386814612099;0,5673646337042128;-0,3094869768335071;0,0169992609016999;46;27,91304347826087;0,5295950155763239
russia;YDEX;coverage;30;25;AFKS,AFLT,ALRS,CHMF,GAZP,GMKN,HYDR,IRAO,LKOH,MAGN,MGNT,MOEX,MTSS,NLMK,NVTK,PHOR,PLZL,RASP,ROSN,RTKM,SBER,SNGS,TATN,TRNFP,VTBR;;;252;5;0,8;60;3,0;0,5;10,0;252,0;3,184326140654192;0,1425882108074763;0,249631282116458;0,5711952828930952;-0,3094869768335071;0,0169992609016999;46;21,52173913043478;0,5494949494949495
russia;YDEX;coverage;30;25;AFKS,AFLT,ALRS,CHMF,GAZP,GMKN,HYDR,IRAO,LKOH,MAGN,MGNT,MOEX,MTSS,NLMK,NVTK,PHOR,PLZL,RASP,ROSN,RTKM,SBER,SNGS,TATN,TRNFP,VTBR;;;252;5;0,8;60;3,0;0,75;10,0;252,0;2,820068939437283;0,132938113294444;0,2405616136305777;0,5526156533793151;-0,3094869768335071;0,0177383592017738;48;17,333333333333332;0,5480769230769231
russia;YDEX;coverage;30;25;AFKS,AFLT,ALRS,CHMF,GAZP,GMKN,HYDR,IRAO,LKOH,MAGN,MGNT,MOEX,MTSS,NLMK,NVTK,PHOR,PLZL,RASP,ROSN,RTKM,SBER,SNGS,TATN,TRNFP,VTBR;;;252;5;0,8;60;3,0;1,0;10,0;252,0;2,2137207731923256;0,1148484532830025;0,2263342498650673;0,5074285193313484;-0,3094869768335071;0,0177383592017738;48;14,083333333333334;0,5562130177514792
russia;YDEX;coverage;30;25;AFKS,AFLT,ALRS,CHMF,GAZP,GMKN,HYDR,IRAO,LKOH,MAGN,MGNT,MOEX,MTSS,NLMK,NVTK,PHOR,PLZL,RASP,ROSN,RTKM,SBER,SNGS,TATN,TRNFP,VTBR;;;252;10;0,8;60;1,0;0,25;10,0;252,0;1,698341650666488;0,0968481313075946;0,3751425390434006;0,2581635544573369;-0,4501688349946739;0,0576496674057649;149;23,73076923076923;0,5056726094003241
russia;YDEX;coverage;30;25;AFKS,AFLT,ALRS,CHMF,GAZP,GMKN,HYDR,IRAO,LKOH,MAGN,MGNT,MOEX,MTSS,NLMK,NVTK,PHOR,PLZL,RASP,ROSN,RTKM,SBER,SNGS,TATN,TRNFP,VTBR;;;252;10;0,8;60;1,0;0,5;10,0;252,0;2,108207324974307;0,1113879260725319;0,3660362070924122;0,3043084916580672;-0,4706506701773767;0,0679970436067997;181;18,054347826086957;0,5117399157134257
russia;YDEX;coverage;30;25;AFKS,AFLT,ALRS,CHMF,GAZP,GMKN,HYDR,IRAO,LKOH,MAGN,MGNT,MOEX,MTSS,NLMK,NVTK,PHOR,PLZL,RASP,ROSN,RTKM,SBER,SNGS,TATN,TRNFP,VTBR;;;252;10;0,8;60;1,0;0,75;10,0;252,0;1,1398925033723173;0,0734163569710693;0,3559548974163816;0,2062518524227237;-0,5639445570273014;0,0857354028085735;229;12,85344827586207;0,5110663983903421
russia;YDEX;coverage;30;25;AFKS,AFLT,ALRS,CHMF,GAZP,GMKN,HYDR,IRAO,LKOH,MAGN,MGNT,MOEX,MTSS,NLMK,NVTK,PHOR,PLZL,RASP,ROSN,RTKM,SBER,SNGS,TATN,TRNFP,VTBR;;;252;10;0,8;60;1,5;0,25;10,0;252,0;1,7758035022637064;0,0997429560022005;0,3555819174730427;0,2805062662101263;-0,4621231423156718;0,0421286031042128;111;28,24561403508772;0,4950310559006211
russia;YDEX;coverage;30;25;AFKS,AFLT,ALRS,CHMF,GAZP,GMKN,HYDR,IRAO,LKOH,MAGN,MGNT,MOEX,MTSS,NLMK,NVTK,PHOR,PLZL,RASP,ROSN,RTKM,SBER,SNGS,TATN,TRNFP,VTBR;;;252;10;0,8;60;1,5;0,5;10,0;252,0;2,331193325213495;0,1185820196648066;0,3440467351453543;0,3446683474985094;-0,3958470495005183;0,0465631929046563;124;22,047619047619047;0,503959683225342
russia;YDEX;coverage;30;25;AFKS,AFLT,ALRS,CHMF,GAZP,GMKN,HYDR,IRAO,LKOH,MAGN,MGNT,MOEX,MTSS,NLMK,NVTK,PHOR,PLZL,RASP,ROSN,RTKM,SBER,SNGS,TATN,TRNFP,VTBR;;;252;10;0,8;60;1,5;0,75;10,0;252,0;1,2287598121708552;0,0774915530150239;0,3329119247982082;0,2327689314883954;-0,5159226527924772;0,0509977827050997;136;17,565217391304348;0,5
russia;YDEX;coverage;30;25;AFKS,AFLT,ALRS,CHMF,GAZP,GMKN,HYDR,IRAO,LKOH,MAGN,MGNT,MOEX,MTSS,NLMK,NVTK,PHOR,PLZL,RASP,ROSN,RTKM,SBER,SNGS,TATN,TRNFP,VTBR;;;252;10;0,8;60;1,5;1,0;10,0;252,0;1,3166431444234077;0,0813792031444065;0,3197222148864949;0,2545309626773887;-0,5138141263089857;0,0606060606060606;162;12,646341463414634;0,506268081002893
russia;YDEX;coverage;30;25;AFKS,AFLT,ALRS,CHMF,GAZP,GMKN,HYDR,IRAO,LKOH,MAGN,MGNT,MOEX,MTSS,NLMK,NVTK,PHOR,PLZL,RASP,ROSN,RTKM,SBER,SNGS,TATN,TRNFP,VTBR;;;252;10;0,8;60;2,0;0,25;10,0;252,0;2,3206056576234504;0,1182504553728076;0,3228765266646228;0,3662404839223148;-0,3311963997015075;0,032520325203252;87;28,40909090909091;0,4952
russia;YDEX;coverage;30;25;AFKS,AFLT,ALRS,CHMF,GAZP,GMKN,HYDR,IRAO,LKOH,MAGN,MGNT,MOEX,MTSS,NLMK,NVTK,PHOR,PLZL,RASP,ROSN,RTKM,SBER,SNGS,TATN,TRNFP,VTBR;;;252;10;0,8;60;2,0;0,5;10,0;252,0;2,398192523444836;0,120658280210395;0,3105768795013087;0,3884973034829098;-0,3311963997015074;0,0332594235033259;89;23,044444444444444;0,5033751205400193
russia;YDEX;coverage;30;25;AFKS,AFLT,ALRS,CHMF,GAZP,GMKN,HYDR,IRAO,LKOH,MAGN,MGNT,MOEX,MTSS,NLMK,NVTK,PHOR,PLZL,RASP,ROSN,RTKM,SBER,SNGS,TATN,TRNFP,VTBR;;;252;10;0,8;60;2,0;0,75;10,0;252,0;1,6121717973044616;0,0935379631828166;0,300736564618471;0,3110295660306001;-0,3311963997015072;0,0354767184035476;95;19,041666666666668;0,5
russia;YDEX;coverage;30;25;AFKS,AFLT,ALRS,CHMF,GAZP,GMKN,HYDR,IRAO,LKOH,MAGN,MGNT,MOEX,MTSS,NLMK,NVTK,PHOR,PLZL,RASP,ROSN,RTKM,SBER,SNGS,TATN,TRNFP,VTBR;;;252;10;0,8;60;2,0;1,0;10,0;252,0;1,3013956543360283;0,0807144053219548;0,280521096875852;0,287730249955767;-0,3690740518503573;0,0391722099039172;105;14,056603773584904;0,5114093959731544
russia;YDEX;coverage;30;25;AFKS,AFLT,ALRS,CHMF,GAZP,GMKN,HYDR,IRAO,LKOH,MAGN,MGNT,MOEX,MTSS,NLMK,NVTK,PHOR,PLZL,RASP,ROSN,RTKM,SBER,SNGS,TATN,TRNFP,VTBR;;;252;10;0,8;60;2,5;0,25;10,0;252,0;3,6079600871887942;0,1528960945118711;0,2921849818476791;0,5232852610870273;-0,2881953055133153;0,0236511456023651;63;26,90625;0,5087108013937283
russia;YDEX;coverage;30;25;AFKS,AFLT,ALRS,CHMF,GAZP,GMKN,HYDR,IRAO,LKOH,MAGN,MGNT,MOEX,MTSS,NLMK,NVTK,PHOR,PLZL,RASP,ROSN,RTKM,SBER,SNGS,TATN,TRNFP,VTBR;;;252;10;0,8;60;2,5;0,5;10,0;252,0;3,838145392796653;0,1581416299818958;0,2803451998486926;0,5640960860654926;-0,2881953055133154;0,024390243902439;65;20,96969696969697;0,5274566473988439
russia;YDEX;coverage;30;25;AFKS,AFLT,ALRS,CHMF,GAZP,GMKN,HYDR,IRAO,LKOH,MAGN,MGNT,MOEX,MTSS,NLMK,NVTK,PHOR,PLZL,RASP,ROSN,RTKM,SBER,SNGS,TATN,TRNFP,VTBR;;;252;10;0,8;60;2,5;0,75;10,0;252,0;2,550640045519062;0,1252475320982797;0,2728753007674789;0,458991824272894;-0,288195305513315;0,0251293422025129;67;17,88235294117647;0,5230263157894737
russia;YDEX;coverage;30;25;AFKS,AFLT,ALRS,CHMF,GAZP,GMKN,HYDR,IRAO,LKOH,MAGN,MGNT,MOEX,MTSS,NLMK,NVTK,PHOR,PLZL,RASP,ROSN,RTKM,SBER,SNGS,TATN,TRNFP,VTBR;;;252;10;0,8;60;2,5;1,0;10,0;252,0;1,5210265087646953;0,0899271050141994;0,2589467777994911;0,3472802626794306;-0,3110180278084145;0,0258684405025868;69;15,028571428571428;0,5247148288973384
russia;YDEX;coverage;30;25;AFKS,AFLT,ALRS,CHMF,GAZP,GMKN,HYDR,IRAO,LKOH,MAGN,MGNT,MOEX,MTSS,NLMK,NVTK,PHOR,PLZL,RASP,ROSN,RTKM,SBER,SNGS,TATN,TRNFP,VTBR;;;252;10;0,8;60;3,0;0,25;10,0;252,0;1,5798386121588104;0,0922703016481529;0,2720440121172003;0,3391741686576863;-0,2750926560585132;0,0140428677014042;38;30,473684210526315;0,5181347150259067
russia;YDEX;coverage;30;25;AFKS,AFLT,ALRS,CHMF,GAZP,GMKN,HYDR,IRAO,LKOH,MAGN,MGNT,MOEX,MTSS,NLMK,NVTK,PHOR,PLZL,RASP,ROSN,RTKM,SBER,SNGS,TATN,TRNFP,VTBR;;;252;10;0,8;60;3,0;0,5;10,0;252,0;1,4351227207862904;0,086413841372976;0,2621636215673736;0,3296179723805366;-0,2750926560585132;0,0140428677014042;38;24,57894736842105;0,5267665952890792
russia;YDEX;coverage;30;25;AFKS,AFLT,ALRS,CHMF,GAZP,GMKN,HYDR,IRAO,LKOH,MAGN,MGNT,MOEX,MTSS,NLMK,NVTK,PHOR,PLZL,RASP,ROSN,RTKM,SBER,SNGS,TATN,TRNFP,VTBR;;;252;10;0,8;60;3,0;0,75;10,0;252,0;1,0123491715173754;0,0672908700407883;0,2543670108800495;0,2645424412858331;-0,2750926560585132;0,0147819660014781;40;19,85;0,5239294710327456
russia;YDEX;coverage;30;25;AFKS,AFLT,ALRS,CHMF,GAZP,GMKN,HYDR,IRAO,LKOH,MAGN,MGNT,MOEX,MTSS,NLMK,NVTK,PHOR,PLZL,RASP,ROSN,RTKM,SBER,SNGS,TATN,TRNFP,VTBR;;;252;10;0,8;60;3,0;1,0;10,0;252,0;0,8040772874494035;0,0564868965628833;0,2377273309945445;0,2376121261554885;-0,2750926560585132;0,0147819660014781;40;15,25;0,5344262295081967
russia;YDEX;coverage;30;25;AFKS,AFLT,ALRS,CHMF,GAZP,GMKN,HYDR,IRAO,LKOH,MAGN,MGNT,MOEX,MTSS,NLMK,NVTK,PHOR,PLZL,RASP,ROSN,RTKM,SBER,SNGS,TATN,TRNFP,VTBR;;;252;21;0,8;60;1,0;0,25;10,0;252,0;6,511718828463765;0,2065753209676246;0,3762921946213331;0,5489758329308521;-0,4257083539632172;0,0565410199556541;142;25,25974025974026;0,5012853470437018
russia;YDEX;coverage;30;25;AFKS,AFLT,ALRS,CHMF,GAZP,GMKN,HYDR,IRAO,LKOH,MAGN,MGNT,MOEX,MTSS,NLMK,NVTK,PHOR,PLZL,RASP,ROSN,RTKM,SBER,SNGS,TATN,TRNFP,VTBR;;;252;21;0,8;60;1,0;0,5;10,0;252,0;1,7446373571707854;0,0985871643336235;0,3440309244403209;0,2865648327806807;-0,4399111955712621;0,0646711012564671;172;19,647727272727273;0,5002891844997108
russia;YDEX;coverage;30;25;AFKS,AFLT,ALRS,CHMF,GAZP,GMKN,HYDR,IRAO,LKOH,MAGN,MGNT,MOEX,MTSS,NLMK,NVTK,PHOR,PLZL,RASP,ROSN,RTKM,SBER,SNGS,TATN,TRNFP,VTBR;;;252;21;0,8;60;1,0;0,75;10,0;252,0;0,6584088704600195;0,0482360363131781;0,3344118075939918;0,1442414269407059;-0,4940996424552518;0,0787139689578714;211;14,36448598130841;0,4990240728692258
russia;YDEX;coverage;30;25;AFKS,AFLT,ALRS,CHMF,GAZP,GMKN,HYDR,IRAO,LKOH,MAGN,MGNT,MOEX,MTSS,NLMK,NVTK,PHOR,PLZL,RASP,ROSN,RTKM,SBER,SNGS,TATN,TRNFP,VTBR;;;252;21;0,8;60;1,5;0,25;10,0;252,0;2,7525774147618747;0,131058962752155;0,3650355850896504;0,3590306482584917;-0,4642747602834433;0,040280857354028;104;31,07272727272727;0,48683440608543
russia;YDEX;coverage;30;25;AFKS,AFLT,ALRS,CHMF,GAZP,GMKN,HYDR,IRAO,LKOH,MAGN,MGNT,MOEX,MTSS,NLMK,NVTK,PHOR,PLZL,RASP,ROSN,RTKM,SBER,SNGS,TATN,TRNFP,VTBR;;;252;21;0,8;60;1,5;0,5;10,0;252,0;0,8062045577266428;0,0566028469772548;0,3297865256751344;0,1716348078848226;-0,5851385315629538;0,0432372505543237;115;24,694915254237287;0,4907343857240906
russia;YDEX;coverage;30;25;AFKS,AFLT,ALRS,CHMF,GAZP,GMKN,HYDR,IRAO,LKOH,MAGN,MGNT,MOEX,MTSS,NLMK,NVTK,PHOR,PLZL,RASP,ROSN,RTKM,SBER,SNGS,TATN,TRNFP,VTBR;;;252;21;0,8;60;1,5;0,75;10,0;252,0;0,6096233413269925;0,0453253518776339;0,3197188126946756;0,1417662961263361;-0,5797128555926037;0,049150036954915;131;19,388059701492537;0,4903772132409545
russia;YDEX;coverage;30;25;AFKS,AFLT,ALRS,CHMF,GAZP,GMKN,HYDR,IRAO,LKOH,MAGN,MGNT,MOEX,MTSS,NLMK,NVTK,PHOR,PLZL,RASP,ROSN,RTKM,SBER,SNGS,TATN,TRNFP,VTBR;;;252;21;0,8;60;1,5;1,0;10,0;252,0;0,6827868550830121;0,0496615144012408;0,3000981998836838;0,1654842129026078;-0,5740181234435056;0,0565410199556541;151;14,155844155844155;0,4944954128440367
russia;YDEX;coverage;30;25;AFKS,AFLT,ALRS,CHMF,GAZP,GMKN,HYDR,IRAO,LKOH,MAGN,MGNT,MOEX,MTSS,NLMK,NVTK,PHOR,PLZL,RASP,ROSN,RTKM,SBER,SNGS,TATN,TRNFP,VTBR;;;252;21;0,8;60;2,0;0,25;10,0;252,0;3,515352148873003;0,1507184197419271;0,336136011045993;0,448385221425456;-0,354289549257327;0,0291943828529194;77;34,4;0,4861918604651162
russia;YDEX;coverage;30;25;AFKS,AFLT,ALRS,CHMF,GAZP,GMKN,HYDR,IRAO,LKOH,MAGN,MGNT,MOEX,MTSS,NLMK,NVTK,PHOR,PLZL,RASP,ROSN,RTKM,SBER,SNGS,TATN,TRNFP,VTBR;;;252;21;0,8;60;2,0;0,5;10,0;252,0;1,27206934194739;0,0794244566894795;0,2898194832315521;0,2740480239764388;-0,3537287403113794;0,0314116777531411;85;25,837209302325583;0,4923492349234923
russia;YDEX;coverage;30;25;AFKS,AFLT,ALRS,CHMF,GAZP,GMKN,HYDR,IRAO,LKOH,MAGN,MGNT,MOEX,MTSS,NLMK,NVTK,PHOR,PLZL,RASP,ROSN,RTKM,SBER,SNGS,TATN,TRNFP,VTBR;;;252;21;0,8;60;2,0;0,75;10,0;252,0;0,6036138513079392;0,0449612910694168;0,2744615741020563;0,1638163419287915;-0,3828464915203675;0,032150776053215;87;21,90909090909091;0,4906639004149377
russia;YDEX;coverage;30;25;AFKS,AFLT,ALRS,CHMF,GAZP,GMKN,HYDR,IRAO,LKOH,MAGN,MGNT,MOEX,MTSS,NLMK,NVTK,PHOR,PLZL,RASP,ROSN,RTKM,SBER,SNGS,TATN,TRNFP,VTBR;;;252;21;0,8;60;2,0;1,0;10,0;252,0;0,3815134245415619;0,0305540255392671;0,2552506548351859;0,1197020456578091;-0,4224528010772402;0,0336289726533629;91;17,434782608695652;0,4875311720698254
russia;YDEX;coverage;30;25;AFKS,AFLT,ALRS,CHMF,GAZP,GMKN,HYDR,IRAO,LKOH,MAGN,MGNT,MOEX,MTSS,NLMK,NVTK,PHOR,PLZL,RASP,ROSN,RTKM,SBER,SNGS,TATN,TRNFP,VTBR;;;252;21;0,8;60;2,5;0,25;10,0;252,0;2,8109369929000168;0,1326856243833274;0,3031359395368548;0,4377099745614152;-0,3091405090039305;0,0218033998521803;57;33,36666666666667;0,4995004995004995
russia;YDEX;coverage;30;25;AFKS,AFLT,ALRS,CHMF,GAZP,GMKN,HYDR,IRAO,LKOH,MAGN,MGNT,MOEX,MTSS,NLMK,NVTK,PHOR,PLZL,RASP,ROSN,RTKM,SBER,SNGS,TATN,TRNFP,VTBR;;;252;21;0,8;60;2,5;0,5;10,0;252,0;1,145970991361751;0,0736999436551635;0,257309698321405;0,2864250517409766;-0,3215811346311051;0,0229120473022912;62;24,516129032258064;0,5052631578947369
russia;YDEX;coverage;30;25;AFKS,AFLT,ALRS,CHMF,GAZP,GMKN,HYDR,IRAO,LKOH,MAGN,MGNT,MOEX,MTSS,NLMK,NVTK,PHOR,PLZL,RASP,ROSN,RTKM,SBER,SNGS,TATN,TRNFP,VTBR;;;252;21;0,8;60;2,5;0,75;10,0;252,0;0,7581694687612792;0,0539539127237018;0,2449799411330099;0,2202380834698953;-0,3583064995172607;0,0236511456023651;64;20,4375;0,5045871559633027
russia;YDEX;coverage;30;25;AFKS,AFLT,ALRS,CHMF,GAZP,GMKN,HYDR,IRAO,LKOH,MAGN,MGNT,MOEX,MTSS,NLMK,NVTK,PHOR,PLZL,RASP,ROSN,RTKM,SBER,SNGS,TATN,TRNFP,VTBR;;;252;21;0,8;60;2,5;1,0;10,0;252,0;0,2197952929720255;0,0186748689222671;0,2338972581858228;0,0798421882629791;-0,3829261951651941;0,0236511456023651;64;17,53125;0,4937611408199643
russia;YDEX;coverage;30;25;AFKS,AFLT,ALRS,CHMF,GAZP,GMKN,HYDR,IRAO,LKOH,MAGN,MGNT,MOEX,MTSS,NLMK,NVTK,PHOR,PLZL,RASP,ROSN,RTKM,SBER,SNGS,TATN,TRNFP,VTBR;;;252;21;0,8;60;3,0;0,25;10,0;252,0;3,542537554021143;0,1513618526755216;0,2921068838415007;0,5181728368909362;-0,3828173976442978;0,016260162601626;43;32,90909090909091;0,5027624309392266
russia;YDEX;coverage;30;25;AFKS,AFLT,ALRS,CHMF,GAZP,GMKN,HYDR,IRAO,LKOH,MAGN,MGNT,MOEX,MTSS,NLMK,NVTK,PHOR,PLZL,RASP,ROSN,RTKM,SBER,SNGS,TATN,TRNFP,VTBR;;;252;21;0,8;60;3,0;0,5;10,0;252,0;1,745079940358576;0,0986036605923159;0,2399944160975222;0,4108581449338727;-0,2706819403305168;0,016260162601626;44;24,363636363636363;0,5111940298507462
russia;YDEX;coverage;30;25;AFKS,AFLT,ALRS,CHMF,GAZP,GMKN,HYDR,IRAO,LKOH,MAGN,MGNT,MOEX,MTSS,NLMK,NVTK,PHOR,PLZL,RASP,ROSN,RTKM,SBER,SNGS,TATN,TRNFP,VTBR;;;252;21;0,8;60;3,0;0,75;10,0;252,0;1,0925536789707335;0,0711824618028305;0,2289287441137818;0,3109371961061014;-0,2706819403305168;0,016260162601626;44;21,136363636363637;0,5053763440860215
russia;YDEX;coverage;30;25;AFKS,AFLT,ALRS,CHMF,GAZP,GMKN,HYDR,IRAO,LKOH,MAGN,MGNT,MOEX,MTSS,NLMK,NVTK,PHOR,PLZL,RASP,ROSN,RTKM,SBER,SNGS,TATN,TRNFP,VTBR;;;252;21;0,8;60;3,0;1,0;10,0;252,0;0,6415434961864321;0,0472386871308527;0,22047643126584;0,2142573102242144;-0,2876512740865687;0,016260162601626;44;17,363636363636363;0,4921465968586387
russia;YDEX;coverage;30;25;AFKS,AFLT,ALRS,CHMF,GAZP,GMKN,HYDR,IRAO,LKOH,MAGN,MGNT,MOEX,MTSS,NLMK,NVTK,PHOR,PLZL,RASP,ROSN,RTKM,SBER,SNGS,TATN,TRNFP,VTBR;;;252;63;0,8;60;1,0;0,25;10,0;252,0;1,2527818526547645;0,078567820064213;0,4554312872992849;0,1725130052661105;-0,6226523639411413;0,0506282335550628;121;29,144927536231883;0,4853306812531079
russia;YDEX;coverage;30;25;AFKS,AFLT,ALRS,CHMF,GAZP,GMKN,HYDR,IRAO,LKOH,MAGN,MGNT,MOEX,MTSS,NLMK,NVTK,PHOR,PLZL,RASP,ROSN,RTKM,SBER,SNGS,TATN,TRNFP,VTBR;;;252;63;0,8;60;1,0;0,5;10,0;252,0;0,6945024171049088;0,0503399192349864;0,4321524039546705;0,1164864959082045;-0,6424248208002596;0,0617147080561714;158;21,357142857142858;0,4899665551839465
russia;YDEX;coverage;30;25;AFKS,AFLT,ALRS,CHMF,GAZP,GMKN,HYDR,IRAO,LKOH,MAGN,MGNT,MOEX,MTSS,NLMK,NVTK,PHOR,PLZL,RASP,ROSN,RTKM,SBER,SNGS,TATN,TRNFP,VTBR;;;252;63;0,8;60;1,0;0,75;10,0;252,0;0,2995106678699784;0,0246980414439503;0,4112414954621162;0,0600572697952013;-0,5566801995922819;0,0787139689578714;209;14,878504672897195;0,4943467336683417
russia;YDEX;coverage;30;25;AFKS,AFLT,ALRS,CHMF,GAZP,GMKN,HYDR,IRAO,LKOH,MAGN,MGNT,MOEX,MTSS,NLMK,NVTK,PHOR,PLZL,RASP,ROSN,RTKM,SBER,SNGS,TATN,TRNFP,VTBR;;;252;63;0,8;60;1,5;0,25;10,0;252,0;3,048871992584325;0,1390920602489678;0,4360339380693772;0,3189936564681736;-0,4603295987377611;0,0380635624538063;90;34,92307692307692;0,4829295154185022
russia;YDEX;coverage;30;25;AFKS,AFLT,ALRS,CHMF,GAZP,GMKN,HYDR,IRAO,LKOH,MAGN,MGNT,MOEX,MTSS,NLMK,NVTK,PHOR,PLZL,RASP,ROSN,RTKM,SBER,SNGS,TATN,TRNFP,VTBR;;;252;63;0,8;60;1,5;0,5;10,0;252,0;2,6693994381459016;0,1287004309850561;0,4023914849524228;0,3198388529525499;-0,4600930356090559;0,0417590539541759;106;27,87719298245614;0,4839521711768408
russia;YDEX;coverage;30;25;AFKS,AFLT,ALRS,CHMF,GAZP,GMKN,HYDR,IRAO,LKOH,MAGN,MGNT,MOEX,MTSS,NLMK,NVTK,PHOR,PLZL,RASP,ROSN,RTKM,SBER,SNGS,TATN,TRNFP,VTBR;;;252;63;0,8;60;1,5;0,75;10,0;252,0;1,587702361205821;0,0925799298207561;0,369629315304898;0,2504669569955219;-0,4249240286323164;0,0469327420546932;123;21,09375;0,4896296296296296
russia;YDEX;coverage;30;25;AFKS,AFLT,ALRS,CHMF,GAZP,GMKN,HYDR,IRAO,LKOH,MAGN,MGNT,MOEX,MTSS,NLMK,NVTK,PHOR,PLZL,RASP,ROSN,RTKM,SBER,SNGS,TATN,TRNFP,VTBR;;;252;63;0,8;60;1,5;1,0;10,0;252,0;1,3743708869502496;0,0838607264179707;0,3559328912812571;0,2356082522075887;-0,424924028632316;0,0524759793052476;139;16,52112676056338;0,4927536231884058
russia;YDEX;coverage;30;25;AFKS,AFLT,ALRS,CHMF,GAZP,GMKN,HYDR,IRAO,LKOH,MAGN,MGNT,MOEX,MTSS,NLMK,NVTK,PHOR,PLZL,RASP,ROSN,RTKM,SBER,SNGS,TATN,TRNFP,VTBR;;;252;63;0,8;60;2,0;0,25;10,0;252,0;1,499472653438461;0,0890559261982781;0,4166317447237881;0,2137521380117567;-0,5164130411875498;0,0306725794530672;75;38,23809523809524;0,4838107098381071
russia;YDEX;coverage;30;25;AFKS,AFLT,ALRS,CHMF,GAZP,GMKN,HYDR,IRAO,LKOH,MAGN,MGNT,MOEX,MTSS,NLMK,NVTK,PHOR,PLZL,RASP,ROSN,RTKM,SBER,SNGS,TATN,TRNFP,VTBR;;;252;63;0,8;60;2,0;0,5;10,0;252,0;1,835919002807314;0,1019394710067633;0,3831572137720994;0,2660512900258133;-0,4595740375962474;0,0328898743532889;84;31,466666666666665;0,4858757062146893
russia;YDEX;coverage;30;25;AFKS,AFLT,ALRS,CHMF,GAZP,GMKN,HYDR,IRAO,LKOH,MAGN,MGNT,MOEX,MTSS,NLMK,NVTK,PHOR,PLZL,RASP,ROSN,RTKM,SBER,SNGS,TATN,TRNFP,VTBR;;;252;63;0,8;60;2,0;0,75;10,0;252,0;0,7379484098860589;0,0528191289211239;0,3492124070122386;0,1512521544495778;-0,4519055434787581;0,0347376201034737;92;24,659574468085108;0,4874892148403796
russia;YDEX;coverage;30;25;AFKS,AFLT,ALRS,CHMF,GAZP,GMKN,HYDR,IRAO,LKOH,MAGN,MGNT,MOEX,MTSS,NLMK,NVTK,PHOR,PLZL,RASP,ROSN,RTKM,SBER,SNGS,TATN,TRNFP,VTBR;;;252;63;0,8;60;2,0;1,0;10,0;252,0;0,2240881260338136;0,0190081981093097;0,3298558684672618;0,0576257690901028;-0,4427344368229903;0,0347376201034737;92;20,25531914893617;0,4894957983193277
russia;YDEX;coverage;30;25;AFKS,AFLT,ALRS,CHMF,GAZP,GMKN,HYDR,IRAO,LKOH,MAGN,MGNT,MOEX,MTSS,NLMK,NVTK,PHOR,PLZL,RASP,ROSN,RTKM,SBER,SNGS,TATN,TRNFP,VTBR;;;252;63;0,8;60;2,5;0,25;10,0;252,0;0,4294113927929159;0,0338302437953397;0,3782627103625237;0,0894358414629798;-0,519412899919965;0,0232815964523281;58;42,625;0,4706744868035191
russia;YDEX;coverage;30;25;AFKS,AFLT,ALRS,CHMF,GAZP,GMKN,HYDR,IRAO,LKOH,MAGN,MGNT,MOEX,MTSS,NLMK,NVTK,PHOR,PLZL,RASP,ROSN,RTKM,SBER,SNGS,TATN,TRNFP,VTBR;;;252;63;0,8;60;2,5;0,5;10,0;252,0;0,354376463767553;0,02865185596494;0,3316850401701311;0,0863827200353794;-0,5726400251267151;0,024020694752402;62;35,333333333333336;0,4759862778730703
russia;YDEX;coverage;30;25;AFKS,AFLT,ALRS,CHMF,GAZP,GMKN,HYDR,IRAO,LKOH,MAGN,MGNT,MOEX,MTSS,NLMK,NVTK,PHOR,PLZL,RASP,ROSN,RTKM,SBER,SNGS,TATN,TRNFP,VTBR;;;252;63;0,8;60;2,5;0,75;10,0;252,0;-0,0772801185160905;-0,0074621348561215;0,2932317418348354;-0,0254479095933777;-0,4817565120528164;0,0251293422025129;68;27,529411764705884;0,4775641025641026
russia;YDEX;coverage;30;25;AFKS,AFLT,ALRS,CHMF,GAZP,GMKN,HYDR,IRAO,LKOH,MAGN,MGNT,MOEX,MTSS,NLMK,NVTK,PHOR,PLZL,RASP,ROSN,RTKM,SBER,SNGS,TATN,TRNFP,VTBR;;;252;63;0,8;60;2,5;1,0;10,0;252,0;-0,2529473999226679;-0,026792038092869;0,2711308613510822;-0,0988158926629031;-0,5116184393951697;0,0251293422025129;68;21,970588235294116;0,4832663989290495
russia;YDEX;coverage;30;25;AFKS,AFLT,ALRS,CHMF,GAZP,GMKN,HYDR,IRAO,LKOH,MAGN,MGNT,MOEX,MTSS,NLMK,NVTK,PHOR,PLZL,RASP,ROSN,RTKM,SBER,SNGS,TATN,TRNFP,VTBR;;;252;63;0,8;60;3,0;0,25;10,0;252,0;1,525274565082456;0,0900980087100626;0,3617836609860151;0,2490383575214731;-0,5647442617138827;0,0169992609016999;43;47,43478260869565;0,459211732355637
russia;YDEX;coverage;30;25;AFKS,AFLT,ALRS,CHMF,GAZP,GMKN,HYDR,IRAO,LKOH,MAGN,MGNT,MOEX,MTSS,NLMK,NVTK,PHOR,PLZL,RASP,ROSN,RTKM,SBER,SNGS,TATN,TRNFP,VTBR;;;252;63;0,8;60;3,0;0,5;10,0;252,0;0,8998702556794356;0,0615893512610072;0,3161562466253219;0,1948066878906146;-0,5023626963933183;0,0169992609016999;45;38,82608695652174;0,463605823068309
russia;YDEX;coverage;30;25;AFKS,AFLT,ALRS,CHMF,GAZP,GMKN,HYDR,IRAO,LKOH,MAGN,MGNT,MOEX,MTSS,NLMK,NVTK,PHOR,PLZL,RASP,ROSN,RTKM,SBER,SNGS,TATN,TRNFP,VTBR;;;252;63;0,8;60;3,0;0,75;10,0;252,0;0,1713482908857744;0,0148374454295725;0,2575360327985797;0,0576130853160147;-0,530946026814948;0,0169992609016999;46;29,91304347826087;0,4593023255813953
russia;YDEX;coverage;30;25;AFKS,AFLT,ALRS,CHMF,GAZP,GMKN,HYDR,IRAO,LKOH,MAGN,MGNT,MOEX,MTSS,NLMK,NVTK,PHOR,PLZL,RASP,ROSN,RTKM,SBER,SNGS,TATN,TRNFP,VTBR;;;252;63;0,8;60;3,0;1,0;10,0;252,0;0,1726360983984123;0,0149412981150585;0,2410081833959823;0,0619949825127289;-0,4627528220389937;0,0169992609016999;46;23,782608695652176;0,4625228519195612
russia;PLZL;coverage;30;25;AFKS,AFLT,ALRS,CHMF,GAZP,GMKN,HYDR,IRAO,LKOH,MAGN,MGNT,MOEX,MTSS,NLMK,NVTK,PHOR,RASP,ROSN,RTKM,SBER,SNGS,TATN,TRNFP,VTBR,YDEX;;;252;5;0,8;60;1,0;0,25;10,0;252,0;4,556348588723455;0,1731662291569373;0,3259280369477452;0,5313020345798003;-0,4261336142888604;0,065040650406504;164;21,147727272727273;0,5255239118753359
russia;PLZL;coverage;30;25;AFKS,AFLT,ALRS,CHMF,GAZP,GMKN,HYDR,IRAO,LKOH,MAGN,MGNT,MOEX,MTSS,NLMK,NVTK,PHOR,RASP,ROSN,RTKM,SBER,SNGS,TATN,TRNFP,VTBR,YDEX;;;252;5;0,8;60;1,0;0,5;10,0;252,0;1,626323690645886;0,0940883333737614;0,3104444597157201;0,3030762200102392;-0,408333790138083;0,0761271249076127;201;16,174757281553397;0,5168067226890757
russia;PLZL;coverage;30;25;AFKS,AFLT,ALRS,CHMF,GAZP,GMKN,HYDR,IRAO,LKOH,MAGN,MGNT,MOEX,MTSS,NLMK,NVTK,PHOR,RASP,ROSN,RTKM,SBER,SNGS,TATN,TRNFP,VTBR,YDEX;;;252;5;0,8;60;1,0;0,75;10,0;252,0;1,094607663153116;0,0712803349314903;0,3019316264311478;0,236081048461298;-0,4405816601992079;0,0872135994087213;232;12,983050847457626;0,5091383812010444
russia;PLZL;coverage;30;25;AFKS,AFLT,ALRS,CHMF,GAZP,GMKN,HYDR,IRAO,LKOH,MAGN,MGNT,MOEX,MTSS,NLMK,NVTK,PHOR,RASP,ROSN,RTKM,SBER,SNGS,TATN,TRNFP,VTBR,YDEX;;;252;5;0,8;60;1,5;0,25;10,0;252,0;2,828766502951515;0,133178083542403;0,3014906468511606;0,4417320568095438;-0,3655676918260624;0,0458240946045824;119;25,193548387096776;0,5236875800256082
russia;PLZL;coverage;30;25;AFKS,AFLT,ALRS,CHMF,GAZP,GMKN,HYDR,IRAO,LKOH,MAGN,MGNT,MOEX,MTSS,NLMK,NVTK,PHOR,RASP,ROSN,RTKM,SBER,SNGS,TATN,TRNFP,VTBR,YDEX;;;252;5;0,8;60;1,5;0,5;10,0;252,0;0,7317377956648614;0,0524681921004701;0,2894292909833703;0,1812815555820327;-0,3984648760615021;0,048780487804878;130;21,37878787878788;0,513111268603827
russia;PLZL;coverage;30;25;AFKS,AFLT,ALRS,CHMF,GAZP,GMKN,HYDR,IRAO,LKOH,MAGN,MGNT,MOEX,MTSS,NLMK,NVTK,PHOR,RASP,ROSN,RTKM,SBER,SNGS,TATN,TRNFP,VTBR,YDEX;;;252;5;0,8;60;1,5;0,75;10,0;252,0;0,3913995522357163;0,0312385823985288;0,2792481602062989;0,111866743814716;-0,4708317405440851;0,0524759793052476;141;18,253521126760564;0,5069444444444444
russia;PLZL;coverage;30;25;AFKS,AFLT,ALRS,CHMF,GAZP,GMKN,HYDR,IRAO,LKOH,MAGN,MGNT,MOEX,MTSS,NLMK,NVTK,PHOR,RASP,ROSN,RTKM,SBER,SNGS,TATN,TRNFP,VTBR,YDEX;;;252;5;0,8;60;1,5;1,0;10,0;252,0;0,1686977519648875;0,0146233716944663;0,2604824646297554;0,0561395628502353;-0,4024107446892244;0,0598669623059867;161;13,592592592592592;0,5068119891008175
russia;PLZL;coverage;30;25;AFKS,AFLT,ALRS,CHMF,GAZP,GMKN,HYDR,IRAO,LKOH,MAGN,MGNT,MOEX,MTSS,NLMK,NVTK,PHOR,RASP,ROSN,RTKM,SBER,SNGS,TATN,TRNFP,VTBR,YDEX;;;252;5;0,8;60;2,0;0,25;10,0;252,0;5,120274995919429;0,1837749177793544;0,2739668483209855;0,6707925389718674;-0,3522138759964333;0,0354767184035476;91;27,020833333333332;0,5343099460292984
russia;PLZL;coverage;30;25;AFKS,AFLT,ALRS,CHMF,GAZP,GMKN,HYDR,IRAO,LKOH,MAGN,MGNT,MOEX,MTSS,NLMK,NVTK,PHOR,RASP,ROSN,RTKM,SBER,SNGS,TATN,TRNFP,VTBR,YDEX;;;252;5;0,8;60;2,0;0,5;10,0;252,0;1,9091898189152396;0,1045602641371925;0,2605815151272648;0,4012574110873773;-0,3715998955021955;0,0369549150036954;98;23,44;0,5273037542662116
russia;PLZL;coverage;30;25;AFKS,AFLT,ALRS,CHMF,GAZP,GMKN,HYDR,IRAO,LKOH,MAGN,MGNT,MOEX,MTSS,NLMK,NVTK,PHOR,RASP,ROSN,RTKM,SBER,SNGS,TATN,TRNFP,VTBR,YDEX;;;252;5;0,8;60;2,0;0,75;10,0;252,0;1,1259423438797145;0,0727627519472629;0,2505515544389061;0,2904102994300328;-0,4256342499714071;0,0376940133037694;101;20,745098039215687;0,5189035916824196
russia;PLZL;coverage;30;25;AFKS,AFLT,ALRS,CHMF,GAZP,GMKN,HYDR,IRAO,LKOH,MAGN,MGNT,MOEX,MTSS,NLMK,NVTK,PHOR,RASP,ROSN,RTKM,SBER,SNGS,TATN,TRNFP,VTBR,YDEX;;;252;5;0,8;60;2,0;1,0;10,0;252,0;0,2801459904839525;0,023266342863881;0,2294696622797339;0,1013918033117526;-0,35664767986709;0,0384331116038433;103;17,0;0,5158371040723982
russia;PLZL;coverage;30;25;AFKS,AFLT,ALRS,CHMF,GAZP,GMKN,HYDR,IRAO,LKOH,MAGN,MGNT,MOEX,MTSS,NLMK,NVTK,PHOR,RASP,ROSN,RTKM,SBER,SNGS,TATN,TRNFP,VTBR,YDEX;;;252;5;0,8;60;2,5;0,25;10,0;252,0;5,407733559343501;0,1888456399977236;0,237824291723098;0,79405530288554;-0,2813671356007492;0,0280857354028085;72;28,05263157894737;0,5347091932457786
russia;PLZL;coverage;30;25;AFKS,AFLT,ALRS,CHMF,GAZP,GMKN,HYDR,IRAO,LKOH,MAGN,MGNT,MOEX,MTSS,NLMK,NVTK,PHOR,RASP,ROSN,RTKM,SBER,SNGS,TATN,TRNFP,VTBR,YDEX;;;252;5;0,8;60;2,5;0,5;10,0;252,0;3,306403624263502;0,1456522522010073;0,2270137390502683;0,6416010449867755;-0,2813671356007493;0,0295639320029563;78;23,5;0,5287234042553192
russia;PLZL;coverage;30;25;AFKS,AFLT,ALRS,CHMF,GAZP,GMKN,HYDR,IRAO,LKOH,MAGN,MGNT,MOEX,MTSS,NLMK,NVTK,PHOR,RASP,ROSN,RTKM,SBER,SNGS,TATN,TRNFP,VTBR,YDEX;;;252;5;0,8;60;2,5;0,75;10,0;252,0;2,109736228004537;0,1114388253407223;0,2183212500750131;0,5104350827161029;-0,3016725698841207;0,0295639320029563;79;21,0;0,5190476190476191
russia;PLZL;coverage;30;25;AFKS,AFLT,ALRS,CHMF,GAZP,GMKN,HYDR,IRAO,LKOH,MAGN,MGNT,MOEX,MTSS,NLMK,NVTK,PHOR,RASP,ROSN,RTKM,SBER,SNGS,TATN,TRNFP,VTBR,YDEX;;;252;5;0,8;60;2,5;1,0;10,0;252,0;1,0642616850710436;0,069825397335709;0,1986287501066128;0,35153721351129;-0,1966857332113163;0,0303030303030303;81;16,609756097560975;0,5168869309838473
russia;PLZL;coverage;30;25;AFKS,AFLT,ALRS,CHMF,GAZP,GMKN,HYDR,IRAO,LKOH,MAGN,MGNT,MOEX,MTSS,NLMK,NVTK,PHOR,RASP,ROSN,RTKM,SBER,SNGS,TATN,TRNFP,VTBR,YDEX;;;252;5;0,8;60;3,0;0,25;10,0;252,0;6,339431377192566;0,2039709605066879;0,2103081789345653;0,9698669901475914;-0,2416478399612502;0,0206947524020694;53;29,571428571428573;0,5555555555555556
russia;PLZL;coverage;30;25;AFKS,AFLT,ALRS,CHMF,GAZP,GMKN,HYDR,IRAO,LKOH,MAGN,MGNT,MOEX,MTSS,NLMK,NVTK,PHOR,RASP,ROSN,RTKM,SBER,SNGS,TATN,TRNFP,VTBR,YDEX;;;252;5;0,8;60;3,0;0,5;10,0;252,0;3,1489110803409446;0,1416841503664043;0,1955545911068006;0,7245247967051033;-0,2416478399612501;0,0206947524020694;55;24,321428571428573;0,5462555066079295
russia;PLZL;coverage;30;25;AFKS,AFLT,ALRS,CHMF,GAZP,GMKN,HYDR,IRAO,LKOH,MAGN,MGNT,MOEX,MTSS,NLMK,NVTK,PHOR,RASP,ROSN,RTKM,SBER,SNGS,TATN,TRNFP,VTBR,YDEX;;;252;5;0,8;60;3,0;0,75;10,0;252,0;2,0524063643640287;0,1095145209468884;0,1870593445587695;0,5854533554857057;-0,24164783996125;0,0206947524020694;56;21,428571428571427;0,5316666666666666
russia;PLZL;coverage;30;25;AFKS,AFLT,ALRS,CHMF,GAZP,GMKN,HYDR,IRAO,LKOH,MAGN,MGNT,MOEX,MTSS,NLMK,NVTK,PHOR,RASP,ROSN,RTKM,SBER,SNGS,TATN,TRNFP,VTBR,YDEX;;;252;5;0,8;60;3,0;1,0;10,0;252,0;1,7254767116882097;0,0978706726844578;0,1682528395620173;0,5816880888264775;-0,1671548922817112;0,0214338507021433;58;15,79310344827586;0,5414847161572053
russia;PLZL;coverage;30;25;AFKS,AFLT,ALRS,CHMF,GAZP,GMKN,HYDR,IRAO,LKOH,MAGN,MGNT,MOEX,MTSS,NLMK,NVTK,PHOR,RASP,ROSN,RTKM,SBER,SNGS,TATN,TRNFP,VTBR,YDEX;;;252;10;0,8;60;1,0;0,25;10,0;252,0;1,6641995288858786;0,0955482086870718;0,3481662257171308;0,274432732498012;-0,5364646756223851;0,0606060606060606;155;22,914634146341463;0,5071846726982437
russia;PLZL;coverage;30;25;AFKS,AFLT,ALRS,CHMF,GAZP,GMKN,HYDR,IRAO,LKOH,MAGN,MGNT,MOEX,MTSS,NLMK,NVTK,PHOR,RASP,ROSN,RTKM,SBER,SNGS,TATN,TRNFP,VTBR,YDEX;;;252;10;0,8;60;1,0;0,5;10,0;252,0;2,6943648897073915;0,1294133821293905;0,3346483437521937;0,3867145454191187;-0,4264765899739696;0,0746489283074648;197;16,900990099009903;0,5073227885178676
russia;PLZL;coverage;30;25;AFKS,AFLT,ALRS,CHMF,GAZP,GMKN,HYDR,IRAO,LKOH,MAGN,MGNT,MOEX,MTSS,NLMK,NVTK,PHOR,RASP,ROSN,RTKM,SBER,SNGS,TATN,TRNFP,VTBR,YDEX;;;252;10;0,8;60;1,0;0,75;10,0;252,0;1,108838025033799;0,0719560365639016;0,3209853607046906;0,2241723311179346;-0,4916406677367656;0,0886917960088691;237;13,158333333333331;0,5022165927802407
russia;PLZL;coverage;30;25;AFKS,AFLT,ALRS,CHMF,GAZP,GMKN,HYDR,IRAO,LKOH,MAGN,MGNT,MOEX,MTSS,NLMK,NVTK,PHOR,RASP,ROSN,RTKM,SBER,SNGS,TATN,TRNFP,VTBR,YDEX;;;252;10;0,8;60;1,5;0,25;10,0;252,0;1,7950396420236316;0,1004504655659983;0,3258232136192974;0,3082974489453289;-0,4270943950345115;0,0443458980044345;115;26,65;0,5065666041275797
russia;PLZL;coverage;30;25;AFKS,AFLT,ALRS,CHMF,GAZP,GMKN,HYDR,IRAO,LKOH,MAGN,MGNT,MOEX,MTSS,NLMK,NVTK,PHOR,RASP,ROSN,RTKM,SBER,SNGS,TATN,TRNFP,VTBR,YDEX;;;252;10;0,8;60;1,5;0,5;10,0;252,0;1,699665705054696;0,0968982421294994;0,3106860607019194;0,3118847427869197;-0,4010520962748273;0,0495195861049519;133;21,19402985074627;0,504225352112676
russia;PLZL;coverage;30;25;AFKS,AFLT,ALRS,CHMF,GAZP,GMKN,HYDR,IRAO,LKOH,MAGN,MGNT,MOEX,MTSS,NLMK,NVTK,PHOR,RASP,ROSN,RTKM,SBER,SNGS,TATN,TRNFP,VTBR,YDEX;;;252;10;0,8;60;1,5;0,75;10,0;252,0;0,5238990047635808;0,0400112766761222;0,2952044973523088;0,1355374902312927;-0,4683398738862424;0,0524759793052476;141;18,450704225352112;0,4977099236641221
russia;PLZL;coverage;30;25;AFKS,AFLT,ALRS,CHMF,GAZP,GMKN,HYDR,IRAO,LKOH,MAGN,MGNT,MOEX,MTSS,NLMK,NVTK,PHOR,RASP,ROSN,RTKM,SBER,SNGS,TATN,TRNFP,VTBR,YDEX;;;252;10;0,8;60;1,5;1,0;10,0;252,0;0,6009975486227686;0,0448024061645453;0,2778133291316065;0,1612680223248806;-0,3559617308119478;0,0598669623059867;161;13,617283950617283;0,4986400725294651
russia;PLZL;coverage;30;25;AFKS,AFLT,ALRS,CHMF,GAZP,GMKN,HYDR,IRAO,LKOH,MAGN,MGNT,MOEX,MTSS,NLMK,NVTK,PHOR,RASP,ROSN,RTKM,SBER,SNGS,TATN,TRNFP,VTBR,YDEX;;;252;10;0,8;60;2,0;0,25;10,0;252,0;2,724017035938324;0,130254518868258;0,2882090653109985;0,4519445588142896;-0,3464687973287357;0,0317812269031781;82;29,3953488372093;0,5174050632911392
russia;PLZL;coverage;30;25;AFKS,AFLT,ALRS,CHMF,GAZP,GMKN,HYDR,IRAO,LKOH,MAGN,MGNT,MOEX,MTSS,NLMK,NVTK,PHOR,RASP,ROSN,RTKM,SBER,SNGS,TATN,TRNFP,VTBR,YDEX;;;252;10;0,8;60;2,0;0,5;10,0;252,0;2,6846464560611216;0,1291363687440831;0,2692789525452493;0,4795635437655799;-0,2620941330551819;0,0339985218033998;91;23,934782608695652;0,5158946412352406
russia;PLZL;coverage;30;25;AFKS,AFLT,ALRS,CHMF,GAZP,GMKN,HYDR,IRAO,LKOH,MAGN,MGNT,MOEX,MTSS,NLMK,NVTK,PHOR,RASP,ROSN,RTKM,SBER,SNGS,TATN,TRNFP,VTBR,YDEX;;;252;10;0,8;60;2,0;0,75;10,0;252,0;1,1219712795355052;0,0725759850106888;0,2579238733668261;0,2813852942859204;-0,3693975712553566;0,0339985218033998;91;22,17391304347826;0,5107843137254902
russia;PLZL;coverage;30;25;AFKS,AFLT,ALRS,CHMF,GAZP,GMKN,HYDR,IRAO,LKOH,MAGN,MGNT,MOEX,MTSS,NLMK,NVTK,PHOR,RASP,ROSN,RTKM,SBER,SNGS,TATN,TRNFP,VTBR,YDEX;;;252;10;0,8;60;2,0;1,0;10,0;252,0;1,0338117281954982;0,068345845776945;0,240248564712702;0,2844797256486234;-0,2760111154972752;0,0369549150036954;99;16,7;0,511377245508982
russia;PLZL;coverage;30;25;AFKS,AFLT,ALRS,CHMF,GAZP,GMKN,HYDR,IRAO,LKOH,MAGN,MGNT,MOEX,MTSS,NLMK,NVTK,PHOR,RASP,ROSN,RTKM,SBER,SNGS,TATN,TRNFP,VTBR,YDEX;;;252;10;0,8;60;2,5;0,25;10,0;252,0;5,288829880029702;0,186773728029213;0,2702139548622909;0,6912068184058016;-0,3312132574722554;0,0280857354028085;72;28,63157894736842;0,5193014705882353
russia;PLZL;coverage;30;25;AFKS,AFLT,ALRS,CHMF,GAZP,GMKN,HYDR,IRAO,LKOH,MAGN,MGNT,MOEX,MTSS,NLMK,NVTK,PHOR,RASP,ROSN,RTKM,SBER,SNGS,TATN,TRNFP,VTBR,YDEX;;;252;10;0,8;60;2,5;0,5;10,0;252,0;5,3718322171695805;0,1882237546436864;0,2509069709349719;0,7501734764175557;-0,2361589525714541;0,0303030303030303;81;22,70731707317073;0,5177228786251342
russia;PLZL;coverage;30;25;AFKS,AFLT,ALRS,CHMF,GAZP,GMKN,HYDR,IRAO,LKOH,MAGN,MGNT,MOEX,MTSS,NLMK,NVTK,PHOR,RASP,ROSN,RTKM,SBER,SNGS,TATN,TRNFP,VTBR,YDEX;;;252;10;0,8;60;2,5;0,75;10,0;252,0;2,9206563826732532;0,1356836116136899;0,2392362408814611;0,5671532503343406;-0,2670789903752466;0,0303030303030303;81;20,853658536585368;0,512280701754386
russia;PLZL;coverage;30;25;AFKS,AFLT,ALRS,CHMF,GAZP,GMKN,HYDR,IRAO,LKOH,MAGN,MGNT,MOEX,MTSS,NLMK,NVTK,PHOR,RASP,ROSN,RTKM,SBER,SNGS,TATN,TRNFP,VTBR,YDEX;;;252;10;0,8;60;2,5;1,0;10,0;252,0;2,4333566494162167;0,1217331815656148;0,2222077878939255;0,5478349013749516;-0,2361589525714541;0,0310421286031042;83;16,214285714285715;0,5124816446402349
russia;PLZL;coverage;30;25;AFKS,AFLT,ALRS,CHMF,GAZP,GMKN,HYDR,IRAO,LKOH,MAGN,MGNT,MOEX,MTSS,NLMK,NVTK,PHOR,RASP,ROSN,RTKM,SBER,SNGS,TATN,TRNFP,VTBR,YDEX;;;252;10;0,8;60;3,0;0,25;10,0;252,0;1,3467262475709574;0,0826792844990307;0,2258953245449057;0,3660070639602588;-0,3033134836045871;0,0140428677014042;38;37,0;0,5206258890469416
russia;PLZL;coverage;30;25;AFKS,AFLT,ALRS,CHMF,GAZP,GMKN,HYDR,IRAO,LKOH,MAGN,MGNT,MOEX,MTSS,NLMK,NVTK,PHOR,RASP,ROSN,RTKM,SBER,SNGS,TATN,TRNFP,VTBR,YDEX;;;252;10;0,8;60;3,0;0,5;10,0;252,0;1,5998865779186595;0,0930579913723275;0,194142052048006;0,4793293899526558;-0,2094766450126475;0,0140428677014042;38;26,157894736842103;0,5291750503018109
russia;PLZL;coverage;30;25;AFKS,AFLT,ALRS,CHMF,GAZP,GMKN,HYDR,IRAO,LKOH,MAGN,MGNT,MOEX,MTSS,NLMK,NVTK,PHOR,RASP,ROSN,RTKM,SBER,SNGS,TATN,TRNFP,VTBR,YDEX;;;252;10;0,8;60;3,0;0,75;10,0;252,0;1,0082714389765974;0,067089279424938;0,1893650090733702;0,3542855132171964;-0,2182300177401784;0,0140428677014042;38;24,42105263157895;0,521551724137931
russia;PLZL;coverage;30;25;AFKS,AFLT,ALRS,CHMF,GAZP,GMKN,HYDR,IRAO,LKOH,MAGN,MGNT,MOEX,MTSS,NLMK,NVTK,PHOR,RASP,ROSN,RTKM,SBER,SNGS,TATN,TRNFP,VTBR,YDEX;;;252;10;0,8;60;3,0;1,0;10,0;252,0;1,2408194389680671;0,0780331721858811;0,1718885066922818;0,453975508237893;-0,1684165889078602;0,0147819660014781;40;16,0;0,5375
russia;PLZL;coverage;30;25;AFKS,AFLT,ALRS,CHMF,GAZP,GMKN,HYDR,IRAO,LKOH,MAGN,MGNT,MOEX,MTSS,NLMK,NVTK,PHOR,RASP,ROSN,RTKM,SBER,SNGS,TATN,TRNFP,VTBR,YDEX;;;252;21;0,8;60;1,0;0,25;10,0;252,0;2,403064743452112;0,120807815151541;0,3824626286028936;0,315868286511659;-0,4778251498667192;0,0535846267553584;133;27,684931506849313;0,495794161306284
russia;PLZL;coverage;30;25;AFKS,AFLT,ALRS,CHMF,GAZP,GMKN,HYDR,IRAO,LKOH,MAGN,MGNT,MOEX,MTSS,NLMK,NVTK,PHOR,RASP,ROSN,RTKM,SBER,SNGS,TATN,TRNFP,VTBR,YDEX;;;252;21;0,8;60;1,0;0,5;10,0;252,0;2,192343301401433;0,1141557451336341;0,3635216808066246;0,3140273363622548;-0,4789292907534754;0,0661492978566149;171;20,377777777777776;0,4967284623773173
russia;PLZL;coverage;30;25;AFKS,AFLT,ALRS,CHMF,GAZP,GMKN,HYDR,IRAO,LKOH,MAGN,MGNT,MOEX,MTSS,NLMK,NVTK,PHOR,RASP,ROSN,RTKM,SBER,SNGS,TATN,TRNFP,VTBR,YDEX;;;252;21;0,8;60;1,0;0,75;10,0;252,0;1,0571263290795097;0,0694804774732911;0,3420470041464544;0,2031313726798251;-0,4971543986024502;0,0853658536585365;227;14,336206896551724;0,4954900781719784
russia;PLZL;coverage;30;25;AFKS,AFLT,ALRS,CHMF,GAZP,GMKN,HYDR,IRAO,LKOH,MAGN,MGNT,MOEX,MTSS,NLMK,NVTK,PHOR,RASP,ROSN,RTKM,SBER,SNGS,TATN,TRNFP,VTBR,YDEX;;;252;21;0,8;60;1,5;0,25;10,0;252,0;5,264569828478233;0,1863466340862294;0,3656669426488583;0,5096075481594021;-0,4085571228396146;0,0439763488543976;110;29,45;0,5059422750424448
russia;PLZL;coverage;30;25;AFKS,AFLT,ALRS,CHMF,GAZP,GMKN,HYDR,IRAO,LKOH,MAGN,MGNT,MOEX,MTSS,NLMK,NVTK,PHOR,RASP,ROSN,RTKM,SBER,SNGS,TATN,TRNFP,VTBR,YDEX;;;252;21;0,8;60;1,5;0,5;10,0;252,0;3,13550343597013;0,1413400585829853;0,3448140290908992;0,4099022854598691;-0,4456176938343592;0,0469327420546932;121;24,59375;0,4993646759847522
russia;PLZL;coverage;30;25;AFKS,AFLT,ALRS,CHMF,GAZP,GMKN,HYDR,IRAO,LKOH,MAGN,MGNT,MOEX,MTSS,NLMK,NVTK,PHOR,RASP,ROSN,RTKM,SBER,SNGS,TATN,TRNFP,VTBR,YDEX;;;252;21;0,8;60;1,5;0,75;10,0;252,0;0,5469454411067232;0,0414660605587329;0,3217082844135149;0,1288933563968579;-0,4273630120377688;0,0506282335550628;135;20,115942028985508;0,489193083573487
russia;PLZL;coverage;30;25;AFKS,AFLT,ALRS,CHMF,GAZP,GMKN,HYDR,IRAO,LKOH,MAGN,MGNT,MOEX,MTSS,NLMK,NVTK,PHOR,RASP,ROSN,RTKM,SBER,SNGS,TATN,TRNFP,VTBR,YDEX;;;252;21;0,8;60;1,5;1,0;10,0;252,0;0,0667304472826031;0,0060339387919059;0,2994983154211397;0,0201468204701629;-0,3906547463185064;0,0561714708056171;151;15,447368421052632;0,4914821124361158
russia;PLZL;coverage;30;25;AFKS,AFLT,ALRS,CHMF,GAZP,GMKN,HYDR,IRAO,LKOH,MAGN,MGNT,MOEX,MTSS,NLMK,NVTK,PHOR,RASP,ROSN,RTKM,SBER,SNGS,TATN,TRNFP,VTBR,YDEX;;;252;21;0,8;60;2,0;0,25;10,0;252,0;4,210729886418409;0,1661708245201907;0,3358190834593303;0,4948224585941822;-0,3501204439530705;0,0336289726533629;88;33,28260869565217;0,5094709340300457
russia;PLZL;coverage;30;25;AFKS,AFLT,ALRS,CHMF,GAZP,GMKN,HYDR,IRAO,LKOH,MAGN,MGNT,MOEX,MTSS,NLMK,NVTK,PHOR,RASP,ROSN,RTKM,SBER,SNGS,TATN,TRNFP,VTBR,YDEX;;;252;21;0,8;60;2,0;0,5;10,0;252,0;2,8769321998416815;0,1344981178613709;0,3139962782590183;0,4283430319846728;-0,3651660358813975;0,0351071692535107;93;27,5625;0,5041572184429327
russia;PLZL;coverage;30;25;AFKS,AFLT,ALRS,CHMF,GAZP,GMKN,HYDR,IRAO,LKOH,MAGN,MGNT,MOEX,MTSS,NLMK,NVTK,PHOR,RASP,ROSN,RTKM,SBER,SNGS,TATN,TRNFP,VTBR,YDEX;;;252;21;0,8;60;2,0;0,75;10,0;252,0;0,5263474097725822;0,04016677355791;0,2873478094910724;0,1397845128141059;-0,4279697265929827;0,0358462675535846;97;22,959183673469383;0,4951111111111111
russia;PLZL;coverage;30;25;AFKS,AFLT,ALRS,CHMF,GAZP,GMKN,HYDR,IRAO,LKOH,MAGN,MGNT,MOEX,MTSS,NLMK,NVTK,PHOR,RASP,ROSN,RTKM,SBER,SNGS,TATN,TRNFP,VTBR,YDEX;;;252;21;0,8;60;2,0;1,0;10,0;252,0;0,2227851301314072;0,0189071355011638;0,2703078972792977;0,0699466633844881;-0,3496953262664349;0,0369549150036954;100;18,34;0,4972737186477644
russia;PLZL;coverage;30;25;AFKS,AFLT,ALRS,CHMF,GAZP,GMKN,HYDR,IRAO,LKOH,MAGN,MGNT,MOEX,MTSS,NLMK,NVTK,PHOR,RASP,ROSN,RTKM,SBER,SNGS,TATN,TRNFP,VTBR,YDEX;;;252;21;0,8;60;2,5;0,25;10,0;252,0;7,790351070038554;0,2243677662817214;0,2983998828884798;0,751902997112012;-0,2873644165291092;0,024390243902439;65;35,81818181818182;0,5279187817258884
russia;PLZL;coverage;30;25;AFKS,AFLT,ALRS,CHMF,GAZP,GMKN,HYDR,IRAO,LKOH,MAGN,MGNT,MOEX,MTSS,NLMK,NVTK,PHOR,RASP,ROSN,RTKM,SBER,SNGS,TATN,TRNFP,VTBR,YDEX;;;252;21;0,8;60;2,5;0,5;10,0;252,0;5,817228590770183;0,1957238364432869;0,2726180859615258;0,7179414958951371;-0,222399091058035;0,0251293422025129;67;27,676470588235293;0,5154091392136025
russia;PLZL;coverage;30;25;AFKS,AFLT,ALRS,CHMF,GAZP,GMKN,HYDR,IRAO,LKOH,MAGN,MGNT,MOEX,MTSS,NLMK,NVTK,PHOR,RASP,ROSN,RTKM,SBER,SNGS,TATN,TRNFP,VTBR,YDEX;;;252;21;0,8;60;2,5;0,75;10,0;252,0;2,435982692980236;0,1218130536004939;0,2433052680231369;0,500659334630232;-0,2288028910063474;0,0251293422025129;68;22,058823529411764;0,5133333333333333
russia;PLZL;coverage;30;25;AFKS,AFLT,ALRS,CHMF,GAZP,GMKN,HYDR,IRAO,LKOH,MAGN,MGNT,MOEX,MTSS,NLMK,NVTK,PHOR,RASP,ROSN,RTKM,SBER,SNGS,TATN,TRNFP,VTBR,YDEX;;;252;21;0,8;60;2,5;1,0;10,0;252,0;1,8247237374423235;0,1015336358090313;0,2292533764730875;0,4428882896778207;-0,218994679170115;0,0251293422025129;68;18,147058823529413;0,5170178282009724
russia;PLZL;coverage;30;25;AFKS,AFLT,ALRS,CHMF,GAZP,GMKN,HYDR,IRAO,LKOH,MAGN,MGNT,MOEX,MTSS,NLMK,NVTK,PHOR,RASP,ROSN,RTKM,SBER,SNGS,TATN,TRNFP,VTBR,YDEX;;;252;21;0,8;60;3,0;0,25;10,0;252,0;2,1794779196247327;0,1137368293961158;0,210934010827076;0,5392057399854661;-0,2530487416121387;0,0140428677014042;38;32,68421052631579;0,5249597423510467
russia;PLZL;coverage;30;25;AFKS,AFLT,ALRS,CHMF,GAZP,GMKN,HYDR,IRAO,LKOH,MAGN,MGNT,MOEX,MTSS,NLMK,NVTK,PHOR,RASP,ROSN,RTKM,SBER,SNGS,TATN,TRNFP,VTBR,YDEX;;;252;21;0,8;60;3,0;0,5;10,0;252,0;1,9858425277617595;0,1072387168446253;0,2021467436195403;0,5304993537093974;-0,2297106509719335;0,0140428677014042;38;26,94736842105263;0,51953125
russia;PLZL;coverage;30;25;AFKS,AFLT,ALRS,CHMF,GAZP,GMKN,HYDR,IRAO,LKOH,MAGN,MGNT,MOEX,MTSS,NLMK,NVTK,PHOR,RASP,ROSN,RTKM,SBER,SNGS,TATN,TRNFP,VTBR,YDEX;;;252;21;0,8;60;3,0;0,75;10,0;252,0;1,116361443000255;0,0723116025165979;0,1765820579075233;0,4095070777489058;-0,1812337071981773;0,0140428677014042;38;22,05263157894737;0,5274463007159904
russia;PLZL;coverage;30;25;AFKS,AFLT,ALRS,CHMF,GAZP,GMKN,HYDR,IRAO,LKOH,MAGN,MGNT,MOEX,MTSS,NLMK,NVTK,PHOR,RASP,ROSN,RTKM,SBER,SNGS,TATN,TRNFP,VTBR,YDEX;;;252;21;0,8;60;3,0;1,0;10,0;252,0;0,8655543536673462;0,0597888880987818;0,1663790446522118;0,359353476417422;-0,1788269529705149;0,0140428677014042;38;18,57894736842105;0,5297450424929179
russia;PLZL;coverage;30;25;AFKS,AFLT,ALRS,CHMF,GAZP,GMKN,HYDR,IRAO,LKOH,MAGN,MGNT,MOEX,MTSS,NLMK,NVTK,PHOR,RASP,ROSN,RTKM,SBER,SNGS,TATN,TRNFP,VTBR,YDEX;;;252;63;0,8;60;1,0;0,25;10,0;252,0;3,766926337814179;0,1565432938554787;0,4940683677414557;0,3168454086042547;-0,5312303366508635;0,0558019216555801;130;28,32894736842105;0,5030190431955411
russia;PLZL;coverage;30;25;AFKS,AFLT,ALRS,CHMF,GAZP,GMKN,HYDR,IRAO,LKOH,MAGN,MGNT,MOEX,MTSS,NLMK,NVTK,PHOR,RASP,ROSN,RTKM,SBER,SNGS,TATN,TRNFP,VTBR,YDEX;;;252;63;0,8;60;1,0;0,5;10,0;252,0;2,1520028771578987;0,1128370301285293;0,4850291600077699;0,2326396832032154;-0,5838020704955775;0,0635624538063562;159;22,75581395348837;0,5017884517118038
russia;PLZL;coverage;30;25;AFKS,AFLT,ALRS,CHMF,GAZP,GMKN,HYDR,IRAO,LKOH,MAGN,MGNT,MOEX,MTSS,NLMK,NVTK,PHOR,RASP,ROSN,RTKM,SBER,SNGS,TATN,TRNFP,VTBR,YDEX;;;252;63;0,8;60;1,0;0,75;10,0;252,0;0,2950872356087965;0,0243727149452814;0,4616921733286514;0,0527899677604714;-0,6539425647830706;0,0768662232076866;198;16,91346153846154;0,4923251847640705
russia;PLZL;coverage;30;25;AFKS,AFLT,ALRS,CHMF,GAZP,GMKN,HYDR,IRAO,LKOH,MAGN,MGNT,MOEX,MTSS,NLMK,NVTK,PHOR,RASP,ROSN,RTKM,SBER,SNGS,TATN,TRNFP,VTBR,YDEX;;;252;63;0,8;60;1,5;0,25;10,0;252,0;4,842108554318973;0,1786581360949597;0,4817936218203939;0,3708188070649906;-0,5053337370654558;0,0439763488543976;106;32,78333333333333;0,505338078291815
russia;PLZL;coverage;30;25;AFKS,AFLT,ALRS,CHMF,GAZP,GMKN,HYDR,IRAO,LKOH,MAGN,MGNT,MOEX,MTSS,NLMK,NVTK,PHOR,RASP,ROSN,RTKM,SBER,SNGS,TATN,TRNFP,VTBR,YDEX;;;252;63;0,8;60;1,5;0,5;10,0;252,0;4,094179271201822;0,1637167007266569;0,4706821753830064;0,3478285545728098;-0,5612141517638141;0,0480413895048041;121;26,415384615384617;0,504950495049505
russia;PLZL;coverage;30;25;AFKS,AFLT,ALRS,CHMF,GAZP,GMKN,HYDR,IRAO,LKOH,MAGN,MGNT,MOEX,MTSS,NLMK,NVTK,PHOR,RASP,ROSN,RTKM,SBER,SNGS,TATN,TRNFP,VTBR,YDEX;;;252;63;0,8;60;1,5;0,75;10,0;252,0;1,0790883132730211;0,0705386657838396;0,4394377576088395;0,1605202660956339;-0,5921129463499692;0,0532150776053215;137;21,27777777777778;0,4973890339425587
russia;PLZL;coverage;30;25;AFKS,AFLT,ALRS,CHMF,GAZP,GMKN,HYDR,IRAO,LKOH,MAGN,MGNT,MOEX,MTSS,NLMK,NVTK,PHOR,RASP,ROSN,RTKM,SBER,SNGS,TATN,TRNFP,VTBR,YDEX;;;252;63;0,8;60;1,5;1,0;10,0;252,0;0,6117773540060703;0,0454555440408481;0,4257353167939943;0,106769493269085;-0,6225273430856142;0,0576496674057649;149;16,935897435897434;0,493565480696442
russia;PLZL;coverage;30;25;AFKS,AFLT,ALRS,CHMF,GAZP,GMKN,HYDR,IRAO,LKOH,MAGN,MGNT,MOEX,MTSS,NLMK,NVTK,PHOR,RASP,ROSN,RTKM,SBER,SNGS,TATN,TRNFP,VTBR,YDEX;;;252;63;0,8;60;2,0;0,25;10,0;252,0;6,437128967897938;0,2054545133551855;0,3882258965747805;0,529213829288203;-0,5053337370654556;0,0328898743532889;82;37,37777777777778;0,5089179548156956
russia;PLZL;coverage;30;25;AFKS,AFLT,ALRS,CHMF,GAZP,GMKN,HYDR,IRAO,LKOH,MAGN,MGNT,MOEX,MTSS,NLMK,NVTK,PHOR,RASP,ROSN,RTKM,SBER,SNGS,TATN,TRNFP,VTBR,YDEX;;;252;63;0,8;60;2,0;0,5;10,0;252,0;5,462742265156007;0,1897924014225778;0,3711800591167277;0,5113216530926097;-0,4235312788217592;0,0362158167036215;94;28,93877551020408;0,5070521861777151
russia;PLZL;coverage;30;25;AFKS,AFLT,ALRS,CHMF,GAZP,GMKN,HYDR,IRAO,LKOH,MAGN,MGNT,MOEX,MTSS,NLMK,NVTK,PHOR,RASP,ROSN,RTKM,SBER,SNGS,TATN,TRNFP,VTBR,YDEX;;;252;63;0,8;60;2,0;0,75;10,0;252,0;2,147358956318511;0,1126842408678816;0,3300611934969337;0,341404088357114;-0,4235312788217594;0,0384331116038433;101;23,307692307692307;0,5074257425742574
russia;PLZL;coverage;30;25;AFKS,AFLT,ALRS,CHMF,GAZP,GMKN,HYDR,IRAO,LKOH,MAGN,MGNT,MOEX,MTSS,NLMK,NVTK,PHOR,RASP,ROSN,RTKM,SBER,SNGS,TATN,TRNFP,VTBR,YDEX;;;252;63;0,8;60;2,0;1,0;10,0;252,0;0,940641381651704;0,0636905574902726;0,3057018063357708;0,2083421038746412;-0,4492935212568254;0,0384331116038433;101;19,307692307692307;0,500996015936255
russia;PLZL;coverage;30;25;AFKS,AFLT,ALRS,CHMF,GAZP,GMKN,HYDR,IRAO,LKOH,MAGN,MGNT,MOEX,MTSS,NLMK,NVTK,PHOR,RASP,ROSN,RTKM,SBER,SNGS,TATN,TRNFP,VTBR,YDEX;;;252;63;0,8;60;2,5;0,25;10,0;252,0;1,8808115866528177;0,1035523951235104;0,3347588120357082;0,3093343368432812;-0,4487036812735209;0,0221729490022172;58;45,333333333333336;0,5095588235294117
russia;PLZL;coverage;30;25;AFKS,AFLT,ALRS,CHMF,GAZP,GMKN,HYDR,IRAO,LKOH,MAGN,MGNT,MOEX,MTSS,NLMK,NVTK,PHOR,RASP,ROSN,RTKM,SBER,SNGS,TATN,TRNFP,VTBR,YDEX;;;252;63;0,8;60;2,5;0,5;10,0;252,0;1,5348026467911882;0,0904803870569719;0,3201925295074804;0,2825811932469151;-0,4298138616233203;0,0229120473022912;60;36,74193548387097;0,5030728709394205
russia;PLZL;coverage;30;25;AFKS,AFLT,ALRS,CHMF,GAZP,GMKN,HYDR,IRAO,LKOH,MAGN,MGNT,MOEX,MTSS,NLMK,NVTK,PHOR,RASP,ROSN,RTKM,SBER,SNGS,TATN,TRNFP,VTBR,YDEX;;;252;63;0,8;60;2,5;0,75;10,0;252,0;0,1395532029030537;0,0122399855175865;0,2722050587117501;0,044966047198072;-0,6354068681747715;0,0236511456023651;63;30,375;0,4969135802469135
russia;PLZL;coverage;30;25;AFKS,AFLT,ALRS,CHMF,GAZP,GMKN,HYDR,IRAO,LKOH,MAGN,MGNT,MOEX,MTSS,NLMK,NVTK,PHOR,RASP,ROSN,RTKM,SBER,SNGS,TATN,TRNFP,VTBR,YDEX;;;252;63;0,8;60;2,5;1,0;10,0;252,0;-0,112166499657721;-0,011018194307005;0,2447476578263421;-0,045018589370211;-0,6163850458865141;0,0236511456023651;63;24,40625;0,4929577464788732
russia;PLZL;coverage;30;25;AFKS,AFLT,ALRS,CHMF,GAZP,GMKN,HYDR,IRAO,LKOH,MAGN,MGNT,MOEX,MTSS,NLMK,NVTK,PHOR,RASP,ROSN,RTKM,SBER,SNGS,TATN,TRNFP,VTBR,YDEX;;;252;63;0,8;60;3,0;0,25;10,0;252,0;1,6452861487742276;0,0948215864095618;0,3070892818811497;0,3087753041353618;-0,4625984558204085;0,0155210643015521;41;47,904761904761905;0,5059642147117296
russia;PLZL;coverage;30;25;AFKS,AFLT,ALRS,CHMF,GAZP,GMKN,HYDR,IRAO,LKOH,MAGN,MGNT,MOEX,MTSS,NLMK,NVTK,PHOR,RASP,ROSN,RTKM,SBER,SNGS,TATN,TRNFP,VTBR,YDEX;;;252;63;0,8;60;3,0;0,5;10,0;252,0;0,857426538553343;0,0593580466163043;0,2950293369844071;0,2011937091511736;-0,4619675609218912;0,0155210643015521;41;40,80952380952381;0,4935822637106184
russia;PLZL;coverage;30;25;AFKS,AFLT,ALRS,CHMF,GAZP,GMKN,HYDR,IRAO,LKOH,MAGN,MGNT,MOEX,MTSS,NLMK,NVTK,PHOR,RASP,ROSN,RTKM,SBER,SNGS,TATN,TRNFP,VTBR,YDEX;;;252;63;0,8;60;3,0;0,75;10,0;252,0;-0,1324068227539016;-0,0131398688918532;0,2504934963556526;-0,0524559283295609;-0,6423168531212677;0,0155210643015521;42;34,80952380952381;0,4883720930232558
russia;PLZL;coverage;30;25;AFKS,AFLT,ALRS,CHMF,GAZP,GMKN,HYDR,IRAO,LKOH,MAGN,MGNT,MOEX,MTSS,NLMK,NVTK,PHOR,RASP,ROSN,RTKM,SBER,SNGS,TATN,TRNFP,VTBR,YDEX;;;252;63;0,8;60;3,0;1,0;10,0;252,0;-0,2148724743839164;-0,0222762589049777;0,2228014294063788;-0,0999825672767428;-0,5912913134029993;0,0155210643015521;42;27,19047619047619;0,4886164623467601
russia;MOEX;coverage;30;25;AFKS,AFLT,ALRS,CHMF,GAZP,GMKN,HYDR,IRAO,LKOH,MAGN,MGNT,MTSS,NLMK,NVTK,PHOR,PLZL,RASP,ROSN,RTKM,SBER,SNGS,TATN,TRNFP,VTBR,YDEX;;;252;5;0,8;60;1,0;0,25;10,0;252,0;7,906186633532791;0,2258613831494302;0,2405611679040742;0,9388937754055734;-0,3314711610188309;0,0757575757575757;190;18,097087378640776;0,5214592274678111
russia;MOEX;coverage;30;25;AFKS,AFLT,ALRS,CHMF,GAZP,GMKN,HYDR,IRAO,LKOH,MAGN,MGNT,MTSS,NLMK,NVTK,PHOR,PLZL,RASP,ROSN,RTKM,SBER,SNGS,TATN,TRNFP,VTBR,YDEX;;;252;5;0,8;60;1,0;0,5;10,0;252,0;8,428139696830973;0,2323803711700354;0,2281962865663019;1,018335463151885;-0,3038798266084611;0,0927568366592756;246;12,992063492063492;0,5271838729383018
russia;MOEX;coverage;30;25;AFKS,AFLT,ALRS,CHMF,GAZP,GMKN,HYDR,IRAO,LKOH,MAGN,MGNT,MTSS,NLMK,NVTK,PHOR,PLZL,RASP,ROSN,RTKM,SBER,SNGS,TATN,TRNFP,VTBR,YDEX;;;252;5;0,8;60;1,0;0,75;10,0;252,0;5,714228372493146;0,1940297803915951;0,2201082801504478;0,8815196786734801;-0,3421259450855303;0,1127124907612712;301;9,235294117647058;0,5293701344656758
russia;MOEX;coverage;30;25;AFKS,AFLT,ALRS,CHMF,GAZP,GMKN,HYDR,IRAO,LKOH,MAGN,MGNT,MTSS,NLMK,NVTK,PHOR,PLZL,RASP,ROSN,RTKM,SBER,SNGS,TATN,TRNFP,VTBR,YDEX;;;252;5;0,8;60;1,5;0,25;10,0;252,0;4,957721753667104;0,1808110789307921;0,2250249830134359;0,8035155764015599;-0,3096855884340787;0,0517368810051736;132;22,485714285714284;0,5184243964421855
russia;MOEX;coverage;30;25;AFKS,AFLT,ALRS,CHMF,GAZP,GMKN,HYDR,IRAO,LKOH,MAGN,MGNT,MTSS,NLMK,NVTK,PHOR,PLZL,RASP,ROSN,RTKM,SBER,SNGS,TATN,TRNFP,VTBR,YDEX;;;252;5;0,8;60;1,5;0,5;10,0;252,0;6,838474926454369;0,2113692762018979;0,2121431633073267;0,9963520525791932;-0,2523336897265937;0,0576496674057649;151;17,03846153846154;0,5297215951843491
russia;MOEX;coverage;30;25;AFKS,AFLT,ALRS,CHMF,GAZP,GMKN,HYDR,IRAO,LKOH,MAGN,MGNT,MTSS,NLMK,NVTK,PHOR,PLZL,RASP,ROSN,RTKM,SBER,SNGS,TATN,TRNFP,VTBR,YDEX;;;252;5;0,8;60;1,5;0,75;10,0;252,0;5,026742289762989;0,1820783824045466;0,2029222655106727;0,8972814390098077;-0,261958112351645;0,065040650406504;172;12,886363636363637;0,5317460317460317
russia;MOEX;coverage;30;25;AFKS,AFLT,ALRS,CHMF,GAZP,GMKN,HYDR,IRAO,LKOH,MAGN,MGNT,MTSS,NLMK,NVTK,PHOR,PLZL,RASP,ROSN,RTKM,SBER,SNGS,TATN,TRNFP,VTBR,YDEX;;;252;5;0,8;60;1,5;1,0;10,0;252,0;2,892599375301296;0,1349242894975164;0,191493879853254;0,7045879983261704;-0,2755799508507838;0,073170731707317;196;9,828282828282829;0,5282631038026722
russia;MOEX;coverage;30;25;AFKS,AFLT,ALRS,CHMF,GAZP,GMKN,HYDR,IRAO,LKOH,MAGN,MGNT,MTSS,NLMK,NVTK,PHOR,PLZL,RASP,ROSN,RTKM,SBER,SNGS,TATN,TRNFP,VTBR,YDEX;;;252;5;0,8;60;2,0;0,25;10,0;252,0;4,965568191086793;0,1809558181588684;0,2094275122474763;0,8640498863637196;-0,3055738141819483;0,040650406504065;105;24,618181818181817;0,5251107828655834
russia;MOEX;coverage;30;25;AFKS,AFLT,ALRS,CHMF,GAZP,GMKN,HYDR,IRAO,LKOH,MAGN,MGNT,MTSS,NLMK,NVTK,PHOR,PLZL,RASP,ROSN,RTKM,SBER,SNGS,TATN,TRNFP,VTBR,YDEX;;;252;5;0,8;60;2,0;0,5;10,0;252,0;6,2498888145178455;0,202595429244295;0,1948884996401423;1,039545327807354;-0,2478803058304154;0,0436067997043606;115;18,271186440677965;0,5380333951762524
russia;MOEX;coverage;30;25;AFKS,AFLT,ALRS,CHMF,GAZP,GMKN,HYDR,IRAO,LKOH,MAGN,MGNT,MTSS,NLMK,NVTK,PHOR,PLZL,RASP,ROSN,RTKM,SBER,SNGS,TATN,TRNFP,VTBR,YDEX;;;252;5;0,8;60;2,0;0,75;10,0;252,0;3,444045521519497;0,14901386794042;0,1854097841425981;0,8037001317353022;-0,303980256137719;0,0443458980044345;118;15,233333333333333;0,5350109409190372
russia;MOEX;coverage;30;25;AFKS,AFLT,ALRS,CHMF,GAZP,GMKN,HYDR,IRAO,LKOH,MAGN,MGNT,MTSS,NLMK,NVTK,PHOR,PLZL,RASP,ROSN,RTKM,SBER,SNGS,TATN,TRNFP,VTBR,YDEX;;;252;5;0,8;60;2,0;1,0;10,0;252,0;1,9241717609189064;0,1050887656169641;0,1741393670998367;0,6034750634916178;-0,3125005198864036;0,0458240946045824;123;12,274193548387096;0,5308804204993429
russia;MOEX;coverage;30;25;AFKS,AFLT,ALRS,CHMF,GAZP,GMKN,HYDR,IRAO,LKOH,MAGN,MGNT,MTSS,NLMK,NVTK,PHOR,PLZL,RASP,ROSN,RTKM,SBER,SNGS,TATN,TRNFP,VTBR,YDEX;;;252;5;0,8;60;2,5;0,25;10,0;252,0;6,788645668543329;0,2106500636303083;0,1713626307294677;1,2292648795924717;-0,2716643709283248;0,032520325203252;84;23,545454545454547;0,5444015444015444
russia;MOEX;coverage;30;25;AFKS,AFLT,ALRS,CHMF,GAZP,GMKN,HYDR,IRAO,LKOH,MAGN,MGNT,MTSS,NLMK,NVTK,PHOR,PLZL,RASP,ROSN,RTKM,SBER,SNGS,TATN,TRNFP,VTBR,YDEX;;;252;5;0,8;60;2,5;0,5;10,0;252,0;7,282653275266648;0,2176032688822178;0,1546984336427013;1,4066287793501802;-0,2765203380569125;0,0339985218033998;90;17,26086956521739;0,5604534005037783
russia;MOEX;coverage;30;25;AFKS,AFLT,ALRS,CHMF,GAZP,GMKN,HYDR,IRAO,LKOH,MAGN,MGNT,MTSS,NLMK,NVTK,PHOR,PLZL,RASP,ROSN,RTKM,SBER,SNGS,TATN,TRNFP,VTBR,YDEX;;;252;5;0,8;60;2,5;0,75;10,0;252,0;4,230075025962674;0,1665733359692189;0,144095544161274;1,1559922753946328;-0,2831728193972262;0,0339985218033998;91;14,434782608695652;0,5572289156626506
russia;MOEX;coverage;30;25;AFKS,AFLT,ALRS,CHMF,GAZP,GMKN,HYDR,IRAO,LKOH,MAGN,MGNT,MTSS,NLMK,NVTK,PHOR,PLZL,RASP,ROSN,RTKM,SBER,SNGS,TATN,TRNFP,VTBR,YDEX;;;252;5;0,8;60;2,5;1,0;10,0;252,0;2,4441713901225066;0,1220617607216061;0,1331380971594664;0,9168056576278566;-0,2946270004264402;0,0339985218033998;92;12,130434782608695;0,5519713261648745
russia;MOEX;coverage;30;25;AFKS,AFLT,ALRS,CHMF,GAZP,GMKN,HYDR,IRAO,LKOH,MAGN,MGNT,MTSS,NLMK,NVTK,PHOR,PLZL,RASP,ROSN,RTKM,SBER,SNGS,TATN,TRNFP,VTBR,YDEX;;;252;5;0,8;60;3,0;0,25;10,0;252,0;2,1451517312687463;0,1126115494454949;0,1304265996279458;0,8634093794266658;-0,2418629173672647;0,0184774575018477;48;23,72;0,5345699831365935
russia;MOEX;coverage;30;25;AFKS,AFLT,ALRS,CHMF,GAZP,GMKN,HYDR,IRAO,LKOH,MAGN,MGNT,MTSS,NLMK,NVTK,PHOR,PLZL,RASP,ROSN,RTKM,SBER,SNGS,TATN,TRNFP,VTBR,YDEX;;;252;5;0,8;60;3,0;0,5;10,0;252,0;1,7065129071620144;0,0971570296321941;0,1194675929877636;0,8132500806486109;-0,2469175770671072;0,0184774575018477;50;18,44;0,5379609544468547
russia;MOEX;coverage;30;25;AFKS,AFLT,ALRS,CHMF,GAZP,GMKN,HYDR,IRAO,LKOH,MAGN,MGNT,MTSS,NLMK,NVTK,PHOR,PLZL,RASP,ROSN,RTKM,SBER,SNGS,TATN,TRNFP,VTBR,YDEX;;;252;5;0,8;60;3,0;0,75;10,0;252,0;1,233468803070319;0,0777033576674284;0,1121075143536602;0,6931146240768603;-0,2638323550764969;0,0184774575018477;50;15,44;0,5310880829015544
russia;MOEX;coverage;30;25;AFKS,AFLT,ALRS,CHMF,GAZP,GMKN,HYDR,IRAO,LKOH,MAGN,MGNT,MTSS,NLMK,NVTK,PHOR,PLZL,RASP,ROSN,RTKM,SBER,SNGS,TATN,TRNFP,VTBR,YDEX;;;252;5;0,8;60;3,0;1,0;10,0;252,0;0,8054547375495471;0,0565619909176391;0,106189828177551;0,5326498016652463;-0,2639144039012228;0,0184774575018477;50;12,96;0,5308641975308642
russia;MOEX;coverage;30;25;AFKS,AFLT,ALRS,CHMF,GAZP,GMKN,HYDR,IRAO,LKOH,MAGN,MGNT,MTSS,NLMK,NVTK,PHOR,PLZL,RASP,ROSN,RTKM,SBER,SNGS,TATN,TRNFP,VTBR,YDEX;;;252;10;0,8;60;1,0;0,25;10,0;252,0;3,659289876158013;0,1540860754118047;0,2492479864098666;0,6182038925619388;-0,3314337417505497;0,0676274944567627;173;20,07608695652174;0,5138061721710883
russia;MOEX;coverage;30;25;AFKS,AFLT,ALRS,CHMF,GAZP,GMKN,HYDR,IRAO,LKOH,MAGN,MGNT,MTSS,NLMK,NVTK,PHOR,PLZL,RASP,ROSN,RTKM,SBER,SNGS,TATN,TRNFP,VTBR,YDEX;;;252;10;0,8;60;1,0;0,5;10,0;252,0;6,380174103032878;0,2045918091386243;0,236841833486314;0,8638330742801257;-0,3744951093692603;0,0868440502586844;231;13,83898305084746;0,5266380894060012
russia;MOEX;coverage;30;25;AFKS,AFLT,ALRS,CHMF,GAZP,GMKN,HYDR,IRAO,LKOH,MAGN,MGNT,MTSS,NLMK,NVTK,PHOR,PLZL,RASP,ROSN,RTKM,SBER,SNGS,TATN,TRNFP,VTBR,YDEX;;;252;10;0,8;60;1,0;0,75;10,0;252,0;5,933625284393141;0,1976105126917959;0,2276531488503192;0,8680332940253941;-0,3605308867050363;0,1075388026607538;287;9,650684931506849;0,525195173882186
russia;MOEX;coverage;30;25;AFKS,AFLT,ALRS,CHMF,GAZP,GMKN,HYDR,IRAO,LKOH,MAGN,MGNT,MTSS,NLMK,NVTK,PHOR,PLZL,RASP,ROSN,RTKM,SBER,SNGS,TATN,TRNFP,VTBR,YDEX;;;252;10;0,8;60;1,5;0,25;10,0;252,0;5,730173826039459;0,1942935722916003;0,2321502941594744;0,8369301145840091;-0,3152619865507661;0,0509977827050997;129;22,782608695652176;0,5159033078880407
russia;MOEX;coverage;30;25;AFKS,AFLT,ALRS,CHMF,GAZP,GMKN,HYDR,IRAO,LKOH,MAGN,MGNT,MTSS,NLMK,NVTK,PHOR,PLZL,RASP,ROSN,RTKM,SBER,SNGS,TATN,TRNFP,VTBR,YDEX;;;252;10;0,8;60;1,5;0,5;10,0;252,0;4,976042418633414;0,1811487620707457;0,2202492385082974;0,8224716838869854;-0,3630476431886585;0,056910569105691;151;17,428571428571427;0,5253353204172876
russia;MOEX;coverage;30;25;AFKS,AFLT,ALRS,CHMF,GAZP,GMKN,HYDR,IRAO,LKOH,MAGN,MGNT,MTSS,NLMK,NVTK,PHOR,PLZL,RASP,ROSN,RTKM,SBER,SNGS,TATN,TRNFP,VTBR,YDEX;;;252;10;0,8;60;1,5;0,75;10,0;252,0;4,44168997804231;0,1708903569337954;0,2116822312202878;0,8072966538034918;-0,3249627971597563;0,0635624538063562;169;13,325581395348838;0,5261780104712042
russia;MOEX;coverage;30;25;AFKS,AFLT,ALRS,CHMF,GAZP,GMKN,HYDR,IRAO,LKOH,MAGN,MGNT,MTSS,NLMK,NVTK,PHOR,PLZL,RASP,ROSN,RTKM,SBER,SNGS,TATN,TRNFP,VTBR,YDEX;;;252;10;0,8;60;1,5;1,0;10,0;252,0;2,682468867855505;0,1290742081028963;0,2007911263921595;0,642828248549217;-0,2733858796921156;0,0724316334072431;195;9,89795918367347;0,5329896907216495
russia;MOEX;coverage;30;25;AFKS,AFLT,ALRS,CHMF,GAZP,GMKN,HYDR,IRAO,LKOH,MAGN,MGNT,MTSS,NLMK,NVTK,PHOR,PLZL,RASP,ROSN,RTKM,SBER,SNGS,TATN,TRNFP,VTBR,YDEX;;;252;10;0,8;60;2,0;0,25;10,0;252,0;4,89885652616218;0,1797196752784176;0,2166565981859243;0,8295139718024687;-0,2787354264132068;0,0391722099039172;101;24,867924528301888;0,5204855842185129
russia;MOEX;coverage;30;25;AFKS,AFLT,ALRS,CHMF,GAZP,GMKN,HYDR,IRAO,LKOH,MAGN,MGNT,MTSS,NLMK,NVTK,PHOR,PLZL,RASP,ROSN,RTKM,SBER,SNGS,TATN,TRNFP,VTBR,YDEX;;;252;10;0,8;60;2,0;0,5;10,0;252,0;3,21451510565489;0,1433533995767841;0,184362708503119;0,777561800543622;-0,3497452935048836;0,0413895048041389;111;19,553571428571427;0,5324200913242009
russia;MOEX;coverage;30;25;AFKS,AFLT,ALRS,CHMF,GAZP,GMKN,HYDR,IRAO,LKOH,MAGN,MGNT,MTSS,NLMK,NVTK,PHOR,PLZL,RASP,ROSN,RTKM,SBER,SNGS,TATN,TRNFP,VTBR,YDEX;;;252;10;0,8;60;2,0;0,75;10,0;252,0;2,9729223080284277;0,1370850660315252;0,1709312355380662;0,8019895579646501;-0,3051141821229345;0,0443458980044345;119;15,3;0,5337690631808278
russia;MOEX;coverage;30;25;AFKS,AFLT,ALRS,CHMF,GAZP,GMKN,HYDR,IRAO,LKOH,MAGN,MGNT,MTSS,NLMK,NVTK,PHOR,PLZL,RASP,ROSN,RTKM,SBER,SNGS,TATN,TRNFP,VTBR,YDEX;;;252;10;0,8;60;2,0;1,0;10,0;252,0;1,9269217640028888;0,105185507623251;0,1580364857994933;0,6655773639304012;-0,2414544121348477;0,0473022912047302;128;11,859375;0,5401844532279315
russia;MOEX;coverage;30;25;AFKS,AFLT,ALRS,CHMF,GAZP,GMKN,HYDR,IRAO,LKOH,MAGN,MGNT,MTSS,NLMK,NVTK,PHOR,PLZL,RASP,ROSN,RTKM,SBER,SNGS,TATN,TRNFP,VTBR,YDEX;;;252;10;0,8;60;2,5;0,25;10,0;252,0;7,52002598897111;0,2208114673222492;0,1975603812833721;1,1176910364711574;-0,1734642117848538;0,032520325203252;84;23,454545454545453;0,5377906976744186
russia;MOEX;coverage;30;25;AFKS,AFLT,ALRS,CHMF,GAZP,GMKN,HYDR,IRAO,LKOH,MAGN,MGNT,MTSS,NLMK,NVTK,PHOR,PLZL,RASP,ROSN,RTKM,SBER,SNGS,TATN,TRNFP,VTBR,YDEX;;;252;10;0,8;60;2,5;0,5;10,0;252,0;4,82668627965023;0,1783680280099748;0,1646854773688355;1,0830829218200912;-0,2171567037775967;0,0339985218033998;91;18,934782608695652;0,547646383467279
russia;MOEX;coverage;30;25;AFKS,AFLT,ALRS,CHMF,GAZP,GMKN,HYDR,IRAO,LKOH,MAGN,MGNT,MTSS,NLMK,NVTK,PHOR,PLZL,RASP,ROSN,RTKM,SBER,SNGS,TATN,TRNFP,VTBR,YDEX;;;252;10;0,8;60;2,5;0,75;10,0;252,0;4,450295590457359;0,1710626729889224;0,1512443641011147;1,1310350240525866;-0,2362549289002624;0,0354767184035476;95;14,541666666666666;0,5515759312320917
russia;MOEX;coverage;30;25;AFKS,AFLT,ALRS,CHMF,GAZP,GMKN,HYDR,IRAO,LKOH,MAGN,MGNT,MTSS,NLMK,NVTK,PHOR,PLZL,RASP,ROSN,RTKM,SBER,SNGS,TATN,TRNFP,VTBR,YDEX;;;252;10;0,8;60;2,5;1,0;10,0;252,0;2,615434010809789;0,1271441579447136;0,1366185515368673;0,9306507536086934;-0,2127921226117823;0,0354767184035476;96;12,166666666666666;0,5565068493150684
russia;MOEX;coverage;30;25;AFKS,AFLT,ALRS,CHMF,GAZP,GMKN,HYDR,IRAO,LKOH,MAGN,MGNT,MTSS,NLMK,NVTK,PHOR,PLZL,RASP,ROSN,RTKM,SBER,SNGS,TATN,TRNFP,VTBR,YDEX;;;252;10;0,8;60;3,0;0,25;10,0;252,0;2,3611869365449594;0,1195161401818123;0,1302360189368773;0,9176888326088908;-0,1807421594252128;0,0192165558019216;51;22,73076923076923;0,5262267343485617
russia;MOEX;coverage;30;25;AFKS,AFLT,ALRS,CHMF,GAZP,GMKN,HYDR,IRAO,LKOH,MAGN,MGNT,MTSS,NLMK,NVTK,PHOR,PLZL,RASP,ROSN,RTKM,SBER,SNGS,TATN,TRNFP,VTBR,YDEX;;;252;10;0,8;60;3,0;0,5;10,0;252,0;2,026517962479421;0,1086348006042305;0,1237757024495048;0,8776746845654053;-0,1807421594252124;0,0199556541019955;54;18,14814814814815;0,536734693877551
russia;MOEX;coverage;30;25;AFKS,AFLT,ALRS,CHMF,GAZP,GMKN,HYDR,IRAO,LKOH,MAGN,MGNT,MTSS,NLMK,NVTK,PHOR,PLZL,RASP,ROSN,RTKM,SBER,SNGS,TATN,TRNFP,VTBR,YDEX;;;252;10;0,8;60;3,0;0,75;10,0;252,0;1,6580966725453383;0,0953142591668441;0,1148541662854766;0,8298720216203128;-0,2081384608493487;0,0199556541019955;54;14,62962962962963;0,5367088607594936
russia;MOEX;coverage;30;25;AFKS,AFLT,ALRS,CHMF,GAZP,GMKN,HYDR,IRAO,LKOH,MAGN,MGNT,MTSS,NLMK,NVTK,PHOR,PLZL,RASP,ROSN,RTKM,SBER,SNGS,TATN,TRNFP,VTBR,YDEX;;;252;10;0,8;60;3,0;1,0;10,0;252,0;1,088375484750626;0,0709831000977008;0,1095321252158864;0,648057361781249;-0,2124224749760799;0,0199556541019955;54;12,925925925925926;0,5329512893982808
russia;MOEX;coverage;30;25;AFKS,AFLT,ALRS,CHMF,GAZP,GMKN,HYDR,IRAO,LKOH,MAGN,MGNT,MTSS,NLMK,NVTK,PHOR,PLZL,RASP,ROSN,RTKM,SBER,SNGS,TATN,TRNFP,VTBR,YDEX;;;252;21;0,8;60;1,0;0,25;10,0;252,0;6,432906499819682;0,2053907609653629;0,242961997105188;0,8453616755399033;-0,3599492898244404;0,0705838876570583;175;19,916666666666668;0,5230125523012552
russia;MOEX;coverage;30;25;AFKS,AFLT,ALRS,CHMF,GAZP,GMKN,HYDR,IRAO,LKOH,MAGN,MGNT,MTSS,NLMK,NVTK,PHOR,PLZL,RASP,ROSN,RTKM,SBER,SNGS,TATN,TRNFP,VTBR,YDEX;;;252;21;0,8;60;1,0;0,5;10,0;252,0;5,871472402442408;0,1966066807987039;0,2309125488486004;0,8514335049309536;-0,3528099884875384;0,0809312638580931;210;15,2;0,5227272727272727
russia;MOEX;coverage;30;25;AFKS,AFLT,ALRS,CHMF,GAZP,GMKN,HYDR,IRAO,LKOH,MAGN,MGNT,MTSS,NLMK,NVTK,PHOR,PLZL,RASP,ROSN,RTKM,SBER,SNGS,TATN,TRNFP,VTBR,YDEX;;;252;21;0,8;60;1,0;0,75;10,0;252,0;4,977279278779534;0,1811715258055799;0,2207403405009609;0,8207449775352289;-0,3040056712290182;0,1034737620103473;275;10,478571428571428;0,5255623721881391
russia;MOEX;coverage;30;25;AFKS,AFLT,ALRS,CHMF,GAZP,GMKN,HYDR,IRAO,LKOH,MAGN,MGNT,MTSS,NLMK,NVTK,PHOR,PLZL,RASP,ROSN,RTKM,SBER,SNGS,TATN,TRNFP,VTBR,YDEX;;;252;21;0,8;60;1,5;0,25;10,0;252,0;5,744827426181295;0,1945354932616345;0,2267318517306119;0,8579980791263901;-0,367406528686954;0,0495195861049519;125;24,074626865671643;0,5176689398636082
russia;MOEX;coverage;30;25;AFKS,AFLT,ALRS,CHMF,GAZP,GMKN,HYDR,IRAO,LKOH,MAGN,MGNT,MTSS,NLMK,NVTK,PHOR,PLZL,RASP,ROSN,RTKM,SBER,SNGS,TATN,TRNFP,VTBR,YDEX;;;252;21;0,8;60;1,5;0,5;10,0;252,0;6,281518394563255;0,2030830663749636;0,2144596990204591;0,946952118754908;-0,3826729541893161;0,0546932742054693;143;18,95945945945946;0,5245901639344263
russia;MOEX;coverage;30;25;AFKS,AFLT,ALRS,CHMF,GAZP,GMKN,HYDR,IRAO,LKOH,MAGN,MGNT,MTSS,NLMK,NVTK,PHOR,PLZL,RASP,ROSN,RTKM,SBER,SNGS,TATN,TRNFP,VTBR,YDEX;;;252;21;0,8;60;1,5;0,75;10,0;252,0;4,845416213284093;0,1787202659358604;0,2015704738194552;0,886639112114895;-0,3262802533005695;0,0620842572062084;165;13,726190476190476;0,5290546400693842
russia;MOEX;coverage;30;25;AFKS,AFLT,ALRS,CHMF,GAZP,GMKN,HYDR,IRAO,LKOH,MAGN,MGNT,MTSS,NLMK,NVTK,PHOR,PLZL,RASP,ROSN,RTKM,SBER,SNGS,TATN,TRNFP,VTBR,YDEX;;;252;21;0,8;60;1,5;1,0;10,0;252,0;2,543127135905519;0,1250255901594554;0,1829617605333917;0,6833427367279704;-0,3134830545856852;0,0694752402069475;188;10,819148936170214;0,528023598820059
russia;MOEX;coverage;30;25;AFKS,AFLT,ALRS,CHMF,GAZP,GMKN,HYDR,IRAO,LKOH,MAGN,MGNT,MTSS,NLMK,NVTK,PHOR,PLZL,RASP,ROSN,RTKM,SBER,SNGS,TATN,TRNFP,VTBR,YDEX;;;252;21;0,8;60;2,0;0,25;10,0;252,0;4,487601526238682;0,1718068335028508;0,2075244156029868;0,8278873259497959;-0,3307867023861137;0,0362158167036215;91;27,346938775510203;0,5201492537313432
russia;MOEX;coverage;30;25;AFKS,AFLT,ALRS,CHMF,GAZP,GMKN,HYDR,IRAO,LKOH,MAGN,MGNT,MTSS,NLMK,NVTK,PHOR,PLZL,RASP,ROSN,RTKM,SBER,SNGS,TATN,TRNFP,VTBR,YDEX;;;252;21;0,8;60;2,0;0,5;10,0;252,0;5,256646973207704;0,186206828668721;0,1955430730286236;0,9522547937121972;-0,3022880824706965;0,0384331116038433;99;22,173076923076923;0,5264527320034692
russia;MOEX;coverage;30;25;AFKS,AFLT,ALRS,CHMF,GAZP,GMKN,HYDR,IRAO,LKOH,MAGN,MGNT,MTSS,NLMK,NVTK,PHOR,PLZL,RASP,ROSN,RTKM,SBER,SNGS,TATN,TRNFP,VTBR,YDEX;;;252;21;0,8;60;2,0;0,75;10,0;252,0;3,7187923284906943;0,1554507347276681;0,1820354087483602;0,8539587753641829;-0,2485336455202771;0,0421286031042128;111;16,49122807017544;0,5287234042553192
russia;MOEX;coverage;30;25;AFKS,AFLT,ALRS,CHMF,GAZP,GMKN,HYDR,IRAO,LKOH,MAGN,MGNT,MTSS,NLMK,NVTK,PHOR,PLZL,RASP,ROSN,RTKM,SBER,SNGS,TATN,TRNFP,VTBR,YDEX;;;252;21;0,8;60;2,0;1,0;10,0;252,0;1,6832985467733828;0,0962772312017841;0,1583769931467969;0,6078990975194635;-0,2478311456882637;0,0458240946045824;124;13,03225806451613;0,5297029702970297
russia;MOEX;coverage;30;25;AFKS,AFLT,ALRS,CHMF,GAZP,GMKN,HYDR,IRAO,LKOH,MAGN,MGNT,MTSS,NLMK,NVTK,PHOR,PLZL,RASP,ROSN,RTKM,SBER,SNGS,TATN,TRNFP,VTBR,YDEX;;;252;21;0,8;60;2,5;0,25;10,0;252,0;4,295604812347345;0,1679268439443573;0,1812274228636186;0,926608353696722;-0,1810294830376833;0,0266075388026607;68;29,77777777777778;0,5242537313432836
russia;MOEX;coverage;30;25;AFKS,AFLT,ALRS,CHMF,GAZP,GMKN,HYDR,IRAO,LKOH,MAGN,MGNT,MTSS,NLMK,NVTK,PHOR,PLZL,RASP,ROSN,RTKM,SBER,SNGS,TATN,TRNFP,VTBR,YDEX;;;252;21;0,8;60;2,5;0,5;10,0;252,0;2,9741560634970776;0,1371179454083084;0,1703780524116745;0,804786435033301;-0,2059509189115924;0,0266075388026607;70;24,72222222222222;0,5235955056179775
russia;MOEX;coverage;30;25;AFKS,AFLT,ALRS,CHMF,GAZP,GMKN,HYDR,IRAO,LKOH,MAGN,MGNT,MTSS,NLMK,NVTK,PHOR,PLZL,RASP,ROSN,RTKM,SBER,SNGS,TATN,TRNFP,VTBR,YDEX;;;252;21;0,8;60;2,5;0,75;10,0;252,0;2,6904869854936613;0,1293029260142655;0,15452833880983;0,836758661939619;-0,1883762640331403;0,0280857354028085;74;18,13157894736842;0,5370101596516691
russia;MOEX;coverage;30;25;AFKS,AFLT,ALRS,CHMF,GAZP,GMKN,HYDR,IRAO,LKOH,MAGN,MGNT,MTSS,NLMK,NVTK,PHOR,PLZL,RASP,ROSN,RTKM,SBER,SNGS,TATN,TRNFP,VTBR,YDEX;;;252;21;0,8;60;2,5;1,0;10,0;252,0;1,1906621834762243;0,0757628864319985;0,123538768166003;0,613272153808378;-0,1931646536909262;0,0288248337028824;78;14,205128205128204;0,5415162454873647
russia;MOEX;coverage;30;25;AFKS,AFLT,ALRS,CHMF,GAZP,GMKN,HYDR,IRAO,LKOH,MAGN,MGNT,MTSS,NLMK,NVTK,PHOR,PLZL,RASP,ROSN,RTKM,SBER,SNGS,TATN,TRNFP,VTBR,YDEX;;;252;21;0,8;60;3,0;0,25;10,0;252,0;2,318213813665136;0,1181754194445294;0,1547551873653182;0,7636281630131219;-0,1624799033317148;0,0192165558019216;52;30,653846153846153;0,520702634880803
russia;MOEX;coverage;30;25;AFKS,AFLT,ALRS,CHMF,GAZP,GMKN,HYDR,IRAO,LKOH,MAGN,MGNT,MTSS,NLMK,NVTK,PHOR,PLZL,RASP,ROSN,RTKM,SBER,SNGS,TATN,TRNFP,VTBR,YDEX;;;252;21;0,8;60;3,0;0,5;10,0;252,0;2,2064788985125117;0,1146142593638628;0,1454567073296835;0,7879613217428671;-0,152948493301367;0,0192165558019216;52;25,03846153846154;0,5268817204301075
russia;MOEX;coverage;30;25;AFKS,AFLT,ALRS,CHMF,GAZP,GMKN,HYDR,IRAO,LKOH,MAGN,MGNT,MTSS,NLMK,NVTK,PHOR,PLZL,RASP,ROSN,RTKM,SBER,SNGS,TATN,TRNFP,VTBR,YDEX;;;252;21;0,8;60;3,0;0,75;10,0;252,0;1,712736315371878;0,0973917265230002;0,1340996081821582;0,7262640647741881;-0,1529484933013676;0,0192165558019216;52;19,153846153846153;0,5421686746987951
russia;MOEX;coverage;30;25;AFKS,AFLT,ALRS,CHMF,GAZP,GMKN,HYDR,IRAO,LKOH,MAGN,MGNT,MTSS,NLMK,NVTK,PHOR,PLZL,RASP,ROSN,RTKM,SBER,SNGS,TATN,TRNFP,VTBR,YDEX;;;252;21;0,8;60;3,0;1,0;10,0;252,0;0,9599419448227148;0,064671316156414;0,1052889173471301;0,6142271930026343;-0,1431122463175308;0,0192165558019216;52;14,923076923076923;0,5489690721649485
russia;MOEX;coverage;30;25;AFKS,AFLT,ALRS,CHMF,GAZP,GMKN,HYDR,IRAO,LKOH,MAGN,MGNT,MTSS,NLMK,NVTK,PHOR,PLZL,RASP,ROSN,RTKM,SBER,SNGS,TATN,TRNFP,VTBR,YDEX;;;252;63;0,8;60;1,0;0,25;10,0;252,0;2,6513579789127566;0,1281824685175225;0,2853131517477206;0,4492694000691002;-0,609478780196353;0,0594974131559497;144;24,97530864197531;0,5076618882847257
russia;MOEX;coverage;30;25;AFKS,AFLT,ALRS,CHMF,GAZP,GMKN,HYDR,IRAO,LKOH,MAGN,MGNT,MTSS,NLMK,NVTK,PHOR,PLZL,RASP,ROSN,RTKM,SBER,SNGS,TATN,TRNFP,VTBR,YDEX;;;252;63;0,8;60;1,0;0,5;10,0;252,0;2,1595752133892545;0,1130857296644038;0,276634811125724;0,4087906695625847;-0,6027928055454537;0,0705838876570583;179;19,135416666666668;0,5100707675557975
russia;MOEX;coverage;30;25;AFKS,AFLT,ALRS,CHMF,GAZP,GMKN,HYDR,IRAO,LKOH,MAGN,MGNT,MTSS,NLMK,NVTK,PHOR,PLZL,RASP,ROSN,RTKM,SBER,SNGS,TATN,TRNFP,VTBR,YDEX;;;252;63;0,8;60;1,0;0,75;10,0;252,0;3,3256093945513197;0,1461271125497467;0,2579893279957241;0,5664075862555393;-0,457376984100345;0,0934959349593495;243;13,149606299212598;0,5119760479041916
russia;MOEX;coverage;30;25;AFKS,AFLT,ALRS,CHMF,GAZP,GMKN,HYDR,IRAO,LKOH,MAGN,MGNT,MTSS,NLMK,NVTK,PHOR,PLZL,RASP,ROSN,RTKM,SBER,SNGS,TATN,TRNFP,VTBR,YDEX;;;252;63;0,8;60;1,5;0,25;10,0;252,0;1,3750089633848694;0,0838878481524947;0,2653289983572308;0,3161653971932261;-0,6159756342041682;0,0424981522542498;104;30,74137931034483;0,5058889512058329
russia;MOEX;coverage;30;25;AFKS,AFLT,ALRS,CHMF,GAZP,GMKN,HYDR,IRAO,LKOH,MAGN,MGNT,MTSS,NLMK,NVTK,PHOR,PLZL,RASP,ROSN,RTKM,SBER,SNGS,TATN,TRNFP,VTBR,YDEX;;;252;63;0,8;60;1,5;0,5;10,0;252,0;1,2401001386941344;0,0780009413583178;0,2562764345996912;0,3043625196368789;-0,6094008898757306;0,0473022912047302;120;24,890625;0,5040803515379787
russia;MOEX;coverage;30;25;AFKS,AFLT,ALRS,CHMF,GAZP,GMKN,HYDR,IRAO,LKOH,MAGN,MGNT,MTSS,NLMK,NVTK,PHOR,PLZL,RASP,ROSN,RTKM,SBER,SNGS,TATN,TRNFP,VTBR,YDEX;;;252;63;0,8;60;1,5;0,75;10,0;252,0;2,48908310063807;0,1234163575427036;0,2389675586754574;0,5164565358861777;-0,4642297826332572;0,0561714708056171;145;18,407894736842103;0,505360972122945
russia;MOEX;coverage;30;25;AFKS,AFLT,ALRS,CHMF,GAZP,GMKN,HYDR,IRAO,LKOH,MAGN,MGNT,MTSS,NLMK,NVTK,PHOR,PLZL,RASP,ROSN,RTKM,SBER,SNGS,TATN,TRNFP,VTBR,YDEX;;;252;63;0,8;60;1,5;1,0;10,0;252,0;4,540058724566543;0,1728455000982189;0,2301907044111231;0,7508795828241397;-0,3984560927193029;0,0672579453067258;175;12,615384615384617;0,5174216027874564
russia;MOEX;coverage;30;25;AFKS,AFLT,ALRS,CHMF,GAZP,GMKN,HYDR,IRAO,LKOH,MAGN,MGNT,MTSS,NLMK,NVTK,PHOR,PLZL,RASP,ROSN,RTKM,SBER,SNGS,TATN,TRNFP,VTBR,YDEX;;;252;63;0,8;60;2,0;0,25;10,0;252,0;1,1313417596369215;0,0730161901585704;0,2470855140179534;0,2955097972812158;-0,5624558390960934;0,0328898743532889;81;34,75555555555555;0,5070332480818415
russia;MOEX;coverage;30;25;AFKS,AFLT,ALRS,CHMF,GAZP,GMKN,HYDR,IRAO,LKOH,MAGN,MGNT,MTSS,NLMK,NVTK,PHOR,PLZL,RASP,ROSN,RTKM,SBER,SNGS,TATN,TRNFP,VTBR,YDEX;;;252;63;0,8;60;2,0;0,5;10,0;252,0;1,17810400564413;0,0751870858890373;0,2374716596151221;0,3166149847560564;-0,5549648014261712;0,0369549150036954;94;27,42;0,5054704595185996
russia;MOEX;coverage;30;25;AFKS,AFLT,ALRS,CHMF,GAZP,GMKN,HYDR,IRAO,LKOH,MAGN,MGNT,MTSS,NLMK,NVTK,PHOR,PLZL,RASP,ROSN,RTKM,SBER,SNGS,TATN,TRNFP,VTBR,YDEX;;;252;63;0,8;60;2,0;0,75;10,0;252,0;1,4873148280881212;0,0885615128047818;0,2118859704374748;0,4179677994816337;-0,4343209198188035;0,0391722099039172;102;21,849056603773583;0,5034542314335061
russia;MOEX;coverage;30;25;AFKS,AFLT,ALRS,CHMF,GAZP,GMKN,HYDR,IRAO,LKOH,MAGN,MGNT,MTSS,NLMK,NVTK,PHOR,PLZL,RASP,ROSN,RTKM,SBER,SNGS,TATN,TRNFP,VTBR,YDEX;;;252;63;0,8;60;2,0;1,0;10,0;252,0;3,0922583995064183;0,1402232884255148;0,1905964879360194;0,7357076195054852;-0,3492395513445708;0,0465631929046563;123;14,444444444444445;0,521978021978022
russia;MOEX;coverage;30;25;AFKS,AFLT,ALRS,CHMF,GAZP,GMKN,HYDR,IRAO,LKOH,MAGN,MGNT,MTSS,NLMK,NVTK,PHOR,PLZL,RASP,ROSN,RTKM,SBER,SNGS,TATN,TRNFP,VTBR,YDEX;;;252;63;0,8;60;2,5;0,25;10,0;252,0;1,269409485933032;0,0793067144765102;0,2174354196060154;0,3647368704703722;-0,3670968196749639;0,024020694752402;61;37,96969696969697;0,5051875498802874
russia;MOEX;coverage;30;25;AFKS,AFLT,ALRS,CHMF,GAZP,GMKN,HYDR,IRAO,LKOH,MAGN,MGNT,MTSS,NLMK,NVTK,PHOR,PLZL,RASP,ROSN,RTKM,SBER,SNGS,TATN,TRNFP,VTBR,YDEX;;;252;63;0,8;60;2,5;0,5;10,0;252,0;0,9953019086385466;0,0664456283965542;0,2077173757219413;0,3198847865548856;-0,3562611098452785;0,0258684405025868;68;30,914285714285715;0,5
russia;MOEX;coverage;30;25;AFKS,AFLT,ALRS,CHMF,GAZP,GMKN,HYDR,IRAO,LKOH,MAGN,MGNT,MTSS,NLMK,NVTK,PHOR,PLZL,RASP,ROSN,RTKM,SBER,SNGS,TATN,TRNFP,VTBR,YDEX;;;252;63;0,8;60;2,5;0,75;10,0;252,0;0,7026110767082236;0,0508069752771664;0,193675830193245;0,2623299728544987;-0,3505262974458323;0,0258684405025868;70;26,4;0,4935064935064935
russia;MOEX;coverage;30;25;AFKS,AFLT,ALRS,CHMF,GAZP,GMKN,HYDR,IRAO,LKOH,MAGN,MGNT,MTSS,NLMK,NVTK,PHOR,PLZL,RASP,ROSN,RTKM,SBER,SNGS,TATN,TRNFP,VTBR,YDEX;;;252;63;0,8;60;2,5;1,0;10,0;252,0;2,3972807901832907;0,120630276304317;0,1653963609108828;0,7293405709773372;-0,1913282278992915;0,0310421286031042;84;16,0;0,5193452380952381
russia;MOEX;coverage;30;25;AFKS,AFLT,ALRS,CHMF,GAZP,GMKN,HYDR,IRAO,LKOH,MAGN,MGNT,MTSS,NLMK,NVTK,PHOR,PLZL,RASP,ROSN,RTKM,SBER,SNGS,TATN,TRNFP,VTBR,YDEX;;;252;63;0,8;60;3,0;0,25;10,0;252,0;0,6049724699059886;0,0450437056259933;0,1751543582758747;0,2571657712053491;-0,3169307560839836;0,0151515151515151;39;39,0;0,4932844932844933
russia;MOEX;coverage;30;25;AFKS,AFLT,ALRS,CHMF,GAZP,GMKN,HYDR,IRAO,LKOH,MAGN,MGNT,MTSS,NLMK,NVTK,PHOR,PLZL,RASP,ROSN,RTKM,SBER,SNGS,TATN,TRNFP,VTBR,YDEX;;;252;63;0,8;60;3,0;0,5;10,0;252,0;0,5205842493709227;0,0398003969512261;0,1680754598001512;0,2368007619824483;-0,3052361709550935;0,0155210643015521;41;33,0;0,4906204906204906
russia;MOEX;coverage;30;25;AFKS,AFLT,ALRS,CHMF,GAZP,GMKN,HYDR,IRAO,LKOH,MAGN,MGNT,MTSS,NLMK,NVTK,PHOR,PLZL,RASP,ROSN,RTKM,SBER,SNGS,TATN,TRNFP,VTBR,YDEX;;;252;63;0,8;60;3,0;0,75;10,0;252,0;0,3727067273844506;0,0299404612381579;0,1511848070535494;0,1980388229589306;-0,299046797775331;0,0155210643015521;42;27,142857142857142;0,4842105263157895
russia;MOEX;coverage;30;25;AFKS,AFLT,ALRS,CHMF,GAZP,GMKN,HYDR,IRAO,LKOH,MAGN,MGNT,MTSS,NLMK,NVTK,PHOR,PLZL,RASP,ROSN,RTKM,SBER,SNGS,TATN,TRNFP,VTBR,YDEX;;;252;63;0,8;60;3,0;1,0;10,0;252,0;0,4070641255805303;0,032314283815664;0,1368452780762764;0,2361373682009861;-0,2006187726222202;0,016260162601626;44;20,681818181818183;0,4923076923076923
