fingerprint,stage,market,target,universe_selection_method,universe_size_requested,universe_size_actual,universe_assets,missing_priority_assets,filled_from_fallback,train_window,rebalance_frequency,pca_explained_variance,pca_component_selection_method,fixed_n_components,zscore_lookback,entry_z,exit_z,transaction_cost_bps,annualization_factor,min_asset_coverage,min_universe_assets,min_train_observations,valid_rebalance_windows,skipped_rebalance_windows,valid_rebalance_share,max_holding_period,stop_loss_z,stop_loss_exits,time_stop_exits,regression_type,ridge_alpha,total_return,annualized_return,annualized_volatility,sharpe_ratio,max_drawdown,turnover,number_of_trades,average_holding_period,hit_rate
"{""entry_z"": 2.0, ""exit_z"": 0.25, ""fixed_n_components"": null, ""max_holding_period"": null, ""min_asset_coverage"": 0.6, ""min_train_observations"": 480, ""min_universe_assets"": 5, ""pca_component_selection_method"": ""explained_variance"", ""pca_explained_variance"": 0.7, ""rebalance_frequency"": 24, ""regression_type"": ""OLS"", ""ridge_alpha"": 1.0, ""stage"": ""core"", ""stop_loss_z"": null, ""target"": ""SOL"", ""train_window"": 720, ""transaction_cost_bps"": 10, ""universe_selection_method"": ""priority_with_coverage_fallback"", ""universe_size"": 30, ""zscore_lookback"": 336}",core,crypto,SOL,priority_with_coverage_fallback,30,30,"BTC,ETH,XRP,BNB,TRX,ADA,AVAX,DOT,NEAR,ATOM,ALGO,DOGE,BCH,LTC,XLM,ETC,LINK,UNI,AAVE,INJ,FIL,VET,FET,GRT,THETA,XTZ,SAND,CHZ,DASH,HBAR","TON,SUI,ICP,MKR,RENDER,RNDR,ARB,OP,MATIC,POL,APT,SEI,EOS,MANA","CHZ,DASH,HBAR",720,24,0.7,explained_variance,,336,2.0,0.25,10.0,8760.0,0.6,5,480,1948,213,0.901434521055067,,,0,0,OLS,,385.4309194186248,2.053995633381682,0.7799612123862439,2.6334586909746536,-0.4921685525285949,0.007680787334189132,353,120.65517241379311,0.5142897970848814
"{""entry_z"": 2.0, ""exit_z"": 0.25, ""fixed_n_components"": null, ""max_holding_period"": null, ""min_asset_coverage"": 0.6, ""min_train_observations"": 480, ""min_universe_assets"": 5, ""pca_component_selection_method"": ""explained_variance"", ""pca_explained_variance"": 0.7, ""rebalance_frequency"": 24, ""regression_type"": ""OLS"", ""ridge_alpha"": 1.0, ""stage"": ""core"", ""stop_loss_z"": null, ""target"": ""SOL"", ""train_window"": 720, ""transaction_cost_bps"": 10, ""universe_selection_method"": ""priority_with_coverage_fallback"", ""universe_size"": 30, ""zscore_lookback"": 336}",core,crypto,SOL,priority_with_coverage_fallback,30,30,"BTC,ETH,XRP,BNB,TRX,ADA,AVAX,DOT,NEAR,ATOM,ALGO,DOGE,BCH,LTC,XLM,ETC,LINK,UNI,AAVE,INJ,FIL,VET,FET,GRT,THETA,XTZ,SAND,CHZ,DASH,HBAR","TON,SUI,ICP,MKR,RENDER,RNDR,ARB,OP,MATIC,POL,APT,SEI,EOS,MANA","CHZ,DASH,HBAR",720,24,0.7,explained_variance,,336,2.0,0.25,10.0,8760.0,0.6,5,480,1948,213,0.901434521055067,,,0,0,OLS,,385.4309194186248,2.053995633381682,0.7799612123862439,2.6334586909746536,-0.4921685525285949,0.007680787334189132,353,120.65517241379311,0.5142897970848814
"{""entry_z"": 2.0, ""exit_z"": 0.25, ""fixed_n_components"": null, ""max_holding_period"": null, ""min_asset_coverage"": 0.6, ""min_train_observations"": 480, ""min_universe_assets"": 5, ""pca_component_selection_method"": ""explained_variance"", ""pca_explained_variance"": 0.7, ""rebalance_frequency"": 24, ""regression_type"": ""OLS"", ""ridge_alpha"": 1.0, ""stage"": ""core"", ""stop_loss_z"": null, ""target"": ""SOL"", ""train_window"": 720, ""transaction_cost_bps"": 10, ""universe_selection_method"": ""priority_with_coverage_fallback"", ""universe_size"": 30, ""zscore_lookback"": 336}",core,crypto,SOL,priority_with_coverage_fallback,30,30,"BTC,ETH,XRP,BNB,TRX,ADA,AVAX,DOT,NEAR,ATOM,ALGO,DOGE,BCH,LTC,XLM,ETC,LINK,UNI,AAVE,INJ,FIL,VET,FET,GRT,THETA,XTZ,SAND,CHZ,DASH,HBAR","TON,SUI,ICP,MKR,RENDER,RNDR,ARB,OP,MATIC,POL,APT,SEI,EOS,MANA","CHZ,DASH,HBAR",720,24,0.7,explained_variance,,336,2.0,0.25,10.0,8760.0,0.6,5,480,1948,213,0.901434521055067,,,0,0,OLS,,385.4309194186248,2.053995633381682,0.7799612123862439,2.6334586909746536,-0.4921685525285949,0.007680787334189132,353,120.65517241379311,0.5142897970848814
"{""entry_z"": 2.0, ""exit_z"": 0.25, ""fixed_n_components"": null, ""max_holding_period"": null, ""min_asset_coverage"": 0.6, ""min_train_observations"": 480, ""min_universe_assets"": 5, ""pca_component_selection_method"": ""explained_variance"", ""pca_explained_variance"": 0.7, ""rebalance_frequency"": 24, ""regression_type"": ""OLS"", ""ridge_alpha"": 1.0, ""stage"": ""core"", ""stop_loss_z"": null, ""target"": ""SOL"", ""train_window"": 720, ""transaction_cost_bps"": 10, ""universe_selection_method"": ""priority_with_coverage_fallback"", ""universe_size"": 30, ""zscore_lookback"": 336}",core,crypto,SOL,priority_with_coverage_fallback,30,30,"BTC,ETH,XRP,BNB,TRX,ADA,AVAX,DOT,NEAR,ATOM,ALGO,DOGE,BCH,LTC,XLM,ETC,LINK,UNI,AAVE,INJ,FIL,VET,FET,GRT,THETA,XTZ,SAND,CHZ,DASH,HBAR","TON,SUI,ICP,MKR,RENDER,RNDR,ARB,OP,MATIC,POL,APT,SEI,EOS,MANA","CHZ,DASH,HBAR",720,24,0.7,explained_variance,,336,2.0,0.25,10.0,8760.0,0.6,5,480,1948,213,0.901434521055067,,,0,0,OLS,,385.4309194186248,2.053995633381682,0.7799612123862439,2.6334586909746536,-0.4921685525285949,0.007680787334189132,353,120.65517241379311,0.5142897970848814
"{""entry_z"": 2.0, ""exit_z"": 0.25, ""fixed_n_components"": null, ""max_holding_period"": null, ""min_asset_coverage"": 0.6, ""min_train_observations"": 480, ""min_universe_assets"": 5, ""pca_component_selection_method"": ""explained_variance"", ""pca_explained_variance"": 0.7, ""rebalance_frequency"": 24, ""regression_type"": ""OLS"", ""ridge_alpha"": 1.0, ""stage"": ""core"", ""stop_loss_z"": null, ""target"": ""SOL"", ""train_window"": 720, ""transaction_cost_bps"": 10, ""universe_selection_method"": ""priority_with_coverage_fallback"", ""universe_size"": 30, ""zscore_lookback"": 336}",core,crypto,SOL,priority_with_coverage_fallback,30,30,"BTC,ETH,XRP,BNB,TRX,ADA,AVAX,DOT,NEAR,ATOM,ALGO,DOGE,BCH,LTC,XLM,ETC,LINK,UNI,AAVE,INJ,FIL,VET,FET,GRT,THETA,XTZ,SAND,CHZ,DASH,HBAR","TON,SUI,ICP,MKR,RENDER,RNDR,ARB,OP,MATIC,POL,APT,SEI,EOS,MANA","CHZ,DASH,HBAR",720,24,0.7,explained_variance,,336,2.0,0.25,10.0,8760.0,0.6,5,480,1948,213,0.901434521055067,,,0,0,OLS,,385.4309194186248,2.053995633381682,0.7799612123862439,2.6334586909746536,-0.4921685525285949,0.007680787334189132,353,120.65517241379311,0.5142897970848814
"{""entry_z"": 2.0, ""exit_z"": 0.25, ""fixed_n_components"": null, ""max_holding_period"": null, ""min_asset_coverage"": 0.6, ""min_train_observations"": 480, ""min_universe_assets"": 5, ""pca_component_selection_method"": ""explained_variance"", ""pca_explained_variance"": 0.8, ""rebalance_frequency"": 24, ""regression_type"": ""OLS"", ""ridge_alpha"": 1.0, ""stage"": ""core"", ""stop_loss_z"": null, ""target"": ""SOL"", ""train_window"": 720, ""transaction_cost_bps"": 10, ""universe_selection_method"": ""priority_with_coverage_fallback"", ""universe_size"": 30, ""zscore_lookback"": 336}",core,crypto,SOL,priority_with_coverage_fallback,30,30,"BTC,ETH,XRP,BNB,TRX,ADA,AVAX,DOT,NEAR,ATOM,ALGO,DOGE,BCH,LTC,XLM,ETC,LINK,UNI,AAVE,INJ,FIL,VET,FET,GRT,THETA,XTZ,SAND,CHZ,DASH,HBAR","TON,SUI,ICP,MKR,RENDER,RNDR,ARB,OP,MATIC,POL,APT,SEI,EOS,MANA","CHZ,DASH,HBAR",720,24,0.8,explained_variance,,336,2.0,0.25,10.0,8760.0,0.6,5,480,1948,213,0.901434521055067,,,0,0,OLS,,1282.6768416538298,2.8246002600061204,0.7939589308180836,3.557615073484587,-0.5815326175963709,0.007766367137355584,359,107.6685393258427,0.5148447691103574
"{""entry_z"": 2.0, ""exit_z"": 0.25, ""fixed_n_components"": null, ""max_holding_period"": null, ""min_asset_coverage"": 0.6, ""min_train_observations"": 480, ""min_universe_assets"": 5, ""pca_component_selection_method"": ""explained_variance"", ""pca_explained_variance"": 0.9, ""rebalance_frequency"": 24, ""regression_type"": ""OLS"", ""ridge_alpha"": 1.0, ""stage"": ""core"", ""stop_loss_z"": null, ""target"": ""SOL"", ""train_window"": 720, ""transaction_cost_bps"": 10, ""universe_selection_method"": ""priority_with_coverage_fallback"", ""universe_size"": 30, ""zscore_lookback"": 336}",core,crypto,SOL,priority_with_coverage_fallback,30,30,"BTC,ETH,XRP,BNB,TRX,ADA,AVAX,DOT,NEAR,ATOM,ALGO,DOGE,BCH,LTC,XLM,ETC,LINK,UNI,AAVE,INJ,FIL,VET,FET,GRT,THETA,XTZ,SAND,CHZ,DASH,HBAR","TON,SUI,ICP,MKR,RENDER,RNDR,ARB,OP,MATIC,POL,APT,SEI,EOS,MANA","CHZ,DASH,HBAR",720,24,0.9,explained_variance,,336,2.0,0.25,10.0,8760.0,0.6,5,480,1948,213,0.901434521055067,,,0,0,OLS,,22281.527270477265,5.529718995395637,0.7841813863164186,7.051581549736485,-0.5602331700694897,0.009092854086435601,419,84.06763285024155,0.5148833467417538
"{""entry_z"": 2.0, ""exit_z"": 0.25, ""fixed_n_components"": null, ""max_holding_period"": null, ""min_asset_coverage"": 0.6, ""min_train_observations"": 480, ""min_universe_assets"": 5, ""pca_component_selection_method"": ""explained_variance"", ""pca_explained_variance"": 0.7, ""rebalance_frequency"": 24, ""regression_type"": ""OLS"", ""ridge_alpha"": 1.0, ""stage"": ""core"", ""stop_loss_z"": null, ""target"": ""SOL"", ""train_window"": 720, ""transaction_cost_bps"": 10, ""universe_selection_method"": ""priority_with_coverage_fallback"", ""universe_size"": 30, ""zscore_lookback"": 720}",core,crypto,SOL,priority_with_coverage_fallback,30,30,"BTC,ETH,XRP,BNB,TRX,ADA,AVAX,DOT,NEAR,ATOM,ALGO,DOGE,BCH,LTC,XLM,ETC,LINK,UNI,AAVE,INJ,FIL,VET,FET,GRT,THETA,XTZ,SAND,CHZ,DASH,HBAR","TON,SUI,ICP,MKR,RENDER,RNDR,ARB,OP,MATIC,POL,APT,SEI,EOS,MANA","CHZ,DASH,HBAR",720,24,0.7,explained_variance,,720,2.0,0.25,10.0,8760.0,0.6,5,480,1948,213,0.901434521055067,,,0,0,OLS,,4459.282302597244,3.830172576470389,0.7548348560207756,5.074186155978162,-0.3853610340919732,0.004278990158322636,196,172.28125,0.5157506499788379
"{""entry_z"": 2.0, ""exit_z"": 0.25, ""fixed_n_components"": null, ""max_holding_period"": null, ""min_asset_coverage"": 0.6, ""min_train_observations"": 480, ""min_universe_assets"": 5, ""pca_component_selection_method"": ""explained_variance"", ""pca_explained_variance"": 0.8, ""rebalance_frequency"": 24, ""regression_type"": ""OLS"", ""ridge_alpha"": 1.0, ""stage"": ""core"", ""stop_loss_z"": null, ""target"": ""SOL"", ""train_window"": 720, ""transaction_cost_bps"": 10, ""universe_selection_method"": ""priority_with_coverage_fallback"", ""universe_size"": 30, ""zscore_lookback"": 720}",core,crypto,SOL,priority_with_coverage_fallback,30,30,"BTC,ETH,XRP,BNB,TRX,ADA,AVAX,DOT,NEAR,ATOM,ALGO,DOGE,BCH,LTC,XLM,ETC,LINK,UNI,AAVE,INJ,FIL,VET,FET,GRT,THETA,XTZ,SAND,CHZ,DASH,HBAR","TON,SUI,ICP,MKR,RENDER,RNDR,ARB,OP,MATIC,POL,APT,SEI,EOS,MANA","CHZ,DASH,HBAR",720,24,0.8,explained_variance,,720,2.0,0.25,10.0,8760.0,0.6,5,480,1948,213,0.901434521055067,,,0,0,OLS,,3946.3067651198603,3.7208247632817457,0.7836768284575081,4.74790708129696,-0.4485606226861507,0.004407359863072315,202,155.27272727272728,0.5112542284673433
"{""entry_z"": 2.0, ""exit_z"": 0.25, ""fixed_n_components"": null, ""max_holding_period"": null, ""min_asset_coverage"": 0.6, ""min_train_observations"": 480, ""min_universe_assets"": 5, ""pca_component_selection_method"": ""explained_variance"", ""pca_explained_variance"": 0.7, ""rebalance_frequency"": 24, ""regression_type"": ""OLS"", ""ridge_alpha"": 1.0, ""stage"": ""core"", ""stop_loss_z"": null, ""target"": ""BTC"", ""train_window"": 720, ""transaction_cost_bps"": 10, ""universe_selection_method"": ""priority_with_coverage_fallback"", ""universe_size"": 30, ""zscore_lookback"": 336}",core,crypto,BTC,priority_with_coverage_fallback,30,30,"ETH,SOL,XRP,BNB,TRX,ADA,AVAX,DOT,NEAR,ATOM,ALGO,DOGE,BCH,LTC,XLM,ETC,LINK,UNI,AAVE,INJ,FIL,VET,FET,GRT,THETA,XTZ,SAND,CHZ,DASH,HBAR","TON,SUI,ICP,MKR,RENDER,RNDR,ARB,OP,MATIC,POL,APT,SEI,EOS,MANA","CHZ,DASH,HBAR",720,24,0.7,explained_variance,,336,2.0,0.25,10.0,8760.0,0.6,5,480,2161,0,1.0,,,0,0,OLS,,32.920252233063664,0.813674679040618,0.35205751963349147,2.311198124351077,-0.31554906678901373,0.007984262902105995,403,115.13775510204081,0.5063145300660256
"{""entry_z"": 2.0, ""exit_z"": 0.25, ""fixed_n_components"": null, ""max_holding_period"": null, ""min_asset_coverage"": 0.6, ""min_train_observations"": 480, ""min_universe_assets"": 5, ""pca_component_selection_method"": ""explained_variance"", ""pca_explained_variance"": 0.8, ""rebalance_frequency"": 24, ""regression_type"": ""OLS"", ""ridge_alpha"": 1.0, ""stage"": ""core"", ""stop_loss_z"": null, ""target"": ""BTC"", ""train_window"": 720, ""transaction_cost_bps"": 10, ""universe_selection_method"": ""priority_with_coverage_fallback"", ""universe_size"": 30, ""zscore_lookback"": 336}",core,crypto,BTC,priority_with_coverage_fallback,30,30,"ETH,SOL,XRP,BNB,TRX,ADA,AVAX,DOT,NEAR,ATOM,ALGO,DOGE,BCH,LTC,XLM,ETC,LINK,UNI,AAVE,INJ,FIL,VET,FET,GRT,THETA,XTZ,SAND,CHZ,DASH,HBAR","TON,SUI,ICP,MKR,RENDER,RNDR,ARB,OP,MATIC,POL,APT,SEI,EOS,MANA","CHZ,DASH,HBAR",720,24,0.8,explained_variance,,336,2.0,0.25,10.0,8760.0,0.6,5,480,2161,0,1.0,,,0,0,OLS,,45.88922568828456,0.9156450899851976,0.3326415124301841,2.752648288831287,-0.2340242710377508,0.00813854817557664,416,104.79512195121951,0.509053670343993
"{""entry_z"": 2.0, ""exit_z"": 0.25, ""fixed_n_components"": null, ""max_holding_period"": null, ""min_asset_coverage"": 0.6, ""min_train_observations"": 480, ""min_universe_assets"": 5, ""pca_component_selection_method"": ""explained_variance"", ""pca_explained_variance"": 0.9, ""rebalance_frequency"": 24, ""regression_type"": ""OLS"", ""ridge_alpha"": 1.0, ""stage"": ""core"", ""stop_loss_z"": null, ""target"": ""BTC"", ""train_window"": 720, ""transaction_cost_bps"": 10, ""universe_selection_method"": ""priority_with_coverage_fallback"", ""universe_size"": 30, ""zscore_lookback"": 336}",core,crypto,BTC,priority_with_coverage_fallback,30,30,"ETH,SOL,XRP,BNB,TRX,ADA,AVAX,DOT,NEAR,ATOM,ALGO,DOGE,BCH,LTC,XLM,ETC,LINK,UNI,AAVE,INJ,FIL,VET,FET,GRT,THETA,XTZ,SAND,CHZ,DASH,HBAR","TON,SUI,ICP,MKR,RENDER,RNDR,ARB,OP,MATIC,POL,APT,SEI,EOS,MANA","CHZ,DASH,HBAR",720,24,0.9,explained_variance,,336,2.0,0.25,10.0,8760.0,0.6,5,480,2161,0,1.0,,,0,0,OLS,,131.3726095399298,1.2827671501296294,0.3164748494687405,4.053298871246745,-0.18290927391402734,0.008524261359253259,435,84.8785046728972,0.5055604492402554
"{""entry_z"": 2.0, ""exit_z"": 0.25, ""fixed_n_components"": null, ""max_holding_period"": null, ""min_asset_coverage"": 0.6, ""min_train_observations"": 480, ""min_universe_assets"": 5, ""pca_component_selection_method"": ""explained_variance"", ""pca_explained_variance"": 0.7, ""rebalance_frequency"": 24, ""regression_type"": ""OLS"", ""ridge_alpha"": 1.0, ""stage"": ""core"", ""stop_loss_z"": null, ""target"": ""BTC"", ""train_window"": 720, ""transaction_cost_bps"": 10, ""universe_selection_method"": ""priority_with_coverage_fallback"", ""universe_size"": 30, ""zscore_lookback"": 720}",core,crypto,BTC,priority_with_coverage_fallback,30,30,"ETH,SOL,XRP,BNB,TRX,ADA,AVAX,DOT,NEAR,ATOM,ALGO,DOGE,BCH,LTC,XLM,ETC,LINK,UNI,AAVE,INJ,FIL,VET,FET,GRT,THETA,XTZ,SAND,CHZ,DASH,HBAR","TON,SUI,ICP,MKR,RENDER,RNDR,ARB,OP,MATIC,POL,APT,SEI,EOS,MANA","CHZ,DASH,HBAR",720,24,0.7,explained_variance,,720,2.0,0.25,10.0,8760.0,0.6,5,480,2161,0,1.0,,,0,0,OLS,,84.20539256750854,1.1190328657759787,0.3200419393381473,3.4965194502013066,-0.1611676133925477,0.004667129522487079,238,152.22222222222223,0.5078046041549691
"{""entry_z"": 2.0, ""exit_z"": 0.25, ""fixed_n_components"": null, ""max_holding_period"": null, ""min_asset_coverage"": 0.6, ""min_train_observations"": 480, ""min_universe_assets"": 5, ""pca_component_selection_method"": ""explained_variance"", ""pca_explained_variance"": 0.8, ""rebalance_frequency"": 24, ""regression_type"": ""OLS"", ""ridge_alpha"": 1.0, ""stage"": ""core"", ""stop_loss_z"": null, ""target"": ""BTC"", ""train_window"": 720, ""transaction_cost_bps"": 10, ""universe_selection_method"": ""priority_with_coverage_fallback"", ""universe_size"": 30, ""zscore_lookback"": 720}",core,crypto,BTC,priority_with_coverage_fallback,30,30,"ETH,SOL,XRP,BNB,TRX,ADA,AVAX,DOT,NEAR,ATOM,ALGO,DOGE,BCH,LTC,XLM,ETC,LINK,UNI,AAVE,INJ,FIL,VET,FET,GRT,THETA,XTZ,SAND,CHZ,DASH,HBAR","TON,SUI,ICP,MKR,RENDER,RNDR,ARB,OP,MATIC,POL,APT,SEI,EOS,MANA","CHZ,DASH,HBAR",720,24,0.8,explained_variance,,720,2.0,0.25,10.0,8760.0,0.6,5,480,2161,0,1.0,,,0,0,OLS,,92.71938937948248,1.153404168184497,0.3230070221966254,3.570833105548958,-0.19098824182000318,0.004840700455141557,249,126.0241935483871,0.5084789146989186
"{""entry_z"": 2.0, ""exit_z"": 0.25, ""fixed_n_components"": null, ""max_holding_period"": null, ""min_asset_coverage"": 0.6, ""min_train_observations"": 480, ""min_universe_assets"": 5, ""pca_component_selection_method"": ""explained_variance"", ""pca_explained_variance"": 0.9, ""rebalance_frequency"": 24, ""regression_type"": ""OLS"", ""ridge_alpha"": 1.0, ""stage"": ""core"", ""stop_loss_z"": null, ""target"": ""BTC"", ""train_window"": 720, ""transaction_cost_bps"": 10, ""universe_selection_method"": ""priority_with_coverage_fallback"", ""universe_size"": 30, ""zscore_lookback"": 720}",core,crypto,BTC,priority_with_coverage_fallback,30,30,"ETH,SOL,XRP,BNB,TRX,ADA,AVAX,DOT,NEAR,ATOM,ALGO,DOGE,BCH,LTC,XLM,ETC,LINK,UNI,AAVE,INJ,FIL,VET,FET,GRT,THETA,XTZ,SAND,CHZ,DASH,HBAR","TON,SUI,ICP,MKR,RENDER,RNDR,ARB,OP,MATIC,POL,APT,SEI,EOS,MANA","CHZ,DASH,HBAR",720,24,0.9,explained_variance,,720,2.0,0.25,10.0,8760.0,0.6,5,480,2161,0,1.0,,,0,0,OLS,,178.2235483078848,1.4026688280121298,0.3032446477040122,4.625535318206941,-0.18290927391402745,0.005727840777597778,296,93.10810810810811,0.5052249637155297
"{""entry_z"": 2.0, ""exit_z"": 0.25, ""fixed_n_components"": null, ""max_holding_period"": null, ""min_asset_coverage"": 0.6, ""min_train_observations"": 480, ""min_universe_assets"": 5, ""pca_component_selection_method"": ""explained_variance"", ""pca_explained_variance"": 0.7, ""rebalance_frequency"": 24, ""regression_type"": ""OLS"", ""ridge_alpha"": 1.0, ""stage"": ""core"", ""stop_loss_z"": null, ""target"": ""BTC"", ""train_window"": 720, ""transaction_cost_bps"": 10, ""universe_selection_method"": ""priority_with_coverage_fallback"", ""universe_size"": 30, ""zscore_lookback"": 1440}",core,crypto,BTC,priority_with_coverage_fallback,30,30,"ETH,SOL,XRP,BNB,TRX,ADA,AVAX,DOT,NEAR,ATOM,ALGO,DOGE,BCH,LTC,XLM,ETC,LINK,UNI,AAVE,INJ,FIL,VET,FET,GRT,THETA,XTZ,SAND,CHZ,DASH,HBAR","TON,SUI,ICP,MKR,RENDER,RNDR,ARB,OP,MATIC,POL,APT,SEI,EOS,MANA","CHZ,DASH,HBAR",720,24,0.7,explained_variance,,1440,2.0,0.25,10.0,8760.0,0.6,5,480,2161,0,1.0,,,0,0,OLS,,63.04188312253444,1.0192418252285376,0.29703884926720253,3.4313418185635185,-0.1830228148957861,0.0032399907428835918,167,160.73493975903614,0.5049096769357619
"{""entry_z"": 2.0, ""exit_z"": 0.25, ""fixed_n_components"": null, ""max_holding_period"": null, ""min_asset_coverage"": 0.6, ""min_train_observations"": 480, ""min_universe_assets"": 5, ""pca_component_selection_method"": ""explained_variance"", ""pca_explained_variance"": 0.8, ""rebalance_frequency"": 24, ""regression_type"": ""OLS"", ""ridge_alpha"": 1.0, ""stage"": ""core"", ""stop_loss_z"": null, ""target"": ""BTC"", ""train_window"": 720, ""transaction_cost_bps"": 10, ""universe_selection_method"": ""priority_with_coverage_fallback"", ""universe_size"": 30, ""zscore_lookback"": 1440}",core,crypto,BTC,priority_with_coverage_fallback,30,30,"ETH,SOL,XRP,BNB,TRX,ADA,AVAX,DOT,NEAR,ATOM,ALGO,DOGE,BCH,LTC,XLM,ETC,LINK,UNI,AAVE,INJ,FIL,VET,FET,GRT,THETA,XTZ,SAND,CHZ,DASH,HBAR","TON,SUI,ICP,MKR,RENDER,RNDR,ARB,OP,MATIC,POL,APT,SEI,EOS,MANA","CHZ,DASH,HBAR",720,24,0.8,explained_variance,,1440,2.0,0.25,10.0,8760.0,0.6,5,480,2161,0,1.0,,,0,0,OLS,,76.82188794505294,1.0868307237804866,0.2939225736606388,3.6976769434365893,-0.16146090711481365,0.0035871326081925482,184,121.94505494505495,0.5082454717491214
"{""entry_z"": 2.0, ""exit_z"": 0.25, ""fixed_n_components"": null, ""max_holding_period"": null, ""min_asset_coverage"": 0.6, ""min_train_observations"": 480, ""min_universe_assets"": 5, ""pca_component_selection_method"": ""explained_variance"", ""pca_explained_variance"": 0.9, ""rebalance_frequency"": 24, ""regression_type"": ""OLS"", ""ridge_alpha"": 1.0, ""stage"": ""core"", ""stop_loss_z"": null, ""target"": ""BTC"", ""train_window"": 720, ""transaction_cost_bps"": 10, ""universe_selection_method"": ""priority_with_coverage_fallback"", ""universe_size"": 30, ""zscore_lookback"": 1440}",core,crypto,BTC,priority_with_coverage_fallback,30,30,"ETH,SOL,XRP,BNB,TRX,ADA,AVAX,DOT,NEAR,ATOM,ALGO,DOGE,BCH,LTC,XLM,ETC,LINK,UNI,AAVE,INJ,FIL,VET,FET,GRT,THETA,XTZ,SAND,CHZ,DASH,HBAR","TON,SUI,ICP,MKR,RENDER,RNDR,ARB,OP,MATIC,POL,APT,SEI,EOS,MANA","CHZ,DASH,HBAR",720,24,0.9,explained_variance,,1440,2.0,0.25,10.0,8760.0,0.6,5,480,2161,0,1.0,,,0,0,OLS,,162.0867436535467,1.364673921921403,0.28524216919025913,4.784264282505695,-0.15564963538919263,0.004435701612281108,228,90.0,0.5047197640117994
"{""entry_z"": 2.0, ""exit_z"": 0.25, ""fixed_n_components"": null, ""max_holding_period"": null, ""min_asset_coverage"": 0.6, ""min_train_observations"": 480, ""min_universe_assets"": 5, ""pca_component_selection_method"": ""explained_variance"", ""pca_explained_variance"": 0.7, ""rebalance_frequency"": 24, ""regression_type"": ""OLS"", ""ridge_alpha"": 1.0, ""stage"": ""core"", ""stop_loss_z"": null, ""target"": ""BTC"", ""train_window"": 1440, ""transaction_cost_bps"": 10, ""universe_selection_method"": ""priority_with_coverage_fallback"", ""universe_size"": 30, ""zscore_lookback"": 336}",core,crypto,BTC,priority_with_coverage_fallback,30,30,"ETH,SOL,XRP,BNB,TRX,ADA,AVAX,DOT,NEAR,ATOM,ALGO,DOGE,BCH,LTC,XLM,ETC,LINK,UNI,AAVE,INJ,FIL,VET,FET,GRT,THETA,XTZ,SAND,CHZ,DASH,HBAR","TON,SUI,ICP,MKR,RENDER,RNDR,ARB,OP,MATIC,POL,APT,SEI,EOS,MANA","CHZ,DASH,HBAR",1440,24,0.7,explained_variance,,336,2.0,0.25,10.0,8760.0,0.6,5,480,2131,0,1.0,,,0,0,OLS,,0.5469269393642868,0.07760651967047694,0.342998515288911,0.22625905422683304,-0.6060813007681648,0.00651255573808965,327,164.3167701863354,0.496994896994897
"{""entry_z"": 2.0, ""exit_z"": 0.25, ""fixed_n_components"": null, ""max_holding_period"": null, ""min_asset_coverage"": 0.6, ""min_train_observations"": 480, ""min_universe_assets"": 5, ""pca_component_selection_method"": ""explained_variance"", ""pca_explained_variance"": 0.8, ""rebalance_frequency"": 24, ""regression_type"": ""OLS"", ""ridge_alpha"": 1.0, ""stage"": ""core"", ""stop_loss_z"": null, ""target"": ""BTC"", ""train_window"": 1440, ""transaction_cost_bps"": 10, ""universe_selection_method"": ""priority_with_coverage_fallback"", ""universe_size"": 30, ""zscore_lookback"": 336}",core,crypto,BTC,priority_with_coverage_fallback,30,30,"ETH,SOL,XRP,BNB,TRX,ADA,AVAX,DOT,NEAR,ATOM,ALGO,DOGE,BCH,LTC,XLM,ETC,LINK,UNI,AAVE,INJ,FIL,VET,FET,GRT,THETA,XTZ,SAND,CHZ,DASH,HBAR","TON,SUI,ICP,MKR,RENDER,RNDR,ARB,OP,MATIC,POL,APT,SEI,EOS,MANA","CHZ,DASH,HBAR",1440,24,0.8,explained_variance,,336,2.0,0.25,10.0,8760.0,0.6,5,480,2131,0,1.0,,,0,0,OLS,,3.5203707543124736,0.2949269275524806,0.3290579965405846,0.8962764334952292,-0.36775145227844264,0.0069623719001799264,348,149.4470588235294,0.49736282767850115
"{""entry_z"": 2.0, ""exit_z"": 0.25, ""fixed_n_components"": null, ""max_holding_period"": null, ""min_asset_coverage"": 0.6, ""min_train_observations"": 480, ""min_universe_assets"": 5, ""pca_component_selection_method"": ""explained_variance"", ""pca_explained_variance"": 0.9, ""rebalance_frequency"": 24, ""regression_type"": ""OLS"", ""ridge_alpha"": 1.0, ""stage"": ""core"", ""stop_loss_z"": null, ""target"": ""BTC"", ""train_window"": 1440, ""transaction_cost_bps"": 10, ""universe_selection_method"": ""priority_with_coverage_fallback"", ""universe_size"": 30, ""zscore_lookback"": 336}",core,crypto,BTC,priority_with_coverage_fallback,30,30,"ETH,SOL,XRP,BNB,TRX,ADA,AVAX,DOT,NEAR,ATOM,ALGO,DOGE,BCH,LTC,XLM,ETC,LINK,UNI,AAVE,INJ,FIL,VET,FET,GRT,THETA,XTZ,SAND,CHZ,DASH,HBAR","TON,SUI,ICP,MKR,RENDER,RNDR,ARB,OP,MATIC,POL,APT,SEI,EOS,MANA","CHZ,DASH,HBAR",1440,24,0.9,explained_variance,,336,2.0,0.25,10.0,8760.0,0.6,5,480,2131,0,1.0,,,0,0,OLS,,8.230985733645584,0.4634151353860332,0.3249665970849698,1.4260392900162073,-0.3016012263527218,0.007138386920128296,354,132.9418604651163,0.49842561007609554
"{""entry_z"": 2.0, ""exit_z"": 0.25, ""fixed_n_components"": null, ""max_holding_period"": null, ""min_asset_coverage"": 0.6, ""min_train_observations"": 480, ""min_universe_assets"": 5, ""pca_component_selection_method"": ""explained_variance"", ""pca_explained_variance"": 0.7, ""rebalance_frequency"": 24, ""regression_type"": ""OLS"", ""ridge_alpha"": 1.0, ""stage"": ""core"", ""stop_loss_z"": null, ""target"": ""BTC"", ""train_window"": 1440, ""transaction_cost_bps"": 10, ""universe_selection_method"": ""priority_with_coverage_fallback"", ""universe_size"": 30, ""zscore_lookback"": 720}",core,crypto,BTC,priority_with_coverage_fallback,30,30,"ETH,SOL,XRP,BNB,TRX,ADA,AVAX,DOT,NEAR,ATOM,ALGO,DOGE,BCH,LTC,XLM,ETC,LINK,UNI,AAVE,INJ,FIL,VET,FET,GRT,THETA,XTZ,SAND,CHZ,DASH,HBAR","TON,SUI,ICP,MKR,RENDER,RNDR,ARB,OP,MATIC,POL,APT,SEI,EOS,MANA","CHZ,DASH,HBAR",1440,24,0.7,explained_variance,,720,2.0,0.25,10.0,8760.0,0.6,5,480,2131,0,1.0,,,0,0,OLS,,13.772990964891711,0.586188642291066,0.32510474772551345,1.8030762281761146,-0.28587295419170067,0.0038723304388641163,196,245.30927835051546,0.5017020382433285
"{""entry_z"": 2.0, ""exit_z"": 0.25, ""fixed_n_components"": null, ""max_holding_period"": null, ""min_asset_coverage"": 0.6, ""min_train_observations"": 480, ""min_universe_assets"": 5, ""pca_component_selection_method"": ""explained_variance"", ""pca_explained_variance"": 0.8, ""rebalance_frequency"": 24, ""regression_type"": ""OLS"", ""ridge_alpha"": 1.0, ""stage"": ""core"", ""stop_loss_z"": null, ""target"": ""BTC"", ""train_window"": 1440, ""transaction_cost_bps"": 10, ""universe_selection_method"": ""priority_with_coverage_fallback"", ""universe_size"": 30, ""zscore_lookback"": 720}",core,crypto,BTC,priority_with_coverage_fallback,30,30,"ETH,SOL,XRP,BNB,TRX,ADA,AVAX,DOT,NEAR,ATOM,ALGO,DOGE,BCH,LTC,XLM,ETC,LINK,UNI,AAVE,INJ,FIL,VET,FET,GRT,THETA,XTZ,SAND,CHZ,DASH,HBAR","TON,SUI,ICP,MKR,RENDER,RNDR,ARB,OP,MATIC,POL,APT,SEI,EOS,MANA","CHZ,DASH,HBAR",1440,24,0.8,explained_variance,,720,2.0,0.25,10.0,8760.0,0.6,5,480,2131,0,1.0,,,0,0,OLS,,25.44639402438614,0.7525953372563954,0.3170181728641976,2.37398168835825,-0.23348003768038494,0.004224360478760855,213,202.0,0.5033946251768034
"{""entry_z"": 2.0, ""exit_z"": 0.25, ""fixed_n_components"": null, ""max_holding_period"": null, ""min_asset_coverage"": 0.6, ""min_train_observations"": 480, ""min_universe_assets"": 5, ""pca_component_selection_method"": ""explained_variance"", ""pca_explained_variance"": 0.9, ""rebalance_frequency"": 24, ""regression_type"": ""OLS"", ""ridge_alpha"": 1.0, ""stage"": ""core"", ""stop_loss_z"": null, ""target"": ""BTC"", ""train_window"": 1440, ""transaction_cost_bps"": 10, ""universe_selection_method"": ""priority_with_coverage_fallback"", ""universe_size"": 30, ""zscore_lookback"": 720}",core,crypto,BTC,priority_with_coverage_fallback,30,30,"ETH,SOL,XRP,BNB,TRX,ADA,AVAX,DOT,NEAR,ATOM,ALGO,DOGE,BCH,LTC,XLM,ETC,LINK,UNI,AAVE,INJ,FIL,VET,FET,GRT,THETA,XTZ,SAND,CHZ,DASH,HBAR","TON,SUI,ICP,MKR,RENDER,RNDR,ARB,OP,MATIC,POL,APT,SEI,EOS,MANA","CHZ,DASH,HBAR",1440,24,0.9,explained_variance,,720,2.0,0.25,10.0,8760.0,0.6,5,480,2131,0,1.0,,,0,0,OLS,,70.01823483477055,1.0757692196699633,0.30003825586649885,3.5854401851630002,-0.20130228298698172,0.004654619416412422,236,149.69230769230768,0.5073655361425146
"{""entry_z"": 2.0, ""exit_z"": 0.25, ""fixed_n_components"": null, ""max_holding_period"": null, ""min_asset_coverage"": 0.6, ""min_train_observations"": 480, ""min_universe_assets"": 5, ""pca_component_selection_method"": ""explained_variance"", ""pca_explained_variance"": 0.7, ""rebalance_frequency"": 24, ""regression_type"": ""OLS"", ""ridge_alpha"": 1.0, ""stage"": ""core"", ""stop_loss_z"": null, ""target"": ""BTC"", ""train_window"": 1440, ""transaction_cost_bps"": 10, ""universe_selection_method"": ""priority_with_coverage_fallback"", ""universe_size"": 30, ""zscore_lookback"": 1440}",core,crypto,BTC,priority_with_coverage_fallback,30,30,"ETH,SOL,XRP,BNB,TRX,ADA,AVAX,DOT,NEAR,ATOM,ALGO,DOGE,BCH,LTC,XLM,ETC,LINK,UNI,AAVE,INJ,FIL,VET,FET,GRT,THETA,XTZ,SAND,CHZ,DASH,HBAR","TON,SUI,ICP,MKR,RENDER,RNDR,ARB,OP,MATIC,POL,APT,SEI,EOS,MANA","CHZ,DASH,HBAR",1440,24,0.7,explained_variance,,1440,2.0,0.25,10.0,8760.0,0.6,5,480,2131,0,1.0,,,0,0,OLS,,24.996158358770323,0.7474471886043108,0.30947238477289113,2.415230648617747,-0.18832966605134094,0.002522881952593288,129,292.2307692307692,0.5020794946038432
"{""entry_z"": 2.0, ""exit_z"": 0.25, ""fixed_n_components"": null, ""max_holding_period"": null, ""min_asset_coverage"": 0.6, ""min_train_observations"": 480, ""min_universe_assets"": 5, ""pca_component_selection_method"": ""explained_variance"", ""pca_explained_variance"": 0.8, ""rebalance_frequency"": 24, ""regression_type"": ""OLS"", ""ridge_alpha"": 1.0, ""stage"": ""core"", ""stop_loss_z"": null, ""target"": ""BTC"", ""train_window"": 1440, ""transaction_cost_bps"": 10, ""universe_selection_method"": ""priority_with_coverage_fallback"", ""universe_size"": 30, ""zscore_lookback"": 1440}",core,crypto,BTC,priority_with_coverage_fallback,30,30,"ETH,SOL,XRP,BNB,TRX,ADA,AVAX,DOT,NEAR,ATOM,ALGO,DOGE,BCH,LTC,XLM,ETC,LINK,UNI,AAVE,INJ,FIL,VET,FET,GRT,THETA,XTZ,SAND,CHZ,DASH,HBAR","TON,SUI,ICP,MKR,RENDER,RNDR,ARB,OP,MATIC,POL,APT,SEI,EOS,MANA","CHZ,DASH,HBAR",1440,24,0.8,explained_variance,,1440,2.0,0.25,10.0,8760.0,0.6,5,480,2131,0,1.0,,,0,0,OLS,,39.227792987228796,0.8831698537651027,0.2914514774487273,3.0302466177083343,-0.2003518380887538,0.0028944692169287334,147,201.3013698630137,0.5062946580469547
"{""entry_z"": 2.0, ""exit_z"": 0.25, ""fixed_n_components"": null, ""max_holding_period"": null, ""min_asset_coverage"": 0.6, ""min_train_observations"": 480, ""min_universe_assets"": 5, ""pca_component_selection_method"": ""explained_variance"", ""pca_explained_variance"": 0.9, ""rebalance_frequency"": 24, ""regression_type"": ""OLS"", ""ridge_alpha"": 1.0, ""stage"": ""core"", ""stop_loss_z"": null, ""target"": ""BTC"", ""train_window"": 1440, ""transaction_cost_bps"": 10, ""universe_selection_method"": ""priority_with_coverage_fallback"", ""universe_size"": 30, ""zscore_lookback"": 1440}",core,crypto,BTC,priority_with_coverage_fallback,30,30,"ETH,SOL,XRP,BNB,TRX,ADA,AVAX,DOT,NEAR,ATOM,ALGO,DOGE,BCH,LTC,XLM,ETC,LINK,UNI,AAVE,INJ,FIL,VET,FET,GRT,THETA,XTZ,SAND,CHZ,DASH,HBAR","TON,SUI,ICP,MKR,RENDER,RNDR,ARB,OP,MATIC,POL,APT,SEI,EOS,MANA","CHZ,DASH,HBAR",1440,24,0.9,explained_variance,,1440,2.0,0.25,10.0,8760.0,0.6,5,480,2131,0,1.0,,,0,0,OLS,,71.31666065086573,1.082222368346851,0.2837749961313802,3.813663582417287,-0.1719714675944206,0.0035203003989673787,178,158.36363636363637,0.5076779563719862
"{""entry_z"": 2.0, ""exit_z"": 0.25, ""fixed_n_components"": null, ""max_holding_period"": null, ""min_asset_coverage"": 0.6, ""min_train_observations"": 480, ""min_universe_assets"": 5, ""pca_component_selection_method"": ""explained_variance"", ""pca_explained_variance"": 0.7, ""rebalance_frequency"": 24, ""regression_type"": ""OLS"", ""ridge_alpha"": 1.0, ""stage"": ""core"", ""stop_loss_z"": null, ""target"": ""BTC"", ""train_window"": 2880, ""transaction_cost_bps"": 10, ""universe_selection_method"": ""priority_with_coverage_fallback"", ""universe_size"": 30, ""zscore_lookback"": 336}",core,crypto,BTC,priority_with_coverage_fallback,30,30,"ETH,SOL,XRP,BNB,TRX,ADA,AVAX,DOT,NEAR,ATOM,ALGO,DOGE,BCH,LTC,XLM,ETC,LINK,UNI,AAVE,INJ,FIL,VET,FET,GRT,THETA,XTZ,SAND,CHZ,DASH,HBAR","TON,SUI,ICP,MKR,RENDER,RNDR,ARB,OP,MATIC,POL,APT,SEI,EOS,MANA","CHZ,DASH,HBAR",2880,24,0.7,explained_variance,,336,2.0,0.25,10.0,8760.0,0.6,5,480,2071,0,1.0,,,0,0,OLS,,-0.2322418537697709,-0.04552032798172634,0.38449906113075205,-0.11838865834381525,-0.606909706080137,0.007123883120019319,348,169.22222222222223,0.49621591733766457
"{""entry_z"": 2.0, ""exit_z"": 0.25, ""fixed_n_components"": null, ""max_holding_period"": null, ""min_asset_coverage"": 0.6, ""min_train_observations"": 480, ""min_universe_assets"": 5, ""pca_component_selection_method"": ""explained_variance"", ""pca_explained_variance"": 0.8, ""rebalance_frequency"": 24, ""regression_type"": ""OLS"", ""ridge_alpha"": 1.0, ""stage"": ""core"", ""stop_loss_z"": null, ""target"": ""BTC"", ""train_window"": 2880, ""transaction_cost_bps"": 10, ""universe_selection_method"": ""priority_with_coverage_fallback"", ""universe_size"": 30, ""zscore_lookback"": 336}",core,crypto,BTC,priority_with_coverage_fallback,30,30,"ETH,SOL,XRP,BNB,TRX,ADA,AVAX,DOT,NEAR,ATOM,ALGO,DOGE,BCH,LTC,XLM,ETC,LINK,UNI,AAVE,INJ,FIL,VET,FET,GRT,THETA,XTZ,SAND,CHZ,DASH,HBAR","TON,SUI,ICP,MKR,RENDER,RNDR,ARB,OP,MATIC,POL,APT,SEI,EOS,MANA","CHZ,DASH,HBAR",2880,24,0.8,explained_variance,,336,2.0,0.25,10.0,8760.0,0.6,5,480,2071,0,1.0,,,0,0,OLS,,0.17905134129797107,0.029461740437102257,0.37828336783254757,0.07788272745352079,-0.5082885857154904,0.007123883120019319,351,157.48275862068965,0.4977008977446902
"{""entry_z"": 2.0, ""exit_z"": 0.25, ""fixed_n_components"": null, ""max_holding_period"": null, ""min_asset_coverage"": 0.6, ""min_train_observations"": 480, ""min_universe_assets"": 5, ""pca_component_selection_method"": ""explained_variance"", ""pca_explained_variance"": 0.9, ""rebalance_frequency"": 24, ""regression_type"": ""OLS"", ""ridge_alpha"": 1.0, ""stage"": ""core"", ""stop_loss_z"": null, ""target"": ""BTC"", ""train_window"": 2880, ""transaction_cost_bps"": 10, ""universe_selection_method"": ""priority_with_coverage_fallback"", ""universe_size"": 30, ""zscore_lookback"": 336}",core,crypto,BTC,priority_with_coverage_fallback,30,30,"ETH,SOL,XRP,BNB,TRX,ADA,AVAX,DOT,NEAR,ATOM,ALGO,DOGE,BCH,LTC,XLM,ETC,LINK,UNI,AAVE,INJ,FIL,VET,FET,GRT,THETA,XTZ,SAND,CHZ,DASH,HBAR","TON,SUI,ICP,MKR,RENDER,RNDR,ARB,OP,MATIC,POL,APT,SEI,EOS,MANA","CHZ,DASH,HBAR",2880,24,0.9,explained_variance,,336,2.0,0.25,10.0,8760.0,0.6,5,480,2071,0,1.0,,,0,0,OLS,,1.0442868631830038,0.13434236949137812,0.34617575392912575,0.3880756175629871,-0.5014121400578093,0.006842147629397086,334,161.8780487804878,0.49781527798704234
"{""entry_z"": 2.0, ""exit_z"": 0.25, ""fixed_n_components"": null, ""max_holding_period"": null, ""min_asset_coverage"": 0.6, ""min_train_observations"": 480, ""min_universe_assets"": 5, ""pca_component_selection_method"": ""explained_variance"", ""pca_explained_variance"": 0.7, ""rebalance_frequency"": 24, ""regression_type"": ""OLS"", ""ridge_alpha"": 1.0, ""stage"": ""core"", ""stop_loss_z"": null, ""target"": ""BTC"", ""train_window"": 2880, ""transaction_cost_bps"": 10, ""universe_selection_method"": ""priority_with_coverage_fallback"", ""universe_size"": 30, ""zscore_lookback"": 720}",core,crypto,BTC,priority_with_coverage_fallback,30,30,"ETH,SOL,XRP,BNB,TRX,ADA,AVAX,DOT,NEAR,ATOM,ALGO,DOGE,BCH,LTC,XLM,ETC,LINK,UNI,AAVE,INJ,FIL,VET,FET,GRT,THETA,XTZ,SAND,CHZ,DASH,HBAR","TON,SUI,ICP,MKR,RENDER,RNDR,ARB,OP,MATIC,POL,APT,SEI,EOS,MANA","CHZ,DASH,HBAR",2880,24,0.7,explained_variance,,720,2.0,0.25,10.0,8760.0,0.6,5,480,2071,0,1.0,,,0,0,OLS,,0.6185846631132486,0.08859824630648427,0.36340137995924177,0.24380272390936228,-0.40644060516563707,0.0030185945423810675,147,338.7361111111111,0.49633031284595513
"{""entry_z"": 2.0, ""exit_z"": 0.25, ""fixed_n_components"": null, ""max_holding_period"": null, ""min_asset_coverage"": 0.6, ""min_train_observations"": 480, ""min_universe_assets"": 5, ""pca_component_selection_method"": ""explained_variance"", ""pca_explained_variance"": 0.8, ""rebalance_frequency"": 24, ""regression_type"": ""OLS"", ""ridge_alpha"": 1.0, ""stage"": ""core"", ""stop_loss_z"": null, ""target"": ""BTC"", ""train_window"": 2880, ""transaction_cost_bps"": 10, ""universe_selection_method"": ""priority_with_coverage_fallback"", ""universe_size"": 30, ""zscore_lookback"": 720}",core,crypto,BTC,priority_with_coverage_fallback,30,30,"ETH,SOL,XRP,BNB,TRX,ADA,AVAX,DOT,NEAR,ATOM,ALGO,DOGE,BCH,LTC,XLM,ETC,LINK,UNI,AAVE,INJ,FIL,VET,FET,GRT,THETA,XTZ,SAND,CHZ,DASH,HBAR","TON,SUI,ICP,MKR,RENDER,RNDR,ARB,OP,MATIC,POL,APT,SEI,EOS,MANA","CHZ,DASH,HBAR",2880,24,0.8,explained_variance,,720,2.0,0.25,10.0,8760.0,0.6,5,480,2071,0,1.0,,,0,0,OLS,,1.520946539470335,0.17703673021738675,0.38069744642221676,0.46503261810966334,-0.3732629553689689,0.0032600821057715526,159,321.2435897435897,0.49634832581713695
"{""entry_z"": 2.0, ""exit_z"": 0.25, ""fixed_n_components"": null, ""max_holding_period"": null, ""min_asset_coverage"": 0.6, ""min_train_observations"": 480, ""min_universe_assets"": 5, ""pca_component_selection_method"": ""explained_variance"", ""pca_explained_variance"": 0.9, ""rebalance_frequency"": 24, ""regression_type"": ""OLS"", ""ridge_alpha"": 1.0, ""stage"": ""core"", ""stop_loss_z"": null, ""target"": ""BTC"", ""train_window"": 2880, ""transaction_cost_bps"": 10, ""universe_selection_method"": ""priority_with_coverage_fallback"", ""universe_size"": 30, ""zscore_lookback"": 720}",core,crypto,BTC,priority_with_coverage_fallback,30,30,"ETH,SOL,XRP,BNB,TRX,ADA,AVAX,DOT,NEAR,ATOM,ALGO,DOGE,BCH,LTC,XLM,ETC,LINK,UNI,AAVE,INJ,FIL,VET,FET,GRT,THETA,XTZ,SAND,CHZ,DASH,HBAR","TON,SUI,ICP,MKR,RENDER,RNDR,ARB,OP,MATIC,POL,APT,SEI,EOS,MANA","CHZ,DASH,HBAR",2880,24,0.9,explained_variance,,720,2.0,0.25,10.0,8760.0,0.6,5,480,2071,0,1.0,,,0,0,OLS,,17.401492089610738,0.6709974352545689,0.34663870145622466,1.9357256775879825,-0.3307316453916951,0.003984544795943009,194,243.2842105263158,0.4992211838006231
"{""entry_z"": 2.0, ""exit_z"": 0.25, ""fixed_n_components"": null, ""max_holding_period"": null, ""min_asset_coverage"": 0.6, ""min_train_observations"": 480, ""min_universe_assets"": 5, ""pca_component_selection_method"": ""explained_variance"", ""pca_explained_variance"": 0.7, ""rebalance_frequency"": 24, ""regression_type"": ""OLS"", ""ridge_alpha"": 1.0, ""stage"": ""core"", ""stop_loss_z"": null, ""target"": ""BTC"", ""train_window"": 2880, ""transaction_cost_bps"": 10, ""universe_selection_method"": ""priority_with_coverage_fallback"", ""universe_size"": 30, ""zscore_lookback"": 1440}",core,crypto,BTC,priority_with_coverage_fallback,30,30,"ETH,SOL,XRP,BNB,TRX,ADA,AVAX,DOT,NEAR,ATOM,ALGO,DOGE,BCH,LTC,XLM,ETC,LINK,UNI,AAVE,INJ,FIL,VET,FET,GRT,THETA,XTZ,SAND,CHZ,DASH,HBAR","TON,SUI,ICP,MKR,RENDER,RNDR,ARB,OP,MATIC,POL,APT,SEI,EOS,MANA","CHZ,DASH,HBAR",2880,24,0.7,explained_variance,,1440,2.0,0.25,10.0,8760.0,0.6,5,480,2071,0,1.0,,,0,0,OLS,,6.527807718942238,0.42739548023983454,0.3524008807467315,1.2128104769040042,-0.29792194676038275,0.001931900507123883,93,459.3777777777778,0.5030476006191951
"{""entry_z"": 2.0, ""exit_z"": 0.25, ""fixed_n_components"": null, ""max_holding_period"": null, ""min_asset_coverage"": 0.6, ""min_train_observations"": 480, ""min_universe_assets"": 5, ""pca_component_selection_method"": ""explained_variance"", ""pca_explained_variance"": 0.8, ""rebalance_frequency"": 24, ""regression_type"": ""OLS"", ""ridge_alpha"": 1.0, ""stage"": ""core"", ""stop_loss_z"": null, ""target"": ""BTC"", ""train_window"": 2880, ""transaction_cost_bps"": 10, ""universe_selection_method"": ""priority_with_coverage_fallback"", ""universe_size"": 30, ""zscore_lookback"": 1440}",core,crypto,BTC,priority_with_coverage_fallback,30,30,"ETH,SOL,XRP,BNB,TRX,ADA,AVAX,DOT,NEAR,ATOM,ALGO,DOGE,BCH,LTC,XLM,ETC,LINK,UNI,AAVE,INJ,FIL,VET,FET,GRT,THETA,XTZ,SAND,CHZ,DASH,HBAR","TON,SUI,ICP,MKR,RENDER,RNDR,ARB,OP,MATIC,POL,APT,SEI,EOS,MANA","CHZ,DASH,HBAR",2880,24,0.8,explained_variance,,1440,2.0,0.25,10.0,8760.0,0.6,5,480,2071,0,1.0,,,0,0,OLS,,11.815856847296239,0.5677626532856446,0.3322650430491192,1.7087643288484953,-0.3463784856272313,0.001972148434355631,97,440.9166666666667,0.5036382536382537
"{""entry_z"": 2.0, ""exit_z"": 0.25, ""fixed_n_components"": null, ""max_holding_period"": null, ""min_asset_coverage"": 0.6, ""min_train_observations"": 480, ""min_universe_assets"": 5, ""pca_component_selection_method"": ""explained_variance"", ""pca_explained_variance"": 0.9, ""rebalance_frequency"": 24, ""regression_type"": ""OLS"", ""ridge_alpha"": 1.0, ""stage"": ""core"", ""stop_loss_z"": null, ""target"": ""BTC"", ""train_window"": 2880, ""transaction_cost_bps"": 10, ""universe_selection_method"": ""priority_with_coverage_fallback"", ""universe_size"": 30, ""zscore_lookback"": 1440}",core,crypto,BTC,priority_with_coverage_fallback,30,30,"ETH,SOL,XRP,BNB,TRX,ADA,AVAX,DOT,NEAR,ATOM,ALGO,DOGE,BCH,LTC,XLM,ETC,LINK,UNI,AAVE,INJ,FIL,VET,FET,GRT,THETA,XTZ,SAND,CHZ,DASH,HBAR","TON,SUI,ICP,MKR,RENDER,RNDR,ARB,OP,MATIC,POL,APT,SEI,EOS,MANA","CHZ,DASH,HBAR",2880,24,0.9,explained_variance,,1440,2.0,0.25,10.0,8760.0,0.6,5,480,2071,0,1.0,,,0,0,OLS,,15.906380580412382,0.6462206254599503,0.32909244959441936,1.9636446422771672,-0.241592252025829,0.0022740078885937374,113,315.56140350877195,0.5037527102907655
"{""entry_z"": 2.0, ""exit_z"": 0.5, ""fixed_n_components"": null, ""max_holding_period"": null, ""min_asset_coverage"": 0.6, ""min_train_observations"": 480, ""min_universe_assets"": 5, ""pca_component_selection_method"": ""explained_variance"", ""pca_explained_variance"": 0.7, ""rebalance_frequency"": 24, ""regression_type"": ""OLS"", ""ridge_alpha"": 1.0, ""stage"": ""core"", ""stop_loss_z"": null, ""target"": ""BTC"", ""train_window"": 720, ""transaction_cost_bps"": 10, ""universe_selection_method"": ""priority_with_coverage_fallback"", ""universe_size"": 30, ""zscore_lookback"": 336}",core,crypto,BTC,priority_with_coverage_fallback,30,30,"ETH,SOL,XRP,BNB,TRX,ADA,AVAX,DOT,NEAR,ATOM,ALGO,DOGE,BCH,LTC,XLM,ETC,LINK,UNI,AAVE,INJ,FIL,VET,FET,GRT,THETA,XTZ,SAND,CHZ,DASH,HBAR","TON,SUI,ICP,MKR,RENDER,RNDR,ARB,OP,MATIC,POL,APT,SEI,EOS,MANA","CHZ,DASH,HBAR",720,24,0.7,explained_variance,,336,2.0,0.5,10.0,8760.0,0.6,5,480,2161,0,1.0,,,0,0,OLS,,16.030366130420592,0.6143805013646046,0.3294126962426529,1.8650783906399222,-0.33363172813545283,0.008369976085782611,430,91.47887323943662,0.5051064921734668
"{""entry_z"": 2.0, ""exit_z"": 0.5, ""fixed_n_components"": null, ""max_holding_period"": null, ""min_asset_coverage"": 0.6, ""min_train_observations"": 480, ""min_universe_assets"": 5, ""pca_component_selection_method"": ""explained_variance"", ""pca_explained_variance"": 0.8, ""rebalance_frequency"": 24, ""regression_type"": ""OLS"", ""ridge_alpha"": 1.0, ""stage"": ""core"", ""stop_loss_z"": null, ""target"": ""BTC"", ""train_window"": 720, ""transaction_cost_bps"": 10, ""universe_selection_method"": ""priority_with_coverage_fallback"", ""universe_size"": 30, ""zscore_lookback"": 336}",core,crypto,BTC,priority_with_coverage_fallback,30,30,"ETH,SOL,XRP,BNB,TRX,ADA,AVAX,DOT,NEAR,ATOM,ALGO,DOGE,BCH,LTC,XLM,ETC,LINK,UNI,AAVE,INJ,FIL,VET,FET,GRT,THETA,XTZ,SAND,CHZ,DASH,HBAR","TON,SUI,ICP,MKR,RENDER,RNDR,ARB,OP,MATIC,POL,APT,SEI,EOS,MANA","CHZ,DASH,HBAR",720,24,0.8,explained_variance,,336,2.0,0.5,10.0,8760.0,0.6,5,480,2161,0,1.0,,,0,0,OLS,,25.829422527946928,0.7432231689497446,0.3161626277128269,2.350762246399408,-0.2267002514209382,0.008447118722517936,436,85.40092165898618,0.5073926181739693
"{""entry_z"": 2.0, ""exit_z"": 0.5, ""fixed_n_components"": null, ""max_holding_period"": null, ""min_asset_coverage"": 0.6, ""min_train_observations"": 480, ""min_universe_assets"": 5, ""pca_component_selection_method"": ""explained_variance"", ""pca_explained_variance"": 0.9, ""rebalance_frequency"": 24, ""regression_type"": ""OLS"", ""ridge_alpha"": 1.0, ""stage"": ""core"", ""stop_loss_z"": null, ""target"": ""BTC"", ""train_window"": 720, ""transaction_cost_bps"": 10, ""universe_selection_method"": ""priority_with_coverage_fallback"", ""universe_size"": 30, ""zscore_lookback"": 336}",core,crypto,BTC,priority_with_coverage_fallback,30,30,"ETH,SOL,XRP,BNB,TRX,ADA,AVAX,DOT,NEAR,ATOM,ALGO,DOGE,BCH,LTC,XLM,ETC,LINK,UNI,AAVE,INJ,FIL,VET,FET,GRT,THETA,XTZ,SAND,CHZ,DASH,HBAR","TON,SUI,ICP,MKR,RENDER,RNDR,ARB,OP,MATIC,POL,APT,SEI,EOS,MANA","CHZ,DASH,HBAR",720,24,0.9,explained_variance,,336,2.0,0.5,10.0,8760.0,0.6,5,480,2161,0,1.0,,,0,0,OLS,,88.94314307083313,1.1384938402633513,0.30312388351813846,3.755869801645721,-0.18290927391402745,0.009025688498032862,464,68.16521739130435,0.5062507972955734
"{""entry_z"": 2.0, ""exit_z"": 0.5, ""fixed_n_components"": null, ""max_holding_period"": null, ""min_asset_coverage"": 0.6, ""min_train_observations"": 480, ""min_universe_assets"": 5, ""pca_component_selection_method"": ""explained_variance"", ""pca_explained_variance"": 0.7, ""rebalance_frequency"": 24, ""regression_type"": ""OLS"", ""ridge_alpha"": 1.0, ""stage"": ""core"", ""stop_loss_z"": null, ""target"": ""BTC"", ""train_window"": 720, ""transaction_cost_bps"": 10, ""universe_selection_method"": ""priority_with_coverage_fallback"", ""universe_size"": 30, ""zscore_lookback"": 720}",core,crypto,BTC,priority_with_coverage_fallback,30,30,"ETH,SOL,XRP,BNB,TRX,ADA,AVAX,DOT,NEAR,ATOM,ALGO,DOGE,BCH,LTC,XLM,ETC,LINK,UNI,AAVE,INJ,FIL,VET,FET,GRT,THETA,XTZ,SAND,CHZ,DASH,HBAR","TON,SUI,ICP,MKR,RENDER,RNDR,ARB,OP,MATIC,POL,APT,SEI,EOS,MANA","CHZ,DASH,HBAR",720,24,0.7,explained_variance,,720,2.0,0.5,10.0,8760.0,0.6,5,480,2161,0,1.0,,,0,0,OLS,,45.37935500907679,0.9121099094359588,0.29855584174942296,3.055073061345388,-0.16116761339254737,0.0048214147959577255,248,124.27642276422765,0.5068690304854115
"{""entry_z"": 2.0, ""exit_z"": 0.5, ""fixed_n_components"": null, ""max_holding_period"": null, ""min_asset_coverage"": 0.6, ""min_train_observations"": 480, ""min_universe_assets"": 5, ""pca_component_selection_method"": ""explained_variance"", ""pca_explained_variance"": 0.8, ""rebalance_frequency"": 24, ""regression_type"": ""OLS"", ""ridge_alpha"": 1.0, ""stage"": ""core"", ""stop_loss_z"": null, ""target"": ""BTC"", ""train_window"": 720, ""transaction_cost_bps"": 10, ""universe_selection_method"": ""priority_with_coverage_fallback"", ""universe_size"": 30, ""zscore_lookback"": 720}",core,crypto,BTC,priority_with_coverage_fallback,30,30,"ETH,SOL,XRP,BNB,TRX,ADA,AVAX,DOT,NEAR,ATOM,ALGO,DOGE,BCH,LTC,XLM,ETC,LINK,UNI,AAVE,INJ,FIL,VET,FET,GRT,THETA,XTZ,SAND,CHZ,DASH,HBAR","TON,SUI,ICP,MKR,RENDER,RNDR,ARB,OP,MATIC,POL,APT,SEI,EOS,MANA","CHZ,DASH,HBAR",720,24,0.8,explained_variance,,720,2.0,0.5,10.0,8760.0,0.6,5,480,2161,0,1.0,,,0,0,OLS,,61.60461363889529,1.0115134506729482,0.31323410123222684,3.2292571169415174,-0.19098824182000318,0.005149271002082851,265,103.21212121212122,0.506238990017616
"{""entry_z"": 2.0, ""exit_z"": 0.5, ""fixed_n_components"": null, ""max_holding_period"": null, ""min_asset_coverage"": 0.6, ""min_train_observations"": 480, ""min_universe_assets"": 5, ""pca_component_selection_method"": ""explained_variance"", ""pca_explained_variance"": 0.9, ""rebalance_frequency"": 24, ""regression_type"": ""OLS"", ""ridge_alpha"": 1.0, ""stage"": ""core"", ""stop_loss_z"": null, ""target"": ""BTC"", ""train_window"": 720, ""transaction_cost_bps"": 10, ""universe_selection_method"": ""priority_with_coverage_fallback"", ""universe_size"": 30, ""zscore_lookback"": 720}",core,crypto,BTC,priority_with_coverage_fallback,30,30,"ETH,SOL,XRP,BNB,TRX,ADA,AVAX,DOT,NEAR,ATOM,ALGO,DOGE,BCH,LTC,XLM,ETC,LINK,UNI,AAVE,INJ,FIL,VET,FET,GRT,THETA,XTZ,SAND,CHZ,DASH,HBAR","TON,SUI,ICP,MKR,RENDER,RNDR,ARB,OP,MATIC,POL,APT,SEI,EOS,MANA","CHZ,DASH,HBAR",720,24,0.9,explained_variance,,720,2.0,0.5,10.0,8760.0,0.6,5,480,2161,0,1.0,,,0,0,OLS,,112.58274340925584,1.224484322663793,0.2933550309974365,4.174069619670144,-0.18290927391402745,0.005901411710252257,305,79.64473684210526,0.5032215430365108
"{""entry_z"": 2.0, ""exit_z"": 0.5, ""fixed_n_components"": null, ""max_holding_period"": null, ""min_asset_coverage"": 0.6, ""min_train_observations"": 480, ""min_universe_assets"": 5, ""pca_component_selection_method"": ""explained_variance"", ""pca_explained_variance"": 0.7, ""rebalance_frequency"": 24, ""regression_type"": ""OLS"", ""ridge_alpha"": 1.0, ""stage"": ""core"", ""stop_loss_z"": null, ""target"": ""BTC"", ""train_window"": 720, ""transaction_cost_bps"": 10, ""universe_selection_method"": ""priority_with_coverage_fallback"", ""universe_size"": 30, ""zscore_lookback"": 1440}",core,crypto,BTC,priority_with_coverage_fallback,30,30,"ETH,SOL,XRP,BNB,TRX,ADA,AVAX,DOT,NEAR,ATOM,ALGO,DOGE,BCH,LTC,XLM,ETC,LINK,UNI,AAVE,INJ,FIL,VET,FET,GRT,THETA,XTZ,SAND,CHZ,DASH,HBAR","TON,SUI,ICP,MKR,RENDER,RNDR,ARB,OP,MATIC,POL,APT,SEI,EOS,MANA","CHZ,DASH,HBAR",720,24,0.7,explained_variance,,1440,2.0,0.5,10.0,8760.0,0.6,5,480,2161,0,1.0,,,0,0,OLS,,36.451366795915064,0.8442736640008124,0.28532809405084014,2.9589573603305204,-0.17035446532187126,0.003317133379618915,171,131.2235294117647,0.5038551192397346
"{""entry_z"": 2.0, ""exit_z"": 0.5, ""fixed_n_components"": null, ""max_holding_period"": null, ""min_asset_coverage"": 0.6, ""min_train_observations"": 480, ""min_universe_assets"": 5, ""pca_component_selection_method"": ""explained_variance"", ""pca_explained_variance"": 0.8, ""rebalance_frequency"": 24, ""regression_type"": ""OLS"", ""ridge_alpha"": 1.0, ""stage"": ""core"", ""stop_loss_z"": null, ""target"": ""BTC"", ""train_window"": 720, ""transaction_cost_bps"": 10, ""universe_selection_method"": ""priority_with_coverage_fallback"", ""universe_size"": 30, ""zscore_lookback"": 1440}",core,crypto,BTC,priority_with_coverage_fallback,30,30,"ETH,SOL,XRP,BNB,TRX,ADA,AVAX,DOT,NEAR,ATOM,ALGO,DOGE,BCH,LTC,XLM,ETC,LINK,UNI,AAVE,INJ,FIL,VET,FET,GRT,THETA,XTZ,SAND,CHZ,DASH,HBAR","TON,SUI,ICP,MKR,RENDER,RNDR,ARB,OP,MATIC,POL,APT,SEI,EOS,MANA","CHZ,DASH,HBAR",720,24,0.8,explained_variance,,1440,2.0,0.5,10.0,8760.0,0.6,5,480,2161,0,1.0,,,0,0,OLS,,51.15059652447465,0.9503738273646749,0.28615437193405613,3.321192756697379,-0.16146090711481442,0.0036642752449278716,189,106.82978723404256,0.5054769966142203
"{""entry_z"": 2.0, ""exit_z"": 0.5, ""fixed_n_components"": null, ""max_holding_period"": null, ""min_asset_coverage"": 0.6, ""min_train_observations"": 480, ""min_universe_assets"": 5, ""pca_component_selection_method"": ""explained_variance"", ""pca_explained_variance"": 0.9, ""rebalance_frequency"": 24, ""regression_type"": ""OLS"", ""ridge_alpha"": 1.0, ""stage"": ""core"", ""stop_loss_z"": null, ""target"": ""BTC"", ""train_window"": 720, ""transaction_cost_bps"": 10, ""universe_selection_method"": ""priority_with_coverage_fallback"", ""universe_size"": 30, ""zscore_lookback"": 1440}",core,crypto,BTC,priority_with_coverage_fallback,30,30,"ETH,SOL,XRP,BNB,TRX,ADA,AVAX,DOT,NEAR,ATOM,ALGO,DOGE,BCH,LTC,XLM,ETC,LINK,UNI,AAVE,INJ,FIL,VET,FET,GRT,THETA,XTZ,SAND,CHZ,DASH,HBAR","TON,SUI,ICP,MKR,RENDER,RNDR,ARB,OP,MATIC,POL,APT,SEI,EOS,MANA","CHZ,DASH,HBAR",720,24,0.9,explained_variance,,1440,2.0,0.5,10.0,8760.0,0.6,5,480,2161,0,1.0,,,0,0,OLS,,115.99864480901593,1.2356477682066083,0.27471001175273335,4.498007773079692,-0.15564963538919263,0.00470570084085474,244,72.91803278688525,0.5026978417266187
"{""entry_z"": 2.0, ""exit_z"": 0.5, ""fixed_n_components"": null, ""max_holding_period"": null, ""min_asset_coverage"": 0.6, ""min_train_observations"": 480, ""min_universe_assets"": 5, ""pca_component_selection_method"": ""explained_variance"", ""pca_explained_variance"": 0.7, ""rebalance_frequency"": 24, ""regression_type"": ""OLS"", ""ridge_alpha"": 1.0, ""stage"": ""core"", ""stop_loss_z"": null, ""target"": ""BTC"", ""train_window"": 1440, ""transaction_cost_bps"": 10, ""universe_selection_method"": ""priority_with_coverage_fallback"", ""universe_size"": 30, ""zscore_lookback"": 336}",core,crypto,BTC,priority_with_coverage_fallback,30,30,"ETH,SOL,XRP,BNB,TRX,ADA,AVAX,DOT,NEAR,ATOM,ALGO,DOGE,BCH,LTC,XLM,ETC,LINK,UNI,AAVE,INJ,FIL,VET,FET,GRT,THETA,XTZ,SAND,CHZ,DASH,HBAR","TON,SUI,ICP,MKR,RENDER,RNDR,ARB,OP,MATIC,POL,APT,SEI,EOS,MANA","CHZ,DASH,HBAR",1440,24,0.7,explained_variance,,336,2.0,0.5,10.0,8760.0,0.6,5,480,2131,0,1.0,,,0,0,OLS,,0.28941390098597464,0.04450989613325529,0.3259468586559417,0.1365556836988523,-0.6181605655240461,0.007118829695689588,363,128.50828729281767,0.49582975064488394
"{""entry_z"": 2.0, ""exit_z"": 0.5, ""fixed_n_components"": null, ""max_holding_period"": null, ""min_asset_coverage"": 0.6, ""min_train_observations"": 480, ""min_universe_assets"": 5, ""pca_component_selection_method"": ""explained_variance"", ""pca_explained_variance"": 0.8, ""rebalance_frequency"": 24, ""regression_type"": ""OLS"", ""ridge_alpha"": 1.0, ""stage"": ""core"", ""stop_loss_z"": null, ""target"": ""BTC"", ""train_window"": 1440, ""transaction_cost_bps"": 10, ""universe_selection_method"": ""priority_with_coverage_fallback"", ""universe_size"": 30, ""zscore_lookback"": 336}",core,crypto,BTC,priority_with_coverage_fallback,30,30,"ETH,SOL,XRP,BNB,TRX,ADA,AVAX,DOT,NEAR,ATOM,ALGO,DOGE,BCH,LTC,XLM,ETC,LINK,UNI,AAVE,INJ,FIL,VET,FET,GRT,THETA,XTZ,SAND,CHZ,DASH,HBAR","TON,SUI,ICP,MKR,RENDER,RNDR,ARB,OP,MATIC,POL,APT,SEI,EOS,MANA","CHZ,DASH,HBAR",1440,24,0.8,explained_variance,,336,2.0,0.5,10.0,8760.0,0.6,5,480,2131,0,1.0,,,0,0,OLS,,2.762540649171112,0.25485105288127596,0.31579362623689733,0.807017722042609,-0.3826644329094889,0.0077055464288508175,390,112.51813471502591,0.4993553140541536
"{""entry_z"": 2.0, ""exit_z"": 0.5, ""fixed_n_components"": null, ""max_holding_period"": null, ""min_asset_coverage"": 0.6, ""min_train_observations"": 480, ""min_universe_assets"": 5, ""pca_component_selection_method"": ""explained_variance"", ""pca_explained_variance"": 0.9, ""rebalance_frequency"": 24, ""regression_type"": ""OLS"", ""ridge_alpha"": 1.0, ""stage"": ""core"", ""stop_loss_z"": null, ""target"": ""BTC"", ""train_window"": 1440, ""transaction_cost_bps"": 10, ""universe_selection_method"": ""priority_with_coverage_fallback"", ""universe_size"": 30, ""zscore_lookback"": 336}",core,crypto,BTC,priority_with_coverage_fallback,30,30,"ETH,SOL,XRP,BNB,TRX,ADA,AVAX,DOT,NEAR,ATOM,ALGO,DOGE,BCH,LTC,XLM,ETC,LINK,UNI,AAVE,INJ,FIL,VET,FET,GRT,THETA,XTZ,SAND,CHZ,DASH,HBAR","TON,SUI,ICP,MKR,RENDER,RNDR,ARB,OP,MATIC,POL,APT,SEI,EOS,MANA","CHZ,DASH,HBAR",1440,24,0.9,explained_variance,,336,2.0,0.5,10.0,8760.0,0.6,5,480,2131,0,1.0,,,0,0,OLS,,6.0482904690726045,0.39731656062156806,0.30240963595219245,1.313835650013412,-0.2987771505339487,0.0077642181021669405,390,101.9375,0.5007153075822603
"{""entry_z"": 2.0, ""exit_z"": 0.5, ""fixed_n_components"": null, ""max_holding_period"": null, ""min_asset_coverage"": 0.6, ""min_train_observations"": 480, ""min_universe_assets"": 5, ""pca_component_selection_method"": ""explained_variance"", ""pca_explained_variance"": 0.7, ""rebalance_frequency"": 24, ""regression_type"": ""OLS"", ""ridge_alpha"": 1.0, ""stage"": ""core"", ""stop_loss_z"": null, ""target"": ""BTC"", ""train_window"": 1440, ""transaction_cost_bps"": 10, ""universe_selection_method"": ""priority_with_coverage_fallback"", ""universe_size"": 30, ""zscore_lookback"": 720}",core,crypto,BTC,priority_with_coverage_fallback,30,30,"ETH,SOL,XRP,BNB,TRX,ADA,AVAX,DOT,NEAR,ATOM,ALGO,DOGE,BCH,LTC,XLM,ETC,LINK,UNI,AAVE,INJ,FIL,VET,FET,GRT,THETA,XTZ,SAND,CHZ,DASH,HBAR","TON,SUI,ICP,MKR,RENDER,RNDR,ARB,OP,MATIC,POL,APT,SEI,EOS,MANA","CHZ,DASH,HBAR",1440,24,0.7,explained_variance,,720,2.0,0.5,10.0,8760.0,0.6,5,480,2131,0,1.0,,,0,0,OLS,,11.176536760445597,0.5345227477255006,0.30040583808418997,1.779335418826642,-0.27864766370178184,0.004146131581006024,210,197.25,0.5026810958369894
"{""entry_z"": 2.0, ""exit_z"": 0.5, ""fixed_n_components"": null, ""max_holding_period"": null, ""min_asset_coverage"": 0.6, ""min_train_observations"": 480, ""min_universe_assets"": 5, ""pca_component_selection_method"": ""explained_variance"", ""pca_explained_variance"": 0.8, ""rebalance_frequency"": 24, ""regression_type"": ""OLS"", ""ridge_alpha"": 1.0, ""stage"": ""core"", ""stop_loss_z"": null, ""target"": ""BTC"", ""train_window"": 1440, ""transaction_cost_bps"": 10, ""universe_selection_method"": ""priority_with_coverage_fallback"", ""universe_size"": 30, ""zscore_lookback"": 720}",core,crypto,BTC,priority_with_coverage_fallback,30,30,"ETH,SOL,XRP,BNB,TRX,ADA,AVAX,DOT,NEAR,ATOM,ALGO,DOGE,BCH,LTC,XLM,ETC,LINK,UNI,AAVE,INJ,FIL,VET,FET,GRT,THETA,XTZ,SAND,CHZ,DASH,HBAR","TON,SUI,ICP,MKR,RENDER,RNDR,ARB,OP,MATIC,POL,APT,SEI,EOS,MANA","CHZ,DASH,HBAR",1440,24,0.8,explained_variance,,720,2.0,0.5,10.0,8760.0,0.6,5,480,2131,0,1.0,,,0,0,OLS,,16.699888061478756,0.6360776595563618,0.2944148053452139,2.160481225835547,-0.23226219291180283,0.004498161620902761,229,158.78947368421052,0.5028726107612419
"{""entry_z"": 2.0, ""exit_z"": 0.5, ""fixed_n_components"": null, ""max_holding_period"": null, ""min_asset_coverage"": 0.6, ""min_train_observations"": 480, ""min_universe_assets"": 5, ""pca_component_selection_method"": ""explained_variance"", ""pca_explained_variance"": 0.9, ""rebalance_frequency"": 24, ""regression_type"": ""OLS"", ""ridge_alpha"": 1.0, ""stage"": ""core"", ""stop_loss_z"": null, ""target"": ""BTC"", ""train_window"": 1440, ""transaction_cost_bps"": 10, ""universe_selection_method"": ""priority_with_coverage_fallback"", ""universe_size"": 30, ""zscore_lookback"": 720}",core,crypto,BTC,priority_with_coverage_fallback,30,30,"ETH,SOL,XRP,BNB,TRX,ADA,AVAX,DOT,NEAR,ATOM,ALGO,DOGE,BCH,LTC,XLM,ETC,LINK,UNI,AAVE,INJ,FIL,VET,FET,GRT,THETA,XTZ,SAND,CHZ,DASH,HBAR","TON,SUI,ICP,MKR,RENDER,RNDR,ARB,OP,MATIC,POL,APT,SEI,EOS,MANA","CHZ,DASH,HBAR",1440,24,0.9,explained_variance,,720,2.0,0.5,10.0,8760.0,0.6,5,480,2131,0,1.0,,,0,0,OLS,,39.51233958670328,0.8854452592375774,0.28408910421342154,3.116787113990785,-0.20130228298698283,0.004967535007431746,253,118.97619047619048,0.506570609032086
"{""entry_z"": 2.0, ""exit_z"": 0.5, ""fixed_n_components"": null, ""max_holding_period"": null, ""min_asset_coverage"": 0.6, ""min_train_observations"": 480, ""min_universe_assets"": 5, ""pca_component_selection_method"": ""explained_variance"", ""pca_explained_variance"": 0.7, ""rebalance_frequency"": 24, ""regression_type"": ""OLS"", ""ridge_alpha"": 1.0, ""stage"": ""core"", ""stop_loss_z"": null, ""target"": ""BTC"", ""train_window"": 1440, ""transaction_cost_bps"": 10, ""universe_selection_method"": ""priority_with_coverage_fallback"", ""universe_size"": 30, ""zscore_lookback"": 1440}",core,crypto,BTC,priority_with_coverage_fallback,30,30,"ETH,SOL,XRP,BNB,TRX,ADA,AVAX,DOT,NEAR,ATOM,ALGO,DOGE,BCH,LTC,XLM,ETC,LINK,UNI,AAVE,INJ,FIL,VET,FET,GRT,THETA,XTZ,SAND,CHZ,DASH,HBAR","TON,SUI,ICP,MKR,RENDER,RNDR,ARB,OP,MATIC,POL,APT,SEI,EOS,MANA","CHZ,DASH,HBAR",1440,24,0.7,explained_variance,,1440,2.0,0.5,10.0,8760.0,0.6,5,480,2131,0,1.0,,,0,0,OLS,,20.438210547796483,0.6906781163045461,0.29789433774033625,2.318533885348923,-0.18832966605134138,0.002679339748102949,137,241.44927536231884,0.503781512605042
"{""entry_z"": 2.0, ""exit_z"": 0.5, ""fixed_n_components"": null, ""max_holding_period"": null, ""min_asset_coverage"": 0.6, ""min_train_observations"": 480, ""min_universe_assets"": 5, ""pca_component_selection_method"": ""explained_variance"", ""pca_explained_variance"": 0.8, ""rebalance_frequency"": 24, ""regression_type"": ""OLS"", ""ridge_alpha"": 1.0, ""stage"": ""core"", ""stop_loss_z"": null, ""target"": ""BTC"", ""train_window"": 1440, ""transaction_cost_bps"": 10, ""universe_selection_method"": ""priority_with_coverage_fallback"", ""universe_size"": 30, ""zscore_lookback"": 1440}",core,crypto,BTC,priority_with_coverage_fallback,30,30,"ETH,SOL,XRP,BNB,TRX,ADA,AVAX,DOT,NEAR,ATOM,ALGO,DOGE,BCH,LTC,XLM,ETC,LINK,UNI,AAVE,INJ,FIL,VET,FET,GRT,THETA,XTZ,SAND,CHZ,DASH,HBAR","TON,SUI,ICP,MKR,RENDER,RNDR,ARB,OP,MATIC,POL,APT,SEI,EOS,MANA","CHZ,DASH,HBAR",1440,24,0.8,explained_variance,,1440,2.0,0.5,10.0,8760.0,0.6,5,480,2131,0,1.0,,,0,0,OLS,,27.67691689636433,0.7770773648445186,0.281900750171494,2.7565636642392204,-0.20035183808875423,0.002972698114683564,151,173.18666666666667,0.5058895988913696
"{""entry_z"": 2.0, ""exit_z"": 0.5, ""fixed_n_components"": null, ""max_holding_period"": null, ""min_asset_coverage"": 0.6, ""min_train_observations"": 480, ""min_universe_assets"": 5, ""pca_component_selection_method"": ""explained_variance"", ""pca_explained_variance"": 0.9, ""rebalance_frequency"": 24, ""regression_type"": ""OLS"", ""ridge_alpha"": 1.0, ""stage"": ""core"", ""stop_loss_z"": null, ""target"": ""BTC"", ""train_window"": 1440, ""transaction_cost_bps"": 10, ""universe_selection_method"": ""priority_with_coverage_fallback"", ""universe_size"": 30, ""zscore_lookback"": 1440}",core,crypto,BTC,priority_with_coverage_fallback,30,30,"ETH,SOL,XRP,BNB,TRX,ADA,AVAX,DOT,NEAR,ATOM,ALGO,DOGE,BCH,LTC,XLM,ETC,LINK,UNI,AAVE,INJ,FIL,VET,FET,GRT,THETA,XTZ,SAND,CHZ,DASH,HBAR","TON,SUI,ICP,MKR,RENDER,RNDR,ARB,OP,MATIC,POL,APT,SEI,EOS,MANA","CHZ,DASH,HBAR",1440,24,0.9,explained_variance,,1440,2.0,0.5,10.0,8760.0,0.6,5,480,2131,0,1.0,,,0,0,OLS,,47.765522490879604,0.946299494984256,0.26829702348845186,3.5270592371107203,-0.17197146759441995,0.0036376437455996244,185,123.96739130434783,0.5063568610258659
"{""entry_z"": 2.0, ""exit_z"": 0.5, ""fixed_n_components"": null, ""max_holding_period"": null, ""min_asset_coverage"": 0.6, ""min_train_observations"": 480, ""min_universe_assets"": 5, ""pca_component_selection_method"": ""explained_variance"", ""pca_explained_variance"": 0.7, ""rebalance_frequency"": 24, ""regression_type"": ""OLS"", ""ridge_alpha"": 1.0, ""stage"": ""core"", ""stop_loss_z"": null, ""target"": ""BTC"", ""train_window"": 2880, ""transaction_cost_bps"": 10, ""universe_selection_method"": ""priority_with_coverage_fallback"", ""universe_size"": 30, ""zscore_lookback"": 336}",core,crypto,BTC,priority_with_coverage_fallback,30,30,"ETH,SOL,XRP,BNB,TRX,ADA,AVAX,DOT,NEAR,ATOM,ALGO,DOGE,BCH,LTC,XLM,ETC,LINK,UNI,AAVE,INJ,FIL,VET,FET,GRT,THETA,XTZ,SAND,CHZ,DASH,HBAR","TON,SUI,ICP,MKR,RENDER,RNDR,ARB,OP,MATIC,POL,APT,SEI,EOS,MANA","CHZ,DASH,HBAR",2880,24,0.7,explained_variance,,336,2.0,0.5,10.0,8760.0,0.6,5,480,2071,0,1.0,,,0,0,OLS,,-0.14644962854979937,-0.02752897933078624,0.36765103071935673,-0.07487801483086348,-0.4851166984391794,0.007888593737422523,388,131.67708333333334,0.49723123170635236
"{""entry_z"": 2.0, ""exit_z"": 0.5, ""fixed_n_components"": null, ""max_holding_period"": null, ""min_asset_coverage"": 0.6, ""min_train_observations"": 480, ""min_universe_assets"": 5, ""pca_component_selection_method"": ""explained_variance"", ""pca_explained_variance"": 0.8, ""rebalance_frequency"": 24, ""regression_type"": ""OLS"", ""ridge_alpha"": 1.0, ""stage"": ""core"", ""stop_loss_z"": null, ""target"": ""BTC"", ""train_window"": 2880, ""transaction_cost_bps"": 10, ""universe_selection_method"": ""priority_with_coverage_fallback"", ""universe_size"": 30, ""zscore_lookback"": 336}",core,crypto,BTC,priority_with_coverage_fallback,30,30,"ETH,SOL,XRP,BNB,TRX,ADA,AVAX,DOT,NEAR,ATOM,ALGO,DOGE,BCH,LTC,XLM,ETC,LINK,UNI,AAVE,INJ,FIL,VET,FET,GRT,THETA,XTZ,SAND,CHZ,DASH,HBAR","TON,SUI,ICP,MKR,RENDER,RNDR,ARB,OP,MATIC,POL,APT,SEI,EOS,MANA","CHZ,DASH,HBAR",2880,24,0.8,explained_variance,,336,2.0,0.5,10.0,8760.0,0.6,5,480,2071,0,1.0,,,0,0,OLS,,-0.10578460137773926,-0.019517303505750427,0.3603735880041139,-0.05415852924695365,-0.5717698642368636,0.00760685824680029,376,128.84491978609626,0.4965966630696439
"{""entry_z"": 2.0, ""exit_z"": 0.5, ""fixed_n_components"": null, ""max_holding_period"": null, ""min_asset_coverage"": 0.6, ""min_train_observations"": 480, ""min_universe_assets"": 5, ""pca_component_selection_method"": ""explained_variance"", ""pca_explained_variance"": 0.9, ""rebalance_frequency"": 24, ""regression_type"": ""OLS"", ""ridge_alpha"": 1.0, ""stage"": ""core"", ""stop_loss_z"": null, ""target"": ""BTC"", ""train_window"": 2880, ""transaction_cost_bps"": 10, ""universe_selection_method"": ""priority_with_coverage_fallback"", ""universe_size"": 30, ""zscore_lookback"": 336}",core,crypto,BTC,priority_with_coverage_fallback,30,30,"ETH,SOL,XRP,BNB,TRX,ADA,AVAX,DOT,NEAR,ATOM,ALGO,DOGE,BCH,LTC,XLM,ETC,LINK,UNI,AAVE,INJ,FIL,VET,FET,GRT,THETA,XTZ,SAND,CHZ,DASH,HBAR","TON,SUI,ICP,MKR,RENDER,RNDR,ARB,OP,MATIC,POL,APT,SEI,EOS,MANA","CHZ,DASH,HBAR",2880,24,0.9,explained_variance,,336,2.0,0.5,10.0,8760.0,0.6,5,480,2071,0,1.0,,,0,0,OLS,,0.8886876333915965,0.11862145329236418,0.3329971739201053,0.35622360362981503,-0.5017702317734627,0.0074458665378732995,365,129.67222222222222,0.49706524998928925
"{""entry_z"": 2.0, ""exit_z"": 0.5, ""fixed_n_components"": null, ""max_holding_period"": null, ""min_asset_coverage"": 0.6, ""min_train_observations"": 480, ""min_universe_assets"": 5, ""pca_component_selection_method"": ""explained_variance"", ""pca_explained_variance"": 0.7, ""rebalance_frequency"": 24, ""regression_type"": ""OLS"", ""ridge_alpha"": 1.0, ""stage"": ""core"", ""stop_loss_z"": null, ""target"": ""BTC"", ""train_window"": 2880, ""transaction_cost_bps"": 10, ""universe_selection_method"": ""priority_with_coverage_fallback"", ""universe_size"": 30, ""zscore_lookback"": 720}",core,crypto,BTC,priority_with_coverage_fallback,30,30,"ETH,SOL,XRP,BNB,TRX,ADA,AVAX,DOT,NEAR,ATOM,ALGO,DOGE,BCH,LTC,XLM,ETC,LINK,UNI,AAVE,INJ,FIL,VET,FET,GRT,THETA,XTZ,SAND,CHZ,DASH,HBAR","TON,SUI,ICP,MKR,RENDER,RNDR,ARB,OP,MATIC,POL,APT,SEI,EOS,MANA","CHZ,DASH,HBAR",2880,24,0.7,explained_variance,,720,2.0,0.5,10.0,8760.0,0.6,5,480,2071,0,1.0,,,0,0,OLS,,-0.07211375894021532,-0.013107657054669208,0.34690389994562315,-0.03778469211999006,-0.4346749080137913,0.0031393383240763103,154,282.7368421052632,0.4959977661950856
"{""entry_z"": 2.0, ""exit_z"": 0.5, ""fixed_n_components"": null, ""max_holding_period"": null, ""min_asset_coverage"": 0.6, ""min_train_observations"": 480, ""min_universe_assets"": 5, ""pca_component_selection_method"": ""explained_variance"", ""pca_explained_variance"": 0.8, ""rebalance_frequency"": 24, ""regression_type"": ""OLS"", ""ridge_alpha"": 1.0, ""stage"": ""core"", ""stop_loss_z"": null, ""target"": ""BTC"", ""train_window"": 2880, ""transaction_cost_bps"": 10, ""universe_selection_method"": ""priority_with_coverage_fallback"", ""universe_size"": 30, ""zscore_lookback"": 720}",core,crypto,BTC,priority_with_coverage_fallback,30,30,"ETH,SOL,XRP,BNB,TRX,ADA,AVAX,DOT,NEAR,ATOM,ALGO,DOGE,BCH,LTC,XLM,ETC,LINK,UNI,AAVE,INJ,FIL,VET,FET,GRT,THETA,XTZ,SAND,CHZ,DASH,HBAR","TON,SUI,ICP,MKR,RENDER,RNDR,ARB,OP,MATIC,POL,APT,SEI,EOS,MANA","CHZ,DASH,HBAR",2880,24,0.8,explained_variance,,720,2.0,0.5,10.0,8760.0,0.6,5,480,2071,0,1.0,,,0,0,OLS,,0.7817547144884058,0.10718694439915066,0.36313416899046014,0.2951717396827137,-0.4096115621755613,0.0035015696691620382,172,258.8,0.4947722520229112
"{""entry_z"": 2.0, ""exit_z"": 0.5, ""fixed_n_components"": null, ""max_holding_period"": null, ""min_asset_coverage"": 0.6, ""min_train_observations"": 480, ""min_universe_assets"": 5, ""pca_component_selection_method"": ""explained_variance"", ""pca_explained_variance"": 0.9, ""rebalance_frequency"": 24, ""regression_type"": ""OLS"", ""ridge_alpha"": 1.0, ""stage"": ""core"", ""stop_loss_z"": null, ""target"": ""BTC"", ""train_window"": 2880, ""transaction_cost_bps"": 10, ""universe_selection_method"": ""priority_with_coverage_fallback"", ""universe_size"": 30, ""zscore_lookback"": 720}",core,crypto,BTC,priority_with_coverage_fallback,30,30,"ETH,SOL,XRP,BNB,TRX,ADA,AVAX,DOT,NEAR,ATOM,ALGO,DOGE,BCH,LTC,XLM,ETC,LINK,UNI,AAVE,INJ,FIL,VET,FET,GRT,THETA,XTZ,SAND,CHZ,DASH,HBAR","TON,SUI,ICP,MKR,RENDER,RNDR,ARB,OP,MATIC,POL,APT,SEI,EOS,MANA","CHZ,DASH,HBAR",2880,24,0.9,explained_variance,,720,2.0,0.5,10.0,8760.0,0.6,5,480,2071,0,1.0,,,0,0,OLS,,12.081202893211335,0.573436662174563,0.33426709517356185,1.7155043689742089,-0.3392786727453819,0.004105288577638252,201,203.83838383838383,0.5003468780971259
"{""entry_z"": 2.0, ""exit_z"": 0.5, ""fixed_n_components"": null, ""max_holding_period"": null, ""min_asset_coverage"": 0.6, ""min_train_observations"": 480, ""min_universe_assets"": 5, ""pca_component_selection_method"": ""explained_variance"", ""pca_explained_variance"": 0.7, ""rebalance_frequency"": 24, ""regression_type"": ""OLS"", ""ridge_alpha"": 1.0, ""stage"": ""core"", ""stop_loss_z"": null, ""target"": ""BTC"", ""train_window"": 2880, ""transaction_cost_bps"": 10, ""universe_selection_method"": ""priority_with_coverage_fallback"", ""universe_size"": 30, ""zscore_lookback"": 1440}",core,crypto,BTC,priority_with_coverage_fallback,30,30,"ETH,SOL,XRP,BNB,TRX,ADA,AVAX,DOT,NEAR,ATOM,ALGO,DOGE,BCH,LTC,XLM,ETC,LINK,UNI,AAVE,INJ,FIL,VET,FET,GRT,THETA,XTZ,SAND,CHZ,DASH,HBAR","TON,SUI,ICP,MKR,RENDER,RNDR,ARB,OP,MATIC,POL,APT,SEI,EOS,MANA","CHZ,DASH,HBAR",2880,24,0.7,explained_variance,,1440,2.0,0.5,10.0,8760.0,0.6,5,480,2071,0,1.0,,,0,0,OLS,,6.348523007878355,0.42134293552786595,0.33676282670446367,1.2511563097717673,-0.29638801350350275,0.0021733880705143687,106,344.21153846153845,0.5052796245600313
"{""entry_z"": 2.0, ""exit_z"": 0.5, ""fixed_n_components"": null, ""max_holding_period"": null, ""min_asset_coverage"": 0.6, ""min_train_observations"": 480, ""min_universe_assets"": 5, ""pca_component_selection_method"": ""explained_variance"", ""pca_explained_variance"": 0.8, ""rebalance_frequency"": 24, ""regression_type"": ""OLS"", ""ridge_alpha"": 1.0, ""stage"": ""core"", ""stop_loss_z"": null, ""target"": ""BTC"", ""train_window"": 2880, ""transaction_cost_bps"": 10, ""universe_selection_method"": ""priority_with_coverage_fallback"", ""universe_size"": 30, ""zscore_lookback"": 1440}",core,crypto,BTC,priority_with_coverage_fallback,30,30,"ETH,SOL,XRP,BNB,TRX,ADA,AVAX,DOT,NEAR,ATOM,ALGO,DOGE,BCH,LTC,XLM,ETC,LINK,UNI,AAVE,INJ,FIL,VET,FET,GRT,THETA,XTZ,SAND,CHZ,DASH,HBAR","TON,SUI,ICP,MKR,RENDER,RNDR,ARB,OP,MATIC,POL,APT,SEI,EOS,MANA","CHZ,DASH,HBAR",2880,24,0.8,explained_variance,,1440,2.0,0.5,10.0,8760.0,0.6,5,480,2071,0,1.0,,,0,0,OLS,,7.763232954445632,0.46615016837278667,0.32080833543179477,1.4530488048116574,-0.3511003176188482,0.002012396361587378,99,367.9387755102041,0.5012479893504909
"{""entry_z"": 2.0, ""exit_z"": 0.5, ""fixed_n_components"": null, ""max_holding_period"": null, ""min_asset_coverage"": 0.6, ""min_train_observations"": 480, ""min_universe_assets"": 5, ""pca_component_selection_method"": ""explained_variance"", ""pca_explained_variance"": 0.9, ""rebalance_frequency"": 24, ""regression_type"": ""OLS"", ""ridge_alpha"": 1.0, ""stage"": ""core"", ""stop_loss_z"": null, ""target"": ""BTC"", ""train_window"": 2880, ""transaction_cost_bps"": 10, ""universe_selection_method"": ""priority_with_coverage_fallback"", ""universe_size"": 30, ""zscore_lookback"": 1440}",core,crypto,BTC,priority_with_coverage_fallback,30,30,"ETH,SOL,XRP,BNB,TRX,ADA,AVAX,DOT,NEAR,ATOM,ALGO,DOGE,BCH,LTC,XLM,ETC,LINK,UNI,AAVE,INJ,FIL,VET,FET,GRT,THETA,XTZ,SAND,CHZ,DASH,HBAR","TON,SUI,ICP,MKR,RENDER,RNDR,ARB,OP,MATIC,POL,APT,SEI,EOS,MANA","CHZ,DASH,HBAR",2880,24,0.9,explained_variance,,1440,2.0,0.5,10.0,8760.0,0.6,5,480,2071,0,1.0,,,0,0,OLS,,12.575255642062459,0.5837532813668422,0.3104155878813727,1.880554019052443,-0.24159225202582923,0.0024752475247524753,123,250.56451612903226,0.5030576118442227
"{""entry_z"": 2.5, ""exit_z"": 0.25, ""fixed_n_components"": null, ""max_holding_period"": null, ""min_asset_coverage"": 0.6, ""min_train_observations"": 480, ""min_universe_assets"": 5, ""pca_component_selection_method"": ""explained_variance"", ""pca_explained_variance"": 0.7, ""rebalance_frequency"": 24, ""regression_type"": ""OLS"", ""ridge_alpha"": 1.0, ""stage"": ""core"", ""stop_loss_z"": null, ""target"": ""BTC"", ""train_window"": 720, ""transaction_cost_bps"": 10, ""universe_selection_method"": ""priority_with_coverage_fallback"", ""universe_size"": 30, ""zscore_lookback"": 336}",core,crypto,BTC,priority_with_coverage_fallback,30,30,"ETH,SOL,XRP,BNB,TRX,ADA,AVAX,DOT,NEAR,ATOM,ALGO,DOGE,BCH,LTC,XLM,ETC,LINK,UNI,AAVE,INJ,FIL,VET,FET,GRT,THETA,XTZ,SAND,CHZ,DASH,HBAR","TON,SUI,ICP,MKR,RENDER,RNDR,ARB,OP,MATIC,POL,APT,SEI,EOS,MANA","CHZ,DASH,HBAR",720,24,0.7,explained_variance,,336,2.5,0.25,10.0,8760.0,0.6,5,480,2161,0,1.0,,,0,0,OLS,,13.562745706808592,0.5722481030543736,0.3132347586271005,1.8268984756433853,-0.2876084967103735,0.0050914140245313586,260,121.984375,0.504162930703215
"{""entry_z"": 2.5, ""exit_z"": 0.25, ""fixed_n_components"": null, ""max_holding_period"": null, ""min_asset_coverage"": 0.6, ""min_train_observations"": 480, ""min_universe_assets"": 5, ""pca_component_selection_method"": ""explained_variance"", ""pca_explained_variance"": 0.8, ""rebalance_frequency"": 24, ""regression_type"": ""OLS"", ""ridge_alpha"": 1.0, ""stage"": ""core"", ""stop_loss_z"": null, ""target"": ""BTC"", ""train_window"": 720, ""transaction_cost_bps"": 10, ""universe_selection_method"": ""priority_with_coverage_fallback"", ""universe_size"": 30, ""zscore_lookback"": 336}",core,crypto,BTC,priority_with_coverage_fallback,30,30,"ETH,SOL,XRP,BNB,TRX,ADA,AVAX,DOT,NEAR,ATOM,ALGO,DOGE,BCH,LTC,XLM,ETC,LINK,UNI,AAVE,INJ,FIL,VET,FET,GRT,THETA,XTZ,SAND,CHZ,DASH,HBAR","TON,SUI,ICP,MKR,RENDER,RNDR,ARB,OP,MATIC,POL,APT,SEI,EOS,MANA","CHZ,DASH,HBAR",720,24,0.8,explained_variance,,336,2.5,0.25,10.0,8760.0,0.6,5,480,2161,0,1.0,,,0,0,OLS,,30.034838125249465,0.7866381130191802,0.2992227683480197,2.6289380228721697,-0.20141193527295154,0.005245699298002005,271,108.57777777777778,0.5092782098512758
"{""entry_z"": 2.5, ""exit_z"": 0.25, ""fixed_n_components"": null, ""max_holding_period"": null, ""min_asset_coverage"": 0.6, ""min_train_observations"": 480, ""min_universe_assets"": 5, ""pca_component_selection_method"": ""explained_variance"", ""pca_explained_variance"": 0.9, ""rebalance_frequency"": 24, ""regression_type"": ""OLS"", ""ridge_alpha"": 1.0, ""stage"": ""core"", ""stop_loss_z"": null, ""target"": ""BTC"", ""train_window"": 720, ""transaction_cost_bps"": 10, ""universe_selection_method"": ""priority_with_coverage_fallback"", ""universe_size"": 30, ""zscore_lookback"": 336}",core,crypto,BTC,priority_with_coverage_fallback,30,30,"ETH,SOL,XRP,BNB,TRX,ADA,AVAX,DOT,NEAR,ATOM,ALGO,DOGE,BCH,LTC,XLM,ETC,LINK,UNI,AAVE,INJ,FIL,VET,FET,GRT,THETA,XTZ,SAND,CHZ,DASH,HBAR","TON,SUI,ICP,MKR,RENDER,RNDR,ARB,OP,MATIC,POL,APT,SEI,EOS,MANA","CHZ,DASH,HBAR",720,24,0.9,explained_variance,,336,2.5,0.25,10.0,8760.0,0.6,5,480,2161,0,1.0,,,0,0,OLS,,59.296549289221474,0.9987884682606454,0.2753231369008494,3.627695367354228,-0.18290927391402745,0.005708555118413948,292,83.94444444444444,0.5075281270681667
"{""entry_z"": 2.5, ""exit_z"": 0.25, ""fixed_n_components"": null, ""max_holding_period"": null, ""min_asset_coverage"": 0.6, ""min_train_observations"": 480, ""min_universe_assets"": 5, ""pca_component_selection_method"": ""explained_variance"", ""pca_explained_variance"": 0.7, ""rebalance_frequency"": 24, ""regression_type"": ""OLS"", ""ridge_alpha"": 1.0, ""stage"": ""core"", ""stop_loss_z"": null, ""target"": ""BTC"", ""train_window"": 720, ""transaction_cost_bps"": 10, ""universe_selection_method"": ""priority_with_coverage_fallback"", ""universe_size"": 30, ""zscore_lookback"": 720}",core,crypto,BTC,priority_with_coverage_fallback,30,30,"ETH,SOL,XRP,BNB,TRX,ADA,AVAX,DOT,NEAR,ATOM,ALGO,DOGE,BCH,LTC,XLM,ETC,LINK,UNI,AAVE,INJ,FIL,VET,FET,GRT,THETA,XTZ,SAND,CHZ,DASH,HBAR","TON,SUI,ICP,MKR,RENDER,RNDR,ARB,OP,MATIC,POL,APT,SEI,EOS,MANA","CHZ,DASH,HBAR",720,24,0.7,explained_variance,,720,2.5,0.25,10.0,8760.0,0.6,5,480,2161,0,1.0,,,0,0,OLS,,36.26176492528911,0.8426929460656278,0.2818629455222846,2.9897258914403952,-0.16627957121822678,0.0032785620612512537,168,150.3975903614458,0.5107746535287991
"{""entry_z"": 2.5, ""exit_z"": 0.25, ""fixed_n_components"": null, ""max_holding_period"": null, ""min_asset_coverage"": 0.6, ""min_train_observations"": 480, ""min_universe_assets"": 5, ""pca_component_selection_method"": ""explained_variance"", ""pca_explained_variance"": 0.8, ""rebalance_frequency"": 24, ""regression_type"": ""OLS"", ""ridge_alpha"": 1.0, ""stage"": ""core"", ""stop_loss_z"": null, ""target"": ""BTC"", ""train_window"": 720, ""transaction_cost_bps"": 10, ""universe_selection_method"": ""priority_with_coverage_fallback"", ""universe_size"": 30, ""zscore_lookback"": 720}",core,crypto,BTC,priority_with_coverage_fallback,30,30,"ETH,SOL,XRP,BNB,TRX,ADA,AVAX,DOT,NEAR,ATOM,ALGO,DOGE,BCH,LTC,XLM,ETC,LINK,UNI,AAVE,INJ,FIL,VET,FET,GRT,THETA,XTZ,SAND,CHZ,DASH,HBAR","TON,SUI,ICP,MKR,RENDER,RNDR,ARB,OP,MATIC,POL,APT,SEI,EOS,MANA","CHZ,DASH,HBAR",720,24,0.8,explained_variance,,720,2.5,0.25,10.0,8760.0,0.6,5,480,2161,0,1.0,,,0,0,OLS,,23.658219386352233,0.7185466153214775,0.2830583886069458,2.5385102305491096,-0.19098824182000318,0.0031049911285967752,161,117.14814814814815,0.5070081146590789
"{""entry_z"": 2.5, ""exit_z"": 0.25, ""fixed_n_components"": null, ""max_holding_period"": null, ""min_asset_coverage"": 0.6, ""min_train_observations"": 480, ""min_universe_assets"": 5, ""pca_component_selection_method"": ""explained_variance"", ""pca_explained_variance"": 0.9, ""rebalance_frequency"": 24, ""regression_type"": ""OLS"", ""ridge_alpha"": 1.0, ""stage"": ""core"", ""stop_loss_z"": null, ""target"": ""BTC"", ""train_window"": 720, ""transaction_cost_bps"": 10, ""universe_selection_method"": ""priority_with_coverage_fallback"", ""universe_size"": 30, ""zscore_lookback"": 720}",core,crypto,BTC,priority_with_coverage_fallback,30,30,"ETH,SOL,XRP,BNB,TRX,ADA,AVAX,DOT,NEAR,ATOM,ALGO,DOGE,BCH,LTC,XLM,ETC,LINK,UNI,AAVE,INJ,FIL,VET,FET,GRT,THETA,XTZ,SAND,CHZ,DASH,HBAR","TON,SUI,ICP,MKR,RENDER,RNDR,ARB,OP,MATIC,POL,APT,SEI,EOS,MANA","CHZ,DASH,HBAR",720,24,0.9,explained_variance,,720,2.5,0.25,10.0,8760.0,0.6,5,480,2161,0,1.0,,,0,0,OLS,,71.17682138510288,1.060450231314583,0.2680101414165485,3.956754120234588,-0.18290927391402745,0.0037607035408470262,194,92.89690721649484,0.5064920652535789
"{""entry_z"": 2.5, ""exit_z"": 0.25, ""fixed_n_components"": null, ""max_holding_period"": null, ""min_asset_coverage"": 0.6, ""min_train_observations"": 480, ""min_universe_assets"": 5, ""pca_component_selection_method"": ""explained_variance"", ""pca_explained_variance"": 0.7, ""rebalance_frequency"": 24, ""regression_type"": ""OLS"", ""ridge_alpha"": 1.0, ""stage"": ""core"", ""stop_loss_z"": null, ""target"": ""BTC"", ""train_window"": 720, ""transaction_cost_bps"": 10, ""universe_selection_method"": ""priority_with_coverage_fallback"", ""universe_size"": 30, ""zscore_lookback"": 1440}",core,crypto,BTC,priority_with_coverage_fallback,30,30,"ETH,SOL,XRP,BNB,TRX,ADA,AVAX,DOT,NEAR,ATOM,ALGO,DOGE,BCH,LTC,XLM,ETC,LINK,UNI,AAVE,INJ,FIL,VET,FET,GRT,THETA,XTZ,SAND,CHZ,DASH,HBAR","TON,SUI,ICP,MKR,RENDER,RNDR,ARB,OP,MATIC,POL,APT,SEI,EOS,MANA","CHZ,DASH,HBAR",720,24,0.7,explained_variance,,1440,2.5,0.25,10.0,8760.0,0.6,5,480,2161,0,1.0,,,0,0,OLS,,26.32061599903269,0.7485743918158254,0.2703622519595715,2.7687829435884534,-0.1611676133925467,0.0020828511918537375,108,169.38888888888889,0.5054116103640538
"{""entry_z"": 2.5, ""exit_z"": 0.25, ""fixed_n_components"": null, ""max_holding_period"": null, ""min_asset_coverage"": 0.6, ""min_train_observations"": 480, ""min_universe_assets"": 5, ""pca_component_selection_method"": ""explained_variance"", ""pca_explained_variance"": 0.8, ""rebalance_frequency"": 24, ""regression_type"": ""OLS"", ""ridge_alpha"": 1.0, ""stage"": ""core"", ""stop_loss_z"": null, ""target"": ""BTC"", ""train_window"": 720, ""transaction_cost_bps"": 10, ""universe_selection_method"": ""priority_with_coverage_fallback"", ""universe_size"": 30, ""zscore_lookback"": 1440}",core,crypto,BTC,priority_with_coverage_fallback,30,30,"ETH,SOL,XRP,BNB,TRX,ADA,AVAX,DOT,NEAR,ATOM,ALGO,DOGE,BCH,LTC,XLM,ETC,LINK,UNI,AAVE,INJ,FIL,VET,FET,GRT,THETA,XTZ,SAND,CHZ,DASH,HBAR","TON,SUI,ICP,MKR,RENDER,RNDR,ARB,OP,MATIC,POL,APT,SEI,EOS,MANA","CHZ,DASH,HBAR",720,24,0.8,explained_variance,,1440,2.5,0.25,10.0,8760.0,0.6,5,480,2161,0,1.0,,,0,0,OLS,,21.03230154277005,0.6861636512121401,0.2622308474410796,2.616639719956339,-0.12979135445522938,0.0021214225102213994,109,127.79629629629629,0.506448340820171
"{""entry_z"": 2.5, ""exit_z"": 0.25, ""fixed_n_components"": null, ""max_holding_period"": null, ""min_asset_coverage"": 0.6, ""min_train_observations"": 480, ""min_universe_assets"": 5, ""pca_component_selection_method"": ""explained_variance"", ""pca_explained_variance"": 0.9, ""rebalance_frequency"": 24, ""regression_type"": ""OLS"", ""ridge_alpha"": 1.0, ""stage"": ""core"", ""stop_loss_z"": null, ""target"": ""BTC"", ""train_window"": 720, ""transaction_cost_bps"": 10, ""universe_selection_method"": ""priority_with_coverage_fallback"", ""universe_size"": 30, ""zscore_lookback"": 1440}",core,crypto,BTC,priority_with_coverage_fallback,30,30,"ETH,SOL,XRP,BNB,TRX,ADA,AVAX,DOT,NEAR,ATOM,ALGO,DOGE,BCH,LTC,XLM,ETC,LINK,UNI,AAVE,INJ,FIL,VET,FET,GRT,THETA,XTZ,SAND,CHZ,DASH,HBAR","TON,SUI,ICP,MKR,RENDER,RNDR,ARB,OP,MATIC,POL,APT,SEI,EOS,MANA","CHZ,DASH,HBAR",720,24,0.9,explained_variance,,1440,2.5,0.25,10.0,8760.0,0.6,5,480,2161,0,1.0,,,0,0,OLS,,44.699828224883795,0.9073478689011749,0.2499498085996329,3.630120278885893,-0.1073347007668326,0.0027385636041039885,140,100.71014492753623,0.5009353863865305
"{""entry_z"": 2.5, ""exit_z"": 0.25, ""fixed_n_components"": null, ""max_holding_period"": null, ""min_asset_coverage"": 0.6, ""min_train_observations"": 480, ""min_universe_assets"": 5, ""pca_component_selection_method"": ""explained_variance"", ""pca_explained_variance"": 0.7, ""rebalance_frequency"": 24, ""regression_type"": ""OLS"", ""ridge_alpha"": 1.0, ""stage"": ""core"", ""stop_loss_z"": null, ""target"": ""BTC"", ""train_window"": 1440, ""transaction_cost_bps"": 10, ""universe_selection_method"": ""priority_with_coverage_fallback"", ""universe_size"": 30, ""zscore_lookback"": 336}",core,crypto,BTC,priority_with_coverage_fallback,30,30,"ETH,SOL,XRP,BNB,TRX,ADA,AVAX,DOT,NEAR,ATOM,ALGO,DOGE,BCH,LTC,XLM,ETC,LINK,UNI,AAVE,INJ,FIL,VET,FET,GRT,THETA,XTZ,SAND,CHZ,DASH,HBAR","TON,SUI,ICP,MKR,RENDER,RNDR,ARB,OP,MATIC,POL,APT,SEI,EOS,MANA","CHZ,DASH,HBAR",1440,24,0.7,explained_variance,,336,2.5,0.25,10.0,8760.0,0.6,5,480,2131,0,1.0,,,0,0,OLS,,0.5669086700240666,0.07997856215246646,0.303484040521244,0.26353465577662866,-0.4851164584232531,0.004478604396464054,227,182.76106194690266,0.4974820840596552
"{""entry_z"": 2.5, ""exit_z"": 0.25, ""fixed_n_components"": null, ""max_holding_period"": null, ""min_asset_coverage"": 0.6, ""min_train_observations"": 480, ""min_universe_assets"": 5, ""pca_component_selection_method"": ""explained_variance"", ""pca_explained_variance"": 0.8, ""rebalance_frequency"": 24, ""regression_type"": ""OLS"", ""ridge_alpha"": 1.0, ""stage"": ""core"", ""stop_loss_z"": null, ""target"": ""BTC"", ""train_window"": 1440, ""transaction_cost_bps"": 10, ""universe_selection_method"": ""priority_with_coverage_fallback"", ""universe_size"": 30, ""zscore_lookback"": 336}",core,crypto,BTC,priority_with_coverage_fallback,30,30,"ETH,SOL,XRP,BNB,TRX,ADA,AVAX,DOT,NEAR,ATOM,ALGO,DOGE,BCH,LTC,XLM,ETC,LINK,UNI,AAVE,INJ,FIL,VET,FET,GRT,THETA,XTZ,SAND,CHZ,DASH,HBAR","TON,SUI,ICP,MKR,RENDER,RNDR,ARB,OP,MATIC,POL,APT,SEI,EOS,MANA","CHZ,DASH,HBAR",1440,24,0.8,explained_variance,,336,2.5,0.25,10.0,8760.0,0.6,5,480,2131,0,1.0,,,0,0,OLS,,2.4687055096933523,0.23749136970073903,0.2817859055784455,0.8428078374367967,-0.32031318983727386,0.004732848314167253,242,159.50413223140495,0.5010362694300519
"{""entry_z"": 2.5, ""exit_z"": 0.25, ""fixed_n_components"": null, ""max_holding_period"": null, ""min_asset_coverage"": 0.6, ""min_train_observations"": 480, ""min_universe_assets"": 5, ""pca_component_selection_method"": ""explained_variance"", ""pca_explained_variance"": 0.9, ""rebalance_frequency"": 24, ""regression_type"": ""OLS"", ""ridge_alpha"": 1.0, ""stage"": ""core"", ""stop_loss_z"": null, ""target"": ""BTC"", ""train_window"": 1440, ""transaction_cost_bps"": 10, ""universe_selection_method"": ""priority_with_coverage_fallback"", ""universe_size"": 30, ""zscore_lookback"": 336}",core,crypto,BTC,priority_with_coverage_fallback,30,30,"ETH,SOL,XRP,BNB,TRX,ADA,AVAX,DOT,NEAR,ATOM,ALGO,DOGE,BCH,LTC,XLM,ETC,LINK,UNI,AAVE,INJ,FIL,VET,FET,GRT,THETA,XTZ,SAND,CHZ,DASH,HBAR","TON,SUI,ICP,MKR,RENDER,RNDR,ARB,OP,MATIC,POL,APT,SEI,EOS,MANA","CHZ,DASH,HBAR",1440,24,0.9,explained_variance,,336,2.5,0.25,10.0,8760.0,0.6,5,480,2131,0,1.0,,,0,0,OLS,,4.969203984180099,0.35809765397236903,0.27743621106755373,1.2907386984360698,-0.277471498864009,0.0047719627630446685,238,137.6206896551724,0.5012528188423954
"{""entry_z"": 2.5, ""exit_z"": 0.25, ""fixed_n_components"": null, ""max_holding_period"": null, ""min_asset_coverage"": 0.6, ""min_train_observations"": 480, ""min_universe_assets"": 5, ""pca_component_selection_method"": ""explained_variance"", ""pca_explained_variance"": 0.7, ""rebalance_frequency"": 24, ""regression_type"": ""OLS"", ""ridge_alpha"": 1.0, ""stage"": ""core"", ""stop_loss_z"": null, ""target"": ""BTC"", ""train_window"": 1440, ""transaction_cost_bps"": 10, ""universe_selection_method"": ""priority_with_coverage_fallback"", ""universe_size"": 30, ""zscore_lookback"": 720}",core,crypto,BTC,priority_with_coverage_fallback,30,30,"ETH,SOL,XRP,BNB,TRX,ADA,AVAX,DOT,NEAR,ATOM,ALGO,DOGE,BCH,LTC,XLM,ETC,LINK,UNI,AAVE,INJ,FIL,VET,FET,GRT,THETA,XTZ,SAND,CHZ,DASH,HBAR","TON,SUI,ICP,MKR,RENDER,RNDR,ARB,OP,MATIC,POL,APT,SEI,EOS,MANA","CHZ,DASH,HBAR",1440,24,0.7,explained_variance,,720,2.5,0.25,10.0,8760.0,0.6,5,480,2131,0,1.0,,,0,0,OLS,,13.46528102780617,0.5804788649145052,0.2930751247421833,1.9806487003124182,-0.22654562545677492,0.0027771258702964877,141,233.07142857142858,0.5049954030033711
"{""entry_z"": 2.5, ""exit_z"": 0.25, ""fixed_n_components"": null, ""max_holding_period"": null, ""min_asset_coverage"": 0.6, ""min_train_observations"": 480, ""min_universe_assets"": 5, ""pca_component_selection_method"": ""explained_variance"", ""pca_explained_variance"": 0.8, ""rebalance_frequency"": 24, ""regression_type"": ""OLS"", ""ridge_alpha"": 1.0, ""stage"": ""core"", ""stop_loss_z"": null, ""target"": ""BTC"", ""train_window"": 1440, ""transaction_cost_bps"": 10, ""universe_selection_method"": ""priority_with_coverage_fallback"", ""universe_size"": 30, ""zscore_lookback"": 720}",core,crypto,BTC,priority_with_coverage_fallback,30,30,"ETH,SOL,XRP,BNB,TRX,ADA,AVAX,DOT,NEAR,ATOM,ALGO,DOGE,BCH,LTC,XLM,ETC,LINK,UNI,AAVE,INJ,FIL,VET,FET,GRT,THETA,XTZ,SAND,CHZ,DASH,HBAR","TON,SUI,ICP,MKR,RENDER,RNDR,ARB,OP,MATIC,POL,APT,SEI,EOS,MANA","CHZ,DASH,HBAR",1440,24,0.8,explained_variance,,720,2.5,0.25,10.0,8760.0,0.6,5,480,2131,0,1.0,,,0,0,OLS,,13.236464984664458,0.5761674052333658,0.2760617299574302,2.0870962640211417,-0.22654562545677348,0.002738011421419072,139,203.42028985507247,0.5036335138216016
"{""entry_z"": 2.5, ""exit_z"": 0.25, ""fixed_n_components"": null, ""max_holding_period"": null, ""min_asset_coverage"": 0.6, ""min_train_observations"": 480, ""min_universe_assets"": 5, ""pca_component_selection_method"": ""explained_variance"", ""pca_explained_variance"": 0.9, ""rebalance_frequency"": 24, ""regression_type"": ""OLS"", ""ridge_alpha"": 1.0, ""stage"": ""core"", ""stop_loss_z"": null, ""target"": ""BTC"", ""train_window"": 1440, ""transaction_cost_bps"": 10, ""universe_selection_method"": ""priority_with_coverage_fallback"", ""universe_size"": 30, ""zscore_lookback"": 720}",core,crypto,BTC,priority_with_coverage_fallback,30,30,"ETH,SOL,XRP,BNB,TRX,ADA,AVAX,DOT,NEAR,ATOM,ALGO,DOGE,BCH,LTC,XLM,ETC,LINK,UNI,AAVE,INJ,FIL,VET,FET,GRT,THETA,XTZ,SAND,CHZ,DASH,HBAR","TON,SUI,ICP,MKR,RENDER,RNDR,ARB,OP,MATIC,POL,APT,SEI,EOS,MANA","CHZ,DASH,HBAR",1440,24,0.9,explained_variance,,720,2.5,0.25,10.0,8760.0,0.6,5,480,2131,0,1.0,,,0,0,OLS,,25.9426914560239,0.7581866898649119,0.25413966469099747,2.9833465420943774,-0.199527500077737,0.002972698114683564,152,144.67105263157896,0.5070486584811278
"{""entry_z"": 2.5, ""exit_z"": 0.25, ""fixed_n_components"": null, ""max_holding_period"": null, ""min_asset_coverage"": 0.6, ""min_train_observations"": 480, ""min_universe_assets"": 5, ""pca_component_selection_method"": ""explained_variance"", ""pca_explained_variance"": 0.7, ""rebalance_frequency"": 24, ""regression_type"": ""OLS"", ""ridge_alpha"": 1.0, ""stage"": ""core"", ""stop_loss_z"": null, ""target"": ""BTC"", ""train_window"": 1440, ""transaction_cost_bps"": 10, ""universe_selection_method"": ""priority_with_coverage_fallback"", ""universe_size"": 30, ""zscore_lookback"": 1440}",core,crypto,BTC,priority_with_coverage_fallback,30,30,"ETH,SOL,XRP,BNB,TRX,ADA,AVAX,DOT,NEAR,ATOM,ALGO,DOGE,BCH,LTC,XLM,ETC,LINK,UNI,AAVE,INJ,FIL,VET,FET,GRT,THETA,XTZ,SAND,CHZ,DASH,HBAR","TON,SUI,ICP,MKR,RENDER,RNDR,ARB,OP,MATIC,POL,APT,SEI,EOS,MANA","CHZ,DASH,HBAR",1440,24,0.7,explained_variance,,1440,2.5,0.25,10.0,8760.0,0.6,5,480,2131,0,1.0,,,0,0,OLS,,14.501686667320012,0.5993269420803358,0.2816415803329012,2.127977486037145,-0.16842599644505174,0.0017210357506062739,88,295.09090909090907,0.5045440542205791
"{""entry_z"": 2.5, ""exit_z"": 0.25, ""fixed_n_components"": null, ""max_holding_period"": null, ""min_asset_coverage"": 0.6, ""min_train_observations"": 480, ""min_universe_assets"": 5, ""pca_component_selection_method"": ""explained_variance"", ""pca_explained_variance"": 0.8, ""rebalance_frequency"": 24, ""regression_type"": ""OLS"", ""ridge_alpha"": 1.0, ""stage"": ""core"", ""stop_loss_z"": null, ""target"": ""BTC"", ""train_window"": 1440, ""transaction_cost_bps"": 10, ""universe_selection_method"": ""priority_with_coverage_fallback"", ""universe_size"": 30, ""zscore_lookback"": 1440}",core,crypto,BTC,priority_with_coverage_fallback,30,30,"ETH,SOL,XRP,BNB,TRX,ADA,AVAX,DOT,NEAR,ATOM,ALGO,DOGE,BCH,LTC,XLM,ETC,LINK,UNI,AAVE,INJ,FIL,VET,FET,GRT,THETA,XTZ,SAND,CHZ,DASH,HBAR","TON,SUI,ICP,MKR,RENDER,RNDR,ARB,OP,MATIC,POL,APT,SEI,EOS,MANA","CHZ,DASH,HBAR",1440,24,0.8,explained_variance,,1440,2.5,0.25,10.0,8760.0,0.6,5,480,2131,0,1.0,,,0,0,OLS,,19.189459560446604,0.6733841111619783,0.2653475711550929,2.537743640277726,-0.18567621484074892,0.0019557224438707657,100,205.5,0.5102676399026764
"{""entry_z"": 2.5, ""exit_z"": 0.25, ""fixed_n_components"": null, ""max_holding_period"": null, ""min_asset_coverage"": 0.6, ""min_train_observations"": 480, ""min_universe_assets"": 5, ""pca_component_selection_method"": ""explained_variance"", ""pca_explained_variance"": 0.9, ""rebalance_frequency"": 24, ""regression_type"": ""OLS"", ""ridge_alpha"": 1.0, ""stage"": ""core"", ""stop_loss_z"": null, ""target"": ""BTC"", ""train_window"": 1440, ""transaction_cost_bps"": 10, ""universe_selection_method"": ""priority_with_coverage_fallback"", ""universe_size"": 30, ""zscore_lookback"": 1440}",core,crypto,BTC,priority_with_coverage_fallback,30,30,"ETH,SOL,XRP,BNB,TRX,ADA,AVAX,DOT,NEAR,ATOM,ALGO,DOGE,BCH,LTC,XLM,ETC,LINK,UNI,AAVE,INJ,FIL,VET,FET,GRT,THETA,XTZ,SAND,CHZ,DASH,HBAR","TON,SUI,ICP,MKR,RENDER,RNDR,ARB,OP,MATIC,POL,APT,SEI,EOS,MANA","CHZ,DASH,HBAR",1440,24,0.9,explained_variance,,1440,2.5,0.25,10.0,8760.0,0.6,5,480,2131,0,1.0,,,0,0,OLS,,31.32819304534557,0.8139421486971883,0.24382016106390708,3.338288946843276,-0.17197146759442117,0.002229523586012673,113,161.10714285714286,0.5129682997118156
"{""entry_z"": 2.5, ""exit_z"": 0.25, ""fixed_n_components"": null, ""max_holding_period"": null, ""min_asset_coverage"": 0.6, ""min_train_observations"": 480, ""min_universe_assets"": 5, ""pca_component_selection_method"": ""explained_variance"", ""pca_explained_variance"": 0.7, ""rebalance_frequency"": 24, ""regression_type"": ""OLS"", ""ridge_alpha"": 1.0, ""stage"": ""core"", ""stop_loss_z"": null, ""target"": ""BTC"", ""train_window"": 2880, ""transaction_cost_bps"": 10, ""universe_selection_method"": ""priority_with_coverage_fallback"", ""universe_size"": 30, ""zscore_lookback"": 336}",core,crypto,BTC,priority_with_coverage_fallback,30,30,"ETH,SOL,XRP,BNB,TRX,ADA,AVAX,DOT,NEAR,ATOM,ALGO,DOGE,BCH,LTC,XLM,ETC,LINK,UNI,AAVE,INJ,FIL,VET,FET,GRT,THETA,XTZ,SAND,CHZ,DASH,HBAR","TON,SUI,ICP,MKR,RENDER,RNDR,ARB,OP,MATIC,POL,APT,SEI,EOS,MANA","CHZ,DASH,HBAR",2880,24,0.7,explained_variance,,336,2.5,0.25,10.0,8760.0,0.6,5,480,2071,0,1.0,,,0,0,OLS,,-0.3086975272502537,-0.06300829729253465,0.33614211798048477,-0.1874454105039961,-0.6720560439878946,0.005151734685663688,254,181.4126984126984,0.49641263452620527
"{""entry_z"": 2.5, ""exit_z"": 0.25, ""fixed_n_components"": null, ""max_holding_period"": null, ""min_asset_coverage"": 0.6, ""min_train_observations"": 480, ""min_universe_assets"": 5, ""pca_component_selection_method"": ""explained_variance"", ""pca_explained_variance"": 0.8, ""rebalance_frequency"": 24, ""regression_type"": ""OLS"", ""ridge_alpha"": 1.0, ""stage"": ""core"", ""stop_loss_z"": null, ""target"": ""BTC"", ""train_window"": 2880, ""transaction_cost_bps"": 10, ""universe_selection_method"": ""priority_with_coverage_fallback"", ""universe_size"": 30, ""zscore_lookback"": 336}",core,crypto,BTC,priority_with_coverage_fallback,30,30,"ETH,SOL,XRP,BNB,TRX,ADA,AVAX,DOT,NEAR,ATOM,ALGO,DOGE,BCH,LTC,XLM,ETC,LINK,UNI,AAVE,INJ,FIL,VET,FET,GRT,THETA,XTZ,SAND,CHZ,DASH,HBAR","TON,SUI,ICP,MKR,RENDER,RNDR,ARB,OP,MATIC,POL,APT,SEI,EOS,MANA","CHZ,DASH,HBAR",2880,24,0.8,explained_variance,,336,2.5,0.25,10.0,8760.0,0.6,5,480,2071,0,1.0,,,0,0,OLS,,-0.011062056417269761,-0.0019590295817305536,0.3511479498587101,-0.005578929287551871,-0.5108602296400563,0.005071238831200193,252,165.56349206349208,0.4981065145486794
"{""entry_z"": 2.5, ""exit_z"": 0.25, ""fixed_n_components"": null, ""max_holding_period"": null, ""min_asset_coverage"": 0.6, ""min_train_observations"": 480, ""min_universe_assets"": 5, ""pca_component_selection_method"": ""explained_variance"", ""pca_explained_variance"": 0.9, ""rebalance_frequency"": 24, ""regression_type"": ""OLS"", ""ridge_alpha"": 1.0, ""stage"": ""core"", ""stop_loss_z"": null, ""target"": ""BTC"", ""train_window"": 2880, ""transaction_cost_bps"": 10, ""universe_selection_method"": ""priority_with_coverage_fallback"", ""universe_size"": 30, ""zscore_lookback"": 336}",core,crypto,BTC,priority_with_coverage_fallback,30,30,"ETH,SOL,XRP,BNB,TRX,ADA,AVAX,DOT,NEAR,ATOM,ALGO,DOGE,BCH,LTC,XLM,ETC,LINK,UNI,AAVE,INJ,FIL,VET,FET,GRT,THETA,XTZ,SAND,CHZ,DASH,HBAR","TON,SUI,ICP,MKR,RENDER,RNDR,ARB,OP,MATIC,POL,APT,SEI,EOS,MANA","CHZ,DASH,HBAR",2880,24,0.9,explained_variance,,336,2.5,0.25,10.0,8760.0,0.6,5,480,2071,0,1.0,,,0,0,OLS,,2.282084783741199,0.23307627629268834,0.30704039465181565,0.759106229514189,-0.29456660470893703,0.0049504950495049506,240,171.30769230769232,0.4997754827121688
"{""entry_z"": 2.5, ""exit_z"": 0.25, ""fixed_n_components"": null, ""max_holding_period"": null, ""min_asset_coverage"": 0.6, ""min_train_observations"": 480, ""min_universe_assets"": 5, ""pca_component_selection_method"": ""explained_variance"", ""pca_explained_variance"": 0.7, ""rebalance_frequency"": 24, ""regression_type"": ""OLS"", ""ridge_alpha"": 1.0, ""stage"": ""core"", ""stop_loss_z"": null, ""target"": ""BTC"", ""train_window"": 2880, ""transaction_cost_bps"": 10, ""universe_selection_method"": ""priority_with_coverage_fallback"", ""universe_size"": 30, ""zscore_lookback"": 720}",core,crypto,BTC,priority_with_coverage_fallback,30,30,"ETH,SOL,XRP,BNB,TRX,ADA,AVAX,DOT,NEAR,ATOM,ALGO,DOGE,BCH,LTC,XLM,ETC,LINK,UNI,AAVE,INJ,FIL,VET,FET,GRT,THETA,XTZ,SAND,CHZ,DASH,HBAR","TON,SUI,ICP,MKR,RENDER,RNDR,ARB,OP,MATIC,POL,APT,SEI,EOS,MANA","CHZ,DASH,HBAR",2880,24,0.7,explained_variance,,720,2.5,0.25,10.0,8760.0,0.6,5,480,2071,0,1.0,,,0,0,OLS,,0.26365123510359734,0.04211452513453828,0.33828486937018093,0.12449426193062416,-0.3939798691053734,0.002213635997746116,110,375.0181818181818,0.4974304276156308
"{""entry_z"": 2.5, ""exit_z"": 0.25, ""fixed_n_components"": null, ""max_holding_period"": null, ""min_asset_coverage"": 0.6, ""min_train_observations"": 480, ""min_universe_assets"": 5, ""pca_component_selection_method"": ""explained_variance"", ""pca_explained_variance"": 0.8, ""rebalance_frequency"": 24, ""regression_type"": ""OLS"", ""ridge_alpha"": 1.0, ""stage"": ""core"", ""stop_loss_z"": null, ""target"": ""BTC"", ""train_window"": 2880, ""transaction_cost_bps"": 10, ""universe_selection_method"": ""priority_with_coverage_fallback"", ""universe_size"": 30, ""zscore_lookback"": 720}",core,crypto,BTC,priority_with_coverage_fallback,30,30,"ETH,SOL,XRP,BNB,TRX,ADA,AVAX,DOT,NEAR,ATOM,ALGO,DOGE,BCH,LTC,XLM,ETC,LINK,UNI,AAVE,INJ,FIL,VET,FET,GRT,THETA,XTZ,SAND,CHZ,DASH,HBAR","TON,SUI,ICP,MKR,RENDER,RNDR,ARB,OP,MATIC,POL,APT,SEI,EOS,MANA","CHZ,DASH,HBAR",2880,24,0.8,explained_variance,,720,2.5,0.25,10.0,8760.0,0.6,5,480,2071,0,1.0,,,0,0,OLS,,2.734497838926902,0.26146871055787657,0.3541192202251391,0.738363510434825,-0.36335132692771976,0.002334379779441359,114,351.3392857142857,0.4945362134688691
"{""entry_z"": 2.5, ""exit_z"": 0.25, ""fixed_n_components"": null, ""max_holding_period"": null, ""min_asset_coverage"": 0.6, ""min_train_observations"": 480, ""min_universe_assets"": 5, ""pca_component_selection_method"": ""explained_variance"", ""pca_explained_variance"": 0.9, ""rebalance_frequency"": 24, ""regression_type"": ""OLS"", ""ridge_alpha"": 1.0, ""stage"": ""core"", ""stop_loss_z"": null, ""target"": ""BTC"", ""train_window"": 2880, ""transaction_cost_bps"": 10, ""universe_selection_method"": ""priority_with_coverage_fallback"", ""universe_size"": 30, ""zscore_lookback"": 720}",core,crypto,BTC,priority_with_coverage_fallback,30,30,"ETH,SOL,XRP,BNB,TRX,ADA,AVAX,DOT,NEAR,ATOM,ALGO,DOGE,BCH,LTC,XLM,ETC,LINK,UNI,AAVE,INJ,FIL,VET,FET,GRT,THETA,XTZ,SAND,CHZ,DASH,HBAR","TON,SUI,ICP,MKR,RENDER,RNDR,ARB,OP,MATIC,POL,APT,SEI,EOS,MANA","CHZ,DASH,HBAR",2880,24,0.9,explained_variance,,720,2.5,0.25,10.0,8760.0,0.6,5,480,2071,0,1.0,,,0,0,OLS,,14.91042470555665,0.6286943071649058,0.3017889153949714,2.083225311115524,-0.2493959260040166,0.0026161152700635917,127,249.41935483870967,0.49935333678220384
"{""entry_z"": 2.5, ""exit_z"": 0.25, ""fixed_n_components"": null, ""max_holding_period"": null, ""min_asset_coverage"": 0.6, ""min_train_observations"": 480, ""min_universe_assets"": 5, ""pca_component_selection_method"": ""explained_variance"", ""pca_explained_variance"": 0.7, ""rebalance_frequency"": 24, ""regression_type"": ""OLS"", ""ridge_alpha"": 1.0, ""stage"": ""core"", ""stop_loss_z"": null, ""target"": ""BTC"", ""train_window"": 2880, ""transaction_cost_bps"": 10, ""universe_selection_method"": ""priority_with_coverage_fallback"", ""universe_size"": 30, ""zscore_lookback"": 1440}",core,crypto,BTC,priority_with_coverage_fallback,30,30,"ETH,SOL,XRP,BNB,TRX,ADA,AVAX,DOT,NEAR,ATOM,ALGO,DOGE,BCH,LTC,XLM,ETC,LINK,UNI,AAVE,INJ,FIL,VET,FET,GRT,THETA,XTZ,SAND,CHZ,DASH,HBAR","TON,SUI,ICP,MKR,RENDER,RNDR,ARB,OP,MATIC,POL,APT,SEI,EOS,MANA","CHZ,DASH,HBAR",2880,24,0.7,explained_variance,,1440,2.5,0.25,10.0,8760.0,0.6,5,480,2071,0,1.0,,,0,0,OLS,,4.570504513963706,0.3536011182584169,0.32485168376878126,1.088500186165261,-0.26226506417229656,0.0013281815986476697,64,517.1290322580645,0.5010916349572703
"{""entry_z"": 2.5, ""exit_z"": 0.25, ""fixed_n_components"": null, ""max_holding_period"": null, ""min_asset_coverage"": 0.6, ""min_train_observations"": 480, ""min_universe_assets"": 5, ""pca_component_selection_method"": ""explained_variance"", ""pca_explained_variance"": 0.8, ""rebalance_frequency"": 24, ""regression_type"": ""OLS"", ""ridge_alpha"": 1.0, ""stage"": ""core"", ""stop_loss_z"": null, ""target"": ""BTC"", ""train_window"": 2880, ""transaction_cost_bps"": 10, ""universe_selection_method"": ""priority_with_coverage_fallback"", ""universe_size"": 30, ""zscore_lookback"": 1440}",core,crypto,BTC,priority_with_coverage_fallback,30,30,"ETH,SOL,XRP,BNB,TRX,ADA,AVAX,DOT,NEAR,ATOM,ALGO,DOGE,BCH,LTC,XLM,ETC,LINK,UNI,AAVE,INJ,FIL,VET,FET,GRT,THETA,XTZ,SAND,CHZ,DASH,HBAR","TON,SUI,ICP,MKR,RENDER,RNDR,ARB,OP,MATIC,POL,APT,SEI,EOS,MANA","CHZ,DASH,HBAR",2880,24,0.8,explained_variance,,1440,2.5,0.25,10.0,8760.0,0.6,5,480,2071,0,1.0,,,0,0,OLS,,11.596498860321244,0.5629984910450823,0.2995913911006013,1.879221191826671,-0.31954327239463554,0.0013281815986476697,65,472.75,0.5040983606557377
"{""entry_z"": 2.5, ""exit_z"": 0.25, ""fixed_n_components"": null, ""max_holding_period"": null, ""min_asset_coverage"": 0.6, ""min_train_observations"": 480, ""min_universe_assets"": 5, ""pca_component_selection_method"": ""explained_variance"", ""pca_explained_variance"": 0.9, ""rebalance_frequency"": 24, ""regression_type"": ""OLS"", ""ridge_alpha"": 1.0, ""stage"": ""core"", ""stop_loss_z"": null, ""target"": ""BTC"", ""train_window"": 2880, ""transaction_cost_bps"": 10, ""universe_selection_method"": ""priority_with_coverage_fallback"", ""universe_size"": 30, ""zscore_lookback"": 1440}",core,crypto,BTC,priority_with_coverage_fallback,30,30,"ETH,SOL,XRP,BNB,TRX,ADA,AVAX,DOT,NEAR,ATOM,ALGO,DOGE,BCH,LTC,XLM,ETC,LINK,UNI,AAVE,INJ,FIL,VET,FET,GRT,THETA,XTZ,SAND,CHZ,DASH,HBAR","TON,SUI,ICP,MKR,RENDER,RNDR,ARB,OP,MATIC,POL,APT,SEI,EOS,MANA","CHZ,DASH,HBAR",2880,24,0.9,explained_variance,,1440,2.5,0.25,10.0,8760.0,0.6,5,480,2071,0,1.0,,,0,0,OLS,,7.424393467013093,0.45599348706128473,0.27276594287125816,1.6717390824576202,-0.24159225202582857,0.0014489253803429123,72,310.5833333333333,0.5000447187192559
"{""entry_z"": 2.5, ""exit_z"": 0.5, ""fixed_n_components"": null, ""max_holding_period"": null, ""min_asset_coverage"": 0.6, ""min_train_observations"": 480, ""min_universe_assets"": 5, ""pca_component_selection_method"": ""explained_variance"", ""pca_explained_variance"": 0.7, ""rebalance_frequency"": 24, ""regression_type"": ""OLS"", ""ridge_alpha"": 1.0, ""stage"": ""core"", ""stop_loss_z"": null, ""target"": ""BTC"", ""train_window"": 720, ""transaction_cost_bps"": 10, ""universe_selection_method"": ""priority_with_coverage_fallback"", ""universe_size"": 30, ""zscore_lookback"": 336}",core,crypto,BTC,priority_with_coverage_fallback,30,30,"ETH,SOL,XRP,BNB,TRX,ADA,AVAX,DOT,NEAR,ATOM,ALGO,DOGE,BCH,LTC,XLM,ETC,LINK,UNI,AAVE,INJ,FIL,VET,FET,GRT,THETA,XTZ,SAND,CHZ,DASH,HBAR","TON,SUI,ICP,MKR,RENDER,RNDR,ARB,OP,MATIC,POL,APT,SEI,EOS,MANA","CHZ,DASH,HBAR",720,24,0.7,explained_variance,,336,2.5,0.5,10.0,8760.0,0.6,5,480,2161,0,1.0,,,0,0,OLS,,7.411904375945349,0.43302525321831853,0.29214931383953535,1.4822052721169836,-0.28725899206075123,0.005245699298002005,271,98.6,0.5028923446773346
"{""entry_z"": 2.5, ""exit_z"": 0.5, ""fixed_n_components"": null, ""max_holding_period"": null, ""min_asset_coverage"": 0.6, ""min_train_observations"": 480, ""min_universe_assets"": 5, ""pca_component_selection_method"": ""explained_variance"", ""pca_explained_variance"": 0.8, ""rebalance_frequency"": 24, ""regression_type"": ""OLS"", ""ridge_alpha"": 1.0, ""stage"": ""core"", ""stop_loss_z"": null, ""target"": ""BTC"", ""train_window"": 720, ""transaction_cost_bps"": 10, ""universe_selection_method"": ""priority_with_coverage_fallback"", ""universe_size"": 30, ""zscore_lookback"": 336}",core,crypto,BTC,priority_with_coverage_fallback,30,30,"ETH,SOL,XRP,BNB,TRX,ADA,AVAX,DOT,NEAR,ATOM,ALGO,DOGE,BCH,LTC,XLM,ETC,LINK,UNI,AAVE,INJ,FIL,VET,FET,GRT,THETA,XTZ,SAND,CHZ,DASH,HBAR","TON,SUI,ICP,MKR,RENDER,RNDR,ARB,OP,MATIC,POL,APT,SEI,EOS,MANA","CHZ,DASH,HBAR",720,24,0.8,explained_variance,,336,2.5,0.5,10.0,8760.0,0.6,5,480,2161,0,1.0,,,0,0,OLS,,18.111456098205643,0.6461325898060277,0.2858047998490532,2.2607478605932454,-0.19098824182000318,0.005245699298002005,271,91.37037037037037,0.5074989866234293
"{""entry_z"": 2.5, ""exit_z"": 0.5, ""fixed_n_components"": null, ""max_holding_period"": null, ""min_asset_coverage"": 0.6, ""min_train_observations"": 480, ""min_universe_assets"": 5, ""pca_component_selection_method"": ""explained_variance"", ""pca_explained_variance"": 0.9, ""rebalance_frequency"": 24, ""regression_type"": ""OLS"", ""ridge_alpha"": 1.0, ""stage"": ""core"", ""stop_loss_z"": null, ""target"": ""BTC"", ""train_window"": 720, ""transaction_cost_bps"": 10, ""universe_selection_method"": ""priority_with_coverage_fallback"", ""universe_size"": 30, ""zscore_lookback"": 336}",core,crypto,BTC,priority_with_coverage_fallback,30,30,"ETH,SOL,XRP,BNB,TRX,ADA,AVAX,DOT,NEAR,ATOM,ALGO,DOGE,BCH,LTC,XLM,ETC,LINK,UNI,AAVE,INJ,FIL,VET,FET,GRT,THETA,XTZ,SAND,CHZ,DASH,HBAR","TON,SUI,ICP,MKR,RENDER,RNDR,ARB,OP,MATIC,POL,APT,SEI,EOS,MANA","CHZ,DASH,HBAR",720,24,0.9,explained_variance,,336,2.5,0.5,10.0,8760.0,0.6,5,480,2161,0,1.0,,,0,0,OLS,,36.546089033168954,0.845060877027854,0.2638165140110771,3.2032144772876947,-0.18290927391402734,0.005785697755149271,299,69.30201342281879,0.5092969203951191
"{""entry_z"": 2.5, ""exit_z"": 0.5, ""fixed_n_components"": null, ""max_holding_period"": null, ""min_asset_coverage"": 0.6, ""min_train_observations"": 480, ""min_universe_assets"": 5, ""pca_component_selection_method"": ""explained_variance"", ""pca_explained_variance"": 0.7, ""rebalance_frequency"": 24, ""regression_type"": ""OLS"", ""ridge_alpha"": 1.0, ""stage"": ""core"", ""stop_loss_z"": null, ""target"": ""BTC"", ""train_window"": 720, ""transaction_cost_bps"": 10, ""universe_selection_method"": ""priority_with_coverage_fallback"", ""universe_size"": 30, ""zscore_lookback"": 720}",core,crypto,BTC,priority_with_coverage_fallback,30,30,"ETH,SOL,XRP,BNB,TRX,ADA,AVAX,DOT,NEAR,ATOM,ALGO,DOGE,BCH,LTC,XLM,ETC,LINK,UNI,AAVE,INJ,FIL,VET,FET,GRT,THETA,XTZ,SAND,CHZ,DASH,HBAR","TON,SUI,ICP,MKR,RENDER,RNDR,ARB,OP,MATIC,POL,APT,SEI,EOS,MANA","CHZ,DASH,HBAR",720,24,0.7,explained_variance,,720,2.5,0.5,10.0,8760.0,0.6,5,480,2161,0,1.0,,,0,0,OLS,,19.341047184147953,0.6635646881534409,0.2607532154619871,2.544799637380411,-0.16627957121822678,0.0032785620612512537,170,127.08235294117647,0.5087946676541382
"{""entry_z"": 2.5, ""exit_z"": 0.5, ""fixed_n_components"": null, ""max_holding_period"": null, ""min_asset_coverage"": 0.6, ""min_train_observations"": 480, ""min_universe_assets"": 5, ""pca_component_selection_method"": ""explained_variance"", ""pca_explained_variance"": 0.8, ""rebalance_frequency"": 24, ""regression_type"": ""OLS"", ""ridge_alpha"": 1.0, ""stage"": ""core"", ""stop_loss_z"": null, ""target"": ""BTC"", ""train_window"": 720, ""transaction_cost_bps"": 10, ""universe_selection_method"": ""priority_with_coverage_fallback"", ""universe_size"": 30, ""zscore_lookback"": 720}",core,crypto,BTC,priority_with_coverage_fallback,30,30,"ETH,SOL,XRP,BNB,TRX,ADA,AVAX,DOT,NEAR,ATOM,ALGO,DOGE,BCH,LTC,XLM,ETC,LINK,UNI,AAVE,INJ,FIL,VET,FET,GRT,THETA,XTZ,SAND,CHZ,DASH,HBAR","TON,SUI,ICP,MKR,RENDER,RNDR,ARB,OP,MATIC,POL,APT,SEI,EOS,MANA","CHZ,DASH,HBAR",720,24,0.8,explained_variance,,720,2.5,0.5,10.0,8760.0,0.6,5,480,2161,0,1.0,,,0,0,OLS,,18.899607953726775,0.6574097041477747,0.2764937338945978,2.3776658331012515,-0.19098824182000318,0.003220705083699761,167,101.38095238095238,0.5046970408642555
"{""entry_z"": 2.5, ""exit_z"": 0.5, ""fixed_n_components"": null, ""max_holding_period"": null, ""min_asset_coverage"": 0.6, ""min_train_observations"": 480, ""min_universe_assets"": 5, ""pca_component_selection_method"": ""explained_variance"", ""pca_explained_variance"": 0.9, ""rebalance_frequency"": 24, ""regression_type"": ""OLS"", ""ridge_alpha"": 1.0, ""stage"": ""core"", ""stop_loss_z"": null, ""target"": ""BTC"", ""train_window"": 720, ""transaction_cost_bps"": 10, ""universe_selection_method"": ""priority_with_coverage_fallback"", ""universe_size"": 30, ""zscore_lookback"": 720}",core,crypto,BTC,priority_with_coverage_fallback,30,30,"ETH,SOL,XRP,BNB,TRX,ADA,AVAX,DOT,NEAR,ATOM,ALGO,DOGE,BCH,LTC,XLM,ETC,LINK,UNI,AAVE,INJ,FIL,VET,FET,GRT,THETA,XTZ,SAND,CHZ,DASH,HBAR","TON,SUI,ICP,MKR,RENDER,RNDR,ARB,OP,MATIC,POL,APT,SEI,EOS,MANA","CHZ,DASH,HBAR",720,24,0.9,explained_variance,,720,2.5,0.5,10.0,8760.0,0.6,5,480,2161,0,1.0,,,0,0,OLS,,49.636559069899185,0.9406902625330711,0.2604390628206484,3.6119399768416396,-0.18290927391402745,0.003818560518398519,197,81.43877551020408,0.5040721714070918
"{""entry_z"": 2.5, ""exit_z"": 0.5, ""fixed_n_components"": null, ""max_holding_period"": null, ""min_asset_coverage"": 0.6, ""min_train_observations"": 480, ""min_universe_assets"": 5, ""pca_component_selection_method"": ""explained_variance"", ""pca_explained_variance"": 0.7, ""rebalance_frequency"": 24, ""regression_type"": ""OLS"", ""ridge_alpha"": 1.0, ""stage"": ""core"", ""stop_loss_z"": null, ""target"": ""BTC"", ""train_window"": 720, ""transaction_cost_bps"": 10, ""universe_selection_method"": ""priority_with_coverage_fallback"", ""universe_size"": 30, ""zscore_lookback"": 1440}",core,crypto,BTC,priority_with_coverage_fallback,30,30,"ETH,SOL,XRP,BNB,TRX,ADA,AVAX,DOT,NEAR,ATOM,ALGO,DOGE,BCH,LTC,XLM,ETC,LINK,UNI,AAVE,INJ,FIL,VET,FET,GRT,THETA,XTZ,SAND,CHZ,DASH,HBAR","TON,SUI,ICP,MKR,RENDER,RNDR,ARB,OP,MATIC,POL,APT,SEI,EOS,MANA","CHZ,DASH,HBAR",720,24,0.7,explained_variance,,1440,2.5,0.5,10.0,8760.0,0.6,5,480,2161,0,1.0,,,0,0,OLS,,17.14132949679502,0.6317083964153369,0.25865637840369715,2.442268774943566,-0.1611676133925467,0.0020828511918537375,108,144.40740740740742,0.505770710438574
"{""entry_z"": 2.5, ""exit_z"": 0.5, ""fixed_n_components"": null, ""max_holding_period"": null, ""min_asset_coverage"": 0.6, ""min_train_observations"": 480, ""min_universe_assets"": 5, ""pca_component_selection_method"": ""explained_variance"", ""pca_explained_variance"": 0.8, ""rebalance_frequency"": 24, ""regression_type"": ""OLS"", ""ridge_alpha"": 1.0, ""stage"": ""core"", ""stop_loss_z"": null, ""target"": ""BTC"", ""train_window"": 720, ""transaction_cost_bps"": 10, ""universe_selection_method"": ""priority_with_coverage_fallback"", ""universe_size"": 30, ""zscore_lookback"": 1440}",core,crypto,BTC,priority_with_coverage_fallback,30,30,"ETH,SOL,XRP,BNB,TRX,ADA,AVAX,DOT,NEAR,ATOM,ALGO,DOGE,BCH,LTC,XLM,ETC,LINK,UNI,AAVE,INJ,FIL,VET,FET,GRT,THETA,XTZ,SAND,CHZ,DASH,HBAR","TON,SUI,ICP,MKR,RENDER,RNDR,ARB,OP,MATIC,POL,APT,SEI,EOS,MANA","CHZ,DASH,HBAR",720,24,0.8,explained_variance,,1440,2.5,0.5,10.0,8760.0,0.6,5,480,2161,0,1.0,,,0,0,OLS,,16.143457108124355,0.6161866492067885,0.2556723571679927,2.4100636299993723,-0.12979135445522938,0.0021599938285890613,112,113.5,0.5042479546884833
"{""entry_z"": 2.5, ""exit_z"": 0.5, ""fixed_n_components"": null, ""max_holding_period"": null, ""min_asset_coverage"": 0.6, ""min_train_observations"": 480, ""min_universe_assets"": 5, ""pca_component_selection_method"": ""explained_variance"", ""pca_explained_variance"": 0.9, ""rebalance_frequency"": 24, ""regression_type"": ""OLS"", ""ridge_alpha"": 1.0, ""stage"": ""core"", ""stop_loss_z"": null, ""target"": ""BTC"", ""train_window"": 720, ""transaction_cost_bps"": 10, ""universe_selection_method"": ""priority_with_coverage_fallback"", ""universe_size"": 30, ""zscore_lookback"": 1440}",core,crypto,BTC,priority_with_coverage_fallback,30,30,"ETH,SOL,XRP,BNB,TRX,ADA,AVAX,DOT,NEAR,ATOM,ALGO,DOGE,BCH,LTC,XLM,ETC,LINK,UNI,AAVE,INJ,FIL,VET,FET,GRT,THETA,XTZ,SAND,CHZ,DASH,HBAR","TON,SUI,ICP,MKR,RENDER,RNDR,ARB,OP,MATIC,POL,APT,SEI,EOS,MANA","CHZ,DASH,HBAR",720,24,0.9,explained_variance,,1440,2.5,0.5,10.0,8760.0,0.6,5,480,2161,0,1.0,,,0,0,OLS,,33.07015455730569,0.815026288383049,0.24142937234002626,3.3758373328129094,-0.10987284449880119,0.002854277559206974,148,81.43243243243244,0.4975107865914371
"{""entry_z"": 2.5, ""exit_z"": 0.5, ""fixed_n_components"": null, ""max_holding_period"": null, ""min_asset_coverage"": 0.6, ""min_train_observations"": 480, ""min_universe_assets"": 5, ""pca_component_selection_method"": ""explained_variance"", ""pca_explained_variance"": 0.7, ""rebalance_frequency"": 24, ""regression_type"": ""OLS"", ""ridge_alpha"": 1.0, ""stage"": ""core"", ""stop_loss_z"": null, ""target"": ""BTC"", ""train_window"": 1440, ""transaction_cost_bps"": 10, ""universe_selection_method"": ""priority_with_coverage_fallback"", ""universe_size"": 30, ""zscore_lookback"": 336}",core,crypto,BTC,priority_with_coverage_fallback,30,30,"ETH,SOL,XRP,BNB,TRX,ADA,AVAX,DOT,NEAR,ATOM,ALGO,DOGE,BCH,LTC,XLM,ETC,LINK,UNI,AAVE,INJ,FIL,VET,FET,GRT,THETA,XTZ,SAND,CHZ,DASH,HBAR","TON,SUI,ICP,MKR,RENDER,RNDR,ARB,OP,MATIC,POL,APT,SEI,EOS,MANA","CHZ,DASH,HBAR",1440,24,0.7,explained_variance,,336,2.5,0.5,10.0,8760.0,0.6,5,480,2131,0,1.0,,,0,0,OLS,,0.15548473930151618,0.025068400550689818,0.2912397469365505,0.08607479169438785,-0.5791868486921796,0.004693733865289838,240,148.26666666666668,0.4970773381294964
"{""entry_z"": 2.5, ""exit_z"": 0.5, ""fixed_n_components"": null, ""max_holding_period"": null, ""min_asset_coverage"": 0.6, ""min_train_observations"": 480, ""min_universe_assets"": 5, ""pca_component_selection_method"": ""explained_variance"", ""pca_explained_variance"": 0.8, ""rebalance_frequency"": 24, ""regression_type"": ""OLS"", ""ridge_alpha"": 1.0, ""stage"": ""core"", ""stop_loss_z"": null, ""target"": ""BTC"", ""train_window"": 1440, ""transaction_cost_bps"": 10, ""universe_selection_method"": ""priority_with_coverage_fallback"", ""universe_size"": 30, ""zscore_lookback"": 336}",core,crypto,BTC,priority_with_coverage_fallback,30,30,"ETH,SOL,XRP,BNB,TRX,ADA,AVAX,DOT,NEAR,ATOM,ALGO,DOGE,BCH,LTC,XLM,ETC,LINK,UNI,AAVE,INJ,FIL,VET,FET,GRT,THETA,XTZ,SAND,CHZ,DASH,HBAR","TON,SUI,ICP,MKR,RENDER,RNDR,ARB,OP,MATIC,POL,APT,SEI,EOS,MANA","CHZ,DASH,HBAR",1440,24,0.8,explained_variance,,336,2.5,0.5,10.0,8760.0,0.6,5,480,2131,0,1.0,,,0,0,OLS,,2.6382034255267683,0.24764743617850105,0.270417640936182,0.9157961563496715,-0.33372891740498134,0.005084878354063991,260,122.20769230769231,0.5042487568452194
"{""entry_z"": 2.5, ""exit_z"": 0.5, ""fixed_n_components"": null, ""max_holding_period"": null, ""min_asset_coverage"": 0.6, ""min_train_observations"": 480, ""min_universe_assets"": 5, ""pca_component_selection_method"": ""explained_variance"", ""pca_explained_variance"": 0.9, ""rebalance_frequency"": 24, ""regression_type"": ""OLS"", ""ridge_alpha"": 1.0, ""stage"": ""core"", ""stop_loss_z"": null, ""target"": ""BTC"", ""train_window"": 1440, ""transaction_cost_bps"": 10, ""universe_selection_method"": ""priority_with_coverage_fallback"", ""universe_size"": 30, ""zscore_lookback"": 336}",core,crypto,BTC,priority_with_coverage_fallback,30,30,"ETH,SOL,XRP,BNB,TRX,ADA,AVAX,DOT,NEAR,ATOM,ALGO,DOGE,BCH,LTC,XLM,ETC,LINK,UNI,AAVE,INJ,FIL,VET,FET,GRT,THETA,XTZ,SAND,CHZ,DASH,HBAR","TON,SUI,ICP,MKR,RENDER,RNDR,ARB,OP,MATIC,POL,APT,SEI,EOS,MANA","CHZ,DASH,HBAR",1440,24,0.9,explained_variance,,336,2.5,0.5,10.0,8760.0,0.6,5,480,2131,0,1.0,,,0,0,OLS,,3.036861526421908,0.2700716213824079,0.26220161156620464,1.0300151084853884,-0.28214408473585806,0.004967535007431746,252,108.192,0.5025879917184265
"{""entry_z"": 2.5, ""exit_z"": 0.5, ""fixed_n_components"": null, ""max_holding_period"": null, ""min_asset_coverage"": 0.6, ""min_train_observations"": 480, ""min_universe_assets"": 5, ""pca_component_selection_method"": ""explained_variance"", ""pca_explained_variance"": 0.7, ""rebalance_frequency"": 24, ""regression_type"": ""OLS"", ""ridge_alpha"": 1.0, ""stage"": ""core"", ""stop_loss_z"": null, ""target"": ""BTC"", ""train_window"": 1440, ""transaction_cost_bps"": 10, ""universe_selection_method"": ""priority_with_coverage_fallback"", ""universe_size"": 30, ""zscore_lookback"": 720}",core,crypto,BTC,priority_with_coverage_fallback,30,30,"ETH,SOL,XRP,BNB,TRX,ADA,AVAX,DOT,NEAR,ATOM,ALGO,DOGE,BCH,LTC,XLM,ETC,LINK,UNI,AAVE,INJ,FIL,VET,FET,GRT,THETA,XTZ,SAND,CHZ,DASH,HBAR","TON,SUI,ICP,MKR,RENDER,RNDR,ARB,OP,MATIC,POL,APT,SEI,EOS,MANA","CHZ,DASH,HBAR",1440,24,0.7,explained_variance,,720,2.5,0.5,10.0,8760.0,0.6,5,480,2131,0,1.0,,,0,0,OLS,,9.854783745358105,0.5046100269763483,0.2646103063538712,1.906993094598206,-0.24123756692113052,0.0028553547680513183,145,194.0,0.5052978235967927
"{""entry_z"": 2.5, ""exit_z"": 0.5, ""fixed_n_components"": null, ""max_holding_period"": null, ""min_asset_coverage"": 0.6, ""min_train_observations"": 480, ""min_universe_assets"": 5, ""pca_component_selection_method"": ""explained_variance"", ""pca_explained_variance"": 0.8, ""rebalance_frequency"": 24, ""regression_type"": ""OLS"", ""ridge_alpha"": 1.0, ""stage"": ""core"", ""stop_loss_z"": null, ""target"": ""BTC"", ""train_window"": 1440, ""transaction_cost_bps"": 10, ""universe_selection_method"": ""priority_with_coverage_fallback"", ""universe_size"": 30, ""zscore_lookback"": 720}",core,crypto,BTC,priority_with_coverage_fallback,30,30,"ETH,SOL,XRP,BNB,TRX,ADA,AVAX,DOT,NEAR,ATOM,ALGO,DOGE,BCH,LTC,XLM,ETC,LINK,UNI,AAVE,INJ,FIL,VET,FET,GRT,THETA,XTZ,SAND,CHZ,DASH,HBAR","TON,SUI,ICP,MKR,RENDER,RNDR,ARB,OP,MATIC,POL,APT,SEI,EOS,MANA","CHZ,DASH,HBAR",1440,24,0.8,explained_variance,,720,2.5,0.5,10.0,8760.0,0.6,5,480,2131,0,1.0,,,0,0,OLS,,10.299169996025554,0.5149883318303092,0.2555446519429311,2.015257716860057,-0.22997633196520784,0.0028944692169287334,147,164.16438356164383,0.503004005340454
"{""entry_z"": 2.5, ""exit_z"": 0.5, ""fixed_n_components"": null, ""max_holding_period"": null, ""min_asset_coverage"": 0.6, ""min_train_observations"": 480, ""min_universe_assets"": 5, ""pca_component_selection_method"": ""explained_variance"", ""pca_explained_variance"": 0.9, ""rebalance_frequency"": 24, ""regression_type"": ""OLS"", ""ridge_alpha"": 1.0, ""stage"": ""core"", ""stop_loss_z"": null, ""target"": ""BTC"", ""train_window"": 1440, ""transaction_cost_bps"": 10, ""universe_selection_method"": ""priority_with_coverage_fallback"", ""universe_size"": 30, ""zscore_lookback"": 720}",core,crypto,BTC,priority_with_coverage_fallback,30,30,"ETH,SOL,XRP,BNB,TRX,ADA,AVAX,DOT,NEAR,ATOM,ALGO,DOGE,BCH,LTC,XLM,ETC,LINK,UNI,AAVE,INJ,FIL,VET,FET,GRT,THETA,XTZ,SAND,CHZ,DASH,HBAR","TON,SUI,ICP,MKR,RENDER,RNDR,ARB,OP,MATIC,POL,APT,SEI,EOS,MANA","CHZ,DASH,HBAR",1440,24,0.9,explained_variance,,720,2.5,0.5,10.0,8760.0,0.6,5,480,2131,0,1.0,,,0,0,OLS,,17.819907077279137,0.6533663903685476,0.24240712334673478,2.6953266939849128,-0.19952750007773923,0.0030509270124383947,156,116.43589743589743,0.5048447478528958
"{""entry_z"": 2.5, ""exit_z"": 0.5, ""fixed_n_components"": null, ""max_holding_period"": null, ""min_asset_coverage"": 0.6, ""min_train_observations"": 480, ""min_universe_assets"": 5, ""pca_component_selection_method"": ""explained_variance"", ""pca_explained_variance"": 0.7, ""rebalance_frequency"": 24, ""regression_type"": ""OLS"", ""ridge_alpha"": 1.0, ""stage"": ""core"", ""stop_loss_z"": null, ""target"": ""BTC"", ""train_window"": 1440, ""transaction_cost_bps"": 10, ""universe_selection_method"": ""priority_with_coverage_fallback"", ""universe_size"": 30, ""zscore_lookback"": 1440}",core,crypto,BTC,priority_with_coverage_fallback,30,30,"ETH,SOL,XRP,BNB,TRX,ADA,AVAX,DOT,NEAR,ATOM,ALGO,DOGE,BCH,LTC,XLM,ETC,LINK,UNI,AAVE,INJ,FIL,VET,FET,GRT,THETA,XTZ,SAND,CHZ,DASH,HBAR","TON,SUI,ICP,MKR,RENDER,RNDR,ARB,OP,MATIC,POL,APT,SEI,EOS,MANA","CHZ,DASH,HBAR",1440,24,0.7,explained_variance,,1440,2.5,0.5,10.0,8760.0,0.6,5,480,2131,0,1.0,,,0,0,OLS,,11.745300401757492,0.5465714779456265,0.27077000999654466,2.0185820355533517,-0.16842599644504996,0.0017601501994836894,90,245.8,0.5054696682035982
"{""entry_z"": 2.5, ""exit_z"": 0.5, ""fixed_n_components"": null, ""max_holding_period"": null, ""min_asset_coverage"": 0.6, ""min_train_observations"": 480, ""min_universe_assets"": 5, ""pca_component_selection_method"": ""explained_variance"", ""pca_explained_variance"": 0.8, ""rebalance_frequency"": 24, ""regression_type"": ""OLS"", ""ridge_alpha"": 1.0, ""stage"": ""core"", ""stop_loss_z"": null, ""target"": ""BTC"", ""train_window"": 1440, ""transaction_cost_bps"": 10, ""universe_selection_method"": ""priority_with_coverage_fallback"", ""universe_size"": 30, ""zscore_lookback"": 1440}",core,crypto,BTC,priority_with_coverage_fallback,30,30,"ETH,SOL,XRP,BNB,TRX,ADA,AVAX,DOT,NEAR,ATOM,ALGO,DOGE,BCH,LTC,XLM,ETC,LINK,UNI,AAVE,INJ,FIL,VET,FET,GRT,THETA,XTZ,SAND,CHZ,DASH,HBAR","TON,SUI,ICP,MKR,RENDER,RNDR,ARB,OP,MATIC,POL,APT,SEI,EOS,MANA","CHZ,DASH,HBAR",1440,24,0.8,explained_variance,,1440,2.5,0.5,10.0,8760.0,0.6,5,480,2131,0,1.0,,,0,0,OLS,,14.768113437800514,0.6040029576641692,0.2501136697138725,2.4149138204047085,-0.18567621484074937,0.001994836892748181,102,175.2941176470588,0.5116331096196868
"{""entry_z"": 2.5, ""exit_z"": 0.5, ""fixed_n_components"": null, ""max_holding_period"": null, ""min_asset_coverage"": 0.6, ""min_train_observations"": 480, ""min_universe_assets"": 5, ""pca_component_selection_method"": ""explained_variance"", ""pca_explained_variance"": 0.9, ""rebalance_frequency"": 24, ""regression_type"": ""OLS"", ""ridge_alpha"": 1.0, ""stage"": ""core"", ""stop_loss_z"": null, ""target"": ""BTC"", ""train_window"": 1440, ""transaction_cost_bps"": 10, ""universe_selection_method"": ""priority_with_coverage_fallback"", ""universe_size"": 30, ""zscore_lookback"": 1440}",core,crypto,BTC,priority_with_coverage_fallback,30,30,"ETH,SOL,XRP,BNB,TRX,ADA,AVAX,DOT,NEAR,ATOM,ALGO,DOGE,BCH,LTC,XLM,ETC,LINK,UNI,AAVE,INJ,FIL,VET,FET,GRT,THETA,XTZ,SAND,CHZ,DASH,HBAR","TON,SUI,ICP,MKR,RENDER,RNDR,ARB,OP,MATIC,POL,APT,SEI,EOS,MANA","CHZ,DASH,HBAR",1440,24,0.9,explained_variance,,1440,2.5,0.5,10.0,8760.0,0.6,5,480,2131,0,1.0,,,0,0,OLS,,24.04283794629032,0.7362979937885881,0.23416924622491872,3.1442984322603,-0.17197146759441906,0.0022686380348900886,115,126.94736842105263,0.511608623548922
"{""entry_z"": 2.5, ""exit_z"": 0.5, ""fixed_n_components"": null, ""max_holding_period"": null, ""min_asset_coverage"": 0.6, ""min_train_observations"": 480, ""min_universe_assets"": 5, ""pca_component_selection_method"": ""explained_variance"", ""pca_explained_variance"": 0.7, ""rebalance_frequency"": 24, ""regression_type"": ""OLS"", ""ridge_alpha"": 1.0, ""stage"": ""core"", ""stop_loss_z"": null, ""target"": ""BTC"", ""train_window"": 2880, ""transaction_cost_bps"": 10, ""universe_selection_method"": ""priority_with_coverage_fallback"", ""universe_size"": 30, ""zscore_lookback"": 336}",core,crypto,BTC,priority_with_coverage_fallback,30,30,"ETH,SOL,XRP,BNB,TRX,ADA,AVAX,DOT,NEAR,ATOM,ALGO,DOGE,BCH,LTC,XLM,ETC,LINK,UNI,AAVE,INJ,FIL,VET,FET,GRT,THETA,XTZ,SAND,CHZ,DASH,HBAR","TON,SUI,ICP,MKR,RENDER,RNDR,ARB,OP,MATIC,POL,APT,SEI,EOS,MANA","CHZ,DASH,HBAR",2880,24,0.7,explained_variance,,336,2.5,0.5,10.0,8760.0,0.6,5,480,2071,0,1.0,,,0,0,OLS,,-0.21873606917711086,-0.04258162811650379,0.3175004925581757,-0.13411515608499897,-0.6126790565273397,0.005513966030749416,273,146.11764705882354,0.4980877616747182
"{""entry_z"": 2.5, ""exit_z"": 0.5, ""fixed_n_components"": null, ""max_holding_period"": null, ""min_asset_coverage"": 0.6, ""min_train_observations"": 480, ""min_universe_assets"": 5, ""pca_component_selection_method"": ""explained_variance"", ""pca_explained_variance"": 0.8, ""rebalance_frequency"": 24, ""regression_type"": ""OLS"", ""ridge_alpha"": 1.0, ""stage"": ""core"", ""stop_loss_z"": null, ""target"": ""BTC"", ""train_window"": 2880, ""transaction_cost_bps"": 10, ""universe_selection_method"": ""priority_with_coverage_fallback"", ""universe_size"": 30, ""zscore_lookback"": 336}",core,crypto,BTC,priority_with_coverage_fallback,30,30,"ETH,SOL,XRP,BNB,TRX,ADA,AVAX,DOT,NEAR,ATOM,ALGO,DOGE,BCH,LTC,XLM,ETC,LINK,UNI,AAVE,INJ,FIL,VET,FET,GRT,THETA,XTZ,SAND,CHZ,DASH,HBAR","TON,SUI,ICP,MKR,RENDER,RNDR,ARB,OP,MATIC,POL,APT,SEI,EOS,MANA","CHZ,DASH,HBAR",2880,24,0.8,explained_variance,,336,2.5,0.5,10.0,8760.0,0.6,5,480,2071,0,1.0,,,0,0,OLS,,-0.16739161586045959,-0.03177826064492306,0.33293230125976764,-0.09544961700825881,-0.5242833194597254,0.0052322305401271835,260,140.1153846153846,0.4975569585506451
"{""entry_z"": 2.5, ""exit_z"": 0.5, ""fixed_n_components"": null, ""max_holding_period"": null, ""min_asset_coverage"": 0.6, ""min_train_observations"": 480, ""min_universe_assets"": 5, ""pca_component_selection_method"": ""explained_variance"", ""pca_explained_variance"": 0.9, ""rebalance_frequency"": 24, ""regression_type"": ""OLS"", ""ridge_alpha"": 1.0, ""stage"": ""core"", ""stop_loss_z"": null, ""target"": ""BTC"", ""train_window"": 2880, ""transaction_cost_bps"": 10, ""universe_selection_method"": ""priority_with_coverage_fallback"", ""universe_size"": 30, ""zscore_lookback"": 336}",core,crypto,BTC,priority_with_coverage_fallback,30,30,"ETH,SOL,XRP,BNB,TRX,ADA,AVAX,DOT,NEAR,ATOM,ALGO,DOGE,BCH,LTC,XLM,ETC,LINK,UNI,AAVE,INJ,FIL,VET,FET,GRT,THETA,XTZ,SAND,CHZ,DASH,HBAR","TON,SUI,ICP,MKR,RENDER,RNDR,ARB,OP,MATIC,POL,APT,SEI,EOS,MANA","CHZ,DASH,HBAR",2880,24,0.9,explained_variance,,336,2.5,0.5,10.0,8760.0,0.6,5,480,2071,0,1.0,,,0,0,OLS,,2.0536727520276226,0.21749554289427153,0.2940267159615956,0.7397135399175081,-0.2552716903190084,0.0052322305401271835,256,135.97619047619048,0.498686744878305
"{""entry_z"": 2.5, ""exit_z"": 0.5, ""fixed_n_components"": null, ""max_holding_period"": null, ""min_asset_coverage"": 0.6, ""min_train_observations"": 480, ""min_universe_assets"": 5, ""pca_component_selection_method"": ""explained_variance"", ""pca_explained_variance"": 0.7, ""rebalance_frequency"": 24, ""regression_type"": ""OLS"", ""ridge_alpha"": 1.0, ""stage"": ""core"", ""stop_loss_z"": null, ""target"": ""BTC"", ""train_window"": 2880, ""transaction_cost_bps"": 10, ""universe_selection_method"": ""priority_with_coverage_fallback"", ""universe_size"": 30, ""zscore_lookback"": 720}",core,crypto,BTC,priority_with_coverage_fallback,30,30,"ETH,SOL,XRP,BNB,TRX,ADA,AVAX,DOT,NEAR,ATOM,ALGO,DOGE,BCH,LTC,XLM,ETC,LINK,UNI,AAVE,INJ,FIL,VET,FET,GRT,THETA,XTZ,SAND,CHZ,DASH,HBAR","TON,SUI,ICP,MKR,RENDER,RNDR,ARB,OP,MATIC,POL,APT,SEI,EOS,MANA","CHZ,DASH,HBAR",2880,24,0.7,explained_variance,,720,2.5,0.5,10.0,8760.0,0.6,5,480,2071,0,1.0,,,0,0,OLS,,-0.2612608134196883,-0.05198144215961353,0.3185434060854522,-0.16318480045909045,-0.4146094285131473,0.002294131852209611,114,306.9824561403509,0.49657103668990743
"{""entry_z"": 2.5, ""exit_z"": 0.5, ""fixed_n_components"": null, ""max_holding_period"": null, ""min_asset_coverage"": 0.6, ""min_train_observations"": 480, ""min_universe_assets"": 5, ""pca_component_selection_method"": ""explained_variance"", ""pca_explained_variance"": 0.8, ""rebalance_frequency"": 24, ""regression_type"": ""OLS"", ""ridge_alpha"": 1.0, ""stage"": ""core"", ""stop_loss_z"": null, ""target"": ""BTC"", ""train_window"": 2880, ""transaction_cost_bps"": 10, ""universe_selection_method"": ""priority_with_coverage_fallback"", ""universe_size"": 30, ""zscore_lookback"": 720}",core,crypto,BTC,priority_with_coverage_fallback,30,30,"ETH,SOL,XRP,BNB,TRX,ADA,AVAX,DOT,NEAR,ATOM,ALGO,DOGE,BCH,LTC,XLM,ETC,LINK,UNI,AAVE,INJ,FIL,VET,FET,GRT,THETA,XTZ,SAND,CHZ,DASH,HBAR","TON,SUI,ICP,MKR,RENDER,RNDR,ARB,OP,MATIC,POL,APT,SEI,EOS,MANA","CHZ,DASH,HBAR",2880,24,0.8,explained_variance,,720,2.5,0.5,10.0,8760.0,0.6,5,480,2071,0,1.0,,,0,0,OLS,,1.9795164990230685,0.21223055992905548,0.3377044925841139,0.6284505080316456,-0.3631245149008592,0.0025356194156000967,125,279.46774193548384,0.4945460841461303
"{""entry_z"": 2.5, ""exit_z"": 0.5, ""fixed_n_components"": null, ""max_holding_period"": null, ""min_asset_coverage"": 0.6, ""min_train_observations"": 480, ""min_universe_assets"": 5, ""pca_component_selection_method"": ""explained_variance"", ""pca_explained_variance"": 0.9, ""rebalance_frequency"": 24, ""regression_type"": ""OLS"", ""ridge_alpha"": 1.0, ""stage"": ""core"", ""stop_loss_z"": null, ""target"": ""BTC"", ""train_window"": 2880, ""transaction_cost_bps"": 10, ""universe_selection_method"": ""priority_with_coverage_fallback"", ""universe_size"": 30, ""zscore_lookback"": 720}",core,crypto,BTC,priority_with_coverage_fallback,30,30,"ETH,SOL,XRP,BNB,TRX,ADA,AVAX,DOT,NEAR,ATOM,ALGO,DOGE,BCH,LTC,XLM,ETC,LINK,UNI,AAVE,INJ,FIL,VET,FET,GRT,THETA,XTZ,SAND,CHZ,DASH,HBAR","TON,SUI,ICP,MKR,RENDER,RNDR,ARB,OP,MATIC,POL,APT,SEI,EOS,MANA","CHZ,DASH,HBAR",2880,24,0.9,explained_variance,,720,2.5,0.5,10.0,8760.0,0.6,5,480,2071,0,1.0,,,0,0,OLS,,9.913231748698665,0.5239705250593445,0.29264212750074203,1.790482216399332,-0.24939592600401617,0.0026563631972953395,130,206.109375,0.49806686377075277
"{""entry_z"": 2.5, ""exit_z"": 0.5, ""fixed_n_components"": null, ""max_holding_period"": null, ""min_asset_coverage"": 0.6, ""min_train_observations"": 480, ""min_universe_assets"": 5, ""pca_component_selection_method"": ""explained_variance"", ""pca_explained_variance"": 0.7, ""rebalance_frequency"": 24, ""regression_type"": ""OLS"", ""ridge_alpha"": 1.0, ""stage"": ""core"", ""stop_loss_z"": null, ""target"": ""BTC"", ""train_window"": 2880, ""transaction_cost_bps"": 10, ""universe_selection_method"": ""priority_with_coverage_fallback"", ""universe_size"": 30, ""zscore_lookback"": 1440}",core,crypto,BTC,priority_with_coverage_fallback,30,30,"ETH,SOL,XRP,BNB,TRX,ADA,AVAX,DOT,NEAR,ATOM,ALGO,DOGE,BCH,LTC,XLM,ETC,LINK,UNI,AAVE,INJ,FIL,VET,FET,GRT,THETA,XTZ,SAND,CHZ,DASH,HBAR","TON,SUI,ICP,MKR,RENDER,RNDR,ARB,OP,MATIC,POL,APT,SEI,EOS,MANA","CHZ,DASH,HBAR",2880,24,0.7,explained_variance,,1440,2.5,0.5,10.0,8760.0,0.6,5,480,2071,0,1.0,,,0,0,OLS,,3.0065417527046776,0.27720263867233563,0.3051711701549105,0.9083513312598384,-0.25508207333109767,0.0013684295258794173,67,417.3636363636364,0.5010527844333116
"{""entry_z"": 2.5, ""exit_z"": 0.5, ""fixed_n_components"": null, ""max_holding_period"": null, ""min_asset_coverage"": 0.6, ""min_train_observations"": 480, ""min_universe_assets"": 5, ""pca_component_selection_method"": ""explained_variance"", ""pca_explained_variance"": 0.8, ""rebalance_frequency"": 24, ""regression_type"": ""OLS"", ""ridge_alpha"": 1.0, ""stage"": ""core"", ""stop_loss_z"": null, ""target"": ""BTC"", ""train_window"": 2880, ""transaction_cost_bps"": 10, ""universe_selection_method"": ""priority_with_coverage_fallback"", ""universe_size"": 30, ""zscore_lookback"": 1440}",core,crypto,BTC,priority_with_coverage_fallback,30,30,"ETH,SOL,XRP,BNB,TRX,ADA,AVAX,DOT,NEAR,ATOM,ALGO,DOGE,BCH,LTC,XLM,ETC,LINK,UNI,AAVE,INJ,FIL,VET,FET,GRT,THETA,XTZ,SAND,CHZ,DASH,HBAR","TON,SUI,ICP,MKR,RENDER,RNDR,ARB,OP,MATIC,POL,APT,SEI,EOS,MANA","CHZ,DASH,HBAR",2880,24,0.8,explained_variance,,1440,2.5,0.5,10.0,8760.0,0.6,5,480,2071,0,1.0,,,0,0,OLS,,7.5775839240046245,0.46062626097655013,0.29091118182483444,1.5833913914450555,-0.31978242731641027,0.0013281815986476697,65,405.78125,0.5008856372737774
"{""entry_z"": 2.5, ""exit_z"": 0.5, ""fixed_n_components"": null, ""max_holding_period"": null, ""min_asset_coverage"": 0.6, ""min_train_observations"": 480, ""min_universe_assets"": 5, ""pca_component_selection_method"": ""explained_variance"", ""pca_explained_variance"": 0.9, ""rebalance_frequency"": 24, ""regression_type"": ""OLS"", ""ridge_alpha"": 1.0, ""stage"": ""core"", ""stop_loss_z"": null, ""target"": ""BTC"", ""train_window"": 2880, ""transaction_cost_bps"": 10, ""universe_selection_method"": ""priority_with_coverage_fallback"", ""universe_size"": 30, ""zscore_lookback"": 1440}",core,crypto,BTC,priority_with_coverage_fallback,30,30,"ETH,SOL,XRP,BNB,TRX,ADA,AVAX,DOT,NEAR,ATOM,ALGO,DOGE,BCH,LTC,XLM,ETC,LINK,UNI,AAVE,INJ,FIL,VET,FET,GRT,THETA,XTZ,SAND,CHZ,DASH,HBAR","TON,SUI,ICP,MKR,RENDER,RNDR,ARB,OP,MATIC,POL,APT,SEI,EOS,MANA","CHZ,DASH,HBAR",2880,24,0.9,explained_variance,,1440,2.5,0.5,10.0,8760.0,0.6,5,480,2071,0,1.0,,,0,0,OLS,,6.824802600832307,0.4371654886521652,0.25720496689002215,1.6996774748875363,-0.24159225202582957,0.0015696691620381551,78,249.30769230769232,0.4994343309678083
"{""entry_z"": 3.0, ""exit_z"": 0.25, ""fixed_n_components"": null, ""max_holding_period"": null, ""min_asset_coverage"": 0.6, ""min_train_observations"": 480, ""min_universe_assets"": 5, ""pca_component_selection_method"": ""explained_variance"", ""pca_explained_variance"": 0.7, ""rebalance_frequency"": 24, ""regression_type"": ""OLS"", ""ridge_alpha"": 1.0, ""stage"": ""core"", ""stop_loss_z"": null, ""target"": ""BTC"", ""train_window"": 720, ""transaction_cost_bps"": 10, ""universe_selection_method"": ""priority_with_coverage_fallback"", ""universe_size"": 30, ""zscore_lookback"": 336}",core,crypto,BTC,priority_with_coverage_fallback,30,30,"ETH,SOL,XRP,BNB,TRX,ADA,AVAX,DOT,NEAR,ATOM,ALGO,DOGE,BCH,LTC,XLM,ETC,LINK,UNI,AAVE,INJ,FIL,VET,FET,GRT,THETA,XTZ,SAND,CHZ,DASH,HBAR","TON,SUI,ICP,MKR,RENDER,RNDR,ARB,OP,MATIC,POL,APT,SEI,EOS,MANA","CHZ,DASH,HBAR",720,24,0.7,explained_variance,,336,3.0,0.25,10.0,8760.0,0.6,5,480,2161,0,1.0,,,0,0,OLS,,7.160584726383627,0.42570068270955264,0.27529747743803934,1.5463297617950904,-0.2771327562302227,0.003432847334721901,176,127.816091954023,0.5033273381294964
"{""entry_z"": 3.0, ""exit_z"": 0.25, ""fixed_n_components"": null, ""max_holding_period"": null, ""min_asset_coverage"": 0.6, ""min_train_observations"": 480, ""min_universe_assets"": 5, ""pca_component_selection_method"": ""explained_variance"", ""pca_explained_variance"": 0.8, ""rebalance_frequency"": 24, ""regression_type"": ""OLS"", ""ridge_alpha"": 1.0, ""stage"": ""core"", ""stop_loss_z"": null, ""target"": ""BTC"", ""train_window"": 720, ""transaction_cost_bps"": 10, ""universe_selection_method"": ""priority_with_coverage_fallback"", ""universe_size"": 30, ""zscore_lookback"": 336}",core,crypto,BTC,priority_with_coverage_fallback,30,30,"ETH,SOL,XRP,BNB,TRX,ADA,AVAX,DOT,NEAR,ATOM,ALGO,DOGE,BCH,LTC,XLM,ETC,LINK,UNI,AAVE,INJ,FIL,VET,FET,GRT,THETA,XTZ,SAND,CHZ,DASH,HBAR","TON,SUI,ICP,MKR,RENDER,RNDR,ARB,OP,MATIC,POL,APT,SEI,EOS,MANA","CHZ,DASH,HBAR",720,24,0.8,explained_variance,,336,3.0,0.25,10.0,8760.0,0.6,5,480,2161,0,1.0,,,0,0,OLS,,8.464872626615179,0.46186459367492105,0.26227120759574113,1.7610190531734944,-0.19098824182000318,0.003317133379618915,171,118.07058823529412,0.5038860103626943
"{""entry_z"": 3.0, ""exit_z"": 0.25, ""fixed_n_components"": null, ""max_holding_period"": null, ""min_asset_coverage"": 0.6, ""min_train_observations"": 480, ""min_universe_assets"": 5, ""pca_component_selection_method"": ""explained_variance"", ""pca_explained_variance"": 0.9, ""rebalance_frequency"": 24, ""regression_type"": ""OLS"", ""ridge_alpha"": 1.0, ""stage"": ""core"", ""stop_loss_z"": null, ""target"": ""BTC"", ""train_window"": 720, ""transaction_cost_bps"": 10, ""universe_selection_method"": ""priority_with_coverage_fallback"", ""universe_size"": 30, ""zscore_lookback"": 336}",core,crypto,BTC,priority_with_coverage_fallback,30,30,"ETH,SOL,XRP,BNB,TRX,ADA,AVAX,DOT,NEAR,ATOM,ALGO,DOGE,BCH,LTC,XLM,ETC,LINK,UNI,AAVE,INJ,FIL,VET,FET,GRT,THETA,XTZ,SAND,CHZ,DASH,HBAR","TON,SUI,ICP,MKR,RENDER,RNDR,ARB,OP,MATIC,POL,APT,SEI,EOS,MANA","CHZ,DASH,HBAR",720,24,0.9,explained_variance,,336,3.0,0.25,10.0,8760.0,0.6,5,480,2161,0,1.0,,,0,0,OLS,,11.760355053524345,0.5375423268728701,0.23374356891076342,2.2997095893495505,-0.18290927391402756,0.003355704697986577,173,89.11627906976744,0.5009133611691023
"{""entry_z"": 3.0, ""exit_z"": 0.25, ""fixed_n_components"": null, ""max_holding_period"": null, ""min_asset_coverage"": 0.6, ""min_train_observations"": 480, ""min_universe_assets"": 5, ""pca_component_selection_method"": ""explained_variance"", ""pca_explained_variance"": 0.7, ""rebalance_frequency"": 24, ""regression_type"": ""OLS"", ""ridge_alpha"": 1.0, ""stage"": ""core"", ""stop_loss_z"": null, ""target"": ""BTC"", ""train_window"": 720, ""transaction_cost_bps"": 10, ""universe_selection_method"": ""priority_with_coverage_fallback"", ""universe_size"": 30, ""zscore_lookback"": 720}",core,crypto,BTC,priority_with_coverage_fallback,30,30,"ETH,SOL,XRP,BNB,TRX,ADA,AVAX,DOT,NEAR,ATOM,ALGO,DOGE,BCH,LTC,XLM,ETC,LINK,UNI,AAVE,INJ,FIL,VET,FET,GRT,THETA,XTZ,SAND,CHZ,DASH,HBAR","TON,SUI,ICP,MKR,RENDER,RNDR,ARB,OP,MATIC,POL,APT,SEI,EOS,MANA","CHZ,DASH,HBAR",720,24,0.7,explained_variance,,720,3.0,0.25,10.0,8760.0,0.6,5,480,2161,0,1.0,,,0,0,OLS,,6.631221005996933,0.4096377815279746,0.2402179941084803,1.7052751732785922,-0.19478258138232563,0.002005708555118414,104,159.69230769230768,0.5049373795761078
"{""entry_z"": 3.0, ""exit_z"": 0.25, ""fixed_n_components"": null, ""max_holding_period"": null, ""min_asset_coverage"": 0.6, ""min_train_observations"": 480, ""min_universe_assets"": 5, ""pca_component_selection_method"": ""explained_variance"", ""pca_explained_variance"": 0.8, ""rebalance_frequency"": 24, ""regression_type"": ""OLS"", ""ridge_alpha"": 1.0, ""stage"": ""core"", ""stop_loss_z"": null, ""target"": ""BTC"", ""train_window"": 720, ""transaction_cost_bps"": 10, ""universe_selection_method"": ""priority_with_coverage_fallback"", ""universe_size"": 30, ""zscore_lookback"": 720}",core,crypto,BTC,priority_with_coverage_fallback,30,30,"ETH,SOL,XRP,BNB,TRX,ADA,AVAX,DOT,NEAR,ATOM,ALGO,DOGE,BCH,LTC,XLM,ETC,LINK,UNI,AAVE,INJ,FIL,VET,FET,GRT,THETA,XTZ,SAND,CHZ,DASH,HBAR","TON,SUI,ICP,MKR,RENDER,RNDR,ARB,OP,MATIC,POL,APT,SEI,EOS,MANA","CHZ,DASH,HBAR",720,24,0.8,explained_variance,,720,3.0,0.25,10.0,8760.0,0.6,5,480,2161,0,1.0,,,0,0,OLS,,13.367277452173399,0.5686627817444181,0.2635941908049741,2.1573418594993075,-0.19098824182000318,0.002198565146956723,114,126.40350877192982,0.5040943789035393
"{""entry_z"": 3.0, ""exit_z"": 0.25, ""fixed_n_components"": null, ""max_holding_period"": null, ""min_asset_coverage"": 0.6, ""min_train_observations"": 480, ""min_universe_assets"": 5, ""pca_component_selection_method"": ""explained_variance"", ""pca_explained_variance"": 0.9, ""rebalance_frequency"": 24, ""regression_type"": ""OLS"", ""ridge_alpha"": 1.0, ""stage"": ""core"", ""stop_loss_z"": null, ""target"": ""BTC"", ""train_window"": 720, ""transaction_cost_bps"": 10, ""universe_selection_method"": ""priority_with_coverage_fallback"", ""universe_size"": 30, ""zscore_lookback"": 720}",core,crypto,BTC,priority_with_coverage_fallback,30,30,"ETH,SOL,XRP,BNB,TRX,ADA,AVAX,DOT,NEAR,ATOM,ALGO,DOGE,BCH,LTC,XLM,ETC,LINK,UNI,AAVE,INJ,FIL,VET,FET,GRT,THETA,XTZ,SAND,CHZ,DASH,HBAR","TON,SUI,ICP,MKR,RENDER,RNDR,ARB,OP,MATIC,POL,APT,SEI,EOS,MANA","CHZ,DASH,HBAR",720,24,0.9,explained_variance,,720,3.0,0.25,10.0,8760.0,0.6,5,480,2161,0,1.0,,,0,0,OLS,,20.95196026369763,0.6851233090061888,0.23635859361666492,2.898660457073742,-0.18290927391402745,0.00235285042042737,122,95.91803278688525,0.5005981883438728
"{""entry_z"": 3.0, ""exit_z"": 0.25, ""fixed_n_components"": null, ""max_holding_period"": null, ""min_asset_coverage"": 0.6, ""min_train_observations"": 480, ""min_universe_assets"": 5, ""pca_component_selection_method"": ""explained_variance"", ""pca_explained_variance"": 0.7, ""rebalance_frequency"": 24, ""regression_type"": ""OLS"", ""ridge_alpha"": 1.0, ""stage"": ""core"", ""stop_loss_z"": null, ""target"": ""BTC"", ""train_window"": 720, ""transaction_cost_bps"": 10, ""universe_selection_method"": ""priority_with_coverage_fallback"", ""universe_size"": 30, ""zscore_lookback"": 1440}",core,crypto,BTC,priority_with_coverage_fallback,30,30,"ETH,SOL,XRP,BNB,TRX,ADA,AVAX,DOT,NEAR,ATOM,ALGO,DOGE,BCH,LTC,XLM,ETC,LINK,UNI,AAVE,INJ,FIL,VET,FET,GRT,THETA,XTZ,SAND,CHZ,DASH,HBAR","TON,SUI,ICP,MKR,RENDER,RNDR,ARB,OP,MATIC,POL,APT,SEI,EOS,MANA","CHZ,DASH,HBAR",720,24,0.7,explained_variance,,1440,3.0,0.25,10.0,8760.0,0.6,5,480,2161,0,1.0,,,0,0,OLS,,6.942607426025994,0.4191944450971128,0.231853496317255,1.8080143355850506,-0.13609316470887933,0.0012342821877651777,64,184.8125,0.496956374704092
"{""entry_z"": 3.0, ""exit_z"": 0.25, ""fixed_n_components"": null, ""max_holding_period"": null, ""min_asset_coverage"": 0.6, ""min_train_observations"": 480, ""min_universe_assets"": 5, ""pca_component_selection_method"": ""explained_variance"", ""pca_explained_variance"": 0.8, ""rebalance_frequency"": 24, ""regression_type"": ""OLS"", ""ridge_alpha"": 1.0, ""stage"": ""core"", ""stop_loss_z"": null, ""target"": ""BTC"", ""train_window"": 720, ""transaction_cost_bps"": 10, ""universe_selection_method"": ""priority_with_coverage_fallback"", ""universe_size"": 30, ""zscore_lookback"": 1440}",core,crypto,BTC,priority_with_coverage_fallback,30,30,"ETH,SOL,XRP,BNB,TRX,ADA,AVAX,DOT,NEAR,ATOM,ALGO,DOGE,BCH,LTC,XLM,ETC,LINK,UNI,AAVE,INJ,FIL,VET,FET,GRT,THETA,XTZ,SAND,CHZ,DASH,HBAR","TON,SUI,ICP,MKR,RENDER,RNDR,ARB,OP,MATIC,POL,APT,SEI,EOS,MANA","CHZ,DASH,HBAR",720,24,0.8,explained_variance,,1440,3.0,0.25,10.0,8760.0,0.6,5,480,2161,0,1.0,,,0,0,OLS,,12.722440144666745,0.5565402385149281,0.23920801870753822,2.3265952434285584,-0.1155040559569297,0.0015042814163388105,78,122.7948717948718,0.503236583837962
"{""entry_z"": 3.0, ""exit_z"": 0.25, ""fixed_n_components"": null, ""max_holding_period"": null, ""min_asset_coverage"": 0.6, ""min_train_observations"": 480, ""min_universe_assets"": 5, ""pca_component_selection_method"": ""explained_variance"", ""pca_explained_variance"": 0.9, ""rebalance_frequency"": 24, ""regression_type"": ""OLS"", ""ridge_alpha"": 1.0, ""stage"": ""core"", ""stop_loss_z"": null, ""target"": ""BTC"", ""train_window"": 720, ""transaction_cost_bps"": 10, ""universe_selection_method"": ""priority_with_coverage_fallback"", ""universe_size"": 30, ""zscore_lookback"": 1440}",core,crypto,BTC,priority_with_coverage_fallback,30,30,"ETH,SOL,XRP,BNB,TRX,ADA,AVAX,DOT,NEAR,ATOM,ALGO,DOGE,BCH,LTC,XLM,ETC,LINK,UNI,AAVE,INJ,FIL,VET,FET,GRT,THETA,XTZ,SAND,CHZ,DASH,HBAR","TON,SUI,ICP,MKR,RENDER,RNDR,ARB,OP,MATIC,POL,APT,SEI,EOS,MANA","CHZ,DASH,HBAR",720,24,0.9,explained_variance,,1440,3.0,0.25,10.0,8760.0,0.6,5,480,2161,0,1.0,,,0,0,OLS,,25.50864793517719,0.7396844318847529,0.21992307509832404,3.3633779973022473,-0.09462783679956788,0.0018514232816477668,95,104.2127659574468,0.5081665986116782
"{""entry_z"": 3.0, ""exit_z"": 0.25, ""fixed_n_components"": null, ""max_holding_period"": null, ""min_asset_coverage"": 0.6, ""min_train_observations"": 480, ""min_universe_assets"": 5, ""pca_component_selection_method"": ""explained_variance"", ""pca_explained_variance"": 0.7, ""rebalance_frequency"": 24, ""regression_type"": ""OLS"", ""ridge_alpha"": 1.0, ""stage"": ""core"", ""stop_loss_z"": null, ""target"": ""BTC"", ""train_window"": 1440, ""transaction_cost_bps"": 10, ""universe_selection_method"": ""priority_with_coverage_fallback"", ""universe_size"": 30, ""zscore_lookback"": 336}",core,crypto,BTC,priority_with_coverage_fallback,30,30,"ETH,SOL,XRP,BNB,TRX,ADA,AVAX,DOT,NEAR,ATOM,ALGO,DOGE,BCH,LTC,XLM,ETC,LINK,UNI,AAVE,INJ,FIL,VET,FET,GRT,THETA,XTZ,SAND,CHZ,DASH,HBAR","TON,SUI,ICP,MKR,RENDER,RNDR,ARB,OP,MATIC,POL,APT,SEI,EOS,MANA","CHZ,DASH,HBAR",1440,24,0.7,explained_variance,,336,3.0,0.25,10.0,8760.0,0.6,5,480,2131,0,1.0,,,0,0,OLS,,0.7818256926143081,0.10402409433636173,0.26920778178003735,0.38640819982446534,-0.3553812339853719,0.003207384807948056,162,186.8,0.49899625267665954
"{""entry_z"": 3.0, ""exit_z"": 0.25, ""fixed_n_components"": null, ""max_holding_period"": null, ""min_asset_coverage"": 0.6, ""min_train_observations"": 480, ""min_universe_assets"": 5, ""pca_component_selection_method"": ""explained_variance"", ""pca_explained_variance"": 0.8, ""rebalance_frequency"": 24, ""regression_type"": ""OLS"", ""ridge_alpha"": 1.0, ""stage"": ""core"", ""stop_loss_z"": null, ""target"": ""BTC"", ""train_window"": 1440, ""transaction_cost_bps"": 10, ""universe_selection_method"": ""priority_with_coverage_fallback"", ""universe_size"": 30, ""zscore_lookback"": 336}",core,crypto,BTC,priority_with_coverage_fallback,30,30,"ETH,SOL,XRP,BNB,TRX,ADA,AVAX,DOT,NEAR,ATOM,ALGO,DOGE,BCH,LTC,XLM,ETC,LINK,UNI,AAVE,INJ,FIL,VET,FET,GRT,THETA,XTZ,SAND,CHZ,DASH,HBAR","TON,SUI,ICP,MKR,RENDER,RNDR,ARB,OP,MATIC,POL,APT,SEI,EOS,MANA","CHZ,DASH,HBAR",1440,24,0.8,explained_variance,,336,3.0,0.25,10.0,8760.0,0.6,5,480,2131,0,1.0,,,0,0,OLS,,3.4138366018287627,0.28964669509926844,0.24184113936905868,1.1976733811911822,-0.28337574831136936,0.0034420715012125477,176,156.45454545454547,0.5014526438117374
"{""entry_z"": 3.0, ""exit_z"": 0.25, ""fixed_n_components"": null, ""max_holding_period"": null, ""min_asset_coverage"": 0.6, ""min_train_observations"": 480, ""min_universe_assets"": 5, ""pca_component_selection_method"": ""explained_variance"", ""pca_explained_variance"": 0.9, ""rebalance_frequency"": 24, ""regression_type"": ""OLS"", ""ridge_alpha"": 1.0, ""stage"": ""core"", ""stop_loss_z"": null, ""target"": ""BTC"", ""train_window"": 1440, ""transaction_cost_bps"": 10, ""universe_selection_method"": ""priority_with_coverage_fallback"", ""universe_size"": 30, ""zscore_lookback"": 336}",core,crypto,BTC,priority_with_coverage_fallback,30,30,"ETH,SOL,XRP,BNB,TRX,ADA,AVAX,DOT,NEAR,ATOM,ALGO,DOGE,BCH,LTC,XLM,ETC,LINK,UNI,AAVE,INJ,FIL,VET,FET,GRT,THETA,XTZ,SAND,CHZ,DASH,HBAR","TON,SUI,ICP,MKR,RENDER,RNDR,ARB,OP,MATIC,POL,APT,SEI,EOS,MANA","CHZ,DASH,HBAR",1440,24,0.9,explained_variance,,336,3.0,0.25,10.0,8760.0,0.6,5,480,2131,0,1.0,,,0,0,OLS,,6.83131104716812,0.4227640125664893,0.24730920355913727,1.7094552345092844,-0.23410124562580614,0.0035203003989673787,176,136.52325581395348,0.5069414870964994
"{""entry_z"": 3.0, ""exit_z"": 0.25, ""fixed_n_components"": null, ""max_holding_period"": null, ""min_asset_coverage"": 0.6, ""min_train_observations"": 480, ""min_universe_assets"": 5, ""pca_component_selection_method"": ""explained_variance"", ""pca_explained_variance"": 0.7, ""rebalance_frequency"": 24, ""regression_type"": ""OLS"", ""ridge_alpha"": 1.0, ""stage"": ""core"", ""stop_loss_z"": null, ""target"": ""BTC"", ""train_window"": 1440, ""transaction_cost_bps"": 10, ""universe_selection_method"": ""priority_with_coverage_fallback"", ""universe_size"": 30, ""zscore_lookback"": 720}",core,crypto,BTC,priority_with_coverage_fallback,30,30,"ETH,SOL,XRP,BNB,TRX,ADA,AVAX,DOT,NEAR,ATOM,ALGO,DOGE,BCH,LTC,XLM,ETC,LINK,UNI,AAVE,INJ,FIL,VET,FET,GRT,THETA,XTZ,SAND,CHZ,DASH,HBAR","TON,SUI,ICP,MKR,RENDER,RNDR,ARB,OP,MATIC,POL,APT,SEI,EOS,MANA","CHZ,DASH,HBAR",1440,24,0.7,explained_variance,,720,3.0,0.25,10.0,8760.0,0.6,5,480,2131,0,1.0,,,0,0,OLS,,5.671422803371772,0.3842233388879184,0.24551912607857343,1.5649425974453635,-0.1899241306017888,0.0016428068528514432,83,237.17073170731706,0.5071986836692719
"{""entry_z"": 3.0, ""exit_z"": 0.25, ""fixed_n_components"": null, ""max_holding_period"": null, ""min_asset_coverage"": 0.6, ""min_train_observations"": 480, ""min_universe_assets"": 5, ""pca_component_selection_method"": ""explained_variance"", ""pca_explained_variance"": 0.8, ""rebalance_frequency"": 24, ""regression_type"": ""OLS"", ""ridge_alpha"": 1.0, ""stage"": ""core"", ""stop_loss_z"": null, ""target"": ""BTC"", ""train_window"": 1440, ""transaction_cost_bps"": 10, ""universe_selection_method"": ""priority_with_coverage_fallback"", ""universe_size"": 30, ""zscore_lookback"": 720}",core,crypto,BTC,priority_with_coverage_fallback,30,30,"ETH,SOL,XRP,BNB,TRX,ADA,AVAX,DOT,NEAR,ATOM,ALGO,DOGE,BCH,LTC,XLM,ETC,LINK,UNI,AAVE,INJ,FIL,VET,FET,GRT,THETA,XTZ,SAND,CHZ,DASH,HBAR","TON,SUI,ICP,MKR,RENDER,RNDR,ARB,OP,MATIC,POL,APT,SEI,EOS,MANA","CHZ,DASH,HBAR",1440,24,0.8,explained_variance,,720,3.0,0.25,10.0,8760.0,0.6,5,480,2131,0,1.0,,,0,0,OLS,,7.673887349478067,0.44789140811379236,0.2495634163858082,1.7946997785179477,-0.22654562545677603,0.001994836892748181,102,197.09803921568627,0.5044767210505372
"{""entry_z"": 3.0, ""exit_z"": 0.25, ""fixed_n_components"": null, ""max_holding_period"": null, ""min_asset_coverage"": 0.6, ""min_train_observations"": 480, ""min_universe_assets"": 5, ""pca_component_selection_method"": ""explained_variance"", ""pca_explained_variance"": 0.9, ""rebalance_frequency"": 24, ""regression_type"": ""OLS"", ""ridge_alpha"": 1.0, ""stage"": ""core"", ""stop_loss_z"": null, ""target"": ""BTC"", ""train_window"": 1440, ""transaction_cost_bps"": 10, ""universe_selection_method"": ""priority_with_coverage_fallback"", ""universe_size"": 30, ""zscore_lookback"": 720}",core,crypto,BTC,priority_with_coverage_fallback,30,30,"ETH,SOL,XRP,BNB,TRX,ADA,AVAX,DOT,NEAR,ATOM,ALGO,DOGE,BCH,LTC,XLM,ETC,LINK,UNI,AAVE,INJ,FIL,VET,FET,GRT,THETA,XTZ,SAND,CHZ,DASH,HBAR","TON,SUI,ICP,MKR,RENDER,RNDR,ARB,OP,MATIC,POL,APT,SEI,EOS,MANA","CHZ,DASH,HBAR",1440,24,0.9,explained_variance,,720,3.0,0.25,10.0,8760.0,0.6,5,480,2131,0,1.0,,,0,0,OLS,,8.662965396426191,0.474926520943209,0.21696289203009897,2.188975803647211,-0.1899241306017888,0.0017992646483611047,92,152.6086956521739,0.5118233618233619
"{""entry_z"": 3.0, ""exit_z"": 0.25, ""fixed_n_components"": null, ""max_holding_period"": null, ""min_asset_coverage"": 0.6, ""min_train_observations"": 480, ""min_universe_assets"": 5, ""pca_component_selection_method"": ""explained_variance"", ""pca_explained_variance"": 0.7, ""rebalance_frequency"": 24, ""regression_type"": ""OLS"", ""ridge_alpha"": 1.0, ""stage"": ""core"", ""stop_loss_z"": null, ""target"": ""BTC"", ""train_window"": 1440, ""transaction_cost_bps"": 10, ""universe_selection_method"": ""priority_with_coverage_fallback"", ""universe_size"": 30, ""zscore_lookback"": 1440}",core,crypto,BTC,priority_with_coverage_fallback,30,30,"ETH,SOL,XRP,BNB,TRX,ADA,AVAX,DOT,NEAR,ATOM,ALGO,DOGE,BCH,LTC,XLM,ETC,LINK,UNI,AAVE,INJ,FIL,VET,FET,GRT,THETA,XTZ,SAND,CHZ,DASH,HBAR","TON,SUI,ICP,MKR,RENDER,RNDR,ARB,OP,MATIC,POL,APT,SEI,EOS,MANA","CHZ,DASH,HBAR",1440,24,0.7,explained_variance,,1440,3.0,0.25,10.0,8760.0,0.6,5,480,2131,0,1.0,,,0,0,OLS,,5.501990851257746,0.3781362202708114,0.22957417302433641,1.6471200365849794,-0.16842599644505185,0.0009778612219353828,50,290.76,0.5029577658550007
"{""entry_z"": 3.0, ""exit_z"": 0.25, ""fixed_n_components"": null, ""max_holding_period"": null, ""min_asset_coverage"": 0.6, ""min_train_observations"": 480, ""min_universe_assets"": 5, ""pca_component_selection_method"": ""explained_variance"", ""pca_explained_variance"": 0.8, ""rebalance_frequency"": 24, ""regression_type"": ""OLS"", ""ridge_alpha"": 1.0, ""stage"": ""core"", ""stop_loss_z"": null, ""target"": ""BTC"", ""train_window"": 1440, ""transaction_cost_bps"": 10, ""universe_selection_method"": ""priority_with_coverage_fallback"", ""universe_size"": 30, ""zscore_lookback"": 1440}",core,crypto,BTC,priority_with_coverage_fallback,30,30,"ETH,SOL,XRP,BNB,TRX,ADA,AVAX,DOT,NEAR,ATOM,ALGO,DOGE,BCH,LTC,XLM,ETC,LINK,UNI,AAVE,INJ,FIL,VET,FET,GRT,THETA,XTZ,SAND,CHZ,DASH,HBAR","TON,SUI,ICP,MKR,RENDER,RNDR,ARB,OP,MATIC,POL,APT,SEI,EOS,MANA","CHZ,DASH,HBAR",1440,24,0.8,explained_variance,,1440,3.0,0.25,10.0,8760.0,0.6,5,480,2131,0,1.0,,,0,0,OLS,,10.530062445173382,0.5202477365879892,0.2352178843507996,2.211769475028954,-0.18421254437106205,0.0012516623640772902,64,200.40625,0.5056915640106034
"{""entry_z"": 3.0, ""exit_z"": 0.25, ""fixed_n_components"": null, ""max_holding_period"": null, ""min_asset_coverage"": 0.6, ""min_train_observations"": 480, ""min_universe_assets"": 5, ""pca_component_selection_method"": ""explained_variance"", ""pca_explained_variance"": 0.9, ""rebalance_frequency"": 24, ""regression_type"": ""OLS"", ""ridge_alpha"": 1.0, ""stage"": ""core"", ""stop_loss_z"": null, ""target"": ""BTC"", ""train_window"": 1440, ""transaction_cost_bps"": 10, ""universe_selection_method"": ""priority_with_coverage_fallback"", ""universe_size"": 30, ""zscore_lookback"": 1440}",core,crypto,BTC,priority_with_coverage_fallback,30,30,"ETH,SOL,XRP,BNB,TRX,ADA,AVAX,DOT,NEAR,ATOM,ALGO,DOGE,BCH,LTC,XLM,ETC,LINK,UNI,AAVE,INJ,FIL,VET,FET,GRT,THETA,XTZ,SAND,CHZ,DASH,HBAR","TON,SUI,ICP,MKR,RENDER,RNDR,ARB,OP,MATIC,POL,APT,SEI,EOS,MANA","CHZ,DASH,HBAR",1440,24,0.9,explained_variance,,1440,3.0,0.25,10.0,8760.0,0.6,5,480,2131,0,1.0,,,0,0,OLS,,16.455419861915487,0.6321839244927918,0.21856634157298485,2.8924120701434237,-0.1554470030057058,0.0014472346084643667,74,153.35135135135135,0.5158618258724004
"{""entry_z"": 3.0, ""exit_z"": 0.25, ""fixed_n_components"": null, ""max_holding_period"": null, ""min_asset_coverage"": 0.6, ""min_train_observations"": 480, ""min_universe_assets"": 5, ""pca_component_selection_method"": ""explained_variance"", ""pca_explained_variance"": 0.7, ""rebalance_frequency"": 24, ""regression_type"": ""OLS"", ""ridge_alpha"": 1.0, ""stage"": ""core"", ""stop_loss_z"": null, ""target"": ""BTC"", ""train_window"": 2880, ""transaction_cost_bps"": 10, ""universe_selection_method"": ""priority_with_coverage_fallback"", ""universe_size"": 30, ""zscore_lookback"": 336}",core,crypto,BTC,priority_with_coverage_fallback,30,30,"ETH,SOL,XRP,BNB,TRX,ADA,AVAX,DOT,NEAR,ATOM,ALGO,DOGE,BCH,LTC,XLM,ETC,LINK,UNI,AAVE,INJ,FIL,VET,FET,GRT,THETA,XTZ,SAND,CHZ,DASH,HBAR","TON,SUI,ICP,MKR,RENDER,RNDR,ARB,OP,MATIC,POL,APT,SEI,EOS,MANA","CHZ,DASH,HBAR",2880,24,0.7,explained_variance,,336,3.0,0.25,10.0,8760.0,0.6,5,480,2071,0,1.0,,,0,0,OLS,,-0.5120360702830724,-0.11881490582126786,0.300870600995096,-0.3949036742981893,-0.5929625628660646,0.0033003300330033004,164,198.4878048780488,0.49416318505775375
"{""entry_z"": 3.0, ""exit_z"": 0.25, ""fixed_n_components"": null, ""max_holding_period"": null, ""min_asset_coverage"": 0.6, ""min_train_observations"": 480, ""min_universe_assets"": 5, ""pca_component_selection_method"": ""explained_variance"", ""pca_explained_variance"": 0.8, ""rebalance_frequency"": 24, ""regression_type"": ""OLS"", ""ridge_alpha"": 1.0, ""stage"": ""core"", ""stop_loss_z"": null, ""target"": ""BTC"", ""train_window"": 2880, ""transaction_cost_bps"": 10, ""universe_selection_method"": ""priority_with_coverage_fallback"", ""universe_size"": 30, ""zscore_lookback"": 336}",core,crypto,BTC,priority_with_coverage_fallback,30,30,"ETH,SOL,XRP,BNB,TRX,ADA,AVAX,DOT,NEAR,ATOM,ALGO,DOGE,BCH,LTC,XLM,ETC,LINK,UNI,AAVE,INJ,FIL,VET,FET,GRT,THETA,XTZ,SAND,CHZ,DASH,HBAR","TON,SUI,ICP,MKR,RENDER,RNDR,ARB,OP,MATIC,POL,APT,SEI,EOS,MANA","CHZ,DASH,HBAR",2880,24,0.8,explained_variance,,336,3.0,0.25,10.0,8760.0,0.6,5,480,2071,0,1.0,,,0,0,OLS,,0.611561213709805,0.0877640316711541,0.3057808918298021,0.2870160759423896,-0.40778206350037116,0.003421073814698543,170,164.2235294117647,0.5009671179883946
"{""entry_z"": 3.0, ""exit_z"": 0.25, ""fixed_n_components"": null, ""max_holding_period"": null, ""min_asset_coverage"": 0.6, ""min_train_observations"": 480, ""min_universe_assets"": 5, ""pca_component_selection_method"": ""explained_variance"", ""pca_explained_variance"": 0.9, ""rebalance_frequency"": 24, ""regression_type"": ""OLS"", ""ridge_alpha"": 1.0, ""stage"": ""core"", ""stop_loss_z"": null, ""target"": ""BTC"", ""train_window"": 2880, ""transaction_cost_bps"": 10, ""universe_selection_method"": ""priority_with_coverage_fallback"", ""universe_size"": 30, ""zscore_lookback"": 336}",core,crypto,BTC,priority_with_coverage_fallback,30,30,"ETH,SOL,XRP,BNB,TRX,ADA,AVAX,DOT,NEAR,ATOM,ALGO,DOGE,BCH,LTC,XLM,ETC,LINK,UNI,AAVE,INJ,FIL,VET,FET,GRT,THETA,XTZ,SAND,CHZ,DASH,HBAR","TON,SUI,ICP,MKR,RENDER,RNDR,ARB,OP,MATIC,POL,APT,SEI,EOS,MANA","CHZ,DASH,HBAR",2880,24,0.9,explained_variance,,336,3.0,0.25,10.0,8760.0,0.6,5,480,2071,0,1.0,,,0,0,OLS,,2.1180134037960707,0.2219789769265359,0.2550835554795808,0.8702206479331637,-0.24939592600401628,0.0033808258874667954,166,162.609756097561,0.500449977501125
"{""entry_z"": 3.0, ""exit_z"": 0.25, ""fixed_n_components"": null, ""max_holding_period"": null, ""min_asset_coverage"": 0.6, ""min_train_observations"": 480, ""min_universe_assets"": 5, ""pca_component_selection_method"": ""explained_variance"", ""pca_explained_variance"": 0.7, ""rebalance_frequency"": 24, ""regression_type"": ""OLS"", ""ridge_alpha"": 1.0, ""stage"": ""core"", ""stop_loss_z"": null, ""target"": ""BTC"", ""train_window"": 2880, ""transaction_cost_bps"": 10, ""universe_selection_method"": ""priority_with_coverage_fallback"", ""universe_size"": 30, ""zscore_lookback"": 720}",core,crypto,BTC,priority_with_coverage_fallback,30,30,"ETH,SOL,XRP,BNB,TRX,ADA,AVAX,DOT,NEAR,ATOM,ALGO,DOGE,BCH,LTC,XLM,ETC,LINK,UNI,AAVE,INJ,FIL,VET,FET,GRT,THETA,XTZ,SAND,CHZ,DASH,HBAR","TON,SUI,ICP,MKR,RENDER,RNDR,ARB,OP,MATIC,POL,APT,SEI,EOS,MANA","CHZ,DASH,HBAR",2880,24,0.7,explained_variance,,720,3.0,0.25,10.0,8760.0,0.6,5,480,2071,0,1.0,,,0,0,OLS,,0.797651466024728,0.10892198204381454,0.3140407217788958,0.34684031238631013,-0.3690529462038211,0.0017306608709651452,86,394.4418604651163,0.5012086551500501
"{""entry_z"": 3.0, ""exit_z"": 0.25, ""fixed_n_components"": null, ""max_holding_period"": null, ""min_asset_coverage"": 0.6, ""min_train_observations"": 480, ""min_universe_assets"": 5, ""pca_component_selection_method"": ""explained_variance"", ""pca_explained_variance"": 0.8, ""rebalance_frequency"": 24, ""regression_type"": ""OLS"", ""ridge_alpha"": 1.0, ""stage"": ""core"", ""stop_loss_z"": null, ""target"": ""BTC"", ""train_window"": 2880, ""transaction_cost_bps"": 10, ""universe_selection_method"": ""priority_with_coverage_fallback"", ""universe_size"": 30, ""zscore_lookback"": 720}",core,crypto,BTC,priority_with_coverage_fallback,30,30,"ETH,SOL,XRP,BNB,TRX,ADA,AVAX,DOT,NEAR,ATOM,ALGO,DOGE,BCH,LTC,XLM,ETC,LINK,UNI,AAVE,INJ,FIL,VET,FET,GRT,THETA,XTZ,SAND,CHZ,DASH,HBAR","TON,SUI,ICP,MKR,RENDER,RNDR,ARB,OP,MATIC,POL,APT,SEI,EOS,MANA","CHZ,DASH,HBAR",2880,24,0.8,explained_variance,,720,3.0,0.25,10.0,8760.0,0.6,5,480,2071,0,1.0,,,0,0,OLS,,3.6208263645162786,0.30972680462572333,0.3312998723136509,0.934883561719264,-0.3631245149008602,0.0017709087981968928,87,333.30232558139534,0.49867429528328217
"{""entry_z"": 3.0, ""exit_z"": 0.25, ""fixed_n_components"": null, ""max_holding_period"": null, ""min_asset_coverage"": 0.6, ""min_train_observations"": 480, ""min_universe_assets"": 5, ""pca_component_selection_method"": ""explained_variance"", ""pca_explained_variance"": 0.9, ""rebalance_frequency"": 24, ""regression_type"": ""OLS"", ""ridge_alpha"": 1.0, ""stage"": ""core"", ""stop_loss_z"": null, ""target"": ""BTC"", ""train_window"": 2880, ""transaction_cost_bps"": 10, ""universe_selection_method"": ""priority_with_coverage_fallback"", ""universe_size"": 30, ""zscore_lookback"": 720}",core,crypto,BTC,priority_with_coverage_fallback,30,30,"ETH,SOL,XRP,BNB,TRX,ADA,AVAX,DOT,NEAR,ATOM,ALGO,DOGE,BCH,LTC,XLM,ETC,LINK,UNI,AAVE,INJ,FIL,VET,FET,GRT,THETA,XTZ,SAND,CHZ,DASH,HBAR","TON,SUI,ICP,MKR,RENDER,RNDR,ARB,OP,MATIC,POL,APT,SEI,EOS,MANA","CHZ,DASH,HBAR",2880,24,0.9,explained_variance,,720,3.0,0.25,10.0,8760.0,0.6,5,480,2071,0,1.0,,,0,0,OLS,,4.642921473823676,0.35668672706221183,0.24896952890065496,1.4326521347298637,-0.24939592600401583,0.0015294212348064074,76,238.78947368421052,0.502865329512894
"{""entry_z"": 3.0, ""exit_z"": 0.25, ""fixed_n_components"": null, ""max_holding_period"": null, ""min_asset_coverage"": 0.6, ""min_train_observations"": 480, ""min_universe_assets"": 5, ""pca_component_selection_method"": ""explained_variance"", ""pca_explained_variance"": 0.7, ""rebalance_frequency"": 24, ""regression_type"": ""OLS"", ""ridge_alpha"": 1.0, ""stage"": ""core"", ""stop_loss_z"": null, ""target"": ""BTC"", ""train_window"": 2880, ""transaction_cost_bps"": 10, ""universe_selection_method"": ""priority_with_coverage_fallback"", ""universe_size"": 30, ""zscore_lookback"": 1440}",core,crypto,BTC,priority_with_coverage_fallback,30,30,"ETH,SOL,XRP,BNB,TRX,ADA,AVAX,DOT,NEAR,ATOM,ALGO,DOGE,BCH,LTC,XLM,ETC,LINK,UNI,AAVE,INJ,FIL,VET,FET,GRT,THETA,XTZ,SAND,CHZ,DASH,HBAR","TON,SUI,ICP,MKR,RENDER,RNDR,ARB,OP,MATIC,POL,APT,SEI,EOS,MANA","CHZ,DASH,HBAR",2880,24,0.7,explained_variance,,1440,3.0,0.25,10.0,8760.0,0.6,5,480,2071,0,1.0,,,0,0,OLS,,2.3930243618157987,0.24032361994972118,0.2891799191329706,0.831052241352954,-0.26226506417229745,0.0008452064718666989,42,488.0952380952381,0.4972682926829268
"{""entry_z"": 3.0, ""exit_z"": 0.25, ""fixed_n_components"": null, ""max_holding_period"": null, ""min_asset_coverage"": 0.6, ""min_train_observations"": 480, ""min_universe_assets"": 5, ""pca_component_selection_method"": ""explained_variance"", ""pca_explained_variance"": 0.8, ""rebalance_frequency"": 24, ""regression_type"": ""OLS"", ""ridge_alpha"": 1.0, ""stage"": ""core"", ""stop_loss_z"": null, ""target"": ""BTC"", ""train_window"": 2880, ""transaction_cost_bps"": 10, ""universe_selection_method"": ""priority_with_coverage_fallback"", ""universe_size"": 30, ""zscore_lookback"": 1440}",core,crypto,BTC,priority_with_coverage_fallback,30,30,"ETH,SOL,XRP,BNB,TRX,ADA,AVAX,DOT,NEAR,ATOM,ALGO,DOGE,BCH,LTC,XLM,ETC,LINK,UNI,AAVE,INJ,FIL,VET,FET,GRT,THETA,XTZ,SAND,CHZ,DASH,HBAR","TON,SUI,ICP,MKR,RENDER,RNDR,ARB,OP,MATIC,POL,APT,SEI,EOS,MANA","CHZ,DASH,HBAR",2880,24,0.8,explained_variance,,1440,3.0,0.25,10.0,8760.0,0.6,5,480,2071,0,1.0,,,0,0,OLS,,3.902039204401592,0.3234383239458354,0.2259851470832224,1.4312370884566339,-0.30441241624144344,0.000925702326330194,46,449.4347826086956,0.5035310051272129
"{""entry_z"": 3.0, ""exit_z"": 0.25, ""fixed_n_components"": null, ""max_holding_period"": null, ""min_asset_coverage"": 0.6, ""min_train_observations"": 480, ""min_universe_assets"": 5, ""pca_component_selection_method"": ""explained_variance"", ""pca_explained_variance"": 0.9, ""rebalance_frequency"": 24, ""regression_type"": ""OLS"", ""ridge_alpha"": 1.0, ""stage"": ""core"", ""stop_loss_z"": null, ""target"": ""BTC"", ""train_window"": 2880, ""transaction_cost_bps"": 10, ""universe_selection_method"": ""priority_with_coverage_fallback"", ""universe_size"": 30, ""zscore_lookback"": 1440}",core,crypto,BTC,priority_with_coverage_fallback,30,30,"ETH,SOL,XRP,BNB,TRX,ADA,AVAX,DOT,NEAR,ATOM,ALGO,DOGE,BCH,LTC,XLM,ETC,LINK,UNI,AAVE,INJ,FIL,VET,FET,GRT,THETA,XTZ,SAND,CHZ,DASH,HBAR","TON,SUI,ICP,MKR,RENDER,RNDR,ARB,OP,MATIC,POL,APT,SEI,EOS,MANA","CHZ,DASH,HBAR",2880,24,0.9,explained_variance,,1440,3.0,0.25,10.0,8760.0,0.6,5,480,2071,0,1.0,,,0,0,OLS,,2.976500767421363,0.27550920909814414,0.22938415765450865,1.2010821144549468,-0.24159225202582912,0.0009659502535619416,48,299.9166666666667,0.49874965268130034
"{""entry_z"": 3.0, ""exit_z"": 0.5, ""fixed_n_components"": null, ""max_holding_period"": null, ""min_asset_coverage"": 0.6, ""min_train_observations"": 480, ""min_universe_assets"": 5, ""pca_component_selection_method"": ""explained_variance"", ""pca_explained_variance"": 0.7, ""rebalance_frequency"": 24, ""regression_type"": ""OLS"", ""ridge_alpha"": 1.0, ""stage"": ""core"", ""stop_loss_z"": null, ""target"": ""BTC"", ""train_window"": 720, ""transaction_cost_bps"": 10, ""universe_selection_method"": ""priority_with_coverage_fallback"", ""universe_size"": 30, ""zscore_lookback"": 336}",core,crypto,BTC,priority_with_coverage_fallback,30,30,"ETH,SOL,XRP,BNB,TRX,ADA,AVAX,DOT,NEAR,ATOM,ALGO,DOGE,BCH,LTC,XLM,ETC,LINK,UNI,AAVE,INJ,FIL,VET,FET,GRT,THETA,XTZ,SAND,CHZ,DASH,HBAR","TON,SUI,ICP,MKR,RENDER,RNDR,ARB,OP,MATIC,POL,APT,SEI,EOS,MANA","CHZ,DASH,HBAR",720,24,0.7,explained_variance,,336,3.0,0.5,10.0,8760.0,0.6,5,480,2161,0,1.0,,,0,0,OLS,,4.946604446395719,0.3514713764800257,0.25271188201216904,1.3907987771746364,-0.17561330149791055,0.0035099899714572244,181,103.33333333333333,0.5020430107526882
"{""entry_z"": 3.0, ""exit_z"": 0.5, ""fixed_n_components"": null, ""max_holding_period"": null, ""min_asset_coverage"": 0.6, ""min_train_observations"": 480, ""min_universe_assets"": 5, ""pca_component_selection_method"": ""explained_variance"", ""pca_explained_variance"": 0.8, ""rebalance_frequency"": 24, ""regression_type"": ""OLS"", ""ridge_alpha"": 1.0, ""stage"": ""core"", ""stop_loss_z"": null, ""target"": ""BTC"", ""train_window"": 720, ""transaction_cost_bps"": 10, ""universe_selection_method"": ""priority_with_coverage_fallback"", ""universe_size"": 30, ""zscore_lookback"": 336}",core,crypto,BTC,priority_with_coverage_fallback,30,30,"ETH,SOL,XRP,BNB,TRX,ADA,AVAX,DOT,NEAR,ATOM,ALGO,DOGE,BCH,LTC,XLM,ETC,LINK,UNI,AAVE,INJ,FIL,VET,FET,GRT,THETA,XTZ,SAND,CHZ,DASH,HBAR","TON,SUI,ICP,MKR,RENDER,RNDR,ARB,OP,MATIC,POL,APT,SEI,EOS,MANA","CHZ,DASH,HBAR",720,24,0.8,explained_variance,,336,3.0,0.5,10.0,8760.0,0.6,5,480,2161,0,1.0,,,0,0,OLS,,6.274264747810873,0.39827533637633805,0.25132968447870185,1.5846728857453711,-0.19098824182000318,0.003317133379618915,171,98.03529411764706,0.5022200888035522
"{""entry_z"": 3.0, ""exit_z"": 0.5, ""fixed_n_components"": null, ""max_holding_period"": null, ""min_asset_coverage"": 0.6, ""min_train_observations"": 480, ""min_universe_assets"": 5, ""pca_component_selection_method"": ""explained_variance"", ""pca_explained_variance"": 0.9, ""rebalance_frequency"": 24, ""regression_type"": ""OLS"", ""ridge_alpha"": 1.0, ""stage"": ""core"", ""stop_loss_z"": null, ""target"": ""BTC"", ""train_window"": 720, ""transaction_cost_bps"": 10, ""universe_selection_method"": ""priority_with_coverage_fallback"", ""universe_size"": 30, ""zscore_lookback"": 336}",core,crypto,BTC,priority_with_coverage_fallback,30,30,"ETH,SOL,XRP,BNB,TRX,ADA,AVAX,DOT,NEAR,ATOM,ALGO,DOGE,BCH,LTC,XLM,ETC,LINK,UNI,AAVE,INJ,FIL,VET,FET,GRT,THETA,XTZ,SAND,CHZ,DASH,HBAR","TON,SUI,ICP,MKR,RENDER,RNDR,ARB,OP,MATIC,POL,APT,SEI,EOS,MANA","CHZ,DASH,HBAR",720,24,0.9,explained_variance,,336,3.0,0.5,10.0,8760.0,0.6,5,480,2161,0,1.0,,,0,0,OLS,,9.481448883229369,0.4872788458896371,0.22421962017483726,2.173221261857803,-0.18290927391402756,0.003394276016354239,176,74.89772727272727,0.5034137460172963
"{""entry_z"": 3.0, ""exit_z"": 0.5, ""fixed_n_components"": null, ""max_holding_period"": null, ""min_asset_coverage"": 0.6, ""min_train_observations"": 480, ""min_universe_assets"": 5, ""pca_component_selection_method"": ""explained_variance"", ""pca_explained_variance"": 0.7, ""rebalance_frequency"": 24, ""regression_type"": ""OLS"", ""ridge_alpha"": 1.0, ""stage"": ""core"", ""stop_loss_z"": null, ""target"": ""BTC"", ""train_window"": 720, ""transaction_cost_bps"": 10, ""universe_selection_method"": ""priority_with_coverage_fallback"", ""universe_size"": 30, ""zscore_lookback"": 720}",core,crypto,BTC,priority_with_coverage_fallback,30,30,"ETH,SOL,XRP,BNB,TRX,ADA,AVAX,DOT,NEAR,ATOM,ALGO,DOGE,BCH,LTC,XLM,ETC,LINK,UNI,AAVE,INJ,FIL,VET,FET,GRT,THETA,XTZ,SAND,CHZ,DASH,HBAR","TON,SUI,ICP,MKR,RENDER,RNDR,ARB,OP,MATIC,POL,APT,SEI,EOS,MANA","CHZ,DASH,HBAR",720,24,0.7,explained_variance,,720,3.0,0.5,10.0,8760.0,0.6,5,480,2161,0,1.0,,,0,0,OLS,,5.01459767381727,0.3540696692944769,0.22013070531606785,1.6084519821353271,-0.16116761339254748,0.002005708555118414,104,138.51923076923077,0.5042343467999445
"{""entry_z"": 3.0, ""exit_z"": 0.5, ""fixed_n_components"": null, ""max_holding_period"": null, ""min_asset_coverage"": 0.6, ""min_train_observations"": 480, ""min_universe_assets"": 5, ""pca_component_selection_method"": ""explained_variance"", ""pca_explained_variance"": 0.8, ""rebalance_frequency"": 24, ""regression_type"": ""OLS"", ""ridge_alpha"": 1.0, ""stage"": ""core"", ""stop_loss_z"": null, ""target"": ""BTC"", ""train_window"": 720, ""transaction_cost_bps"": 10, ""universe_selection_method"": ""priority_with_coverage_fallback"", ""universe_size"": 30, ""zscore_lookback"": 720}",core,crypto,BTC,priority_with_coverage_fallback,30,30,"ETH,SOL,XRP,BNB,TRX,ADA,AVAX,DOT,NEAR,ATOM,ALGO,DOGE,BCH,LTC,XLM,ETC,LINK,UNI,AAVE,INJ,FIL,VET,FET,GRT,THETA,XTZ,SAND,CHZ,DASH,HBAR","TON,SUI,ICP,MKR,RENDER,RNDR,ARB,OP,MATIC,POL,APT,SEI,EOS,MANA","CHZ,DASH,HBAR",720,24,0.8,explained_variance,,720,3.0,0.5,10.0,8760.0,0.6,5,480,2161,0,1.0,,,0,0,OLS,,10.404403801939736,0.5086356032105142,0.258690207008262,1.9661958181287837,-0.19098824182000318,0.002198565146956723,114,114.59649122807018,0.501837109614207
"{""entry_z"": 3.0, ""exit_z"": 0.5, ""fixed_n_components"": null, ""max_holding_period"": null, ""min_asset_coverage"": 0.6, ""min_train_observations"": 480, ""min_universe_assets"": 5, ""pca_component_selection_method"": ""explained_variance"", ""pca_explained_variance"": 0.9, ""rebalance_frequency"": 24, ""regression_type"": ""OLS"", ""ridge_alpha"": 1.0, ""stage"": ""core"", ""stop_loss_z"": null, ""target"": ""BTC"", ""train_window"": 720, ""transaction_cost_bps"": 10, ""universe_selection_method"": ""priority_with_coverage_fallback"", ""universe_size"": 30, ""zscore_lookback"": 720}",core,crypto,BTC,priority_with_coverage_fallback,30,30,"ETH,SOL,XRP,BNB,TRX,ADA,AVAX,DOT,NEAR,ATOM,ALGO,DOGE,BCH,LTC,XLM,ETC,LINK,UNI,AAVE,INJ,FIL,VET,FET,GRT,THETA,XTZ,SAND,CHZ,DASH,HBAR","TON,SUI,ICP,MKR,RENDER,RNDR,ARB,OP,MATIC,POL,APT,SEI,EOS,MANA","CHZ,DASH,HBAR",720,24,0.9,explained_variance,,720,3.0,0.5,10.0,8760.0,0.6,5,480,2161,0,1.0,,,0,0,OLS,,16.01135219580565,0.6140758563468742,0.23097483207357294,2.6586267033252837,-0.18290927391402745,0.002391421738795032,124,86.30645161290323,0.49785086899644926
"{""entry_z"": 3.0, ""exit_z"": 0.5, ""fixed_n_components"": null, ""max_holding_period"": null, ""min_asset_coverage"": 0.6, ""min_train_observations"": 480, ""min_universe_assets"": 5, ""pca_component_selection_method"": ""explained_variance"", ""pca_explained_variance"": 0.7, ""rebalance_frequency"": 24, ""regression_type"": ""OLS"", ""ridge_alpha"": 1.0, ""stage"": ""core"", ""stop_loss_z"": null, ""target"": ""BTC"", ""train_window"": 720, ""transaction_cost_bps"": 10, ""universe_selection_method"": ""priority_with_coverage_fallback"", ""universe_size"": 30, ""zscore_lookback"": 1440}",core,crypto,BTC,priority_with_coverage_fallback,30,30,"ETH,SOL,XRP,BNB,TRX,ADA,AVAX,DOT,NEAR,ATOM,ALGO,DOGE,BCH,LTC,XLM,ETC,LINK,UNI,AAVE,INJ,FIL,VET,FET,GRT,THETA,XTZ,SAND,CHZ,DASH,HBAR","TON,SUI,ICP,MKR,RENDER,RNDR,ARB,OP,MATIC,POL,APT,SEI,EOS,MANA","CHZ,DASH,HBAR",720,24,0.7,explained_variance,,1440,3.0,0.5,10.0,8760.0,0.6,5,480,2161,0,1.0,,,0,0,OLS,,5.88762626947597,0.3854327950249645,0.22415994373242024,1.7194543708712549,-0.12269710666918665,0.0012342821877651777,64,158.0625,0.49545274812178725
"{""entry_z"": 3.0, ""exit_z"": 0.5, ""fixed_n_components"": null, ""max_holding_period"": null, ""min_asset_coverage"": 0.6, ""min_train_observations"": 480, ""min_universe_assets"": 5, ""pca_component_selection_method"": ""explained_variance"", ""pca_explained_variance"": 0.8, ""rebalance_frequency"": 24, ""regression_type"": ""OLS"", ""ridge_alpha"": 1.0, ""stage"": ""core"", ""stop_loss_z"": null, ""target"": ""BTC"", ""train_window"": 720, ""transaction_cost_bps"": 10, ""universe_selection_method"": ""priority_with_coverage_fallback"", ""universe_size"": 30, ""zscore_lookback"": 1440}",core,crypto,BTC,priority_with_coverage_fallback,30,30,"ETH,SOL,XRP,BNB,TRX,ADA,AVAX,DOT,NEAR,ATOM,ALGO,DOGE,BCH,LTC,XLM,ETC,LINK,UNI,AAVE,INJ,FIL,VET,FET,GRT,THETA,XTZ,SAND,CHZ,DASH,HBAR","TON,SUI,ICP,MKR,RENDER,RNDR,ARB,OP,MATIC,POL,APT,SEI,EOS,MANA","CHZ,DASH,HBAR",720,24,0.8,explained_variance,,1440,3.0,0.5,10.0,8760.0,0.6,5,480,2161,0,1.0,,,0,0,OLS,,11.393137420327614,0.529976071773385,0.2327220595059012,2.2772919460174608,-0.10942491316555092,0.0015428527347064722,80,108.9,0.5016069788797062
"{""entry_z"": 3.0, ""exit_z"": 0.5, ""fixed_n_components"": null, ""max_holding_period"": null, ""min_asset_coverage"": 0.6, ""min_train_observations"": 480, ""min_universe_assets"": 5, ""pca_component_selection_method"": ""explained_variance"", ""pca_explained_variance"": 0.9, ""rebalance_frequency"": 24, ""regression_type"": ""OLS"", ""ridge_alpha"": 1.0, ""stage"": ""core"", ""stop_loss_z"": null, ""target"": ""BTC"", ""train_window"": 720, ""transaction_cost_bps"": 10, ""universe_selection_method"": ""priority_with_coverage_fallback"", ""universe_size"": 30, ""zscore_lookback"": 1440}",core,crypto,BTC,priority_with_coverage_fallback,30,30,"ETH,SOL,XRP,BNB,TRX,ADA,AVAX,DOT,NEAR,ATOM,ALGO,DOGE,BCH,LTC,XLM,ETC,LINK,UNI,AAVE,INJ,FIL,VET,FET,GRT,THETA,XTZ,SAND,CHZ,DASH,HBAR","TON,SUI,ICP,MKR,RENDER,RNDR,ARB,OP,MATIC,POL,APT,SEI,EOS,MANA","CHZ,DASH,HBAR",720,24,0.9,explained_variance,,1440,3.0,0.5,10.0,8760.0,0.6,5,480,2161,0,1.0,,,0,0,OLS,,19.15086148825876,0.660926677731281,0.21075150279964514,3.1360472829444226,-0.09462783679956854,0.0018899946000154285,98,83.6734693877551,0.5087804878048781
"{""entry_z"": 3.0, ""exit_z"": 0.5, ""fixed_n_components"": null, ""max_holding_period"": null, ""min_asset_coverage"": 0.6, ""min_train_observations"": 480, ""min_universe_assets"": 5, ""pca_component_selection_method"": ""explained_variance"", ""pca_explained_variance"": 0.7, ""rebalance_frequency"": 24, ""regression_type"": ""OLS"", ""ridge_alpha"": 1.0, ""stage"": ""core"", ""stop_loss_z"": null, ""target"": ""BTC"", ""train_window"": 1440, ""transaction_cost_bps"": 10, ""universe_selection_method"": ""priority_with_coverage_fallback"", ""universe_size"": 30, ""zscore_lookback"": 336}",core,crypto,BTC,priority_with_coverage_fallback,30,30,"ETH,SOL,XRP,BNB,TRX,ADA,AVAX,DOT,NEAR,ATOM,ALGO,DOGE,BCH,LTC,XLM,ETC,LINK,UNI,AAVE,INJ,FIL,VET,FET,GRT,THETA,XTZ,SAND,CHZ,DASH,HBAR","TON,SUI,ICP,MKR,RENDER,RNDR,ARB,OP,MATIC,POL,APT,SEI,EOS,MANA","CHZ,DASH,HBAR",1440,24,0.7,explained_variance,,336,3.0,0.5,10.0,8760.0,0.6,5,480,2131,0,1.0,,,0,0,OLS,,0.2856475419637914,0.043986561484286923,0.2579347653693837,0.17053366738405568,-0.480884430210331,0.0032856137057028865,168,153.70238095238096,0.49841220664549607
"{""entry_z"": 3.0, ""exit_z"": 0.5, ""fixed_n_components"": null, ""max_holding_period"": null, ""min_asset_coverage"": 0.6, ""min_train_observations"": 480, ""min_universe_assets"": 5, ""pca_component_selection_method"": ""explained_variance"", ""pca_explained_variance"": 0.8, ""rebalance_frequency"": 24, ""regression_type"": ""OLS"", ""ridge_alpha"": 1.0, ""stage"": ""core"", ""stop_loss_z"": null, ""target"": ""BTC"", ""train_window"": 1440, ""transaction_cost_bps"": 10, ""universe_selection_method"": ""priority_with_coverage_fallback"", ""universe_size"": 30, ""zscore_lookback"": 336}",core,crypto,BTC,priority_with_coverage_fallback,30,30,"ETH,SOL,XRP,BNB,TRX,ADA,AVAX,DOT,NEAR,ATOM,ALGO,DOGE,BCH,LTC,XLM,ETC,LINK,UNI,AAVE,INJ,FIL,VET,FET,GRT,THETA,XTZ,SAND,CHZ,DASH,HBAR","TON,SUI,ICP,MKR,RENDER,RNDR,ARB,OP,MATIC,POL,APT,SEI,EOS,MANA","CHZ,DASH,HBAR",1440,24,0.8,explained_variance,,336,3.0,0.5,10.0,8760.0,0.6,5,480,2131,0,1.0,,,0,0,OLS,,3.2391507728493103,0.2807554764984914,0.23194674877687294,1.2104307474840756,-0.29678179639447355,0.0035203003989673787,180,126.28888888888889,0.5050149568889671
"{""entry_z"": 3.0, ""exit_z"": 0.5, ""fixed_n_components"": null, ""max_holding_period"": null, ""min_asset_coverage"": 0.6, ""min_train_observations"": 480, ""min_universe_assets"": 5, ""pca_component_selection_method"": ""explained_variance"", ""pca_explained_variance"": 0.9, ""rebalance_frequency"": 24, ""regression_type"": ""OLS"", ""ridge_alpha"": 1.0, ""stage"": ""core"", ""stop_loss_z"": null, ""target"": ""BTC"", ""train_window"": 1440, ""transaction_cost_bps"": 10, ""universe_selection_method"": ""priority_with_coverage_fallback"", ""universe_size"": 30, ""zscore_lookback"": 336}",core,crypto,BTC,priority_with_coverage_fallback,30,30,"ETH,SOL,XRP,BNB,TRX,ADA,AVAX,DOT,NEAR,ATOM,ALGO,DOGE,BCH,LTC,XLM,ETC,LINK,UNI,AAVE,INJ,FIL,VET,FET,GRT,THETA,XTZ,SAND,CHZ,DASH,HBAR","TON,SUI,ICP,MKR,RENDER,RNDR,ARB,OP,MATIC,POL,APT,SEI,EOS,MANA","CHZ,DASH,HBAR",1440,24,0.9,explained_variance,,336,3.0,0.5,10.0,8760.0,0.6,5,480,2131,0,1.0,,,0,0,OLS,,4.403039091582713,0.3351083227153602,0.23516385217727884,1.4249992913993343,-0.23905430656849413,0.0035985292967222094,183,112.7032967032967,0.5070202808112324
"{""entry_z"": 3.0, ""exit_z"": 0.5, ""fixed_n_components"": null, ""max_holding_period"": null, ""min_asset_coverage"": 0.6, ""min_train_observations"": 480, ""min_universe_assets"": 5, ""pca_component_selection_method"": ""explained_variance"", ""pca_explained_variance"": 0.7, ""rebalance_frequency"": 24, ""regression_type"": ""OLS"", ""ridge_alpha"": 1.0, ""stage"": ""core"", ""stop_loss_z"": null, ""target"": ""BTC"", ""train_window"": 1440, ""transaction_cost_bps"": 10, ""universe_selection_method"": ""priority_with_coverage_fallback"", ""universe_size"": 30, ""zscore_lookback"": 720}",core,crypto,BTC,priority_with_coverage_fallback,30,30,"ETH,SOL,XRP,BNB,TRX,ADA,AVAX,DOT,NEAR,ATOM,ALGO,DOGE,BCH,LTC,XLM,ETC,LINK,UNI,AAVE,INJ,FIL,VET,FET,GRT,THETA,XTZ,SAND,CHZ,DASH,HBAR","TON,SUI,ICP,MKR,RENDER,RNDR,ARB,OP,MATIC,POL,APT,SEI,EOS,MANA","CHZ,DASH,HBAR",1440,24,0.7,explained_variance,,720,3.0,0.5,10.0,8760.0,0.6,5,480,2131,0,1.0,,,0,0,OLS,,4.469277813120072,0.33789833696475857,0.22064933248759167,1.531381641427628,-0.18992413060178825,0.0016428068528514432,83,202.0731707317073,0.507905853952927
"{""entry_z"": 3.0, ""exit_z"": 0.5, ""fixed_n_components"": null, ""max_holding_period"": null, ""min_asset_coverage"": 0.6, ""min_train_observations"": 480, ""min_universe_assets"": 5, ""pca_component_selection_method"": ""explained_variance"", ""pca_explained_variance"": 0.8, ""rebalance_frequency"": 24, ""regression_type"": ""OLS"", ""ridge_alpha"": 1.0, ""stage"": ""core"", ""stop_loss_z"": null, ""target"": ""BTC"", ""train_window"": 1440, ""transaction_cost_bps"": 10, ""universe_selection_method"": ""priority_with_coverage_fallback"", ""universe_size"": 30, ""zscore_lookback"": 720}",core,crypto,BTC,priority_with_coverage_fallback,30,30,"ETH,SOL,XRP,BNB,TRX,ADA,AVAX,DOT,NEAR,ATOM,ALGO,DOGE,BCH,LTC,XLM,ETC,LINK,UNI,AAVE,INJ,FIL,VET,FET,GRT,THETA,XTZ,SAND,CHZ,DASH,HBAR","TON,SUI,ICP,MKR,RENDER,RNDR,ARB,OP,MATIC,POL,APT,SEI,EOS,MANA","CHZ,DASH,HBAR",1440,24,0.8,explained_variance,,720,3.0,0.5,10.0,8760.0,0.6,5,480,2131,0,1.0,,,0,0,OLS,,5.811309951235413,0.38915320562927036,0.2277412941483064,1.7087511822772536,-0.22654562545677626,0.0020339513416255963,104,164.73076923076923,0.5056035489143124
"{""entry_z"": 3.0, ""exit_z"": 0.5, ""fixed_n_components"": null, ""max_holding_period"": null, ""min_asset_coverage"": 0.6, ""min_train_observations"": 480, ""min_universe_assets"": 5, ""pca_component_selection_method"": ""explained_variance"", ""pca_explained_variance"": 0.9, ""rebalance_frequency"": 24, ""regression_type"": ""OLS"", ""ridge_alpha"": 1.0, ""stage"": ""core"", ""stop_loss_z"": null, ""target"": ""BTC"", ""train_window"": 1440, ""transaction_cost_bps"": 10, ""universe_selection_method"": ""priority_with_coverage_fallback"", ""universe_size"": 30, ""zscore_lookback"": 720}",core,crypto,BTC,priority_with_coverage_fallback,30,30,"ETH,SOL,XRP,BNB,TRX,ADA,AVAX,DOT,NEAR,ATOM,ALGO,DOGE,BCH,LTC,XLM,ETC,LINK,UNI,AAVE,INJ,FIL,VET,FET,GRT,THETA,XTZ,SAND,CHZ,DASH,HBAR","TON,SUI,ICP,MKR,RENDER,RNDR,ARB,OP,MATIC,POL,APT,SEI,EOS,MANA","CHZ,DASH,HBAR",1440,24,0.9,explained_variance,,720,3.0,0.5,10.0,8760.0,0.6,5,480,2131,0,1.0,,,0,0,OLS,,6.465571506173248,0.41115359403391016,0.20666719188628424,1.9894478184042959,-0.18992413060178848,0.0017992646483611047,92,120.30434782608695,0.5097578604987351
"{""entry_z"": 3.0, ""exit_z"": 0.5, ""fixed_n_components"": null, ""max_holding_period"": null, ""min_asset_coverage"": 0.6, ""min_train_observations"": 480, ""min_universe_assets"": 5, ""pca_component_selection_method"": ""explained_variance"", ""pca_explained_variance"": 0.7, ""rebalance_frequency"": 24, ""regression_type"": ""OLS"", ""ridge_alpha"": 1.0, ""stage"": ""core"", ""stop_loss_z"": null, ""target"": ""BTC"", ""train_window"": 1440, ""transaction_cost_bps"": 10, ""universe_selection_method"": ""priority_with_coverage_fallback"", ""universe_size"": 30, ""zscore_lookback"": 1440}",core,crypto,BTC,priority_with_coverage_fallback,30,30,"ETH,SOL,XRP,BNB,TRX,ADA,AVAX,DOT,NEAR,ATOM,ALGO,DOGE,BCH,LTC,XLM,ETC,LINK,UNI,AAVE,INJ,FIL,VET,FET,GRT,THETA,XTZ,SAND,CHZ,DASH,HBAR","TON,SUI,ICP,MKR,RENDER,RNDR,ARB,OP,MATIC,POL,APT,SEI,EOS,MANA","CHZ,DASH,HBAR",1440,24,0.7,explained_variance,,1440,3.0,0.5,10.0,8760.0,0.6,5,480,2131,0,1.0,,,0,0,OLS,,4.1610755323725055,0.32466960161108727,0.22006423317818707,1.4753401628341882,-0.16842599644505118,0.0009778612219353828,50,249.88,0.5034416519929567
"{""entry_z"": 3.0, ""exit_z"": 0.5, ""fixed_n_components"": null, ""max_holding_period"": null, ""min_asset_coverage"": 0.6, ""min_train_observations"": 480, ""min_universe_assets"": 5, ""pca_component_selection_method"": ""explained_variance"", ""pca_explained_variance"": 0.8, ""rebalance_frequency"": 24, ""regression_type"": ""OLS"", ""ridge_alpha"": 1.0, ""stage"": ""core"", ""stop_loss_z"": null, ""target"": ""BTC"", ""train_window"": 1440, ""transaction_cost_bps"": 10, ""universe_selection_method"": ""priority_with_coverage_fallback"", ""universe_size"": 30, ""zscore_lookback"": 1440}",core,crypto,BTC,priority_with_coverage_fallback,30,30,"ETH,SOL,XRP,BNB,TRX,ADA,AVAX,DOT,NEAR,ATOM,ALGO,DOGE,BCH,LTC,XLM,ETC,LINK,UNI,AAVE,INJ,FIL,VET,FET,GRT,THETA,XTZ,SAND,CHZ,DASH,HBAR","TON,SUI,ICP,MKR,RENDER,RNDR,ARB,OP,MATIC,POL,APT,SEI,EOS,MANA","CHZ,DASH,HBAR",1440,24,0.8,explained_variance,,1440,3.0,0.5,10.0,8760.0,0.6,5,480,2131,0,1.0,,,0,0,OLS,,7.85846637388598,0.4531240264948502,0.22138436971411285,2.046775149844575,-0.18421254437106227,0.0012516623640772902,64,184.71875,0.5073591608864828
"{""entry_z"": 3.0, ""exit_z"": 0.5, ""fixed_n_components"": null, ""max_holding_period"": null, ""min_asset_coverage"": 0.6, ""min_train_observations"": 480, ""min_universe_assets"": 5, ""pca_component_selection_method"": ""explained_variance"", ""pca_explained_variance"": 0.9, ""rebalance_frequency"": 24, ""regression_type"": ""OLS"", ""ridge_alpha"": 1.0, ""stage"": ""core"", ""stop_loss_z"": null, ""target"": ""BTC"", ""train_window"": 1440, ""transaction_cost_bps"": 10, ""universe_selection_method"": ""priority_with_coverage_fallback"", ""universe_size"": 30, ""zscore_lookback"": 1440}",core,crypto,BTC,priority_with_coverage_fallback,30,30,"ETH,SOL,XRP,BNB,TRX,ADA,AVAX,DOT,NEAR,ATOM,ALGO,DOGE,BCH,LTC,XLM,ETC,LINK,UNI,AAVE,INJ,FIL,VET,FET,GRT,THETA,XTZ,SAND,CHZ,DASH,HBAR","TON,SUI,ICP,MKR,RENDER,RNDR,ARB,OP,MATIC,POL,APT,SEI,EOS,MANA","CHZ,DASH,HBAR",1440,24,0.9,explained_variance,,1440,3.0,0.5,10.0,8760.0,0.6,5,480,2131,0,1.0,,,0,0,OLS,,13.219543451292502,0.5758462868233261,0.21077769576140687,2.73200769532638,-0.15544700300570502,0.0014472346084643667,74,119.0,0.513967749261867
"{""entry_z"": 3.0, ""exit_z"": 0.5, ""fixed_n_components"": null, ""max_holding_period"": null, ""min_asset_coverage"": 0.6, ""min_train_observations"": 480, ""min_universe_assets"": 5, ""pca_component_selection_method"": ""explained_variance"", ""pca_explained_variance"": 0.7, ""rebalance_frequency"": 24, ""regression_type"": ""OLS"", ""ridge_alpha"": 1.0, ""stage"": ""core"", ""stop_loss_z"": null, ""target"": ""BTC"", ""train_window"": 2880, ""transaction_cost_bps"": 10, ""universe_selection_method"": ""priority_with_coverage_fallback"", ""universe_size"": 30, ""zscore_lookback"": 336}",core,crypto,BTC,priority_with_coverage_fallback,30,30,"ETH,SOL,XRP,BNB,TRX,ADA,AVAX,DOT,NEAR,ATOM,ALGO,DOGE,BCH,LTC,XLM,ETC,LINK,UNI,AAVE,INJ,FIL,VET,FET,GRT,THETA,XTZ,SAND,CHZ,DASH,HBAR","TON,SUI,ICP,MKR,RENDER,RNDR,ARB,OP,MATIC,POL,APT,SEI,EOS,MANA","CHZ,DASH,HBAR",2880,24,0.7,explained_variance,,336,3.0,0.5,10.0,8760.0,0.6,5,480,2071,0,1.0,,,0,0,OLS,,-0.42376866718550976,-0.09260454716219524,0.2758239861454801,-0.3357378321454323,-0.5445188815950538,0.003421073814698543,170,159.05882352941177,0.4957100591715976
"{""entry_z"": 3.0, ""exit_z"": 0.5, ""fixed_n_components"": null, ""max_holding_period"": null, ""min_asset_coverage"": 0.6, ""min_train_observations"": 480, ""min_universe_assets"": 5, ""pca_component_selection_method"": ""explained_variance"", ""pca_explained_variance"": 0.8, ""rebalance_frequency"": 24, ""regression_type"": ""OLS"", ""ridge_alpha"": 1.0, ""stage"": ""core"", ""stop_loss_z"": null, ""target"": ""BTC"", ""train_window"": 2880, ""transaction_cost_bps"": 10, ""universe_selection_method"": ""priority_with_coverage_fallback"", ""universe_size"": 30, ""zscore_lookback"": 336}",core,crypto,BTC,priority_with_coverage_fallback,30,30,"ETH,SOL,XRP,BNB,TRX,ADA,AVAX,DOT,NEAR,ATOM,ALGO,DOGE,BCH,LTC,XLM,ETC,LINK,UNI,AAVE,INJ,FIL,VET,FET,GRT,THETA,XTZ,SAND,CHZ,DASH,HBAR","TON,SUI,ICP,MKR,RENDER,RNDR,ARB,OP,MATIC,POL,APT,SEI,EOS,MANA","CHZ,DASH,HBAR",2880,24,0.8,explained_variance,,336,3.0,0.5,10.0,8760.0,0.6,5,480,2071,0,1.0,,,0,0,OLS,,0.20013057201040874,0.032682622429944574,0.29236360814845047,0.11178758750764102,-0.44106324604338276,0.003421073814698543,170,143.6705882352941,0.49967245332459875
"{""entry_z"": 3.0, ""exit_z"": 0.5, ""fixed_n_components"": null, ""max_holding_period"": null, ""min_asset_coverage"": 0.6, ""min_train_observations"": 480, ""min_universe_assets"": 5, ""pca_component_selection_method"": ""explained_variance"", ""pca_explained_variance"": 0.9, ""rebalance_frequency"": 24, ""regression_type"": ""OLS"", ""ridge_alpha"": 1.0, ""stage"": ""core"", ""stop_loss_z"": null, ""target"": ""BTC"", ""train_window"": 2880, ""transaction_cost_bps"": 10, ""universe_selection_method"": ""priority_with_coverage_fallback"", ""universe_size"": 30, ""zscore_lookback"": 336}",core,crypto,BTC,priority_with_coverage_fallback,30,30,"ETH,SOL,XRP,BNB,TRX,ADA,AVAX,DOT,NEAR,ATOM,ALGO,DOGE,BCH,LTC,XLM,ETC,LINK,UNI,AAVE,INJ,FIL,VET,FET,GRT,THETA,XTZ,SAND,CHZ,DASH,HBAR","TON,SUI,ICP,MKR,RENDER,RNDR,ARB,OP,MATIC,POL,APT,SEI,EOS,MANA","CHZ,DASH,HBAR",2880,24,0.9,explained_variance,,336,3.0,0.5,10.0,8760.0,0.6,5,480,2071,0,1.0,,,0,0,OLS,,1.3857928215772612,0.16565849561867907,0.24509873233683457,0.6758847507665512,-0.25976927165423347,0.003421073814698543,169,135.8452380952381,0.5000438173692051
"{""entry_z"": 3.0, ""exit_z"": 0.5, ""fixed_n_components"": null, ""max_holding_period"": null, ""min_asset_coverage"": 0.6, ""min_train_observations"": 480, ""min_universe_assets"": 5, ""pca_component_selection_method"": ""explained_variance"", ""pca_explained_variance"": 0.7, ""rebalance_frequency"": 24, ""regression_type"": ""OLS"", ""ridge_alpha"": 1.0, ""stage"": ""core"", ""stop_loss_z"": null, ""target"": ""BTC"", ""train_window"": 2880, ""transaction_cost_bps"": 10, ""universe_selection_method"": ""priority_with_coverage_fallback"", ""universe_size"": 30, ""zscore_lookback"": 720}",core,crypto,BTC,priority_with_coverage_fallback,30,30,"ETH,SOL,XRP,BNB,TRX,ADA,AVAX,DOT,NEAR,ATOM,ALGO,DOGE,BCH,LTC,XLM,ETC,LINK,UNI,AAVE,INJ,FIL,VET,FET,GRT,THETA,XTZ,SAND,CHZ,DASH,HBAR","TON,SUI,ICP,MKR,RENDER,RNDR,ARB,OP,MATIC,POL,APT,SEI,EOS,MANA","CHZ,DASH,HBAR",2880,24,0.7,explained_variance,,720,3.0,0.5,10.0,8760.0,0.6,5,480,2071,0,1.0,,,0,0,OLS,,0.11439346081737778,0.01927702474801274,0.2915341298488065,0.06612270322521092,-0.37713567211341703,0.0017709087981968928,88,311.40909090909093,0.5021164793460808
"{""entry_z"": 3.0, ""exit_z"": 0.5, ""fixed_n_components"": null, ""max_holding_period"": null, ""min_asset_coverage"": 0.6, ""min_train_observations"": 480, ""min_universe_assets"": 5, ""pca_component_selection_method"": ""explained_variance"", ""pca_explained_variance"": 0.8, ""rebalance_frequency"": 24, ""regression_type"": ""OLS"", ""ridge_alpha"": 1.0, ""stage"": ""core"", ""stop_loss_z"": null, ""target"": ""BTC"", ""train_window"": 2880, ""transaction_cost_bps"": 10, ""universe_selection_method"": ""priority_with_coverage_fallback"", ""universe_size"": 30, ""zscore_lookback"": 720}",core,crypto,BTC,priority_with_coverage_fallback,30,30,"ETH,SOL,XRP,BNB,TRX,ADA,AVAX,DOT,NEAR,ATOM,ALGO,DOGE,BCH,LTC,XLM,ETC,LINK,UNI,AAVE,INJ,FIL,VET,FET,GRT,THETA,XTZ,SAND,CHZ,DASH,HBAR","TON,SUI,ICP,MKR,RENDER,RNDR,ARB,OP,MATIC,POL,APT,SEI,EOS,MANA","CHZ,DASH,HBAR",2880,24,0.8,explained_variance,,720,3.0,0.5,10.0,8760.0,0.6,5,480,2071,0,1.0,,,0,0,OLS,,2.7942047126610734,0.26500090598856607,0.3129796804056764,0.8467032289287232,-0.36312451490085973,0.001851404652660388,92,266.3478260869565,0.5001632386549135
"{""entry_z"": 3.0, ""exit_z"": 0.5, ""fixed_n_components"": null, ""max_holding_period"": null, ""min_asset_coverage"": 0.6, ""min_train_observations"": 480, ""min_universe_assets"": 5, ""pca_component_selection_method"": ""explained_variance"", ""pca_explained_variance"": 0.9, ""rebalance_frequency"": 24, ""regression_type"": ""OLS"", ""ridge_alpha"": 1.0, ""stage"": ""core"", ""stop_loss_z"": null, ""target"": ""BTC"", ""train_window"": 2880, ""transaction_cost_bps"": 10, ""universe_selection_method"": ""priority_with_coverage_fallback"", ""universe_size"": 30, ""zscore_lookback"": 720}",core,crypto,BTC,priority_with_coverage_fallback,30,30,"ETH,SOL,XRP,BNB,TRX,ADA,AVAX,DOT,NEAR,ATOM,ALGO,DOGE,BCH,LTC,XLM,ETC,LINK,UNI,AAVE,INJ,FIL,VET,FET,GRT,THETA,XTZ,SAND,CHZ,DASH,HBAR","TON,SUI,ICP,MKR,RENDER,RNDR,ARB,OP,MATIC,POL,APT,SEI,EOS,MANA","CHZ,DASH,HBAR",2880,24,0.9,explained_variance,,720,3.0,0.5,10.0,8760.0,0.6,5,480,2071,0,1.0,,,0,0,OLS,,3.1122509318305625,0.28307956839133097,0.24321480834003384,1.1639076186330028,-0.24939592600401606,0.0015294212348064074,76,212.78947368421052,0.49888696512490727
"{""entry_z"": 3.0, ""exit_z"": 0.5, ""fixed_n_components"": null, ""max_holding_period"": null, ""min_asset_coverage"": 0.6, ""min_train_observations"": 480, ""min_universe_assets"": 5, ""pca_component_selection_method"": ""explained_variance"", ""pca_explained_variance"": 0.7, ""rebalance_frequency"": 24, ""regression_type"": ""OLS"", ""ridge_alpha"": 1.0, ""stage"": ""core"", ""stop_loss_z"": null, ""target"": ""BTC"", ""train_window"": 2880, ""transaction_cost_bps"": 10, ""universe_selection_method"": ""priority_with_coverage_fallback"", ""universe_size"": 30, ""zscore_lookback"": 1440}",core,crypto,BTC,priority_with_coverage_fallback,30,30,"ETH,SOL,XRP,BNB,TRX,ADA,AVAX,DOT,NEAR,ATOM,ALGO,DOGE,BCH,LTC,XLM,ETC,LINK,UNI,AAVE,INJ,FIL,VET,FET,GRT,THETA,XTZ,SAND,CHZ,DASH,HBAR","TON,SUI,ICP,MKR,RENDER,RNDR,ARB,OP,MATIC,POL,APT,SEI,EOS,MANA","CHZ,DASH,HBAR",2880,24,0.7,explained_variance,,1440,3.0,0.5,10.0,8760.0,0.6,5,480,2071,0,1.0,,,0,0,OLS,,1.5369322656047326,0.1783490661862499,0.2666896944563991,0.6687512487116672,-0.24261724241927884,0.0008452064718666989,42,394.85714285714283,0.49614085865894836
"{""entry_z"": 3.0, ""exit_z"": 0.5, ""fixed_n_components"": null, ""max_holding_period"": null, ""min_asset_coverage"": 0.6, ""min_train_observations"": 480, ""min_universe_assets"": 5, ""pca_component_selection_method"": ""explained_variance"", ""pca_explained_variance"": 0.8, ""rebalance_frequency"": 24, ""regression_type"": ""OLS"", ""ridge_alpha"": 1.0, ""stage"": ""core"", ""stop_loss_z"": null, ""target"": ""BTC"", ""train_window"": 2880, ""transaction_cost_bps"": 10, ""universe_selection_method"": ""priority_with_coverage_fallback"", ""universe_size"": 30, ""zscore_lookback"": 1440}",core,crypto,BTC,priority_with_coverage_fallback,30,30,"ETH,SOL,XRP,BNB,TRX,ADA,AVAX,DOT,NEAR,ATOM,ALGO,DOGE,BCH,LTC,XLM,ETC,LINK,UNI,AAVE,INJ,FIL,VET,FET,GRT,THETA,XTZ,SAND,CHZ,DASH,HBAR","TON,SUI,ICP,MKR,RENDER,RNDR,ARB,OP,MATIC,POL,APT,SEI,EOS,MANA","CHZ,DASH,HBAR",2880,24,0.8,explained_variance,,1440,3.0,0.5,10.0,8760.0,0.6,5,480,2071,0,1.0,,,0,0,OLS,,2.6936717696656824,0.2590266101354348,0.21927689667000874,1.1812763408688955,-0.3044124162414432,0.000925702326330194,46,370.39130434782606,0.5001760770043432
"{""entry_z"": 3.0, ""exit_z"": 0.5, ""fixed_n_components"": null, ""max_holding_period"": null, ""min_asset_coverage"": 0.6, ""min_train_observations"": 480, ""min_universe_assets"": 5, ""pca_component_selection_method"": ""explained_variance"", ""pca_explained_variance"": 0.9, ""rebalance_frequency"": 24, ""regression_type"": ""OLS"", ""ridge_alpha"": 1.0, ""stage"": ""core"", ""stop_loss_z"": null, ""target"": ""BTC"", ""train_window"": 2880, ""transaction_cost_bps"": 10, ""universe_selection_method"": ""priority_with_coverage_fallback"", ""universe_size"": 30, ""zscore_lookback"": 1440}",core,crypto,BTC,priority_with_coverage_fallback,30,30,"ETH,SOL,XRP,BNB,TRX,ADA,AVAX,DOT,NEAR,ATOM,ALGO,DOGE,BCH,LTC,XLM,ETC,LINK,UNI,AAVE,INJ,FIL,VET,FET,GRT,THETA,XTZ,SAND,CHZ,DASH,HBAR","TON,SUI,ICP,MKR,RENDER,RNDR,ARB,OP,MATIC,POL,APT,SEI,EOS,MANA","CHZ,DASH,HBAR",2880,24,0.9,explained_variance,,1440,3.0,0.5,10.0,8760.0,0.6,5,480,2071,0,1.0,,,0,0,OLS,,2.459994404635988,0.24460460320973398,0.22000959499607722,1.1117906162869637,-0.2415922520258289,0.0009659502535619416,48,256.0,0.4973958333333333
"{""entry_z"": 2.0, ""exit_z"": 0.25, ""fixed_n_components"": null, ""max_holding_period"": null, ""min_asset_coverage"": 0.6, ""min_train_observations"": 480, ""min_universe_assets"": 5, ""pca_component_selection_method"": ""explained_variance"", ""pca_explained_variance"": 0.7, ""rebalance_frequency"": 72, ""regression_type"": ""OLS"", ""ridge_alpha"": 1.0, ""stage"": ""core"", ""stop_loss_z"": null, ""target"": ""BTC"", ""train_window"": 720, ""transaction_cost_bps"": 10, ""universe_selection_method"": ""priority_with_coverage_fallback"", ""universe_size"": 30, ""zscore_lookback"": 336}",core,crypto,BTC,priority_with_coverage_fallback,30,30,"ETH,SOL,XRP,BNB,TRX,ADA,AVAX,DOT,NEAR,ATOM,ALGO,DOGE,BCH,LTC,XLM,ETC,LINK,UNI,AAVE,INJ,FIL,VET,FET,GRT,THETA,XTZ,SAND,CHZ,DASH,HBAR","TON,SUI,ICP,MKR,RENDER,RNDR,ARB,OP,MATIC,POL,APT,SEI,EOS,MANA","CHZ,DASH,HBAR",720,72,0.7,explained_variance,,336,2.0,0.25,10.0,8760.0,0.6,5,480,721,0,1.0,,,0,0,OLS,,16.26707612396531,0.6181496454221096,0.3851254470556676,1.6050605072916924,-0.35338319175660327,0.007097122579649773,358,131.42528735632183,0.49785726779779604
"{""entry_z"": 2.0, ""exit_z"": 0.25, ""fixed_n_components"": null, ""max_holding_period"": null, ""min_asset_coverage"": 0.6, ""min_train_observations"": 480, ""min_universe_assets"": 5, ""pca_component_selection_method"": ""explained_variance"", ""pca_explained_variance"": 0.8, ""rebalance_frequency"": 72, ""regression_type"": ""OLS"", ""ridge_alpha"": 1.0, ""stage"": ""core"", ""stop_loss_z"": null, ""target"": ""BTC"", ""train_window"": 720, ""transaction_cost_bps"": 10, ""universe_selection_method"": ""priority_with_coverage_fallback"", ""universe_size"": 30, ""zscore_lookback"": 336}",core,crypto,BTC,priority_with_coverage_fallback,30,30,"ETH,SOL,XRP,BNB,TRX,ADA,AVAX,DOT,NEAR,ATOM,ALGO,DOGE,BCH,LTC,XLM,ETC,LINK,UNI,AAVE,INJ,FIL,VET,FET,GRT,THETA,XTZ,SAND,CHZ,DASH,HBAR","TON,SUI,ICP,MKR,RENDER,RNDR,ARB,OP,MATIC,POL,APT,SEI,EOS,MANA","CHZ,DASH,HBAR",720,72,0.8,explained_variance,,336,2.0,0.25,10.0,8760.0,0.6,5,480,721,0,1.0,,,0,0,OLS,,23.68523371040322,0.7188645476461843,0.3826966074930837,1.8784189187231717,-0.25881727669346455,0.007019979942914449,354,131.13372093023256,0.49483484814896916
"{""entry_z"": 2.0, ""exit_z"": 0.25, ""fixed_n_components"": null, ""max_holding_period"": null, ""min_asset_coverage"": 0.6, ""min_train_observations"": 480, ""min_universe_assets"": 5, ""pca_component_selection_method"": ""explained_variance"", ""pca_explained_variance"": 0.9, ""rebalance_frequency"": 72, ""regression_type"": ""OLS"", ""ridge_alpha"": 1.0, ""stage"": ""core"", ""stop_loss_z"": null, ""target"": ""BTC"", ""train_window"": 720, ""transaction_cost_bps"": 10, ""universe_selection_method"": ""priority_with_coverage_fallback"", ""universe_size"": 30, ""zscore_lookback"": 336}",core,crypto,BTC,priority_with_coverage_fallback,30,30,"ETH,SOL,XRP,BNB,TRX,ADA,AVAX,DOT,NEAR,ATOM,ALGO,DOGE,BCH,LTC,XLM,ETC,LINK,UNI,AAVE,INJ,FIL,VET,FET,GRT,THETA,XTZ,SAND,CHZ,DASH,HBAR","TON,SUI,ICP,MKR,RENDER,RNDR,ARB,OP,MATIC,POL,APT,SEI,EOS,MANA","CHZ,DASH,HBAR",720,72,0.9,explained_variance,,336,2.0,0.25,10.0,8760.0,0.6,5,480,721,0,1.0,,,0,0,OLS,,73.06117753126176,1.069441134612818,0.36241112231562794,2.950905942896062,-0.1935639961301555,0.007000694283730618,353,105.55232558139535,0.49352795373175434
"{""entry_z"": 2.0, ""exit_z"": 0.25, ""fixed_n_components"": null, ""max_holding_period"": null, ""min_asset_coverage"": 0.6, ""min_train_observations"": 480, ""min_universe_assets"": 5, ""pca_component_selection_method"": ""explained_variance"", ""pca_explained_variance"": 0.7, ""rebalance_frequency"": 72, ""regression_type"": ""OLS"", ""ridge_alpha"": 1.0, ""stage"": ""core"", ""stop_loss_z"": null, ""target"": ""BTC"", ""train_window"": 720, ""transaction_cost_bps"": 10, ""universe_selection_method"": ""priority_with_coverage_fallback"", ""universe_size"": 30, ""zscore_lookback"": 720}",core,crypto,BTC,priority_with_coverage_fallback,30,30,"ETH,SOL,XRP,BNB,TRX,ADA,AVAX,DOT,NEAR,ATOM,ALGO,DOGE,BCH,LTC,XLM,ETC,LINK,UNI,AAVE,INJ,FIL,VET,FET,GRT,THETA,XTZ,SAND,CHZ,DASH,HBAR","TON,SUI,ICP,MKR,RENDER,RNDR,ARB,OP,MATIC,POL,APT,SEI,EOS,MANA","CHZ,DASH,HBAR",720,72,0.7,explained_variance,,720,2.0,0.25,10.0,8760.0,0.6,5,480,721,0,1.0,,,0,0,OLS,,69.11124115132226,1.0503676884343287,0.36289596713025185,2.8944044122081056,-0.17787933501582232,0.004397130293913446,225,166.52252252252254,0.49908028565245616
"{""entry_z"": 2.0, ""exit_z"": 0.25, ""fixed_n_components"": null, ""max_holding_period"": null, ""min_asset_coverage"": 0.6, ""min_train_observations"": 480, ""min_universe_assets"": 5, ""pca_component_selection_method"": ""explained_variance"", ""pca_explained_variance"": 0.8, ""rebalance_frequency"": 72, ""regression_type"": ""OLS"", ""ridge_alpha"": 1.0, ""stage"": ""core"", ""stop_loss_z"": null, ""target"": ""BTC"", ""train_window"": 720, ""transaction_cost_bps"": 10, ""universe_selection_method"": ""priority_with_coverage_fallback"", ""universe_size"": 30, ""zscore_lookback"": 720}",core,crypto,BTC,priority_with_coverage_fallback,30,30,"ETH,SOL,XRP,BNB,TRX,ADA,AVAX,DOT,NEAR,ATOM,ALGO,DOGE,BCH,LTC,XLM,ETC,LINK,UNI,AAVE,INJ,FIL,VET,FET,GRT,THETA,XTZ,SAND,CHZ,DASH,HBAR","TON,SUI,ICP,MKR,RENDER,RNDR,ARB,OP,MATIC,POL,APT,SEI,EOS,MANA","CHZ,DASH,HBAR",720,72,0.8,explained_variance,,720,2.0,0.25,10.0,8760.0,0.6,5,480,721,0,1.0,,,0,0,OLS,,96.41281187192246,1.167512059035161,0.37296046740978245,3.1303909155400693,-0.1997788292419984,0.004416415953097277,226,145.76785714285714,0.49448732083792724
"{""entry_z"": 2.0, ""exit_z"": 0.25, ""fixed_n_components"": null, ""max_holding_period"": null, ""min_asset_coverage"": 0.6, ""min_train_observations"": 480, ""min_universe_assets"": 5, ""pca_component_selection_method"": ""explained_variance"", ""pca_explained_variance"": 0.9, ""rebalance_frequency"": 72, ""regression_type"": ""OLS"", ""ridge_alpha"": 1.0, ""stage"": ""core"", ""stop_loss_z"": null, ""target"": ""BTC"", ""train_window"": 720, ""transaction_cost_bps"": 10, ""universe_selection_method"": ""priority_with_coverage_fallback"", ""universe_size"": 30, ""zscore_lookback"": 720}",core,crypto,BTC,priority_with_coverage_fallback,30,30,"ETH,SOL,XRP,BNB,TRX,ADA,AVAX,DOT,NEAR,ATOM,ALGO,DOGE,BCH,LTC,XLM,ETC,LINK,UNI,AAVE,INJ,FIL,VET,FET,GRT,THETA,XTZ,SAND,CHZ,DASH,HBAR","TON,SUI,ICP,MKR,RENDER,RNDR,ARB,OP,MATIC,POL,APT,SEI,EOS,MANA","CHZ,DASH,HBAR",720,72,0.9,explained_variance,,720,2.0,0.25,10.0,8760.0,0.6,5,480,721,0,1.0,,,0,0,OLS,,104.79880505617416,1.1979640614173332,0.3568032932716576,3.357491603938883,-0.1935639961301555,0.004532129908200263,232,122.9304347826087,0.4898493315413454
"{""entry_z"": 2.0, ""exit_z"": 0.25, ""fixed_n_components"": null, ""max_holding_period"": null, ""min_asset_coverage"": 0.6, ""min_train_observations"": 480, ""min_universe_assets"": 5, ""pca_component_selection_method"": ""explained_variance"", ""pca_explained_variance"": 0.7, ""rebalance_frequency"": 72, ""regression_type"": ""OLS"", ""ridge_alpha"": 1.0, ""stage"": ""core"", ""stop_loss_z"": null, ""target"": ""BTC"", ""train_window"": 720, ""transaction_cost_bps"": 10, ""universe_selection_method"": ""priority_with_coverage_fallback"", ""universe_size"": 30, ""zscore_lookback"": 1440}",core,crypto,BTC,priority_with_coverage_fallback,30,30,"ETH,SOL,XRP,BNB,TRX,ADA,AVAX,DOT,NEAR,ATOM,ALGO,DOGE,BCH,LTC,XLM,ETC,LINK,UNI,AAVE,INJ,FIL,VET,FET,GRT,THETA,XTZ,SAND,CHZ,DASH,HBAR","TON,SUI,ICP,MKR,RENDER,RNDR,ARB,OP,MATIC,POL,APT,SEI,EOS,MANA","CHZ,DASH,HBAR",720,72,0.7,explained_variance,,1440,2.0,0.25,10.0,8760.0,0.6,5,480,721,0,1.0,,,0,0,OLS,,56.652235342032405,0.9837021383949731,0.3359269272243404,2.9283217827251824,-0.16638005928410404,0.00277713492247165,142,186.72857142857143,0.4962129905898554
"{""entry_z"": 2.0, ""exit_z"": 0.25, ""fixed_n_components"": null, ""max_holding_period"": null, ""min_asset_coverage"": 0.6, ""min_train_observations"": 480, ""min_universe_assets"": 5, ""pca_component_selection_method"": ""explained_variance"", ""pca_explained_variance"": 0.8, ""rebalance_frequency"": 72, ""regression_type"": ""OLS"", ""ridge_alpha"": 1.0, ""stage"": ""core"", ""stop_loss_z"": null, ""target"": ""BTC"", ""train_window"": 720, ""transaction_cost_bps"": 10, ""universe_selection_method"": ""priority_with_coverage_fallback"", ""universe_size"": 30, ""zscore_lookback"": 1440}",core,crypto,BTC,priority_with_coverage_fallback,30,30,"ETH,SOL,XRP,BNB,TRX,ADA,AVAX,DOT,NEAR,ATOM,ALGO,DOGE,BCH,LTC,XLM,ETC,LINK,UNI,AAVE,INJ,FIL,VET,FET,GRT,THETA,XTZ,SAND,CHZ,DASH,HBAR","TON,SUI,ICP,MKR,RENDER,RNDR,ARB,OP,MATIC,POL,APT,SEI,EOS,MANA","CHZ,DASH,HBAR",720,72,0.8,explained_variance,,1440,2.0,0.25,10.0,8760.0,0.6,5,480,721,0,1.0,,,0,0,OLS,,75.88069554748114,1.0825452809477136,0.3407128208902157,3.1772954070798844,-0.14772847638093178,0.00320141942451593,166,145.43373493975903,0.49730759671941016
"{""entry_z"": 2.0, ""exit_z"": 0.25, ""fixed_n_components"": null, ""max_holding_period"": null, ""min_asset_coverage"": 0.6, ""min_train_observations"": 480, ""min_universe_assets"": 5, ""pca_component_selection_method"": ""explained_variance"", ""pca_explained_variance"": 0.9, ""rebalance_frequency"": 72, ""regression_type"": ""OLS"", ""ridge_alpha"": 1.0, ""stage"": ""core"", ""stop_loss_z"": null, ""target"": ""BTC"", ""train_window"": 720, ""transaction_cost_bps"": 10, ""universe_selection_method"": ""priority_with_coverage_fallback"", ""universe_size"": 30, ""zscore_lookback"": 1440}",core,crypto,BTC,priority_with_coverage_fallback,30,30,"ETH,SOL,XRP,BNB,TRX,ADA,AVAX,DOT,NEAR,ATOM,ALGO,DOGE,BCH,LTC,XLM,ETC,LINK,UNI,AAVE,INJ,FIL,VET,FET,GRT,THETA,XTZ,SAND,CHZ,DASH,HBAR","TON,SUI,ICP,MKR,RENDER,RNDR,ARB,OP,MATIC,POL,APT,SEI,EOS,MANA","CHZ,DASH,HBAR",720,72,0.9,explained_variance,,1440,2.0,0.25,10.0,8760.0,0.6,5,480,721,0,1.0,,,0,0,OLS,,80.63852542355592,1.1037789563485472,0.3337452427142393,3.307250007136819,-0.19028686735069844,0.0031628481061482683,160,132.10256410256412,0.4938858695652174
"{""entry_z"": 2.0, ""exit_z"": 0.25, ""fixed_n_components"": null, ""max_holding_period"": null, ""min_asset_coverage"": 0.6, ""min_train_observations"": 480, ""min_universe_assets"": 5, ""pca_component_selection_method"": ""explained_variance"", ""pca_explained_variance"": 0.7, ""rebalance_frequency"": 72, ""regression_type"": ""OLS"", ""ridge_alpha"": 1.0, ""stage"": ""core"", ""stop_loss_z"": null, ""target"": ""BTC"", ""train_window"": 1440, ""transaction_cost_bps"": 10, ""universe_selection_method"": ""priority_with_coverage_fallback"", ""universe_size"": 30, ""zscore_lookback"": 336}",core,crypto,BTC,priority_with_coverage_fallback,30,30,"ETH,SOL,XRP,BNB,TRX,ADA,AVAX,DOT,NEAR,ATOM,ALGO,DOGE,BCH,LTC,XLM,ETC,LINK,UNI,AAVE,INJ,FIL,VET,FET,GRT,THETA,XTZ,SAND,CHZ,DASH,HBAR","TON,SUI,ICP,MKR,RENDER,RNDR,ARB,OP,MATIC,POL,APT,SEI,EOS,MANA","CHZ,DASH,HBAR",1440,72,0.7,explained_variance,,336,2.0,0.25,10.0,8760.0,0.6,5,480,711,0,1.0,,,0,0,OLS,,1.7611845949328235,0.19006049411828396,0.3784833667713702,0.502163399516295,-0.4904406767389148,0.006395212391457405,316,174.32679738562092,0.4930638872225555
"{""entry_z"": 2.0, ""exit_z"": 0.25, ""fixed_n_components"": null, ""max_holding_period"": null, ""min_asset_coverage"": 0.6, ""min_train_observations"": 480, ""min_universe_assets"": 5, ""pca_component_selection_method"": ""explained_variance"", ""pca_explained_variance"": 0.8, ""rebalance_frequency"": 72, ""regression_type"": ""OLS"", ""ridge_alpha"": 1.0, ""stage"": ""core"", ""stop_loss_z"": null, ""target"": ""BTC"", ""train_window"": 1440, ""transaction_cost_bps"": 10, ""universe_selection_method"": ""priority_with_coverage_fallback"", ""universe_size"": 30, ""zscore_lookback"": 336}",core,crypto,BTC,priority_with_coverage_fallback,30,30,"ETH,SOL,XRP,BNB,TRX,ADA,AVAX,DOT,NEAR,ATOM,ALGO,DOGE,BCH,LTC,XLM,ETC,LINK,UNI,AAVE,INJ,FIL,VET,FET,GRT,THETA,XTZ,SAND,CHZ,DASH,HBAR","TON,SUI,ICP,MKR,RENDER,RNDR,ARB,OP,MATIC,POL,APT,SEI,EOS,MANA","CHZ,DASH,HBAR",1440,72,0.8,explained_variance,,336,2.0,0.25,10.0,8760.0,0.6,5,480,711,0,1.0,,,0,0,OLS,,1.8595249709729629,0.1972169493609166,0.36449450101922337,0.5410697522443978,-0.3744537445148265,0.006532112962528358,327,161.05,0.49328624650729586
"{""entry_z"": 2.0, ""exit_z"": 0.25, ""fixed_n_components"": null, ""max_holding_period"": null, ""min_asset_coverage"": 0.6, ""min_train_observations"": 480, ""min_universe_assets"": 5, ""pca_component_selection_method"": ""explained_variance"", ""pca_explained_variance"": 0.9, ""rebalance_frequency"": 72, ""regression_type"": ""OLS"", ""ridge_alpha"": 1.0, ""stage"": ""core"", ""stop_loss_z"": null, ""target"": ""BTC"", ""train_window"": 1440, ""transaction_cost_bps"": 10, ""universe_selection_method"": ""priority_with_coverage_fallback"", ""universe_size"": 30, ""zscore_lookback"": 336}",core,crypto,BTC,priority_with_coverage_fallback,30,30,"ETH,SOL,XRP,BNB,TRX,ADA,AVAX,DOT,NEAR,ATOM,ALGO,DOGE,BCH,LTC,XLM,ETC,LINK,UNI,AAVE,INJ,FIL,VET,FET,GRT,THETA,XTZ,SAND,CHZ,DASH,HBAR","TON,SUI,ICP,MKR,RENDER,RNDR,ARB,OP,MATIC,POL,APT,SEI,EOS,MANA","CHZ,DASH,HBAR",1440,72,0.9,explained_variance,,336,2.0,0.25,10.0,8760.0,0.6,5,480,711,0,1.0,,,0,0,OLS,,13.673707046515428,0.5843572167400719,0.3561497871779208,1.640762504367709,-0.2949795551122846,0.007333959164515372,365,135.47191011235955,0.49477481960686737
"{""entry_z"": 2.0, ""exit_z"": 0.25, ""fixed_n_components"": null, ""max_holding_period"": null, ""min_asset_coverage"": 0.6, ""min_train_observations"": 480, ""min_universe_assets"": 5, ""pca_component_selection_method"": ""explained_variance"", ""pca_explained_variance"": 0.7, ""rebalance_frequency"": 72, ""regression_type"": ""OLS"", ""ridge_alpha"": 1.0, ""stage"": ""core"", ""stop_loss_z"": null, ""target"": ""BTC"", ""train_window"": 1440, ""transaction_cost_bps"": 10, ""universe_selection_method"": ""priority_with_coverage_fallback"", ""universe_size"": 30, ""zscore_lookback"": 720}",core,crypto,BTC,priority_with_coverage_fallback,30,30,"ETH,SOL,XRP,BNB,TRX,ADA,AVAX,DOT,NEAR,ATOM,ALGO,DOGE,BCH,LTC,XLM,ETC,LINK,UNI,AAVE,INJ,FIL,VET,FET,GRT,THETA,XTZ,SAND,CHZ,DASH,HBAR","TON,SUI,ICP,MKR,RENDER,RNDR,ARB,OP,MATIC,POL,APT,SEI,EOS,MANA","CHZ,DASH,HBAR",1440,72,0.7,explained_variance,,720,2.0,0.25,10.0,8760.0,0.6,5,480,711,0,1.0,,,0,0,OLS,,14.639736960994153,0.6017580832031291,0.37086581848570754,1.622576288265616,-0.2446074835490839,0.0035203003989673787,173,279.68674698795184,0.4947014732489015
"{""entry_z"": 2.0, ""exit_z"": 0.25, ""fixed_n_components"": null, ""max_holding_period"": null, ""min_asset_coverage"": 0.6, ""min_train_observations"": 480, ""min_universe_assets"": 5, ""pca_component_selection_method"": ""explained_variance"", ""pca_explained_variance"": 0.8, ""rebalance_frequency"": 72, ""regression_type"": ""OLS"", ""ridge_alpha"": 1.0, ""stage"": ""core"", ""stop_loss_z"": null, ""target"": ""BTC"", ""train_window"": 1440, ""transaction_cost_bps"": 10, ""universe_selection_method"": ""priority_with_coverage_fallback"", ""universe_size"": 30, ""zscore_lookback"": 720}",core,crypto,BTC,priority_with_coverage_fallback,30,30,"ETH,SOL,XRP,BNB,TRX,ADA,AVAX,DOT,NEAR,ATOM,ALGO,DOGE,BCH,LTC,XLM,ETC,LINK,UNI,AAVE,INJ,FIL,VET,FET,GRT,THETA,XTZ,SAND,CHZ,DASH,HBAR","TON,SUI,ICP,MKR,RENDER,RNDR,ARB,OP,MATIC,POL,APT,SEI,EOS,MANA","CHZ,DASH,HBAR",1440,72,0.8,explained_variance,,720,2.0,0.25,10.0,8760.0,0.6,5,480,711,0,1.0,,,0,0,OLS,,18.61210089032477,0.6650868627334225,0.3721329800245005,1.7872290241236735,-0.24683406738679115,0.0037549870922318706,189,240.09677419354838,0.49585740516816695
"{""entry_z"": 2.0, ""exit_z"": 0.25, ""fixed_n_components"": null, ""max_holding_period"": null, ""min_asset_coverage"": 0.6, ""min_train_observations"": 480, ""min_universe_assets"": 5, ""pca_component_selection_method"": ""explained_variance"", ""pca_explained_variance"": 0.9, ""rebalance_frequency"": 72, ""regression_type"": ""OLS"", ""ridge_alpha"": 1.0, ""stage"": ""core"", ""stop_loss_z"": null, ""target"": ""BTC"", ""train_window"": 1440, ""transaction_cost_bps"": 10, ""universe_selection_method"": ""priority_with_coverage_fallback"", ""universe_size"": 30, ""zscore_lookback"": 720}",core,crypto,BTC,priority_with_coverage_fallback,30,30,"ETH,SOL,XRP,BNB,TRX,ADA,AVAX,DOT,NEAR,ATOM,ALGO,DOGE,BCH,LTC,XLM,ETC,LINK,UNI,AAVE,INJ,FIL,VET,FET,GRT,THETA,XTZ,SAND,CHZ,DASH,HBAR","TON,SUI,ICP,MKR,RENDER,RNDR,ARB,OP,MATIC,POL,APT,SEI,EOS,MANA","CHZ,DASH,HBAR",1440,72,0.9,explained_variance,,720,2.0,0.25,10.0,8760.0,0.6,5,480,711,0,1.0,,,0,0,OLS,,79.80709628216617,1.122201912956747,0.3470559439109151,3.233489967959754,-0.2141976816617711,0.004380818274270516,219,168.6822429906542,0.49819934622416756
"{""entry_z"": 2.0, ""exit_z"": 0.25, ""fixed_n_components"": null, ""max_holding_period"": null, ""min_asset_coverage"": 0.6, ""min_train_observations"": 480, ""min_universe_assets"": 5, ""pca_component_selection_method"": ""explained_variance"", ""pca_explained_variance"": 0.7, ""rebalance_frequency"": 72, ""regression_type"": ""OLS"", ""ridge_alpha"": 1.0, ""stage"": ""core"", ""stop_loss_z"": null, ""target"": ""BTC"", ""train_window"": 1440, ""transaction_cost_bps"": 10, ""universe_selection_method"": ""priority_with_coverage_fallback"", ""universe_size"": 30, ""zscore_lookback"": 1440}",core,crypto,BTC,priority_with_coverage_fallback,30,30,"ETH,SOL,XRP,BNB,TRX,ADA,AVAX,DOT,NEAR,ATOM,ALGO,DOGE,BCH,LTC,XLM,ETC,LINK,UNI,AAVE,INJ,FIL,VET,FET,GRT,THETA,XTZ,SAND,CHZ,DASH,HBAR","TON,SUI,ICP,MKR,RENDER,RNDR,ARB,OP,MATIC,POL,APT,SEI,EOS,MANA","CHZ,DASH,HBAR",1440,72,0.7,explained_variance,,1440,2.0,0.25,10.0,8760.0,0.6,5,480,711,0,1.0,,,0,0,OLS,,28.17306250735542,0.7823073751091418,0.35963971093774094,2.175253041632466,-0.2107415826228367,0.002405538605961042,123,298.9516129032258,0.49668195306177504
"{""entry_z"": 2.0, ""exit_z"": 0.25, ""fixed_n_components"": null, ""max_holding_period"": null, ""min_asset_coverage"": 0.6, ""min_train_observations"": 480, ""min_universe_assets"": 5, ""pca_component_selection_method"": ""explained_variance"", ""pca_explained_variance"": 0.8, ""rebalance_frequency"": 72, ""regression_type"": ""OLS"", ""ridge_alpha"": 1.0, ""stage"": ""core"", ""stop_loss_z"": null, ""target"": ""BTC"", ""train_window"": 1440, ""transaction_cost_bps"": 10, ""universe_selection_method"": ""priority_with_coverage_fallback"", ""universe_size"": 30, ""zscore_lookback"": 1440}",core,crypto,BTC,priority_with_coverage_fallback,30,30,"ETH,SOL,XRP,BNB,TRX,ADA,AVAX,DOT,NEAR,ATOM,ALGO,DOGE,BCH,LTC,XLM,ETC,LINK,UNI,AAVE,INJ,FIL,VET,FET,GRT,THETA,XTZ,SAND,CHZ,DASH,HBAR","TON,SUI,ICP,MKR,RENDER,RNDR,ARB,OP,MATIC,POL,APT,SEI,EOS,MANA","CHZ,DASH,HBAR",1440,72,0.8,explained_variance,,1440,2.0,0.25,10.0,8760.0,0.6,5,480,711,0,1.0,,,0,0,OLS,,71.92868494240415,1.085230875112127,0.3423265465080612,3.1701627763962255,-0.21576200100885512,0.002816240319173903,141,248.1159420289855,0.49929906542056074
"{""entry_z"": 2.0, ""exit_z"": 0.25, ""fixed_n_components"": null, ""max_holding_period"": null, ""min_asset_coverage"": 0.6, ""min_train_observations"": 480, ""min_universe_assets"": 5, ""pca_component_selection_method"": ""explained_variance"", ""pca_explained_variance"": 0.9, ""rebalance_frequency"": 72, ""regression_type"": ""OLS"", ""ridge_alpha"": 1.0, ""stage"": ""core"", ""stop_loss_z"": null, ""target"": ""BTC"", ""train_window"": 1440, ""transaction_cost_bps"": 10, ""universe_selection_method"": ""priority_with_coverage_fallback"", ""universe_size"": 30, ""zscore_lookback"": 1440}",core,crypto,BTC,priority_with_coverage_fallback,30,30,"ETH,SOL,XRP,BNB,TRX,ADA,AVAX,DOT,NEAR,ATOM,ALGO,DOGE,BCH,LTC,XLM,ETC,LINK,UNI,AAVE,INJ,FIL,VET,FET,GRT,THETA,XTZ,SAND,CHZ,DASH,HBAR","TON,SUI,ICP,MKR,RENDER,RNDR,ARB,OP,MATIC,POL,APT,SEI,EOS,MANA","CHZ,DASH,HBAR",1440,72,0.9,explained_variance,,1440,2.0,0.25,10.0,8760.0,0.6,5,480,711,0,1.0,,,0,0,OLS,,84.68711936235911,1.143628767799091,0.33137354980511,3.4511769828089505,-0.186062076814984,0.0032464992568254714,162,173.64556962025316,0.4983233707537542
"{""entry_z"": 2.0, ""exit_z"": 0.25, ""fixed_n_components"": null, ""max_holding_period"": null, ""min_asset_coverage"": 0.6, ""min_train_observations"": 480, ""min_universe_assets"": 5, ""pca_component_selection_method"": ""explained_variance"", ""pca_explained_variance"": 0.7, ""rebalance_frequency"": 72, ""regression_type"": ""OLS"", ""ridge_alpha"": 1.0, ""stage"": ""core"", ""stop_loss_z"": null, ""target"": ""BTC"", ""train_window"": 2880, ""transaction_cost_bps"": 10, ""universe_selection_method"": ""priority_with_coverage_fallback"", ""universe_size"": 30, ""zscore_lookback"": 336}",core,crypto,BTC,priority_with_coverage_fallback,30,30,"ETH,SOL,XRP,BNB,TRX,ADA,AVAX,DOT,NEAR,ATOM,ALGO,DOGE,BCH,LTC,XLM,ETC,LINK,UNI,AAVE,INJ,FIL,VET,FET,GRT,THETA,XTZ,SAND,CHZ,DASH,HBAR","TON,SUI,ICP,MKR,RENDER,RNDR,ARB,OP,MATIC,POL,APT,SEI,EOS,MANA","CHZ,DASH,HBAR",2880,72,0.7,explained_variance,,336,2.0,0.25,10.0,8760.0,0.6,5,480,691,0,1.0,,,0,0,OLS,,-0.46353680888683924,-0.1039717606713878,0.3956075517948107,-0.2628154093613327,-0.6293310053665946,0.006842147629397086,335,176.35757575757575,0.49369394137255573
"{""entry_z"": 2.0, ""exit_z"": 0.25, ""fixed_n_components"": null, ""max_holding_period"": null, ""min_asset_coverage"": 0.6, ""min_train_observations"": 480, ""min_universe_assets"": 5, ""pca_component_selection_method"": ""explained_variance"", ""pca_explained_variance"": 0.8, ""rebalance_frequency"": 72, ""regression_type"": ""OLS"", ""ridge_alpha"": 1.0, ""stage"": ""core"", ""stop_loss_z"": null, ""target"": ""BTC"", ""train_window"": 2880, ""transaction_cost_bps"": 10, ""universe_selection_method"": ""priority_with_coverage_fallback"", ""universe_size"": 30, ""zscore_lookback"": 336}",core,crypto,BTC,priority_with_coverage_fallback,30,30,"ETH,SOL,XRP,BNB,TRX,ADA,AVAX,DOT,NEAR,ATOM,ALGO,DOGE,BCH,LTC,XLM,ETC,LINK,UNI,AAVE,INJ,FIL,VET,FET,GRT,THETA,XTZ,SAND,CHZ,DASH,HBAR","TON,SUI,ICP,MKR,RENDER,RNDR,ARB,OP,MATIC,POL,APT,SEI,EOS,MANA","CHZ,DASH,HBAR",2880,72,0.8,explained_variance,,336,2.0,0.25,10.0,8760.0,0.6,5,480,691,0,1.0,,,0,0,OLS,,0.19528767361244714,0.03194678086546454,0.3937912101882107,0.08112619083141984,-0.5521614104553514,0.006962891411092329,345,162.17441860465115,0.49419229941922993
"{""entry_z"": 2.0, ""exit_z"": 0.25, ""fixed_n_components"": null, ""max_holding_period"": null, ""min_asset_coverage"": 0.6, ""min_train_observations"": 480, ""min_universe_assets"": 5, ""pca_component_selection_method"": ""explained_variance"", ""pca_explained_variance"": 0.9, ""rebalance_frequency"": 72, ""regression_type"": ""OLS"", ""ridge_alpha"": 1.0, ""stage"": ""core"", ""stop_loss_z"": null, ""target"": ""BTC"", ""train_window"": 2880, ""transaction_cost_bps"": 10, ""universe_selection_method"": ""priority_with_coverage_fallback"", ""universe_size"": 30, ""zscore_lookback"": 336}",core,crypto,BTC,priority_with_coverage_fallback,30,30,"ETH,SOL,XRP,BNB,TRX,ADA,AVAX,DOT,NEAR,ATOM,ALGO,DOGE,BCH,LTC,XLM,ETC,LINK,UNI,AAVE,INJ,FIL,VET,FET,GRT,THETA,XTZ,SAND,CHZ,DASH,HBAR","TON,SUI,ICP,MKR,RENDER,RNDR,ARB,OP,MATIC,POL,APT,SEI,EOS,MANA","CHZ,DASH,HBAR",2880,72,0.9,explained_variance,,336,2.0,0.25,10.0,8760.0,0.6,5,480,691,0,1.0,,,0,0,OLS,,1.3387140362733283,0.1615702272959505,0.3712691108893751,0.4351835974420523,-0.3992764233128976,0.006842147629397086,333,167.85889570552146,0.4965096304959614
"{""entry_z"": 2.0, ""exit_z"": 0.25, ""fixed_n_components"": null, ""max_holding_period"": null, ""min_asset_coverage"": 0.6, ""min_train_observations"": 480, ""min_universe_assets"": 5, ""pca_component_selection_method"": ""explained_variance"", ""pca_explained_variance"": 0.7, ""rebalance_frequency"": 72, ""regression_type"": ""OLS"", ""ridge_alpha"": 1.0, ""stage"": ""core"", ""stop_loss_z"": null, ""target"": ""BTC"", ""train_window"": 2880, ""transaction_cost_bps"": 10, ""universe_selection_method"": ""priority_with_coverage_fallback"", ""universe_size"": 30, ""zscore_lookback"": 720}",core,crypto,BTC,priority_with_coverage_fallback,30,30,"ETH,SOL,XRP,BNB,TRX,ADA,AVAX,DOT,NEAR,ATOM,ALGO,DOGE,BCH,LTC,XLM,ETC,LINK,UNI,AAVE,INJ,FIL,VET,FET,GRT,THETA,XTZ,SAND,CHZ,DASH,HBAR","TON,SUI,ICP,MKR,RENDER,RNDR,ARB,OP,MATIC,POL,APT,SEI,EOS,MANA","CHZ,DASH,HBAR",2880,72,0.7,explained_variance,,720,2.0,0.25,10.0,8760.0,0.6,5,480,691,0,1.0,,,0,0,OLS,,0.6633365301708141,0.09384474574930013,0.38349254284247364,0.2447107447089226,-0.4089031557977405,0.0031393383240763103,154,318.25,0.49386033819820563
"{""entry_z"": 2.0, ""exit_z"": 0.25, ""fixed_n_components"": null, ""max_holding_period"": null, ""min_asset_coverage"": 0.6, ""min_train_observations"": 480, ""min_universe_assets"": 5, ""pca_component_selection_method"": ""explained_variance"", ""pca_explained_variance"": 0.8, ""rebalance_frequency"": 72, ""regression_type"": ""OLS"", ""ridge_alpha"": 1.0, ""stage"": ""core"", ""stop_loss_z"": null, ""target"": ""BTC"", ""train_window"": 2880, ""transaction_cost_bps"": 10, ""universe_selection_method"": ""priority_with_coverage_fallback"", ""universe_size"": 30, ""zscore_lookback"": 720}",core,crypto,BTC,priority_with_coverage_fallback,30,30,"ETH,SOL,XRP,BNB,TRX,ADA,AVAX,DOT,NEAR,ATOM,ALGO,DOGE,BCH,LTC,XLM,ETC,LINK,UNI,AAVE,INJ,FIL,VET,FET,GRT,THETA,XTZ,SAND,CHZ,DASH,HBAR","TON,SUI,ICP,MKR,RENDER,RNDR,ARB,OP,MATIC,POL,APT,SEI,EOS,MANA","CHZ,DASH,HBAR",2880,72,0.8,explained_variance,,720,2.0,0.25,10.0,8760.0,0.6,5,480,691,0,1.0,,,0,0,OLS,,1.9845262035306424,0.21258962125667313,0.3997660825844378,0.5317850375957555,-0.379699565181041,0.0032198341785398053,157,318.4935064935065,0.4914369597129343
"{""entry_z"": 2.0, ""exit_z"": 0.25, ""fixed_n_components"": null, ""max_holding_period"": null, ""min_asset_coverage"": 0.6, ""min_train_observations"": 480, ""min_universe_assets"": 5, ""pca_component_selection_method"": ""explained_variance"", ""pca_explained_variance"": 0.9, ""rebalance_frequency"": 72, ""regression_type"": ""OLS"", ""ridge_alpha"": 1.0, ""stage"": ""core"", ""stop_loss_z"": null, ""target"": ""BTC"", ""train_window"": 2880, ""transaction_cost_bps"": 10, ""universe_selection_method"": ""priority_with_coverage_fallback"", ""universe_size"": 30, ""zscore_lookback"": 720}",core,crypto,BTC,priority_with_coverage_fallback,30,30,"ETH,SOL,XRP,BNB,TRX,ADA,AVAX,DOT,NEAR,ATOM,ALGO,DOGE,BCH,LTC,XLM,ETC,LINK,UNI,AAVE,INJ,FIL,VET,FET,GRT,THETA,XTZ,SAND,CHZ,DASH,HBAR","TON,SUI,ICP,MKR,RENDER,RNDR,ARB,OP,MATIC,POL,APT,SEI,EOS,MANA","CHZ,DASH,HBAR",2880,72,0.9,explained_variance,,720,2.0,0.25,10.0,8760.0,0.6,5,480,691,0,1.0,,,0,0,OLS,,15.409840304689077,0.6375923113522126,0.37391680264787275,1.7051715965614147,-0.2873851453995465,0.0035820655236255333,172,282.9277108433735,0.4944853723970532
"{""entry_z"": 2.0, ""exit_z"": 0.25, ""fixed_n_components"": null, ""max_holding_period"": null, ""min_asset_coverage"": 0.6, ""min_train_observations"": 480, ""min_universe_assets"": 5, ""pca_component_selection_method"": ""explained_variance"", ""pca_explained_variance"": 0.7, ""rebalance_frequency"": 72, ""regression_type"": ""OLS"", ""ridge_alpha"": 1.0, ""stage"": ""core"", ""stop_loss_z"": null, ""target"": ""BTC"", ""train_window"": 2880, ""transaction_cost_bps"": 10, ""universe_selection_method"": ""priority_with_coverage_fallback"", ""universe_size"": 30, ""zscore_lookback"": 1440}",core,crypto,BTC,priority_with_coverage_fallback,30,30,"ETH,SOL,XRP,BNB,TRX,ADA,AVAX,DOT,NEAR,ATOM,ALGO,DOGE,BCH,LTC,XLM,ETC,LINK,UNI,AAVE,INJ,FIL,VET,FET,GRT,THETA,XTZ,SAND,CHZ,DASH,HBAR","TON,SUI,ICP,MKR,RENDER,RNDR,ARB,OP,MATIC,POL,APT,SEI,EOS,MANA","CHZ,DASH,HBAR",2880,72,0.7,explained_variance,,1440,2.0,0.25,10.0,8760.0,0.6,5,480,691,0,1.0,,,0,0,OLS,,6.471132695890838,0.4254951202594317,0.37432578898272706,1.136697317638101,-0.31269041846480206,0.001851404652660388,89,486.69767441860466,0.49713302752293576
"{""entry_z"": 2.0, ""exit_z"": 0.25, ""fixed_n_components"": null, ""max_holding_period"": null, ""min_asset_coverage"": 0.6, ""min_train_observations"": 480, ""min_universe_assets"": 5, ""pca_component_selection_method"": ""explained_variance"", ""pca_explained_variance"": 0.8, ""rebalance_frequency"": 72, ""regression_type"": ""OLS"", ""ridge_alpha"": 1.0, ""stage"": ""core"", ""stop_loss_z"": null, ""target"": ""BTC"", ""train_window"": 2880, ""transaction_cost_bps"": 10, ""universe_selection_method"": ""priority_with_coverage_fallback"", ""universe_size"": 30, ""zscore_lookback"": 1440}",core,crypto,BTC,priority_with_coverage_fallback,30,30,"ETH,SOL,XRP,BNB,TRX,ADA,AVAX,DOT,NEAR,ATOM,ALGO,DOGE,BCH,LTC,XLM,ETC,LINK,UNI,AAVE,INJ,FIL,VET,FET,GRT,THETA,XTZ,SAND,CHZ,DASH,HBAR","TON,SUI,ICP,MKR,RENDER,RNDR,ARB,OP,MATIC,POL,APT,SEI,EOS,MANA","CHZ,DASH,HBAR",2880,72,0.8,explained_variance,,1440,2.0,0.25,10.0,8760.0,0.6,5,480,691,0,1.0,,,0,0,OLS,,10.523274107055839,0.5386536954749155,0.35382975240656644,1.5223527467977818,-0.3368858191912105,0.0018916525798921356,93,451.2173913043478,0.49580844093274234
"{""entry_z"": 2.0, ""exit_z"": 0.25, ""fixed_n_components"": null, ""max_holding_period"": null, ""min_asset_coverage"": 0.6, ""min_train_observations"": 480, ""min_universe_assets"": 5, ""pca_component_selection_method"": ""explained_variance"", ""pca_explained_variance"": 0.9, ""rebalance_frequency"": 72, ""regression_type"": ""OLS"", ""ridge_alpha"": 1.0, ""stage"": ""core"", ""stop_loss_z"": null, ""target"": ""BTC"", ""train_window"": 2880, ""transaction_cost_bps"": 10, ""universe_selection_method"": ""priority_with_coverage_fallback"", ""universe_size"": 30, ""zscore_lookback"": 1440}",core,crypto,BTC,priority_with_coverage_fallback,30,30,"ETH,SOL,XRP,BNB,TRX,ADA,AVAX,DOT,NEAR,ATOM,ALGO,DOGE,BCH,LTC,XLM,ETC,LINK,UNI,AAVE,INJ,FIL,VET,FET,GRT,THETA,XTZ,SAND,CHZ,DASH,HBAR","TON,SUI,ICP,MKR,RENDER,RNDR,ARB,OP,MATIC,POL,APT,SEI,EOS,MANA","CHZ,DASH,HBAR",2880,72,0.9,explained_variance,,1440,2.0,0.25,10.0,8760.0,0.6,5,480,691,0,1.0,,,0,0,OLS,,13.914203980907923,0.6102346620535535,0.34134274254547,1.7877475803437204,-0.245178383065763,0.0021130161796667473,103,337.2352941176471,0.4993313564742136
"{""entry_z"": 2.0, ""exit_z"": 0.5, ""fixed_n_components"": null, ""max_holding_period"": null, ""min_asset_coverage"": 0.6, ""min_train_observations"": 480, ""min_universe_assets"": 5, ""pca_component_selection_method"": ""explained_variance"", ""pca_explained_variance"": 0.7, ""rebalance_frequency"": 72, ""regression_type"": ""OLS"", ""ridge_alpha"": 1.0, ""stage"": ""core"", ""stop_loss_z"": null, ""target"": ""BTC"", ""train_window"": 720, ""transaction_cost_bps"": 10, ""universe_selection_method"": ""priority_with_coverage_fallback"", ""universe_size"": 30, ""zscore_lookback"": 336}",core,crypto,BTC,priority_with_coverage_fallback,30,30,"ETH,SOL,XRP,BNB,TRX,ADA,AVAX,DOT,NEAR,ATOM,ALGO,DOGE,BCH,LTC,XLM,ETC,LINK,UNI,AAVE,INJ,FIL,VET,FET,GRT,THETA,XTZ,SAND,CHZ,DASH,HBAR","TON,SUI,ICP,MKR,RENDER,RNDR,ARB,OP,MATIC,POL,APT,SEI,EOS,MANA","CHZ,DASH,HBAR",720,72,0.7,explained_variance,,336,2.0,0.5,10.0,8760.0,0.6,5,480,721,0,1.0,,,0,0,OLS,,11.270906572528414,0.5274162498391033,0.3619086776826984,1.4573186064952905,-0.31281672023683504,0.0075214070816940525,385,102.52105263157895,0.4987422352276811
"{""entry_z"": 2.0, ""exit_z"": 0.5, ""fixed_n_components"": null, ""max_holding_period"": null, ""min_asset_coverage"": 0.6, ""min_train_observations"": 480, ""min_universe_assets"": 5, ""pca_component_selection_method"": ""explained_variance"", ""pca_explained_variance"": 0.8, ""rebalance_frequency"": 72, ""regression_type"": ""OLS"", ""ridge_alpha"": 1.0, ""stage"": ""core"", ""stop_loss_z"": null, ""target"": ""BTC"", ""train_window"": 720, ""transaction_cost_bps"": 10, ""universe_selection_method"": ""priority_with_coverage_fallback"", ""universe_size"": 30, ""zscore_lookback"": 336}",core,crypto,BTC,priority_with_coverage_fallback,30,30,"ETH,SOL,XRP,BNB,TRX,ADA,AVAX,DOT,NEAR,ATOM,ALGO,DOGE,BCH,LTC,XLM,ETC,LINK,UNI,AAVE,INJ,FIL,VET,FET,GRT,THETA,XTZ,SAND,CHZ,DASH,HBAR","TON,SUI,ICP,MKR,RENDER,RNDR,ARB,OP,MATIC,POL,APT,SEI,EOS,MANA","CHZ,DASH,HBAR",720,72,0.8,explained_variance,,336,2.0,0.5,10.0,8760.0,0.6,5,480,721,0,1.0,,,0,0,OLS,,19.97761838879205,0.6722477782437561,0.3568338754228134,1.883923653400922,-0.19977882924199863,0.007637121036797038,393,98.22051282051282,0.4944917245340156
"{""entry_z"": 2.0, ""exit_z"": 0.5, ""fixed_n_components"": null, ""max_holding_period"": null, ""min_asset_coverage"": 0.6, ""min_train_observations"": 480, ""min_universe_assets"": 5, ""pca_component_selection_method"": ""explained_variance"", ""pca_explained_variance"": 0.9, ""rebalance_frequency"": 72, ""regression_type"": ""OLS"", ""ridge_alpha"": 1.0, ""stage"": ""core"", ""stop_loss_z"": null, ""target"": ""BTC"", ""train_window"": 720, ""transaction_cost_bps"": 10, ""universe_selection_method"": ""priority_with_coverage_fallback"", ""universe_size"": 30, ""zscore_lookback"": 336}",core,crypto,BTC,priority_with_coverage_fallback,30,30,"ETH,SOL,XRP,BNB,TRX,ADA,AVAX,DOT,NEAR,ATOM,ALGO,DOGE,BCH,LTC,XLM,ETC,LINK,UNI,AAVE,INJ,FIL,VET,FET,GRT,THETA,XTZ,SAND,CHZ,DASH,HBAR","TON,SUI,ICP,MKR,RENDER,RNDR,ARB,OP,MATIC,POL,APT,SEI,EOS,MANA","CHZ,DASH,HBAR",720,72,0.9,explained_variance,,336,2.0,0.5,10.0,8760.0,0.6,5,480,721,0,1.0,,,0,0,OLS,,64.11911319681886,1.0249402676113384,0.34653689888328004,2.9576656076574315,-0.19356399613015574,0.0075214070816940525,385,82.75263157894737,0.4915092539591681
"{""entry_z"": 2.0, ""exit_z"": 0.5, ""fixed_n_components"": null, ""max_holding_period"": null, ""min_asset_coverage"": 0.6, ""min_train_observations"": 480, ""min_universe_assets"": 5, ""pca_component_selection_method"": ""explained_variance"", ""pca_explained_variance"": 0.7, ""rebalance_frequency"": 72, ""regression_type"": ""OLS"", ""ridge_alpha"": 1.0, ""stage"": ""core"", ""stop_loss_z"": null, ""target"": ""BTC"", ""train_window"": 720, ""transaction_cost_bps"": 10, ""universe_selection_method"": ""priority_with_coverage_fallback"", ""universe_size"": 30, ""zscore_lookback"": 720}",core,crypto,BTC,priority_with_coverage_fallback,30,30,"ETH,SOL,XRP,BNB,TRX,ADA,AVAX,DOT,NEAR,ATOM,ALGO,DOGE,BCH,LTC,XLM,ETC,LINK,UNI,AAVE,INJ,FIL,VET,FET,GRT,THETA,XTZ,SAND,CHZ,DASH,HBAR","TON,SUI,ICP,MKR,RENDER,RNDR,ARB,OP,MATIC,POL,APT,SEI,EOS,MANA","CHZ,DASH,HBAR",720,72,0.7,explained_variance,,720,2.0,0.5,10.0,8760.0,0.6,5,480,721,0,1.0,,,0,0,OLS,,45.61903959736181,0.9137757605129158,0.3423293140017067,2.6692886736201626,-0.17787933501582232,0.004551415567384093,235,133.75213675213675,0.49913732506869446
"{""entry_z"": 2.0, ""exit_z"": 0.5, ""fixed_n_components"": null, ""max_holding_period"": null, ""min_asset_coverage"": 0.6, ""min_train_observations"": 480, ""min_universe_assets"": 5, ""pca_component_selection_method"": ""explained_variance"", ""pca_explained_variance"": 0.8, ""rebalance_frequency"": 72, ""regression_type"": ""OLS"", ""ridge_alpha"": 1.0, ""stage"": ""core"", ""stop_loss_z"": null, ""target"": ""BTC"", ""train_window"": 720, ""transaction_cost_bps"": 10, ""universe_selection_method"": ""priority_with_coverage_fallback"", ""universe_size"": 30, ""zscore_lookback"": 720}",core,crypto,BTC,priority_with_coverage_fallback,30,30,"ETH,SOL,XRP,BNB,TRX,ADA,AVAX,DOT,NEAR,ATOM,ALGO,DOGE,BCH,LTC,XLM,ETC,LINK,UNI,AAVE,INJ,FIL,VET,FET,GRT,THETA,XTZ,SAND,CHZ,DASH,HBAR","TON,SUI,ICP,MKR,RENDER,RNDR,ARB,OP,MATIC,POL,APT,SEI,EOS,MANA","CHZ,DASH,HBAR",720,72,0.8,explained_variance,,720,2.0,0.5,10.0,8760.0,0.6,5,480,721,0,1.0,,,0,0,OLS,,54.556804848237725,0.9713332887370714,0.35342089488020384,2.748375386990959,-0.1997788292419984,0.004609272544935586,237,117.5,0.4964298593580959
"{""entry_z"": 2.0, ""exit_z"": 0.5, ""fixed_n_components"": null, ""max_holding_period"": null, ""min_asset_coverage"": 0.6, ""min_train_observations"": 480, ""min_universe_assets"": 5, ""pca_component_selection_method"": ""explained_variance"", ""pca_explained_variance"": 0.9, ""rebalance_frequency"": 72, ""regression_type"": ""OLS"", ""ridge_alpha"": 1.0, ""stage"": ""core"", ""stop_loss_z"": null, ""target"": ""BTC"", ""train_window"": 720, ""transaction_cost_bps"": 10, ""universe_selection_method"": ""priority_with_coverage_fallback"", ""universe_size"": 30, ""zscore_lookback"": 720}",core,crypto,BTC,priority_with_coverage_fallback,30,30,"ETH,SOL,XRP,BNB,TRX,ADA,AVAX,DOT,NEAR,ATOM,ALGO,DOGE,BCH,LTC,XLM,ETC,LINK,UNI,AAVE,INJ,FIL,VET,FET,GRT,THETA,XTZ,SAND,CHZ,DASH,HBAR","TON,SUI,ICP,MKR,RENDER,RNDR,ARB,OP,MATIC,POL,APT,SEI,EOS,MANA","CHZ,DASH,HBAR",720,72,0.9,explained_variance,,720,2.0,0.5,10.0,8760.0,0.6,5,480,721,0,1.0,,,0,0,OLS,,79.98216618673887,1.1009118701524176,0.3444285148429397,3.196343574092396,-0.1935639961301555,0.004802129136773895,248,97.53225806451613,0.48767984124359187
"{""entry_z"": 2.0, ""exit_z"": 0.5, ""fixed_n_components"": null, ""max_holding_period"": null, ""min_asset_coverage"": 0.6, ""min_train_observations"": 480, ""min_universe_assets"": 5, ""pca_component_selection_method"": ""explained_variance"", ""pca_explained_variance"": 0.7, ""rebalance_frequency"": 72, ""regression_type"": ""OLS"", ""ridge_alpha"": 1.0, ""stage"": ""core"", ""stop_loss_z"": null, ""target"": ""BTC"", ""train_window"": 720, ""transaction_cost_bps"": 10, ""universe_selection_method"": ""priority_with_coverage_fallback"", ""universe_size"": 30, ""zscore_lookback"": 1440}",core,crypto,BTC,priority_with_coverage_fallback,30,30,"ETH,SOL,XRP,BNB,TRX,ADA,AVAX,DOT,NEAR,ATOM,ALGO,DOGE,BCH,LTC,XLM,ETC,LINK,UNI,AAVE,INJ,FIL,VET,FET,GRT,THETA,XTZ,SAND,CHZ,DASH,HBAR","TON,SUI,ICP,MKR,RENDER,RNDR,ARB,OP,MATIC,POL,APT,SEI,EOS,MANA","CHZ,DASH,HBAR",720,72,0.7,explained_variance,,1440,2.0,0.5,10.0,8760.0,0.6,5,480,721,0,1.0,,,0,0,OLS,,38.70843580308256,0.8625976610757426,0.3252159084423067,2.6523845810844384,-0.16638005928410515,0.0028928488775746353,149,150.54054054054055,0.4947037701974865
"{""entry_z"": 2.0, ""exit_z"": 0.5, ""fixed_n_components"": null, ""max_holding_period"": null, ""min_asset_coverage"": 0.6, ""min_train_observations"": 480, ""min_universe_assets"": 5, ""pca_component_selection_method"": ""explained_variance"", ""pca_explained_variance"": 0.8, ""rebalance_frequency"": 72, ""regression_type"": ""OLS"", ""ridge_alpha"": 1.0, ""stage"": ""core"", ""stop_loss_z"": null, ""target"": ""BTC"", ""train_window"": 720, ""transaction_cost_bps"": 10, ""universe_selection_method"": ""priority_with_coverage_fallback"", ""universe_size"": 30, ""zscore_lookback"": 1440}",core,crypto,BTC,priority_with_coverage_fallback,30,30,"ETH,SOL,XRP,BNB,TRX,ADA,AVAX,DOT,NEAR,ATOM,ALGO,DOGE,BCH,LTC,XLM,ETC,LINK,UNI,AAVE,INJ,FIL,VET,FET,GRT,THETA,XTZ,SAND,CHZ,DASH,HBAR","TON,SUI,ICP,MKR,RENDER,RNDR,ARB,OP,MATIC,POL,APT,SEI,EOS,MANA","CHZ,DASH,HBAR",720,72,0.8,explained_variance,,1440,2.0,0.5,10.0,8760.0,0.6,5,480,721,0,1.0,,,0,0,OLS,,41.35472152275779,0.8830101381420297,0.33180500359179715,2.661232135089657,-0.14772847638093123,0.00320141942451593,166,125.86746987951807,0.49516607638556526
"{""entry_z"": 2.0, ""exit_z"": 0.5, ""fixed_n_components"": null, ""max_holding_period"": null, ""min_asset_coverage"": 0.6, ""min_train_observations"": 480, ""min_universe_assets"": 5, ""pca_component_selection_method"": ""explained_variance"", ""pca_explained_variance"": 0.9, ""rebalance_frequency"": 72, ""regression_type"": ""OLS"", ""ridge_alpha"": 1.0, ""stage"": ""core"", ""stop_loss_z"": null, ""target"": ""BTC"", ""train_window"": 720, ""transaction_cost_bps"": 10, ""universe_selection_method"": ""priority_with_coverage_fallback"", ""universe_size"": 30, ""zscore_lookback"": 1440}",core,crypto,BTC,priority_with_coverage_fallback,30,30,"ETH,SOL,XRP,BNB,TRX,ADA,AVAX,DOT,NEAR,ATOM,ALGO,DOGE,BCH,LTC,XLM,ETC,LINK,UNI,AAVE,INJ,FIL,VET,FET,GRT,THETA,XTZ,SAND,CHZ,DASH,HBAR","TON,SUI,ICP,MKR,RENDER,RNDR,ARB,OP,MATIC,POL,APT,SEI,EOS,MANA","CHZ,DASH,HBAR",720,72,0.9,explained_variance,,1440,2.0,0.5,10.0,8760.0,0.6,5,480,721,0,1.0,,,0,0,OLS,,64.88565567898623,1.0289476821801564,0.31804992086813094,3.2351766646305067,-0.1331099250954635,0.003317133379618915,170,101.83333333333333,0.4907645545943418
"{""entry_z"": 2.0, ""exit_z"": 0.5, ""fixed_n_components"": null, ""max_holding_period"": null, ""min_asset_coverage"": 0.6, ""min_train_observations"": 480, ""min_universe_assets"": 5, ""pca_component_selection_method"": ""explained_variance"", ""pca_explained_variance"": 0.7, ""rebalance_frequency"": 72, ""regression_type"": ""OLS"", ""ridge_alpha"": 1.0, ""stage"": ""core"", ""stop_loss_z"": null, ""target"": ""BTC"", ""train_window"": 1440, ""transaction_cost_bps"": 10, ""universe_selection_method"": ""priority_with_coverage_fallback"", ""universe_size"": 30, ""zscore_lookback"": 336}",core,crypto,BTC,priority_with_coverage_fallback,30,30,"ETH,SOL,XRP,BNB,TRX,ADA,AVAX,DOT,NEAR,ATOM,ALGO,DOGE,BCH,LTC,XLM,ETC,LINK,UNI,AAVE,INJ,FIL,VET,FET,GRT,THETA,XTZ,SAND,CHZ,DASH,HBAR","TON,SUI,ICP,MKR,RENDER,RNDR,ARB,OP,MATIC,POL,APT,SEI,EOS,MANA","CHZ,DASH,HBAR",1440,72,0.7,explained_variance,,336,2.0,0.5,10.0,8760.0,0.6,5,480,711,0,1.0,,,0,0,OLS,,1.4285401489821563,0.16417387803665662,0.35967243429246026,0.4564538796519557,-0.49502007623614286,0.0069623719001799264,352,136.44252873563218,0.4931553009561518
"{""entry_z"": 2.0, ""exit_z"": 0.5, ""fixed_n_components"": null, ""max_holding_period"": null, ""min_asset_coverage"": 0.6, ""min_train_observations"": 480, ""min_universe_assets"": 5, ""pca_component_selection_method"": ""explained_variance"", ""pca_explained_variance"": 0.8, ""rebalance_frequency"": 72, ""regression_type"": ""OLS"", ""ridge_alpha"": 1.0, ""stage"": ""core"", ""stop_loss_z"": null, ""target"": ""BTC"", ""train_window"": 1440, ""transaction_cost_bps"": 10, ""universe_selection_method"": ""priority_with_coverage_fallback"", ""universe_size"": 30, ""zscore_lookback"": 336}",core,crypto,BTC,priority_with_coverage_fallback,30,30,"ETH,SOL,XRP,BNB,TRX,ADA,AVAX,DOT,NEAR,ATOM,ALGO,DOGE,BCH,LTC,XLM,ETC,LINK,UNI,AAVE,INJ,FIL,VET,FET,GRT,THETA,XTZ,SAND,CHZ,DASH,HBAR","TON,SUI,ICP,MKR,RENDER,RNDR,ARB,OP,MATIC,POL,APT,SEI,EOS,MANA","CHZ,DASH,HBAR",1440,72,0.8,explained_variance,,336,2.0,0.5,10.0,8760.0,0.6,5,480,711,0,1.0,,,0,0,OLS,,2.054256303215769,0.2108061836675208,0.33895945095398006,0.621921539801354,-0.3553308334680918,0.007079715246812173,359,123.34831460674157,0.4947167061395518
"{""entry_z"": 2.0, ""exit_z"": 0.5, ""fixed_n_components"": null, ""max_holding_period"": null, ""min_asset_coverage"": 0.6, ""min_train_observations"": 480, ""min_universe_assets"": 5, ""pca_component_selection_method"": ""explained_variance"", ""pca_explained_variance"": 0.9, ""rebalance_frequency"": 72, ""regression_type"": ""OLS"", ""ridge_alpha"": 1.0, ""stage"": ""core"", ""stop_loss_z"": null, ""target"": ""BTC"", ""train_window"": 1440, ""transaction_cost_bps"": 10, ""universe_selection_method"": ""priority_with_coverage_fallback"", ""universe_size"": 30, ""zscore_lookback"": 336}",core,crypto,BTC,priority_with_coverage_fallback,30,30,"ETH,SOL,XRP,BNB,TRX,ADA,AVAX,DOT,NEAR,ATOM,ALGO,DOGE,BCH,LTC,XLM,ETC,LINK,UNI,AAVE,INJ,FIL,VET,FET,GRT,THETA,XTZ,SAND,CHZ,DASH,HBAR","TON,SUI,ICP,MKR,RENDER,RNDR,ARB,OP,MATIC,POL,APT,SEI,EOS,MANA","CHZ,DASH,HBAR",1440,72,0.9,explained_variance,,336,2.0,0.5,10.0,8760.0,0.6,5,480,711,0,1.0,,,0,0,OLS,,9.60170157411151,0.49854111227250764,0.3351020506689974,1.4877292194339624,-0.3106566559346099,0.007725103653289525,389,105.16145833333333,0.49586449408152145
"{""entry_z"": 2.0, ""exit_z"": 0.5, ""fixed_n_components"": null, ""max_holding_period"": null, ""min_asset_coverage"": 0.6, ""min_train_observations"": 480, ""min_universe_assets"": 5, ""pca_component_selection_method"": ""explained_variance"", ""pca_explained_variance"": 0.7, ""rebalance_frequency"": 72, ""regression_type"": ""OLS"", ""ridge_alpha"": 1.0, ""stage"": ""core"", ""stop_loss_z"": null, ""target"": ""BTC"", ""train_window"": 1440, ""transaction_cost_bps"": 10, ""universe_selection_method"": ""priority_with_coverage_fallback"", ""universe_size"": 30, ""zscore_lookback"": 720}",core,crypto,BTC,priority_with_coverage_fallback,30,30,"ETH,SOL,XRP,BNB,TRX,ADA,AVAX,DOT,NEAR,ATOM,ALGO,DOGE,BCH,LTC,XLM,ETC,LINK,UNI,AAVE,INJ,FIL,VET,FET,GRT,THETA,XTZ,SAND,CHZ,DASH,HBAR","TON,SUI,ICP,MKR,RENDER,RNDR,ARB,OP,MATIC,POL,APT,SEI,EOS,MANA","CHZ,DASH,HBAR",1440,72,0.7,explained_variance,,720,2.0,0.5,10.0,8760.0,0.6,5,480,711,0,1.0,,,0,0,OLS,,9.783347736429873,0.5029089707682886,0.35468617141689657,1.4178984445863032,-0.2767032984592058,0.00367675819447704,183,222.80898876404495,0.4956631366616238
"{""entry_z"": 2.0, ""exit_z"": 0.5, ""fixed_n_components"": null, ""max_holding_period"": null, ""min_asset_coverage"": 0.6, ""min_train_observations"": 480, ""min_universe_assets"": 5, ""pca_component_selection_method"": ""explained_variance"", ""pca_explained_variance"": 0.8, ""rebalance_frequency"": 72, ""regression_type"": ""OLS"", ""ridge_alpha"": 1.0, ""stage"": ""core"", ""stop_loss_z"": null, ""target"": ""BTC"", ""train_window"": 1440, ""transaction_cost_bps"": 10, ""universe_selection_method"": ""priority_with_coverage_fallback"", ""universe_size"": 30, ""zscore_lookback"": 720}",core,crypto,BTC,priority_with_coverage_fallback,30,30,"ETH,SOL,XRP,BNB,TRX,ADA,AVAX,DOT,NEAR,ATOM,ALGO,DOGE,BCH,LTC,XLM,ETC,LINK,UNI,AAVE,INJ,FIL,VET,FET,GRT,THETA,XTZ,SAND,CHZ,DASH,HBAR","TON,SUI,ICP,MKR,RENDER,RNDR,ARB,OP,MATIC,POL,APT,SEI,EOS,MANA","CHZ,DASH,HBAR",1440,72,0.8,explained_variance,,720,2.0,0.5,10.0,8760.0,0.6,5,480,711,0,1.0,,,0,0,OLS,,11.178808540509293,0.5345717925953721,0.34206255274283015,1.56278957842332,-0.26068917992083485,0.003911444887741531,199,178.53535353535352,0.4943705799151344
"{""entry_z"": 2.0, ""exit_z"": 0.5, ""fixed_n_components"": null, ""max_holding_period"": null, ""min_asset_coverage"": 0.6, ""min_train_observations"": 480, ""min_universe_assets"": 5, ""pca_component_selection_method"": ""explained_variance"", ""pca_explained_variance"": 0.9, ""rebalance_frequency"": 72, ""regression_type"": ""OLS"", ""ridge_alpha"": 1.0, ""stage"": ""core"", ""stop_loss_z"": null, ""target"": ""BTC"", ""train_window"": 1440, ""transaction_cost_bps"": 10, ""universe_selection_method"": ""priority_with_coverage_fallback"", ""universe_size"": 30, ""zscore_lookback"": 720}",core,crypto,BTC,priority_with_coverage_fallback,30,30,"ETH,SOL,XRP,BNB,TRX,ADA,AVAX,DOT,NEAR,ATOM,ALGO,DOGE,BCH,LTC,XLM,ETC,LINK,UNI,AAVE,INJ,FIL,VET,FET,GRT,THETA,XTZ,SAND,CHZ,DASH,HBAR","TON,SUI,ICP,MKR,RENDER,RNDR,ARB,OP,MATIC,POL,APT,SEI,EOS,MANA","CHZ,DASH,HBAR",1440,72,0.9,explained_variance,,720,2.0,0.5,10.0,8760.0,0.6,5,480,711,0,1.0,,,0,0,OLS,,43.67678415193648,0.917318020310379,0.3269866092906696,2.805368765101153,-0.21419768166177033,0.004498161620902761,227,133.3125,0.49460853258321613
"{""entry_z"": 2.0, ""exit_z"": 0.5, ""fixed_n_components"": null, ""max_holding_period"": null, ""min_asset_coverage"": 0.6, ""min_train_observations"": 480, ""min_universe_assets"": 5, ""pca_component_selection_method"": ""explained_variance"", ""pca_explained_variance"": 0.7, ""rebalance_frequency"": 72, ""regression_type"": ""OLS"", ""ridge_alpha"": 1.0, ""stage"": ""core"", ""stop_loss_z"": null, ""target"": ""BTC"", ""train_window"": 1440, ""transaction_cost_bps"": 10, ""universe_selection_method"": ""priority_with_coverage_fallback"", ""universe_size"": 30, ""zscore_lookback"": 1440}",core,crypto,BTC,priority_with_coverage_fallback,30,30,"ETH,SOL,XRP,BNB,TRX,ADA,AVAX,DOT,NEAR,ATOM,ALGO,DOGE,BCH,LTC,XLM,ETC,LINK,UNI,AAVE,INJ,FIL,VET,FET,GRT,THETA,XTZ,SAND,CHZ,DASH,HBAR","TON,SUI,ICP,MKR,RENDER,RNDR,ARB,OP,MATIC,POL,APT,SEI,EOS,MANA","CHZ,DASH,HBAR",1440,72,0.7,explained_variance,,1440,2.0,0.5,10.0,8760.0,0.6,5,480,711,0,1.0,,,0,0,OLS,,21.131535132949992,0.6999224394006689,0.34447264979960446,2.0318665061154952,-0.21074158262283615,0.002522881952593288,129,249.04615384615386,0.4977143563133185
"{""entry_z"": 2.0, ""exit_z"": 0.5, ""fixed_n_components"": null, ""max_holding_period"": null, ""min_asset_coverage"": 0.6, ""min_train_observations"": 480, ""min_universe_assets"": 5, ""pca_component_selection_method"": ""explained_variance"", ""pca_explained_variance"": 0.8, ""rebalance_frequency"": 72, ""regression_type"": ""OLS"", ""ridge_alpha"": 1.0, ""stage"": ""core"", ""stop_loss_z"": null, ""target"": ""BTC"", ""train_window"": 1440, ""transaction_cost_bps"": 10, ""universe_selection_method"": ""priority_with_coverage_fallback"", ""universe_size"": 30, ""zscore_lookback"": 1440}",core,crypto,BTC,priority_with_coverage_fallback,30,30,"ETH,SOL,XRP,BNB,TRX,ADA,AVAX,DOT,NEAR,ATOM,ALGO,DOGE,BCH,LTC,XLM,ETC,LINK,UNI,AAVE,INJ,FIL,VET,FET,GRT,THETA,XTZ,SAND,CHZ,DASH,HBAR","TON,SUI,ICP,MKR,RENDER,RNDR,ARB,OP,MATIC,POL,APT,SEI,EOS,MANA","CHZ,DASH,HBAR",1440,72,0.8,explained_variance,,1440,2.0,0.5,10.0,8760.0,0.6,5,480,711,0,1.0,,,0,0,OLS,,44.271774258496116,0.9216686248901613,0.3310090126694897,2.7844215402389705,-0.21576200100885368,0.002972698114683564,150,193.8108108108108,0.5006972528238739
"{""entry_z"": 2.0, ""exit_z"": 0.5, ""fixed_n_components"": null, ""max_holding_period"": null, ""min_asset_coverage"": 0.6, ""min_train_observations"": 480, ""min_universe_assets"": 5, ""pca_component_selection_method"": ""explained_variance"", ""pca_explained_variance"": 0.9, ""rebalance_frequency"": 72, ""regression_type"": ""OLS"", ""ridge_alpha"": 1.0, ""stage"": ""core"", ""stop_loss_z"": null, ""target"": ""BTC"", ""train_window"": 1440, ""transaction_cost_bps"": 10, ""universe_selection_method"": ""priority_with_coverage_fallback"", ""universe_size"": 30, ""zscore_lookback"": 1440}",core,crypto,BTC,priority_with_coverage_fallback,30,30,"ETH,SOL,XRP,BNB,TRX,ADA,AVAX,DOT,NEAR,ATOM,ALGO,DOGE,BCH,LTC,XLM,ETC,LINK,UNI,AAVE,INJ,FIL,VET,FET,GRT,THETA,XTZ,SAND,CHZ,DASH,HBAR","TON,SUI,ICP,MKR,RENDER,RNDR,ARB,OP,MATIC,POL,APT,SEI,EOS,MANA","CHZ,DASH,HBAR",1440,72,0.9,explained_variance,,1440,2.0,0.5,10.0,8760.0,0.6,5,480,711,0,1.0,,,0,0,OLS,,58.09579303792621,1.011431972340365,0.3130550351374017,3.2308439693245683,-0.18606207681498355,0.003363842603457717,169,130.65060240963857,0.49806344522316487
"{""entry_z"": 2.0, ""exit_z"": 0.5, ""fixed_n_components"": null, ""max_holding_period"": null, ""min_asset_coverage"": 0.6, ""min_train_observations"": 480, ""min_universe_assets"": 5, ""pca_component_selection_method"": ""explained_variance"", ""pca_explained_variance"": 0.7, ""rebalance_frequency"": 72, ""regression_type"": ""OLS"", ""ridge_alpha"": 1.0, ""stage"": ""core"", ""stop_loss_z"": null, ""target"": ""BTC"", ""train_window"": 2880, ""transaction_cost_bps"": 10, ""universe_selection_method"": ""priority_with_coverage_fallback"", ""universe_size"": 30, ""zscore_lookback"": 336}",core,crypto,BTC,priority_with_coverage_fallback,30,30,"ETH,SOL,XRP,BNB,TRX,ADA,AVAX,DOT,NEAR,ATOM,ALGO,DOGE,BCH,LTC,XLM,ETC,LINK,UNI,AAVE,INJ,FIL,VET,FET,GRT,THETA,XTZ,SAND,CHZ,DASH,HBAR","TON,SUI,ICP,MKR,RENDER,RNDR,ARB,OP,MATIC,POL,APT,SEI,EOS,MANA","CHZ,DASH,HBAR",2880,72,0.7,explained_variance,,336,2.0,0.5,10.0,8760.0,0.6,5,480,691,0,1.0,,,0,0,OLS,,-0.26285324712677516,-0.05234201299487806,0.37241441493745253,-0.1405477631784714,-0.49346586386159197,0.007727602028495532,382,131.8,0.4940100630940021
"{""entry_z"": 2.0, ""exit_z"": 0.5, ""fixed_n_components"": null, ""max_holding_period"": null, ""min_asset_coverage"": 0.6, ""min_train_observations"": 480, ""min_universe_assets"": 5, ""pca_component_selection_method"": ""explained_variance"", ""pca_explained_variance"": 0.8, ""rebalance_frequency"": 72, ""regression_type"": ""OLS"", ""ridge_alpha"": 1.0, ""stage"": ""core"", ""stop_loss_z"": null, ""target"": ""BTC"", ""train_window"": 2880, ""transaction_cost_bps"": 10, ""universe_selection_method"": ""priority_with_coverage_fallback"", ""universe_size"": 30, ""zscore_lookback"": 336}",core,crypto,BTC,priority_with_coverage_fallback,30,30,"ETH,SOL,XRP,BNB,TRX,ADA,AVAX,DOT,NEAR,ATOM,ALGO,DOGE,BCH,LTC,XLM,ETC,LINK,UNI,AAVE,INJ,FIL,VET,FET,GRT,THETA,XTZ,SAND,CHZ,DASH,HBAR","TON,SUI,ICP,MKR,RENDER,RNDR,ARB,OP,MATIC,POL,APT,SEI,EOS,MANA","CHZ,DASH,HBAR",2880,72,0.8,explained_variance,,336,2.0,0.5,10.0,8760.0,0.6,5,480,691,0,1.0,,,0,0,OLS,,0.13300160047097398,0.022256963893904302,0.37886601491516975,0.05874626653670101,-0.5326431147851002,0.007526362392336795,373,131.03225806451613,0.49433776464795665
"{""entry_z"": 2.0, ""exit_z"": 0.5, ""fixed_n_components"": null, ""max_holding_period"": null, ""min_asset_coverage"": 0.6, ""min_train_observations"": 480, ""min_universe_assets"": 5, ""pca_component_selection_method"": ""explained_variance"", ""pca_explained_variance"": 0.9, ""rebalance_frequency"": 72, ""regression_type"": ""OLS"", ""ridge_alpha"": 1.0, ""stage"": ""core"", ""stop_loss_z"": null, ""target"": ""BTC"", ""train_window"": 2880, ""transaction_cost_bps"": 10, ""universe_selection_method"": ""priority_with_coverage_fallback"", ""universe_size"": 30, ""zscore_lookback"": 336}",core,crypto,BTC,priority_with_coverage_fallback,30,30,"ETH,SOL,XRP,BNB,TRX,ADA,AVAX,DOT,NEAR,ATOM,ALGO,DOGE,BCH,LTC,XLM,ETC,LINK,UNI,AAVE,INJ,FIL,VET,FET,GRT,THETA,XTZ,SAND,CHZ,DASH,HBAR","TON,SUI,ICP,MKR,RENDER,RNDR,ARB,OP,MATIC,POL,APT,SEI,EOS,MANA","CHZ,DASH,HBAR",2880,72,0.9,explained_variance,,336,2.0,0.5,10.0,8760.0,0.6,5,480,691,0,1.0,,,0,0,OLS,,0.925159640807343,0.12239954724657154,0.3542440177298186,0.3455232583205554,-0.3352558674811771,0.007325122756178057,359,132.09604519774012,0.4951028612976348
"{""entry_z"": 2.0, ""exit_z"": 0.5, ""fixed_n_components"": null, ""max_holding_period"": null, ""min_asset_coverage"": 0.6, ""min_train_observations"": 480, ""min_universe_assets"": 5, ""pca_component_selection_method"": ""explained_variance"", ""pca_explained_variance"": 0.7, ""rebalance_frequency"": 72, ""regression_type"": ""OLS"", ""ridge_alpha"": 1.0, ""stage"": ""core"", ""stop_loss_z"": null, ""target"": ""BTC"", ""train_window"": 2880, ""transaction_cost_bps"": 10, ""universe_selection_method"": ""priority_with_coverage_fallback"", ""universe_size"": 30, ""zscore_lookback"": 720}",core,crypto,BTC,priority_with_coverage_fallback,30,30,"ETH,SOL,XRP,BNB,TRX,ADA,AVAX,DOT,NEAR,ATOM,ALGO,DOGE,BCH,LTC,XLM,ETC,LINK,UNI,AAVE,INJ,FIL,VET,FET,GRT,THETA,XTZ,SAND,CHZ,DASH,HBAR","TON,SUI,ICP,MKR,RENDER,RNDR,ARB,OP,MATIC,POL,APT,SEI,EOS,MANA","CHZ,DASH,HBAR",2880,72,0.7,explained_variance,,720,2.0,0.5,10.0,8760.0,0.6,5,480,691,0,1.0,,,0,0,OLS,,0.054276539551097125,0.009361098403676937,0.3632203156645317,0.02577250775896246,-0.4228373589305633,0.0033405779602350477,165,264.9512195121951,0.49222130166620637
"{""entry_z"": 2.0, ""exit_z"": 0.5, ""fixed_n_components"": null, ""max_holding_period"": null, ""min_asset_coverage"": 0.6, ""min_train_observations"": 480, ""min_universe_assets"": 5, ""pca_component_selection_method"": ""explained_variance"", ""pca_explained_variance"": 0.8, ""rebalance_frequency"": 72, ""regression_type"": ""OLS"", ""ridge_alpha"": 1.0, ""stage"": ""core"", ""stop_loss_z"": null, ""target"": ""BTC"", ""train_window"": 2880, ""transaction_cost_bps"": 10, ""universe_selection_method"": ""priority_with_coverage_fallback"", ""universe_size"": 30, ""zscore_lookback"": 720}",core,crypto,BTC,priority_with_coverage_fallback,30,30,"ETH,SOL,XRP,BNB,TRX,ADA,AVAX,DOT,NEAR,ATOM,ALGO,DOGE,BCH,LTC,XLM,ETC,LINK,UNI,AAVE,INJ,FIL,VET,FET,GRT,THETA,XTZ,SAND,CHZ,DASH,HBAR","TON,SUI,ICP,MKR,RENDER,RNDR,ARB,OP,MATIC,POL,APT,SEI,EOS,MANA","CHZ,DASH,HBAR",2880,72,0.8,explained_variance,,720,2.0,0.5,10.0,8760.0,0.6,5,480,691,0,1.0,,,0,0,OLS,,1.4010647120433388,0.1669704145815567,0.3897813328640432,0.4283694484666264,-0.38324196825287904,0.0034613217419302905,169,267.5542168674699,0.4888998964290539
"{""entry_z"": 2.0, ""exit_z"": 0.5, ""fixed_n_components"": null, ""max_holding_period"": null, ""min_asset_coverage"": 0.6, ""min_train_observations"": 480, ""min_universe_assets"": 5, ""pca_component_selection_method"": ""explained_variance"", ""pca_explained_variance"": 0.9, ""rebalance_frequency"": 72, ""regression_type"": ""OLS"", ""ridge_alpha"": 1.0, ""stage"": ""core"", ""stop_loss_z"": null, ""target"": ""BTC"", ""train_window"": 2880, ""transaction_cost_bps"": 10, ""universe_selection_method"": ""priority_with_coverage_fallback"", ""universe_size"": 30, ""zscore_lookback"": 720}",core,crypto,BTC,priority_with_coverage_fallback,30,30,"ETH,SOL,XRP,BNB,TRX,ADA,AVAX,DOT,NEAR,ATOM,ALGO,DOGE,BCH,LTC,XLM,ETC,LINK,UNI,AAVE,INJ,FIL,VET,FET,GRT,THETA,XTZ,SAND,CHZ,DASH,HBAR","TON,SUI,ICP,MKR,RENDER,RNDR,ARB,OP,MATIC,POL,APT,SEI,EOS,MANA","CHZ,DASH,HBAR",2880,72,0.9,explained_variance,,720,2.0,0.5,10.0,8760.0,0.6,5,480,691,0,1.0,,,0,0,OLS,,12.556438946078698,0.5833660695742402,0.3570198919900944,1.6339875806987971,-0.30276729707724626,0.003863801014247766,188,219.1413043478261,0.49531273250334806
"{""entry_z"": 2.0, ""exit_z"": 0.5, ""fixed_n_components"": null, ""max_holding_period"": null, ""min_asset_coverage"": 0.6, ""min_train_observations"": 480, ""min_universe_assets"": 5, ""pca_component_selection_method"": ""explained_variance"", ""pca_explained_variance"": 0.7, ""rebalance_frequency"": 72, ""regression_type"": ""OLS"", ""ridge_alpha"": 1.0, ""stage"": ""core"", ""stop_loss_z"": null, ""target"": ""BTC"", ""train_window"": 2880, ""transaction_cost_bps"": 10, ""universe_selection_method"": ""priority_with_coverage_fallback"", ""universe_size"": 30, ""zscore_lookback"": 1440}",core,crypto,BTC,priority_with_coverage_fallback,30,30,"ETH,SOL,XRP,BNB,TRX,ADA,AVAX,DOT,NEAR,ATOM,ALGO,DOGE,BCH,LTC,XLM,ETC,LINK,UNI,AAVE,INJ,FIL,VET,FET,GRT,THETA,XTZ,SAND,CHZ,DASH,HBAR","TON,SUI,ICP,MKR,RENDER,RNDR,ARB,OP,MATIC,POL,APT,SEI,EOS,MANA","CHZ,DASH,HBAR",2880,72,0.7,explained_variance,,1440,2.0,0.5,10.0,8760.0,0.6,5,480,691,0,1.0,,,0,0,OLS,,4.646363508824697,0.35683257470140406,0.36509607122144094,0.9773662409119027,-0.28680472526261414,0.001972148434355631,95,398.10869565217394,0.4969147600065527
"{""entry_z"": 2.0, ""exit_z"": 0.5, ""fixed_n_components"": null, ""max_holding_period"": null, ""min_asset_coverage"": 0.6, ""min_train_observations"": 480, ""min_universe_assets"": 5, ""pca_component_selection_method"": ""explained_variance"", ""pca_explained_variance"": 0.8, ""rebalance_frequency"": 72, ""regression_type"": ""OLS"", ""ridge_alpha"": 1.0, ""stage"": ""core"", ""stop_loss_z"": null, ""target"": ""BTC"", ""train_window"": 2880, ""transaction_cost_bps"": 10, ""universe_selection_method"": ""priority_with_coverage_fallback"", ""universe_size"": 30, ""zscore_lookback"": 1440}",core,crypto,BTC,priority_with_coverage_fallback,30,30,"ETH,SOL,XRP,BNB,TRX,ADA,AVAX,DOT,NEAR,ATOM,ALGO,DOGE,BCH,LTC,XLM,ETC,LINK,UNI,AAVE,INJ,FIL,VET,FET,GRT,THETA,XTZ,SAND,CHZ,DASH,HBAR","TON,SUI,ICP,MKR,RENDER,RNDR,ARB,OP,MATIC,POL,APT,SEI,EOS,MANA","CHZ,DASH,HBAR",2880,72,0.8,explained_variance,,1440,2.0,0.5,10.0,8760.0,0.6,5,480,691,0,1.0,,,0,0,OLS,,6.26963607590407,0.41864115539421376,0.3435878156740479,1.2184400502472033,-0.33147204176881373,0.001972148434355631,97,371.4583333333333,0.49164329781267524
"{""entry_z"": 2.0, ""exit_z"": 0.5, ""fixed_n_components"": null, ""max_holding_period"": null, ""min_asset_coverage"": 0.6, ""min_train_observations"": 480, ""min_universe_assets"": 5, ""pca_component_selection_method"": ""explained_variance"", ""pca_explained_variance"": 0.9, ""rebalance_frequency"": 72, ""regression_type"": ""OLS"", ""ridge_alpha"": 1.0, ""stage"": ""core"", ""stop_loss_z"": null, ""target"": ""BTC"", ""train_window"": 2880, ""transaction_cost_bps"": 10, ""universe_selection_method"": ""priority_with_coverage_fallback"", ""universe_size"": 30, ""zscore_lookback"": 1440}",core,crypto,BTC,priority_with_coverage_fallback,30,30,"ETH,SOL,XRP,BNB,TRX,ADA,AVAX,DOT,NEAR,ATOM,ALGO,DOGE,BCH,LTC,XLM,ETC,LINK,UNI,AAVE,INJ,FIL,VET,FET,GRT,THETA,XTZ,SAND,CHZ,DASH,HBAR","TON,SUI,ICP,MKR,RENDER,RNDR,ARB,OP,MATIC,POL,APT,SEI,EOS,MANA","CHZ,DASH,HBAR",2880,72,0.9,explained_variance,,1440,2.0,0.5,10.0,8760.0,0.6,5,480,691,0,1.0,,,0,0,OLS,,11.354168198000117,0.5576552759589126,0.3288943736566469,1.6955451981707759,-0.24517838306576423,0.002314255815825485,113,266.125,0.4972153257733342
"{""entry_z"": 2.5, ""exit_z"": 0.25, ""fixed_n_components"": null, ""max_holding_period"": null, ""min_asset_coverage"": 0.6, ""min_train_observations"": 480, ""min_universe_assets"": 5, ""pca_component_selection_method"": ""explained_variance"", ""pca_explained_variance"": 0.7, ""rebalance_frequency"": 72, ""regression_type"": ""OLS"", ""ridge_alpha"": 1.0, ""stage"": ""core"", ""stop_loss_z"": null, ""target"": ""BTC"", ""train_window"": 720, ""transaction_cost_bps"": 10, ""universe_selection_method"": ""priority_with_coverage_fallback"", ""universe_size"": 30, ""zscore_lookback"": 336}",core,crypto,BTC,priority_with_coverage_fallback,30,30,"ETH,SOL,XRP,BNB,TRX,ADA,AVAX,DOT,NEAR,ATOM,ALGO,DOGE,BCH,LTC,XLM,ETC,LINK,UNI,AAVE,INJ,FIL,VET,FET,GRT,THETA,XTZ,SAND,CHZ,DASH,HBAR","TON,SUI,ICP,MKR,RENDER,RNDR,ARB,OP,MATIC,POL,APT,SEI,EOS,MANA","CHZ,DASH,HBAR",720,72,0.7,explained_variance,,336,2.5,0.25,10.0,8760.0,0.6,5,480,721,0,1.0,,,0,0,OLS,,8.378384268563435,0.45959919966339746,0.34811898935197305,1.3202359357613496,-0.3105283036456348,0.0048214147959577255,246,132.45454545454547,0.4958507518562426
"{""entry_z"": 2.5, ""exit_z"": 0.25, ""fixed_n_components"": null, ""max_holding_period"": null, ""min_asset_coverage"": 0.6, ""min_train_observations"": 480, ""min_universe_assets"": 5, ""pca_component_selection_method"": ""explained_variance"", ""pca_explained_variance"": 0.8, ""rebalance_frequency"": 72, ""regression_type"": ""OLS"", ""ridge_alpha"": 1.0, ""stage"": ""core"", ""stop_loss_z"": null, ""target"": ""BTC"", ""train_window"": 720, ""transaction_cost_bps"": 10, ""universe_selection_method"": ""priority_with_coverage_fallback"", ""universe_size"": 30, ""zscore_lookback"": 336}",core,crypto,BTC,priority_with_coverage_fallback,30,30,"ETH,SOL,XRP,BNB,TRX,ADA,AVAX,DOT,NEAR,ATOM,ALGO,DOGE,BCH,LTC,XLM,ETC,LINK,UNI,AAVE,INJ,FIL,VET,FET,GRT,THETA,XTZ,SAND,CHZ,DASH,HBAR","TON,SUI,ICP,MKR,RENDER,RNDR,ARB,OP,MATIC,POL,APT,SEI,EOS,MANA","CHZ,DASH,HBAR",720,72,0.8,explained_variance,,336,2.5,0.25,10.0,8760.0,0.6,5,480,721,0,1.0,,,0,0,OLS,,11.079263086541646,0.5233597664755263,0.34556068009060964,1.514523487852541,-0.24995864025227166,0.004628558204119417,238,130.91525423728814,0.49281460383221126
"{""entry_z"": 2.5, ""exit_z"": 0.25, ""fixed_n_components"": null, ""max_holding_period"": null, ""min_asset_coverage"": 0.6, ""min_train_observations"": 480, ""min_universe_assets"": 5, ""pca_component_selection_method"": ""explained_variance"", ""pca_explained_variance"": 0.9, ""rebalance_frequency"": 72, ""regression_type"": ""OLS"", ""ridge_alpha"": 1.0, ""stage"": ""core"", ""stop_loss_z"": null, ""target"": ""BTC"", ""train_window"": 720, ""transaction_cost_bps"": 10, ""universe_selection_method"": ""priority_with_coverage_fallback"", ""universe_size"": 30, ""zscore_lookback"": 336}",core,crypto,BTC,priority_with_coverage_fallback,30,30,"ETH,SOL,XRP,BNB,TRX,ADA,AVAX,DOT,NEAR,ATOM,ALGO,DOGE,BCH,LTC,XLM,ETC,LINK,UNI,AAVE,INJ,FIL,VET,FET,GRT,THETA,XTZ,SAND,CHZ,DASH,HBAR","TON,SUI,ICP,MKR,RENDER,RNDR,ARB,OP,MATIC,POL,APT,SEI,EOS,MANA","CHZ,DASH,HBAR",720,72,0.9,explained_variance,,336,2.5,0.25,10.0,8760.0,0.6,5,480,721,0,1.0,,,0,0,OLS,,40.98657249554554,0.8802349835683676,0.3228668873516025,2.7263092563895857,-0.1935639961301555,0.004937128751060711,249,104.93388429752066,0.49216350318972985
"{""entry_z"": 2.5, ""exit_z"": 0.25, ""fixed_n_components"": null, ""max_holding_period"": null, ""min_asset_coverage"": 0.6, ""min_train_observations"": 480, ""min_universe_assets"": 5, ""pca_component_selection_method"": ""explained_variance"", ""pca_explained_variance"": 0.7, ""rebalance_frequency"": 72, ""regression_type"": ""OLS"", ""ridge_alpha"": 1.0, ""stage"": ""core"", ""stop_loss_z"": null, ""target"": ""BTC"", ""train_window"": 720, ""transaction_cost_bps"": 10, ""universe_selection_method"": ""priority_with_coverage_fallback"", ""universe_size"": 30, ""zscore_lookback"": 720}",core,crypto,BTC,priority_with_coverage_fallback,30,30,"ETH,SOL,XRP,BNB,TRX,ADA,AVAX,DOT,NEAR,ATOM,ALGO,DOGE,BCH,LTC,XLM,ETC,LINK,UNI,AAVE,INJ,FIL,VET,FET,GRT,THETA,XTZ,SAND,CHZ,DASH,HBAR","TON,SUI,ICP,MKR,RENDER,RNDR,ARB,OP,MATIC,POL,APT,SEI,EOS,MANA","CHZ,DASH,HBAR",720,72,0.7,explained_variance,,720,2.5,0.25,10.0,8760.0,0.6,5,480,721,0,1.0,,,0,0,OLS,,23.321749291735177,0.7145622351407128,0.3194440988530586,2.2368928952085763,-0.17787933501582232,0.002969991514309959,153,169.1184210526316,0.4981716330817708
"{""entry_z"": 2.5, ""exit_z"": 0.25, ""fixed_n_components"": null, ""max_holding_period"": null, ""min_asset_coverage"": 0.6, ""min_train_observations"": 480, ""min_universe_assets"": 5, ""pca_component_selection_method"": ""explained_variance"", ""pca_explained_variance"": 0.8, ""rebalance_frequency"": 72, ""regression_type"": ""OLS"", ""ridge_alpha"": 1.0, ""stage"": ""core"", ""stop_loss_z"": null, ""target"": ""BTC"", ""train_window"": 720, ""transaction_cost_bps"": 10, ""universe_selection_method"": ""priority_with_coverage_fallback"", ""universe_size"": 30, ""zscore_lookback"": 720}",core,crypto,BTC,priority_with_coverage_fallback,30,30,"ETH,SOL,XRP,BNB,TRX,ADA,AVAX,DOT,NEAR,ATOM,ALGO,DOGE,BCH,LTC,XLM,ETC,LINK,UNI,AAVE,INJ,FIL,VET,FET,GRT,THETA,XTZ,SAND,CHZ,DASH,HBAR","TON,SUI,ICP,MKR,RENDER,RNDR,ARB,OP,MATIC,POL,APT,SEI,EOS,MANA","CHZ,DASH,HBAR",720,72,0.8,explained_variance,,720,2.5,0.25,10.0,8760.0,0.6,5,480,721,0,1.0,,,0,0,OLS,,19.16690267417869,0.6611499775125629,0.32972668908623015,2.0051454716777837,-0.1997788292419984,0.002603563989817172,135,149.55882352941177,0.4927236971484759
"{""entry_z"": 2.5, ""exit_z"": 0.25, ""fixed_n_components"": null, ""max_holding_period"": null, ""min_asset_coverage"": 0.6, ""min_train_observations"": 480, ""min_universe_assets"": 5, ""pca_component_selection_method"": ""explained_variance"", ""pca_explained_variance"": 0.9, ""rebalance_frequency"": 72, ""regression_type"": ""OLS"", ""ridge_alpha"": 1.0, ""stage"": ""core"", ""stop_loss_z"": null, ""target"": ""BTC"", ""train_window"": 720, ""transaction_cost_bps"": 10, ""universe_selection_method"": ""priority_with_coverage_fallback"", ""universe_size"": 30, ""zscore_lookback"": 720}",core,crypto,BTC,priority_with_coverage_fallback,30,30,"ETH,SOL,XRP,BNB,TRX,ADA,AVAX,DOT,NEAR,ATOM,ALGO,DOGE,BCH,LTC,XLM,ETC,LINK,UNI,AAVE,INJ,FIL,VET,FET,GRT,THETA,XTZ,SAND,CHZ,DASH,HBAR","TON,SUI,ICP,MKR,RENDER,RNDR,ARB,OP,MATIC,POL,APT,SEI,EOS,MANA","CHZ,DASH,HBAR",720,72,0.9,explained_variance,,720,2.5,0.25,10.0,8760.0,0.6,5,480,721,0,1.0,,,0,0,OLS,,46.20576506076176,0.9178237695413776,0.3295182268935742,2.7853505349123244,-0.1935639961301555,0.003027848491861452,155,124.58441558441558,0.4883769415198582
"{""entry_z"": 2.5, ""exit_z"": 0.25, ""fixed_n_components"": null, ""max_holding_period"": null, ""min_asset_coverage"": 0.6, ""min_train_observations"": 480, ""min_universe_assets"": 5, ""pca_component_selection_method"": ""explained_variance"", ""pca_explained_variance"": 0.7, ""rebalance_frequency"": 72, ""regression_type"": ""OLS"", ""ridge_alpha"": 1.0, ""stage"": ""core"", ""stop_loss_z"": null, ""target"": ""BTC"", ""train_window"": 720, ""transaction_cost_bps"": 10, ""universe_selection_method"": ""priority_with_coverage_fallback"", ""universe_size"": 30, ""zscore_lookback"": 1440}",core,crypto,BTC,priority_with_coverage_fallback,30,30,"ETH,SOL,XRP,BNB,TRX,ADA,AVAX,DOT,NEAR,ATOM,ALGO,DOGE,BCH,LTC,XLM,ETC,LINK,UNI,AAVE,INJ,FIL,VET,FET,GRT,THETA,XTZ,SAND,CHZ,DASH,HBAR","TON,SUI,ICP,MKR,RENDER,RNDR,ARB,OP,MATIC,POL,APT,SEI,EOS,MANA","CHZ,DASH,HBAR",720,72,0.7,explained_variance,,1440,2.5,0.25,10.0,8760.0,0.6,5,480,721,0,1.0,,,0,0,OLS,,19.58247998655939,0.6668841637037444,0.2964264945181193,2.2497454715977843,-0.18271227568064907,0.0018514232816477668,95,183.5531914893617,0.4948417758200997
"{""entry_z"": 2.5, ""exit_z"": 0.25, ""fixed_n_components"": null, ""max_holding_period"": null, ""min_asset_coverage"": 0.6, ""min_train_observations"": 480, ""min_universe_assets"": 5, ""pca_component_selection_method"": ""explained_variance"", ""pca_explained_variance"": 0.8, ""rebalance_frequency"": 72, ""regression_type"": ""OLS"", ""ridge_alpha"": 1.0, ""stage"": ""core"", ""stop_loss_z"": null, ""target"": ""BTC"", ""train_window"": 720, ""transaction_cost_bps"": 10, ""universe_selection_method"": ""priority_with_coverage_fallback"", ""universe_size"": 30, ""zscore_lookback"": 1440}",core,crypto,BTC,priority_with_coverage_fallback,30,30,"ETH,SOL,XRP,BNB,TRX,ADA,AVAX,DOT,NEAR,ATOM,ALGO,DOGE,BCH,LTC,XLM,ETC,LINK,UNI,AAVE,INJ,FIL,VET,FET,GRT,THETA,XTZ,SAND,CHZ,DASH,HBAR","TON,SUI,ICP,MKR,RENDER,RNDR,ARB,OP,MATIC,POL,APT,SEI,EOS,MANA","CHZ,DASH,HBAR",720,72,0.8,explained_variance,,1440,2.5,0.25,10.0,8760.0,0.6,5,480,721,0,1.0,,,0,0,OLS,,19.374938409371165,0.6640326298813504,0.3038526336164792,2.1853772402035125,-0.12132011113346741,0.0018514232816477668,96,139.54166666666666,0.4919378919080322
"{""entry_z"": 2.5, ""exit_z"": 0.25, ""fixed_n_components"": null, ""max_holding_period"": null, ""min_asset_coverage"": 0.6, ""min_train_observations"": 480, ""min_universe_assets"": 5, ""pca_component_selection_method"": ""explained_variance"", ""pca_explained_variance"": 0.9, ""rebalance_frequency"": 72, ""regression_type"": ""OLS"", ""ridge_alpha"": 1.0, ""stage"": ""core"", ""stop_loss_z"": null, ""target"": ""BTC"", ""train_window"": 720, ""transaction_cost_bps"": 10, ""universe_selection_method"": ""priority_with_coverage_fallback"", ""universe_size"": 30, ""zscore_lookback"": 1440}",core,crypto,BTC,priority_with_coverage_fallback,30,30,"ETH,SOL,XRP,BNB,TRX,ADA,AVAX,DOT,NEAR,ATOM,ALGO,DOGE,BCH,LTC,XLM,ETC,LINK,UNI,AAVE,INJ,FIL,VET,FET,GRT,THETA,XTZ,SAND,CHZ,DASH,HBAR","TON,SUI,ICP,MKR,RENDER,RNDR,ARB,OP,MATIC,POL,APT,SEI,EOS,MANA","CHZ,DASH,HBAR",720,72,0.9,explained_variance,,1440,2.5,0.25,10.0,8760.0,0.6,5,480,721,0,1.0,,,0,0,OLS,,22.616894659144823,0.706064786756446,0.2949088363494123,2.3941798268800945,-0.17790009607804302,0.0019285659183830904,99,132.6326530612245,0.4894599169102939
"{""entry_z"": 2.5, ""exit_z"": 0.25, ""fixed_n_components"": null, ""max_holding_period"": null, ""min_asset_coverage"": 0.6, ""min_train_observations"": 480, ""min_universe_assets"": 5, ""pca_component_selection_method"": ""explained_variance"", ""pca_explained_variance"": 0.7, ""rebalance_frequency"": 72, ""regression_type"": ""OLS"", ""ridge_alpha"": 1.0, ""stage"": ""core"", ""stop_loss_z"": null, ""target"": ""BTC"", ""train_window"": 1440, ""transaction_cost_bps"": 10, ""universe_selection_method"": ""priority_with_coverage_fallback"", ""universe_size"": 30, ""zscore_lookback"": 336}",core,crypto,BTC,priority_with_coverage_fallback,30,30,"ETH,SOL,XRP,BNB,TRX,ADA,AVAX,DOT,NEAR,ATOM,ALGO,DOGE,BCH,LTC,XLM,ETC,LINK,UNI,AAVE,INJ,FIL,VET,FET,GRT,THETA,XTZ,SAND,CHZ,DASH,HBAR","TON,SUI,ICP,MKR,RENDER,RNDR,ARB,OP,MATIC,POL,APT,SEI,EOS,MANA","CHZ,DASH,HBAR",1440,72,0.7,explained_variance,,336,2.5,0.25,10.0,8760.0,0.6,5,480,711,0,1.0,,,0,0,OLS,,1.6845433757435968,0.18433518796264647,0.3387941827864874,0.5440919511856465,-0.4849716557224245,0.004635062191973715,233,184.03478260869565,0.49484974484974487
"{""entry_z"": 2.5, ""exit_z"": 0.25, ""fixed_n_components"": null, ""max_holding_period"": null, ""min_asset_coverage"": 0.6, ""min_train_observations"": 480, ""min_universe_assets"": 5, ""pca_component_selection_method"": ""explained_variance"", ""pca_explained_variance"": 0.8, ""rebalance_frequency"": 72, ""regression_type"": ""OLS"", ""ridge_alpha"": 1.0, ""stage"": ""core"", ""stop_loss_z"": null, ""target"": ""BTC"", ""train_window"": 1440, ""transaction_cost_bps"": 10, ""universe_selection_method"": ""priority_with_coverage_fallback"", ""universe_size"": 30, ""zscore_lookback"": 336}",core,crypto,BTC,priority_with_coverage_fallback,30,30,"ETH,SOL,XRP,BNB,TRX,ADA,AVAX,DOT,NEAR,ATOM,ALGO,DOGE,BCH,LTC,XLM,ETC,LINK,UNI,AAVE,INJ,FIL,VET,FET,GRT,THETA,XTZ,SAND,CHZ,DASH,HBAR","TON,SUI,ICP,MKR,RENDER,RNDR,ARB,OP,MATIC,POL,APT,SEI,EOS,MANA","CHZ,DASH,HBAR",1440,72,0.8,explained_variance,,336,2.5,0.25,10.0,8760.0,0.6,5,480,711,0,1.0,,,0,0,OLS,,3.846426305076733,0.3104706909971633,0.3370536796917833,0.921131290662874,-0.4390196858367317,0.005045763905186576,255,161.4047619047619,0.4988444706692236
"{""entry_z"": 2.5, ""exit_z"": 0.25, ""fixed_n_components"": null, ""max_holding_period"": null, ""min_asset_coverage"": 0.6, ""min_train_observations"": 480, ""min_universe_assets"": 5, ""pca_component_selection_method"": ""explained_variance"", ""pca_explained_variance"": 0.9, ""rebalance_frequency"": 72, ""regression_type"": ""OLS"", ""ridge_alpha"": 1.0, ""stage"": ""core"", ""stop_loss_z"": null, ""target"": ""BTC"", ""train_window"": 1440, ""transaction_cost_bps"": 10, ""universe_selection_method"": ""priority_with_coverage_fallback"", ""universe_size"": 30, ""zscore_lookback"": 336}",core,crypto,BTC,priority_with_coverage_fallback,30,30,"ETH,SOL,XRP,BNB,TRX,ADA,AVAX,DOT,NEAR,ATOM,ALGO,DOGE,BCH,LTC,XLM,ETC,LINK,UNI,AAVE,INJ,FIL,VET,FET,GRT,THETA,XTZ,SAND,CHZ,DASH,HBAR","TON,SUI,ICP,MKR,RENDER,RNDR,ARB,OP,MATIC,POL,APT,SEI,EOS,MANA","CHZ,DASH,HBAR",1440,72,0.9,explained_variance,,336,2.5,0.25,10.0,8760.0,0.6,5,480,711,0,1.0,,,0,0,OLS,,6.818423405535538,0.42236261059690694,0.31240584474587085,1.351967697468917,-0.2806725076873329,0.004967535007431746,249,143.68852459016392,0.49606389047347405
"{""entry_z"": 2.5, ""exit_z"": 0.25, ""fixed_n_components"": null, ""max_holding_period"": null, ""min_asset_coverage"": 0.6, ""min_train_observations"": 480, ""min_universe_assets"": 5, ""pca_component_selection_method"": ""explained_variance"", ""pca_explained_variance"": 0.7, ""rebalance_frequency"": 72, ""regression_type"": ""OLS"", ""ridge_alpha"": 1.0, ""stage"": ""core"", ""stop_loss_z"": null, ""target"": ""BTC"", ""train_window"": 1440, ""transaction_cost_bps"": 10, ""universe_selection_method"": ""priority_with_coverage_fallback"", ""universe_size"": 30, ""zscore_lookback"": 720}",core,crypto,BTC,priority_with_coverage_fallback,30,30,"ETH,SOL,XRP,BNB,TRX,ADA,AVAX,DOT,NEAR,ATOM,ALGO,DOGE,BCH,LTC,XLM,ETC,LINK,UNI,AAVE,INJ,FIL,VET,FET,GRT,THETA,XTZ,SAND,CHZ,DASH,HBAR","TON,SUI,ICP,MKR,RENDER,RNDR,ARB,OP,MATIC,POL,APT,SEI,EOS,MANA","CHZ,DASH,HBAR",1440,72,0.7,explained_variance,,720,2.5,0.25,10.0,8760.0,0.6,5,480,711,0,1.0,,,0,0,OLS,,15.40444074129146,0.6149116017013119,0.33796275524972286,1.8194655835580158,-0.23688900804751767,0.0025424391770319955,126,261.39344262295083,0.4973345876450298
"{""entry_z"": 2.5, ""exit_z"": 0.25, ""fixed_n_components"": null, ""max_holding_period"": null, ""min_asset_coverage"": 0.6, ""min_train_observations"": 480, ""min_universe_assets"": 5, ""pca_component_selection_method"": ""explained_variance"", ""pca_explained_variance"": 0.8, ""rebalance_frequency"": 72, ""regression_type"": ""OLS"", ""ridge_alpha"": 1.0, ""stage"": ""core"", ""stop_loss_z"": null, ""target"": ""BTC"", ""train_window"": 1440, ""transaction_cost_bps"": 10, ""universe_selection_method"": ""priority_with_coverage_fallback"", ""universe_size"": 30, ""zscore_lookback"": 720}",core,crypto,BTC,priority_with_coverage_fallback,30,30,"ETH,SOL,XRP,BNB,TRX,ADA,AVAX,DOT,NEAR,ATOM,ALGO,DOGE,BCH,LTC,XLM,ETC,LINK,UNI,AAVE,INJ,FIL,VET,FET,GRT,THETA,XTZ,SAND,CHZ,DASH,HBAR","TON,SUI,ICP,MKR,RENDER,RNDR,ARB,OP,MATIC,POL,APT,SEI,EOS,MANA","CHZ,DASH,HBAR",1440,72,0.8,explained_variance,,720,2.5,0.25,10.0,8760.0,0.6,5,480,711,0,1.0,,,0,0,OLS,,17.320881436893558,0.6457717199403774,0.34009456639691144,1.898800462418214,-0.23403664307249206,0.0027771258702964877,141,242.84285714285716,0.4985587387493382
"{""entry_z"": 2.5, ""exit_z"": 0.25, ""fixed_n_components"": null, ""max_holding_period"": null, ""min_asset_coverage"": 0.6, ""min_train_observations"": 480, ""min_universe_assets"": 5, ""pca_component_selection_method"": ""explained_variance"", ""pca_explained_variance"": 0.9, ""rebalance_frequency"": 72, ""regression_type"": ""OLS"", ""ridge_alpha"": 1.0, ""stage"": ""core"", ""stop_loss_z"": null, ""target"": ""BTC"", ""train_window"": 1440, ""transaction_cost_bps"": 10, ""universe_selection_method"": ""priority_with_coverage_fallback"", ""universe_size"": 30, ""zscore_lookback"": 720}",core,crypto,BTC,priority_with_coverage_fallback,30,30,"ETH,SOL,XRP,BNB,TRX,ADA,AVAX,DOT,NEAR,ATOM,ALGO,DOGE,BCH,LTC,XLM,ETC,LINK,UNI,AAVE,INJ,FIL,VET,FET,GRT,THETA,XTZ,SAND,CHZ,DASH,HBAR","TON,SUI,ICP,MKR,RENDER,RNDR,ARB,OP,MATIC,POL,APT,SEI,EOS,MANA","CHZ,DASH,HBAR",1440,72,0.9,explained_variance,,720,2.5,0.25,10.0,8760.0,0.6,5,480,711,0,1.0,,,0,0,OLS,,34.71439670192529,0.8451646017870271,0.3004997951346334,2.8125297104058484,-0.2124882770512232,0.002816240319173903,141,167.57971014492753,0.5017728963071867
"{""entry_z"": 2.5, ""exit_z"": 0.25, ""fixed_n_components"": null, ""max_holding_period"": null, ""min_asset_coverage"": 0.6, ""min_train_observations"": 480, ""min_universe_assets"": 5, ""pca_component_selection_method"": ""explained_variance"", ""pca_explained_variance"": 0.7, ""rebalance_frequency"": 72, ""regression_type"": ""OLS"", ""ridge_alpha"": 1.0, ""stage"": ""core"", ""stop_loss_z"": null, ""target"": ""BTC"", ""train_window"": 1440, ""transaction_cost_bps"": 10, ""universe_selection_method"": ""priority_with_coverage_fallback"", ""universe_size"": 30, ""zscore_lookback"": 1440}",core,crypto,BTC,priority_with_coverage_fallback,30,30,"ETH,SOL,XRP,BNB,TRX,ADA,AVAX,DOT,NEAR,ATOM,ALGO,DOGE,BCH,LTC,XLM,ETC,LINK,UNI,AAVE,INJ,FIL,VET,FET,GRT,THETA,XTZ,SAND,CHZ,DASH,HBAR","TON,SUI,ICP,MKR,RENDER,RNDR,ARB,OP,MATIC,POL,APT,SEI,EOS,MANA","CHZ,DASH,HBAR",1440,72,0.7,explained_variance,,1440,2.5,0.25,10.0,8760.0,0.6,5,480,711,0,1.0,,,0,0,OLS,,17.148815359636274,0.643113283706972,0.3301529327761633,1.947925400205332,-0.19127223134687144,0.0016819213017288585,86,310.2093023255814,0.4974885673588725
"{""entry_z"": 2.5, ""exit_z"": 0.25, ""fixed_n_components"": null, ""max_holding_period"": null, ""min_asset_coverage"": 0.6, ""min_train_observations"": 480, ""min_universe_assets"": 5, ""pca_component_selection_method"": ""explained_variance"", ""pca_explained_variance"": 0.8, ""rebalance_frequency"": 72, ""regression_type"": ""OLS"", ""ridge_alpha"": 1.0, ""stage"": ""core"", ""stop_loss_z"": null, ""target"": ""BTC"", ""train_window"": 1440, ""transaction_cost_bps"": 10, ""universe_selection_method"": ""priority_with_coverage_fallback"", ""universe_size"": 30, ""zscore_lookback"": 1440}",core,crypto,BTC,priority_with_coverage_fallback,30,30,"ETH,SOL,XRP,BNB,TRX,ADA,AVAX,DOT,NEAR,ATOM,ALGO,DOGE,BCH,LTC,XLM,ETC,LINK,UNI,AAVE,INJ,FIL,VET,FET,GRT,THETA,XTZ,SAND,CHZ,DASH,HBAR","TON,SUI,ICP,MKR,RENDER,RNDR,ARB,OP,MATIC,POL,APT,SEI,EOS,MANA","CHZ,DASH,HBAR",1440,72,0.8,explained_variance,,1440,2.5,0.25,10.0,8760.0,0.6,5,480,711,0,1.0,,,0,0,OLS,,19.37820524066282,0.6760539394426397,0.3061752591755715,2.208061948777406,-0.20299850320553414,0.0017992646483611047,92,261.3478260869565,0.4985027449675595
"{""entry_z"": 2.5, ""exit_z"": 0.25, ""fixed_n_components"": null, ""max_holding_period"": null, ""min_asset_coverage"": 0.6, ""min_train_observations"": 480, ""min_universe_assets"": 5, ""pca_component_selection_method"": ""explained_variance"", ""pca_explained_variance"": 0.9, ""rebalance_frequency"": 72, ""regression_type"": ""OLS"", ""ridge_alpha"": 1.0, ""stage"": ""core"", ""stop_loss_z"": null, ""target"": ""BTC"", ""train_window"": 1440, ""transaction_cost_bps"": 10, ""universe_selection_method"": ""priority_with_coverage_fallback"", ""universe_size"": 30, ""zscore_lookback"": 1440}",core,crypto,BTC,priority_with_coverage_fallback,30,30,"ETH,SOL,XRP,BNB,TRX,ADA,AVAX,DOT,NEAR,ATOM,ALGO,DOGE,BCH,LTC,XLM,ETC,LINK,UNI,AAVE,INJ,FIL,VET,FET,GRT,THETA,XTZ,SAND,CHZ,DASH,HBAR","TON,SUI,ICP,MKR,RENDER,RNDR,ARB,OP,MATIC,POL,APT,SEI,EOS,MANA","CHZ,DASH,HBAR",1440,72,0.9,explained_variance,,1440,2.5,0.25,10.0,8760.0,0.6,5,480,711,0,1.0,,,0,0,OLS,,39.52562710995453,0.8855511902090096,0.2890870920457489,3.063267833725584,-0.18062161594696113,0.0020339513416255963,100,191.08333333333334,0.5022895769733973
"{""entry_z"": 2.5, ""exit_z"": 0.25, ""fixed_n_components"": null, ""max_holding_period"": null, ""min_asset_coverage"": 0.6, ""min_train_observations"": 480, ""min_universe_assets"": 5, ""pca_component_selection_method"": ""explained_variance"", ""pca_explained_variance"": 0.7, ""rebalance_frequency"": 72, ""regression_type"": ""OLS"", ""ridge_alpha"": 1.0, ""stage"": ""core"", ""stop_loss_z"": null, ""target"": ""BTC"", ""train_window"": 2880, ""transaction_cost_bps"": 10, ""universe_selection_method"": ""priority_with_coverage_fallback"", ""universe_size"": 30, ""zscore_lookback"": 336}",core,crypto,BTC,priority_with_coverage_fallback,30,30,"ETH,SOL,XRP,BNB,TRX,ADA,AVAX,DOT,NEAR,ATOM,ALGO,DOGE,BCH,LTC,XLM,ETC,LINK,UNI,AAVE,INJ,FIL,VET,FET,GRT,THETA,XTZ,SAND,CHZ,DASH,HBAR","TON,SUI,ICP,MKR,RENDER,RNDR,ARB,OP,MATIC,POL,APT,SEI,EOS,MANA","CHZ,DASH,HBAR",2880,72,0.7,explained_variance,,336,2.5,0.25,10.0,8760.0,0.6,5,480,691,0,1.0,,,0,0,OLS,,-0.4695283518985528,-0.10574409154953501,0.35670686191071516,-0.296445352867933,-0.6955682574494557,0.004990742976736698,246,189.81147540983608,0.493500885261476
"{""entry_z"": 2.5, ""exit_z"": 0.25, ""fixed_n_components"": null, ""max_holding_period"": null, ""min_asset_coverage"": 0.6, ""min_train_observations"": 480, ""min_universe_assets"": 5, ""pca_component_selection_method"": ""explained_variance"", ""pca_explained_variance"": 0.8, ""rebalance_frequency"": 72, ""regression_type"": ""OLS"", ""ridge_alpha"": 1.0, ""stage"": ""core"", ""stop_loss_z"": null, ""target"": ""BTC"", ""train_window"": 2880, ""transaction_cost_bps"": 10, ""universe_selection_method"": ""priority_with_coverage_fallback"", ""universe_size"": 30, ""zscore_lookback"": 336}",core,crypto,BTC,priority_with_coverage_fallback,30,30,"ETH,SOL,XRP,BNB,TRX,ADA,AVAX,DOT,NEAR,ATOM,ALGO,DOGE,BCH,LTC,XLM,ETC,LINK,UNI,AAVE,INJ,FIL,VET,FET,GRT,THETA,XTZ,SAND,CHZ,DASH,HBAR","TON,SUI,ICP,MKR,RENDER,RNDR,ARB,OP,MATIC,POL,APT,SEI,EOS,MANA","CHZ,DASH,HBAR",2880,72,0.8,explained_variance,,336,2.5,0.25,10.0,8760.0,0.6,5,480,691,0,1.0,,,0,0,OLS,,0.282430102929921,0.04482804427668752,0.3697763493807526,0.12123015534054295,-0.5815273950588101,0.005111486758431941,254,169.79527559055117,0.49438879614171766
"{""entry_z"": 2.5, ""exit_z"": 0.25, ""fixed_n_components"": null, ""max_holding_period"": null, ""min_asset_coverage"": 0.6, ""min_train_observations"": 480, ""min_universe_assets"": 5, ""pca_component_selection_method"": ""explained_variance"", ""pca_explained_variance"": 0.9, ""rebalance_frequency"": 72, ""regression_type"": ""OLS"", ""ridge_alpha"": 1.0, ""stage"": ""core"", ""stop_loss_z"": null, ""target"": ""BTC"", ""train_window"": 2880, ""transaction_cost_bps"": 10, ""universe_selection_method"": ""priority_with_coverage_fallback"", ""universe_size"": 30, ""zscore_lookback"": 336}",core,crypto,BTC,priority_with_coverage_fallback,30,30,"ETH,SOL,XRP,BNB,TRX,ADA,AVAX,DOT,NEAR,ATOM,ALGO,DOGE,BCH,LTC,XLM,ETC,LINK,UNI,AAVE,INJ,FIL,VET,FET,GRT,THETA,XTZ,SAND,CHZ,DASH,HBAR","TON,SUI,ICP,MKR,RENDER,RNDR,ARB,OP,MATIC,POL,APT,SEI,EOS,MANA","CHZ,DASH,HBAR",2880,72,0.9,explained_variance,,336,2.5,0.25,10.0,8760.0,0.6,5,480,691,0,1.0,,,0,0,OLS,,0.6548757148922963,0.09286182816670174,0.3350115544156028,0.2771899265644457,-0.49974335244199086,0.004668759558882718,228,180.32142857142858,0.4929193899782135
"{""entry_z"": 2.5, ""exit_z"": 0.25, ""fixed_n_components"": null, ""max_holding_period"": null, ""min_asset_coverage"": 0.6, ""min_train_observations"": 480, ""min_universe_assets"": 5, ""pca_component_selection_method"": ""explained_variance"", ""pca_explained_variance"": 0.7, ""rebalance_frequency"": 72, ""regression_type"": ""OLS"", ""ridge_alpha"": 1.0, ""stage"": ""core"", ""stop_loss_z"": null, ""target"": ""BTC"", ""train_window"": 2880, ""transaction_cost_bps"": 10, ""universe_selection_method"": ""priority_with_coverage_fallback"", ""universe_size"": 30, ""zscore_lookback"": 720}",core,crypto,BTC,priority_with_coverage_fallback,30,30,"ETH,SOL,XRP,BNB,TRX,ADA,AVAX,DOT,NEAR,ATOM,ALGO,DOGE,BCH,LTC,XLM,ETC,LINK,UNI,AAVE,INJ,FIL,VET,FET,GRT,THETA,XTZ,SAND,CHZ,DASH,HBAR","TON,SUI,ICP,MKR,RENDER,RNDR,ARB,OP,MATIC,POL,APT,SEI,EOS,MANA","CHZ,DASH,HBAR",2880,72,0.7,explained_variance,,720,2.5,0.25,10.0,8760.0,0.6,5,480,691,0,1.0,,,0,0,OLS,,0.4035846190253125,0.06158822396668584,0.3521274600154324,0.17490321250148078,-0.39603823015533435,0.002213635997746116,110,364.41818181818184,0.49503567330239984
"{""entry_z"": 2.5, ""exit_z"": 0.25, ""fixed_n_components"": null, ""max_holding_period"": null, ""min_asset_coverage"": 0.6, ""min_train_observations"": 480, ""min_universe_assets"": 5, ""pca_component_selection_method"": ""explained_variance"", ""pca_explained_variance"": 0.8, ""rebalance_frequency"": 72, ""regression_type"": ""OLS"", ""ridge_alpha"": 1.0, ""stage"": ""core"", ""stop_loss_z"": null, ""target"": ""BTC"", ""train_window"": 2880, ""transaction_cost_bps"": 10, ""universe_selection_method"": ""priority_with_coverage_fallback"", ""universe_size"": 30, ""zscore_lookback"": 720}",core,crypto,BTC,priority_with_coverage_fallback,30,30,"ETH,SOL,XRP,BNB,TRX,ADA,AVAX,DOT,NEAR,ATOM,ALGO,DOGE,BCH,LTC,XLM,ETC,LINK,UNI,AAVE,INJ,FIL,VET,FET,GRT,THETA,XTZ,SAND,CHZ,DASH,HBAR","TON,SUI,ICP,MKR,RENDER,RNDR,ARB,OP,MATIC,POL,APT,SEI,EOS,MANA","CHZ,DASH,HBAR",2880,72,0.8,explained_variance,,720,2.5,0.25,10.0,8760.0,0.6,5,480,691,0,1.0,,,0,0,OLS,,3.0778700469029525,0.28118194882345215,0.37303664864932407,0.7537649446550206,-0.3854200261036591,0.002294131852209611,112,352.92727272727274,0.49131935500489415
"{""entry_z"": 2.5, ""exit_z"": 0.25, ""fixed_n_components"": null, ""max_holding_period"": null, ""min_asset_coverage"": 0.6, ""min_train_observations"": 480, ""min_universe_assets"": 5, ""pca_component_selection_method"": ""explained_variance"", ""pca_explained_variance"": 0.9, ""rebalance_frequency"": 72, ""regression_type"": ""OLS"", ""ridge_alpha"": 1.0, ""stage"": ""core"", ""stop_loss_z"": null, ""target"": ""BTC"", ""train_window"": 2880, ""transaction_cost_bps"": 10, ""universe_selection_method"": ""priority_with_coverage_fallback"", ""universe_size"": 30, ""zscore_lookback"": 720}",core,crypto,BTC,priority_with_coverage_fallback,30,30,"ETH,SOL,XRP,BNB,TRX,ADA,AVAX,DOT,NEAR,ATOM,ALGO,DOGE,BCH,LTC,XLM,ETC,LINK,UNI,AAVE,INJ,FIL,VET,FET,GRT,THETA,XTZ,SAND,CHZ,DASH,HBAR","TON,SUI,ICP,MKR,RENDER,RNDR,ARB,OP,MATIC,POL,APT,SEI,EOS,MANA","CHZ,DASH,HBAR",2880,72,0.9,explained_variance,,720,2.5,0.25,10.0,8760.0,0.6,5,480,691,0,1.0,,,0,0,OLS,,12.828707521165457,0.5889262276941676,0.31964299605304175,1.8424499675145105,-0.241427331544245,0.002334379779441359,111,303.1509433962264,0.496234517956059
"{""entry_z"": 2.5, ""exit_z"": 0.25, ""fixed_n_components"": null, ""max_holding_period"": null, ""min_asset_coverage"": 0.6, ""min_train_observations"": 480, ""min_universe_assets"": 5, ""pca_component_selection_method"": ""explained_variance"", ""pca_explained_variance"": 0.7, ""rebalance_frequency"": 72, ""regression_type"": ""OLS"", ""ridge_alpha"": 1.0, ""stage"": ""core"", ""stop_loss_z"": null, ""target"": ""BTC"", ""train_window"": 2880, ""transaction_cost_bps"": 10, ""universe_selection_method"": ""priority_with_coverage_fallback"", ""universe_size"": 30, ""zscore_lookback"": 1440}",core,crypto,BTC,priority_with_coverage_fallback,30,30,"ETH,SOL,XRP,BNB,TRX,ADA,AVAX,DOT,NEAR,ATOM,ALGO,DOGE,BCH,LTC,XLM,ETC,LINK,UNI,AAVE,INJ,FIL,VET,FET,GRT,THETA,XTZ,SAND,CHZ,DASH,HBAR","TON,SUI,ICP,MKR,RENDER,RNDR,ARB,OP,MATIC,POL,APT,SEI,EOS,MANA","CHZ,DASH,HBAR",2880,72,0.7,explained_variance,,1440,2.5,0.25,10.0,8760.0,0.6,5,480,691,0,1.0,,,0,0,OLS,,3.957714204916045,0.32607576347721823,0.3442768853173732,0.9471323152485935,-0.2974862644189138,0.001207437816952427,58,575.1428571428571,0.49453551912568305
"{""entry_z"": 2.5, ""exit_z"": 0.25, ""fixed_n_components"": null, ""max_holding_period"": null, ""min_asset_coverage"": 0.6, ""min_train_observations"": 480, ""min_universe_assets"": 5, ""pca_component_selection_method"": ""explained_variance"", ""pca_explained_variance"": 0.8, ""rebalance_frequency"": 72, ""regression_type"": ""OLS"", ""ridge_alpha"": 1.0, ""stage"": ""core"", ""stop_loss_z"": null, ""target"": ""BTC"", ""train_window"": 2880, ""transaction_cost_bps"": 10, ""universe_selection_method"": ""priority_with_coverage_fallback"", ""universe_size"": 30, ""zscore_lookback"": 1440}",core,crypto,BTC,priority_with_coverage_fallback,30,30,"ETH,SOL,XRP,BNB,TRX,ADA,AVAX,DOT,NEAR,ATOM,ALGO,DOGE,BCH,LTC,XLM,ETC,LINK,UNI,AAVE,INJ,FIL,VET,FET,GRT,THETA,XTZ,SAND,CHZ,DASH,HBAR","TON,SUI,ICP,MKR,RENDER,RNDR,ARB,OP,MATIC,POL,APT,SEI,EOS,MANA","CHZ,DASH,HBAR",2880,72,0.8,explained_variance,,1440,2.5,0.25,10.0,8760.0,0.6,5,480,691,0,1.0,,,0,0,OLS,,8.481246052090158,0.4866461827146755,0.32428976228760686,1.500652315638252,-0.31178571199596594,0.001287933671415922,63,502.3225806451613,0.4984587721551503
"{""entry_z"": 2.5, ""exit_z"": 0.25, ""fixed_n_components"": null, ""max_holding_period"": null, ""min_asset_coverage"": 0.6, ""min_train_observations"": 480, ""min_universe_assets"": 5, ""pca_component_selection_method"": ""explained_variance"", ""pca_explained_variance"": 0.9, ""rebalance_frequency"": 72, ""regression_type"": ""OLS"", ""ridge_alpha"": 1.0, ""stage"": ""core"", ""stop_loss_z"": null, ""target"": ""BTC"", ""train_window"": 2880, ""transaction_cost_bps"": 10, ""universe_selection_method"": ""priority_with_coverage_fallback"", ""universe_size"": 30, ""zscore_lookback"": 1440}",core,crypto,BTC,priority_with_coverage_fallback,30,30,"ETH,SOL,XRP,BNB,TRX,ADA,AVAX,DOT,NEAR,ATOM,ALGO,DOGE,BCH,LTC,XLM,ETC,LINK,UNI,AAVE,INJ,FIL,VET,FET,GRT,THETA,XTZ,SAND,CHZ,DASH,HBAR","TON,SUI,ICP,MKR,RENDER,RNDR,ARB,OP,MATIC,POL,APT,SEI,EOS,MANA","CHZ,DASH,HBAR",2880,72,0.9,explained_variance,,1440,2.5,0.25,10.0,8760.0,0.6,5,480,691,0,1.0,,,0,0,OLS,,8.000539439434599,0.473072454589476,0.29596915417021635,1.598384317838084,-0.24142733154424456,0.0013281815986476697,64,347.7741935483871,0.49503756608848903
"{""entry_z"": 2.5, ""exit_z"": 0.5, ""fixed_n_components"": null, ""max_holding_period"": null, ""min_asset_coverage"": 0.6, ""min_train_observations"": 480, ""min_universe_assets"": 5, ""pca_component_selection_method"": ""explained_variance"", ""pca_explained_variance"": 0.7, ""rebalance_frequency"": 72, ""regression_type"": ""OLS"", ""ridge_alpha"": 1.0, ""stage"": ""core"", ""stop_loss_z"": null, ""target"": ""BTC"", ""train_window"": 720, ""transaction_cost_bps"": 10, ""universe_selection_method"": ""priority_with_coverage_fallback"", ""universe_size"": 30, ""zscore_lookback"": 336}",core,crypto,BTC,priority_with_coverage_fallback,30,30,"ETH,SOL,XRP,BNB,TRX,ADA,AVAX,DOT,NEAR,ATOM,ALGO,DOGE,BCH,LTC,XLM,ETC,LINK,UNI,AAVE,INJ,FIL,VET,FET,GRT,THETA,XTZ,SAND,CHZ,DASH,HBAR","TON,SUI,ICP,MKR,RENDER,RNDR,ARB,OP,MATIC,POL,APT,SEI,EOS,MANA","CHZ,DASH,HBAR",720,72,0.7,explained_variance,,336,2.5,0.5,10.0,8760.0,0.6,5,480,721,0,1.0,,,0,0,OLS,,5.537840642184914,0.37328732607269965,0.32881807846909467,1.1352396675105094,-0.30793404546174363,0.004975700069428373,256,108.93700787401575,0.494615106613661
"{""entry_z"": 2.5, ""exit_z"": 0.5, ""fixed_n_components"": null, ""max_holding_period"": null, ""min_asset_coverage"": 0.6, ""min_train_observations"": 480, ""min_universe_assets"": 5, ""pca_component_selection_method"": ""explained_variance"", ""pca_explained_variance"": 0.8, ""rebalance_frequency"": 72, ""regression_type"": ""OLS"", ""ridge_alpha"": 1.0, ""stage"": ""core"", ""stop_loss_z"": null, ""target"": ""BTC"", ""train_window"": 720, ""transaction_cost_bps"": 10, ""universe_selection_method"": ""priority_with_coverage_fallback"", ""universe_size"": 30, ""zscore_lookback"": 336}",core,crypto,BTC,priority_with_coverage_fallback,30,30,"ETH,SOL,XRP,BNB,TRX,ADA,AVAX,DOT,NEAR,ATOM,ALGO,DOGE,BCH,LTC,XLM,ETC,LINK,UNI,AAVE,INJ,FIL,VET,FET,GRT,THETA,XTZ,SAND,CHZ,DASH,HBAR","TON,SUI,ICP,MKR,RENDER,RNDR,ARB,OP,MATIC,POL,APT,SEI,EOS,MANA","CHZ,DASH,HBAR",720,72,0.8,explained_variance,,336,2.5,0.5,10.0,8760.0,0.6,5,480,721,0,1.0,,,0,0,OLS,,11.945355559347913,0.5412857991834645,0.31689131746095645,1.7081118016120946,-0.1997788292419984,0.005014271387796035,260,97.04615384615384,0.4947685478757134
"{""entry_z"": 2.5, ""exit_z"": 0.5, ""fixed_n_components"": null, ""max_holding_period"": null, ""min_asset_coverage"": 0.6, ""min_train_observations"": 480, ""min_universe_assets"": 5, ""pca_component_selection_method"": ""explained_variance"", ""pca_explained_variance"": 0.9, ""rebalance_frequency"": 72, ""regression_type"": ""OLS"", ""ridge_alpha"": 1.0, ""stage"": ""core"", ""stop_loss_z"": null, ""target"": ""BTC"", ""train_window"": 720, ""transaction_cost_bps"": 10, ""universe_selection_method"": ""priority_with_coverage_fallback"", ""universe_size"": 30, ""zscore_lookback"": 336}",core,crypto,BTC,priority_with_coverage_fallback,30,30,"ETH,SOL,XRP,BNB,TRX,ADA,AVAX,DOT,NEAR,ATOM,ALGO,DOGE,BCH,LTC,XLM,ETC,LINK,UNI,AAVE,INJ,FIL,VET,FET,GRT,THETA,XTZ,SAND,CHZ,DASH,HBAR","TON,SUI,ICP,MKR,RENDER,RNDR,ARB,OP,MATIC,POL,APT,SEI,EOS,MANA","CHZ,DASH,HBAR",720,72,0.9,explained_variance,,336,2.5,0.5,10.0,8760.0,0.6,5,480,721,0,1.0,,,0,0,OLS,,31.68671455050739,0.802359741657644,0.3133041460428563,2.560961135662376,-0.19356399613015574,0.0050914140245313586,261,87.50387596899225,0.4894578313253012
"{""entry_z"": 2.5, ""exit_z"": 0.5, ""fixed_n_components"": null, ""max_holding_period"": null, ""min_asset_coverage"": 0.6, ""min_train_observations"": 480, ""min_universe_assets"": 5, ""pca_component_selection_method"": ""explained_variance"", ""pca_explained_variance"": 0.7, ""rebalance_frequency"": 72, ""regression_type"": ""OLS"", ""ridge_alpha"": 1.0, ""stage"": ""core"", ""stop_loss_z"": null, ""target"": ""BTC"", ""train_window"": 720, ""transaction_cost_bps"": 10, ""universe_selection_method"": ""priority_with_coverage_fallback"", ""universe_size"": 30, ""zscore_lookback"": 720}",core,crypto,BTC,priority_with_coverage_fallback,30,30,"ETH,SOL,XRP,BNB,TRX,ADA,AVAX,DOT,NEAR,ATOM,ALGO,DOGE,BCH,LTC,XLM,ETC,LINK,UNI,AAVE,INJ,FIL,VET,FET,GRT,THETA,XTZ,SAND,CHZ,DASH,HBAR","TON,SUI,ICP,MKR,RENDER,RNDR,ARB,OP,MATIC,POL,APT,SEI,EOS,MANA","CHZ,DASH,HBAR",720,72,0.7,explained_variance,,720,2.5,0.5,10.0,8760.0,0.6,5,480,721,0,1.0,,,0,0,OLS,,17.52060400635475,0.6374221854843902,0.30260567136448346,2.106444940738159,-0.17787933501582232,0.003008562832677621,156,138.83333333333334,0.4968141102594884
"{""entry_z"": 2.5, ""exit_z"": 0.5, ""fixed_n_components"": null, ""max_holding_period"": null, ""min_asset_coverage"": 0.6, ""min_train_observations"": 480, ""min_universe_assets"": 5, ""pca_component_selection_method"": ""explained_variance"", ""pca_explained_variance"": 0.8, ""rebalance_frequency"": 72, ""regression_type"": ""OLS"", ""ridge_alpha"": 1.0, ""stage"": ""core"", ""stop_loss_z"": null, ""target"": ""BTC"", ""train_window"": 720, ""transaction_cost_bps"": 10, ""universe_selection_method"": ""priority_with_coverage_fallback"", ""universe_size"": 30, ""zscore_lookback"": 720}",core,crypto,BTC,priority_with_coverage_fallback,30,30,"ETH,SOL,XRP,BNB,TRX,ADA,AVAX,DOT,NEAR,ATOM,ALGO,DOGE,BCH,LTC,XLM,ETC,LINK,UNI,AAVE,INJ,FIL,VET,FET,GRT,THETA,XTZ,SAND,CHZ,DASH,HBAR","TON,SUI,ICP,MKR,RENDER,RNDR,ARB,OP,MATIC,POL,APT,SEI,EOS,MANA","CHZ,DASH,HBAR",720,72,0.8,explained_variance,,720,2.5,0.5,10.0,8760.0,0.6,5,480,721,0,1.0,,,0,0,OLS,,12.299582951216367,0.5483311957261536,0.31186985348655133,1.7582051923136557,-0.1997788292419984,0.002603563989817172,135,124.69117647058823,0.49097770963557025
"{""entry_z"": 2.5, ""exit_z"": 0.5, ""fixed_n_components"": null, ""max_holding_period"": null, ""min_asset_coverage"": 0.6, ""min_train_observations"": 480, ""min_universe_assets"": 5, ""pca_component_selection_method"": ""explained_variance"", ""pca_explained_variance"": 0.9, ""rebalance_frequency"": 72, ""regression_type"": ""OLS"", ""ridge_alpha"": 1.0, ""stage"": ""core"", ""stop_loss_z"": null, ""target"": ""BTC"", ""train_window"": 720, ""transaction_cost_bps"": 10, ""universe_selection_method"": ""priority_with_coverage_fallback"", ""universe_size"": 30, ""zscore_lookback"": 720}",core,crypto,BTC,priority_with_coverage_fallback,30,30,"ETH,SOL,XRP,BNB,TRX,ADA,AVAX,DOT,NEAR,ATOM,ALGO,DOGE,BCH,LTC,XLM,ETC,LINK,UNI,AAVE,INJ,FIL,VET,FET,GRT,THETA,XTZ,SAND,CHZ,DASH,HBAR","TON,SUI,ICP,MKR,RENDER,RNDR,ARB,OP,MATIC,POL,APT,SEI,EOS,MANA","CHZ,DASH,HBAR",720,72,0.9,explained_variance,,720,2.5,0.5,10.0,8760.0,0.6,5,480,721,0,1.0,,,0,0,OLS,,35.13572720805229,0.8331649377768107,0.31509293325841353,2.6441879516654114,-0.1935639961301555,0.0030664198102291138,158,103.72151898734177,0.4852330973883329
"{""entry_z"": 2.5, ""exit_z"": 0.5, ""fixed_n_components"": null, ""max_holding_period"": null, ""min_asset_coverage"": 0.6, ""min_train_observations"": 480, ""min_universe_assets"": 5, ""pca_component_selection_method"": ""explained_variance"", ""pca_explained_variance"": 0.7, ""rebalance_frequency"": 72, ""regression_type"": ""OLS"", ""ridge_alpha"": 1.0, ""stage"": ""core"", ""stop_loss_z"": null, ""target"": ""BTC"", ""train_window"": 720, ""transaction_cost_bps"": 10, ""universe_selection_method"": ""priority_with_coverage_fallback"", ""universe_size"": 30, ""zscore_lookback"": 1440}",core,crypto,BTC,priority_with_coverage_fallback,30,30,"ETH,SOL,XRP,BNB,TRX,ADA,AVAX,DOT,NEAR,ATOM,ALGO,DOGE,BCH,LTC,XLM,ETC,LINK,UNI,AAVE,INJ,FIL,VET,FET,GRT,THETA,XTZ,SAND,CHZ,DASH,HBAR","TON,SUI,ICP,MKR,RENDER,RNDR,ARB,OP,MATIC,POL,APT,SEI,EOS,MANA","CHZ,DASH,HBAR",720,72,0.7,explained_variance,,1440,2.5,0.5,10.0,8760.0,0.6,5,480,721,0,1.0,,,0,0,OLS,,13.652945458716106,0.5738890962115435,0.28716359512369083,1.998474409558602,-0.16560844487775506,0.0018514232816477668,96,150.52083333333334,0.49480968858131485
"{""entry_z"": 2.5, ""exit_z"": 0.5, ""fixed_n_components"": null, ""max_holding_period"": null, ""min_asset_coverage"": 0.6, ""min_train_observations"": 480, ""min_universe_assets"": 5, ""pca_component_selection_method"": ""explained_variance"", ""pca_explained_variance"": 0.8, ""rebalance_frequency"": 72, ""regression_type"": ""OLS"", ""ridge_alpha"": 1.0, ""stage"": ""core"", ""stop_loss_z"": null, ""target"": ""BTC"", ""train_window"": 720, ""transaction_cost_bps"": 10, ""universe_selection_method"": ""priority_with_coverage_fallback"", ""universe_size"": 30, ""zscore_lookback"": 1440}",core,crypto,BTC,priority_with_coverage_fallback,30,30,"ETH,SOL,XRP,BNB,TRX,ADA,AVAX,DOT,NEAR,ATOM,ALGO,DOGE,BCH,LTC,XLM,ETC,LINK,UNI,AAVE,INJ,FIL,VET,FET,GRT,THETA,XTZ,SAND,CHZ,DASH,HBAR","TON,SUI,ICP,MKR,RENDER,RNDR,ARB,OP,MATIC,POL,APT,SEI,EOS,MANA","CHZ,DASH,HBAR",720,72,0.8,explained_variance,,1440,2.5,0.5,10.0,8760.0,0.6,5,480,721,0,1.0,,,0,0,OLS,,14.600504535896283,0.5906391798638433,0.29785325517296496,1.982987157621816,-0.12132011113346786,0.0018514232816477668,96,130.0,0.49038461538461536
"{""entry_z"": 2.5, ""exit_z"": 0.5, ""fixed_n_components"": null, ""max_holding_period"": null, ""min_asset_coverage"": 0.6, ""min_train_observations"": 480, ""min_universe_assets"": 5, ""pca_component_selection_method"": ""explained_variance"", ""pca_explained_variance"": 0.9, ""rebalance_frequency"": 72, ""regression_type"": ""OLS"", ""ridge_alpha"": 1.0, ""stage"": ""core"", ""stop_loss_z"": null, ""target"": ""BTC"", ""train_window"": 720, ""transaction_cost_bps"": 10, ""universe_selection_method"": ""priority_with_coverage_fallback"", ""universe_size"": 30, ""zscore_lookback"": 1440}",core,crypto,BTC,priority_with_coverage_fallback,30,30,"ETH,SOL,XRP,BNB,TRX,ADA,AVAX,DOT,NEAR,ATOM,ALGO,DOGE,BCH,LTC,XLM,ETC,LINK,UNI,AAVE,INJ,FIL,VET,FET,GRT,THETA,XTZ,SAND,CHZ,DASH,HBAR","TON,SUI,ICP,MKR,RENDER,RNDR,ARB,OP,MATIC,POL,APT,SEI,EOS,MANA","CHZ,DASH,HBAR",720,72,0.9,explained_variance,,1440,2.5,0.5,10.0,8760.0,0.6,5,480,721,0,1.0,,,0,0,OLS,,22.989670705199394,0.7105846863745864,0.2801745391755012,2.5362214870262583,-0.1129217088048996,0.0020442798734860755,105,102.0576923076923,0.4878462408140192
"{""entry_z"": 2.5, ""exit_z"": 0.5, ""fixed_n_components"": null, ""max_holding_period"": null, ""min_asset_coverage"": 0.6, ""min_train_observations"": 480, ""min_universe_assets"": 5, ""pca_component_selection_method"": ""explained_variance"", ""pca_explained_variance"": 0.7, ""rebalance_frequency"": 72, ""regression_type"": ""OLS"", ""ridge_alpha"": 1.0, ""stage"": ""core"", ""stop_loss_z"": null, ""target"": ""BTC"", ""train_window"": 1440, ""transaction_cost_bps"": 10, ""universe_selection_method"": ""priority_with_coverage_fallback"", ""universe_size"": 30, ""zscore_lookback"": 336}",core,crypto,BTC,priority_with_coverage_fallback,30,30,"ETH,SOL,XRP,BNB,TRX,ADA,AVAX,DOT,NEAR,ATOM,ALGO,DOGE,BCH,LTC,XLM,ETC,LINK,UNI,AAVE,INJ,FIL,VET,FET,GRT,THETA,XTZ,SAND,CHZ,DASH,HBAR","TON,SUI,ICP,MKR,RENDER,RNDR,ARB,OP,MATIC,POL,APT,SEI,EOS,MANA","CHZ,DASH,HBAR",1440,72,0.7,explained_variance,,336,2.5,0.5,10.0,8760.0,0.6,5,480,711,0,1.0,,,0,0,OLS,,1.3154879195109501,0.15470494427644166,0.3296233244032533,0.46933858384117055,-0.5113856859664259,0.004889306109676915,248,153.5040650406504,0.4948360785975319
"{""entry_z"": 2.5, ""exit_z"": 0.5, ""fixed_n_components"": null, ""max_holding_period"": null, ""min_asset_coverage"": 0.6, ""min_train_observations"": 480, ""min_universe_assets"": 5, ""pca_component_selection_method"": ""explained_variance"", ""pca_explained_variance"": 0.8, ""rebalance_frequency"": 72, ""regression_type"": ""OLS"", ""ridge_alpha"": 1.0, ""stage"": ""core"", ""stop_loss_z"": null, ""target"": ""BTC"", ""train_window"": 1440, ""transaction_cost_bps"": 10, ""universe_selection_method"": ""priority_with_coverage_fallback"", ""universe_size"": 30, ""zscore_lookback"": 336}",core,crypto,BTC,priority_with_coverage_fallback,30,30,"ETH,SOL,XRP,BNB,TRX,ADA,AVAX,DOT,NEAR,ATOM,ALGO,DOGE,BCH,LTC,XLM,ETC,LINK,UNI,AAVE,INJ,FIL,VET,FET,GRT,THETA,XTZ,SAND,CHZ,DASH,HBAR","TON,SUI,ICP,MKR,RENDER,RNDR,ARB,OP,MATIC,POL,APT,SEI,EOS,MANA","CHZ,DASH,HBAR",1440,72,0.8,explained_variance,,336,2.5,0.5,10.0,8760.0,0.6,5,480,711,0,1.0,,,0,0,OLS,,4.493401288976105,0.3389074784392563,0.3114450431036921,1.088177468043442,-0.4204222756450864,0.005436908393960729,278,124.33812949640287,0.5003182317884627
"{""entry_z"": 2.5, ""exit_z"": 0.5, ""fixed_n_components"": null, ""max_holding_period"": null, ""min_asset_coverage"": 0.6, ""min_train_observations"": 480, ""min_universe_assets"": 5, ""pca_component_selection_method"": ""explained_variance"", ""pca_explained_variance"": 0.9, ""rebalance_frequency"": 72, ""regression_type"": ""OLS"", ""ridge_alpha"": 1.0, ""stage"": ""core"", ""stop_loss_z"": null, ""target"": ""BTC"", ""train_window"": 1440, ""transaction_cost_bps"": 10, ""universe_selection_method"": ""priority_with_coverage_fallback"", ""universe_size"": 30, ""zscore_lookback"": 336}",core,crypto,BTC,priority_with_coverage_fallback,30,30,"ETH,SOL,XRP,BNB,TRX,ADA,AVAX,DOT,NEAR,ATOM,ALGO,DOGE,BCH,LTC,XLM,ETC,LINK,UNI,AAVE,INJ,FIL,VET,FET,GRT,THETA,XTZ,SAND,CHZ,DASH,HBAR","TON,SUI,ICP,MKR,RENDER,RNDR,ARB,OP,MATIC,POL,APT,SEI,EOS,MANA","CHZ,DASH,HBAR",1440,72,0.9,explained_variance,,336,2.5,0.5,10.0,8760.0,0.6,5,480,711,0,1.0,,,0,0,OLS,,4.590755057670646,0.3429430668220099,0.29178655065289344,1.1753217070994193,-0.29858697254510125,0.005123992802941407,260,112.27131782945736,0.49844645446385416
"{""entry_z"": 2.5, ""exit_z"": 0.5, ""fixed_n_components"": null, ""max_holding_period"": null, ""min_asset_coverage"": 0.6, ""min_train_observations"": 480, ""min_universe_assets"": 5, ""pca_component_selection_method"": ""explained_variance"", ""pca_explained_variance"": 0.7, ""rebalance_frequency"": 72, ""regression_type"": ""OLS"", ""ridge_alpha"": 1.0, ""stage"": ""core"", ""stop_loss_z"": null, ""target"": ""BTC"", ""train_window"": 1440, ""transaction_cost_bps"": 10, ""universe_selection_method"": ""priority_with_coverage_fallback"", ""universe_size"": 30, ""zscore_lookback"": 720}",core,crypto,BTC,priority_with_coverage_fallback,30,30,"ETH,SOL,XRP,BNB,TRX,ADA,AVAX,DOT,NEAR,ATOM,ALGO,DOGE,BCH,LTC,XLM,ETC,LINK,UNI,AAVE,INJ,FIL,VET,FET,GRT,THETA,XTZ,SAND,CHZ,DASH,HBAR","TON,SUI,ICP,MKR,RENDER,RNDR,ARB,OP,MATIC,POL,APT,SEI,EOS,MANA","CHZ,DASH,HBAR",1440,72,0.7,explained_variance,,720,2.5,0.5,10.0,8760.0,0.6,5,480,711,0,1.0,,,0,0,OLS,,9.726249685029977,0.50154260639375,0.3250556948510005,1.542943607321348,-0.26878343784489245,0.002581553625909411,130,214.671875,0.49654268869641166
"{""entry_z"": 2.5, ""exit_z"": 0.5, ""fixed_n_components"": null, ""max_holding_period"": null, ""min_asset_coverage"": 0.6, ""min_train_observations"": 480, ""min_universe_assets"": 5, ""pca_component_selection_method"": ""explained_variance"", ""pca_explained_variance"": 0.8, ""rebalance_frequency"": 72, ""regression_type"": ""OLS"", ""ridge_alpha"": 1.0, ""stage"": ""core"", ""stop_loss_z"": null, ""target"": ""BTC"", ""train_window"": 1440, ""transaction_cost_bps"": 10, ""universe_selection_method"": ""priority_with_coverage_fallback"", ""universe_size"": 30, ""zscore_lookback"": 720}",core,crypto,BTC,priority_with_coverage_fallback,30,30,"ETH,SOL,XRP,BNB,TRX,ADA,AVAX,DOT,NEAR,ATOM,ALGO,DOGE,BCH,LTC,XLM,ETC,LINK,UNI,AAVE,INJ,FIL,VET,FET,GRT,THETA,XTZ,SAND,CHZ,DASH,HBAR","TON,SUI,ICP,MKR,RENDER,RNDR,ARB,OP,MATIC,POL,APT,SEI,EOS,MANA","CHZ,DASH,HBAR",1440,72,0.8,explained_variance,,720,2.5,0.5,10.0,8760.0,0.6,5,480,711,0,1.0,,,0,0,OLS,,9.825549724284732,0.5039150221651705,0.30609602737403857,1.6462644957799601,-0.23403664307249117,0.002816240319173903,144,179.18055555555554,0.49538795442213784
"{""entry_z"": 2.5, ""exit_z"": 0.5, ""fixed_n_components"": null, ""max_holding_period"": null, ""min_asset_coverage"": 0.6, ""min_train_observations"": 480, ""min_universe_assets"": 5, ""pca_component_selection_method"": ""explained_variance"", ""pca_explained_variance"": 0.9, ""rebalance_frequency"": 72, ""regression_type"": ""OLS"", ""ridge_alpha"": 1.0, ""stage"": ""core"", ""stop_loss_z"": null, ""target"": ""BTC"", ""train_window"": 1440, ""transaction_cost_bps"": 10, ""universe_selection_method"": ""priority_with_coverage_fallback"", ""universe_size"": 30, ""zscore_lookback"": 720}",core,crypto,BTC,priority_with_coverage_fallback,30,30,"ETH,SOL,XRP,BNB,TRX,ADA,AVAX,DOT,NEAR,ATOM,ALGO,DOGE,BCH,LTC,XLM,ETC,LINK,UNI,AAVE,INJ,FIL,VET,FET,GRT,THETA,XTZ,SAND,CHZ,DASH,HBAR","TON,SUI,ICP,MKR,RENDER,RNDR,ARB,OP,MATIC,POL,APT,SEI,EOS,MANA","CHZ,DASH,HBAR",1440,72,0.9,explained_variance,,720,2.5,0.5,10.0,8760.0,0.6,5,480,711,0,1.0,,,0,0,OLS,,22.00824086777826,0.7112742608045131,0.282247999293,2.520032958909103,-0.2141802236330057,0.0028553547680513183,144,127.40845070422536,0.497789078045545
"{""entry_z"": 2.5, ""exit_z"": 0.5, ""fixed_n_components"": null, ""max_holding_period"": null, ""min_asset_coverage"": 0.6, ""min_train_observations"": 480, ""min_universe_assets"": 5, ""pca_component_selection_method"": ""explained_variance"", ""pca_explained_variance"": 0.7, ""rebalance_frequency"": 72, ""regression_type"": ""OLS"", ""ridge_alpha"": 1.0, ""stage"": ""core"", ""stop_loss_z"": null, ""target"": ""BTC"", ""train_window"": 1440, ""transaction_cost_bps"": 10, ""universe_selection_method"": ""priority_with_coverage_fallback"", ""universe_size"": 30, ""zscore_lookback"": 1440}",core,crypto,BTC,priority_with_coverage_fallback,30,30,"ETH,SOL,XRP,BNB,TRX,ADA,AVAX,DOT,NEAR,ATOM,ALGO,DOGE,BCH,LTC,XLM,ETC,LINK,UNI,AAVE,INJ,FIL,VET,FET,GRT,THETA,XTZ,SAND,CHZ,DASH,HBAR","TON,SUI,ICP,MKR,RENDER,RNDR,ARB,OP,MATIC,POL,APT,SEI,EOS,MANA","CHZ,DASH,HBAR",1440,72,0.7,explained_variance,,1440,2.5,0.5,10.0,8760.0,0.6,5,480,711,0,1.0,,,0,0,OLS,,14.125976192395905,0.5926184120934181,0.3211779980461219,1.845140126965723,-0.191272231346872,0.0017210357506062739,88,274.40909090909093,0.498592015901938
"{""entry_z"": 2.5, ""exit_z"": 0.5, ""fixed_n_components"": null, ""max_holding_period"": null, ""min_asset_coverage"": 0.6, ""min_train_observations"": 480, ""min_universe_assets"": 5, ""pca_component_selection_method"": ""explained_variance"", ""pca_explained_variance"": 0.8, ""rebalance_frequency"": 72, ""regression_type"": ""OLS"", ""ridge_alpha"": 1.0, ""stage"": ""core"", ""stop_loss_z"": null, ""target"": ""BTC"", ""train_window"": 1440, ""transaction_cost_bps"": 10, ""universe_selection_method"": ""priority_with_coverage_fallback"", ""universe_size"": 30, ""zscore_lookback"": 1440}",core,crypto,BTC,priority_with_coverage_fallback,30,30,"ETH,SOL,XRP,BNB,TRX,ADA,AVAX,DOT,NEAR,ATOM,ALGO,DOGE,BCH,LTC,XLM,ETC,LINK,UNI,AAVE,INJ,FIL,VET,FET,GRT,THETA,XTZ,SAND,CHZ,DASH,HBAR","TON,SUI,ICP,MKR,RENDER,RNDR,ARB,OP,MATIC,POL,APT,SEI,EOS,MANA","CHZ,DASH,HBAR",1440,72,0.8,explained_variance,,1440,2.5,0.5,10.0,8760.0,0.6,5,480,711,0,1.0,,,0,0,OLS,,15.902665999137014,0.6232105839245765,0.2964403967050502,2.1023132840584253,-0.20299850320553425,0.0018774935461159353,96,194.58333333333334,0.5
"{""entry_z"": 2.5, ""exit_z"": 0.5, ""fixed_n_components"": null, ""max_holding_period"": null, ""min_asset_coverage"": 0.6, ""min_train_observations"": 480, ""min_universe_assets"": 5, ""pca_component_selection_method"": ""explained_variance"", ""pca_explained_variance"": 0.9, ""rebalance_frequency"": 72, ""regression_type"": ""OLS"", ""ridge_alpha"": 1.0, ""stage"": ""core"", ""stop_loss_z"": null, ""target"": ""BTC"", ""train_window"": 1440, ""transaction_cost_bps"": 10, ""universe_selection_method"": ""priority_with_coverage_fallback"", ""universe_size"": 30, ""zscore_lookback"": 1440}",core,crypto,BTC,priority_with_coverage_fallback,30,30,"ETH,SOL,XRP,BNB,TRX,ADA,AVAX,DOT,NEAR,ATOM,ALGO,DOGE,BCH,LTC,XLM,ETC,LINK,UNI,AAVE,INJ,FIL,VET,FET,GRT,THETA,XTZ,SAND,CHZ,DASH,HBAR","TON,SUI,ICP,MKR,RENDER,RNDR,ARB,OP,MATIC,POL,APT,SEI,EOS,MANA","CHZ,DASH,HBAR",1440,72,0.9,explained_variance,,1440,2.5,0.5,10.0,8760.0,0.6,5,480,711,0,1.0,,,0,0,OLS,,28.972498946060565,0.7905814277631751,0.2775175123176386,2.8487623039020984,-0.18062161594696058,0.0020339513416255963,101,146.87755102040816,0.5009031540919827
"{""entry_z"": 2.5, ""exit_z"": 0.5, ""fixed_n_components"": null, ""max_holding_period"": null, ""min_asset_coverage"": 0.6, ""min_train_observations"": 480, ""min_universe_assets"": 5, ""pca_component_selection_method"": ""explained_variance"", ""pca_explained_variance"": 0.7, ""rebalance_frequency"": 72, ""regression_type"": ""OLS"", ""ridge_alpha"": 1.0, ""stage"": ""core"", ""stop_loss_z"": null, ""target"": ""BTC"", ""train_window"": 2880, ""transaction_cost_bps"": 10, ""universe_selection_method"": ""priority_with_coverage_fallback"", ""universe_size"": 30, ""zscore_lookback"": 336}",core,crypto,BTC,priority_with_coverage_fallback,30,30,"ETH,SOL,XRP,BNB,TRX,ADA,AVAX,DOT,NEAR,ATOM,ALGO,DOGE,BCH,LTC,XLM,ETC,LINK,UNI,AAVE,INJ,FIL,VET,FET,GRT,THETA,XTZ,SAND,CHZ,DASH,HBAR","TON,SUI,ICP,MKR,RENDER,RNDR,ARB,OP,MATIC,POL,APT,SEI,EOS,MANA","CHZ,DASH,HBAR",2880,72,0.7,explained_variance,,336,2.5,0.5,10.0,8760.0,0.6,5,480,691,0,1.0,,,0,0,OLS,,-0.201209947278702,-0.03882990637434702,0.3299310322304361,-0.117690979571836,-0.5999145379578597,0.005473718103517669,272,143.19117647058823,0.4939919893190921
"{""entry_z"": 2.5, ""exit_z"": 0.5, ""fixed_n_components"": null, ""max_holding_period"": null, ""min_asset_coverage"": 0.6, ""min_train_observations"": 480, ""min_universe_assets"": 5, ""pca_component_selection_method"": ""explained_variance"", ""pca_explained_variance"": 0.8, ""rebalance_frequency"": 72, ""regression_type"": ""OLS"", ""ridge_alpha"": 1.0, ""stage"": ""core"", ""stop_loss_z"": null, ""target"": ""BTC"", ""train_window"": 2880, ""transaction_cost_bps"": 10, ""universe_selection_method"": ""priority_with_coverage_fallback"", ""universe_size"": 30, ""zscore_lookback"": 336}",core,crypto,BTC,priority_with_coverage_fallback,30,30,"ETH,SOL,XRP,BNB,TRX,ADA,AVAX,DOT,NEAR,ATOM,ALGO,DOGE,BCH,LTC,XLM,ETC,LINK,UNI,AAVE,INJ,FIL,VET,FET,GRT,THETA,XTZ,SAND,CHZ,DASH,HBAR","TON,SUI,ICP,MKR,RENDER,RNDR,ARB,OP,MATIC,POL,APT,SEI,EOS,MANA","CHZ,DASH,HBAR",2880,72,0.8,explained_variance,,336,2.5,0.5,10.0,8760.0,0.6,5,480,691,0,1.0,,,0,0,OLS,,0.4740263108259486,0.07079195766156166,0.3557546156810759,0.19899097451211897,-0.5009605197116405,0.005433470176285921,270,138.88888888888889,0.49456
"{""entry_z"": 2.5, ""exit_z"": 0.5, ""fixed_n_components"": null, ""max_holding_period"": null, ""min_asset_coverage"": 0.6, ""min_train_observations"": 480, ""min_universe_assets"": 5, ""pca_component_selection_method"": ""explained_variance"", ""pca_explained_variance"": 0.9, ""rebalance_frequency"": 72, ""regression_type"": ""OLS"", ""ridge_alpha"": 1.0, ""stage"": ""core"", ""stop_loss_z"": null, ""target"": ""BTC"", ""train_window"": 2880, ""transaction_cost_bps"": 10, ""universe_selection_method"": ""priority_with_coverage_fallback"", ""universe_size"": 30, ""zscore_lookback"": 336}",core,crypto,BTC,priority_with_coverage_fallback,30,30,"ETH,SOL,XRP,BNB,TRX,ADA,AVAX,DOT,NEAR,ATOM,ALGO,DOGE,BCH,LTC,XLM,ETC,LINK,UNI,AAVE,INJ,FIL,VET,FET,GRT,THETA,XTZ,SAND,CHZ,DASH,HBAR","TON,SUI,ICP,MKR,RENDER,RNDR,ARB,OP,MATIC,POL,APT,SEI,EOS,MANA","CHZ,DASH,HBAR",2880,72,0.9,explained_variance,,336,2.5,0.5,10.0,8760.0,0.6,5,480,691,0,1.0,,,0,0,OLS,,0.6870978523680724,0.09658331145214749,0.32071014547277754,0.3011545247805254,-0.39724302658249466,0.004990742976736698,245,142.06611570247935,0.49331006399069227
"{""entry_z"": 2.5, ""exit_z"": 0.5, ""fixed_n_components"": null, ""max_holding_period"": null, ""min_asset_coverage"": 0.6, ""min_train_observations"": 480, ""min_universe_assets"": 5, ""pca_component_selection_method"": ""explained_variance"", ""pca_explained_variance"": 0.7, ""rebalance_frequency"": 72, ""regression_type"": ""OLS"", ""ridge_alpha"": 1.0, ""stage"": ""core"", ""stop_loss_z"": null, ""target"": ""BTC"", ""train_window"": 2880, ""transaction_cost_bps"": 10, ""universe_selection_method"": ""priority_with_coverage_fallback"", ""universe_size"": 30, ""zscore_lookback"": 720}",core,crypto,BTC,priority_with_coverage_fallback,30,30,"ETH,SOL,XRP,BNB,TRX,ADA,AVAX,DOT,NEAR,ATOM,ALGO,DOGE,BCH,LTC,XLM,ETC,LINK,UNI,AAVE,INJ,FIL,VET,FET,GRT,THETA,XTZ,SAND,CHZ,DASH,HBAR","TON,SUI,ICP,MKR,RENDER,RNDR,ARB,OP,MATIC,POL,APT,SEI,EOS,MANA","CHZ,DASH,HBAR",2880,72,0.7,explained_variance,,720,2.5,0.5,10.0,8760.0,0.6,5,480,691,0,1.0,,,0,0,OLS,,-0.15559154730119718,-0.029373258029915528,0.32806823220823833,-0.08953399063421393,-0.41206854458043796,0.002334379779441359,116,299.37931034482756,0.49222529371112644
"{""entry_z"": 2.5, ""exit_z"": 0.5, ""fixed_n_components"": null, ""max_holding_period"": null, ""min_asset_coverage"": 0.6, ""min_train_observations"": 480, ""min_universe_assets"": 5, ""pca_component_selection_method"": ""explained_variance"", ""pca_explained_variance"": 0.8, ""rebalance_frequency"": 72, ""regression_type"": ""OLS"", ""ridge_alpha"": 1.0, ""stage"": ""core"", ""stop_loss_z"": null, ""target"": ""BTC"", ""train_window"": 2880, ""transaction_cost_bps"": 10, ""universe_selection_method"": ""priority_with_coverage_fallback"", ""universe_size"": 30, ""zscore_lookback"": 720}",core,crypto,BTC,priority_with_coverage_fallback,30,30,"ETH,SOL,XRP,BNB,TRX,ADA,AVAX,DOT,NEAR,ATOM,ALGO,DOGE,BCH,LTC,XLM,ETC,LINK,UNI,AAVE,INJ,FIL,VET,FET,GRT,THETA,XTZ,SAND,CHZ,DASH,HBAR","TON,SUI,ICP,MKR,RENDER,RNDR,ARB,OP,MATIC,POL,APT,SEI,EOS,MANA","CHZ,DASH,HBAR",2880,72,0.8,explained_variance,,720,2.5,0.5,10.0,8760.0,0.6,5,480,691,0,1.0,,,0,0,OLS,,2.2995610525309145,0.2342312074597901,0.3641563035275469,0.6432161277748456,-0.3999183377828869,0.0024551235611366016,120,298.08474576271186,0.49024847899016316
"{""entry_z"": 2.5, ""exit_z"": 0.5, ""fixed_n_components"": null, ""max_holding_period"": null, ""min_asset_coverage"": 0.6, ""min_train_observations"": 480, ""min_universe_assets"": 5, ""pca_component_selection_method"": ""explained_variance"", ""pca_explained_variance"": 0.9, ""rebalance_frequency"": 72, ""regression_type"": ""OLS"", ""ridge_alpha"": 1.0, ""stage"": ""core"", ""stop_loss_z"": null, ""target"": ""BTC"", ""train_window"": 2880, ""transaction_cost_bps"": 10, ""universe_selection_method"": ""priority_with_coverage_fallback"", ""universe_size"": 30, ""zscore_lookback"": 720}",core,crypto,BTC,priority_with_coverage_fallback,30,30,"ETH,SOL,XRP,BNB,TRX,ADA,AVAX,DOT,NEAR,ATOM,ALGO,DOGE,BCH,LTC,XLM,ETC,LINK,UNI,AAVE,INJ,FIL,VET,FET,GRT,THETA,XTZ,SAND,CHZ,DASH,HBAR","TON,SUI,ICP,MKR,RENDER,RNDR,ARB,OP,MATIC,POL,APT,SEI,EOS,MANA","CHZ,DASH,HBAR",2880,72,0.9,explained_variance,,720,2.5,0.5,10.0,8760.0,0.6,5,480,691,0,1.0,,,0,0,OLS,,10.416825943974986,0.5361384563640088,0.3040380047539549,1.7633928916152537,-0.21886741301086532,0.0024551235611366016,118,240.49122807017545,0.49686314560840383
"{""entry_z"": 2.5, ""exit_z"": 0.5, ""fixed_n_components"": null, ""max_holding_period"": null, ""min_asset_coverage"": 0.6, ""min_train_observations"": 480, ""min_universe_assets"": 5, ""pca_component_selection_method"": ""explained_variance"", ""pca_explained_variance"": 0.7, ""rebalance_frequency"": 72, ""regression_type"": ""OLS"", ""ridge_alpha"": 1.0, ""stage"": ""core"", ""stop_loss_z"": null, ""target"": ""BTC"", ""train_window"": 2880, ""transaction_cost_bps"": 10, ""universe_selection_method"": ""priority_with_coverage_fallback"", ""universe_size"": 30, ""zscore_lookback"": 1440}",core,crypto,BTC,priority_with_coverage_fallback,30,30,"ETH,SOL,XRP,BNB,TRX,ADA,AVAX,DOT,NEAR,ATOM,ALGO,DOGE,BCH,LTC,XLM,ETC,LINK,UNI,AAVE,INJ,FIL,VET,FET,GRT,THETA,XTZ,SAND,CHZ,DASH,HBAR","TON,SUI,ICP,MKR,RENDER,RNDR,ARB,OP,MATIC,POL,APT,SEI,EOS,MANA","CHZ,DASH,HBAR",2880,72,0.7,explained_variance,,1440,2.5,0.5,10.0,8760.0,0.6,5,480,691,0,1.0,,,0,0,OLS,,2.791687271597639,0.2648529046209904,0.33576656811717803,0.7888007019464794,-0.2821522633816337,0.0012476857441841745,60,482.13793103448273,0.49320554999284794
"{""entry_z"": 2.5, ""exit_z"": 0.5, ""fixed_n_components"": null, ""max_holding_period"": null, ""min_asset_coverage"": 0.6, ""min_train_observations"": 480, ""min_universe_assets"": 5, ""pca_component_selection_method"": ""explained_variance"", ""pca_explained_variance"": 0.8, ""rebalance_frequency"": 72, ""regression_type"": ""OLS"", ""ridge_alpha"": 1.0, ""stage"": ""core"", ""stop_loss_z"": null, ""target"": ""BTC"", ""train_window"": 2880, ""transaction_cost_bps"": 10, ""universe_selection_method"": ""priority_with_coverage_fallback"", ""universe_size"": 30, ""zscore_lookback"": 1440}",core,crypto,BTC,priority_with_coverage_fallback,30,30,"ETH,SOL,XRP,BNB,TRX,ADA,AVAX,DOT,NEAR,ATOM,ALGO,DOGE,BCH,LTC,XLM,ETC,LINK,UNI,AAVE,INJ,FIL,VET,FET,GRT,THETA,XTZ,SAND,CHZ,DASH,HBAR","TON,SUI,ICP,MKR,RENDER,RNDR,ARB,OP,MATIC,POL,APT,SEI,EOS,MANA","CHZ,DASH,HBAR",2880,72,0.8,explained_variance,,1440,2.5,0.5,10.0,8760.0,0.6,5,480,691,0,1.0,,,0,0,OLS,,6.157540308667925,0.4147601695146206,0.3137716081162141,1.321853726679447,-0.3081272162353166,0.0013684295258794173,67,392.54545454545456,0.49459626370233134
"{""entry_z"": 2.5, ""exit_z"": 0.5, ""fixed_n_components"": null, ""max_holding_period"": null, ""min_asset_coverage"": 0.6, ""min_train_observations"": 480, ""min_universe_assets"": 5, ""pca_component_selection_method"": ""explained_variance"", ""pca_explained_variance"": 0.9, ""rebalance_frequency"": 72, ""regression_type"": ""OLS"", ""ridge_alpha"": 1.0, ""stage"": ""core"", ""stop_loss_z"": null, ""target"": ""BTC"", ""train_window"": 2880, ""transaction_cost_bps"": 10, ""universe_selection_method"": ""priority_with_coverage_fallback"", ""universe_size"": 30, ""zscore_lookback"": 1440}",core,crypto,BTC,priority_with_coverage_fallback,30,30,"ETH,SOL,XRP,BNB,TRX,ADA,AVAX,DOT,NEAR,ATOM,ALGO,DOGE,BCH,LTC,XLM,ETC,LINK,UNI,AAVE,INJ,FIL,VET,FET,GRT,THETA,XTZ,SAND,CHZ,DASH,HBAR","TON,SUI,ICP,MKR,RENDER,RNDR,ARB,OP,MATIC,POL,APT,SEI,EOS,MANA","CHZ,DASH,HBAR",2880,72,0.9,explained_variance,,1440,2.5,0.5,10.0,8760.0,0.6,5,480,691,0,1.0,,,0,0,OLS,,6.572633667029742,0.4288902019774512,0.2857236126211681,1.5010667058382157,-0.2414273315442439,0.0013684295258794173,66,302.65625,0.49199793495095506
"{""entry_z"": 3.0, ""exit_z"": 0.25, ""fixed_n_components"": null, ""max_holding_period"": null, ""min_asset_coverage"": 0.6, ""min_train_observations"": 480, ""min_universe_assets"": 5, ""pca_component_selection_method"": ""explained_variance"", ""pca_explained_variance"": 0.7, ""rebalance_frequency"": 72, ""regression_type"": ""OLS"", ""ridge_alpha"": 1.0, ""stage"": ""core"", ""stop_loss_z"": null, ""target"": ""BTC"", ""train_window"": 720, ""transaction_cost_bps"": 10, ""universe_selection_method"": ""priority_with_coverage_fallback"", ""universe_size"": 30, ""zscore_lookback"": 336}",core,crypto,BTC,priority_with_coverage_fallback,30,30,"ETH,SOL,XRP,BNB,TRX,ADA,AVAX,DOT,NEAR,ATOM,ALGO,DOGE,BCH,LTC,XLM,ETC,LINK,UNI,AAVE,INJ,FIL,VET,FET,GRT,THETA,XTZ,SAND,CHZ,DASH,HBAR","TON,SUI,ICP,MKR,RENDER,RNDR,ARB,OP,MATIC,POL,APT,SEI,EOS,MANA","CHZ,DASH,HBAR",720,72,0.7,explained_variance,,336,3.0,0.25,10.0,8760.0,0.6,5,480,721,0,1.0,,,0,0,OLS,,3.9628496830115143,0.3108061418073669,0.28571695137988407,1.0878113472312838,-0.21610526627357618,0.0031242767877806064,162,138.65432098765433,0.49879796990472797
"{""entry_z"": 3.0, ""exit_z"": 0.25, ""fixed_n_components"": null, ""max_holding_period"": null, ""min_asset_coverage"": 0.6, ""min_train_observations"": 480, ""min_universe_assets"": 5, ""pca_component_selection_method"": ""explained_variance"", ""pca_explained_variance"": 0.8, ""rebalance_frequency"": 72, ""regression_type"": ""OLS"", ""ridge_alpha"": 1.0, ""stage"": ""core"", ""stop_loss_z"": null, ""target"": ""BTC"", ""train_window"": 720, ""transaction_cost_bps"": 10, ""universe_selection_method"": ""priority_with_coverage_fallback"", ""universe_size"": 30, ""zscore_lookback"": 336}",core,crypto,BTC,priority_with_coverage_fallback,30,30,"ETH,SOL,XRP,BNB,TRX,ADA,AVAX,DOT,NEAR,ATOM,ALGO,DOGE,BCH,LTC,XLM,ETC,LINK,UNI,AAVE,INJ,FIL,VET,FET,GRT,THETA,XTZ,SAND,CHZ,DASH,HBAR","TON,SUI,ICP,MKR,RENDER,RNDR,ARB,OP,MATIC,POL,APT,SEI,EOS,MANA","CHZ,DASH,HBAR",720,72,0.8,explained_variance,,336,3.0,0.25,10.0,8760.0,0.6,5,480,721,0,1.0,,,0,0,OLS,,6.337144940460226,0.4003100416213665,0.29989495684902906,1.3348341893688052,-0.2078005716184781,0.003008562832677621,155,133.15584415584416,0.49575733931532234
"{""entry_z"": 3.0, ""exit_z"": 0.25, ""fixed_n_components"": null, ""max_holding_period"": null, ""min_asset_coverage"": 0.6, ""min_train_observations"": 480, ""min_universe_assets"": 5, ""pca_component_selection_method"": ""explained_variance"", ""pca_explained_variance"": 0.9, ""rebalance_frequency"": 72, ""regression_type"": ""OLS"", ""ridge_alpha"": 1.0, ""stage"": ""core"", ""stop_loss_z"": null, ""target"": ""BTC"", ""train_window"": 720, ""transaction_cost_bps"": 10, ""universe_selection_method"": ""priority_with_coverage_fallback"", ""universe_size"": 30, ""zscore_lookback"": 336}",core,crypto,BTC,priority_with_coverage_fallback,30,30,"ETH,SOL,XRP,BNB,TRX,ADA,AVAX,DOT,NEAR,ATOM,ALGO,DOGE,BCH,LTC,XLM,ETC,LINK,UNI,AAVE,INJ,FIL,VET,FET,GRT,THETA,XTZ,SAND,CHZ,DASH,HBAR","TON,SUI,ICP,MKR,RENDER,RNDR,ARB,OP,MATIC,POL,APT,SEI,EOS,MANA","CHZ,DASH,HBAR",720,72,0.9,explained_variance,,336,3.0,0.25,10.0,8760.0,0.6,5,480,721,0,1.0,,,0,0,OLS,,6.136227411559677,0.3937568842978436,0.273193941527913,1.4413089913182147,-0.1935639961301555,0.0028928488775746353,147,112.19444444444444,0.48774449121069574
"{""entry_z"": 3.0, ""exit_z"": 0.25, ""fixed_n_components"": null, ""max_holding_period"": null, ""min_asset_coverage"": 0.6, ""min_train_observations"": 480, ""min_universe_assets"": 5, ""pca_component_selection_method"": ""explained_variance"", ""pca_explained_variance"": 0.7, ""rebalance_frequency"": 72, ""regression_type"": ""OLS"", ""ridge_alpha"": 1.0, ""stage"": ""core"", ""stop_loss_z"": null, ""target"": ""BTC"", ""train_window"": 720, ""transaction_cost_bps"": 10, ""universe_selection_method"": ""priority_with_coverage_fallback"", ""universe_size"": 30, ""zscore_lookback"": 720}",core,crypto,BTC,priority_with_coverage_fallback,30,30,"ETH,SOL,XRP,BNB,TRX,ADA,AVAX,DOT,NEAR,ATOM,ALGO,DOGE,BCH,LTC,XLM,ETC,LINK,UNI,AAVE,INJ,FIL,VET,FET,GRT,THETA,XTZ,SAND,CHZ,DASH,HBAR","TON,SUI,ICP,MKR,RENDER,RNDR,ARB,OP,MATIC,POL,APT,SEI,EOS,MANA","CHZ,DASH,HBAR",720,72,0.7,explained_variance,,720,3.0,0.25,10.0,8760.0,0.6,5,480,721,0,1.0,,,0,0,OLS,,4.677860062077347,0.34095360259450724,0.26307934881745404,1.2960105159416702,-0.1498631931819091,0.0016585666898094576,85,175.85714285714286,0.49404278364473325
"{""entry_z"": 3.0, ""exit_z"": 0.25, ""fixed_n_components"": null, ""max_holding_period"": null, ""min_asset_coverage"": 0.6, ""min_train_observations"": 480, ""min_universe_assets"": 5, ""pca_component_selection_method"": ""explained_variance"", ""pca_explained_variance"": 0.8, ""rebalance_frequency"": 72, ""regression_type"": ""OLS"", ""ridge_alpha"": 1.0, ""stage"": ""core"", ""stop_loss_z"": null, ""target"": ""BTC"", ""train_window"": 720, ""transaction_cost_bps"": 10, ""universe_selection_method"": ""priority_with_coverage_fallback"", ""universe_size"": 30, ""zscore_lookback"": 720}",core,crypto,BTC,priority_with_coverage_fallback,30,30,"ETH,SOL,XRP,BNB,TRX,ADA,AVAX,DOT,NEAR,ATOM,ALGO,DOGE,BCH,LTC,XLM,ETC,LINK,UNI,AAVE,INJ,FIL,VET,FET,GRT,THETA,XTZ,SAND,CHZ,DASH,HBAR","TON,SUI,ICP,MKR,RENDER,RNDR,ARB,OP,MATIC,POL,APT,SEI,EOS,MANA","CHZ,DASH,HBAR",720,72,0.8,explained_variance,,720,3.0,0.25,10.0,8760.0,0.6,5,480,721,0,1.0,,,0,0,OLS,,9.687564497688385,0.4921800139623609,0.29777584208676766,1.652854074773959,-0.1997788292419984,0.0017742806449124432,92,155.82608695652175,0.4877232142857143
"{""entry_z"": 3.0, ""exit_z"": 0.25, ""fixed_n_components"": null, ""max_holding_period"": null, ""min_asset_coverage"": 0.6, ""min_train_observations"": 480, ""min_universe_assets"": 5, ""pca_component_selection_method"": ""explained_variance"", ""pca_explained_variance"": 0.9, ""rebalance_frequency"": 72, ""regression_type"": ""OLS"", ""ridge_alpha"": 1.0, ""stage"": ""core"", ""stop_loss_z"": null, ""target"": ""BTC"", ""train_window"": 720, ""transaction_cost_bps"": 10, ""universe_selection_method"": ""priority_with_coverage_fallback"", ""universe_size"": 30, ""zscore_lookback"": 720}",core,crypto,BTC,priority_with_coverage_fallback,30,30,"ETH,SOL,XRP,BNB,TRX,ADA,AVAX,DOT,NEAR,ATOM,ALGO,DOGE,BCH,LTC,XLM,ETC,LINK,UNI,AAVE,INJ,FIL,VET,FET,GRT,THETA,XTZ,SAND,CHZ,DASH,HBAR","TON,SUI,ICP,MKR,RENDER,RNDR,ARB,OP,MATIC,POL,APT,SEI,EOS,MANA","CHZ,DASH,HBAR",720,72,0.9,explained_variance,,720,3.0,0.25,10.0,8760.0,0.6,5,480,721,0,1.0,,,0,0,OLS,,9.186401102863586,0.48012168996820637,0.2680574671041937,1.7911147753313041,-0.1935639961301555,0.0018128519632801049,93,132.2826086956522,0.48726376335250615
"{""entry_z"": 3.0, ""exit_z"": 0.25, ""fixed_n_components"": null, ""max_holding_period"": null, ""min_asset_coverage"": 0.6, ""min_train_observations"": 480, ""min_universe_assets"": 5, ""pca_component_selection_method"": ""explained_variance"", ""pca_explained_variance"": 0.7, ""rebalance_frequency"": 72, ""regression_type"": ""OLS"", ""ridge_alpha"": 1.0, ""stage"": ""core"", ""stop_loss_z"": null, ""target"": ""BTC"", ""train_window"": 720, ""transaction_cost_bps"": 10, ""universe_selection_method"": ""priority_with_coverage_fallback"", ""universe_size"": 30, ""zscore_lookback"": 1440}",core,crypto,BTC,priority_with_coverage_fallback,30,30,"ETH,SOL,XRP,BNB,TRX,ADA,AVAX,DOT,NEAR,ATOM,ALGO,DOGE,BCH,LTC,XLM,ETC,LINK,UNI,AAVE,INJ,FIL,VET,FET,GRT,THETA,XTZ,SAND,CHZ,DASH,HBAR","TON,SUI,ICP,MKR,RENDER,RNDR,ARB,OP,MATIC,POL,APT,SEI,EOS,MANA","CHZ,DASH,HBAR",720,72,0.7,explained_variance,,1440,3.0,0.25,10.0,8760.0,0.6,5,480,721,0,1.0,,,0,0,OLS,,8.889373606444009,0.47274032166706714,0.26061927039771554,1.8139116149993295,-0.15140276912798878,0.0012342821877651777,64,185.71875,0.4928487295978462
"{""entry_z"": 3.0, ""exit_z"": 0.25, ""fixed_n_components"": null, ""max_holding_period"": null, ""min_asset_coverage"": 0.6, ""min_train_observations"": 480, ""min_universe_assets"": 5, ""pca_component_selection_method"": ""explained_variance"", ""pca_explained_variance"": 0.8, ""rebalance_frequency"": 72, ""regression_type"": ""OLS"", ""ridge_alpha"": 1.0, ""stage"": ""core"", ""stop_loss_z"": null, ""target"": ""BTC"", ""train_window"": 720, ""transaction_cost_bps"": 10, ""universe_selection_method"": ""priority_with_coverage_fallback"", ""universe_size"": 30, ""zscore_lookback"": 1440}",core,crypto,BTC,priority_with_coverage_fallback,30,30,"ETH,SOL,XRP,BNB,TRX,ADA,AVAX,DOT,NEAR,ATOM,ALGO,DOGE,BCH,LTC,XLM,ETC,LINK,UNI,AAVE,INJ,FIL,VET,FET,GRT,THETA,XTZ,SAND,CHZ,DASH,HBAR","TON,SUI,ICP,MKR,RENDER,RNDR,ARB,OP,MATIC,POL,APT,SEI,EOS,MANA","CHZ,DASH,HBAR",720,72,0.8,explained_variance,,1440,3.0,0.25,10.0,8760.0,0.6,5,480,721,0,1.0,,,0,0,OLS,,10.971663687266338,0.5210587284751227,0.2785990025338607,1.87028210343931,-0.11392927525845475,0.0012728535061328396,66,142.24242424242425,0.4933958244567533
"{""entry_z"": 3.0, ""exit_z"": 0.25, ""fixed_n_components"": null, ""max_holding_period"": null, ""min_asset_coverage"": 0.6, ""min_train_observations"": 480, ""min_universe_assets"": 5, ""pca_component_selection_method"": ""explained_variance"", ""pca_explained_variance"": 0.9, ""rebalance_frequency"": 72, ""regression_type"": ""OLS"", ""ridge_alpha"": 1.0, ""stage"": ""core"", ""stop_loss_z"": null, ""target"": ""BTC"", ""train_window"": 720, ""transaction_cost_bps"": 10, ""universe_selection_method"": ""priority_with_coverage_fallback"", ""universe_size"": 30, ""zscore_lookback"": 1440}",core,crypto,BTC,priority_with_coverage_fallback,30,30,"ETH,SOL,XRP,BNB,TRX,ADA,AVAX,DOT,NEAR,ATOM,ALGO,DOGE,BCH,LTC,XLM,ETC,LINK,UNI,AAVE,INJ,FIL,VET,FET,GRT,THETA,XTZ,SAND,CHZ,DASH,HBAR","TON,SUI,ICP,MKR,RENDER,RNDR,ARB,OP,MATIC,POL,APT,SEI,EOS,MANA","CHZ,DASH,HBAR",720,72,0.9,explained_variance,,1440,3.0,0.25,10.0,8760.0,0.6,5,480,721,0,1.0,,,0,0,OLS,,12.739945691426563,0.5568755227904334,0.26588786431177996,2.0943999239372637,-0.17566123369669784,0.0013499961428681633,69,137.52941176470588,0.490590248075278
"{""entry_z"": 3.0, ""exit_z"": 0.25, ""fixed_n_components"": null, ""max_holding_period"": null, ""min_asset_coverage"": 0.6, ""min_train_observations"": 480, ""min_universe_assets"": 5, ""pca_component_selection_method"": ""explained_variance"", ""pca_explained_variance"": 0.7, ""rebalance_frequency"": 72, ""regression_type"": ""OLS"", ""ridge_alpha"": 1.0, ""stage"": ""core"", ""stop_loss_z"": null, ""target"": ""BTC"", ""train_window"": 1440, ""transaction_cost_bps"": 10, ""universe_selection_method"": ""priority_with_coverage_fallback"", ""universe_size"": 30, ""zscore_lookback"": 336}",core,crypto,BTC,priority_with_coverage_fallback,30,30,"ETH,SOL,XRP,BNB,TRX,ADA,AVAX,DOT,NEAR,ATOM,ALGO,DOGE,BCH,LTC,XLM,ETC,LINK,UNI,AAVE,INJ,FIL,VET,FET,GRT,THETA,XTZ,SAND,CHZ,DASH,HBAR","TON,SUI,ICP,MKR,RENDER,RNDR,ARB,OP,MATIC,POL,APT,SEI,EOS,MANA","CHZ,DASH,HBAR",1440,72,0.7,explained_variance,,336,3.0,0.25,10.0,8760.0,0.6,5,480,711,0,1.0,,,0,0,OLS,,1.0014239887824585,0.12622665631052876,0.3038399062916351,0.415438043840668,-0.340479585576714,0.0031291559101932253,158,196.32051282051282,0.4978123163325279
"{""entry_z"": 3.0, ""exit_z"": 0.25, ""fixed_n_components"": null, ""max_holding_period"": null, ""min_asset_coverage"": 0.6, ""min_train_observations"": 480, ""min_universe_assets"": 5, ""pca_component_selection_method"": ""explained_variance"", ""pca_explained_variance"": 0.8, ""rebalance_frequency"": 72, ""regression_type"": ""OLS"", ""ridge_alpha"": 1.0, ""stage"": ""core"", ""stop_loss_z"": null, ""target"": ""BTC"", ""train_window"": 1440, ""transaction_cost_bps"": 10, ""universe_selection_method"": ""priority_with_coverage_fallback"", ""universe_size"": 30, ""zscore_lookback"": 336}",core,crypto,BTC,priority_with_coverage_fallback,30,30,"ETH,SOL,XRP,BNB,TRX,ADA,AVAX,DOT,NEAR,ATOM,ALGO,DOGE,BCH,LTC,XLM,ETC,LINK,UNI,AAVE,INJ,FIL,VET,FET,GRT,THETA,XTZ,SAND,CHZ,DASH,HBAR","TON,SUI,ICP,MKR,RENDER,RNDR,ARB,OP,MATIC,POL,APT,SEI,EOS,MANA","CHZ,DASH,HBAR",1440,72,0.8,explained_variance,,336,3.0,0.25,10.0,8760.0,0.6,5,480,711,0,1.0,,,0,0,OLS,,2.3144168792768136,0.22788252651378293,0.29807480761565336,0.7645145469912423,-0.422481249097033,0.0034420715012125477,176,164.89772727272728,0.5029977258631383
"{""entry_z"": 3.0, ""exit_z"": 0.25, ""fixed_n_components"": null, ""max_holding_period"": null, ""min_asset_coverage"": 0.6, ""min_train_observations"": 480, ""min_universe_assets"": 5, ""pca_component_selection_method"": ""explained_variance"", ""pca_explained_variance"": 0.9, ""rebalance_frequency"": 72, ""regression_type"": ""OLS"", ""ridge_alpha"": 1.0, ""stage"": ""core"", ""stop_loss_z"": null, ""target"": ""BTC"", ""train_window"": 1440, ""transaction_cost_bps"": 10, ""universe_selection_method"": ""priority_with_coverage_fallback"", ""universe_size"": 30, ""zscore_lookback"": 336}",core,crypto,BTC,priority_with_coverage_fallback,30,30,"ETH,SOL,XRP,BNB,TRX,ADA,AVAX,DOT,NEAR,ATOM,ALGO,DOGE,BCH,LTC,XLM,ETC,LINK,UNI,AAVE,INJ,FIL,VET,FET,GRT,THETA,XTZ,SAND,CHZ,DASH,HBAR","TON,SUI,ICP,MKR,RENDER,RNDR,ARB,OP,MATIC,POL,APT,SEI,EOS,MANA","CHZ,DASH,HBAR",1440,72,0.9,explained_variance,,336,3.0,0.25,10.0,8760.0,0.6,5,480,711,0,1.0,,,0,0,OLS,,4.9626693817635665,0.35784282890355024,0.27317977339382776,1.3099169988243184,-0.2407642142526778,0.0032856137057028865,166,152.65853658536585,0.4999201150343505
"{""entry_z"": 3.0, ""exit_z"": 0.25, ""fixed_n_components"": null, ""max_holding_period"": null, ""min_asset_coverage"": 0.6, ""min_train_observations"": 480, ""min_universe_assets"": 5, ""pca_component_selection_method"": ""explained_variance"", ""pca_explained_variance"": 0.7, ""rebalance_frequency"": 72, ""regression_type"": ""OLS"", ""ridge_alpha"": 1.0, ""stage"": ""core"", ""stop_loss_z"": null, ""target"": ""BTC"", ""train_window"": 1440, ""transaction_cost_bps"": 10, ""universe_selection_method"": ""priority_with_coverage_fallback"", ""universe_size"": 30, ""zscore_lookback"": 720}",core,crypto,BTC,priority_with_coverage_fallback,30,30,"ETH,SOL,XRP,BNB,TRX,ADA,AVAX,DOT,NEAR,ATOM,ALGO,DOGE,BCH,LTC,XLM,ETC,LINK,UNI,AAVE,INJ,FIL,VET,FET,GRT,THETA,XTZ,SAND,CHZ,DASH,HBAR","TON,SUI,ICP,MKR,RENDER,RNDR,ARB,OP,MATIC,POL,APT,SEI,EOS,MANA","CHZ,DASH,HBAR",1440,72,0.7,explained_variance,,720,3.0,0.25,10.0,8760.0,0.6,5,480,711,0,1.0,,,0,0,OLS,,11.260818061386209,0.5363372187864506,0.30340827533294595,1.7677079446758641,-0.2036377224348962,0.0016819213017288585,83,266.2,0.5013148009015778
"{""entry_z"": 3.0, ""exit_z"": 0.25, ""fixed_n_components"": null, ""max_holding_period"": null, ""min_asset_coverage"": 0.6, ""min_train_observations"": 480, ""min_universe_assets"": 5, ""pca_component_selection_method"": ""explained_variance"", ""pca_explained_variance"": 0.8, ""rebalance_frequency"": 72, ""regression_type"": ""OLS"", ""ridge_alpha"": 1.0, ""stage"": ""core"", ""stop_loss_z"": null, ""target"": ""BTC"", ""train_window"": 1440, ""transaction_cost_bps"": 10, ""universe_selection_method"": ""priority_with_coverage_fallback"", ""universe_size"": 30, ""zscore_lookback"": 720}",core,crypto,BTC,priority_with_coverage_fallback,30,30,"ETH,SOL,XRP,BNB,TRX,ADA,AVAX,DOT,NEAR,ATOM,ALGO,DOGE,BCH,LTC,XLM,ETC,LINK,UNI,AAVE,INJ,FIL,VET,FET,GRT,THETA,XTZ,SAND,CHZ,DASH,HBAR","TON,SUI,ICP,MKR,RENDER,RNDR,ARB,OP,MATIC,POL,APT,SEI,EOS,MANA","CHZ,DASH,HBAR",1440,72,0.8,explained_variance,,720,3.0,0.25,10.0,8760.0,0.6,5,480,711,0,1.0,,,0,0,OLS,,9.43878806587633,0.4945706238503462,0.31213414400323414,1.5844810103351648,-0.24329214571917834,0.0017210357506062739,87,260.5813953488372,0.49915216421240516
"{""entry_z"": 3.0, ""exit_z"": 0.25, ""fixed_n_components"": null, ""max_holding_period"": null, ""min_asset_coverage"": 0.6, ""min_train_observations"": 480, ""min_universe_assets"": 5, ""pca_component_selection_method"": ""explained_variance"", ""pca_explained_variance"": 0.9, ""rebalance_frequency"": 72, ""regression_type"": ""OLS"", ""ridge_alpha"": 1.0, ""stage"": ""core"", ""stop_loss_z"": null, ""target"": ""BTC"", ""train_window"": 1440, ""transaction_cost_bps"": 10, ""universe_selection_method"": ""priority_with_coverage_fallback"", ""universe_size"": 30, ""zscore_lookback"": 720}",core,crypto,BTC,priority_with_coverage_fallback,30,30,"ETH,SOL,XRP,BNB,TRX,ADA,AVAX,DOT,NEAR,ATOM,ALGO,DOGE,BCH,LTC,XLM,ETC,LINK,UNI,AAVE,INJ,FIL,VET,FET,GRT,THETA,XTZ,SAND,CHZ,DASH,HBAR","TON,SUI,ICP,MKR,RENDER,RNDR,ARB,OP,MATIC,POL,APT,SEI,EOS,MANA","CHZ,DASH,HBAR",1440,72,0.9,explained_variance,,720,3.0,0.25,10.0,8760.0,0.6,5,480,711,0,1.0,,,0,0,OLS,,10.284430498407202,0.514649572231255,0.268477505723608,1.916918778145518,-0.20363772243489608,0.0016819213017288585,86,177.88372093023256,0.498104327363054
"{""entry_z"": 3.0, ""exit_z"": 0.25, ""fixed_n_components"": null, ""max_holding_period"": null, ""min_asset_coverage"": 0.6, ""min_train_observations"": 480, ""min_universe_assets"": 5, ""pca_component_selection_method"": ""explained_variance"", ""pca_explained_variance"": 0.7, ""rebalance_frequency"": 72, ""regression_type"": ""OLS"", ""ridge_alpha"": 1.0, ""stage"": ""core"", ""stop_loss_z"": null, ""target"": ""BTC"", ""train_window"": 1440, ""transaction_cost_bps"": 10, ""universe_selection_method"": ""priority_with_coverage_fallback"", ""universe_size"": 30, ""zscore_lookback"": 1440}",core,crypto,BTC,priority_with_coverage_fallback,30,30,"ETH,SOL,XRP,BNB,TRX,ADA,AVAX,DOT,NEAR,ATOM,ALGO,DOGE,BCH,LTC,XLM,ETC,LINK,UNI,AAVE,INJ,FIL,VET,FET,GRT,THETA,XTZ,SAND,CHZ,DASH,HBAR","TON,SUI,ICP,MKR,RENDER,RNDR,ARB,OP,MATIC,POL,APT,SEI,EOS,MANA","CHZ,DASH,HBAR",1440,72,0.7,explained_variance,,1440,3.0,0.25,10.0,8760.0,0.6,5,480,711,0,1.0,,,0,0,OLS,,4.372601953143216,0.3338167777318277,0.25532468522844304,1.3074206962525248,-0.19127223134687166,0.0008605178753031369,44,318.22727272727275,0.492643908013141
"{""entry_z"": 3.0, ""exit_z"": 0.25, ""fixed_n_components"": null, ""max_holding_period"": null, ""min_asset_coverage"": 0.6, ""min_train_observations"": 480, ""min_universe_assets"": 5, ""pca_component_selection_method"": ""explained_variance"", ""pca_explained_variance"": 0.8, ""rebalance_frequency"": 72, ""regression_type"": ""OLS"", ""ridge_alpha"": 1.0, ""stage"": ""core"", ""stop_loss_z"": null, ""target"": ""BTC"", ""train_window"": 1440, ""transaction_cost_bps"": 10, ""universe_selection_method"": ""priority_with_coverage_fallback"", ""universe_size"": 30, ""zscore_lookback"": 1440}",core,crypto,BTC,priority_with_coverage_fallback,30,30,"ETH,SOL,XRP,BNB,TRX,ADA,AVAX,DOT,NEAR,ATOM,ALGO,DOGE,BCH,LTC,XLM,ETC,LINK,UNI,AAVE,INJ,FIL,VET,FET,GRT,THETA,XTZ,SAND,CHZ,DASH,HBAR","TON,SUI,ICP,MKR,RENDER,RNDR,ARB,OP,MATIC,POL,APT,SEI,EOS,MANA","CHZ,DASH,HBAR",1440,72,0.8,explained_variance,,1440,3.0,0.25,10.0,8760.0,0.6,5,480,711,0,1.0,,,0,0,OLS,,5.47279629435319,0.37707411285240755,0.2726554045165591,1.3829695161223434,-0.2064446059393018,0.0009778612219353828,50,289.32,0.48817917876399836
"{""entry_z"": 3.0, ""exit_z"": 0.25, ""fixed_n_components"": null, ""max_holding_period"": null, ""min_asset_coverage"": 0.6, ""min_train_observations"": 480, ""min_universe_assets"": 5, ""pca_component_selection_method"": ""explained_variance"", ""pca_explained_variance"": 0.9, ""rebalance_frequency"": 72, ""regression_type"": ""OLS"", ""ridge_alpha"": 1.0, ""stage"": ""core"", ""stop_loss_z"": null, ""target"": ""BTC"", ""train_window"": 1440, ""transaction_cost_bps"": 10, ""universe_selection_method"": ""priority_with_coverage_fallback"", ""universe_size"": 30, ""zscore_lookback"": 1440}",core,crypto,BTC,priority_with_coverage_fallback,30,30,"ETH,SOL,XRP,BNB,TRX,ADA,AVAX,DOT,NEAR,ATOM,ALGO,DOGE,BCH,LTC,XLM,ETC,LINK,UNI,AAVE,INJ,FIL,VET,FET,GRT,THETA,XTZ,SAND,CHZ,DASH,HBAR","TON,SUI,ICP,MKR,RENDER,RNDR,ARB,OP,MATIC,POL,APT,SEI,EOS,MANA","CHZ,DASH,HBAR",1440,72,0.9,explained_variance,,1440,3.0,0.25,10.0,8760.0,0.6,5,480,711,0,1.0,,,0,0,OLS,,12.976715674913718,0.571202928996732,0.2611658351980702,2.1871273038585897,-0.1698504548525268,0.0012516623640772902,63,189.96774193548387,0.500594328408898
"{""entry_z"": 3.0, ""exit_z"": 0.25, ""fixed_n_components"": null, ""max_holding_period"": null, ""min_asset_coverage"": 0.6, ""min_train_observations"": 480, ""min_universe_assets"": 5, ""pca_component_selection_method"": ""explained_variance"", ""pca_explained_variance"": 0.7, ""rebalance_frequency"": 72, ""regression_type"": ""OLS"", ""ridge_alpha"": 1.0, ""stage"": ""core"", ""stop_loss_z"": null, ""target"": ""BTC"", ""train_window"": 2880, ""transaction_cost_bps"": 10, ""universe_selection_method"": ""priority_with_coverage_fallback"", ""universe_size"": 30, ""zscore_lookback"": 336}",core,crypto,BTC,priority_with_coverage_fallback,30,30,"ETH,SOL,XRP,BNB,TRX,ADA,AVAX,DOT,NEAR,ATOM,ALGO,DOGE,BCH,LTC,XLM,ETC,LINK,UNI,AAVE,INJ,FIL,VET,FET,GRT,THETA,XTZ,SAND,CHZ,DASH,HBAR","TON,SUI,ICP,MKR,RENDER,RNDR,ARB,OP,MATIC,POL,APT,SEI,EOS,MANA","CHZ,DASH,HBAR",2880,72,0.7,explained_variance,,336,3.0,0.25,10.0,8760.0,0.6,5,480,691,0,1.0,,,0,0,OLS,,-0.3183126446050165,-0.06531898730772845,0.3102104885053613,-0.2105634391101497,-0.5595173145152237,0.003421073814698543,169,200.73809523809524,0.49163800260941765
"{""entry_z"": 3.0, ""exit_z"": 0.25, ""fixed_n_components"": null, ""max_holding_period"": null, ""min_asset_coverage"": 0.6, ""min_train_observations"": 480, ""min_universe_assets"": 5, ""pca_component_selection_method"": ""explained_variance"", ""pca_explained_variance"": 0.8, ""rebalance_frequency"": 72, ""regression_type"": ""OLS"", ""ridge_alpha"": 1.0, ""stage"": ""core"", ""stop_loss_z"": null, ""target"": ""BTC"", ""train_window"": 2880, ""transaction_cost_bps"": 10, ""universe_selection_method"": ""priority_with_coverage_fallback"", ""universe_size"": 30, ""zscore_lookback"": 336}",core,crypto,BTC,priority_with_coverage_fallback,30,30,"ETH,SOL,XRP,BNB,TRX,ADA,AVAX,DOT,NEAR,ATOM,ALGO,DOGE,BCH,LTC,XLM,ETC,LINK,UNI,AAVE,INJ,FIL,VET,FET,GRT,THETA,XTZ,SAND,CHZ,DASH,HBAR","TON,SUI,ICP,MKR,RENDER,RNDR,ARB,OP,MATIC,POL,APT,SEI,EOS,MANA","CHZ,DASH,HBAR",2880,72,0.8,explained_variance,,336,3.0,0.25,10.0,8760.0,0.6,5,480,691,0,1.0,,,0,0,OLS,,0.4014692347713962,0.061305999846097636,0.3304633959698665,0.1855152509892135,-0.5098135878179891,0.0033808258874667954,168,171.96428571428572,0.49463482173762546
"{""entry_z"": 3.0, ""exit_z"": 0.25, ""fixed_n_components"": null, ""max_holding_period"": null, ""min_asset_coverage"": 0.6, ""min_train_observations"": 480, ""min_universe_assets"": 5, ""pca_component_selection_method"": ""explained_variance"", ""pca_explained_variance"": 0.9, ""rebalance_frequency"": 72, ""regression_type"": ""OLS"", ""ridge_alpha"": 1.0, ""stage"": ""core"", ""stop_loss_z"": null, ""target"": ""BTC"", ""train_window"": 2880, ""transaction_cost_bps"": 10, ""universe_selection_method"": ""priority_with_coverage_fallback"", ""universe_size"": 30, ""zscore_lookback"": 336}",core,crypto,BTC,priority_with_coverage_fallback,30,30,"ETH,SOL,XRP,BNB,TRX,ADA,AVAX,DOT,NEAR,ATOM,ALGO,DOGE,BCH,LTC,XLM,ETC,LINK,UNI,AAVE,INJ,FIL,VET,FET,GRT,THETA,XTZ,SAND,CHZ,DASH,HBAR","TON,SUI,ICP,MKR,RENDER,RNDR,ARB,OP,MATIC,POL,APT,SEI,EOS,MANA","CHZ,DASH,HBAR",2880,72,0.9,explained_variance,,336,3.0,0.25,10.0,8760.0,0.6,5,480,691,0,1.0,,,0,0,OLS,,1.2758384023654763,0.1560031153983532,0.2944527574986052,0.5298069433059807,-0.32353546900471,0.0032600821057715526,160,182.8860759493671,0.49667774086378735
"{""entry_z"": 3.0, ""exit_z"": 0.25, ""fixed_n_components"": null, ""max_holding_period"": null, ""min_asset_coverage"": 0.6, ""min_train_observations"": 480, ""min_universe_assets"": 5, ""pca_component_selection_method"": ""explained_variance"", ""pca_explained_variance"": 0.7, ""rebalance_frequency"": 72, ""regression_type"": ""OLS"", ""ridge_alpha"": 1.0, ""stage"": ""core"", ""stop_loss_z"": null, ""target"": ""BTC"", ""train_window"": 2880, ""transaction_cost_bps"": 10, ""universe_selection_method"": ""priority_with_coverage_fallback"", ""universe_size"": 30, ""zscore_lookback"": 720}",core,crypto,BTC,priority_with_coverage_fallback,30,30,"ETH,SOL,XRP,BNB,TRX,ADA,AVAX,DOT,NEAR,ATOM,ALGO,DOGE,BCH,LTC,XLM,ETC,LINK,UNI,AAVE,INJ,FIL,VET,FET,GRT,THETA,XTZ,SAND,CHZ,DASH,HBAR","TON,SUI,ICP,MKR,RENDER,RNDR,ARB,OP,MATIC,POL,APT,SEI,EOS,MANA","CHZ,DASH,HBAR",2880,72,0.7,explained_variance,,720,3.0,0.25,10.0,8760.0,0.6,5,480,691,0,1.0,,,0,0,OLS,,0.7352808975688301,0.1020404190804125,0.33584321722841526,0.30383349683972416,-0.3791393956907255,0.0017306608709651452,86,381.83720930232556,0.4944880930629149
"{""entry_z"": 3.0, ""exit_z"": 0.25, ""fixed_n_components"": null, ""max_holding_period"": null, ""min_asset_coverage"": 0.6, ""min_train_observations"": 480, ""min_universe_assets"": 5, ""pca_component_selection_method"": ""explained_variance"", ""pca_explained_variance"": 0.8, ""rebalance_frequency"": 72, ""regression_type"": ""OLS"", ""ridge_alpha"": 1.0, ""stage"": ""core"", ""stop_loss_z"": null, ""target"": ""BTC"", ""train_window"": 2880, ""transaction_cost_bps"": 10, ""universe_selection_method"": ""priority_with_coverage_fallback"", ""universe_size"": 30, ""zscore_lookback"": 720}",core,crypto,BTC,priority_with_coverage_fallback,30,30,"ETH,SOL,XRP,BNB,TRX,ADA,AVAX,DOT,NEAR,ATOM,ALGO,DOGE,BCH,LTC,XLM,ETC,LINK,UNI,AAVE,INJ,FIL,VET,FET,GRT,THETA,XTZ,SAND,CHZ,DASH,HBAR","TON,SUI,ICP,MKR,RENDER,RNDR,ARB,OP,MATIC,POL,APT,SEI,EOS,MANA","CHZ,DASH,HBAR",2880,72,0.8,explained_variance,,720,3.0,0.25,10.0,8760.0,0.6,5,480,691,0,1.0,,,0,0,OLS,,2.3093743674968787,0.23487751970361703,0.3501651737080056,0.6707620784112466,-0.3492287499009894,0.0015294212348064074,75,375.0810810810811,0.4906326560023058
"{""entry_z"": 3.0, ""exit_z"": 0.25, ""fixed_n_components"": null, ""max_holding_period"": null, ""min_asset_coverage"": 0.6, ""min_train_observations"": 480, ""min_universe_assets"": 5, ""pca_component_selection_method"": ""explained_variance"", ""pca_explained_variance"": 0.9, ""rebalance_frequency"": 72, ""regression_type"": ""OLS"", ""ridge_alpha"": 1.0, ""stage"": ""core"", ""stop_loss_z"": null, ""target"": ""BTC"", ""train_window"": 2880, ""transaction_cost_bps"": 10, ""universe_selection_method"": ""priority_with_coverage_fallback"", ""universe_size"": 30, ""zscore_lookback"": 720}",core,crypto,BTC,priority_with_coverage_fallback,30,30,"ETH,SOL,XRP,BNB,TRX,ADA,AVAX,DOT,NEAR,ATOM,ALGO,DOGE,BCH,LTC,XLM,ETC,LINK,UNI,AAVE,INJ,FIL,VET,FET,GRT,THETA,XTZ,SAND,CHZ,DASH,HBAR","TON,SUI,ICP,MKR,RENDER,RNDR,ARB,OP,MATIC,POL,APT,SEI,EOS,MANA","CHZ,DASH,HBAR",2880,72,0.9,explained_variance,,720,3.0,0.25,10.0,8760.0,0.6,5,480,691,0,1.0,,,0,0,OLS,,3.5615481316596798,0.3067491078986935,0.28228255835800914,1.0866739683918205,-0.24142733154424523,0.0013281815986476697,65,323.03125,0.49540485634129827
"{""entry_z"": 3.0, ""exit_z"": 0.25, ""fixed_n_components"": null, ""max_holding_period"": null, ""min_asset_coverage"": 0.6, ""min_train_observations"": 480, ""min_universe_assets"": 5, ""pca_component_selection_method"": ""explained_variance"", ""pca_explained_variance"": 0.7, ""rebalance_frequency"": 72, ""regression_type"": ""OLS"", ""ridge_alpha"": 1.0, ""stage"": ""core"", ""stop_loss_z"": null, ""target"": ""BTC"", ""train_window"": 2880, ""transaction_cost_bps"": 10, ""universe_selection_method"": ""priority_with_coverage_fallback"", ""universe_size"": 30, ""zscore_lookback"": 1440}",core,crypto,BTC,priority_with_coverage_fallback,30,30,"ETH,SOL,XRP,BNB,TRX,ADA,AVAX,DOT,NEAR,ATOM,ALGO,DOGE,BCH,LTC,XLM,ETC,LINK,UNI,AAVE,INJ,FIL,VET,FET,GRT,THETA,XTZ,SAND,CHZ,DASH,HBAR","TON,SUI,ICP,MKR,RENDER,RNDR,ARB,OP,MATIC,POL,APT,SEI,EOS,MANA","CHZ,DASH,HBAR",2880,72,0.7,explained_variance,,1440,3.0,0.25,10.0,8760.0,0.6,5,480,691,0,1.0,,,0,0,OLS,,2.5111914607424044,0.24783151845616125,0.26818860047219706,0.9240941562012953,-0.2735921094425461,0.0008049585446349513,40,483.9,0.4971068402562513
"{""entry_z"": 3.0, ""exit_z"": 0.25, ""fixed_n_components"": null, ""max_holding_period"": null, ""min_asset_coverage"": 0.6, ""min_train_observations"": 480, ""min_universe_assets"": 5, ""pca_component_selection_method"": ""explained_variance"", ""pca_explained_variance"": 0.8, ""rebalance_frequency"": 72, ""regression_type"": ""OLS"", ""ridge_alpha"": 1.0, ""stage"": ""core"", ""stop_loss_z"": null, ""target"": ""BTC"", ""train_window"": 2880, ""transaction_cost_bps"": 10, ""universe_selection_method"": ""priority_with_coverage_fallback"", ""universe_size"": 30, ""zscore_lookback"": 1440}",core,crypto,BTC,priority_with_coverage_fallback,30,30,"ETH,SOL,XRP,BNB,TRX,ADA,AVAX,DOT,NEAR,ATOM,ALGO,DOGE,BCH,LTC,XLM,ETC,LINK,UNI,AAVE,INJ,FIL,VET,FET,GRT,THETA,XTZ,SAND,CHZ,DASH,HBAR","TON,SUI,ICP,MKR,RENDER,RNDR,ARB,OP,MATIC,POL,APT,SEI,EOS,MANA","CHZ,DASH,HBAR",2880,72,0.8,explained_variance,,1440,3.0,0.25,10.0,8760.0,0.6,5,480,691,0,1.0,,,0,0,OLS,,4.649690773567872,0.3569734896406782,0.24947344484382777,1.4309077660115137,-0.3039253017908473,0.0009659502535619416,48,466.25,0.5016979445933869
"{""entry_z"": 3.0, ""exit_z"": 0.25, ""fixed_n_components"": null, ""max_holding_period"": null, ""min_asset_coverage"": 0.6, ""min_train_observations"": 480, ""min_universe_assets"": 5, ""pca_component_selection_method"": ""explained_variance"", ""pca_explained_variance"": 0.9, ""rebalance_frequency"": 72, ""regression_type"": ""OLS"", ""ridge_alpha"": 1.0, ""stage"": ""core"", ""stop_loss_z"": null, ""target"": ""BTC"", ""train_window"": 2880, ""transaction_cost_bps"": 10, ""universe_selection_method"": ""priority_with_coverage_fallback"", ""universe_size"": 30, ""zscore_lookback"": 1440}",core,crypto,BTC,priority_with_coverage_fallback,30,30,"ETH,SOL,XRP,BNB,TRX,ADA,AVAX,DOT,NEAR,ATOM,ALGO,DOGE,BCH,LTC,XLM,ETC,LINK,UNI,AAVE,INJ,FIL,VET,FET,GRT,THETA,XTZ,SAND,CHZ,DASH,HBAR","TON,SUI,ICP,MKR,RENDER,RNDR,ARB,OP,MATIC,POL,APT,SEI,EOS,MANA","CHZ,DASH,HBAR",2880,72,0.9,explained_variance,,1440,3.0,0.25,10.0,8760.0,0.6,5,480,691,0,1.0,,,0,0,OLS,,3.4440838488969314,0.30075316034121347,0.24471031293110665,1.2290171049141054,-0.24142733154424456,0.0008854543990984464,44,293.04545454545456,0.49201178842872656
"{""entry_z"": 3.0, ""exit_z"": 0.5, ""fixed_n_components"": null, ""max_holding_period"": null, ""min_asset_coverage"": 0.6, ""min_train_observations"": 480, ""min_universe_assets"": 5, ""pca_component_selection_method"": ""explained_variance"", ""pca_explained_variance"": 0.7, ""rebalance_frequency"": 72, ""regression_type"": ""OLS"", ""ridge_alpha"": 1.0, ""stage"": ""core"", ""stop_loss_z"": null, ""target"": ""BTC"", ""train_window"": 720, ""transaction_cost_bps"": 10, ""universe_selection_method"": ""priority_with_coverage_fallback"", ""universe_size"": 30, ""zscore_lookback"": 336}",core,crypto,BTC,priority_with_coverage_fallback,30,30,"ETH,SOL,XRP,BNB,TRX,ADA,AVAX,DOT,NEAR,ATOM,ALGO,DOGE,BCH,LTC,XLM,ETC,LINK,UNI,AAVE,INJ,FIL,VET,FET,GRT,THETA,XTZ,SAND,CHZ,DASH,HBAR","TON,SUI,ICP,MKR,RENDER,RNDR,ARB,OP,MATIC,POL,APT,SEI,EOS,MANA","CHZ,DASH,HBAR",720,72,0.7,explained_variance,,336,3.0,0.5,10.0,8760.0,0.6,5,480,721,0,1.0,,,0,0,OLS,,3.3074575895121834,0.2798138430377102,0.2707981809953189,1.0332929195065277,-0.1822759859880777,0.0032399907428835918,168,114.69047619047619,0.4964708324683413
"{""entry_z"": 3.0, ""exit_z"": 0.5, ""fixed_n_components"": null, ""max_holding_period"": null, ""min_asset_coverage"": 0.6, ""min_train_observations"": 480, ""min_universe_assets"": 5, ""pca_component_selection_method"": ""explained_variance"", ""pca_explained_variance"": 0.8, ""rebalance_frequency"": 72, ""regression_type"": ""OLS"", ""ridge_alpha"": 1.0, ""stage"": ""core"", ""stop_loss_z"": null, ""target"": ""BTC"", ""train_window"": 720, ""transaction_cost_bps"": 10, ""universe_selection_method"": ""priority_with_coverage_fallback"", ""universe_size"": 30, ""zscore_lookback"": 336}",core,crypto,BTC,priority_with_coverage_fallback,30,30,"ETH,SOL,XRP,BNB,TRX,ADA,AVAX,DOT,NEAR,ATOM,ALGO,DOGE,BCH,LTC,XLM,ETC,LINK,UNI,AAVE,INJ,FIL,VET,FET,GRT,THETA,XTZ,SAND,CHZ,DASH,HBAR","TON,SUI,ICP,MKR,RENDER,RNDR,ARB,OP,MATIC,POL,APT,SEI,EOS,MANA","CHZ,DASH,HBAR",720,72,0.8,explained_variance,,336,3.0,0.5,10.0,8760.0,0.6,5,480,721,0,1.0,,,0,0,OLS,,7.987907525015364,0.44915002120590275,0.27851617435440595,1.6126532767693729,-0.1997788292419984,0.00320141942451593,166,99.0,0.49920895704028234
"{""entry_z"": 3.0, ""exit_z"": 0.5, ""fixed_n_components"": null, ""max_holding_period"": null, ""min_asset_coverage"": 0.6, ""min_train_observations"": 480, ""min_universe_assets"": 5, ""pca_component_selection_method"": ""explained_variance"", ""pca_explained_variance"": 0.9, ""rebalance_frequency"": 72, ""regression_type"": ""OLS"", ""ridge_alpha"": 1.0, ""stage"": ""core"", ""stop_loss_z"": null, ""target"": ""BTC"", ""train_window"": 720, ""transaction_cost_bps"": 10, ""universe_selection_method"": ""priority_with_coverage_fallback"", ""universe_size"": 30, ""zscore_lookback"": 336}",core,crypto,BTC,priority_with_coverage_fallback,30,30,"ETH,SOL,XRP,BNB,TRX,ADA,AVAX,DOT,NEAR,ATOM,ALGO,DOGE,BCH,LTC,XLM,ETC,LINK,UNI,AAVE,INJ,FIL,VET,FET,GRT,THETA,XTZ,SAND,CHZ,DASH,HBAR","TON,SUI,ICP,MKR,RENDER,RNDR,ARB,OP,MATIC,POL,APT,SEI,EOS,MANA","CHZ,DASH,HBAR",720,72,0.9,explained_variance,,336,3.0,0.5,10.0,8760.0,0.6,5,480,721,0,1.0,,,0,0,OLS,,5.127201131938326,0.35831949762133375,0.2648628542921868,1.3528491889846095,-0.1935639961301555,0.0028928488775746353,149,97.63513513513513,0.4852595155709343
"{""entry_z"": 3.0, ""exit_z"": 0.5, ""fixed_n_components"": null, ""max_holding_period"": null, ""min_asset_coverage"": 0.6, ""min_train_observations"": 480, ""min_universe_assets"": 5, ""pca_component_selection_method"": ""explained_variance"", ""pca_explained_variance"": 0.7, ""rebalance_frequency"": 72, ""regression_type"": ""OLS"", ""ridge_alpha"": 1.0, ""stage"": ""core"", ""stop_loss_z"": null, ""target"": ""BTC"", ""train_window"": 720, ""transaction_cost_bps"": 10, ""universe_selection_method"": ""priority_with_coverage_fallback"", ""universe_size"": 30, ""zscore_lookback"": 720}",core,crypto,BTC,priority_with_coverage_fallback,30,30,"ETH,SOL,XRP,BNB,TRX,ADA,AVAX,DOT,NEAR,ATOM,ALGO,DOGE,BCH,LTC,XLM,ETC,LINK,UNI,AAVE,INJ,FIL,VET,FET,GRT,THETA,XTZ,SAND,CHZ,DASH,HBAR","TON,SUI,ICP,MKR,RENDER,RNDR,ARB,OP,MATIC,POL,APT,SEI,EOS,MANA","CHZ,DASH,HBAR",720,72,0.7,explained_variance,,720,3.0,0.5,10.0,8760.0,0.6,5,480,721,0,1.0,,,0,0,OLS,,3.424017022697826,0.28559987597218384,0.247132023422037,1.1556570937974064,-0.14348126132545713,0.0016585666898094576,86,147.74418604651163,0.49157878167794744
"{""entry_z"": 3.0, ""exit_z"": 0.5, ""fixed_n_components"": null, ""max_holding_period"": null, ""min_asset_coverage"": 0.6, ""min_train_observations"": 480, ""min_universe_assets"": 5, ""pca_component_selection_method"": ""explained_variance"", ""pca_explained_variance"": 0.8, ""rebalance_frequency"": 72, ""regression_type"": ""OLS"", ""ridge_alpha"": 1.0, ""stage"": ""core"", ""stop_loss_z"": null, ""target"": ""BTC"", ""train_window"": 720, ""transaction_cost_bps"": 10, ""universe_selection_method"": ""priority_with_coverage_fallback"", ""universe_size"": 30, ""zscore_lookback"": 720}",core,crypto,BTC,priority_with_coverage_fallback,30,30,"ETH,SOL,XRP,BNB,TRX,ADA,AVAX,DOT,NEAR,ATOM,ALGO,DOGE,BCH,LTC,XLM,ETC,LINK,UNI,AAVE,INJ,FIL,VET,FET,GRT,THETA,XTZ,SAND,CHZ,DASH,HBAR","TON,SUI,ICP,MKR,RENDER,RNDR,ARB,OP,MATIC,POL,APT,SEI,EOS,MANA","CHZ,DASH,HBAR",720,72,0.8,explained_variance,,720,3.0,0.5,10.0,8760.0,0.6,5,480,721,0,1.0,,,0,0,OLS,,7.080739438765125,0.423334394476657,0.28304510072916483,1.4956428971428468,-0.1997788292419984,0.0017742806449124432,92,131.1304347826087,0.48507957559681697
"{""entry_z"": 3.0, ""exit_z"": 0.5, ""fixed_n_components"": null, ""max_holding_period"": null, ""min_asset_coverage"": 0.6, ""min_train_observations"": 480, ""min_universe_assets"": 5, ""pca_component_selection_method"": ""explained_variance"", ""pca_explained_variance"": 0.9, ""rebalance_frequency"": 72, ""regression_type"": ""OLS"", ""ridge_alpha"": 1.0, ""stage"": ""core"", ""stop_loss_z"": null, ""target"": ""BTC"", ""train_window"": 720, ""transaction_cost_bps"": 10, ""universe_selection_method"": ""priority_with_coverage_fallback"", ""universe_size"": 30, ""zscore_lookback"": 720}",core,crypto,BTC,priority_with_coverage_fallback,30,30,"ETH,SOL,XRP,BNB,TRX,ADA,AVAX,DOT,NEAR,ATOM,ALGO,DOGE,BCH,LTC,XLM,ETC,LINK,UNI,AAVE,INJ,FIL,VET,FET,GRT,THETA,XTZ,SAND,CHZ,DASH,HBAR","TON,SUI,ICP,MKR,RENDER,RNDR,ARB,OP,MATIC,POL,APT,SEI,EOS,MANA","CHZ,DASH,HBAR",720,72,0.9,explained_variance,,720,3.0,0.5,10.0,8760.0,0.6,5,480,721,0,1.0,,,0,0,OLS,,7.576336536319905,0.4377197033704181,0.2535384797840505,1.7264428805569971,-0.1935639961301555,0.0018514232816477668,96,103.0625,0.4849403678997372
"{""entry_z"": 3.0, ""exit_z"": 0.5, ""fixed_n_components"": null, ""max_holding_period"": null, ""min_asset_coverage"": 0.6, ""min_train_observations"": 480, ""min_universe_assets"": 5, ""pca_component_selection_method"": ""explained_variance"", ""pca_explained_variance"": 0.7, ""rebalance_frequency"": 72, ""regression_type"": ""OLS"", ""ridge_alpha"": 1.0, ""stage"": ""core"", ""stop_loss_z"": null, ""target"": ""BTC"", ""train_window"": 720, ""transaction_cost_bps"": 10, ""universe_selection_method"": ""priority_with_coverage_fallback"", ""universe_size"": 30, ""zscore_lookback"": 1440}",core,crypto,BTC,priority_with_coverage_fallback,30,30,"ETH,SOL,XRP,BNB,TRX,ADA,AVAX,DOT,NEAR,ATOM,ALGO,DOGE,BCH,LTC,XLM,ETC,LINK,UNI,AAVE,INJ,FIL,VET,FET,GRT,THETA,XTZ,SAND,CHZ,DASH,HBAR","TON,SUI,ICP,MKR,RENDER,RNDR,ARB,OP,MATIC,POL,APT,SEI,EOS,MANA","CHZ,DASH,HBAR",720,72,0.7,explained_variance,,1440,3.0,0.5,10.0,8760.0,0.6,5,480,721,0,1.0,,,0,0,OLS,,7.5326888620445125,0.4364809283872222,0.2525754247117187,1.7281211300957218,-0.1336437070195644,0.0012342821877651777,64,149.96875,0.49364450927276515
"{""entry_z"": 3.0, ""exit_z"": 0.5, ""fixed_n_components"": null, ""max_holding_period"": null, ""min_asset_coverage"": 0.6, ""min_train_observations"": 480, ""min_universe_assets"": 5, ""pca_component_selection_method"": ""explained_variance"", ""pca_explained_variance"": 0.8, ""rebalance_frequency"": 72, ""regression_type"": ""OLS"", ""ridge_alpha"": 1.0, ""stage"": ""core"", ""stop_loss_z"": null, ""target"": ""BTC"", ""train_window"": 720, ""transaction_cost_bps"": 10, ""universe_selection_method"": ""priority_with_coverage_fallback"", ""universe_size"": 30, ""zscore_lookback"": 1440}",core,crypto,BTC,priority_with_coverage_fallback,30,30,"ETH,SOL,XRP,BNB,TRX,ADA,AVAX,DOT,NEAR,ATOM,ALGO,DOGE,BCH,LTC,XLM,ETC,LINK,UNI,AAVE,INJ,FIL,VET,FET,GRT,THETA,XTZ,SAND,CHZ,DASH,HBAR","TON,SUI,ICP,MKR,RENDER,RNDR,ARB,OP,MATIC,POL,APT,SEI,EOS,MANA","CHZ,DASH,HBAR",720,72,0.8,explained_variance,,1440,3.0,0.5,10.0,8760.0,0.6,5,480,721,0,1.0,,,0,0,OLS,,9.117166833246948,0.47841731055521497,0.2737092311937308,1.74790345385389,-0.11392927525845398,0.0012728535061328396,66,134.6060606060606,0.49031967582170194
"{""entry_z"": 3.0, ""exit_z"": 0.5, ""fixed_n_components"": null, ""max_holding_period"": null, ""min_asset_coverage"": 0.6, ""min_train_observations"": 480, ""min_universe_assets"": 5, ""pca_component_selection_method"": ""explained_variance"", ""pca_explained_variance"": 0.9, ""rebalance_frequency"": 72, ""regression_type"": ""OLS"", ""ridge_alpha"": 1.0, ""stage"": ""core"", ""stop_loss_z"": null, ""target"": ""BTC"", ""train_window"": 720, ""transaction_cost_bps"": 10, ""universe_selection_method"": ""priority_with_coverage_fallback"", ""universe_size"": 30, ""zscore_lookback"": 1440}",core,crypto,BTC,priority_with_coverage_fallback,30,30,"ETH,SOL,XRP,BNB,TRX,ADA,AVAX,DOT,NEAR,ATOM,ALGO,DOGE,BCH,LTC,XLM,ETC,LINK,UNI,AAVE,INJ,FIL,VET,FET,GRT,THETA,XTZ,SAND,CHZ,DASH,HBAR","TON,SUI,ICP,MKR,RENDER,RNDR,ARB,OP,MATIC,POL,APT,SEI,EOS,MANA","CHZ,DASH,HBAR",720,72,0.9,explained_variance,,1440,3.0,0.5,10.0,8760.0,0.6,5,480,721,0,1.0,,,0,0,OLS,,10.917305428579686,0.5198897231018864,0.2467134404877113,2.10726145310183,-0.10403140507591446,0.0013499961428681633,69,107.1470588235294,0.4908042821850124
"{""entry_z"": 3.0, ""exit_z"": 0.5, ""fixed_n_components"": null, ""max_holding_period"": null, ""min_asset_coverage"": 0.6, ""min_train_observations"": 480, ""min_universe_assets"": 5, ""pca_component_selection_method"": ""explained_variance"", ""pca_explained_variance"": 0.7, ""rebalance_frequency"": 72, ""regression_type"": ""OLS"", ""ridge_alpha"": 1.0, ""stage"": ""core"", ""stop_loss_z"": null, ""target"": ""BTC"", ""train_window"": 1440, ""transaction_cost_bps"": 10, ""universe_selection_method"": ""priority_with_coverage_fallback"", ""universe_size"": 30, ""zscore_lookback"": 336}",core,crypto,BTC,priority_with_coverage_fallback,30,30,"ETH,SOL,XRP,BNB,TRX,ADA,AVAX,DOT,NEAR,ATOM,ALGO,DOGE,BCH,LTC,XLM,ETC,LINK,UNI,AAVE,INJ,FIL,VET,FET,GRT,THETA,XTZ,SAND,CHZ,DASH,HBAR","TON,SUI,ICP,MKR,RENDER,RNDR,ARB,OP,MATIC,POL,APT,SEI,EOS,MANA","CHZ,DASH,HBAR",1440,72,0.7,explained_variance,,336,3.0,0.5,10.0,8760.0,0.6,5,480,711,0,1.0,,,0,0,OLS,,0.9691737016887132,0.12309661426103413,0.29547750114297744,0.4166023260142213,-0.396192242934331,0.0032464992568254714,165,166.47560975609755,0.49842502380777964
"{""entry_z"": 3.0, ""exit_z"": 0.5, ""fixed_n_components"": null, ""max_holding_period"": null, ""min_asset_coverage"": 0.6, ""min_train_observations"": 480, ""min_universe_assets"": 5, ""pca_component_selection_method"": ""explained_variance"", ""pca_explained_variance"": 0.8, ""rebalance_frequency"": 72, ""regression_type"": ""OLS"", ""ridge_alpha"": 1.0, ""stage"": ""core"", ""stop_loss_z"": null, ""target"": ""BTC"", ""train_window"": 1440, ""transaction_cost_bps"": 10, ""universe_selection_method"": ""priority_with_coverage_fallback"", ""universe_size"": 30, ""zscore_lookback"": 336}",core,crypto,BTC,priority_with_coverage_fallback,30,30,"ETH,SOL,XRP,BNB,TRX,ADA,AVAX,DOT,NEAR,ATOM,ALGO,DOGE,BCH,LTC,XLM,ETC,LINK,UNI,AAVE,INJ,FIL,VET,FET,GRT,THETA,XTZ,SAND,CHZ,DASH,HBAR","TON,SUI,ICP,MKR,RENDER,RNDR,ARB,OP,MATIC,POL,APT,SEI,EOS,MANA","CHZ,DASH,HBAR",1440,72,0.8,explained_variance,,336,3.0,0.5,10.0,8760.0,0.6,5,480,711,0,1.0,,,0,0,OLS,,2.2997309861606277,0.22694871306705533,0.260438284641235,0.8714107197399453,-0.3985290068197517,0.0035203003989673787,180,133.5,0.503370786516854
"{""entry_z"": 3.0, ""exit_z"": 0.5, ""fixed_n_components"": null, ""max_holding_period"": null, ""min_asset_coverage"": 0.6, ""min_train_observations"": 480, ""min_universe_assets"": 5, ""pca_component_selection_method"": ""explained_variance"", ""pca_explained_variance"": 0.9, ""rebalance_frequency"": 72, ""regression_type"": ""OLS"", ""ridge_alpha"": 1.0, ""stage"": ""core"", ""stop_loss_z"": null, ""target"": ""BTC"", ""train_window"": 1440, ""transaction_cost_bps"": 10, ""universe_selection_method"": ""priority_with_coverage_fallback"", ""universe_size"": 30, ""zscore_lookback"": 336}",core,crypto,BTC,priority_with_coverage_fallback,30,30,"ETH,SOL,XRP,BNB,TRX,ADA,AVAX,DOT,NEAR,ATOM,ALGO,DOGE,BCH,LTC,XLM,ETC,LINK,UNI,AAVE,INJ,FIL,VET,FET,GRT,THETA,XTZ,SAND,CHZ,DASH,HBAR","TON,SUI,ICP,MKR,RENDER,RNDR,ARB,OP,MATIC,POL,APT,SEI,EOS,MANA","CHZ,DASH,HBAR",1440,72,0.9,explained_variance,,336,3.0,0.5,10.0,8760.0,0.6,5,480,711,0,1.0,,,0,0,OLS,,3.7425080679273286,0.305613323733241,0.25367320610071353,1.204752084112132,-0.3023792302844325,0.003324728154580302,170,117.4,0.5037578915723019
"{""entry_z"": 3.0, ""exit_z"": 0.5, ""fixed_n_components"": null, ""max_holding_period"": null, ""min_asset_coverage"": 0.6, ""min_train_observations"": 480, ""min_universe_assets"": 5, ""pca_component_selection_method"": ""explained_variance"", ""pca_explained_variance"": 0.7, ""rebalance_frequency"": 72, ""regression_type"": ""OLS"", ""ridge_alpha"": 1.0, ""stage"": ""core"", ""stop_loss_z"": null, ""target"": ""BTC"", ""train_window"": 1440, ""transaction_cost_bps"": 10, ""universe_selection_method"": ""priority_with_coverage_fallback"", ""universe_size"": 30, ""zscore_lookback"": 720}",core,crypto,BTC,priority_with_coverage_fallback,30,30,"ETH,SOL,XRP,BNB,TRX,ADA,AVAX,DOT,NEAR,ATOM,ALGO,DOGE,BCH,LTC,XLM,ETC,LINK,UNI,AAVE,INJ,FIL,VET,FET,GRT,THETA,XTZ,SAND,CHZ,DASH,HBAR","TON,SUI,ICP,MKR,RENDER,RNDR,ARB,OP,MATIC,POL,APT,SEI,EOS,MANA","CHZ,DASH,HBAR",1440,72,0.7,explained_variance,,720,3.0,0.5,10.0,8760.0,0.6,5,480,711,0,1.0,,,0,0,OLS,,6.903474325521204,0.425001568753691,0.2924910848695865,1.4530411036055582,-0.20363772243489542,0.0016819213017288585,85,225.57142857142858,0.5001055520371543
"{""entry_z"": 3.0, ""exit_z"": 0.5, ""fixed_n_components"": null, ""max_holding_period"": null, ""min_asset_coverage"": 0.6, ""min_train_observations"": 480, ""min_universe_assets"": 5, ""pca_component_selection_method"": ""explained_variance"", ""pca_explained_variance"": 0.8, ""rebalance_frequency"": 72, ""regression_type"": ""OLS"", ""ridge_alpha"": 1.0, ""stage"": ""core"", ""stop_loss_z"": null, ""target"": ""BTC"", ""train_window"": 1440, ""transaction_cost_bps"": 10, ""universe_selection_method"": ""priority_with_coverage_fallback"", ""universe_size"": 30, ""zscore_lookback"": 720}",core,crypto,BTC,priority_with_coverage_fallback,30,30,"ETH,SOL,XRP,BNB,TRX,ADA,AVAX,DOT,NEAR,ATOM,ALGO,DOGE,BCH,LTC,XLM,ETC,LINK,UNI,AAVE,INJ,FIL,VET,FET,GRT,THETA,XTZ,SAND,CHZ,DASH,HBAR","TON,SUI,ICP,MKR,RENDER,RNDR,ARB,OP,MATIC,POL,APT,SEI,EOS,MANA","CHZ,DASH,HBAR",1440,72,0.8,explained_variance,,720,3.0,0.5,10.0,8760.0,0.6,5,480,711,0,1.0,,,0,0,OLS,,5.767813270340419,0.3876293668135957,0.2781280039324225,1.3937085131052789,-0.2340366430724924,0.0017601501994836894,90,182.2888888888889,0.494331342191881
"{""entry_z"": 3.0, ""exit_z"": 0.5, ""fixed_n_components"": null, ""max_holding_period"": null, ""min_asset_coverage"": 0.6, ""min_train_observations"": 480, ""min_universe_assets"": 5, ""pca_component_selection_method"": ""explained_variance"", ""pca_explained_variance"": 0.9, ""rebalance_frequency"": 72, ""regression_type"": ""OLS"", ""ridge_alpha"": 1.0, ""stage"": ""core"", ""stop_loss_z"": null, ""target"": ""BTC"", ""train_window"": 1440, ""transaction_cost_bps"": 10, ""universe_selection_method"": ""priority_with_coverage_fallback"", ""universe_size"": 30, ""zscore_lookback"": 720}",core,crypto,BTC,priority_with_coverage_fallback,30,30,"ETH,SOL,XRP,BNB,TRX,ADA,AVAX,DOT,NEAR,ATOM,ALGO,DOGE,BCH,LTC,XLM,ETC,LINK,UNI,AAVE,INJ,FIL,VET,FET,GRT,THETA,XTZ,SAND,CHZ,DASH,HBAR","TON,SUI,ICP,MKR,RENDER,RNDR,ARB,OP,MATIC,POL,APT,SEI,EOS,MANA","CHZ,DASH,HBAR",1440,72,0.9,explained_variance,,720,3.0,0.5,10.0,8760.0,0.6,5,480,711,0,1.0,,,0,0,OLS,,7.966292092103105,0.45613910189028917,0.2526161941590533,1.8056605729840618,-0.20363772243489642,0.0016819213017288585,86,143.62790697674419,0.4948186528497409
"{""entry_z"": 3.0, ""exit_z"": 0.5, ""fixed_n_components"": null, ""max_holding_period"": null, ""min_asset_coverage"": 0.6, ""min_train_observations"": 480, ""min_universe_assets"": 5, ""pca_component_selection_method"": ""explained_variance"", ""pca_explained_variance"": 0.7, ""rebalance_frequency"": 72, ""regression_type"": ""OLS"", ""ridge_alpha"": 1.0, ""stage"": ""core"", ""stop_loss_z"": null, ""target"": ""BTC"", ""train_window"": 1440, ""transaction_cost_bps"": 10, ""universe_selection_method"": ""priority_with_coverage_fallback"", ""universe_size"": 30, ""zscore_lookback"": 1440}",core,crypto,BTC,priority_with_coverage_fallback,30,30,"ETH,SOL,XRP,BNB,TRX,ADA,AVAX,DOT,NEAR,ATOM,ALGO,DOGE,BCH,LTC,XLM,ETC,LINK,UNI,AAVE,INJ,FIL,VET,FET,GRT,THETA,XTZ,SAND,CHZ,DASH,HBAR","TON,SUI,ICP,MKR,RENDER,RNDR,ARB,OP,MATIC,POL,APT,SEI,EOS,MANA","CHZ,DASH,HBAR",1440,72,0.7,explained_variance,,1440,3.0,0.5,10.0,8760.0,0.6,5,480,711,0,1.0,,,0,0,OLS,,3.480765555241848,0.2929761088589038,0.246746340485367,1.187357463063483,-0.19127223134687188,0.0008605178753031369,44,284.95454545454544,0.495294305311852
"{""entry_z"": 3.0, ""exit_z"": 0.5, ""fixed_n_components"": null, ""max_holding_period"": null, ""min_asset_coverage"": 0.6, ""min_train_observations"": 480, ""min_universe_assets"": 5, ""pca_component_selection_method"": ""explained_variance"", ""pca_explained_variance"": 0.8, ""rebalance_frequency"": 72, ""regression_type"": ""OLS"", ""ridge_alpha"": 1.0, ""stage"": ""core"", ""stop_loss_z"": null, ""target"": ""BTC"", ""train_window"": 1440, ""transaction_cost_bps"": 10, ""universe_selection_method"": ""priority_with_coverage_fallback"", ""universe_size"": 30, ""zscore_lookback"": 1440}",core,crypto,BTC,priority_with_coverage_fallback,30,30,"ETH,SOL,XRP,BNB,TRX,ADA,AVAX,DOT,NEAR,ATOM,ALGO,DOGE,BCH,LTC,XLM,ETC,LINK,UNI,AAVE,INJ,FIL,VET,FET,GRT,THETA,XTZ,SAND,CHZ,DASH,HBAR","TON,SUI,ICP,MKR,RENDER,RNDR,ARB,OP,MATIC,POL,APT,SEI,EOS,MANA","CHZ,DASH,HBAR",1440,72,0.8,explained_variance,,1440,3.0,0.5,10.0,8760.0,0.6,5,480,711,0,1.0,,,0,0,OLS,,5.513625372215049,0.3785583868666156,0.2651115697752781,1.4279210341046251,-0.1994009210810206,0.0010560901196902137,54,208.66666666666666,0.49201277955271566
"{""entry_z"": 3.0, ""exit_z"": 0.5, ""fixed_n_components"": null, ""max_holding_period"": null, ""min_asset_coverage"": 0.6, ""min_train_observations"": 480, ""min_universe_assets"": 5, ""pca_component_selection_method"": ""explained_variance"", ""pca_explained_variance"": 0.9, ""rebalance_frequency"": 72, ""regression_type"": ""OLS"", ""ridge_alpha"": 1.0, ""stage"": ""core"", ""stop_loss_z"": null, ""target"": ""BTC"", ""train_window"": 1440, ""transaction_cost_bps"": 10, ""universe_selection_method"": ""priority_with_coverage_fallback"", ""universe_size"": 30, ""zscore_lookback"": 1440}",core,crypto,BTC,priority_with_coverage_fallback,30,30,"ETH,SOL,XRP,BNB,TRX,ADA,AVAX,DOT,NEAR,ATOM,ALGO,DOGE,BCH,LTC,XLM,ETC,LINK,UNI,AAVE,INJ,FIL,VET,FET,GRT,THETA,XTZ,SAND,CHZ,DASH,HBAR","TON,SUI,ICP,MKR,RENDER,RNDR,ARB,OP,MATIC,POL,APT,SEI,EOS,MANA","CHZ,DASH,HBAR",1440,72,0.9,explained_variance,,1440,3.0,0.5,10.0,8760.0,0.6,5,480,711,0,1.0,,,0,0,OLS,,11.453690513248409,0.540450948017025,0.2522464494385921,2.1425512597694447,-0.16985045485252726,0.0012516623640772902,63,142.61290322580646,0.49875593757068537
"{""entry_z"": 3.0, ""exit_z"": 0.5, ""fixed_n_components"": null, ""max_holding_period"": null, ""min_asset_coverage"": 0.6, ""min_train_observations"": 480, ""min_universe_assets"": 5, ""pca_component_selection_method"": ""explained_variance"", ""pca_explained_variance"": 0.7, ""rebalance_frequency"": 72, ""regression_type"": ""OLS"", ""ridge_alpha"": 1.0, ""stage"": ""core"", ""stop_loss_z"": null, ""target"": ""BTC"", ""train_window"": 2880, ""transaction_cost_bps"": 10, ""universe_selection_method"": ""priority_with_coverage_fallback"", ""universe_size"": 30, ""zscore_lookback"": 336}",core,crypto,BTC,priority_with_coverage_fallback,30,30,"ETH,SOL,XRP,BNB,TRX,ADA,AVAX,DOT,NEAR,ATOM,ALGO,DOGE,BCH,LTC,XLM,ETC,LINK,UNI,AAVE,INJ,FIL,VET,FET,GRT,THETA,XTZ,SAND,CHZ,DASH,HBAR","TON,SUI,ICP,MKR,RENDER,RNDR,ARB,OP,MATIC,POL,APT,SEI,EOS,MANA","CHZ,DASH,HBAR",2880,72,0.7,explained_variance,,336,3.0,0.5,10.0,8760.0,0.6,5,480,691,0,1.0,,,0,0,OLS,,-0.15154763905551893,-0.02855542688640822,0.28515808351512795,-0.10013893533862708,-0.47568620527352123,0.003622313450857281,180,154.5888888888889,0.4911952849852656
"{""entry_z"": 3.0, ""exit_z"": 0.5, ""fixed_n_components"": null, ""max_holding_period"": null, ""min_asset_coverage"": 0.6, ""min_train_observations"": 480, ""min_universe_assets"": 5, ""pca_component_selection_method"": ""explained_variance"", ""pca_explained_variance"": 0.8, ""rebalance_frequency"": 72, ""regression_type"": ""OLS"", ""ridge_alpha"": 1.0, ""stage"": ""core"", ""stop_loss_z"": null, ""target"": ""BTC"", ""train_window"": 2880, ""transaction_cost_bps"": 10, ""universe_selection_method"": ""priority_with_coverage_fallback"", ""universe_size"": 30, ""zscore_lookback"": 336}",core,crypto,BTC,priority_with_coverage_fallback,30,30,"ETH,SOL,XRP,BNB,TRX,ADA,AVAX,DOT,NEAR,ATOM,ALGO,DOGE,BCH,LTC,XLM,ETC,LINK,UNI,AAVE,INJ,FIL,VET,FET,GRT,THETA,XTZ,SAND,CHZ,DASH,HBAR","TON,SUI,ICP,MKR,RENDER,RNDR,ARB,OP,MATIC,POL,APT,SEI,EOS,MANA","CHZ,DASH,HBAR",2880,72,0.8,explained_variance,,336,3.0,0.5,10.0,8760.0,0.6,5,480,691,0,1.0,,,0,0,OLS,,0.2991534080216034,0.04721712325518701,0.3217638026412148,0.1467446706795569,-0.48661697368912116,0.003421073814698543,170,146.7058823529412,0.49318364073777066
"{""entry_z"": 3.0, ""exit_z"": 0.5, ""fixed_n_components"": null, ""max_holding_period"": null, ""min_asset_coverage"": 0.6, ""min_train_observations"": 480, ""min_universe_assets"": 5, ""pca_component_selection_method"": ""explained_variance"", ""pca_explained_variance"": 0.9, ""rebalance_frequency"": 72, ""regression_type"": ""OLS"", ""ridge_alpha"": 1.0, ""stage"": ""core"", ""stop_loss_z"": null, ""target"": ""BTC"", ""train_window"": 2880, ""transaction_cost_bps"": 10, ""universe_selection_method"": ""priority_with_coverage_fallback"", ""universe_size"": 30, ""zscore_lookback"": 336}",core,crypto,BTC,priority_with_coverage_fallback,30,30,"ETH,SOL,XRP,BNB,TRX,ADA,AVAX,DOT,NEAR,ATOM,ALGO,DOGE,BCH,LTC,XLM,ETC,LINK,UNI,AAVE,INJ,FIL,VET,FET,GRT,THETA,XTZ,SAND,CHZ,DASH,HBAR","TON,SUI,ICP,MKR,RENDER,RNDR,ARB,OP,MATIC,POL,APT,SEI,EOS,MANA","CHZ,DASH,HBAR",2880,72,0.9,explained_variance,,336,3.0,0.5,10.0,8760.0,0.6,5,480,691,0,1.0,,,0,0,OLS,,1.056222917284006,0.1355071358223907,0.27877110922343284,0.4860874435656918,-0.3084906938482257,0.0033405779602350477,165,142.41463414634146,0.4965747559513615
"{""entry_z"": 3.0, ""exit_z"": 0.5, ""fixed_n_components"": null, ""max_holding_period"": null, ""min_asset_coverage"": 0.6, ""min_train_observations"": 480, ""min_universe_assets"": 5, ""pca_component_selection_method"": ""explained_variance"", ""pca_explained_variance"": 0.7, ""rebalance_frequency"": 72, ""regression_type"": ""OLS"", ""ridge_alpha"": 1.0, ""stage"": ""core"", ""stop_loss_z"": null, ""target"": ""BTC"", ""train_window"": 2880, ""transaction_cost_bps"": 10, ""universe_selection_method"": ""priority_with_coverage_fallback"", ""universe_size"": 30, ""zscore_lookback"": 720}",core,crypto,BTC,priority_with_coverage_fallback,30,30,"ETH,SOL,XRP,BNB,TRX,ADA,AVAX,DOT,NEAR,ATOM,ALGO,DOGE,BCH,LTC,XLM,ETC,LINK,UNI,AAVE,INJ,FIL,VET,FET,GRT,THETA,XTZ,SAND,CHZ,DASH,HBAR","TON,SUI,ICP,MKR,RENDER,RNDR,ARB,OP,MATIC,POL,APT,SEI,EOS,MANA","CHZ,DASH,HBAR",2880,72,0.7,explained_variance,,720,3.0,0.5,10.0,8760.0,0.6,5,480,691,0,1.0,,,0,0,OLS,,0.0753207976254826,0.012884005933539555,0.3089422548911158,0.04170360554298543,-0.39561823789260475,0.0017709087981968928,88,310.27272727272725,0.492308819220627
"{""entry_z"": 3.0, ""exit_z"": 0.5, ""fixed_n_components"": null, ""max_holding_period"": null, ""min_asset_coverage"": 0.6, ""min_train_observations"": 480, ""min_universe_assets"": 5, ""pca_component_selection_method"": ""explained_variance"", ""pca_explained_variance"": 0.8, ""rebalance_frequency"": 72, ""regression_type"": ""OLS"", ""ridge_alpha"": 1.0, ""stage"": ""core"", ""stop_loss_z"": null, ""target"": ""BTC"", ""train_window"": 2880, ""transaction_cost_bps"": 10, ""universe_selection_method"": ""priority_with_coverage_fallback"", ""universe_size"": 30, ""zscore_lookback"": 720}",core,crypto,BTC,priority_with_coverage_fallback,30,30,"ETH,SOL,XRP,BNB,TRX,ADA,AVAX,DOT,NEAR,ATOM,ALGO,DOGE,BCH,LTC,XLM,ETC,LINK,UNI,AAVE,INJ,FIL,VET,FET,GRT,THETA,XTZ,SAND,CHZ,DASH,HBAR","TON,SUI,ICP,MKR,RENDER,RNDR,ARB,OP,MATIC,POL,APT,SEI,EOS,MANA","CHZ,DASH,HBAR",2880,72,0.8,explained_variance,,720,3.0,0.5,10.0,8760.0,0.6,5,480,691,0,1.0,,,0,0,OLS,,2.0255641450366624,0.21551239816196643,0.33928937580360224,0.6351875818437529,-0.3492287499009902,0.0016099170892699027,79,304.79487179487177,0.49179776226129385
"{""entry_z"": 3.0, ""exit_z"": 0.5, ""fixed_n_components"": null, ""max_holding_period"": null, ""min_asset_coverage"": 0.6, ""min_train_observations"": 480, ""min_universe_assets"": 5, ""pca_component_selection_method"": ""explained_variance"", ""pca_explained_variance"": 0.9, ""rebalance_frequency"": 72, ""regression_type"": ""OLS"", ""ridge_alpha"": 1.0, ""stage"": ""core"", ""stop_loss_z"": null, ""target"": ""BTC"", ""train_window"": 2880, ""transaction_cost_bps"": 10, ""universe_selection_method"": ""priority_with_coverage_fallback"", ""universe_size"": 30, ""zscore_lookback"": 720}",core,crypto,BTC,priority_with_coverage_fallback,30,30,"ETH,SOL,XRP,BNB,TRX,ADA,AVAX,DOT,NEAR,ATOM,ALGO,DOGE,BCH,LTC,XLM,ETC,LINK,UNI,AAVE,INJ,FIL,VET,FET,GRT,THETA,XTZ,SAND,CHZ,DASH,HBAR","TON,SUI,ICP,MKR,RENDER,RNDR,ARB,OP,MATIC,POL,APT,SEI,EOS,MANA","CHZ,DASH,HBAR",2880,72,0.9,explained_variance,,720,3.0,0.5,10.0,8760.0,0.6,5,480,691,0,1.0,,,0,0,OLS,,3.5965670963422234,0.30851202519524845,0.26679315525861763,1.1563715901788798,-0.2188674130108652,0.0014086774531111648,69,254.91176470588235,0.49659628475827855
"{""entry_z"": 3.0, ""exit_z"": 0.5, ""fixed_n_components"": null, ""max_holding_period"": null, ""min_asset_coverage"": 0.6, ""min_train_observations"": 480, ""min_universe_assets"": 5, ""pca_component_selection_method"": ""explained_variance"", ""pca_explained_variance"": 0.7, ""rebalance_frequency"": 72, ""regression_type"": ""OLS"", ""ridge_alpha"": 1.0, ""stage"": ""core"", ""stop_loss_z"": null, ""target"": ""BTC"", ""train_window"": 2880, ""transaction_cost_bps"": 10, ""universe_selection_method"": ""priority_with_coverage_fallback"", ""universe_size"": 30, ""zscore_lookback"": 1440}",core,crypto,BTC,priority_with_coverage_fallback,30,30,"ETH,SOL,XRP,BNB,TRX,ADA,AVAX,DOT,NEAR,ATOM,ALGO,DOGE,BCH,LTC,XLM,ETC,LINK,UNI,AAVE,INJ,FIL,VET,FET,GRT,THETA,XTZ,SAND,CHZ,DASH,HBAR","TON,SUI,ICP,MKR,RENDER,RNDR,ARB,OP,MATIC,POL,APT,SEI,EOS,MANA","CHZ,DASH,HBAR",2880,72,0.7,explained_variance,,1440,3.0,0.5,10.0,8760.0,0.6,5,480,691,0,1.0,,,0,0,OLS,,1.773401140922641,0.19700757891104392,0.2633377231189849,0.7481175753237193,-0.27359210944254686,0.0008049585446349513,40,440.45,0.49438074696333295
"{""entry_z"": 3.0, ""exit_z"": 0.5, ""fixed_n_components"": null, ""max_holding_period"": null, ""min_asset_coverage"": 0.6, ""min_train_observations"": 480, ""min_universe_assets"": 5, ""pca_component_selection_method"": ""explained_variance"", ""pca_explained_variance"": 0.8, ""rebalance_frequency"": 72, ""regression_type"": ""OLS"", ""ridge_alpha"": 1.0, ""stage"": ""core"", ""stop_loss_z"": null, ""target"": ""BTC"", ""train_window"": 2880, ""transaction_cost_bps"": 10, ""universe_selection_method"": ""priority_with_coverage_fallback"", ""universe_size"": 30, ""zscore_lookback"": 1440}",core,crypto,BTC,priority_with_coverage_fallback,30,30,"ETH,SOL,XRP,BNB,TRX,ADA,AVAX,DOT,NEAR,ATOM,ALGO,DOGE,BCH,LTC,XLM,ETC,LINK,UNI,AAVE,INJ,FIL,VET,FET,GRT,THETA,XTZ,SAND,CHZ,DASH,HBAR","TON,SUI,ICP,MKR,RENDER,RNDR,ARB,OP,MATIC,POL,APT,SEI,EOS,MANA","CHZ,DASH,HBAR",2880,72,0.8,explained_variance,,1440,3.0,0.5,10.0,8760.0,0.6,5,480,691,0,1.0,,,0,0,OLS,,3.2548203699147473,0.2908117408298805,0.23601685717079557,1.2321651271689977,-0.3039253017908472,0.0009659502535619416,48,356.9583333333333,0.4985409128049492
"{""entry_z"": 3.0, ""exit_z"": 0.5, ""fixed_n_components"": null, ""max_holding_period"": null, ""min_asset_coverage"": 0.6, ""min_train_observations"": 480, ""min_universe_assets"": 5, ""pca_component_selection_method"": ""explained_variance"", ""pca_explained_variance"": 0.9, ""rebalance_frequency"": 72, ""regression_type"": ""OLS"", ""ridge_alpha"": 1.0, ""stage"": ""core"", ""stop_loss_z"": null, ""target"": ""BTC"", ""train_window"": 2880, ""transaction_cost_bps"": 10, ""universe_selection_method"": ""priority_with_coverage_fallback"", ""universe_size"": 30, ""zscore_lookback"": 1440}",core,crypto,BTC,priority_with_coverage_fallback,30,30,"ETH,SOL,XRP,BNB,TRX,ADA,AVAX,DOT,NEAR,ATOM,ALGO,DOGE,BCH,LTC,XLM,ETC,LINK,UNI,AAVE,INJ,FIL,VET,FET,GRT,THETA,XTZ,SAND,CHZ,DASH,HBAR","TON,SUI,ICP,MKR,RENDER,RNDR,ARB,OP,MATIC,POL,APT,SEI,EOS,MANA","CHZ,DASH,HBAR",2880,72,0.9,explained_variance,,1440,3.0,0.5,10.0,8760.0,0.6,5,480,691,0,1.0,,,0,0,OLS,,2.947659192147122,0.2738734465597368,0.23931914291057038,1.144385874146636,-0.24142733154424478,0.0008854543990984464,44,265.90909090909093,0.4900854700854701
"{""entry_z"": 2.0, ""exit_z"": 0.25, ""fixed_n_components"": null, ""max_holding_period"": null, ""min_asset_coverage"": 0.6, ""min_train_observations"": 480, ""min_universe_assets"": 5, ""pca_component_selection_method"": ""explained_variance"", ""pca_explained_variance"": 0.7, ""rebalance_frequency"": 24, ""regression_type"": ""OLS"", ""ridge_alpha"": 1.0, ""stage"": ""core"", ""stop_loss_z"": null, ""target"": ""ETH"", ""train_window"": 720, ""transaction_cost_bps"": 10, ""universe_selection_method"": ""priority_with_coverage_fallback"", ""universe_size"": 30, ""zscore_lookback"": 336}",core,crypto,ETH,priority_with_coverage_fallback,30,30,"BTC,SOL,XRP,BNB,TRX,ADA,AVAX,DOT,NEAR,ATOM,ALGO,DOGE,BCH,LTC,XLM,ETC,LINK,UNI,AAVE,INJ,FIL,VET,FET,GRT,THETA,XTZ,SAND,CHZ,DASH,HBAR","TON,SUI,ICP,MKR,RENDER,RNDR,ARB,OP,MATIC,POL,APT,SEI,EOS,MANA","CHZ,DASH,HBAR",720,24,0.7,explained_variance,,336,2.0,0.25,10.0,8760.0,0.6,5,480,2161,0,1.0,,,0,0,OLS,,103.66965905151038,1.193983330321854,0.4082436643142753,2.9246830623259803,-0.2524131945603936,0.007810691969451516,395,116.81865284974093,0.5072296637984565
"{""entry_z"": 2.0, ""exit_z"": 0.25, ""fixed_n_components"": null, ""max_holding_period"": null, ""min_asset_coverage"": 0.6, ""min_train_observations"": 480, ""min_universe_assets"": 5, ""pca_component_selection_method"": ""explained_variance"", ""pca_explained_variance"": 0.8, ""rebalance_frequency"": 24, ""regression_type"": ""OLS"", ""ridge_alpha"": 1.0, ""stage"": ""core"", ""stop_loss_z"": null, ""target"": ""ETH"", ""train_window"": 720, ""transaction_cost_bps"": 10, ""universe_selection_method"": ""priority_with_coverage_fallback"", ""universe_size"": 30, ""zscore_lookback"": 336}",core,crypto,ETH,priority_with_coverage_fallback,30,30,"BTC,SOL,XRP,BNB,TRX,ADA,AVAX,DOT,NEAR,ATOM,ALGO,DOGE,BCH,LTC,XLM,ETC,LINK,UNI,AAVE,INJ,FIL,VET,FET,GRT,THETA,XTZ,SAND,CHZ,DASH,HBAR","TON,SUI,ICP,MKR,RENDER,RNDR,ARB,OP,MATIC,POL,APT,SEI,EOS,MANA","CHZ,DASH,HBAR",720,24,0.8,explained_variance,,336,2.0,0.25,10.0,8760.0,0.6,5,480,2161,0,1.0,,,0,0,OLS,,305.23365905811505,1.6302660775897775,0.39660517089352615,4.110551745749789,-0.228177481122246,0.00833140476741495,419,109.55665024630542,0.508318345323741
"{""entry_z"": 2.0, ""exit_z"": 0.25, ""fixed_n_components"": null, ""max_holding_period"": null, ""min_asset_coverage"": 0.6, ""min_train_observations"": 480, ""min_universe_assets"": 5, ""pca_component_selection_method"": ""explained_variance"", ""pca_explained_variance"": 0.9, ""rebalance_frequency"": 24, ""regression_type"": ""OLS"", ""ridge_alpha"": 1.0, ""stage"": ""core"", ""stop_loss_z"": null, ""target"": ""ETH"", ""train_window"": 720, ""transaction_cost_bps"": 10, ""universe_selection_method"": ""priority_with_coverage_fallback"", ""universe_size"": 30, ""zscore_lookback"": 336}",core,crypto,ETH,priority_with_coverage_fallback,30,30,"BTC,SOL,XRP,BNB,TRX,ADA,AVAX,DOT,NEAR,ATOM,ALGO,DOGE,BCH,LTC,XLM,ETC,LINK,UNI,AAVE,INJ,FIL,VET,FET,GRT,THETA,XTZ,SAND,CHZ,DASH,HBAR","TON,SUI,ICP,MKR,RENDER,RNDR,ARB,OP,MATIC,POL,APT,SEI,EOS,MANA","CHZ,DASH,HBAR",720,24,0.9,explained_variance,,336,2.0,0.25,10.0,8760.0,0.6,5,480,2161,0,1.0,,,0,0,OLS,,567.7108044927345,1.920235712868573,0.38115584872691494,5.037927974297872,-0.18157527794047312,0.008909974542929877,455,84.61160714285714,0.5086266026486572
"{""entry_z"": 2.0, ""exit_z"": 0.25, ""fixed_n_components"": null, ""max_holding_period"": null, ""min_asset_coverage"": 0.6, ""min_train_observations"": 480, ""min_universe_assets"": 5, ""pca_component_selection_method"": ""explained_variance"", ""pca_explained_variance"": 0.7, ""rebalance_frequency"": 24, ""regression_type"": ""OLS"", ""ridge_alpha"": 1.0, ""stage"": ""core"", ""stop_loss_z"": null, ""target"": ""ETH"", ""train_window"": 720, ""transaction_cost_bps"": 10, ""universe_selection_method"": ""priority_with_coverage_fallback"", ""universe_size"": 30, ""zscore_lookback"": 720}",core,crypto,ETH,priority_with_coverage_fallback,30,30,"BTC,SOL,XRP,BNB,TRX,ADA,AVAX,DOT,NEAR,ATOM,ALGO,DOGE,BCH,LTC,XLM,ETC,LINK,UNI,AAVE,INJ,FIL,VET,FET,GRT,THETA,XTZ,SAND,CHZ,DASH,HBAR","TON,SUI,ICP,MKR,RENDER,RNDR,ARB,OP,MATIC,POL,APT,SEI,EOS,MANA","CHZ,DASH,HBAR",720,24,0.7,explained_variance,,720,2.0,0.25,10.0,8760.0,0.6,5,480,2161,0,1.0,,,0,0,OLS,,139.71215979874634,1.3064510741765023,0.3698511761071706,3.5323696626502983,-0.2240606816109325,0.004551415567384093,233,159.22608695652173,0.5070722516520124
"{""entry_z"": 2.0, ""exit_z"": 0.25, ""fixed_n_components"": null, ""max_holding_period"": null, ""min_asset_coverage"": 0.6, ""min_train_observations"": 480, ""min_universe_assets"": 5, ""pca_component_selection_method"": ""explained_variance"", ""pca_explained_variance"": 0.8, ""rebalance_frequency"": 24, ""regression_type"": ""OLS"", ""ridge_alpha"": 1.0, ""stage"": ""core"", ""stop_loss_z"": null, ""target"": ""ETH"", ""train_window"": 720, ""transaction_cost_bps"": 10, ""universe_selection_method"": ""priority_with_coverage_fallback"", ""universe_size"": 30, ""zscore_lookback"": 720}",core,crypto,ETH,priority_with_coverage_fallback,30,30,"BTC,SOL,XRP,BNB,TRX,ADA,AVAX,DOT,NEAR,ATOM,ALGO,DOGE,BCH,LTC,XLM,ETC,LINK,UNI,AAVE,INJ,FIL,VET,FET,GRT,THETA,XTZ,SAND,CHZ,DASH,HBAR","TON,SUI,ICP,MKR,RENDER,RNDR,ARB,OP,MATIC,POL,APT,SEI,EOS,MANA","CHZ,DASH,HBAR",720,24,0.8,explained_variance,,720,2.0,0.25,10.0,8760.0,0.6,5,480,2161,0,1.0,,,0,0,OLS,,250.1096661683107,1.5435403194891015,0.3777755270668337,4.085866364805648,-0.20222438047907954,0.0048214147959577255,245,139.325,0.5112147855732998
"{""entry_z"": 2.0, ""exit_z"": 0.25, ""fixed_n_components"": null, ""max_holding_period"": null, ""min_asset_coverage"": 0.6, ""min_train_observations"": 480, ""min_universe_assets"": 5, ""pca_component_selection_method"": ""explained_variance"", ""pca_explained_variance"": 0.9, ""rebalance_frequency"": 24, ""regression_type"": ""OLS"", ""ridge_alpha"": 1.0, ""stage"": ""core"", ""stop_loss_z"": null, ""target"": ""ETH"", ""train_window"": 720, ""transaction_cost_bps"": 10, ""universe_selection_method"": ""priority_with_coverage_fallback"", ""universe_size"": 30, ""zscore_lookback"": 720}",core,crypto,ETH,priority_with_coverage_fallback,30,30,"BTC,SOL,XRP,BNB,TRX,ADA,AVAX,DOT,NEAR,ATOM,ALGO,DOGE,BCH,LTC,XLM,ETC,LINK,UNI,AAVE,INJ,FIL,VET,FET,GRT,THETA,XTZ,SAND,CHZ,DASH,HBAR","TON,SUI,ICP,MKR,RENDER,RNDR,ARB,OP,MATIC,POL,APT,SEI,EOS,MANA","CHZ,DASH,HBAR",720,24,0.9,explained_variance,,720,2.0,0.25,10.0,8760.0,0.6,5,480,2161,0,1.0,,,0,0,OLS,,819.0235840831979,2.1064812819229703,0.3619403354874699,5.819968307997259,-0.15299265984091293,0.006267839234745044,321,84.36477987421384,0.5153570896078724
"{""entry_z"": 2.0, ""exit_z"": 0.25, ""fixed_n_components"": null, ""max_holding_period"": null, ""min_asset_coverage"": 0.6, ""min_train_observations"": 480, ""min_universe_assets"": 5, ""pca_component_selection_method"": ""explained_variance"", ""pca_explained_variance"": 0.7, ""rebalance_frequency"": 24, ""regression_type"": ""OLS"", ""ridge_alpha"": 1.0, ""stage"": ""core"", ""stop_loss_z"": null, ""target"": ""ETH"", ""train_window"": 720, ""transaction_cost_bps"": 10, ""universe_selection_method"": ""priority_with_coverage_fallback"", ""universe_size"": 30, ""zscore_lookback"": 1440}",core,crypto,ETH,priority_with_coverage_fallback,30,30,"BTC,SOL,XRP,BNB,TRX,ADA,AVAX,DOT,NEAR,ATOM,ALGO,DOGE,BCH,LTC,XLM,ETC,LINK,UNI,AAVE,INJ,FIL,VET,FET,GRT,THETA,XTZ,SAND,CHZ,DASH,HBAR","TON,SUI,ICP,MKR,RENDER,RNDR,ARB,OP,MATIC,POL,APT,SEI,EOS,MANA","CHZ,DASH,HBAR",720,24,0.7,explained_variance,,1440,2.0,0.25,10.0,8760.0,0.6,5,480,2161,0,1.0,,,0,0,OLS,,369.08120706429736,1.7157775810782439,0.3535333665005625,4.8532267210357185,-0.20922291842289242,0.0035485612898248863,179,174.06896551724137,0.5128103539355521
"{""entry_z"": 2.0, ""exit_z"": 0.25, ""fixed_n_components"": null, ""max_holding_period"": null, ""min_asset_coverage"": 0.6, ""min_train_observations"": 480, ""min_universe_assets"": 5, ""pca_component_selection_method"": ""explained_variance"", ""pca_explained_variance"": 0.8, ""rebalance_frequency"": 24, ""regression_type"": ""OLS"", ""ridge_alpha"": 1.0, ""stage"": ""core"", ""stop_loss_z"": null, ""target"": ""ETH"", ""train_window"": 720, ""transaction_cost_bps"": 10, ""universe_selection_method"": ""priority_with_coverage_fallback"", ""universe_size"": 30, ""zscore_lookback"": 1440}",core,crypto,ETH,priority_with_coverage_fallback,30,30,"BTC,SOL,XRP,BNB,TRX,ADA,AVAX,DOT,NEAR,ATOM,ALGO,DOGE,BCH,LTC,XLM,ETC,LINK,UNI,AAVE,INJ,FIL,VET,FET,GRT,THETA,XTZ,SAND,CHZ,DASH,HBAR","TON,SUI,ICP,MKR,RENDER,RNDR,ARB,OP,MATIC,POL,APT,SEI,EOS,MANA","CHZ,DASH,HBAR",720,24,0.8,explained_variance,,1440,2.0,0.25,10.0,8760.0,0.6,5,480,2161,0,1.0,,,0,0,OLS,,313.7516974568407,1.6424857798571417,0.35783815228542937,4.59002420330802,-0.20922291842289242,0.0035871326081925482,182,148.52808988764045,0.5150919131553068
"{""entry_z"": 2.0, ""exit_z"": 0.25, ""fixed_n_components"": null, ""max_holding_period"": null, ""min_asset_coverage"": 0.6, ""min_train_observations"": 480, ""min_universe_assets"": 5, ""pca_component_selection_method"": ""explained_variance"", ""pca_explained_variance"": 0.9, ""rebalance_frequency"": 24, ""regression_type"": ""OLS"", ""ridge_alpha"": 1.0, ""stage"": ""core"", ""stop_loss_z"": null, ""target"": ""ETH"", ""train_window"": 720, ""transaction_cost_bps"": 10, ""universe_selection_method"": ""priority_with_coverage_fallback"", ""universe_size"": 30, ""zscore_lookback"": 1440}",core,crypto,ETH,priority_with_coverage_fallback,30,30,"BTC,SOL,XRP,BNB,TRX,ADA,AVAX,DOT,NEAR,ATOM,ALGO,DOGE,BCH,LTC,XLM,ETC,LINK,UNI,AAVE,INJ,FIL,VET,FET,GRT,THETA,XTZ,SAND,CHZ,DASH,HBAR","TON,SUI,ICP,MKR,RENDER,RNDR,ARB,OP,MATIC,POL,APT,SEI,EOS,MANA","CHZ,DASH,HBAR",720,24,0.9,explained_variance,,1440,2.0,0.25,10.0,8760.0,0.6,5,480,2161,0,1.0,,,0,0,OLS,,414.45598375833725,1.7693626725280538,0.35170614913659365,5.030798229919144,-0.15299265984091315,0.004628558204119417,237,91.61538461538461,0.5115215971639145
"{""entry_z"": 2.0, ""exit_z"": 0.25, ""fixed_n_components"": null, ""max_holding_period"": null, ""min_asset_coverage"": 0.6, ""min_train_observations"": 480, ""min_universe_assets"": 5, ""pca_component_selection_method"": ""explained_variance"", ""pca_explained_variance"": 0.7, ""rebalance_frequency"": 24, ""regression_type"": ""OLS"", ""ridge_alpha"": 1.0, ""stage"": ""core"", ""stop_loss_z"": null, ""target"": ""ETH"", ""train_window"": 1440, ""transaction_cost_bps"": 10, ""universe_selection_method"": ""priority_with_coverage_fallback"", ""universe_size"": 30, ""zscore_lookback"": 336}",core,crypto,ETH,priority_with_coverage_fallback,30,30,"BTC,SOL,XRP,BNB,TRX,ADA,AVAX,DOT,NEAR,ATOM,ALGO,DOGE,BCH,LTC,XLM,ETC,LINK,UNI,AAVE,INJ,FIL,VET,FET,GRT,THETA,XTZ,SAND,CHZ,DASH,HBAR","TON,SUI,ICP,MKR,RENDER,RNDR,ARB,OP,MATIC,POL,APT,SEI,EOS,MANA","CHZ,DASH,HBAR",1440,24,0.7,explained_variance,,336,2.0,0.25,10.0,8760.0,0.6,5,480,2131,0,1.0,,,0,0,OLS,,0.7812372313029807,0.10396161994813302,0.3838962635533907,0.2708065428557485,-0.566159426398015,0.00676679965579285,341,159.3154761904762,0.5039417149262096
"{""entry_z"": 2.0, ""exit_z"": 0.25, ""fixed_n_components"": null, ""max_holding_period"": null, ""min_asset_coverage"": 0.6, ""min_train_observations"": 480, ""min_universe_assets"": 5, ""pca_component_selection_method"": ""explained_variance"", ""pca_explained_variance"": 0.8, ""rebalance_frequency"": 24, ""regression_type"": ""OLS"", ""ridge_alpha"": 1.0, ""stage"": ""core"", ""stop_loss_z"": null, ""target"": ""ETH"", ""train_window"": 1440, ""transaction_cost_bps"": 10, ""universe_selection_method"": ""priority_with_coverage_fallback"", ""universe_size"": 30, ""zscore_lookback"": 336}",core,crypto,ETH,priority_with_coverage_fallback,30,30,"BTC,SOL,XRP,BNB,TRX,ADA,AVAX,DOT,NEAR,ATOM,ALGO,DOGE,BCH,LTC,XLM,ETC,LINK,UNI,AAVE,INJ,FIL,VET,FET,GRT,THETA,XTZ,SAND,CHZ,DASH,HBAR","TON,SUI,ICP,MKR,RENDER,RNDR,ARB,OP,MATIC,POL,APT,SEI,EOS,MANA","CHZ,DASH,HBAR",1440,24,0.8,explained_variance,,336,2.0,0.25,10.0,8760.0,0.6,5,480,2131,0,1.0,,,0,0,OLS,,4.973565014138943,0.3582675892508689,0.4080050666662531,0.878095931940793,-0.3747719539833697,0.006903700226863803,344,151.95833333333334,0.5029965921109326
"{""entry_z"": 2.0, ""exit_z"": 0.25, ""fixed_n_components"": null, ""max_holding_period"": null, ""min_asset_coverage"": 0.6, ""min_train_observations"": 480, ""min_universe_assets"": 5, ""pca_component_selection_method"": ""explained_variance"", ""pca_explained_variance"": 0.9, ""rebalance_frequency"": 24, ""regression_type"": ""OLS"", ""ridge_alpha"": 1.0, ""stage"": ""core"", ""stop_loss_z"": null, ""target"": ""ETH"", ""train_window"": 1440, ""transaction_cost_bps"": 10, ""universe_selection_method"": ""priority_with_coverage_fallback"", ""universe_size"": 30, ""zscore_lookback"": 336}",core,crypto,ETH,priority_with_coverage_fallback,30,30,"BTC,SOL,XRP,BNB,TRX,ADA,AVAX,DOT,NEAR,ATOM,ALGO,DOGE,BCH,LTC,XLM,ETC,LINK,UNI,AAVE,INJ,FIL,VET,FET,GRT,THETA,XTZ,SAND,CHZ,DASH,HBAR","TON,SUI,ICP,MKR,RENDER,RNDR,ARB,OP,MATIC,POL,APT,SEI,EOS,MANA","CHZ,DASH,HBAR",1440,24,0.9,explained_variance,,336,2.0,0.25,10.0,8760.0,0.6,5,480,2131,0,1.0,,,0,0,OLS,,51.53603357221764,0.9712919753154114,0.36949076650154317,2.62873138755784,-0.38498749177261016,0.007803332551044356,393,115.52577319587628,0.5102623594502945
"{""entry_z"": 2.0, ""exit_z"": 0.25, ""fixed_n_components"": null, ""max_holding_period"": null, ""min_asset_coverage"": 0.6, ""min_train_observations"": 480, ""min_universe_assets"": 5, ""pca_component_selection_method"": ""explained_variance"", ""pca_explained_variance"": 0.7, ""rebalance_frequency"": 24, ""regression_type"": ""OLS"", ""ridge_alpha"": 1.0, ""stage"": ""core"", ""stop_loss_z"": null, ""target"": ""ETH"", ""train_window"": 1440, ""transaction_cost_bps"": 10, ""universe_selection_method"": ""priority_with_coverage_fallback"", ""universe_size"": 30, ""zscore_lookback"": 720}",core,crypto,ETH,priority_with_coverage_fallback,30,30,"BTC,SOL,XRP,BNB,TRX,ADA,AVAX,DOT,NEAR,ATOM,ALGO,DOGE,BCH,LTC,XLM,ETC,LINK,UNI,AAVE,INJ,FIL,VET,FET,GRT,THETA,XTZ,SAND,CHZ,DASH,HBAR","TON,SUI,ICP,MKR,RENDER,RNDR,ARB,OP,MATIC,POL,APT,SEI,EOS,MANA","CHZ,DASH,HBAR",1440,24,0.7,explained_variance,,720,2.0,0.25,10.0,8760.0,0.6,5,480,2131,0,1.0,,,0,0,OLS,,38.229036454568984,0.8750761531638414,0.3641984798914716,2.402745210316659,-0.2593759247213614,0.003989673785496362,200,238.9591836734694,0.5062772226492441
"{""entry_z"": 2.0, ""exit_z"": 0.25, ""fixed_n_components"": null, ""max_holding_period"": null, ""min_asset_coverage"": 0.6, ""min_train_observations"": 480, ""min_universe_assets"": 5, ""pca_component_selection_method"": ""explained_variance"", ""pca_explained_variance"": 0.8, ""rebalance_frequency"": 24, ""regression_type"": ""OLS"", ""ridge_alpha"": 1.0, ""stage"": ""core"", ""stop_loss_z"": null, ""target"": ""ETH"", ""train_window"": 1440, ""transaction_cost_bps"": 10, ""universe_selection_method"": ""priority_with_coverage_fallback"", ""universe_size"": 30, ""zscore_lookback"": 720}",core,crypto,ETH,priority_with_coverage_fallback,30,30,"BTC,SOL,XRP,BNB,TRX,ADA,AVAX,DOT,NEAR,ATOM,ALGO,DOGE,BCH,LTC,XLM,ETC,LINK,UNI,AAVE,INJ,FIL,VET,FET,GRT,THETA,XTZ,SAND,CHZ,DASH,HBAR","TON,SUI,ICP,MKR,RENDER,RNDR,ARB,OP,MATIC,POL,APT,SEI,EOS,MANA","CHZ,DASH,HBAR",1440,24,0.8,explained_variance,,720,2.0,0.25,10.0,8760.0,0.6,5,480,2131,0,1.0,,,0,0,OLS,,30.219200420776495,0.8031267676395608,0.388527365219784,2.0671047641270888,-0.215216604671972,0.003833215989986701,190,228.32608695652175,0.5057602589736265
"{""entry_z"": 2.0, ""exit_z"": 0.25, ""fixed_n_components"": null, ""max_holding_period"": null, ""min_asset_coverage"": 0.6, ""min_train_observations"": 480, ""min_universe_assets"": 5, ""pca_component_selection_method"": ""explained_variance"", ""pca_explained_variance"": 0.9, ""rebalance_frequency"": 24, ""regression_type"": ""OLS"", ""ridge_alpha"": 1.0, ""stage"": ""core"", ""stop_loss_z"": null, ""target"": ""ETH"", ""train_window"": 1440, ""transaction_cost_bps"": 10, ""universe_selection_method"": ""priority_with_coverage_fallback"", ""universe_size"": 30, ""zscore_lookback"": 720}",core,crypto,ETH,priority_with_coverage_fallback,30,30,"BTC,SOL,XRP,BNB,TRX,ADA,AVAX,DOT,NEAR,ATOM,ALGO,DOGE,BCH,LTC,XLM,ETC,LINK,UNI,AAVE,INJ,FIL,VET,FET,GRT,THETA,XTZ,SAND,CHZ,DASH,HBAR","TON,SUI,ICP,MKR,RENDER,RNDR,ARB,OP,MATIC,POL,APT,SEI,EOS,MANA","CHZ,DASH,HBAR",1440,24,0.9,explained_variance,,720,2.0,0.25,10.0,8760.0,0.6,5,480,2131,0,1.0,,,0,0,OLS,,158.31023751431297,1.38391749264483,0.35109962751716306,3.941666080455124,-0.19219315734797093,0.004889306109676915,246,142.9090909090909,0.5114503816793893
"{""entry_z"": 2.0, ""exit_z"": 0.25, ""fixed_n_components"": null, ""max_holding_period"": null, ""min_asset_coverage"": 0.6, ""min_train_observations"": 480, ""min_universe_assets"": 5, ""pca_component_selection_method"": ""explained_variance"", ""pca_explained_variance"": 0.7, ""rebalance_frequency"": 24, ""regression_type"": ""OLS"", ""ridge_alpha"": 1.0, ""stage"": ""core"", ""stop_loss_z"": null, ""target"": ""ETH"", ""train_window"": 1440, ""transaction_cost_bps"": 10, ""universe_selection_method"": ""priority_with_coverage_fallback"", ""universe_size"": 30, ""zscore_lookback"": 1440}",core,crypto,ETH,priority_with_coverage_fallback,30,30,"BTC,SOL,XRP,BNB,TRX,ADA,AVAX,DOT,NEAR,ATOM,ALGO,DOGE,BCH,LTC,XLM,ETC,LINK,UNI,AAVE,INJ,FIL,VET,FET,GRT,THETA,XTZ,SAND,CHZ,DASH,HBAR","TON,SUI,ICP,MKR,RENDER,RNDR,ARB,OP,MATIC,POL,APT,SEI,EOS,MANA","CHZ,DASH,HBAR",1440,24,0.7,explained_variance,,1440,2.0,0.25,10.0,8760.0,0.6,5,480,2131,0,1.0,,,0,0,OLS,,41.76456764315852,0.9030027823142657,0.3424717167361496,2.63672221145773,-0.267506638902706,0.002405538605961042,120,310.864406779661,0.5083147047598278
"{""entry_z"": 2.0, ""exit_z"": 0.25, ""fixed_n_components"": null, ""max_holding_period"": null, ""min_asset_coverage"": 0.6, ""min_train_observations"": 480, ""min_universe_assets"": 5, ""pca_component_selection_method"": ""explained_variance"", ""pca_explained_variance"": 0.8, ""rebalance_frequency"": 24, ""regression_type"": ""OLS"", ""ridge_alpha"": 1.0, ""stage"": ""core"", ""stop_loss_z"": null, ""target"": ""ETH"", ""train_window"": 1440, ""transaction_cost_bps"": 10, ""universe_selection_method"": ""priority_with_coverage_fallback"", ""universe_size"": 30, ""zscore_lookback"": 1440}",core,crypto,ETH,priority_with_coverage_fallback,30,30,"BTC,SOL,XRP,BNB,TRX,ADA,AVAX,DOT,NEAR,ATOM,ALGO,DOGE,BCH,LTC,XLM,ETC,LINK,UNI,AAVE,INJ,FIL,VET,FET,GRT,THETA,XTZ,SAND,CHZ,DASH,HBAR","TON,SUI,ICP,MKR,RENDER,RNDR,ARB,OP,MATIC,POL,APT,SEI,EOS,MANA","CHZ,DASH,HBAR",1440,24,0.8,explained_variance,,1440,2.0,0.25,10.0,8760.0,0.6,5,480,2131,0,1.0,,,0,0,OLS,,69.94923708841068,1.0754235746372172,0.37597782590529105,2.8603377660578224,-0.23961726247622372,0.0026597825236642416,132,241.75,0.5093071354705274
"{""entry_z"": 2.0, ""exit_z"": 0.25, ""fixed_n_components"": null, ""max_holding_period"": null, ""min_asset_coverage"": 0.6, ""min_train_observations"": 480, ""min_universe_assets"": 5, ""pca_component_selection_method"": ""explained_variance"", ""pca_explained_variance"": 0.9, ""rebalance_frequency"": 24, ""regression_type"": ""OLS"", ""ridge_alpha"": 1.0, ""stage"": ""core"", ""stop_loss_z"": null, ""target"": ""ETH"", ""train_window"": 1440, ""transaction_cost_bps"": 10, ""universe_selection_method"": ""priority_with_coverage_fallback"", ""universe_size"": 30, ""zscore_lookback"": 1440}",core,crypto,ETH,priority_with_coverage_fallback,30,30,"BTC,SOL,XRP,BNB,TRX,ADA,AVAX,DOT,NEAR,ATOM,ALGO,DOGE,BCH,LTC,XLM,ETC,LINK,UNI,AAVE,INJ,FIL,VET,FET,GRT,THETA,XTZ,SAND,CHZ,DASH,HBAR","TON,SUI,ICP,MKR,RENDER,RNDR,ARB,OP,MATIC,POL,APT,SEI,EOS,MANA","CHZ,DASH,HBAR",1440,24,0.9,explained_variance,,1440,2.0,0.25,10.0,8760.0,0.6,5,480,2131,0,1.0,,,0,0,OLS,,113.27591159266369,1.2520158610423033,0.33725725247542393,3.7123467378467665,-0.23961726247622483,0.0032856137057028865,167,163.48192771084337,0.5079224703367972
"{""entry_z"": 2.0, ""exit_z"": 0.25, ""fixed_n_components"": null, ""max_holding_period"": null, ""min_asset_coverage"": 0.6, ""min_train_observations"": 480, ""min_universe_assets"": 5, ""pca_component_selection_method"": ""explained_variance"", ""pca_explained_variance"": 0.7, ""rebalance_frequency"": 24, ""regression_type"": ""OLS"", ""ridge_alpha"": 1.0, ""stage"": ""core"", ""stop_loss_z"": null, ""target"": ""ETH"", ""train_window"": 2880, ""transaction_cost_bps"": 10, ""universe_selection_method"": ""priority_with_coverage_fallback"", ""universe_size"": 30, ""zscore_lookback"": 336}",core,crypto,ETH,priority_with_coverage_fallback,30,30,"BTC,SOL,XRP,BNB,TRX,ADA,AVAX,DOT,NEAR,ATOM,ALGO,DOGE,BCH,LTC,XLM,ETC,LINK,UNI,AAVE,INJ,FIL,VET,FET,GRT,THETA,XTZ,SAND,CHZ,DASH,HBAR","TON,SUI,ICP,MKR,RENDER,RNDR,ARB,OP,MATIC,POL,APT,SEI,EOS,MANA","CHZ,DASH,HBAR",2880,24,0.7,explained_variance,,336,2.0,0.25,10.0,8760.0,0.6,5,480,2071,0,1.0,,,0,0,OLS,,-0.41976196379360986,-0.09149546352294546,0.47675629076545756,-0.19191244100008548,-0.7507446516252687,0.006801899702165338,332,175.34969325153375,0.49856553075362114
"{""entry_z"": 2.0, ""exit_z"": 0.25, ""fixed_n_components"": null, ""max_holding_period"": null, ""min_asset_coverage"": 0.6, ""min_train_observations"": 480, ""min_universe_assets"": 5, ""pca_component_selection_method"": ""explained_variance"", ""pca_explained_variance"": 0.8, ""rebalance_frequency"": 24, ""regression_type"": ""OLS"", ""ridge_alpha"": 1.0, ""stage"": ""core"", ""stop_loss_z"": null, ""target"": ""ETH"", ""train_window"": 2880, ""transaction_cost_bps"": 10, ""universe_selection_method"": ""priority_with_coverage_fallback"", ""universe_size"": 30, ""zscore_lookback"": 336}",core,crypto,ETH,priority_with_coverage_fallback,30,30,"BTC,SOL,XRP,BNB,TRX,ADA,AVAX,DOT,NEAR,ATOM,ALGO,DOGE,BCH,LTC,XLM,ETC,LINK,UNI,AAVE,INJ,FIL,VET,FET,GRT,THETA,XTZ,SAND,CHZ,DASH,HBAR","TON,SUI,ICP,MKR,RENDER,RNDR,ARB,OP,MATIC,POL,APT,SEI,EOS,MANA","CHZ,DASH,HBAR",2880,24,0.8,explained_variance,,336,2.0,0.25,10.0,8760.0,0.6,5,480,2071,0,1.0,,,0,0,OLS,,-0.7115921330025162,-0.19683115352158798,0.4053435232795737,-0.4855909672098782,-0.8219043445148049,0.006801899702165338,334,170.96969696969697,0.4976249556894718
"{""entry_z"": 2.0, ""exit_z"": 0.25, ""fixed_n_components"": null, ""max_holding_period"": null, ""min_asset_coverage"": 0.6, ""min_train_observations"": 480, ""min_universe_assets"": 5, ""pca_component_selection_method"": ""explained_variance"", ""pca_explained_variance"": 0.9, ""rebalance_frequency"": 24, ""regression_type"": ""OLS"", ""ridge_alpha"": 1.0, ""stage"": ""core"", ""stop_loss_z"": null, ""target"": ""ETH"", ""train_window"": 2880, ""transaction_cost_bps"": 10, ""universe_selection_method"": ""priority_with_coverage_fallback"", ""universe_size"": 30, ""zscore_lookback"": 336}",core,crypto,ETH,priority_with_coverage_fallback,30,30,"BTC,SOL,XRP,BNB,TRX,ADA,AVAX,DOT,NEAR,ATOM,ALGO,DOGE,BCH,LTC,XLM,ETC,LINK,UNI,AAVE,INJ,FIL,VET,FET,GRT,THETA,XTZ,SAND,CHZ,DASH,HBAR","TON,SUI,ICP,MKR,RENDER,RNDR,ARB,OP,MATIC,POL,APT,SEI,EOS,MANA","CHZ,DASH,HBAR",2880,24,0.9,explained_variance,,336,2.0,0.25,10.0,8760.0,0.6,5,480,2071,0,1.0,,,0,0,OLS,,1.1318121896184072,0.14275678871770658,0.3821476874216449,0.3735644448901114,-0.4405636526657676,0.007284874828946309,355,159.3793103448276,0.5040386557046012
"{""entry_z"": 2.0, ""exit_z"": 0.25, ""fixed_n_components"": null, ""max_holding_period"": null, ""min_asset_coverage"": 0.6, ""min_train_observations"": 480, ""min_universe_assets"": 5, ""pca_component_selection_method"": ""explained_variance"", ""pca_explained_variance"": 0.7, ""rebalance_frequency"": 24, ""regression_type"": ""OLS"", ""ridge_alpha"": 1.0, ""stage"": ""core"", ""stop_loss_z"": null, ""target"": ""ETH"", ""train_window"": 2880, ""transaction_cost_bps"": 10, ""universe_selection_method"": ""priority_with_coverage_fallback"", ""universe_size"": 30, ""zscore_lookback"": 720}",core,crypto,ETH,priority_with_coverage_fallback,30,30,"BTC,SOL,XRP,BNB,TRX,ADA,AVAX,DOT,NEAR,ATOM,ALGO,DOGE,BCH,LTC,XLM,ETC,LINK,UNI,AAVE,INJ,FIL,VET,FET,GRT,THETA,XTZ,SAND,CHZ,DASH,HBAR","TON,SUI,ICP,MKR,RENDER,RNDR,ARB,OP,MATIC,POL,APT,SEI,EOS,MANA","CHZ,DASH,HBAR",2880,24,0.7,explained_variance,,720,2.0,0.25,10.0,8760.0,0.6,5,480,2071,0,1.0,,,0,0,OLS,,5.555345999316045,0.3930102467906811,0.46795719532335356,0.8398422990784769,-0.43954677970070966,0.003622313450857281,174,312.25,0.5033360021350414
"{""entry_z"": 2.0, ""exit_z"": 0.25, ""fixed_n_components"": null, ""max_holding_period"": null, ""min_asset_coverage"": 0.6, ""min_train_observations"": 480, ""min_universe_assets"": 5, ""pca_component_selection_method"": ""explained_variance"", ""pca_explained_variance"": 0.8, ""rebalance_frequency"": 24, ""regression_type"": ""OLS"", ""ridge_alpha"": 1.0, ""stage"": ""core"", ""stop_loss_z"": null, ""target"": ""ETH"", ""train_window"": 2880, ""transaction_cost_bps"": 10, ""universe_selection_method"": ""priority_with_coverage_fallback"", ""universe_size"": 30, ""zscore_lookback"": 720}",core,crypto,ETH,priority_with_coverage_fallback,30,30,"BTC,SOL,XRP,BNB,TRX,ADA,AVAX,DOT,NEAR,ATOM,ALGO,DOGE,BCH,LTC,XLM,ETC,LINK,UNI,AAVE,INJ,FIL,VET,FET,GRT,THETA,XTZ,SAND,CHZ,DASH,HBAR","TON,SUI,ICP,MKR,RENDER,RNDR,ARB,OP,MATIC,POL,APT,SEI,EOS,MANA","CHZ,DASH,HBAR",2880,24,0.8,explained_variance,,720,2.0,0.25,10.0,8760.0,0.6,5,480,2071,0,1.0,,,0,0,OLS,,2.0385831625338393,0.21643280646916674,0.40727782382047767,0.5314131872904705,-0.4624408221935624,0.003622313450857281,177,298.8045977011494,0.503577473457455
"{""entry_z"": 2.0, ""exit_z"": 0.25, ""fixed_n_components"": null, ""max_holding_period"": null, ""min_asset_coverage"": 0.6, ""min_train_observations"": 480, ""min_universe_assets"": 5, ""pca_component_selection_method"": ""explained_variance"", ""pca_explained_variance"": 0.9, ""rebalance_frequency"": 24, ""regression_type"": ""OLS"", ""ridge_alpha"": 1.0, ""stage"": ""core"", ""stop_loss_z"": null, ""target"": ""ETH"", ""train_window"": 2880, ""transaction_cost_bps"": 10, ""universe_selection_method"": ""priority_with_coverage_fallback"", ""universe_size"": 30, ""zscore_lookback"": 720}",core,crypto,ETH,priority_with_coverage_fallback,30,30,"BTC,SOL,XRP,BNB,TRX,ADA,AVAX,DOT,NEAR,ATOM,ALGO,DOGE,BCH,LTC,XLM,ETC,LINK,UNI,AAVE,INJ,FIL,VET,FET,GRT,THETA,XTZ,SAND,CHZ,DASH,HBAR","TON,SUI,ICP,MKR,RENDER,RNDR,ARB,OP,MATIC,POL,APT,SEI,EOS,MANA","CHZ,DASH,HBAR",2880,24,0.9,explained_variance,,720,2.0,0.25,10.0,8760.0,0.6,5,480,2071,0,1.0,,,0,0,OLS,,9.342625538392232,0.5096112565250344,0.3588053735588653,1.4202999566878782,-0.2680078369273523,0.003863801014247766,190,231.10638297872342,0.5060762290554226
"{""entry_z"": 2.0, ""exit_z"": 0.25, ""fixed_n_components"": null, ""max_holding_period"": null, ""min_asset_coverage"": 0.6, ""min_train_observations"": 480, ""min_universe_assets"": 5, ""pca_component_selection_method"": ""explained_variance"", ""pca_explained_variance"": 0.7, ""rebalance_frequency"": 24, ""regression_type"": ""OLS"", ""ridge_alpha"": 1.0, ""stage"": ""core"", ""stop_loss_z"": null, ""target"": ""ETH"", ""train_window"": 2880, ""transaction_cost_bps"": 10, ""universe_selection_method"": ""priority_with_coverage_fallback"", ""universe_size"": 30, ""zscore_lookback"": 1440}",core,crypto,ETH,priority_with_coverage_fallback,30,30,"BTC,SOL,XRP,BNB,TRX,ADA,AVAX,DOT,NEAR,ATOM,ALGO,DOGE,BCH,LTC,XLM,ETC,LINK,UNI,AAVE,INJ,FIL,VET,FET,GRT,THETA,XTZ,SAND,CHZ,DASH,HBAR","TON,SUI,ICP,MKR,RENDER,RNDR,ARB,OP,MATIC,POL,APT,SEI,EOS,MANA","CHZ,DASH,HBAR",2880,24,0.7,explained_variance,,1440,2.0,0.25,10.0,8760.0,0.6,5,480,2071,0,1.0,,,0,0,OLS,,8.457393233539255,0.4859861735213271,0.49725014552608143,0.9773474736888468,-0.4488894265385067,0.002012396361587378,97,470.0851063829787,0.5102742826106635
"{""entry_z"": 2.0, ""exit_z"": 0.25, ""fixed_n_components"": null, ""max_holding_period"": null, ""min_asset_coverage"": 0.6, ""min_train_observations"": 480, ""min_universe_assets"": 5, ""pca_component_selection_method"": ""explained_variance"", ""pca_explained_variance"": 0.8, ""rebalance_frequency"": 24, ""regression_type"": ""OLS"", ""ridge_alpha"": 1.0, ""stage"": ""core"", ""stop_loss_z"": null, ""target"": ""ETH"", ""train_window"": 2880, ""transaction_cost_bps"": 10, ""universe_selection_method"": ""priority_with_coverage_fallback"", ""universe_size"": 30, ""zscore_lookback"": 1440}",core,crypto,ETH,priority_with_coverage_fallback,30,30,"BTC,SOL,XRP,BNB,TRX,ADA,AVAX,DOT,NEAR,ATOM,ALGO,DOGE,BCH,LTC,XLM,ETC,LINK,UNI,AAVE,INJ,FIL,VET,FET,GRT,THETA,XTZ,SAND,CHZ,DASH,HBAR","TON,SUI,ICP,MKR,RENDER,RNDR,ARB,OP,MATIC,POL,APT,SEI,EOS,MANA","CHZ,DASH,HBAR",2880,24,0.8,explained_variance,,1440,2.0,0.25,10.0,8760.0,0.6,5,480,2071,0,1.0,,,0,0,OLS,,5.753143563322982,0.4003294624213849,0.3675975168002989,1.0890428910020846,-0.44096709166655423,0.002133140143282621,106,412.62264150943395,0.508573780236865
"{""entry_z"": 2.0, ""exit_z"": 0.25, ""fixed_n_components"": null, ""max_holding_period"": null, ""min_asset_coverage"": 0.6, ""min_train_observations"": 480, ""min_universe_assets"": 5, ""pca_component_selection_method"": ""explained_variance"", ""pca_explained_variance"": 0.9, ""rebalance_frequency"": 24, ""regression_type"": ""OLS"", ""ridge_alpha"": 1.0, ""stage"": ""core"", ""stop_loss_z"": null, ""target"": ""ETH"", ""train_window"": 2880, ""transaction_cost_bps"": 10, ""universe_selection_method"": ""priority_with_coverage_fallback"", ""universe_size"": 30, ""zscore_lookback"": 1440}",core,crypto,ETH,priority_with_coverage_fallback,30,30,"BTC,SOL,XRP,BNB,TRX,ADA,AVAX,DOT,NEAR,ATOM,ALGO,DOGE,BCH,LTC,XLM,ETC,LINK,UNI,AAVE,INJ,FIL,VET,FET,GRT,THETA,XTZ,SAND,CHZ,DASH,HBAR","TON,SUI,ICP,MKR,RENDER,RNDR,ARB,OP,MATIC,POL,APT,SEI,EOS,MANA","CHZ,DASH,HBAR",2880,24,0.9,explained_variance,,1440,2.0,0.25,10.0,8760.0,0.6,5,480,2071,0,1.0,,,0,0,OLS,,25.943892623945306,0.7871870905268552,0.3479516496123858,2.2623461949491337,-0.28593352785828774,0.0024551235611366016,120,298.50847457627117,0.5071542130365659
"{""entry_z"": 2.0, ""exit_z"": 0.5, ""fixed_n_components"": null, ""max_holding_period"": null, ""min_asset_coverage"": 0.6, ""min_train_observations"": 480, ""min_universe_assets"": 5, ""pca_component_selection_method"": ""explained_variance"", ""pca_explained_variance"": 0.7, ""rebalance_frequency"": 24, ""regression_type"": ""OLS"", ""ridge_alpha"": 1.0, ""stage"": ""core"", ""stop_loss_z"": null, ""target"": ""ETH"", ""train_window"": 720, ""transaction_cost_bps"": 10, ""universe_selection_method"": ""priority_with_coverage_fallback"", ""universe_size"": 30, ""zscore_lookback"": 336}",core,crypto,ETH,priority_with_coverage_fallback,30,30,"BTC,SOL,XRP,BNB,TRX,ADA,AVAX,DOT,NEAR,ATOM,ALGO,DOGE,BCH,LTC,XLM,ETC,LINK,UNI,AAVE,INJ,FIL,VET,FET,GRT,THETA,XTZ,SAND,CHZ,DASH,HBAR","TON,SUI,ICP,MKR,RENDER,RNDR,ARB,OP,MATIC,POL,APT,SEI,EOS,MANA","CHZ,DASH,HBAR",720,24,0.7,explained_variance,,336,2.0,0.5,10.0,8760.0,0.6,5,480,2161,0,1.0,,,0,0,OLS,,62.62892904963512,1.0170362022809343,0.3765833396149279,2.700693565787844,-0.22914957385801338,0.008196405153128134,418,92.04368932038835,0.5073572068983704
"{""entry_z"": 2.0, ""exit_z"": 0.5, ""fixed_n_components"": null, ""max_holding_period"": null, ""min_asset_coverage"": 0.6, ""min_train_observations"": 480, ""min_universe_assets"": 5, ""pca_component_selection_method"": ""explained_variance"", ""pca_explained_variance"": 0.8, ""rebalance_frequency"": 24, ""regression_type"": ""OLS"", ""ridge_alpha"": 1.0, ""stage"": ""core"", ""stop_loss_z"": null, ""target"": ""ETH"", ""train_window"": 720, ""transaction_cost_bps"": 10, ""universe_selection_method"": ""priority_with_coverage_fallback"", ""universe_size"": 30, ""zscore_lookback"": 336}",core,crypto,ETH,priority_with_coverage_fallback,30,30,"BTC,SOL,XRP,BNB,TRX,ADA,AVAX,DOT,NEAR,ATOM,ALGO,DOGE,BCH,LTC,XLM,ETC,LINK,UNI,AAVE,INJ,FIL,VET,FET,GRT,THETA,XTZ,SAND,CHZ,DASH,HBAR","TON,SUI,ICP,MKR,RENDER,RNDR,ARB,OP,MATIC,POL,APT,SEI,EOS,MANA","CHZ,DASH,HBAR",720,24,0.8,explained_variance,,336,2.0,0.5,10.0,8760.0,0.6,5,480,2161,0,1.0,,,0,0,OLS,,106.70344348024334,1.2045994368883446,0.3694365140231094,3.260639896610201,-0.20415968653561156,0.00875568926945923,451,82.95982142857143,0.5082064252273584
"{""entry_z"": 2.0, ""exit_z"": 0.5, ""fixed_n_components"": null, ""max_holding_period"": null, ""min_asset_coverage"": 0.6, ""min_train_observations"": 480, ""min_universe_assets"": 5, ""pca_component_selection_method"": ""explained_variance"", ""pca_explained_variance"": 0.9, ""rebalance_frequency"": 24, ""regression_type"": ""OLS"", ""ridge_alpha"": 1.0, ""stage"": ""core"", ""stop_loss_z"": null, ""target"": ""ETH"", ""train_window"": 720, ""transaction_cost_bps"": 10, ""universe_selection_method"": ""priority_with_coverage_fallback"", ""universe_size"": 30, ""zscore_lookback"": 336}",core,crypto,ETH,priority_with_coverage_fallback,30,30,"BTC,SOL,XRP,BNB,TRX,ADA,AVAX,DOT,NEAR,ATOM,ALGO,DOGE,BCH,LTC,XLM,ETC,LINK,UNI,AAVE,INJ,FIL,VET,FET,GRT,THETA,XTZ,SAND,CHZ,DASH,HBAR","TON,SUI,ICP,MKR,RENDER,RNDR,ARB,OP,MATIC,POL,APT,SEI,EOS,MANA","CHZ,DASH,HBAR",720,24,0.9,explained_variance,,336,2.0,0.5,10.0,8760.0,0.6,5,480,2161,0,1.0,,,0,0,OLS,,384.4139357397748,1.7344671941289134,0.3635479271364815,4.770945079485401,-0.1666040548214851,0.009719972228650776,502,63.144,0.510705688584822
"{""entry_z"": 2.0, ""exit_z"": 0.5, ""fixed_n_components"": null, ""max_holding_period"": null, ""min_asset_coverage"": 0.6, ""min_train_observations"": 480, ""min_universe_assets"": 5, ""pca_component_selection_method"": ""explained_variance"", ""pca_explained_variance"": 0.7, ""rebalance_frequency"": 24, ""regression_type"": ""OLS"", ""ridge_alpha"": 1.0, ""stage"": ""core"", ""stop_loss_z"": null, ""target"": ""ETH"", ""train_window"": 720, ""transaction_cost_bps"": 10, ""universe_selection_method"": ""priority_with_coverage_fallback"", ""universe_size"": 30, ""zscore_lookback"": 720}",core,crypto,ETH,priority_with_coverage_fallback,30,30,"BTC,SOL,XRP,BNB,TRX,ADA,AVAX,DOT,NEAR,ATOM,ALGO,DOGE,BCH,LTC,XLM,ETC,LINK,UNI,AAVE,INJ,FIL,VET,FET,GRT,THETA,XTZ,SAND,CHZ,DASH,HBAR","TON,SUI,ICP,MKR,RENDER,RNDR,ARB,OP,MATIC,POL,APT,SEI,EOS,MANA","CHZ,DASH,HBAR",720,24,0.7,explained_variance,,720,2.0,0.5,10.0,8760.0,0.6,5,480,2161,0,1.0,,,0,0,OLS,,109.22514188494041,1.2132360986736894,0.3480546638427301,3.485763084679983,-0.19251019273437275,0.0048214147959577255,247,121.27049180327869,0.5064548834065563
"{""entry_z"": 2.0, ""exit_z"": 0.5, ""fixed_n_components"": null, ""max_holding_period"": null, ""min_asset_coverage"": 0.6, ""min_train_observations"": 480, ""min_universe_assets"": 5, ""pca_component_selection_method"": ""explained_variance"", ""pca_explained_variance"": 0.8, ""rebalance_frequency"": 24, ""regression_type"": ""OLS"", ""ridge_alpha"": 1.0, ""stage"": ""core"", ""stop_loss_z"": null, ""target"": ""ETH"", ""train_window"": 720, ""transaction_cost_bps"": 10, ""universe_selection_method"": ""priority_with_coverage_fallback"", ""universe_size"": 30, ""zscore_lookback"": 720}",core,crypto,ETH,priority_with_coverage_fallback,30,30,"BTC,SOL,XRP,BNB,TRX,ADA,AVAX,DOT,NEAR,ATOM,ALGO,DOGE,BCH,LTC,XLM,ETC,LINK,UNI,AAVE,INJ,FIL,VET,FET,GRT,THETA,XTZ,SAND,CHZ,DASH,HBAR","TON,SUI,ICP,MKR,RENDER,RNDR,ARB,OP,MATIC,POL,APT,SEI,EOS,MANA","CHZ,DASH,HBAR",720,24,0.8,explained_variance,,720,2.0,0.5,10.0,8760.0,0.6,5,480,2161,0,1.0,,,0,0,OLS,,175.8831976615018,1.397339316893115,0.3519103008763594,3.9707258168156265,-0.1670630712225326,0.00512998534289902,263,103.22307692307692,0.5115880467993144
"{""entry_z"": 2.0, ""exit_z"": 0.5, ""fixed_n_components"": null, ""max_holding_period"": null, ""min_asset_coverage"": 0.6, ""min_train_observations"": 480, ""min_universe_assets"": 5, ""pca_component_selection_method"": ""explained_variance"", ""pca_explained_variance"": 0.9, ""rebalance_frequency"": 24, ""regression_type"": ""OLS"", ""ridge_alpha"": 1.0, ""stage"": ""core"", ""stop_loss_z"": null, ""target"": ""ETH"", ""train_window"": 720, ""transaction_cost_bps"": 10, ""universe_selection_method"": ""priority_with_coverage_fallback"", ""universe_size"": 30, ""zscore_lookback"": 720}",core,crypto,ETH,priority_with_coverage_fallback,30,30,"BTC,SOL,XRP,BNB,TRX,ADA,AVAX,DOT,NEAR,ATOM,ALGO,DOGE,BCH,LTC,XLM,ETC,LINK,UNI,AAVE,INJ,FIL,VET,FET,GRT,THETA,XTZ,SAND,CHZ,DASH,HBAR","TON,SUI,ICP,MKR,RENDER,RNDR,ARB,OP,MATIC,POL,APT,SEI,EOS,MANA","CHZ,DASH,HBAR",720,24,0.9,explained_variance,,720,2.0,0.5,10.0,8760.0,0.6,5,480,2161,0,1.0,,,0,0,OLS,,517.1090132979248,1.87462205917541,0.34653841256173823,5.40956497525778,-0.15299265984091281,0.006595695440870169,338,68.18562874251496,0.5172565205936595
"{""entry_z"": 2.0, ""exit_z"": 0.5, ""fixed_n_components"": null, ""max_holding_period"": null, ""min_asset_coverage"": 0.6, ""min_train_observations"": 480, ""min_universe_assets"": 5, ""pca_component_selection_method"": ""explained_variance"", ""pca_explained_variance"": 0.7, ""rebalance_frequency"": 24, ""regression_type"": ""OLS"", ""ridge_alpha"": 1.0, ""stage"": ""core"", ""stop_loss_z"": null, ""target"": ""ETH"", ""train_window"": 720, ""transaction_cost_bps"": 10, ""universe_selection_method"": ""priority_with_coverage_fallback"", ""universe_size"": 30, ""zscore_lookback"": 1440}",core,crypto,ETH,priority_with_coverage_fallback,30,30,"BTC,SOL,XRP,BNB,TRX,ADA,AVAX,DOT,NEAR,ATOM,ALGO,DOGE,BCH,LTC,XLM,ETC,LINK,UNI,AAVE,INJ,FIL,VET,FET,GRT,THETA,XTZ,SAND,CHZ,DASH,HBAR","TON,SUI,ICP,MKR,RENDER,RNDR,ARB,OP,MATIC,POL,APT,SEI,EOS,MANA","CHZ,DASH,HBAR",720,24,0.7,explained_variance,,1440,2.0,0.5,10.0,8760.0,0.6,5,480,2161,0,1.0,,,0,0,OLS,,189.3312933028052,1.4272016883903444,0.3327543983728349,4.289054315643441,-0.1859783841941024,0.0037028465632955336,191,139.33684210526314,0.510085366774949
"{""entry_z"": 2.0, ""exit_z"": 0.5, ""fixed_n_components"": null, ""max_holding_period"": null, ""min_asset_coverage"": 0.6, ""min_train_observations"": 480, ""min_universe_assets"": 5, ""pca_component_selection_method"": ""explained_variance"", ""pca_explained_variance"": 0.8, ""rebalance_frequency"": 24, ""regression_type"": ""OLS"", ""ridge_alpha"": 1.0, ""stage"": ""core"", ""stop_loss_z"": null, ""target"": ""ETH"", ""train_window"": 720, ""transaction_cost_bps"": 10, ""universe_selection_method"": ""priority_with_coverage_fallback"", ""universe_size"": 30, ""zscore_lookback"": 1440}",core,crypto,ETH,priority_with_coverage_fallback,30,30,"BTC,SOL,XRP,BNB,TRX,ADA,AVAX,DOT,NEAR,ATOM,ALGO,DOGE,BCH,LTC,XLM,ETC,LINK,UNI,AAVE,INJ,FIL,VET,FET,GRT,THETA,XTZ,SAND,CHZ,DASH,HBAR","TON,SUI,ICP,MKR,RENDER,RNDR,ARB,OP,MATIC,POL,APT,SEI,EOS,MANA","CHZ,DASH,HBAR",720,24,0.8,explained_variance,,1440,2.0,0.5,10.0,8760.0,0.6,5,480,2161,0,1.0,,,0,0,OLS,,241.66102009021301,1.5288761830576507,0.3422950744076899,4.466544503169466,-0.1597122308945802,0.003818560518398519,197,109.12244897959184,0.513839536188517
"{""entry_z"": 2.0, ""exit_z"": 0.5, ""fixed_n_components"": null, ""max_holding_period"": null, ""min_asset_coverage"": 0.6, ""min_train_observations"": 480, ""min_universe_assets"": 5, ""pca_component_selection_method"": ""explained_variance"", ""pca_explained_variance"": 0.9, ""rebalance_frequency"": 24, ""regression_type"": ""OLS"", ""ridge_alpha"": 1.0, ""stage"": ""core"", ""stop_loss_z"": null, ""target"": ""ETH"", ""train_window"": 720, ""transaction_cost_bps"": 10, ""universe_selection_method"": ""priority_with_coverage_fallback"", ""universe_size"": 30, ""zscore_lookback"": 1440}",core,crypto,ETH,priority_with_coverage_fallback,30,30,"BTC,SOL,XRP,BNB,TRX,ADA,AVAX,DOT,NEAR,ATOM,ALGO,DOGE,BCH,LTC,XLM,ETC,LINK,UNI,AAVE,INJ,FIL,VET,FET,GRT,THETA,XTZ,SAND,CHZ,DASH,HBAR","TON,SUI,ICP,MKR,RENDER,RNDR,ARB,OP,MATIC,POL,APT,SEI,EOS,MANA","CHZ,DASH,HBAR",720,24,0.9,explained_variance,,1440,2.0,0.5,10.0,8760.0,0.6,5,480,2161,0,1.0,,,0,0,OLS,,234.53312984140325,1.5161706820961829,0.3432769954645579,4.416755862257371,-0.15299265984091315,0.00470570084085474,242,79.75,0.5089864158829676
"{""entry_z"": 2.0, ""exit_z"": 0.5, ""fixed_n_components"": null, ""max_holding_period"": null, ""min_asset_coverage"": 0.6, ""min_train_observations"": 480, ""min_universe_assets"": 5, ""pca_component_selection_method"": ""explained_variance"", ""pca_explained_variance"": 0.7, ""rebalance_frequency"": 24, ""regression_type"": ""OLS"", ""ridge_alpha"": 1.0, ""stage"": ""core"", ""stop_loss_z"": null, ""target"": ""ETH"", ""train_window"": 1440, ""transaction_cost_bps"": 10, ""universe_selection_method"": ""priority_with_coverage_fallback"", ""universe_size"": 30, ""zscore_lookback"": 336}",core,crypto,ETH,priority_with_coverage_fallback,30,30,"BTC,SOL,XRP,BNB,TRX,ADA,AVAX,DOT,NEAR,ATOM,ALGO,DOGE,BCH,LTC,XLM,ETC,LINK,UNI,AAVE,INJ,FIL,VET,FET,GRT,THETA,XTZ,SAND,CHZ,DASH,HBAR","TON,SUI,ICP,MKR,RENDER,RNDR,ARB,OP,MATIC,POL,APT,SEI,EOS,MANA","CHZ,DASH,HBAR",1440,24,0.7,explained_variance,,336,2.0,0.5,10.0,8760.0,0.6,5,480,2131,0,1.0,,,0,0,OLS,,0.395055732432275,0.05869682750853533,0.36319532385443265,0.16161228863194507,-0.5757665857128265,0.007392630837831495,378,122.37037037037037,0.5028969214804566
"{""entry_z"": 2.0, ""exit_z"": 0.5, ""fixed_n_components"": null, ""max_holding_period"": null, ""min_asset_coverage"": 0.6, ""min_train_observations"": 480, ""min_universe_assets"": 5, ""pca_component_selection_method"": ""explained_variance"", ""pca_explained_variance"": 0.8, ""rebalance_frequency"": 24, ""regression_type"": ""OLS"", ""ridge_alpha"": 1.0, ""stage"": ""core"", ""stop_loss_z"": null, ""target"": ""ETH"", ""train_window"": 1440, ""transaction_cost_bps"": 10, ""universe_selection_method"": ""priority_with_coverage_fallback"", ""universe_size"": 30, ""zscore_lookback"": 336}",core,crypto,ETH,priority_with_coverage_fallback,30,30,"BTC,SOL,XRP,BNB,TRX,ADA,AVAX,DOT,NEAR,ATOM,ALGO,DOGE,BCH,LTC,XLM,ETC,LINK,UNI,AAVE,INJ,FIL,VET,FET,GRT,THETA,XTZ,SAND,CHZ,DASH,HBAR","TON,SUI,ICP,MKR,RENDER,RNDR,ARB,OP,MATIC,POL,APT,SEI,EOS,MANA","CHZ,DASH,HBAR",1440,24,0.8,explained_variance,,336,2.0,0.5,10.0,8760.0,0.6,5,480,2131,0,1.0,,,0,0,OLS,,2.6291211383833053,0.24711328878250183,0.3862981727460558,0.639695722674176,-0.41684811773197317,0.007490416960025033,379,118.61702127659575,0.5041704035874439
"{""entry_z"": 2.0, ""exit_z"": 0.5, ""fixed_n_components"": null, ""max_holding_period"": null, ""min_asset_coverage"": 0.6, ""min_train_observations"": 480, ""min_universe_assets"": 5, ""pca_component_selection_method"": ""explained_variance"", ""pca_explained_variance"": 0.9, ""rebalance_frequency"": 24, ""regression_type"": ""OLS"", ""ridge_alpha"": 1.0, ""stage"": ""core"", ""stop_loss_z"": null, ""target"": ""ETH"", ""train_window"": 1440, ""transaction_cost_bps"": 10, ""universe_selection_method"": ""priority_with_coverage_fallback"", ""universe_size"": 30, ""zscore_lookback"": 336}",core,crypto,ETH,priority_with_coverage_fallback,30,30,"BTC,SOL,XRP,BNB,TRX,ADA,AVAX,DOT,NEAR,ATOM,ALGO,DOGE,BCH,LTC,XLM,ETC,LINK,UNI,AAVE,INJ,FIL,VET,FET,GRT,THETA,XTZ,SAND,CHZ,DASH,HBAR","TON,SUI,ICP,MKR,RENDER,RNDR,ARB,OP,MATIC,POL,APT,SEI,EOS,MANA","CHZ,DASH,HBAR",1440,24,0.9,explained_variance,,336,2.0,0.5,10.0,8760.0,0.6,5,480,2131,0,1.0,,,0,0,OLS,,25.98718915693827,0.7586838266668561,0.34914651163636307,2.1729669390396977,-0.35092882936117176,0.008311820386450754,424,86.90094339622641,0.5111002551158877
"{""entry_z"": 2.0, ""exit_z"": 0.5, ""fixed_n_components"": null, ""max_holding_period"": null, ""min_asset_coverage"": 0.6, ""min_train_observations"": 480, ""min_universe_assets"": 5, ""pca_component_selection_method"": ""explained_variance"", ""pca_explained_variance"": 0.7, ""rebalance_frequency"": 24, ""regression_type"": ""OLS"", ""ridge_alpha"": 1.0, ""stage"": ""core"", ""stop_loss_z"": null, ""target"": ""ETH"", ""train_window"": 1440, ""transaction_cost_bps"": 10, ""universe_selection_method"": ""priority_with_coverage_fallback"", ""universe_size"": 30, ""zscore_lookback"": 720}",core,crypto,ETH,priority_with_coverage_fallback,30,30,"BTC,SOL,XRP,BNB,TRX,ADA,AVAX,DOT,NEAR,ATOM,ALGO,DOGE,BCH,LTC,XLM,ETC,LINK,UNI,AAVE,INJ,FIL,VET,FET,GRT,THETA,XTZ,SAND,CHZ,DASH,HBAR","TON,SUI,ICP,MKR,RENDER,RNDR,ARB,OP,MATIC,POL,APT,SEI,EOS,MANA","CHZ,DASH,HBAR",1440,24,0.7,explained_variance,,720,2.0,0.5,10.0,8760.0,0.6,5,480,2131,0,1.0,,,0,0,OLS,,19.66708832109084,0.6801008071182995,0.3437712707528532,1.9783526576519626,-0.2625638476416904,0.004185246029883439,212,192.25714285714287,0.5081488086392233
"{""entry_z"": 2.0, ""exit_z"": 0.5, ""fixed_n_components"": null, ""max_holding_period"": null, ""min_asset_coverage"": 0.6, ""min_train_observations"": 480, ""min_universe_assets"": 5, ""pca_component_selection_method"": ""explained_variance"", ""pca_explained_variance"": 0.8, ""rebalance_frequency"": 24, ""regression_type"": ""OLS"", ""ridge_alpha"": 1.0, ""stage"": ""core"", ""stop_loss_z"": null, ""target"": ""ETH"", ""train_window"": 1440, ""transaction_cost_bps"": 10, ""universe_selection_method"": ""priority_with_coverage_fallback"", ""universe_size"": 30, ""zscore_lookback"": 720}",core,crypto,ETH,priority_with_coverage_fallback,30,30,"BTC,SOL,XRP,BNB,TRX,ADA,AVAX,DOT,NEAR,ATOM,ALGO,DOGE,BCH,LTC,XLM,ETC,LINK,UNI,AAVE,INJ,FIL,VET,FET,GRT,THETA,XTZ,SAND,CHZ,DASH,HBAR","TON,SUI,ICP,MKR,RENDER,RNDR,ARB,OP,MATIC,POL,APT,SEI,EOS,MANA","CHZ,DASH,HBAR",1440,24,0.8,explained_variance,,720,2.0,0.5,10.0,8760.0,0.6,5,480,2131,0,1.0,,,0,0,OLS,,31.05255270439276,0.8112830425971678,0.36959702608544753,2.195047539180162,-0.21913809883339308,0.00426347492763827,215,171.10377358490567,0.5054308871367922
"{""entry_z"": 2.0, ""exit_z"": 0.5, ""fixed_n_components"": null, ""max_holding_period"": null, ""min_asset_coverage"": 0.6, ""min_train_observations"": 480, ""min_universe_assets"": 5, ""pca_component_selection_method"": ""explained_variance"", ""pca_explained_variance"": 0.9, ""rebalance_frequency"": 24, ""regression_type"": ""OLS"", ""ridge_alpha"": 1.0, ""stage"": ""core"", ""stop_loss_z"": null, ""target"": ""ETH"", ""train_window"": 1440, ""transaction_cost_bps"": 10, ""universe_selection_method"": ""priority_with_coverage_fallback"", ""universe_size"": 30, ""zscore_lookback"": 720}",core,crypto,ETH,priority_with_coverage_fallback,30,30,"BTC,SOL,XRP,BNB,TRX,ADA,AVAX,DOT,NEAR,ATOM,ALGO,DOGE,BCH,LTC,XLM,ETC,LINK,UNI,AAVE,INJ,FIL,VET,FET,GRT,THETA,XTZ,SAND,CHZ,DASH,HBAR","TON,SUI,ICP,MKR,RENDER,RNDR,ARB,OP,MATIC,POL,APT,SEI,EOS,MANA","CHZ,DASH,HBAR",1440,24,0.9,explained_variance,,720,2.0,0.5,10.0,8760.0,0.6,5,480,2131,0,1.0,,,0,0,OLS,,72.10067006629768,1.0860725299369491,0.3274525321115515,3.3167327274383775,-0.19668244538407287,0.005202221700696237,265,115.95454545454545,0.5113027570887234
"{""entry_z"": 2.0, ""exit_z"": 0.5, ""fixed_n_components"": null, ""max_holding_period"": null, ""min_asset_coverage"": 0.6, ""min_train_observations"": 480, ""min_universe_assets"": 5, ""pca_component_selection_method"": ""explained_variance"", ""pca_explained_variance"": 0.7, ""rebalance_frequency"": 24, ""regression_type"": ""OLS"", ""ridge_alpha"": 1.0, ""stage"": ""core"", ""stop_loss_z"": null, ""target"": ""ETH"", ""train_window"": 1440, ""transaction_cost_bps"": 10, ""universe_selection_method"": ""priority_with_coverage_fallback"", ""universe_size"": 30, ""zscore_lookback"": 1440}",core,crypto,ETH,priority_with_coverage_fallback,30,30,"BTC,SOL,XRP,BNB,TRX,ADA,AVAX,DOT,NEAR,ATOM,ALGO,DOGE,BCH,LTC,XLM,ETC,LINK,UNI,AAVE,INJ,FIL,VET,FET,GRT,THETA,XTZ,SAND,CHZ,DASH,HBAR","TON,SUI,ICP,MKR,RENDER,RNDR,ARB,OP,MATIC,POL,APT,SEI,EOS,MANA","CHZ,DASH,HBAR",1440,24,0.7,explained_variance,,1440,2.0,0.5,10.0,8760.0,0.6,5,480,2131,0,1.0,,,0,0,OLS,,24.467632771228313,0.7413087068110846,0.3134725951816062,2.364827797407991,-0.25603951015951065,0.002620668074786826,134,232.40298507462686,0.5106929548519684
"{""entry_z"": 2.0, ""exit_z"": 0.5, ""fixed_n_components"": null, ""max_holding_period"": null, ""min_asset_coverage"": 0.6, ""min_train_observations"": 480, ""min_universe_assets"": 5, ""pca_component_selection_method"": ""explained_variance"", ""pca_explained_variance"": 0.8, ""rebalance_frequency"": 24, ""regression_type"": ""OLS"", ""ridge_alpha"": 1.0, ""stage"": ""core"", ""stop_loss_z"": null, ""target"": ""ETH"", ""train_window"": 1440, ""transaction_cost_bps"": 10, ""universe_selection_method"": ""priority_with_coverage_fallback"", ""universe_size"": 30, ""zscore_lookback"": 1440}",core,crypto,ETH,priority_with_coverage_fallback,30,30,"BTC,SOL,XRP,BNB,TRX,ADA,AVAX,DOT,NEAR,ATOM,ALGO,DOGE,BCH,LTC,XLM,ETC,LINK,UNI,AAVE,INJ,FIL,VET,FET,GRT,THETA,XTZ,SAND,CHZ,DASH,HBAR","TON,SUI,ICP,MKR,RENDER,RNDR,ARB,OP,MATIC,POL,APT,SEI,EOS,MANA","CHZ,DASH,HBAR",1440,24,0.8,explained_variance,,1440,2.0,0.5,10.0,8760.0,0.6,5,480,2131,0,1.0,,,0,0,OLS,,52.51356314851867,0.9775280526319632,0.35311373565859205,2.768309340356802,-0.23961726247622284,0.0028944692169287334,147,181.7945205479452,0.5093813578479391
"{""entry_z"": 2.0, ""exit_z"": 0.5, ""fixed_n_components"": null, ""max_holding_period"": null, ""min_asset_coverage"": 0.6, ""min_train_observations"": 480, ""min_universe_assets"": 5, ""pca_component_selection_method"": ""explained_variance"", ""pca_explained_variance"": 0.9, ""rebalance_frequency"": 24, ""regression_type"": ""OLS"", ""ridge_alpha"": 1.0, ""stage"": ""core"", ""stop_loss_z"": null, ""target"": ""ETH"", ""train_window"": 1440, ""transaction_cost_bps"": 10, ""universe_selection_method"": ""priority_with_coverage_fallback"", ""universe_size"": 30, ""zscore_lookback"": 1440}",core,crypto,ETH,priority_with_coverage_fallback,30,30,"BTC,SOL,XRP,BNB,TRX,ADA,AVAX,DOT,NEAR,ATOM,ALGO,DOGE,BCH,LTC,XLM,ETC,LINK,UNI,AAVE,INJ,FIL,VET,FET,GRT,THETA,XTZ,SAND,CHZ,DASH,HBAR","TON,SUI,ICP,MKR,RENDER,RNDR,ARB,OP,MATIC,POL,APT,SEI,EOS,MANA","CHZ,DASH,HBAR",1440,24,0.9,explained_variance,,1440,2.0,0.5,10.0,8760.0,0.6,5,480,2131,0,1.0,,,0,0,OLS,,80.16403579642078,1.1238049727185468,0.32334374100627195,3.47557360851079,-0.23961726247622184,0.0034420715012125477,175,133.45977011494253,0.5083110843165963
"{""entry_z"": 2.0, ""exit_z"": 0.5, ""fixed_n_components"": null, ""max_holding_period"": null, ""min_asset_coverage"": 0.6, ""min_train_observations"": 480, ""min_universe_assets"": 5, ""pca_component_selection_method"": ""explained_variance"", ""pca_explained_variance"": 0.7, ""rebalance_frequency"": 24, ""regression_type"": ""OLS"", ""ridge_alpha"": 1.0, ""stage"": ""core"", ""stop_loss_z"": null, ""target"": ""ETH"", ""train_window"": 2880, ""transaction_cost_bps"": 10, ""universe_selection_method"": ""priority_with_coverage_fallback"", ""universe_size"": 30, ""zscore_lookback"": 336}",core,crypto,ETH,priority_with_coverage_fallback,30,30,"BTC,SOL,XRP,BNB,TRX,ADA,AVAX,DOT,NEAR,ATOM,ALGO,DOGE,BCH,LTC,XLM,ETC,LINK,UNI,AAVE,INJ,FIL,VET,FET,GRT,THETA,XTZ,SAND,CHZ,DASH,HBAR","TON,SUI,ICP,MKR,RENDER,RNDR,ARB,OP,MATIC,POL,APT,SEI,EOS,MANA","CHZ,DASH,HBAR",2880,24,0.7,explained_variance,,336,2.0,0.5,10.0,8760.0,0.6,5,480,2071,0,1.0,,,0,0,OLS,,-0.40520052116867133,-0.08751715207384647,0.45946475549964083,-0.19047631189616868,-0.7556174151674516,0.007526362392336795,370,136.04918032786884,0.49873478732377396
"{""entry_z"": 2.0, ""exit_z"": 0.5, ""fixed_n_components"": null, ""max_holding_period"": null, ""min_asset_coverage"": 0.6, ""min_train_observations"": 480, ""min_universe_assets"": 5, ""pca_component_selection_method"": ""explained_variance"", ""pca_explained_variance"": 0.8, ""rebalance_frequency"": 24, ""regression_type"": ""OLS"", ""ridge_alpha"": 1.0, ""stage"": ""core"", ""stop_loss_z"": null, ""target"": ""ETH"", ""train_window"": 2880, ""transaction_cost_bps"": 10, ""universe_selection_method"": ""priority_with_coverage_fallback"", ""universe_size"": 30, ""zscore_lookback"": 336}",core,crypto,ETH,priority_with_coverage_fallback,30,30,"BTC,SOL,XRP,BNB,TRX,ADA,AVAX,DOT,NEAR,ATOM,ALGO,DOGE,BCH,LTC,XLM,ETC,LINK,UNI,AAVE,INJ,FIL,VET,FET,GRT,THETA,XTZ,SAND,CHZ,DASH,HBAR","TON,SUI,ICP,MKR,RENDER,RNDR,ARB,OP,MATIC,POL,APT,SEI,EOS,MANA","CHZ,DASH,HBAR",2880,24,0.8,explained_variance,,336,2.0,0.5,10.0,8760.0,0.6,5,480,2071,0,1.0,,,0,0,OLS,,-0.40030667456118674,-0.08619812021198414,0.3805685079992511,-0.22649830030642934,-0.7356961576867735,0.00776784995572728,384,128.01570680628274,0.4976892560631467
"{""entry_z"": 2.0, ""exit_z"": 0.5, ""fixed_n_components"": null, ""max_holding_period"": null, ""min_asset_coverage"": 0.6, ""min_train_observations"": 480, ""min_universe_assets"": 5, ""pca_component_selection_method"": ""explained_variance"", ""pca_explained_variance"": 0.9, ""rebalance_frequency"": 24, ""regression_type"": ""OLS"", ""ridge_alpha"": 1.0, ""stage"": ""core"", ""stop_loss_z"": null, ""target"": ""ETH"", ""train_window"": 2880, ""transaction_cost_bps"": 10, ""universe_selection_method"": ""priority_with_coverage_fallback"", ""universe_size"": 30, ""zscore_lookback"": 336}",core,crypto,ETH,priority_with_coverage_fallback,30,30,"BTC,SOL,XRP,BNB,TRX,ADA,AVAX,DOT,NEAR,ATOM,ALGO,DOGE,BCH,LTC,XLM,ETC,LINK,UNI,AAVE,INJ,FIL,VET,FET,GRT,THETA,XTZ,SAND,CHZ,DASH,HBAR","TON,SUI,ICP,MKR,RENDER,RNDR,ARB,OP,MATIC,POL,APT,SEI,EOS,MANA","CHZ,DASH,HBAR",2880,24,0.9,explained_variance,,336,2.0,0.5,10.0,8760.0,0.6,5,480,2071,0,1.0,,,0,0,OLS,,0.9056328609224065,0.12038419633690167,0.3561064019705907,0.338056815802047,-0.4083869395668709,0.008130081300813009,402,116.645,0.5055938960092589
"{""entry_z"": 2.0, ""exit_z"": 0.5, ""fixed_n_components"": null, ""max_holding_period"": null, ""min_asset_coverage"": 0.6, ""min_train_observations"": 480, ""min_universe_assets"": 5, ""pca_component_selection_method"": ""explained_variance"", ""pca_explained_variance"": 0.7, ""rebalance_frequency"": 24, ""regression_type"": ""OLS"", ""ridge_alpha"": 1.0, ""stage"": ""core"", ""stop_loss_z"": null, ""target"": ""ETH"", ""train_window"": 2880, ""transaction_cost_bps"": 10, ""universe_selection_method"": ""priority_with_coverage_fallback"", ""universe_size"": 30, ""zscore_lookback"": 720}",core,crypto,ETH,priority_with_coverage_fallback,30,30,"BTC,SOL,XRP,BNB,TRX,ADA,AVAX,DOT,NEAR,ATOM,ALGO,DOGE,BCH,LTC,XLM,ETC,LINK,UNI,AAVE,INJ,FIL,VET,FET,GRT,THETA,XTZ,SAND,CHZ,DASH,HBAR","TON,SUI,ICP,MKR,RENDER,RNDR,ARB,OP,MATIC,POL,APT,SEI,EOS,MANA","CHZ,DASH,HBAR",2880,24,0.7,explained_variance,,720,2.0,0.5,10.0,8760.0,0.6,5,480,2071,0,1.0,,,0,0,OLS,,4.200944912002569,0.3373196309937887,0.4551791132291916,0.7410701000771572,-0.3744780781650183,0.003904048941479514,191,241.24468085106383,0.5021828284164572
"{""entry_z"": 2.0, ""exit_z"": 0.5, ""fixed_n_components"": null, ""max_holding_period"": null, ""min_asset_coverage"": 0.6, ""min_train_observations"": 480, ""min_universe_assets"": 5, ""pca_component_selection_method"": ""explained_variance"", ""pca_explained_variance"": 0.8, ""rebalance_frequency"": 24, ""regression_type"": ""OLS"", ""ridge_alpha"": 1.0, ""stage"": ""core"", ""stop_loss_z"": null, ""target"": ""ETH"", ""train_window"": 2880, ""transaction_cost_bps"": 10, ""universe_selection_method"": ""priority_with_coverage_fallback"", ""universe_size"": 30, ""zscore_lookback"": 720}",core,crypto,ETH,priority_with_coverage_fallback,30,30,"BTC,SOL,XRP,BNB,TRX,ADA,AVAX,DOT,NEAR,ATOM,ALGO,DOGE,BCH,LTC,XLM,ETC,LINK,UNI,AAVE,INJ,FIL,VET,FET,GRT,THETA,XTZ,SAND,CHZ,DASH,HBAR","TON,SUI,ICP,MKR,RENDER,RNDR,ARB,OP,MATIC,POL,APT,SEI,EOS,MANA","CHZ,DASH,HBAR",2880,24,0.8,explained_variance,,720,2.0,0.5,10.0,8760.0,0.6,5,480,2071,0,1.0,,,0,0,OLS,,1.4679981916893405,0.17264045017718987,0.38169487589256934,0.45229962747988456,-0.41575074279610935,0.003944296868711262,195,233.61855670103094,0.5013459247164732
"{""entry_z"": 2.0, ""exit_z"": 0.5, ""fixed_n_components"": null, ""max_holding_period"": null, ""min_asset_coverage"": 0.6, ""min_train_observations"": 480, ""min_universe_assets"": 5, ""pca_component_selection_method"": ""explained_variance"", ""pca_explained_variance"": 0.9, ""rebalance_frequency"": 24, ""regression_type"": ""OLS"", ""ridge_alpha"": 1.0, ""stage"": ""core"", ""stop_loss_z"": null, ""target"": ""ETH"", ""train_window"": 2880, ""transaction_cost_bps"": 10, ""universe_selection_method"": ""priority_with_coverage_fallback"", ""universe_size"": 30, ""zscore_lookback"": 720}",core,crypto,ETH,priority_with_coverage_fallback,30,30,"BTC,SOL,XRP,BNB,TRX,ADA,AVAX,DOT,NEAR,ATOM,ALGO,DOGE,BCH,LTC,XLM,ETC,LINK,UNI,AAVE,INJ,FIL,VET,FET,GRT,THETA,XTZ,SAND,CHZ,DASH,HBAR","TON,SUI,ICP,MKR,RENDER,RNDR,ARB,OP,MATIC,POL,APT,SEI,EOS,MANA","CHZ,DASH,HBAR",2880,24,0.9,explained_variance,,720,2.0,0.5,10.0,8760.0,0.6,5,480,2071,0,1.0,,,0,0,OLS,,9.304823589965716,0.5086371176936526,0.3452973025924543,1.4730410978448454,-0.2692038321960374,0.004306528213796989,212,180.3047619047619,0.5079759137967462
"{""entry_z"": 2.0, ""exit_z"": 0.5, ""fixed_n_components"": null, ""max_holding_period"": null, ""min_asset_coverage"": 0.6, ""min_train_observations"": 480, ""min_universe_assets"": 5, ""pca_component_selection_method"": ""explained_variance"", ""pca_explained_variance"": 0.7, ""rebalance_frequency"": 24, ""regression_type"": ""OLS"", ""ridge_alpha"": 1.0, ""stage"": ""core"", ""stop_loss_z"": null, ""target"": ""ETH"", ""train_window"": 2880, ""transaction_cost_bps"": 10, ""universe_selection_method"": ""priority_with_coverage_fallback"", ""universe_size"": 30, ""zscore_lookback"": 1440}",core,crypto,ETH,priority_with_coverage_fallback,30,30,"BTC,SOL,XRP,BNB,TRX,ADA,AVAX,DOT,NEAR,ATOM,ALGO,DOGE,BCH,LTC,XLM,ETC,LINK,UNI,AAVE,INJ,FIL,VET,FET,GRT,THETA,XTZ,SAND,CHZ,DASH,HBAR","TON,SUI,ICP,MKR,RENDER,RNDR,ARB,OP,MATIC,POL,APT,SEI,EOS,MANA","CHZ,DASH,HBAR",2880,24,0.7,explained_variance,,1440,2.0,0.5,10.0,8760.0,0.6,5,480,2071,0,1.0,,,0,0,OLS,,4.606895626209862,0.35515580781812806,0.47834574376435707,0.7424667459633237,-0.4408683057949214,0.002133140143282621,105,353.4230769230769,0.5095766677549244
"{""entry_z"": 2.0, ""exit_z"": 0.5, ""fixed_n_components"": null, ""max_holding_period"": null, ""min_asset_coverage"": 0.6, ""min_train_observations"": 480, ""min_universe_assets"": 5, ""pca_component_selection_method"": ""explained_variance"", ""pca_explained_variance"": 0.8, ""rebalance_frequency"": 24, ""regression_type"": ""OLS"", ""ridge_alpha"": 1.0, ""stage"": ""core"", ""stop_loss_z"": null, ""target"": ""ETH"", ""train_window"": 2880, ""transaction_cost_bps"": 10, ""universe_selection_method"": ""priority_with_coverage_fallback"", ""universe_size"": 30, ""zscore_lookback"": 1440}",core,crypto,ETH,priority_with_coverage_fallback,30,30,"BTC,SOL,XRP,BNB,TRX,ADA,AVAX,DOT,NEAR,ATOM,ALGO,DOGE,BCH,LTC,XLM,ETC,LINK,UNI,AAVE,INJ,FIL,VET,FET,GRT,THETA,XTZ,SAND,CHZ,DASH,HBAR","TON,SUI,ICP,MKR,RENDER,RNDR,ARB,OP,MATIC,POL,APT,SEI,EOS,MANA","CHZ,DASH,HBAR",2880,24,0.8,explained_variance,,1440,2.0,0.5,10.0,8760.0,0.6,5,480,2071,0,1.0,,,0,0,OLS,,2.780054511647517,0.26416795702805995,0.35806379282754275,0.7377678567888415,-0.46211073638689304,0.0021733880705143687,108,338.05555555555554,0.5064365927143248
"{""entry_z"": 2.0, ""exit_z"": 0.5, ""fixed_n_components"": null, ""max_holding_period"": null, ""min_asset_coverage"": 0.6, ""min_train_observations"": 480, ""min_universe_assets"": 5, ""pca_component_selection_method"": ""explained_variance"", ""pca_explained_variance"": 0.9, ""rebalance_frequency"": 24, ""regression_type"": ""OLS"", ""ridge_alpha"": 1.0, ""stage"": ""core"", ""stop_loss_z"": null, ""target"": ""ETH"", ""train_window"": 2880, ""transaction_cost_bps"": 10, ""universe_selection_method"": ""priority_with_coverage_fallback"", ""universe_size"": 30, ""zscore_lookback"": 1440}",core,crypto,ETH,priority_with_coverage_fallback,30,30,"BTC,SOL,XRP,BNB,TRX,ADA,AVAX,DOT,NEAR,ATOM,ALGO,DOGE,BCH,LTC,XLM,ETC,LINK,UNI,AAVE,INJ,FIL,VET,FET,GRT,THETA,XTZ,SAND,CHZ,DASH,HBAR","TON,SUI,ICP,MKR,RENDER,RNDR,ARB,OP,MATIC,POL,APT,SEI,EOS,MANA","CHZ,DASH,HBAR",2880,24,0.9,explained_variance,,1440,2.0,0.5,10.0,8760.0,0.6,5,480,2071,0,1.0,,,0,0,OLS,,17.44638361289996,0.6717153432434333,0.33425452963545976,2.0095923426258744,-0.2859335278582885,0.002575867342831844,126,247.33870967741936,0.5051842191066188
"{""entry_z"": 2.5, ""exit_z"": 0.25, ""fixed_n_components"": null, ""max_holding_period"": null, ""min_asset_coverage"": 0.6, ""min_train_observations"": 480, ""min_universe_assets"": 5, ""pca_component_selection_method"": ""explained_variance"", ""pca_explained_variance"": 0.7, ""rebalance_frequency"": 24, ""regression_type"": ""OLS"", ""ridge_alpha"": 1.0, ""stage"": ""core"", ""stop_loss_z"": null, ""target"": ""ETH"", ""train_window"": 720, ""transaction_cost_bps"": 10, ""universe_selection_method"": ""priority_with_coverage_fallback"", ""universe_size"": 30, ""zscore_lookback"": 336}",core,crypto,ETH,priority_with_coverage_fallback,30,30,"BTC,SOL,XRP,BNB,TRX,ADA,AVAX,DOT,NEAR,ATOM,ALGO,DOGE,BCH,LTC,XLM,ETC,LINK,UNI,AAVE,INJ,FIL,VET,FET,GRT,THETA,XTZ,SAND,CHZ,DASH,HBAR","TON,SUI,ICP,MKR,RENDER,RNDR,ARB,OP,MATIC,POL,APT,SEI,EOS,MANA","CHZ,DASH,HBAR",720,24,0.7,explained_variance,,336,2.5,0.25,10.0,8760.0,0.6,5,480,2161,0,1.0,,,0,0,OLS,,85.3985939501319,1.12401723181081,0.3724792691895289,3.0176638669221494,-0.2419776181113401,0.005592841163310962,289,116.625,0.5090508514945814
"{""entry_z"": 2.5, ""exit_z"": 0.25, ""fixed_n_components"": null, ""max_holding_period"": null, ""min_asset_coverage"": 0.6, ""min_train_observations"": 480, ""min_universe_assets"": 5, ""pca_component_selection_method"": ""explained_variance"", ""pca_explained_variance"": 0.8, ""rebalance_frequency"": 24, ""regression_type"": ""OLS"", ""ridge_alpha"": 1.0, ""stage"": ""core"", ""stop_loss_z"": null, ""target"": ""ETH"", ""train_window"": 720, ""transaction_cost_bps"": 10, ""universe_selection_method"": ""priority_with_coverage_fallback"", ""universe_size"": 30, ""zscore_lookback"": 336}",core,crypto,ETH,priority_with_coverage_fallback,30,30,"BTC,SOL,XRP,BNB,TRX,ADA,AVAX,DOT,NEAR,ATOM,ALGO,DOGE,BCH,LTC,XLM,ETC,LINK,UNI,AAVE,INJ,FIL,VET,FET,GRT,THETA,XTZ,SAND,CHZ,DASH,HBAR","TON,SUI,ICP,MKR,RENDER,RNDR,ARB,OP,MATIC,POL,APT,SEI,EOS,MANA","CHZ,DASH,HBAR",720,24,0.8,explained_variance,,336,2.5,0.25,10.0,8760.0,0.6,5,480,2161,0,1.0,,,0,0,OLS,,110.63067450682688,1.2179789244743997,0.35513570859581317,3.429615482177843,-0.20113946796548576,0.005669983800046285,291,109.39583333333333,0.511648574874627
"{""entry_z"": 2.5, ""exit_z"": 0.25, ""fixed_n_components"": null, ""max_holding_period"": null, ""min_asset_coverage"": 0.6, ""min_train_observations"": 480, ""min_universe_assets"": 5, ""pca_component_selection_method"": ""explained_variance"", ""pca_explained_variance"": 0.9, ""rebalance_frequency"": 24, ""regression_type"": ""OLS"", ""ridge_alpha"": 1.0, ""stage"": ""core"", ""stop_loss_z"": null, ""target"": ""ETH"", ""train_window"": 720, ""transaction_cost_bps"": 10, ""universe_selection_method"": ""priority_with_coverage_fallback"", ""universe_size"": 30, ""zscore_lookback"": 336}",core,crypto,ETH,priority_with_coverage_fallback,30,30,"BTC,SOL,XRP,BNB,TRX,ADA,AVAX,DOT,NEAR,ATOM,ALGO,DOGE,BCH,LTC,XLM,ETC,LINK,UNI,AAVE,INJ,FIL,VET,FET,GRT,THETA,XTZ,SAND,CHZ,DASH,HBAR","TON,SUI,ICP,MKR,RENDER,RNDR,ARB,OP,MATIC,POL,APT,SEI,EOS,MANA","CHZ,DASH,HBAR",720,24,0.9,explained_variance,,336,2.5,0.25,10.0,8760.0,0.6,5,480,2161,0,1.0,,,0,0,OLS,,126.88747172761343,1.2695122181804384,0.3349411739878465,3.790254279775419,-0.16647754916498103,0.005631412481678624,288,90.56338028169014,0.5108087091757387
"{""entry_z"": 2.5, ""exit_z"": 0.25, ""fixed_n_components"": null, ""max_holding_period"": null, ""min_asset_coverage"": 0.6, ""min_train_observations"": 480, ""min_universe_assets"": 5, ""pca_component_selection_method"": ""explained_variance"", ""pca_explained_variance"": 0.7, ""rebalance_frequency"": 24, ""regression_type"": ""OLS"", ""ridge_alpha"": 1.0, ""stage"": ""core"", ""stop_loss_z"": null, ""target"": ""ETH"", ""train_window"": 720, ""transaction_cost_bps"": 10, ""universe_selection_method"": ""priority_with_coverage_fallback"", ""universe_size"": 30, ""zscore_lookback"": 720}",core,crypto,ETH,priority_with_coverage_fallback,30,30,"BTC,SOL,XRP,BNB,TRX,ADA,AVAX,DOT,NEAR,ATOM,ALGO,DOGE,BCH,LTC,XLM,ETC,LINK,UNI,AAVE,INJ,FIL,VET,FET,GRT,THETA,XTZ,SAND,CHZ,DASH,HBAR","TON,SUI,ICP,MKR,RENDER,RNDR,ARB,OP,MATIC,POL,APT,SEI,EOS,MANA","CHZ,DASH,HBAR",720,24,0.7,explained_variance,,720,2.5,0.25,10.0,8760.0,0.6,5,480,2161,0,1.0,,,0,0,OLS,,75.83073946687868,1.0823166045231574,0.3251594859272264,3.3285715206395348,-0.1643891281853146,0.0032399907428835918,166,158.76829268292684,0.508026730163607
"{""entry_z"": 2.5, ""exit_z"": 0.25, ""fixed_n_components"": null, ""max_holding_period"": null, ""min_asset_coverage"": 0.6, ""min_train_observations"": 480, ""min_universe_assets"": 5, ""pca_component_selection_method"": ""explained_variance"", ""pca_explained_variance"": 0.8, ""rebalance_frequency"": 24, ""regression_type"": ""OLS"", ""ridge_alpha"": 1.0, ""stage"": ""core"", ""stop_loss_z"": null, ""target"": ""ETH"", ""train_window"": 720, ""transaction_cost_bps"": 10, ""universe_selection_method"": ""priority_with_coverage_fallback"", ""universe_size"": 30, ""zscore_lookback"": 720}",core,crypto,ETH,priority_with_coverage_fallback,30,30,"BTC,SOL,XRP,BNB,TRX,ADA,AVAX,DOT,NEAR,ATOM,ALGO,DOGE,BCH,LTC,XLM,ETC,LINK,UNI,AAVE,INJ,FIL,VET,FET,GRT,THETA,XTZ,SAND,CHZ,DASH,HBAR","TON,SUI,ICP,MKR,RENDER,RNDR,ARB,OP,MATIC,POL,APT,SEI,EOS,MANA","CHZ,DASH,HBAR",720,24,0.8,explained_variance,,720,2.5,0.25,10.0,8760.0,0.6,5,480,2161,0,1.0,,,0,0,OLS,,75.32191347922544,1.0799803617621997,0.3212059646293302,3.362267456672203,-0.1825010587738055,0.002969991514309959,152,142.17333333333335,0.5120510175372784
"{""entry_z"": 2.5, ""exit_z"": 0.25, ""fixed_n_components"": null, ""max_holding_period"": null, ""min_asset_coverage"": 0.6, ""min_train_observations"": 480, ""min_universe_assets"": 5, ""pca_component_selection_method"": ""explained_variance"", ""pca_explained_variance"": 0.9, ""rebalance_frequency"": 24, ""regression_type"": ""OLS"", ""ridge_alpha"": 1.0, ""stage"": ""core"", ""stop_loss_z"": null, ""target"": ""ETH"", ""train_window"": 720, ""transaction_cost_bps"": 10, ""universe_selection_method"": ""priority_with_coverage_fallback"", ""universe_size"": 30, ""zscore_lookback"": 720}",core,crypto,ETH,priority_with_coverage_fallback,30,30,"BTC,SOL,XRP,BNB,TRX,ADA,AVAX,DOT,NEAR,ATOM,ALGO,DOGE,BCH,LTC,XLM,ETC,LINK,UNI,AAVE,INJ,FIL,VET,FET,GRT,THETA,XTZ,SAND,CHZ,DASH,HBAR","TON,SUI,ICP,MKR,RENDER,RNDR,ARB,OP,MATIC,POL,APT,SEI,EOS,MANA","CHZ,DASH,HBAR",720,24,0.9,explained_variance,,720,2.5,0.25,10.0,8760.0,0.6,5,480,2161,0,1.0,,,0,0,OLS,,99.61209830269422,1.1793775911674746,0.30733755513966643,3.8374014872068547,-0.15299265984091281,0.003741417881663195,192,82.61052631578947,0.513506625891947
"{""entry_z"": 2.5, ""exit_z"": 0.25, ""fixed_n_components"": null, ""max_holding_period"": null, ""min_asset_coverage"": 0.6, ""min_train_observations"": 480, ""min_universe_assets"": 5, ""pca_component_selection_method"": ""explained_variance"", ""pca_explained_variance"": 0.7, ""rebalance_frequency"": 24, ""regression_type"": ""OLS"", ""ridge_alpha"": 1.0, ""stage"": ""core"", ""stop_loss_z"": null, ""target"": ""ETH"", ""train_window"": 720, ""transaction_cost_bps"": 10, ""universe_selection_method"": ""priority_with_coverage_fallback"", ""universe_size"": 30, ""zscore_lookback"": 1440}",core,crypto,ETH,priority_with_coverage_fallback,30,30,"BTC,SOL,XRP,BNB,TRX,ADA,AVAX,DOT,NEAR,ATOM,ALGO,DOGE,BCH,LTC,XLM,ETC,LINK,UNI,AAVE,INJ,FIL,VET,FET,GRT,THETA,XTZ,SAND,CHZ,DASH,HBAR","TON,SUI,ICP,MKR,RENDER,RNDR,ARB,OP,MATIC,POL,APT,SEI,EOS,MANA","CHZ,DASH,HBAR",720,24,0.7,explained_variance,,1440,2.5,0.25,10.0,8760.0,0.6,5,480,2161,0,1.0,,,0,0,OLS,,44.78719228295821,0.9079633886771923,0.29536562158803603,3.0740320549003592,-0.18597838419410218,0.002005708555118414,103,159.76470588235293,0.511168384879725
"{""entry_z"": 2.5, ""exit_z"": 0.25, ""fixed_n_components"": null, ""max_holding_period"": null, ""min_asset_coverage"": 0.6, ""min_train_observations"": 480, ""min_universe_assets"": 5, ""pca_component_selection_method"": ""explained_variance"", ""pca_explained_variance"": 0.8, ""rebalance_frequency"": 24, ""regression_type"": ""OLS"", ""ridge_alpha"": 1.0, ""stage"": ""core"", ""stop_loss_z"": null, ""target"": ""ETH"", ""train_window"": 720, ""transaction_cost_bps"": 10, ""universe_selection_method"": ""priority_with_coverage_fallback"", ""universe_size"": 30, ""zscore_lookback"": 1440}",core,crypto,ETH,priority_with_coverage_fallback,30,30,"BTC,SOL,XRP,BNB,TRX,ADA,AVAX,DOT,NEAR,ATOM,ALGO,DOGE,BCH,LTC,XLM,ETC,LINK,UNI,AAVE,INJ,FIL,VET,FET,GRT,THETA,XTZ,SAND,CHZ,DASH,HBAR","TON,SUI,ICP,MKR,RENDER,RNDR,ARB,OP,MATIC,POL,APT,SEI,EOS,MANA","CHZ,DASH,HBAR",720,24,0.8,explained_variance,,1440,2.5,0.25,10.0,8760.0,0.6,5,480,2161,0,1.0,,,0,0,OLS,,60.75594315412364,1.006880538156795,0.2973101942596225,3.3866330774973314,-0.15899353545859152,0.0022757077836920467,117,143.01724137931035,0.5130801687763713
"{""entry_z"": 2.5, ""exit_z"": 0.25, ""fixed_n_components"": null, ""max_holding_period"": null, ""min_asset_coverage"": 0.6, ""min_train_observations"": 480, ""min_universe_assets"": 5, ""pca_component_selection_method"": ""explained_variance"", ""pca_explained_variance"": 0.9, ""rebalance_frequency"": 24, ""regression_type"": ""OLS"", ""ridge_alpha"": 1.0, ""stage"": ""core"", ""stop_loss_z"": null, ""target"": ""ETH"", ""train_window"": 720, ""transaction_cost_bps"": 10, ""universe_selection_method"": ""priority_with_coverage_fallback"", ""universe_size"": 30, ""zscore_lookback"": 1440}",core,crypto,ETH,priority_with_coverage_fallback,30,30,"BTC,SOL,XRP,BNB,TRX,ADA,AVAX,DOT,NEAR,ATOM,ALGO,DOGE,BCH,LTC,XLM,ETC,LINK,UNI,AAVE,INJ,FIL,VET,FET,GRT,THETA,XTZ,SAND,CHZ,DASH,HBAR","TON,SUI,ICP,MKR,RENDER,RNDR,ARB,OP,MATIC,POL,APT,SEI,EOS,MANA","CHZ,DASH,HBAR",720,24,0.9,explained_variance,,1440,2.5,0.25,10.0,8760.0,0.6,5,480,2161,0,1.0,,,0,0,OLS,,122.25411412207332,1.2554071722879963,0.3170053917404106,3.9602076336796954,-0.1529926598409126,0.0029314201959422972,149,99.72602739726027,0.5119505494505494
"{""entry_z"": 2.5, ""exit_z"": 0.25, ""fixed_n_components"": null, ""max_holding_period"": null, ""min_asset_coverage"": 0.6, ""min_train_observations"": 480, ""min_universe_assets"": 5, ""pca_component_selection_method"": ""explained_variance"", ""pca_explained_variance"": 0.7, ""rebalance_frequency"": 24, ""regression_type"": ""OLS"", ""ridge_alpha"": 1.0, ""stage"": ""core"", ""stop_loss_z"": null, ""target"": ""ETH"", ""train_window"": 1440, ""transaction_cost_bps"": 10, ""universe_selection_method"": ""priority_with_coverage_fallback"", ""universe_size"": 30, ""zscore_lookback"": 336}",core,crypto,ETH,priority_with_coverage_fallback,30,30,"BTC,SOL,XRP,BNB,TRX,ADA,AVAX,DOT,NEAR,ATOM,ALGO,DOGE,BCH,LTC,XLM,ETC,LINK,UNI,AAVE,INJ,FIL,VET,FET,GRT,THETA,XTZ,SAND,CHZ,DASH,HBAR","TON,SUI,ICP,MKR,RENDER,RNDR,ARB,OP,MATIC,POL,APT,SEI,EOS,MANA","CHZ,DASH,HBAR",1440,24,0.7,explained_variance,,336,2.5,0.25,10.0,8760.0,0.6,5,480,2131,0,1.0,,,0,0,OLS,,1.1061076755277925,0.13610666441993158,0.35225732511021896,0.3863841990435393,-0.4425087994393667,0.004967535007431746,251,171.8709677419355,0.5052552552552553
"{""entry_z"": 2.5, ""exit_z"": 0.25, ""fixed_n_components"": null, ""max_holding_period"": null, ""min_asset_coverage"": 0.6, ""min_train_observations"": 480, ""min_universe_assets"": 5, ""pca_component_selection_method"": ""explained_variance"", ""pca_explained_variance"": 0.8, ""rebalance_frequency"": 24, ""regression_type"": ""OLS"", ""ridge_alpha"": 1.0, ""stage"": ""core"", ""stop_loss_z"": null, ""target"": ""ETH"", ""train_window"": 1440, ""transaction_cost_bps"": 10, ""universe_selection_method"": ""priority_with_coverage_fallback"", ""universe_size"": 30, ""zscore_lookback"": 336}",core,crypto,ETH,priority_with_coverage_fallback,30,30,"BTC,SOL,XRP,BNB,TRX,ADA,AVAX,DOT,NEAR,ATOM,ALGO,DOGE,BCH,LTC,XLM,ETC,LINK,UNI,AAVE,INJ,FIL,VET,FET,GRT,THETA,XTZ,SAND,CHZ,DASH,HBAR","TON,SUI,ICP,MKR,RENDER,RNDR,ARB,OP,MATIC,POL,APT,SEI,EOS,MANA","CHZ,DASH,HBAR",1440,24,0.8,explained_variance,,336,2.5,0.25,10.0,8760.0,0.6,5,480,2131,0,1.0,,,0,0,OLS,,9.586361849840218,0.49816942089797833,0.38258862805802424,1.30210200817162,-0.2792051594078109,0.005123992802941407,255,163.4516129032258,0.5046378527728439
"{""entry_z"": 2.5, ""exit_z"": 0.25, ""fixed_n_components"": null, ""max_holding_period"": null, ""min_asset_coverage"": 0.6, ""min_train_observations"": 480, ""min_universe_assets"": 5, ""pca_component_selection_method"": ""explained_variance"", ""pca_explained_variance"": 0.9, ""rebalance_frequency"": 24, ""regression_type"": ""OLS"", ""ridge_alpha"": 1.0, ""stage"": ""core"", ""stop_loss_z"": null, ""target"": ""ETH"", ""train_window"": 1440, ""transaction_cost_bps"": 10, ""universe_selection_method"": ""priority_with_coverage_fallback"", ""universe_size"": 30, ""zscore_lookback"": 336}",core,crypto,ETH,priority_with_coverage_fallback,30,30,"BTC,SOL,XRP,BNB,TRX,ADA,AVAX,DOT,NEAR,ATOM,ALGO,DOGE,BCH,LTC,XLM,ETC,LINK,UNI,AAVE,INJ,FIL,VET,FET,GRT,THETA,XTZ,SAND,CHZ,DASH,HBAR","TON,SUI,ICP,MKR,RENDER,RNDR,ARB,OP,MATIC,POL,APT,SEI,EOS,MANA","CHZ,DASH,HBAR",1440,24,0.9,explained_variance,,336,2.5,0.25,10.0,8760.0,0.6,5,480,2131,0,1.0,,,0,0,OLS,,42.7868835790791,0.9107205355742325,0.33749575702115275,2.6984651410510994,-0.34304531856850806,0.005358679496205898,272,119.42962962962963,0.511753395770018
"{""entry_z"": 2.5, ""exit_z"": 0.25, ""fixed_n_components"": null, ""max_holding_period"": null, ""min_asset_coverage"": 0.6, ""min_train_observations"": 480, ""min_universe_assets"": 5, ""pca_component_selection_method"": ""explained_variance"", ""pca_explained_variance"": 0.7, ""rebalance_frequency"": 24, ""regression_type"": ""OLS"", ""ridge_alpha"": 1.0, ""stage"": ""core"", ""stop_loss_z"": null, ""target"": ""ETH"", ""train_window"": 1440, ""transaction_cost_bps"": 10, ""universe_selection_method"": ""priority_with_coverage_fallback"", ""universe_size"": 30, ""zscore_lookback"": 720}",core,crypto,ETH,priority_with_coverage_fallback,30,30,"BTC,SOL,XRP,BNB,TRX,ADA,AVAX,DOT,NEAR,ATOM,ALGO,DOGE,BCH,LTC,XLM,ETC,LINK,UNI,AAVE,INJ,FIL,VET,FET,GRT,THETA,XTZ,SAND,CHZ,DASH,HBAR","TON,SUI,ICP,MKR,RENDER,RNDR,ARB,OP,MATIC,POL,APT,SEI,EOS,MANA","CHZ,DASH,HBAR",1440,24,0.7,explained_variance,,720,2.5,0.25,10.0,8760.0,0.6,5,480,2131,0,1.0,,,0,0,OLS,,24.342507065933184,0.7398400142203978,0.31450747256260675,2.35237658486198,-0.1867243605060942,0.0026597825236642416,133,242.52307692307693,0.5079928952042628
"{""entry_z"": 2.5, ""exit_z"": 0.25, ""fixed_n_components"": null, ""max_holding_period"": null, ""min_asset_coverage"": 0.6, ""min_train_observations"": 480, ""min_universe_assets"": 5, ""pca_component_selection_method"": ""explained_variance"", ""pca_explained_variance"": 0.8, ""rebalance_frequency"": 24, ""regression_type"": ""OLS"", ""ridge_alpha"": 1.0, ""stage"": ""core"", ""stop_loss_z"": null, ""target"": ""ETH"", ""train_window"": 1440, ""transaction_cost_bps"": 10, ""universe_selection_method"": ""priority_with_coverage_fallback"", ""universe_size"": 30, ""zscore_lookback"": 720}",core,crypto,ETH,priority_with_coverage_fallback,30,30,"BTC,SOL,XRP,BNB,TRX,ADA,AVAX,DOT,NEAR,ATOM,ALGO,DOGE,BCH,LTC,XLM,ETC,LINK,UNI,AAVE,INJ,FIL,VET,FET,GRT,THETA,XTZ,SAND,CHZ,DASH,HBAR","TON,SUI,ICP,MKR,RENDER,RNDR,ARB,OP,MATIC,POL,APT,SEI,EOS,MANA","CHZ,DASH,HBAR",1440,24,0.8,explained_variance,,720,2.5,0.25,10.0,8760.0,0.6,5,480,2131,0,1.0,,,0,0,OLS,,18.07760220008692,0.6572231155041524,0.32852725816615397,2.000513196904225,-0.20157984816268637,0.002620668074786826,133,220.6969696969697,0.5080324042290265
"{""entry_z"": 2.5, ""exit_z"": 0.25, ""fixed_n_components"": null, ""max_holding_period"": null, ""min_asset_coverage"": 0.6, ""min_train_observations"": 480, ""min_universe_assets"": 5, ""pca_component_selection_method"": ""explained_variance"", ""pca_explained_variance"": 0.9, ""rebalance_frequency"": 24, ""regression_type"": ""OLS"", ""ridge_alpha"": 1.0, ""stage"": ""core"", ""stop_loss_z"": null, ""target"": ""ETH"", ""train_window"": 1440, ""transaction_cost_bps"": 10, ""universe_selection_method"": ""priority_with_coverage_fallback"", ""universe_size"": 30, ""zscore_lookback"": 720}",core,crypto,ETH,priority_with_coverage_fallback,30,30,"BTC,SOL,XRP,BNB,TRX,ADA,AVAX,DOT,NEAR,ATOM,ALGO,DOGE,BCH,LTC,XLM,ETC,LINK,UNI,AAVE,INJ,FIL,VET,FET,GRT,THETA,XTZ,SAND,CHZ,DASH,HBAR","TON,SUI,ICP,MKR,RENDER,RNDR,ARB,OP,MATIC,POL,APT,SEI,EOS,MANA","CHZ,DASH,HBAR",1440,24,0.9,explained_variance,,720,2.5,0.25,10.0,8760.0,0.6,5,480,2131,0,1.0,,,0,0,OLS,,78.72082862687928,1.1172869808998613,0.3181547478182535,3.5117721440954695,-0.17989116734964716,0.003207384807948056,162,148.2875,0.510916294360617
"{""entry_z"": 2.5, ""exit_z"": 0.25, ""fixed_n_components"": null, ""max_holding_period"": null, ""min_asset_coverage"": 0.6, ""min_train_observations"": 480, ""min_universe_assets"": 5, ""pca_component_selection_method"": ""explained_variance"", ""pca_explained_variance"": 0.7, ""rebalance_frequency"": 24, ""regression_type"": ""OLS"", ""ridge_alpha"": 1.0, ""stage"": ""core"", ""stop_loss_z"": null, ""target"": ""ETH"", ""train_window"": 1440, ""transaction_cost_bps"": 10, ""universe_selection_method"": ""priority_with_coverage_fallback"", ""universe_size"": 30, ""zscore_lookback"": 1440}",core,crypto,ETH,priority_with_coverage_fallback,30,30,"BTC,SOL,XRP,BNB,TRX,ADA,AVAX,DOT,NEAR,ATOM,ALGO,DOGE,BCH,LTC,XLM,ETC,LINK,UNI,AAVE,INJ,FIL,VET,FET,GRT,THETA,XTZ,SAND,CHZ,DASH,HBAR","TON,SUI,ICP,MKR,RENDER,RNDR,ARB,OP,MATIC,POL,APT,SEI,EOS,MANA","CHZ,DASH,HBAR",1440,24,0.7,explained_variance,,1440,2.5,0.25,10.0,8760.0,0.6,5,480,2131,0,1.0,,,0,0,OLS,,51.65978690622037,0.9720867397622186,0.30523331953820976,3.1847333745637516,-0.2557850725272043,0.0017992646483611047,90,300.02272727272725,0.5123854253465646
"{""entry_z"": 2.5, ""exit_z"": 0.25, ""fixed_n_components"": null, ""max_holding_period"": null, ""min_asset_coverage"": 0.6, ""min_train_observations"": 480, ""min_universe_assets"": 5, ""pca_component_selection_method"": ""explained_variance"", ""pca_explained_variance"": 0.8, ""rebalance_frequency"": 24, ""regression_type"": ""OLS"", ""ridge_alpha"": 1.0, ""stage"": ""core"", ""stop_loss_z"": null, ""target"": ""ETH"", ""train_window"": 1440, ""transaction_cost_bps"": 10, ""universe_selection_method"": ""priority_with_coverage_fallback"", ""universe_size"": 30, ""zscore_lookback"": 1440}",core,crypto,ETH,priority_with_coverage_fallback,30,30,"BTC,SOL,XRP,BNB,TRX,ADA,AVAX,DOT,NEAR,ATOM,ALGO,DOGE,BCH,LTC,XLM,ETC,LINK,UNI,AAVE,INJ,FIL,VET,FET,GRT,THETA,XTZ,SAND,CHZ,DASH,HBAR","TON,SUI,ICP,MKR,RENDER,RNDR,ARB,OP,MATIC,POL,APT,SEI,EOS,MANA","CHZ,DASH,HBAR",1440,24,0.8,explained_variance,,1440,2.5,0.25,10.0,8760.0,0.6,5,480,2131,0,1.0,,,0,0,OLS,,50.83137898299263,0.9667367697400138,0.3279476897517887,2.947838328947219,-0.23368164381964862,0.0017601501994836894,89,229.8181818181818,0.5122626582278481
"{""entry_z"": 2.5, ""exit_z"": 0.25, ""fixed_n_components"": null, ""max_holding_period"": null, ""min_asset_coverage"": 0.6, ""min_train_observations"": 480, ""min_universe_assets"": 5, ""pca_component_selection_method"": ""explained_variance"", ""pca_explained_variance"": 0.9, ""rebalance_frequency"": 24, ""regression_type"": ""OLS"", ""ridge_alpha"": 1.0, ""stage"": ""core"", ""stop_loss_z"": null, ""target"": ""ETH"", ""train_window"": 1440, ""transaction_cost_bps"": 10, ""universe_selection_method"": ""priority_with_coverage_fallback"", ""universe_size"": 30, ""zscore_lookback"": 1440}",core,crypto,ETH,priority_with_coverage_fallback,30,30,"BTC,SOL,XRP,BNB,TRX,ADA,AVAX,DOT,NEAR,ATOM,ALGO,DOGE,BCH,LTC,XLM,ETC,LINK,UNI,AAVE,INJ,FIL,VET,FET,GRT,THETA,XTZ,SAND,CHZ,DASH,HBAR","TON,SUI,ICP,MKR,RENDER,RNDR,ARB,OP,MATIC,POL,APT,SEI,EOS,MANA","CHZ,DASH,HBAR",1440,24,0.9,explained_variance,,1440,2.5,0.25,10.0,8760.0,0.6,5,480,2131,0,1.0,,,0,0,OLS,,70.85662167339696,1.0799470490296619,0.3046536385134936,3.544835552593702,-0.23961726247622173,0.0023077524837675036,117,169.8448275862069,0.5109125977058167
"{""entry_z"": 2.5, ""exit_z"": 0.25, ""fixed_n_components"": null, ""max_holding_period"": null, ""min_asset_coverage"": 0.6, ""min_train_observations"": 480, ""min_universe_assets"": 5, ""pca_component_selection_method"": ""explained_variance"", ""pca_explained_variance"": 0.7, ""rebalance_frequency"": 24, ""regression_type"": ""OLS"", ""ridge_alpha"": 1.0, ""stage"": ""core"", ""stop_loss_z"": null, ""target"": ""ETH"", ""train_window"": 2880, ""transaction_cost_bps"": 10, ""universe_selection_method"": ""priority_with_coverage_fallback"", ""universe_size"": 30, ""zscore_lookback"": 336}",core,crypto,ETH,priority_with_coverage_fallback,30,30,"BTC,SOL,XRP,BNB,TRX,ADA,AVAX,DOT,NEAR,ATOM,ALGO,DOGE,BCH,LTC,XLM,ETC,LINK,UNI,AAVE,INJ,FIL,VET,FET,GRT,THETA,XTZ,SAND,CHZ,DASH,HBAR","TON,SUI,ICP,MKR,RENDER,RNDR,ARB,OP,MATIC,POL,APT,SEI,EOS,MANA","CHZ,DASH,HBAR",2880,24,0.7,explained_variance,,336,2.5,0.25,10.0,8760.0,0.6,5,480,2071,0,1.0,,,0,0,OLS,,-0.010115274159475773,-0.0017906552467912284,0.4480565992077141,-0.003996493411675207,-0.6441273114596442,0.004910247122273203,239,185.25641025641025,0.5008996539792387
"{""entry_z"": 2.5, ""exit_z"": 0.25, ""fixed_n_components"": null, ""max_holding_period"": null, ""min_asset_coverage"": 0.6, ""min_train_observations"": 480, ""min_universe_assets"": 5, ""pca_component_selection_method"": ""explained_variance"", ""pca_explained_variance"": 0.8, ""rebalance_frequency"": 24, ""regression_type"": ""OLS"", ""ridge_alpha"": 1.0, ""stage"": ""core"", ""stop_loss_z"": null, ""target"": ""ETH"", ""train_window"": 2880, ""transaction_cost_bps"": 10, ""universe_selection_method"": ""priority_with_coverage_fallback"", ""universe_size"": 30, ""zscore_lookback"": 336}",core,crypto,ETH,priority_with_coverage_fallback,30,30,"BTC,SOL,XRP,BNB,TRX,ADA,AVAX,DOT,NEAR,ATOM,ALGO,DOGE,BCH,LTC,XLM,ETC,LINK,UNI,AAVE,INJ,FIL,VET,FET,GRT,THETA,XTZ,SAND,CHZ,DASH,HBAR","TON,SUI,ICP,MKR,RENDER,RNDR,ARB,OP,MATIC,POL,APT,SEI,EOS,MANA","CHZ,DASH,HBAR",2880,24,0.8,explained_variance,,336,2.5,0.25,10.0,8760.0,0.6,5,480,2071,0,1.0,,,0,0,OLS,,-0.5886633610316612,-0.1449560619027207,0.36925307111673666,-0.3925656229867724,-0.7410287625121043,0.004829751267809708,239,178.32773109243698,0.499646576504406
"{""entry_z"": 2.5, ""exit_z"": 0.25, ""fixed_n_components"": null, ""max_holding_period"": null, ""min_asset_coverage"": 0.6, ""min_train_observations"": 480, ""min_universe_assets"": 5, ""pca_component_selection_method"": ""explained_variance"", ""pca_explained_variance"": 0.9, ""rebalance_frequency"": 24, ""regression_type"": ""OLS"", ""ridge_alpha"": 1.0, ""stage"": ""core"", ""stop_loss_z"": null, ""target"": ""ETH"", ""train_window"": 2880, ""transaction_cost_bps"": 10, ""universe_selection_method"": ""priority_with_coverage_fallback"", ""universe_size"": 30, ""zscore_lookback"": 336}",core,crypto,ETH,priority_with_coverage_fallback,30,30,"BTC,SOL,XRP,BNB,TRX,ADA,AVAX,DOT,NEAR,ATOM,ALGO,DOGE,BCH,LTC,XLM,ETC,LINK,UNI,AAVE,INJ,FIL,VET,FET,GRT,THETA,XTZ,SAND,CHZ,DASH,HBAR","TON,SUI,ICP,MKR,RENDER,RNDR,ARB,OP,MATIC,POL,APT,SEI,EOS,MANA","CHZ,DASH,HBAR",2880,24,0.9,explained_variance,,336,2.5,0.25,10.0,8760.0,0.6,5,480,2071,0,1.0,,,0,0,OLS,,1.0330481604308943,0.13324052157673183,0.34369867105908547,0.3876666766448636,-0.3630856488626434,0.0049504950495049506,243,175.78333333333333,0.5046458708637527
"{""entry_z"": 2.5, ""exit_z"": 0.25, ""fixed_n_components"": null, ""max_holding_period"": null, ""min_asset_coverage"": 0.6, ""min_train_observations"": 480, ""min_universe_assets"": 5, ""pca_component_selection_method"": ""explained_variance"", ""pca_explained_variance"": 0.7, ""rebalance_frequency"": 24, ""regression_type"": ""OLS"", ""ridge_alpha"": 1.0, ""stage"": ""core"", ""stop_loss_z"": null, ""target"": ""ETH"", ""train_window"": 2880, ""transaction_cost_bps"": 10, ""universe_selection_method"": ""priority_with_coverage_fallback"", ""universe_size"": 30, ""zscore_lookback"": 720}",core,crypto,ETH,priority_with_coverage_fallback,30,30,"BTC,SOL,XRP,BNB,TRX,ADA,AVAX,DOT,NEAR,ATOM,ALGO,DOGE,BCH,LTC,XLM,ETC,LINK,UNI,AAVE,INJ,FIL,VET,FET,GRT,THETA,XTZ,SAND,CHZ,DASH,HBAR","TON,SUI,ICP,MKR,RENDER,RNDR,ARB,OP,MATIC,POL,APT,SEI,EOS,MANA","CHZ,DASH,HBAR",2880,24,0.7,explained_variance,,720,2.5,0.25,10.0,8760.0,0.6,5,480,2071,0,1.0,,,0,0,OLS,,3.6148785044809397,0.30942945336057837,0.44665447148639886,0.6927714220140766,-0.40229206025954567,0.0025356194156000967,124,338.95081967213116,0.5032888372992842
"{""entry_z"": 2.5, ""exit_z"": 0.25, ""fixed_n_components"": null, ""max_holding_period"": null, ""min_asset_coverage"": 0.6, ""min_train_observations"": 480, ""min_universe_assets"": 5, ""pca_component_selection_method"": ""explained_variance"", ""pca_explained_variance"": 0.8, ""rebalance_frequency"": 24, ""regression_type"": ""OLS"", ""ridge_alpha"": 1.0, ""stage"": ""core"", ""stop_loss_z"": null, ""target"": ""ETH"", ""train_window"": 2880, ""transaction_cost_bps"": 10, ""universe_selection_method"": ""priority_with_coverage_fallback"", ""universe_size"": 30, ""zscore_lookback"": 720}",core,crypto,ETH,priority_with_coverage_fallback,30,30,"BTC,SOL,XRP,BNB,TRX,ADA,AVAX,DOT,NEAR,ATOM,ALGO,DOGE,BCH,LTC,XLM,ETC,LINK,UNI,AAVE,INJ,FIL,VET,FET,GRT,THETA,XTZ,SAND,CHZ,DASH,HBAR","TON,SUI,ICP,MKR,RENDER,RNDR,ARB,OP,MATIC,POL,APT,SEI,EOS,MANA","CHZ,DASH,HBAR",2880,24,0.8,explained_variance,,720,2.5,0.25,10.0,8760.0,0.6,5,480,2071,0,1.0,,,0,0,OLS,,4.316658151725339,0.34251730759389964,0.3733279917336385,0.9174702009440492,-0.39853508295977924,0.002777106978990582,137,300.0882352941176,0.5074977947662452
"{""entry_z"": 2.5, ""exit_z"": 0.25, ""fixed_n_components"": null, ""max_holding_period"": null, ""min_asset_coverage"": 0.6, ""min_train_observations"": 480, ""min_universe_assets"": 5, ""pca_component_selection_method"": ""explained_variance"", ""pca_explained_variance"": 0.9, ""rebalance_frequency"": 24, ""regression_type"": ""OLS"", ""ridge_alpha"": 1.0, ""stage"": ""core"", ""stop_loss_z"": null, ""target"": ""ETH"", ""train_window"": 2880, ""transaction_cost_bps"": 10, ""universe_selection_method"": ""priority_with_coverage_fallback"", ""universe_size"": 30, ""zscore_lookback"": 720}",core,crypto,ETH,priority_with_coverage_fallback,30,30,"BTC,SOL,XRP,BNB,TRX,ADA,AVAX,DOT,NEAR,ATOM,ALGO,DOGE,BCH,LTC,XLM,ETC,LINK,UNI,AAVE,INJ,FIL,VET,FET,GRT,THETA,XTZ,SAND,CHZ,DASH,HBAR","TON,SUI,ICP,MKR,RENDER,RNDR,ARB,OP,MATIC,POL,APT,SEI,EOS,MANA","CHZ,DASH,HBAR",2880,24,0.9,explained_variance,,720,2.5,0.25,10.0,8760.0,0.6,5,480,2071,0,1.0,,,0,0,OLS,,8.852510149474128,0.49674676790087124,0.3236089451887589,1.5350217454932287,-0.2219614283574648,0.002696611124527087,134,240.2089552238806,0.5059649558841804
"{""entry_z"": 2.5, ""exit_z"": 0.25, ""fixed_n_components"": null, ""max_holding_period"": null, ""min_asset_coverage"": 0.6, ""min_train_observations"": 480, ""min_universe_assets"": 5, ""pca_component_selection_method"": ""explained_variance"", ""pca_explained_variance"": 0.7, ""rebalance_frequency"": 24, ""regression_type"": ""OLS"", ""ridge_alpha"": 1.0, ""stage"": ""core"", ""stop_loss_z"": null, ""target"": ""ETH"", ""train_window"": 2880, ""transaction_cost_bps"": 10, ""universe_selection_method"": ""priority_with_coverage_fallback"", ""universe_size"": 30, ""zscore_lookback"": 1440}",core,crypto,ETH,priority_with_coverage_fallback,30,30,"BTC,SOL,XRP,BNB,TRX,ADA,AVAX,DOT,NEAR,ATOM,ALGO,DOGE,BCH,LTC,XLM,ETC,LINK,UNI,AAVE,INJ,FIL,VET,FET,GRT,THETA,XTZ,SAND,CHZ,DASH,HBAR","TON,SUI,ICP,MKR,RENDER,RNDR,ARB,OP,MATIC,POL,APT,SEI,EOS,MANA","CHZ,DASH,HBAR",2880,24,0.7,explained_variance,,1440,2.5,0.25,10.0,8760.0,0.6,5,480,2071,0,1.0,,,0,0,OLS,,5.174655990927788,0.37839566928717994,0.4156116252149424,0.9104549688461784,-0.3555541662941243,0.0013281815986476697,66,452.1818181818182,0.5076397265782067
"{""entry_z"": 2.5, ""exit_z"": 0.25, ""fixed_n_components"": null, ""max_holding_period"": null, ""min_asset_coverage"": 0.6, ""min_train_observations"": 480, ""min_universe_assets"": 5, ""pca_component_selection_method"": ""explained_variance"", ""pca_explained_variance"": 0.8, ""rebalance_frequency"": 24, ""regression_type"": ""OLS"", ""ridge_alpha"": 1.0, ""stage"": ""core"", ""stop_loss_z"": null, ""target"": ""ETH"", ""train_window"": 2880, ""transaction_cost_bps"": 10, ""universe_selection_method"": ""priority_with_coverage_fallback"", ""universe_size"": 30, ""zscore_lookback"": 1440}",core,crypto,ETH,priority_with_coverage_fallback,30,30,"BTC,SOL,XRP,BNB,TRX,ADA,AVAX,DOT,NEAR,ATOM,ALGO,DOGE,BCH,LTC,XLM,ETC,LINK,UNI,AAVE,INJ,FIL,VET,FET,GRT,THETA,XTZ,SAND,CHZ,DASH,HBAR","TON,SUI,ICP,MKR,RENDER,RNDR,ARB,OP,MATIC,POL,APT,SEI,EOS,MANA","CHZ,DASH,HBAR",2880,24,0.8,explained_variance,,1440,2.5,0.25,10.0,8760.0,0.6,5,480,2071,0,1.0,,,0,0,OLS,,8.635833793084945,0.4908907894747969,0.3334440782204694,1.4721832581180991,-0.35062030149191137,0.0016501650165016502,82,388.0243902439024,0.5117229241309951
"{""entry_z"": 2.5, ""exit_z"": 0.25, ""fixed_n_components"": null, ""max_holding_period"": null, ""min_asset_coverage"": 0.6, ""min_train_observations"": 480, ""min_universe_assets"": 5, ""pca_component_selection_method"": ""explained_variance"", ""pca_explained_variance"": 0.9, ""rebalance_frequency"": 24, ""regression_type"": ""OLS"", ""ridge_alpha"": 1.0, ""stage"": ""core"", ""stop_loss_z"": null, ""target"": ""ETH"", ""train_window"": 2880, ""transaction_cost_bps"": 10, ""universe_selection_method"": ""priority_with_coverage_fallback"", ""universe_size"": 30, ""zscore_lookback"": 1440}",core,crypto,ETH,priority_with_coverage_fallback,30,30,"BTC,SOL,XRP,BNB,TRX,ADA,AVAX,DOT,NEAR,ATOM,ALGO,DOGE,BCH,LTC,XLM,ETC,LINK,UNI,AAVE,INJ,FIL,VET,FET,GRT,THETA,XTZ,SAND,CHZ,DASH,HBAR","TON,SUI,ICP,MKR,RENDER,RNDR,ARB,OP,MATIC,POL,APT,SEI,EOS,MANA","CHZ,DASH,HBAR",2880,24,0.9,explained_variance,,1440,2.5,0.25,10.0,8760.0,0.6,5,480,2071,0,1.0,,,0,0,OLS,,15.030159106489599,0.6308483402225487,0.2901179408224139,2.1744547697886136,-0.2816041986730573,0.0016501650165016502,81,301.55,0.5080417841154038
"{""entry_z"": 2.5, ""exit_z"": 0.5, ""fixed_n_components"": null, ""max_holding_period"": null, ""min_asset_coverage"": 0.6, ""min_train_observations"": 480, ""min_universe_assets"": 5, ""pca_component_selection_method"": ""explained_variance"", ""pca_explained_variance"": 0.7, ""rebalance_frequency"": 24, ""regression_type"": ""OLS"", ""ridge_alpha"": 1.0, ""stage"": ""core"", ""stop_loss_z"": null, ""target"": ""ETH"", ""train_window"": 720, ""transaction_cost_bps"": 10, ""universe_selection_method"": ""priority_with_coverage_fallback"", ""universe_size"": 30, ""zscore_lookback"": 336}",core,crypto,ETH,priority_with_coverage_fallback,30,30,"BTC,SOL,XRP,BNB,TRX,ADA,AVAX,DOT,NEAR,ATOM,ALGO,DOGE,BCH,LTC,XLM,ETC,LINK,UNI,AAVE,INJ,FIL,VET,FET,GRT,THETA,XTZ,SAND,CHZ,DASH,HBAR","TON,SUI,ICP,MKR,RENDER,RNDR,ARB,OP,MATIC,POL,APT,SEI,EOS,MANA","CHZ,DASH,HBAR",720,24,0.7,explained_variance,,336,2.5,0.5,10.0,8760.0,0.6,5,480,2161,0,1.0,,,0,0,OLS,,56.87563518955644,0.98499867142015,0.341989831746177,2.880198707636462,-0.21547064333552068,0.005747126436781609,297,95.69594594594595,0.5090023300148274
"{""entry_z"": 2.5, ""exit_z"": 0.5, ""fixed_n_components"": null, ""max_holding_period"": null, ""min_asset_coverage"": 0.6, ""min_train_observations"": 480, ""min_universe_assets"": 5, ""pca_component_selection_method"": ""explained_variance"", ""pca_explained_variance"": 0.8, ""rebalance_frequency"": 24, ""regression_type"": ""OLS"", ""ridge_alpha"": 1.0, ""stage"": ""core"", ""stop_loss_z"": null, ""target"": ""ETH"", ""train_window"": 720, ""transaction_cost_bps"": 10, ""universe_selection_method"": ""priority_with_coverage_fallback"", ""universe_size"": 30, ""zscore_lookback"": 336}",core,crypto,ETH,priority_with_coverage_fallback,30,30,"BTC,SOL,XRP,BNB,TRX,ADA,AVAX,DOT,NEAR,ATOM,ALGO,DOGE,BCH,LTC,XLM,ETC,LINK,UNI,AAVE,INJ,FIL,VET,FET,GRT,THETA,XTZ,SAND,CHZ,DASH,HBAR","TON,SUI,ICP,MKR,RENDER,RNDR,ARB,OP,MATIC,POL,APT,SEI,EOS,MANA","CHZ,DASH,HBAR",720,24,0.8,explained_variance,,336,2.5,0.5,10.0,8760.0,0.6,5,480,2161,0,1.0,,,0,0,OLS,,60.999953854846126,1.0082179905043858,0.3256740269901603,3.0957887548547047,-0.19245897372552412,0.005901411710252257,305,82.65789473684211,0.5107449856733525
"{""entry_z"": 2.5, ""exit_z"": 0.5, ""fixed_n_components"": null, ""max_holding_period"": null, ""min_asset_coverage"": 0.6, ""min_train_observations"": 480, ""min_universe_assets"": 5, ""pca_component_selection_method"": ""explained_variance"", ""pca_explained_variance"": 0.9, ""rebalance_frequency"": 24, ""regression_type"": ""OLS"", ""ridge_alpha"": 1.0, ""stage"": ""core"", ""stop_loss_z"": null, ""target"": ""ETH"", ""train_window"": 720, ""transaction_cost_bps"": 10, ""universe_selection_method"": ""priority_with_coverage_fallback"", ""universe_size"": 30, ""zscore_lookback"": 336}",core,crypto,ETH,priority_with_coverage_fallback,30,30,"BTC,SOL,XRP,BNB,TRX,ADA,AVAX,DOT,NEAR,ATOM,ALGO,DOGE,BCH,LTC,XLM,ETC,LINK,UNI,AAVE,INJ,FIL,VET,FET,GRT,THETA,XTZ,SAND,CHZ,DASH,HBAR","TON,SUI,ICP,MKR,RENDER,RNDR,ARB,OP,MATIC,POL,APT,SEI,EOS,MANA","CHZ,DASH,HBAR",720,24,0.9,explained_variance,,336,2.5,0.5,10.0,8760.0,0.6,5,480,2161,0,1.0,,,0,0,OLS,,104.38414073451389,1.196506309897884,0.31885972726852396,3.752453532302812,-0.1529926598409127,0.0058628403918845945,303,67.73509933774834,0.5126124364489636
"{""entry_z"": 2.5, ""exit_z"": 0.5, ""fixed_n_components"": null, ""max_holding_period"": null, ""min_asset_coverage"": 0.6, ""min_train_observations"": 480, ""min_universe_assets"": 5, ""pca_component_selection_method"": ""explained_variance"", ""pca_explained_variance"": 0.7, ""rebalance_frequency"": 24, ""regression_type"": ""OLS"", ""ridge_alpha"": 1.0, ""stage"": ""core"", ""stop_loss_z"": null, ""target"": ""ETH"", ""train_window"": 720, ""transaction_cost_bps"": 10, ""universe_selection_method"": ""priority_with_coverage_fallback"", ""universe_size"": 30, ""zscore_lookback"": 720}",core,crypto,ETH,priority_with_coverage_fallback,30,30,"BTC,SOL,XRP,BNB,TRX,ADA,AVAX,DOT,NEAR,ATOM,ALGO,DOGE,BCH,LTC,XLM,ETC,LINK,UNI,AAVE,INJ,FIL,VET,FET,GRT,THETA,XTZ,SAND,CHZ,DASH,HBAR","TON,SUI,ICP,MKR,RENDER,RNDR,ARB,OP,MATIC,POL,APT,SEI,EOS,MANA","CHZ,DASH,HBAR",720,24,0.7,explained_variance,,720,2.5,0.5,10.0,8760.0,0.6,5,480,2161,0,1.0,,,0,0,OLS,,65.45671409360065,1.03190801402907,0.30165851529757026,3.420781982604227,-0.14944431672748304,0.003355704697986577,172,120.72941176470589,0.509549795361528
"{""entry_z"": 2.5, ""exit_z"": 0.5, ""fixed_n_components"": null, ""max_holding_period"": null, ""min_asset_coverage"": 0.6, ""min_train_observations"": 480, ""min_universe_assets"": 5, ""pca_component_selection_method"": ""explained_variance"", ""pca_explained_variance"": 0.8, ""rebalance_frequency"": 24, ""regression_type"": ""OLS"", ""ridge_alpha"": 1.0, ""stage"": ""core"", ""stop_loss_z"": null, ""target"": ""ETH"", ""train_window"": 720, ""transaction_cost_bps"": 10, ""universe_selection_method"": ""priority_with_coverage_fallback"", ""universe_size"": 30, ""zscore_lookback"": 720}",core,crypto,ETH,priority_with_coverage_fallback,30,30,"BTC,SOL,XRP,BNB,TRX,ADA,AVAX,DOT,NEAR,ATOM,ALGO,DOGE,BCH,LTC,XLM,ETC,LINK,UNI,AAVE,INJ,FIL,VET,FET,GRT,THETA,XTZ,SAND,CHZ,DASH,HBAR","TON,SUI,ICP,MKR,RENDER,RNDR,ARB,OP,MATIC,POL,APT,SEI,EOS,MANA","CHZ,DASH,HBAR",720,24,0.8,explained_variance,,720,2.5,0.5,10.0,8760.0,0.6,5,480,2161,0,1.0,,,0,0,OLS,,52.49995142995166,0.9588091553469513,0.3048326841949277,3.145362046327792,-0.1597122308945802,0.0030471341510452826,157,110.8076923076923,0.5113965058428787
"{""entry_z"": 2.5, ""exit_z"": 0.5, ""fixed_n_components"": null, ""max_holding_period"": null, ""min_asset_coverage"": 0.6, ""min_train_observations"": 480, ""min_universe_assets"": 5, ""pca_component_selection_method"": ""explained_variance"", ""pca_explained_variance"": 0.9, ""rebalance_frequency"": 24, ""regression_type"": ""OLS"", ""ridge_alpha"": 1.0, ""stage"": ""core"", ""stop_loss_z"": null, ""target"": ""ETH"", ""train_window"": 720, ""transaction_cost_bps"": 10, ""universe_selection_method"": ""priority_with_coverage_fallback"", ""universe_size"": 30, ""zscore_lookback"": 720}",core,crypto,ETH,priority_with_coverage_fallback,30,30,"BTC,SOL,XRP,BNB,TRX,ADA,AVAX,DOT,NEAR,ATOM,ALGO,DOGE,BCH,LTC,XLM,ETC,LINK,UNI,AAVE,INJ,FIL,VET,FET,GRT,THETA,XTZ,SAND,CHZ,DASH,HBAR","TON,SUI,ICP,MKR,RENDER,RNDR,ARB,OP,MATIC,POL,APT,SEI,EOS,MANA","CHZ,DASH,HBAR",720,24,0.9,explained_variance,,720,2.5,0.5,10.0,8760.0,0.6,5,480,2161,0,1.0,,,0,0,OLS,,78.12593161856826,1.0926976744043029,0.29721226747839097,3.676489142507377,-0.15299265984091293,0.003857131836766181,198,66.88775510204081,0.5162471395881006
"{""entry_z"": 2.5, ""exit_z"": 0.5, ""fixed_n_components"": null, ""max_holding_period"": null, ""min_asset_coverage"": 0.6, ""min_train_observations"": 480, ""min_universe_assets"": 5, ""pca_component_selection_method"": ""explained_variance"", ""pca_explained_variance"": 0.7, ""rebalance_frequency"": 24, ""regression_type"": ""OLS"", ""ridge_alpha"": 1.0, ""stage"": ""core"", ""stop_loss_z"": null, ""target"": ""ETH"", ""train_window"": 720, ""transaction_cost_bps"": 10, ""universe_selection_method"": ""priority_with_coverage_fallback"", ""universe_size"": 30, ""zscore_lookback"": 1440}",core,crypto,ETH,priority_with_coverage_fallback,30,30,"BTC,SOL,XRP,BNB,TRX,ADA,AVAX,DOT,NEAR,ATOM,ALGO,DOGE,BCH,LTC,XLM,ETC,LINK,UNI,AAVE,INJ,FIL,VET,FET,GRT,THETA,XTZ,SAND,CHZ,DASH,HBAR","TON,SUI,ICP,MKR,RENDER,RNDR,ARB,OP,MATIC,POL,APT,SEI,EOS,MANA","CHZ,DASH,HBAR",720,24,0.7,explained_variance,,1440,2.5,0.5,10.0,8760.0,0.6,5,480,2161,0,1.0,,,0,0,OLS,,29.20724146639749,0.7784983972416515,0.2883527769292132,2.6998123809737495,-0.1859783841941035,0.002005708555118414,104,139.5,0.5086848635235732
"{""entry_z"": 2.5, ""exit_z"": 0.5, ""fixed_n_components"": null, ""max_holding_period"": null, ""min_asset_coverage"": 0.6, ""min_train_observations"": 480, ""min_universe_assets"": 5, ""pca_component_selection_method"": ""explained_variance"", ""pca_explained_variance"": 0.8, ""rebalance_frequency"": 24, ""regression_type"": ""OLS"", ""ridge_alpha"": 1.0, ""stage"": ""core"", ""stop_loss_z"": null, ""target"": ""ETH"", ""train_window"": 720, ""transaction_cost_bps"": 10, ""universe_selection_method"": ""priority_with_coverage_fallback"", ""universe_size"": 30, ""zscore_lookback"": 1440}",core,crypto,ETH,priority_with_coverage_fallback,30,30,"BTC,SOL,XRP,BNB,TRX,ADA,AVAX,DOT,NEAR,ATOM,ALGO,DOGE,BCH,LTC,XLM,ETC,LINK,UNI,AAVE,INJ,FIL,VET,FET,GRT,THETA,XTZ,SAND,CHZ,DASH,HBAR","TON,SUI,ICP,MKR,RENDER,RNDR,ARB,OP,MATIC,POL,APT,SEI,EOS,MANA","CHZ,DASH,HBAR",720,24,0.8,explained_variance,,1440,2.5,0.5,10.0,8760.0,0.6,5,480,2161,0,1.0,,,0,0,OLS,,43.145560741085404,0.8962304743138219,0.29132331187189103,3.076411800192419,-0.15899353545859196,0.0022757077836920467,118,122.62711864406779,0.5094678645473393
"{""entry_z"": 2.5, ""exit_z"": 0.5, ""fixed_n_components"": null, ""max_holding_period"": null, ""min_asset_coverage"": 0.6, ""min_train_observations"": 480, ""min_universe_assets"": 5, ""pca_component_selection_method"": ""explained_variance"", ""pca_explained_variance"": 0.9, ""rebalance_frequency"": 24, ""regression_type"": ""OLS"", ""ridge_alpha"": 1.0, ""stage"": ""core"", ""stop_loss_z"": null, ""target"": ""ETH"", ""train_window"": 720, ""transaction_cost_bps"": 10, ""universe_selection_method"": ""priority_with_coverage_fallback"", ""universe_size"": 30, ""zscore_lookback"": 1440}",core,crypto,ETH,priority_with_coverage_fallback,30,30,"BTC,SOL,XRP,BNB,TRX,ADA,AVAX,DOT,NEAR,ATOM,ALGO,DOGE,BCH,LTC,XLM,ETC,LINK,UNI,AAVE,INJ,FIL,VET,FET,GRT,THETA,XTZ,SAND,CHZ,DASH,HBAR","TON,SUI,ICP,MKR,RENDER,RNDR,ARB,OP,MATIC,POL,APT,SEI,EOS,MANA","CHZ,DASH,HBAR",720,24,0.9,explained_variance,,1440,2.5,0.5,10.0,8760.0,0.6,5,480,2161,0,1.0,,,0,0,OLS,,81.9034975694815,1.1092509499131586,0.30983166041294574,3.5801730153553106,-0.15299265984091293,0.002969991514309959,152,86.41333333333333,0.5090263848171579
"{""entry_z"": 2.5, ""exit_z"": 0.5, ""fixed_n_components"": null, ""max_holding_period"": null, ""min_asset_coverage"": 0.6, ""min_train_observations"": 480, ""min_universe_assets"": 5, ""pca_component_selection_method"": ""explained_variance"", ""pca_explained_variance"": 0.7, ""rebalance_frequency"": 24, ""regression_type"": ""OLS"", ""ridge_alpha"": 1.0, ""stage"": ""core"", ""stop_loss_z"": null, ""target"": ""ETH"", ""train_window"": 1440, ""transaction_cost_bps"": 10, ""universe_selection_method"": ""priority_with_coverage_fallback"", ""universe_size"": 30, ""zscore_lookback"": 336}",core,crypto,ETH,priority_with_coverage_fallback,30,30,"BTC,SOL,XRP,BNB,TRX,ADA,AVAX,DOT,NEAR,ATOM,ALGO,DOGE,BCH,LTC,XLM,ETC,LINK,UNI,AAVE,INJ,FIL,VET,FET,GRT,THETA,XTZ,SAND,CHZ,DASH,HBAR","TON,SUI,ICP,MKR,RENDER,RNDR,ARB,OP,MATIC,POL,APT,SEI,EOS,MANA","CHZ,DASH,HBAR",1440,24,0.7,explained_variance,,336,2.5,0.5,10.0,8760.0,0.6,5,480,2131,0,1.0,,,0,0,OLS,,0.5522097840755729,0.07823610688161176,0.32853405646667067,0.23813697649195983,-0.4381014707020696,0.005280450598451068,270,133.2962962962963,0.5056404556821339
"{""entry_z"": 2.5, ""exit_z"": 0.5, ""fixed_n_components"": null, ""max_holding_period"": null, ""min_asset_coverage"": 0.6, ""min_train_observations"": 480, ""min_universe_assets"": 5, ""pca_component_selection_method"": ""explained_variance"", ""pca_explained_variance"": 0.8, ""rebalance_frequency"": 24, ""regression_type"": ""OLS"", ""ridge_alpha"": 1.0, ""stage"": ""core"", ""stop_loss_z"": null, ""target"": ""ETH"", ""train_window"": 1440, ""transaction_cost_bps"": 10, ""universe_selection_method"": ""priority_with_coverage_fallback"", ""universe_size"": 30, ""zscore_lookback"": 336}",core,crypto,ETH,priority_with_coverage_fallback,30,30,"BTC,SOL,XRP,BNB,TRX,ADA,AVAX,DOT,NEAR,ATOM,ALGO,DOGE,BCH,LTC,XLM,ETC,LINK,UNI,AAVE,INJ,FIL,VET,FET,GRT,THETA,XTZ,SAND,CHZ,DASH,HBAR","TON,SUI,ICP,MKR,RENDER,RNDR,ARB,OP,MATIC,POL,APT,SEI,EOS,MANA","CHZ,DASH,HBAR",1440,24,0.8,explained_variance,,336,2.5,0.5,10.0,8760.0,0.6,5,480,2131,0,1.0,,,0,0,OLS,,6.6311792483572205,0.41646790130599065,0.3568721233148074,1.1669947695483407,-0.3210256522624163,0.005436908393960729,274,123.17777777777778,0.5072463768115942
"{""entry_z"": 2.5, ""exit_z"": 0.5, ""fixed_n_components"": null, ""max_holding_period"": null, ""min_asset_coverage"": 0.6, ""min_train_observations"": 480, ""min_universe_assets"": 5, ""pca_component_selection_method"": ""explained_variance"", ""pca_explained_variance"": 0.9, ""rebalance_frequency"": 24, ""regression_type"": ""OLS"", ""ridge_alpha"": 1.0, ""stage"": ""core"", ""stop_loss_z"": null, ""target"": ""ETH"", ""train_window"": 1440, ""transaction_cost_bps"": 10, ""universe_selection_method"": ""priority_with_coverage_fallback"", ""universe_size"": 30, ""zscore_lookback"": 336}",core,crypto,ETH,priority_with_coverage_fallback,30,30,"BTC,SOL,XRP,BNB,TRX,ADA,AVAX,DOT,NEAR,ATOM,ALGO,DOGE,BCH,LTC,XLM,ETC,LINK,UNI,AAVE,INJ,FIL,VET,FET,GRT,THETA,XTZ,SAND,CHZ,DASH,HBAR","TON,SUI,ICP,MKR,RENDER,RNDR,ARB,OP,MATIC,POL,APT,SEI,EOS,MANA","CHZ,DASH,HBAR",1440,24,0.9,explained_variance,,336,2.5,0.5,10.0,8760.0,0.6,5,480,2131,0,1.0,,,0,0,OLS,,31.176260353125834,0.8124787864292149,0.3155093560489829,2.5751337348711694,-0.29981151938205575,0.0055933661894703906,285,89.05633802816901,0.514629131741262
"{""entry_z"": 2.5, ""exit_z"": 0.5, ""fixed_n_components"": null, ""max_holding_period"": null, ""min_asset_coverage"": 0.6, ""min_train_observations"": 480, ""min_universe_assets"": 5, ""pca_component_selection_method"": ""explained_variance"", ""pca_explained_variance"": 0.7, ""rebalance_frequency"": 24, ""regression_type"": ""OLS"", ""ridge_alpha"": 1.0, ""stage"": ""core"", ""stop_loss_z"": null, ""target"": ""ETH"", ""train_window"": 1440, ""transaction_cost_bps"": 10, ""universe_selection_method"": ""priority_with_coverage_fallback"", ""universe_size"": 30, ""zscore_lookback"": 720}",core,crypto,ETH,priority_with_coverage_fallback,30,30,"BTC,SOL,XRP,BNB,TRX,ADA,AVAX,DOT,NEAR,ATOM,ALGO,DOGE,BCH,LTC,XLM,ETC,LINK,UNI,AAVE,INJ,FIL,VET,FET,GRT,THETA,XTZ,SAND,CHZ,DASH,HBAR","TON,SUI,ICP,MKR,RENDER,RNDR,ARB,OP,MATIC,POL,APT,SEI,EOS,MANA","CHZ,DASH,HBAR",1440,24,0.7,explained_variance,,720,2.5,0.5,10.0,8760.0,0.6,5,480,2131,0,1.0,,,0,0,OLS,,11.131800130154296,0.5335553919252416,0.29842470293525214,1.7879062513166166,-0.18490358273302143,0.0026597825236642416,135,206.62686567164178,0.5075122796879514
"{""entry_z"": 2.5, ""exit_z"": 0.5, ""fixed_n_components"": null, ""max_holding_period"": null, ""min_asset_coverage"": 0.6, ""min_train_observations"": 480, ""min_universe_assets"": 5, ""pca_component_selection_method"": ""explained_variance"", ""pca_explained_variance"": 0.8, ""rebalance_frequency"": 24, ""regression_type"": ""OLS"", ""ridge_alpha"": 1.0, ""stage"": ""core"", ""stop_loss_z"": null, ""target"": ""ETH"", ""train_window"": 1440, ""transaction_cost_bps"": 10, ""universe_selection_method"": ""priority_with_coverage_fallback"", ""universe_size"": 30, ""zscore_lookback"": 720}",core,crypto,ETH,priority_with_coverage_fallback,30,30,"BTC,SOL,XRP,BNB,TRX,ADA,AVAX,DOT,NEAR,ATOM,ALGO,DOGE,BCH,LTC,XLM,ETC,LINK,UNI,AAVE,INJ,FIL,VET,FET,GRT,THETA,XTZ,SAND,CHZ,DASH,HBAR","TON,SUI,ICP,MKR,RENDER,RNDR,ARB,OP,MATIC,POL,APT,SEI,EOS,MANA","CHZ,DASH,HBAR",1440,24,0.8,explained_variance,,720,2.5,0.5,10.0,8760.0,0.6,5,480,2131,0,1.0,,,0,0,OLS,,19.594641128048828,0.6790903436590574,0.30060344181107385,2.2590903802287756,-0.18273672091888027,0.002816240319173903,143,170.74647887323943,0.5082900272209849
"{""entry_z"": 2.5, ""exit_z"": 0.5, ""fixed_n_components"": null, ""max_holding_period"": null, ""min_asset_coverage"": 0.6, ""min_train_observations"": 480, ""min_universe_assets"": 5, ""pca_component_selection_method"": ""explained_variance"", ""pca_explained_variance"": 0.9, ""rebalance_frequency"": 24, ""regression_type"": ""OLS"", ""ridge_alpha"": 1.0, ""stage"": ""core"", ""stop_loss_z"": null, ""target"": ""ETH"", ""train_window"": 1440, ""transaction_cost_bps"": 10, ""universe_selection_method"": ""priority_with_coverage_fallback"", ""universe_size"": 30, ""zscore_lookback"": 720}",core,crypto,ETH,priority_with_coverage_fallback,30,30,"BTC,SOL,XRP,BNB,TRX,ADA,AVAX,DOT,NEAR,ATOM,ALGO,DOGE,BCH,LTC,XLM,ETC,LINK,UNI,AAVE,INJ,FIL,VET,FET,GRT,THETA,XTZ,SAND,CHZ,DASH,HBAR","TON,SUI,ICP,MKR,RENDER,RNDR,ARB,OP,MATIC,POL,APT,SEI,EOS,MANA","CHZ,DASH,HBAR",1440,24,0.9,explained_variance,,720,2.5,0.5,10.0,8760.0,0.6,5,480,2131,0,1.0,,,0,0,OLS,,40.20838389290854,0.8909559282645525,0.2859179075935762,3.116124959654573,-0.17989116734964739,0.0032464992568254714,165,118.1951219512195,0.5103177878662815
"{""entry_z"": 2.5, ""exit_z"": 0.5, ""fixed_n_components"": null, ""max_holding_period"": null, ""min_asset_coverage"": 0.6, ""min_train_observations"": 480, ""min_universe_assets"": 5, ""pca_component_selection_method"": ""explained_variance"", ""pca_explained_variance"": 0.7, ""rebalance_frequency"": 24, ""regression_type"": ""OLS"", ""ridge_alpha"": 1.0, ""stage"": ""core"", ""stop_loss_z"": null, ""target"": ""ETH"", ""train_window"": 1440, ""transaction_cost_bps"": 10, ""universe_selection_method"": ""priority_with_coverage_fallback"", ""universe_size"": 30, ""zscore_lookback"": 1440}",core,crypto,ETH,priority_with_coverage_fallback,30,30,"BTC,SOL,XRP,BNB,TRX,ADA,AVAX,DOT,NEAR,ATOM,ALGO,DOGE,BCH,LTC,XLM,ETC,LINK,UNI,AAVE,INJ,FIL,VET,FET,GRT,THETA,XTZ,SAND,CHZ,DASH,HBAR","TON,SUI,ICP,MKR,RENDER,RNDR,ARB,OP,MATIC,POL,APT,SEI,EOS,MANA","CHZ,DASH,HBAR",1440,24,0.7,explained_variance,,1440,2.5,0.5,10.0,8760.0,0.6,5,480,2131,0,1.0,,,0,0,OLS,,32.719577636734236,0.8270849102899611,0.27374390694872985,3.021381989864227,-0.2336816438196494,0.0018774935461159353,96,230.25,0.5161056822294607
"{""entry_z"": 2.5, ""exit_z"": 0.5, ""fixed_n_components"": null, ""max_holding_period"": null, ""min_asset_coverage"": 0.6, ""min_train_observations"": 480, ""min_universe_assets"": 5, ""pca_component_selection_method"": ""explained_variance"", ""pca_explained_variance"": 0.8, ""rebalance_frequency"": 24, ""regression_type"": ""OLS"", ""ridge_alpha"": 1.0, ""stage"": ""core"", ""stop_loss_z"": null, ""target"": ""ETH"", ""train_window"": 1440, ""transaction_cost_bps"": 10, ""universe_selection_method"": ""priority_with_coverage_fallback"", ""universe_size"": 30, ""zscore_lookback"": 1440}",core,crypto,ETH,priority_with_coverage_fallback,30,30,"BTC,SOL,XRP,BNB,TRX,ADA,AVAX,DOT,NEAR,ATOM,ALGO,DOGE,BCH,LTC,XLM,ETC,LINK,UNI,AAVE,INJ,FIL,VET,FET,GRT,THETA,XTZ,SAND,CHZ,DASH,HBAR","TON,SUI,ICP,MKR,RENDER,RNDR,ARB,OP,MATIC,POL,APT,SEI,EOS,MANA","CHZ,DASH,HBAR",1440,24,0.8,explained_variance,,1440,2.5,0.5,10.0,8760.0,0.6,5,480,2131,0,1.0,,,0,0,OLS,,42.75893009090868,0.9105115023227552,0.29882662638380997,3.0469557326304093,-0.2336816438196485,0.00183837909723852,94,182.40425531914894,0.5140557564446518
"{""entry_z"": 2.5, ""exit_z"": 0.5, ""fixed_n_components"": null, ""max_holding_period"": null, ""min_asset_coverage"": 0.6, ""min_train_observations"": 480, ""min_universe_assets"": 5, ""pca_component_selection_method"": ""explained_variance"", ""pca_explained_variance"": 0.9, ""rebalance_frequency"": 24, ""regression_type"": ""OLS"", ""ridge_alpha"": 1.0, ""stage"": ""core"", ""stop_loss_z"": null, ""target"": ""ETH"", ""train_window"": 1440, ""transaction_cost_bps"": 10, ""universe_selection_method"": ""priority_with_coverage_fallback"", ""universe_size"": 30, ""zscore_lookback"": 1440}",core,crypto,ETH,priority_with_coverage_fallback,30,30,"BTC,SOL,XRP,BNB,TRX,ADA,AVAX,DOT,NEAR,ATOM,ALGO,DOGE,BCH,LTC,XLM,ETC,LINK,UNI,AAVE,INJ,FIL,VET,FET,GRT,THETA,XTZ,SAND,CHZ,DASH,HBAR","TON,SUI,ICP,MKR,RENDER,RNDR,ARB,OP,MATIC,POL,APT,SEI,EOS,MANA","CHZ,DASH,HBAR",1440,24,0.9,explained_variance,,1440,2.5,0.5,10.0,8760.0,0.6,5,480,2131,0,1.0,,,0,0,OLS,,52.016036577788476,0.9743660249268475,0.29712626761025707,3.27929951385157,-0.23961726247622428,0.0023859813815223343,121,141.2,0.5112134088762984
"{""entry_z"": 2.5, ""exit_z"": 0.5, ""fixed_n_components"": null, ""max_holding_period"": null, ""min_asset_coverage"": 0.6, ""min_train_observations"": 480, ""min_universe_assets"": 5, ""pca_component_selection_method"": ""explained_variance"", ""pca_explained_variance"": 0.7, ""rebalance_frequency"": 24, ""regression_type"": ""OLS"", ""ridge_alpha"": 1.0, ""stage"": ""core"", ""stop_loss_z"": null, ""target"": ""ETH"", ""train_window"": 2880, ""transaction_cost_bps"": 10, ""universe_selection_method"": ""priority_with_coverage_fallback"", ""universe_size"": 30, ""zscore_lookback"": 336}",core,crypto,ETH,priority_with_coverage_fallback,30,30,"BTC,SOL,XRP,BNB,TRX,ADA,AVAX,DOT,NEAR,ATOM,ALGO,DOGE,BCH,LTC,XLM,ETC,LINK,UNI,AAVE,INJ,FIL,VET,FET,GRT,THETA,XTZ,SAND,CHZ,DASH,HBAR","TON,SUI,ICP,MKR,RENDER,RNDR,ARB,OP,MATIC,POL,APT,SEI,EOS,MANA","CHZ,DASH,HBAR",2880,24,0.7,explained_variance,,336,2.5,0.5,10.0,8760.0,0.6,5,480,2071,0,1.0,,,0,0,OLS,,-0.07081761257941244,-0.01286477411931708,0.43123782452533826,-0.02983220252879553,-0.6149684875575563,0.005151734685663688,253,149.512,0.5015784686179036
"{""entry_z"": 2.5, ""exit_z"": 0.5, ""fixed_n_components"": null, ""max_holding_period"": null, ""min_asset_coverage"": 0.6, ""min_train_observations"": 480, ""min_universe_assets"": 5, ""pca_component_selection_method"": ""explained_variance"", ""pca_explained_variance"": 0.8, ""rebalance_frequency"": 24, ""regression_type"": ""OLS"", ""ridge_alpha"": 1.0, ""stage"": ""core"", ""stop_loss_z"": null, ""target"": ""ETH"", ""train_window"": 2880, ""transaction_cost_bps"": 10, ""universe_selection_method"": ""priority_with_coverage_fallback"", ""universe_size"": 30, ""zscore_lookback"": 336}",core,crypto,ETH,priority_with_coverage_fallback,30,30,"BTC,SOL,XRP,BNB,TRX,ADA,AVAX,DOT,NEAR,ATOM,ALGO,DOGE,BCH,LTC,XLM,ETC,LINK,UNI,AAVE,INJ,FIL,VET,FET,GRT,THETA,XTZ,SAND,CHZ,DASH,HBAR","TON,SUI,ICP,MKR,RENDER,RNDR,ARB,OP,MATIC,POL,APT,SEI,EOS,MANA","CHZ,DASH,HBAR",2880,24,0.8,explained_variance,,336,2.5,0.5,10.0,8760.0,0.6,5,480,2071,0,1.0,,,0,0,OLS,,-0.021849464644381533,-0.0038868819818891343,0.3419095474418035,-0.0113681586576658,-0.5698592010097441,0.005352974321822426,266,134.46616541353384,0.5011183180496533
"{""entry_z"": 2.5, ""exit_z"": 0.5, ""fixed_n_components"": null, ""max_holding_period"": null, ""min_asset_coverage"": 0.6, ""min_train_observations"": 480, ""min_universe_assets"": 5, ""pca_component_selection_method"": ""explained_variance"", ""pca_explained_variance"": 0.9, ""rebalance_frequency"": 24, ""regression_type"": ""OLS"", ""ridge_alpha"": 1.0, ""stage"": ""core"", ""stop_loss_z"": null, ""target"": ""ETH"", ""train_window"": 2880, ""transaction_cost_bps"": 10, ""universe_selection_method"": ""priority_with_coverage_fallback"", ""universe_size"": 30, ""zscore_lookback"": 336}",core,crypto,ETH,priority_with_coverage_fallback,30,30,"BTC,SOL,XRP,BNB,TRX,ADA,AVAX,DOT,NEAR,ATOM,ALGO,DOGE,BCH,LTC,XLM,ETC,LINK,UNI,AAVE,INJ,FIL,VET,FET,GRT,THETA,XTZ,SAND,CHZ,DASH,HBAR","TON,SUI,ICP,MKR,RENDER,RNDR,ARB,OP,MATIC,POL,APT,SEI,EOS,MANA","CHZ,DASH,HBAR",2880,24,0.9,explained_variance,,336,2.5,0.5,10.0,8760.0,0.6,5,480,2071,0,1.0,,,0,0,OLS,,0.6041680387693031,0.08688266101714137,0.3103682617834533,0.2799341031775993,-0.3498159302196311,0.005272478467358931,261,133.44615384615383,0.5057067097071709
"{""entry_z"": 2.5, ""exit_z"": 0.5, ""fixed_n_components"": null, ""max_holding_period"": null, ""min_asset_coverage"": 0.6, ""min_train_observations"": 480, ""min_universe_assets"": 5, ""pca_component_selection_method"": ""explained_variance"", ""pca_explained_variance"": 0.7, ""rebalance_frequency"": 24, ""regression_type"": ""OLS"", ""ridge_alpha"": 1.0, ""stage"": ""core"", ""stop_loss_z"": null, ""target"": ""ETH"", ""train_window"": 2880, ""transaction_cost_bps"": 10, ""universe_selection_method"": ""priority_with_coverage_fallback"", ""universe_size"": 30, ""zscore_lookback"": 720}",core,crypto,ETH,priority_with_coverage_fallback,30,30,"BTC,SOL,XRP,BNB,TRX,ADA,AVAX,DOT,NEAR,ATOM,ALGO,DOGE,BCH,LTC,XLM,ETC,LINK,UNI,AAVE,INJ,FIL,VET,FET,GRT,THETA,XTZ,SAND,CHZ,DASH,HBAR","TON,SUI,ICP,MKR,RENDER,RNDR,ARB,OP,MATIC,POL,APT,SEI,EOS,MANA","CHZ,DASH,HBAR",2880,24,0.7,explained_variance,,720,2.5,0.5,10.0,8760.0,0.6,5,480,2071,0,1.0,,,0,0,OLS,,3.1461614305881156,0.2849384668918451,0.43250071962956876,0.6588161682965318,-0.41485120366598427,0.0026563631972953395,130,265.515625,0.5018537044665451
"{""entry_z"": 2.5, ""exit_z"": 0.5, ""fixed_n_components"": null, ""max_holding_period"": null, ""min_asset_coverage"": 0.6, ""min_train_observations"": 480, ""min_universe_assets"": 5, ""pca_component_selection_method"": ""explained_variance"", ""pca_explained_variance"": 0.8, ""rebalance_frequency"": 24, ""regression_type"": ""OLS"", ""ridge_alpha"": 1.0, ""stage"": ""core"", ""stop_loss_z"": null, ""target"": ""ETH"", ""train_window"": 2880, ""transaction_cost_bps"": 10, ""universe_selection_method"": ""priority_with_coverage_fallback"", ""universe_size"": 30, ""zscore_lookback"": 720}",core,crypto,ETH,priority_with_coverage_fallback,30,30,"BTC,SOL,XRP,BNB,TRX,ADA,AVAX,DOT,NEAR,ATOM,ALGO,DOGE,BCH,LTC,XLM,ETC,LINK,UNI,AAVE,INJ,FIL,VET,FET,GRT,THETA,XTZ,SAND,CHZ,DASH,HBAR","TON,SUI,ICP,MKR,RENDER,RNDR,ARB,OP,MATIC,POL,APT,SEI,EOS,MANA","CHZ,DASH,HBAR",2880,24,0.8,explained_variance,,720,2.5,0.5,10.0,8760.0,0.6,5,480,2071,0,1.0,,,0,0,OLS,,2.7128935201468574,0.26017915620984144,0.3482527586502492,0.7470986223289039,-0.38964976703829624,0.002857602833454077,141,248.4142857142857,0.5032491805164184
"{""entry_z"": 2.5, ""exit_z"": 0.5, ""fixed_n_components"": null, ""max_holding_period"": null, ""min_asset_coverage"": 0.6, ""min_train_observations"": 480, ""min_universe_assets"": 5, ""pca_component_selection_method"": ""explained_variance"", ""pca_explained_variance"": 0.9, ""rebalance_frequency"": 24, ""regression_type"": ""OLS"", ""ridge_alpha"": 1.0, ""stage"": ""core"", ""stop_loss_z"": null, ""target"": ""ETH"", ""train_window"": 2880, ""transaction_cost_bps"": 10, ""universe_selection_method"": ""priority_with_coverage_fallback"", ""universe_size"": 30, ""zscore_lookback"": 720}",core,crypto,ETH,priority_with_coverage_fallback,30,30,"BTC,SOL,XRP,BNB,TRX,ADA,AVAX,DOT,NEAR,ATOM,ALGO,DOGE,BCH,LTC,XLM,ETC,LINK,UNI,AAVE,INJ,FIL,VET,FET,GRT,THETA,XTZ,SAND,CHZ,DASH,HBAR","TON,SUI,ICP,MKR,RENDER,RNDR,ARB,OP,MATIC,POL,APT,SEI,EOS,MANA","CHZ,DASH,HBAR",2880,24,0.9,explained_variance,,720,2.5,0.5,10.0,8760.0,0.6,5,480,2071,0,1.0,,,0,0,OLS,,7.701815777081356,0.46433348718482526,0.312484362809599,1.4859415140326557,-0.2213350415561819,0.002857602833454077,142,199.67605633802816,0.507512167595401
"{""entry_z"": 2.5, ""exit_z"": 0.5, ""fixed_n_components"": null, ""max_holding_period"": null, ""min_asset_coverage"": 0.6, ""min_train_observations"": 480, ""min_universe_assets"": 5, ""pca_component_selection_method"": ""explained_variance"", ""pca_explained_variance"": 0.7, ""rebalance_frequency"": 24, ""regression_type"": ""OLS"", ""ridge_alpha"": 1.0, ""stage"": ""core"", ""stop_loss_z"": null, ""target"": ""ETH"", ""train_window"": 2880, ""transaction_cost_bps"": 10, ""universe_selection_method"": ""priority_with_coverage_fallback"", ""universe_size"": 30, ""zscore_lookback"": 1440}",core,crypto,ETH,priority_with_coverage_fallback,30,30,"BTC,SOL,XRP,BNB,TRX,ADA,AVAX,DOT,NEAR,ATOM,ALGO,DOGE,BCH,LTC,XLM,ETC,LINK,UNI,AAVE,INJ,FIL,VET,FET,GRT,THETA,XTZ,SAND,CHZ,DASH,HBAR","TON,SUI,ICP,MKR,RENDER,RNDR,ARB,OP,MATIC,POL,APT,SEI,EOS,MANA","CHZ,DASH,HBAR",2880,24,0.7,explained_variance,,1440,2.5,0.5,10.0,8760.0,0.6,5,480,2071,0,1.0,,,0,0,OLS,,3.8509757480025284,0.320997559690926,0.3993319901110176,0.8038363257641493,-0.36011593284901044,0.0013684295258794173,68,374.47058823529414,0.5046339930882815
"{""entry_z"": 2.5, ""exit_z"": 0.5, ""fixed_n_components"": null, ""max_holding_period"": null, ""min_asset_coverage"": 0.6, ""min_train_observations"": 480, ""min_universe_assets"": 5, ""pca_component_selection_method"": ""explained_variance"", ""pca_explained_variance"": 0.8, ""rebalance_frequency"": 24, ""regression_type"": ""OLS"", ""ridge_alpha"": 1.0, ""stage"": ""core"", ""stop_loss_z"": null, ""target"": ""ETH"", ""train_window"": 2880, ""transaction_cost_bps"": 10, ""universe_selection_method"": ""priority_with_coverage_fallback"", ""universe_size"": 30, ""zscore_lookback"": 1440}",core,crypto,ETH,priority_with_coverage_fallback,30,30,"BTC,SOL,XRP,BNB,TRX,ADA,AVAX,DOT,NEAR,ATOM,ALGO,DOGE,BCH,LTC,XLM,ETC,LINK,UNI,AAVE,INJ,FIL,VET,FET,GRT,THETA,XTZ,SAND,CHZ,DASH,HBAR","TON,SUI,ICP,MKR,RENDER,RNDR,ARB,OP,MATIC,POL,APT,SEI,EOS,MANA","CHZ,DASH,HBAR",2880,24,0.8,explained_variance,,1440,2.5,0.5,10.0,8760.0,0.6,5,480,2071,0,1.0,,,0,0,OLS,,4.728487556022551,0.3602908449775033,0.3246925615743532,1.109636892297572,-0.35062030149191137,0.0016501650165016502,82,319.8292682926829,0.5099519560741249
"{""entry_z"": 2.5, ""exit_z"": 0.5, ""fixed_n_components"": null, ""max_holding_period"": null, ""min_asset_coverage"": 0.6, ""min_train_observations"": 480, ""min_universe_assets"": 5, ""pca_component_selection_method"": ""explained_variance"", ""pca_explained_variance"": 0.9, ""rebalance_frequency"": 24, ""regression_type"": ""OLS"", ""ridge_alpha"": 1.0, ""stage"": ""core"", ""stop_loss_z"": null, ""target"": ""ETH"", ""train_window"": 2880, ""transaction_cost_bps"": 10, ""universe_selection_method"": ""priority_with_coverage_fallback"", ""universe_size"": 30, ""zscore_lookback"": 1440}",core,crypto,ETH,priority_with_coverage_fallback,30,30,"BTC,SOL,XRP,BNB,TRX,ADA,AVAX,DOT,NEAR,ATOM,ALGO,DOGE,BCH,LTC,XLM,ETC,LINK,UNI,AAVE,INJ,FIL,VET,FET,GRT,THETA,XTZ,SAND,CHZ,DASH,HBAR","TON,SUI,ICP,MKR,RENDER,RNDR,ARB,OP,MATIC,POL,APT,SEI,EOS,MANA","CHZ,DASH,HBAR",2880,24,0.9,explained_variance,,1440,2.5,0.5,10.0,8760.0,0.6,5,480,2071,0,1.0,,,0,0,OLS,,10.537423510200583,0.538986585835427,0.27825935434179155,1.936993590423483,-0.2816041986730564,0.0016904129437333977,83,252.9268292682927,0.5057859209257474
"{""entry_z"": 3.0, ""exit_z"": 0.25, ""fixed_n_components"": null, ""max_holding_period"": null, ""min_asset_coverage"": 0.6, ""min_train_observations"": 480, ""min_universe_assets"": 5, ""pca_component_selection_method"": ""explained_variance"", ""pca_explained_variance"": 0.7, ""rebalance_frequency"": 24, ""regression_type"": ""OLS"", ""ridge_alpha"": 1.0, ""stage"": ""core"", ""stop_loss_z"": null, ""target"": ""ETH"", ""train_window"": 720, ""transaction_cost_bps"": 10, ""universe_selection_method"": ""priority_with_coverage_fallback"", ""universe_size"": 30, ""zscore_lookback"": 336}",core,crypto,ETH,priority_with_coverage_fallback,30,30,"BTC,SOL,XRP,BNB,TRX,ADA,AVAX,DOT,NEAR,ATOM,ALGO,DOGE,BCH,LTC,XLM,ETC,LINK,UNI,AAVE,INJ,FIL,VET,FET,GRT,THETA,XTZ,SAND,CHZ,DASH,HBAR","TON,SUI,ICP,MKR,RENDER,RNDR,ARB,OP,MATIC,POL,APT,SEI,EOS,MANA","CHZ,DASH,HBAR",720,24,0.7,explained_variance,,336,3.0,0.25,10.0,8760.0,0.6,5,480,2161,0,1.0,,,0,0,OLS,,41.17906497145973,0.8816885277331807,0.3226498879248011,2.7326478660940148,-0.19251019273437286,0.0036642752449278716,190,114.15789473684211,0.513969571230982
"{""entry_z"": 3.0, ""exit_z"": 0.25, ""fixed_n_components"": null, ""max_holding_period"": null, ""min_asset_coverage"": 0.6, ""min_train_observations"": 480, ""min_universe_assets"": 5, ""pca_component_selection_method"": ""explained_variance"", ""pca_explained_variance"": 0.8, ""rebalance_frequency"": 24, ""regression_type"": ""OLS"", ""ridge_alpha"": 1.0, ""stage"": ""core"", ""stop_loss_z"": null, ""target"": ""ETH"", ""train_window"": 720, ""transaction_cost_bps"": 10, ""universe_selection_method"": ""priority_with_coverage_fallback"", ""universe_size"": 30, ""zscore_lookback"": 336}",core,crypto,ETH,priority_with_coverage_fallback,30,30,"BTC,SOL,XRP,BNB,TRX,ADA,AVAX,DOT,NEAR,ATOM,ALGO,DOGE,BCH,LTC,XLM,ETC,LINK,UNI,AAVE,INJ,FIL,VET,FET,GRT,THETA,XTZ,SAND,CHZ,DASH,HBAR","TON,SUI,ICP,MKR,RENDER,RNDR,ARB,OP,MATIC,POL,APT,SEI,EOS,MANA","CHZ,DASH,HBAR",720,24,0.8,explained_variance,,336,3.0,0.25,10.0,8760.0,0.6,5,480,2161,0,1.0,,,0,0,OLS,,30.99468192472874,0.7958556144360038,0.29302758551809077,2.715975060944799,-0.1825010587738054,0.0036642752449278716,189,105.2127659574468,0.5161779575328614
"{""entry_z"": 3.0, ""exit_z"": 0.25, ""fixed_n_components"": null, ""max_holding_period"": null, ""min_asset_coverage"": 0.6, ""min_train_observations"": 480, ""min_universe_assets"": 5, ""pca_component_selection_method"": ""explained_variance"", ""pca_explained_variance"": 0.9, ""rebalance_frequency"": 24, ""regression_type"": ""OLS"", ""ridge_alpha"": 1.0, ""stage"": ""core"", ""stop_loss_z"": null, ""target"": ""ETH"", ""train_window"": 720, ""transaction_cost_bps"": 10, ""universe_selection_method"": ""priority_with_coverage_fallback"", ""universe_size"": 30, ""zscore_lookback"": 336}",core,crypto,ETH,priority_with_coverage_fallback,30,30,"BTC,SOL,XRP,BNB,TRX,ADA,AVAX,DOT,NEAR,ATOM,ALGO,DOGE,BCH,LTC,XLM,ETC,LINK,UNI,AAVE,INJ,FIL,VET,FET,GRT,THETA,XTZ,SAND,CHZ,DASH,HBAR","TON,SUI,ICP,MKR,RENDER,RNDR,ARB,OP,MATIC,POL,APT,SEI,EOS,MANA","CHZ,DASH,HBAR",720,24,0.9,explained_variance,,336,3.0,0.25,10.0,8760.0,0.6,5,480,2161,0,1.0,,,0,0,OLS,,51.42816281631304,0.9521236960477306,0.2686433277579056,3.5441926065841463,-0.11872019331572747,0.0036257039265602097,186,71.8804347826087,0.5185241191592318
"{""entry_z"": 3.0, ""exit_z"": 0.25, ""fixed_n_components"": null, ""max_holding_period"": null, ""min_asset_coverage"": 0.6, ""min_train_observations"": 480, ""min_universe_assets"": 5, ""pca_component_selection_method"": ""explained_variance"", ""pca_explained_variance"": 0.7, ""rebalance_frequency"": 24, ""regression_type"": ""OLS"", ""ridge_alpha"": 1.0, ""stage"": ""core"", ""stop_loss_z"": null, ""target"": ""ETH"", ""train_window"": 720, ""transaction_cost_bps"": 10, ""universe_selection_method"": ""priority_with_coverage_fallback"", ""universe_size"": 30, ""zscore_lookback"": 720}",core,crypto,ETH,priority_with_coverage_fallback,30,30,"BTC,SOL,XRP,BNB,TRX,ADA,AVAX,DOT,NEAR,ATOM,ALGO,DOGE,BCH,LTC,XLM,ETC,LINK,UNI,AAVE,INJ,FIL,VET,FET,GRT,THETA,XTZ,SAND,CHZ,DASH,HBAR","TON,SUI,ICP,MKR,RENDER,RNDR,ARB,OP,MATIC,POL,APT,SEI,EOS,MANA","CHZ,DASH,HBAR",720,24,0.7,explained_variance,,720,3.0,0.25,10.0,8760.0,0.6,5,480,2161,0,1.0,,,0,0,OLS,,20.23972740774816,0.6757595109209877,0.28445494135905286,2.375629362219485,-0.1620537238758628,0.001967137236750752,102,172.54901960784315,0.5042045454545454
"{""entry_z"": 3.0, ""exit_z"": 0.25, ""fixed_n_components"": null, ""max_holding_period"": null, ""min_asset_coverage"": 0.6, ""min_train_observations"": 480, ""min_universe_assets"": 5, ""pca_component_selection_method"": ""explained_variance"", ""pca_explained_variance"": 0.8, ""rebalance_frequency"": 24, ""regression_type"": ""OLS"", ""ridge_alpha"": 1.0, ""stage"": ""core"", ""stop_loss_z"": null, ""target"": ""ETH"", ""train_window"": 720, ""transaction_cost_bps"": 10, ""universe_selection_method"": ""priority_with_coverage_fallback"", ""universe_size"": 30, ""zscore_lookback"": 720}",core,crypto,ETH,priority_with_coverage_fallback,30,30,"BTC,SOL,XRP,BNB,TRX,ADA,AVAX,DOT,NEAR,ATOM,ALGO,DOGE,BCH,LTC,XLM,ETC,LINK,UNI,AAVE,INJ,FIL,VET,FET,GRT,THETA,XTZ,SAND,CHZ,DASH,HBAR","TON,SUI,ICP,MKR,RENDER,RNDR,ARB,OP,MATIC,POL,APT,SEI,EOS,MANA","CHZ,DASH,HBAR",720,24,0.8,explained_variance,,720,3.0,0.25,10.0,8760.0,0.6,5,480,2161,0,1.0,,,0,0,OLS,,25.05880672260254,0.7346614196867451,0.2865363315532018,2.563938107619484,-0.18250105877380518,0.0018899946000154285,97,158.85416666666666,0.5130491803278688
"{""entry_z"": 3.0, ""exit_z"": 0.25, ""fixed_n_components"": null, ""max_holding_period"": null, ""min_asset_coverage"": 0.6, ""min_train_observations"": 480, ""min_universe_assets"": 5, ""pca_component_selection_method"": ""explained_variance"", ""pca_explained_variance"": 0.9, ""rebalance_frequency"": 24, ""regression_type"": ""OLS"", ""ridge_alpha"": 1.0, ""stage"": ""core"", ""stop_loss_z"": null, ""target"": ""ETH"", ""train_window"": 720, ""transaction_cost_bps"": 10, ""universe_selection_method"": ""priority_with_coverage_fallback"", ""universe_size"": 30, ""zscore_lookback"": 720}",core,crypto,ETH,priority_with_coverage_fallback,30,30,"BTC,SOL,XRP,BNB,TRX,ADA,AVAX,DOT,NEAR,ATOM,ALGO,DOGE,BCH,LTC,XLM,ETC,LINK,UNI,AAVE,INJ,FIL,VET,FET,GRT,THETA,XTZ,SAND,CHZ,DASH,HBAR","TON,SUI,ICP,MKR,RENDER,RNDR,ARB,OP,MATIC,POL,APT,SEI,EOS,MANA","CHZ,DASH,HBAR",720,24,0.9,explained_variance,,720,3.0,0.25,10.0,8760.0,0.6,5,480,2161,0,1.0,,,0,0,OLS,,24.71782571292493,0.7308057229246725,0.2585153077549697,2.826934038340805,-0.15299265984091281,0.0021599938285890613,111,83.96363636363637,0.5158077089649199
"{""entry_z"": 3.0, ""exit_z"": 0.25, ""fixed_n_components"": null, ""max_holding_period"": null, ""min_asset_coverage"": 0.6, ""min_train_observations"": 480, ""min_universe_assets"": 5, ""pca_component_selection_method"": ""explained_variance"", ""pca_explained_variance"": 0.7, ""rebalance_frequency"": 24, ""regression_type"": ""OLS"", ""ridge_alpha"": 1.0, ""stage"": ""core"", ""stop_loss_z"": null, ""target"": ""ETH"", ""train_window"": 720, ""transaction_cost_bps"": 10, ""universe_selection_method"": ""priority_with_coverage_fallback"", ""universe_size"": 30, ""zscore_lookback"": 1440}",core,crypto,ETH,priority_with_coverage_fallback,30,30,"BTC,SOL,XRP,BNB,TRX,ADA,AVAX,DOT,NEAR,ATOM,ALGO,DOGE,BCH,LTC,XLM,ETC,LINK,UNI,AAVE,INJ,FIL,VET,FET,GRT,THETA,XTZ,SAND,CHZ,DASH,HBAR","TON,SUI,ICP,MKR,RENDER,RNDR,ARB,OP,MATIC,POL,APT,SEI,EOS,MANA","CHZ,DASH,HBAR",720,24,0.7,explained_variance,,1440,3.0,0.25,10.0,8760.0,0.6,5,480,2161,0,1.0,,,0,0,OLS,,15.675509728063144,0.608647720793982,0.23444524013255036,2.5961189079798146,-0.16438912818531437,0.0012728535061328396,65,175.125,0.5144539614561028
"{""entry_z"": 3.0, ""exit_z"": 0.25, ""fixed_n_components"": null, ""max_holding_period"": null, ""min_asset_coverage"": 0.6, ""min_train_observations"": 480, ""min_universe_assets"": 5, ""pca_component_selection_method"": ""explained_variance"", ""pca_explained_variance"": 0.8, ""rebalance_frequency"": 24, ""regression_type"": ""OLS"", ""ridge_alpha"": 1.0, ""stage"": ""core"", ""stop_loss_z"": null, ""target"": ""ETH"", ""train_window"": 720, ""transaction_cost_bps"": 10, ""universe_selection_method"": ""priority_with_coverage_fallback"", ""universe_size"": 30, ""zscore_lookback"": 1440}",core,crypto,ETH,priority_with_coverage_fallback,30,30,"BTC,SOL,XRP,BNB,TRX,ADA,AVAX,DOT,NEAR,ATOM,ALGO,DOGE,BCH,LTC,XLM,ETC,LINK,UNI,AAVE,INJ,FIL,VET,FET,GRT,THETA,XTZ,SAND,CHZ,DASH,HBAR","TON,SUI,ICP,MKR,RENDER,RNDR,ARB,OP,MATIC,POL,APT,SEI,EOS,MANA","CHZ,DASH,HBAR",720,24,0.8,explained_variance,,1440,3.0,0.25,10.0,8760.0,0.6,5,480,2161,0,1.0,,,0,0,OLS,,24.189103569494687,0.7247422521328792,0.2595806359136125,2.7919734828528227,-0.1465299655127471,0.0014657100979711486,75,149.02702702702703,0.5108813928182807
"{""entry_z"": 3.0, ""exit_z"": 0.25, ""fixed_n_components"": null, ""max_holding_period"": null, ""min_asset_coverage"": 0.6, ""min_train_observations"": 480, ""min_universe_assets"": 5, ""pca_component_selection_method"": ""explained_variance"", ""pca_explained_variance"": 0.9, ""rebalance_frequency"": 24, ""regression_type"": ""OLS"", ""ridge_alpha"": 1.0, ""stage"": ""core"", ""stop_loss_z"": null, ""target"": ""ETH"", ""train_window"": 720, ""transaction_cost_bps"": 10, ""universe_selection_method"": ""priority_with_coverage_fallback"", ""universe_size"": 30, ""zscore_lookback"": 1440}",core,crypto,ETH,priority_with_coverage_fallback,30,30,"BTC,SOL,XRP,BNB,TRX,ADA,AVAX,DOT,NEAR,ATOM,ALGO,DOGE,BCH,LTC,XLM,ETC,LINK,UNI,AAVE,INJ,FIL,VET,FET,GRT,THETA,XTZ,SAND,CHZ,DASH,HBAR","TON,SUI,ICP,MKR,RENDER,RNDR,ARB,OP,MATIC,POL,APT,SEI,EOS,MANA","CHZ,DASH,HBAR",720,24,0.9,explained_variance,,1440,3.0,0.25,10.0,8760.0,0.6,5,480,2161,0,1.0,,,0,0,OLS,,33.54365657332093,0.819263450970942,0.26850520656679033,3.0512013582394024,-0.14457509828658932,0.0018128519632801049,91,91.6590909090909,0.5058269278452765
"{""entry_z"": 3.0, ""exit_z"": 0.25, ""fixed_n_components"": null, ""max_holding_period"": null, ""min_asset_coverage"": 0.6, ""min_train_observations"": 480, ""min_universe_assets"": 5, ""pca_component_selection_method"": ""explained_variance"", ""pca_explained_variance"": 0.7, ""rebalance_frequency"": 24, ""regression_type"": ""OLS"", ""ridge_alpha"": 1.0, ""stage"": ""core"", ""stop_loss_z"": null, ""target"": ""ETH"", ""train_window"": 1440, ""transaction_cost_bps"": 10, ""universe_selection_method"": ""priority_with_coverage_fallback"", ""universe_size"": 30, ""zscore_lookback"": 336}",core,crypto,ETH,priority_with_coverage_fallback,30,30,"BTC,SOL,XRP,BNB,TRX,ADA,AVAX,DOT,NEAR,ATOM,ALGO,DOGE,BCH,LTC,XLM,ETC,LINK,UNI,AAVE,INJ,FIL,VET,FET,GRT,THETA,XTZ,SAND,CHZ,DASH,HBAR","TON,SUI,ICP,MKR,RENDER,RNDR,ARB,OP,MATIC,POL,APT,SEI,EOS,MANA","CHZ,DASH,HBAR",1440,24,0.7,explained_variance,,336,3.0,0.25,10.0,8760.0,0.6,5,480,2131,0,1.0,,,0,0,OLS,,1.946077333222715,0.20334874678800907,0.30113869588981934,0.6752660802596101,-0.3213482198904901,0.0034811859500899632,176,169.4022988505747,0.5080743655855612
"{""entry_z"": 3.0, ""exit_z"": 0.25, ""fixed_n_components"": null, ""max_holding_period"": null, ""min_asset_coverage"": 0.6, ""min_train_observations"": 480, ""min_universe_assets"": 5, ""pca_component_selection_method"": ""explained_variance"", ""pca_explained_variance"": 0.8, ""rebalance_frequency"": 24, ""regression_type"": ""OLS"", ""ridge_alpha"": 1.0, ""stage"": ""core"", ""stop_loss_z"": null, ""target"": ""ETH"", ""train_window"": 1440, ""transaction_cost_bps"": 10, ""universe_selection_method"": ""priority_with_coverage_fallback"", ""universe_size"": 30, ""zscore_lookback"": 336}",core,crypto,ETH,priority_with_coverage_fallback,30,30,"BTC,SOL,XRP,BNB,TRX,ADA,AVAX,DOT,NEAR,ATOM,ALGO,DOGE,BCH,LTC,XLM,ETC,LINK,UNI,AAVE,INJ,FIL,VET,FET,GRT,THETA,XTZ,SAND,CHZ,DASH,HBAR","TON,SUI,ICP,MKR,RENDER,RNDR,ARB,OP,MATIC,POL,APT,SEI,EOS,MANA","CHZ,DASH,HBAR",1440,24,0.8,explained_variance,,336,3.0,0.25,10.0,8760.0,0.6,5,480,2131,0,1.0,,,0,0,OLS,,10.565834370662389,0.5210547463094244,0.3201277648525026,1.627646219781961,-0.22968389377398746,0.003559414847844794,179,157.3181818181818,0.5101849176538573
"{""entry_z"": 3.0, ""exit_z"": 0.25, ""fixed_n_components"": null, ""max_holding_period"": null, ""min_asset_coverage"": 0.6, ""min_train_observations"": 480, ""min_universe_assets"": 5, ""pca_component_selection_method"": ""explained_variance"", ""pca_explained_variance"": 0.9, ""rebalance_frequency"": 24, ""regression_type"": ""OLS"", ""ridge_alpha"": 1.0, ""stage"": ""core"", ""stop_loss_z"": null, ""target"": ""ETH"", ""train_window"": 1440, ""transaction_cost_bps"": 10, ""universe_selection_method"": ""priority_with_coverage_fallback"", ""universe_size"": 30, ""zscore_lookback"": 336}",core,crypto,ETH,priority_with_coverage_fallback,30,30,"BTC,SOL,XRP,BNB,TRX,ADA,AVAX,DOT,NEAR,ATOM,ALGO,DOGE,BCH,LTC,XLM,ETC,LINK,UNI,AAVE,INJ,FIL,VET,FET,GRT,THETA,XTZ,SAND,CHZ,DASH,HBAR","TON,SUI,ICP,MKR,RENDER,RNDR,ARB,OP,MATIC,POL,APT,SEI,EOS,MANA","CHZ,DASH,HBAR",1440,24,0.9,explained_variance,,336,3.0,0.25,10.0,8760.0,0.6,5,480,2131,0,1.0,,,0,0,OLS,,35.867700493648314,0.8552387905705208,0.28174957073699375,3.035457297533436,-0.21883032950666859,0.0035985292967222094,183,113.95604395604396,0.520443587270974
"{""entry_z"": 3.0, ""exit_z"": 0.25, ""fixed_n_components"": null, ""max_holding_period"": null, ""min_asset_coverage"": 0.6, ""min_train_observations"": 480, ""min_universe_assets"": 5, ""pca_component_selection_method"": ""explained_variance"", ""pca_explained_variance"": 0.7, ""rebalance_frequency"": 24, ""regression_type"": ""OLS"", ""ridge_alpha"": 1.0, ""stage"": ""core"", ""stop_loss_z"": null, ""target"": ""ETH"", ""train_window"": 1440, ""transaction_cost_bps"": 10, ""universe_selection_method"": ""priority_with_coverage_fallback"", ""universe_size"": 30, ""zscore_lookback"": 720}",core,crypto,ETH,priority_with_coverage_fallback,30,30,"BTC,SOL,XRP,BNB,TRX,ADA,AVAX,DOT,NEAR,ATOM,ALGO,DOGE,BCH,LTC,XLM,ETC,LINK,UNI,AAVE,INJ,FIL,VET,FET,GRT,THETA,XTZ,SAND,CHZ,DASH,HBAR","TON,SUI,ICP,MKR,RENDER,RNDR,ARB,OP,MATIC,POL,APT,SEI,EOS,MANA","CHZ,DASH,HBAR",1440,24,0.7,explained_variance,,720,3.0,0.25,10.0,8760.0,0.6,5,480,2131,0,1.0,,,0,0,OLS,,11.888289680370779,0.5495303417354165,0.2629801730457247,2.0896265120331674,-0.19982258577494127,0.0017992646483611047,92,231.1086956521739,0.5137804533910263
"{""entry_z"": 3.0, ""exit_z"": 0.25, ""fixed_n_components"": null, ""max_holding_period"": null, ""min_asset_coverage"": 0.6, ""min_train_observations"": 480, ""min_universe_assets"": 5, ""pca_component_selection_method"": ""explained_variance"", ""pca_explained_variance"": 0.8, ""rebalance_frequency"": 24, ""regression_type"": ""OLS"", ""ridge_alpha"": 1.0, ""stage"": ""core"", ""stop_loss_z"": null, ""target"": ""ETH"", ""train_window"": 1440, ""transaction_cost_bps"": 10, ""universe_selection_method"": ""priority_with_coverage_fallback"", ""universe_size"": 30, ""zscore_lookback"": 720}",core,crypto,ETH,priority_with_coverage_fallback,30,30,"BTC,SOL,XRP,BNB,TRX,ADA,AVAX,DOT,NEAR,ATOM,ALGO,DOGE,BCH,LTC,XLM,ETC,LINK,UNI,AAVE,INJ,FIL,VET,FET,GRT,THETA,XTZ,SAND,CHZ,DASH,HBAR","TON,SUI,ICP,MKR,RENDER,RNDR,ARB,OP,MATIC,POL,APT,SEI,EOS,MANA","CHZ,DASH,HBAR",1440,24,0.8,explained_variance,,720,3.0,0.25,10.0,8760.0,0.6,5,480,2131,0,1.0,,,0,0,OLS,,11.301830898759865,0.5372164379214575,0.27954364801059467,1.9217622784299395,-0.18197224962866587,0.00183837909723852,93,221.47826086956522,0.5115822536317236
"{""entry_z"": 3.0, ""exit_z"": 0.25, ""fixed_n_components"": null, ""max_holding_period"": null, ""min_asset_coverage"": 0.6, ""min_train_observations"": 480, ""min_universe_assets"": 5, ""pca_component_selection_method"": ""explained_variance"", ""pca_explained_variance"": 0.9, ""rebalance_frequency"": 24, ""regression_type"": ""OLS"", ""ridge_alpha"": 1.0, ""stage"": ""core"", ""stop_loss_z"": null, ""target"": ""ETH"", ""train_window"": 1440, ""transaction_cost_bps"": 10, ""universe_selection_method"": ""priority_with_coverage_fallback"", ""universe_size"": 30, ""zscore_lookback"": 720}",core,crypto,ETH,priority_with_coverage_fallback,30,30,"BTC,SOL,XRP,BNB,TRX,ADA,AVAX,DOT,NEAR,ATOM,ALGO,DOGE,BCH,LTC,XLM,ETC,LINK,UNI,AAVE,INJ,FIL,VET,FET,GRT,THETA,XTZ,SAND,CHZ,DASH,HBAR","TON,SUI,ICP,MKR,RENDER,RNDR,ARB,OP,MATIC,POL,APT,SEI,EOS,MANA","CHZ,DASH,HBAR",1440,24,0.9,explained_variance,,720,3.0,0.25,10.0,8760.0,0.6,5,480,2131,0,1.0,,,0,0,OLS,,39.28742670503755,0.883647822959057,0.2871969740720212,3.076800602841526,-0.17989116734964727,0.0021121802393804273,107,156.66037735849056,0.514633265084909
"{""entry_z"": 3.0, ""exit_z"": 0.25, ""fixed_n_components"": null, ""max_holding_period"": null, ""min_asset_coverage"": 0.6, ""min_train_observations"": 480, ""min_universe_assets"": 5, ""pca_component_selection_method"": ""explained_variance"", ""pca_explained_variance"": 0.7, ""rebalance_frequency"": 24, ""regression_type"": ""OLS"", ""ridge_alpha"": 1.0, ""stage"": ""core"", ""stop_loss_z"": null, ""target"": ""ETH"", ""train_window"": 1440, ""transaction_cost_bps"": 10, ""universe_selection_method"": ""priority_with_coverage_fallback"", ""universe_size"": 30, ""zscore_lookback"": 1440}",core,crypto,ETH,priority_with_coverage_fallback,30,30,"BTC,SOL,XRP,BNB,TRX,ADA,AVAX,DOT,NEAR,ATOM,ALGO,DOGE,BCH,LTC,XLM,ETC,LINK,UNI,AAVE,INJ,FIL,VET,FET,GRT,THETA,XTZ,SAND,CHZ,DASH,HBAR","TON,SUI,ICP,MKR,RENDER,RNDR,ARB,OP,MATIC,POL,APT,SEI,EOS,MANA","CHZ,DASH,HBAR",1440,24,0.7,explained_variance,,1440,3.0,0.25,10.0,8760.0,0.6,5,480,2131,0,1.0,,,0,0,OLS,,9.284074186574568,0.4907521485325079,0.23084141030705116,2.125927700232551,-0.25396406652148074,0.0009387467730579676,48,274.4166666666667,0.5110841178256909
"{""entry_z"": 3.0, ""exit_z"": 0.25, ""fixed_n_components"": null, ""max_holding_period"": null, ""min_asset_coverage"": 0.6, ""min_train_observations"": 480, ""min_universe_assets"": 5, ""pca_component_selection_method"": ""explained_variance"", ""pca_explained_variance"": 0.8, ""rebalance_frequency"": 24, ""regression_type"": ""OLS"", ""ridge_alpha"": 1.0, ""stage"": ""core"", ""stop_loss_z"": null, ""target"": ""ETH"", ""train_window"": 1440, ""transaction_cost_bps"": 10, ""universe_selection_method"": ""priority_with_coverage_fallback"", ""universe_size"": 30, ""zscore_lookback"": 1440}",core,crypto,ETH,priority_with_coverage_fallback,30,30,"BTC,SOL,XRP,BNB,TRX,ADA,AVAX,DOT,NEAR,ATOM,ALGO,DOGE,BCH,LTC,XLM,ETC,LINK,UNI,AAVE,INJ,FIL,VET,FET,GRT,THETA,XTZ,SAND,CHZ,DASH,HBAR","TON,SUI,ICP,MKR,RENDER,RNDR,ARB,OP,MATIC,POL,APT,SEI,EOS,MANA","CHZ,DASH,HBAR",1440,24,0.8,explained_variance,,1440,3.0,0.25,10.0,8760.0,0.6,5,480,2131,0,1.0,,,0,0,OLS,,8.204735497562949,0.4627013357852503,0.25348811975837143,1.8253373618704654,-0.23368164381965006,0.0009778612219353828,49,261.7083333333333,0.5137716924056679
"{""entry_z"": 3.0, ""exit_z"": 0.25, ""fixed_n_components"": null, ""max_holding_period"": null, ""min_asset_coverage"": 0.6, ""min_train_observations"": 480, ""min_universe_assets"": 5, ""pca_component_selection_method"": ""explained_variance"", ""pca_explained_variance"": 0.9, ""rebalance_frequency"": 24, ""regression_type"": ""OLS"", ""ridge_alpha"": 1.0, ""stage"": ""core"", ""stop_loss_z"": null, ""target"": ""ETH"", ""train_window"": 1440, ""transaction_cost_bps"": 10, ""universe_selection_method"": ""priority_with_coverage_fallback"", ""universe_size"": 30, ""zscore_lookback"": 1440}",core,crypto,ETH,priority_with_coverage_fallback,30,30,"BTC,SOL,XRP,BNB,TRX,ADA,AVAX,DOT,NEAR,ATOM,ALGO,DOGE,BCH,LTC,XLM,ETC,LINK,UNI,AAVE,INJ,FIL,VET,FET,GRT,THETA,XTZ,SAND,CHZ,DASH,HBAR","TON,SUI,ICP,MKR,RENDER,RNDR,ARB,OP,MATIC,POL,APT,SEI,EOS,MANA","CHZ,DASH,HBAR",1440,24,0.9,explained_variance,,1440,3.0,0.25,10.0,8760.0,0.6,5,480,2131,0,1.0,,,0,0,OLS,,13.452626227722819,0.5802418989839195,0.24192599057069067,2.398427294294257,-0.23368164381965006,0.0012907768129547055,66,152.63636363636363,0.516577327774469
"{""entry_z"": 3.0, ""exit_z"": 0.25, ""fixed_n_components"": null, ""max_holding_period"": null, ""min_asset_coverage"": 0.6, ""min_train_observations"": 480, ""min_universe_assets"": 5, ""pca_component_selection_method"": ""explained_variance"", ""pca_explained_variance"": 0.7, ""rebalance_frequency"": 24, ""regression_type"": ""OLS"", ""ridge_alpha"": 1.0, ""stage"": ""core"", ""stop_loss_z"": null, ""target"": ""ETH"", ""train_window"": 2880, ""transaction_cost_bps"": 10, ""universe_selection_method"": ""priority_with_coverage_fallback"", ""universe_size"": 30, ""zscore_lookback"": 336}",core,crypto,ETH,priority_with_coverage_fallback,30,30,"BTC,SOL,XRP,BNB,TRX,ADA,AVAX,DOT,NEAR,ATOM,ALGO,DOGE,BCH,LTC,XLM,ETC,LINK,UNI,AAVE,INJ,FIL,VET,FET,GRT,THETA,XTZ,SAND,CHZ,DASH,HBAR","TON,SUI,ICP,MKR,RENDER,RNDR,ARB,OP,MATIC,POL,APT,SEI,EOS,MANA","CHZ,DASH,HBAR",2880,24,0.7,explained_variance,,336,3.0,0.25,10.0,8760.0,0.6,5,480,2071,0,1.0,,,0,0,OLS,,1.0154837682971842,0.13150840990219326,0.4075390398465305,0.32268910961687547,-0.5487925801346218,0.003421073814698543,166,190.69135802469137,0.5053088178169105
"{""entry_z"": 3.0, ""exit_z"": 0.25, ""fixed_n_components"": null, ""max_holding_period"": null, ""min_asset_coverage"": 0.6, ""min_train_observations"": 480, ""min_universe_assets"": 5, ""pca_component_selection_method"": ""explained_variance"", ""pca_explained_variance"": 0.8, ""rebalance_frequency"": 24, ""regression_type"": ""OLS"", ""ridge_alpha"": 1.0, ""stage"": ""core"", ""stop_loss_z"": null, ""target"": ""ETH"", ""train_window"": 2880, ""transaction_cost_bps"": 10, ""universe_selection_method"": ""priority_with_coverage_fallback"", ""universe_size"": 30, ""zscore_lookback"": 336}",core,crypto,ETH,priority_with_coverage_fallback,30,30,"BTC,SOL,XRP,BNB,TRX,ADA,AVAX,DOT,NEAR,ATOM,ALGO,DOGE,BCH,LTC,XLM,ETC,LINK,UNI,AAVE,INJ,FIL,VET,FET,GRT,THETA,XTZ,SAND,CHZ,DASH,HBAR","TON,SUI,ICP,MKR,RENDER,RNDR,ARB,OP,MATIC,POL,APT,SEI,EOS,MANA","CHZ,DASH,HBAR",2880,24,0.8,explained_variance,,336,3.0,0.25,10.0,8760.0,0.6,5,480,2071,0,1.0,,,0,0,OLS,,-0.5149494001162969,-0.11974463654964707,0.3348728193733893,-0.35758243017068997,-0.6399188228340786,0.0033405779602350477,165,199.1829268292683,0.5037041572276986
"{""entry_z"": 3.0, ""exit_z"": 0.25, ""fixed_n_components"": null, ""max_holding_period"": null, ""min_asset_coverage"": 0.6, ""min_train_observations"": 480, ""min_universe_assets"": 5, ""pca_component_selection_method"": ""explained_variance"", ""pca_explained_variance"": 0.9, ""rebalance_frequency"": 24, ""regression_type"": ""OLS"", ""ridge_alpha"": 1.0, ""stage"": ""core"", ""stop_loss_z"": null, ""target"": ""ETH"", ""train_window"": 2880, ""transaction_cost_bps"": 10, ""universe_selection_method"": ""priority_with_coverage_fallback"", ""universe_size"": 30, ""zscore_lookback"": 336}",core,crypto,ETH,priority_with_coverage_fallback,30,30,"BTC,SOL,XRP,BNB,TRX,ADA,AVAX,DOT,NEAR,ATOM,ALGO,DOGE,BCH,LTC,XLM,ETC,LINK,UNI,AAVE,INJ,FIL,VET,FET,GRT,THETA,XTZ,SAND,CHZ,DASH,HBAR","TON,SUI,ICP,MKR,RENDER,RNDR,ARB,OP,MATIC,POL,APT,SEI,EOS,MANA","CHZ,DASH,HBAR",2880,24,0.9,explained_variance,,336,3.0,0.25,10.0,8760.0,0.6,5,480,2071,0,1.0,,,0,0,OLS,,1.574591699614651,0.18141397123876413,0.2820356237899013,0.6432306983103172,-0.28862368977015906,0.0030185945423810675,149,178.5810810810811,0.5057132046916383
"{""entry_z"": 3.0, ""exit_z"": 0.25, ""fixed_n_components"": null, ""max_holding_period"": null, ""min_asset_coverage"": 0.6, ""min_train_observations"": 480, ""min_universe_assets"": 5, ""pca_component_selection_method"": ""explained_variance"", ""pca_explained_variance"": 0.7, ""rebalance_frequency"": 24, ""regression_type"": ""OLS"", ""ridge_alpha"": 1.0, ""stage"": ""core"", ""stop_loss_z"": null, ""target"": ""ETH"", ""train_window"": 2880, ""transaction_cost_bps"": 10, ""universe_selection_method"": ""priority_with_coverage_fallback"", ""universe_size"": 30, ""zscore_lookback"": 720}",core,crypto,ETH,priority_with_coverage_fallback,30,30,"BTC,SOL,XRP,BNB,TRX,ADA,AVAX,DOT,NEAR,ATOM,ALGO,DOGE,BCH,LTC,XLM,ETC,LINK,UNI,AAVE,INJ,FIL,VET,FET,GRT,THETA,XTZ,SAND,CHZ,DASH,HBAR","TON,SUI,ICP,MKR,RENDER,RNDR,ARB,OP,MATIC,POL,APT,SEI,EOS,MANA","CHZ,DASH,HBAR",2880,24,0.7,explained_variance,,720,3.0,0.25,10.0,8760.0,0.6,5,480,2071,0,1.0,,,0,0,OLS,,2.701007197771975,0.2594670278373521,0.40905184395157823,0.6343133069168285,-0.35329531773595346,0.0017306608709651452,85,359.2142857142857,0.5036123815205144
"{""entry_z"": 3.0, ""exit_z"": 0.25, ""fixed_n_components"": null, ""max_holding_period"": null, ""min_asset_coverage"": 0.6, ""min_train_observations"": 480, ""min_universe_assets"": 5, ""pca_component_selection_method"": ""explained_variance"", ""pca_explained_variance"": 0.8, ""rebalance_frequency"": 24, ""regression_type"": ""OLS"", ""ridge_alpha"": 1.0, ""stage"": ""core"", ""stop_loss_z"": null, ""target"": ""ETH"", ""train_window"": 2880, ""transaction_cost_bps"": 10, ""universe_selection_method"": ""priority_with_coverage_fallback"", ""universe_size"": 30, ""zscore_lookback"": 720}",core,crypto,ETH,priority_with_coverage_fallback,30,30,"BTC,SOL,XRP,BNB,TRX,ADA,AVAX,DOT,NEAR,ATOM,ALGO,DOGE,BCH,LTC,XLM,ETC,LINK,UNI,AAVE,INJ,FIL,VET,FET,GRT,THETA,XTZ,SAND,CHZ,DASH,HBAR","TON,SUI,ICP,MKR,RENDER,RNDR,ARB,OP,MATIC,POL,APT,SEI,EOS,MANA","CHZ,DASH,HBAR",2880,24,0.8,explained_variance,,720,3.0,0.25,10.0,8760.0,0.6,5,480,2071,0,1.0,,,0,0,OLS,,4.599168642238722,0.35482639458812626,0.3330392384157879,1.0654191868681187,-0.353295317735955,0.0018111567254286405,90,302.77777777777777,0.5160366972477064
"{""entry_z"": 3.0, ""exit_z"": 0.25, ""fixed_n_components"": null, ""max_holding_period"": null, ""min_asset_coverage"": 0.6, ""min_train_observations"": 480, ""min_universe_assets"": 5, ""pca_component_selection_method"": ""explained_variance"", ""pca_explained_variance"": 0.9, ""rebalance_frequency"": 24, ""regression_type"": ""OLS"", ""ridge_alpha"": 1.0, ""stage"": ""core"", ""stop_loss_z"": null, ""target"": ""ETH"", ""train_window"": 2880, ""transaction_cost_bps"": 10, ""universe_selection_method"": ""priority_with_coverage_fallback"", ""universe_size"": 30, ""zscore_lookback"": 720}",core,crypto,ETH,priority_with_coverage_fallback,30,30,"BTC,SOL,XRP,BNB,TRX,ADA,AVAX,DOT,NEAR,ATOM,ALGO,DOGE,BCH,LTC,XLM,ETC,LINK,UNI,AAVE,INJ,FIL,VET,FET,GRT,THETA,XTZ,SAND,CHZ,DASH,HBAR","TON,SUI,ICP,MKR,RENDER,RNDR,ARB,OP,MATIC,POL,APT,SEI,EOS,MANA","CHZ,DASH,HBAR",2880,24,0.9,explained_variance,,720,3.0,0.25,10.0,8760.0,0.6,5,480,2071,0,1.0,,,0,0,OLS,,6.080400247804555,0.4120602378847116,0.26616444281830354,1.5481415681282547,-0.19680126813040533,0.0017709087981968928,88,244.0,0.5088487332339792
"{""entry_z"": 3.0, ""exit_z"": 0.25, ""fixed_n_components"": null, ""max_holding_period"": null, ""min_asset_coverage"": 0.6, ""min_train_observations"": 480, ""min_universe_assets"": 5, ""pca_component_selection_method"": ""explained_variance"", ""pca_explained_variance"": 0.7, ""rebalance_frequency"": 24, ""regression_type"": ""OLS"", ""ridge_alpha"": 1.0, ""stage"": ""core"", ""stop_loss_z"": null, ""target"": ""ETH"", ""train_window"": 2880, ""transaction_cost_bps"": 10, ""universe_selection_method"": ""priority_with_coverage_fallback"", ""universe_size"": 30, ""zscore_lookback"": 1440}",core,crypto,ETH,priority_with_coverage_fallback,30,30,"BTC,SOL,XRP,BNB,TRX,ADA,AVAX,DOT,NEAR,ATOM,ALGO,DOGE,BCH,LTC,XLM,ETC,LINK,UNI,AAVE,INJ,FIL,VET,FET,GRT,THETA,XTZ,SAND,CHZ,DASH,HBAR","TON,SUI,ICP,MKR,RENDER,RNDR,ARB,OP,MATIC,POL,APT,SEI,EOS,MANA","CHZ,DASH,HBAR",2880,24,0.7,explained_variance,,1440,3.0,0.25,10.0,8760.0,0.6,5,480,2071,0,1.0,,,0,0,OLS,,9.113013242040259,0.5036484055211905,0.39224316700531214,1.284020852081203,-0.3059654903603599,0.0011269419624889319,56,435.67857142857144,0.508402328059677
"{""entry_z"": 3.0, ""exit_z"": 0.25, ""fixed_n_components"": null, ""max_holding_period"": null, ""min_asset_coverage"": 0.6, ""min_train_observations"": 480, ""min_universe_assets"": 5, ""pca_component_selection_method"": ""explained_variance"", ""pca_explained_variance"": 0.8, ""rebalance_frequency"": 24, ""regression_type"": ""OLS"", ""ridge_alpha"": 1.0, ""stage"": ""core"", ""stop_loss_z"": null, ""target"": ""ETH"", ""train_window"": 2880, ""transaction_cost_bps"": 10, ""universe_selection_method"": ""priority_with_coverage_fallback"", ""universe_size"": 30, ""zscore_lookback"": 1440}",core,crypto,ETH,priority_with_coverage_fallback,30,30,"BTC,SOL,XRP,BNB,TRX,ADA,AVAX,DOT,NEAR,ATOM,ALGO,DOGE,BCH,LTC,XLM,ETC,LINK,UNI,AAVE,INJ,FIL,VET,FET,GRT,THETA,XTZ,SAND,CHZ,DASH,HBAR","TON,SUI,ICP,MKR,RENDER,RNDR,ARB,OP,MATIC,POL,APT,SEI,EOS,MANA","CHZ,DASH,HBAR",2880,24,0.8,explained_variance,,1440,3.0,0.25,10.0,8760.0,0.6,5,480,2071,0,1.0,,,0,0,OLS,,4.817765941282865,0.36400436201594544,0.27317697740122787,1.332485502544071,-0.28816621248465923,0.0009659502535619416,48,401.5416666666667,0.5075230880979558
"{""entry_z"": 3.0, ""exit_z"": 0.25, ""fixed_n_components"": null, ""max_holding_period"": null, ""min_asset_coverage"": 0.6, ""min_train_observations"": 480, ""min_universe_assets"": 5, ""pca_component_selection_method"": ""explained_variance"", ""pca_explained_variance"": 0.9, ""rebalance_frequency"": 24, ""regression_type"": ""OLS"", ""ridge_alpha"": 1.0, ""stage"": ""core"", ""stop_loss_z"": null, ""target"": ""ETH"", ""train_window"": 2880, ""transaction_cost_bps"": 10, ""universe_selection_method"": ""priority_with_coverage_fallback"", ""universe_size"": 30, ""zscore_lookback"": 1440}",core,crypto,ETH,priority_with_coverage_fallback,30,30,"BTC,SOL,XRP,BNB,TRX,ADA,AVAX,DOT,NEAR,ATOM,ALGO,DOGE,BCH,LTC,XLM,ETC,LINK,UNI,AAVE,INJ,FIL,VET,FET,GRT,THETA,XTZ,SAND,CHZ,DASH,HBAR","TON,SUI,ICP,MKR,RENDER,RNDR,ARB,OP,MATIC,POL,APT,SEI,EOS,MANA","CHZ,DASH,HBAR",2880,24,0.9,explained_variance,,1440,3.0,0.25,10.0,8760.0,0.6,5,480,2071,0,1.0,,,0,0,OLS,,8.245450292724538,0.4800606740314879,0.24372968515226776,1.9696438442923956,-0.2816041986730564,0.0010866940352571844,54,284.962962962963,0.5075383415648558
"{""entry_z"": 3.0, ""exit_z"": 0.5, ""fixed_n_components"": null, ""max_holding_period"": null, ""min_asset_coverage"": 0.6, ""min_train_observations"": 480, ""min_universe_assets"": 5, ""pca_component_selection_method"": ""explained_variance"", ""pca_explained_variance"": 0.7, ""rebalance_frequency"": 24, ""regression_type"": ""OLS"", ""ridge_alpha"": 1.0, ""stage"": ""core"", ""stop_loss_z"": null, ""target"": ""ETH"", ""train_window"": 720, ""transaction_cost_bps"": 10, ""universe_selection_method"": ""priority_with_coverage_fallback"", ""universe_size"": 30, ""zscore_lookback"": 336}",core,crypto,ETH,priority_with_coverage_fallback,30,30,"BTC,SOL,XRP,BNB,TRX,ADA,AVAX,DOT,NEAR,ATOM,ALGO,DOGE,BCH,LTC,XLM,ETC,LINK,UNI,AAVE,INJ,FIL,VET,FET,GRT,THETA,XTZ,SAND,CHZ,DASH,HBAR","TON,SUI,ICP,MKR,RENDER,RNDR,ARB,OP,MATIC,POL,APT,SEI,EOS,MANA","CHZ,DASH,HBAR",720,24,0.7,explained_variance,,336,3.0,0.5,10.0,8760.0,0.6,5,480,2161,0,1.0,,,0,0,OLS,,29.506213767486205,0.7814600418064168,0.29296359467746513,2.66743054769913,-0.1949633688071004,0.0037028465632955336,192,96.05208333333333,0.5127426526407114
"{""entry_z"": 3.0, ""exit_z"": 0.5, ""fixed_n_components"": null, ""max_holding_period"": null, ""min_asset_coverage"": 0.6, ""min_train_observations"": 480, ""min_universe_assets"": 5, ""pca_component_selection_method"": ""explained_variance"", ""pca_explained_variance"": 0.8, ""rebalance_frequency"": 24, ""regression_type"": ""OLS"", ""ridge_alpha"": 1.0, ""stage"": ""core"", ""stop_loss_z"": null, ""target"": ""ETH"", ""train_window"": 720, ""transaction_cost_bps"": 10, ""universe_selection_method"": ""priority_with_coverage_fallback"", ""universe_size"": 30, ""zscore_lookback"": 336}",core,crypto,ETH,priority_with_coverage_fallback,30,30,"BTC,SOL,XRP,BNB,TRX,ADA,AVAX,DOT,NEAR,ATOM,ALGO,DOGE,BCH,LTC,XLM,ETC,LINK,UNI,AAVE,INJ,FIL,VET,FET,GRT,THETA,XTZ,SAND,CHZ,DASH,HBAR","TON,SUI,ICP,MKR,RENDER,RNDR,ARB,OP,MATIC,POL,APT,SEI,EOS,MANA","CHZ,DASH,HBAR",720,24,0.8,explained_variance,,336,3.0,0.5,10.0,8760.0,0.6,5,480,2161,0,1.0,,,0,0,OLS,,23.458010225727964,0.7161812828599163,0.2749883254923012,2.6044061382524664,-0.1558374867453859,0.003741417881663195,193,80.63541666666667,0.515824828833484
"{""entry_z"": 3.0, ""exit_z"": 0.5, ""fixed_n_components"": null, ""max_holding_period"": null, ""min_asset_coverage"": 0.6, ""min_train_observations"": 480, ""min_universe_assets"": 5, ""pca_component_selection_method"": ""explained_variance"", ""pca_explained_variance"": 0.9, ""rebalance_frequency"": 24, ""regression_type"": ""OLS"", ""ridge_alpha"": 1.0, ""stage"": ""core"", ""stop_loss_z"": null, ""target"": ""ETH"", ""train_window"": 720, ""transaction_cost_bps"": 10, ""universe_selection_method"": ""priority_with_coverage_fallback"", ""universe_size"": 30, ""zscore_lookback"": 336}",core,crypto,ETH,priority_with_coverage_fallback,30,30,"BTC,SOL,XRP,BNB,TRX,ADA,AVAX,DOT,NEAR,ATOM,ALGO,DOGE,BCH,LTC,XLM,ETC,LINK,UNI,AAVE,INJ,FIL,VET,FET,GRT,THETA,XTZ,SAND,CHZ,DASH,HBAR","TON,SUI,ICP,MKR,RENDER,RNDR,ARB,OP,MATIC,POL,APT,SEI,EOS,MANA","CHZ,DASH,HBAR",720,24,0.9,explained_variance,,336,3.0,0.5,10.0,8760.0,0.6,5,480,2161,0,1.0,,,0,0,OLS,,41.60049272447247,0.8848516549563474,0.2590712263835827,3.41547638195154,-0.11872019331572758,0.0037028465632955336,191,57.63157894736842,0.5205479452054794
"{""entry_z"": 3.0, ""exit_z"": 0.5, ""fixed_n_components"": null, ""max_holding_period"": null, ""min_asset_coverage"": 0.6, ""min_train_observations"": 480, ""min_universe_assets"": 5, ""pca_component_selection_method"": ""explained_variance"", ""pca_explained_variance"": 0.7, ""rebalance_frequency"": 24, ""regression_type"": ""OLS"", ""ridge_alpha"": 1.0, ""stage"": ""core"", ""stop_loss_z"": null, ""target"": ""ETH"", ""train_window"": 720, ""transaction_cost_bps"": 10, ""universe_selection_method"": ""priority_with_coverage_fallback"", ""universe_size"": 30, ""zscore_lookback"": 720}",core,crypto,ETH,priority_with_coverage_fallback,30,30,"BTC,SOL,XRP,BNB,TRX,ADA,AVAX,DOT,NEAR,ATOM,ALGO,DOGE,BCH,LTC,XLM,ETC,LINK,UNI,AAVE,INJ,FIL,VET,FET,GRT,THETA,XTZ,SAND,CHZ,DASH,HBAR","TON,SUI,ICP,MKR,RENDER,RNDR,ARB,OP,MATIC,POL,APT,SEI,EOS,MANA","CHZ,DASH,HBAR",720,24,0.7,explained_variance,,720,3.0,0.5,10.0,8760.0,0.6,5,480,2161,0,1.0,,,0,0,OLS,,16.88659210844957,0.62781477985088,0.2679709538593696,2.342846382449179,-0.1542775909670181,0.001967137236750752,102,135.01960784313727,0.5043566656985188
"{""entry_z"": 3.0, ""exit_z"": 0.5, ""fixed_n_components"": null, ""max_holding_period"": null, ""min_asset_coverage"": 0.6, ""min_train_observations"": 480, ""min_universe_assets"": 5, ""pca_component_selection_method"": ""explained_variance"", ""pca_explained_variance"": 0.8, ""rebalance_frequency"": 24, ""regression_type"": ""OLS"", ""ridge_alpha"": 1.0, ""stage"": ""core"", ""stop_loss_z"": null, ""target"": ""ETH"", ""train_window"": 720, ""transaction_cost_bps"": 10, ""universe_selection_method"": ""priority_with_coverage_fallback"", ""universe_size"": 30, ""zscore_lookback"": 720}",core,crypto,ETH,priority_with_coverage_fallback,30,30,"BTC,SOL,XRP,BNB,TRX,ADA,AVAX,DOT,NEAR,ATOM,ALGO,DOGE,BCH,LTC,XLM,ETC,LINK,UNI,AAVE,INJ,FIL,VET,FET,GRT,THETA,XTZ,SAND,CHZ,DASH,HBAR","TON,SUI,ICP,MKR,RENDER,RNDR,ARB,OP,MATIC,POL,APT,SEI,EOS,MANA","CHZ,DASH,HBAR",720,24,0.8,explained_variance,,720,3.0,0.5,10.0,8760.0,0.6,5,480,2161,0,1.0,,,0,0,OLS,,19.59007732313688,0.6669880937398021,0.2725622287263711,2.4471039030481383,-0.146529965512748,0.0019285659183830904,99,127.0,0.512453800417805
"{""entry_z"": 3.0, ""exit_z"": 0.5, ""fixed_n_components"": null, ""max_holding_period"": null, ""min_asset_coverage"": 0.6, ""min_train_observations"": 480, ""min_universe_assets"": 5, ""pca_component_selection_method"": ""explained_variance"", ""pca_explained_variance"": 0.9, ""rebalance_frequency"": 24, ""regression_type"": ""OLS"", ""ridge_alpha"": 1.0, ""stage"": ""core"", ""stop_loss_z"": null, ""target"": ""ETH"", ""train_window"": 720, ""transaction_cost_bps"": 10, ""universe_selection_method"": ""priority_with_coverage_fallback"", ""universe_size"": 30, ""zscore_lookback"": 720}",core,crypto,ETH,priority_with_coverage_fallback,30,30,"BTC,SOL,XRP,BNB,TRX,ADA,AVAX,DOT,NEAR,ATOM,ALGO,DOGE,BCH,LTC,XLM,ETC,LINK,UNI,AAVE,INJ,FIL,VET,FET,GRT,THETA,XTZ,SAND,CHZ,DASH,HBAR","TON,SUI,ICP,MKR,RENDER,RNDR,ARB,OP,MATIC,POL,APT,SEI,EOS,MANA","CHZ,DASH,HBAR",720,24,0.9,explained_variance,,720,3.0,0.5,10.0,8760.0,0.6,5,480,2161,0,1.0,,,0,0,OLS,,21.099940923703407,0.6870370744407437,0.25003377372825114,2.747777087056443,-0.1529926598409127,0.0021599938285890613,111,69.0909090909091,0.5189473684210526
"{""entry_z"": 3.0, ""exit_z"": 0.5, ""fixed_n_components"": null, ""max_holding_period"": null, ""min_asset_coverage"": 0.6, ""min_train_observations"": 480, ""min_universe_assets"": 5, ""pca_component_selection_method"": ""explained_variance"", ""pca_explained_variance"": 0.7, ""rebalance_frequency"": 24, ""regression_type"": ""OLS"", ""ridge_alpha"": 1.0, ""stage"": ""core"", ""stop_loss_z"": null, ""target"": ""ETH"", ""train_window"": 720, ""transaction_cost_bps"": 10, ""universe_selection_method"": ""priority_with_coverage_fallback"", ""universe_size"": 30, ""zscore_lookback"": 1440}",core,crypto,ETH,priority_with_coverage_fallback,30,30,"BTC,SOL,XRP,BNB,TRX,ADA,AVAX,DOT,NEAR,ATOM,ALGO,DOGE,BCH,LTC,XLM,ETC,LINK,UNI,AAVE,INJ,FIL,VET,FET,GRT,THETA,XTZ,SAND,CHZ,DASH,HBAR","TON,SUI,ICP,MKR,RENDER,RNDR,ARB,OP,MATIC,POL,APT,SEI,EOS,MANA","CHZ,DASH,HBAR",720,24,0.7,explained_variance,,1440,3.0,0.5,10.0,8760.0,0.6,5,480,2161,0,1.0,,,0,0,OLS,,11.523999044807871,0.532693491926399,0.2289842296980277,2.3263326589297746,-0.16438912818531415,0.0012728535061328396,66,153.87878787878788,0.5108310358408822
"{""entry_z"": 3.0, ""exit_z"": 0.5, ""fixed_n_components"": null, ""max_holding_period"": null, ""min_asset_coverage"": 0.6, ""min_train_observations"": 480, ""min_universe_assets"": 5, ""pca_component_selection_method"": ""explained_variance"", ""pca_explained_variance"": 0.8, ""rebalance_frequency"": 24, ""regression_type"": ""OLS"", ""ridge_alpha"": 1.0, ""stage"": ""core"", ""stop_loss_z"": null, ""target"": ""ETH"", ""train_window"": 720, ""transaction_cost_bps"": 10, ""universe_selection_method"": ""priority_with_coverage_fallback"", ""universe_size"": 30, ""zscore_lookback"": 1440}",core,crypto,ETH,priority_with_coverage_fallback,30,30,"BTC,SOL,XRP,BNB,TRX,ADA,AVAX,DOT,NEAR,ATOM,ALGO,DOGE,BCH,LTC,XLM,ETC,LINK,UNI,AAVE,INJ,FIL,VET,FET,GRT,THETA,XTZ,SAND,CHZ,DASH,HBAR","TON,SUI,ICP,MKR,RENDER,RNDR,ARB,OP,MATIC,POL,APT,SEI,EOS,MANA","CHZ,DASH,HBAR",720,24,0.8,explained_variance,,1440,3.0,0.5,10.0,8760.0,0.6,5,480,2161,0,1.0,,,0,0,OLS,,19.666267161768392,0.6680285968775705,0.2555415835780546,2.6141678685869247,-0.1465299655127481,0.0014657100979711486,76,130.0,0.5080971659919028
"{""entry_z"": 3.0, ""exit_z"": 0.5, ""fixed_n_components"": null, ""max_holding_period"": null, ""min_asset_coverage"": 0.6, ""min_train_observations"": 480, ""min_universe_assets"": 5, ""pca_component_selection_method"": ""explained_variance"", ""pca_explained_variance"": 0.9, ""rebalance_frequency"": 24, ""regression_type"": ""OLS"", ""ridge_alpha"": 1.0, ""stage"": ""core"", ""stop_loss_z"": null, ""target"": ""ETH"", ""train_window"": 720, ""transaction_cost_bps"": 10, ""universe_selection_method"": ""priority_with_coverage_fallback"", ""universe_size"": 30, ""zscore_lookback"": 1440}",core,crypto,ETH,priority_with_coverage_fallback,30,30,"BTC,SOL,XRP,BNB,TRX,ADA,AVAX,DOT,NEAR,ATOM,ALGO,DOGE,BCH,LTC,XLM,ETC,LINK,UNI,AAVE,INJ,FIL,VET,FET,GRT,THETA,XTZ,SAND,CHZ,DASH,HBAR","TON,SUI,ICP,MKR,RENDER,RNDR,ARB,OP,MATIC,POL,APT,SEI,EOS,MANA","CHZ,DASH,HBAR",720,24,0.9,explained_variance,,1440,3.0,0.5,10.0,8760.0,0.6,5,480,2161,0,1.0,,,0,0,OLS,,26.050145560954867,0.7456377854547043,0.2641046164654985,2.823266762366917,-0.14457509828658932,0.0018514232816477668,94,80.1304347826087,0.5013564839934889
"{""entry_z"": 3.0, ""exit_z"": 0.5, ""fixed_n_components"": null, ""max_holding_period"": null, ""min_asset_coverage"": 0.6, ""min_train_observations"": 480, ""min_universe_assets"": 5, ""pca_component_selection_method"": ""explained_variance"", ""pca_explained_variance"": 0.7, ""rebalance_frequency"": 24, ""regression_type"": ""OLS"", ""ridge_alpha"": 1.0, ""stage"": ""core"", ""stop_loss_z"": null, ""target"": ""ETH"", ""train_window"": 1440, ""transaction_cost_bps"": 10, ""universe_selection_method"": ""priority_with_coverage_fallback"", ""universe_size"": 30, ""zscore_lookback"": 336}",core,crypto,ETH,priority_with_coverage_fallback,30,30,"BTC,SOL,XRP,BNB,TRX,ADA,AVAX,DOT,NEAR,ATOM,ALGO,DOGE,BCH,LTC,XLM,ETC,LINK,UNI,AAVE,INJ,FIL,VET,FET,GRT,THETA,XTZ,SAND,CHZ,DASH,HBAR","TON,SUI,ICP,MKR,RENDER,RNDR,ARB,OP,MATIC,POL,APT,SEI,EOS,MANA","CHZ,DASH,HBAR",1440,24,0.7,explained_variance,,336,3.0,0.5,10.0,8760.0,0.6,5,480,2131,0,1.0,,,0,0,OLS,,1.4331713587568635,0.1645539234103761,0.27886346853865257,0.5900877740375939,-0.32134821989049067,0.0035985292967222094,184,129.9673913043478,0.5084887513590366
"{""entry_z"": 3.0, ""exit_z"": 0.5, ""fixed_n_components"": null, ""max_holding_period"": null, ""min_asset_coverage"": 0.6, ""min_train_observations"": 480, ""min_universe_assets"": 5, ""pca_component_selection_method"": ""explained_variance"", ""pca_explained_variance"": 0.8, ""rebalance_frequency"": 24, ""regression_type"": ""OLS"", ""ridge_alpha"": 1.0, ""stage"": ""core"", ""stop_loss_z"": null, ""target"": ""ETH"", ""train_window"": 1440, ""transaction_cost_bps"": 10, ""universe_selection_method"": ""priority_with_coverage_fallback"", ""universe_size"": 30, ""zscore_lookback"": 336}",core,crypto,ETH,priority_with_coverage_fallback,30,30,"BTC,SOL,XRP,BNB,TRX,ADA,AVAX,DOT,NEAR,ATOM,ALGO,DOGE,BCH,LTC,XLM,ETC,LINK,UNI,AAVE,INJ,FIL,VET,FET,GRT,THETA,XTZ,SAND,CHZ,DASH,HBAR","TON,SUI,ICP,MKR,RENDER,RNDR,ARB,OP,MATIC,POL,APT,SEI,EOS,MANA","CHZ,DASH,HBAR",1440,24,0.8,explained_variance,,336,3.0,0.5,10.0,8760.0,0.6,5,480,2131,0,1.0,,,0,0,OLS,,7.072546922801708,0.43017841360013187,0.2934166788845644,1.4661007521299498,-0.24595933997500152,0.0036376437455996244,184,117.9010989010989,0.5142138130301053
"{""entry_z"": 3.0, ""exit_z"": 0.5, ""fixed_n_components"": null, ""max_holding_period"": null, ""min_asset_coverage"": 0.6, ""min_train_observations"": 480, ""min_universe_assets"": 5, ""pca_component_selection_method"": ""explained_variance"", ""pca_explained_variance"": 0.9, ""rebalance_frequency"": 24, ""regression_type"": ""OLS"", ""ridge_alpha"": 1.0, ""stage"": ""core"", ""stop_loss_z"": null, ""target"": ""ETH"", ""train_window"": 1440, ""transaction_cost_bps"": 10, ""universe_selection_method"": ""priority_with_coverage_fallback"", ""universe_size"": 30, ""zscore_lookback"": 336}",core,crypto,ETH,priority_with_coverage_fallback,30,30,"BTC,SOL,XRP,BNB,TRX,ADA,AVAX,DOT,NEAR,ATOM,ALGO,DOGE,BCH,LTC,XLM,ETC,LINK,UNI,AAVE,INJ,FIL,VET,FET,GRT,THETA,XTZ,SAND,CHZ,DASH,HBAR","TON,SUI,ICP,MKR,RENDER,RNDR,ARB,OP,MATIC,POL,APT,SEI,EOS,MANA","CHZ,DASH,HBAR",1440,24,0.9,explained_variance,,336,3.0,0.5,10.0,8760.0,0.6,5,480,2131,0,1.0,,,0,0,OLS,,27.008664232193993,0.7699133084265037,0.2616205058811551,2.9428630062211103,-0.22812881366727822,0.00367675819447704,187,87.74193548387096,0.522671568627451
"{""entry_z"": 3.0, ""exit_z"": 0.5, ""fixed_n_components"": null, ""max_holding_period"": null, ""min_asset_coverage"": 0.6, ""min_train_observations"": 480, ""min_universe_assets"": 5, ""pca_component_selection_method"": ""explained_variance"", ""pca_explained_variance"": 0.7, ""rebalance_frequency"": 24, ""regression_type"": ""OLS"", ""ridge_alpha"": 1.0, ""stage"": ""core"", ""stop_loss_z"": null, ""target"": ""ETH"", ""train_window"": 1440, ""transaction_cost_bps"": 10, ""universe_selection_method"": ""priority_with_coverage_fallback"", ""universe_size"": 30, ""zscore_lookback"": 720}",core,crypto,ETH,priority_with_coverage_fallback,30,30,"BTC,SOL,XRP,BNB,TRX,ADA,AVAX,DOT,NEAR,ATOM,ALGO,DOGE,BCH,LTC,XLM,ETC,LINK,UNI,AAVE,INJ,FIL,VET,FET,GRT,THETA,XTZ,SAND,CHZ,DASH,HBAR","TON,SUI,ICP,MKR,RENDER,RNDR,ARB,OP,MATIC,POL,APT,SEI,EOS,MANA","CHZ,DASH,HBAR",1440,24,0.7,explained_variance,,720,3.0,0.5,10.0,8760.0,0.6,5,480,2131,0,1.0,,,0,0,OLS,,7.224975600162111,0.43476918208890347,0.2531310058228824,1.7175658931056224,-0.18490358273302188,0.0017992646483611047,92,202.32608695652175,0.5148812721607392
"{""entry_z"": 3.0, ""exit_z"": 0.5, ""fixed_n_components"": null, ""max_holding_period"": null, ""min_asset_coverage"": 0.6, ""min_train_observations"": 480, ""min_universe_assets"": 5, ""pca_component_selection_method"": ""explained_variance"", ""pca_explained_variance"": 0.8, ""rebalance_frequency"": 24, ""regression_type"": ""OLS"", ""ridge_alpha"": 1.0, ""stage"": ""core"", ""stop_loss_z"": null, ""target"": ""ETH"", ""train_window"": 1440, ""transaction_cost_bps"": 10, ""universe_selection_method"": ""priority_with_coverage_fallback"", ""universe_size"": 30, ""zscore_lookback"": 720}",core,crypto,ETH,priority_with_coverage_fallback,30,30,"BTC,SOL,XRP,BNB,TRX,ADA,AVAX,DOT,NEAR,ATOM,ALGO,DOGE,BCH,LTC,XLM,ETC,LINK,UNI,AAVE,INJ,FIL,VET,FET,GRT,THETA,XTZ,SAND,CHZ,DASH,HBAR","TON,SUI,ICP,MKR,RENDER,RNDR,ARB,OP,MATIC,POL,APT,SEI,EOS,MANA","CHZ,DASH,HBAR",1440,24,0.8,explained_variance,,720,3.0,0.5,10.0,8760.0,0.6,5,480,2131,0,1.0,,,0,0,OLS,,11.77970617939692,0.5472859370773104,0.26118614026945014,2.0953865948350407,-0.17989116734964683,0.0019557224438707657,99,171.20408163265307,0.5129336035284301
"{""entry_z"": 3.0, ""exit_z"": 0.5, ""fixed_n_components"": null, ""max_holding_period"": null, ""min_asset_coverage"": 0.6, ""min_train_observations"": 480, ""min_universe_assets"": 5, ""pca_component_selection_method"": ""explained_variance"", ""pca_explained_variance"": 0.9, ""rebalance_frequency"": 24, ""regression_type"": ""OLS"", ""ridge_alpha"": 1.0, ""stage"": ""core"", ""stop_loss_z"": null, ""target"": ""ETH"", ""train_window"": 1440, ""transaction_cost_bps"": 10, ""universe_selection_method"": ""priority_with_coverage_fallback"", ""universe_size"": 30, ""zscore_lookback"": 720}",core,crypto,ETH,priority_with_coverage_fallback,30,30,"BTC,SOL,XRP,BNB,TRX,ADA,AVAX,DOT,NEAR,ATOM,ALGO,DOGE,BCH,LTC,XLM,ETC,LINK,UNI,AAVE,INJ,FIL,VET,FET,GRT,THETA,XTZ,SAND,CHZ,DASH,HBAR","TON,SUI,ICP,MKR,RENDER,RNDR,ARB,OP,MATIC,POL,APT,SEI,EOS,MANA","CHZ,DASH,HBAR",1440,24,0.9,explained_variance,,720,3.0,0.5,10.0,8760.0,0.6,5,480,2131,0,1.0,,,0,0,OLS,,23.92479325110659,0.7348930843033683,0.2601242119675414,2.825162174427151,-0.1798911673496476,0.0021121802393804273,107,122.49056603773585,0.5138632162661737
"{""entry_z"": 3.0, ""exit_z"": 0.5, ""fixed_n_components"": null, ""max_holding_period"": null, ""min_asset_coverage"": 0.6, ""min_train_observations"": 480, ""min_universe_assets"": 5, ""pca_component_selection_method"": ""explained_variance"", ""pca_explained_variance"": 0.7, ""rebalance_frequency"": 24, ""regression_type"": ""OLS"", ""ridge_alpha"": 1.0, ""stage"": ""core"", ""stop_loss_z"": null, ""target"": ""ETH"", ""train_window"": 1440, ""transaction_cost_bps"": 10, ""universe_selection_method"": ""priority_with_coverage_fallback"", ""universe_size"": 30, ""zscore_lookback"": 1440}",core,crypto,ETH,priority_with_coverage_fallback,30,30,"BTC,SOL,XRP,BNB,TRX,ADA,AVAX,DOT,NEAR,ATOM,ALGO,DOGE,BCH,LTC,XLM,ETC,LINK,UNI,AAVE,INJ,FIL,VET,FET,GRT,THETA,XTZ,SAND,CHZ,DASH,HBAR","TON,SUI,ICP,MKR,RENDER,RNDR,ARB,OP,MATIC,POL,APT,SEI,EOS,MANA","CHZ,DASH,HBAR",1440,24,0.7,explained_variance,,1440,3.0,0.5,10.0,8760.0,0.6,5,480,2131,0,1.0,,,0,0,OLS,,9.169704036209719,0.48789867095862705,0.21949383680138085,2.2228354019804426,-0.18427561940018156,0.0009778612219353828,50,228.12,0.5174469577415396
"{""entry_z"": 3.0, ""exit_z"": 0.5, ""fixed_n_components"": null, ""max_holding_period"": null, ""min_asset_coverage"": 0.6, ""min_train_observations"": 480, ""min_universe_assets"": 5, ""pca_component_selection_method"": ""explained_variance"", ""pca_explained_variance"": 0.8, ""rebalance_frequency"": 24, ""regression_type"": ""OLS"", ""ridge_alpha"": 1.0, ""stage"": ""core"", ""stop_loss_z"": null, ""target"": ""ETH"", ""train_window"": 1440, ""transaction_cost_bps"": 10, ""universe_selection_method"": ""priority_with_coverage_fallback"", ""universe_size"": 30, ""zscore_lookback"": 1440}",core,crypto,ETH,priority_with_coverage_fallback,30,30,"BTC,SOL,XRP,BNB,TRX,ADA,AVAX,DOT,NEAR,ATOM,ALGO,DOGE,BCH,LTC,XLM,ETC,LINK,UNI,AAVE,INJ,FIL,VET,FET,GRT,THETA,XTZ,SAND,CHZ,DASH,HBAR","TON,SUI,ICP,MKR,RENDER,RNDR,ARB,OP,MATIC,POL,APT,SEI,EOS,MANA","CHZ,DASH,HBAR",1440,24,0.8,explained_variance,,1440,3.0,0.5,10.0,8760.0,0.6,5,480,2131,0,1.0,,,0,0,OLS,,7.666852588923996,0.4476901613768718,0.23461232400405424,1.9082124661496276,-0.2336816438196495,0.0010169756708127981,52,206.76923076923077,0.5150669642857143
"{""entry_z"": 3.0, ""exit_z"": 0.5, ""fixed_n_components"": null, ""max_holding_period"": null, ""min_asset_coverage"": 0.6, ""min_train_observations"": 480, ""min_universe_assets"": 5, ""pca_component_selection_method"": ""explained_variance"", ""pca_explained_variance"": 0.9, ""rebalance_frequency"": 24, ""regression_type"": ""OLS"", ""ridge_alpha"": 1.0, ""stage"": ""core"", ""stop_loss_z"": null, ""target"": ""ETH"", ""train_window"": 1440, ""transaction_cost_bps"": 10, ""universe_selection_method"": ""priority_with_coverage_fallback"", ""universe_size"": 30, ""zscore_lookback"": 1440}",core,crypto,ETH,priority_with_coverage_fallback,30,30,"BTC,SOL,XRP,BNB,TRX,ADA,AVAX,DOT,NEAR,ATOM,ALGO,DOGE,BCH,LTC,XLM,ETC,LINK,UNI,AAVE,INJ,FIL,VET,FET,GRT,THETA,XTZ,SAND,CHZ,DASH,HBAR","TON,SUI,ICP,MKR,RENDER,RNDR,ARB,OP,MATIC,POL,APT,SEI,EOS,MANA","CHZ,DASH,HBAR",1440,24,0.9,explained_variance,,1440,3.0,0.5,10.0,8760.0,0.6,5,480,2131,0,1.0,,,0,0,OLS,,10.24309069522069,0.5136974944211297,0.23759401247416564,2.1620809761651114,-0.23368164381964962,0.0012907768129547055,66,138.45454545454547,0.5138980083169183
"{""entry_z"": 3.0, ""exit_z"": 0.5, ""fixed_n_components"": null, ""max_holding_period"": null, ""min_asset_coverage"": 0.6, ""min_train_observations"": 480, ""min_universe_assets"": 5, ""pca_component_selection_method"": ""explained_variance"", ""pca_explained_variance"": 0.7, ""rebalance_frequency"": 24, ""regression_type"": ""OLS"", ""ridge_alpha"": 1.0, ""stage"": ""core"", ""stop_loss_z"": null, ""target"": ""ETH"", ""train_window"": 2880, ""transaction_cost_bps"": 10, ""universe_selection_method"": ""priority_with_coverage_fallback"", ""universe_size"": 30, ""zscore_lookback"": 336}",core,crypto,ETH,priority_with_coverage_fallback,30,30,"BTC,SOL,XRP,BNB,TRX,ADA,AVAX,DOT,NEAR,ATOM,ALGO,DOGE,BCH,LTC,XLM,ETC,LINK,UNI,AAVE,INJ,FIL,VET,FET,GRT,THETA,XTZ,SAND,CHZ,DASH,HBAR","TON,SUI,ICP,MKR,RENDER,RNDR,ARB,OP,MATIC,POL,APT,SEI,EOS,MANA","CHZ,DASH,HBAR",2880,24,0.7,explained_variance,,336,3.0,0.5,10.0,8760.0,0.6,5,480,2071,0,1.0,,,0,0,OLS,,0.7628180704670324,0.10510339945353131,0.39425689896425525,0.26658607555034913,-0.5634281785815074,0.0035015696691620382,171,158.46428571428572,0.504394861392833
"{""entry_z"": 3.0, ""exit_z"": 0.5, ""fixed_n_components"": null, ""max_holding_period"": null, ""min_asset_coverage"": 0.6, ""min_train_observations"": 480, ""min_universe_assets"": 5, ""pca_component_selection_method"": ""explained_variance"", ""pca_explained_variance"": 0.8, ""rebalance_frequency"": 24, ""regression_type"": ""OLS"", ""ridge_alpha"": 1.0, ""stage"": ""core"", ""stop_loss_z"": null, ""target"": ""ETH"", ""train_window"": 2880, ""transaction_cost_bps"": 10, ""universe_selection_method"": ""priority_with_coverage_fallback"", ""universe_size"": 30, ""zscore_lookback"": 336}",core,crypto,ETH,priority_with_coverage_fallback,30,30,"BTC,SOL,XRP,BNB,TRX,ADA,AVAX,DOT,NEAR,ATOM,ALGO,DOGE,BCH,LTC,XLM,ETC,LINK,UNI,AAVE,INJ,FIL,VET,FET,GRT,THETA,XTZ,SAND,CHZ,DASH,HBAR","TON,SUI,ICP,MKR,RENDER,RNDR,ARB,OP,MATIC,POL,APT,SEI,EOS,MANA","CHZ,DASH,HBAR",2880,24,0.8,explained_variance,,336,3.0,0.5,10.0,8760.0,0.6,5,480,2071,0,1.0,,,0,0,OLS,,0.27584333420945817,0.04388001498785865,0.2795386855912153,0.15697296027222077,-0.4219966601807065,0.0035418175963937855,176,149.25,0.5045682960255825
"{""entry_z"": 3.0, ""exit_z"": 0.5, ""fixed_n_components"": null, ""max_holding_period"": null, ""min_asset_coverage"": 0.6, ""min_train_observations"": 480, ""min_universe_assets"": 5, ""pca_component_selection_method"": ""explained_variance"", ""pca_explained_variance"": 0.9, ""rebalance_frequency"": 24, ""regression_type"": ""OLS"", ""ridge_alpha"": 1.0, ""stage"": ""core"", ""stop_loss_z"": null, ""target"": ""ETH"", ""train_window"": 2880, ""transaction_cost_bps"": 10, ""universe_selection_method"": ""priority_with_coverage_fallback"", ""universe_size"": 30, ""zscore_lookback"": 336}",core,crypto,ETH,priority_with_coverage_fallback,30,30,"BTC,SOL,XRP,BNB,TRX,ADA,AVAX,DOT,NEAR,ATOM,ALGO,DOGE,BCH,LTC,XLM,ETC,LINK,UNI,AAVE,INJ,FIL,VET,FET,GRT,THETA,XTZ,SAND,CHZ,DASH,HBAR","TON,SUI,ICP,MKR,RENDER,RNDR,ARB,OP,MATIC,POL,APT,SEI,EOS,MANA","CHZ,DASH,HBAR",2880,24,0.9,explained_variance,,336,3.0,0.5,10.0,8760.0,0.6,5,480,2071,0,1.0,,,0,0,OLS,,1.048912002794867,0.13479437161790897,0.2509895837171459,0.5370516561747687,-0.308384274314203,0.0031795862513080576,158,136.43037974683546,0.5056596771200593
"{""entry_z"": 3.0, ""exit_z"": 0.5, ""fixed_n_components"": null, ""max_holding_period"": null, ""min_asset_coverage"": 0.6, ""min_train_observations"": 480, ""min_universe_assets"": 5, ""pca_component_selection_method"": ""explained_variance"", ""pca_explained_variance"": 0.7, ""rebalance_frequency"": 24, ""regression_type"": ""OLS"", ""ridge_alpha"": 1.0, ""stage"": ""core"", ""stop_loss_z"": null, ""target"": ""ETH"", ""train_window"": 2880, ""transaction_cost_bps"": 10, ""universe_selection_method"": ""priority_with_coverage_fallback"", ""universe_size"": 30, ""zscore_lookback"": 720}",core,crypto,ETH,priority_with_coverage_fallback,30,30,"BTC,SOL,XRP,BNB,TRX,ADA,AVAX,DOT,NEAR,ATOM,ALGO,DOGE,BCH,LTC,XLM,ETC,LINK,UNI,AAVE,INJ,FIL,VET,FET,GRT,THETA,XTZ,SAND,CHZ,DASH,HBAR","TON,SUI,ICP,MKR,RENDER,RNDR,ARB,OP,MATIC,POL,APT,SEI,EOS,MANA","CHZ,DASH,HBAR",2880,24,0.7,explained_variance,,720,3.0,0.5,10.0,8760.0,0.6,5,480,2071,0,1.0,,,0,0,OLS,,2.718049625202979,0.2604874827643213,0.39656794234076526,0.6568546141848453,-0.35062030149191303,0.0018111567254286405,89,278.15909090909093,0.5044529781844922
"{""entry_z"": 3.0, ""exit_z"": 0.5, ""fixed_n_components"": null, ""max_holding_period"": null, ""min_asset_coverage"": 0.6, ""min_train_observations"": 480, ""min_universe_assets"": 5, ""pca_component_selection_method"": ""explained_variance"", ""pca_explained_variance"": 0.8, ""rebalance_frequency"": 24, ""regression_type"": ""OLS"", ""ridge_alpha"": 1.0, ""stage"": ""core"", ""stop_loss_z"": null, ""target"": ""ETH"", ""train_window"": 2880, ""transaction_cost_bps"": 10, ""universe_selection_method"": ""priority_with_coverage_fallback"", ""universe_size"": 30, ""zscore_lookback"": 720}",core,crypto,ETH,priority_with_coverage_fallback,30,30,"BTC,SOL,XRP,BNB,TRX,ADA,AVAX,DOT,NEAR,ATOM,ALGO,DOGE,BCH,LTC,XLM,ETC,LINK,UNI,AAVE,INJ,FIL,VET,FET,GRT,THETA,XTZ,SAND,CHZ,DASH,HBAR","TON,SUI,ICP,MKR,RENDER,RNDR,ARB,OP,MATIC,POL,APT,SEI,EOS,MANA","CHZ,DASH,HBAR",2880,24,0.8,explained_variance,,720,3.0,0.5,10.0,8760.0,0.6,5,480,2071,0,1.0,,,0,0,OLS,,3.04376662092214,0.2792865788431651,0.30798148230602446,0.9068291273617977,-0.3506203014919138,0.0018111567254286405,90,245.0888888888889,0.5109257412276725
"{""entry_z"": 3.0, ""exit_z"": 0.5, ""fixed_n_components"": null, ""max_holding_period"": null, ""min_asset_coverage"": 0.6, ""min_train_observations"": 480, ""min_universe_assets"": 5, ""pca_component_selection_method"": ""explained_variance"", ""pca_explained_variance"": 0.9, ""rebalance_frequency"": 24, ""regression_type"": ""OLS"", ""ridge_alpha"": 1.0, ""stage"": ""core"", ""stop_loss_z"": null, ""target"": ""ETH"", ""train_window"": 2880, ""transaction_cost_bps"": 10, ""universe_selection_method"": ""priority_with_coverage_fallback"", ""universe_size"": 30, ""zscore_lookback"": 720}",core,crypto,ETH,priority_with_coverage_fallback,30,30,"BTC,SOL,XRP,BNB,TRX,ADA,AVAX,DOT,NEAR,ATOM,ALGO,DOGE,BCH,LTC,XLM,ETC,LINK,UNI,AAVE,INJ,FIL,VET,FET,GRT,THETA,XTZ,SAND,CHZ,DASH,HBAR","TON,SUI,ICP,MKR,RENDER,RNDR,ARB,OP,MATIC,POL,APT,SEI,EOS,MANA","CHZ,DASH,HBAR",2880,24,0.9,explained_variance,,720,3.0,0.5,10.0,8760.0,0.6,5,480,2071,0,1.0,,,0,0,OLS,,5.921540536488122,0.406422866405443,0.2535137951647026,1.6031587793532045,-0.1894442184791597,0.001851404652660388,92,196.15217391304347,0.5116923417931951
"{""entry_z"": 3.0, ""exit_z"": 0.5, ""fixed_n_components"": null, ""max_holding_period"": null, ""min_asset_coverage"": 0.6, ""min_train_observations"": 480, ""min_universe_assets"": 5, ""pca_component_selection_method"": ""explained_variance"", ""pca_explained_variance"": 0.7, ""rebalance_frequency"": 24, ""regression_type"": ""OLS"", ""ridge_alpha"": 1.0, ""stage"": ""core"", ""stop_loss_z"": null, ""target"": ""ETH"", ""train_window"": 2880, ""transaction_cost_bps"": 10, ""universe_selection_method"": ""priority_with_coverage_fallback"", ""universe_size"": 30, ""zscore_lookback"": 1440}",core,crypto,ETH,priority_with_coverage_fallback,30,30,"BTC,SOL,XRP,BNB,TRX,ADA,AVAX,DOT,NEAR,ATOM,ALGO,DOGE,BCH,LTC,XLM,ETC,LINK,UNI,AAVE,INJ,FIL,VET,FET,GRT,THETA,XTZ,SAND,CHZ,DASH,HBAR","TON,SUI,ICP,MKR,RENDER,RNDR,ARB,OP,MATIC,POL,APT,SEI,EOS,MANA","CHZ,DASH,HBAR",2880,24,0.7,explained_variance,,1440,3.0,0.5,10.0,8760.0,0.6,5,480,2071,0,1.0,,,0,0,OLS,,7.7007622157253355,0.46430223148489524,0.37826999922731847,1.2274360441835526,-0.288166212484659,0.0011671898897206794,58,351.41379310344826,0.5042684721813365
"{""entry_z"": 3.0, ""exit_z"": 0.5, ""fixed_n_components"": null, ""max_holding_period"": null, ""min_asset_coverage"": 0.6, ""min_train_observations"": 480, ""min_universe_assets"": 5, ""pca_component_selection_method"": ""explained_variance"", ""pca_explained_variance"": 0.8, ""rebalance_frequency"": 24, ""regression_type"": ""OLS"", ""ridge_alpha"": 1.0, ""stage"": ""core"", ""stop_loss_z"": null, ""target"": ""ETH"", ""train_window"": 2880, ""transaction_cost_bps"": 10, ""universe_selection_method"": ""priority_with_coverage_fallback"", ""universe_size"": 30, ""zscore_lookback"": 1440}",core,crypto,ETH,priority_with_coverage_fallback,30,30,"BTC,SOL,XRP,BNB,TRX,ADA,AVAX,DOT,NEAR,ATOM,ALGO,DOGE,BCH,LTC,XLM,ETC,LINK,UNI,AAVE,INJ,FIL,VET,FET,GRT,THETA,XTZ,SAND,CHZ,DASH,HBAR","TON,SUI,ICP,MKR,RENDER,RNDR,ARB,OP,MATIC,POL,APT,SEI,EOS,MANA","CHZ,DASH,HBAR",2880,24,0.8,explained_variance,,1440,3.0,0.5,10.0,8760.0,0.6,5,480,2071,0,1.0,,,0,0,OLS,,3.151956899708977,0.285254907689392,0.2690404607568795,1.060267689428189,-0.28816621248465857,0.0009659502535619416,48,355.4583333333333,0.5060368069393975
"{""entry_z"": 3.0, ""exit_z"": 0.5, ""fixed_n_components"": null, ""max_holding_period"": null, ""min_asset_coverage"": 0.6, ""min_train_observations"": 480, ""min_universe_assets"": 5, ""pca_component_selection_method"": ""explained_variance"", ""pca_explained_variance"": 0.9, ""rebalance_frequency"": 24, ""regression_type"": ""OLS"", ""ridge_alpha"": 1.0, ""stage"": ""core"", ""stop_loss_z"": null, ""target"": ""ETH"", ""train_window"": 2880, ""transaction_cost_bps"": 10, ""universe_selection_method"": ""priority_with_coverage_fallback"", ""universe_size"": 30, ""zscore_lookback"": 1440}",core,crypto,ETH,priority_with_coverage_fallback,30,30,"BTC,SOL,XRP,BNB,TRX,ADA,AVAX,DOT,NEAR,ATOM,ALGO,DOGE,BCH,LTC,XLM,ETC,LINK,UNI,AAVE,INJ,FIL,VET,FET,GRT,THETA,XTZ,SAND,CHZ,DASH,HBAR","TON,SUI,ICP,MKR,RENDER,RNDR,ARB,OP,MATIC,POL,APT,SEI,EOS,MANA","CHZ,DASH,HBAR",2880,24,0.9,explained_variance,,1440,3.0,0.5,10.0,8760.0,0.6,5,480,2071,0,1.0,,,0,0,OLS,,6.395674789896021,0.4229464386331905,0.2331131528924695,1.8143396603120345,-0.28160419867305797,0.0011269419624889319,56,229.46428571428572,0.5056809338521401
"{""entry_z"": 2.0, ""exit_z"": 0.25, ""fixed_n_components"": null, ""max_holding_period"": null, ""min_asset_coverage"": 0.6, ""min_train_observations"": 480, ""min_universe_assets"": 5, ""pca_component_selection_method"": ""explained_variance"", ""pca_explained_variance"": 0.7, ""rebalance_frequency"": 72, ""regression_type"": ""OLS"", ""ridge_alpha"": 1.0, ""stage"": ""core"", ""stop_loss_z"": null, ""target"": ""ETH"", ""train_window"": 720, ""transaction_cost_bps"": 10, ""universe_selection_method"": ""priority_with_coverage_fallback"", ""universe_size"": 30, ""zscore_lookback"": 336}",core,crypto,ETH,priority_with_coverage_fallback,30,30,"BTC,SOL,XRP,BNB,TRX,ADA,AVAX,DOT,NEAR,ATOM,ALGO,DOGE,BCH,LTC,XLM,ETC,LINK,UNI,AAVE,INJ,FIL,VET,FET,GRT,THETA,XTZ,SAND,CHZ,DASH,HBAR","TON,SUI,ICP,MKR,RENDER,RNDR,ARB,OP,MATIC,POL,APT,SEI,EOS,MANA","CHZ,DASH,HBAR",720,72,0.7,explained_variance,,336,2.0,0.25,10.0,8760.0,0.6,5,480,721,0,1.0,,,0,0,OLS,,25.747990645251246,0.742328168740207,0.465984193099138,1.5930329391715587,-0.36156825211862254,0.007000694283730618,356,133.33142857142857,0.4999785711224446
"{""entry_z"": 2.0, ""exit_z"": 0.25, ""fixed_n_components"": null, ""max_holding_period"": null, ""min_asset_coverage"": 0.6, ""min_train_observations"": 480, ""min_universe_assets"": 5, ""pca_component_selection_method"": ""explained_variance"", ""pca_explained_variance"": 0.8, ""rebalance_frequency"": 72, ""regression_type"": ""OLS"", ""ridge_alpha"": 1.0, ""stage"": ""core"", ""stop_loss_z"": null, ""target"": ""ETH"", ""train_window"": 720, ""transaction_cost_bps"": 10, ""universe_selection_method"": ""priority_with_coverage_fallback"", ""universe_size"": 30, ""zscore_lookback"": 336}",core,crypto,ETH,priority_with_coverage_fallback,30,30,"BTC,SOL,XRP,BNB,TRX,ADA,AVAX,DOT,NEAR,ATOM,ALGO,DOGE,BCH,LTC,XLM,ETC,LINK,UNI,AAVE,INJ,FIL,VET,FET,GRT,THETA,XTZ,SAND,CHZ,DASH,HBAR","TON,SUI,ICP,MKR,RENDER,RNDR,ARB,OP,MATIC,POL,APT,SEI,EOS,MANA","CHZ,DASH,HBAR",720,72,0.8,explained_variance,,336,2.0,0.25,10.0,8760.0,0.6,5,480,721,0,1.0,,,0,0,OLS,,131.63147640325596,1.2835207241310367,0.44924156555384254,2.857083632830507,-0.34922531556875,0.007367121808223405,369,125.17415730337079,0.4989004084197298
"{""entry_z"": 2.0, ""exit_z"": 0.25, ""fixed_n_components"": null, ""max_holding_period"": null, ""min_asset_coverage"": 0.6, ""min_train_observations"": 480, ""min_universe_assets"": 5, ""pca_component_selection_method"": ""explained_variance"", ""pca_explained_variance"": 0.9, ""rebalance_frequency"": 72, ""regression_type"": ""OLS"", ""ridge_alpha"": 1.0, ""stage"": ""core"", ""stop_loss_z"": null, ""target"": ""ETH"", ""train_window"": 720, ""transaction_cost_bps"": 10, ""universe_selection_method"": ""priority_with_coverage_fallback"", ""universe_size"": 30, ""zscore_lookback"": 336}",core,crypto,ETH,priority_with_coverage_fallback,30,30,"BTC,SOL,XRP,BNB,TRX,ADA,AVAX,DOT,NEAR,ATOM,ALGO,DOGE,BCH,LTC,XLM,ETC,LINK,UNI,AAVE,INJ,FIL,VET,FET,GRT,THETA,XTZ,SAND,CHZ,DASH,HBAR","TON,SUI,ICP,MKR,RENDER,RNDR,ARB,OP,MATIC,POL,APT,SEI,EOS,MANA","CHZ,DASH,HBAR",720,72,0.9,explained_variance,,336,2.0,0.25,10.0,8760.0,0.6,5,480,721,0,1.0,,,0,0,OLS,,549.8283180598811,1.9045161473927443,0.4517635669434853,4.215736475338649,-0.19504213982799712,0.007984262902105995,400,103.76683937823834,0.5036700454386578
"{""entry_z"": 2.0, ""exit_z"": 0.25, ""fixed_n_components"": null, ""max_holding_period"": null, ""min_asset_coverage"": 0.6, ""min_train_observations"": 480, ""min_universe_assets"": 5, ""pca_component_selection_method"": ""explained_variance"", ""pca_explained_variance"": 0.7, ""rebalance_frequency"": 72, ""regression_type"": ""OLS"", ""ridge_alpha"": 1.0, ""stage"": ""core"", ""stop_loss_z"": null, ""target"": ""ETH"", ""train_window"": 720, ""transaction_cost_bps"": 10, ""universe_selection_method"": ""priority_with_coverage_fallback"", ""universe_size"": 30, ""zscore_lookback"": 720}",core,crypto,ETH,priority_with_coverage_fallback,30,30,"BTC,SOL,XRP,BNB,TRX,ADA,AVAX,DOT,NEAR,ATOM,ALGO,DOGE,BCH,LTC,XLM,ETC,LINK,UNI,AAVE,INJ,FIL,VET,FET,GRT,THETA,XTZ,SAND,CHZ,DASH,HBAR","TON,SUI,ICP,MKR,RENDER,RNDR,ARB,OP,MATIC,POL,APT,SEI,EOS,MANA","CHZ,DASH,HBAR",720,72,0.7,explained_variance,,720,2.0,0.25,10.0,8760.0,0.6,5,480,721,0,1.0,,,0,0,OLS,,92.82392019991357,1.1538097494279165,0.43025983570453175,2.681658044001721,-0.23016707012544468,0.0041271310653398134,212,167.21904761904761,0.49783574439002165
"{""entry_z"": 2.0, ""exit_z"": 0.25, ""fixed_n_components"": null, ""max_holding_period"": null, ""min_asset_coverage"": 0.6, ""min_train_observations"": 480, ""min_universe_assets"": 5, ""pca_component_selection_method"": ""explained_variance"", ""pca_explained_variance"": 0.8, ""rebalance_frequency"": 72, ""regression_type"": ""OLS"", ""ridge_alpha"": 1.0, ""stage"": ""core"", ""stop_loss_z"": null, ""target"": ""ETH"", ""train_window"": 720, ""transaction_cost_bps"": 10, ""universe_selection_method"": ""priority_with_coverage_fallback"", ""universe_size"": 30, ""zscore_lookback"": 720}",core,crypto,ETH,priority_with_coverage_fallback,30,30,"BTC,SOL,XRP,BNB,TRX,ADA,AVAX,DOT,NEAR,ATOM,ALGO,DOGE,BCH,LTC,XLM,ETC,LINK,UNI,AAVE,INJ,FIL,VET,FET,GRT,THETA,XTZ,SAND,CHZ,DASH,HBAR","TON,SUI,ICP,MKR,RENDER,RNDR,ARB,OP,MATIC,POL,APT,SEI,EOS,MANA","CHZ,DASH,HBAR",720,72,0.8,explained_variance,,720,2.0,0.25,10.0,8760.0,0.6,5,480,721,0,1.0,,,0,0,OLS,,156.53795085539647,1.350885470997207,0.4215561140516969,3.2045211206011426,-0.22078907539371329,0.004184988042891306,213,165.32380952380953,0.4982429863471398
"{""entry_z"": 2.0, ""exit_z"": 0.25, ""fixed_n_components"": null, ""max_holding_period"": null, ""min_asset_coverage"": 0.6, ""min_train_observations"": 480, ""min_universe_assets"": 5, ""pca_component_selection_method"": ""explained_variance"", ""pca_explained_variance"": 0.9, ""rebalance_frequency"": 72, ""regression_type"": ""OLS"", ""ridge_alpha"": 1.0, ""stage"": ""core"", ""stop_loss_z"": null, ""target"": ""ETH"", ""train_window"": 720, ""transaction_cost_bps"": 10, ""universe_selection_method"": ""priority_with_coverage_fallback"", ""universe_size"": 30, ""zscore_lookback"": 720}",core,crypto,ETH,priority_with_coverage_fallback,30,30,"BTC,SOL,XRP,BNB,TRX,ADA,AVAX,DOT,NEAR,ATOM,ALGO,DOGE,BCH,LTC,XLM,ETC,LINK,UNI,AAVE,INJ,FIL,VET,FET,GRT,THETA,XTZ,SAND,CHZ,DASH,HBAR","TON,SUI,ICP,MKR,RENDER,RNDR,ARB,OP,MATIC,POL,APT,SEI,EOS,MANA","CHZ,DASH,HBAR",720,72,0.9,explained_variance,,720,2.0,0.25,10.0,8760.0,0.6,5,480,721,0,1.0,,,0,0,OLS,,568.3440931719178,1.9207848311258382,0.42197424802114,4.551900596146358,-0.18933960824071516,0.005168556661266682,261,103.01574803149606,0.5065351983490025
"{""entry_z"": 2.0, ""exit_z"": 0.25, ""fixed_n_components"": null, ""max_holding_period"": null, ""min_asset_coverage"": 0.6, ""min_train_observations"": 480, ""min_universe_assets"": 5, ""pca_component_selection_method"": ""explained_variance"", ""pca_explained_variance"": 0.7, ""rebalance_frequency"": 72, ""regression_type"": ""OLS"", ""ridge_alpha"": 1.0, ""stage"": ""core"", ""stop_loss_z"": null, ""target"": ""ETH"", ""train_window"": 720, ""transaction_cost_bps"": 10, ""universe_selection_method"": ""priority_with_coverage_fallback"", ""universe_size"": 30, ""zscore_lookback"": 1440}",core,crypto,ETH,priority_with_coverage_fallback,30,30,"BTC,SOL,XRP,BNB,TRX,ADA,AVAX,DOT,NEAR,ATOM,ALGO,DOGE,BCH,LTC,XLM,ETC,LINK,UNI,AAVE,INJ,FIL,VET,FET,GRT,THETA,XTZ,SAND,CHZ,DASH,HBAR","TON,SUI,ICP,MKR,RENDER,RNDR,ARB,OP,MATIC,POL,APT,SEI,EOS,MANA","CHZ,DASH,HBAR",720,72,0.7,explained_variance,,1440,2.0,0.25,10.0,8760.0,0.6,5,480,721,0,1.0,,,0,0,OLS,,184.57724532851682,1.4168514261306253,0.3971000673266294,3.567995935304672,-0.21614377269723362,0.0030471341510452826,156,188.55844155844156,0.501411942971279
"{""entry_z"": 2.0, ""exit_z"": 0.25, ""fixed_n_components"": null, ""max_holding_period"": null, ""min_asset_coverage"": 0.6, ""min_train_observations"": 480, ""min_universe_assets"": 5, ""pca_component_selection_method"": ""explained_variance"", ""pca_explained_variance"": 0.8, ""rebalance_frequency"": 72, ""regression_type"": ""OLS"", ""ridge_alpha"": 1.0, ""stage"": ""core"", ""stop_loss_z"": null, ""target"": ""ETH"", ""train_window"": 720, ""transaction_cost_bps"": 10, ""universe_selection_method"": ""priority_with_coverage_fallback"", ""universe_size"": 30, ""zscore_lookback"": 1440}",core,crypto,ETH,priority_with_coverage_fallback,30,30,"BTC,SOL,XRP,BNB,TRX,ADA,AVAX,DOT,NEAR,ATOM,ALGO,DOGE,BCH,LTC,XLM,ETC,LINK,UNI,AAVE,INJ,FIL,VET,FET,GRT,THETA,XTZ,SAND,CHZ,DASH,HBAR","TON,SUI,ICP,MKR,RENDER,RNDR,ARB,OP,MATIC,POL,APT,SEI,EOS,MANA","CHZ,DASH,HBAR",720,72,0.8,explained_variance,,1440,2.0,0.25,10.0,8760.0,0.6,5,480,721,0,1.0,,,0,0,OLS,,233.38865721890093,1.5141009663957004,0.39525039591919386,3.8307386457501424,-0.22078907539371317,0.0030857054694129445,159,159.46835443037975,0.4998412446420067
"{""entry_z"": 2.0, ""exit_z"": 0.25, ""fixed_n_components"": null, ""max_holding_period"": null, ""min_asset_coverage"": 0.6, ""min_train_observations"": 480, ""min_universe_assets"": 5, ""pca_component_selection_method"": ""explained_variance"", ""pca_explained_variance"": 0.9, ""rebalance_frequency"": 72, ""regression_type"": ""OLS"", ""ridge_alpha"": 1.0, ""stage"": ""core"", ""stop_loss_z"": null, ""target"": ""ETH"", ""train_window"": 720, ""transaction_cost_bps"": 10, ""universe_selection_method"": ""priority_with_coverage_fallback"", ""universe_size"": 30, ""zscore_lookback"": 1440}",core,crypto,ETH,priority_with_coverage_fallback,30,30,"BTC,SOL,XRP,BNB,TRX,ADA,AVAX,DOT,NEAR,ATOM,ALGO,DOGE,BCH,LTC,XLM,ETC,LINK,UNI,AAVE,INJ,FIL,VET,FET,GRT,THETA,XTZ,SAND,CHZ,DASH,HBAR","TON,SUI,ICP,MKR,RENDER,RNDR,ARB,OP,MATIC,POL,APT,SEI,EOS,MANA","CHZ,DASH,HBAR",720,72,0.9,explained_variance,,1440,2.0,0.25,10.0,8760.0,0.6,5,480,721,0,1.0,,,0,0,OLS,,328.4125761005375,1.6628886309560764,0.4175295066870444,3.9826853056459073,-0.19085778700190525,0.0035485612898248863,180,121.10227272727273,0.49835788683494414
"{""entry_z"": 2.0, ""exit_z"": 0.25, ""fixed_n_components"": null, ""max_holding_period"": null, ""min_asset_coverage"": 0.6, ""min_train_observations"": 480, ""min_universe_assets"": 5, ""pca_component_selection_method"": ""explained_variance"", ""pca_explained_variance"": 0.7, ""rebalance_frequency"": 72, ""regression_type"": ""OLS"", ""ridge_alpha"": 1.0, ""stage"": ""core"", ""stop_loss_z"": null, ""target"": ""ETH"", ""train_window"": 1440, ""transaction_cost_bps"": 10, ""universe_selection_method"": ""priority_with_coverage_fallback"", ""universe_size"": 30, ""zscore_lookback"": 336}",core,crypto,ETH,priority_with_coverage_fallback,30,30,"BTC,SOL,XRP,BNB,TRX,ADA,AVAX,DOT,NEAR,ATOM,ALGO,DOGE,BCH,LTC,XLM,ETC,LINK,UNI,AAVE,INJ,FIL,VET,FET,GRT,THETA,XTZ,SAND,CHZ,DASH,HBAR","TON,SUI,ICP,MKR,RENDER,RNDR,ARB,OP,MATIC,POL,APT,SEI,EOS,MANA","CHZ,DASH,HBAR",1440,72,0.7,explained_variance,,336,2.0,0.25,10.0,8760.0,0.6,5,480,711,0,1.0,,,0,0,OLS,,1.1278608725399826,0.1381084706945106,0.4184164348486056,0.33007420166103657,-0.47243463397513596,0.006590784635844481,332,164.359756097561,0.5002411426451493
"{""entry_z"": 2.0, ""exit_z"": 0.25, ""fixed_n_components"": null, ""max_holding_period"": null, ""min_asset_coverage"": 0.6, ""min_train_observations"": 480, ""min_universe_assets"": 5, ""pca_component_selection_method"": ""explained_variance"", ""pca_explained_variance"": 0.8, ""rebalance_frequency"": 72, ""regression_type"": ""OLS"", ""ridge_alpha"": 1.0, ""stage"": ""core"", ""stop_loss_z"": null, ""target"": ""ETH"", ""train_window"": 1440, ""transaction_cost_bps"": 10, ""universe_selection_method"": ""priority_with_coverage_fallback"", ""universe_size"": 30, ""zscore_lookback"": 336}",core,crypto,ETH,priority_with_coverage_fallback,30,30,"BTC,SOL,XRP,BNB,TRX,ADA,AVAX,DOT,NEAR,ATOM,ALGO,DOGE,BCH,LTC,XLM,ETC,LINK,UNI,AAVE,INJ,FIL,VET,FET,GRT,THETA,XTZ,SAND,CHZ,DASH,HBAR","TON,SUI,ICP,MKR,RENDER,RNDR,ARB,OP,MATIC,POL,APT,SEI,EOS,MANA","CHZ,DASH,HBAR",1440,72,0.8,explained_variance,,336,2.0,0.25,10.0,8760.0,0.6,5,480,711,0,1.0,,,0,0,OLS,,4.407082289601824,0.3352794345765666,0.45854691196401215,0.7311780448820908,-0.39441386231324693,0.006590784635844481,326,166.58860759493672,0.4980053949318035
"{""entry_z"": 2.0, ""exit_z"": 0.25, ""fixed_n_components"": null, ""max_holding_period"": null, ""min_asset_coverage"": 0.6, ""min_train_observations"": 480, ""min_universe_assets"": 5, ""pca_component_selection_method"": ""explained_variance"", ""pca_explained_variance"": 0.9, ""rebalance_frequency"": 72, ""regression_type"": ""OLS"", ""ridge_alpha"": 1.0, ""stage"": ""core"", ""stop_loss_z"": null, ""target"": ""ETH"", ""train_window"": 1440, ""transaction_cost_bps"": 10, ""universe_selection_method"": ""priority_with_coverage_fallback"", ""universe_size"": 30, ""zscore_lookback"": 336}",core,crypto,ETH,priority_with_coverage_fallback,30,30,"BTC,SOL,XRP,BNB,TRX,ADA,AVAX,DOT,NEAR,ATOM,ALGO,DOGE,BCH,LTC,XLM,ETC,LINK,UNI,AAVE,INJ,FIL,VET,FET,GRT,THETA,XTZ,SAND,CHZ,DASH,HBAR","TON,SUI,ICP,MKR,RENDER,RNDR,ARB,OP,MATIC,POL,APT,SEI,EOS,MANA","CHZ,DASH,HBAR",1440,72,0.9,explained_variance,,336,2.0,0.25,10.0,8760.0,0.6,5,480,711,0,1.0,,,0,0,OLS,,46.57789123421502,0.9380956834560974,0.4432217961250385,2.116537795879174,-0.3970887328835746,0.007451302511147618,365,139.29714285714286,0.5016614021413628
"{""entry_z"": 2.0, ""exit_z"": 0.25, ""fixed_n_components"": null, ""max_holding_period"": null, ""min_asset_coverage"": 0.6, ""min_train_observations"": 480, ""min_universe_assets"": 5, ""pca_component_selection_method"": ""explained_variance"", ""pca_explained_variance"": 0.7, ""rebalance_frequency"": 72, ""regression_type"": ""OLS"", ""ridge_alpha"": 1.0, ""stage"": ""core"", ""stop_loss_z"": null, ""target"": ""ETH"", ""train_window"": 1440, ""transaction_cost_bps"": 10, ""universe_selection_method"": ""priority_with_coverage_fallback"", ""universe_size"": 30, ""zscore_lookback"": 720}",core,crypto,ETH,priority_with_coverage_fallback,30,30,"BTC,SOL,XRP,BNB,TRX,ADA,AVAX,DOT,NEAR,ATOM,ALGO,DOGE,BCH,LTC,XLM,ETC,LINK,UNI,AAVE,INJ,FIL,VET,FET,GRT,THETA,XTZ,SAND,CHZ,DASH,HBAR","TON,SUI,ICP,MKR,RENDER,RNDR,ARB,OP,MATIC,POL,APT,SEI,EOS,MANA","CHZ,DASH,HBAR",1440,72,0.7,explained_variance,,720,2.0,0.25,10.0,8760.0,0.6,5,480,711,0,1.0,,,0,0,OLS,,33.54268925452513,0.8346496963008936,0.4127838161531309,2.022001986607107,-0.2774915026310535,0.003911444887741531,197,230.17525773195877,0.5002015496931965
"{""entry_z"": 2.0, ""exit_z"": 0.25, ""fixed_n_components"": null, ""max_holding_period"": null, ""min_asset_coverage"": 0.6, ""min_train_observations"": 480, ""min_universe_assets"": 5, ""pca_component_selection_method"": ""explained_variance"", ""pca_explained_variance"": 0.8, ""rebalance_frequency"": 72, ""regression_type"": ""OLS"", ""ridge_alpha"": 1.0, ""stage"": ""core"", ""stop_loss_z"": null, ""target"": ""ETH"", ""train_window"": 1440, ""transaction_cost_bps"": 10, ""universe_selection_method"": ""priority_with_coverage_fallback"", ""universe_size"": 30, ""zscore_lookback"": 720}",core,crypto,ETH,priority_with_coverage_fallback,30,30,"BTC,SOL,XRP,BNB,TRX,ADA,AVAX,DOT,NEAR,ATOM,ALGO,DOGE,BCH,LTC,XLM,ETC,LINK,UNI,AAVE,INJ,FIL,VET,FET,GRT,THETA,XTZ,SAND,CHZ,DASH,HBAR","TON,SUI,ICP,MKR,RENDER,RNDR,ARB,OP,MATIC,POL,APT,SEI,EOS,MANA","CHZ,DASH,HBAR",1440,72,0.8,explained_variance,,720,2.0,0.25,10.0,8760.0,0.6,5,480,711,0,1.0,,,0,0,OLS,,28.779477656401944,0.7886005872339581,0.4418022273243305,1.7849629052572435,-0.22483362207220436,0.003715872643354455,186,239.54945054945054,0.4990595898894445
"{""entry_z"": 2.0, ""exit_z"": 0.25, ""fixed_n_components"": null, ""max_holding_period"": null, ""min_asset_coverage"": 0.6, ""min_train_observations"": 480, ""min_universe_assets"": 5, ""pca_component_selection_method"": ""explained_variance"", ""pca_explained_variance"": 0.9, ""rebalance_frequency"": 72, ""regression_type"": ""OLS"", ""ridge_alpha"": 1.0, ""stage"": ""core"", ""stop_loss_z"": null, ""target"": ""ETH"", ""train_window"": 1440, ""transaction_cost_bps"": 10, ""universe_selection_method"": ""priority_with_coverage_fallback"", ""universe_size"": 30, ""zscore_lookback"": 720}",core,crypto,ETH,priority_with_coverage_fallback,30,30,"BTC,SOL,XRP,BNB,TRX,ADA,AVAX,DOT,NEAR,ATOM,ALGO,DOGE,BCH,LTC,XLM,ETC,LINK,UNI,AAVE,INJ,FIL,VET,FET,GRT,THETA,XTZ,SAND,CHZ,DASH,HBAR","TON,SUI,ICP,MKR,RENDER,RNDR,ARB,OP,MATIC,POL,APT,SEI,EOS,MANA","CHZ,DASH,HBAR",1440,72,0.9,explained_variance,,720,2.0,0.25,10.0,8760.0,0.6,5,480,711,0,1.0,,,0,0,OLS,,155.00466185328372,1.3753693598452448,0.4244039055149699,3.2407085372515065,-0.2013375218684338,0.004576390518657592,228,166.981981981982,0.4992176962503372
"{""entry_z"": 2.0, ""exit_z"": 0.25, ""fixed_n_components"": null, ""max_holding_period"": null, ""min_asset_coverage"": 0.6, ""min_train_observations"": 480, ""min_universe_assets"": 5, ""pca_component_selection_method"": ""explained_variance"", ""pca_explained_variance"": 0.7, ""rebalance_frequency"": 72, ""regression_type"": ""OLS"", ""ridge_alpha"": 1.0, ""stage"": ""core"", ""stop_loss_z"": null, ""target"": ""ETH"", ""train_window"": 1440, ""transaction_cost_bps"": 10, ""universe_selection_method"": ""priority_with_coverage_fallback"", ""universe_size"": 30, ""zscore_lookback"": 1440}",core,crypto,ETH,priority_with_coverage_fallback,30,30,"BTC,SOL,XRP,BNB,TRX,ADA,AVAX,DOT,NEAR,ATOM,ALGO,DOGE,BCH,LTC,XLM,ETC,LINK,UNI,AAVE,INJ,FIL,VET,FET,GRT,THETA,XTZ,SAND,CHZ,DASH,HBAR","TON,SUI,ICP,MKR,RENDER,RNDR,ARB,OP,MATIC,POL,APT,SEI,EOS,MANA","CHZ,DASH,HBAR",1440,72,0.7,explained_variance,,1440,2.0,0.25,10.0,8760.0,0.6,5,480,711,0,1.0,,,0,0,OLS,,38.665056782275066,0.8786303229897539,0.3867302384022562,2.2719462709193414,-0.31128442633230546,0.0024446530548384573,125,294.85714285714283,0.5016688199827735
"{""entry_z"": 2.0, ""exit_z"": 0.25, ""fixed_n_components"": null, ""max_holding_period"": null, ""min_asset_coverage"": 0.6, ""min_train_observations"": 480, ""min_universe_assets"": 5, ""pca_component_selection_method"": ""explained_variance"", ""pca_explained_variance"": 0.8, ""rebalance_frequency"": 72, ""regression_type"": ""OLS"", ""ridge_alpha"": 1.0, ""stage"": ""core"", ""stop_loss_z"": null, ""target"": ""ETH"", ""train_window"": 1440, ""transaction_cost_bps"": 10, ""universe_selection_method"": ""priority_with_coverage_fallback"", ""universe_size"": 30, ""zscore_lookback"": 1440}",core,crypto,ETH,priority_with_coverage_fallback,30,30,"BTC,SOL,XRP,BNB,TRX,ADA,AVAX,DOT,NEAR,ATOM,ALGO,DOGE,BCH,LTC,XLM,ETC,LINK,UNI,AAVE,INJ,FIL,VET,FET,GRT,THETA,XTZ,SAND,CHZ,DASH,HBAR","TON,SUI,ICP,MKR,RENDER,RNDR,ARB,OP,MATIC,POL,APT,SEI,EOS,MANA","CHZ,DASH,HBAR",1440,72,0.8,explained_variance,,1440,2.0,0.25,10.0,8760.0,0.6,5,480,711,0,1.0,,,0,0,OLS,,69.2867355348033,1.0720905090233481,0.41249456986540595,2.599041508287403,-0.2548389579917004,0.002464210279277165,124,240.63934426229508,0.500851556645548
"{""entry_z"": 2.0, ""exit_z"": 0.25, ""fixed_n_components"": null, ""max_holding_period"": null, ""min_asset_coverage"": 0.6, ""min_train_observations"": 480, ""min_universe_assets"": 5, ""pca_component_selection_method"": ""explained_variance"", ""pca_explained_variance"": 0.9, ""rebalance_frequency"": 72, ""regression_type"": ""OLS"", ""ridge_alpha"": 1.0, ""stage"": ""core"", ""stop_loss_z"": null, ""target"": ""ETH"", ""train_window"": 1440, ""transaction_cost_bps"": 10, ""universe_selection_method"": ""priority_with_coverage_fallback"", ""universe_size"": 30, ""zscore_lookback"": 1440}",core,crypto,ETH,priority_with_coverage_fallback,30,30,"BTC,SOL,XRP,BNB,TRX,ADA,AVAX,DOT,NEAR,ATOM,ALGO,DOGE,BCH,LTC,XLM,ETC,LINK,UNI,AAVE,INJ,FIL,VET,FET,GRT,THETA,XTZ,SAND,CHZ,DASH,HBAR","TON,SUI,ICP,MKR,RENDER,RNDR,ARB,OP,MATIC,POL,APT,SEI,EOS,MANA","CHZ,DASH,HBAR",1440,72,0.9,explained_variance,,1440,2.0,0.25,10.0,8760.0,0.6,5,480,711,0,1.0,,,0,0,OLS,,158.75646089999458,1.385060128200069,0.40579331683979075,3.4132157202256184,-0.25483895799169975,0.0030118125635609796,150,194.0958904109589,0.49516550215258665
"{""entry_z"": 2.0, ""exit_z"": 0.25, ""fixed_n_components"": null, ""max_holding_period"": null, ""min_asset_coverage"": 0.6, ""min_train_observations"": 480, ""min_universe_assets"": 5, ""pca_component_selection_method"": ""explained_variance"", ""pca_explained_variance"": 0.7, ""rebalance_frequency"": 72, ""regression_type"": ""OLS"", ""ridge_alpha"": 1.0, ""stage"": ""core"", ""stop_loss_z"": null, ""target"": ""ETH"", ""train_window"": 2880, ""transaction_cost_bps"": 10, ""universe_selection_method"": ""priority_with_coverage_fallback"", ""universe_size"": 30, ""zscore_lookback"": 336}",core,crypto,ETH,priority_with_coverage_fallback,30,30,"BTC,SOL,XRP,BNB,TRX,ADA,AVAX,DOT,NEAR,ATOM,ALGO,DOGE,BCH,LTC,XLM,ETC,LINK,UNI,AAVE,INJ,FIL,VET,FET,GRT,THETA,XTZ,SAND,CHZ,DASH,HBAR","TON,SUI,ICP,MKR,RENDER,RNDR,ARB,OP,MATIC,POL,APT,SEI,EOS,MANA","CHZ,DASH,HBAR",2880,72,0.7,explained_variance,,336,2.0,0.25,10.0,8760.0,0.6,5,480,691,0,1.0,,,0,0,OLS,,-0.15184892680603235,-0.028616247835625774,0.48533556289908353,-0.05896177824820966,-0.7031566275988321,0.006640907993238348,323,183.05696202531647,0.4985997303184317
"{""entry_z"": 2.0, ""exit_z"": 0.25, ""fixed_n_components"": null, ""max_holding_period"": null, ""min_asset_coverage"": 0.6, ""min_train_observations"": 480, ""min_universe_assets"": 5, ""pca_component_selection_method"": ""explained_variance"", ""pca_explained_variance"": 0.8, ""rebalance_frequency"": 72, ""regression_type"": ""OLS"", ""ridge_alpha"": 1.0, ""stage"": ""core"", ""stop_loss_z"": null, ""target"": ""ETH"", ""train_window"": 2880, ""transaction_cost_bps"": 10, ""universe_selection_method"": ""priority_with_coverage_fallback"", ""universe_size"": 30, ""zscore_lookback"": 336}",core,crypto,ETH,priority_with_coverage_fallback,30,30,"BTC,SOL,XRP,BNB,TRX,ADA,AVAX,DOT,NEAR,ATOM,ALGO,DOGE,BCH,LTC,XLM,ETC,LINK,UNI,AAVE,INJ,FIL,VET,FET,GRT,THETA,XTZ,SAND,CHZ,DASH,HBAR","TON,SUI,ICP,MKR,RENDER,RNDR,ARB,OP,MATIC,POL,APT,SEI,EOS,MANA","CHZ,DASH,HBAR",2880,72,0.8,explained_variance,,336,2.0,0.25,10.0,8760.0,0.6,5,480,691,0,1.0,,,0,0,OLS,,-0.5590198124376917,-0.13440230845053258,0.4121236781307764,-0.3261212970342452,-0.766692372320923,0.006842147629397086,337,163.2994011976048,0.49741483627296396
"{""entry_z"": 2.0, ""exit_z"": 0.25, ""fixed_n_components"": null, ""max_holding_period"": null, ""min_asset_coverage"": 0.6, ""min_train_observations"": 480, ""min_universe_assets"": 5, ""pca_component_selection_method"": ""explained_variance"", ""pca_explained_variance"": 0.9, ""rebalance_frequency"": 72, ""regression_type"": ""OLS"", ""ridge_alpha"": 1.0, ""stage"": ""core"", ""stop_loss_z"": null, ""target"": ""ETH"", ""train_window"": 2880, ""transaction_cost_bps"": 10, ""universe_selection_method"": ""priority_with_coverage_fallback"", ""universe_size"": 30, ""zscore_lookback"": 336}",core,crypto,ETH,priority_with_coverage_fallback,30,30,"BTC,SOL,XRP,BNB,TRX,ADA,AVAX,DOT,NEAR,ATOM,ALGO,DOGE,BCH,LTC,XLM,ETC,LINK,UNI,AAVE,INJ,FIL,VET,FET,GRT,THETA,XTZ,SAND,CHZ,DASH,HBAR","TON,SUI,ICP,MKR,RENDER,RNDR,ARB,OP,MATIC,POL,APT,SEI,EOS,MANA","CHZ,DASH,HBAR",2880,72,0.9,explained_variance,,336,2.0,0.25,10.0,8760.0,0.6,5,480,691,0,1.0,,,0,0,OLS,,1.033033119795705,0.13323904362735361,0.4217612655912563,0.3159110484946246,-0.5013401924121348,0.007325122756178057,356,159.3735632183908,0.500811366340918
"{""entry_z"": 2.0, ""exit_z"": 0.25, ""fixed_n_components"": null, ""max_holding_period"": null, ""min_asset_coverage"": 0.6, ""min_train_observations"": 480, ""min_universe_assets"": 5, ""pca_component_selection_method"": ""explained_variance"", ""pca_explained_variance"": 0.7, ""rebalance_frequency"": 72, ""regression_type"": ""OLS"", ""ridge_alpha"": 1.0, ""stage"": ""core"", ""stop_loss_z"": null, ""target"": ""ETH"", ""train_window"": 2880, ""transaction_cost_bps"": 10, ""universe_selection_method"": ""priority_with_coverage_fallback"", ""universe_size"": 30, ""zscore_lookback"": 720}",core,crypto,ETH,priority_with_coverage_fallback,30,30,"BTC,SOL,XRP,BNB,TRX,ADA,AVAX,DOT,NEAR,ATOM,ALGO,DOGE,BCH,LTC,XLM,ETC,LINK,UNI,AAVE,INJ,FIL,VET,FET,GRT,THETA,XTZ,SAND,CHZ,DASH,HBAR","TON,SUI,ICP,MKR,RENDER,RNDR,ARB,OP,MATIC,POL,APT,SEI,EOS,MANA","CHZ,DASH,HBAR",2880,72,0.7,explained_variance,,720,2.0,0.25,10.0,8760.0,0.6,5,480,691,0,1.0,,,0,0,OLS,,3.183597000232563,0.2869761143292284,0.48500218902033576,0.5917006579060939,-0.4085941280623323,0.0035015696691620382,171,317.89285714285717,0.5017039283975583
"{""entry_z"": 2.0, ""exit_z"": 0.25, ""fixed_n_components"": null, ""max_holding_period"": null, ""min_asset_coverage"": 0.6, ""min_train_observations"": 480, ""min_universe_assets"": 5, ""pca_component_selection_method"": ""explained_variance"", ""pca_explained_variance"": 0.8, ""rebalance_frequency"": 72, ""regression_type"": ""OLS"", ""ridge_alpha"": 1.0, ""stage"": ""core"", ""stop_loss_z"": null, ""target"": ""ETH"", ""train_window"": 2880, ""transaction_cost_bps"": 10, ""universe_selection_method"": ""priority_with_coverage_fallback"", ""universe_size"": 30, ""zscore_lookback"": 720}",core,crypto,ETH,priority_with_coverage_fallback,30,30,"BTC,SOL,XRP,BNB,TRX,ADA,AVAX,DOT,NEAR,ATOM,ALGO,DOGE,BCH,LTC,XLM,ETC,LINK,UNI,AAVE,INJ,FIL,VET,FET,GRT,THETA,XTZ,SAND,CHZ,DASH,HBAR","TON,SUI,ICP,MKR,RENDER,RNDR,ARB,OP,MATIC,POL,APT,SEI,EOS,MANA","CHZ,DASH,HBAR",2880,72,0.8,explained_variance,,720,2.0,0.25,10.0,8760.0,0.6,5,480,691,0,1.0,,,0,0,OLS,,1.5633741152346663,0.18050491361894472,0.423722639306878,0.4259978034551403,-0.4291855958564794,0.0034613217419302905,169,322.34939759036143,0.4994954214165577
"{""entry_z"": 2.0, ""exit_z"": 0.25, ""fixed_n_components"": null, ""max_holding_period"": null, ""min_asset_coverage"": 0.6, ""min_train_observations"": 480, ""min_universe_assets"": 5, ""pca_component_selection_method"": ""explained_variance"", ""pca_explained_variance"": 0.9, ""rebalance_frequency"": 72, ""regression_type"": ""OLS"", ""ridge_alpha"": 1.0, ""stage"": ""core"", ""stop_loss_z"": null, ""target"": ""ETH"", ""train_window"": 2880, ""transaction_cost_bps"": 10, ""universe_selection_method"": ""priority_with_coverage_fallback"", ""universe_size"": 30, ""zscore_lookback"": 720}",core,crypto,ETH,priority_with_coverage_fallback,30,30,"BTC,SOL,XRP,BNB,TRX,ADA,AVAX,DOT,NEAR,ATOM,ALGO,DOGE,BCH,LTC,XLM,ETC,LINK,UNI,AAVE,INJ,FIL,VET,FET,GRT,THETA,XTZ,SAND,CHZ,DASH,HBAR","TON,SUI,ICP,MKR,RENDER,RNDR,ARB,OP,MATIC,POL,APT,SEI,EOS,MANA","CHZ,DASH,HBAR",2880,72,0.9,explained_variance,,720,2.0,0.25,10.0,8760.0,0.6,5,480,691,0,1.0,,,0,0,OLS,,8.036229114012027,0.47410048900992385,0.40222650063200216,1.178690335582039,-0.3299137338519613,0.003783305159784271,187,241.78494623655914,0.5009339144356488
"{""entry_z"": 2.0, ""exit_z"": 0.25, ""fixed_n_components"": null, ""max_holding_period"": null, ""min_asset_coverage"": 0.6, ""min_train_observations"": 480, ""min_universe_assets"": 5, ""pca_component_selection_method"": ""explained_variance"", ""pca_explained_variance"": 0.7, ""rebalance_frequency"": 72, ""regression_type"": ""OLS"", ""ridge_alpha"": 1.0, ""stage"": ""core"", ""stop_loss_z"": null, ""target"": ""ETH"", ""train_window"": 2880, ""transaction_cost_bps"": 10, ""universe_selection_method"": ""priority_with_coverage_fallback"", ""universe_size"": 30, ""zscore_lookback"": 1440}",core,crypto,ETH,priority_with_coverage_fallback,30,30,"BTC,SOL,XRP,BNB,TRX,ADA,AVAX,DOT,NEAR,ATOM,ALGO,DOGE,BCH,LTC,XLM,ETC,LINK,UNI,AAVE,INJ,FIL,VET,FET,GRT,THETA,XTZ,SAND,CHZ,DASH,HBAR","TON,SUI,ICP,MKR,RENDER,RNDR,ARB,OP,MATIC,POL,APT,SEI,EOS,MANA","CHZ,DASH,HBAR",2880,72,0.7,explained_variance,,1440,2.0,0.25,10.0,8760.0,0.6,5,480,691,0,1.0,,,0,0,OLS,,3.739097227261647,0.3155750384952072,0.49323712913295503,0.6398038992927113,-0.5116888618224942,0.001972148434355631,97,447.4583333333333,0.5084737871310178
"{""entry_z"": 2.0, ""exit_z"": 0.25, ""fixed_n_components"": null, ""max_holding_period"": null, ""min_asset_coverage"": 0.6, ""min_train_observations"": 480, ""min_universe_assets"": 5, ""pca_component_selection_method"": ""explained_variance"", ""pca_explained_variance"": 0.8, ""rebalance_frequency"": 72, ""regression_type"": ""OLS"", ""ridge_alpha"": 1.0, ""stage"": ""core"", ""stop_loss_z"": null, ""target"": ""ETH"", ""train_window"": 2880, ""transaction_cost_bps"": 10, ""universe_selection_method"": ""priority_with_coverage_fallback"", ""universe_size"": 30, ""zscore_lookback"": 1440}",core,crypto,ETH,priority_with_coverage_fallback,30,30,"BTC,SOL,XRP,BNB,TRX,ADA,AVAX,DOT,NEAR,ATOM,ALGO,DOGE,BCH,LTC,XLM,ETC,LINK,UNI,AAVE,INJ,FIL,VET,FET,GRT,THETA,XTZ,SAND,CHZ,DASH,HBAR","TON,SUI,ICP,MKR,RENDER,RNDR,ARB,OP,MATIC,POL,APT,SEI,EOS,MANA","CHZ,DASH,HBAR",2880,72,0.8,explained_variance,,1440,2.0,0.25,10.0,8760.0,0.6,5,480,691,0,1.0,,,0,0,OLS,,7.506233059845501,0.4584770261691562,0.39846151087027976,1.1506180990173844,-0.4347812008561628,0.002213635997746116,110,404.23636363636365,0.5020914856294697
"{""entry_z"": 2.0, ""exit_z"": 0.25, ""fixed_n_components"": null, ""max_holding_period"": null, ""min_asset_coverage"": 0.6, ""min_train_observations"": 480, ""min_universe_assets"": 5, ""pca_component_selection_method"": ""explained_variance"", ""pca_explained_variance"": 0.9, ""rebalance_frequency"": 72, ""regression_type"": ""OLS"", ""ridge_alpha"": 1.0, ""stage"": ""core"", ""stop_loss_z"": null, ""target"": ""ETH"", ""train_window"": 2880, ""transaction_cost_bps"": 10, ""universe_selection_method"": ""priority_with_coverage_fallback"", ""universe_size"": 30, ""zscore_lookback"": 1440}",core,crypto,ETH,priority_with_coverage_fallback,30,30,"BTC,SOL,XRP,BNB,TRX,ADA,AVAX,DOT,NEAR,ATOM,ALGO,DOGE,BCH,LTC,XLM,ETC,LINK,UNI,AAVE,INJ,FIL,VET,FET,GRT,THETA,XTZ,SAND,CHZ,DASH,HBAR","TON,SUI,ICP,MKR,RENDER,RNDR,ARB,OP,MATIC,POL,APT,SEI,EOS,MANA","CHZ,DASH,HBAR",2880,72,0.9,explained_variance,,1440,2.0,0.25,10.0,8760.0,0.6,5,480,691,0,1.0,,,0,0,OLS,,27.184392544314697,0.8014247108022721,0.3848209320487405,2.0825912627350673,-0.28614323405756614,0.002334379779441359,114,318.98214285714283,0.4998040642669204
"{""entry_z"": 2.0, ""exit_z"": 0.5, ""fixed_n_components"": null, ""max_holding_period"": null, ""min_asset_coverage"": 0.6, ""min_train_observations"": 480, ""min_universe_assets"": 5, ""pca_component_selection_method"": ""explained_variance"", ""pca_explained_variance"": 0.7, ""rebalance_frequency"": 72, ""regression_type"": ""OLS"", ""ridge_alpha"": 1.0, ""stage"": ""core"", ""stop_loss_z"": null, ""target"": ""ETH"", ""train_window"": 720, ""transaction_cost_bps"": 10, ""universe_selection_method"": ""priority_with_coverage_fallback"", ""universe_size"": 30, ""zscore_lookback"": 336}",core,crypto,ETH,priority_with_coverage_fallback,30,30,"BTC,SOL,XRP,BNB,TRX,ADA,AVAX,DOT,NEAR,ATOM,ALGO,DOGE,BCH,LTC,XLM,ETC,LINK,UNI,AAVE,INJ,FIL,VET,FET,GRT,THETA,XTZ,SAND,CHZ,DASH,HBAR","TON,SUI,ICP,MKR,RENDER,RNDR,ARB,OP,MATIC,POL,APT,SEI,EOS,MANA","CHZ,DASH,HBAR",720,72,0.7,explained_variance,,336,2.0,0.5,10.0,8760.0,0.6,5,480,721,0,1.0,,,0,0,OLS,,27.575610955742114,0.761892233194035,0.4443538911525213,1.7146068671029617,-0.2782658124550157,0.007617835377613207,392,102.70769230769231,0.49950069902137006
"{""entry_z"": 2.0, ""exit_z"": 0.5, ""fixed_n_components"": null, ""max_holding_period"": null, ""min_asset_coverage"": 0.6, ""min_train_observations"": 480, ""min_universe_assets"": 5, ""pca_component_selection_method"": ""explained_variance"", ""pca_explained_variance"": 0.8, ""rebalance_frequency"": 72, ""regression_type"": ""OLS"", ""ridge_alpha"": 1.0, ""stage"": ""core"", ""stop_loss_z"": null, ""target"": ""ETH"", ""train_window"": 720, ""transaction_cost_bps"": 10, ""universe_selection_method"": ""priority_with_coverage_fallback"", ""universe_size"": 30, ""zscore_lookback"": 336}",core,crypto,ETH,priority_with_coverage_fallback,30,30,"BTC,SOL,XRP,BNB,TRX,ADA,AVAX,DOT,NEAR,ATOM,ALGO,DOGE,BCH,LTC,XLM,ETC,LINK,UNI,AAVE,INJ,FIL,VET,FET,GRT,THETA,XTZ,SAND,CHZ,DASH,HBAR","TON,SUI,ICP,MKR,RENDER,RNDR,ARB,OP,MATIC,POL,APT,SEI,EOS,MANA","CHZ,DASH,HBAR",720,72,0.8,explained_variance,,336,2.0,0.5,10.0,8760.0,0.6,5,480,721,0,1.0,,,0,0,OLS,,82.073884588601,1.1099826951636351,0.42036545761047406,2.640518327726598,-0.24068714370805488,0.008061405538841318,413,89.8921568627451,0.5004362525902497
"{""entry_z"": 2.0, ""exit_z"": 0.5, ""fixed_n_components"": null, ""max_holding_period"": null, ""min_asset_coverage"": 0.6, ""min_train_observations"": 480, ""min_universe_assets"": 5, ""pca_component_selection_method"": ""explained_variance"", ""pca_explained_variance"": 0.9, ""rebalance_frequency"": 72, ""regression_type"": ""OLS"", ""ridge_alpha"": 1.0, ""stage"": ""core"", ""stop_loss_z"": null, ""target"": ""ETH"", ""train_window"": 720, ""transaction_cost_bps"": 10, ""universe_selection_method"": ""priority_with_coverage_fallback"", ""universe_size"": 30, ""zscore_lookback"": 336}",core,crypto,ETH,priority_with_coverage_fallback,30,30,"BTC,SOL,XRP,BNB,TRX,ADA,AVAX,DOT,NEAR,ATOM,ALGO,DOGE,BCH,LTC,XLM,ETC,LINK,UNI,AAVE,INJ,FIL,VET,FET,GRT,THETA,XTZ,SAND,CHZ,DASH,HBAR","TON,SUI,ICP,MKR,RENDER,RNDR,ARB,OP,MATIC,POL,APT,SEI,EOS,MANA","CHZ,DASH,HBAR",720,72,0.9,explained_variance,,336,2.0,0.5,10.0,8760.0,0.6,5,480,721,0,1.0,,,0,0,OLS,,445.85971112786433,1.8036656146843395,0.4253386966136217,4.240539666492635,-0.19504213982799556,0.00856283267762092,436,76.21028037383178,0.5057943466797474
"{""entry_z"": 2.0, ""exit_z"": 0.5, ""fixed_n_components"": null, ""max_holding_period"": null, ""min_asset_coverage"": 0.6, ""min_train_observations"": 480, ""min_universe_assets"": 5, ""pca_component_selection_method"": ""explained_variance"", ""pca_explained_variance"": 0.7, ""rebalance_frequency"": 72, ""regression_type"": ""OLS"", ""ridge_alpha"": 1.0, ""stage"": ""core"", ""stop_loss_z"": null, ""target"": ""ETH"", ""train_window"": 720, ""transaction_cost_bps"": 10, ""universe_selection_method"": ""priority_with_coverage_fallback"", ""universe_size"": 30, ""zscore_lookback"": 720}",core,crypto,ETH,priority_with_coverage_fallback,30,30,"BTC,SOL,XRP,BNB,TRX,ADA,AVAX,DOT,NEAR,ATOM,ALGO,DOGE,BCH,LTC,XLM,ETC,LINK,UNI,AAVE,INJ,FIL,VET,FET,GRT,THETA,XTZ,SAND,CHZ,DASH,HBAR","TON,SUI,ICP,MKR,RENDER,RNDR,ARB,OP,MATIC,POL,APT,SEI,EOS,MANA","CHZ,DASH,HBAR",720,72,0.7,explained_variance,,720,2.0,0.5,10.0,8760.0,0.6,5,480,721,0,1.0,,,0,0,OLS,,83.00191771821515,1.1139464746413008,0.41522811660834574,2.682733731376878,-0.23882263086834787,0.004435701612281108,229,127.90350877192982,0.4990741375762979
"{""entry_z"": 2.0, ""exit_z"": 0.5, ""fixed_n_components"": null, ""max_holding_period"": null, ""min_asset_coverage"": 0.6, ""min_train_observations"": 480, ""min_universe_assets"": 5, ""pca_component_selection_method"": ""explained_variance"", ""pca_explained_variance"": 0.8, ""rebalance_frequency"": 72, ""regression_type"": ""OLS"", ""ridge_alpha"": 1.0, ""stage"": ""core"", ""stop_loss_z"": null, ""target"": ""ETH"", ""train_window"": 720, ""transaction_cost_bps"": 10, ""universe_selection_method"": ""priority_with_coverage_fallback"", ""universe_size"": 30, ""zscore_lookback"": 720}",core,crypto,ETH,priority_with_coverage_fallback,30,30,"BTC,SOL,XRP,BNB,TRX,ADA,AVAX,DOT,NEAR,ATOM,ALGO,DOGE,BCH,LTC,XLM,ETC,LINK,UNI,AAVE,INJ,FIL,VET,FET,GRT,THETA,XTZ,SAND,CHZ,DASH,HBAR","TON,SUI,ICP,MKR,RENDER,RNDR,ARB,OP,MATIC,POL,APT,SEI,EOS,MANA","CHZ,DASH,HBAR",720,72,0.8,explained_variance,,720,2.0,0.5,10.0,8760.0,0.6,5,480,721,0,1.0,,,0,0,OLS,,158.1425142411292,1.354913672567426,0.3962196012633291,3.4196028370311367,-0.2207890753937134,0.004628558204119417,237,117.38461538461539,0.5010193679918451
"{""entry_z"": 2.0, ""exit_z"": 0.5, ""fixed_n_components"": null, ""max_holding_period"": null, ""min_asset_coverage"": 0.6, ""min_train_observations"": 480, ""min_universe_assets"": 5, ""pca_component_selection_method"": ""explained_variance"", ""pca_explained_variance"": 0.9, ""rebalance_frequency"": 72, ""regression_type"": ""OLS"", ""ridge_alpha"": 1.0, ""stage"": ""core"", ""stop_loss_z"": null, ""target"": ""ETH"", ""train_window"": 720, ""transaction_cost_bps"": 10, ""universe_selection_method"": ""priority_with_coverage_fallback"", ""universe_size"": 30, ""zscore_lookback"": 720}",core,crypto,ETH,priority_with_coverage_fallback,30,30,"BTC,SOL,XRP,BNB,TRX,ADA,AVAX,DOT,NEAR,ATOM,ALGO,DOGE,BCH,LTC,XLM,ETC,LINK,UNI,AAVE,INJ,FIL,VET,FET,GRT,THETA,XTZ,SAND,CHZ,DASH,HBAR","TON,SUI,ICP,MKR,RENDER,RNDR,ARB,OP,MATIC,POL,APT,SEI,EOS,MANA","CHZ,DASH,HBAR",720,72,0.9,explained_variance,,720,2.0,0.5,10.0,8760.0,0.6,5,480,721,0,1.0,,,0,0,OLS,,406.8884999715623,1.7607753778465818,0.40327607963247736,4.366178572880522,-0.1893396082407156,0.005438555889840315,276,82.27407407407408,0.508598181327091
"{""entry_z"": 2.0, ""exit_z"": 0.5, ""fixed_n_components"": null, ""max_holding_period"": null, ""min_asset_coverage"": 0.6, ""min_train_observations"": 480, ""min_universe_assets"": 5, ""pca_component_selection_method"": ""explained_variance"", ""pca_explained_variance"": 0.7, ""rebalance_frequency"": 72, ""regression_type"": ""OLS"", ""ridge_alpha"": 1.0, ""stage"": ""core"", ""stop_loss_z"": null, ""target"": ""ETH"", ""train_window"": 720, ""transaction_cost_bps"": 10, ""universe_selection_method"": ""priority_with_coverage_fallback"", ""universe_size"": 30, ""zscore_lookback"": 1440}",core,crypto,ETH,priority_with_coverage_fallback,30,30,"BTC,SOL,XRP,BNB,TRX,ADA,AVAX,DOT,NEAR,ATOM,ALGO,DOGE,BCH,LTC,XLM,ETC,LINK,UNI,AAVE,INJ,FIL,VET,FET,GRT,THETA,XTZ,SAND,CHZ,DASH,HBAR","TON,SUI,ICP,MKR,RENDER,RNDR,ARB,OP,MATIC,POL,APT,SEI,EOS,MANA","CHZ,DASH,HBAR",720,72,0.7,explained_variance,,1440,2.0,0.5,10.0,8760.0,0.6,5,480,721,0,1.0,,,0,0,OLS,,110.62003798126806,1.2179432194409987,0.3864572989747221,3.1515596229446907,-0.19640861466709836,0.0031242767877806064,162,161.37037037037038,0.4995027159360416
"{""entry_z"": 2.0, ""exit_z"": 0.5, ""fixed_n_components"": null, ""max_holding_period"": null, ""min_asset_coverage"": 0.6, ""min_train_observations"": 480, ""min_universe_assets"": 5, ""pca_component_selection_method"": ""explained_variance"", ""pca_explained_variance"": 0.8, ""rebalance_frequency"": 72, ""regression_type"": ""OLS"", ""ridge_alpha"": 1.0, ""stage"": ""core"", ""stop_loss_z"": null, ""target"": ""ETH"", ""train_window"": 720, ""transaction_cost_bps"": 10, ""universe_selection_method"": ""priority_with_coverage_fallback"", ""universe_size"": 30, ""zscore_lookback"": 1440}",core,crypto,ETH,priority_with_coverage_fallback,30,30,"BTC,SOL,XRP,BNB,TRX,ADA,AVAX,DOT,NEAR,ATOM,ALGO,DOGE,BCH,LTC,XLM,ETC,LINK,UNI,AAVE,INJ,FIL,VET,FET,GRT,THETA,XTZ,SAND,CHZ,DASH,HBAR","TON,SUI,ICP,MKR,RENDER,RNDR,ARB,OP,MATIC,POL,APT,SEI,EOS,MANA","CHZ,DASH,HBAR",720,72,0.8,explained_variance,,1440,2.0,0.5,10.0,8760.0,0.6,5,480,721,0,1.0,,,0,0,OLS,,180.92908014187816,1.408758336927428,0.38496763192227484,3.6594202216249103,-0.2206327883899506,0.0032785620612512537,170,128.5529411764706,0.4992221103688112
"{""entry_z"": 2.0, ""exit_z"": 0.5, ""fixed_n_components"": null, ""max_holding_period"": null, ""min_asset_coverage"": 0.6, ""min_train_observations"": 480, ""min_universe_assets"": 5, ""pca_component_selection_method"": ""explained_variance"", ""pca_explained_variance"": 0.9, ""rebalance_frequency"": 72, ""regression_type"": ""OLS"", ""ridge_alpha"": 1.0, ""stage"": ""core"", ""stop_loss_z"": null, ""target"": ""ETH"", ""train_window"": 720, ""transaction_cost_bps"": 10, ""universe_selection_method"": ""priority_with_coverage_fallback"", ""universe_size"": 30, ""zscore_lookback"": 1440}",core,crypto,ETH,priority_with_coverage_fallback,30,30,"BTC,SOL,XRP,BNB,TRX,ADA,AVAX,DOT,NEAR,ATOM,ALGO,DOGE,BCH,LTC,XLM,ETC,LINK,UNI,AAVE,INJ,FIL,VET,FET,GRT,THETA,XTZ,SAND,CHZ,DASH,HBAR","TON,SUI,ICP,MKR,RENDER,RNDR,ARB,OP,MATIC,POL,APT,SEI,EOS,MANA","CHZ,DASH,HBAR",720,72,0.9,explained_variance,,1440,2.0,0.5,10.0,8760.0,0.6,5,480,721,0,1.0,,,0,0,OLS,,259.51289214621653,1.5593867941060182,0.4090532941164313,3.8121849072853586,-0.1893396082407155,0.0037028465632955336,190,97.96808510638297,0.49896840047779345
"{""entry_z"": 2.0, ""exit_z"": 0.5, ""fixed_n_components"": null, ""max_holding_period"": null, ""min_asset_coverage"": 0.6, ""min_train_observations"": 480, ""min_universe_assets"": 5, ""pca_component_selection_method"": ""explained_variance"", ""pca_explained_variance"": 0.7, ""rebalance_frequency"": 72, ""regression_type"": ""OLS"", ""ridge_alpha"": 1.0, ""stage"": ""core"", ""stop_loss_z"": null, ""target"": ""ETH"", ""train_window"": 1440, ""transaction_cost_bps"": 10, ""universe_selection_method"": ""priority_with_coverage_fallback"", ""universe_size"": 30, ""zscore_lookback"": 336}",core,crypto,ETH,priority_with_coverage_fallback,30,30,"BTC,SOL,XRP,BNB,TRX,ADA,AVAX,DOT,NEAR,ATOM,ALGO,DOGE,BCH,LTC,XLM,ETC,LINK,UNI,AAVE,INJ,FIL,VET,FET,GRT,THETA,XTZ,SAND,CHZ,DASH,HBAR","TON,SUI,ICP,MKR,RENDER,RNDR,ARB,OP,MATIC,POL,APT,SEI,EOS,MANA","CHZ,DASH,HBAR",1440,72,0.7,explained_variance,,336,2.0,0.5,10.0,8760.0,0.6,5,480,711,0,1.0,,,0,0,OLS,,0.39353048412564307,0.05849843340687233,0.39797476262138265,0.1469903091883377,-0.5652535493568134,0.0070014863490573415,356,129.70056497175142,0.49880210828941063
"{""entry_z"": 2.0, ""exit_z"": 0.5, ""fixed_n_components"": null, ""max_holding_period"": null, ""min_asset_coverage"": 0.6, ""min_train_observations"": 480, ""min_universe_assets"": 5, ""pca_component_selection_method"": ""explained_variance"", ""pca_explained_variance"": 0.8, ""rebalance_frequency"": 72, ""regression_type"": ""OLS"", ""ridge_alpha"": 1.0, ""stage"": ""core"", ""stop_loss_z"": null, ""target"": ""ETH"", ""train_window"": 1440, ""transaction_cost_bps"": 10, ""universe_selection_method"": ""priority_with_coverage_fallback"", ""universe_size"": 30, ""zscore_lookback"": 336}",core,crypto,ETH,priority_with_coverage_fallback,30,30,"BTC,SOL,XRP,BNB,TRX,ADA,AVAX,DOT,NEAR,ATOM,ALGO,DOGE,BCH,LTC,XLM,ETC,LINK,UNI,AAVE,INJ,FIL,VET,FET,GRT,THETA,XTZ,SAND,CHZ,DASH,HBAR","TON,SUI,ICP,MKR,RENDER,RNDR,ARB,OP,MATIC,POL,APT,SEI,EOS,MANA","CHZ,DASH,HBAR",1440,72,0.8,explained_variance,,336,2.0,0.5,10.0,8760.0,0.6,5,480,711,0,1.0,,,0,0,OLS,,3.0171681472684755,0.2690079793299751,0.4254837447173001,0.6322403209756212,-0.4132363482069621,0.007216615817883126,364,124.47777777777777,0.4996875836829421
"{""entry_z"": 2.0, ""exit_z"": 0.5, ""fixed_n_components"": null, ""max_holding_period"": null, ""min_asset_coverage"": 0.6, ""min_train_observations"": 480, ""min_universe_assets"": 5, ""pca_component_selection_method"": ""explained_variance"", ""pca_explained_variance"": 0.9, ""rebalance_frequency"": 72, ""regression_type"": ""OLS"", ""ridge_alpha"": 1.0, ""stage"": ""core"", ""stop_loss_z"": null, ""target"": ""ETH"", ""train_window"": 1440, ""transaction_cost_bps"": 10, ""universe_selection_method"": ""priority_with_coverage_fallback"", ""universe_size"": 30, ""zscore_lookback"": 336}",core,crypto,ETH,priority_with_coverage_fallback,30,30,"BTC,SOL,XRP,BNB,TRX,ADA,AVAX,DOT,NEAR,ATOM,ALGO,DOGE,BCH,LTC,XLM,ETC,LINK,UNI,AAVE,INJ,FIL,VET,FET,GRT,THETA,XTZ,SAND,CHZ,DASH,HBAR","TON,SUI,ICP,MKR,RENDER,RNDR,ARB,OP,MATIC,POL,APT,SEI,EOS,MANA","CHZ,DASH,HBAR",1440,72,0.9,explained_variance,,336,2.0,0.5,10.0,8760.0,0.6,5,480,711,0,1.0,,,0,0,OLS,,21.14653260994081,0.7001197385398972,0.4123885511796206,1.6977186600773306,-0.37187805261357854,0.007998904795431432,401,103.48223350253807,0.5030903561267537
"{""entry_z"": 2.0, ""exit_z"": 0.5, ""fixed_n_components"": null, ""max_holding_period"": null, ""min_asset_coverage"": 0.6, ""min_train_observations"": 480, ""min_universe_assets"": 5, ""pca_component_selection_method"": ""explained_variance"", ""pca_explained_variance"": 0.7, ""rebalance_frequency"": 72, ""regression_type"": ""OLS"", ""ridge_alpha"": 1.0, ""stage"": ""core"", ""stop_loss_z"": null, ""target"": ""ETH"", ""train_window"": 1440, ""transaction_cost_bps"": 10, ""universe_selection_method"": ""priority_with_coverage_fallback"", ""universe_size"": 30, ""zscore_lookback"": 720}",core,crypto,ETH,priority_with_coverage_fallback,30,30,"BTC,SOL,XRP,BNB,TRX,ADA,AVAX,DOT,NEAR,ATOM,ALGO,DOGE,BCH,LTC,XLM,ETC,LINK,UNI,AAVE,INJ,FIL,VET,FET,GRT,THETA,XTZ,SAND,CHZ,DASH,HBAR","TON,SUI,ICP,MKR,RENDER,RNDR,ARB,OP,MATIC,POL,APT,SEI,EOS,MANA","CHZ,DASH,HBAR",1440,72,0.7,explained_variance,,720,2.0,0.5,10.0,8760.0,0.6,5,480,711,0,1.0,,,0,0,OLS,,20.29415503049853,0.6887263578976168,0.39149794325428744,1.7592081127493238,-0.27749150263105316,0.004067902683251193,205,192.2871287128713,0.5011070490705937
"{""entry_z"": 2.0, ""exit_z"": 0.5, ""fixed_n_components"": null, ""max_holding_period"": null, ""min_asset_coverage"": 0.6, ""min_train_observations"": 480, ""min_universe_assets"": 5, ""pca_component_selection_method"": ""explained_variance"", ""pca_explained_variance"": 0.8, ""rebalance_frequency"": 72, ""regression_type"": ""OLS"", ""ridge_alpha"": 1.0, ""stage"": ""core"", ""stop_loss_z"": null, ""target"": ""ETH"", ""train_window"": 1440, ""transaction_cost_bps"": 10, ""universe_selection_method"": ""priority_with_coverage_fallback"", ""universe_size"": 30, ""zscore_lookback"": 720}",core,crypto,ETH,priority_with_coverage_fallback,30,30,"BTC,SOL,XRP,BNB,TRX,ADA,AVAX,DOT,NEAR,ATOM,ALGO,DOGE,BCH,LTC,XLM,ETC,LINK,UNI,AAVE,INJ,FIL,VET,FET,GRT,THETA,XTZ,SAND,CHZ,DASH,HBAR","TON,SUI,ICP,MKR,RENDER,RNDR,ARB,OP,MATIC,POL,APT,SEI,EOS,MANA","CHZ,DASH,HBAR",1440,72,0.8,explained_variance,,720,2.0,0.5,10.0,8760.0,0.6,5,480,711,0,1.0,,,0,0,OLS,,30.66133952369133,0.8074762811209903,0.42601494776668086,1.8954177203266294,-0.2441629272224345,0.0041070171321286085,207,182.2156862745098,0.49973098030775853
"{""entry_z"": 2.0, ""exit_z"": 0.5, ""fixed_n_components"": null, ""max_holding_period"": null, ""min_asset_coverage"": 0.6, ""min_train_observations"": 480, ""min_universe_assets"": 5, ""pca_component_selection_method"": ""explained_variance"", ""pca_explained_variance"": 0.9, ""rebalance_frequency"": 72, ""regression_type"": ""OLS"", ""ridge_alpha"": 1.0, ""stage"": ""core"", ""stop_loss_z"": null, ""target"": ""ETH"", ""train_window"": 1440, ""transaction_cost_bps"": 10, ""universe_selection_method"": ""priority_with_coverage_fallback"", ""universe_size"": 30, ""zscore_lookback"": 720}",core,crypto,ETH,priority_with_coverage_fallback,30,30,"BTC,SOL,XRP,BNB,TRX,ADA,AVAX,DOT,NEAR,ATOM,ALGO,DOGE,BCH,LTC,XLM,ETC,LINK,UNI,AAVE,INJ,FIL,VET,FET,GRT,THETA,XTZ,SAND,CHZ,DASH,HBAR","TON,SUI,ICP,MKR,RENDER,RNDR,ARB,OP,MATIC,POL,APT,SEI,EOS,MANA","CHZ,DASH,HBAR",1440,72,0.9,explained_variance,,720,2.0,0.5,10.0,8760.0,0.6,5,480,711,0,1.0,,,0,0,OLS,,127.97203158506878,1.2991791389922924,0.40451353092260134,3.211707494750959,-0.21928861989212645,0.0048501916607994995,243,131.3613445378151,0.5005117707267144
"{""entry_z"": 2.0, ""exit_z"": 0.5, ""fixed_n_components"": null, ""max_holding_period"": null, ""min_asset_coverage"": 0.6, ""min_train_observations"": 480, ""min_universe_assets"": 5, ""pca_component_selection_method"": ""explained_variance"", ""pca_explained_variance"": 0.7, ""rebalance_frequency"": 72, ""regression_type"": ""OLS"", ""ridge_alpha"": 1.0, ""stage"": ""core"", ""stop_loss_z"": null, ""target"": ""ETH"", ""train_window"": 1440, ""transaction_cost_bps"": 10, ""universe_selection_method"": ""priority_with_coverage_fallback"", ""universe_size"": 30, ""zscore_lookback"": 1440}",core,crypto,ETH,priority_with_coverage_fallback,30,30,"BTC,SOL,XRP,BNB,TRX,ADA,AVAX,DOT,NEAR,ATOM,ALGO,DOGE,BCH,LTC,XLM,ETC,LINK,UNI,AAVE,INJ,FIL,VET,FET,GRT,THETA,XTZ,SAND,CHZ,DASH,HBAR","TON,SUI,ICP,MKR,RENDER,RNDR,ARB,OP,MATIC,POL,APT,SEI,EOS,MANA","CHZ,DASH,HBAR",1440,72,0.7,explained_variance,,1440,2.0,0.5,10.0,8760.0,0.6,5,480,711,0,1.0,,,0,0,OLS,,31.379832309250013,0.8144382223026447,0.37056633652813126,2.197820314530425,-0.31128442633230535,0.0026597825236642416,136,237.98529411764707,0.5019464870543162
"{""entry_z"": 2.0, ""exit_z"": 0.5, ""fixed_n_components"": null, ""max_holding_period"": null, ""min_asset_coverage"": 0.6, ""min_train_observations"": 480, ""min_universe_assets"": 5, ""pca_component_selection_method"": ""explained_variance"", ""pca_explained_variance"": 0.8, ""rebalance_frequency"": 72, ""regression_type"": ""OLS"", ""ridge_alpha"": 1.0, ""stage"": ""core"", ""stop_loss_z"": null, ""target"": ""ETH"", ""train_window"": 1440, ""transaction_cost_bps"": 10, ""universe_selection_method"": ""priority_with_coverage_fallback"", ""universe_size"": 30, ""zscore_lookback"": 1440}",core,crypto,ETH,priority_with_coverage_fallback,30,30,"BTC,SOL,XRP,BNB,TRX,ADA,AVAX,DOT,NEAR,ATOM,ALGO,DOGE,BCH,LTC,XLM,ETC,LINK,UNI,AAVE,INJ,FIL,VET,FET,GRT,THETA,XTZ,SAND,CHZ,DASH,HBAR","TON,SUI,ICP,MKR,RENDER,RNDR,ARB,OP,MATIC,POL,APT,SEI,EOS,MANA","CHZ,DASH,HBAR",1440,72,0.8,explained_variance,,1440,2.0,0.5,10.0,8760.0,0.6,5,480,711,0,1.0,,,0,0,OLS,,34.688934382924295,0.8449391626027414,0.3965273657967902,2.1308470372653936,-0.25483895799170353,0.0025424391770319955,130,199.30769230769232,0.4978772674642995
"{""entry_z"": 2.0, ""exit_z"": 0.5, ""fixed_n_components"": null, ""max_holding_period"": null, ""min_asset_coverage"": 0.6, ""min_train_observations"": 480, ""min_universe_assets"": 5, ""pca_component_selection_method"": ""explained_variance"", ""pca_explained_variance"": 0.9, ""rebalance_frequency"": 72, ""regression_type"": ""OLS"", ""ridge_alpha"": 1.0, ""stage"": ""core"", ""stop_loss_z"": null, ""target"": ""ETH"", ""train_window"": 1440, ""transaction_cost_bps"": 10, ""universe_selection_method"": ""priority_with_coverage_fallback"", ""universe_size"": 30, ""zscore_lookback"": 1440}",core,crypto,ETH,priority_with_coverage_fallback,30,30,"BTC,SOL,XRP,BNB,TRX,ADA,AVAX,DOT,NEAR,ATOM,ALGO,DOGE,BCH,LTC,XLM,ETC,LINK,UNI,AAVE,INJ,FIL,VET,FET,GRT,THETA,XTZ,SAND,CHZ,DASH,HBAR","TON,SUI,ICP,MKR,RENDER,RNDR,ARB,OP,MATIC,POL,APT,SEI,EOS,MANA","CHZ,DASH,HBAR",1440,72,0.9,explained_variance,,1440,2.0,0.5,10.0,8760.0,0.6,5,480,711,0,1.0,,,0,0,OLS,,113.7401836554469,1.2535807039681663,0.3927320502884605,3.1919490732865197,-0.25483895799170286,0.0032464992568254714,164,143.320987654321,0.4965974674821259
"{""entry_z"": 2.0, ""exit_z"": 0.5, ""fixed_n_components"": null, ""max_holding_period"": null, ""min_asset_coverage"": 0.6, ""min_train_observations"": 480, ""min_universe_assets"": 5, ""pca_component_selection_method"": ""explained_variance"", ""pca_explained_variance"": 0.7, ""rebalance_frequency"": 72, ""regression_type"": ""OLS"", ""ridge_alpha"": 1.0, ""stage"": ""core"", ""stop_loss_z"": null, ""target"": ""ETH"", ""train_window"": 2880, ""transaction_cost_bps"": 10, ""universe_selection_method"": ""priority_with_coverage_fallback"", ""universe_size"": 30, ""zscore_lookback"": 336}",core,crypto,ETH,priority_with_coverage_fallback,30,30,"BTC,SOL,XRP,BNB,TRX,ADA,AVAX,DOT,NEAR,ATOM,ALGO,DOGE,BCH,LTC,XLM,ETC,LINK,UNI,AAVE,INJ,FIL,VET,FET,GRT,THETA,XTZ,SAND,CHZ,DASH,HBAR","TON,SUI,ICP,MKR,RENDER,RNDR,ARB,OP,MATIC,POL,APT,SEI,EOS,MANA","CHZ,DASH,HBAR",2880,72,0.7,explained_variance,,336,2.0,0.5,10.0,8760.0,0.6,5,480,691,0,1.0,,,0,0,OLS,,-0.3256859570525903,-0.06710918746373495,0.4654722462002944,-0.1441744121406921,-0.7226409126638917,0.007284874828946309,358,141.98870056497177,0.49805029444532867
"{""entry_z"": 2.0, ""exit_z"": 0.5, ""fixed_n_components"": null, ""max_holding_period"": null, ""min_asset_coverage"": 0.6, ""min_train_observations"": 480, ""min_universe_assets"": 5, ""pca_component_selection_method"": ""explained_variance"", ""pca_explained_variance"": 0.8, ""rebalance_frequency"": 72, ""regression_type"": ""OLS"", ""ridge_alpha"": 1.0, ""stage"": ""core"", ""stop_loss_z"": null, ""target"": ""ETH"", ""train_window"": 2880, ""transaction_cost_bps"": 10, ""universe_selection_method"": ""priority_with_coverage_fallback"", ""universe_size"": 30, ""zscore_lookback"": 336}",core,crypto,ETH,priority_with_coverage_fallback,30,30,"BTC,SOL,XRP,BNB,TRX,ADA,AVAX,DOT,NEAR,ATOM,ALGO,DOGE,BCH,LTC,XLM,ETC,LINK,UNI,AAVE,INJ,FIL,VET,FET,GRT,THETA,XTZ,SAND,CHZ,DASH,HBAR","TON,SUI,ICP,MKR,RENDER,RNDR,ARB,OP,MATIC,POL,APT,SEI,EOS,MANA","CHZ,DASH,HBAR",2880,72,0.8,explained_variance,,336,2.0,0.5,10.0,8760.0,0.6,5,480,691,0,1.0,,,0,0,OLS,,-0.23903303012286592,-0.04701412884739131,0.38532445575560387,-0.12201179589081292,-0.6633840678904075,0.007647106174032038,379,127.57671957671958,0.497221300597213
"{""entry_z"": 2.0, ""exit_z"": 0.5, ""fixed_n_components"": null, ""max_holding_period"": null, ""min_asset_coverage"": 0.6, ""min_train_observations"": 480, ""min_universe_assets"": 5, ""pca_component_selection_method"": ""explained_variance"", ""pca_explained_variance"": 0.9, ""rebalance_frequency"": 72, ""regression_type"": ""OLS"", ""ridge_alpha"": 1.0, ""stage"": ""core"", ""stop_loss_z"": null, ""target"": ""ETH"", ""train_window"": 2880, ""transaction_cost_bps"": 10, ""universe_selection_method"": ""priority_with_coverage_fallback"", ""universe_size"": 30, ""zscore_lookback"": 336}",core,crypto,ETH,priority_with_coverage_fallback,30,30,"BTC,SOL,XRP,BNB,TRX,ADA,AVAX,DOT,NEAR,ATOM,ALGO,DOGE,BCH,LTC,XLM,ETC,LINK,UNI,AAVE,INJ,FIL,VET,FET,GRT,THETA,XTZ,SAND,CHZ,DASH,HBAR","TON,SUI,ICP,MKR,RENDER,RNDR,ARB,OP,MATIC,POL,APT,SEI,EOS,MANA","CHZ,DASH,HBAR",2880,72,0.9,explained_variance,,336,2.0,0.5,10.0,8760.0,0.6,5,480,691,0,1.0,,,0,0,OLS,,0.6834938704501161,0.09616999373911517,0.400234089619249,0.24028436415949395,-0.4993634569929438,0.007969089591886018,394,123.29081632653062,0.500310366232154
"{""entry_z"": 2.0, ""exit_z"": 0.5, ""fixed_n_components"": null, ""max_holding_period"": null, ""min_asset_coverage"": 0.6, ""min_train_observations"": 480, ""min_universe_assets"": 5, ""pca_component_selection_method"": ""explained_variance"", ""pca_explained_variance"": 0.7, ""rebalance_frequency"": 72, ""regression_type"": ""OLS"", ""ridge_alpha"": 1.0, ""stage"": ""core"", ""stop_loss_z"": null, ""target"": ""ETH"", ""train_window"": 2880, ""transaction_cost_bps"": 10, ""universe_selection_method"": ""priority_with_coverage_fallback"", ""universe_size"": 30, ""zscore_lookback"": 720}",core,crypto,ETH,priority_with_coverage_fallback,30,30,"BTC,SOL,XRP,BNB,TRX,ADA,AVAX,DOT,NEAR,ATOM,ALGO,DOGE,BCH,LTC,XLM,ETC,LINK,UNI,AAVE,INJ,FIL,VET,FET,GRT,THETA,XTZ,SAND,CHZ,DASH,HBAR","TON,SUI,ICP,MKR,RENDER,RNDR,ARB,OP,MATIC,POL,APT,SEI,EOS,MANA","CHZ,DASH,HBAR",2880,72,0.7,explained_variance,,720,2.0,0.5,10.0,8760.0,0.6,5,480,691,0,1.0,,,0,0,OLS,,2.8948874202555612,0.270854816017573,0.46832751924862,0.578344865260384,-0.3842965950921544,0.003783305159784271,186,244.17391304347825,0.5007567663817664
"{""entry_z"": 2.0, ""exit_z"": 0.5, ""fixed_n_components"": null, ""max_holding_period"": null, ""min_asset_coverage"": 0.6, ""min_train_observations"": 480, ""min_universe_assets"": 5, ""pca_component_selection_method"": ""explained_variance"", ""pca_explained_variance"": 0.8, ""rebalance_frequency"": 72, ""regression_type"": ""OLS"", ""ridge_alpha"": 1.0, ""stage"": ""core"", ""stop_loss_z"": null, ""target"": ""ETH"", ""train_window"": 2880, ""transaction_cost_bps"": 10, ""universe_selection_method"": ""priority_with_coverage_fallback"", ""universe_size"": 30, ""zscore_lookback"": 720}",core,crypto,ETH,priority_with_coverage_fallback,30,30,"BTC,SOL,XRP,BNB,TRX,ADA,AVAX,DOT,NEAR,ATOM,ALGO,DOGE,BCH,LTC,XLM,ETC,LINK,UNI,AAVE,INJ,FIL,VET,FET,GRT,THETA,XTZ,SAND,CHZ,DASH,HBAR","TON,SUI,ICP,MKR,RENDER,RNDR,ARB,OP,MATIC,POL,APT,SEI,EOS,MANA","CHZ,DASH,HBAR",2880,72,0.8,explained_variance,,720,2.0,0.5,10.0,8760.0,0.6,5,480,691,0,1.0,,,0,0,OLS,,1.6632751588494088,0.18848815643549788,0.4080903282251771,0.4618785190407488,-0.4039452683358514,0.003823553087016019,189,243.77659574468086,0.4993672267073969
"{""entry_z"": 2.0, ""exit_z"": 0.5, ""fixed_n_components"": null, ""max_holding_period"": null, ""min_asset_coverage"": 0.6, ""min_train_observations"": 480, ""min_universe_assets"": 5, ""pca_component_selection_method"": ""explained_variance"", ""pca_explained_variance"": 0.9, ""rebalance_frequency"": 72, ""regression_type"": ""OLS"", ""ridge_alpha"": 1.0, ""stage"": ""core"", ""stop_loss_z"": null, ""target"": ""ETH"", ""train_window"": 2880, ""transaction_cost_bps"": 10, ""universe_selection_method"": ""priority_with_coverage_fallback"", ""universe_size"": 30, ""zscore_lookback"": 720}",core,crypto,ETH,priority_with_coverage_fallback,30,30,"BTC,SOL,XRP,BNB,TRX,ADA,AVAX,DOT,NEAR,ATOM,ALGO,DOGE,BCH,LTC,XLM,ETC,LINK,UNI,AAVE,INJ,FIL,VET,FET,GRT,THETA,XTZ,SAND,CHZ,DASH,HBAR","TON,SUI,ICP,MKR,RENDER,RNDR,ARB,OP,MATIC,POL,APT,SEI,EOS,MANA","CHZ,DASH,HBAR",2880,72,0.9,explained_variance,,720,2.0,0.5,10.0,8760.0,0.6,5,480,691,0,1.0,,,0,0,OLS,,5.847007350748288,0.4037411370161226,0.38678641841287886,1.0438348344102022,-0.29235334631465815,0.003944296868711262,195,192.77319587628867,0.5014706668805818
"{""entry_z"": 2.0, ""exit_z"": 0.5, ""fixed_n_components"": null, ""max_holding_period"": null, ""min_asset_coverage"": 0.6, ""min_train_observations"": 480, ""min_universe_assets"": 5, ""pca_component_selection_method"": ""explained_variance"", ""pca_explained_variance"": 0.7, ""rebalance_frequency"": 72, ""regression_type"": ""OLS"", ""ridge_alpha"": 1.0, ""stage"": ""core"", ""stop_loss_z"": null, ""target"": ""ETH"", ""train_window"": 2880, ""transaction_cost_bps"": 10, ""universe_selection_method"": ""priority_with_coverage_fallback"", ""universe_size"": 30, ""zscore_lookback"": 1440}",core,crypto,ETH,priority_with_coverage_fallback,30,30,"BTC,SOL,XRP,BNB,TRX,ADA,AVAX,DOT,NEAR,ATOM,ALGO,DOGE,BCH,LTC,XLM,ETC,LINK,UNI,AAVE,INJ,FIL,VET,FET,GRT,THETA,XTZ,SAND,CHZ,DASH,HBAR","TON,SUI,ICP,MKR,RENDER,RNDR,ARB,OP,MATIC,POL,APT,SEI,EOS,MANA","CHZ,DASH,HBAR",2880,72,0.7,explained_variance,,1440,2.0,0.5,10.0,8760.0,0.6,5,480,691,0,1.0,,,0,0,OLS,,2.355581414518222,0.23789969954810397,0.4774028032338715,0.49832070096069575,-0.5170678004290616,0.002012396361587378,100,381.12,0.5065596137699412
"{""entry_z"": 2.0, ""exit_z"": 0.5, ""fixed_n_components"": null, ""max_holding_period"": null, ""min_asset_coverage"": 0.6, ""min_train_observations"": 480, ""min_universe_assets"": 5, ""pca_component_selection_method"": ""explained_variance"", ""pca_explained_variance"": 0.8, ""rebalance_frequency"": 72, ""regression_type"": ""OLS"", ""ridge_alpha"": 1.0, ""stage"": ""core"", ""stop_loss_z"": null, ""target"": ""ETH"", ""train_window"": 2880, ""transaction_cost_bps"": 10, ""universe_selection_method"": ""priority_with_coverage_fallback"", ""universe_size"": 30, ""zscore_lookback"": 1440}",core,crypto,ETH,priority_with_coverage_fallback,30,30,"BTC,SOL,XRP,BNB,TRX,ADA,AVAX,DOT,NEAR,ATOM,ALGO,DOGE,BCH,LTC,XLM,ETC,LINK,UNI,AAVE,INJ,FIL,VET,FET,GRT,THETA,XTZ,SAND,CHZ,DASH,HBAR","TON,SUI,ICP,MKR,RENDER,RNDR,ARB,OP,MATIC,POL,APT,SEI,EOS,MANA","CHZ,DASH,HBAR",2880,72,0.8,explained_variance,,1440,2.0,0.5,10.0,8760.0,0.6,5,480,691,0,1.0,,,0,0,OLS,,4.271742984325609,0.3405109513993534,0.3866824504939129,0.8805958247249539,-0.44980416657646827,0.0022538839249778638,112,342.25,0.5004695815506627
"{""entry_z"": 2.0, ""exit_z"": 0.5, ""fixed_n_components"": null, ""max_holding_period"": null, ""min_asset_coverage"": 0.6, ""min_train_observations"": 480, ""min_universe_assets"": 5, ""pca_component_selection_method"": ""explained_variance"", ""pca_explained_variance"": 0.9, ""rebalance_frequency"": 72, ""regression_type"": ""OLS"", ""ridge_alpha"": 1.0, ""stage"": ""core"", ""stop_loss_z"": null, ""target"": ""ETH"", ""train_window"": 2880, ""transaction_cost_bps"": 10, ""universe_selection_method"": ""priority_with_coverage_fallback"", ""universe_size"": 30, ""zscore_lookback"": 1440}",core,crypto,ETH,priority_with_coverage_fallback,30,30,"BTC,SOL,XRP,BNB,TRX,ADA,AVAX,DOT,NEAR,ATOM,ALGO,DOGE,BCH,LTC,XLM,ETC,LINK,UNI,AAVE,INJ,FIL,VET,FET,GRT,THETA,XTZ,SAND,CHZ,DASH,HBAR","TON,SUI,ICP,MKR,RENDER,RNDR,ARB,OP,MATIC,POL,APT,SEI,EOS,MANA","CHZ,DASH,HBAR",2880,72,0.9,explained_variance,,1440,2.0,0.5,10.0,8760.0,0.6,5,480,691,0,1.0,,,0,0,OLS,,20.66128590577406,0.7197381509603971,0.36728723103630434,1.959605698596298,-0.2493580386009694,0.0025356194156000967,124,254.01639344262296,0.4982252339464343
"{""entry_z"": 2.5, ""exit_z"": 0.25, ""fixed_n_components"": null, ""max_holding_period"": null, ""min_asset_coverage"": 0.6, ""min_train_observations"": 480, ""min_universe_assets"": 5, ""pca_component_selection_method"": ""explained_variance"", ""pca_explained_variance"": 0.7, ""rebalance_frequency"": 72, ""regression_type"": ""OLS"", ""ridge_alpha"": 1.0, ""stage"": ""core"", ""stop_loss_z"": null, ""target"": ""ETH"", ""train_window"": 720, ""transaction_cost_bps"": 10, ""universe_selection_method"": ""priority_with_coverage_fallback"", ""universe_size"": 30, ""zscore_lookback"": 336}",core,crypto,ETH,priority_with_coverage_fallback,30,30,"BTC,SOL,XRP,BNB,TRX,ADA,AVAX,DOT,NEAR,ATOM,ALGO,DOGE,BCH,LTC,XLM,ETC,LINK,UNI,AAVE,INJ,FIL,VET,FET,GRT,THETA,XTZ,SAND,CHZ,DASH,HBAR","TON,SUI,ICP,MKR,RENDER,RNDR,ARB,OP,MATIC,POL,APT,SEI,EOS,MANA","CHZ,DASH,HBAR",720,72,0.7,explained_variance,,336,2.5,0.25,10.0,8760.0,0.6,5,480,721,0,1.0,,,0,0,OLS,,53.5183758922361,0.9650593986066882,0.435491943758089,2.216021243191512,-0.30509769101380135,0.005322841934737329,271,135.98496240601503,0.5037598142209444
"{""entry_z"": 2.5, ""exit_z"": 0.25, ""fixed_n_components"": null, ""max_holding_period"": null, ""min_asset_coverage"": 0.6, ""min_train_observations"": 480, ""min_universe_assets"": 5, ""pca_component_selection_method"": ""explained_variance"", ""pca_explained_variance"": 0.8, ""rebalance_frequency"": 72, ""regression_type"": ""OLS"", ""ridge_alpha"": 1.0, ""stage"": ""core"", ""stop_loss_z"": null, ""target"": ""ETH"", ""train_window"": 720, ""transaction_cost_bps"": 10, ""universe_selection_method"": ""priority_with_coverage_fallback"", ""universe_size"": 30, ""zscore_lookback"": 336}",core,crypto,ETH,priority_with_coverage_fallback,30,30,"BTC,SOL,XRP,BNB,TRX,ADA,AVAX,DOT,NEAR,ATOM,ALGO,DOGE,BCH,LTC,XLM,ETC,LINK,UNI,AAVE,INJ,FIL,VET,FET,GRT,THETA,XTZ,SAND,CHZ,DASH,HBAR","TON,SUI,ICP,MKR,RENDER,RNDR,ARB,OP,MATIC,POL,APT,SEI,EOS,MANA","CHZ,DASH,HBAR",720,72,0.8,explained_variance,,336,2.5,0.25,10.0,8760.0,0.6,5,480,721,0,1.0,,,0,0,OLS,,78.62736327087592,1.0949322615166035,0.4162100069569589,2.630720653551784,-0.2954773415065407,0.0050914140245313586,258,129.70634920634922,0.5029064431254971
"{""entry_z"": 2.5, ""exit_z"": 0.25, ""fixed_n_components"": null, ""max_holding_period"": null, ""min_asset_coverage"": 0.6, ""min_train_observations"": 480, ""min_universe_assets"": 5, ""pca_component_selection_method"": ""explained_variance"", ""pca_explained_variance"": 0.9, ""rebalance_frequency"": 72, ""regression_type"": ""OLS"", ""ridge_alpha"": 1.0, ""stage"": ""core"", ""stop_loss_z"": null, ""target"": ""ETH"", ""train_window"": 720, ""transaction_cost_bps"": 10, ""universe_selection_method"": ""priority_with_coverage_fallback"", ""universe_size"": 30, ""zscore_lookback"": 336}",core,crypto,ETH,priority_with_coverage_fallback,30,30,"BTC,SOL,XRP,BNB,TRX,ADA,AVAX,DOT,NEAR,ATOM,ALGO,DOGE,BCH,LTC,XLM,ETC,LINK,UNI,AAVE,INJ,FIL,VET,FET,GRT,THETA,XTZ,SAND,CHZ,DASH,HBAR","TON,SUI,ICP,MKR,RENDER,RNDR,ARB,OP,MATIC,POL,APT,SEI,EOS,MANA","CHZ,DASH,HBAR",720,72,0.9,explained_variance,,336,2.5,0.25,10.0,8760.0,0.6,5,480,721,0,1.0,,,0,0,OLS,,124.25988138835343,1.2615663819887581,0.392508995416793,3.2141082031741472,-0.195042139827996,0.005207127979634344,265,106.2,0.5050702593075475
"{""entry_z"": 2.5, ""exit_z"": 0.25, ""fixed_n_components"": null, ""max_holding_period"": null, ""min_asset_coverage"": 0.6, ""min_train_observations"": 480, ""min_universe_assets"": 5, ""pca_component_selection_method"": ""explained_variance"", ""pca_explained_variance"": 0.7, ""rebalance_frequency"": 72, ""regression_type"": ""OLS"", ""ridge_alpha"": 1.0, ""stage"": ""core"", ""stop_loss_z"": null, ""target"": ""ETH"", ""train_window"": 720, ""transaction_cost_bps"": 10, ""universe_selection_method"": ""priority_with_coverage_fallback"", ""universe_size"": 30, ""zscore_lookback"": 720}",core,crypto,ETH,priority_with_coverage_fallback,30,30,"BTC,SOL,XRP,BNB,TRX,ADA,AVAX,DOT,NEAR,ATOM,ALGO,DOGE,BCH,LTC,XLM,ETC,LINK,UNI,AAVE,INJ,FIL,VET,FET,GRT,THETA,XTZ,SAND,CHZ,DASH,HBAR","TON,SUI,ICP,MKR,RENDER,RNDR,ARB,OP,MATIC,POL,APT,SEI,EOS,MANA","CHZ,DASH,HBAR",720,72,0.7,explained_variance,,720,2.5,0.25,10.0,8760.0,0.6,5,480,721,0,1.0,,,0,0,OLS,,84.38040522969757,1.1197675628522314,0.3927092427405984,2.8513909044709878,-0.21322288557689661,0.0030471341510452826,157,176.10256410256412,0.4982527664531159
"{""entry_z"": 2.5, ""exit_z"": 0.25, ""fixed_n_components"": null, ""max_holding_period"": null, ""min_asset_coverage"": 0.6, ""min_train_observations"": 480, ""min_universe_assets"": 5, ""pca_component_selection_method"": ""explained_variance"", ""pca_explained_variance"": 0.8, ""rebalance_frequency"": 72, ""regression_type"": ""OLS"", ""ridge_alpha"": 1.0, ""stage"": ""core"", ""stop_loss_z"": null, ""target"": ""ETH"", ""train_window"": 720, ""transaction_cost_bps"": 10, ""universe_selection_method"": ""priority_with_coverage_fallback"", ""universe_size"": 30, ""zscore_lookback"": 720}",core,crypto,ETH,priority_with_coverage_fallback,30,30,"BTC,SOL,XRP,BNB,TRX,ADA,AVAX,DOT,NEAR,ATOM,ALGO,DOGE,BCH,LTC,XLM,ETC,LINK,UNI,AAVE,INJ,FIL,VET,FET,GRT,THETA,XTZ,SAND,CHZ,DASH,HBAR","TON,SUI,ICP,MKR,RENDER,RNDR,ARB,OP,MATIC,POL,APT,SEI,EOS,MANA","CHZ,DASH,HBAR",720,72,0.8,explained_variance,,720,2.5,0.25,10.0,8760.0,0.6,5,480,721,0,1.0,,,0,0,OLS,,34.024736271855375,0.8235192748512707,0.3704131181136346,2.2232454375404522,-0.22078907539371373,0.0025071356938980173,130,184.53846153846155,0.4923718215923301
"{""entry_z"": 2.5, ""exit_z"": 0.25, ""fixed_n_components"": null, ""max_holding_period"": null, ""min_asset_coverage"": 0.6, ""min_train_observations"": 480, ""min_universe_assets"": 5, ""pca_component_selection_method"": ""explained_variance"", ""pca_explained_variance"": 0.9, ""rebalance_frequency"": 72, ""regression_type"": ""OLS"", ""ridge_alpha"": 1.0, ""stage"": ""core"", ""stop_loss_z"": null, ""target"": ""ETH"", ""train_window"": 720, ""transaction_cost_bps"": 10, ""universe_selection_method"": ""priority_with_coverage_fallback"", ""universe_size"": 30, ""zscore_lookback"": 720}",core,crypto,ETH,priority_with_coverage_fallback,30,30,"BTC,SOL,XRP,BNB,TRX,ADA,AVAX,DOT,NEAR,ATOM,ALGO,DOGE,BCH,LTC,XLM,ETC,LINK,UNI,AAVE,INJ,FIL,VET,FET,GRT,THETA,XTZ,SAND,CHZ,DASH,HBAR","TON,SUI,ICP,MKR,RENDER,RNDR,ARB,OP,MATIC,POL,APT,SEI,EOS,MANA","CHZ,DASH,HBAR",720,72,0.9,explained_variance,,720,2.5,0.25,10.0,8760.0,0.6,5,480,721,0,1.0,,,0,0,OLS,,74.56311822909747,1.0764722407671972,0.3554848166206071,3.0281806435521195,-0.15636411342648893,0.0028928488775746353,147,103.98611111111111,0.5003339121143315
"{""entry_z"": 2.5, ""exit_z"": 0.25, ""fixed_n_components"": null, ""max_holding_period"": null, ""min_asset_coverage"": 0.6, ""min_train_observations"": 480, ""min_universe_assets"": 5, ""pca_component_selection_method"": ""explained_variance"", ""pca_explained_variance"": 0.7, ""rebalance_frequency"": 72, ""regression_type"": ""OLS"", ""ridge_alpha"": 1.0, ""stage"": ""core"", ""stop_loss_z"": null, ""target"": ""ETH"", ""train_window"": 720, ""transaction_cost_bps"": 10, ""universe_selection_method"": ""priority_with_coverage_fallback"", ""universe_size"": 30, ""zscore_lookback"": 1440}",core,crypto,ETH,priority_with_coverage_fallback,30,30,"BTC,SOL,XRP,BNB,TRX,ADA,AVAX,DOT,NEAR,ATOM,ALGO,DOGE,BCH,LTC,XLM,ETC,LINK,UNI,AAVE,INJ,FIL,VET,FET,GRT,THETA,XTZ,SAND,CHZ,DASH,HBAR","TON,SUI,ICP,MKR,RENDER,RNDR,ARB,OP,MATIC,POL,APT,SEI,EOS,MANA","CHZ,DASH,HBAR",720,72,0.7,explained_variance,,1440,2.5,0.25,10.0,8760.0,0.6,5,480,721,0,1.0,,,0,0,OLS,,51.52026866156311,0.9527026601920447,0.3554223592061432,2.680480379230959,-0.19640861466709814,0.0019285659183830904,99,188.26530612244898,0.49821138211382116
"{""entry_z"": 2.5, ""exit_z"": 0.25, ""fixed_n_components"": null, ""max_holding_period"": null, ""min_asset_coverage"": 0.6, ""min_train_observations"": 480, ""min_universe_assets"": 5, ""pca_component_selection_method"": ""explained_variance"", ""pca_explained_variance"": 0.8, ""rebalance_frequency"": 72, ""regression_type"": ""OLS"", ""ridge_alpha"": 1.0, ""stage"": ""core"", ""stop_loss_z"": null, ""target"": ""ETH"", ""train_window"": 720, ""transaction_cost_bps"": 10, ""universe_selection_method"": ""priority_with_coverage_fallback"", ""universe_size"": 30, ""zscore_lookback"": 1440}",core,crypto,ETH,priority_with_coverage_fallback,30,30,"BTC,SOL,XRP,BNB,TRX,ADA,AVAX,DOT,NEAR,ATOM,ALGO,DOGE,BCH,LTC,XLM,ETC,LINK,UNI,AAVE,INJ,FIL,VET,FET,GRT,THETA,XTZ,SAND,CHZ,DASH,HBAR","TON,SUI,ICP,MKR,RENDER,RNDR,ARB,OP,MATIC,POL,APT,SEI,EOS,MANA","CHZ,DASH,HBAR",720,72,0.8,explained_variance,,1440,2.5,0.25,10.0,8760.0,0.6,5,480,721,0,1.0,,,0,0,OLS,,50.01653299456796,0.9431429054661007,0.34425849782127277,2.7396358011059125,-0.2195140816050153,0.0019285659183830904,99,170.75510204081633,0.49695231265686624
"{""entry_z"": 2.5, ""exit_z"": 0.25, ""fixed_n_components"": null, ""max_holding_period"": null, ""min_asset_coverage"": 0.6, ""min_train_observations"": 480, ""min_universe_assets"": 5, ""pca_component_selection_method"": ""explained_variance"", ""pca_explained_variance"": 0.9, ""rebalance_frequency"": 72, ""regression_type"": ""OLS"", ""ridge_alpha"": 1.0, ""stage"": ""core"", ""stop_loss_z"": null, ""target"": ""ETH"", ""train_window"": 720, ""transaction_cost_bps"": 10, ""universe_selection_method"": ""priority_with_coverage_fallback"", ""universe_size"": 30, ""zscore_lookback"": 1440}",core,crypto,ETH,priority_with_coverage_fallback,30,30,"BTC,SOL,XRP,BNB,TRX,ADA,AVAX,DOT,NEAR,ATOM,ALGO,DOGE,BCH,LTC,XLM,ETC,LINK,UNI,AAVE,INJ,FIL,VET,FET,GRT,THETA,XTZ,SAND,CHZ,DASH,HBAR","TON,SUI,ICP,MKR,RENDER,RNDR,ARB,OP,MATIC,POL,APT,SEI,EOS,MANA","CHZ,DASH,HBAR",720,72,0.9,explained_variance,,1440,2.5,0.25,10.0,8760.0,0.6,5,480,721,0,1.0,,,0,0,OLS,,111.33704930115957,1.2203438018607544,0.37953708360311417,3.215347997817469,-0.18933960824071583,0.00235285042042737,120,124.52542372881356,0.49680141554375934
"{""entry_z"": 2.5, ""exit_z"": 0.25, ""fixed_n_components"": null, ""max_holding_period"": null, ""min_asset_coverage"": 0.6, ""min_train_observations"": 480, ""min_universe_assets"": 5, ""pca_component_selection_method"": ""explained_variance"", ""pca_explained_variance"": 0.7, ""rebalance_frequency"": 72, ""regression_type"": ""OLS"", ""ridge_alpha"": 1.0, ""stage"": ""core"", ""stop_loss_z"": null, ""target"": ""ETH"", ""train_window"": 1440, ""transaction_cost_bps"": 10, ""universe_selection_method"": ""priority_with_coverage_fallback"", ""universe_size"": 30, ""zscore_lookback"": 336}",core,crypto,ETH,priority_with_coverage_fallback,30,30,"BTC,SOL,XRP,BNB,TRX,ADA,AVAX,DOT,NEAR,ATOM,ALGO,DOGE,BCH,LTC,XLM,ETC,LINK,UNI,AAVE,INJ,FIL,VET,FET,GRT,THETA,XTZ,SAND,CHZ,DASH,HBAR","TON,SUI,ICP,MKR,RENDER,RNDR,ARB,OP,MATIC,POL,APT,SEI,EOS,MANA","CHZ,DASH,HBAR",1440,72,0.7,explained_variance,,336,2.5,0.25,10.0,8760.0,0.6,5,480,711,0,1.0,,,0,0,OLS,,1.9693294552202425,0.20497057759263826,0.3876325527034811,0.528775450263668,-0.42703464972770366,0.0047915199874833765,241,174.19327731092437,0.4994934632640262
"{""entry_z"": 2.5, ""exit_z"": 0.25, ""fixed_n_components"": null, ""max_holding_period"": null, ""min_asset_coverage"": 0.6, ""min_train_observations"": 480, ""min_universe_assets"": 5, ""pca_component_selection_method"": ""explained_variance"", ""pca_explained_variance"": 0.8, ""rebalance_frequency"": 72, ""regression_type"": ""OLS"", ""ridge_alpha"": 1.0, ""stage"": ""core"", ""stop_loss_z"": null, ""target"": ""ETH"", ""train_window"": 1440, ""transaction_cost_bps"": 10, ""universe_selection_method"": ""priority_with_coverage_fallback"", ""universe_size"": 30, ""zscore_lookback"": 336}",core,crypto,ETH,priority_with_coverage_fallback,30,30,"BTC,SOL,XRP,BNB,TRX,ADA,AVAX,DOT,NEAR,ATOM,ALGO,DOGE,BCH,LTC,XLM,ETC,LINK,UNI,AAVE,INJ,FIL,VET,FET,GRT,THETA,XTZ,SAND,CHZ,DASH,HBAR","TON,SUI,ICP,MKR,RENDER,RNDR,ARB,OP,MATIC,POL,APT,SEI,EOS,MANA","CHZ,DASH,HBAR",1440,72,0.8,explained_variance,,336,2.5,0.25,10.0,8760.0,0.6,5,480,711,0,1.0,,,0,0,OLS,,7.640047678012397,0.44692209785881576,0.4236423409455058,1.0549514405508973,-0.29651328934330523,0.0048501916607994995,240,174.68965517241378,0.49758191867350965
"{""entry_z"": 2.5, ""exit_z"": 0.25, ""fixed_n_components"": null, ""max_holding_period"": null, ""min_asset_coverage"": 0.6, ""min_train_observations"": 480, ""min_universe_assets"": 5, ""pca_component_selection_method"": ""explained_variance"", ""pca_explained_variance"": 0.9, ""rebalance_frequency"": 72, ""regression_type"": ""OLS"", ""ridge_alpha"": 1.0, ""stage"": ""core"", ""stop_loss_z"": null, ""target"": ""ETH"", ""train_window"": 1440, ""transaction_cost_bps"": 10, ""universe_selection_method"": ""priority_with_coverage_fallback"", ""universe_size"": 30, ""zscore_lookback"": 336}",core,crypto,ETH,priority_with_coverage_fallback,30,30,"BTC,SOL,XRP,BNB,TRX,ADA,AVAX,DOT,NEAR,ATOM,ALGO,DOGE,BCH,LTC,XLM,ETC,LINK,UNI,AAVE,INJ,FIL,VET,FET,GRT,THETA,XTZ,SAND,CHZ,DASH,HBAR","TON,SUI,ICP,MKR,RENDER,RNDR,ARB,OP,MATIC,POL,APT,SEI,EOS,MANA","CHZ,DASH,HBAR",1440,72,0.9,explained_variance,,336,2.5,0.25,10.0,8760.0,0.6,5,480,711,0,1.0,,,0,0,OLS,,40.043448124205504,0.8896571249465857,0.38943965879822373,2.2844543560149697,-0.22443090418284817,0.005045763905186576,253,139.74193548387098,0.5022506925207756
"{""entry_z"": 2.5, ""exit_z"": 0.25, ""fixed_n_components"": null, ""max_holding_period"": null, ""min_asset_coverage"": 0.6, ""min_train_observations"": 480, ""min_universe_assets"": 5, ""pca_component_selection_method"": ""explained_variance"", ""pca_explained_variance"": 0.7, ""rebalance_frequency"": 72, ""regression_type"": ""OLS"", ""ridge_alpha"": 1.0, ""stage"": ""core"", ""stop_loss_z"": null, ""target"": ""ETH"", ""train_window"": 1440, ""transaction_cost_bps"": 10, ""universe_selection_method"": ""priority_with_coverage_fallback"", ""universe_size"": 30, ""zscore_lookback"": 720}",core,crypto,ETH,priority_with_coverage_fallback,30,30,"BTC,SOL,XRP,BNB,TRX,ADA,AVAX,DOT,NEAR,ATOM,ALGO,DOGE,BCH,LTC,XLM,ETC,LINK,UNI,AAVE,INJ,FIL,VET,FET,GRT,THETA,XTZ,SAND,CHZ,DASH,HBAR","TON,SUI,ICP,MKR,RENDER,RNDR,ARB,OP,MATIC,POL,APT,SEI,EOS,MANA","CHZ,DASH,HBAR",1440,72,0.7,explained_variance,,720,2.5,0.25,10.0,8760.0,0.6,5,480,711,0,1.0,,,0,0,OLS,,29.06248923108578,0.7915013231776387,0.35851834032604524,2.2077010689545986,-0.21816514857895275,0.0027771258702964877,140,226.2608695652174,0.501985652062516
"{""entry_z"": 2.5, ""exit_z"": 0.25, ""fixed_n_components"": null, ""max_holding_period"": null, ""min_asset_coverage"": 0.6, ""min_train_observations"": 480, ""min_universe_assets"": 5, ""pca_component_selection_method"": ""explained_variance"", ""pca_explained_variance"": 0.8, ""rebalance_frequency"": 72, ""regression_type"": ""OLS"", ""ridge_alpha"": 1.0, ""stage"": ""core"", ""stop_loss_z"": null, ""target"": ""ETH"", ""train_window"": 1440, ""transaction_cost_bps"": 10, ""universe_selection_method"": ""priority_with_coverage_fallback"", ""universe_size"": 30, ""zscore_lookback"": 720}",core,crypto,ETH,priority_with_coverage_fallback,30,30,"BTC,SOL,XRP,BNB,TRX,ADA,AVAX,DOT,NEAR,ATOM,ALGO,DOGE,BCH,LTC,XLM,ETC,LINK,UNI,AAVE,INJ,FIL,VET,FET,GRT,THETA,XTZ,SAND,CHZ,DASH,HBAR","TON,SUI,ICP,MKR,RENDER,RNDR,ARB,OP,MATIC,POL,APT,SEI,EOS,MANA","CHZ,DASH,HBAR",1440,72,0.8,explained_variance,,720,2.5,0.25,10.0,8760.0,0.6,5,480,711,0,1.0,,,0,0,OLS,,21.865654944909767,0.7094527065049396,0.38010904353415,1.866445217689751,-0.2175930895134307,0.0026988969725416567,137,225.80882352941177,0.5000976880494953
"{""entry_z"": 2.5, ""exit_z"": 0.25, ""fixed_n_components"": null, ""max_holding_period"": null, ""min_asset_coverage"": 0.6, ""min_train_observations"": 480, ""min_universe_assets"": 5, ""pca_component_selection_method"": ""explained_variance"", ""pca_explained_variance"": 0.9, ""rebalance_frequency"": 72, ""regression_type"": ""OLS"", ""ridge_alpha"": 1.0, ""stage"": ""core"", ""stop_loss_z"": null, ""target"": ""ETH"", ""train_window"": 1440, ""transaction_cost_bps"": 10, ""universe_selection_method"": ""priority_with_coverage_fallback"", ""universe_size"": 30, ""zscore_lookback"": 720}",core,crypto,ETH,priority_with_coverage_fallback,30,30,"BTC,SOL,XRP,BNB,TRX,ADA,AVAX,DOT,NEAR,ATOM,ALGO,DOGE,BCH,LTC,XLM,ETC,LINK,UNI,AAVE,INJ,FIL,VET,FET,GRT,THETA,XTZ,SAND,CHZ,DASH,HBAR","TON,SUI,ICP,MKR,RENDER,RNDR,ARB,OP,MATIC,POL,APT,SEI,EOS,MANA","CHZ,DASH,HBAR",1440,72,0.9,explained_variance,,720,2.5,0.25,10.0,8760.0,0.6,5,480,711,0,1.0,,,0,0,OLS,,74.01004840353711,1.0953080185494768,0.3771134941471306,2.9044519370132726,-0.19333477332521143,0.0028944692169287334,142,178.30882352941177,0.4977319587628866
"{""entry_z"": 2.5, ""exit_z"": 0.25, ""fixed_n_components"": null, ""max_holding_period"": null, ""min_asset_coverage"": 0.6, ""min_train_observations"": 480, ""min_universe_assets"": 5, ""pca_component_selection_method"": ""explained_variance"", ""pca_explained_variance"": 0.7, ""rebalance_frequency"": 72, ""regression_type"": ""OLS"", ""ridge_alpha"": 1.0, ""stage"": ""core"", ""stop_loss_z"": null, ""target"": ""ETH"", ""train_window"": 1440, ""transaction_cost_bps"": 10, ""universe_selection_method"": ""priority_with_coverage_fallback"", ""universe_size"": 30, ""zscore_lookback"": 1440}",core,crypto,ETH,priority_with_coverage_fallback,30,30,"BTC,SOL,XRP,BNB,TRX,ADA,AVAX,DOT,NEAR,ATOM,ALGO,DOGE,BCH,LTC,XLM,ETC,LINK,UNI,AAVE,INJ,FIL,VET,FET,GRT,THETA,XTZ,SAND,CHZ,DASH,HBAR","TON,SUI,ICP,MKR,RENDER,RNDR,ARB,OP,MATIC,POL,APT,SEI,EOS,MANA","CHZ,DASH,HBAR",1440,72,0.7,explained_variance,,1440,2.5,0.25,10.0,8760.0,0.6,5,480,711,0,1.0,,,0,0,OLS,,26.740099028727442,0.7669941827480062,0.335735187923486,2.284521284443989,-0.25780680405897616,0.0016428068528514432,84,299.0,0.5056537665233317
"{""entry_z"": 2.5, ""exit_z"": 0.25, ""fixed_n_components"": null, ""max_holding_period"": null, ""min_asset_coverage"": 0.6, ""min_train_observations"": 480, ""min_universe_assets"": 5, ""pca_component_selection_method"": ""explained_variance"", ""pca_explained_variance"": 0.8, ""rebalance_frequency"": 72, ""regression_type"": ""OLS"", ""ridge_alpha"": 1.0, ""stage"": ""core"", ""stop_loss_z"": null, ""target"": ""ETH"", ""train_window"": 1440, ""transaction_cost_bps"": 10, ""universe_selection_method"": ""priority_with_coverage_fallback"", ""universe_size"": 30, ""zscore_lookback"": 1440}",core,crypto,ETH,priority_with_coverage_fallback,30,30,"BTC,SOL,XRP,BNB,TRX,ADA,AVAX,DOT,NEAR,ATOM,ALGO,DOGE,BCH,LTC,XLM,ETC,LINK,UNI,AAVE,INJ,FIL,VET,FET,GRT,THETA,XTZ,SAND,CHZ,DASH,HBAR","TON,SUI,ICP,MKR,RENDER,RNDR,ARB,OP,MATIC,POL,APT,SEI,EOS,MANA","CHZ,DASH,HBAR",1440,72,0.8,explained_variance,,1440,2.5,0.25,10.0,8760.0,0.6,5,480,711,0,1.0,,,0,0,OLS,,41.14031763048725,0.8982146348984061,0.35809959333189545,2.508281639029729,-0.2507300964633412,0.0016428068528514432,83,246.4878048780488,0.5024737779536909
"{""entry_z"": 2.5, ""exit_z"": 0.25, ""fixed_n_components"": null, ""max_holding_period"": null, ""min_asset_coverage"": 0.6, ""min_train_observations"": 480, ""min_universe_assets"": 5, ""pca_component_selection_method"": ""explained_variance"", ""pca_explained_variance"": 0.9, ""rebalance_frequency"": 72, ""regression_type"": ""OLS"", ""ridge_alpha"": 1.0, ""stage"": ""core"", ""stop_loss_z"": null, ""target"": ""ETH"", ""train_window"": 1440, ""transaction_cost_bps"": 10, ""universe_selection_method"": ""priority_with_coverage_fallback"", ""universe_size"": 30, ""zscore_lookback"": 1440}",core,crypto,ETH,priority_with_coverage_fallback,30,30,"BTC,SOL,XRP,BNB,TRX,ADA,AVAX,DOT,NEAR,ATOM,ALGO,DOGE,BCH,LTC,XLM,ETC,LINK,UNI,AAVE,INJ,FIL,VET,FET,GRT,THETA,XTZ,SAND,CHZ,DASH,HBAR","TON,SUI,ICP,MKR,RENDER,RNDR,ARB,OP,MATIC,POL,APT,SEI,EOS,MANA","CHZ,DASH,HBAR",1440,72,0.9,explained_variance,,1440,2.5,0.25,10.0,8760.0,0.6,5,480,711,0,1.0,,,0,0,OLS,,48.44711725826291,0.9509332524686949,0.3472694353965123,2.7383154275668375,-0.2507300964633423,0.0019557224438707657,98,201.0625,0.49943011086933997
"{""entry_z"": 2.5, ""exit_z"": 0.25, ""fixed_n_components"": null, ""max_holding_period"": null, ""min_asset_coverage"": 0.6, ""min_train_observations"": 480, ""min_universe_assets"": 5, ""pca_component_selection_method"": ""explained_variance"", ""pca_explained_variance"": 0.7, ""rebalance_frequency"": 72, ""regression_type"": ""OLS"", ""ridge_alpha"": 1.0, ""stage"": ""core"", ""stop_loss_z"": null, ""target"": ""ETH"", ""train_window"": 2880, ""transaction_cost_bps"": 10, ""universe_selection_method"": ""priority_with_coverage_fallback"", ""universe_size"": 30, ""zscore_lookback"": 336}",core,crypto,ETH,priority_with_coverage_fallback,30,30,"BTC,SOL,XRP,BNB,TRX,ADA,AVAX,DOT,NEAR,ATOM,ALGO,DOGE,BCH,LTC,XLM,ETC,LINK,UNI,AAVE,INJ,FIL,VET,FET,GRT,THETA,XTZ,SAND,CHZ,DASH,HBAR","TON,SUI,ICP,MKR,RENDER,RNDR,ARB,OP,MATIC,POL,APT,SEI,EOS,MANA","CHZ,DASH,HBAR",2880,72,0.7,explained_variance,,336,2.5,0.25,10.0,8760.0,0.6,5,480,691,0,1.0,,,0,0,OLS,,-0.05242113094076595,-0.009447226081724991,0.46074092273939515,-0.020504421499082996,-0.6807781045866363,0.004749255413346212,230,201.77678571428572,0.49896013097924685
"{""entry_z"": 2.5, ""exit_z"": 0.25, ""fixed_n_components"": null, ""max_holding_period"": null, ""min_asset_coverage"": 0.6, ""min_train_observations"": 480, ""min_universe_assets"": 5, ""pca_component_selection_method"": ""explained_variance"", ""pca_explained_variance"": 0.8, ""rebalance_frequency"": 72, ""regression_type"": ""OLS"", ""ridge_alpha"": 1.0, ""stage"": ""core"", ""stop_loss_z"": null, ""target"": ""ETH"", ""train_window"": 2880, ""transaction_cost_bps"": 10, ""universe_selection_method"": ""priority_with_coverage_fallback"", ""universe_size"": 30, ""zscore_lookback"": 336}",core,crypto,ETH,priority_with_coverage_fallback,30,30,"BTC,SOL,XRP,BNB,TRX,ADA,AVAX,DOT,NEAR,ATOM,ALGO,DOGE,BCH,LTC,XLM,ETC,LINK,UNI,AAVE,INJ,FIL,VET,FET,GRT,THETA,XTZ,SAND,CHZ,DASH,HBAR","TON,SUI,ICP,MKR,RENDER,RNDR,ARB,OP,MATIC,POL,APT,SEI,EOS,MANA","CHZ,DASH,HBAR",2880,72,0.8,explained_variance,,336,2.5,0.25,10.0,8760.0,0.6,5,480,691,0,1.0,,,0,0,OLS,,-0.3322217694495484,-0.06870957916037357,0.3801383299941715,-0.18074888465319205,-0.580200826676047,0.004910247122273203,242,178.85,0.4981362407976889
"{""entry_z"": 2.5, ""exit_z"": 0.25, ""fixed_n_components"": null, ""max_holding_period"": null, ""min_asset_coverage"": 0.6, ""min_train_observations"": 480, ""min_universe_assets"": 5, ""pca_component_selection_method"": ""explained_variance"", ""pca_explained_variance"": 0.9, ""rebalance_frequency"": 72, ""regression_type"": ""OLS"", ""ridge_alpha"": 1.0, ""stage"": ""core"", ""stop_loss_z"": null, ""target"": ""ETH"", ""train_window"": 2880, ""transaction_cost_bps"": 10, ""universe_selection_method"": ""priority_with_coverage_fallback"", ""universe_size"": 30, ""zscore_lookback"": 336}",core,crypto,ETH,priority_with_coverage_fallback,30,30,"BTC,SOL,XRP,BNB,TRX,ADA,AVAX,DOT,NEAR,ATOM,ALGO,DOGE,BCH,LTC,XLM,ETC,LINK,UNI,AAVE,INJ,FIL,VET,FET,GRT,THETA,XTZ,SAND,CHZ,DASH,HBAR","TON,SUI,ICP,MKR,RENDER,RNDR,ARB,OP,MATIC,POL,APT,SEI,EOS,MANA","CHZ,DASH,HBAR",2880,72,0.9,explained_variance,,336,2.5,0.25,10.0,8760.0,0.6,5,480,691,0,1.0,,,0,0,OLS,,0.769795981179247,0.10587329455697092,0.3902502372524768,0.2712959133666714,-0.4204352217257923,0.004749255413346212,232,185.73684210526315,0.5013696042316048
"{""entry_z"": 2.5, ""exit_z"": 0.25, ""fixed_n_components"": null, ""max_holding_period"": null, ""min_asset_coverage"": 0.6, ""min_train_observations"": 480, ""min_universe_assets"": 5, ""pca_component_selection_method"": ""explained_variance"", ""pca_explained_variance"": 0.7, ""rebalance_frequency"": 72, ""regression_type"": ""OLS"", ""ridge_alpha"": 1.0, ""stage"": ""core"", ""stop_loss_z"": null, ""target"": ""ETH"", ""train_window"": 2880, ""transaction_cost_bps"": 10, ""universe_selection_method"": ""priority_with_coverage_fallback"", ""universe_size"": 30, ""zscore_lookback"": 720}",core,crypto,ETH,priority_with_coverage_fallback,30,30,"BTC,SOL,XRP,BNB,TRX,ADA,AVAX,DOT,NEAR,ATOM,ALGO,DOGE,BCH,LTC,XLM,ETC,LINK,UNI,AAVE,INJ,FIL,VET,FET,GRT,THETA,XTZ,SAND,CHZ,DASH,HBAR","TON,SUI,ICP,MKR,RENDER,RNDR,ARB,OP,MATIC,POL,APT,SEI,EOS,MANA","CHZ,DASH,HBAR",2880,72,0.7,explained_variance,,720,2.5,0.25,10.0,8760.0,0.6,5,480,691,0,1.0,,,0,0,OLS,,4.661142959011175,0.3574579858789868,0.462498208055414,0.7728851261541714,-0.41114779757784303,0.002575867342831844,126,340.1774193548387,0.5029159357071736
"{""entry_z"": 2.5, ""exit_z"": 0.25, ""fixed_n_components"": null, ""max_holding_period"": null, ""min_asset_coverage"": 0.6, ""min_train_observations"": 480, ""min_universe_assets"": 5, ""pca_component_selection_method"": ""explained_variance"", ""pca_explained_variance"": 0.8, ""rebalance_frequency"": 72, ""regression_type"": ""OLS"", ""ridge_alpha"": 1.0, ""stage"": ""core"", ""stop_loss_z"": null, ""target"": ""ETH"", ""train_window"": 2880, ""transaction_cost_bps"": 10, ""universe_selection_method"": ""priority_with_coverage_fallback"", ""universe_size"": 30, ""zscore_lookback"": 720}",core,crypto,ETH,priority_with_coverage_fallback,30,30,"BTC,SOL,XRP,BNB,TRX,ADA,AVAX,DOT,NEAR,ATOM,ALGO,DOGE,BCH,LTC,XLM,ETC,LINK,UNI,AAVE,INJ,FIL,VET,FET,GRT,THETA,XTZ,SAND,CHZ,DASH,HBAR","TON,SUI,ICP,MKR,RENDER,RNDR,ARB,OP,MATIC,POL,APT,SEI,EOS,MANA","CHZ,DASH,HBAR",2880,72,0.8,explained_variance,,720,2.5,0.25,10.0,8760.0,0.6,5,480,691,0,1.0,,,0,0,OLS,,7.005742676986777,0.44296895687529014,0.3870251010752319,1.1445483914212158,-0.3952143058144705,0.002857602833454077,140,297.39130434782606,0.5043859649122807
"{""entry_z"": 2.5, ""exit_z"": 0.25, ""fixed_n_components"": null, ""max_holding_period"": null, ""min_asset_coverage"": 0.6, ""min_train_observations"": 480, ""min_universe_assets"": 5, ""pca_component_selection_method"": ""explained_variance"", ""pca_explained_variance"": 0.9, ""rebalance_frequency"": 72, ""regression_type"": ""OLS"", ""ridge_alpha"": 1.0, ""stage"": ""core"", ""stop_loss_z"": null, ""target"": ""ETH"", ""train_window"": 2880, ""transaction_cost_bps"": 10, ""universe_selection_method"": ""priority_with_coverage_fallback"", ""universe_size"": 30, ""zscore_lookback"": 720}",core,crypto,ETH,priority_with_coverage_fallback,30,30,"BTC,SOL,XRP,BNB,TRX,ADA,AVAX,DOT,NEAR,ATOM,ALGO,DOGE,BCH,LTC,XLM,ETC,LINK,UNI,AAVE,INJ,FIL,VET,FET,GRT,THETA,XTZ,SAND,CHZ,DASH,HBAR","TON,SUI,ICP,MKR,RENDER,RNDR,ARB,OP,MATIC,POL,APT,SEI,EOS,MANA","CHZ,DASH,HBAR",2880,72,0.9,explained_variance,,720,2.5,0.25,10.0,8760.0,0.6,5,480,691,0,1.0,,,0,0,OLS,,10.802036257074185,0.5451509652486988,0.37393223190971503,1.4578870681046936,-0.2918983453316656,0.0027368590517588345,136,244.51470588235293,0.50231551091598
"{""entry_z"": 2.5, ""exit_z"": 0.25, ""fixed_n_components"": null, ""max_holding_period"": null, ""min_asset_coverage"": 0.6, ""min_train_observations"": 480, ""min_universe_assets"": 5, ""pca_component_selection_method"": ""explained_variance"", ""pca_explained_variance"": 0.7, ""rebalance_frequency"": 72, ""regression_type"": ""OLS"", ""ridge_alpha"": 1.0, ""stage"": ""core"", ""stop_loss_z"": null, ""target"": ""ETH"", ""train_window"": 2880, ""transaction_cost_bps"": 10, ""universe_selection_method"": ""priority_with_coverage_fallback"", ""universe_size"": 30, ""zscore_lookback"": 1440}",core,crypto,ETH,priority_with_coverage_fallback,30,30,"BTC,SOL,XRP,BNB,TRX,ADA,AVAX,DOT,NEAR,ATOM,ALGO,DOGE,BCH,LTC,XLM,ETC,LINK,UNI,AAVE,INJ,FIL,VET,FET,GRT,THETA,XTZ,SAND,CHZ,DASH,HBAR","TON,SUI,ICP,MKR,RENDER,RNDR,ARB,OP,MATIC,POL,APT,SEI,EOS,MANA","CHZ,DASH,HBAR",2880,72,0.7,explained_variance,,1440,2.5,0.25,10.0,8760.0,0.6,5,480,691,0,1.0,,,0,0,OLS,,6.305962423570309,0.419888272511979,0.4347902238808825,0.9657261121561324,-0.35848312288146167,0.0014086774531111648,70,440.85714285714283,0.5049902786779001
"{""entry_z"": 2.5, ""exit_z"": 0.25, ""fixed_n_components"": null, ""max_holding_period"": null, ""min_asset_coverage"": 0.6, ""min_train_observations"": 480, ""min_universe_assets"": 5, ""pca_component_selection_method"": ""explained_variance"", ""pca_explained_variance"": 0.8, ""rebalance_frequency"": 72, ""regression_type"": ""OLS"", ""ridge_alpha"": 1.0, ""stage"": ""core"", ""stop_loss_z"": null, ""target"": ""ETH"", ""train_window"": 2880, ""transaction_cost_bps"": 10, ""universe_selection_method"": ""priority_with_coverage_fallback"", ""universe_size"": 30, ""zscore_lookback"": 1440}",core,crypto,ETH,priority_with_coverage_fallback,30,30,"BTC,SOL,XRP,BNB,TRX,ADA,AVAX,DOT,NEAR,ATOM,ALGO,DOGE,BCH,LTC,XLM,ETC,LINK,UNI,AAVE,INJ,FIL,VET,FET,GRT,THETA,XTZ,SAND,CHZ,DASH,HBAR","TON,SUI,ICP,MKR,RENDER,RNDR,ARB,OP,MATIC,POL,APT,SEI,EOS,MANA","CHZ,DASH,HBAR",2880,72,0.8,explained_variance,,1440,2.5,0.25,10.0,8760.0,0.6,5,480,691,0,1.0,,,0,0,OLS,,7.134585285986654,0.4470359393588339,0.3527867656343803,1.2671562056897883,-0.35848312288145945,0.0015696691620381551,78,394.6666666666667,0.503508316008316
"{""entry_z"": 2.5, ""exit_z"": 0.25, ""fixed_n_components"": null, ""max_holding_period"": null, ""min_asset_coverage"": 0.6, ""min_train_observations"": 480, ""min_universe_assets"": 5, ""pca_component_selection_method"": ""explained_variance"", ""pca_explained_variance"": 0.9, ""rebalance_frequency"": 72, ""regression_type"": ""OLS"", ""ridge_alpha"": 1.0, ""stage"": ""core"", ""stop_loss_z"": null, ""target"": ""ETH"", ""train_window"": 2880, ""transaction_cost_bps"": 10, ""universe_selection_method"": ""priority_with_coverage_fallback"", ""universe_size"": 30, ""zscore_lookback"": 1440}",core,crypto,ETH,priority_with_coverage_fallback,30,30,"BTC,SOL,XRP,BNB,TRX,ADA,AVAX,DOT,NEAR,ATOM,ALGO,DOGE,BCH,LTC,XLM,ETC,LINK,UNI,AAVE,INJ,FIL,VET,FET,GRT,THETA,XTZ,SAND,CHZ,DASH,HBAR","TON,SUI,ICP,MKR,RENDER,RNDR,ARB,OP,MATIC,POL,APT,SEI,EOS,MANA","CHZ,DASH,HBAR",2880,72,0.9,explained_variance,,1440,2.5,0.25,10.0,8760.0,0.6,5,480,691,0,1.0,,,0,0,OLS,,13.876473822093683,0.6095157954352144,0.3364168261603804,1.8117874851617535,-0.2861432340575668,0.0015696691620381551,78,292.8974358974359,0.4999562286614725
"{""entry_z"": 2.5, ""exit_z"": 0.5, ""fixed_n_components"": null, ""max_holding_period"": null, ""min_asset_coverage"": 0.6, ""min_train_observations"": 480, ""min_universe_assets"": 5, ""pca_component_selection_method"": ""explained_variance"", ""pca_explained_variance"": 0.7, ""rebalance_frequency"": 72, ""regression_type"": ""OLS"", ""ridge_alpha"": 1.0, ""stage"": ""core"", ""stop_loss_z"": null, ""target"": ""ETH"", ""train_window"": 720, ""transaction_cost_bps"": 10, ""universe_selection_method"": ""priority_with_coverage_fallback"", ""universe_size"": 30, ""zscore_lookback"": 336}",core,crypto,ETH,priority_with_coverage_fallback,30,30,"BTC,SOL,XRP,BNB,TRX,ADA,AVAX,DOT,NEAR,ATOM,ALGO,DOGE,BCH,LTC,XLM,ETC,LINK,UNI,AAVE,INJ,FIL,VET,FET,GRT,THETA,XTZ,SAND,CHZ,DASH,HBAR","TON,SUI,ICP,MKR,RENDER,RNDR,ARB,OP,MATIC,POL,APT,SEI,EOS,MANA","CHZ,DASH,HBAR",720,72,0.7,explained_variance,,336,2.5,0.5,10.0,8760.0,0.6,5,480,721,0,1.0,,,0,0,OLS,,61.18288182779395,1.0092177749822793,0.41524212066741073,2.430432089500417,-0.2060251063182572,0.005747126436781609,297,105.03378378378379,0.5045995496944355
"{""entry_z"": 2.5, ""exit_z"": 0.5, ""fixed_n_components"": null, ""max_holding_period"": null, ""min_asset_coverage"": 0.6, ""min_train_observations"": 480, ""min_universe_assets"": 5, ""pca_component_selection_method"": ""explained_variance"", ""pca_explained_variance"": 0.8, ""rebalance_frequency"": 72, ""regression_type"": ""OLS"", ""ridge_alpha"": 1.0, ""stage"": ""core"", ""stop_loss_z"": null, ""target"": ""ETH"", ""train_window"": 720, ""transaction_cost_bps"": 10, ""universe_selection_method"": ""priority_with_coverage_fallback"", ""universe_size"": 30, ""zscore_lookback"": 336}",core,crypto,ETH,priority_with_coverage_fallback,30,30,"BTC,SOL,XRP,BNB,TRX,ADA,AVAX,DOT,NEAR,ATOM,ALGO,DOGE,BCH,LTC,XLM,ETC,LINK,UNI,AAVE,INJ,FIL,VET,FET,GRT,THETA,XTZ,SAND,CHZ,DASH,HBAR","TON,SUI,ICP,MKR,RENDER,RNDR,ARB,OP,MATIC,POL,APT,SEI,EOS,MANA","CHZ,DASH,HBAR",720,72,0.8,explained_variance,,336,2.5,0.5,10.0,8760.0,0.6,5,480,721,0,1.0,,,0,0,OLS,,71.09045295074735,1.0600334827942945,0.3820272783585796,2.774758617627621,-0.2207890753937125,0.005438555889840315,279,92.67391304347827,0.5046524356869184
"{""entry_z"": 2.5, ""exit_z"": 0.5, ""fixed_n_components"": null, ""max_holding_period"": null, ""min_asset_coverage"": 0.6, ""min_train_observations"": 480, ""min_universe_assets"": 5, ""pca_component_selection_method"": ""explained_variance"", ""pca_explained_variance"": 0.9, ""rebalance_frequency"": 72, ""regression_type"": ""OLS"", ""ridge_alpha"": 1.0, ""stage"": ""core"", ""stop_loss_z"": null, ""target"": ""ETH"", ""train_window"": 720, ""transaction_cost_bps"": 10, ""universe_selection_method"": ""priority_with_coverage_fallback"", ""universe_size"": 30, ""zscore_lookback"": 336}",core,crypto,ETH,priority_with_coverage_fallback,30,30,"BTC,SOL,XRP,BNB,TRX,ADA,AVAX,DOT,NEAR,ATOM,ALGO,DOGE,BCH,LTC,XLM,ETC,LINK,UNI,AAVE,INJ,FIL,VET,FET,GRT,THETA,XTZ,SAND,CHZ,DASH,HBAR","TON,SUI,ICP,MKR,RENDER,RNDR,ARB,OP,MATIC,POL,APT,SEI,EOS,MANA","CHZ,DASH,HBAR",720,72,0.9,explained_variance,,336,2.5,0.5,10.0,8760.0,0.6,5,480,721,0,1.0,,,0,0,OLS,,125.13203083368872,1.2642189947144429,0.3647000853998579,3.466462019959087,-0.19504213982799634,0.005438555889840315,279,77.46376811594203,0.5084190832553789
"{""entry_z"": 2.5, ""exit_z"": 0.5, ""fixed_n_components"": null, ""max_holding_period"": null, ""min_asset_coverage"": 0.6, ""min_train_observations"": 480, ""min_universe_assets"": 5, ""pca_component_selection_method"": ""explained_variance"", ""pca_explained_variance"": 0.7, ""rebalance_frequency"": 72, ""regression_type"": ""OLS"", ""ridge_alpha"": 1.0, ""stage"": ""core"", ""stop_loss_z"": null, ""target"": ""ETH"", ""train_window"": 720, ""transaction_cost_bps"": 10, ""universe_selection_method"": ""priority_with_coverage_fallback"", ""universe_size"": 30, ""zscore_lookback"": 720}",core,crypto,ETH,priority_with_coverage_fallback,30,30,"BTC,SOL,XRP,BNB,TRX,ADA,AVAX,DOT,NEAR,ATOM,ALGO,DOGE,BCH,LTC,XLM,ETC,LINK,UNI,AAVE,INJ,FIL,VET,FET,GRT,THETA,XTZ,SAND,CHZ,DASH,HBAR","TON,SUI,ICP,MKR,RENDER,RNDR,ARB,OP,MATIC,POL,APT,SEI,EOS,MANA","CHZ,DASH,HBAR",720,72,0.7,explained_variance,,720,2.5,0.5,10.0,8760.0,0.6,5,480,721,0,1.0,,,0,0,OLS,,58.752770000784494,0.9957316539858558,0.37326150166507505,2.6676516317488295,-0.21322288557689673,0.0030471341510452826,157,139.80769230769232,0.4988537368179734
"{""entry_z"": 2.5, ""exit_z"": 0.5, ""fixed_n_components"": null, ""max_holding_period"": null, ""min_asset_coverage"": 0.6, ""min_train_observations"": 480, ""min_universe_assets"": 5, ""pca_component_selection_method"": ""explained_variance"", ""pca_explained_variance"": 0.8, ""rebalance_frequency"": 72, ""regression_type"": ""OLS"", ""ridge_alpha"": 1.0, ""stage"": ""core"", ""stop_loss_z"": null, ""target"": ""ETH"", ""train_window"": 720, ""transaction_cost_bps"": 10, ""universe_selection_method"": ""priority_with_coverage_fallback"", ""universe_size"": 30, ""zscore_lookback"": 720}",core,crypto,ETH,priority_with_coverage_fallback,30,30,"BTC,SOL,XRP,BNB,TRX,ADA,AVAX,DOT,NEAR,ATOM,ALGO,DOGE,BCH,LTC,XLM,ETC,LINK,UNI,AAVE,INJ,FIL,VET,FET,GRT,THETA,XTZ,SAND,CHZ,DASH,HBAR","TON,SUI,ICP,MKR,RENDER,RNDR,ARB,OP,MATIC,POL,APT,SEI,EOS,MANA","CHZ,DASH,HBAR",720,72,0.8,explained_variance,,720,2.5,0.5,10.0,8760.0,0.6,5,480,721,0,1.0,,,0,0,OLS,,37.714463958663934,0.8546376727713998,0.3462160543079074,2.468509654989388,-0.22078907539371262,0.0026228496490010027,136,131.51470588235293,0.49535949904953597
"{""entry_z"": 2.5, ""exit_z"": 0.5, ""fixed_n_components"": null, ""max_holding_period"": null, ""min_asset_coverage"": 0.6, ""min_train_observations"": 480, ""min_universe_assets"": 5, ""pca_component_selection_method"": ""explained_variance"", ""pca_explained_variance"": 0.9, ""rebalance_frequency"": 72, ""regression_type"": ""OLS"", ""ridge_alpha"": 1.0, ""stage"": ""core"", ""stop_loss_z"": null, ""target"": ""ETH"", ""train_window"": 720, ""transaction_cost_bps"": 10, ""universe_selection_method"": ""priority_with_coverage_fallback"", ""universe_size"": 30, ""zscore_lookback"": 720}",core,crypto,ETH,priority_with_coverage_fallback,30,30,"BTC,SOL,XRP,BNB,TRX,ADA,AVAX,DOT,NEAR,ATOM,ALGO,DOGE,BCH,LTC,XLM,ETC,LINK,UNI,AAVE,INJ,FIL,VET,FET,GRT,THETA,XTZ,SAND,CHZ,DASH,HBAR","TON,SUI,ICP,MKR,RENDER,RNDR,ARB,OP,MATIC,POL,APT,SEI,EOS,MANA","CHZ,DASH,HBAR",720,72,0.9,explained_variance,,720,2.5,0.5,10.0,8760.0,0.6,5,480,721,0,1.0,,,0,0,OLS,,64.10054282696893,1.0248426980493286,0.33817787927866116,3.0304841352584457,-0.15636411342648915,0.002969991514309959,151,85.77027027027027,0.5024420986292737
"{""entry_z"": 2.5, ""exit_z"": 0.5, ""fixed_n_components"": null, ""max_holding_period"": null, ""min_asset_coverage"": 0.6, ""min_train_observations"": 480, ""min_universe_assets"": 5, ""pca_component_selection_method"": ""explained_variance"", ""pca_explained_variance"": 0.7, ""rebalance_frequency"": 72, ""regression_type"": ""OLS"", ""ridge_alpha"": 1.0, ""stage"": ""core"", ""stop_loss_z"": null, ""target"": ""ETH"", ""train_window"": 720, ""transaction_cost_bps"": 10, ""universe_selection_method"": ""priority_with_coverage_fallback"", ""universe_size"": 30, ""zscore_lookback"": 1440}",core,crypto,ETH,priority_with_coverage_fallback,30,30,"BTC,SOL,XRP,BNB,TRX,ADA,AVAX,DOT,NEAR,ATOM,ALGO,DOGE,BCH,LTC,XLM,ETC,LINK,UNI,AAVE,INJ,FIL,VET,FET,GRT,THETA,XTZ,SAND,CHZ,DASH,HBAR","TON,SUI,ICP,MKR,RENDER,RNDR,ARB,OP,MATIC,POL,APT,SEI,EOS,MANA","CHZ,DASH,HBAR",720,72,0.7,explained_variance,,1440,2.5,0.5,10.0,8760.0,0.6,5,480,721,0,1.0,,,0,0,OLS,,39.758004346981494,0.8708251198140076,0.34867715296179336,2.4975112720087775,-0.1964086146670989,0.001967137236750752,102,160.19607843137254,0.4966952264381885
"{""entry_z"": 2.5, ""exit_z"": 0.5, ""fixed_n_components"": null, ""max_holding_period"": null, ""min_asset_coverage"": 0.6, ""min_train_observations"": 480, ""min_universe_assets"": 5, ""pca_component_selection_method"": ""explained_variance"", ""pca_explained_variance"": 0.8, ""rebalance_frequency"": 72, ""regression_type"": ""OLS"", ""ridge_alpha"": 1.0, ""stage"": ""core"", ""stop_loss_z"": null, ""target"": ""ETH"", ""train_window"": 720, ""transaction_cost_bps"": 10, ""universe_selection_method"": ""priority_with_coverage_fallback"", ""universe_size"": 30, ""zscore_lookback"": 1440}",core,crypto,ETH,priority_with_coverage_fallback,30,30,"BTC,SOL,XRP,BNB,TRX,ADA,AVAX,DOT,NEAR,ATOM,ALGO,DOGE,BCH,LTC,XLM,ETC,LINK,UNI,AAVE,INJ,FIL,VET,FET,GRT,THETA,XTZ,SAND,CHZ,DASH,HBAR","TON,SUI,ICP,MKR,RENDER,RNDR,ARB,OP,MATIC,POL,APT,SEI,EOS,MANA","CHZ,DASH,HBAR",720,72,0.8,explained_variance,,1440,2.5,0.5,10.0,8760.0,0.6,5,480,721,0,1.0,,,0,0,OLS,,44.64959333064992,0.9069934981372241,0.33527244694885716,2.7052431728026187,-0.21951408160501584,0.0020442798734860755,106,136.9433962264151,0.49765775695783965
"{""entry_z"": 2.5, ""exit_z"": 0.5, ""fixed_n_components"": null, ""max_holding_period"": null, ""min_asset_coverage"": 0.6, ""min_train_observations"": 480, ""min_universe_assets"": 5, ""pca_component_selection_method"": ""explained_variance"", ""pca_explained_variance"": 0.9, ""rebalance_frequency"": 72, ""regression_type"": ""OLS"", ""ridge_alpha"": 1.0, ""stage"": ""core"", ""stop_loss_z"": null, ""target"": ""ETH"", ""train_window"": 720, ""transaction_cost_bps"": 10, ""universe_selection_method"": ""priority_with_coverage_fallback"", ""universe_size"": 30, ""zscore_lookback"": 1440}",core,crypto,ETH,priority_with_coverage_fallback,30,30,"BTC,SOL,XRP,BNB,TRX,ADA,AVAX,DOT,NEAR,ATOM,ALGO,DOGE,BCH,LTC,XLM,ETC,LINK,UNI,AAVE,INJ,FIL,VET,FET,GRT,THETA,XTZ,SAND,CHZ,DASH,HBAR","TON,SUI,ICP,MKR,RENDER,RNDR,ARB,OP,MATIC,POL,APT,SEI,EOS,MANA","CHZ,DASH,HBAR",720,72,0.9,explained_variance,,1440,2.5,0.5,10.0,8760.0,0.6,5,480,721,0,1.0,,,0,0,OLS,,97.99349274365368,1.1734143266548211,0.3713920770161218,3.1595028523020545,-0.18933960824071538,0.002429993057162694,125,106.58064516129032,0.4974273607748184
"{""entry_z"": 2.5, ""exit_z"": 0.5, ""fixed_n_components"": null, ""max_holding_period"": null, ""min_asset_coverage"": 0.6, ""min_train_observations"": 480, ""min_universe_assets"": 5, ""pca_component_selection_method"": ""explained_variance"", ""pca_explained_variance"": 0.7, ""rebalance_frequency"": 72, ""regression_type"": ""OLS"", ""ridge_alpha"": 1.0, ""stage"": ""core"", ""stop_loss_z"": null, ""target"": ""ETH"", ""train_window"": 1440, ""transaction_cost_bps"": 10, ""universe_selection_method"": ""priority_with_coverage_fallback"", ""universe_size"": 30, ""zscore_lookback"": 336}",core,crypto,ETH,priority_with_coverage_fallback,30,30,"BTC,SOL,XRP,BNB,TRX,ADA,AVAX,DOT,NEAR,ATOM,ALGO,DOGE,BCH,LTC,XLM,ETC,LINK,UNI,AAVE,INJ,FIL,VET,FET,GRT,THETA,XTZ,SAND,CHZ,DASH,HBAR","TON,SUI,ICP,MKR,RENDER,RNDR,ARB,OP,MATIC,POL,APT,SEI,EOS,MANA","CHZ,DASH,HBAR",1440,72,0.7,explained_variance,,336,2.5,0.5,10.0,8760.0,0.6,5,480,711,0,1.0,,,0,0,OLS,,0.582984514900714,0.08186880670235475,0.36873227122540353,0.2220277775804139,-0.5150134749479435,0.0048501916607994995,247,145.46341463414635,0.4983791638721216
"{""entry_z"": 2.5, ""exit_z"": 0.5, ""fixed_n_components"": null, ""max_holding_period"": null, ""min_asset_coverage"": 0.6, ""min_train_observations"": 480, ""min_universe_assets"": 5, ""pca_component_selection_method"": ""explained_variance"", ""pca_explained_variance"": 0.8, ""rebalance_frequency"": 72, ""regression_type"": ""OLS"", ""ridge_alpha"": 1.0, ""stage"": ""core"", ""stop_loss_z"": null, ""target"": ""ETH"", ""train_window"": 1440, ""transaction_cost_bps"": 10, ""universe_selection_method"": ""priority_with_coverage_fallback"", ""universe_size"": 30, ""zscore_lookback"": 336}",core,crypto,ETH,priority_with_coverage_fallback,30,30,"BTC,SOL,XRP,BNB,TRX,ADA,AVAX,DOT,NEAR,ATOM,ALGO,DOGE,BCH,LTC,XLM,ETC,LINK,UNI,AAVE,INJ,FIL,VET,FET,GRT,THETA,XTZ,SAND,CHZ,DASH,HBAR","TON,SUI,ICP,MKR,RENDER,RNDR,ARB,OP,MATIC,POL,APT,SEI,EOS,MANA","CHZ,DASH,HBAR",1440,72,0.8,explained_variance,,336,2.5,0.5,10.0,8760.0,0.6,5,480,711,0,1.0,,,0,0,OLS,,4.76744534290919,0.3501209296129377,0.39256975347279655,0.8918693468247539,-0.31837866548671045,0.005006649456309161,253,135.672,0.5000884486113568
"{""entry_z"": 2.5, ""exit_z"": 0.5, ""fixed_n_components"": null, ""max_holding_period"": null, ""min_asset_coverage"": 0.6, ""min_train_observations"": 480, ""min_universe_assets"": 5, ""pca_component_selection_method"": ""explained_variance"", ""pca_explained_variance"": 0.9, ""rebalance_frequency"": 72, ""regression_type"": ""OLS"", ""ridge_alpha"": 1.0, ""stage"": ""core"", ""stop_loss_z"": null, ""target"": ""ETH"", ""train_window"": 1440, ""transaction_cost_bps"": 10, ""universe_selection_method"": ""priority_with_coverage_fallback"", ""universe_size"": 30, ""zscore_lookback"": 336}",core,crypto,ETH,priority_with_coverage_fallback,30,30,"BTC,SOL,XRP,BNB,TRX,ADA,AVAX,DOT,NEAR,ATOM,ALGO,DOGE,BCH,LTC,XLM,ETC,LINK,UNI,AAVE,INJ,FIL,VET,FET,GRT,THETA,XTZ,SAND,CHZ,DASH,HBAR","TON,SUI,ICP,MKR,RENDER,RNDR,ARB,OP,MATIC,POL,APT,SEI,EOS,MANA","CHZ,DASH,HBAR",1440,72,0.9,explained_variance,,336,2.5,0.5,10.0,8760.0,0.6,5,480,711,0,1.0,,,0,0,OLS,,19.563118762616483,0.6786497628697026,0.35600498904899897,1.9062928434867978,-0.2561438685666748,0.005202221700696237,264,103.62595419847328,0.5049723756906077
"{""entry_z"": 2.5, ""exit_z"": 0.5, ""fixed_n_components"": null, ""max_holding_period"": null, ""min_asset_coverage"": 0.6, ""min_train_observations"": 480, ""min_universe_assets"": 5, ""pca_component_selection_method"": ""explained_variance"", ""pca_explained_variance"": 0.7, ""rebalance_frequency"": 72, ""regression_type"": ""OLS"", ""ridge_alpha"": 1.0, ""stage"": ""core"", ""stop_loss_z"": null, ""target"": ""ETH"", ""train_window"": 1440, ""transaction_cost_bps"": 10, ""universe_selection_method"": ""priority_with_coverage_fallback"", ""universe_size"": 30, ""zscore_lookback"": 720}",core,crypto,ETH,priority_with_coverage_fallback,30,30,"BTC,SOL,XRP,BNB,TRX,ADA,AVAX,DOT,NEAR,ATOM,ALGO,DOGE,BCH,LTC,XLM,ETC,LINK,UNI,AAVE,INJ,FIL,VET,FET,GRT,THETA,XTZ,SAND,CHZ,DASH,HBAR","TON,SUI,ICP,MKR,RENDER,RNDR,ARB,OP,MATIC,POL,APT,SEI,EOS,MANA","CHZ,DASH,HBAR",1440,72,0.7,explained_variance,,720,2.5,0.5,10.0,8760.0,0.6,5,480,711,0,1.0,,,0,0,OLS,,16.42383029782629,0.6316774942357517,0.34709867575361525,1.8198787214162178,-0.21816514857895253,0.0027771258702964877,140,201.1304347826087,0.5023058077532786
"{""entry_z"": 2.5, ""exit_z"": 0.5, ""fixed_n_components"": null, ""max_holding_period"": null, ""min_asset_coverage"": 0.6, ""min_train_observations"": 480, ""min_universe_assets"": 5, ""pca_component_selection_method"": ""explained_variance"", ""pca_explained_variance"": 0.8, ""rebalance_frequency"": 72, ""regression_type"": ""OLS"", ""ridge_alpha"": 1.0, ""stage"": ""core"", ""stop_loss_z"": null, ""target"": ""ETH"", ""train_window"": 1440, ""transaction_cost_bps"": 10, ""universe_selection_method"": ""priority_with_coverage_fallback"", ""universe_size"": 30, ""zscore_lookback"": 720}",core,crypto,ETH,priority_with_coverage_fallback,30,30,"BTC,SOL,XRP,BNB,TRX,ADA,AVAX,DOT,NEAR,ATOM,ALGO,DOGE,BCH,LTC,XLM,ETC,LINK,UNI,AAVE,INJ,FIL,VET,FET,GRT,THETA,XTZ,SAND,CHZ,DASH,HBAR","TON,SUI,ICP,MKR,RENDER,RNDR,ARB,OP,MATIC,POL,APT,SEI,EOS,MANA","CHZ,DASH,HBAR",1440,72,0.8,explained_variance,,720,2.5,0.5,10.0,8760.0,0.6,5,480,711,0,1.0,,,0,0,OLS,,21.297167369692097,0.7020952961164668,0.36261130329007163,1.9362201060644386,-0.19333477332521087,0.0028553547680513183,145,176.86111111111111,0.49976441024030155
"{""entry_z"": 2.5, ""exit_z"": 0.5, ""fixed_n_components"": null, ""max_holding_period"": null, ""min_asset_coverage"": 0.6, ""min_train_observations"": 480, ""min_universe_assets"": 5, ""pca_component_selection_method"": ""explained_variance"", ""pca_explained_variance"": 0.9, ""rebalance_frequency"": 72, ""regression_type"": ""OLS"", ""ridge_alpha"": 1.0, ""stage"": ""core"", ""stop_loss_z"": null, ""target"": ""ETH"", ""train_window"": 1440, ""transaction_cost_bps"": 10, ""universe_selection_method"": ""priority_with_coverage_fallback"", ""universe_size"": 30, ""zscore_lookback"": 720}",core,crypto,ETH,priority_with_coverage_fallback,30,30,"BTC,SOL,XRP,BNB,TRX,ADA,AVAX,DOT,NEAR,ATOM,ALGO,DOGE,BCH,LTC,XLM,ETC,LINK,UNI,AAVE,INJ,FIL,VET,FET,GRT,THETA,XTZ,SAND,CHZ,DASH,HBAR","TON,SUI,ICP,MKR,RENDER,RNDR,ARB,OP,MATIC,POL,APT,SEI,EOS,MANA","CHZ,DASH,HBAR",1440,72,0.9,explained_variance,,720,2.5,0.5,10.0,8760.0,0.6,5,480,711,0,1.0,,,0,0,OLS,,48.5558735881951,0.9516677187671538,0.3586805415788767,2.653246018247897,-0.1933347733252112,0.002933583665806149,145,147.4857142857143,0.49719101123595505
"{""entry_z"": 2.5, ""exit_z"": 0.5, ""fixed_n_components"": null, ""max_holding_period"": null, ""min_asset_coverage"": 0.6, ""min_train_observations"": 480, ""min_universe_assets"": 5, ""pca_component_selection_method"": ""explained_variance"", ""pca_explained_variance"": 0.7, ""rebalance_frequency"": 72, ""regression_type"": ""OLS"", ""ridge_alpha"": 1.0, ""stage"": ""core"", ""stop_loss_z"": null, ""target"": ""ETH"", ""train_window"": 1440, ""transaction_cost_bps"": 10, ""universe_selection_method"": ""priority_with_coverage_fallback"", ""universe_size"": 30, ""zscore_lookback"": 1440}",core,crypto,ETH,priority_with_coverage_fallback,30,30,"BTC,SOL,XRP,BNB,TRX,ADA,AVAX,DOT,NEAR,ATOM,ALGO,DOGE,BCH,LTC,XLM,ETC,LINK,UNI,AAVE,INJ,FIL,VET,FET,GRT,THETA,XTZ,SAND,CHZ,DASH,HBAR","TON,SUI,ICP,MKR,RENDER,RNDR,ARB,OP,MATIC,POL,APT,SEI,EOS,MANA","CHZ,DASH,HBAR",1440,72,0.7,explained_variance,,1440,2.5,0.5,10.0,8760.0,0.6,5,480,711,0,1.0,,,0,0,OLS,,22.29577870474104,0.7149193230609705,0.31737893387663463,2.2525733334867777,-0.2507300964633409,0.0016819213017288585,86,237.32558139534885,0.506516413522783
"{""entry_z"": 2.5, ""exit_z"": 0.5, ""fixed_n_components"": null, ""max_holding_period"": null, ""min_asset_coverage"": 0.6, ""min_train_observations"": 480, ""min_universe_assets"": 5, ""pca_component_selection_method"": ""explained_variance"", ""pca_explained_variance"": 0.8, ""rebalance_frequency"": 72, ""regression_type"": ""OLS"", ""ridge_alpha"": 1.0, ""stage"": ""core"", ""stop_loss_z"": null, ""target"": ""ETH"", ""train_window"": 1440, ""transaction_cost_bps"": 10, ""universe_selection_method"": ""priority_with_coverage_fallback"", ""universe_size"": 30, ""zscore_lookback"": 1440}",core,crypto,ETH,priority_with_coverage_fallback,30,30,"BTC,SOL,XRP,BNB,TRX,ADA,AVAX,DOT,NEAR,ATOM,ALGO,DOGE,BCH,LTC,XLM,ETC,LINK,UNI,AAVE,INJ,FIL,VET,FET,GRT,THETA,XTZ,SAND,CHZ,DASH,HBAR","TON,SUI,ICP,MKR,RENDER,RNDR,ARB,OP,MATIC,POL,APT,SEI,EOS,MANA","CHZ,DASH,HBAR",1440,72,0.8,explained_variance,,1440,2.5,0.5,10.0,8760.0,0.6,5,480,711,0,1.0,,,0,0,OLS,,24.7800134604154,0.7449494189499812,0.3471234787924996,2.146064626747102,-0.25073009646334043,0.0016819213017288585,86,214.8372093023256,0.5012989824637367
"{""entry_z"": 2.5, ""exit_z"": 0.5, ""fixed_n_components"": null, ""max_holding_period"": null, ""min_asset_coverage"": 0.6, ""min_train_observations"": 480, ""min_universe_assets"": 5, ""pca_component_selection_method"": ""explained_variance"", ""pca_explained_variance"": 0.9, ""rebalance_frequency"": 72, ""regression_type"": ""OLS"", ""ridge_alpha"": 1.0, ""stage"": ""core"", ""stop_loss_z"": null, ""target"": ""ETH"", ""train_window"": 1440, ""transaction_cost_bps"": 10, ""universe_selection_method"": ""priority_with_coverage_fallback"", ""universe_size"": 30, ""zscore_lookback"": 1440}",core,crypto,ETH,priority_with_coverage_fallback,30,30,"BTC,SOL,XRP,BNB,TRX,ADA,AVAX,DOT,NEAR,ATOM,ALGO,DOGE,BCH,LTC,XLM,ETC,LINK,UNI,AAVE,INJ,FIL,VET,FET,GRT,THETA,XTZ,SAND,CHZ,DASH,HBAR","TON,SUI,ICP,MKR,RENDER,RNDR,ARB,OP,MATIC,POL,APT,SEI,EOS,MANA","CHZ,DASH,HBAR",1440,72,0.9,explained_variance,,1440,2.5,0.5,10.0,8760.0,0.6,5,480,711,0,1.0,,,0,0,OLS,,31.014070687876483,0.8109103000308069,0.33687122127144975,2.4071818808688854,-0.2507300964633409,0.001994836892748181,102,151.80392156862746,0.49935417204856625
"{""entry_z"": 2.5, ""exit_z"": 0.5, ""fixed_n_components"": null, ""max_holding_period"": null, ""min_asset_coverage"": 0.6, ""min_train_observations"": 480, ""min_universe_assets"": 5, ""pca_component_selection_method"": ""explained_variance"", ""pca_explained_variance"": 0.7, ""rebalance_frequency"": 72, ""regression_type"": ""OLS"", ""ridge_alpha"": 1.0, ""stage"": ""core"", ""stop_loss_z"": null, ""target"": ""ETH"", ""train_window"": 2880, ""transaction_cost_bps"": 10, ""universe_selection_method"": ""priority_with_coverage_fallback"", ""universe_size"": 30, ""zscore_lookback"": 336}",core,crypto,ETH,priority_with_coverage_fallback,30,30,"BTC,SOL,XRP,BNB,TRX,ADA,AVAX,DOT,NEAR,ATOM,ALGO,DOGE,BCH,LTC,XLM,ETC,LINK,UNI,AAVE,INJ,FIL,VET,FET,GRT,THETA,XTZ,SAND,CHZ,DASH,HBAR","TON,SUI,ICP,MKR,RENDER,RNDR,ARB,OP,MATIC,POL,APT,SEI,EOS,MANA","CHZ,DASH,HBAR",2880,72,0.7,explained_variance,,336,2.5,0.5,10.0,8760.0,0.6,5,480,691,0,1.0,,,0,0,OLS,,-0.2314379407523608,-0.04534421890940499,0.4413713028684329,-0.10273485977614978,-0.6247050723389196,0.004910247122273203,240,162.864406779661,0.49875117077739617
"{""entry_z"": 2.5, ""exit_z"": 0.5, ""fixed_n_components"": null, ""max_holding_period"": null, ""min_asset_coverage"": 0.6, ""min_train_observations"": 480, ""min_universe_assets"": 5, ""pca_component_selection_method"": ""explained_variance"", ""pca_explained_variance"": 0.8, ""rebalance_frequency"": 72, ""regression_type"": ""OLS"", ""ridge_alpha"": 1.0, ""stage"": ""core"", ""stop_loss_z"": null, ""target"": ""ETH"", ""train_window"": 2880, ""transaction_cost_bps"": 10, ""universe_selection_method"": ""priority_with_coverage_fallback"", ""universe_size"": 30, ""zscore_lookback"": 336}",core,crypto,ETH,priority_with_coverage_fallback,30,30,"BTC,SOL,XRP,BNB,TRX,ADA,AVAX,DOT,NEAR,ATOM,ALGO,DOGE,BCH,LTC,XLM,ETC,LINK,UNI,AAVE,INJ,FIL,VET,FET,GRT,THETA,XTZ,SAND,CHZ,DASH,HBAR","TON,SUI,ICP,MKR,RENDER,RNDR,ARB,OP,MATIC,POL,APT,SEI,EOS,MANA","CHZ,DASH,HBAR",2880,72,0.8,explained_variance,,336,2.5,0.5,10.0,8760.0,0.6,5,480,691,0,1.0,,,0,0,OLS,,-0.03479357424287122,-0.006223417880083182,0.3578365392073399,-0.017391789820762744,-0.5028783148368252,0.005151734685663688,255,149.0236220472441,0.497886505336574
"{""entry_z"": 2.5, ""exit_z"": 0.5, ""fixed_n_components"": null, ""max_holding_period"": null, ""min_asset_coverage"": 0.6, ""min_train_observations"": 480, ""min_universe_assets"": 5, ""pca_component_selection_method"": ""explained_variance"", ""pca_explained_variance"": 0.9, ""rebalance_frequency"": 72, ""regression_type"": ""OLS"", ""ridge_alpha"": 1.0, ""stage"": ""core"", ""stop_loss_z"": null, ""target"": ""ETH"", ""train_window"": 2880, ""transaction_cost_bps"": 10, ""universe_selection_method"": ""priority_with_coverage_fallback"", ""universe_size"": 30, ""zscore_lookback"": 336}",core,crypto,ETH,priority_with_coverage_fallback,30,30,"BTC,SOL,XRP,BNB,TRX,ADA,AVAX,DOT,NEAR,ATOM,ALGO,DOGE,BCH,LTC,XLM,ETC,LINK,UNI,AAVE,INJ,FIL,VET,FET,GRT,THETA,XTZ,SAND,CHZ,DASH,HBAR","TON,SUI,ICP,MKR,RENDER,RNDR,ARB,OP,MATIC,POL,APT,SEI,EOS,MANA","CHZ,DASH,HBAR",2880,72,0.9,explained_variance,,336,2.5,0.5,10.0,8760.0,0.6,5,480,691,0,1.0,,,0,0,OLS,,0.5204534180772984,0.07666178620254627,0.359718259462573,0.2131161935373552,-0.400843088875241,0.005030990903968446,249,140.75,0.5016329570847419
"{""entry_z"": 2.5, ""exit_z"": 0.5, ""fixed_n_components"": null, ""max_holding_period"": null, ""min_asset_coverage"": 0.6, ""min_train_observations"": 480, ""min_universe_assets"": 5, ""pca_component_selection_method"": ""explained_variance"", ""pca_explained_variance"": 0.7, ""rebalance_frequency"": 72, ""regression_type"": ""OLS"", ""ridge_alpha"": 1.0, ""stage"": ""core"", ""stop_loss_z"": null, ""target"": ""ETH"", ""train_window"": 2880, ""transaction_cost_bps"": 10, ""universe_selection_method"": ""priority_with_coverage_fallback"", ""universe_size"": 30, ""zscore_lookback"": 720}",core,crypto,ETH,priority_with_coverage_fallback,30,30,"BTC,SOL,XRP,BNB,TRX,ADA,AVAX,DOT,NEAR,ATOM,ALGO,DOGE,BCH,LTC,XLM,ETC,LINK,UNI,AAVE,INJ,FIL,VET,FET,GRT,THETA,XTZ,SAND,CHZ,DASH,HBAR","TON,SUI,ICP,MKR,RENDER,RNDR,ARB,OP,MATIC,POL,APT,SEI,EOS,MANA","CHZ,DASH,HBAR",2880,72,0.7,explained_variance,,720,2.5,0.5,10.0,8760.0,0.6,5,480,691,0,1.0,,,0,0,OLS,,5.097164206061566,0.37533024485237987,0.44466066916675245,0.8440824000820883,-0.4195180486286807,0.002777106978990582,136,252.53731343283582,0.5023640661938534
"{""entry_z"": 2.5, ""exit_z"": 0.5, ""fixed_n_components"": null, ""max_holding_period"": null, ""min_asset_coverage"": 0.6, ""min_train_observations"": 480, ""min_universe_assets"": 5, ""pca_component_selection_method"": ""explained_variance"", ""pca_explained_variance"": 0.8, ""rebalance_frequency"": 72, ""regression_type"": ""OLS"", ""ridge_alpha"": 1.0, ""stage"": ""core"", ""stop_loss_z"": null, ""target"": ""ETH"", ""train_window"": 2880, ""transaction_cost_bps"": 10, ""universe_selection_method"": ""priority_with_coverage_fallback"", ""universe_size"": 30, ""zscore_lookback"": 720}",core,crypto,ETH,priority_with_coverage_fallback,30,30,"BTC,SOL,XRP,BNB,TRX,ADA,AVAX,DOT,NEAR,ATOM,ALGO,DOGE,BCH,LTC,XLM,ETC,LINK,UNI,AAVE,INJ,FIL,VET,FET,GRT,THETA,XTZ,SAND,CHZ,DASH,HBAR","TON,SUI,ICP,MKR,RENDER,RNDR,ARB,OP,MATIC,POL,APT,SEI,EOS,MANA","CHZ,DASH,HBAR",2880,72,0.8,explained_variance,,720,2.5,0.5,10.0,8760.0,0.6,5,480,691,0,1.0,,,0,0,OLS,,5.009924011419768,0.3718405496811805,0.37323385673244125,0.996266932846182,-0.38515370394733506,0.0029380986879175724,145,234.33333333333334,0.5019559032716927
"{""entry_z"": 2.5, ""exit_z"": 0.5, ""fixed_n_components"": null, ""max_holding_period"": null, ""min_asset_coverage"": 0.6, ""min_train_observations"": 480, ""min_universe_assets"": 5, ""pca_component_selection_method"": ""explained_variance"", ""pca_explained_variance"": 0.9, ""rebalance_frequency"": 72, ""regression_type"": ""OLS"", ""ridge_alpha"": 1.0, ""stage"": ""core"", ""stop_loss_z"": null, ""target"": ""ETH"", ""train_window"": 2880, ""transaction_cost_bps"": 10, ""universe_selection_method"": ""priority_with_coverage_fallback"", ""universe_size"": 30, ""zscore_lookback"": 720}",core,crypto,ETH,priority_with_coverage_fallback,30,30,"BTC,SOL,XRP,BNB,TRX,ADA,AVAX,DOT,NEAR,ATOM,ALGO,DOGE,BCH,LTC,XLM,ETC,LINK,UNI,AAVE,INJ,FIL,VET,FET,GRT,THETA,XTZ,SAND,CHZ,DASH,HBAR","TON,SUI,ICP,MKR,RENDER,RNDR,ARB,OP,MATIC,POL,APT,SEI,EOS,MANA","CHZ,DASH,HBAR",2880,72,0.9,explained_variance,,720,2.5,0.5,10.0,8760.0,0.6,5,480,691,0,1.0,,,0,0,OLS,,8.15845087648112,0.47759591221761255,0.36013507792985916,1.3261577154964903,-0.25220707883543136,0.002777106978990582,138,200.46376811594203,0.5041208791208791
"{""entry_z"": 2.5, ""exit_z"": 0.5, ""fixed_n_components"": null, ""max_holding_period"": null, ""min_asset_coverage"": 0.6, ""min_train_observations"": 480, ""min_universe_assets"": 5, ""pca_component_selection_method"": ""explained_variance"", ""pca_explained_variance"": 0.7, ""rebalance_frequency"": 72, ""regression_type"": ""OLS"", ""ridge_alpha"": 1.0, ""stage"": ""core"", ""stop_loss_z"": null, ""target"": ""ETH"", ""train_window"": 2880, ""transaction_cost_bps"": 10, ""universe_selection_method"": ""priority_with_coverage_fallback"", ""universe_size"": 30, ""zscore_lookback"": 1440}",core,crypto,ETH,priority_with_coverage_fallback,30,30,"BTC,SOL,XRP,BNB,TRX,ADA,AVAX,DOT,NEAR,ATOM,ALGO,DOGE,BCH,LTC,XLM,ETC,LINK,UNI,AAVE,INJ,FIL,VET,FET,GRT,THETA,XTZ,SAND,CHZ,DASH,HBAR","TON,SUI,ICP,MKR,RENDER,RNDR,ARB,OP,MATIC,POL,APT,SEI,EOS,MANA","CHZ,DASH,HBAR",2880,72,0.7,explained_variance,,1440,2.5,0.5,10.0,8760.0,0.6,5,480,691,0,1.0,,,0,0,OLS,,5.899857387860253,0.40564516269012896,0.42250772195885483,0.9600893465554979,-0.35947268908538144,0.0014489253803429123,72,383.6666666666667,0.5032580364900087
"{""entry_z"": 2.5, ""exit_z"": 0.5, ""fixed_n_components"": null, ""max_holding_period"": null, ""min_asset_coverage"": 0.6, ""min_train_observations"": 480, ""min_universe_assets"": 5, ""pca_component_selection_method"": ""explained_variance"", ""pca_explained_variance"": 0.8, ""rebalance_frequency"": 72, ""regression_type"": ""OLS"", ""ridge_alpha"": 1.0, ""stage"": ""core"", ""stop_loss_z"": null, ""target"": ""ETH"", ""train_window"": 2880, ""transaction_cost_bps"": 10, ""universe_selection_method"": ""priority_with_coverage_fallback"", ""universe_size"": 30, ""zscore_lookback"": 1440}",core,crypto,ETH,priority_with_coverage_fallback,30,30,"BTC,SOL,XRP,BNB,TRX,ADA,AVAX,DOT,NEAR,ATOM,ALGO,DOGE,BCH,LTC,XLM,ETC,LINK,UNI,AAVE,INJ,FIL,VET,FET,GRT,THETA,XTZ,SAND,CHZ,DASH,HBAR","TON,SUI,ICP,MKR,RENDER,RNDR,ARB,OP,MATIC,POL,APT,SEI,EOS,MANA","CHZ,DASH,HBAR",2880,72,0.8,explained_variance,,1440,2.5,0.5,10.0,8760.0,0.6,5,480,691,0,1.0,,,0,0,OLS,,4.157115545479182,0.335325983965719,0.3447698204326074,0.9726082855656027,-0.37351454131195994,0.0015696691620381551,78,357.53846153846155,0.5011474469305794
"{""entry_z"": 2.5, ""exit_z"": 0.5, ""fixed_n_components"": null, ""max_holding_period"": null, ""min_asset_coverage"": 0.6, ""min_train_observations"": 480, ""min_universe_assets"": 5, ""pca_component_selection_method"": ""explained_variance"", ""pca_explained_variance"": 0.9, ""rebalance_frequency"": 72, ""regression_type"": ""OLS"", ""ridge_alpha"": 1.0, ""stage"": ""core"", ""stop_loss_z"": null, ""target"": ""ETH"", ""train_window"": 2880, ""transaction_cost_bps"": 10, ""universe_selection_method"": ""priority_with_coverage_fallback"", ""universe_size"": 30, ""zscore_lookback"": 1440}",core,crypto,ETH,priority_with_coverage_fallback,30,30,"BTC,SOL,XRP,BNB,TRX,ADA,AVAX,DOT,NEAR,ATOM,ALGO,DOGE,BCH,LTC,XLM,ETC,LINK,UNI,AAVE,INJ,FIL,VET,FET,GRT,THETA,XTZ,SAND,CHZ,DASH,HBAR","TON,SUI,ICP,MKR,RENDER,RNDR,ARB,OP,MATIC,POL,APT,SEI,EOS,MANA","CHZ,DASH,HBAR",2880,72,0.9,explained_variance,,1440,2.5,0.5,10.0,8760.0,0.6,5,480,691,0,1.0,,,0,0,OLS,,12.110565041511906,0.5740586844194624,0.3236919825673892,1.7734720516284321,-0.23913527959276903,0.0016904129437333977,84,239.16666666666666,0.4985564957690393
"{""entry_z"": 3.0, ""exit_z"": 0.25, ""fixed_n_components"": null, ""max_holding_period"": null, ""min_asset_coverage"": 0.6, ""min_train_observations"": 480, ""min_universe_assets"": 5, ""pca_component_selection_method"": ""explained_variance"", ""pca_explained_variance"": 0.7, ""rebalance_frequency"": 72, ""regression_type"": ""OLS"", ""ridge_alpha"": 1.0, ""stage"": ""core"", ""stop_loss_z"": null, ""target"": ""ETH"", ""train_window"": 720, ""transaction_cost_bps"": 10, ""universe_selection_method"": ""priority_with_coverage_fallback"", ""universe_size"": 30, ""zscore_lookback"": 336}",core,crypto,ETH,priority_with_coverage_fallback,30,30,"BTC,SOL,XRP,BNB,TRX,ADA,AVAX,DOT,NEAR,ATOM,ALGO,DOGE,BCH,LTC,XLM,ETC,LINK,UNI,AAVE,INJ,FIL,VET,FET,GRT,THETA,XTZ,SAND,CHZ,DASH,HBAR","TON,SUI,ICP,MKR,RENDER,RNDR,ARB,OP,MATIC,POL,APT,SEI,EOS,MANA","CHZ,DASH,HBAR",720,72,0.7,explained_variance,,336,3.0,0.25,10.0,8760.0,0.6,5,480,721,0,1.0,,,0,0,OLS,,20.39584930616735,0.6778341502248393,0.38670086939400355,1.752864303840508,-0.2139520272078268,0.003317133379618915,171,138.6235294117647,0.49961809386404143
"{""entry_z"": 3.0, ""exit_z"": 0.25, ""fixed_n_components"": null, ""max_holding_period"": null, ""min_asset_coverage"": 0.6, ""min_train_observations"": 480, ""min_universe_assets"": 5, ""pca_component_selection_method"": ""explained_variance"", ""pca_explained_variance"": 0.8, ""rebalance_frequency"": 72, ""regression_type"": ""OLS"", ""ridge_alpha"": 1.0, ""stage"": ""core"", ""stop_loss_z"": null, ""target"": ""ETH"", ""train_window"": 720, ""transaction_cost_bps"": 10, ""universe_selection_method"": ""priority_with_coverage_fallback"", ""universe_size"": 30, ""zscore_lookback"": 336}",core,crypto,ETH,priority_with_coverage_fallback,30,30,"BTC,SOL,XRP,BNB,TRX,ADA,AVAX,DOT,NEAR,ATOM,ALGO,DOGE,BCH,LTC,XLM,ETC,LINK,UNI,AAVE,INJ,FIL,VET,FET,GRT,THETA,XTZ,SAND,CHZ,DASH,HBAR","TON,SUI,ICP,MKR,RENDER,RNDR,ARB,OP,MATIC,POL,APT,SEI,EOS,MANA","CHZ,DASH,HBAR",720,72,0.8,explained_variance,,336,3.0,0.25,10.0,8760.0,0.6,5,480,721,0,1.0,,,0,0,OLS,,29.252098696337143,0.7789443056207084,0.3465761378496638,2.247541652618321,-0.2235372273637629,0.003394276016354239,174,132.3139534883721,0.507162316548027
"{""entry_z"": 3.0, ""exit_z"": 0.25, ""fixed_n_components"": null, ""max_holding_period"": null, ""min_asset_coverage"": 0.6, ""min_train_observations"": 480, ""min_universe_assets"": 5, ""pca_component_selection_method"": ""explained_variance"", ""pca_explained_variance"": 0.9, ""rebalance_frequency"": 72, ""regression_type"": ""OLS"", ""ridge_alpha"": 1.0, ""stage"": ""core"", ""stop_loss_z"": null, ""target"": ""ETH"", ""train_window"": 720, ""transaction_cost_bps"": 10, ""universe_selection_method"": ""priority_with_coverage_fallback"", ""universe_size"": 30, ""zscore_lookback"": 336}",core,crypto,ETH,priority_with_coverage_fallback,30,30,"BTC,SOL,XRP,BNB,TRX,ADA,AVAX,DOT,NEAR,ATOM,ALGO,DOGE,BCH,LTC,XLM,ETC,LINK,UNI,AAVE,INJ,FIL,VET,FET,GRT,THETA,XTZ,SAND,CHZ,DASH,HBAR","TON,SUI,ICP,MKR,RENDER,RNDR,ARB,OP,MATIC,POL,APT,SEI,EOS,MANA","CHZ,DASH,HBAR",720,72,0.9,explained_variance,,336,3.0,0.25,10.0,8760.0,0.6,5,480,721,0,1.0,,,0,0,OLS,,49.38785290215544,0.9390766275414859,0.33946082576120445,2.766377019898268,-0.1434084078171013,0.003355704697986577,170,112.6144578313253,0.5077564994115759
"{""entry_z"": 3.0, ""exit_z"": 0.25, ""fixed_n_components"": null, ""max_holding_period"": null, ""min_asset_coverage"": 0.6, ""min_train_observations"": 480, ""min_universe_assets"": 5, ""pca_component_selection_method"": ""explained_variance"", ""pca_explained_variance"": 0.7, ""rebalance_frequency"": 72, ""regression_type"": ""OLS"", ""ridge_alpha"": 1.0, ""stage"": ""core"", ""stop_loss_z"": null, ""target"": ""ETH"", ""train_window"": 720, ""transaction_cost_bps"": 10, ""universe_selection_method"": ""priority_with_coverage_fallback"", ""universe_size"": 30, ""zscore_lookback"": 720}",core,crypto,ETH,priority_with_coverage_fallback,30,30,"BTC,SOL,XRP,BNB,TRX,ADA,AVAX,DOT,NEAR,ATOM,ALGO,DOGE,BCH,LTC,XLM,ETC,LINK,UNI,AAVE,INJ,FIL,VET,FET,GRT,THETA,XTZ,SAND,CHZ,DASH,HBAR","TON,SUI,ICP,MKR,RENDER,RNDR,ARB,OP,MATIC,POL,APT,SEI,EOS,MANA","CHZ,DASH,HBAR",720,72,0.7,explained_variance,,720,3.0,0.25,10.0,8760.0,0.6,5,480,721,0,1.0,,,0,0,OLS,,19.478182784157124,0.6654541661518893,0.3467153650358701,1.9193097083627764,-0.21322288557689562,0.0017742806449124432,92,182.8913043478261,0.4924521573754903
"{""entry_z"": 3.0, ""exit_z"": 0.25, ""fixed_n_components"": null, ""max_holding_period"": null, ""min_asset_coverage"": 0.6, ""min_train_observations"": 480, ""min_universe_assets"": 5, ""pca_component_selection_method"": ""explained_variance"", ""pca_explained_variance"": 0.8, ""rebalance_frequency"": 72, ""regression_type"": ""OLS"", ""ridge_alpha"": 1.0, ""stage"": ""core"", ""stop_loss_z"": null, ""target"": ""ETH"", ""train_window"": 720, ""transaction_cost_bps"": 10, ""universe_selection_method"": ""priority_with_coverage_fallback"", ""universe_size"": 30, ""zscore_lookback"": 720}",core,crypto,ETH,priority_with_coverage_fallback,30,30,"BTC,SOL,XRP,BNB,TRX,ADA,AVAX,DOT,NEAR,ATOM,ALGO,DOGE,BCH,LTC,XLM,ETC,LINK,UNI,AAVE,INJ,FIL,VET,FET,GRT,THETA,XTZ,SAND,CHZ,DASH,HBAR","TON,SUI,ICP,MKR,RENDER,RNDR,ARB,OP,MATIC,POL,APT,SEI,EOS,MANA","CHZ,DASH,HBAR",720,72,0.8,explained_variance,,720,3.0,0.25,10.0,8760.0,0.6,5,480,721,0,1.0,,,0,0,OLS,,23.0862842916874,0.7117465937081038,0.32960135723545986,2.159416452886897,-0.2207890753937134,0.0016971380081771195,88,171.95454545454547,0.4941845096484272
"{""entry_z"": 3.0, ""exit_z"": 0.25, ""fixed_n_components"": null, ""max_holding_period"": null, ""min_asset_coverage"": 0.6, ""min_train_observations"": 480, ""min_universe_assets"": 5, ""pca_component_selection_method"": ""explained_variance"", ""pca_explained_variance"": 0.9, ""rebalance_frequency"": 72, ""regression_type"": ""OLS"", ""ridge_alpha"": 1.0, ""stage"": ""core"", ""stop_loss_z"": null, ""target"": ""ETH"", ""train_window"": 720, ""transaction_cost_bps"": 10, ""universe_selection_method"": ""priority_with_coverage_fallback"", ""universe_size"": 30, ""zscore_lookback"": 720}",core,crypto,ETH,priority_with_coverage_fallback,30,30,"BTC,SOL,XRP,BNB,TRX,ADA,AVAX,DOT,NEAR,ATOM,ALGO,DOGE,BCH,LTC,XLM,ETC,LINK,UNI,AAVE,INJ,FIL,VET,FET,GRT,THETA,XTZ,SAND,CHZ,DASH,HBAR","TON,SUI,ICP,MKR,RENDER,RNDR,ARB,OP,MATIC,POL,APT,SEI,EOS,MANA","CHZ,DASH,HBAR",720,72,0.9,explained_variance,,720,3.0,0.25,10.0,8760.0,0.6,5,480,721,0,1.0,,,0,0,OLS,,13.956776778353847,0.5793555953230591,0.3166296267912661,1.8297580084159075,-0.17795404869698517,0.0016199953714417959,84,119.42857142857143,0.49521531100478466
"{""entry_z"": 3.0, ""exit_z"": 0.25, ""fixed_n_components"": null, ""max_holding_period"": null, ""min_asset_coverage"": 0.6, ""min_train_observations"": 480, ""min_universe_assets"": 5, ""pca_component_selection_method"": ""explained_variance"", ""pca_explained_variance"": 0.7, ""rebalance_frequency"": 72, ""regression_type"": ""OLS"", ""ridge_alpha"": 1.0, ""stage"": ""core"", ""stop_loss_z"": null, ""target"": ""ETH"", ""train_window"": 720, ""transaction_cost_bps"": 10, ""universe_selection_method"": ""priority_with_coverage_fallback"", ""universe_size"": 30, ""zscore_lookback"": 1440}",core,crypto,ETH,priority_with_coverage_fallback,30,30,"BTC,SOL,XRP,BNB,TRX,ADA,AVAX,DOT,NEAR,ATOM,ALGO,DOGE,BCH,LTC,XLM,ETC,LINK,UNI,AAVE,INJ,FIL,VET,FET,GRT,THETA,XTZ,SAND,CHZ,DASH,HBAR","TON,SUI,ICP,MKR,RENDER,RNDR,ARB,OP,MATIC,POL,APT,SEI,EOS,MANA","CHZ,DASH,HBAR",720,72,0.7,explained_variance,,1440,3.0,0.25,10.0,8760.0,0.6,5,480,721,0,1.0,,,0,0,OLS,,21.32287826537506,0.6899002094839097,0.3168719683161289,2.177220702576087,-0.16727543759057906,0.0011571395510298543,59,175.86206896551724,0.4929411764705882
"{""entry_z"": 3.0, ""exit_z"": 0.25, ""fixed_n_components"": null, ""max_holding_period"": null, ""min_asset_coverage"": 0.6, ""min_train_observations"": 480, ""min_universe_assets"": 5, ""pca_component_selection_method"": ""explained_variance"", ""pca_explained_variance"": 0.8, ""rebalance_frequency"": 72, ""regression_type"": ""OLS"", ""ridge_alpha"": 1.0, ""stage"": ""core"", ""stop_loss_z"": null, ""target"": ""ETH"", ""train_window"": 720, ""transaction_cost_bps"": 10, ""universe_selection_method"": ""priority_with_coverage_fallback"", ""universe_size"": 30, ""zscore_lookback"": 1440}",core,crypto,ETH,priority_with_coverage_fallback,30,30,"BTC,SOL,XRP,BNB,TRX,ADA,AVAX,DOT,NEAR,ATOM,ALGO,DOGE,BCH,LTC,XLM,ETC,LINK,UNI,AAVE,INJ,FIL,VET,FET,GRT,THETA,XTZ,SAND,CHZ,DASH,HBAR","TON,SUI,ICP,MKR,RENDER,RNDR,ARB,OP,MATIC,POL,APT,SEI,EOS,MANA","CHZ,DASH,HBAR",720,72,0.8,explained_variance,,1440,3.0,0.25,10.0,8760.0,0.6,5,480,721,0,1.0,,,0,0,OLS,,14.574804674059457,0.5901961837674019,0.3022079253810769,1.9529474054102942,-0.18045416567460548,0.0011571395510298543,59,186.24137931034483,0.49213108683577117
"{""entry_z"": 3.0, ""exit_z"": 0.25, ""fixed_n_components"": null, ""max_holding_period"": null, ""min_asset_coverage"": 0.6, ""min_train_observations"": 480, ""min_universe_assets"": 5, ""pca_component_selection_method"": ""explained_variance"", ""pca_explained_variance"": 0.9, ""rebalance_frequency"": 72, ""regression_type"": ""OLS"", ""ridge_alpha"": 1.0, ""stage"": ""core"", ""stop_loss_z"": null, ""target"": ""ETH"", ""train_window"": 720, ""transaction_cost_bps"": 10, ""universe_selection_method"": ""priority_with_coverage_fallback"", ""universe_size"": 30, ""zscore_lookback"": 1440}",core,crypto,ETH,priority_with_coverage_fallback,30,30,"BTC,SOL,XRP,BNB,TRX,ADA,AVAX,DOT,NEAR,ATOM,ALGO,DOGE,BCH,LTC,XLM,ETC,LINK,UNI,AAVE,INJ,FIL,VET,FET,GRT,THETA,XTZ,SAND,CHZ,DASH,HBAR","TON,SUI,ICP,MKR,RENDER,RNDR,ARB,OP,MATIC,POL,APT,SEI,EOS,MANA","CHZ,DASH,HBAR",720,72,0.9,explained_variance,,1440,3.0,0.25,10.0,8760.0,0.6,5,480,721,0,1.0,,,0,0,OLS,,21.812349381737203,0.6961039561344013,0.30672488749871735,2.2694733440478068,-0.1893396082407155,0.001427138779603487,73,110.36111111111111,0.4935816763151271
"{""entry_z"": 3.0, ""exit_z"": 0.25, ""fixed_n_components"": null, ""max_holding_period"": null, ""min_asset_coverage"": 0.6, ""min_train_observations"": 480, ""min_universe_assets"": 5, ""pca_component_selection_method"": ""explained_variance"", ""pca_explained_variance"": 0.7, ""rebalance_frequency"": 72, ""regression_type"": ""OLS"", ""ridge_alpha"": 1.0, ""stage"": ""core"", ""stop_loss_z"": null, ""target"": ""ETH"", ""train_window"": 1440, ""transaction_cost_bps"": 10, ""universe_selection_method"": ""priority_with_coverage_fallback"", ""universe_size"": 30, ""zscore_lookback"": 336}",core,crypto,ETH,priority_with_coverage_fallback,30,30,"BTC,SOL,XRP,BNB,TRX,ADA,AVAX,DOT,NEAR,ATOM,ALGO,DOGE,BCH,LTC,XLM,ETC,LINK,UNI,AAVE,INJ,FIL,VET,FET,GRT,THETA,XTZ,SAND,CHZ,DASH,HBAR","TON,SUI,ICP,MKR,RENDER,RNDR,ARB,OP,MATIC,POL,APT,SEI,EOS,MANA","CHZ,DASH,HBAR",1440,72,0.7,explained_variance,,336,3.0,0.25,10.0,8760.0,0.6,5,480,711,0,1.0,,,0,0,OLS,,1.7146398487981878,0.18659942978888533,0.3147172932567038,0.5929112692154567,-0.3133496440133815,0.003266056481264179,166,171.9277108433735,0.5041345480028031
"{""entry_z"": 3.0, ""exit_z"": 0.25, ""fixed_n_components"": null, ""max_holding_period"": null, ""min_asset_coverage"": 0.6, ""min_train_observations"": 480, ""min_universe_assets"": 5, ""pca_component_selection_method"": ""explained_variance"", ""pca_explained_variance"": 0.8, ""rebalance_frequency"": 72, ""regression_type"": ""OLS"", ""ridge_alpha"": 1.0, ""stage"": ""core"", ""stop_loss_z"": null, ""target"": ""ETH"", ""train_window"": 1440, ""transaction_cost_bps"": 10, ""universe_selection_method"": ""priority_with_coverage_fallback"", ""universe_size"": 30, ""zscore_lookback"": 336}",core,crypto,ETH,priority_with_coverage_fallback,30,30,"BTC,SOL,XRP,BNB,TRX,ADA,AVAX,DOT,NEAR,ATOM,ALGO,DOGE,BCH,LTC,XLM,ETC,LINK,UNI,AAVE,INJ,FIL,VET,FET,GRT,THETA,XTZ,SAND,CHZ,DASH,HBAR","TON,SUI,ICP,MKR,RENDER,RNDR,ARB,OP,MATIC,POL,APT,SEI,EOS,MANA","CHZ,DASH,HBAR",1440,72,0.8,explained_variance,,336,3.0,0.25,10.0,8760.0,0.6,5,480,711,0,1.0,,,0,0,OLS,,10.058781243169895,0.5094171193485895,0.35977301338236667,1.415940330152504,-0.2674850704088342,0.003324728154580302,166,171.4320987654321,0.5034567189975515
"{""entry_z"": 3.0, ""exit_z"": 0.25, ""fixed_n_components"": null, ""max_holding_period"": null, ""min_asset_coverage"": 0.6, ""min_train_observations"": 480, ""min_universe_assets"": 5, ""pca_component_selection_method"": ""explained_variance"", ""pca_explained_variance"": 0.9, ""rebalance_frequency"": 72, ""regression_type"": ""OLS"", ""ridge_alpha"": 1.0, ""stage"": ""core"", ""stop_loss_z"": null, ""target"": ""ETH"", ""train_window"": 1440, ""transaction_cost_bps"": 10, ""universe_selection_method"": ""priority_with_coverage_fallback"", ""universe_size"": 30, ""zscore_lookback"": 336}",core,crypto,ETH,priority_with_coverage_fallback,30,30,"BTC,SOL,XRP,BNB,TRX,ADA,AVAX,DOT,NEAR,ATOM,ALGO,DOGE,BCH,LTC,XLM,ETC,LINK,UNI,AAVE,INJ,FIL,VET,FET,GRT,THETA,XTZ,SAND,CHZ,DASH,HBAR","TON,SUI,ICP,MKR,RENDER,RNDR,ARB,OP,MATIC,POL,APT,SEI,EOS,MANA","CHZ,DASH,HBAR",1440,72,0.9,explained_variance,,336,3.0,0.25,10.0,8760.0,0.6,5,480,711,0,1.0,,,0,0,OLS,,29.828670374086734,0.7992422896374893,0.32203410318429915,2.481856057276286,-0.19333477332521132,0.003324728154580302,168,125.34939759036145,0.5099961553248751
"{""entry_z"": 3.0, ""exit_z"": 0.25, ""fixed_n_components"": null, ""max_holding_period"": null, ""min_asset_coverage"": 0.6, ""min_train_observations"": 480, ""min_universe_assets"": 5, ""pca_component_selection_method"": ""explained_variance"", ""pca_explained_variance"": 0.7, ""rebalance_frequency"": 72, ""regression_type"": ""OLS"", ""ridge_alpha"": 1.0, ""stage"": ""core"", ""stop_loss_z"": null, ""target"": ""ETH"", ""train_window"": 1440, ""transaction_cost_bps"": 10, ""universe_selection_method"": ""priority_with_coverage_fallback"", ""universe_size"": 30, ""zscore_lookback"": 720}",core,crypto,ETH,priority_with_coverage_fallback,30,30,"BTC,SOL,XRP,BNB,TRX,ADA,AVAX,DOT,NEAR,ATOM,ALGO,DOGE,BCH,LTC,XLM,ETC,LINK,UNI,AAVE,INJ,FIL,VET,FET,GRT,THETA,XTZ,SAND,CHZ,DASH,HBAR","TON,SUI,ICP,MKR,RENDER,RNDR,ARB,OP,MATIC,POL,APT,SEI,EOS,MANA","CHZ,DASH,HBAR",1440,72,0.7,explained_variance,,720,3.0,0.25,10.0,8760.0,0.6,5,480,711,0,1.0,,,0,0,OLS,,11.280641644776468,0.5367624937744635,0.2942818249899785,1.8239743273059505,-0.21816514857895297,0.00183837909723852,94,219.19148936170214,0.5065035915356242
"{""entry_z"": 3.0, ""exit_z"": 0.25, ""fixed_n_components"": null, ""max_holding_period"": null, ""min_asset_coverage"": 0.6, ""min_train_observations"": 480, ""min_universe_assets"": 5, ""pca_component_selection_method"": ""explained_variance"", ""pca_explained_variance"": 0.8, ""rebalance_frequency"": 72, ""regression_type"": ""OLS"", ""ridge_alpha"": 1.0, ""stage"": ""core"", ""stop_loss_z"": null, ""target"": ""ETH"", ""train_window"": 1440, ""transaction_cost_bps"": 10, ""universe_selection_method"": ""priority_with_coverage_fallback"", ""universe_size"": 30, ""zscore_lookback"": 720}",core,crypto,ETH,priority_with_coverage_fallback,30,30,"BTC,SOL,XRP,BNB,TRX,ADA,AVAX,DOT,NEAR,ATOM,ALGO,DOGE,BCH,LTC,XLM,ETC,LINK,UNI,AAVE,INJ,FIL,VET,FET,GRT,THETA,XTZ,SAND,CHZ,DASH,HBAR","TON,SUI,ICP,MKR,RENDER,RNDR,ARB,OP,MATIC,POL,APT,SEI,EOS,MANA","CHZ,DASH,HBAR",1440,72,0.8,explained_variance,,720,3.0,0.25,10.0,8760.0,0.6,5,480,711,0,1.0,,,0,0,OLS,,20.817077678505015,0.6957598622703789,0.3142223920719386,2.2142275020014823,-0.19333477332521132,0.0019557224438707657,99,203.0408163265306,0.5050758870238214
"{""entry_z"": 3.0, ""exit_z"": 0.25, ""fixed_n_components"": null, ""max_holding_period"": null, ""min_asset_coverage"": 0.6, ""min_train_observations"": 480, ""min_universe_assets"": 5, ""pca_component_selection_method"": ""explained_variance"", ""pca_explained_variance"": 0.9, ""rebalance_frequency"": 72, ""regression_type"": ""OLS"", ""ridge_alpha"": 1.0, ""stage"": ""core"", ""stop_loss_z"": null, ""target"": ""ETH"", ""train_window"": 1440, ""transaction_cost_bps"": 10, ""universe_selection_method"": ""priority_with_coverage_fallback"", ""universe_size"": 30, ""zscore_lookback"": 720}",core,crypto,ETH,priority_with_coverage_fallback,30,30,"BTC,SOL,XRP,BNB,TRX,ADA,AVAX,DOT,NEAR,ATOM,ALGO,DOGE,BCH,LTC,XLM,ETC,LINK,UNI,AAVE,INJ,FIL,VET,FET,GRT,THETA,XTZ,SAND,CHZ,DASH,HBAR","TON,SUI,ICP,MKR,RENDER,RNDR,ARB,OP,MATIC,POL,APT,SEI,EOS,MANA","CHZ,DASH,HBAR",1440,72,0.9,explained_variance,,720,3.0,0.25,10.0,8760.0,0.6,5,480,711,0,1.0,,,0,0,OLS,,30.817288343230164,0.8089984125926488,0.3351536292832441,2.413813672024868,-0.19333477332521076,0.0019166079949933506,96,173.19148936170214,0.49926289926289924
"{""entry_z"": 3.0, ""exit_z"": 0.25, ""fixed_n_components"": null, ""max_holding_period"": null, ""min_asset_coverage"": 0.6, ""min_train_observations"": 480, ""min_universe_assets"": 5, ""pca_component_selection_method"": ""explained_variance"", ""pca_explained_variance"": 0.7, ""rebalance_frequency"": 72, ""regression_type"": ""OLS"", ""ridge_alpha"": 1.0, ""stage"": ""core"", ""stop_loss_z"": null, ""target"": ""ETH"", ""train_window"": 1440, ""transaction_cost_bps"": 10, ""universe_selection_method"": ""priority_with_coverage_fallback"", ""universe_size"": 30, ""zscore_lookback"": 1440}",core,crypto,ETH,priority_with_coverage_fallback,30,30,"BTC,SOL,XRP,BNB,TRX,ADA,AVAX,DOT,NEAR,ATOM,ALGO,DOGE,BCH,LTC,XLM,ETC,LINK,UNI,AAVE,INJ,FIL,VET,FET,GRT,THETA,XTZ,SAND,CHZ,DASH,HBAR","TON,SUI,ICP,MKR,RENDER,RNDR,ARB,OP,MATIC,POL,APT,SEI,EOS,MANA","CHZ,DASH,HBAR",1440,72,0.7,explained_variance,,1440,3.0,0.25,10.0,8760.0,0.6,5,480,711,0,1.0,,,0,0,OLS,,7.170172161815167,0.4331268205492853,0.2758081971460514,1.570391398918167,-0.25780680405897627,0.0008214034264257216,42,292.7142857142857,0.5013827883520416
"{""entry_z"": 3.0, ""exit_z"": 0.25, ""fixed_n_components"": null, ""max_holding_period"": null, ""min_asset_coverage"": 0.6, ""min_train_observations"": 480, ""min_universe_assets"": 5, ""pca_component_selection_method"": ""explained_variance"", ""pca_explained_variance"": 0.8, ""rebalance_frequency"": 72, ""regression_type"": ""OLS"", ""ridge_alpha"": 1.0, ""stage"": ""core"", ""stop_loss_z"": null, ""target"": ""ETH"", ""train_window"": 1440, ""transaction_cost_bps"": 10, ""universe_selection_method"": ""priority_with_coverage_fallback"", ""universe_size"": 30, ""zscore_lookback"": 1440}",core,crypto,ETH,priority_with_coverage_fallback,30,30,"BTC,SOL,XRP,BNB,TRX,ADA,AVAX,DOT,NEAR,ATOM,ALGO,DOGE,BCH,LTC,XLM,ETC,LINK,UNI,AAVE,INJ,FIL,VET,FET,GRT,THETA,XTZ,SAND,CHZ,DASH,HBAR","TON,SUI,ICP,MKR,RENDER,RNDR,ARB,OP,MATIC,POL,APT,SEI,EOS,MANA","CHZ,DASH,HBAR",1440,72,0.8,explained_variance,,1440,3.0,0.25,10.0,8760.0,0.6,5,480,711,0,1.0,,,0,0,OLS,,7.471320779360008,0.4420415716419688,0.2795442723723475,1.5812936100982888,-0.25073009646334155,0.0009387467730579676,48,266.125,0.5013308282448724
"{""entry_z"": 3.0, ""exit_z"": 0.25, ""fixed_n_components"": null, ""max_holding_period"": null, ""min_asset_coverage"": 0.6, ""min_train_observations"": 480, ""min_universe_assets"": 5, ""pca_component_selection_method"": ""explained_variance"", ""pca_explained_variance"": 0.9, ""rebalance_frequency"": 72, ""regression_type"": ""OLS"", ""ridge_alpha"": 1.0, ""stage"": ""core"", ""stop_loss_z"": null, ""target"": ""ETH"", ""train_window"": 1440, ""transaction_cost_bps"": 10, ""universe_selection_method"": ""priority_with_coverage_fallback"", ""universe_size"": 30, ""zscore_lookback"": 1440}",core,crypto,ETH,priority_with_coverage_fallback,30,30,"BTC,SOL,XRP,BNB,TRX,ADA,AVAX,DOT,NEAR,ATOM,ALGO,DOGE,BCH,LTC,XLM,ETC,LINK,UNI,AAVE,INJ,FIL,VET,FET,GRT,THETA,XTZ,SAND,CHZ,DASH,HBAR","TON,SUI,ICP,MKR,RENDER,RNDR,ARB,OP,MATIC,POL,APT,SEI,EOS,MANA","CHZ,DASH,HBAR",1440,72,0.9,explained_variance,,1440,3.0,0.25,10.0,8760.0,0.6,5,480,711,0,1.0,,,0,0,OLS,,19.074880680381813,0.6717532747156965,0.2978898171655049,2.255039400499133,-0.25073009646334055,0.0012125479151998749,60,203.31034482758622,0.5023744911804613
"{""entry_z"": 3.0, ""exit_z"": 0.25, ""fixed_n_components"": null, ""max_holding_period"": null, ""min_asset_coverage"": 0.6, ""min_train_observations"": 480, ""min_universe_assets"": 5, ""pca_component_selection_method"": ""explained_variance"", ""pca_explained_variance"": 0.7, ""rebalance_frequency"": 72, ""regression_type"": ""OLS"", ""ridge_alpha"": 1.0, ""stage"": ""core"", ""stop_loss_z"": null, ""target"": ""ETH"", ""train_window"": 2880, ""transaction_cost_bps"": 10, ""universe_selection_method"": ""priority_with_coverage_fallback"", ""universe_size"": 30, ""zscore_lookback"": 336}",core,crypto,ETH,priority_with_coverage_fallback,30,30,"BTC,SOL,XRP,BNB,TRX,ADA,AVAX,DOT,NEAR,ATOM,ALGO,DOGE,BCH,LTC,XLM,ETC,LINK,UNI,AAVE,INJ,FIL,VET,FET,GRT,THETA,XTZ,SAND,CHZ,DASH,HBAR","TON,SUI,ICP,MKR,RENDER,RNDR,ARB,OP,MATIC,POL,APT,SEI,EOS,MANA","CHZ,DASH,HBAR",2880,72,0.7,explained_variance,,336,3.0,0.25,10.0,8760.0,0.6,5,480,691,0,1.0,,,0,0,OLS,,1.3280366826082024,0.1606335980270095,0.4178094504807866,0.3844661671538624,-0.6152930093552693,0.0035015696691620382,169,198.14634146341464,0.5038774002954209
"{""entry_z"": 3.0, ""exit_z"": 0.25, ""fixed_n_components"": null, ""max_holding_period"": null, ""min_asset_coverage"": 0.6, ""min_train_observations"": 480, ""min_universe_assets"": 5, ""pca_component_selection_method"": ""explained_variance"", ""pca_explained_variance"": 0.8, ""rebalance_frequency"": 72, ""regression_type"": ""OLS"", ""ridge_alpha"": 1.0, ""stage"": ""core"", ""stop_loss_z"": null, ""target"": ""ETH"", ""train_window"": 2880, ""transaction_cost_bps"": 10, ""universe_selection_method"": ""priority_with_coverage_fallback"", ""universe_size"": 30, ""zscore_lookback"": 336}",core,crypto,ETH,priority_with_coverage_fallback,30,30,"BTC,SOL,XRP,BNB,TRX,ADA,AVAX,DOT,NEAR,ATOM,ALGO,DOGE,BCH,LTC,XLM,ETC,LINK,UNI,AAVE,INJ,FIL,VET,FET,GRT,THETA,XTZ,SAND,CHZ,DASH,HBAR","TON,SUI,ICP,MKR,RENDER,RNDR,ARB,OP,MATIC,POL,APT,SEI,EOS,MANA","CHZ,DASH,HBAR",2880,72,0.8,explained_variance,,336,3.0,0.25,10.0,8760.0,0.6,5,480,691,0,1.0,,,0,0,OLS,,-0.42354284663000663,-0.0925418697951298,0.30965901428732323,-0.29885088282707956,-0.5680061502408602,0.0030990903968445625,152,196.42666666666668,0.5
"{""entry_z"": 3.0, ""exit_z"": 0.25, ""fixed_n_components"": null, ""max_holding_period"": null, ""min_asset_coverage"": 0.6, ""min_train_observations"": 480, ""min_universe_assets"": 5, ""pca_component_selection_method"": ""explained_variance"", ""pca_explained_variance"": 0.9, ""rebalance_frequency"": 72, ""regression_type"": ""OLS"", ""ridge_alpha"": 1.0, ""stage"": ""core"", ""stop_loss_z"": null, ""target"": ""ETH"", ""train_window"": 2880, ""transaction_cost_bps"": 10, ""universe_selection_method"": ""priority_with_coverage_fallback"", ""universe_size"": 30, ""zscore_lookback"": 336}",core,crypto,ETH,priority_with_coverage_fallback,30,30,"BTC,SOL,XRP,BNB,TRX,ADA,AVAX,DOT,NEAR,ATOM,ALGO,DOGE,BCH,LTC,XLM,ETC,LINK,UNI,AAVE,INJ,FIL,VET,FET,GRT,THETA,XTZ,SAND,CHZ,DASH,HBAR","TON,SUI,ICP,MKR,RENDER,RNDR,ARB,OP,MATIC,POL,APT,SEI,EOS,MANA","CHZ,DASH,HBAR",2880,72,0.9,explained_variance,,336,3.0,0.25,10.0,8760.0,0.6,5,480,691,0,1.0,,,0,0,OLS,,0.2828886628575984,0.04489389505288788,0.3252184733542094,0.13804226614148088,-0.42257501981579215,0.0029783466151493197,146,200.34722222222223,0.5007972270363952
"{""entry_z"": 3.0, ""exit_z"": 0.25, ""fixed_n_components"": null, ""max_holding_period"": null, ""min_asset_coverage"": 0.6, ""min_train_observations"": 480, ""min_universe_assets"": 5, ""pca_component_selection_method"": ""explained_variance"", ""pca_explained_variance"": 0.7, ""rebalance_frequency"": 72, ""regression_type"": ""OLS"", ""ridge_alpha"": 1.0, ""stage"": ""core"", ""stop_loss_z"": null, ""target"": ""ETH"", ""train_window"": 2880, ""transaction_cost_bps"": 10, ""universe_selection_method"": ""priority_with_coverage_fallback"", ""universe_size"": 30, ""zscore_lookback"": 720}",core,crypto,ETH,priority_with_coverage_fallback,30,30,"BTC,SOL,XRP,BNB,TRX,ADA,AVAX,DOT,NEAR,ATOM,ALGO,DOGE,BCH,LTC,XLM,ETC,LINK,UNI,AAVE,INJ,FIL,VET,FET,GRT,THETA,XTZ,SAND,CHZ,DASH,HBAR","TON,SUI,ICP,MKR,RENDER,RNDR,ARB,OP,MATIC,POL,APT,SEI,EOS,MANA","CHZ,DASH,HBAR",2880,72,0.7,explained_variance,,720,3.0,0.25,10.0,8760.0,0.6,5,480,691,0,1.0,,,0,0,OLS,,4.770923766872798,0.3620618709196488,0.4237433666792236,0.8544366694328267,-0.3620139368225759,0.001851404652660388,91,356.2,0.5034624742653939
"{""entry_z"": 3.0, ""exit_z"": 0.25, ""fixed_n_components"": null, ""max_holding_period"": null, ""min_asset_coverage"": 0.6, ""min_train_observations"": 480, ""min_universe_assets"": 5, ""pca_component_selection_method"": ""explained_variance"", ""pca_explained_variance"": 0.8, ""rebalance_frequency"": 72, ""regression_type"": ""OLS"", ""ridge_alpha"": 1.0, ""stage"": ""core"", ""stop_loss_z"": null, ""target"": ""ETH"", ""train_window"": 2880, ""transaction_cost_bps"": 10, ""universe_selection_method"": ""priority_with_coverage_fallback"", ""universe_size"": 30, ""zscore_lookback"": 720}",core,crypto,ETH,priority_with_coverage_fallback,30,30,"BTC,SOL,XRP,BNB,TRX,ADA,AVAX,DOT,NEAR,ATOM,ALGO,DOGE,BCH,LTC,XLM,ETC,LINK,UNI,AAVE,INJ,FIL,VET,FET,GRT,THETA,XTZ,SAND,CHZ,DASH,HBAR","TON,SUI,ICP,MKR,RENDER,RNDR,ARB,OP,MATIC,POL,APT,SEI,EOS,MANA","CHZ,DASH,HBAR",2880,72,0.8,explained_variance,,720,3.0,0.25,10.0,8760.0,0.6,5,480,691,0,1.0,,,0,0,OLS,,6.0892405081091985,0.41237087610167755,0.3546463093089466,1.1627665797656583,-0.36201393682257577,0.002052644288819126,101,327.56,0.5066552692636463
"{""entry_z"": 3.0, ""exit_z"": 0.25, ""fixed_n_components"": null, ""max_holding_period"": null, ""min_asset_coverage"": 0.6, ""min_train_observations"": 480, ""min_universe_assets"": 5, ""pca_component_selection_method"": ""explained_variance"", ""pca_explained_variance"": 0.9, ""rebalance_frequency"": 72, ""regression_type"": ""OLS"", ""ridge_alpha"": 1.0, ""stage"": ""core"", ""stop_loss_z"": null, ""target"": ""ETH"", ""train_window"": 2880, ""transaction_cost_bps"": 10, ""universe_selection_method"": ""priority_with_coverage_fallback"", ""universe_size"": 30, ""zscore_lookback"": 720}",core,crypto,ETH,priority_with_coverage_fallback,30,30,"BTC,SOL,XRP,BNB,TRX,ADA,AVAX,DOT,NEAR,ATOM,ALGO,DOGE,BCH,LTC,XLM,ETC,LINK,UNI,AAVE,INJ,FIL,VET,FET,GRT,THETA,XTZ,SAND,CHZ,DASH,HBAR","TON,SUI,ICP,MKR,RENDER,RNDR,ARB,OP,MATIC,POL,APT,SEI,EOS,MANA","CHZ,DASH,HBAR",2880,72,0.9,explained_variance,,720,3.0,0.25,10.0,8760.0,0.6,5,480,691,0,1.0,,,0,0,OLS,,4.270168882395681,0.34044038141301103,0.287636712530599,1.1835776400649647,-0.23121951181964995,0.0014891733075746599,74,236.2972972972973,0.5039460139540204
"{""entry_z"": 3.0, ""exit_z"": 0.25, ""fixed_n_components"": null, ""max_holding_period"": null, ""min_asset_coverage"": 0.6, ""min_train_observations"": 480, ""min_universe_assets"": 5, ""pca_component_selection_method"": ""explained_variance"", ""pca_explained_variance"": 0.7, ""rebalance_frequency"": 72, ""regression_type"": ""OLS"", ""ridge_alpha"": 1.0, ""stage"": ""core"", ""stop_loss_z"": null, ""target"": ""ETH"", ""train_window"": 2880, ""transaction_cost_bps"": 10, ""universe_selection_method"": ""priority_with_coverage_fallback"", ""universe_size"": 30, ""zscore_lookback"": 1440}",core,crypto,ETH,priority_with_coverage_fallback,30,30,"BTC,SOL,XRP,BNB,TRX,ADA,AVAX,DOT,NEAR,ATOM,ALGO,DOGE,BCH,LTC,XLM,ETC,LINK,UNI,AAVE,INJ,FIL,VET,FET,GRT,THETA,XTZ,SAND,CHZ,DASH,HBAR","TON,SUI,ICP,MKR,RENDER,RNDR,ARB,OP,MATIC,POL,APT,SEI,EOS,MANA","CHZ,DASH,HBAR",2880,72,0.7,explained_variance,,1440,3.0,0.25,10.0,8760.0,0.6,5,480,691,0,1.0,,,0,0,OLS,,8.28404452048771,0.48114796560566253,0.40378298126792533,1.191600408949387,-0.3205120507173638,0.0010866940352571844,54,453.77777777777777,0.505713352921972
"{""entry_z"": 3.0, ""exit_z"": 0.25, ""fixed_n_components"": null, ""max_holding_period"": null, ""min_asset_coverage"": 0.6, ""min_train_observations"": 480, ""min_universe_assets"": 5, ""pca_component_selection_method"": ""explained_variance"", ""pca_explained_variance"": 0.8, ""rebalance_frequency"": 72, ""regression_type"": ""OLS"", ""ridge_alpha"": 1.0, ""stage"": ""core"", ""stop_loss_z"": null, ""target"": ""ETH"", ""train_window"": 2880, ""transaction_cost_bps"": 10, ""universe_selection_method"": ""priority_with_coverage_fallback"", ""universe_size"": 30, ""zscore_lookback"": 1440}",core,crypto,ETH,priority_with_coverage_fallback,30,30,"BTC,SOL,XRP,BNB,TRX,ADA,AVAX,DOT,NEAR,ATOM,ALGO,DOGE,BCH,LTC,XLM,ETC,LINK,UNI,AAVE,INJ,FIL,VET,FET,GRT,THETA,XTZ,SAND,CHZ,DASH,HBAR","TON,SUI,ICP,MKR,RENDER,RNDR,ARB,OP,MATIC,POL,APT,SEI,EOS,MANA","CHZ,DASH,HBAR",2880,72,0.8,explained_variance,,1440,3.0,0.25,10.0,8760.0,0.6,5,480,691,0,1.0,,,0,0,OLS,,5.1580693932585895,0.37774221219945714,0.2919798588773016,1.2937269497009907,-0.2998828712043383,0.000925702326330194,46,404.39130434782606,0.4984410278464681
"{""entry_z"": 3.0, ""exit_z"": 0.25, ""fixed_n_components"": null, ""max_holding_period"": null, ""min_asset_coverage"": 0.6, ""min_train_observations"": 480, ""min_universe_assets"": 5, ""pca_component_selection_method"": ""explained_variance"", ""pca_explained_variance"": 0.9, ""rebalance_frequency"": 72, ""regression_type"": ""OLS"", ""ridge_alpha"": 1.0, ""stage"": ""core"", ""stop_loss_z"": null, ""target"": ""ETH"", ""train_window"": 2880, ""transaction_cost_bps"": 10, ""universe_selection_method"": ""priority_with_coverage_fallback"", ""universe_size"": 30, ""zscore_lookback"": 1440}",core,crypto,ETH,priority_with_coverage_fallback,30,30,"BTC,SOL,XRP,BNB,TRX,ADA,AVAX,DOT,NEAR,ATOM,ALGO,DOGE,BCH,LTC,XLM,ETC,LINK,UNI,AAVE,INJ,FIL,VET,FET,GRT,THETA,XTZ,SAND,CHZ,DASH,HBAR","TON,SUI,ICP,MKR,RENDER,RNDR,ARB,OP,MATIC,POL,APT,SEI,EOS,MANA","CHZ,DASH,HBAR",2880,72,0.9,explained_variance,,1440,3.0,0.25,10.0,8760.0,0.6,5,480,691,0,1.0,,,0,0,OLS,,8.231878621410816,0.47967743905943894,0.2860696174325611,1.6767856837244155,-0.28614323405756725,0.0010464461080254366,52,267.7692307692308,0.49971272622809537
"{""entry_z"": 3.0, ""exit_z"": 0.5, ""fixed_n_components"": null, ""max_holding_period"": null, ""min_asset_coverage"": 0.6, ""min_train_observations"": 480, ""min_universe_assets"": 5, ""pca_component_selection_method"": ""explained_variance"", ""pca_explained_variance"": 0.7, ""rebalance_frequency"": 72, ""regression_type"": ""OLS"", ""ridge_alpha"": 1.0, ""stage"": ""core"", ""stop_loss_z"": null, ""target"": ""ETH"", ""train_window"": 720, ""transaction_cost_bps"": 10, ""universe_selection_method"": ""priority_with_coverage_fallback"", ""universe_size"": 30, ""zscore_lookback"": 336}",core,crypto,ETH,priority_with_coverage_fallback,30,30,"BTC,SOL,XRP,BNB,TRX,ADA,AVAX,DOT,NEAR,ATOM,ALGO,DOGE,BCH,LTC,XLM,ETC,LINK,UNI,AAVE,INJ,FIL,VET,FET,GRT,THETA,XTZ,SAND,CHZ,DASH,HBAR","TON,SUI,ICP,MKR,RENDER,RNDR,ARB,OP,MATIC,POL,APT,SEI,EOS,MANA","CHZ,DASH,HBAR",720,72,0.7,explained_variance,,336,3.0,0.5,10.0,8760.0,0.6,5,480,721,0,1.0,,,0,0,OLS,,22.530589059852346,0.7050098880848064,0.3659587845136141,1.9264734661905054,-0.19409422863796633,0.0034714186530895625,180,108.6,0.4989768774299161
"{""entry_z"": 3.0, ""exit_z"": 0.5, ""fixed_n_components"": null, ""max_holding_period"": null, ""min_asset_coverage"": 0.6, ""min_train_observations"": 480, ""min_universe_assets"": 5, ""pca_component_selection_method"": ""explained_variance"", ""pca_explained_variance"": 0.8, ""rebalance_frequency"": 72, ""regression_type"": ""OLS"", ""ridge_alpha"": 1.0, ""stage"": ""core"", ""stop_loss_z"": null, ""target"": ""ETH"", ""train_window"": 720, ""transaction_cost_bps"": 10, ""universe_selection_method"": ""priority_with_coverage_fallback"", ""universe_size"": 30, ""zscore_lookback"": 336}",core,crypto,ETH,priority_with_coverage_fallback,30,30,"BTC,SOL,XRP,BNB,TRX,ADA,AVAX,DOT,NEAR,ATOM,ALGO,DOGE,BCH,LTC,XLM,ETC,LINK,UNI,AAVE,INJ,FIL,VET,FET,GRT,THETA,XTZ,SAND,CHZ,DASH,HBAR","TON,SUI,ICP,MKR,RENDER,RNDR,ARB,OP,MATIC,POL,APT,SEI,EOS,MANA","CHZ,DASH,HBAR",720,72,0.8,explained_variance,,336,3.0,0.5,10.0,8760.0,0.6,5,480,721,0,1.0,,,0,0,OLS,,27.13999503517026,0.7573256201851011,0.32424380249076507,2.335667218208961,-0.2207890753937134,0.0035485612898248863,183,95.41758241758242,0.5093861568582287
"{""entry_z"": 3.0, ""exit_z"": 0.5, ""fixed_n_components"": null, ""max_holding_period"": null, ""min_asset_coverage"": 0.6, ""min_train_observations"": 480, ""min_universe_assets"": 5, ""pca_component_selection_method"": ""explained_variance"", ""pca_explained_variance"": 0.9, ""rebalance_frequency"": 72, ""regression_type"": ""OLS"", ""ridge_alpha"": 1.0, ""stage"": ""core"", ""stop_loss_z"": null, ""target"": ""ETH"", ""train_window"": 720, ""transaction_cost_bps"": 10, ""universe_selection_method"": ""priority_with_coverage_fallback"", ""universe_size"": 30, ""zscore_lookback"": 336}",core,crypto,ETH,priority_with_coverage_fallback,30,30,"BTC,SOL,XRP,BNB,TRX,ADA,AVAX,DOT,NEAR,ATOM,ALGO,DOGE,BCH,LTC,XLM,ETC,LINK,UNI,AAVE,INJ,FIL,VET,FET,GRT,THETA,XTZ,SAND,CHZ,DASH,HBAR","TON,SUI,ICP,MKR,RENDER,RNDR,ARB,OP,MATIC,POL,APT,SEI,EOS,MANA","CHZ,DASH,HBAR",720,72,0.9,explained_variance,,336,3.0,0.5,10.0,8760.0,0.6,5,480,721,0,1.0,,,0,0,OLS,,49.319887628566825,0.9386345094068513,0.30687038330467353,3.0587328086169085,-0.1434084078171013,0.003432847334721901,176,77.0,0.5139573070607554
"{""entry_z"": 3.0, ""exit_z"": 0.5, ""fixed_n_components"": null, ""max_holding_period"": null, ""min_asset_coverage"": 0.6, ""min_train_observations"": 480, ""min_universe_assets"": 5, ""pca_component_selection_method"": ""explained_variance"", ""pca_explained_variance"": 0.7, ""rebalance_frequency"": 72, ""regression_type"": ""OLS"", ""ridge_alpha"": 1.0, ""stage"": ""core"", ""stop_loss_z"": null, ""target"": ""ETH"", ""train_window"": 720, ""transaction_cost_bps"": 10, ""universe_selection_method"": ""priority_with_coverage_fallback"", ""universe_size"": 30, ""zscore_lookback"": 720}",core,crypto,ETH,priority_with_coverage_fallback,30,30,"BTC,SOL,XRP,BNB,TRX,ADA,AVAX,DOT,NEAR,ATOM,ALGO,DOGE,BCH,LTC,XLM,ETC,LINK,UNI,AAVE,INJ,FIL,VET,FET,GRT,THETA,XTZ,SAND,CHZ,DASH,HBAR","TON,SUI,ICP,MKR,RENDER,RNDR,ARB,OP,MATIC,POL,APT,SEI,EOS,MANA","CHZ,DASH,HBAR",720,72,0.7,explained_variance,,720,3.0,0.5,10.0,8760.0,0.6,5,480,721,0,1.0,,,0,0,OLS,,17.089213851366537,0.6309155315461537,0.3351582084882876,1.882440935556563,-0.21322288557689573,0.0017742806449124432,92,146.93478260869566,0.4916407752626128
"{""entry_z"": 3.0, ""exit_z"": 0.5, ""fixed_n_components"": null, ""max_holding_period"": null, ""min_asset_coverage"": 0.6, ""min_train_observations"": 480, ""min_universe_assets"": 5, ""pca_component_selection_method"": ""explained_variance"", ""pca_explained_variance"": 0.8, ""rebalance_frequency"": 72, ""regression_type"": ""OLS"", ""ridge_alpha"": 1.0, ""stage"": ""core"", ""stop_loss_z"": null, ""target"": ""ETH"", ""train_window"": 720, ""transaction_cost_bps"": 10, ""universe_selection_method"": ""priority_with_coverage_fallback"", ""universe_size"": 30, ""zscore_lookback"": 720}",core,crypto,ETH,priority_with_coverage_fallback,30,30,"BTC,SOL,XRP,BNB,TRX,ADA,AVAX,DOT,NEAR,ATOM,ALGO,DOGE,BCH,LTC,XLM,ETC,LINK,UNI,AAVE,INJ,FIL,VET,FET,GRT,THETA,XTZ,SAND,CHZ,DASH,HBAR","TON,SUI,ICP,MKR,RENDER,RNDR,ARB,OP,MATIC,POL,APT,SEI,EOS,MANA","CHZ,DASH,HBAR",720,72,0.8,explained_variance,,720,3.0,0.5,10.0,8760.0,0.6,5,480,721,0,1.0,,,0,0,OLS,,23.625568641725348,0.7181619612165875,0.3101798233718211,2.315308434345541,-0.22078907539371362,0.0017357093265447812,90,130.2888888888889,0.4958212519188129
"{""entry_z"": 3.0, ""exit_z"": 0.5, ""fixed_n_components"": null, ""max_holding_period"": null, ""min_asset_coverage"": 0.6, ""min_train_observations"": 480, ""min_universe_assets"": 5, ""pca_component_selection_method"": ""explained_variance"", ""pca_explained_variance"": 0.9, ""rebalance_frequency"": 72, ""regression_type"": ""OLS"", ""ridge_alpha"": 1.0, ""stage"": ""core"", ""stop_loss_z"": null, ""target"": ""ETH"", ""train_window"": 720, ""transaction_cost_bps"": 10, ""universe_selection_method"": ""priority_with_coverage_fallback"", ""universe_size"": 30, ""zscore_lookback"": 720}",core,crypto,ETH,priority_with_coverage_fallback,30,30,"BTC,SOL,XRP,BNB,TRX,ADA,AVAX,DOT,NEAR,ATOM,ALGO,DOGE,BCH,LTC,XLM,ETC,LINK,UNI,AAVE,INJ,FIL,VET,FET,GRT,THETA,XTZ,SAND,CHZ,DASH,HBAR","TON,SUI,ICP,MKR,RENDER,RNDR,ARB,OP,MATIC,POL,APT,SEI,EOS,MANA","CHZ,DASH,HBAR",720,72,0.9,explained_variance,,720,3.0,0.5,10.0,8760.0,0.6,5,480,721,0,1.0,,,0,0,OLS,,15.091789904182704,0.5989931547435865,0.298846463197433,2.0043508239475516,-0.16940981751162332,0.0016971380081771195,88,91.75,0.5008669804310131
"{""entry_z"": 3.0, ""exit_z"": 0.5, ""fixed_n_components"": null, ""max_holding_period"": null, ""min_asset_coverage"": 0.6, ""min_train_observations"": 480, ""min_universe_assets"": 5, ""pca_component_selection_method"": ""explained_variance"", ""pca_explained_variance"": 0.7, ""rebalance_frequency"": 72, ""regression_type"": ""OLS"", ""ridge_alpha"": 1.0, ""stage"": ""core"", ""stop_loss_z"": null, ""target"": ""ETH"", ""train_window"": 720, ""transaction_cost_bps"": 10, ""universe_selection_method"": ""priority_with_coverage_fallback"", ""universe_size"": 30, ""zscore_lookback"": 1440}",core,crypto,ETH,priority_with_coverage_fallback,30,30,"BTC,SOL,XRP,BNB,TRX,ADA,AVAX,DOT,NEAR,ATOM,ALGO,DOGE,BCH,LTC,XLM,ETC,LINK,UNI,AAVE,INJ,FIL,VET,FET,GRT,THETA,XTZ,SAND,CHZ,DASH,HBAR","TON,SUI,ICP,MKR,RENDER,RNDR,ARB,OP,MATIC,POL,APT,SEI,EOS,MANA","CHZ,DASH,HBAR",720,72,0.7,explained_variance,,1440,3.0,0.5,10.0,8760.0,0.6,5,480,721,0,1.0,,,0,0,OLS,,16.933121203767534,0.6285293940392012,0.31232677387547814,2.012409587049332,-0.16727543759057895,0.0011571395510298543,60,153.0,0.49084967320261436
"{""entry_z"": 3.0, ""exit_z"": 0.5, ""fixed_n_components"": null, ""max_holding_period"": null, ""min_asset_coverage"": 0.6, ""min_train_observations"": 480, ""min_universe_assets"": 5, ""pca_component_selection_method"": ""explained_variance"", ""pca_explained_variance"": 0.8, ""rebalance_frequency"": 72, ""regression_type"": ""OLS"", ""ridge_alpha"": 1.0, ""stage"": ""core"", ""stop_loss_z"": null, ""target"": ""ETH"", ""train_window"": 720, ""transaction_cost_bps"": 10, ""universe_selection_method"": ""priority_with_coverage_fallback"", ""universe_size"": 30, ""zscore_lookback"": 1440}",core,crypto,ETH,priority_with_coverage_fallback,30,30,"BTC,SOL,XRP,BNB,TRX,ADA,AVAX,DOT,NEAR,ATOM,ALGO,DOGE,BCH,LTC,XLM,ETC,LINK,UNI,AAVE,INJ,FIL,VET,FET,GRT,THETA,XTZ,SAND,CHZ,DASH,HBAR","TON,SUI,ICP,MKR,RENDER,RNDR,ARB,OP,MATIC,POL,APT,SEI,EOS,MANA","CHZ,DASH,HBAR",720,72,0.8,explained_variance,,1440,3.0,0.5,10.0,8760.0,0.6,5,480,721,0,1.0,,,0,0,OLS,,12.972160856817625,0.5612898920421392,0.2915356200725489,1.9252875237079492,-0.18045416567460582,0.001195710869397516,62,152.25806451612902,0.4917372881355932
"{""entry_z"": 3.0, ""exit_z"": 0.5, ""fixed_n_components"": null, ""max_holding_period"": null, ""min_asset_coverage"": 0.6, ""min_train_observations"": 480, ""min_universe_assets"": 5, ""pca_component_selection_method"": ""explained_variance"", ""pca_explained_variance"": 0.9, ""rebalance_frequency"": 72, ""regression_type"": ""OLS"", ""ridge_alpha"": 1.0, ""stage"": ""core"", ""stop_loss_z"": null, ""target"": ""ETH"", ""train_window"": 720, ""transaction_cost_bps"": 10, ""universe_selection_method"": ""priority_with_coverage_fallback"", ""universe_size"": 30, ""zscore_lookback"": 1440}",core,crypto,ETH,priority_with_coverage_fallback,30,30,"BTC,SOL,XRP,BNB,TRX,ADA,AVAX,DOT,NEAR,ATOM,ALGO,DOGE,BCH,LTC,XLM,ETC,LINK,UNI,AAVE,INJ,FIL,VET,FET,GRT,THETA,XTZ,SAND,CHZ,DASH,HBAR","TON,SUI,ICP,MKR,RENDER,RNDR,ARB,OP,MATIC,POL,APT,SEI,EOS,MANA","CHZ,DASH,HBAR",720,72,0.9,explained_variance,,1440,3.0,0.5,10.0,8760.0,0.6,5,480,721,0,1.0,,,0,0,OLS,,20.37025066761334,0.6774948446654856,0.3001258893665644,2.257368886420906,-0.18933960824071472,0.0014657100979711486,76,92.0,0.49628146453089245
"{""entry_z"": 3.0, ""exit_z"": 0.5, ""fixed_n_components"": null, ""max_holding_period"": null, ""min_asset_coverage"": 0.6, ""min_train_observations"": 480, ""min_universe_assets"": 5, ""pca_component_selection_method"": ""explained_variance"", ""pca_explained_variance"": 0.7, ""rebalance_frequency"": 72, ""regression_type"": ""OLS"", ""ridge_alpha"": 1.0, ""stage"": ""core"", ""stop_loss_z"": null, ""target"": ""ETH"", ""train_window"": 1440, ""transaction_cost_bps"": 10, ""universe_selection_method"": ""priority_with_coverage_fallback"", ""universe_size"": 30, ""zscore_lookback"": 336}",core,crypto,ETH,priority_with_coverage_fallback,30,30,"BTC,SOL,XRP,BNB,TRX,ADA,AVAX,DOT,NEAR,ATOM,ALGO,DOGE,BCH,LTC,XLM,ETC,LINK,UNI,AAVE,INJ,FIL,VET,FET,GRT,THETA,XTZ,SAND,CHZ,DASH,HBAR","TON,SUI,ICP,MKR,RENDER,RNDR,ARB,OP,MATIC,POL,APT,SEI,EOS,MANA","CHZ,DASH,HBAR",1440,72,0.7,explained_variance,,336,3.0,0.5,10.0,8760.0,0.6,5,480,711,0,1.0,,,0,0,OLS,,0.6943069658033905,0.0945389489241184,0.2998815329454129,0.3152543205830791,-0.3201438896621709,0.0032856137057028865,168,146.29761904761904,0.502807388721621
"{""entry_z"": 3.0, ""exit_z"": 0.5, ""fixed_n_components"": null, ""max_holding_period"": null, ""min_asset_coverage"": 0.6, ""min_train_observations"": 480, ""min_universe_assets"": 5, ""pca_component_selection_method"": ""explained_variance"", ""pca_explained_variance"": 0.8, ""rebalance_frequency"": 72, ""regression_type"": ""OLS"", ""ridge_alpha"": 1.0, ""stage"": ""core"", ""stop_loss_z"": null, ""target"": ""ETH"", ""train_window"": 1440, ""transaction_cost_bps"": 10, ""universe_selection_method"": ""priority_with_coverage_fallback"", ""universe_size"": 30, ""zscore_lookback"": 336}",core,crypto,ETH,priority_with_coverage_fallback,30,30,"BTC,SOL,XRP,BNB,TRX,ADA,AVAX,DOT,NEAR,ATOM,ALGO,DOGE,BCH,LTC,XLM,ETC,LINK,UNI,AAVE,INJ,FIL,VET,FET,GRT,THETA,XTZ,SAND,CHZ,DASH,HBAR","TON,SUI,ICP,MKR,RENDER,RNDR,ARB,OP,MATIC,POL,APT,SEI,EOS,MANA","CHZ,DASH,HBAR",1440,72,0.8,explained_variance,,336,3.0,0.5,10.0,8760.0,0.6,5,480,711,0,1.0,,,0,0,OLS,,6.143663866669146,0.40053783583394553,0.33411185226967755,1.1988136102117455,-0.23279031108852666,0.0034029570523351326,172,131.23529411764707,0.5070372030479605
"{""entry_z"": 3.0, ""exit_z"": 0.5, ""fixed_n_components"": null, ""max_holding_period"": null, ""min_asset_coverage"": 0.6, ""min_train_observations"": 480, ""min_universe_assets"": 5, ""pca_component_selection_method"": ""explained_variance"", ""pca_explained_variance"": 0.9, ""rebalance_frequency"": 72, ""regression_type"": ""OLS"", ""ridge_alpha"": 1.0, ""stage"": ""core"", ""stop_loss_z"": null, ""target"": ""ETH"", ""train_window"": 1440, ""transaction_cost_bps"": 10, ""universe_selection_method"": ""priority_with_coverage_fallback"", ""universe_size"": 30, ""zscore_lookback"": 336}",core,crypto,ETH,priority_with_coverage_fallback,30,30,"BTC,SOL,XRP,BNB,TRX,ADA,AVAX,DOT,NEAR,ATOM,ALGO,DOGE,BCH,LTC,XLM,ETC,LINK,UNI,AAVE,INJ,FIL,VET,FET,GRT,THETA,XTZ,SAND,CHZ,DASH,HBAR","TON,SUI,ICP,MKR,RENDER,RNDR,ARB,OP,MATIC,POL,APT,SEI,EOS,MANA","CHZ,DASH,HBAR",1440,72,0.9,explained_variance,,336,3.0,0.5,10.0,8760.0,0.6,5,480,711,0,1.0,,,0,0,OLS,,17.65413288800995,0.6508621814668827,0.29520745748210336,2.2047619901551454,-0.22288545210892452,0.003363842603457717,170,101.0952380952381,0.5118935468676401
"{""entry_z"": 3.0, ""exit_z"": 0.5, ""fixed_n_components"": null, ""max_holding_period"": null, ""min_asset_coverage"": 0.6, ""min_train_observations"": 480, ""min_universe_assets"": 5, ""pca_component_selection_method"": ""explained_variance"", ""pca_explained_variance"": 0.7, ""rebalance_frequency"": 72, ""regression_type"": ""OLS"", ""ridge_alpha"": 1.0, ""stage"": ""core"", ""stop_loss_z"": null, ""target"": ""ETH"", ""train_window"": 1440, ""transaction_cost_bps"": 10, ""universe_selection_method"": ""priority_with_coverage_fallback"", ""universe_size"": 30, ""zscore_lookback"": 720}",core,crypto,ETH,priority_with_coverage_fallback,30,30,"BTC,SOL,XRP,BNB,TRX,ADA,AVAX,DOT,NEAR,ATOM,ALGO,DOGE,BCH,LTC,XLM,ETC,LINK,UNI,AAVE,INJ,FIL,VET,FET,GRT,THETA,XTZ,SAND,CHZ,DASH,HBAR","TON,SUI,ICP,MKR,RENDER,RNDR,ARB,OP,MATIC,POL,APT,SEI,EOS,MANA","CHZ,DASH,HBAR",1440,72,0.7,explained_variance,,720,3.0,0.5,10.0,8760.0,0.6,5,480,711,0,1.0,,,0,0,OLS,,7.128355182660268,0.4318674883569078,0.2858941532737152,1.510585240767193,-0.21816514857895297,0.00183837909723852,94,200.36170212765958,0.5059997876181375
"{""entry_z"": 3.0, ""exit_z"": 0.5, ""fixed_n_components"": null, ""max_holding_period"": null, ""min_asset_coverage"": 0.6, ""min_train_observations"": 480, ""min_universe_assets"": 5, ""pca_component_selection_method"": ""explained_variance"", ""pca_explained_variance"": 0.8, ""rebalance_frequency"": 72, ""regression_type"": ""OLS"", ""ridge_alpha"": 1.0, ""stage"": ""core"", ""stop_loss_z"": null, ""target"": ""ETH"", ""train_window"": 1440, ""transaction_cost_bps"": 10, ""universe_selection_method"": ""priority_with_coverage_fallback"", ""universe_size"": 30, ""zscore_lookback"": 720}",core,crypto,ETH,priority_with_coverage_fallback,30,30,"BTC,SOL,XRP,BNB,TRX,ADA,AVAX,DOT,NEAR,ATOM,ALGO,DOGE,BCH,LTC,XLM,ETC,LINK,UNI,AAVE,INJ,FIL,VET,FET,GRT,THETA,XTZ,SAND,CHZ,DASH,HBAR","TON,SUI,ICP,MKR,RENDER,RNDR,ARB,OP,MATIC,POL,APT,SEI,EOS,MANA","CHZ,DASH,HBAR",1440,72,0.8,explained_variance,,720,3.0,0.5,10.0,8760.0,0.6,5,480,711,0,1.0,,,0,0,OLS,,16.67502235111083,0.6356836574616773,0.30365705333589693,2.093426286260184,-0.19333477332521043,0.0020339513416255963,103,172.47058823529412,0.5039790814006366
"{""entry_z"": 3.0, ""exit_z"": 0.5, ""fixed_n_components"": null, ""max_holding_period"": null, ""min_asset_coverage"": 0.6, ""min_train_observations"": 480, ""min_universe_assets"": 5, ""pca_component_selection_method"": ""explained_variance"", ""pca_explained_variance"": 0.9, ""rebalance_frequency"": 72, ""regression_type"": ""OLS"", ""ridge_alpha"": 1.0, ""stage"": ""core"", ""stop_loss_z"": null, ""target"": ""ETH"", ""train_window"": 1440, ""transaction_cost_bps"": 10, ""universe_selection_method"": ""priority_with_coverage_fallback"", ""universe_size"": 30, ""zscore_lookback"": 720}",core,crypto,ETH,priority_with_coverage_fallback,30,30,"BTC,SOL,XRP,BNB,TRX,ADA,AVAX,DOT,NEAR,ATOM,ALGO,DOGE,BCH,LTC,XLM,ETC,LINK,UNI,AAVE,INJ,FIL,VET,FET,GRT,THETA,XTZ,SAND,CHZ,DASH,HBAR","TON,SUI,ICP,MKR,RENDER,RNDR,ARB,OP,MATIC,POL,APT,SEI,EOS,MANA","CHZ,DASH,HBAR",1440,72,0.9,explained_variance,,720,3.0,0.5,10.0,8760.0,0.6,5,480,711,0,1.0,,,0,0,OLS,,25.24547440301764,0.7503069993729343,0.32327345139174757,2.3209669589096604,-0.19333477332521076,0.0019557224438707657,99,140.48979591836735,0.4995642068564788
"{""entry_z"": 3.0, ""exit_z"": 0.5, ""fixed_n_components"": null, ""max_holding_period"": null, ""min_asset_coverage"": 0.6, ""min_train_observations"": 480, ""min_universe_assets"": 5, ""pca_component_selection_method"": ""explained_variance"", ""pca_explained_variance"": 0.7, ""rebalance_frequency"": 72, ""regression_type"": ""OLS"", ""ridge_alpha"": 1.0, ""stage"": ""core"", ""stop_loss_z"": null, ""target"": ""ETH"", ""train_window"": 1440, ""transaction_cost_bps"": 10, ""universe_selection_method"": ""priority_with_coverage_fallback"", ""universe_size"": 30, ""zscore_lookback"": 1440}",core,crypto,ETH,priority_with_coverage_fallback,30,30,"BTC,SOL,XRP,BNB,TRX,ADA,AVAX,DOT,NEAR,ATOM,ALGO,DOGE,BCH,LTC,XLM,ETC,LINK,UNI,AAVE,INJ,FIL,VET,FET,GRT,THETA,XTZ,SAND,CHZ,DASH,HBAR","TON,SUI,ICP,MKR,RENDER,RNDR,ARB,OP,MATIC,POL,APT,SEI,EOS,MANA","CHZ,DASH,HBAR",1440,72,0.7,explained_variance,,1440,3.0,0.5,10.0,8760.0,0.6,5,480,711,0,1.0,,,0,0,OLS,,6.12565799579321,0.39993242064664347,0.2520910450436933,1.5864602432717347,-0.21499058244882197,0.0008214034264257216,42,233.0,0.5033721643163703
"{""entry_z"": 3.0, ""exit_z"": 0.5, ""fixed_n_components"": null, ""max_holding_period"": null, ""min_asset_coverage"": 0.6, ""min_train_observations"": 480, ""min_universe_assets"": 5, ""pca_component_selection_method"": ""explained_variance"", ""pca_explained_variance"": 0.8, ""rebalance_frequency"": 72, ""regression_type"": ""OLS"", ""ridge_alpha"": 1.0, ""stage"": ""core"", ""stop_loss_z"": null, ""target"": ""ETH"", ""train_window"": 1440, ""transaction_cost_bps"": 10, ""universe_selection_method"": ""priority_with_coverage_fallback"", ""universe_size"": 30, ""zscore_lookback"": 1440}",core,crypto,ETH,priority_with_coverage_fallback,30,30,"BTC,SOL,XRP,BNB,TRX,ADA,AVAX,DOT,NEAR,ATOM,ALGO,DOGE,BCH,LTC,XLM,ETC,LINK,UNI,AAVE,INJ,FIL,VET,FET,GRT,THETA,XTZ,SAND,CHZ,DASH,HBAR","TON,SUI,ICP,MKR,RENDER,RNDR,ARB,OP,MATIC,POL,APT,SEI,EOS,MANA","CHZ,DASH,HBAR",1440,72,0.8,explained_variance,,1440,3.0,0.5,10.0,8760.0,0.6,5,480,711,0,1.0,,,0,0,OLS,,5.833150134781173,0.3899153037096226,0.2725477086292718,1.430631377055523,-0.2507300964633402,0.0009387467730579676,48,241.33333333333334,0.5001726519337016
"{""entry_z"": 3.0, ""exit_z"": 0.5, ""fixed_n_components"": null, ""max_holding_period"": null, ""min_asset_coverage"": 0.6, ""min_train_observations"": 480, ""min_universe_assets"": 5, ""pca_component_selection_method"": ""explained_variance"", ""pca_explained_variance"": 0.9, ""rebalance_frequency"": 72, ""regression_type"": ""OLS"", ""ridge_alpha"": 1.0, ""stage"": ""core"", ""stop_loss_z"": null, ""target"": ""ETH"", ""train_window"": 1440, ""transaction_cost_bps"": 10, ""universe_selection_method"": ""priority_with_coverage_fallback"", ""universe_size"": 30, ""zscore_lookback"": 1440}",core,crypto,ETH,priority_with_coverage_fallback,30,30,"BTC,SOL,XRP,BNB,TRX,ADA,AVAX,DOT,NEAR,ATOM,ALGO,DOGE,BCH,LTC,XLM,ETC,LINK,UNI,AAVE,INJ,FIL,VET,FET,GRT,THETA,XTZ,SAND,CHZ,DASH,HBAR","TON,SUI,ICP,MKR,RENDER,RNDR,ARB,OP,MATIC,POL,APT,SEI,EOS,MANA","CHZ,DASH,HBAR",1440,72,0.9,explained_variance,,1440,3.0,0.5,10.0,8760.0,0.6,5,480,711,0,1.0,,,0,0,OLS,,12.295083804759713,0.557801798325045,0.2909809908742165,1.9169698908825563,-0.25073009646334043,0.0012125479151998749,62,151.29032258064515,0.5004264392324094
"{""entry_z"": 3.0, ""exit_z"": 0.5, ""fixed_n_components"": null, ""max_holding_period"": null, ""min_asset_coverage"": 0.6, ""min_train_observations"": 480, ""min_universe_assets"": 5, ""pca_component_selection_method"": ""explained_variance"", ""pca_explained_variance"": 0.7, ""rebalance_frequency"": 72, ""regression_type"": ""OLS"", ""ridge_alpha"": 1.0, ""stage"": ""core"", ""stop_loss_z"": null, ""target"": ""ETH"", ""train_window"": 2880, ""transaction_cost_bps"": 10, ""universe_selection_method"": ""priority_with_coverage_fallback"", ""universe_size"": 30, ""zscore_lookback"": 336}",core,crypto,ETH,priority_with_coverage_fallback,30,30,"BTC,SOL,XRP,BNB,TRX,ADA,AVAX,DOT,NEAR,ATOM,ALGO,DOGE,BCH,LTC,XLM,ETC,LINK,UNI,AAVE,INJ,FIL,VET,FET,GRT,THETA,XTZ,SAND,CHZ,DASH,HBAR","TON,SUI,ICP,MKR,RENDER,RNDR,ARB,OP,MATIC,POL,APT,SEI,EOS,MANA","CHZ,DASH,HBAR",2880,72,0.7,explained_variance,,336,3.0,0.5,10.0,8760.0,0.6,5,480,691,0,1.0,,,0,0,OLS,,0.47663913710608874,0.07112631526208935,0.40426182431735797,0.17594121181784655,-0.6442894568932684,0.0035015696691620382,170,166.86746987951807,0.503898916967509
"{""entry_z"": 3.0, ""exit_z"": 0.5, ""fixed_n_components"": null, ""max_holding_period"": null, ""min_asset_coverage"": 0.6, ""min_train_observations"": 480, ""min_universe_assets"": 5, ""pca_component_selection_method"": ""explained_variance"", ""pca_explained_variance"": 0.8, ""rebalance_frequency"": 72, ""regression_type"": ""OLS"", ""ridge_alpha"": 1.0, ""stage"": ""core"", ""stop_loss_z"": null, ""target"": ""ETH"", ""train_window"": 2880, ""transaction_cost_bps"": 10, ""universe_selection_method"": ""priority_with_coverage_fallback"", ""universe_size"": 30, ""zscore_lookback"": 336}",core,crypto,ETH,priority_with_coverage_fallback,30,30,"BTC,SOL,XRP,BNB,TRX,ADA,AVAX,DOT,NEAR,ATOM,ALGO,DOGE,BCH,LTC,XLM,ETC,LINK,UNI,AAVE,INJ,FIL,VET,FET,GRT,THETA,XTZ,SAND,CHZ,DASH,HBAR","TON,SUI,ICP,MKR,RENDER,RNDR,ARB,OP,MATIC,POL,APT,SEI,EOS,MANA","CHZ,DASH,HBAR",2880,72,0.8,explained_variance,,336,3.0,0.5,10.0,8760.0,0.6,5,480,691,0,1.0,,,0,0,OLS,,-0.3500795364260866,-0.07314907013638117,0.28643043160485043,-0.2553816287135827,-0.4889963960087209,0.0031393383240763103,155,163.02597402597402,0.4979686130805385
"{""entry_z"": 3.0, ""exit_z"": 0.5, ""fixed_n_components"": null, ""max_holding_period"": null, ""min_asset_coverage"": 0.6, ""min_train_observations"": 480, ""min_universe_assets"": 5, ""pca_component_selection_method"": ""explained_variance"", ""pca_explained_variance"": 0.9, ""rebalance_frequency"": 72, ""regression_type"": ""OLS"", ""ridge_alpha"": 1.0, ""stage"": ""core"", ""stop_loss_z"": null, ""target"": ""ETH"", ""train_window"": 2880, ""transaction_cost_bps"": 10, ""universe_selection_method"": ""priority_with_coverage_fallback"", ""universe_size"": 30, ""zscore_lookback"": 336}",core,crypto,ETH,priority_with_coverage_fallback,30,30,"BTC,SOL,XRP,BNB,TRX,ADA,AVAX,DOT,NEAR,ATOM,ALGO,DOGE,BCH,LTC,XLM,ETC,LINK,UNI,AAVE,INJ,FIL,VET,FET,GRT,THETA,XTZ,SAND,CHZ,DASH,HBAR","TON,SUI,ICP,MKR,RENDER,RNDR,ARB,OP,MATIC,POL,APT,SEI,EOS,MANA","CHZ,DASH,HBAR",2880,72,0.9,explained_variance,,336,3.0,0.5,10.0,8760.0,0.6,5,480,691,0,1.0,,,0,0,OLS,,0.26020197377458576,0.041612505475442374,0.2914586288090437,0.1427732836234052,-0.3875210096891173,0.0030588424696128148,152,151.69736842105263,0.4986555642293347
"{""entry_z"": 3.0, ""exit_z"": 0.5, ""fixed_n_components"": null, ""max_holding_period"": null, ""min_asset_coverage"": 0.6, ""min_train_observations"": 480, ""min_universe_assets"": 5, ""pca_component_selection_method"": ""explained_variance"", ""pca_explained_variance"": 0.7, ""rebalance_frequency"": 72, ""regression_type"": ""OLS"", ""ridge_alpha"": 1.0, ""stage"": ""core"", ""stop_loss_z"": null, ""target"": ""ETH"", ""train_window"": 2880, ""transaction_cost_bps"": 10, ""universe_selection_method"": ""priority_with_coverage_fallback"", ""universe_size"": 30, ""zscore_lookback"": 720}",core,crypto,ETH,priority_with_coverage_fallback,30,30,"BTC,SOL,XRP,BNB,TRX,ADA,AVAX,DOT,NEAR,ATOM,ALGO,DOGE,BCH,LTC,XLM,ETC,LINK,UNI,AAVE,INJ,FIL,VET,FET,GRT,THETA,XTZ,SAND,CHZ,DASH,HBAR","TON,SUI,ICP,MKR,RENDER,RNDR,ARB,OP,MATIC,POL,APT,SEI,EOS,MANA","CHZ,DASH,HBAR",2880,72,0.7,explained_variance,,720,3.0,0.5,10.0,8760.0,0.6,5,480,691,0,1.0,,,0,0,OLS,,3.4457874575401393,0.3008410487401072,0.4067070526782393,0.7396996112042185,-0.3584831228814618,0.001931900507123883,96,260.0416666666667,0.5030443839128345
"{""entry_z"": 3.0, ""exit_z"": 0.5, ""fixed_n_components"": null, ""max_holding_period"": null, ""min_asset_coverage"": 0.6, ""min_train_observations"": 480, ""min_universe_assets"": 5, ""pca_component_selection_method"": ""explained_variance"", ""pca_explained_variance"": 0.8, ""rebalance_frequency"": 72, ""regression_type"": ""OLS"", ""ridge_alpha"": 1.0, ""stage"": ""core"", ""stop_loss_z"": null, ""target"": ""ETH"", ""train_window"": 2880, ""transaction_cost_bps"": 10, ""universe_selection_method"": ""priority_with_coverage_fallback"", ""universe_size"": 30, ""zscore_lookback"": 720}",core,crypto,ETH,priority_with_coverage_fallback,30,30,"BTC,SOL,XRP,BNB,TRX,ADA,AVAX,DOT,NEAR,ATOM,ALGO,DOGE,BCH,LTC,XLM,ETC,LINK,UNI,AAVE,INJ,FIL,VET,FET,GRT,THETA,XTZ,SAND,CHZ,DASH,HBAR","TON,SUI,ICP,MKR,RENDER,RNDR,ARB,OP,MATIC,POL,APT,SEI,EOS,MANA","CHZ,DASH,HBAR",2880,72,0.8,explained_variance,,720,3.0,0.5,10.0,8760.0,0.6,5,480,691,0,1.0,,,0,0,OLS,,4.393806406517556,0.34593115748450654,0.3372365384181725,1.0257819603626481,-0.3584831228814612,0.002052644288819126,101,252.68,0.5033243628304575
"{""entry_z"": 3.0, ""exit_z"": 0.5, ""fixed_n_components"": null, ""max_holding_period"": null, ""min_asset_coverage"": 0.6, ""min_train_observations"": 480, ""min_universe_assets"": 5, ""pca_component_selection_method"": ""explained_variance"", ""pca_explained_variance"": 0.9, ""rebalance_frequency"": 72, ""regression_type"": ""OLS"", ""ridge_alpha"": 1.0, ""stage"": ""core"", ""stop_loss_z"": null, ""target"": ""ETH"", ""train_window"": 2880, ""transaction_cost_bps"": 10, ""universe_selection_method"": ""priority_with_coverage_fallback"", ""universe_size"": 30, ""zscore_lookback"": 720}",core,crypto,ETH,priority_with_coverage_fallback,30,30,"BTC,SOL,XRP,BNB,TRX,ADA,AVAX,DOT,NEAR,ATOM,ALGO,DOGE,BCH,LTC,XLM,ETC,LINK,UNI,AAVE,INJ,FIL,VET,FET,GRT,THETA,XTZ,SAND,CHZ,DASH,HBAR","TON,SUI,ICP,MKR,RENDER,RNDR,ARB,OP,MATIC,POL,APT,SEI,EOS,MANA","CHZ,DASH,HBAR",2880,72,0.9,explained_variance,,720,3.0,0.5,10.0,8760.0,0.6,5,480,691,0,1.0,,,0,0,OLS,,3.1413600965780484,0.2846760311996497,0.2823451305581844,1.0082555014738777,-0.23121951181965006,0.0014891733075746599,74,210.0810810810811,0.504695741669883
"{""entry_z"": 3.0, ""exit_z"": 0.5, ""fixed_n_components"": null, ""max_holding_period"": null, ""min_asset_coverage"": 0.6, ""min_train_observations"": 480, ""min_universe_assets"": 5, ""pca_component_selection_method"": ""explained_variance"", ""pca_explained_variance"": 0.7, ""rebalance_frequency"": 72, ""regression_type"": ""OLS"", ""ridge_alpha"": 1.0, ""stage"": ""core"", ""stop_loss_z"": null, ""target"": ""ETH"", ""train_window"": 2880, ""transaction_cost_bps"": 10, ""universe_selection_method"": ""priority_with_coverage_fallback"", ""universe_size"": 30, ""zscore_lookback"": 1440}",core,crypto,ETH,priority_with_coverage_fallback,30,30,"BTC,SOL,XRP,BNB,TRX,ADA,AVAX,DOT,NEAR,ATOM,ALGO,DOGE,BCH,LTC,XLM,ETC,LINK,UNI,AAVE,INJ,FIL,VET,FET,GRT,THETA,XTZ,SAND,CHZ,DASH,HBAR","TON,SUI,ICP,MKR,RENDER,RNDR,ARB,OP,MATIC,POL,APT,SEI,EOS,MANA","CHZ,DASH,HBAR",2880,72,0.7,explained_variance,,1440,3.0,0.5,10.0,8760.0,0.6,5,480,691,0,1.0,,,0,0,OLS,,6.675614669021039,0.43229669427780526,0.39207142104274195,1.1025968001648305,-0.30994942498575184,0.0010866940352571844,54,399.77777777777777,0.5030572540300167
"{""entry_z"": 3.0, ""exit_z"": 0.5, ""fixed_n_components"": null, ""max_holding_period"": null, ""min_asset_coverage"": 0.6, ""min_train_observations"": 480, ""min_universe_assets"": 5, ""pca_component_selection_method"": ""explained_variance"", ""pca_explained_variance"": 0.8, ""rebalance_frequency"": 72, ""regression_type"": ""OLS"", ""ridge_alpha"": 1.0, ""stage"": ""core"", ""stop_loss_z"": null, ""target"": ""ETH"", ""train_window"": 2880, ""transaction_cost_bps"": 10, ""universe_selection_method"": ""priority_with_coverage_fallback"", ""universe_size"": 30, ""zscore_lookback"": 1440}",core,crypto,ETH,priority_with_coverage_fallback,30,30,"BTC,SOL,XRP,BNB,TRX,ADA,AVAX,DOT,NEAR,ATOM,ALGO,DOGE,BCH,LTC,XLM,ETC,LINK,UNI,AAVE,INJ,FIL,VET,FET,GRT,THETA,XTZ,SAND,CHZ,DASH,HBAR","TON,SUI,ICP,MKR,RENDER,RNDR,ARB,OP,MATIC,POL,APT,SEI,EOS,MANA","CHZ,DASH,HBAR",2880,72,0.8,explained_variance,,1440,3.0,0.5,10.0,8760.0,0.6,5,480,691,0,1.0,,,0,0,OLS,,3.4874767262018453,0.3029831818182871,0.2877603264802075,1.0529011609219405,-0.29988287120433854,0.000925702326330194,46,372.4347826086956,0.4952136353023582
"{""entry_z"": 3.0, ""exit_z"": 0.5, ""fixed_n_components"": null, ""max_holding_period"": null, ""min_asset_coverage"": 0.6, ""min_train_observations"": 480, ""min_universe_assets"": 5, ""pca_component_selection_method"": ""explained_variance"", ""pca_explained_variance"": 0.9, ""rebalance_frequency"": 72, ""regression_type"": ""OLS"", ""ridge_alpha"": 1.0, ""stage"": ""core"", ""stop_loss_z"": null, ""target"": ""ETH"", ""train_window"": 2880, ""transaction_cost_bps"": 10, ""universe_selection_method"": ""priority_with_coverage_fallback"", ""universe_size"": 30, ""zscore_lookback"": 1440}",core,crypto,ETH,priority_with_coverage_fallback,30,30,"BTC,SOL,XRP,BNB,TRX,ADA,AVAX,DOT,NEAR,ATOM,ALGO,DOGE,BCH,LTC,XLM,ETC,LINK,UNI,AAVE,INJ,FIL,VET,FET,GRT,THETA,XTZ,SAND,CHZ,DASH,HBAR","TON,SUI,ICP,MKR,RENDER,RNDR,ARB,OP,MATIC,POL,APT,SEI,EOS,MANA","CHZ,DASH,HBAR",2880,72,0.9,explained_variance,,1440,3.0,0.5,10.0,8760.0,0.6,5,480,691,0,1.0,,,0,0,OLS,,7.685337246599493,0.46384426606689244,0.27410502856789126,1.6922136324544148,-0.22314545054472656,0.0011269419624889319,56,218.75,0.4982857142857143
"{""entry_z"": 2.0, ""exit_z"": 0.25, ""fixed_n_components"": null, ""max_holding_period"": null, ""min_asset_coverage"": 0.6, ""min_train_observations"": 480, ""min_universe_assets"": 5, ""pca_component_selection_method"": ""explained_variance"", ""pca_explained_variance"": 0.7, ""rebalance_frequency"": 24, ""regression_type"": ""OLS"", ""ridge_alpha"": 1.0, ""stage"": ""core"", ""stop_loss_z"": null, ""target"": ""SOL"", ""train_window"": 720, ""transaction_cost_bps"": 10, ""universe_selection_method"": ""priority_with_coverage_fallback"", ""universe_size"": 30, ""zscore_lookback"": 336}",core,crypto,SOL,priority_with_coverage_fallback,30,30,"BTC,ETH,XRP,BNB,TRX,ADA,AVAX,DOT,NEAR,ATOM,ALGO,DOGE,BCH,LTC,XLM,ETC,LINK,UNI,AAVE,INJ,FIL,VET,FET,GRT,THETA,XTZ,SAND,CHZ,DASH,HBAR","TON,SUI,ICP,MKR,RENDER,RNDR,ARB,OP,MATIC,POL,APT,SEI,EOS,MANA","CHZ,DASH,HBAR",720,24,0.7,explained_variance,,336,2.0,0.25,10.0,8760.0,0.6,5,480,1948,213,0.901434521055067,,,0,0,OLS,,385.4309194186248,2.053995633381682,0.7799612123862439,2.6334586909746536,-0.4921685525285949,0.007680787334189132,353,120.65517241379311,0.5142897970848814
"{""entry_z"": 2.0, ""exit_z"": 0.25, ""fixed_n_components"": null, ""max_holding_period"": null, ""min_asset_coverage"": 0.6, ""min_train_observations"": 480, ""min_universe_assets"": 5, ""pca_component_selection_method"": ""explained_variance"", ""pca_explained_variance"": 0.8, ""rebalance_frequency"": 24, ""regression_type"": ""OLS"", ""ridge_alpha"": 1.0, ""stage"": ""core"", ""stop_loss_z"": null, ""target"": ""SOL"", ""train_window"": 720, ""transaction_cost_bps"": 10, ""universe_selection_method"": ""priority_with_coverage_fallback"", ""universe_size"": 30, ""zscore_lookback"": 336}",core,crypto,SOL,priority_with_coverage_fallback,30,30,"BTC,ETH,XRP,BNB,TRX,ADA,AVAX,DOT,NEAR,ATOM,ALGO,DOGE,BCH,LTC,XLM,ETC,LINK,UNI,AAVE,INJ,FIL,VET,FET,GRT,THETA,XTZ,SAND,CHZ,DASH,HBAR","TON,SUI,ICP,MKR,RENDER,RNDR,ARB,OP,MATIC,POL,APT,SEI,EOS,MANA","CHZ,DASH,HBAR",720,24,0.8,explained_variance,,336,2.0,0.25,10.0,8760.0,0.6,5,480,1948,213,0.901434521055067,,,0,0,OLS,,1282.6768416538298,2.8246002600061204,0.7939589308180836,3.557615073484587,-0.5815326175963709,0.007766367137355584,359,107.6685393258427,0.5148447691103574
"{""entry_z"": 2.0, ""exit_z"": 0.25, ""fixed_n_components"": null, ""max_holding_period"": null, ""min_asset_coverage"": 0.6, ""min_train_observations"": 480, ""min_universe_assets"": 5, ""pca_component_selection_method"": ""explained_variance"", ""pca_explained_variance"": 0.9, ""rebalance_frequency"": 24, ""regression_type"": ""OLS"", ""ridge_alpha"": 1.0, ""stage"": ""core"", ""stop_loss_z"": null, ""target"": ""SOL"", ""train_window"": 720, ""transaction_cost_bps"": 10, ""universe_selection_method"": ""priority_with_coverage_fallback"", ""universe_size"": 30, ""zscore_lookback"": 336}",core,crypto,SOL,priority_with_coverage_fallback,30,30,"BTC,ETH,XRP,BNB,TRX,ADA,AVAX,DOT,NEAR,ATOM,ALGO,DOGE,BCH,LTC,XLM,ETC,LINK,UNI,AAVE,INJ,FIL,VET,FET,GRT,THETA,XTZ,SAND,CHZ,DASH,HBAR","TON,SUI,ICP,MKR,RENDER,RNDR,ARB,OP,MATIC,POL,APT,SEI,EOS,MANA","CHZ,DASH,HBAR",720,24,0.9,explained_variance,,336,2.0,0.25,10.0,8760.0,0.6,5,480,1948,213,0.901434521055067,,,0,0,OLS,,22281.527270477265,5.529718995395637,0.7841813863164186,7.051581549736485,-0.5602331700694897,0.009092854086435601,419,84.06763285024155,0.5148833467417538
"{""entry_z"": 2.0, ""exit_z"": 0.25, ""fixed_n_components"": null, ""max_holding_period"": null, ""min_asset_coverage"": 0.6, ""min_train_observations"": 480, ""min_universe_assets"": 5, ""pca_component_selection_method"": ""explained_variance"", ""pca_explained_variance"": 0.7, ""rebalance_frequency"": 24, ""regression_type"": ""OLS"", ""ridge_alpha"": 1.0, ""stage"": ""core"", ""stop_loss_z"": null, ""target"": ""SOL"", ""train_window"": 720, ""transaction_cost_bps"": 10, ""universe_selection_method"": ""priority_with_coverage_fallback"", ""universe_size"": 30, ""zscore_lookback"": 720}",core,crypto,SOL,priority_with_coverage_fallback,30,30,"BTC,ETH,XRP,BNB,TRX,ADA,AVAX,DOT,NEAR,ATOM,ALGO,DOGE,BCH,LTC,XLM,ETC,LINK,UNI,AAVE,INJ,FIL,VET,FET,GRT,THETA,XTZ,SAND,CHZ,DASH,HBAR","TON,SUI,ICP,MKR,RENDER,RNDR,ARB,OP,MATIC,POL,APT,SEI,EOS,MANA","CHZ,DASH,HBAR",720,24,0.7,explained_variance,,720,2.0,0.25,10.0,8760.0,0.6,5,480,1948,213,0.901434521055067,,,0,0,OLS,,4459.282302597244,3.830172576470389,0.7548348560207756,5.074186155978162,-0.3853610340919732,0.004278990158322636,196,172.28125,0.5157506499788379
"{""entry_z"": 2.0, ""exit_z"": 0.25, ""fixed_n_components"": null, ""max_holding_period"": null, ""min_asset_coverage"": 0.6, ""min_train_observations"": 480, ""min_universe_assets"": 5, ""pca_component_selection_method"": ""explained_variance"", ""pca_explained_variance"": 0.8, ""rebalance_frequency"": 24, ""regression_type"": ""OLS"", ""ridge_alpha"": 1.0, ""stage"": ""core"", ""stop_loss_z"": null, ""target"": ""SOL"", ""train_window"": 720, ""transaction_cost_bps"": 10, ""universe_selection_method"": ""priority_with_coverage_fallback"", ""universe_size"": 30, ""zscore_lookback"": 720}",core,crypto,SOL,priority_with_coverage_fallback,30,30,"BTC,ETH,XRP,BNB,TRX,ADA,AVAX,DOT,NEAR,ATOM,ALGO,DOGE,BCH,LTC,XLM,ETC,LINK,UNI,AAVE,INJ,FIL,VET,FET,GRT,THETA,XTZ,SAND,CHZ,DASH,HBAR","TON,SUI,ICP,MKR,RENDER,RNDR,ARB,OP,MATIC,POL,APT,SEI,EOS,MANA","CHZ,DASH,HBAR",720,24,0.8,explained_variance,,720,2.0,0.25,10.0,8760.0,0.6,5,480,1948,213,0.901434521055067,,,0,0,OLS,,3946.3067651198603,3.7208247632817457,0.7836768284575081,4.74790708129696,-0.4485606226861507,0.004407359863072315,202,155.27272727272728,0.5112542284673433
"{""entry_z"": 2.0, ""exit_z"": 0.25, ""fixed_n_components"": null, ""max_holding_period"": null, ""min_asset_coverage"": 0.6, ""min_train_observations"": 480, ""min_universe_assets"": 5, ""pca_component_selection_method"": ""explained_variance"", ""pca_explained_variance"": 0.9, ""rebalance_frequency"": 24, ""regression_type"": ""OLS"", ""ridge_alpha"": 1.0, ""stage"": ""core"", ""stop_loss_z"": null, ""target"": ""SOL"", ""train_window"": 720, ""transaction_cost_bps"": 10, ""universe_selection_method"": ""priority_with_coverage_fallback"", ""universe_size"": 30, ""zscore_lookback"": 720}",core,crypto,SOL,priority_with_coverage_fallback,30,30,"BTC,ETH,XRP,BNB,TRX,ADA,AVAX,DOT,NEAR,ATOM,ALGO,DOGE,BCH,LTC,XLM,ETC,LINK,UNI,AAVE,INJ,FIL,VET,FET,GRT,THETA,XTZ,SAND,CHZ,DASH,HBAR","TON,SUI,ICP,MKR,RENDER,RNDR,ARB,OP,MATIC,POL,APT,SEI,EOS,MANA","CHZ,DASH,HBAR",720,24,0.9,explained_variance,,720,2.0,0.25,10.0,8760.0,0.6,5,480,1948,213,0.901434521055067,,,0,0,OLS,,17775.536207586458,5.259006020742471,0.711020721644639,7.396417376666652,-0.4452126256592004,0.005519897304236201,255,93.96031746031746,0.5212433482557648
"{""entry_z"": 2.0, ""exit_z"": 0.25, ""fixed_n_components"": null, ""max_holding_period"": null, ""min_asset_coverage"": 0.6, ""min_train_observations"": 480, ""min_universe_assets"": 5, ""pca_component_selection_method"": ""explained_variance"", ""pca_explained_variance"": 0.7, ""rebalance_frequency"": 24, ""regression_type"": ""OLS"", ""ridge_alpha"": 1.0, ""stage"": ""core"", ""stop_loss_z"": null, ""target"": ""SOL"", ""train_window"": 720, ""transaction_cost_bps"": 10, ""universe_selection_method"": ""priority_with_coverage_fallback"", ""universe_size"": 30, ""zscore_lookback"": 1440}",core,crypto,SOL,priority_with_coverage_fallback,30,30,"BTC,ETH,XRP,BNB,TRX,ADA,AVAX,DOT,NEAR,ATOM,ALGO,DOGE,BCH,LTC,XLM,ETC,LINK,UNI,AAVE,INJ,FIL,VET,FET,GRT,THETA,XTZ,SAND,CHZ,DASH,HBAR","TON,SUI,ICP,MKR,RENDER,RNDR,ARB,OP,MATIC,POL,APT,SEI,EOS,MANA","CHZ,DASH,HBAR",720,24,0.7,explained_variance,,1440,2.0,0.25,10.0,8760.0,0.6,5,480,1948,213,0.901434521055067,,,0,0,OLS,,3528.6840547960305,3.6229141674299026,0.6896236695851882,5.253465516357787,-0.37987794115076357,0.002995293110825845,139,149.53623188405797,0.5185113394068618
"{""entry_z"": 2.0, ""exit_z"": 0.25, ""fixed_n_components"": null, ""max_holding_period"": null, ""min_asset_coverage"": 0.6, ""min_train_observations"": 480, ""min_universe_assets"": 5, ""pca_component_selection_method"": ""explained_variance"", ""pca_explained_variance"": 0.8, ""rebalance_frequency"": 24, ""regression_type"": ""OLS"", ""ridge_alpha"": 1.0, ""stage"": ""core"", ""stop_loss_z"": null, ""target"": ""SOL"", ""train_window"": 720, ""transaction_cost_bps"": 10, ""universe_selection_method"": ""priority_with_coverage_fallback"", ""universe_size"": 30, ""zscore_lookback"": 1440}",core,crypto,SOL,priority_with_coverage_fallback,30,30,"BTC,ETH,XRP,BNB,TRX,ADA,AVAX,DOT,NEAR,ATOM,ALGO,DOGE,BCH,LTC,XLM,ETC,LINK,UNI,AAVE,INJ,FIL,VET,FET,GRT,THETA,XTZ,SAND,CHZ,DASH,HBAR","TON,SUI,ICP,MKR,RENDER,RNDR,ARB,OP,MATIC,POL,APT,SEI,EOS,MANA","CHZ,DASH,HBAR",720,24,0.8,explained_variance,,1440,2.0,0.25,10.0,8760.0,0.6,5,480,1948,213,0.901434521055067,,,0,0,OLS,,5158.332152754741,3.9637901591522935,0.7320091930685166,5.414945873202004,-0.4485606226861506,0.0034231921266581087,157,129.62337662337663,0.5194870253481615
"{""entry_z"": 2.0, ""exit_z"": 0.25, ""fixed_n_components"": null, ""max_holding_period"": null, ""min_asset_coverage"": 0.6, ""min_train_observations"": 480, ""min_universe_assets"": 5, ""pca_component_selection_method"": ""explained_variance"", ""pca_explained_variance"": 0.9, ""rebalance_frequency"": 24, ""regression_type"": ""OLS"", ""ridge_alpha"": 1.0, ""stage"": ""core"", ""stop_loss_z"": null, ""target"": ""SOL"", ""train_window"": 720, ""transaction_cost_bps"": 10, ""universe_selection_method"": ""priority_with_coverage_fallback"", ""universe_size"": 30, ""zscore_lookback"": 1440}",core,crypto,SOL,priority_with_coverage_fallback,30,30,"BTC,ETH,XRP,BNB,TRX,ADA,AVAX,DOT,NEAR,ATOM,ALGO,DOGE,BCH,LTC,XLM,ETC,LINK,UNI,AAVE,INJ,FIL,VET,FET,GRT,THETA,XTZ,SAND,CHZ,DASH,HBAR","TON,SUI,ICP,MKR,RENDER,RNDR,ARB,OP,MATIC,POL,APT,SEI,EOS,MANA","CHZ,DASH,HBAR",720,24,0.9,explained_variance,,1440,2.0,0.25,10.0,8760.0,0.6,5,480,1948,213,0.901434521055067,,,0,0,OLS,,21319.8559864254,5.475951160268191,0.6779573377180093,8.077132373402923,-0.3870728964305695,0.0040222507488232775,185,101.75824175824175,0.5182505399568035
"{""entry_z"": 2.0, ""exit_z"": 0.25, ""fixed_n_components"": null, ""max_holding_period"": null, ""min_asset_coverage"": 0.6, ""min_train_observations"": 480, ""min_universe_assets"": 5, ""pca_component_selection_method"": ""explained_variance"", ""pca_explained_variance"": 0.7, ""rebalance_frequency"": 24, ""regression_type"": ""OLS"", ""ridge_alpha"": 1.0, ""stage"": ""core"", ""stop_loss_z"": null, ""target"": ""SOL"", ""train_window"": 1440, ""transaction_cost_bps"": 10, ""universe_selection_method"": ""priority_with_coverage_fallback"", ""universe_size"": 30, ""zscore_lookback"": 336}",core,crypto,SOL,priority_with_coverage_fallback,30,30,"BTC,ETH,XRP,BNB,TRX,ADA,AVAX,DOT,NEAR,ATOM,ALGO,DOGE,BCH,LTC,XLM,ETC,LINK,UNI,AAVE,INJ,FIL,VET,FET,GRT,THETA,XTZ,SAND,CHZ,DASH,HBAR","TON,SUI,ICP,MKR,RENDER,RNDR,ARB,OP,MATIC,POL,APT,SEI,EOS,MANA","CHZ,DASH,HBAR",1440,24,0.7,explained_variance,,336,2.0,0.25,10.0,8760.0,0.6,5,480,1948,183,0.9141248240262787,,,0,0,OLS,,42.86761717437441,1.0312821747189136,0.9467371971104707,1.0893014216262782,-0.6207418257586146,0.007274283269148481,331,150.0310559006211,0.5044918236389981
"{""entry_z"": 2.0, ""exit_z"": 0.25, ""fixed_n_components"": null, ""max_holding_period"": null, ""min_asset_coverage"": 0.6, ""min_train_observations"": 480, ""min_universe_assets"": 5, ""pca_component_selection_method"": ""explained_variance"", ""pca_explained_variance"": 0.8, ""rebalance_frequency"": 24, ""regression_type"": ""OLS"", ""ridge_alpha"": 1.0, ""stage"": ""core"", ""stop_loss_z"": null, ""target"": ""SOL"", ""train_window"": 1440, ""transaction_cost_bps"": 10, ""universe_selection_method"": ""priority_with_coverage_fallback"", ""universe_size"": 30, ""zscore_lookback"": 336}",core,crypto,SOL,priority_with_coverage_fallback,30,30,"BTC,ETH,XRP,BNB,TRX,ADA,AVAX,DOT,NEAR,ATOM,ALGO,DOGE,BCH,LTC,XLM,ETC,LINK,UNI,AAVE,INJ,FIL,VET,FET,GRT,THETA,XTZ,SAND,CHZ,DASH,HBAR","TON,SUI,ICP,MKR,RENDER,RNDR,ARB,OP,MATIC,POL,APT,SEI,EOS,MANA","CHZ,DASH,HBAR",1440,24,0.8,explained_variance,,336,2.0,0.25,10.0,8760.0,0.6,5,480,1948,183,0.9141248240262787,,,0,0,OLS,,12.71213965749378,0.6334881905875607,0.7776452275228283,0.8146236460622581,-0.6181732152261831,0.006974753958065897,324,139.71428571428572,0.5047568240419668
"{""entry_z"": 2.0, ""exit_z"": 0.25, ""fixed_n_components"": null, ""max_holding_period"": null, ""min_asset_coverage"": 0.6, ""min_train_observations"": 480, ""min_universe_assets"": 5, ""pca_component_selection_method"": ""explained_variance"", ""pca_explained_variance"": 0.9, ""rebalance_frequency"": 24, ""regression_type"": ""OLS"", ""ridge_alpha"": 1.0, ""stage"": ""core"", ""stop_loss_z"": null, ""target"": ""SOL"", ""train_window"": 1440, ""transaction_cost_bps"": 10, ""universe_selection_method"": ""priority_with_coverage_fallback"", ""universe_size"": 30, ""zscore_lookback"": 336}",core,crypto,SOL,priority_with_coverage_fallback,30,30,"BTC,ETH,XRP,BNB,TRX,ADA,AVAX,DOT,NEAR,ATOM,ALGO,DOGE,BCH,LTC,XLM,ETC,LINK,UNI,AAVE,INJ,FIL,VET,FET,GRT,THETA,XTZ,SAND,CHZ,DASH,HBAR","TON,SUI,ICP,MKR,RENDER,RNDR,ARB,OP,MATIC,POL,APT,SEI,EOS,MANA","CHZ,DASH,HBAR",1440,24,0.9,explained_variance,,336,2.0,0.25,10.0,8760.0,0.6,5,480,1948,183,0.9141248240262787,,,0,0,OLS,,536.9798986225011,2.249372808485624,0.8891953624880246,2.529672222076977,-0.622165929323717,0.00793752674368849,367,119.34065934065934,0.5052486187845304
"{""entry_z"": 2.0, ""exit_z"": 0.25, ""fixed_n_components"": null, ""max_holding_period"": null, ""min_asset_coverage"": 0.6, ""min_train_observations"": 480, ""min_universe_assets"": 5, ""pca_component_selection_method"": ""explained_variance"", ""pca_explained_variance"": 0.7, ""rebalance_frequency"": 24, ""regression_type"": ""OLS"", ""ridge_alpha"": 1.0, ""stage"": ""core"", ""stop_loss_z"": null, ""target"": ""SOL"", ""train_window"": 1440, ""transaction_cost_bps"": 10, ""universe_selection_method"": ""priority_with_coverage_fallback"", ""universe_size"": 30, ""zscore_lookback"": 720}",core,crypto,SOL,priority_with_coverage_fallback,30,30,"BTC,ETH,XRP,BNB,TRX,ADA,AVAX,DOT,NEAR,ATOM,ALGO,DOGE,BCH,LTC,XLM,ETC,LINK,UNI,AAVE,INJ,FIL,VET,FET,GRT,THETA,XTZ,SAND,CHZ,DASH,HBAR","TON,SUI,ICP,MKR,RENDER,RNDR,ARB,OP,MATIC,POL,APT,SEI,EOS,MANA","CHZ,DASH,HBAR",1440,24,0.7,explained_variance,,720,2.0,0.25,10.0,8760.0,0.6,5,480,1948,183,0.9141248240262787,,,0,0,OLS,,58.9713684156761,1.1538816975877242,0.8937478273990369,1.2910595832671532,-0.53808830896988,0.003594351732991014,164,250.4875,0.5057138579769449
"{""entry_z"": 2.0, ""exit_z"": 0.25, ""fixed_n_components"": null, ""max_holding_period"": null, ""min_asset_coverage"": 0.6, ""min_train_observations"": 480, ""min_universe_assets"": 5, ""pca_component_selection_method"": ""explained_variance"", ""pca_explained_variance"": 0.8, ""rebalance_frequency"": 24, ""regression_type"": ""OLS"", ""ridge_alpha"": 1.0, ""stage"": ""core"", ""stop_loss_z"": null, ""target"": ""SOL"", ""train_window"": 1440, ""transaction_cost_bps"": 10, ""universe_selection_method"": ""priority_with_coverage_fallback"", ""universe_size"": 30, ""zscore_lookback"": 720}",core,crypto,SOL,priority_with_coverage_fallback,30,30,"BTC,ETH,XRP,BNB,TRX,ADA,AVAX,DOT,NEAR,ATOM,ALGO,DOGE,BCH,LTC,XLM,ETC,LINK,UNI,AAVE,INJ,FIL,VET,FET,GRT,THETA,XTZ,SAND,CHZ,DASH,HBAR","TON,SUI,ICP,MKR,RENDER,RNDR,ARB,OP,MATIC,POL,APT,SEI,EOS,MANA","CHZ,DASH,HBAR",1440,24,0.8,explained_variance,,720,2.0,0.25,10.0,8760.0,0.6,5,480,1948,183,0.9141248240262787,,,0,0,OLS,,119.68809732507124,1.4555290051111598,0.7436083950251478,1.9573864615419463,-0.482453621653154,0.0038938810440735986,180,224.07865168539325,0.5085493656922229
"{""entry_z"": 2.0, ""exit_z"": 0.25, ""fixed_n_components"": null, ""max_holding_period"": null, ""min_asset_coverage"": 0.6, ""min_train_observations"": 480, ""min_universe_assets"": 5, ""pca_component_selection_method"": ""explained_variance"", ""pca_explained_variance"": 0.9, ""rebalance_frequency"": 24, ""regression_type"": ""OLS"", ""ridge_alpha"": 1.0, ""stage"": ""core"", ""stop_loss_z"": null, ""target"": ""SOL"", ""train_window"": 1440, ""transaction_cost_bps"": 10, ""universe_selection_method"": ""priority_with_coverage_fallback"", ""universe_size"": 30, ""zscore_lookback"": 720}",core,crypto,SOL,priority_with_coverage_fallback,30,30,"BTC,ETH,XRP,BNB,TRX,ADA,AVAX,DOT,NEAR,ATOM,ALGO,DOGE,BCH,LTC,XLM,ETC,LINK,UNI,AAVE,INJ,FIL,VET,FET,GRT,THETA,XTZ,SAND,CHZ,DASH,HBAR","TON,SUI,ICP,MKR,RENDER,RNDR,ARB,OP,MATIC,POL,APT,SEI,EOS,MANA","CHZ,DASH,HBAR",1440,24,0.9,explained_variance,,720,2.0,0.25,10.0,8760.0,0.6,5,480,1948,183,0.9141248240262787,,,0,0,OLS,,3845.4595613259153,3.6979818680638985,0.8224413888745705,4.496346995770994,-0.3790064865978766,0.004343175010697475,201,167.73,0.5127884099445538
"{""entry_z"": 2.0, ""exit_z"": 0.25, ""fixed_n_components"": null, ""max_holding_period"": null, ""min_asset_coverage"": 0.6, ""min_train_observations"": 480, ""min_universe_assets"": 5, ""pca_component_selection_method"": ""explained_variance"", ""pca_explained_variance"": 0.7, ""rebalance_frequency"": 24, ""regression_type"": ""OLS"", ""ridge_alpha"": 1.0, ""stage"": ""core"", ""stop_loss_z"": null, ""target"": ""SOL"", ""train_window"": 1440, ""transaction_cost_bps"": 10, ""universe_selection_method"": ""priority_with_coverage_fallback"", ""universe_size"": 30, ""zscore_lookback"": 1440}",core,crypto,SOL,priority_with_coverage_fallback,30,30,"BTC,ETH,XRP,BNB,TRX,ADA,AVAX,DOT,NEAR,ATOM,ALGO,DOGE,BCH,LTC,XLM,ETC,LINK,UNI,AAVE,INJ,FIL,VET,FET,GRT,THETA,XTZ,SAND,CHZ,DASH,HBAR","TON,SUI,ICP,MKR,RENDER,RNDR,ARB,OP,MATIC,POL,APT,SEI,EOS,MANA","CHZ,DASH,HBAR",1440,24,0.7,explained_variance,,1440,2.0,0.25,10.0,8760.0,0.6,5,480,1948,183,0.9141248240262787,,,0,0,OLS,,227.8046748679271,1.7682822314760442,0.852212294155509,2.074931614578859,-0.609200661643193,0.002139495079161318,98,355.3333333333333,0.5124882739212008
"{""entry_z"": 2.0, ""exit_z"": 0.25, ""fixed_n_components"": null, ""max_holding_period"": null, ""min_asset_coverage"": 0.6, ""min_train_observations"": 480, ""min_universe_assets"": 5, ""pca_component_selection_method"": ""explained_variance"", ""pca_explained_variance"": 0.8, ""rebalance_frequency"": 24, ""regression_type"": ""OLS"", ""ridge_alpha"": 1.0, ""stage"": ""core"", ""stop_loss_z"": null, ""target"": ""SOL"", ""train_window"": 1440, ""transaction_cost_bps"": 10, ""universe_selection_method"": ""priority_with_coverage_fallback"", ""universe_size"": 30, ""zscore_lookback"": 1440}",core,crypto,SOL,priority_with_coverage_fallback,30,30,"BTC,ETH,XRP,BNB,TRX,ADA,AVAX,DOT,NEAR,ATOM,ALGO,DOGE,BCH,LTC,XLM,ETC,LINK,UNI,AAVE,INJ,FIL,VET,FET,GRT,THETA,XTZ,SAND,CHZ,DASH,HBAR","TON,SUI,ICP,MKR,RENDER,RNDR,ARB,OP,MATIC,POL,APT,SEI,EOS,MANA","CHZ,DASH,HBAR",1440,24,0.8,explained_variance,,1440,2.0,0.25,10.0,8760.0,0.6,5,480,1948,183,0.9141248240262787,,,0,0,OLS,,272.4091533784401,1.86224587918498,0.7452530772601131,2.4988100499114165,-0.5427435929527454,0.0024818142918271286,115,278.94736842105266,0.510062893081761
"{""entry_z"": 2.0, ""exit_z"": 0.25, ""fixed_n_components"": null, ""max_holding_period"": null, ""min_asset_coverage"": 0.6, ""min_train_observations"": 480, ""min_universe_assets"": 5, ""pca_component_selection_method"": ""explained_variance"", ""pca_explained_variance"": 0.9, ""rebalance_frequency"": 24, ""regression_type"": ""OLS"", ""ridge_alpha"": 1.0, ""stage"": ""core"", ""stop_loss_z"": null, ""target"": ""SOL"", ""train_window"": 1440, ""transaction_cost_bps"": 10, ""universe_selection_method"": ""priority_with_coverage_fallback"", ""universe_size"": 30, ""zscore_lookback"": 1440}",core,crypto,SOL,priority_with_coverage_fallback,30,30,"BTC,ETH,XRP,BNB,TRX,ADA,AVAX,DOT,NEAR,ATOM,ALGO,DOGE,BCH,LTC,XLM,ETC,LINK,UNI,AAVE,INJ,FIL,VET,FET,GRT,THETA,XTZ,SAND,CHZ,DASH,HBAR","TON,SUI,ICP,MKR,RENDER,RNDR,ARB,OP,MATIC,POL,APT,SEI,EOS,MANA","CHZ,DASH,HBAR",1440,24,0.9,explained_variance,,1440,2.0,0.25,10.0,8760.0,0.6,5,480,1948,183,0.9141248240262787,,,0,0,OLS,,2830.4879684524526,3.4358392692541786,0.7419636751404304,4.630737843876093,-0.4231931703829378,0.0030808729139922978,142,187.54285714285714,0.5160725167580743
"{""entry_z"": 2.0, ""exit_z"": 0.25, ""fixed_n_components"": null, ""max_holding_period"": null, ""min_asset_coverage"": 0.6, ""min_train_observations"": 480, ""min_universe_assets"": 5, ""pca_component_selection_method"": ""explained_variance"", ""pca_explained_variance"": 0.7, ""rebalance_frequency"": 24, ""regression_type"": ""OLS"", ""ridge_alpha"": 1.0, ""stage"": ""core"", ""stop_loss_z"": null, ""target"": ""SOL"", ""train_window"": 2880, ""transaction_cost_bps"": 10, ""universe_selection_method"": ""priority_with_coverage_fallback"", ""universe_size"": 30, ""zscore_lookback"": 336}",core,crypto,SOL,priority_with_coverage_fallback,30,30,"BTC,ETH,XRP,BNB,TRX,ADA,AVAX,DOT,NEAR,ATOM,ALGO,DOGE,BCH,LTC,XLM,ETC,LINK,UNI,AAVE,INJ,FIL,VET,FET,GRT,THETA,XTZ,SAND,CHZ,DASH,HBAR","TON,SUI,ICP,MKR,RENDER,RNDR,ARB,OP,MATIC,POL,APT,SEI,EOS,MANA","CHZ,DASH,HBAR",2880,24,0.7,explained_variance,,336,2.0,0.25,10.0,8760.0,0.6,5,480,1948,123,0.9406084017382906,,,0,0,OLS,,-0.6436354696005028,-0.17583120822623222,0.8853866232619705,-0.19859257369219008,-0.9094556331557064,0.006568249893025246,303,171.38,0.5013031470027619
"{""entry_z"": 2.0, ""exit_z"": 0.25, ""fixed_n_components"": null, ""max_holding_period"": null, ""min_asset_coverage"": 0.6, ""min_train_observations"": 480, ""min_universe_assets"": 5, ""pca_component_selection_method"": ""explained_variance"", ""pca_explained_variance"": 0.8, ""rebalance_frequency"": 24, ""regression_type"": ""OLS"", ""ridge_alpha"": 1.0, ""stage"": ""core"", ""stop_loss_z"": null, ""target"": ""SOL"", ""train_window"": 2880, ""transaction_cost_bps"": 10, ""universe_selection_method"": ""priority_with_coverage_fallback"", ""universe_size"": 30, ""zscore_lookback"": 336}",core,crypto,SOL,priority_with_coverage_fallback,30,30,"BTC,ETH,XRP,BNB,TRX,ADA,AVAX,DOT,NEAR,ATOM,ALGO,DOGE,BCH,LTC,XLM,ETC,LINK,UNI,AAVE,INJ,FIL,VET,FET,GRT,THETA,XTZ,SAND,CHZ,DASH,HBAR","TON,SUI,ICP,MKR,RENDER,RNDR,ARB,OP,MATIC,POL,APT,SEI,EOS,MANA","CHZ,DASH,HBAR",2880,24,0.8,explained_variance,,336,2.0,0.25,10.0,8760.0,0.6,5,480,1948,123,0.9406084017382906,,,0,0,OLS,,0.7970497293254375,0.11611666891819539,0.8127996325258466,0.14286013953691462,-0.7790176630152674,0.006696619597774925,309,155.58823529411765,0.5039277462717916
"{""entry_z"": 2.0, ""exit_z"": 0.25, ""fixed_n_components"": null, ""max_holding_period"": null, ""min_asset_coverage"": 0.6, ""min_train_observations"": 480, ""min_universe_assets"": 5, ""pca_component_selection_method"": ""explained_variance"", ""pca_explained_variance"": 0.9, ""rebalance_frequency"": 24, ""regression_type"": ""OLS"", ""ridge_alpha"": 1.0, ""stage"": ""core"", ""stop_loss_z"": null, ""target"": ""SOL"", ""train_window"": 2880, ""transaction_cost_bps"": 10, ""universe_selection_method"": ""priority_with_coverage_fallback"", ""universe_size"": 30, ""zscore_lookback"": 336}",core,crypto,SOL,priority_with_coverage_fallback,30,30,"BTC,ETH,XRP,BNB,TRX,ADA,AVAX,DOT,NEAR,ATOM,ALGO,DOGE,BCH,LTC,XLM,ETC,LINK,UNI,AAVE,INJ,FIL,VET,FET,GRT,THETA,XTZ,SAND,CHZ,DASH,HBAR","TON,SUI,ICP,MKR,RENDER,RNDR,ARB,OP,MATIC,POL,APT,SEI,EOS,MANA","CHZ,DASH,HBAR",2880,24,0.9,explained_variance,,336,2.0,0.25,10.0,8760.0,0.6,5,480,1948,123,0.9406084017382906,,,0,0,OLS,,4.6913029576304135,0.38529288339623413,0.8182280148335703,0.4708869366622746,-0.61189643916702,0.007017543859649123,325,158.28571428571428,0.5054544027625176
"{""entry_z"": 2.0, ""exit_z"": 0.25, ""fixed_n_components"": null, ""max_holding_period"": null, ""min_asset_coverage"": 0.6, ""min_train_observations"": 480, ""min_universe_assets"": 5, ""pca_component_selection_method"": ""explained_variance"", ""pca_explained_variance"": 0.7, ""rebalance_frequency"": 24, ""regression_type"": ""OLS"", ""ridge_alpha"": 1.0, ""stage"": ""core"", ""stop_loss_z"": null, ""target"": ""SOL"", ""train_window"": 2880, ""transaction_cost_bps"": 10, ""universe_selection_method"": ""priority_with_coverage_fallback"", ""universe_size"": 30, ""zscore_lookback"": 720}",core,crypto,SOL,priority_with_coverage_fallback,30,30,"BTC,ETH,XRP,BNB,TRX,ADA,AVAX,DOT,NEAR,ATOM,ALGO,DOGE,BCH,LTC,XLM,ETC,LINK,UNI,AAVE,INJ,FIL,VET,FET,GRT,THETA,XTZ,SAND,CHZ,DASH,HBAR","TON,SUI,ICP,MKR,RENDER,RNDR,ARB,OP,MATIC,POL,APT,SEI,EOS,MANA","CHZ,DASH,HBAR",2880,24,0.7,explained_variance,,720,2.0,0.25,10.0,8760.0,0.6,5,480,1948,123,0.9406084017382906,,,0,0,OLS,,2.4211368596649576,0.25925621204813476,0.8445799663505195,0.3069646716442924,-0.6739832950813831,0.0034017971758664957,155,309.2105263157895,0.5027659574468085
"{""entry_z"": 2.0, ""exit_z"": 0.25, ""fixed_n_components"": null, ""max_holding_period"": null, ""min_asset_coverage"": 0.6, ""min_train_observations"": 480, ""min_universe_assets"": 5, ""pca_component_selection_method"": ""explained_variance"", ""pca_explained_variance"": 0.8, ""rebalance_frequency"": 24, ""regression_type"": ""OLS"", ""ridge_alpha"": 1.0, ""stage"": ""core"", ""stop_loss_z"": null, ""target"": ""SOL"", ""train_window"": 2880, ""transaction_cost_bps"": 10, ""universe_selection_method"": ""priority_with_coverage_fallback"", ""universe_size"": 30, ""zscore_lookback"": 720}",core,crypto,SOL,priority_with_coverage_fallback,30,30,"BTC,ETH,XRP,BNB,TRX,ADA,AVAX,DOT,NEAR,ATOM,ALGO,DOGE,BCH,LTC,XLM,ETC,LINK,UNI,AAVE,INJ,FIL,VET,FET,GRT,THETA,XTZ,SAND,CHZ,DASH,HBAR","TON,SUI,ICP,MKR,RENDER,RNDR,ARB,OP,MATIC,POL,APT,SEI,EOS,MANA","CHZ,DASH,HBAR",2880,24,0.8,explained_variance,,720,2.0,0.25,10.0,8760.0,0.6,5,480,1948,123,0.9406084017382906,,,0,0,OLS,,4.12632444663904,0.3584125750488403,0.7780080496310855,0.46067977730923443,-0.727614743762251,0.0035301668806161745,162,283.975,0.501848754291751
"{""entry_z"": 2.0, ""exit_z"": 0.25, ""fixed_n_components"": null, ""max_holding_period"": null, ""min_asset_coverage"": 0.6, ""min_train_observations"": 480, ""min_universe_assets"": 5, ""pca_component_selection_method"": ""explained_variance"", ""pca_explained_variance"": 0.9, ""rebalance_frequency"": 24, ""regression_type"": ""OLS"", ""ridge_alpha"": 1.0, ""stage"": ""core"", ""stop_loss_z"": null, ""target"": ""SOL"", ""train_window"": 2880, ""transaction_cost_bps"": 10, ""universe_selection_method"": ""priority_with_coverage_fallback"", ""universe_size"": 30, ""zscore_lookback"": 720}",core,crypto,SOL,priority_with_coverage_fallback,30,30,"BTC,ETH,XRP,BNB,TRX,ADA,AVAX,DOT,NEAR,ATOM,ALGO,DOGE,BCH,LTC,XLM,ETC,LINK,UNI,AAVE,INJ,FIL,VET,FET,GRT,THETA,XTZ,SAND,CHZ,DASH,HBAR","TON,SUI,ICP,MKR,RENDER,RNDR,ARB,OP,MATIC,POL,APT,SEI,EOS,MANA","CHZ,DASH,HBAR",2880,24,0.9,explained_variance,,720,2.0,0.25,10.0,8760.0,0.6,5,480,1948,123,0.9406084017382906,,,0,0,OLS,,189.9373131120228,1.6759871767988495,0.7524676634396689,2.227321196950314,-0.5564311224952462,0.003936670945656825,181,246.5056179775281,0.5097315283285473
"{""entry_z"": 2.0, ""exit_z"": 0.25, ""fixed_n_components"": null, ""max_holding_period"": null, ""min_asset_coverage"": 0.6, ""min_train_observations"": 480, ""min_universe_assets"": 5, ""pca_component_selection_method"": ""explained_variance"", ""pca_explained_variance"": 0.7, ""rebalance_frequency"": 24, ""regression_type"": ""OLS"", ""ridge_alpha"": 1.0, ""stage"": ""core"", ""stop_loss_z"": null, ""target"": ""SOL"", ""train_window"": 2880, ""transaction_cost_bps"": 10, ""universe_selection_method"": ""priority_with_coverage_fallback"", ""universe_size"": 30, ""zscore_lookback"": 1440}",core,crypto,SOL,priority_with_coverage_fallback,30,30,"BTC,ETH,XRP,BNB,TRX,ADA,AVAX,DOT,NEAR,ATOM,ALGO,DOGE,BCH,LTC,XLM,ETC,LINK,UNI,AAVE,INJ,FIL,VET,FET,GRT,THETA,XTZ,SAND,CHZ,DASH,HBAR","TON,SUI,ICP,MKR,RENDER,RNDR,ARB,OP,MATIC,POL,APT,SEI,EOS,MANA","CHZ,DASH,HBAR",2880,24,0.7,explained_variance,,1440,2.0,0.25,10.0,8760.0,0.6,5,480,1948,123,0.9406084017382906,,,0,0,OLS,,35.863532712035315,0.9661255132182567,0.805045496115158,1.2000880917667502,-0.7571387571689266,0.0019255455712451862,88,485.5348837209302,0.5033049142638184
"{""entry_z"": 2.0, ""exit_z"": 0.25, ""fixed_n_components"": null, ""max_holding_period"": null, ""min_asset_coverage"": 0.6, ""min_train_observations"": 480, ""min_universe_assets"": 5, ""pca_component_selection_method"": ""explained_variance"", ""pca_explained_variance"": 0.8, ""rebalance_frequency"": 24, ""regression_type"": ""OLS"", ""ridge_alpha"": 1.0, ""stage"": ""core"", ""stop_loss_z"": null, ""target"": ""SOL"", ""train_window"": 2880, ""transaction_cost_bps"": 10, ""universe_selection_method"": ""priority_with_coverage_fallback"", ""universe_size"": 30, ""zscore_lookback"": 1440}",core,crypto,SOL,priority_with_coverage_fallback,30,30,"BTC,ETH,XRP,BNB,TRX,ADA,AVAX,DOT,NEAR,ATOM,ALGO,DOGE,BCH,LTC,XLM,ETC,LINK,UNI,AAVE,INJ,FIL,VET,FET,GRT,THETA,XTZ,SAND,CHZ,DASH,HBAR","TON,SUI,ICP,MKR,RENDER,RNDR,ARB,OP,MATIC,POL,APT,SEI,EOS,MANA","CHZ,DASH,HBAR",2880,24,0.8,explained_variance,,1440,2.0,0.25,10.0,8760.0,0.6,5,480,1948,123,0.9406084017382906,,,0,0,OLS,,36.681662431234386,0.9742308345251336,0.8161667365474694,1.1936664297865207,-0.7599849423501064,0.0018827556696619598,88,440.8181818181818,0.5054650443390389
"{""entry_z"": 2.0, ""exit_z"": 0.25, ""fixed_n_components"": null, ""max_holding_period"": null, ""min_asset_coverage"": 0.6, ""min_train_observations"": 480, ""min_universe_assets"": 5, ""pca_component_selection_method"": ""explained_variance"", ""pca_explained_variance"": 0.9, ""rebalance_frequency"": 24, ""regression_type"": ""OLS"", ""ridge_alpha"": 1.0, ""stage"": ""core"", ""stop_loss_z"": null, ""target"": ""SOL"", ""train_window"": 2880, ""transaction_cost_bps"": 10, ""universe_selection_method"": ""priority_with_coverage_fallback"", ""universe_size"": 30, ""zscore_lookback"": 1440}",core,crypto,SOL,priority_with_coverage_fallback,30,30,"BTC,ETH,XRP,BNB,TRX,ADA,AVAX,DOT,NEAR,ATOM,ALGO,DOGE,BCH,LTC,XLM,ETC,LINK,UNI,AAVE,INJ,FIL,VET,FET,GRT,THETA,XTZ,SAND,CHZ,DASH,HBAR","TON,SUI,ICP,MKR,RENDER,RNDR,ARB,OP,MATIC,POL,APT,SEI,EOS,MANA","CHZ,DASH,HBAR",2880,24,0.9,explained_variance,,1440,2.0,0.25,10.0,8760.0,0.6,5,480,1948,123,0.9406084017382906,,,0,0,OLS,,478.5601340615995,2.18011620059664,0.7970019276716864,2.7353963960482512,-0.5730069130040143,0.0023534445870774497,107,353.63461538461536,0.5080754799064658
"{""entry_z"": 2.0, ""exit_z"": 0.5, ""fixed_n_components"": null, ""max_holding_period"": null, ""min_asset_coverage"": 0.6, ""min_train_observations"": 480, ""min_universe_assets"": 5, ""pca_component_selection_method"": ""explained_variance"", ""pca_explained_variance"": 0.7, ""rebalance_frequency"": 24, ""regression_type"": ""OLS"", ""ridge_alpha"": 1.0, ""stage"": ""core"", ""stop_loss_z"": null, ""target"": ""SOL"", ""train_window"": 720, ""transaction_cost_bps"": 10, ""universe_selection_method"": ""priority_with_coverage_fallback"", ""universe_size"": 30, ""zscore_lookback"": 336}",core,crypto,SOL,priority_with_coverage_fallback,30,30,"BTC,ETH,XRP,BNB,TRX,ADA,AVAX,DOT,NEAR,ATOM,ALGO,DOGE,BCH,LTC,XLM,ETC,LINK,UNI,AAVE,INJ,FIL,VET,FET,GRT,THETA,XTZ,SAND,CHZ,DASH,HBAR","TON,SUI,ICP,MKR,RENDER,RNDR,ARB,OP,MATIC,POL,APT,SEI,EOS,MANA","CHZ,DASH,HBAR",720,24,0.7,explained_variance,,336,2.0,0.5,10.0,8760.0,0.6,5,480,1948,213,0.901434521055067,,,0,0,OLS,,260.97730781161704,1.839425113476023,0.7347567001648598,2.5034478937902915,-0.48815401470393094,0.0082798459563543,384,93.90052356020942,0.5154167828268749
"{""entry_z"": 2.0, ""exit_z"": 0.5, ""fixed_n_components"": null, ""max_holding_period"": null, ""min_asset_coverage"": 0.6, ""min_train_observations"": 480, ""min_universe_assets"": 5, ""pca_component_selection_method"": ""explained_variance"", ""pca_explained_variance"": 0.8, ""rebalance_frequency"": 24, ""regression_type"": ""OLS"", ""ridge_alpha"": 1.0, ""stage"": ""core"", ""stop_loss_z"": null, ""target"": ""SOL"", ""train_window"": 720, ""transaction_cost_bps"": 10, ""universe_selection_method"": ""priority_with_coverage_fallback"", ""universe_size"": 30, ""zscore_lookback"": 336}",core,crypto,SOL,priority_with_coverage_fallback,30,30,"BTC,ETH,XRP,BNB,TRX,ADA,AVAX,DOT,NEAR,ATOM,ALGO,DOGE,BCH,LTC,XLM,ETC,LINK,UNI,AAVE,INJ,FIL,VET,FET,GRT,THETA,XTZ,SAND,CHZ,DASH,HBAR","TON,SUI,ICP,MKR,RENDER,RNDR,ARB,OP,MATIC,POL,APT,SEI,EOS,MANA","CHZ,DASH,HBAR",720,24,0.8,explained_variance,,336,2.0,0.5,10.0,8760.0,0.6,5,480,1948,213,0.901434521055067,,,0,0,OLS,,755.967214915836,2.4641441790492533,0.7398990554621162,3.330378868385271,-0.49216855252859526,0.008365425759520753,390,80.76923076923077,0.5164444444444445
"{""entry_z"": 2.0, ""exit_z"": 0.5, ""fixed_n_components"": null, ""max_holding_period"": null, ""min_asset_coverage"": 0.6, ""min_train_observations"": 480, ""min_universe_assets"": 5, ""pca_component_selection_method"": ""explained_variance"", ""pca_explained_variance"": 0.9, ""rebalance_frequency"": 24, ""regression_type"": ""OLS"", ""ridge_alpha"": 1.0, ""stage"": ""core"", ""stop_loss_z"": null, ""target"": ""SOL"", ""train_window"": 720, ""transaction_cost_bps"": 10, ""universe_selection_method"": ""priority_with_coverage_fallback"", ""universe_size"": 30, ""zscore_lookback"": 336}",core,crypto,SOL,priority_with_coverage_fallback,30,30,"BTC,ETH,XRP,BNB,TRX,ADA,AVAX,DOT,NEAR,ATOM,ALGO,DOGE,BCH,LTC,XLM,ETC,LINK,UNI,AAVE,INJ,FIL,VET,FET,GRT,THETA,XTZ,SAND,CHZ,DASH,HBAR","TON,SUI,ICP,MKR,RENDER,RNDR,ARB,OP,MATIC,POL,APT,SEI,EOS,MANA","CHZ,DASH,HBAR",720,24,0.9,explained_variance,,336,2.0,0.5,10.0,8760.0,0.6,5,480,1948,213,0.901434521055067,,,0,0,OLS,,12312.516187184598,4.842765622946226,0.7212173726016288,6.714710164949359,-0.4801786392607652,0.009820282413350449,457,62.925438596491226,0.5199693315675751
"{""entry_z"": 2.0, ""exit_z"": 0.5, ""fixed_n_components"": null, ""max_holding_period"": null, ""min_asset_coverage"": 0.6, ""min_train_observations"": 480, ""min_universe_assets"": 5, ""pca_component_selection_method"": ""explained_variance"", ""pca_explained_variance"": 0.7, ""rebalance_frequency"": 24, ""regression_type"": ""OLS"", ""ridge_alpha"": 1.0, ""stage"": ""core"", ""stop_loss_z"": null, ""target"": ""SOL"", ""train_window"": 720, ""transaction_cost_bps"": 10, ""universe_selection_method"": ""priority_with_coverage_fallback"", ""universe_size"": 30, ""zscore_lookback"": 720}",core,crypto,SOL,priority_with_coverage_fallback,30,30,"BTC,ETH,XRP,BNB,TRX,ADA,AVAX,DOT,NEAR,ATOM,ALGO,DOGE,BCH,LTC,XLM,ETC,LINK,UNI,AAVE,INJ,FIL,VET,FET,GRT,THETA,XTZ,SAND,CHZ,DASH,HBAR","TON,SUI,ICP,MKR,RENDER,RNDR,ARB,OP,MATIC,POL,APT,SEI,EOS,MANA","CHZ,DASH,HBAR",720,24,0.7,explained_variance,,720,2.0,0.5,10.0,8760.0,0.6,5,480,1948,213,0.901434521055067,,,0,0,OLS,,1040.4016562230913,2.677573131475567,0.7039791753717857,3.803483434096593,-0.38536103409197286,0.004535729567821994,211,138.26666666666668,0.5142581622813059
"{""entry_z"": 2.0, ""exit_z"": 0.5, ""fixed_n_components"": null, ""max_holding_period"": null, ""min_asset_coverage"": 0.6, ""min_train_observations"": 480, ""min_universe_assets"": 5, ""pca_component_selection_method"": ""explained_variance"", ""pca_explained_variance"": 0.8, ""rebalance_frequency"": 24, ""regression_type"": ""OLS"", ""ridge_alpha"": 1.0, ""stage"": ""core"", ""stop_loss_z"": null, ""target"": ""SOL"", ""train_window"": 720, ""transaction_cost_bps"": 10, ""universe_selection_method"": ""priority_with_coverage_fallback"", ""universe_size"": 30, ""zscore_lookback"": 720}",core,crypto,SOL,priority_with_coverage_fallback,30,30,"BTC,ETH,XRP,BNB,TRX,ADA,AVAX,DOT,NEAR,ATOM,ALGO,DOGE,BCH,LTC,XLM,ETC,LINK,UNI,AAVE,INJ,FIL,VET,FET,GRT,THETA,XTZ,SAND,CHZ,DASH,HBAR","TON,SUI,ICP,MKR,RENDER,RNDR,ARB,OP,MATIC,POL,APT,SEI,EOS,MANA","CHZ,DASH,HBAR",720,24,0.8,explained_variance,,720,2.0,0.5,10.0,8760.0,0.6,5,480,1948,213,0.901434521055067,,,0,0,OLS,,1479.961828124681,2.9284623794350075,0.7418432464390046,3.947548749000831,-0.44856062268615027,0.004664099272571673,217,123.82407407407408,0.5104314663874971
"{""entry_z"": 2.0, ""exit_z"": 0.5, ""fixed_n_components"": null, ""max_holding_period"": null, ""min_asset_coverage"": 0.6, ""min_train_observations"": 480, ""min_universe_assets"": 5, ""pca_component_selection_method"": ""explained_variance"", ""pca_explained_variance"": 0.9, ""rebalance_frequency"": 24, ""regression_type"": ""OLS"", ""ridge_alpha"": 1.0, ""stage"": ""core"", ""stop_loss_z"": null, ""target"": ""SOL"", ""train_window"": 720, ""transaction_cost_bps"": 10, ""universe_selection_method"": ""priority_with_coverage_fallback"", ""universe_size"": 30, ""zscore_lookback"": 720}",core,crypto,SOL,priority_with_coverage_fallback,30,30,"BTC,ETH,XRP,BNB,TRX,ADA,AVAX,DOT,NEAR,ATOM,ALGO,DOGE,BCH,LTC,XLM,ETC,LINK,UNI,AAVE,INJ,FIL,VET,FET,GRT,THETA,XTZ,SAND,CHZ,DASH,HBAR","TON,SUI,ICP,MKR,RENDER,RNDR,ARB,OP,MATIC,POL,APT,SEI,EOS,MANA","CHZ,DASH,HBAR",720,24,0.9,explained_variance,,720,2.0,0.5,10.0,8760.0,0.6,5,480,1948,213,0.901434521055067,,,0,0,OLS,,6299.069219550119,4.153145703721074,0.6615297035747721,6.27809406180602,-0.4452126256592003,0.005733846812152332,267,73.44360902255639,0.5226248976248976
"{""entry_z"": 2.0, ""exit_z"": 0.5, ""fixed_n_components"": null, ""max_holding_period"": null, ""min_asset_coverage"": 0.6, ""min_train_observations"": 480, ""min_universe_assets"": 5, ""pca_component_selection_method"": ""explained_variance"", ""pca_explained_variance"": 0.7, ""rebalance_frequency"": 24, ""regression_type"": ""OLS"", ""ridge_alpha"": 1.0, ""stage"": ""core"", ""stop_loss_z"": null, ""target"": ""SOL"", ""train_window"": 720, ""transaction_cost_bps"": 10, ""universe_selection_method"": ""priority_with_coverage_fallback"", ""universe_size"": 30, ""zscore_lookback"": 1440}",core,crypto,SOL,priority_with_coverage_fallback,30,30,"BTC,ETH,XRP,BNB,TRX,ADA,AVAX,DOT,NEAR,ATOM,ALGO,DOGE,BCH,LTC,XLM,ETC,LINK,UNI,AAVE,INJ,FIL,VET,FET,GRT,THETA,XTZ,SAND,CHZ,DASH,HBAR","TON,SUI,ICP,MKR,RENDER,RNDR,ARB,OP,MATIC,POL,APT,SEI,EOS,MANA","CHZ,DASH,HBAR",720,24,0.7,explained_variance,,1440,2.0,0.5,10.0,8760.0,0.6,5,480,1948,213,0.901434521055067,,,0,0,OLS,,1273.683629574317,2.819564091660861,0.6503196342273383,4.335658871826711,-0.37987794115076357,0.002995293110825845,139,135.231884057971,0.5165577108562855
"{""entry_z"": 2.0, ""exit_z"": 0.5, ""fixed_n_components"": null, ""max_holding_period"": null, ""min_asset_coverage"": 0.6, ""min_train_observations"": 480, ""min_universe_assets"": 5, ""pca_component_selection_method"": ""explained_variance"", ""pca_explained_variance"": 0.8, ""rebalance_frequency"": 24, ""regression_type"": ""OLS"", ""ridge_alpha"": 1.0, ""stage"": ""core"", ""stop_loss_z"": null, ""target"": ""SOL"", ""train_window"": 720, ""transaction_cost_bps"": 10, ""universe_selection_method"": ""priority_with_coverage_fallback"", ""universe_size"": 30, ""zscore_lookback"": 1440}",core,crypto,SOL,priority_with_coverage_fallback,30,30,"BTC,ETH,XRP,BNB,TRX,ADA,AVAX,DOT,NEAR,ATOM,ALGO,DOGE,BCH,LTC,XLM,ETC,LINK,UNI,AAVE,INJ,FIL,VET,FET,GRT,THETA,XTZ,SAND,CHZ,DASH,HBAR","TON,SUI,ICP,MKR,RENDER,RNDR,ARB,OP,MATIC,POL,APT,SEI,EOS,MANA","CHZ,DASH,HBAR",720,24,0.8,explained_variance,,1440,2.0,0.5,10.0,8760.0,0.6,5,480,1948,213,0.901434521055067,,,0,0,OLS,,1692.875427128278,3.0286192037657207,0.7130425143797322,4.247459503028768,-0.4485606226861507,0.003465982028241335,161,108.5,0.5200460829493088
"{""entry_z"": 2.0, ""exit_z"": 0.5, ""fixed_n_components"": null, ""max_holding_period"": null, ""min_asset_coverage"": 0.6, ""min_train_observations"": 480, ""min_universe_assets"": 5, ""pca_component_selection_method"": ""explained_variance"", ""pca_explained_variance"": 0.9, ""rebalance_frequency"": 24, ""regression_type"": ""OLS"", ""ridge_alpha"": 1.0, ""stage"": ""core"", ""stop_loss_z"": null, ""target"": ""SOL"", ""train_window"": 720, ""transaction_cost_bps"": 10, ""universe_selection_method"": ""priority_with_coverage_fallback"", ""universe_size"": 30, ""zscore_lookback"": 1440}",core,crypto,SOL,priority_with_coverage_fallback,30,30,"BTC,ETH,XRP,BNB,TRX,ADA,AVAX,DOT,NEAR,ATOM,ALGO,DOGE,BCH,LTC,XLM,ETC,LINK,UNI,AAVE,INJ,FIL,VET,FET,GRT,THETA,XTZ,SAND,CHZ,DASH,HBAR","TON,SUI,ICP,MKR,RENDER,RNDR,ARB,OP,MATIC,POL,APT,SEI,EOS,MANA","CHZ,DASH,HBAR",720,24,0.9,explained_variance,,1440,2.0,0.5,10.0,8760.0,0.6,5,480,1948,213,0.901434521055067,,,0,0,OLS,,4924.253460475574,3.920781850258794,0.6433675414728488,6.094155513787693,-0.38707289643056986,0.0040650406504065045,190,79.01052631578948,0.5225153210764721
"{""entry_z"": 2.0, ""exit_z"": 0.5, ""fixed_n_components"": null, ""max_holding_period"": null, ""min_asset_coverage"": 0.6, ""min_train_observations"": 480, ""min_universe_assets"": 5, ""pca_component_selection_method"": ""explained_variance"", ""pca_explained_variance"": 0.7, ""rebalance_frequency"": 24, ""regression_type"": ""OLS"", ""ridge_alpha"": 1.0, ""stage"": ""core"", ""stop_loss_z"": null, ""target"": ""SOL"", ""train_window"": 1440, ""transaction_cost_bps"": 10, ""universe_selection_method"": ""priority_with_coverage_fallback"", ""universe_size"": 30, ""zscore_lookback"": 336}",core,crypto,SOL,priority_with_coverage_fallback,30,30,"BTC,ETH,XRP,BNB,TRX,ADA,AVAX,DOT,NEAR,ATOM,ALGO,DOGE,BCH,LTC,XLM,ETC,LINK,UNI,AAVE,INJ,FIL,VET,FET,GRT,THETA,XTZ,SAND,CHZ,DASH,HBAR","TON,SUI,ICP,MKR,RENDER,RNDR,ARB,OP,MATIC,POL,APT,SEI,EOS,MANA","CHZ,DASH,HBAR",1440,24,0.7,explained_variance,,336,2.0,0.5,10.0,8760.0,0.6,5,480,1948,183,0.9141248240262787,,,0,0,OLS,,12.5666894466475,0.6302266693694896,0.8055885925917653,0.7823182641426243,-0.5773768161701369,0.007787762088147197,360,116.76966292134831,0.5048833293240318
"{""entry_z"": 2.0, ""exit_z"": 0.5, ""fixed_n_components"": null, ""max_holding_period"": null, ""min_asset_coverage"": 0.6, ""min_train_observations"": 480, ""min_universe_assets"": 5, ""pca_component_selection_method"": ""explained_variance"", ""pca_explained_variance"": 0.8, ""rebalance_frequency"": 24, ""regression_type"": ""OLS"", ""ridge_alpha"": 1.0, ""stage"": ""core"", ""stop_loss_z"": null, ""target"": ""SOL"", ""train_window"": 1440, ""transaction_cost_bps"": 10, ""universe_selection_method"": ""priority_with_coverage_fallback"", ""universe_size"": 30, ""zscore_lookback"": 336}",core,crypto,SOL,priority_with_coverage_fallback,30,30,"BTC,ETH,XRP,BNB,TRX,ADA,AVAX,DOT,NEAR,ATOM,ALGO,DOGE,BCH,LTC,XLM,ETC,LINK,UNI,AAVE,INJ,FIL,VET,FET,GRT,THETA,XTZ,SAND,CHZ,DASH,HBAR","TON,SUI,ICP,MKR,RENDER,RNDR,ARB,OP,MATIC,POL,APT,SEI,EOS,MANA","CHZ,DASH,HBAR",1440,24,0.8,explained_variance,,336,2.0,0.5,10.0,8760.0,0.6,5,480,1948,183,0.9141248240262787,,,0,0,OLS,,13.997110056971607,0.6611431843933504,0.7339152676697803,0.9008440258948623,-0.5446915132509571,0.0075738125802310655,352,109.82285714285715,0.5045527863052188
"{""entry_z"": 2.0, ""exit_z"": 0.5, ""fixed_n_components"": null, ""max_holding_period"": null, ""min_asset_coverage"": 0.6, ""min_train_observations"": 480, ""min_universe_assets"": 5, ""pca_component_selection_method"": ""explained_variance"", ""pca_explained_variance"": 0.9, ""rebalance_frequency"": 24, ""regression_type"": ""OLS"", ""ridge_alpha"": 1.0, ""stage"": ""core"", ""stop_loss_z"": null, ""target"": ""SOL"", ""train_window"": 1440, ""transaction_cost_bps"": 10, ""universe_selection_method"": ""priority_with_coverage_fallback"", ""universe_size"": 30, ""zscore_lookback"": 336}",core,crypto,SOL,priority_with_coverage_fallback,30,30,"BTC,ETH,XRP,BNB,TRX,ADA,AVAX,DOT,NEAR,ATOM,ALGO,DOGE,BCH,LTC,XLM,ETC,LINK,UNI,AAVE,INJ,FIL,VET,FET,GRT,THETA,XTZ,SAND,CHZ,DASH,HBAR","TON,SUI,ICP,MKR,RENDER,RNDR,ARB,OP,MATIC,POL,APT,SEI,EOS,MANA","CHZ,DASH,HBAR",1440,24,0.9,explained_variance,,336,2.0,0.5,10.0,8760.0,0.6,5,480,1948,183,0.9141248240262787,,,0,0,OLS,,410.113920834834,2.0896421999815615,0.8447209124213941,2.4737663875179767,-0.6421969103305019,0.008493795464270433,394,91.7295918367347,0.5069247455364592
"{""entry_z"": 2.0, ""exit_z"": 0.5, ""fixed_n_components"": null, ""max_holding_period"": null, ""min_asset_coverage"": 0.6, ""min_train_observations"": 480, ""min_universe_assets"": 5, ""pca_component_selection_method"": ""explained_variance"", ""pca_explained_variance"": 0.7, ""rebalance_frequency"": 24, ""regression_type"": ""OLS"", ""ridge_alpha"": 1.0, ""stage"": ""core"", ""stop_loss_z"": null, ""target"": ""SOL"", ""train_window"": 1440, ""transaction_cost_bps"": 10, ""universe_selection_method"": ""priority_with_coverage_fallback"", ""universe_size"": 30, ""zscore_lookback"": 720}",core,crypto,SOL,priority_with_coverage_fallback,30,30,"BTC,ETH,XRP,BNB,TRX,ADA,AVAX,DOT,NEAR,ATOM,ALGO,DOGE,BCH,LTC,XLM,ETC,LINK,UNI,AAVE,INJ,FIL,VET,FET,GRT,THETA,XTZ,SAND,CHZ,DASH,HBAR","TON,SUI,ICP,MKR,RENDER,RNDR,ARB,OP,MATIC,POL,APT,SEI,EOS,MANA","CHZ,DASH,HBAR",1440,24,0.7,explained_variance,,720,2.0,0.5,10.0,8760.0,0.6,5,480,1948,183,0.9141248240262787,,,0,0,OLS,,22.695447868049396,0.8098366640349604,0.8754366740053111,0.9250659563184432,-0.5706635562691544,0.0037655113393239197,174,205.8953488372093,0.5031908284859096
"{""entry_z"": 2.0, ""exit_z"": 0.5, ""fixed_n_components"": null, ""max_holding_period"": null, ""min_asset_coverage"": 0.6, ""min_train_observations"": 480, ""min_universe_assets"": 5, ""pca_component_selection_method"": ""explained_variance"", ""pca_explained_variance"": 0.8, ""rebalance_frequency"": 24, ""regression_type"": ""OLS"", ""ridge_alpha"": 1.0, ""stage"": ""core"", ""stop_loss_z"": null, ""target"": ""SOL"", ""train_window"": 1440, ""transaction_cost_bps"": 10, ""universe_selection_method"": ""priority_with_coverage_fallback"", ""universe_size"": 30, ""zscore_lookback"": 720}",core,crypto,SOL,priority_with_coverage_fallback,30,30,"BTC,ETH,XRP,BNB,TRX,ADA,AVAX,DOT,NEAR,ATOM,ALGO,DOGE,BCH,LTC,XLM,ETC,LINK,UNI,AAVE,INJ,FIL,VET,FET,GRT,THETA,XTZ,SAND,CHZ,DASH,HBAR","TON,SUI,ICP,MKR,RENDER,RNDR,ARB,OP,MATIC,POL,APT,SEI,EOS,MANA","CHZ,DASH,HBAR",1440,24,0.8,explained_variance,,720,2.0,0.5,10.0,8760.0,0.6,5,480,1948,183,0.9141248240262787,,,0,0,OLS,,102.90719866091182,1.387587294831214,0.6984741492319066,1.9865979239992013,-0.4698282643566334,0.004150620453572957,193,177.15625,0.5091432939377903
"{""entry_z"": 2.0, ""exit_z"": 0.5, ""fixed_n_components"": null, ""max_holding_period"": null, ""min_asset_coverage"": 0.6, ""min_train_observations"": 480, ""min_universe_assets"": 5, ""pca_component_selection_method"": ""explained_variance"", ""pca_explained_variance"": 0.9, ""rebalance_frequency"": 24, ""regression_type"": ""OLS"", ""ridge_alpha"": 1.0, ""stage"": ""core"", ""stop_loss_z"": null, ""target"": ""SOL"", ""train_window"": 1440, ""transaction_cost_bps"": 10, ""universe_selection_method"": ""priority_with_coverage_fallback"", ""universe_size"": 30, ""zscore_lookback"": 720}",core,crypto,SOL,priority_with_coverage_fallback,30,30,"BTC,ETH,XRP,BNB,TRX,ADA,AVAX,DOT,NEAR,ATOM,ALGO,DOGE,BCH,LTC,XLM,ETC,LINK,UNI,AAVE,INJ,FIL,VET,FET,GRT,THETA,XTZ,SAND,CHZ,DASH,HBAR","TON,SUI,ICP,MKR,RENDER,RNDR,ARB,OP,MATIC,POL,APT,SEI,EOS,MANA","CHZ,DASH,HBAR",1440,24,0.9,explained_variance,,720,2.0,0.5,10.0,8760.0,0.6,5,480,1948,183,0.9141248240262787,,,0,0,OLS,,2057.2174469468046,3.1784361043909577,0.8019148235168901,3.9635582373344325,-0.3790064865978766,0.004771074026529739,221,130.47272727272727,0.5140050167224081
"{""entry_z"": 2.0, ""exit_z"": 0.5, ""fixed_n_components"": null, ""max_holding_period"": null, ""min_asset_coverage"": 0.6, ""min_train_observations"": 480, ""min_universe_assets"": 5, ""pca_component_selection_method"": ""explained_variance"", ""pca_explained_variance"": 0.7, ""rebalance_frequency"": 24, ""regression_type"": ""OLS"", ""ridge_alpha"": 1.0, ""stage"": ""core"", ""stop_loss_z"": null, ""target"": ""SOL"", ""train_window"": 1440, ""transaction_cost_bps"": 10, ""universe_selection_method"": ""priority_with_coverage_fallback"", ""universe_size"": 30, ""zscore_lookback"": 1440}",core,crypto,SOL,priority_with_coverage_fallback,30,30,"BTC,ETH,XRP,BNB,TRX,ADA,AVAX,DOT,NEAR,ATOM,ALGO,DOGE,BCH,LTC,XLM,ETC,LINK,UNI,AAVE,INJ,FIL,VET,FET,GRT,THETA,XTZ,SAND,CHZ,DASH,HBAR","TON,SUI,ICP,MKR,RENDER,RNDR,ARB,OP,MATIC,POL,APT,SEI,EOS,MANA","CHZ,DASH,HBAR",1440,24,0.7,explained_variance,,1440,2.0,0.5,10.0,8760.0,0.6,5,480,1948,183,0.9141248240262787,,,0,0,OLS,,137.350946031676,1.5191984283683557,0.8178796319329483,1.8574841199773309,-0.5427435929527452,0.002225074882327771,103,282.7450980392157,0.5092926490984744
"{""entry_z"": 2.0, ""exit_z"": 0.5, ""fixed_n_components"": null, ""max_holding_period"": null, ""min_asset_coverage"": 0.6, ""min_train_observations"": 480, ""min_universe_assets"": 5, ""pca_component_selection_method"": ""explained_variance"", ""pca_explained_variance"": 0.8, ""rebalance_frequency"": 24, ""regression_type"": ""OLS"", ""ridge_alpha"": 1.0, ""stage"": ""core"", ""stop_loss_z"": null, ""target"": ""SOL"", ""train_window"": 1440, ""transaction_cost_bps"": 10, ""universe_selection_method"": ""priority_with_coverage_fallback"", ""universe_size"": 30, ""zscore_lookback"": 1440}",core,crypto,SOL,priority_with_coverage_fallback,30,30,"BTC,ETH,XRP,BNB,TRX,ADA,AVAX,DOT,NEAR,ATOM,ALGO,DOGE,BCH,LTC,XLM,ETC,LINK,UNI,AAVE,INJ,FIL,VET,FET,GRT,THETA,XTZ,SAND,CHZ,DASH,HBAR","TON,SUI,ICP,MKR,RENDER,RNDR,ARB,OP,MATIC,POL,APT,SEI,EOS,MANA","CHZ,DASH,HBAR",1440,24,0.8,explained_variance,,1440,2.0,0.5,10.0,8760.0,0.6,5,480,1948,183,0.9141248240262787,,,0,0,OLS,,121.77774326931448,1.4634418857148592,0.6612437572206962,2.213165522901749,-0.5427435929527451,0.0025673940949935813,119,230.59322033898306,0.5096655641308343
"{""entry_z"": 2.0, ""exit_z"": 0.5, ""fixed_n_components"": null, ""max_holding_period"": null, ""min_asset_coverage"": 0.6, ""min_train_observations"": 480, ""min_universe_assets"": 5, ""pca_component_selection_method"": ""explained_variance"", ""pca_explained_variance"": 0.9, ""rebalance_frequency"": 24, ""regression_type"": ""OLS"", ""ridge_alpha"": 1.0, ""stage"": ""core"", ""stop_loss_z"": null, ""target"": ""SOL"", ""train_window"": 1440, ""transaction_cost_bps"": 10, ""universe_selection_method"": ""priority_with_coverage_fallback"", ""universe_size"": 30, ""zscore_lookback"": 1440}",core,crypto,SOL,priority_with_coverage_fallback,30,30,"BTC,ETH,XRP,BNB,TRX,ADA,AVAX,DOT,NEAR,ATOM,ALGO,DOGE,BCH,LTC,XLM,ETC,LINK,UNI,AAVE,INJ,FIL,VET,FET,GRT,THETA,XTZ,SAND,CHZ,DASH,HBAR","TON,SUI,ICP,MKR,RENDER,RNDR,ARB,OP,MATIC,POL,APT,SEI,EOS,MANA","CHZ,DASH,HBAR",1440,24,0.9,explained_variance,,1440,2.0,0.5,10.0,8760.0,0.6,5,480,1948,183,0.9141248240262787,,,0,0,OLS,,979.6316864585768,2.636363992493438,0.7217379204460529,3.6527996074587517,-0.42319317038293824,0.0031664527171587505,147,151.013698630137,0.5194121915820029
"{""entry_z"": 2.0, ""exit_z"": 0.5, ""fixed_n_components"": null, ""max_holding_period"": null, ""min_asset_coverage"": 0.6, ""min_train_observations"": 480, ""min_universe_assets"": 5, ""pca_component_selection_method"": ""explained_variance"", ""pca_explained_variance"": 0.7, ""rebalance_frequency"": 24, ""regression_type"": ""OLS"", ""ridge_alpha"": 1.0, ""stage"": ""core"", ""stop_loss_z"": null, ""target"": ""SOL"", ""train_window"": 2880, ""transaction_cost_bps"": 10, ""universe_selection_method"": ""priority_with_coverage_fallback"", ""universe_size"": 30, ""zscore_lookback"": 336}",core,crypto,SOL,priority_with_coverage_fallback,30,30,"BTC,ETH,XRP,BNB,TRX,ADA,AVAX,DOT,NEAR,ATOM,ALGO,DOGE,BCH,LTC,XLM,ETC,LINK,UNI,AAVE,INJ,FIL,VET,FET,GRT,THETA,XTZ,SAND,CHZ,DASH,HBAR","TON,SUI,ICP,MKR,RENDER,RNDR,ARB,OP,MATIC,POL,APT,SEI,EOS,MANA","CHZ,DASH,HBAR",2880,24,0.7,explained_variance,,336,2.0,0.5,10.0,8760.0,0.6,5,480,1948,123,0.9406084017382906,,,0,0,OLS,,-0.5487640206150938,-0.13855327308721854,0.8374633266666706,-0.16544398862060963,-0.8427004247014833,0.0072100984167736415,334,131.8132530120482,0.5023079383940405
"{""entry_z"": 2.0, ""exit_z"": 0.5, ""fixed_n_components"": null, ""max_holding_period"": null, ""min_asset_coverage"": 0.6, ""min_train_observations"": 480, ""min_universe_assets"": 5, ""pca_component_selection_method"": ""explained_variance"", ""pca_explained_variance"": 0.8, ""rebalance_frequency"": 24, ""regression_type"": ""OLS"", ""ridge_alpha"": 1.0, ""stage"": ""core"", ""stop_loss_z"": null, ""target"": ""SOL"", ""train_window"": 2880, ""transaction_cost_bps"": 10, ""universe_selection_method"": ""priority_with_coverage_fallback"", ""universe_size"": 30, ""zscore_lookback"": 336}",core,crypto,SOL,priority_with_coverage_fallback,30,30,"BTC,ETH,XRP,BNB,TRX,ADA,AVAX,DOT,NEAR,ATOM,ALGO,DOGE,BCH,LTC,XLM,ETC,LINK,UNI,AAVE,INJ,FIL,VET,FET,GRT,THETA,XTZ,SAND,CHZ,DASH,HBAR","TON,SUI,ICP,MKR,RENDER,RNDR,ARB,OP,MATIC,POL,APT,SEI,EOS,MANA","CHZ,DASH,HBAR",2880,24,0.8,explained_variance,,336,2.0,0.5,10.0,8760.0,0.6,5,480,1948,123,0.9406084017382906,,,0,0,OLS,,-0.06634384232004986,-0.01278340310823578,0.7833442355136663,-0.016319010887790926,-0.7915081325672596,0.007381258023106547,344,121.67441860465117,0.5033925840978594
"{""entry_z"": 2.0, ""exit_z"": 0.5, ""fixed_n_components"": null, ""max_holding_period"": null, ""min_asset_coverage"": 0.6, ""min_train_observations"": 480, ""min_universe_assets"": 5, ""pca_component_selection_method"": ""explained_variance"", ""pca_explained_variance"": 0.9, ""rebalance_frequency"": 24, ""regression_type"": ""OLS"", ""ridge_alpha"": 1.0, ""stage"": ""core"", ""stop_loss_z"": null, ""target"": ""SOL"", ""train_window"": 2880, ""transaction_cost_bps"": 10, ""universe_selection_method"": ""priority_with_coverage_fallback"", ""universe_size"": 30, ""zscore_lookback"": 336}",core,crypto,SOL,priority_with_coverage_fallback,30,30,"BTC,ETH,XRP,BNB,TRX,ADA,AVAX,DOT,NEAR,ATOM,ALGO,DOGE,BCH,LTC,XLM,ETC,LINK,UNI,AAVE,INJ,FIL,VET,FET,GRT,THETA,XTZ,SAND,CHZ,DASH,HBAR","TON,SUI,ICP,MKR,RENDER,RNDR,ARB,OP,MATIC,POL,APT,SEI,EOS,MANA","CHZ,DASH,HBAR",2880,24,0.9,explained_variance,,336,2.0,0.5,10.0,8760.0,0.6,5,480,1948,123,0.9406084017382906,,,0,0,OLS,,6.987843224421092,0.4761589855041517,0.7760450461707417,0.6135713227649281,-0.7065762140712744,0.007958921694480103,370,119.29891304347827,0.5056717233839005
"{""entry_z"": 2.0, ""exit_z"": 0.5, ""fixed_n_components"": null, ""max_holding_period"": null, ""min_asset_coverage"": 0.6, ""min_train_observations"": 480, ""min_universe_assets"": 5, ""pca_component_selection_method"": ""explained_variance"", ""pca_explained_variance"": 0.7, ""rebalance_frequency"": 24, ""regression_type"": ""OLS"", ""ridge_alpha"": 1.0, ""stage"": ""core"", ""stop_loss_z"": null, ""target"": ""SOL"", ""train_window"": 2880, ""transaction_cost_bps"": 10, ""universe_selection_method"": ""priority_with_coverage_fallback"", ""universe_size"": 30, ""zscore_lookback"": 720}",core,crypto,SOL,priority_with_coverage_fallback,30,30,"BTC,ETH,XRP,BNB,TRX,ADA,AVAX,DOT,NEAR,ATOM,ALGO,DOGE,BCH,LTC,XLM,ETC,LINK,UNI,AAVE,INJ,FIL,VET,FET,GRT,THETA,XTZ,SAND,CHZ,DASH,HBAR","TON,SUI,ICP,MKR,RENDER,RNDR,ARB,OP,MATIC,POL,APT,SEI,EOS,MANA","CHZ,DASH,HBAR",2880,24,0.7,explained_variance,,720,2.0,0.5,10.0,8760.0,0.6,5,480,1948,123,0.9406084017382906,,,0,0,OLS,,1.851202738279766,0.21697389183135307,0.8034474494349428,0.27005361954157525,-0.7071353266372656,0.003658536585365854,169,245.53571428571428,0.5013333333333333
"{""entry_z"": 2.0, ""exit_z"": 0.5, ""fixed_n_components"": null, ""max_holding_period"": null, ""min_asset_coverage"": 0.6, ""min_train_observations"": 480, ""min_universe_assets"": 5, ""pca_component_selection_method"": ""explained_variance"", ""pca_explained_variance"": 0.8, ""rebalance_frequency"": 24, ""regression_type"": ""OLS"", ""ridge_alpha"": 1.0, ""stage"": ""core"", ""stop_loss_z"": null, ""target"": ""SOL"", ""train_window"": 2880, ""transaction_cost_bps"": 10, ""universe_selection_method"": ""priority_with_coverage_fallback"", ""universe_size"": 30, ""zscore_lookback"": 720}",core,crypto,SOL,priority_with_coverage_fallback,30,30,"BTC,ETH,XRP,BNB,TRX,ADA,AVAX,DOT,NEAR,ATOM,ALGO,DOGE,BCH,LTC,XLM,ETC,LINK,UNI,AAVE,INJ,FIL,VET,FET,GRT,THETA,XTZ,SAND,CHZ,DASH,HBAR","TON,SUI,ICP,MKR,RENDER,RNDR,ARB,OP,MATIC,POL,APT,SEI,EOS,MANA","CHZ,DASH,HBAR",2880,24,0.8,explained_variance,,720,2.0,0.5,10.0,8760.0,0.6,5,480,1948,123,0.9406084017382906,,,0,0,OLS,,1.3924660268199225,0.17761461916185417,0.7358320126084578,0.24137930413251044,-0.7258419368439566,0.0037869062901155328,177,222.37078651685394,0.5004800161689656
"{""entry_z"": 2.0, ""exit_z"": 0.5, ""fixed_n_components"": null, ""max_holding_period"": null, ""min_asset_coverage"": 0.6, ""min_train_observations"": 480, ""min_universe_assets"": 5, ""pca_component_selection_method"": ""explained_variance"", ""pca_explained_variance"": 0.9, ""rebalance_frequency"": 24, ""regression_type"": ""OLS"", ""ridge_alpha"": 1.0, ""stage"": ""core"", ""stop_loss_z"": null, ""target"": ""SOL"", ""train_window"": 2880, ""transaction_cost_bps"": 10, ""universe_selection_method"": ""priority_with_coverage_fallback"", ""universe_size"": 30, ""zscore_lookback"": 720}",core,crypto,SOL,priority_with_coverage_fallback,30,30,"BTC,ETH,XRP,BNB,TRX,ADA,AVAX,DOT,NEAR,ATOM,ALGO,DOGE,BCH,LTC,XLM,ETC,LINK,UNI,AAVE,INJ,FIL,VET,FET,GRT,THETA,XTZ,SAND,CHZ,DASH,HBAR","TON,SUI,ICP,MKR,RENDER,RNDR,ARB,OP,MATIC,POL,APT,SEI,EOS,MANA","CHZ,DASH,HBAR",2880,24,0.9,explained_variance,,720,2.0,0.5,10.0,8760.0,0.6,5,480,1948,123,0.9406084017382906,,,0,0,OLS,,132.489725881677,1.5023666493064796,0.7280308530553059,2.0636029956718747,-0.5564311224952465,0.004150620453572957,191,201.58510638297872,0.5098422080320861
"{""entry_z"": 2.0, ""exit_z"": 0.5, ""fixed_n_components"": null, ""max_holding_period"": null, ""min_asset_coverage"": 0.6, ""min_train_observations"": 480, ""min_universe_assets"": 5, ""pca_component_selection_method"": ""explained_variance"", ""pca_explained_variance"": 0.7, ""rebalance_frequency"": 24, ""regression_type"": ""OLS"", ""ridge_alpha"": 1.0, ""stage"": ""core"", ""stop_loss_z"": null, ""target"": ""SOL"", ""train_window"": 2880, ""transaction_cost_bps"": 10, ""universe_selection_method"": ""priority_with_coverage_fallback"", ""universe_size"": 30, ""zscore_lookback"": 1440}",core,crypto,SOL,priority_with_coverage_fallback,30,30,"BTC,ETH,XRP,BNB,TRX,ADA,AVAX,DOT,NEAR,ATOM,ALGO,DOGE,BCH,LTC,XLM,ETC,LINK,UNI,AAVE,INJ,FIL,VET,FET,GRT,THETA,XTZ,SAND,CHZ,DASH,HBAR","TON,SUI,ICP,MKR,RENDER,RNDR,ARB,OP,MATIC,POL,APT,SEI,EOS,MANA","CHZ,DASH,HBAR",2880,24,0.7,explained_variance,,1440,2.0,0.5,10.0,8760.0,0.6,5,480,1948,123,0.9406084017382906,,,0,0,OLS,,39.203846902743436,0.9983495860267333,0.7469071462394635,1.3366448440789929,-0.7681557621600122,0.0020111253744116387,92,381.44444444444446,0.5039906787066706
"{""entry_z"": 2.0, ""exit_z"": 0.5, ""fixed_n_components"": null, ""max_holding_period"": null, ""min_asset_coverage"": 0.6, ""min_train_observations"": 480, ""min_universe_assets"": 5, ""pca_component_selection_method"": ""explained_variance"", ""pca_explained_variance"": 0.8, ""rebalance_frequency"": 24, ""regression_type"": ""OLS"", ""ridge_alpha"": 1.0, ""stage"": ""core"", ""stop_loss_z"": null, ""target"": ""SOL"", ""train_window"": 2880, ""transaction_cost_bps"": 10, ""universe_selection_method"": ""priority_with_coverage_fallback"", ""universe_size"": 30, ""zscore_lookback"": 1440}",core,crypto,SOL,priority_with_coverage_fallback,30,30,"BTC,ETH,XRP,BNB,TRX,ADA,AVAX,DOT,NEAR,ATOM,ALGO,DOGE,BCH,LTC,XLM,ETC,LINK,UNI,AAVE,INJ,FIL,VET,FET,GRT,THETA,XTZ,SAND,CHZ,DASH,HBAR","TON,SUI,ICP,MKR,RENDER,RNDR,ARB,OP,MATIC,POL,APT,SEI,EOS,MANA","CHZ,DASH,HBAR",2880,24,0.8,explained_variance,,1440,2.0,0.5,10.0,8760.0,0.6,5,480,1948,123,0.9406084017382906,,,0,0,OLS,,17.529028364662153,0.7283060490863817,0.7413222559709683,0.9824419046106497,-0.6874169217010248,0.0019255455712451862,90,354.2,0.5023527197440241
"{""entry_z"": 2.0, ""exit_z"": 0.5, ""fixed_n_components"": null, ""max_holding_period"": null, ""min_asset_coverage"": 0.6, ""min_train_observations"": 480, ""min_universe_assets"": 5, ""pca_component_selection_method"": ""explained_variance"", ""pca_explained_variance"": 0.9, ""rebalance_frequency"": 24, ""regression_type"": ""OLS"", ""ridge_alpha"": 1.0, ""stage"": ""core"", ""stop_loss_z"": null, ""target"": ""SOL"", ""train_window"": 2880, ""transaction_cost_bps"": 10, ""universe_selection_method"": ""priority_with_coverage_fallback"", ""universe_size"": 30, ""zscore_lookback"": 1440}",core,crypto,SOL,priority_with_coverage_fallback,30,30,"BTC,ETH,XRP,BNB,TRX,ADA,AVAX,DOT,NEAR,ATOM,ALGO,DOGE,BCH,LTC,XLM,ETC,LINK,UNI,AAVE,INJ,FIL,VET,FET,GRT,THETA,XTZ,SAND,CHZ,DASH,HBAR","TON,SUI,ICP,MKR,RENDER,RNDR,ARB,OP,MATIC,POL,APT,SEI,EOS,MANA","CHZ,DASH,HBAR",2880,24,0.9,explained_variance,,1440,2.0,0.5,10.0,8760.0,0.6,5,480,1948,123,0.9406084017382906,,,0,0,OLS,,326.87960394615914,1.9613832245530674,0.7654666987346244,2.562336451468608,-0.573006913004013,0.002524604193410355,116,271.6140350877193,0.5116909959953494
"{""entry_z"": 2.5, ""exit_z"": 0.25, ""fixed_n_components"": null, ""max_holding_period"": null, ""min_asset_coverage"": 0.6, ""min_train_observations"": 480, ""min_universe_assets"": 5, ""pca_component_selection_method"": ""explained_variance"", ""pca_explained_variance"": 0.7, ""rebalance_frequency"": 24, ""regression_type"": ""OLS"", ""ridge_alpha"": 1.0, ""stage"": ""core"", ""stop_loss_z"": null, ""target"": ""SOL"", ""train_window"": 720, ""transaction_cost_bps"": 10, ""universe_selection_method"": ""priority_with_coverage_fallback"", ""universe_size"": 30, ""zscore_lookback"": 336}",core,crypto,SOL,priority_with_coverage_fallback,30,30,"BTC,ETH,XRP,BNB,TRX,ADA,AVAX,DOT,NEAR,ATOM,ALGO,DOGE,BCH,LTC,XLM,ETC,LINK,UNI,AAVE,INJ,FIL,VET,FET,GRT,THETA,XTZ,SAND,CHZ,DASH,HBAR","TON,SUI,ICP,MKR,RENDER,RNDR,ARB,OP,MATIC,POL,APT,SEI,EOS,MANA","CHZ,DASH,HBAR",720,24,0.7,explained_variance,,336,2.5,0.25,10.0,8760.0,0.6,5,480,1948,213,0.901434521055067,,,0,0,OLS,,82.66218556974596,1.2925561403462287,0.6985883627784739,1.8502400114502124,-0.45086836763532534,0.005156183140778777,240,127.5,0.5140522875816993
"{""entry_z"": 2.5, ""exit_z"": 0.25, ""fixed_n_components"": null, ""max_holding_period"": null, ""min_asset_coverage"": 0.6, ""min_train_observations"": 480, ""min_universe_assets"": 5, ""pca_component_selection_method"": ""explained_variance"", ""pca_explained_variance"": 0.8, ""rebalance_frequency"": 24, ""regression_type"": ""OLS"", ""ridge_alpha"": 1.0, ""stage"": ""core"", ""stop_loss_z"": null, ""target"": ""SOL"", ""train_window"": 720, ""transaction_cost_bps"": 10, ""universe_selection_method"": ""priority_with_coverage_fallback"", ""universe_size"": 30, ""zscore_lookback"": 336}",core,crypto,SOL,priority_with_coverage_fallback,30,30,"BTC,ETH,XRP,BNB,TRX,ADA,AVAX,DOT,NEAR,ATOM,ALGO,DOGE,BCH,LTC,XLM,ETC,LINK,UNI,AAVE,INJ,FIL,VET,FET,GRT,THETA,XTZ,SAND,CHZ,DASH,HBAR","TON,SUI,ICP,MKR,RENDER,RNDR,ARB,OP,MATIC,POL,APT,SEI,EOS,MANA","CHZ,DASH,HBAR",720,24,0.8,explained_variance,,336,2.5,0.25,10.0,8760.0,0.6,5,480,1948,213,0.901434521055067,,,0,0,OLS,,242.3329566480144,1.8004074704191955,0.7091502503099167,2.538823711381857,-0.5475001047397394,0.005370132648694908,250,110.256,0.5167609925990422
"{""entry_z"": 2.5, ""exit_z"": 0.25, ""fixed_n_components"": null, ""max_holding_period"": null, ""min_asset_coverage"": 0.6, ""min_train_observations"": 480, ""min_universe_assets"": 5, ""pca_component_selection_method"": ""explained_variance"", ""pca_explained_variance"": 0.9, ""rebalance_frequency"": 24, ""regression_type"": ""OLS"", ""ridge_alpha"": 1.0, ""stage"": ""core"", ""stop_loss_z"": null, ""target"": ""SOL"", ""train_window"": 720, ""transaction_cost_bps"": 10, ""universe_selection_method"": ""priority_with_coverage_fallback"", ""universe_size"": 30, ""zscore_lookback"": 336}",core,crypto,SOL,priority_with_coverage_fallback,30,30,"BTC,ETH,XRP,BNB,TRX,ADA,AVAX,DOT,NEAR,ATOM,ALGO,DOGE,BCH,LTC,XLM,ETC,LINK,UNI,AAVE,INJ,FIL,VET,FET,GRT,THETA,XTZ,SAND,CHZ,DASH,HBAR","TON,SUI,ICP,MKR,RENDER,RNDR,ARB,OP,MATIC,POL,APT,SEI,EOS,MANA","CHZ,DASH,HBAR",720,24,0.9,explained_variance,,336,2.5,0.25,10.0,8760.0,0.6,5,480,1948,213,0.901434521055067,,,0,0,OLS,,2409.101038990395,3.303881101654375,0.7084702867275265,4.663401081949719,-0.5602331700694896,0.005840821566110398,270,90.43283582089552,0.5184023766298069
"{""entry_z"": 2.5, ""exit_z"": 0.25, ""fixed_n_components"": null, ""max_holding_period"": null, ""min_asset_coverage"": 0.6, ""min_train_observations"": 480, ""min_universe_assets"": 5, ""pca_component_selection_method"": ""explained_variance"", ""pca_explained_variance"": 0.7, ""rebalance_frequency"": 24, ""regression_type"": ""OLS"", ""ridge_alpha"": 1.0, ""stage"": ""core"", ""stop_loss_z"": null, ""target"": ""SOL"", ""train_window"": 720, ""transaction_cost_bps"": 10, ""universe_selection_method"": ""priority_with_coverage_fallback"", ""universe_size"": 30, ""zscore_lookback"": 720}",core,crypto,SOL,priority_with_coverage_fallback,30,30,"BTC,ETH,XRP,BNB,TRX,ADA,AVAX,DOT,NEAR,ATOM,ALGO,DOGE,BCH,LTC,XLM,ETC,LINK,UNI,AAVE,INJ,FIL,VET,FET,GRT,THETA,XTZ,SAND,CHZ,DASH,HBAR","TON,SUI,ICP,MKR,RENDER,RNDR,ARB,OP,MATIC,POL,APT,SEI,EOS,MANA","CHZ,DASH,HBAR",720,24,0.7,explained_variance,,720,2.5,0.25,10.0,8760.0,0.6,5,480,1948,213,0.901434521055067,,,0,0,OLS,,561.8002053910227,2.2769571122076107,0.6293203492349091,3.6181209061105397,-0.3745054007779065,0.002952503209242619,136,170.8955223880597,0.5189519650655022
"{""entry_z"": 2.5, ""exit_z"": 0.25, ""fixed_n_components"": null, ""max_holding_period"": null, ""min_asset_coverage"": 0.6, ""min_train_observations"": 480, ""min_universe_assets"": 5, ""pca_component_selection_method"": ""explained_variance"", ""pca_explained_variance"": 0.8, ""rebalance_frequency"": 24, ""regression_type"": ""OLS"", ""ridge_alpha"": 1.0, ""stage"": ""core"", ""stop_loss_z"": null, ""target"": ""SOL"", ""train_window"": 720, ""transaction_cost_bps"": 10, ""universe_selection_method"": ""priority_with_coverage_fallback"", ""universe_size"": 30, ""zscore_lookback"": 720}",core,crypto,SOL,priority_with_coverage_fallback,30,30,"BTC,ETH,XRP,BNB,TRX,ADA,AVAX,DOT,NEAR,ATOM,ALGO,DOGE,BCH,LTC,XLM,ETC,LINK,UNI,AAVE,INJ,FIL,VET,FET,GRT,THETA,XTZ,SAND,CHZ,DASH,HBAR","TON,SUI,ICP,MKR,RENDER,RNDR,ARB,OP,MATIC,POL,APT,SEI,EOS,MANA","CHZ,DASH,HBAR",720,24,0.8,explained_variance,,720,2.5,0.25,10.0,8760.0,0.6,5,480,1948,213,0.901434521055067,,,0,0,OLS,,3559.2952602570267,3.630401909282577,0.7097287651236321,5.115196237889801,-0.44856062268615027,0.0032520325203252032,148,160.26388888888889,0.5177225062830402
"{""entry_z"": 2.5, ""exit_z"": 0.25, ""fixed_n_components"": null, ""max_holding_period"": null, ""min_asset_coverage"": 0.6, ""min_train_observations"": 480, ""min_universe_assets"": 5, ""pca_component_selection_method"": ""explained_variance"", ""pca_explained_variance"": 0.9, ""rebalance_frequency"": 24, ""regression_type"": ""OLS"", ""ridge_alpha"": 1.0, ""stage"": ""core"", ""stop_loss_z"": null, ""target"": ""SOL"", ""train_window"": 720, ""transaction_cost_bps"": 10, ""universe_selection_method"": ""priority_with_coverage_fallback"", ""universe_size"": 30, ""zscore_lookback"": 720}",core,crypto,SOL,priority_with_coverage_fallback,30,30,"BTC,ETH,XRP,BNB,TRX,ADA,AVAX,DOT,NEAR,ATOM,ALGO,DOGE,BCH,LTC,XLM,ETC,LINK,UNI,AAVE,INJ,FIL,VET,FET,GRT,THETA,XTZ,SAND,CHZ,DASH,HBAR","TON,SUI,ICP,MKR,RENDER,RNDR,ARB,OP,MATIC,POL,APT,SEI,EOS,MANA","CHZ,DASH,HBAR",720,24,0.9,explained_variance,,720,2.5,0.25,10.0,8760.0,0.6,5,480,1948,213,0.901434521055067,,,0,0,OLS,,1015.2333695672204,2.6607495517759774,0.6202027898486592,4.290128318231605,-0.38707289643056964,0.0032520325203252032,150,102.55405405405405,0.522862037159046
"{""entry_z"": 2.5, ""exit_z"": 0.25, ""fixed_n_components"": null, ""max_holding_period"": null, ""min_asset_coverage"": 0.6, ""min_train_observations"": 480, ""min_universe_assets"": 5, ""pca_component_selection_method"": ""explained_variance"", ""pca_explained_variance"": 0.7, ""rebalance_frequency"": 24, ""regression_type"": ""OLS"", ""ridge_alpha"": 1.0, ""stage"": ""core"", ""stop_loss_z"": null, ""target"": ""SOL"", ""train_window"": 720, ""transaction_cost_bps"": 10, ""universe_selection_method"": ""priority_with_coverage_fallback"", ""universe_size"": 30, ""zscore_lookback"": 1440}",core,crypto,SOL,priority_with_coverage_fallback,30,30,"BTC,ETH,XRP,BNB,TRX,ADA,AVAX,DOT,NEAR,ATOM,ALGO,DOGE,BCH,LTC,XLM,ETC,LINK,UNI,AAVE,INJ,FIL,VET,FET,GRT,THETA,XTZ,SAND,CHZ,DASH,HBAR","TON,SUI,ICP,MKR,RENDER,RNDR,ARB,OP,MATIC,POL,APT,SEI,EOS,MANA","CHZ,DASH,HBAR",720,24,0.7,explained_variance,,1440,2.5,0.25,10.0,8760.0,0.6,5,480,1948,213,0.901434521055067,,,0,0,OLS,,941.7171924406583,2.609590041988571,0.6120794949834413,4.26348221656922,-0.36782247853675976,0.0021822849807445442,101,161.0,0.5224844720496894
"{""entry_z"": 2.5, ""exit_z"": 0.25, ""fixed_n_components"": null, ""max_holding_period"": null, ""min_asset_coverage"": 0.6, ""min_train_observations"": 480, ""min_universe_assets"": 5, ""pca_component_selection_method"": ""explained_variance"", ""pca_explained_variance"": 0.8, ""rebalance_frequency"": 24, ""regression_type"": ""OLS"", ""ridge_alpha"": 1.0, ""stage"": ""core"", ""stop_loss_z"": null, ""target"": ""SOL"", ""train_window"": 720, ""transaction_cost_bps"": 10, ""universe_selection_method"": ""priority_with_coverage_fallback"", ""universe_size"": 30, ""zscore_lookback"": 1440}",core,crypto,SOL,priority_with_coverage_fallback,30,30,"BTC,ETH,XRP,BNB,TRX,ADA,AVAX,DOT,NEAR,ATOM,ALGO,DOGE,BCH,LTC,XLM,ETC,LINK,UNI,AAVE,INJ,FIL,VET,FET,GRT,THETA,XTZ,SAND,CHZ,DASH,HBAR","TON,SUI,ICP,MKR,RENDER,RNDR,ARB,OP,MATIC,POL,APT,SEI,EOS,MANA","CHZ,DASH,HBAR",720,24,0.8,explained_variance,,1440,2.5,0.25,10.0,8760.0,0.6,5,480,1948,213,0.901434521055067,,,0,0,OLS,,1561.5092219106264,2.96812634561566,0.6738098758321054,4.404990861777208,-0.44856062268615093,0.0023534445870774497,107,143.76923076923077,0.5196629213483146
"{""entry_z"": 2.5, ""exit_z"": 0.25, ""fixed_n_components"": null, ""max_holding_period"": null, ""min_asset_coverage"": 0.6, ""min_train_observations"": 480, ""min_universe_assets"": 5, ""pca_component_selection_method"": ""explained_variance"", ""pca_explained_variance"": 0.9, ""rebalance_frequency"": 24, ""regression_type"": ""OLS"", ""ridge_alpha"": 1.0, ""stage"": ""core"", ""stop_loss_z"": null, ""target"": ""SOL"", ""train_window"": 720, ""transaction_cost_bps"": 10, ""universe_selection_method"": ""priority_with_coverage_fallback"", ""universe_size"": 30, ""zscore_lookback"": 1440}",core,crypto,SOL,priority_with_coverage_fallback,30,30,"BTC,ETH,XRP,BNB,TRX,ADA,AVAX,DOT,NEAR,ATOM,ALGO,DOGE,BCH,LTC,XLM,ETC,LINK,UNI,AAVE,INJ,FIL,VET,FET,GRT,THETA,XTZ,SAND,CHZ,DASH,HBAR","TON,SUI,ICP,MKR,RENDER,RNDR,ARB,OP,MATIC,POL,APT,SEI,EOS,MANA","CHZ,DASH,HBAR",720,24,0.9,explained_variance,,1440,2.5,0.25,10.0,8760.0,0.6,5,480,1948,213,0.901434521055067,,,0,0,OLS,,747.8073499020616,2.457114627716535,0.5979531675324888,4.109209150703315,-0.37979283631131666,0.002524604193410355,118,110.44067796610169,0.516267648864334
"{""entry_z"": 2.5, ""exit_z"": 0.25, ""fixed_n_components"": null, ""max_holding_period"": null, ""min_asset_coverage"": 0.6, ""min_train_observations"": 480, ""min_universe_assets"": 5, ""pca_component_selection_method"": ""explained_variance"", ""pca_explained_variance"": 0.7, ""rebalance_frequency"": 24, ""regression_type"": ""OLS"", ""ridge_alpha"": 1.0, ""stage"": ""core"", ""stop_loss_z"": null, ""target"": ""SOL"", ""train_window"": 1440, ""transaction_cost_bps"": 10, ""universe_selection_method"": ""priority_with_coverage_fallback"", ""universe_size"": 30, ""zscore_lookback"": 336}",core,crypto,SOL,priority_with_coverage_fallback,30,30,"BTC,ETH,XRP,BNB,TRX,ADA,AVAX,DOT,NEAR,ATOM,ALGO,DOGE,BCH,LTC,XLM,ETC,LINK,UNI,AAVE,INJ,FIL,VET,FET,GRT,THETA,XTZ,SAND,CHZ,DASH,HBAR","TON,SUI,ICP,MKR,RENDER,RNDR,ARB,OP,MATIC,POL,APT,SEI,EOS,MANA","CHZ,DASH,HBAR",1440,24,0.7,explained_variance,,336,2.5,0.25,10.0,8760.0,0.6,5,480,1948,183,0.9141248240262787,,,0,0,OLS,,14.368532501974409,0.6687772488559365,0.7730936220049791,0.8650663125657363,-0.5941796072930854,0.005220367993153616,241,150.0252100840336,0.5070296308743628
"{""entry_z"": 2.5, ""exit_z"": 0.25, ""fixed_n_components"": null, ""max_holding_period"": null, ""min_asset_coverage"": 0.6, ""min_train_observations"": 480, ""min_universe_assets"": 5, ""pca_component_selection_method"": ""explained_variance"", ""pca_explained_variance"": 0.8, ""rebalance_frequency"": 24, ""regression_type"": ""OLS"", ""ridge_alpha"": 1.0, ""stage"": ""core"", ""stop_loss_z"": null, ""target"": ""SOL"", ""train_window"": 1440, ""transaction_cost_bps"": 10, ""universe_selection_method"": ""priority_with_coverage_fallback"", ""universe_size"": 30, ""zscore_lookback"": 336}",core,crypto,SOL,priority_with_coverage_fallback,30,30,"BTC,ETH,XRP,BNB,TRX,ADA,AVAX,DOT,NEAR,ATOM,ALGO,DOGE,BCH,LTC,XLM,ETC,LINK,UNI,AAVE,INJ,FIL,VET,FET,GRT,THETA,XTZ,SAND,CHZ,DASH,HBAR","TON,SUI,ICP,MKR,RENDER,RNDR,ARB,OP,MATIC,POL,APT,SEI,EOS,MANA","CHZ,DASH,HBAR",1440,24,0.8,explained_variance,,336,2.5,0.25,10.0,8760.0,0.6,5,480,1948,183,0.9141248240262787,,,0,0,OLS,,9.21417430999826,0.5457691756707936,0.7137088307975461,0.7646944413745232,-0.6415951146764838,0.00504920838682071,236,139.47457627118644,0.5083242192246932
"{""entry_z"": 2.5, ""exit_z"": 0.25, ""fixed_n_components"": null, ""max_holding_period"": null, ""min_asset_coverage"": 0.6, ""min_train_observations"": 480, ""min_universe_assets"": 5, ""pca_component_selection_method"": ""explained_variance"", ""pca_explained_variance"": 0.9, ""rebalance_frequency"": 24, ""regression_type"": ""OLS"", ""ridge_alpha"": 1.0, ""stage"": ""core"", ""stop_loss_z"": null, ""target"": ""SOL"", ""train_window"": 1440, ""transaction_cost_bps"": 10, ""universe_selection_method"": ""priority_with_coverage_fallback"", ""universe_size"": 30, ""zscore_lookback"": 336}",core,crypto,SOL,priority_with_coverage_fallback,30,30,"BTC,ETH,XRP,BNB,TRX,ADA,AVAX,DOT,NEAR,ATOM,ALGO,DOGE,BCH,LTC,XLM,ETC,LINK,UNI,AAVE,INJ,FIL,VET,FET,GRT,THETA,XTZ,SAND,CHZ,DASH,HBAR","TON,SUI,ICP,MKR,RENDER,RNDR,ARB,OP,MATIC,POL,APT,SEI,EOS,MANA","CHZ,DASH,HBAR",1440,24,0.9,explained_variance,,336,2.5,0.25,10.0,8760.0,0.6,5,480,1948,183,0.9141248240262787,,,0,0,OLS,,348.2035297942052,1.9965615889766286,0.8207246599155859,2.432681368660205,-0.6172368017260514,0.005348737697903295,248,132.35772357723576,0.5101351351351351
"{""entry_z"": 2.5, ""exit_z"": 0.25, ""fixed_n_components"": null, ""max_holding_period"": null, ""min_asset_coverage"": 0.6, ""min_train_observations"": 480, ""min_universe_assets"": 5, ""pca_component_selection_method"": ""explained_variance"", ""pca_explained_variance"": 0.7, ""rebalance_frequency"": 24, ""regression_type"": ""OLS"", ""ridge_alpha"": 1.0, ""stage"": ""core"", ""stop_loss_z"": null, ""target"": ""SOL"", ""train_window"": 1440, ""transaction_cost_bps"": 10, ""universe_selection_method"": ""priority_with_coverage_fallback"", ""universe_size"": 30, ""zscore_lookback"": 720}",core,crypto,SOL,priority_with_coverage_fallback,30,30,"BTC,ETH,XRP,BNB,TRX,ADA,AVAX,DOT,NEAR,ATOM,ALGO,DOGE,BCH,LTC,XLM,ETC,LINK,UNI,AAVE,INJ,FIL,VET,FET,GRT,THETA,XTZ,SAND,CHZ,DASH,HBAR","TON,SUI,ICP,MKR,RENDER,RNDR,ARB,OP,MATIC,POL,APT,SEI,EOS,MANA","CHZ,DASH,HBAR",1440,24,0.7,explained_variance,,720,2.5,0.25,10.0,8760.0,0.6,5,480,1948,183,0.9141248240262787,,,0,0,OLS,,185.16898192036734,1.663333220076562,0.8526218468222322,1.9508451798131787,-0.5380883089698798,0.0028241335044929395,129,268.8253968253968,0.5079711856400567
"{""entry_z"": 2.5, ""exit_z"": 0.25, ""fixed_n_components"": null, ""max_holding_period"": null, ""min_asset_coverage"": 0.6, ""min_train_observations"": 480, ""min_universe_assets"": 5, ""pca_component_selection_method"": ""explained_variance"", ""pca_explained_variance"": 0.8, ""rebalance_frequency"": 24, ""regression_type"": ""OLS"", ""ridge_alpha"": 1.0, ""stage"": ""core"", ""stop_loss_z"": null, ""target"": ""SOL"", ""train_window"": 1440, ""transaction_cost_bps"": 10, ""universe_selection_method"": ""priority_with_coverage_fallback"", ""universe_size"": 30, ""zscore_lookback"": 720}",core,crypto,SOL,priority_with_coverage_fallback,30,30,"BTC,ETH,XRP,BNB,TRX,ADA,AVAX,DOT,NEAR,ATOM,ALGO,DOGE,BCH,LTC,XLM,ETC,LINK,UNI,AAVE,INJ,FIL,VET,FET,GRT,THETA,XTZ,SAND,CHZ,DASH,HBAR","TON,SUI,ICP,MKR,RENDER,RNDR,ARB,OP,MATIC,POL,APT,SEI,EOS,MANA","CHZ,DASH,HBAR",1440,24,0.8,explained_variance,,720,2.5,0.25,10.0,8760.0,0.6,5,480,1948,183,0.9141248240262787,,,0,0,OLS,,47.9800715890224,1.073686251696603,0.6491918078992125,1.653881393191107,-0.5023921083745704,0.002610183996576808,122,242.39344262295083,0.508589206005681
"{""entry_z"": 2.5, ""exit_z"": 0.25, ""fixed_n_components"": null, ""max_holding_period"": null, ""min_asset_coverage"": 0.6, ""min_train_observations"": 480, ""min_universe_assets"": 5, ""pca_component_selection_method"": ""explained_variance"", ""pca_explained_variance"": 0.9, ""rebalance_frequency"": 24, ""regression_type"": ""OLS"", ""ridge_alpha"": 1.0, ""stage"": ""core"", ""stop_loss_z"": null, ""target"": ""SOL"", ""train_window"": 1440, ""transaction_cost_bps"": 10, ""universe_selection_method"": ""priority_with_coverage_fallback"", ""universe_size"": 30, ""zscore_lookback"": 720}",core,crypto,SOL,priority_with_coverage_fallback,30,30,"BTC,ETH,XRP,BNB,TRX,ADA,AVAX,DOT,NEAR,ATOM,ALGO,DOGE,BCH,LTC,XLM,ETC,LINK,UNI,AAVE,INJ,FIL,VET,FET,GRT,THETA,XTZ,SAND,CHZ,DASH,HBAR","TON,SUI,ICP,MKR,RENDER,RNDR,ARB,OP,MATIC,POL,APT,SEI,EOS,MANA","CHZ,DASH,HBAR",1440,24,0.9,explained_variance,,720,2.5,0.25,10.0,8760.0,0.6,5,480,1948,183,0.9141248240262787,,,0,0,OLS,,1949.5970352828253,3.136589676909999,0.7063702928470664,4.440432601246284,-0.37900648659787683,0.0031450577663671374,145,165.90277777777777,0.5232314776056928
"{""entry_z"": 2.5, ""exit_z"": 0.25, ""fixed_n_components"": null, ""max_holding_period"": null, ""min_asset_coverage"": 0.6, ""min_train_observations"": 480, ""min_universe_assets"": 5, ""pca_component_selection_method"": ""explained_variance"", ""pca_explained_variance"": 0.7, ""rebalance_frequency"": 24, ""regression_type"": ""OLS"", ""ridge_alpha"": 1.0, ""stage"": ""core"", ""stop_loss_z"": null, ""target"": ""SOL"", ""train_window"": 1440, ""transaction_cost_bps"": 10, ""universe_selection_method"": ""priority_with_coverage_fallback"", ""universe_size"": 30, ""zscore_lookback"": 1440}",core,crypto,SOL,priority_with_coverage_fallback,30,30,"BTC,ETH,XRP,BNB,TRX,ADA,AVAX,DOT,NEAR,ATOM,ALGO,DOGE,BCH,LTC,XLM,ETC,LINK,UNI,AAVE,INJ,FIL,VET,FET,GRT,THETA,XTZ,SAND,CHZ,DASH,HBAR","TON,SUI,ICP,MKR,RENDER,RNDR,ARB,OP,MATIC,POL,APT,SEI,EOS,MANA","CHZ,DASH,HBAR",1440,24,0.7,explained_variance,,1440,2.5,0.25,10.0,8760.0,0.6,5,480,1948,183,0.9141248240262787,,,0,0,OLS,,82.20553315204377,1.2902056570948068,0.7715249004052536,1.6722799956516108,-0.6092006616431929,0.0014548566538296961,68,356.6470588235294,0.5146792017153224
"{""entry_z"": 2.5, ""exit_z"": 0.25, ""fixed_n_components"": null, ""max_holding_period"": null, ""min_asset_coverage"": 0.6, ""min_train_observations"": 480, ""min_universe_assets"": 5, ""pca_component_selection_method"": ""explained_variance"", ""pca_explained_variance"": 0.8, ""rebalance_frequency"": 24, ""regression_type"": ""OLS"", ""ridge_alpha"": 1.0, ""stage"": ""core"", ""stop_loss_z"": null, ""target"": ""SOL"", ""train_window"": 1440, ""transaction_cost_bps"": 10, ""universe_selection_method"": ""priority_with_coverage_fallback"", ""universe_size"": 30, ""zscore_lookback"": 1440}",core,crypto,SOL,priority_with_coverage_fallback,30,30,"BTC,ETH,XRP,BNB,TRX,ADA,AVAX,DOT,NEAR,ATOM,ALGO,DOGE,BCH,LTC,XLM,ETC,LINK,UNI,AAVE,INJ,FIL,VET,FET,GRT,THETA,XTZ,SAND,CHZ,DASH,HBAR","TON,SUI,ICP,MKR,RENDER,RNDR,ARB,OP,MATIC,POL,APT,SEI,EOS,MANA","CHZ,DASH,HBAR",1440,24,0.8,explained_variance,,1440,2.5,0.25,10.0,8760.0,0.6,5,480,1948,183,0.9141248240262787,,,0,0,OLS,,427.72516815008737,2.1140270167061606,0.6909822494654482,3.0594519878645166,-0.5427435929527451,0.0018827556696619598,87,286.51162790697674,0.5149350649350649
"{""entry_z"": 2.5, ""exit_z"": 0.25, ""fixed_n_components"": null, ""max_holding_period"": null, ""min_asset_coverage"": 0.6, ""min_train_observations"": 480, ""min_universe_assets"": 5, ""pca_component_selection_method"": ""explained_variance"", ""pca_explained_variance"": 0.9, ""rebalance_frequency"": 24, ""regression_type"": ""OLS"", ""ridge_alpha"": 1.0, ""stage"": ""core"", ""stop_loss_z"": null, ""target"": ""SOL"", ""train_window"": 1440, ""transaction_cost_bps"": 10, ""universe_selection_method"": ""priority_with_coverage_fallback"", ""universe_size"": 30, ""zscore_lookback"": 1440}",core,crypto,SOL,priority_with_coverage_fallback,30,30,"BTC,ETH,XRP,BNB,TRX,ADA,AVAX,DOT,NEAR,ATOM,ALGO,DOGE,BCH,LTC,XLM,ETC,LINK,UNI,AAVE,INJ,FIL,VET,FET,GRT,THETA,XTZ,SAND,CHZ,DASH,HBAR","TON,SUI,ICP,MKR,RENDER,RNDR,ARB,OP,MATIC,POL,APT,SEI,EOS,MANA","CHZ,DASH,HBAR",1440,24,0.9,explained_variance,,1440,2.5,0.25,10.0,8760.0,0.6,5,480,1948,183,0.9141248240262787,,,0,0,OLS,,2024.3129897260508,3.1658343278949435,0.6949145701269861,4.555717298194555,-0.3583616064512535,0.0021822849807445442,101,176.8,0.5212669683257919
"{""entry_z"": 2.5, ""exit_z"": 0.25, ""fixed_n_components"": null, ""max_holding_period"": null, ""min_asset_coverage"": 0.6, ""min_train_observations"": 480, ""min_universe_assets"": 5, ""pca_component_selection_method"": ""explained_variance"", ""pca_explained_variance"": 0.7, ""rebalance_frequency"": 24, ""regression_type"": ""OLS"", ""ridge_alpha"": 1.0, ""stage"": ""core"", ""stop_loss_z"": null, ""target"": ""SOL"", ""train_window"": 2880, ""transaction_cost_bps"": 10, ""universe_selection_method"": ""priority_with_coverage_fallback"", ""universe_size"": 30, ""zscore_lookback"": 336}",core,crypto,SOL,priority_with_coverage_fallback,30,30,"BTC,ETH,XRP,BNB,TRX,ADA,AVAX,DOT,NEAR,ATOM,ALGO,DOGE,BCH,LTC,XLM,ETC,LINK,UNI,AAVE,INJ,FIL,VET,FET,GRT,THETA,XTZ,SAND,CHZ,DASH,HBAR","TON,SUI,ICP,MKR,RENDER,RNDR,ARB,OP,MATIC,POL,APT,SEI,EOS,MANA","CHZ,DASH,HBAR",2880,24,0.7,explained_variance,,336,2.5,0.25,10.0,8760.0,0.6,5,480,1948,123,0.9406084017382906,,,0,0,OLS,,0.15274571201387488,0.02699914300234174,0.8207391904101853,0.032896129876347484,-0.8295802584141057,0.004942233632862644,228,180.6637168141593,0.5023267205486163
"{""entry_z"": 2.5, ""exit_z"": 0.25, ""fixed_n_components"": null, ""max_holding_period"": null, ""min_asset_coverage"": 0.6, ""min_train_observations"": 480, ""min_universe_assets"": 5, ""pca_component_selection_method"": ""explained_variance"", ""pca_explained_variance"": 0.8, ""rebalance_frequency"": 24, ""regression_type"": ""OLS"", ""ridge_alpha"": 1.0, ""stage"": ""core"", ""stop_loss_z"": null, ""target"": ""SOL"", ""train_window"": 2880, ""transaction_cost_bps"": 10, ""universe_selection_method"": ""priority_with_coverage_fallback"", ""universe_size"": 30, ""zscore_lookback"": 336}",core,crypto,SOL,priority_with_coverage_fallback,30,30,"BTC,ETH,XRP,BNB,TRX,ADA,AVAX,DOT,NEAR,ATOM,ALGO,DOGE,BCH,LTC,XLM,ETC,LINK,UNI,AAVE,INJ,FIL,VET,FET,GRT,THETA,XTZ,SAND,CHZ,DASH,HBAR","TON,SUI,ICP,MKR,RENDER,RNDR,ARB,OP,MATIC,POL,APT,SEI,EOS,MANA","CHZ,DASH,HBAR",2880,24,0.8,explained_variance,,336,2.5,0.25,10.0,8760.0,0.6,5,480,1948,123,0.9406084017382906,,,0,0,OLS,,-0.3201154153627298,-0.06975992986012736,0.7495813672352314,-0.09306518666203119,-0.8936107996261886,0.004685494223363286,217,178.4814814814815,0.5012450715916165
"{""entry_z"": 2.5, ""exit_z"": 0.25, ""fixed_n_components"": null, ""max_holding_period"": null, ""min_asset_coverage"": 0.6, ""min_train_observations"": 480, ""min_universe_assets"": 5, ""pca_component_selection_method"": ""explained_variance"", ""pca_explained_variance"": 0.9, ""rebalance_frequency"": 24, ""regression_type"": ""OLS"", ""ridge_alpha"": 1.0, ""stage"": ""core"", ""stop_loss_z"": null, ""target"": ""SOL"", ""train_window"": 2880, ""transaction_cost_bps"": 10, ""universe_selection_method"": ""priority_with_coverage_fallback"", ""universe_size"": 30, ""zscore_lookback"": 336}",core,crypto,SOL,priority_with_coverage_fallback,30,30,"BTC,ETH,XRP,BNB,TRX,ADA,AVAX,DOT,NEAR,ATOM,ALGO,DOGE,BCH,LTC,XLM,ETC,LINK,UNI,AAVE,INJ,FIL,VET,FET,GRT,THETA,XTZ,SAND,CHZ,DASH,HBAR","TON,SUI,ICP,MKR,RENDER,RNDR,ARB,OP,MATIC,POL,APT,SEI,EOS,MANA","CHZ,DASH,HBAR",2880,24,0.9,explained_variance,,336,2.5,0.25,10.0,8760.0,0.6,5,480,1948,123,0.9406084017382906,,,0,0,OLS,,5.158807525946143,0.4059415837225486,0.7261320249378014,0.559046522920292,-0.5979683532176643,0.004878048780487805,228,164.82456140350877,0.5080894092602448
"{""entry_z"": 2.5, ""exit_z"": 0.25, ""fixed_n_components"": null, ""max_holding_period"": null, ""min_asset_coverage"": 0.6, ""min_train_observations"": 480, ""min_universe_assets"": 5, ""pca_component_selection_method"": ""explained_variance"", ""pca_explained_variance"": 0.7, ""rebalance_frequency"": 24, ""regression_type"": ""OLS"", ""ridge_alpha"": 1.0, ""stage"": ""core"", ""stop_loss_z"": null, ""target"": ""SOL"", ""train_window"": 2880, ""transaction_cost_bps"": 10, ""universe_selection_method"": ""priority_with_coverage_fallback"", ""universe_size"": 30, ""zscore_lookback"": 720}",core,crypto,SOL,priority_with_coverage_fallback,30,30,"BTC,ETH,XRP,BNB,TRX,ADA,AVAX,DOT,NEAR,ATOM,ALGO,DOGE,BCH,LTC,XLM,ETC,LINK,UNI,AAVE,INJ,FIL,VET,FET,GRT,THETA,XTZ,SAND,CHZ,DASH,HBAR","TON,SUI,ICP,MKR,RENDER,RNDR,ARB,OP,MATIC,POL,APT,SEI,EOS,MANA","CHZ,DASH,HBAR",2880,24,0.7,explained_variance,,720,2.5,0.25,10.0,8760.0,0.6,5,480,1948,123,0.9406084017382906,,,0,0,OLS,,11.324378877904767,0.6011459897257656,0.7658583777079013,0.7849310097317274,-0.6515510333764425,0.002610183996576808,120,314.8135593220339,0.5066759987078712
"{""entry_z"": 2.5, ""exit_z"": 0.25, ""fixed_n_components"": null, ""max_holding_period"": null, ""min_asset_coverage"": 0.6, ""min_train_observations"": 480, ""min_universe_assets"": 5, ""pca_component_selection_method"": ""explained_variance"", ""pca_explained_variance"": 0.8, ""rebalance_frequency"": 24, ""regression_type"": ""OLS"", ""ridge_alpha"": 1.0, ""stage"": ""core"", ""stop_loss_z"": null, ""target"": ""SOL"", ""train_window"": 2880, ""transaction_cost_bps"": 10, ""universe_selection_method"": ""priority_with_coverage_fallback"", ""universe_size"": 30, ""zscore_lookback"": 720}",core,crypto,SOL,priority_with_coverage_fallback,30,30,"BTC,ETH,XRP,BNB,TRX,ADA,AVAX,DOT,NEAR,ATOM,ALGO,DOGE,BCH,LTC,XLM,ETC,LINK,UNI,AAVE,INJ,FIL,VET,FET,GRT,THETA,XTZ,SAND,CHZ,DASH,HBAR","TON,SUI,ICP,MKR,RENDER,RNDR,ARB,OP,MATIC,POL,APT,SEI,EOS,MANA","CHZ,DASH,HBAR",2880,24,0.8,explained_variance,,720,2.5,0.25,10.0,8760.0,0.6,5,480,1948,123,0.9406084017382906,,,0,0,OLS,,8.278049586929052,0.5181703632782142,0.7285841926020928,0.711201764380313,-0.6664450071616441,0.0028241335044929395,132,288.27272727272725,0.5066750762115001
"{""entry_z"": 2.5, ""exit_z"": 0.25, ""fixed_n_components"": null, ""max_holding_period"": null, ""min_asset_coverage"": 0.6, ""min_train_observations"": 480, ""min_universe_assets"": 5, ""pca_component_selection_method"": ""explained_variance"", ""pca_explained_variance"": 0.9, ""rebalance_frequency"": 24, ""regression_type"": ""OLS"", ""ridge_alpha"": 1.0, ""stage"": ""core"", ""stop_loss_z"": null, ""target"": ""SOL"", ""train_window"": 2880, ""transaction_cost_bps"": 10, ""universe_selection_method"": ""priority_with_coverage_fallback"", ""universe_size"": 30, ""zscore_lookback"": 720}",core,crypto,SOL,priority_with_coverage_fallback,30,30,"BTC,ETH,XRP,BNB,TRX,ADA,AVAX,DOT,NEAR,ATOM,ALGO,DOGE,BCH,LTC,XLM,ETC,LINK,UNI,AAVE,INJ,FIL,VET,FET,GRT,THETA,XTZ,SAND,CHZ,DASH,HBAR","TON,SUI,ICP,MKR,RENDER,RNDR,ARB,OP,MATIC,POL,APT,SEI,EOS,MANA","CHZ,DASH,HBAR",2880,24,0.9,explained_variance,,720,2.5,0.25,10.0,8760.0,0.6,5,480,1948,123,0.9406084017382906,,,0,0,OLS,,147.92725325598548,1.5542201027722742,0.6689102617061167,2.3235106287771607,-0.45619209053047627,0.0028241335044929395,130,243.015625,0.5116697743200669
"{""entry_z"": 2.5, ""exit_z"": 0.25, ""fixed_n_components"": null, ""max_holding_period"": null, ""min_asset_coverage"": 0.6, ""min_train_observations"": 480, ""min_universe_assets"": 5, ""pca_component_selection_method"": ""explained_variance"", ""pca_explained_variance"": 0.7, ""rebalance_frequency"": 24, ""regression_type"": ""OLS"", ""ridge_alpha"": 1.0, ""stage"": ""core"", ""stop_loss_z"": null, ""target"": ""SOL"", ""train_window"": 2880, ""transaction_cost_bps"": 10, ""universe_selection_method"": ""priority_with_coverage_fallback"", ""universe_size"": 30, ""zscore_lookback"": 1440}",core,crypto,SOL,priority_with_coverage_fallback,30,30,"BTC,ETH,XRP,BNB,TRX,ADA,AVAX,DOT,NEAR,ATOM,ALGO,DOGE,BCH,LTC,XLM,ETC,LINK,UNI,AAVE,INJ,FIL,VET,FET,GRT,THETA,XTZ,SAND,CHZ,DASH,HBAR","TON,SUI,ICP,MKR,RENDER,RNDR,ARB,OP,MATIC,POL,APT,SEI,EOS,MANA","CHZ,DASH,HBAR",2880,24,0.7,explained_variance,,1440,2.5,0.25,10.0,8760.0,0.6,5,480,1948,123,0.9406084017382906,,,0,0,OLS,,54.764263150969676,1.124719638268223,0.6922253443746087,1.6247882967711207,-0.6521521879274641,0.0014548566538296961,67,448.8787878787879,0.5077972051576318
"{""entry_z"": 2.5, ""exit_z"": 0.25, ""fixed_n_components"": null, ""max_holding_period"": null, ""min_asset_coverage"": 0.6, ""min_train_observations"": 480, ""min_universe_assets"": 5, ""pca_component_selection_method"": ""explained_variance"", ""pca_explained_variance"": 0.8, ""rebalance_frequency"": 24, ""regression_type"": ""OLS"", ""ridge_alpha"": 1.0, ""stage"": ""core"", ""stop_loss_z"": null, ""target"": ""SOL"", ""train_window"": 2880, ""transaction_cost_bps"": 10, ""universe_selection_method"": ""priority_with_coverage_fallback"", ""universe_size"": 30, ""zscore_lookback"": 1440}",core,crypto,SOL,priority_with_coverage_fallback,30,30,"BTC,ETH,XRP,BNB,TRX,ADA,AVAX,DOT,NEAR,ATOM,ALGO,DOGE,BCH,LTC,XLM,ETC,LINK,UNI,AAVE,INJ,FIL,VET,FET,GRT,THETA,XTZ,SAND,CHZ,DASH,HBAR","TON,SUI,ICP,MKR,RENDER,RNDR,ARB,OP,MATIC,POL,APT,SEI,EOS,MANA","CHZ,DASH,HBAR",2880,24,0.8,explained_variance,,1440,2.5,0.25,10.0,8760.0,0.6,5,480,1948,123,0.9406084017382906,,,0,0,OLS,,68.49489428505584,1.2142078526230677,0.7535176425507051,1.6113860964328546,-0.7500431193278888,0.0014548566538296961,68,466.61764705882354,0.5085408131106208
