market,target,universe_selection_method,universe_size_requested,universe_size_actual,universe_assets,missing_priority_assets,filled_from_fallback,train_window,rebalance_frequency,pca_explained_variance,zscore_lookback,entry_z,exit_z,transaction_cost_bps,annualization_factor,total_return,annualized_return,annualized_volatility,sharpe_ratio,max_drawdown,turnover,number_of_trades,average_holding_period,hit_rate
usa,AAPL,priority,30,30,"NVDA,MSFT,AVGO,ORCL,AMD,CSCO,QCOM,TXN,IBM,ACN,ADI,GOOGL,META,NFLX,DIS,VZ,AMZN,TSLA,HD,MCD,LOW,WMT,COST,PG,KO,PEP,PM,BRK-B,JPM,V","TMUS,CMCSA,BKNG,SBUX",,252,5,0.8,60,1.0,0.0,5.0,252.0,1.619097434192002,0.1132818737676653,0.26102138181950396,0.4339946136903053,-0.4122352313304575,0.03936311366651924,45,2189.0,0.5221562357240749
usa,AAPL,priority,30,30,"NVDA,MSFT,AVGO,ORCL,AMD,CSCO,QCOM,TXN,IBM,ACN,ADI,GOOGL,META,NFLX,DIS,VZ,AMZN,TSLA,HD,MCD,LOW,WMT,COST,PG,KO,PEP,PM,BRK-B,JPM,V","TMUS,CMCSA,BKNG,SBUX",,252,5,0.8,60,1.0,0.25,5.0,252.0,1.1679558369229261,0.09007037570972609,0.23502780993038075,0.3832328426853251,-0.354312555253509,0.058823529411764705,121,30.745454545454546,0.5209934949733885
usa,AAPL,priority,30,30,"NVDA,MSFT,AVGO,ORCL,AMD,CSCO,QCOM,TXN,IBM,ACN,ADI,GOOGL,META,NFLX,DIS,VZ,AMZN,TSLA,HD,MCD,LOW,WMT,COST,PG,KO,PEP,PM,BRK-B,JPM,V","TMUS,CMCSA,BKNG,SBUX",,252,5,0.8,60,1.0,0.5,5.0,252.0,0.5558779711588944,0.05050144398734391,0.22540738042203712,0.22404521046643863,-0.3202595942862695,0.06855373728438743,151,19.986486486486488,0.5233265720081136
usa,AAPL,priority,30,30,"NVDA,MSFT,AVGO,ORCL,AMD,CSCO,QCOM,TXN,IBM,ACN,ADI,GOOGL,META,NFLX,DIS,VZ,AMZN,TSLA,HD,MCD,LOW,WMT,COST,PG,KO,PEP,PM,BRK-B,JPM,V","TMUS,CMCSA,BKNG,SBUX",,252,5,0.8,60,1.0,0.75,5.0,252.0,0.38048540878669046,0.03659058923478198,0.21535807049521097,0.16990581848473454,-0.3962231926531967,0.0871295886775763,196,13.63265306122449,0.5224550898203593
usa,AAPL,priority,30,30,"NVDA,MSFT,AVGO,ORCL,AMD,CSCO,QCOM,TXN,IBM,ACN,ADI,GOOGL,META,NFLX,DIS,VZ,AMZN,TSLA,HD,MCD,LOW,WMT,COST,PG,KO,PEP,PM,BRK-B,JPM,V","TMUS,CMCSA,BKNG,SBUX",,252,5,0.8,60,1.5,0.0,5.0,252.0,4.530740303151477,0.21000451115977792,0.26069698232105004,0.8055502188404927,-0.26895581833525806,0.03582485625829279,41,2185.0,0.5386727688787185
usa,AAPL,priority,30,30,"NVDA,MSFT,AVGO,ORCL,AMD,CSCO,QCOM,TXN,IBM,ACN,ADI,GOOGL,META,NFLX,DIS,VZ,AMZN,TSLA,HD,MCD,LOW,WMT,COST,PG,KO,PEP,PM,BRK-B,JPM,V","TMUS,CMCSA,BKNG,SBUX",,252,5,0.8,60,1.5,0.25,5.0,252.0,3.5221484097894074,0.18315468273869184,0.2251579535540855,0.8134497575929336,-0.26895581833525783,0.05174701459531181,107,31.0,0.5398288347597103
usa,AAPL,priority,30,30,"NVDA,MSFT,AVGO,ORCL,AMD,CSCO,QCOM,TXN,IBM,ACN,ADI,GOOGL,META,NFLX,DIS,VZ,AMZN,TSLA,HD,MCD,LOW,WMT,COST,PG,KO,PEP,PM,BRK-B,JPM,V","TMUS,CMCSA,BKNG,SBUX",,252,5,0.8,60,1.5,0.5,5.0,252.0,2.1468931932326676,0.13629603852955308,0.21566411772940344,0.6319829184591823,-0.22094725763355982,0.055285272003538256,121,22.10169491525424,0.5437116564417178
usa,AAPL,priority,30,30,"NVDA,MSFT,AVGO,ORCL,AMD,CSCO,QCOM,TXN,IBM,ACN,ADI,GOOGL,META,NFLX,DIS,VZ,AMZN,TSLA,HD,MCD,LOW,WMT,COST,PG,KO,PEP,PM,BRK-B,JPM,V","TMUS,CMCSA,BKNG,SBUX",,252,5,0.8,60,1.5,0.75,5.0,252.0,0.9209732433272257,0.07547395878086571,0.20348362992024296,0.3709092412517328,-0.25027948309386105,0.059708093763821316,134,16.970149253731343,0.5338610378188214
usa,AAPL,priority,30,30,"NVDA,MSFT,AVGO,ORCL,AMD,CSCO,QCOM,TXN,IBM,ACN,ADI,GOOGL,META,NFLX,DIS,VZ,AMZN,TSLA,HD,MCD,LOW,WMT,COST,PG,KO,PEP,PM,BRK-B,JPM,V","TMUS,CMCSA,BKNG,SBUX",,252,5,0.8,60,1.5,1.0,5.0,252.0,0.6515255214564584,0.057509867785493496,0.19424370681102274,0.2960706873321982,-0.2770623198943326,0.0659000442282176,148,13.175675675675675,0.5302564102564102
usa,AAPL,priority,30,30,"NVDA,MSFT,AVGO,ORCL,AMD,CSCO,QCOM,TXN,IBM,ACN,ADI,GOOGL,META,NFLX,DIS,VZ,AMZN,TSLA,HD,MCD,LOW,WMT,COST,PG,KO,PEP,PM,BRK-B,JPM,V","TMUS,CMCSA,BKNG,SBUX",,252,5,0.8,60,2.0,0.0,5.0,252.0,4.796543117169774,0.21635148998563491,0.26064266940923775,0.830069345422254,-0.28966439379488074,0.02697921273772667,31,2184.0,0.5338827838827839
usa,AAPL,priority,30,30,"NVDA,MSFT,AVGO,ORCL,AMD,CSCO,QCOM,TXN,IBM,ACN,ADI,GOOGL,META,NFLX,DIS,VZ,AMZN,TSLA,HD,MCD,LOW,WMT,COST,PG,KO,PEP,PM,BRK-B,JPM,V","TMUS,CMCSA,BKNG,SBUX",,252,5,0.8,60,2.0,0.25,5.0,252.0,1.9917004457376577,0.1299090941112837,0.21038654798758366,0.6174781389490288,-0.26895581833525783,0.03936311366651924,86,30.928571428571427,0.5373364126250962
usa,AAPL,priority,30,30,"NVDA,MSFT,AVGO,ORCL,AMD,CSCO,QCOM,TXN,IBM,ACN,ADI,GOOGL,META,NFLX,DIS,VZ,AMZN,TSLA,HD,MCD,LOW,WMT,COST,PG,KO,PEP,PM,BRK-B,JPM,V","TMUS,CMCSA,BKNG,SBUX",,252,5,0.8,60,2.0,0.5,5.0,252.0,1.4515263949938113,0.1051079304705782,0.20051961803709506,0.5241777911781869,-0.22094725763355993,0.04201680672268908,95,22.166666666666668,0.5422932330827067
usa,AAPL,priority,30,30,"NVDA,MSFT,AVGO,ORCL,AMD,CSCO,QCOM,TXN,IBM,ACN,ADI,GOOGL,META,NFLX,DIS,VZ,AMZN,TSLA,HD,MCD,LOW,WMT,COST,PG,KO,PEP,PM,BRK-B,JPM,V","TMUS,CMCSA,BKNG,SBUX",,252,5,0.8,60,2.0,0.75,5.0,252.0,0.6586552652680262,0.05801772490748425,0.18681164137182857,0.3105680378451693,-0.22613474265242905,0.04290137107474569,97,17.897959183673468,0.5393386545039909
usa,AAPL,priority,30,30,"NVDA,MSFT,AVGO,ORCL,AMD,CSCO,QCOM,TXN,IBM,ACN,ADI,GOOGL,META,NFLX,DIS,VZ,AMZN,TSLA,HD,MCD,LOW,WMT,COST,PG,KO,PEP,PM,BRK-B,JPM,V","TMUS,CMCSA,BKNG,SBUX",,252,5,0.8,60,2.0,1.0,5.0,252.0,0.6344190348329752,0.056283369492556634,0.17911938618593556,0.3142226572512451,-0.23908916611485564,0.04467049977885891,101,14.07843137254902,0.5459610027855153
usa,AAPL,priority,30,30,"NVDA,MSFT,AVGO,ORCL,AMD,CSCO,QCOM,TXN,IBM,ACN,ADI,GOOGL,META,NFLX,DIS,VZ,AMZN,TSLA,HD,MCD,LOW,WMT,COST,PG,KO,PEP,PM,BRK-B,JPM,V","TMUS,CMCSA,BKNG,SBUX",,252,5,0.8,60,2.5,0.0,5.0,252.0,1.7983711961313036,0.12152738140301711,0.2607477289930644,0.46607263607749233,-0.2545292064431105,0.0145953118089341,17,2181.0,0.5153599266391563
usa,AAPL,priority,30,30,"NVDA,MSFT,AVGO,ORCL,AMD,CSCO,QCOM,TXN,IBM,ACN,ADI,GOOGL,META,NFLX,DIS,VZ,AMZN,TSLA,HD,MCD,LOW,WMT,COST,PG,KO,PEP,PM,BRK-B,JPM,V","TMUS,CMCSA,BKNG,SBUX",,252,5,0.8,60,2.5,0.25,5.0,252.0,1.2570548269754656,0.09497467320273834,0.18911290125438507,0.5022114967977951,-0.21905154780489156,0.02344095532950022,51,37.56,0.5335463258785943
usa,AAPL,priority,30,30,"NVDA,MSFT,AVGO,ORCL,AMD,CSCO,QCOM,TXN,IBM,ACN,ADI,GOOGL,META,NFLX,DIS,VZ,AMZN,TSLA,HD,MCD,LOW,WMT,COST,PG,KO,PEP,PM,BRK-B,JPM,V","TMUS,CMCSA,BKNG,SBUX",,252,5,0.8,60,2.5,0.5,5.0,252.0,0.7338007202299812,0.06325560157426868,0.175309019602809,0.3608234289233064,-0.21905154780489167,0.024325519681556832,55,25.571428571428573,0.5405027932960894
usa,AAPL,priority,30,30,"NVDA,MSFT,AVGO,ORCL,AMD,CSCO,QCOM,TXN,IBM,ACN,ADI,GOOGL,META,NFLX,DIS,VZ,AMZN,TSLA,HD,MCD,LOW,WMT,COST,PG,KO,PEP,PM,BRK-B,JPM,V","TMUS,CMCSA,BKNG,SBUX",,252,5,0.8,60,2.5,0.75,5.0,252.0,0.5359143736220549,0.048990499042728786,0.16260487406470633,0.3012855507838818,-0.21905154780489167,0.025210084033613446,57,20.103448275862068,0.5454545454545454
usa,AAPL,priority,30,30,"NVDA,MSFT,AVGO,ORCL,AMD,CSCO,QCOM,TXN,IBM,ACN,ADI,GOOGL,META,NFLX,DIS,VZ,AMZN,TSLA,HD,MCD,LOW,WMT,COST,PG,KO,PEP,PM,BRK-B,JPM,V","TMUS,CMCSA,BKNG,SBUX",,252,5,0.8,60,2.5,1.0,5.0,252.0,0.5973019145243239,0.0535824347409517,0.1550595081728406,0.34556045851264294,-0.21905154780489156,0.026094648385670056,59,15.033333333333333,0.5609756097560976
usa,AAPL,priority,30,30,"NVDA,MSFT,AVGO,ORCL,AMD,CSCO,QCOM,TXN,IBM,ACN,ADI,GOOGL,META,NFLX,DIS,VZ,AMZN,TSLA,HD,MCD,LOW,WMT,COST,PG,KO,PEP,PM,BRK-B,JPM,V","TMUS,CMCSA,BKNG,SBUX",,252,5,0.8,60,3.0,0.0,5.0,252.0,0.643424959237644,0.05693048904958853,0.25988689897773753,0.21905871082199227,-0.32829755156411666,0.007518796992481203,9,2151.0,0.5053463505346351
usa,AAPL,priority,30,30,"NVDA,MSFT,AVGO,ORCL,AMD,CSCO,QCOM,TXN,IBM,ACN,ADI,GOOGL,META,NFLX,DIS,VZ,AMZN,TSLA,HD,MCD,LOW,WMT,COST,PG,KO,PEP,PM,BRK-B,JPM,V","TMUS,CMCSA,BKNG,SBUX",,252,5,0.8,60,3.0,0.25,5.0,252.0,0.5021527715687315,0.04639508132820436,0.16191881365214114,0.2865329870059288,-0.21905154780489167,0.013710747456877488,31,36.0625,0.5147313691507799
usa,AAPL,priority,30,30,"NVDA,MSFT,AVGO,ORCL,AMD,CSCO,QCOM,TXN,IBM,ACN,ADI,GOOGL,META,NFLX,DIS,VZ,AMZN,TSLA,HD,MCD,LOW,WMT,COST,PG,KO,PEP,PM,BRK-B,JPM,V","TMUS,CMCSA,BKNG,SBUX",,252,5,0.8,60,3.0,0.5,5.0,252.0,0.36398505584979746,0.03520228019135274,0.1514136129372672,0.23249085408151207,-0.21905154780489156,0.013710747456877488,31,26.125,0.5239234449760766
usa,AAPL,priority,30,30,"NVDA,MSFT,AVGO,ORCL,AMD,CSCO,QCOM,TXN,IBM,ACN,ADI,GOOGL,META,NFLX,DIS,VZ,AMZN,TSLA,HD,MCD,LOW,WMT,COST,PG,KO,PEP,PM,BRK-B,JPM,V","TMUS,CMCSA,BKNG,SBUX",,252,5,0.8,60,3.0,0.75,5.0,252.0,0.36162385886872617,0.03500239434247887,0.1450634442156286,0.24129024739306335,-0.21905154780489156,0.0145953118089341,33,20.352941176470587,0.5202312138728323
usa,AAPL,priority,30,30,"NVDA,MSFT,AVGO,ORCL,AMD,CSCO,QCOM,TXN,IBM,ACN,ADI,GOOGL,META,NFLX,DIS,VZ,AMZN,TSLA,HD,MCD,LOW,WMT,COST,PG,KO,PEP,PM,BRK-B,JPM,V","TMUS,CMCSA,BKNG,SBUX",,252,5,0.8,60,3.0,1.0,5.0,252.0,0.37363782237285026,0.03601624542952586,0.14059114017248692,0.2561772056570467,-0.21905154780489144,0.0145953118089341,33,15.823529411764707,0.5315985130111525
usa,AAPL,priority,30,30,"NVDA,MSFT,AVGO,ORCL,AMD,CSCO,QCOM,TXN,IBM,ACN,ADI,GOOGL,META,NFLX,DIS,VZ,AMZN,TSLA,HD,MCD,LOW,WMT,COST,PG,KO,PEP,PM,BRK-B,JPM,V","TMUS,CMCSA,BKNG,SBUX",,252,10,0.8,60,1.0,0.0,5.0,252.0,1.8312927557376821,0.12299031910269376,0.2838617294307657,0.4332754519227689,-0.3867884542710015,0.03759398496240601,43,2190.0,0.5132420091324201
usa,AAPL,priority,30,30,"NVDA,MSFT,AVGO,ORCL,AMD,CSCO,QCOM,TXN,IBM,ACN,ADI,GOOGL,META,NFLX,DIS,VZ,AMZN,TSLA,HD,MCD,LOW,WMT,COST,PG,KO,PEP,PM,BRK-B,JPM,V","TMUS,CMCSA,BKNG,SBUX",,252,10,0.8,60,1.0,0.25,5.0,252.0,1.2283548223128622,0.09341400656854004,0.25706563656533676,0.3633858177882036,-0.31735882706948015,0.058823529411764705,121,30.6,0.5103980986333928
usa,AAPL,priority,30,30,"NVDA,MSFT,AVGO,ORCL,AMD,CSCO,QCOM,TXN,IBM,ACN,ADI,GOOGL,META,NFLX,DIS,VZ,AMZN,TSLA,HD,MCD,LOW,WMT,COST,PG,KO,PEP,PM,BRK-B,JPM,V","TMUS,CMCSA,BKNG,SBUX",,252,10,0.8,60,1.0,0.5,5.0,252.0,0.5492100654484942,0.04999870925854477,0.2507392187339345,0.19940522073493266,-0.3468559346556276,0.06413091552410438,138,22.757575757575758,0.5086551264980027
usa,AAPL,priority,30,30,"NVDA,MSFT,AVGO,ORCL,AMD,CSCO,QCOM,TXN,IBM,ACN,ADI,GOOGL,META,NFLX,DIS,VZ,AMZN,TSLA,HD,MCD,LOW,WMT,COST,PG,KO,PEP,PM,BRK-B,JPM,V","TMUS,CMCSA,BKNG,SBUX",,252,10,0.8,60,1.0,0.75,5.0,252.0,0.5727349664963715,0.05176391086274834,0.24157947848623998,0.2142727982819813,-0.29024344949387715,0.08624502432551968,193,13.958333333333334,0.5104477611940299
usa,AAPL,priority,30,30,"NVDA,MSFT,AVGO,ORCL,AMD,CSCO,QCOM,TXN,IBM,ACN,ADI,GOOGL,META,NFLX,DIS,VZ,AMZN,TSLA,HD,MCD,LOW,WMT,COST,PG,KO,PEP,PM,BRK-B,JPM,V","TMUS,CMCSA,BKNG,SBUX",,252,10,0.8,60,1.5,0.0,5.0,252.0,5.506079546015786,0.2321074920450128,0.2835365934161471,0.8186156476259424,-0.31735854163969424,0.03582485625829279,41,2185.0,0.519908466819222
usa,AAPL,priority,30,30,"NVDA,MSFT,AVGO,ORCL,AMD,CSCO,QCOM,TXN,IBM,ACN,ADI,GOOGL,META,NFLX,DIS,VZ,AMZN,TSLA,HD,MCD,LOW,WMT,COST,PG,KO,PEP,PM,BRK-B,JPM,V","TMUS,CMCSA,BKNG,SBUX",,252,10,0.8,60,1.5,0.25,5.0,252.0,2.434756984622235,0.14743567506483268,0.2478887909623322,0.5947653965815509,-0.31735854163969435,0.04820875718708536,101,31.914893617021278,0.5126666666666667
usa,AAPL,priority,30,30,"NVDA,MSFT,AVGO,ORCL,AMD,CSCO,QCOM,TXN,IBM,ACN,ADI,GOOGL,META,NFLX,DIS,VZ,AMZN,TSLA,HD,MCD,LOW,WMT,COST,PG,KO,PEP,PM,BRK-B,JPM,V","TMUS,CMCSA,BKNG,SBUX",,252,10,0.8,60,1.5,0.5,5.0,252.0,1.4522079861455977,0.10514217083721888,0.24057796453551966,0.4370399052972924,-0.31735854163969435,0.04997788589119859,109,24.69811320754717,0.5103132161955691
usa,AAPL,priority,30,30,"NVDA,MSFT,AVGO,ORCL,AMD,CSCO,QCOM,TXN,IBM,ACN,ADI,GOOGL,META,NFLX,DIS,VZ,AMZN,TSLA,HD,MCD,LOW,WMT,COST,PG,KO,PEP,PM,BRK-B,JPM,V","TMUS,CMCSA,BKNG,SBUX",,252,10,0.8,60,1.5,0.75,5.0,252.0,0.7462255441115375,0.06410214657640245,0.22889515060133897,0.28005026060184024,-0.2987665608172867,0.054400707651481646,122,18.16393442622951,0.5072202166064982
usa,AAPL,priority,30,30,"NVDA,MSFT,AVGO,ORCL,AMD,CSCO,QCOM,TXN,IBM,ACN,ADI,GOOGL,META,NFLX,DIS,VZ,AMZN,TSLA,HD,MCD,LOW,WMT,COST,PG,KO,PEP,PM,BRK-B,JPM,V","TMUS,CMCSA,BKNG,SBUX",,252,10,0.8,60,1.5,1.0,5.0,252.0,0.5209417395202105,0.0478458004489013,0.22135358153508145,0.21615101105250656,-0.31652204595880773,0.06059265811587793,137,14.072463768115941,0.4984552008238929
usa,AAPL,priority,30,30,"NVDA,MSFT,AVGO,ORCL,AMD,CSCO,QCOM,TXN,IBM,ACN,ADI,GOOGL,META,NFLX,DIS,VZ,AMZN,TSLA,HD,MCD,LOW,WMT,COST,PG,KO,PEP,PM,BRK-B,JPM,V","TMUS,CMCSA,BKNG,SBUX",,252,10,0.8,60,2.0,0.0,5.0,252.0,3.7138597007352843,0.1886425364843609,0.28362474929221404,0.6651131008669682,-0.3173585416396941,0.02697921273772667,31,2184.0,0.5164835164835165
usa,AAPL,priority,30,30,"NVDA,MSFT,AVGO,ORCL,AMD,CSCO,QCOM,TXN,IBM,ACN,ADI,GOOGL,META,NFLX,DIS,VZ,AMZN,TSLA,HD,MCD,LOW,WMT,COST,PG,KO,PEP,PM,BRK-B,JPM,V","TMUS,CMCSA,BKNG,SBUX",,252,10,0.8,60,2.0,0.25,5.0,252.0,1.904196850713674,0.12617690956722782,0.2381870738529336,0.5297386945738902,-0.31735854163969424,0.03759398496240601,80,32.473684210526315,0.5243111831442464
usa,AAPL,priority,30,30,"NVDA,MSFT,AVGO,ORCL,AMD,CSCO,QCOM,TXN,IBM,ACN,ADI,GOOGL,META,NFLX,DIS,VZ,AMZN,TSLA,HD,MCD,LOW,WMT,COST,PG,KO,PEP,PM,BRK-B,JPM,V","TMUS,CMCSA,BKNG,SBUX",,252,10,0.8,60,2.0,0.5,5.0,252.0,1.2713933835076694,0.09574778945097417,0.23127376488295193,0.4140019491593969,-0.3173585416396941,0.03936311366651924,88,24.5,0.5241187384044527
usa,AAPL,priority,30,30,"NVDA,MSFT,AVGO,ORCL,AMD,CSCO,QCOM,TXN,IBM,ACN,ADI,GOOGL,META,NFLX,DIS,VZ,AMZN,TSLA,HD,MCD,LOW,WMT,COST,PG,KO,PEP,PM,BRK-B,JPM,V","TMUS,CMCSA,BKNG,SBUX",,252,10,0.8,60,2.0,0.75,5.0,252.0,1.065022489884126,0.08417646657177613,0.2167361102481717,0.38838228883682857,-0.2767980617703484,0.04201680672268908,94,17.70212765957447,0.5240384615384616
usa,AAPL,priority,30,30,"NVDA,MSFT,AVGO,ORCL,AMD,CSCO,QCOM,TXN,IBM,ACN,ADI,GOOGL,META,NFLX,DIS,VZ,AMZN,TSLA,HD,MCD,LOW,WMT,COST,PG,KO,PEP,PM,BRK-B,JPM,V","TMUS,CMCSA,BKNG,SBUX",,252,10,0.8,60,2.0,1.0,5.0,252.0,0.8333132188546675,0.06988986024696575,0.20966450817767252,0.33334139790479056,-0.2767980617703485,0.04467049977885891,101,14.058823529411764,0.5216178521617852
usa,AAPL,priority,30,30,"NVDA,MSFT,AVGO,ORCL,AMD,CSCO,QCOM,TXN,IBM,ACN,ADI,GOOGL,META,NFLX,DIS,VZ,AMZN,TSLA,HD,MCD,LOW,WMT,COST,PG,KO,PEP,PM,BRK-B,JPM,V","TMUS,CMCSA,BKNG,SBUX",,252,10,0.8,60,2.5,0.0,5.0,252.0,1.3348570258853831,0.09911843142210053,0.2836854132534056,0.3493955867711877,-0.31735854163969424,0.0145953118089341,17,2181.0,0.5025217790004585
usa,AAPL,priority,30,30,"NVDA,MSFT,AVGO,ORCL,AMD,CSCO,QCOM,TXN,IBM,ACN,ADI,GOOGL,META,NFLX,DIS,VZ,AMZN,TSLA,HD,MCD,LOW,WMT,COST,PG,KO,PEP,PM,BRK-B,JPM,V","TMUS,CMCSA,BKNG,SBUX",,252,10,0.8,60,2.5,0.25,5.0,252.0,1.2305297464367122,0.09353289952671529,0.2139640103418768,0.43714314092947776,-0.3173585416396939,0.02344095532950022,51,34.84,0.5269804822043628
usa,AAPL,priority,30,30,"NVDA,MSFT,AVGO,ORCL,AMD,CSCO,QCOM,TXN,IBM,ACN,ADI,GOOGL,META,NFLX,DIS,VZ,AMZN,TSLA,HD,MCD,LOW,WMT,COST,PG,KO,PEP,PM,BRK-B,JPM,V","TMUS,CMCSA,BKNG,SBUX",,252,10,0.8,60,2.5,0.5,5.0,252.0,0.7071608698543199,0.0614222169357439,0.20899933433029425,0.293887141471344,-0.3173585416396941,0.02344095532950022,53,28.11111111111111,0.5270092226613966
usa,AAPL,priority,30,30,"NVDA,MSFT,AVGO,ORCL,AMD,CSCO,QCOM,TXN,IBM,ACN,ADI,GOOGL,META,NFLX,DIS,VZ,AMZN,TSLA,HD,MCD,LOW,WMT,COST,PG,KO,PEP,PM,BRK-B,JPM,V","TMUS,CMCSA,BKNG,SBUX",,252,10,0.8,60,2.5,0.75,5.0,252.0,0.6914484766209201,0.06032891889514169,0.1950905687691864,0.3092354452383469,-0.2767980617703484,0.025210084033613446,57,19.24137931034483,0.5340501792114696
usa,AAPL,priority,30,30,"NVDA,MSFT,AVGO,ORCL,AMD,CSCO,QCOM,TXN,IBM,ACN,ADI,GOOGL,META,NFLX,DIS,VZ,AMZN,TSLA,HD,MCD,LOW,WMT,COST,PG,KO,PEP,PM,BRK-B,JPM,V","TMUS,CMCSA,BKNG,SBUX",,252,10,0.8,60,2.5,1.0,5.0,252.0,0.51133282784888,0.047105886688981524,0.18943791712712468,0.2486613419496717,-0.2767980617703486,0.026094648385670056,59,15.966666666666667,0.5323590814196242
usa,AAPL,priority,30,30,"NVDA,MSFT,AVGO,ORCL,AMD,CSCO,QCOM,TXN,IBM,ACN,ADI,GOOGL,META,NFLX,DIS,VZ,AMZN,TSLA,HD,MCD,LOW,WMT,COST,PG,KO,PEP,PM,BRK-B,JPM,V","TMUS,CMCSA,BKNG,SBUX",,252,10,0.8,60,3.0,0.0,5.0,252.0,0.45803994580630425,0.04292466537055506,0.28301689807888253,0.15166820660507377,-0.44401042282936154,0.007518796992481203,9,2151.0,0.5053463505346351
usa,AAPL,priority,30,30,"NVDA,MSFT,AVGO,ORCL,AMD,CSCO,QCOM,TXN,IBM,ACN,ADI,GOOGL,META,NFLX,DIS,VZ,AMZN,TSLA,HD,MCD,LOW,WMT,COST,PG,KO,PEP,PM,BRK-B,JPM,V","TMUS,CMCSA,BKNG,SBUX",,252,10,0.8,60,3.0,0.25,5.0,252.0,0.39251293146692934,0.03759330189876131,0.19510449692995918,0.19268290834043145,-0.2767980617703484,0.013710747456877488,31,39.0625,0.5088
usa,AAPL,priority,30,30,"NVDA,MSFT,AVGO,ORCL,AMD,CSCO,QCOM,TXN,IBM,ACN,ADI,GOOGL,META,NFLX,DIS,VZ,AMZN,TSLA,HD,MCD,LOW,WMT,COST,PG,KO,PEP,PM,BRK-B,JPM,V","TMUS,CMCSA,BKNG,SBUX",,252,10,0.8,60,3.0,0.5,5.0,252.0,0.29440886289876267,0.029179053789065268,0.1879946952670549,0.15521211248868014,-0.2767980617703484,0.013710747456877488,31,31.125,0.5120481927710844
usa,AAPL,priority,30,30,"NVDA,MSFT,AVGO,ORCL,AMD,CSCO,QCOM,TXN,IBM,ACN,ADI,GOOGL,META,NFLX,DIS,VZ,AMZN,TSLA,HD,MCD,LOW,WMT,COST,PG,KO,PEP,PM,BRK-B,JPM,V","TMUS,CMCSA,BKNG,SBUX",,252,10,0.8,60,3.0,0.75,5.0,252.0,0.2768947218012654,0.027617584474072476,0.17868034198933955,0.15456420200785267,-0.2767980617703485,0.0145953118089341,33,21.647058823529413,0.5217391304347826
usa,AAPL,priority,30,30,"NVDA,MSFT,AVGO,ORCL,AMD,CSCO,QCOM,TXN,IBM,ACN,ADI,GOOGL,META,NFLX,DIS,VZ,AMZN,TSLA,HD,MCD,LOW,WMT,COST,PG,KO,PEP,PM,BRK-B,JPM,V","TMUS,CMCSA,BKNG,SBUX",,252,10,0.8,60,3.0,1.0,5.0,252.0,0.21898755323474917,0.022315765098441798,0.17671030650540365,0.12628445697228985,-0.2767980617703485,0.0145953118089341,33,19.470588235294116,0.5196374622356495
usa,AAPL,priority,30,30,"NVDA,MSFT,AVGO,ORCL,AMD,CSCO,QCOM,TXN,IBM,ACN,ADI,GOOGL,META,NFLX,DIS,VZ,AMZN,TSLA,HD,MCD,LOW,WMT,COST,PG,KO,PEP,PM,BRK-B,JPM,V","TMUS,CMCSA,BKNG,SBUX",,252,21,0.8,60,1.0,0.0,5.0,252.0,1.9531685312239326,0.12827775533494856,0.29846252968224907,0.42979517553347946,-0.47720896063151885,0.03759398496240601,43,2193.0,0.5070679434564523
usa,AAPL,priority,30,30,"NVDA,MSFT,AVGO,ORCL,AMD,CSCO,QCOM,TXN,IBM,ACN,ADI,GOOGL,META,NFLX,DIS,VZ,AMZN,TSLA,HD,MCD,LOW,WMT,COST,PG,KO,PEP,PM,BRK-B,JPM,V","TMUS,CMCSA,BKNG,SBUX",,252,21,0.8,60,1.0,0.25,5.0,252.0,0.5321106516394587,0.0487006368254872,0.2721608832256769,0.17894061868216543,-0.46985719095582,0.053516143299425036,112,32.53846153846154,0.5011820330969267
usa,AAPL,priority,30,30,"NVDA,MSFT,AVGO,ORCL,AMD,CSCO,QCOM,TXN,IBM,ACN,ADI,GOOGL,META,NFLX,DIS,VZ,AMZN,TSLA,HD,MCD,LOW,WMT,COST,PG,KO,PEP,PM,BRK-B,JPM,V","TMUS,CMCSA,BKNG,SBUX",,252,21,0.8,60,1.0,0.5,5.0,252.0,0.5884032508285482,0.05292661627997797,0.2643398250893047,0.20022187826634602,-0.45634132750649514,0.06413091552410438,140,22.264705882352942,0.5013210039630119
usa,AAPL,priority,30,30,"NVDA,MSFT,AVGO,ORCL,AMD,CSCO,QCOM,TXN,IBM,ACN,ADI,GOOGL,META,NFLX,DIS,VZ,AMZN,TSLA,HD,MCD,LOW,WMT,COST,PG,KO,PEP,PM,BRK-B,JPM,V","TMUS,CMCSA,BKNG,SBUX",,252,21,0.8,60,1.0,0.75,5.0,252.0,0.8345784284627535,0.06997212839923916,0.25452671890270734,0.274910739041059,-0.4103388279882846,0.08093763821318001,179,15.306818181818182,0.5003711952487008
usa,AAPL,priority,30,30,"NVDA,MSFT,AVGO,ORCL,AMD,CSCO,QCOM,TXN,IBM,ACN,ADI,GOOGL,META,NFLX,DIS,VZ,AMZN,TSLA,HD,MCD,LOW,WMT,COST,PG,KO,PEP,PM,BRK-B,JPM,V","TMUS,CMCSA,BKNG,SBUX",,252,21,0.8,60,1.5,0.0,5.0,252.0,2.9128129638121463,0.16422235869991342,0.29834555017748865,0.5504434659816979,-0.36258392680928786,0.03228659885006634,37,2185.0,0.5139588100686499
usa,AAPL,priority,30,30,"NVDA,MSFT,AVGO,ORCL,AMD,CSCO,QCOM,TXN,IBM,ACN,ADI,GOOGL,META,NFLX,DIS,VZ,AMZN,TSLA,HD,MCD,LOW,WMT,COST,PG,KO,PEP,PM,BRK-B,JPM,V","TMUS,CMCSA,BKNG,SBUX",,252,21,0.8,60,1.5,0.25,5.0,252.0,1.0512505046064322,0.0833681862386837,0.2631031909984865,0.316864975762165,-0.36948419977452807,0.04467049977885891,93,34.69767441860465,0.5087131367292225
usa,AAPL,priority,30,30,"NVDA,MSFT,AVGO,ORCL,AMD,CSCO,QCOM,TXN,IBM,ACN,ADI,GOOGL,META,NFLX,DIS,VZ,AMZN,TSLA,HD,MCD,LOW,WMT,COST,PG,KO,PEP,PM,BRK-B,JPM,V","TMUS,CMCSA,BKNG,SBUX",,252,21,0.8,60,1.5,0.5,5.0,252.0,0.7582957926297171,0.06491942350555924,0.2535757798625288,0.25601586847432367,-0.43580655695086645,0.04997788589119859,110,23.88888888888889,0.506201550387597
usa,AAPL,priority,30,30,"NVDA,MSFT,AVGO,ORCL,AMD,CSCO,QCOM,TXN,IBM,ACN,ADI,GOOGL,META,NFLX,DIS,VZ,AMZN,TSLA,HD,MCD,LOW,WMT,COST,PG,KO,PEP,PM,BRK-B,JPM,V","TMUS,CMCSA,BKNG,SBUX",,252,21,0.8,60,1.5,0.75,5.0,252.0,1.4763517010803047,0.1063496310172729,0.24302833827821724,0.43760177010931356,-0.33830866317023345,0.057938965059708095,128,18.07936507936508,0.5127304653204565
usa,AAPL,priority,30,30,"NVDA,MSFT,AVGO,ORCL,AMD,CSCO,QCOM,TXN,IBM,ACN,ADI,GOOGL,META,NFLX,DIS,VZ,AMZN,TSLA,HD,MCD,LOW,WMT,COST,PG,KO,PEP,PM,BRK-B,JPM,V","TMUS,CMCSA,BKNG,SBUX",,252,21,0.8,60,1.5,1.0,5.0,252.0,0.2720988604975687,0.027186692089857356,0.2090932233908816,0.13002187086204223,-0.33830866317023345,0.06324635117204777,143,13.527777777777779,0.5102669404517454
usa,AAPL,priority,30,30,"NVDA,MSFT,AVGO,ORCL,AMD,CSCO,QCOM,TXN,IBM,ACN,ADI,GOOGL,META,NFLX,DIS,VZ,AMZN,TSLA,HD,MCD,LOW,WMT,COST,PG,KO,PEP,PM,BRK-B,JPM,V","TMUS,CMCSA,BKNG,SBUX",,252,21,0.8,60,2.0,0.0,5.0,252.0,2.824750396460018,0.16127236573023307,0.2975967415502039,0.5419157645683658,-0.36258392680928797,0.025210084033613446,29,2159.0,0.5136637332098194
usa,AAPL,priority,30,30,"NVDA,MSFT,AVGO,ORCL,AMD,CSCO,QCOM,TXN,IBM,ACN,ADI,GOOGL,META,NFLX,DIS,VZ,AMZN,TSLA,HD,MCD,LOW,WMT,COST,PG,KO,PEP,PM,BRK-B,JPM,V","TMUS,CMCSA,BKNG,SBUX",,252,21,0.8,60,2.0,0.25,5.0,252.0,0.5912170112421637,0.05313433846700866,0.25439135778131616,0.20886848881354225,-0.36258392680928786,0.033171163202122954,70,39.15151515151515,0.5123839009287926
usa,AAPL,priority,30,30,"NVDA,MSFT,AVGO,ORCL,AMD,CSCO,QCOM,TXN,IBM,ACN,ADI,GOOGL,META,NFLX,DIS,VZ,AMZN,TSLA,HD,MCD,LOW,WMT,COST,PG,KO,PEP,PM,BRK-B,JPM,V","TMUS,CMCSA,BKNG,SBUX",,252,21,0.8,60,2.0,0.5,5.0,252.0,0.5947136495888872,0.0533920189018493,0.24182943243066532,0.22078379114236757,-0.3683597417107033,0.0367094206103494,81,26.3,0.5114068441064639
usa,AAPL,priority,30,30,"NVDA,MSFT,AVGO,ORCL,AMD,CSCO,QCOM,TXN,IBM,ACN,ADI,GOOGL,META,NFLX,DIS,VZ,AMZN,TSLA,HD,MCD,LOW,WMT,COST,PG,KO,PEP,PM,BRK-B,JPM,V","TMUS,CMCSA,BKNG,SBUX",,252,21,0.8,60,2.0,0.75,5.0,252.0,1.0121514205515454,0.08104688999908194,0.22846476492293616,0.3547456870490292,-0.3032076954132753,0.03936311366651924,87,21.232558139534884,0.5147864184008762
usa,AAPL,priority,30,30,"NVDA,MSFT,AVGO,ORCL,AMD,CSCO,QCOM,TXN,IBM,ACN,ADI,GOOGL,META,NFLX,DIS,VZ,AMZN,TSLA,HD,MCD,LOW,WMT,COST,PG,KO,PEP,PM,BRK-B,JPM,V","TMUS,CMCSA,BKNG,SBUX",,252,21,0.8,60,2.0,1.0,5.0,252.0,0.1688401676696254,0.017540385553596716,0.18860908414346794,0.09299862534857756,-0.3314718297826409,0.04113224237063246,93,15.425531914893616,0.5158620689655172
usa,AAPL,priority,30,30,"NVDA,MSFT,AVGO,ORCL,AMD,CSCO,QCOM,TXN,IBM,ACN,ADI,GOOGL,META,NFLX,DIS,VZ,AMZN,TSLA,HD,MCD,LOW,WMT,COST,PG,KO,PEP,PM,BRK-B,JPM,V","TMUS,CMCSA,BKNG,SBUX",,252,21,0.8,60,2.5,0.0,5.0,252.0,1.8013585698176242,0.12166076063174969,0.29758192135895095,0.40883115505192047,-0.3076198266146176,0.01813356921716055,21,2152.0,0.5088289962825279
usa,AAPL,priority,30,30,"NVDA,MSFT,AVGO,ORCL,AMD,CSCO,QCOM,TXN,IBM,ACN,ADI,GOOGL,META,NFLX,DIS,VZ,AMZN,TSLA,HD,MCD,LOW,WMT,COST,PG,KO,PEP,PM,BRK-B,JPM,V","TMUS,CMCSA,BKNG,SBUX",,252,21,0.8,60,2.5,0.25,5.0,252.0,0.790827646345502,0.06709758643467545,0.2367552085078129,0.28340490102654375,-0.3032076954132755,0.024325519681556832,53,39.73076923076923,0.5179090029041626
usa,AAPL,priority,30,30,"NVDA,MSFT,AVGO,ORCL,AMD,CSCO,QCOM,TXN,IBM,ACN,ADI,GOOGL,META,NFLX,DIS,VZ,AMZN,TSLA,HD,MCD,LOW,WMT,COST,PG,KO,PEP,PM,BRK-B,JPM,V","TMUS,CMCSA,BKNG,SBUX",,252,21,0.8,60,2.5,0.5,5.0,252.0,0.35700073773759744,0.03461013303900873,0.22195714003188333,0.15593160478656876,-0.33122757474289777,0.024325519681556832,55,27.678571428571427,0.52
usa,AAPL,priority,30,30,"NVDA,MSFT,AVGO,ORCL,AMD,CSCO,QCOM,TXN,IBM,ACN,ADI,GOOGL,META,NFLX,DIS,VZ,AMZN,TSLA,HD,MCD,LOW,WMT,COST,PG,KO,PEP,PM,BRK-B,JPM,V","TMUS,CMCSA,BKNG,SBUX",,252,21,0.8,60,2.5,0.75,5.0,252.0,0.7316545394761564,0.06310882939865725,0.20858706128394436,0.3025539024817497,-0.3032076954132754,0.025210084033613446,57,22.82758620689655,0.525679758308157
usa,AAPL,priority,30,30,"NVDA,MSFT,AVGO,ORCL,AMD,CSCO,QCOM,TXN,IBM,ACN,ADI,GOOGL,META,NFLX,DIS,VZ,AMZN,TSLA,HD,MCD,LOW,WMT,COST,PG,KO,PEP,PM,BRK-B,JPM,V","TMUS,CMCSA,BKNG,SBUX",,252,21,0.8,60,2.5,1.0,5.0,252.0,0.03460287002691831,0.0037986377651491043,0.16595502192927583,0.022889562008963787,-0.34079511477369007,0.025210084033613446,57,17.20689655172414,0.5210420841683366
usa,AAPL,priority,30,30,"NVDA,MSFT,AVGO,ORCL,AMD,CSCO,QCOM,TXN,IBM,ACN,ADI,GOOGL,META,NFLX,DIS,VZ,AMZN,TSLA,HD,MCD,LOW,WMT,COST,PG,KO,PEP,PM,BRK-B,JPM,V","TMUS,CMCSA,BKNG,SBUX",,252,21,0.8,60,3.0,0.0,5.0,252.0,0.2565957488114028,0.025783844269010814,0.28781388893457766,0.08958512865538495,-0.4509168238330644,0.005749668288367979,7,1799.0,0.5202890494719289
usa,AAPL,priority,30,30,"NVDA,MSFT,AVGO,ORCL,AMD,CSCO,QCOM,TXN,IBM,ACN,ADI,GOOGL,META,NFLX,DIS,VZ,AMZN,TSLA,HD,MCD,LOW,WMT,COST,PG,KO,PEP,PM,BRK-B,JPM,V","TMUS,CMCSA,BKNG,SBUX",,252,21,0.8,60,3.0,0.25,5.0,252.0,0.7346354318803605,0.06331264191114183,0.21315408605277472,0.29702757795347295,-0.38396877646055094,0.011941618752764263,27,41.142857142857146,0.5347222222222222
usa,AAPL,priority,30,30,"NVDA,MSFT,AVGO,ORCL,AMD,CSCO,QCOM,TXN,IBM,ACN,ADI,GOOGL,META,NFLX,DIS,VZ,AMZN,TSLA,HD,MCD,LOW,WMT,COST,PG,KO,PEP,PM,BRK-B,JPM,V","TMUS,CMCSA,BKNG,SBUX",,252,21,0.8,60,3.0,0.5,5.0,252.0,0.3876704192559637,0.03719051943759788,0.20044366158439192,0.1855410100954463,-0.410342347137045,0.011941618752764263,27,29.857142857142858,0.5287081339712919
usa,AAPL,priority,30,30,"NVDA,MSFT,AVGO,ORCL,AMD,CSCO,QCOM,TXN,IBM,ACN,ADI,GOOGL,META,NFLX,DIS,VZ,AMZN,TSLA,HD,MCD,LOW,WMT,COST,PG,KO,PEP,PM,BRK-B,JPM,V","TMUS,CMCSA,BKNG,SBUX",,252,21,0.8,60,3.0,0.75,5.0,252.0,0.8309056230349252,0.06973317089615283,0.1860441748445841,0.37482050139116635,-0.32687512113710937,0.012826183104820876,29,22.0,0.5424242424242425
usa,AAPL,priority,30,30,"NVDA,MSFT,AVGO,ORCL,AMD,CSCO,QCOM,TXN,IBM,ACN,ADI,GOOGL,META,NFLX,DIS,VZ,AMZN,TSLA,HD,MCD,LOW,WMT,COST,PG,KO,PEP,PM,BRK-B,JPM,V","TMUS,CMCSA,BKNG,SBUX",,252,21,0.8,60,3.0,1.0,5.0,252.0,0.3568104904632874,0.03459396556701044,0.1431259057291206,0.24170303335919366,-0.33459772974895896,0.012826183104820876,29,13.933333333333334,0.5550239234449761
usa,AAPL,priority,30,30,"NVDA,MSFT,AVGO,ORCL,AMD,CSCO,QCOM,TXN,IBM,ACN,ADI,GOOGL,META,NFLX,DIS,VZ,AMZN,TSLA,HD,MCD,LOW,WMT,COST,PG,KO,PEP,PM,BRK-B,JPM,V","TMUS,CMCSA,BKNG,SBUX",,252,63,0.8,60,1.0,0.0,5.0,252.0,1.5513064520367692,0.11003270007137078,0.32111116957325553,0.3426623253797121,-0.4622276881088444,0.03582485625829279,41,2201.0,0.497955474784189
usa,AAPL,priority,30,30,"NVDA,MSFT,AVGO,ORCL,AMD,CSCO,QCOM,TXN,IBM,ACN,ADI,GOOGL,META,NFLX,DIS,VZ,AMZN,TSLA,HD,MCD,LOW,WMT,COST,PG,KO,PEP,PM,BRK-B,JPM,V","TMUS,CMCSA,BKNG,SBUX",,252,63,0.8,60,1.0,0.25,5.0,252.0,0.9158727808960643,0.075155318286801,0.3004366806777827,0.2501536034722898,-0.5296182449588313,0.05307386112339673,105,38.8,0.497709049255441
usa,AAPL,priority,30,30,"NVDA,MSFT,AVGO,ORCL,AMD,CSCO,QCOM,TXN,IBM,ACN,ADI,GOOGL,META,NFLX,DIS,VZ,AMZN,TSLA,HD,MCD,LOW,WMT,COST,PG,KO,PEP,PM,BRK-B,JPM,V","TMUS,CMCSA,BKNG,SBUX",,252,63,0.8,60,1.0,0.5,5.0,252.0,0.48142837091254864,0.04477610466396231,0.28746218027319087,0.15576346294113944,-0.5451758193170848,0.06015037593984962,126,28.103448275862068,0.49325153374233127
usa,AAPL,priority,30,30,"NVDA,MSFT,AVGO,ORCL,AMD,CSCO,QCOM,TXN,IBM,ACN,ADI,GOOGL,META,NFLX,DIS,VZ,AMZN,TSLA,HD,MCD,LOW,WMT,COST,PG,KO,PEP,PM,BRK-B,JPM,V","TMUS,CMCSA,BKNG,SBUX",,252,63,0.8,60,1.0,0.75,5.0,252.0,0.6677689532956113,0.05866408294393044,0.2823116767793309,0.20779899582327677,-0.5201365840377009,0.07430340557275542,158,19.864864864864863,0.4959183673469388
usa,AAPL,priority,30,30,"NVDA,MSFT,AVGO,ORCL,AMD,CSCO,QCOM,TXN,IBM,ACN,ADI,GOOGL,META,NFLX,DIS,VZ,AMZN,TSLA,HD,MCD,LOW,WMT,COST,PG,KO,PEP,PM,BRK-B,JPM,V","TMUS,CMCSA,BKNG,SBUX",,252,63,0.8,60,1.5,0.0,5.0,252.0,0.8833048761369047,0.07310275217882989,0.32112161273778417,0.22764818461011793,-0.4633443452659636,0.02697921273772667,31,2201.0,0.493866424352567
usa,AAPL,priority,30,30,"NVDA,MSFT,AVGO,ORCL,AMD,CSCO,QCOM,TXN,IBM,ACN,ADI,GOOGL,META,NFLX,DIS,VZ,AMZN,TSLA,HD,MCD,LOW,WMT,COST,PG,KO,PEP,PM,BRK-B,JPM,V","TMUS,CMCSA,BKNG,SBUX",,252,63,0.8,60,1.5,0.25,5.0,252.0,0.5447418935889199,0.04966074914886631,0.2942259247722495,0.1687844101001876,-0.4948335759640422,0.04157452454666077,84,42.729729729729726,0.4965211891208096
usa,AAPL,priority,30,30,"NVDA,MSFT,AVGO,ORCL,AMD,CSCO,QCOM,TXN,IBM,ACN,ADI,GOOGL,META,NFLX,DIS,VZ,AMZN,TSLA,HD,MCD,LOW,WMT,COST,PG,KO,PEP,PM,BRK-B,JPM,V","TMUS,CMCSA,BKNG,SBUX",,252,63,0.8,60,1.5,0.5,5.0,252.0,0.5715094031807773,0.051672531346428574,0.2825126297314713,0.18290343831899974,-0.5075401220477418,0.04688191065900044,98,32.8,0.49796747967479676
usa,AAPL,priority,30,30,"NVDA,MSFT,AVGO,ORCL,AMD,CSCO,QCOM,TXN,IBM,ACN,ADI,GOOGL,META,NFLX,DIS,VZ,AMZN,TSLA,HD,MCD,LOW,WMT,COST,PG,KO,PEP,PM,BRK-B,JPM,V","TMUS,CMCSA,BKNG,SBUX",,252,63,0.8,60,1.5,0.75,5.0,252.0,0.6081475083116061,0.05437736374793101,0.27497786198809127,0.1977517875613055,-0.4996917580249626,0.05042016806722689,106,26.346938775510203,0.5011618900077459
usa,AAPL,priority,30,30,"NVDA,MSFT,AVGO,ORCL,AMD,CSCO,QCOM,TXN,IBM,ACN,ADI,GOOGL,META,NFLX,DIS,VZ,AMZN,TSLA,HD,MCD,LOW,WMT,COST,PG,KO,PEP,PM,BRK-B,JPM,V","TMUS,CMCSA,BKNG,SBUX",,252,63,0.8,60,1.5,1.0,5.0,252.0,0.13418927782677814,0.014133157741261337,0.2509003253960222,0.056329770473408106,-0.5576537271763767,0.05926581158779301,129,18.43548387096774,0.49431321084864394
usa,AAPL,priority,30,30,"NVDA,MSFT,AVGO,ORCL,AMD,CSCO,QCOM,TXN,IBM,ACN,ADI,GOOGL,META,NFLX,DIS,VZ,AMZN,TSLA,HD,MCD,LOW,WMT,COST,PG,KO,PEP,PM,BRK-B,JPM,V","TMUS,CMCSA,BKNG,SBUX",,252,63,0.8,60,2.0,0.0,5.0,252.0,0.660074753707973,0.05811860456150919,0.3156081955516059,0.18414795743796225,-0.4182540290088542,0.020787262273330383,24,2135.0,0.49461358313817333
usa,AAPL,priority,30,30,"NVDA,MSFT,AVGO,ORCL,AMD,CSCO,QCOM,TXN,IBM,ACN,ADI,GOOGL,META,NFLX,DIS,VZ,AMZN,TSLA,HD,MCD,LOW,WMT,COST,PG,KO,PEP,PM,BRK-B,JPM,V","TMUS,CMCSA,BKNG,SBUX",,252,63,0.8,60,2.0,0.25,5.0,252.0,0.33569189810725675,0.03278663297535056,0.2555117383680982,0.12831752147573397,-0.4540768692399887,0.03184431667403804,67,38.58064516129032,0.49414715719063546
usa,AAPL,priority,30,30,"NVDA,MSFT,AVGO,ORCL,AMD,CSCO,QCOM,TXN,IBM,ACN,ADI,GOOGL,META,NFLX,DIS,VZ,AMZN,TSLA,HD,MCD,LOW,WMT,COST,PG,KO,PEP,PM,BRK-B,JPM,V","TMUS,CMCSA,BKNG,SBUX",,252,63,0.8,60,2.0,0.5,5.0,252.0,0.09638861526865528,0.010309064732777262,0.25158308469685936,0.04097678007724164,-0.48750362303087247,0.03184431667403804,68,34.78125,0.4887690925426775
usa,AAPL,priority,30,30,"NVDA,MSFT,AVGO,ORCL,AMD,CSCO,QCOM,TXN,IBM,ACN,ADI,GOOGL,META,NFLX,DIS,VZ,AMZN,TSLA,HD,MCD,LOW,WMT,COST,PG,KO,PEP,PM,BRK-B,JPM,V","TMUS,CMCSA,BKNG,SBUX",,252,63,0.8,60,2.0,0.75,5.0,252.0,0.27349334347924037,0.02731213043163816,0.24527933191570617,0.11135112860232502,-0.4432744790872708,0.03449800973020787,74,28.142857142857142,0.49746192893401014
usa,AAPL,priority,30,30,"NVDA,MSFT,AVGO,ORCL,AMD,CSCO,QCOM,TXN,IBM,ACN,ADI,GOOGL,META,NFLX,DIS,VZ,AMZN,TSLA,HD,MCD,LOW,WMT,COST,PG,KO,PEP,PM,BRK-B,JPM,V","TMUS,CMCSA,BKNG,SBUX",,252,63,0.8,60,2.0,1.0,5.0,252.0,0.08068753965477948,0.008686139599005216,0.23123711135531014,0.03756377835761157,-0.4926091553609244,0.03803626713843432,84,19.926829268292682,0.49326805385556916
usa,AAPL,priority,30,30,"NVDA,MSFT,AVGO,ORCL,AMD,CSCO,QCOM,TXN,IBM,ACN,ADI,GOOGL,META,NFLX,DIS,VZ,AMZN,TSLA,HD,MCD,LOW,WMT,COST,PG,KO,PEP,PM,BRK-B,JPM,V","TMUS,CMCSA,BKNG,SBUX",,252,63,0.8,60,2.5,0.0,5.0,252.0,0.8077654602666489,0.06821777151259578,0.3129999928085095,0.2179481568050092,-0.41825402900885444,0.011941618752764263,14,1995.0,0.5137844611528822
usa,AAPL,priority,30,30,"NVDA,MSFT,AVGO,ORCL,AMD,CSCO,QCOM,TXN,IBM,ACN,ADI,GOOGL,META,NFLX,DIS,VZ,AMZN,TSLA,HD,MCD,LOW,WMT,COST,PG,KO,PEP,PM,BRK-B,JPM,V","TMUS,CMCSA,BKNG,SBUX",,252,63,0.8,60,2.5,0.25,5.0,252.0,0.39401985440494425,0.037718388340653775,0.22687318284135896,0.16625318104268125,-0.3761321398774068,0.019460415745245468,41,41.94736842105263,0.5043914680050188
usa,AAPL,priority,30,30,"NVDA,MSFT,AVGO,ORCL,AMD,CSCO,QCOM,TXN,IBM,ACN,ADI,GOOGL,META,NFLX,DIS,VZ,AMZN,TSLA,HD,MCD,LOW,WMT,COST,PG,KO,PEP,PM,BRK-B,JPM,V","TMUS,CMCSA,BKNG,SBUX",,252,63,0.8,60,2.5,0.5,5.0,252.0,0.22367266613323933,0.02275295025730828,0.22360483649149787,0.10175517942418663,-0.383255372713856,0.019460415745245468,42,36.8,0.49728260869565216
usa,AAPL,priority,30,30,"NVDA,MSFT,AVGO,ORCL,AMD,CSCO,QCOM,TXN,IBM,ACN,ADI,GOOGL,META,NFLX,DIS,VZ,AMZN,TSLA,HD,MCD,LOW,WMT,COST,PG,KO,PEP,PM,BRK-B,JPM,V","TMUS,CMCSA,BKNG,SBUX",,252,63,0.8,60,2.5,0.75,5.0,252.0,-0.058629419900538826,-0.006711317347782408,0.21505187082600224,-0.031207900317279793,-0.4192029428118711,0.019460415745245468,43,29.333333333333332,0.4967532467532468
usa,AAPL,priority,30,30,"NVDA,MSFT,AVGO,ORCL,AMD,CSCO,QCOM,TXN,IBM,ACN,ADI,GOOGL,META,NFLX,DIS,VZ,AMZN,TSLA,HD,MCD,LOW,WMT,COST,PG,KO,PEP,PM,BRK-B,JPM,V","TMUS,CMCSA,BKNG,SBUX",,252,63,0.8,60,2.5,1.0,5.0,252.0,0.04050532790662831,0.004435297797844795,0.20989450720956257,0.021131080831079164,-0.39778574830055136,0.021229544449358692,47,22.652173913043477,0.4932821497120921
usa,AAPL,priority,30,30,"NVDA,MSFT,AVGO,ORCL,AMD,CSCO,QCOM,TXN,IBM,ACN,ADI,GOOGL,META,NFLX,DIS,VZ,AMZN,TSLA,HD,MCD,LOW,WMT,COST,PG,KO,PEP,PM,BRK-B,JPM,V","TMUS,CMCSA,BKNG,SBUX",,252,63,0.8,60,3.0,0.0,5.0,252.0,1.5029529306652196,0.1076679428100984,0.3128975817719149,0.34409963221953693,-0.4331825930092854,0.007518796992481203,9,1993.0,0.5137982940291018
usa,AAPL,priority,30,30,"NVDA,MSFT,AVGO,ORCL,AMD,CSCO,QCOM,TXN,IBM,ACN,ADI,GOOGL,META,NFLX,DIS,VZ,AMZN,TSLA,HD,MCD,LOW,WMT,COST,PG,KO,PEP,PM,BRK-B,JPM,V","TMUS,CMCSA,BKNG,SBUX",,252,63,0.8,60,3.0,0.25,5.0,252.0,0.8024196349196988,0.06786523531660849,0.2216047191674873,0.30624454015041264,-0.31548489473370567,0.014153029632905795,31,42.333333333333336,0.5181102362204725
usa,AAPL,priority,30,30,"NVDA,MSFT,AVGO,ORCL,AMD,CSCO,QCOM,TXN,IBM,ACN,ADI,GOOGL,META,NFLX,DIS,VZ,AMZN,TSLA,HD,MCD,LOW,WMT,COST,PG,KO,PEP,PM,BRK-B,JPM,V","TMUS,CMCSA,BKNG,SBUX",,252,63,0.8,60,3.0,0.5,5.0,252.0,0.6309702397807411,0.056034717536214584,0.21665637604410712,0.2586340571154342,-0.3154566494836203,0.014153029632905795,32,35.6875,0.5131348511383538
usa,AAPL,priority,30,30,"NVDA,MSFT,AVGO,ORCL,AMD,CSCO,QCOM,TXN,IBM,ACN,ADI,GOOGL,META,NFLX,DIS,VZ,AMZN,TSLA,HD,MCD,LOW,WMT,COST,PG,KO,PEP,PM,BRK-B,JPM,V","TMUS,CMCSA,BKNG,SBUX",,252,63,0.8,60,3.0,0.75,5.0,252.0,0.2249737065000279,0.022874091263442642,0.20470335427182426,0.11174263042640857,-0.32114598925487425,0.014153029632905795,32,25.5,0.5098039215686274
usa,AAPL,priority,30,30,"NVDA,MSFT,AVGO,ORCL,AMD,CSCO,QCOM,TXN,IBM,ACN,ADI,GOOGL,META,NFLX,DIS,VZ,AMZN,TSLA,HD,MCD,LOW,WMT,COST,PG,KO,PEP,PM,BRK-B,JPM,V","TMUS,CMCSA,BKNG,SBUX",,252,63,0.8,60,3.0,1.0,5.0,252.0,0.24810746954165896,0.02500922758300006,0.20114578006331735,0.12433384172975227,-0.32574586548894213,0.015037593984962405,34,21.294117647058822,0.5027624309392266
usa,BRK.B,priority,30,30,"NVDA,AAPL,MSFT,AVGO,ORCL,AMD,CSCO,QCOM,TXN,IBM,ACN,ADI,GOOGL,META,NFLX,DIS,VZ,AMZN,TSLA,HD,MCD,LOW,WMT,COST,PG,KO,PEP,PM,JPM,V","TMUS,CMCSA,BKNG,SBUX",,252,5,0.8,60,1.0,0.0,5.0,252.0,0.8703192292145956,0.07227553721543534,0.16323459427971318,0.4427709551051811,-0.2068217257930247,0.034055727554179564,39,2186.0,0.5123513266239708
usa,BRK.B,priority,30,30,"NVDA,AAPL,MSFT,AVGO,ORCL,AMD,CSCO,QCOM,TXN,IBM,ACN,ADI,GOOGL,META,NFLX,DIS,VZ,AMZN,TSLA,HD,MCD,LOW,WMT,COST,PG,KO,PEP,PM,JPM,V","TMUS,CMCSA,BKNG,SBUX",,252,5,0.8,60,1.0,0.25,5.0,252.0,1.1376011468260296,0.08835859963722736,0.14064800971270927,0.6282250265589295,-0.1936898555782981,0.06280406899601947,136,23.123076923076923,0.520292747837658
usa,BRK.B,priority,30,30,"NVDA,AAPL,MSFT,AVGO,ORCL,AMD,CSCO,QCOM,TXN,IBM,ACN,ADI,GOOGL,META,NFLX,DIS,VZ,AMZN,TSLA,HD,MCD,LOW,WMT,COST,PG,KO,PEP,PM,JPM,V","TMUS,CMCSA,BKNG,SBUX",,252,5,0.8,60,1.0,0.5,5.0,252.0,0.9987052019474452,0.08023932609457796,0.13659803689989003,0.5874120003158153,-0.19343635989985808,0.07076514816452897,158,17.858974358974358,0.5161521895190236
usa,BRK.B,priority,30,30,"NVDA,AAPL,MSFT,AVGO,ORCL,AMD,CSCO,QCOM,TXN,IBM,ACN,ADI,GOOGL,META,NFLX,DIS,VZ,AMZN,TSLA,HD,MCD,LOW,WMT,COST,PG,KO,PEP,PM,JPM,V","TMUS,CMCSA,BKNG,SBUX",,252,5,0.8,60,1.0,0.75,5.0,252.0,0.5990341030740167,0.053709716891624515,0.12821635322422253,0.41889911498027005,-0.2076104206174555,0.0875718708536046,197,12.683673469387756,0.5140788415124699
usa,BRK.B,priority,30,30,"NVDA,AAPL,MSFT,AVGO,ORCL,AMD,CSCO,QCOM,TXN,IBM,ACN,ADI,GOOGL,META,NFLX,DIS,VZ,AMZN,TSLA,HD,MCD,LOW,WMT,COST,PG,KO,PEP,PM,JPM,V","TMUS,CMCSA,BKNG,SBUX",,252,5,0.8,60,1.5,0.0,5.0,252.0,1.3703096178593674,0.10096608455487854,0.16216398097804613,0.6226172047943704,-0.19874767369196644,0.02786377708978328,32,2152.0,0.5139405204460966
usa,BRK.B,priority,30,30,"NVDA,AAPL,MSFT,AVGO,ORCL,AMD,CSCO,QCOM,TXN,IBM,ACN,ADI,GOOGL,META,NFLX,DIS,VZ,AMZN,TSLA,HD,MCD,LOW,WMT,COST,PG,KO,PEP,PM,JPM,V","TMUS,CMCSA,BKNG,SBUX",,252,5,0.8,60,1.5,0.25,5.0,252.0,1.2858312427209908,0.09652189068165629,0.1319889796921385,0.7312874976895158,-0.131391416352316,0.048651039363113664,106,25.0,0.5254901960784314
usa,BRK.B,priority,30,30,"NVDA,AAPL,MSFT,AVGO,ORCL,AMD,CSCO,QCOM,TXN,IBM,ACN,ADI,GOOGL,META,NFLX,DIS,VZ,AMZN,TSLA,HD,MCD,LOW,WMT,COST,PG,KO,PEP,PM,JPM,V","TMUS,CMCSA,BKNG,SBUX",,252,5,0.8,60,1.5,0.5,5.0,252.0,1.1474651035329821,0.08891720847159057,0.1267661817144708,0.7014268890094713,-0.16129437542992187,0.0513047324192835,115,20.263157894736842,0.522077922077922
usa,BRK.B,priority,30,30,"NVDA,AAPL,MSFT,AVGO,ORCL,AMD,CSCO,QCOM,TXN,IBM,ACN,ADI,GOOGL,META,NFLX,DIS,VZ,AMZN,TSLA,HD,MCD,LOW,WMT,COST,PG,KO,PEP,PM,JPM,V","TMUS,CMCSA,BKNG,SBUX",,252,5,0.8,60,1.5,0.75,5.0,252.0,0.7297780844544606,0.06298037062307782,0.11441598120756033,0.5504508195304122,-0.16215568708039707,0.05661211853162318,127,15.873015873015873,0.522
usa,BRK.B,priority,30,30,"NVDA,AAPL,MSFT,AVGO,ORCL,AMD,CSCO,QCOM,TXN,IBM,ACN,ADI,GOOGL,META,NFLX,DIS,VZ,AMZN,TSLA,HD,MCD,LOW,WMT,COST,PG,KO,PEP,PM,JPM,V","TMUS,CMCSA,BKNG,SBUX",,252,5,0.8,60,1.5,1.0,5.0,252.0,0.30434593498966156,0.030056663191631916,0.10387782054932114,0.28934630157513774,-0.21294617922922587,0.06280406899601947,142,12.225352112676056,0.5138248847926268
usa,BRK.B,priority,30,30,"NVDA,AAPL,MSFT,AVGO,ORCL,AMD,CSCO,QCOM,TXN,IBM,ACN,ADI,GOOGL,META,NFLX,DIS,VZ,AMZN,TSLA,HD,MCD,LOW,WMT,COST,PG,KO,PEP,PM,JPM,V","TMUS,CMCSA,BKNG,SBUX",,252,5,0.8,60,2.0,0.0,5.0,252.0,2.9317026938206414,0.1648474492442371,0.16194649310574857,1.01791305315018,-0.1578769100691373,0.024325519681556832,28,2152.0,0.5260223048327137
usa,BRK.B,priority,30,30,"NVDA,AAPL,MSFT,AVGO,ORCL,AMD,CSCO,QCOM,TXN,IBM,ACN,ADI,GOOGL,META,NFLX,DIS,VZ,AMZN,TSLA,HD,MCD,LOW,WMT,COST,PG,KO,PEP,PM,JPM,V","TMUS,CMCSA,BKNG,SBUX",,252,5,0.8,60,2.0,0.25,5.0,252.0,0.8729919869371601,0.07244621408359597,0.12014852441993015,0.6029721499565803,-0.1313914163523161,0.03361344537815126,75,28.135135135135137,0.5235350624399616
usa,BRK.B,priority,30,30,"NVDA,AAPL,MSFT,AVGO,ORCL,AMD,CSCO,QCOM,TXN,IBM,ACN,ADI,GOOGL,META,NFLX,DIS,VZ,AMZN,TSLA,HD,MCD,LOW,WMT,COST,PG,KO,PEP,PM,JPM,V","TMUS,CMCSA,BKNG,SBUX",,252,5,0.8,60,2.0,0.5,5.0,252.0,0.9873633597868763,0.07955438654608682,0.11456429635642566,0.6944081976341209,-0.12458408157869538,0.03538257408226449,79,23.82051282051282,0.5231431646932185
usa,BRK.B,priority,30,30,"NVDA,AAPL,MSFT,AVGO,ORCL,AMD,CSCO,QCOM,TXN,IBM,ACN,ADI,GOOGL,META,NFLX,DIS,VZ,AMZN,TSLA,HD,MCD,LOW,WMT,COST,PG,KO,PEP,PM,JPM,V","TMUS,CMCSA,BKNG,SBUX",,252,5,0.8,60,2.0,0.75,5.0,252.0,0.8094644444107728,0.06832961887666267,0.10164622712778991,0.6722297600948679,-0.12374686644650346,0.03803626713843432,85,18.333333333333332,0.5298701298701298
usa,BRK.B,priority,30,30,"NVDA,AAPL,MSFT,AVGO,ORCL,AMD,CSCO,QCOM,TXN,IBM,ACN,ADI,GOOGL,META,NFLX,DIS,VZ,AMZN,TSLA,HD,MCD,LOW,WMT,COST,PG,KO,PEP,PM,JPM,V","TMUS,CMCSA,BKNG,SBUX",,252,5,0.8,60,2.0,1.0,5.0,252.0,0.4834811679512343,0.04493736269537063,0.09121017464947974,0.49267927474171275,-0.10087434411644614,0.039805395842547546,90,14.822222222222223,0.5247376311844077
usa,BRK.B,priority,30,30,"NVDA,AAPL,MSFT,AVGO,ORCL,AMD,CSCO,QCOM,TXN,IBM,ACN,ADI,GOOGL,META,NFLX,DIS,VZ,AMZN,TSLA,HD,MCD,LOW,WMT,COST,PG,KO,PEP,PM,JPM,V","TMUS,CMCSA,BKNG,SBUX",,252,5,0.8,60,2.5,0.0,5.0,252.0,2.465402950920763,0.14857222975889783,0.16200327275783843,0.9170940020513212,-0.17896137879812735,0.0145953118089341,17,2152.0,0.5111524163568774
usa,BRK.B,priority,30,30,"NVDA,AAPL,MSFT,AVGO,ORCL,AMD,CSCO,QCOM,TXN,IBM,ACN,ADI,GOOGL,META,NFLX,DIS,VZ,AMZN,TSLA,HD,MCD,LOW,WMT,COST,PG,KO,PEP,PM,JPM,V","TMUS,CMCSA,BKNG,SBUX",,252,5,0.8,60,2.5,0.25,5.0,252.0,0.5073898185980101,0.04680105354742148,0.10851628752740806,0.4312813736426515,-0.14737848509272788,0.021229544449358692,48,29.666666666666668,0.5112359550561798
usa,BRK.B,priority,30,30,"NVDA,AAPL,MSFT,AVGO,ORCL,AMD,CSCO,QCOM,TXN,IBM,ACN,ADI,GOOGL,META,NFLX,DIS,VZ,AMZN,TSLA,HD,MCD,LOW,WMT,COST,PG,KO,PEP,PM,JPM,V","TMUS,CMCSA,BKNG,SBUX",,252,5,0.8,60,2.5,0.5,5.0,252.0,0.5672447995908041,0.05135406293029776,0.10281408155407695,0.49948472187914406,-0.1351672103592455,0.022114108801415303,50,25.28,0.5110759493670886
usa,BRK.B,priority,30,30,"NVDA,AAPL,MSFT,AVGO,ORCL,AMD,CSCO,QCOM,TXN,IBM,ACN,ADI,GOOGL,META,NFLX,DIS,VZ,AMZN,TSLA,HD,MCD,LOW,WMT,COST,PG,KO,PEP,PM,JPM,V","TMUS,CMCSA,BKNG,SBUX",,252,5,0.8,60,2.5,0.75,5.0,252.0,0.6704853644276214,0.058856128260093676,0.08958156834759934,0.6570115855944483,-0.1242967647964367,0.02476780185758514,56,17.892857142857142,0.5329341317365269
usa,BRK.B,priority,30,30,"NVDA,AAPL,MSFT,AVGO,ORCL,AMD,CSCO,QCOM,TXN,IBM,ACN,ADI,GOOGL,META,NFLX,DIS,VZ,AMZN,TSLA,HD,MCD,LOW,WMT,COST,PG,KO,PEP,PM,JPM,V","TMUS,CMCSA,BKNG,SBUX",,252,5,0.8,60,2.5,1.0,5.0,252.0,0.4649353384270365,0.04347323500971134,0.08080760057914269,0.5379844803971602,-0.10832325402060661,0.02565236620964175,58,15.275862068965518,0.5304740406320542
usa,BRK.B,priority,30,30,"NVDA,AAPL,MSFT,AVGO,ORCL,AMD,CSCO,QCOM,TXN,IBM,ACN,ADI,GOOGL,META,NFLX,DIS,VZ,AMZN,TSLA,HD,MCD,LOW,WMT,COST,PG,KO,PEP,PM,JPM,V","TMUS,CMCSA,BKNG,SBUX",,252,5,0.8,60,3.0,0.0,5.0,252.0,2.5096364392834882,0.15019705119050797,0.16198687385545843,0.9272174196319724,-0.22431361736392785,0.011057054400707651,13,2152.0,0.516728624535316
usa,BRK.B,priority,30,30,"NVDA,AAPL,MSFT,AVGO,ORCL,AMD,CSCO,QCOM,TXN,IBM,ACN,ADI,GOOGL,META,NFLX,DIS,VZ,AMZN,TSLA,HD,MCD,LOW,WMT,COST,PG,KO,PEP,PM,JPM,V","TMUS,CMCSA,BKNG,SBUX",,252,5,0.8,60,3.0,0.25,5.0,252.0,0.5652868274920011,0.05120758917781165,0.06948833064742538,0.736923576961896,-0.106227453906661,0.013268465280849183,30,27.733333333333334,0.53125
usa,BRK.B,priority,30,30,"NVDA,AAPL,MSFT,AVGO,ORCL,AMD,CSCO,QCOM,TXN,IBM,ACN,ADI,GOOGL,META,NFLX,DIS,VZ,AMZN,TSLA,HD,MCD,LOW,WMT,COST,PG,KO,PEP,PM,JPM,V","TMUS,CMCSA,BKNG,SBUX",,252,5,0.8,60,3.0,0.5,5.0,252.0,0.5688674866154628,0.051475331209623,0.06444214896647006,0.7987835917204773,-0.06472535597999429,0.013268465280849183,30,21.933333333333334,0.5440729483282675
usa,BRK.B,priority,30,30,"NVDA,AAPL,MSFT,AVGO,ORCL,AMD,CSCO,QCOM,TXN,IBM,ACN,ADI,GOOGL,META,NFLX,DIS,VZ,AMZN,TSLA,HD,MCD,LOW,WMT,COST,PG,KO,PEP,PM,JPM,V","TMUS,CMCSA,BKNG,SBUX",,252,5,0.8,60,3.0,0.75,5.0,252.0,0.5319451580678232,0.04868801089629726,0.058058497288232584,0.8386026709335008,-0.06472535597999429,0.013268465280849183,30,15.866666666666667,0.5798319327731093
usa,BRK.B,priority,30,30,"NVDA,AAPL,MSFT,AVGO,ORCL,AMD,CSCO,QCOM,TXN,IBM,ACN,ADI,GOOGL,META,NFLX,DIS,VZ,AMZN,TSLA,HD,MCD,LOW,WMT,COST,PG,KO,PEP,PM,JPM,V","TMUS,CMCSA,BKNG,SBUX",,252,5,0.8,60,3.0,1.0,5.0,252.0,0.3705042758271311,0.03575256918161962,0.04829561687340738,0.7402860030825232,-0.07016028964406762,0.013268465280849183,30,14.333333333333334,0.5767441860465117
usa,BRK.B,priority,30,30,"NVDA,AAPL,MSFT,AVGO,ORCL,AMD,CSCO,QCOM,TXN,IBM,ACN,ADI,GOOGL,META,NFLX,DIS,VZ,AMZN,TSLA,HD,MCD,LOW,WMT,COST,PG,KO,PEP,PM,JPM,V","TMUS,CMCSA,BKNG,SBUX",,252,10,0.8,60,1.0,0.0,5.0,252.0,0.9813158039147443,0.07918775065465122,0.1711826033720319,0.4625922792081398,-0.21072662914917695,0.034055727554179564,39,2186.0,0.5086916742909423
usa,BRK.B,priority,30,30,"NVDA,AAPL,MSFT,AVGO,ORCL,AMD,CSCO,QCOM,TXN,IBM,ACN,ADI,GOOGL,META,NFLX,DIS,VZ,AMZN,TSLA,HD,MCD,LOW,WMT,COST,PG,KO,PEP,PM,JPM,V","TMUS,CMCSA,BKNG,SBUX",,252,10,0.8,60,1.0,0.25,5.0,252.0,0.9331049811853214,0.07622885313079131,0.14668861793165955,0.5196644034529346,-0.19030842948349092,0.058823529411764705,129,24.349206349206348,0.5136897001303781
usa,BRK.B,priority,30,30,"NVDA,AAPL,MSFT,AVGO,ORCL,AMD,CSCO,QCOM,TXN,IBM,ACN,ADI,GOOGL,META,NFLX,DIS,VZ,AMZN,TSLA,HD,MCD,LOW,WMT,COST,PG,KO,PEP,PM,JPM,V","TMUS,CMCSA,BKNG,SBUX",,252,10,0.8,60,1.0,0.5,5.0,252.0,0.87392208898066,0.07250555775121792,0.1423332410624468,0.5094070591662216,-0.20697474402090454,0.07076514816452897,159,17.455696202531644,0.5134155184916607
usa,BRK.B,priority,30,30,"NVDA,AAPL,MSFT,AVGO,ORCL,AMD,CSCO,QCOM,TXN,IBM,ACN,ADI,GOOGL,META,NFLX,DIS,VZ,AMZN,TSLA,HD,MCD,LOW,WMT,COST,PG,KO,PEP,PM,JPM,V","TMUS,CMCSA,BKNG,SBUX",,252,10,0.8,60,1.0,0.75,5.0,252.0,0.6946723372099439,0.060553974897939566,0.13741932279603125,0.4406510937899077,-0.2105140748029457,0.08491817779743477,191,13.16842105263158,0.5123900879296562
usa,BRK.B,priority,30,30,"NVDA,AAPL,MSFT,AVGO,ORCL,AMD,CSCO,QCOM,TXN,IBM,ACN,ADI,GOOGL,META,NFLX,DIS,VZ,AMZN,TSLA,HD,MCD,LOW,WMT,COST,PG,KO,PEP,PM,JPM,V","TMUS,CMCSA,BKNG,SBUX",,252,10,0.8,60,1.5,0.0,5.0,252.0,1.7678903125176593,0.12015920182187223,0.17081930007850282,0.7034287212665729,-0.21161092732545217,0.03051747014595312,35,2172.0,0.5115101289134438
usa,BRK.B,priority,30,30,"NVDA,AAPL,MSFT,AVGO,ORCL,AMD,CSCO,QCOM,TXN,IBM,ACN,ADI,GOOGL,META,NFLX,DIS,VZ,AMZN,TSLA,HD,MCD,LOW,WMT,COST,PG,KO,PEP,PM,JPM,V","TMUS,CMCSA,BKNG,SBUX",,252,10,0.8,60,1.5,0.25,5.0,252.0,1.3582649040541566,0.10034113090256414,0.137531109133305,0.7295886111505604,-0.14264792737374776,0.04732419283502875,103,26.06,0.5149654643131235
usa,BRK.B,priority,30,30,"NVDA,AAPL,MSFT,AVGO,ORCL,AMD,CSCO,QCOM,TXN,IBM,ACN,ADI,GOOGL,META,NFLX,DIS,VZ,AMZN,TSLA,HD,MCD,LOW,WMT,COST,PG,KO,PEP,PM,JPM,V","TMUS,CMCSA,BKNG,SBUX",,252,10,0.8,60,1.5,0.5,5.0,252.0,1.3581140699627117,0.10033328673990893,0.1329512059830968,0.7546624793509971,-0.1426479273737481,0.05395842547545334,121,18.75,0.5173333333333333
usa,BRK.B,priority,30,30,"NVDA,AAPL,MSFT,AVGO,ORCL,AMD,CSCO,QCOM,TXN,IBM,ACN,ADI,GOOGL,META,NFLX,DIS,VZ,AMZN,TSLA,HD,MCD,LOW,WMT,COST,PG,KO,PEP,PM,JPM,V","TMUS,CMCSA,BKNG,SBUX",,252,10,0.8,60,1.5,0.75,5.0,252.0,0.9198538749041476,0.07540409307186313,0.1276683718648566,0.5906246940446782,-0.1512334532464451,0.05661211853162318,127,15.984126984126984,0.5163853028798411
usa,BRK.B,priority,30,30,"NVDA,AAPL,MSFT,AVGO,ORCL,AMD,CSCO,QCOM,TXN,IBM,ACN,ADI,GOOGL,META,NFLX,DIS,VZ,AMZN,TSLA,HD,MCD,LOW,WMT,COST,PG,KO,PEP,PM,JPM,V","TMUS,CMCSA,BKNG,SBUX",,252,10,0.8,60,1.5,1.0,5.0,252.0,0.47361377932888304,0.044160405131223435,0.11901032146174252,0.37106365724269885,-0.1773798804670812,0.06368863334807608,144,12.430555555555555,0.5072625698324023
usa,BRK.B,priority,30,30,"NVDA,AAPL,MSFT,AVGO,ORCL,AMD,CSCO,QCOM,TXN,IBM,ACN,ADI,GOOGL,META,NFLX,DIS,VZ,AMZN,TSLA,HD,MCD,LOW,WMT,COST,PG,KO,PEP,PM,JPM,V","TMUS,CMCSA,BKNG,SBUX",,252,10,0.8,60,2.0,0.0,5.0,252.0,2.498153348462843,0.14977700114835657,0.16976600306185366,0.8822555661735515,-0.1652655787100048,0.026094648385670056,30,2152.0,0.5162639405204461
usa,BRK.B,priority,30,30,"NVDA,AAPL,MSFT,AVGO,ORCL,AMD,CSCO,QCOM,TXN,IBM,ACN,ADI,GOOGL,META,NFLX,DIS,VZ,AMZN,TSLA,HD,MCD,LOW,WMT,COST,PG,KO,PEP,PM,JPM,V","TMUS,CMCSA,BKNG,SBUX",,252,10,0.8,60,2.0,0.25,5.0,252.0,1.0525949548670255,0.08344730430551173,0.12861197111917763,0.6488299928797896,-0.14264792737374798,0.03494029190623618,77,28.763157894736842,0.5096065873741995
usa,BRK.B,priority,30,30,"NVDA,AAPL,MSFT,AVGO,ORCL,AMD,CSCO,QCOM,TXN,IBM,ACN,ADI,GOOGL,META,NFLX,DIS,VZ,AMZN,TSLA,HD,MCD,LOW,WMT,COST,PG,KO,PEP,PM,JPM,V","TMUS,CMCSA,BKNG,SBUX",,252,10,0.8,60,2.0,0.5,5.0,252.0,1.1694940698458263,0.09015655230385944,0.12386483889976499,0.727862346608441,-0.149272080808161,0.038920831490490936,87,21.046511627906977,0.5171270718232044
usa,BRK.B,priority,30,30,"NVDA,AAPL,MSFT,AVGO,ORCL,AMD,CSCO,QCOM,TXN,IBM,ACN,ADI,GOOGL,META,NFLX,DIS,VZ,AMZN,TSLA,HD,MCD,LOW,WMT,COST,PG,KO,PEP,PM,JPM,V","TMUS,CMCSA,BKNG,SBUX",,252,10,0.8,60,2.0,0.75,5.0,252.0,0.8112920544184787,0.06844982979683967,0.11840227096527058,0.5781124740159518,-0.1504979090069818,0.039805395842547546,89,18.25,0.5168119551681195
usa,BRK.B,priority,30,30,"NVDA,AAPL,MSFT,AVGO,ORCL,AMD,CSCO,QCOM,TXN,IBM,ACN,ADI,GOOGL,META,NFLX,DIS,VZ,AMZN,TSLA,HD,MCD,LOW,WMT,COST,PG,KO,PEP,PM,JPM,V","TMUS,CMCSA,BKNG,SBUX",,252,10,0.8,60,2.0,1.0,5.0,252.0,0.42160384833360554,0.039987104813540286,0.10798074511285392,0.3703169928281988,-0.13736180240032214,0.04157452454666077,94,14.851063829787234,0.5128939828080229
usa,BRK.B,priority,30,30,"NVDA,AAPL,MSFT,AVGO,ORCL,AMD,CSCO,QCOM,TXN,IBM,ACN,ADI,GOOGL,META,NFLX,DIS,VZ,AMZN,TSLA,HD,MCD,LOW,WMT,COST,PG,KO,PEP,PM,JPM,V","TMUS,CMCSA,BKNG,SBUX",,252,10,0.8,60,2.5,0.0,5.0,252.0,2.8085286180369473,0.16072238283220464,0.16965271710360355,0.9473610890302138,-0.18702223960573272,0.016364440513047324,19,2151.0,0.503951650395165
usa,BRK.B,priority,30,30,"NVDA,AAPL,MSFT,AVGO,ORCL,AMD,CSCO,QCOM,TXN,IBM,ACN,ADI,GOOGL,META,NFLX,DIS,VZ,AMZN,TSLA,HD,MCD,LOW,WMT,COST,PG,KO,PEP,PM,JPM,V","TMUS,CMCSA,BKNG,SBUX",,252,10,0.8,60,2.5,0.25,5.0,252.0,0.7274999662817316,0.0628242481844501,0.11628833641423718,0.5402454805154348,-0.16364469388040404,0.022998673153471916,51,32.28,0.4993804213135068
usa,BRK.B,priority,30,30,"NVDA,AAPL,MSFT,AVGO,ORCL,AMD,CSCO,QCOM,TXN,IBM,ACN,ADI,GOOGL,META,NFLX,DIS,VZ,AMZN,TSLA,HD,MCD,LOW,WMT,COST,PG,KO,PEP,PM,JPM,V","TMUS,CMCSA,BKNG,SBUX",,252,10,0.8,60,2.5,0.5,5.0,252.0,0.7337382359903961,0.06325133070850586,0.11052254177936531,0.5722934859277273,-0.15431171391879073,0.023883237505528527,54,23.74074074074074,0.5054602184087363
usa,BRK.B,priority,30,30,"NVDA,AAPL,MSFT,AVGO,ORCL,AMD,CSCO,QCOM,TXN,IBM,ACN,ADI,GOOGL,META,NFLX,DIS,VZ,AMZN,TSLA,HD,MCD,LOW,WMT,COST,PG,KO,PEP,PM,JPM,V","TMUS,CMCSA,BKNG,SBUX",,252,10,0.8,60,2.5,0.75,5.0,252.0,0.580550387358888,0.05234515448472998,0.10554533269980375,0.49594949530939625,-0.1503037513797787,0.02476780185758514,56,20.214285714285715,0.5106007067137809
usa,BRK.B,priority,30,30,"NVDA,AAPL,MSFT,AVGO,ORCL,AMD,CSCO,QCOM,TXN,IBM,ACN,ADI,GOOGL,META,NFLX,DIS,VZ,AMZN,TSLA,HD,MCD,LOW,WMT,COST,PG,KO,PEP,PM,JPM,V","TMUS,CMCSA,BKNG,SBUX",,252,10,0.8,60,2.5,1.0,5.0,252.0,0.4553580007686453,0.04271067780352267,0.09432633643427674,0.45279695383146745,-0.14016080686606003,0.02565236620964175,58,17.20689655172414,0.5170340681362725
usa,BRK.B,priority,30,30,"NVDA,AAPL,MSFT,AVGO,ORCL,AMD,CSCO,QCOM,TXN,IBM,ACN,ADI,GOOGL,META,NFLX,DIS,VZ,AMZN,TSLA,HD,MCD,LOW,WMT,COST,PG,KO,PEP,PM,JPM,V","TMUS,CMCSA,BKNG,SBUX",,252,10,0.8,60,3.0,0.0,5.0,252.0,2.3387372155264536,0.14381533576999583,0.16965481040247227,0.8476938285971531,-0.2501204079832908,0.009287925696594427,11,2151.0,0.5202231520223152
usa,BRK.B,priority,30,30,"NVDA,AAPL,MSFT,AVGO,ORCL,AMD,CSCO,QCOM,TXN,IBM,ACN,ADI,GOOGL,META,NFLX,DIS,VZ,AMZN,TSLA,HD,MCD,LOW,WMT,COST,PG,KO,PEP,PM,JPM,V","TMUS,CMCSA,BKNG,SBUX",,252,10,0.8,60,3.0,0.25,5.0,252.0,1.0159726944868042,0.08127551613909079,0.0797621015879635,1.018974105759466,-0.08582854408618645,0.014153029632905795,32,24.75,0.5454545454545454
usa,BRK.B,priority,30,30,"NVDA,AAPL,MSFT,AVGO,ORCL,AMD,CSCO,QCOM,TXN,IBM,ACN,ADI,GOOGL,META,NFLX,DIS,VZ,AMZN,TSLA,HD,MCD,LOW,WMT,COST,PG,KO,PEP,PM,JPM,V","TMUS,CMCSA,BKNG,SBUX",,252,10,0.8,60,3.0,0.5,5.0,252.0,1.008208055815854,0.08081055435315743,0.0733088474008369,1.102330171845464,-0.04525826032271141,0.014153029632905795,32,17.6875,0.5759717314487632
usa,BRK.B,priority,30,30,"NVDA,AAPL,MSFT,AVGO,ORCL,AMD,CSCO,QCOM,TXN,IBM,ACN,ADI,GOOGL,META,NFLX,DIS,VZ,AMZN,TSLA,HD,MCD,LOW,WMT,COST,PG,KO,PEP,PM,JPM,V","TMUS,CMCSA,BKNG,SBUX",,252,10,0.8,60,3.0,0.75,5.0,252.0,1.0041285372328814,0.0805656243184758,0.06922218708303927,1.1638699629907516,-0.04073346177691417,0.014153029632905795,32,13.8125,0.6153846153846154
usa,BRK.B,priority,30,30,"NVDA,AAPL,MSFT,AVGO,ORCL,AMD,CSCO,QCOM,TXN,IBM,ACN,ADI,GOOGL,META,NFLX,DIS,VZ,AMZN,TSLA,HD,MCD,LOW,WMT,COST,PG,KO,PEP,PM,JPM,V","TMUS,CMCSA,BKNG,SBUX",,252,10,0.8,60,3.0,1.0,5.0,252.0,0.8483434815814639,0.07086393517728329,0.062211010566791985,1.1390899220516795,-0.04045880639067245,0.014153029632905795,32,11.875,0.631578947368421
usa,BRK.B,priority,30,30,"NVDA,AAPL,MSFT,AVGO,ORCL,AMD,CSCO,QCOM,TXN,IBM,ACN,ADI,GOOGL,META,NFLX,DIS,VZ,AMZN,TSLA,HD,MCD,LOW,WMT,COST,PG,KO,PEP,PM,JPM,V","TMUS,CMCSA,BKNG,SBUX",,252,21,0.8,60,1.0,0.0,5.0,252.0,0.7466880053139633,0.0641335521819617,0.17798008627468892,0.36034116807303923,-0.20349339142327139,0.034055727554179564,39,2191.0,0.492925604746691
usa,BRK.B,priority,30,30,"NVDA,AAPL,MSFT,AVGO,ORCL,AMD,CSCO,QCOM,TXN,IBM,ACN,ADI,GOOGL,META,NFLX,DIS,VZ,AMZN,TSLA,HD,MCD,LOW,WMT,COST,PG,KO,PEP,PM,JPM,V","TMUS,CMCSA,BKNG,SBUX",,252,21,0.8,60,1.0,0.25,5.0,252.0,0.6585812498642574,0.05801246270551297,0.15714333099894168,0.36916910400673425,-0.22700821699078655,0.05263157894736842,109,33.24,0.4963898916967509
usa,BRK.B,priority,30,30,"NVDA,AAPL,MSFT,AVGO,ORCL,AMD,CSCO,QCOM,TXN,IBM,ACN,ADI,GOOGL,META,NFLX,DIS,VZ,AMZN,TSLA,HD,MCD,LOW,WMT,COST,PG,KO,PEP,PM,JPM,V","TMUS,CMCSA,BKNG,SBUX",,252,21,0.8,60,1.0,0.5,5.0,252.0,0.7044523734681676,0.06123439414894505,0.15065397632415647,0.4064572050669895,-0.22868671654253525,0.06634232640424591,145,21.5,0.49767441860465117
usa,BRK.B,priority,30,30,"NVDA,AAPL,MSFT,AVGO,ORCL,AMD,CSCO,QCOM,TXN,IBM,ACN,ADI,GOOGL,META,NFLX,DIS,VZ,AMZN,TSLA,HD,MCD,LOW,WMT,COST,PG,KO,PEP,PM,JPM,V","TMUS,CMCSA,BKNG,SBUX",,252,21,0.8,60,1.0,0.75,5.0,252.0,0.6237457259304271,0.055512324982344374,0.14725525156676136,0.3769802733125389,-0.21344704420163263,0.08314904909332153,184,15.2,0.4934210526315789
usa,BRK.B,priority,30,30,"NVDA,AAPL,MSFT,AVGO,ORCL,AMD,CSCO,QCOM,TXN,IBM,ACN,ADI,GOOGL,META,NFLX,DIS,VZ,AMZN,TSLA,HD,MCD,LOW,WMT,COST,PG,KO,PEP,PM,JPM,V","TMUS,CMCSA,BKNG,SBUX",,252,21,0.8,60,1.5,0.0,5.0,252.0,1.2192125253367698,0.09291310947090525,0.17781913163202717,0.5225146957931189,-0.2282435049675725,0.028748341441839895,33,2186.0,0.489935956084172
usa,BRK.B,priority,30,30,"NVDA,AAPL,MSFT,AVGO,ORCL,AMD,CSCO,QCOM,TXN,IBM,ACN,ADI,GOOGL,META,NFLX,DIS,VZ,AMZN,TSLA,HD,MCD,LOW,WMT,COST,PG,KO,PEP,PM,JPM,V","TMUS,CMCSA,BKNG,SBUX",,252,21,0.8,60,1.5,0.25,5.0,252.0,1.006971899075955,0.0807363835145758,0.1501842054371099,0.5375823861077349,-0.22455915733781495,0.04290137107474569,90,35.04761904761905,0.5020380434782609
usa,BRK.B,priority,30,30,"NVDA,AAPL,MSFT,AVGO,ORCL,AMD,CSCO,QCOM,TXN,IBM,ACN,ADI,GOOGL,META,NFLX,DIS,VZ,AMZN,TSLA,HD,MCD,LOW,WMT,COST,PG,KO,PEP,PM,JPM,V","TMUS,CMCSA,BKNG,SBUX",,252,21,0.8,60,1.5,0.5,5.0,252.0,1.0146941464332797,0.08119906373323493,0.1411834236026696,0.5751317092419591,-0.22585242743885736,0.048651039363113664,107,23.76923076923077,0.5
usa,BRK.B,priority,30,30,"NVDA,AAPL,MSFT,AVGO,ORCL,AMD,CSCO,QCOM,TXN,IBM,ACN,ADI,GOOGL,META,NFLX,DIS,VZ,AMZN,TSLA,HD,MCD,LOW,WMT,COST,PG,KO,PEP,PM,JPM,V","TMUS,CMCSA,BKNG,SBUX",,252,21,0.8,60,1.5,0.75,5.0,252.0,1.0539986919398254,0.0835298621545233,0.13452905844188617,0.620905721945616,-0.20221548378377874,0.05395842547545334,120,18.372881355932204,0.49907749077490776
usa,BRK.B,priority,30,30,"NVDA,AAPL,MSFT,AVGO,ORCL,AMD,CSCO,QCOM,TXN,IBM,ACN,ADI,GOOGL,META,NFLX,DIS,VZ,AMZN,TSLA,HD,MCD,LOW,WMT,COST,PG,KO,PEP,PM,JPM,V","TMUS,CMCSA,BKNG,SBUX",,252,21,0.8,60,1.5,1.0,5.0,252.0,0.4689071670330116,0.043788177159571395,0.12462573995885241,0.35135740958512185,-0.24306858977713908,0.0583812472357364,132,14.969696969696969,0.4949392712550607
usa,BRK.B,priority,30,30,"NVDA,AAPL,MSFT,AVGO,ORCL,AMD,CSCO,QCOM,TXN,IBM,ACN,ADI,GOOGL,META,NFLX,DIS,VZ,AMZN,TSLA,HD,MCD,LOW,WMT,COST,PG,KO,PEP,PM,JPM,V","TMUS,CMCSA,BKNG,SBUX",,252,21,0.8,60,2.0,0.0,5.0,252.0,2.7507301612741495,0.1587457146571125,0.17753772504064408,0.8941520154140228,-0.18140504495302445,0.025210084033613446,29,2181.0,0.5002292526364053
usa,BRK.B,priority,30,30,"NVDA,AAPL,MSFT,AVGO,ORCL,AMD,CSCO,QCOM,TXN,IBM,ACN,ADI,GOOGL,META,NFLX,DIS,VZ,AMZN,TSLA,HD,MCD,LOW,WMT,COST,PG,KO,PEP,PM,JPM,V","TMUS,CMCSA,BKNG,SBUX",,252,21,0.8,60,2.0,0.25,5.0,252.0,0.9367991303763552,0.07645788460604308,0.13505344199102937,0.5661305885941184,-0.198980828454699,0.03140203449800973,65,39.1,0.4927536231884058
usa,BRK.B,priority,30,30,"NVDA,AAPL,MSFT,AVGO,ORCL,AMD,CSCO,QCOM,TXN,IBM,ACN,ADI,GOOGL,META,NFLX,DIS,VZ,AMZN,TSLA,HD,MCD,LOW,WMT,COST,PG,KO,PEP,PM,JPM,V","TMUS,CMCSA,BKNG,SBUX",,252,21,0.8,60,2.0,0.5,5.0,252.0,0.6912909348471894,0.06031791122228802,0.1274764994455663,0.4731688702202272,-0.21169717431756552,0.03449800973020787,77,25.68421052631579,0.4948770491803279
usa,BRK.B,priority,30,30,"NVDA,AAPL,MSFT,AVGO,ORCL,AMD,CSCO,QCOM,TXN,IBM,ACN,ADI,GOOGL,META,NFLX,DIS,VZ,AMZN,TSLA,HD,MCD,LOW,WMT,COST,PG,KO,PEP,PM,JPM,V","TMUS,CMCSA,BKNG,SBUX",,252,21,0.8,60,2.0,0.75,5.0,252.0,0.8874578583972996,0.07336623702333944,0.12098659362830404,0.6063997243259511,-0.175481576088114,0.03803626713843432,85,20.071428571428573,0.5029655990510083
usa,BRK.B,priority,30,30,"NVDA,AAPL,MSFT,AVGO,ORCL,AMD,CSCO,QCOM,TXN,IBM,ACN,ADI,GOOGL,META,NFLX,DIS,VZ,AMZN,TSLA,HD,MCD,LOW,WMT,COST,PG,KO,PEP,PM,JPM,V","TMUS,CMCSA,BKNG,SBUX",,252,21,0.8,60,2.0,1.0,5.0,252.0,0.34502995497622857,0.03358889405315968,0.1071013558292469,0.31361782297799196,-0.19362679259793514,0.038920831490490936,88,17.545454545454547,0.5012953367875648
usa,BRK.B,priority,30,30,"NVDA,AAPL,MSFT,AVGO,ORCL,AMD,CSCO,QCOM,TXN,IBM,ACN,ADI,GOOGL,META,NFLX,DIS,VZ,AMZN,TSLA,HD,MCD,LOW,WMT,COST,PG,KO,PEP,PM,JPM,V","TMUS,CMCSA,BKNG,SBUX",,252,21,0.8,60,2.5,0.0,5.0,252.0,4.149102605866861,0.20040035887391472,0.17642645230395795,1.135886122839749,-0.18140504495302479,0.01901813356921716,22,2152.0,0.5148698884758365
usa,BRK.B,priority,30,30,"NVDA,AAPL,MSFT,AVGO,ORCL,AMD,CSCO,QCOM,TXN,IBM,ACN,ADI,GOOGL,META,NFLX,DIS,VZ,AMZN,TSLA,HD,MCD,LOW,WMT,COST,PG,KO,PEP,PM,JPM,V","TMUS,CMCSA,BKNG,SBUX",,252,21,0.8,60,2.5,0.25,5.0,252.0,1.700378120171754,0.11708050674945825,0.12714628514333584,0.9208330909351371,-0.18140504495302545,0.025210084033613446,53,39.32,0.5127161749745677
usa,BRK.B,priority,30,30,"NVDA,AAPL,MSFT,AVGO,ORCL,AMD,CSCO,QCOM,TXN,IBM,ACN,ADI,GOOGL,META,NFLX,DIS,VZ,AMZN,TSLA,HD,MCD,LOW,WMT,COST,PG,KO,PEP,PM,JPM,V","TMUS,CMCSA,BKNG,SBUX",,252,21,0.8,60,2.5,0.5,5.0,252.0,0.9925711572078164,0.0798693181487713,0.11535628873340248,0.6923707326728897,-0.18140504495302545,0.026536930561698365,60,25.166666666666668,0.5125827814569537
usa,BRK.B,priority,30,30,"NVDA,AAPL,MSFT,AVGO,ORCL,AMD,CSCO,QCOM,TXN,IBM,ACN,ADI,GOOGL,META,NFLX,DIS,VZ,AMZN,TSLA,HD,MCD,LOW,WMT,COST,PG,KO,PEP,PM,JPM,V","TMUS,CMCSA,BKNG,SBUX",,252,21,0.8,60,2.5,0.75,5.0,252.0,1.2748476545696033,0.0959333909142126,0.10486881060037469,0.9147943069535476,-0.13551194511878506,0.026536930561698365,60,19.033333333333335,0.5271453590192644
usa,BRK.B,priority,30,30,"NVDA,AAPL,MSFT,AVGO,ORCL,AMD,CSCO,QCOM,TXN,IBM,ACN,ADI,GOOGL,META,NFLX,DIS,VZ,AMZN,TSLA,HD,MCD,LOW,WMT,COST,PG,KO,PEP,PM,JPM,V","TMUS,CMCSA,BKNG,SBUX",,252,21,0.8,60,2.5,1.0,5.0,252.0,0.7498724233334642,0.06434960470852391,0.0879431805687498,0.7317179603052728,-0.10271618169293117,0.026536930561698365,60,16.466666666666665,0.5364372469635628
usa,BRK.B,priority,30,30,"NVDA,AAPL,MSFT,AVGO,ORCL,AMD,CSCO,QCOM,TXN,IBM,ACN,ADI,GOOGL,META,NFLX,DIS,VZ,AMZN,TSLA,HD,MCD,LOW,WMT,COST,PG,KO,PEP,PM,JPM,V","TMUS,CMCSA,BKNG,SBUX",,252,21,0.8,60,3.0,0.0,5.0,252.0,1.498093331526229,0.10742804171100095,0.17667531091800007,0.6080535030775257,-0.2948982831009821,0.007518796992481203,9,2149.0,0.5104699860400186
usa,BRK.B,priority,30,30,"NVDA,AAPL,MSFT,AVGO,ORCL,AMD,CSCO,QCOM,TXN,IBM,ACN,ADI,GOOGL,META,NFLX,DIS,VZ,AMZN,TSLA,HD,MCD,LOW,WMT,COST,PG,KO,PEP,PM,JPM,V","TMUS,CMCSA,BKNG,SBUX",,252,21,0.8,60,3.0,0.25,5.0,252.0,0.5585062148246012,0.050699077696336525,0.07268362767332717,0.6975309202259541,-0.18140504495302467,0.008845643520566122,18,46.125,0.5230352303523035
usa,BRK.B,priority,30,30,"NVDA,AAPL,MSFT,AVGO,ORCL,AMD,CSCO,QCOM,TXN,IBM,ACN,ADI,GOOGL,META,NFLX,DIS,VZ,AMZN,TSLA,HD,MCD,LOW,WMT,COST,PG,KO,PEP,PM,JPM,V","TMUS,CMCSA,BKNG,SBUX",,252,21,0.8,60,3.0,0.5,5.0,252.0,0.3582628550085505,0.03471733850918546,0.06587794071831041,0.526994895873179,-0.18140504495302512,0.008845643520566122,20,29.6,0.5304054054054054
usa,BRK.B,priority,30,30,"NVDA,AAPL,MSFT,AVGO,ORCL,AMD,CSCO,QCOM,TXN,IBM,ACN,ADI,GOOGL,META,NFLX,DIS,VZ,AMZN,TSLA,HD,MCD,LOW,WMT,COST,PG,KO,PEP,PM,JPM,V","TMUS,CMCSA,BKNG,SBUX",,252,21,0.8,60,3.0,0.75,5.0,252.0,0.5612576817107893,0.05090566027351895,0.05124226828179926,0.9934310478523475,-0.04069806625294414,0.008845643520566122,20,16.0,0.6
usa,BRK.B,priority,30,30,"NVDA,AAPL,MSFT,AVGO,ORCL,AMD,CSCO,QCOM,TXN,IBM,ACN,ADI,GOOGL,META,NFLX,DIS,VZ,AMZN,TSLA,HD,MCD,LOW,WMT,COST,PG,KO,PEP,PM,JPM,V","TMUS,CMCSA,BKNG,SBUX",,252,21,0.8,60,3.0,1.0,5.0,252.0,0.4943274657055736,0.04578611938462229,0.05004286899650058,0.9149379382669696,-0.04069806625294414,0.008845643520566122,20,14.8,0.5945945945945946
usa,BRK.B,priority,30,30,"NVDA,AAPL,MSFT,AVGO,ORCL,AMD,CSCO,QCOM,TXN,IBM,ACN,ADI,GOOGL,META,NFLX,DIS,VZ,AMZN,TSLA,HD,MCD,LOW,WMT,COST,PG,KO,PEP,PM,JPM,V","TMUS,CMCSA,BKNG,SBUX",,252,63,0.8,60,1.0,0.0,5.0,252.0,0.653281643120831,0.057635138236837635,0.20472005848409436,0.28153146625500586,-0.42435359062939715,0.0367094206103494,42,2201.0,0.4984098137210359
usa,BRK.B,priority,30,30,"NVDA,AAPL,MSFT,AVGO,ORCL,AMD,CSCO,QCOM,TXN,IBM,ACN,ADI,GOOGL,META,NFLX,DIS,VZ,AMZN,TSLA,HD,MCD,LOW,WMT,COST,PG,KO,PEP,PM,JPM,V","TMUS,CMCSA,BKNG,SBUX",,252,63,0.8,60,1.0,0.25,5.0,252.0,0.7638464763924728,0.06529358833063736,0.19237050547485268,0.33941579645728365,-0.4565000527226135,0.05661211853162318,112,37.770833333333336,0.4958632101489244
usa,BRK.B,priority,30,30,"NVDA,AAPL,MSFT,AVGO,ORCL,AMD,CSCO,QCOM,TXN,IBM,ACN,ADI,GOOGL,META,NFLX,DIS,VZ,AMZN,TSLA,HD,MCD,LOW,WMT,COST,PG,KO,PEP,PM,JPM,V","TMUS,CMCSA,BKNG,SBUX",,252,63,0.8,60,1.0,0.5,5.0,252.0,0.49110637231867793,0.04553463173799255,0.1850154012347146,0.24611265567143956,-0.4345571946966216,0.06811145510835913,147,22.785714285714285,0.4927899686520376
usa,BRK.B,priority,30,30,"NVDA,AAPL,MSFT,AVGO,ORCL,AMD,CSCO,QCOM,TXN,IBM,ACN,ADI,GOOGL,META,NFLX,DIS,VZ,AMZN,TSLA,HD,MCD,LOW,WMT,COST,PG,KO,PEP,PM,JPM,V","TMUS,CMCSA,BKNG,SBUX",,252,63,0.8,60,1.0,0.75,5.0,252.0,0.35094207872115657,0.03409426793083381,0.18014009503413433,0.18926529335056344,-0.4109143168332312,0.08491817779743477,188,15.58695652173913,0.4909344490934449
usa,BRK.B,priority,30,30,"NVDA,AAPL,MSFT,AVGO,ORCL,AMD,CSCO,QCOM,TXN,IBM,ACN,ADI,GOOGL,META,NFLX,DIS,VZ,AMZN,TSLA,HD,MCD,LOW,WMT,COST,PG,KO,PEP,PM,JPM,V","TMUS,CMCSA,BKNG,SBUX",,252,63,0.8,60,1.5,0.0,5.0,252.0,0.43690577937629715,0.041228836605054386,0.204704691401728,0.20140640804437546,-0.41970009683714415,0.026094648385670056,30,2201.0,0.49295774647887325
usa,BRK.B,priority,30,30,"NVDA,AAPL,MSFT,AVGO,ORCL,AMD,CSCO,QCOM,TXN,IBM,ACN,ADI,GOOGL,META,NFLX,DIS,VZ,AMZN,TSLA,HD,MCD,LOW,WMT,COST,PG,KO,PEP,PM,JPM,V","TMUS,CMCSA,BKNG,SBUX",,252,63,0.8,60,1.5,0.25,5.0,252.0,0.5600284433718616,0.050813407978254066,0.18493190169398468,0.2747682120434653,-0.4521079793070695,0.040689960194604156,82,44.638888888888886,0.49346608587429996
usa,BRK.B,priority,30,30,"NVDA,AAPL,MSFT,AVGO,ORCL,AMD,CSCO,QCOM,TXN,IBM,ACN,ADI,GOOGL,META,NFLX,DIS,VZ,AMZN,TSLA,HD,MCD,LOW,WMT,COST,PG,KO,PEP,PM,JPM,V","TMUS,CMCSA,BKNG,SBUX",,252,63,0.8,60,1.5,0.5,5.0,252.0,0.5813837620336268,0.05240698294413004,0.17683556059201555,0.2963599785511485,-0.4237399000387104,0.048651039363113664,107,25.73076923076923,0.4947683109118087
usa,BRK.B,priority,30,30,"NVDA,AAPL,MSFT,AVGO,ORCL,AMD,CSCO,QCOM,TXN,IBM,ACN,ADI,GOOGL,META,NFLX,DIS,VZ,AMZN,TSLA,HD,MCD,LOW,WMT,COST,PG,KO,PEP,PM,JPM,V","TMUS,CMCSA,BKNG,SBUX",,252,63,0.8,60,1.5,0.75,5.0,252.0,0.5901495122765466,0.05305557020224971,0.17175775106258495,0.3088976763727965,-0.40385087915407836,0.05395842547545334,119,19.74137931034483,0.496943231441048
usa,BRK.B,priority,30,30,"NVDA,AAPL,MSFT,AVGO,ORCL,AMD,CSCO,QCOM,TXN,IBM,ACN,ADI,GOOGL,META,NFLX,DIS,VZ,AMZN,TSLA,HD,MCD,LOW,WMT,COST,PG,KO,PEP,PM,JPM,V","TMUS,CMCSA,BKNG,SBUX",,252,63,0.8,60,1.5,1.0,5.0,252.0,0.44580543920721416,0.04194563868274881,0.16056572414502554,0.2612365678048625,-0.4143795850491506,0.06191950464396285,139,14.710144927536232,0.49556650246305417
usa,BRK.B,priority,30,30,"NVDA,AAPL,MSFT,AVGO,ORCL,AMD,CSCO,QCOM,TXN,IBM,ACN,ADI,GOOGL,META,NFLX,DIS,VZ,AMZN,TSLA,HD,MCD,LOW,WMT,COST,PG,KO,PEP,PM,JPM,V","TMUS,CMCSA,BKNG,SBUX",,252,63,0.8,60,2.0,0.0,5.0,252.0,1.0843298084339383,0.08530158953278022,0.20468421755784597,0.41674727319253657,-0.2922768714638605,0.020787262273330383,24,2201.0,0.49886415265788275
usa,BRK.B,priority,30,30,"NVDA,AAPL,MSFT,AVGO,ORCL,AMD,CSCO,QCOM,TXN,IBM,ACN,ADI,GOOGL,META,NFLX,DIS,VZ,AMZN,TSLA,HD,MCD,LOW,WMT,COST,PG,KO,PEP,PM,JPM,V","TMUS,CMCSA,BKNG,SBUX",,252,63,0.8,60,2.0,0.25,5.0,252.0,0.5853667115527497,0.052702080602691215,0.16312546582723014,0.3230769661587307,-0.3249435996088462,0.02830605926581159,58,54.19230769230769,0.49538679914833217
usa,BRK.B,priority,30,30,"NVDA,AAPL,MSFT,AVGO,ORCL,AMD,CSCO,QCOM,TXN,IBM,ACN,ADI,GOOGL,META,NFLX,DIS,VZ,AMZN,TSLA,HD,MCD,LOW,WMT,COST,PG,KO,PEP,PM,JPM,V","TMUS,CMCSA,BKNG,SBUX",,252,63,0.8,60,2.0,0.5,5.0,252.0,0.3528544918920664,0.0342573221825313,0.15167358155246272,0.22586215629570242,-0.2966490436571536,0.03184431667403804,71,30.685714285714287,0.4888268156424581
usa,BRK.B,priority,30,30,"NVDA,AAPL,MSFT,AVGO,ORCL,AMD,CSCO,QCOM,TXN,IBM,ACN,ADI,GOOGL,META,NFLX,DIS,VZ,AMZN,TSLA,HD,MCD,LOW,WMT,COST,PG,KO,PEP,PM,JPM,V","TMUS,CMCSA,BKNG,SBUX",,252,63,0.8,60,2.0,0.75,5.0,252.0,0.1795471553656398,0.018575058097044295,0.14410886676416337,0.12889601114859014,-0.3063026340331185,0.03184431667403804,71,25.37142857142857,0.4864864864864865
usa,BRK.B,priority,30,30,"NVDA,AAPL,MSFT,AVGO,ORCL,AMD,CSCO,QCOM,TXN,IBM,ACN,ADI,GOOGL,META,NFLX,DIS,VZ,AMZN,TSLA,HD,MCD,LOW,WMT,COST,PG,KO,PEP,PM,JPM,V","TMUS,CMCSA,BKNG,SBUX",,252,63,0.8,60,2.0,1.0,5.0,252.0,-0.1200862724908156,-0.014157436982843774,0.11364095786697866,-0.12458040875909923,-0.3615779457343935,0.03272888102609465,74,20.216216216216218,0.48128342245989303
usa,BRK.B,priority,30,30,"NVDA,AAPL,MSFT,AVGO,ORCL,AMD,CSCO,QCOM,TXN,IBM,ACN,ADI,GOOGL,META,NFLX,DIS,VZ,AMZN,TSLA,HD,MCD,LOW,WMT,COST,PG,KO,PEP,PM,JPM,V","TMUS,CMCSA,BKNG,SBUX",,252,63,0.8,60,2.5,0.0,5.0,252.0,1.2567416442574082,0.09495773815182429,0.20463702428397734,0.4640300966263576,-0.2789393795796574,0.015479876160990712,18,2200.0,0.5013636363636363
usa,BRK.B,priority,30,30,"NVDA,AAPL,MSFT,AVGO,ORCL,AMD,CSCO,QCOM,TXN,IBM,ACN,ADI,GOOGL,META,NFLX,DIS,VZ,AMZN,TSLA,HD,MCD,LOW,WMT,COST,PG,KO,PEP,PM,JPM,V","TMUS,CMCSA,BKNG,SBUX",,252,63,0.8,60,2.5,0.25,5.0,252.0,0.5686495403157512,0.05145904990848216,0.1521531498534794,0.3382056168934803,-0.3230837850956716,0.019460415745245468,40,56.166666666666664,0.49653808110781406
usa,BRK.B,priority,30,30,"NVDA,AAPL,MSFT,AVGO,ORCL,AMD,CSCO,QCOM,TXN,IBM,ACN,ADI,GOOGL,META,NFLX,DIS,VZ,AMZN,TSLA,HD,MCD,LOW,WMT,COST,PG,KO,PEP,PM,JPM,V","TMUS,CMCSA,BKNG,SBUX",,252,63,0.8,60,2.5,0.5,5.0,252.0,0.2915359341103867,0.028924210660514982,0.14109023667833387,0.20500504741839906,-0.27060641368469085,0.020344980097302078,45,33.40909090909091,0.48435374149659866
usa,BRK.B,priority,30,30,"NVDA,AAPL,MSFT,AVGO,ORCL,AMD,CSCO,QCOM,TXN,IBM,ACN,ADI,GOOGL,META,NFLX,DIS,VZ,AMZN,TSLA,HD,MCD,LOW,WMT,COST,PG,KO,PEP,PM,JPM,V","TMUS,CMCSA,BKNG,SBUX",,252,63,0.8,60,2.5,0.75,5.0,252.0,0.2402197343111061,0.024285207501028028,0.13750443331465934,0.176613996477152,-0.2565149392631414,0.020344980097302078,45,29.818181818181817,0.4801829268292683
usa,BRK.B,priority,30,30,"NVDA,AAPL,MSFT,AVGO,ORCL,AMD,CSCO,QCOM,TXN,IBM,ACN,ADI,GOOGL,META,NFLX,DIS,VZ,AMZN,TSLA,HD,MCD,LOW,WMT,COST,PG,KO,PEP,PM,JPM,V","TMUS,CMCSA,BKNG,SBUX",,252,63,0.8,60,2.5,1.0,5.0,252.0,-0.029194733042959053,-0.0032968989861309472,0.10571546511957974,-0.03118653436752768,-0.28697480015812193,0.021229544449358692,48,23.208333333333332,0.4793536804308797
usa,BRK.B,priority,30,30,"NVDA,AAPL,MSFT,AVGO,ORCL,AMD,CSCO,QCOM,TXN,IBM,ACN,ADI,GOOGL,META,NFLX,DIS,VZ,AMZN,TSLA,HD,MCD,LOW,WMT,COST,PG,KO,PEP,PM,JPM,V","TMUS,CMCSA,BKNG,SBUX",,252,63,0.8,60,3.0,0.0,5.0,252.0,0.38020537772172003,0.03656715122270793,0.20195068328389948,0.1810697078519033,-0.3765344479134751,0.005749668288367979,7,2135.0,0.48805620608899297
usa,BRK.B,priority,30,30,"NVDA,AAPL,MSFT,AVGO,ORCL,AMD,CSCO,QCOM,TXN,IBM,ACN,ADI,GOOGL,META,NFLX,DIS,VZ,AMZN,TSLA,HD,MCD,LOW,WMT,COST,PG,KO,PEP,PM,JPM,V","TMUS,CMCSA,BKNG,SBUX",,252,63,0.8,60,3.0,0.25,5.0,252.0,0.44255344918023476,0.04168417054609952,0.14325292867182854,0.290983025147024,-0.3352371547252122,0.010614772224679346,23,67.0,0.5006784260515604
usa,BRK.B,priority,30,30,"NVDA,AAPL,MSFT,AVGO,ORCL,AMD,CSCO,QCOM,TXN,IBM,ACN,ADI,GOOGL,META,NFLX,DIS,VZ,AMZN,TSLA,HD,MCD,LOW,WMT,COST,PG,KO,PEP,PM,JPM,V","TMUS,CMCSA,BKNG,SBUX",,252,63,0.8,60,3.0,0.5,5.0,252.0,0.3837590074359081,0.03686426967237599,0.13139797252069127,0.28055432641147465,-0.24836545269981292,0.011499336576735958,26,36.53846153846154,0.5010526315789474
usa,BRK.B,priority,30,30,"NVDA,AAPL,MSFT,AVGO,ORCL,AMD,CSCO,QCOM,TXN,IBM,ACN,ADI,GOOGL,META,NFLX,DIS,VZ,AMZN,TSLA,HD,MCD,LOW,WMT,COST,PG,KO,PEP,PM,JPM,V","TMUS,CMCSA,BKNG,SBUX",,252,63,0.8,60,3.0,0.75,5.0,252.0,0.39143229670145274,0.037503526650401575,0.129176633732603,0.2903274808045724,-0.26192280881745844,0.011499336576735958,26,31.923076923076923,0.4939759036144578
usa,BRK.B,priority,30,30,"NVDA,AAPL,MSFT,AVGO,ORCL,AMD,CSCO,QCOM,TXN,IBM,ACN,ADI,GOOGL,META,NFLX,DIS,VZ,AMZN,TSLA,HD,MCD,LOW,WMT,COST,PG,KO,PEP,PM,JPM,V","TMUS,CMCSA,BKNG,SBUX",,252,63,0.8,60,3.0,1.0,5.0,252.0,0.021137013798649296,0.0023339954848589084,0.09139000428943612,0.025538848619232394,-0.19327536842052306,0.011499336576735958,26,24.76923076923077,0.4751552795031056
usa,MSFT,priority,30,30,"NVDA,AAPL,AVGO,ORCL,AMD,CSCO,QCOM,TXN,IBM,ACN,ADI,GOOGL,META,NFLX,DIS,VZ,AMZN,TSLA,HD,MCD,LOW,WMT,COST,PG,KO,PEP,PM,BRK-B,JPM,V","TMUS,CMCSA,BKNG,SBUX",,252,5,0.8,60,1.0,0.0,5.0,252.0,1.9612366976710067,0.12862089906996133,0.1969418806763283,0.6530906408949566,-0.2331370400187759,0.04732419283502875,54,2200.0,0.519090909090909
usa,MSFT,priority,30,30,"NVDA,AAPL,AVGO,ORCL,AMD,CSCO,QCOM,TXN,IBM,ACN,ADI,GOOGL,META,NFLX,DIS,VZ,AMZN,TSLA,HD,MCD,LOW,WMT,COST,PG,KO,PEP,PM,BRK-B,JPM,V","TMUS,CMCSA,BKNG,SBUX",,252,5,0.8,60,1.0,0.25,5.0,252.0,1.5356124386421555,0.10926957274873472,0.17546380447331597,0.6227470849428215,-0.22148453208557217,0.0734188412206988,154,22.422535211267604,0.5201005025125628
usa,MSFT,priority,30,30,"NVDA,AAPL,AVGO,ORCL,AMD,CSCO,QCOM,TXN,IBM,ACN,ADI,GOOGL,META,NFLX,DIS,VZ,AMZN,TSLA,HD,MCD,LOW,WMT,COST,PG,KO,PEP,PM,BRK-B,JPM,V","TMUS,CMCSA,BKNG,SBUX",,252,5,0.8,60,1.0,0.5,5.0,252.0,1.232251424105078,0.09362694259222981,0.17030401135048834,0.5497635777911543,-0.2365119395274058,0.08226448474126492,179,16.872093023255815,0.5175740868366644
usa,MSFT,priority,30,30,"NVDA,AAPL,AVGO,ORCL,AMD,CSCO,QCOM,TXN,IBM,ACN,ADI,GOOGL,META,NFLX,DIS,VZ,AMZN,TSLA,HD,MCD,LOW,WMT,COST,PG,KO,PEP,PM,BRK-B,JPM,V","TMUS,CMCSA,BKNG,SBUX",,252,5,0.8,60,1.0,0.75,5.0,252.0,0.9312404943876458,0.0761131101530148,0.16394169168446077,0.4642693958502637,-0.22629462394485145,0.09818664307828394,216,12.533333333333333,0.5144376899696048
usa,MSFT,priority,30,30,"NVDA,AAPL,AVGO,ORCL,AMD,CSCO,QCOM,TXN,IBM,ACN,ADI,GOOGL,META,NFLX,DIS,VZ,AMZN,TSLA,HD,MCD,LOW,WMT,COST,PG,KO,PEP,PM,BRK-B,JPM,V","TMUS,CMCSA,BKNG,SBUX",,252,5,0.8,60,1.5,0.0,5.0,252.0,2.2011025495421332,0.13846116403944908,0.19684736024685062,0.7033935525770625,-0.2278501779446125,0.0367094206103494,42,2196.0,0.5273224043715847
usa,MSFT,priority,30,30,"NVDA,AAPL,AVGO,ORCL,AMD,CSCO,QCOM,TXN,IBM,ACN,ADI,GOOGL,META,NFLX,DIS,VZ,AMZN,TSLA,HD,MCD,LOW,WMT,COST,PG,KO,PEP,PM,BRK-B,JPM,V","TMUS,CMCSA,BKNG,SBUX",,252,5,0.8,60,1.5,0.25,5.0,252.0,1.1585651536497652,0.08954309909053326,0.16387442580597736,0.5464128929827631,-0.2945410873941081,0.05218929677134011,112,25.77358490566038,0.5234260614934114
usa,MSFT,priority,30,30,"NVDA,AAPL,AVGO,ORCL,AMD,CSCO,QCOM,TXN,IBM,ACN,ADI,GOOGL,META,NFLX,DIS,VZ,AMZN,TSLA,HD,MCD,LOW,WMT,COST,PG,KO,PEP,PM,BRK-B,JPM,V","TMUS,CMCSA,BKNG,SBUX",,252,5,0.8,60,1.5,0.5,5.0,252.0,1.0580559825810023,0.08376820164103682,0.1566770525662525,0.5346552048878669,-0.2543718093489129,0.05661211853162318,124,19.766666666666666,0.5236087689713322
usa,MSFT,priority,30,30,"NVDA,AAPL,AVGO,ORCL,AMD,CSCO,QCOM,TXN,IBM,ACN,ADI,GOOGL,META,NFLX,DIS,VZ,AMZN,TSLA,HD,MCD,LOW,WMT,COST,PG,KO,PEP,PM,BRK-B,JPM,V","TMUS,CMCSA,BKNG,SBUX",,252,5,0.8,60,1.5,0.75,5.0,252.0,0.9175181720745109,0.0752581928574918,0.15011135602650796,0.5013490974273929,-0.2200840677970941,0.06368863334807608,141,15.130434782608695,0.5268199233716475
usa,MSFT,priority,30,30,"NVDA,AAPL,AVGO,ORCL,AMD,CSCO,QCOM,TXN,IBM,ACN,ADI,GOOGL,META,NFLX,DIS,VZ,AMZN,TSLA,HD,MCD,LOW,WMT,COST,PG,KO,PEP,PM,BRK-B,JPM,V","TMUS,CMCSA,BKNG,SBUX",,252,5,0.8,60,1.5,1.0,5.0,252.0,0.7549741416381499,0.06469501280158574,0.1418239636076559,0.45616418520468843,-0.1788907654005919,0.0725342768686422,164,10.853658536585366,0.5280898876404494
usa,MSFT,priority,30,30,"NVDA,AAPL,AVGO,ORCL,AMD,CSCO,QCOM,TXN,IBM,ACN,ADI,GOOGL,META,NFLX,DIS,VZ,AMZN,TSLA,HD,MCD,LOW,WMT,COST,PG,KO,PEP,PM,BRK-B,JPM,V","TMUS,CMCSA,BKNG,SBUX",,252,5,0.8,60,2.0,0.0,5.0,252.0,2.219865790715477,0.1392029834913726,0.19679687438257626,0.707343467359953,-0.23396422861371713,0.024325519681556832,28,2192.0,0.5287408759124088
usa,MSFT,priority,30,30,"NVDA,AAPL,AVGO,ORCL,AMD,CSCO,QCOM,TXN,IBM,ACN,ADI,GOOGL,META,NFLX,DIS,VZ,AMZN,TSLA,HD,MCD,LOW,WMT,COST,PG,KO,PEP,PM,BRK-B,JPM,V","TMUS,CMCSA,BKNG,SBUX",,252,5,0.8,60,2.0,0.25,5.0,252.0,1.4120980257881963,0.10311266533096819,0.1498238201409833,0.6882261127365448,-0.18249294681862893,0.03803626713843432,81,28.342105263157894,0.542246982358403
usa,MSFT,priority,30,30,"NVDA,AAPL,AVGO,ORCL,AMD,CSCO,QCOM,TXN,IBM,ACN,ADI,GOOGL,META,NFLX,DIS,VZ,AMZN,TSLA,HD,MCD,LOW,WMT,COST,PG,KO,PEP,PM,BRK-B,JPM,V","TMUS,CMCSA,BKNG,SBUX",,252,5,0.8,60,2.0,0.5,5.0,252.0,1.1540790443569122,0.08929048916246662,0.14417975245553225,0.6192997812921442,-0.18830559923606116,0.039805395842547546,87,21.261904761904763,0.541993281075028
usa,MSFT,priority,30,30,"NVDA,AAPL,AVGO,ORCL,AMD,CSCO,QCOM,TXN,IBM,ACN,ADI,GOOGL,META,NFLX,DIS,VZ,AMZN,TSLA,HD,MCD,LOW,WMT,COST,PG,KO,PEP,PM,BRK-B,JPM,V","TMUS,CMCSA,BKNG,SBUX",,252,5,0.8,60,2.0,0.75,5.0,252.0,1.0068644589403446,0.08072993506458315,0.1369535200627948,0.5894695881315611,-0.1788907654005918,0.042459088898717384,94,16.52173913043478,0.5407894736842105
usa,MSFT,priority,30,30,"NVDA,AAPL,AVGO,ORCL,AMD,CSCO,QCOM,TXN,IBM,ACN,ADI,GOOGL,META,NFLX,DIS,VZ,AMZN,TSLA,HD,MCD,LOW,WMT,COST,PG,KO,PEP,PM,BRK-B,JPM,V","TMUS,CMCSA,BKNG,SBUX",,252,5,0.8,60,2.0,1.0,5.0,252.0,0.7551019660836513,0.0647036555991527,0.13096074074601718,0.49406910216427197,-0.1788907654005918,0.045112781954887216,102,12.549019607843137,0.540625
usa,MSFT,priority,30,30,"NVDA,AAPL,AVGO,ORCL,AMD,CSCO,QCOM,TXN,IBM,ACN,ADI,GOOGL,META,NFLX,DIS,VZ,AMZN,TSLA,HD,MCD,LOW,WMT,COST,PG,KO,PEP,PM,BRK-B,JPM,V","TMUS,CMCSA,BKNG,SBUX",,252,5,0.8,60,2.5,0.0,5.0,252.0,0.6515720860406082,0.057513190931373526,0.19544323025257856,0.29427057083045083,-0.22785017794461282,0.010172490048651039,12,2059.0,0.5133559980573094
usa,MSFT,priority,30,30,"NVDA,AAPL,AVGO,ORCL,AMD,CSCO,QCOM,TXN,IBM,ACN,ADI,GOOGL,META,NFLX,DIS,VZ,AMZN,TSLA,HD,MCD,LOW,WMT,COST,PG,KO,PEP,PM,BRK-B,JPM,V","TMUS,CMCSA,BKNG,SBUX",,252,5,0.8,60,2.5,0.25,5.0,252.0,0.5130711426289065,0.04724005101942441,0.12894284139980913,0.3663642782071835,-0.17889076540059212,0.020344980097302078,45,28.727272727272727,0.5332278481012658
usa,MSFT,priority,30,30,"NVDA,AAPL,AVGO,ORCL,AMD,CSCO,QCOM,TXN,IBM,ACN,ADI,GOOGL,META,NFLX,DIS,VZ,AMZN,TSLA,HD,MCD,LOW,WMT,COST,PG,KO,PEP,PM,BRK-B,JPM,V","TMUS,CMCSA,BKNG,SBUX",,252,5,0.8,60,2.5,0.5,5.0,252.0,0.49881794852782346,0.04613591230636205,0.12378338203288913,0.37271491171653215,-0.1788907654005919,0.021229544449358692,47,22.217391304347824,0.5322896281800391
usa,MSFT,priority,30,30,"NVDA,AAPL,AVGO,ORCL,AMD,CSCO,QCOM,TXN,IBM,ACN,ADI,GOOGL,META,NFLX,DIS,VZ,AMZN,TSLA,HD,MCD,LOW,WMT,COST,PG,KO,PEP,PM,BRK-B,JPM,V","TMUS,CMCSA,BKNG,SBUX",,252,5,0.8,60,2.5,0.75,5.0,252.0,0.6913734077331246,0.060323673836400804,0.11774897409345203,0.5123074260377388,-0.178890765400592,0.023883237505528527,53,15.653846153846153,0.542997542997543
usa,MSFT,priority,30,30,"NVDA,AAPL,AVGO,ORCL,AMD,CSCO,QCOM,TXN,IBM,ACN,ADI,GOOGL,META,NFLX,DIS,VZ,AMZN,TSLA,HD,MCD,LOW,WMT,COST,PG,KO,PEP,PM,BRK-B,JPM,V","TMUS,CMCSA,BKNG,SBUX",,252,5,0.8,60,2.5,1.0,5.0,252.0,0.42725891009014316,0.0404473830181562,0.11457477896477798,0.3530216980003107,-0.178890765400592,0.023883237505528527,54,13.592592592592593,0.5367847411444142
usa,MSFT,priority,30,30,"NVDA,AAPL,AVGO,ORCL,AMD,CSCO,QCOM,TXN,IBM,ACN,ADI,GOOGL,META,NFLX,DIS,VZ,AMZN,TSLA,HD,MCD,LOW,WMT,COST,PG,KO,PEP,PM,BRK-B,JPM,V","TMUS,CMCSA,BKNG,SBUX",,252,5,0.8,60,3.0,0.0,5.0,252.0,0.48896769053461164,0.0453673868520128,0.1954676500559427,0.2320966504637913,-0.2278501779446127,0.003980539584254755,5,2059.0,0.5114133074307916
usa,MSFT,priority,30,30,"NVDA,AAPL,AVGO,ORCL,AMD,CSCO,QCOM,TXN,IBM,ACN,ADI,GOOGL,META,NFLX,DIS,VZ,AMZN,TSLA,HD,MCD,LOW,WMT,COST,PG,KO,PEP,PM,BRK-B,JPM,V","TMUS,CMCSA,BKNG,SBUX",,252,5,0.8,60,3.0,0.25,5.0,252.0,0.31422424675853455,0.03092321448582691,0.10675670658150326,0.28966062625975286,-0.1788907654005919,0.009730207872622734,21,28.9,0.5363321799307958
usa,MSFT,priority,30,30,"NVDA,AAPL,AVGO,ORCL,AMD,CSCO,QCOM,TXN,IBM,ACN,ADI,GOOGL,META,NFLX,DIS,VZ,AMZN,TSLA,HD,MCD,LOW,WMT,COST,PG,KO,PEP,PM,BRK-B,JPM,V","TMUS,CMCSA,BKNG,SBUX",,252,5,0.8,60,3.0,0.5,5.0,252.0,0.2395081808179691,0.02421969253482792,0.105116978714532,0.23040704585509214,-0.178890765400592,0.009730207872622734,21,27.0,0.5333333333333333
usa,MSFT,priority,30,30,"NVDA,AAPL,AVGO,ORCL,AMD,CSCO,QCOM,TXN,IBM,ACN,ADI,GOOGL,META,NFLX,DIS,VZ,AMZN,TSLA,HD,MCD,LOW,WMT,COST,PG,KO,PEP,PM,BRK-B,JPM,V","TMUS,CMCSA,BKNG,SBUX",,252,5,0.8,60,3.0,0.75,5.0,252.0,0.18762810811816455,0.019350451503732602,0.10230400710566098,0.1891465647454766,-0.1788907654005918,0.009730207872622734,21,22.1,0.5248868778280543
usa,MSFT,priority,30,30,"NVDA,AAPL,AVGO,ORCL,AMD,CSCO,QCOM,TXN,IBM,ACN,ADI,GOOGL,META,NFLX,DIS,VZ,AMZN,TSLA,HD,MCD,LOW,WMT,COST,PG,KO,PEP,PM,BRK-B,JPM,V","TMUS,CMCSA,BKNG,SBUX",,252,5,0.8,60,3.0,1.0,5.0,252.0,0.09433699774292825,0.01009817888534581,0.10121733504333157,0.0997672867105495,-0.1788907654005919,0.009730207872622734,22,18.545454545454547,0.5147058823529411
usa,MSFT,priority,30,30,"NVDA,AAPL,AVGO,ORCL,AMD,CSCO,QCOM,TXN,IBM,ACN,ADI,GOOGL,META,NFLX,DIS,VZ,AMZN,TSLA,HD,MCD,LOW,WMT,COST,PG,KO,PEP,PM,BRK-B,JPM,V","TMUS,CMCSA,BKNG,SBUX",,252,10,0.8,60,1.0,0.0,5.0,252.0,2.6065942264059,0.15369587029337217,0.21665584477539643,0.7094009877864416,-0.2741595369227118,0.04732419283502875,54,2200.0,0.5163636363636364
usa,MSFT,priority,30,30,"NVDA,AAPL,AVGO,ORCL,AMD,CSCO,QCOM,TXN,IBM,ACN,ADI,GOOGL,META,NFLX,DIS,VZ,AMZN,TSLA,HD,MCD,LOW,WMT,COST,PG,KO,PEP,PM,BRK-B,JPM,V","TMUS,CMCSA,BKNG,SBUX",,252,10,0.8,60,1.0,0.25,5.0,252.0,1.2803554268725974,0.09622881173945719,0.1947337098190842,0.4941559005313348,-0.27415953692271133,0.06811145510835913,142,25.184615384615384,0.5131337813072694
usa,MSFT,priority,30,30,"NVDA,AAPL,AVGO,ORCL,AMD,CSCO,QCOM,TXN,IBM,ACN,ADI,GOOGL,META,NFLX,DIS,VZ,AMZN,TSLA,HD,MCD,LOW,WMT,COST,PG,KO,PEP,PM,BRK-B,JPM,V","TMUS,CMCSA,BKNG,SBUX",,252,10,0.8,60,1.0,0.5,5.0,252.0,1.2962684009787897,0.09707878916058044,0.18927196610351635,0.5129063281748035,-0.2501801895749445,0.0804953560371517,175,17.785714285714285,0.5133868808567604
usa,MSFT,priority,30,30,"NVDA,AAPL,AVGO,ORCL,AMD,CSCO,QCOM,TXN,IBM,ACN,ADI,GOOGL,META,NFLX,DIS,VZ,AMZN,TSLA,HD,MCD,LOW,WMT,COST,PG,KO,PEP,PM,BRK-B,JPM,V","TMUS,CMCSA,BKNG,SBUX",,252,10,0.8,60,1.0,0.75,5.0,252.0,0.636003915677007,0.0563974802536773,0.18184126114895094,0.3101467725055022,-0.2553306310951594,0.09376382131800089,208,13.068627450980392,0.5063765941485371
usa,MSFT,priority,30,30,"NVDA,AAPL,AVGO,ORCL,AMD,CSCO,QCOM,TXN,IBM,ACN,ADI,GOOGL,META,NFLX,DIS,VZ,AMZN,TSLA,HD,MCD,LOW,WMT,COST,PG,KO,PEP,PM,BRK-B,JPM,V","TMUS,CMCSA,BKNG,SBUX",,252,10,0.8,60,1.5,0.0,5.0,252.0,1.9156900389071474,0.12667276916559822,0.21670751805641647,0.5845333392292413,-0.27415953692271156,0.033171163202122954,38,2196.0,0.5227686703096539
usa,MSFT,priority,30,30,"NVDA,AAPL,AVGO,ORCL,AMD,CSCO,QCOM,TXN,IBM,ACN,ADI,GOOGL,META,NFLX,DIS,VZ,AMZN,TSLA,HD,MCD,LOW,WMT,COST,PG,KO,PEP,PM,BRK-B,JPM,V","TMUS,CMCSA,BKNG,SBUX",,252,10,0.8,60,1.5,0.25,5.0,252.0,0.9682908660988545,0.07839471858742297,0.18539087995958323,0.42286178588997303,-0.27415953692271156,0.05042016806722689,110,25.9811320754717,0.5192447349310094
usa,MSFT,priority,30,30,"NVDA,AAPL,AVGO,ORCL,AMD,CSCO,QCOM,TXN,IBM,ACN,ADI,GOOGL,META,NFLX,DIS,VZ,AMZN,TSLA,HD,MCD,LOW,WMT,COST,PG,KO,PEP,PM,BRK-B,JPM,V","TMUS,CMCSA,BKNG,SBUX",,252,10,0.8,60,1.5,0.5,5.0,252.0,1.1563212988044675,0.08941680743868385,0.1802852046479837,0.4959741849769361,-0.24666560611599375,0.05661211853162318,125,19.983606557377048,0.5242001640689089
usa,MSFT,priority,30,30,"NVDA,AAPL,AVGO,ORCL,AMD,CSCO,QCOM,TXN,IBM,ACN,ADI,GOOGL,META,NFLX,DIS,VZ,AMZN,TSLA,HD,MCD,LOW,WMT,COST,PG,KO,PEP,PM,BRK-B,JPM,V","TMUS,CMCSA,BKNG,SBUX",,252,10,0.8,60,1.5,0.75,5.0,252.0,0.97987350613289,0.07910016384378094,0.1739635822082316,0.4546938091278168,-0.23688993956871696,0.06368863334807608,142,15.114285714285714,0.5255198487712666
usa,MSFT,priority,30,30,"NVDA,AAPL,AVGO,ORCL,AMD,CSCO,QCOM,TXN,IBM,ACN,ADI,GOOGL,META,NFLX,DIS,VZ,AMZN,TSLA,HD,MCD,LOW,WMT,COST,PG,KO,PEP,PM,BRK-B,JPM,V","TMUS,CMCSA,BKNG,SBUX",,252,10,0.8,60,1.5,1.0,5.0,252.0,0.7223911944462276,0.062473471126555324,0.1675520787242828,0.3728600182237025,-0.2368899395687174,0.0734188412206988,166,11.08433734939759,0.5260869565217391
usa,MSFT,priority,30,30,"NVDA,AAPL,AVGO,ORCL,AMD,CSCO,QCOM,TXN,IBM,ACN,ADI,GOOGL,META,NFLX,DIS,VZ,AMZN,TSLA,HD,MCD,LOW,WMT,COST,PG,KO,PEP,PM,BRK-B,JPM,V","TMUS,CMCSA,BKNG,SBUX",,252,10,0.8,60,2.0,0.0,5.0,252.0,2.9771891301329587,0.16634178612092776,0.21644698340951368,0.7685105308500058,-0.27415953692271156,0.026094648385670056,30,2186.0,0.5224153705397987
usa,MSFT,priority,30,30,"NVDA,AAPL,AVGO,ORCL,AMD,CSCO,QCOM,TXN,IBM,ACN,ADI,GOOGL,META,NFLX,DIS,VZ,AMZN,TSLA,HD,MCD,LOW,WMT,COST,PG,KO,PEP,PM,BRK-B,JPM,V","TMUS,CMCSA,BKNG,SBUX",,252,10,0.8,60,2.0,0.25,5.0,252.0,1.4538540910550934,0.10522482959109958,0.17497382321786412,0.6013746951170039,-0.27415953692271156,0.038920831490490936,84,28.275,0.5278514588859416
usa,MSFT,priority,30,30,"NVDA,AAPL,AVGO,ORCL,AMD,CSCO,QCOM,TXN,IBM,ACN,ADI,GOOGL,META,NFLX,DIS,VZ,AMZN,TSLA,HD,MCD,LOW,WMT,COST,PG,KO,PEP,PM,BRK-B,JPM,V","TMUS,CMCSA,BKNG,SBUX",,252,10,0.8,60,2.0,0.5,5.0,252.0,1.4387111346029688,0.10446256414177091,0.169322619671784,0.6169439401791785,-0.23688993956871762,0.04157452454666077,91,21.818181818181817,0.5302083333333333
usa,MSFT,priority,30,30,"NVDA,AAPL,AVGO,ORCL,AMD,CSCO,QCOM,TXN,IBM,ACN,ADI,GOOGL,META,NFLX,DIS,VZ,AMZN,TSLA,HD,MCD,LOW,WMT,COST,PG,KO,PEP,PM,BRK-B,JPM,V","TMUS,CMCSA,BKNG,SBUX",,252,10,0.8,60,2.0,0.75,5.0,252.0,1.3632961396923178,0.10060252640743328,0.1635121317699189,0.6152603193321035,-0.2368899395687174,0.04599734630694383,102,16.5,0.5296969696969697
usa,MSFT,priority,30,30,"NVDA,AAPL,AVGO,ORCL,AMD,CSCO,QCOM,TXN,IBM,ACN,ADI,GOOGL,META,NFLX,DIS,VZ,AMZN,TSLA,HD,MCD,LOW,WMT,COST,PG,KO,PEP,PM,BRK-B,JPM,V","TMUS,CMCSA,BKNG,SBUX",,252,10,0.8,60,2.0,1.0,5.0,252.0,0.7399974776980565,0.06367847887807487,0.15587977110930604,0.408510215436628,-0.2368899395687175,0.048651039363113664,110,12.654545454545454,0.5258620689655172
usa,MSFT,priority,30,30,"NVDA,AAPL,AVGO,ORCL,AMD,CSCO,QCOM,TXN,IBM,ACN,ADI,GOOGL,META,NFLX,DIS,VZ,AMZN,TSLA,HD,MCD,LOW,WMT,COST,PG,KO,PEP,PM,BRK-B,JPM,V","TMUS,CMCSA,BKNG,SBUX",,252,10,0.8,60,2.5,0.0,5.0,252.0,0.6457839448591487,0.057099472831960485,0.21533388629395955,0.2651671495586722,-0.2741595369227118,0.011941618752764263,14,2059.0,0.5070422535211268
usa,MSFT,priority,30,30,"NVDA,AAPL,AVGO,ORCL,AMD,CSCO,QCOM,TXN,IBM,ACN,ADI,GOOGL,META,NFLX,DIS,VZ,AMZN,TSLA,HD,MCD,LOW,WMT,COST,PG,KO,PEP,PM,BRK-B,JPM,V","TMUS,CMCSA,BKNG,SBUX",,252,10,0.8,60,2.5,0.25,5.0,252.0,0.33760175511133705,0.03295111915821236,0.15785919151737993,0.208737412383013,-0.27415953692271156,0.020344980097302078,46,31.91304347826087,0.5095367847411444
usa,MSFT,priority,30,30,"NVDA,AAPL,AVGO,ORCL,AMD,CSCO,QCOM,TXN,IBM,ACN,ADI,GOOGL,META,NFLX,DIS,VZ,AMZN,TSLA,HD,MCD,LOW,WMT,COST,PG,KO,PEP,PM,BRK-B,JPM,V","TMUS,CMCSA,BKNG,SBUX",,252,10,0.8,60,2.5,0.5,5.0,252.0,0.4088482080609537,0.03894289154435593,0.15245954526956862,0.2554309831863905,-0.2319914649252257,0.022114108801415303,50,24.84,0.5152979066022544
usa,MSFT,priority,30,30,"NVDA,AAPL,AVGO,ORCL,AMD,CSCO,QCOM,TXN,IBM,ACN,ADI,GOOGL,META,NFLX,DIS,VZ,AMZN,TSLA,HD,MCD,LOW,WMT,COST,PG,KO,PEP,PM,BRK-B,JPM,V","TMUS,CMCSA,BKNG,SBUX",,252,10,0.8,60,2.5,0.75,5.0,252.0,0.6194081858748699,0.05519769163985666,0.14581871258498275,0.37853640771713437,-0.2319914649252255,0.023883237505528527,54,17.88888888888889,0.5093167701863354
usa,MSFT,priority,30,30,"NVDA,AAPL,AVGO,ORCL,AMD,CSCO,QCOM,TXN,IBM,ACN,ADI,GOOGL,META,NFLX,DIS,VZ,AMZN,TSLA,HD,MCD,LOW,WMT,COST,PG,KO,PEP,PM,BRK-B,JPM,V","TMUS,CMCSA,BKNG,SBUX",,252,10,0.8,60,2.5,1.0,5.0,252.0,0.5077030062568062,0.046825291900512545,0.1413732837253047,0.3312174030808849,-0.23199146492522527,0.02565236620964175,58,14.413793103448276,0.5143540669856459
usa,MSFT,priority,30,30,"NVDA,AAPL,AVGO,ORCL,AMD,CSCO,QCOM,TXN,IBM,ACN,ADI,GOOGL,META,NFLX,DIS,VZ,AMZN,TSLA,HD,MCD,LOW,WMT,COST,PG,KO,PEP,PM,BRK-B,JPM,V","TMUS,CMCSA,BKNG,SBUX",,252,10,0.8,60,3.0,0.0,5.0,252.0,0.013788513443097505,0.0015274669529989904,0.21540835118705182,0.007091029408013065,-0.34582997391101034,0.0030959752321981426,4,2059.0,0.49344341913550266
usa,MSFT,priority,30,30,"NVDA,AAPL,AVGO,ORCL,AMD,CSCO,QCOM,TXN,IBM,ACN,ADI,GOOGL,META,NFLX,DIS,VZ,AMZN,TSLA,HD,MCD,LOW,WMT,COST,PG,KO,PEP,PM,BRK-B,JPM,V","TMUS,CMCSA,BKNG,SBUX",,252,10,0.8,60,3.0,0.25,5.0,252.0,0.0811327625961149,0.00873244737732648,0.1376948954410682,0.06341881701100434,-0.28498343790818004,0.009730207872622734,22,34.72727272727273,0.4869109947643979
usa,MSFT,priority,30,30,"NVDA,AAPL,AVGO,ORCL,AMD,CSCO,QCOM,TXN,IBM,ACN,ADI,GOOGL,META,NFLX,DIS,VZ,AMZN,TSLA,HD,MCD,LOW,WMT,COST,PG,KO,PEP,PM,BRK-B,JPM,V","TMUS,CMCSA,BKNG,SBUX",,252,10,0.8,60,3.0,0.5,5.0,252.0,0.18230671208937443,0.01884037570150765,0.13272707367604866,0.14194824898718084,-0.2319914649252255,0.010614772224679346,24,25.083333333333332,0.5049833887043189
usa,MSFT,priority,30,30,"NVDA,AAPL,AVGO,ORCL,AMD,CSCO,QCOM,TXN,IBM,ACN,ADI,GOOGL,META,NFLX,DIS,VZ,AMZN,TSLA,HD,MCD,LOW,WMT,COST,PG,KO,PEP,PM,BRK-B,JPM,V","TMUS,CMCSA,BKNG,SBUX",,252,10,0.8,60,3.0,0.75,5.0,252.0,0.1835773756638639,0.01896235869234264,0.13032089853233964,0.1455051254702411,-0.2319914649252257,0.010614772224679346,24,20.916666666666668,0.50199203187251
usa,MSFT,priority,30,30,"NVDA,AAPL,AVGO,ORCL,AMD,CSCO,QCOM,TXN,IBM,ACN,ADI,GOOGL,META,NFLX,DIS,VZ,AMZN,TSLA,HD,MCD,LOW,WMT,COST,PG,KO,PEP,PM,BRK-B,JPM,V","TMUS,CMCSA,BKNG,SBUX",,252,10,0.8,60,3.0,1.0,5.0,252.0,0.06398621199206977,0.006936664877003507,0.12702376991198386,0.05460918757024765,-0.2319914649252256,0.010614772224679346,24,19.0,0.5043859649122807
usa,MSFT,priority,30,30,"NVDA,AAPL,AVGO,ORCL,AMD,CSCO,QCOM,TXN,IBM,ACN,ADI,GOOGL,META,NFLX,DIS,VZ,AMZN,TSLA,HD,MCD,LOW,WMT,COST,PG,KO,PEP,PM,BRK-B,JPM,V","TMUS,CMCSA,BKNG,SBUX",,252,21,0.8,60,1.0,0.0,5.0,252.0,2.145188240076333,0.13622740655751375,0.2336998573957601,0.5829160876500614,-0.29662681437258565,0.04201680672268908,48,2198.0,0.5100090991810737
usa,MSFT,priority,30,30,"NVDA,AAPL,AVGO,ORCL,AMD,CSCO,QCOM,TXN,IBM,ACN,ADI,GOOGL,META,NFLX,DIS,VZ,AMZN,TSLA,HD,MCD,LOW,WMT,COST,PG,KO,PEP,PM,BRK-B,JPM,V","TMUS,CMCSA,BKNG,SBUX",,252,21,0.8,60,1.0,0.25,5.0,252.0,1.9683718576231608,0.1289236700227876,0.21629232259872946,0.5960621647305059,-0.2966268143725853,0.06368863334807608,128,30.714285714285715,0.502906976744186
usa,MSFT,priority,30,30,"NVDA,AAPL,AVGO,ORCL,AMD,CSCO,QCOM,TXN,IBM,ACN,ADI,GOOGL,META,NFLX,DIS,VZ,AMZN,TSLA,HD,MCD,LOW,WMT,COST,PG,KO,PEP,PM,BRK-B,JPM,V","TMUS,CMCSA,BKNG,SBUX",,252,21,0.8,60,1.0,0.5,5.0,252.0,1.717565748209902,0.11787073202156684,0.19954177423315217,0.5907070460536359,-0.26627777211884796,0.0804953560371517,173,18.0,0.5088075880758808
usa,MSFT,priority,30,30,"NVDA,AAPL,AVGO,ORCL,AMD,CSCO,QCOM,TXN,IBM,ACN,ADI,GOOGL,META,NFLX,DIS,VZ,AMZN,TSLA,HD,MCD,LOW,WMT,COST,PG,KO,PEP,PM,BRK-B,JPM,V","TMUS,CMCSA,BKNG,SBUX",,252,21,0.8,60,1.0,0.75,5.0,252.0,1.624966127879191,0.11355962945465725,0.19356622139776733,0.5866706940633966,-0.26627777211884796,0.09907120743034056,219,12.355140186915888,0.5075642965204236
usa,MSFT,priority,30,30,"NVDA,AAPL,AVGO,ORCL,AMD,CSCO,QCOM,TXN,IBM,ACN,ADI,GOOGL,META,NFLX,DIS,VZ,AMZN,TSLA,HD,MCD,LOW,WMT,COST,PG,KO,PEP,PM,BRK-B,JPM,V","TMUS,CMCSA,BKNG,SBUX",,252,21,0.8,60,1.5,0.0,5.0,252.0,3.8010045653596656,0.1910718076883806,0.23355927747504382,0.8180869959610015,-0.31782806762581683,0.03494029190623618,40,2196.0,0.5154826958105647
usa,MSFT,priority,30,30,"NVDA,AAPL,AVGO,ORCL,AMD,CSCO,QCOM,TXN,IBM,ACN,ADI,GOOGL,META,NFLX,DIS,VZ,AMZN,TSLA,HD,MCD,LOW,WMT,COST,PG,KO,PEP,PM,BRK-B,JPM,V","TMUS,CMCSA,BKNG,SBUX",,252,21,0.8,60,1.5,0.25,5.0,252.0,2.2726648428166416,0.1412700120919983,0.21006228126182983,0.6725148905524541,-0.2966268143725853,0.05042016806722689,103,33.5,0.5146009085009734
usa,MSFT,priority,30,30,"NVDA,AAPL,AVGO,ORCL,AMD,CSCO,QCOM,TXN,IBM,ACN,ADI,GOOGL,META,NFLX,DIS,VZ,AMZN,TSLA,HD,MCD,LOW,WMT,COST,PG,KO,PEP,PM,BRK-B,JPM,V","TMUS,CMCSA,BKNG,SBUX",,252,21,0.8,60,1.5,0.5,5.0,252.0,2.080475351711134,0.13359766572475018,0.18935212297549056,0.705551454218672,-0.26840377822404504,0.05926581158779301,129,19.870967741935484,0.5227272727272727
usa,MSFT,priority,30,30,"NVDA,AAPL,AVGO,ORCL,AMD,CSCO,QCOM,TXN,IBM,ACN,ADI,GOOGL,META,NFLX,DIS,VZ,AMZN,TSLA,HD,MCD,LOW,WMT,COST,PG,KO,PEP,PM,BRK-B,JPM,V","TMUS,CMCSA,BKNG,SBUX",,252,21,0.8,60,1.5,0.75,5.0,252.0,1.699057099917352,0.11701958620795438,0.18574755575839363,0.6299926032952197,-0.26840377822404515,0.06191950464396285,136,16.71212121212121,0.5176790571169537
usa,MSFT,priority,30,30,"NVDA,AAPL,AVGO,ORCL,AMD,CSCO,QCOM,TXN,IBM,ACN,ADI,GOOGL,META,NFLX,DIS,VZ,AMZN,TSLA,HD,MCD,LOW,WMT,COST,PG,KO,PEP,PM,BRK-B,JPM,V","TMUS,CMCSA,BKNG,SBUX",,252,21,0.8,60,1.5,1.0,5.0,252.0,1.0501293041866462,0.08330217071186752,0.17543030990499456,0.4748448016593048,-0.26627777211884784,0.07164971251658558,161,11.5125,0.50814332247557
usa,MSFT,priority,30,30,"NVDA,AAPL,AVGO,ORCL,AMD,CSCO,QCOM,TXN,IBM,ACN,ADI,GOOGL,META,NFLX,DIS,VZ,AMZN,TSLA,HD,MCD,LOW,WMT,COST,PG,KO,PEP,PM,BRK-B,JPM,V","TMUS,CMCSA,BKNG,SBUX",,252,21,0.8,60,2.0,0.0,5.0,252.0,2.1557891444169073,0.1366536052159133,0.23363694580162214,0.5848972419453897,-0.32129732391151355,0.024325519681556832,28,2186.0,0.5164684354986276
usa,MSFT,priority,30,30,"NVDA,AAPL,AVGO,ORCL,AMD,CSCO,QCOM,TXN,IBM,ACN,ADI,GOOGL,META,NFLX,DIS,VZ,AMZN,TSLA,HD,MCD,LOW,WMT,COST,PG,KO,PEP,PM,BRK-B,JPM,V","TMUS,CMCSA,BKNG,SBUX",,252,21,0.8,60,2.0,0.25,5.0,252.0,2.153379379504326,0.136556834893101,0.20430344218758933,0.6684020270579479,-0.2966268143725852,0.038920831490490936,80,37.833333333333336,0.5205580029368576
usa,MSFT,priority,30,30,"NVDA,AAPL,AVGO,ORCL,AMD,CSCO,QCOM,TXN,IBM,ACN,ADI,GOOGL,META,NFLX,DIS,VZ,AMZN,TSLA,HD,MCD,LOW,WMT,COST,PG,KO,PEP,PM,BRK-B,JPM,V","TMUS,CMCSA,BKNG,SBUX",,252,21,0.8,60,2.0,0.5,5.0,252.0,2.031752002855329,0.1315851006001274,0.1818296513287663,0.7236724023751676,-0.252141326048116,0.043343653250773995,95,22.347826086956523,0.5262645914396887
usa,MSFT,priority,30,30,"NVDA,AAPL,AVGO,ORCL,AMD,CSCO,QCOM,TXN,IBM,ACN,ADI,GOOGL,META,NFLX,DIS,VZ,AMZN,TSLA,HD,MCD,LOW,WMT,COST,PG,KO,PEP,PM,BRK-B,JPM,V","TMUS,CMCSA,BKNG,SBUX",,252,21,0.8,60,2.0,0.75,5.0,252.0,1.4702412436819245,0.10604503070423066,0.1783421672944736,0.5946155769719456,-0.2521413260481159,0.043343653250773995,96,19.46808510638298,0.5191256830601093
usa,MSFT,priority,30,30,"NVDA,AAPL,AVGO,ORCL,AMD,CSCO,QCOM,TXN,IBM,ACN,ADI,GOOGL,META,NFLX,DIS,VZ,AMZN,TSLA,HD,MCD,LOW,WMT,COST,PG,KO,PEP,PM,BRK-B,JPM,V","TMUS,CMCSA,BKNG,SBUX",,252,21,0.8,60,2.0,1.0,5.0,252.0,0.7746426353128273,0.06601835753816365,0.1664410529444516,0.3966470793728802,-0.2521413260481158,0.045112781954887216,102,13.92156862745098,0.5084507042253521
usa,MSFT,priority,30,30,"NVDA,AAPL,AVGO,ORCL,AMD,CSCO,QCOM,TXN,IBM,ACN,ADI,GOOGL,META,NFLX,DIS,VZ,AMZN,TSLA,HD,MCD,LOW,WMT,COST,PG,KO,PEP,PM,BRK-B,JPM,V","TMUS,CMCSA,BKNG,SBUX",,252,21,0.8,60,2.5,0.0,5.0,252.0,0.2631338216364463,0.026377327193599642,0.2337498727330251,0.11284424194628855,-0.31782806762581695,0.008403361344537815,10,2180.0,0.5036697247706422
usa,MSFT,priority,30,30,"NVDA,AAPL,AVGO,ORCL,AMD,CSCO,QCOM,TXN,IBM,ACN,ADI,GOOGL,META,NFLX,DIS,VZ,AMZN,TSLA,HD,MCD,LOW,WMT,COST,PG,KO,PEP,PM,BRK-B,JPM,V","TMUS,CMCSA,BKNG,SBUX",,252,21,0.8,60,2.5,0.25,5.0,252.0,0.9075114752027365,0.07463132927771121,0.18391245093839614,0.4057981332797851,-0.2966268143725853,0.020344980097302078,45,41.27272727272727,0.51431718061674
usa,MSFT,priority,30,30,"NVDA,AAPL,AVGO,ORCL,AMD,CSCO,QCOM,TXN,IBM,ACN,ADI,GOOGL,META,NFLX,DIS,VZ,AMZN,TSLA,HD,MCD,LOW,WMT,COST,PG,KO,PEP,PM,BRK-B,JPM,V","TMUS,CMCSA,BKNG,SBUX",,252,21,0.8,60,2.5,0.5,5.0,252.0,0.8625364916864271,0.07177731020808742,0.16279157421569393,0.44091538861209517,-0.24902106357884646,0.022114108801415303,50,23.24,0.5232358003442341
usa,MSFT,priority,30,30,"NVDA,AAPL,AVGO,ORCL,AMD,CSCO,QCOM,TXN,IBM,ACN,ADI,GOOGL,META,NFLX,DIS,VZ,AMZN,TSLA,HD,MCD,LOW,WMT,COST,PG,KO,PEP,PM,BRK-B,JPM,V","TMUS,CMCSA,BKNG,SBUX",,252,21,0.8,60,2.5,0.75,5.0,252.0,0.8180504990719741,0.06889343185387764,0.16087901056969134,0.42823132495605215,-0.24902106357884635,0.022114108801415303,50,20.88,0.5210727969348659
usa,MSFT,priority,30,30,"NVDA,AAPL,AVGO,ORCL,AMD,CSCO,QCOM,TXN,IBM,ACN,ADI,GOOGL,META,NFLX,DIS,VZ,AMZN,TSLA,HD,MCD,LOW,WMT,COST,PG,KO,PEP,PM,BRK-B,JPM,V","TMUS,CMCSA,BKNG,SBUX",,252,21,0.8,60,2.5,1.0,5.0,252.0,0.5326045942778341,0.0487383137720625,0.15058915418952853,0.32365088996197844,-0.24902106357884635,0.022998673153471916,52,14.653846153846153,0.5118110236220472
usa,MSFT,priority,30,30,"NVDA,AAPL,AVGO,ORCL,AMD,CSCO,QCOM,TXN,IBM,ACN,ADI,GOOGL,META,NFLX,DIS,VZ,AMZN,TSLA,HD,MCD,LOW,WMT,COST,PG,KO,PEP,PM,BRK-B,JPM,V","TMUS,CMCSA,BKNG,SBUX",,252,21,0.8,60,3.0,0.0,5.0,252.0,-0.06775345946891675,-0.007788971758576624,0.23250512319395186,-0.03350021561494451,-0.36897685087708343,0.0030959752321981426,4,2058.0,0.4936831875607386
usa,MSFT,priority,30,30,"NVDA,AAPL,AVGO,ORCL,AMD,CSCO,QCOM,TXN,IBM,ACN,ADI,GOOGL,META,NFLX,DIS,VZ,AMZN,TSLA,HD,MCD,LOW,WMT,COST,PG,KO,PEP,PM,BRK-B,JPM,V","TMUS,CMCSA,BKNG,SBUX",,252,21,0.8,60,3.0,0.25,5.0,252.0,0.2872915922967052,0.028546793064602838,0.16175448338703363,0.17648223694856283,-0.296626814372585,0.010614772224679346,23,45.63636363636363,0.5099601593625498
usa,MSFT,priority,30,30,"NVDA,AAPL,AVGO,ORCL,AMD,CSCO,QCOM,TXN,IBM,ACN,ADI,GOOGL,META,NFLX,DIS,VZ,AMZN,TSLA,HD,MCD,LOW,WMT,COST,PG,KO,PEP,PM,BRK-B,JPM,V","TMUS,CMCSA,BKNG,SBUX",,252,21,0.8,60,3.0,0.5,5.0,252.0,0.2725499746533351,0.02722728465923674,0.14887120867922757,0.1828915402836777,-0.24902106357884668,0.011499336576735958,26,30.846153846153847,0.5112219451371571
usa,MSFT,priority,30,30,"NVDA,AAPL,AVGO,ORCL,AMD,CSCO,QCOM,TXN,IBM,ACN,ADI,GOOGL,META,NFLX,DIS,VZ,AMZN,TSLA,HD,MCD,LOW,WMT,COST,PG,KO,PEP,PM,BRK-B,JPM,V","TMUS,CMCSA,BKNG,SBUX",,252,21,0.8,60,3.0,0.75,5.0,252.0,0.24109004861625416,0.024365294681574445,0.1483086497814682,0.16428775204599694,-0.24902106357884657,0.011499336576735958,26,29.23076923076923,0.5078947368421053
usa,MSFT,priority,30,30,"NVDA,AAPL,AVGO,ORCL,AMD,CSCO,QCOM,TXN,IBM,ACN,ADI,GOOGL,META,NFLX,DIS,VZ,AMZN,TSLA,HD,MCD,LOW,WMT,COST,PG,KO,PEP,PM,BRK-B,JPM,V","TMUS,CMCSA,BKNG,SBUX",,252,21,0.8,60,3.0,1.0,5.0,252.0,0.10680740473315509,0.01137463110941539,0.138814166085692,0.081941428819258,-0.2490210635788468,0.011499336576735958,26,19.23076923076923,0.484
usa,MSFT,priority,30,30,"NVDA,AAPL,AVGO,ORCL,AMD,CSCO,QCOM,TXN,IBM,ACN,ADI,GOOGL,META,NFLX,DIS,VZ,AMZN,TSLA,HD,MCD,LOW,WMT,COST,PG,KO,PEP,PM,BRK-B,JPM,V","TMUS,CMCSA,BKNG,SBUX",,252,63,0.8,60,1.0,0.0,5.0,252.0,3.195636163324285,0.1733133132649065,0.23923910702662568,0.7244355465915442,-0.287708139955557,0.04201680672268908,48,2201.0,0.5043162199000454
usa,MSFT,priority,30,30,"NVDA,AAPL,AVGO,ORCL,AMD,CSCO,QCOM,TXN,IBM,ACN,ADI,GOOGL,META,NFLX,DIS,VZ,AMZN,TSLA,HD,MCD,LOW,WMT,COST,PG,KO,PEP,PM,BRK-B,JPM,V","TMUS,CMCSA,BKNG,SBUX",,252,63,0.8,60,1.0,0.25,5.0,252.0,1.7323675471455688,0.1185477144752336,0.20778327750813613,0.5705353958072572,-0.24718499045092734,0.06059265811587793,121,32.37735849056604,0.5023310023310024
usa,MSFT,priority,30,30,"NVDA,AAPL,AVGO,ORCL,AMD,CSCO,QCOM,TXN,IBM,ACN,ADI,GOOGL,META,NFLX,DIS,VZ,AMZN,TSLA,HD,MCD,LOW,WMT,COST,PG,KO,PEP,PM,BRK-B,JPM,V","TMUS,CMCSA,BKNG,SBUX",,252,63,0.8,60,1.0,0.5,5.0,252.0,0.6536526206575823,0.05766158626681017,0.19855841963867546,0.2904011140486473,-0.2824155389938606,0.06501547987616099,141,23.25,0.49841872232764073
usa,MSFT,priority,30,30,"NVDA,AAPL,AVGO,ORCL,AMD,CSCO,QCOM,TXN,IBM,ACN,ADI,GOOGL,META,NFLX,DIS,VZ,AMZN,TSLA,HD,MCD,LOW,WMT,COST,PG,KO,PEP,PM,BRK-B,JPM,V","TMUS,CMCSA,BKNG,SBUX",,252,63,0.8,60,1.0,0.75,5.0,252.0,0.5494763919003889,0.05001882608965502,0.1780425848856001,0.2809374292211846,-0.25829798792039216,0.0880141530296329,196,14.422680412371134,0.5067905646890636
usa,MSFT,priority,30,30,"NVDA,AAPL,AVGO,ORCL,AMD,CSCO,QCOM,TXN,IBM,ACN,ADI,GOOGL,META,NFLX,DIS,VZ,AMZN,TSLA,HD,MCD,LOW,WMT,COST,PG,KO,PEP,PM,BRK-B,JPM,V","TMUS,CMCSA,BKNG,SBUX",,252,63,0.8,60,1.5,0.0,5.0,252.0,2.170607270640834,0.13724722610024553,0.2393011494695379,0.5735335012158668,-0.27981370861401367,0.029632905793896505,34,2201.0,0.5029532030895048
usa,MSFT,priority,30,30,"NVDA,AAPL,AVGO,ORCL,AMD,CSCO,QCOM,TXN,IBM,ACN,ADI,GOOGL,META,NFLX,DIS,VZ,AMZN,TSLA,HD,MCD,LOW,WMT,COST,PG,KO,PEP,PM,BRK-B,JPM,V","TMUS,CMCSA,BKNG,SBUX",,252,63,0.8,60,1.5,0.25,5.0,252.0,1.3544813439379175,0.10014423116515792,0.20131660567433204,0.4974464517207303,-0.23560007238125213,0.04643962848297214,96,35.65909090909091,0.502868068833652
usa,MSFT,priority,30,30,"NVDA,AAPL,AVGO,ORCL,AMD,CSCO,QCOM,TXN,IBM,ACN,ADI,GOOGL,META,NFLX,DIS,VZ,AMZN,TSLA,HD,MCD,LOW,WMT,COST,PG,KO,PEP,PM,BRK-B,JPM,V","TMUS,CMCSA,BKNG,SBUX",,252,63,0.8,60,1.5,0.5,5.0,252.0,0.7832212713597777,0.06659147168333535,0.19057755432887513,0.34941927929466465,-0.24823127639416687,0.04997788589119859,109,26.11320754716981,0.5021676300578035
usa,MSFT,priority,30,30,"NVDA,AAPL,AVGO,ORCL,AMD,CSCO,QCOM,TXN,IBM,ACN,ADI,GOOGL,META,NFLX,DIS,VZ,AMZN,TSLA,HD,MCD,LOW,WMT,COST,PG,KO,PEP,PM,BRK-B,JPM,V","TMUS,CMCSA,BKNG,SBUX",,252,63,0.8,60,1.5,0.75,5.0,252.0,0.47997807426691885,0.044662056483652846,0.17139484159556884,0.2605799338409466,-0.23560007238125213,0.055285272003538256,123,19.721311475409838,0.5029093931837074
usa,MSFT,priority,30,30,"NVDA,AAPL,AVGO,ORCL,AMD,CSCO,QCOM,TXN,IBM,ACN,ADI,GOOGL,META,NFLX,DIS,VZ,AMZN,TSLA,HD,MCD,LOW,WMT,COST,PG,KO,PEP,PM,BRK-B,JPM,V","TMUS,CMCSA,BKNG,SBUX",,252,63,0.8,60,1.5,1.0,5.0,252.0,0.4953246902370918,0.045863880288716574,0.16688586905758493,0.27482183211624095,-0.27312383165538745,0.06280406899601947,140,15.289855072463768,0.5090047393364929
usa,MSFT,priority,30,30,"NVDA,AAPL,AVGO,ORCL,AMD,CSCO,QCOM,TXN,IBM,ACN,ADI,GOOGL,META,NFLX,DIS,VZ,AMZN,TSLA,HD,MCD,LOW,WMT,COST,PG,KO,PEP,PM,BRK-B,JPM,V","TMUS,CMCSA,BKNG,SBUX",,252,63,0.8,60,2.0,0.0,5.0,252.0,1.449706012459024,0.10501644037625035,0.2393917187841059,0.43868033910963666,-0.28291270004387625,0.022556390977443608,26,2201.0,0.4993184915947297
usa,MSFT,priority,30,30,"NVDA,AAPL,AVGO,ORCL,AMD,CSCO,QCOM,TXN,IBM,ACN,ADI,GOOGL,META,NFLX,DIS,VZ,AMZN,TSLA,HD,MCD,LOW,WMT,COST,PG,KO,PEP,PM,BRK-B,JPM,V","TMUS,CMCSA,BKNG,SBUX",,252,63,0.8,60,2.0,0.25,5.0,252.0,0.7660321254399021,0.06544063323280902,0.1925377886518927,0.33988462052571583,-0.22832297101668264,0.03582485625829279,76,38.611111111111114,0.4985611510791367
usa,MSFT,priority,30,30,"NVDA,AAPL,AVGO,ORCL,AMD,CSCO,QCOM,TXN,IBM,ACN,ADI,GOOGL,META,NFLX,DIS,VZ,AMZN,TSLA,HD,MCD,LOW,WMT,COST,PG,KO,PEP,PM,BRK-B,JPM,V","TMUS,CMCSA,BKNG,SBUX",,252,63,0.8,60,2.0,0.5,5.0,252.0,0.4704431368010431,0.043909767479626494,0.18077542203819444,0.2428967775848931,-0.23131127953807085,0.03847854931446263,85,28.738095238095237,0.5028997514498758
usa,MSFT,priority,30,30,"NVDA,AAPL,AVGO,ORCL,AMD,CSCO,QCOM,TXN,IBM,ACN,ADI,GOOGL,META,NFLX,DIS,VZ,AMZN,TSLA,HD,MCD,LOW,WMT,COST,PG,KO,PEP,PM,BRK-B,JPM,V","TMUS,CMCSA,BKNG,SBUX",,252,63,0.8,60,2.0,0.75,5.0,252.0,0.15866833760460985,0.016549597664060833,0.16089447853978966,0.10285994780093134,-0.2609780143573027,0.03936311366651924,88,24.181818181818183,0.5
usa,MSFT,priority,30,30,"NVDA,AAPL,AVGO,ORCL,AMD,CSCO,QCOM,TXN,IBM,ACN,ADI,GOOGL,META,NFLX,DIS,VZ,AMZN,TSLA,HD,MCD,LOW,WMT,COST,PG,KO,PEP,PM,BRK-B,JPM,V","TMUS,CMCSA,BKNG,SBUX",,252,63,0.8,60,2.0,1.0,5.0,252.0,0.1255174996711279,0.013266001375019654,0.15596458836138735,0.08505777827131406,-0.3125920163952245,0.04157452454666077,93,19.73913043478261,0.5066079295154186
usa,MSFT,priority,30,30,"NVDA,AAPL,AVGO,ORCL,AMD,CSCO,QCOM,TXN,IBM,ACN,ADI,GOOGL,META,NFLX,DIS,VZ,AMZN,TSLA,HD,MCD,LOW,WMT,COST,PG,KO,PEP,PM,BRK-B,JPM,V","TMUS,CMCSA,BKNG,SBUX",,252,63,0.8,60,2.5,0.0,5.0,252.0,0.7645306052945133,0.06533963217992955,0.23927317265073797,0.2730754620590267,-0.2988572818995966,0.015479876160990712,18,2185.0,0.5016018306636155
usa,MSFT,priority,30,30,"NVDA,AAPL,AVGO,ORCL,AMD,CSCO,QCOM,TXN,IBM,ACN,ADI,GOOGL,META,NFLX,DIS,VZ,AMZN,TSLA,HD,MCD,LOW,WMT,COST,PG,KO,PEP,PM,BRK-B,JPM,V","TMUS,CMCSA,BKNG,SBUX",,252,63,0.8,60,2.5,0.25,5.0,252.0,0.36209423191148105,0.03504223806995532,0.17482982247859644,0.20043627324649016,-0.24688926211084417,0.024325519681556832,52,42.08,0.49809885931558934
usa,MSFT,priority,30,30,"NVDA,AAPL,AVGO,ORCL,AMD,CSCO,QCOM,TXN,IBM,ACN,ADI,GOOGL,META,NFLX,DIS,VZ,AMZN,TSLA,HD,MCD,LOW,WMT,COST,PG,KO,PEP,PM,BRK-B,JPM,V","TMUS,CMCSA,BKNG,SBUX",,252,63,0.8,60,2.5,0.5,5.0,252.0,0.20437700573658457,0.020942747099640613,0.1658886518372361,0.1262458092684295,-0.25069427646451903,0.026094648385670056,58,32.51724137931034,0.4984093319194062
usa,MSFT,priority,30,30,"NVDA,AAPL,AVGO,ORCL,AMD,CSCO,QCOM,TXN,IBM,ACN,ADI,GOOGL,META,NFLX,DIS,VZ,AMZN,TSLA,HD,MCD,LOW,WMT,COST,PG,KO,PEP,PM,BRK-B,JPM,V","TMUS,CMCSA,BKNG,SBUX",,252,63,0.8,60,2.5,0.75,5.0,252.0,-0.01432707716586945,-0.0016070825649999732,0.14439754054570106,-0.011129570205465792,-0.2557565716470863,0.02697921273772667,61,26.516129032258064,0.49635036496350365
usa,MSFT,priority,30,30,"NVDA,AAPL,AVGO,ORCL,AMD,CSCO,QCOM,TXN,IBM,ACN,ADI,GOOGL,META,NFLX,DIS,VZ,AMZN,TSLA,HD,MCD,LOW,WMT,COST,PG,KO,PEP,PM,BRK-B,JPM,V","TMUS,CMCSA,BKNG,SBUX",,252,63,0.8,60,2.5,1.0,5.0,252.0,0.03376873990199747,0.003708405404929671,0.14035180233973082,0.0264222143435909,-0.2793437811465225,0.02830605926581159,64,21.90625,0.5035663338088445
usa,MSFT,priority,30,30,"NVDA,AAPL,AVGO,ORCL,AMD,CSCO,QCOM,TXN,IBM,ACN,ADI,GOOGL,META,NFLX,DIS,VZ,AMZN,TSLA,HD,MCD,LOW,WMT,COST,PG,KO,PEP,PM,BRK-B,JPM,V","TMUS,CMCSA,BKNG,SBUX",,252,63,0.8,60,3.0,0.0,5.0,252.0,0.7481830756145851,0.06423503144360354,0.2379750026602737,0.2699234403846342,-0.32522124105018624,0.011057054400707651,13,2072.0,0.48166023166023164
usa,MSFT,priority,30,30,"NVDA,AAPL,AVGO,ORCL,AMD,CSCO,QCOM,TXN,IBM,ACN,ADI,GOOGL,META,NFLX,DIS,VZ,AMZN,TSLA,HD,MCD,LOW,WMT,COST,PG,KO,PEP,PM,BRK-B,JPM,V","TMUS,CMCSA,BKNG,SBUX",,252,63,0.8,60,3.0,0.25,5.0,252.0,0.38215636569735634,0.03673035707114236,0.16201939180638505,0.22670346223145646,-0.22499113517370917,0.01592215833701902,34,50.5,0.5037128712871287
usa,MSFT,priority,30,30,"NVDA,AAPL,AVGO,ORCL,AMD,CSCO,QCOM,TXN,IBM,ACN,ADI,GOOGL,META,NFLX,DIS,VZ,AMZN,TSLA,HD,MCD,LOW,WMT,COST,PG,KO,PEP,PM,BRK-B,JPM,V","TMUS,CMCSA,BKNG,SBUX",,252,63,0.8,60,3.0,0.5,5.0,252.0,0.12278901554538657,0.01299193179795144,0.1527221404678053,0.08506907877374999,-0.27347919906916374,0.01592215833701902,35,40.23529411764706,0.49707602339181284
usa,MSFT,priority,30,30,"NVDA,AAPL,AVGO,ORCL,AMD,CSCO,QCOM,TXN,IBM,ACN,ADI,GOOGL,META,NFLX,DIS,VZ,AMZN,TSLA,HD,MCD,LOW,WMT,COST,PG,KO,PEP,PM,BRK-B,JPM,V","TMUS,CMCSA,BKNG,SBUX",,252,63,0.8,60,3.0,0.75,5.0,252.0,-0.051769377384023874,-0.005907162358914753,0.12843906744824274,-0.04599194369964707,-0.247597665955693,0.01592215833701902,36,30.27777777777778,0.4954128440366973
usa,MSFT,priority,30,30,"NVDA,AAPL,AVGO,ORCL,AMD,CSCO,QCOM,TXN,IBM,ACN,ADI,GOOGL,META,NFLX,DIS,VZ,AMZN,TSLA,HD,MCD,LOW,WMT,COST,PG,KO,PEP,PM,BRK-B,JPM,V","TMUS,CMCSA,BKNG,SBUX",,252,63,0.8,60,3.0,1.0,5.0,252.0,0.03501671779039106,0.003843381923923417,0.12478475201875018,0.030800092653515146,-0.259430073408905,0.01680672268907563,38,23.473684210526315,0.5044843049327354
usa,AMZN,priority,30,30,"NVDA,AAPL,MSFT,AVGO,ORCL,AMD,CSCO,QCOM,TXN,IBM,ACN,ADI,GOOGL,META,NFLX,DIS,VZ,TSLA,HD,MCD,LOW,WMT,COST,PG,KO,PEP,PM,BRK-B,JPM,V","TMUS,CMCSA,BKNG,SBUX",,252,5,0.8,60,1.0,0.0,5.0,252.0,1.4263629919348495,0.10383786453435251,0.2751083709107865,0.37744349323352855,-0.3025257856297273,0.03051747014595312,35,2201.0,0.49977283053157656
usa,AMZN,priority,30,30,"NVDA,AAPL,MSFT,AVGO,ORCL,AMD,CSCO,QCOM,TXN,IBM,ACN,ADI,GOOGL,META,NFLX,DIS,VZ,TSLA,HD,MCD,LOW,WMT,COST,PG,KO,PEP,PM,BRK-B,JPM,V","TMUS,CMCSA,BKNG,SBUX",,252,5,0.8,60,1.0,0.25,5.0,252.0,1.146825816306917,0.08888107395937284,0.23636743472666338,0.3760292701156376,-0.32662473917140455,0.06015037593984962,133,23.6,0.5078226857887875
usa,AMZN,priority,30,30,"NVDA,AAPL,MSFT,AVGO,ORCL,AMD,CSCO,QCOM,TXN,IBM,ACN,ADI,GOOGL,META,NFLX,DIS,VZ,TSLA,HD,MCD,LOW,WMT,COST,PG,KO,PEP,PM,BRK-B,JPM,V","TMUS,CMCSA,BKNG,SBUX",,252,5,0.8,60,1.0,0.5,5.0,252.0,1.3078773556982117,0.09769557560394837,0.2278709285692916,0.42873207309655054,-0.33864701426335664,0.06899601946041574,154,18.42105263157895,0.5078571428571429
usa,AMZN,priority,30,30,"NVDA,AAPL,MSFT,AVGO,ORCL,AMD,CSCO,QCOM,TXN,IBM,ACN,ADI,GOOGL,META,NFLX,DIS,VZ,TSLA,HD,MCD,LOW,WMT,COST,PG,KO,PEP,PM,BRK-B,JPM,V","TMUS,CMCSA,BKNG,SBUX",,252,5,0.8,60,1.0,0.75,5.0,252.0,1.4275815266997816,0.10389963637441757,0.2155298190377816,0.4820661792334375,-0.2793481316762413,0.0946483856700575,212,11.780952380952382,0.513338722716249
usa,AMZN,priority,30,30,"NVDA,AAPL,MSFT,AVGO,ORCL,AMD,CSCO,QCOM,TXN,IBM,ACN,ADI,GOOGL,META,NFLX,DIS,VZ,TSLA,HD,MCD,LOW,WMT,COST,PG,KO,PEP,PM,BRK-B,JPM,V","TMUS,CMCSA,BKNG,SBUX",,252,5,0.8,60,1.5,0.0,5.0,252.0,3.1818455405952397,0.17288285101045897,0.27489296122104817,0.628909704499271,-0.31735197162839535,0.02697921273772667,31,2200.0,0.5040909090909091
usa,AMZN,priority,30,30,"NVDA,AAPL,MSFT,AVGO,ORCL,AMD,CSCO,QCOM,TXN,IBM,ACN,ADI,GOOGL,META,NFLX,DIS,VZ,TSLA,HD,MCD,LOW,WMT,COST,PG,KO,PEP,PM,BRK-B,JPM,V","TMUS,CMCSA,BKNG,SBUX",,252,5,0.8,60,1.5,0.25,5.0,252.0,2.357322572984922,0.1445232374724894,0.21976217739093948,0.6576347176220139,-0.281238522730882,0.047766475011057054,106,24.96153846153846,0.5138674884437596
usa,AMZN,priority,30,30,"NVDA,AAPL,MSFT,AVGO,ORCL,AMD,CSCO,QCOM,TXN,IBM,ACN,ADI,GOOGL,META,NFLX,DIS,VZ,TSLA,HD,MCD,LOW,WMT,COST,PG,KO,PEP,PM,BRK-B,JPM,V","TMUS,CMCSA,BKNG,SBUX",,252,5,0.8,60,1.5,0.5,5.0,252.0,2.2834882551258504,0.14169007448591842,0.21366165006600257,0.6631516439293093,-0.29407111208766135,0.0513047324192835,115,20.50877192982456,0.5132591958939264
usa,AMZN,priority,30,30,"NVDA,AAPL,MSFT,AVGO,ORCL,AMD,CSCO,QCOM,TXN,IBM,ACN,ADI,GOOGL,META,NFLX,DIS,VZ,TSLA,HD,MCD,LOW,WMT,COST,PG,KO,PEP,PM,BRK-B,JPM,V","TMUS,CMCSA,BKNG,SBUX",,252,5,0.8,60,1.5,0.75,5.0,252.0,1.7223628456548128,0.11809049255415904,0.19951840811958624,0.5918776801956971,-0.2926354304806148,0.0583812472357364,131,15.415384615384616,0.5169660678642715
usa,AMZN,priority,30,30,"NVDA,AAPL,MSFT,AVGO,ORCL,AMD,CSCO,QCOM,TXN,IBM,ACN,ADI,GOOGL,META,NFLX,DIS,VZ,TSLA,HD,MCD,LOW,WMT,COST,PG,KO,PEP,PM,BRK-B,JPM,V","TMUS,CMCSA,BKNG,SBUX",,252,5,0.8,60,1.5,1.0,5.0,252.0,2.3771310526415825,0.14527390391421546,0.1845528437558572,0.7871669759063513,-0.26309949706286384,0.0734188412206988,166,10.0,0.5337349397590362
usa,AMZN,priority,30,30,"NVDA,AAPL,MSFT,AVGO,ORCL,AMD,CSCO,QCOM,TXN,IBM,ACN,ADI,GOOGL,META,NFLX,DIS,VZ,TSLA,HD,MCD,LOW,WMT,COST,PG,KO,PEP,PM,BRK-B,JPM,V","TMUS,CMCSA,BKNG,SBUX",,252,5,0.8,60,2.0,0.0,5.0,252.0,3.318558475831277,0.1770956515025468,0.27486702427971094,0.6442957352437091,-0.34718867903127426,0.021671826625386997,25,2199.0,0.5052296498408367
usa,AMZN,priority,30,30,"NVDA,AAPL,MSFT,AVGO,ORCL,AMD,CSCO,QCOM,TXN,IBM,ACN,ADI,GOOGL,META,NFLX,DIS,VZ,TSLA,HD,MCD,LOW,WMT,COST,PG,KO,PEP,PM,BRK-B,JPM,V","TMUS,CMCSA,BKNG,SBUX",,252,5,0.8,60,2.0,0.25,5.0,252.0,1.9345621646473572,0.12748322931784783,0.19722302050075027,0.6463912224555087,-0.2630994970628642,0.03538257408226449,79,25.512820512820515,0.5105527638190954
usa,AMZN,priority,30,30,"NVDA,AAPL,MSFT,AVGO,ORCL,AMD,CSCO,QCOM,TXN,IBM,ACN,ADI,GOOGL,META,NFLX,DIS,VZ,TSLA,HD,MCD,LOW,WMT,COST,PG,KO,PEP,PM,BRK-B,JPM,V","TMUS,CMCSA,BKNG,SBUX",,252,5,0.8,60,2.0,0.5,5.0,252.0,1.584531551153253,0.11163461687365284,0.1926677537061765,0.5794151575769063,-0.2790400250307076,0.03538257408226449,79,22.58974358974359,0.5051078320090806
usa,AMZN,priority,30,30,"NVDA,AAPL,MSFT,AVGO,ORCL,AMD,CSCO,QCOM,TXN,IBM,ACN,ADI,GOOGL,META,NFLX,DIS,VZ,TSLA,HD,MCD,LOW,WMT,COST,PG,KO,PEP,PM,BRK-B,JPM,V","TMUS,CMCSA,BKNG,SBUX",,252,5,0.8,60,2.0,0.75,5.0,252.0,0.7956855557985683,0.06741982456143614,0.18122593227937647,0.372020845546002,-0.31454430300524394,0.03538257408226449,79,19.564102564102566,0.5032765399737876
usa,AMZN,priority,30,30,"NVDA,AAPL,MSFT,AVGO,ORCL,AMD,CSCO,QCOM,TXN,IBM,ACN,ADI,GOOGL,META,NFLX,DIS,VZ,TSLA,HD,MCD,LOW,WMT,COST,PG,KO,PEP,PM,BRK-B,JPM,V","TMUS,CMCSA,BKNG,SBUX",,252,5,0.8,60,2.0,1.0,5.0,252.0,1.1883394456794978,0.0912079452549277,0.16725955351339375,0.5453078364676132,-0.34537240477715503,0.042459088898717384,96,12.625,0.5148514851485149
usa,AMZN,priority,30,30,"NVDA,AAPL,MSFT,AVGO,ORCL,AMD,CSCO,QCOM,TXN,IBM,ACN,ADI,GOOGL,META,NFLX,DIS,VZ,TSLA,HD,MCD,LOW,WMT,COST,PG,KO,PEP,PM,BRK-B,JPM,V","TMUS,CMCSA,BKNG,SBUX",,252,5,0.8,60,2.5,0.0,5.0,252.0,4.941118905439104,0.2196959143135815,0.274687857026122,0.7998020614820591,-0.34718867903127404,0.016364440513047324,19,2198.0,0.5118289353958144
usa,AMZN,priority,30,30,"NVDA,AAPL,MSFT,AVGO,ORCL,AMD,CSCO,QCOM,TXN,IBM,ACN,ADI,GOOGL,META,NFLX,DIS,VZ,TSLA,HD,MCD,LOW,WMT,COST,PG,KO,PEP,PM,BRK-B,JPM,V","TMUS,CMCSA,BKNG,SBUX",,252,5,0.8,60,2.5,0.25,5.0,252.0,2.259702952530113,0.14076532683418752,0.175142572454955,0.8037185069346349,-0.19755187751583558,0.026536930561698365,59,25.275862068965516,0.5225102319236017
usa,AMZN,priority,30,30,"NVDA,AAPL,MSFT,AVGO,ORCL,AMD,CSCO,QCOM,TXN,IBM,ACN,ADI,GOOGL,META,NFLX,DIS,VZ,TSLA,HD,MCD,LOW,WMT,COST,PG,KO,PEP,PM,BRK-B,JPM,V","TMUS,CMCSA,BKNG,SBUX",,252,5,0.8,60,2.5,0.5,5.0,252.0,2.0090984143720165,0.13063956769339535,0.17057574814959106,0.7658742178215594,-0.19755187751583547,0.026536930561698365,59,22.0,0.5172413793103449
usa,AMZN,priority,30,30,"NVDA,AAPL,MSFT,AVGO,ORCL,AMD,CSCO,QCOM,TXN,IBM,ACN,ADI,GOOGL,META,NFLX,DIS,VZ,TSLA,HD,MCD,LOW,WMT,COST,PG,KO,PEP,PM,BRK-B,JPM,V","TMUS,CMCSA,BKNG,SBUX",,252,5,0.8,60,2.5,0.75,5.0,252.0,1.1799135016969884,0.09073885603026444,0.15912822844759886,0.5702247609709604,-0.19755187751583525,0.026536930561698365,59,18.482758620689655,0.5186567164179104
usa,AMZN,priority,30,30,"NVDA,AAPL,MSFT,AVGO,ORCL,AMD,CSCO,QCOM,TXN,IBM,ACN,ADI,GOOGL,META,NFLX,DIS,VZ,TSLA,HD,MCD,LOW,WMT,COST,PG,KO,PEP,PM,BRK-B,JPM,V","TMUS,CMCSA,BKNG,SBUX",,252,5,0.8,60,2.5,1.0,5.0,252.0,1.4320654470012655,0.10412670519997924,0.14712605612075133,0.7077380305397362,-0.21539872085652467,0.03007518796992481,68,12.411764705882353,0.5379146919431279
usa,AMZN,priority,30,30,"NVDA,AAPL,MSFT,AVGO,ORCL,AMD,CSCO,QCOM,TXN,IBM,ACN,ADI,GOOGL,META,NFLX,DIS,VZ,TSLA,HD,MCD,LOW,WMT,COST,PG,KO,PEP,PM,BRK-B,JPM,V","TMUS,CMCSA,BKNG,SBUX",,252,5,0.8,60,3.0,0.0,5.0,252.0,2.445581659833892,0.14783815098008835,0.2729369301181325,0.5416568249525671,-0.3471886790312748,0.010172490048651039,12,2117.0,0.4992914501653283
usa,AMZN,priority,30,30,"NVDA,AAPL,MSFT,AVGO,ORCL,AMD,CSCO,QCOM,TXN,IBM,ACN,ADI,GOOGL,META,NFLX,DIS,VZ,TSLA,HD,MCD,LOW,WMT,COST,PG,KO,PEP,PM,BRK-B,JPM,V","TMUS,CMCSA,BKNG,SBUX",,252,5,0.8,60,3.0,0.25,5.0,252.0,1.9327508736432204,0.12740564497135964,0.1586889101458827,0.802864200492874,-0.19755187751583536,0.019460415745245468,43,24.952380952380953,0.5095419847328244
usa,AMZN,priority,30,30,"NVDA,AAPL,MSFT,AVGO,ORCL,AMD,CSCO,QCOM,TXN,IBM,ACN,ADI,GOOGL,META,NFLX,DIS,VZ,TSLA,HD,MCD,LOW,WMT,COST,PG,KO,PEP,PM,BRK-B,JPM,V","TMUS,CMCSA,BKNG,SBUX",,252,5,0.8,60,3.0,0.5,5.0,252.0,1.6612153759589168,0.11526311779147269,0.15492860756477034,0.7439756905017373,-0.19755187751583525,0.019460415745245468,43,21.80952380952381,0.49563318777292575
usa,AMZN,priority,30,30,"NVDA,AAPL,MSFT,AVGO,ORCL,AMD,CSCO,QCOM,TXN,IBM,ACN,ADI,GOOGL,META,NFLX,DIS,VZ,TSLA,HD,MCD,LOW,WMT,COST,PG,KO,PEP,PM,BRK-B,JPM,V","TMUS,CMCSA,BKNG,SBUX",,252,5,0.8,60,3.0,0.75,5.0,252.0,0.9816240121221254,0.07920645995165665,0.14602596234869633,0.5424135453565376,-0.19755187751583536,0.019460415745245468,43,18.952380952380953,0.4899497487437186
usa,AMZN,priority,30,30,"NVDA,AAPL,MSFT,AVGO,ORCL,AMD,CSCO,QCOM,TXN,IBM,ACN,ADI,GOOGL,META,NFLX,DIS,VZ,TSLA,HD,MCD,LOW,WMT,COST,PG,KO,PEP,PM,BRK-B,JPM,V","TMUS,CMCSA,BKNG,SBUX",,252,5,0.8,60,3.0,1.0,5.0,252.0,0.8050238007568764,0.06803708571678602,0.12862379089387777,0.5289619069999316,-0.19755187751583547,0.019460415745245468,44,13.772727272727273,0.504950495049505
usa,AMZN,priority,30,30,"NVDA,AAPL,MSFT,AVGO,ORCL,AMD,CSCO,QCOM,TXN,IBM,ACN,ADI,GOOGL,META,NFLX,DIS,VZ,TSLA,HD,MCD,LOW,WMT,COST,PG,KO,PEP,PM,BRK-B,JPM,V","TMUS,CMCSA,BKNG,SBUX",,252,10,0.8,60,1.0,0.0,5.0,252.0,1.9644665486980224,0.12875803368173822,0.2997041599194098,0.42961710546947746,-0.3082943756889087,0.03051747014595312,35,2201.0,0.4934120854157201
usa,AMZN,priority,30,30,"NVDA,AAPL,MSFT,AVGO,ORCL,AMD,CSCO,QCOM,TXN,IBM,ACN,ADI,GOOGL,META,NFLX,DIS,VZ,TSLA,HD,MCD,LOW,WMT,COST,PG,KO,PEP,PM,BRK-B,JPM,V","TMUS,CMCSA,BKNG,SBUX",,252,10,0.8,60,1.0,0.25,5.0,252.0,1.5867306906927707,0.11173999946471547,0.2562924917836298,0.4359862385631254,-0.3306265544906214,0.06103494029190624,134,23.6,0.49674054758800523
usa,AMZN,priority,30,30,"NVDA,AAPL,MSFT,AVGO,ORCL,AMD,CSCO,QCOM,TXN,IBM,ACN,ADI,GOOGL,META,NFLX,DIS,VZ,TSLA,HD,MCD,LOW,WMT,COST,PG,KO,PEP,PM,BRK-B,JPM,V","TMUS,CMCSA,BKNG,SBUX",,252,10,0.8,60,1.0,0.5,5.0,252.0,1.7224339738034717,0.11809374842664622,0.2480384628942673,0.47611062836245155,-0.3355091736359914,0.06988058381247236,155,18.06578947368421,0.4989075018208303
usa,AMZN,priority,30,30,"NVDA,AAPL,MSFT,AVGO,ORCL,AMD,CSCO,QCOM,TXN,IBM,ACN,ADI,GOOGL,META,NFLX,DIS,VZ,TSLA,HD,MCD,LOW,WMT,COST,PG,KO,PEP,PM,BRK-B,JPM,V","TMUS,CMCSA,BKNG,SBUX",,252,10,0.8,60,1.0,0.75,5.0,252.0,2.7591500124685617,0.15903534494530014,0.23631071010699287,0.6729925396665041,-0.3029491436221098,0.09376382131800089,209,11.78640776699029,0.5024711696869851
usa,AMZN,priority,30,30,"NVDA,AAPL,MSFT,AVGO,ORCL,AMD,CSCO,QCOM,TXN,IBM,ACN,ADI,GOOGL,META,NFLX,DIS,VZ,TSLA,HD,MCD,LOW,WMT,COST,PG,KO,PEP,PM,BRK-B,JPM,V","TMUS,CMCSA,BKNG,SBUX",,252,10,0.8,60,1.5,0.0,5.0,252.0,2.931188903789595,0.1648304824712128,0.29954495436628564,0.5502696008347947,-0.3179793738805401,0.02697921273772667,31,2200.0,0.49227272727272725
usa,AMZN,priority,30,30,"NVDA,AAPL,MSFT,AVGO,ORCL,AMD,CSCO,QCOM,TXN,IBM,ACN,ADI,GOOGL,META,NFLX,DIS,VZ,TSLA,HD,MCD,LOW,WMT,COST,PG,KO,PEP,PM,BRK-B,JPM,V","TMUS,CMCSA,BKNG,SBUX",,252,10,0.8,60,1.5,0.25,5.0,252.0,1.6187081042698126,0.1132634278643716,0.24370110689571345,0.4647636988897232,-0.32228646809004724,0.044228217602830605,98,27.541666666666668,0.4939485627836611
usa,AMZN,priority,30,30,"NVDA,AAPL,MSFT,AVGO,ORCL,AMD,CSCO,QCOM,TXN,IBM,ACN,ADI,GOOGL,META,NFLX,DIS,VZ,TSLA,HD,MCD,LOW,WMT,COST,PG,KO,PEP,PM,BRK-B,JPM,V","TMUS,CMCSA,BKNG,SBUX",,252,10,0.8,60,1.5,0.5,5.0,252.0,2.047208430269661,0.13222663657069322,0.2342064396835668,0.5645730183565527,-0.30030543352400874,0.048651039363113664,109,21.24074074074074,0.4986922406277245
usa,AMZN,priority,30,30,"NVDA,AAPL,MSFT,AVGO,ORCL,AMD,CSCO,QCOM,TXN,IBM,ACN,ADI,GOOGL,META,NFLX,DIS,VZ,TSLA,HD,MCD,LOW,WMT,COST,PG,KO,PEP,PM,BRK-B,JPM,V","TMUS,CMCSA,BKNG,SBUX",,252,10,0.8,60,1.5,0.75,5.0,252.0,2.416550732512098,0.14675619330535628,0.22134781176167426,0.6630117195979739,-0.2998730262341702,0.05661211853162318,127,15.761904761904763,0.49748237663645517
usa,AMZN,priority,30,30,"NVDA,AAPL,MSFT,AVGO,ORCL,AMD,CSCO,QCOM,TXN,IBM,ACN,ADI,GOOGL,META,NFLX,DIS,VZ,TSLA,HD,MCD,LOW,WMT,COST,PG,KO,PEP,PM,BRK-B,JPM,V","TMUS,CMCSA,BKNG,SBUX",,252,10,0.8,60,1.5,1.0,5.0,252.0,2.0398076916933445,0.13191982246839196,0.20986773254565766,0.6285855422757389,-0.2699512970886013,0.06899601946041574,155,11.181818181818182,0.5087108013937283
usa,AMZN,priority,30,30,"NVDA,AAPL,MSFT,AVGO,ORCL,AMD,CSCO,QCOM,TXN,IBM,ACN,ADI,GOOGL,META,NFLX,DIS,VZ,TSLA,HD,MCD,LOW,WMT,COST,PG,KO,PEP,PM,BRK-B,JPM,V","TMUS,CMCSA,BKNG,SBUX",,252,10,0.8,60,2.0,0.0,5.0,252.0,4.674268560680622,0.21346459110167904,0.29933674609686534,0.7131252473513623,-0.353109003849165,0.021671826625386997,25,2198.0,0.49226569608735216
usa,AMZN,priority,30,30,"NVDA,AAPL,MSFT,AVGO,ORCL,AMD,CSCO,QCOM,TXN,IBM,ACN,ADI,GOOGL,META,NFLX,DIS,VZ,TSLA,HD,MCD,LOW,WMT,COST,PG,KO,PEP,PM,BRK-B,JPM,V","TMUS,CMCSA,BKNG,SBUX",,252,10,0.8,60,2.0,0.25,5.0,252.0,1.831632031322333,0.12300531666590375,0.22295241210211603,0.5517110826751909,-0.29164992689493385,0.03272888102609465,73,29.194444444444443,0.4900095147478592
usa,AMZN,priority,30,30,"NVDA,AAPL,MSFT,AVGO,ORCL,AMD,CSCO,QCOM,TXN,IBM,ACN,ADI,GOOGL,META,NFLX,DIS,VZ,TSLA,HD,MCD,LOW,WMT,COST,PG,KO,PEP,PM,BRK-B,JPM,V","TMUS,CMCSA,BKNG,SBUX",,252,10,0.8,60,2.0,0.5,5.0,252.0,1.907209096279367,0.1263070376051918,0.21192760802933253,0.5959914273543344,-0.2717746558065903,0.03361344537815126,75,23.54054054054054,0.4856486796785304
usa,AMZN,priority,30,30,"NVDA,AAPL,MSFT,AVGO,ORCL,AMD,CSCO,QCOM,TXN,IBM,ACN,ADI,GOOGL,META,NFLX,DIS,VZ,TSLA,HD,MCD,LOW,WMT,COST,PG,KO,PEP,PM,BRK-B,JPM,V","TMUS,CMCSA,BKNG,SBUX",,252,10,0.8,60,2.0,0.75,5.0,252.0,1.2558489791725922,0.09490945669415307,0.2007574836946804,0.4727567558004212,-0.26995129708860155,0.03449800973020787,77,19.605263157894736,0.4818791946308725
usa,AMZN,priority,30,30,"NVDA,AAPL,MSFT,AVGO,ORCL,AMD,CSCO,QCOM,TXN,IBM,ACN,ADI,GOOGL,META,NFLX,DIS,VZ,TSLA,HD,MCD,LOW,WMT,COST,PG,KO,PEP,PM,BRK-B,JPM,V","TMUS,CMCSA,BKNG,SBUX",,252,10,0.8,60,2.0,1.0,5.0,252.0,1.0609398383456798,0.08393735573904082,0.19071379606581795,0.4401220964112784,-0.2863938820694164,0.03803626713843432,85,15.071428571428571,0.4849921011058452
usa,AMZN,priority,30,30,"NVDA,AAPL,MSFT,AVGO,ORCL,AMD,CSCO,QCOM,TXN,IBM,ACN,ADI,GOOGL,META,NFLX,DIS,VZ,TSLA,HD,MCD,LOW,WMT,COST,PG,KO,PEP,PM,BRK-B,JPM,V","TMUS,CMCSA,BKNG,SBUX",,252,10,0.8,60,2.5,0.0,5.0,252.0,4.412350915495076,0.2070898835229915,0.299346623785622,0.6918063110386025,-0.35310900384916555,0.016364440513047324,19,2197.0,0.49613108784706417
usa,AMZN,priority,30,30,"NVDA,AAPL,MSFT,AVGO,ORCL,AMD,CSCO,QCOM,TXN,IBM,ACN,ADI,GOOGL,META,NFLX,DIS,VZ,TSLA,HD,MCD,LOW,WMT,COST,PG,KO,PEP,PM,BRK-B,JPM,V","TMUS,CMCSA,BKNG,SBUX",,252,10,0.8,60,2.5,0.25,5.0,252.0,1.5009978732296765,0.10757147838934,0.20461846454340651,0.5257173570790844,-0.2916499268949343,0.02476780185758514,55,30.11111111111111,0.4969249692496925
usa,AMZN,priority,30,30,"NVDA,AAPL,MSFT,AVGO,ORCL,AMD,CSCO,QCOM,TXN,IBM,ACN,ADI,GOOGL,META,NFLX,DIS,VZ,TSLA,HD,MCD,LOW,WMT,COST,PG,KO,PEP,PM,BRK-B,JPM,V","TMUS,CMCSA,BKNG,SBUX",,252,10,0.8,60,2.5,0.5,5.0,252.0,1.6061942987082034,0.11266923963853093,0.19336297422276524,0.5826825952145808,-0.22026137825141046,0.02565236620964175,57,23.392857142857142,0.4916030534351145
usa,AMZN,priority,30,30,"NVDA,AAPL,MSFT,AVGO,ORCL,AMD,CSCO,QCOM,TXN,IBM,ACN,ADI,GOOGL,META,NFLX,DIS,VZ,TSLA,HD,MCD,LOW,WMT,COST,PG,KO,PEP,PM,BRK-B,JPM,V","TMUS,CMCSA,BKNG,SBUX",,252,10,0.8,60,2.5,0.75,5.0,252.0,1.0979688031722015,0.08609082599199414,0.1853436229539404,0.46449305684171555,-0.22861482397641808,0.02565236620964175,57,20.0,0.4857142857142857
usa,AMZN,priority,30,30,"NVDA,AAPL,MSFT,AVGO,ORCL,AMD,CSCO,QCOM,TXN,IBM,ACN,ADI,GOOGL,META,NFLX,DIS,VZ,TSLA,HD,MCD,LOW,WMT,COST,PG,KO,PEP,PM,BRK-B,JPM,V","TMUS,CMCSA,BKNG,SBUX",,252,10,0.8,60,2.5,1.0,5.0,252.0,0.8116772804542831,0.06847515425897499,0.17729452931355325,0.3862226010249512,-0.21530537747162448,0.026536930561698365,59,16.620689655172413,0.491701244813278
usa,AMZN,priority,30,30,"NVDA,AAPL,MSFT,AVGO,ORCL,AMD,CSCO,QCOM,TXN,IBM,ACN,ADI,GOOGL,META,NFLX,DIS,VZ,TSLA,HD,MCD,LOW,WMT,COST,PG,KO,PEP,PM,BRK-B,JPM,V","TMUS,CMCSA,BKNG,SBUX",,252,10,0.8,60,3.0,0.0,5.0,252.0,2.7329333137142964,0.1581316237607342,0.29743431093044337,0.5316522605144708,-0.35310900384916544,0.010172490048651039,12,2117.0,0.4898441190363722
usa,AMZN,priority,30,30,"NVDA,AAPL,MSFT,AVGO,ORCL,AMD,CSCO,QCOM,TXN,IBM,ACN,ADI,GOOGL,META,NFLX,DIS,VZ,TSLA,HD,MCD,LOW,WMT,COST,PG,KO,PEP,PM,BRK-B,JPM,V","TMUS,CMCSA,BKNG,SBUX",,252,10,0.8,60,3.0,0.25,5.0,252.0,1.5255078274116185,0.10877600819046584,0.18027265169189696,0.6033971718371034,-0.2930318704690138,0.017691287041132243,39,26.736842105263158,0.4862204724409449
usa,AMZN,priority,30,30,"NVDA,AAPL,MSFT,AVGO,ORCL,AMD,CSCO,QCOM,TXN,IBM,ACN,ADI,GOOGL,META,NFLX,DIS,VZ,TSLA,HD,MCD,LOW,WMT,COST,PG,KO,PEP,PM,BRK-B,JPM,V","TMUS,CMCSA,BKNG,SBUX",,252,10,0.8,60,3.0,0.5,5.0,252.0,1.6214592483415524,0.11339372100310263,0.1752179940046321,0.6471579682626942,-0.21530537747162437,0.018575851393188854,41,22.85,0.4814004376367615
usa,AMZN,priority,30,30,"NVDA,AAPL,MSFT,AVGO,ORCL,AMD,CSCO,QCOM,TXN,IBM,ACN,ADI,GOOGL,META,NFLX,DIS,VZ,TSLA,HD,MCD,LOW,WMT,COST,PG,KO,PEP,PM,BRK-B,JPM,V","TMUS,CMCSA,BKNG,SBUX",,252,10,0.8,60,3.0,0.75,5.0,252.0,1.2167966864516675,0.09278044188706303,0.1698636182270224,0.5462054962414739,-0.22032019785772095,0.018575851393188854,41,19.95,0.47368421052631576
usa,AMZN,priority,30,30,"NVDA,AAPL,MSFT,AVGO,ORCL,AMD,CSCO,QCOM,TXN,IBM,ACN,ADI,GOOGL,META,NFLX,DIS,VZ,TSLA,HD,MCD,LOW,WMT,COST,PG,KO,PEP,PM,BRK-B,JPM,V","TMUS,CMCSA,BKNG,SBUX",,252,10,0.8,60,3.0,1.0,5.0,252.0,1.0366480032785943,0.0825058787589974,0.16233609568575544,0.5082411179748305,-0.21530537747162448,0.019460415745245468,43,15.857142857142858,0.48348348348348347
usa,AMZN,priority,30,30,"NVDA,AAPL,MSFT,AVGO,ORCL,AMD,CSCO,QCOM,TXN,IBM,ACN,ADI,GOOGL,META,NFLX,DIS,VZ,TSLA,HD,MCD,LOW,WMT,COST,PG,KO,PEP,PM,BRK-B,JPM,V","TMUS,CMCSA,BKNG,SBUX",,252,21,0.8,60,1.0,0.0,5.0,252.0,1.989660058379243,0.12982317898581064,0.30654034634601973,0.4235109033225516,-0.35054768480968557,0.034055727554179564,39,2199.0,0.493406093678945
usa,AMZN,priority,30,30,"NVDA,AAPL,MSFT,AVGO,ORCL,AMD,CSCO,QCOM,TXN,IBM,ACN,ADI,GOOGL,META,NFLX,DIS,VZ,TSLA,HD,MCD,LOW,WMT,COST,PG,KO,PEP,PM,BRK-B,JPM,V","TMUS,CMCSA,BKNG,SBUX",,252,21,0.8,60,1.0,0.25,5.0,252.0,0.580172870982008,0.05231713683351491,0.2671753680391773,0.195815719156578,-0.36432298661555684,0.0513047324192835,110,30.23076923076923,0.48854961832061067
usa,AMZN,priority,30,30,"NVDA,AAPL,MSFT,AVGO,ORCL,AMD,CSCO,QCOM,TXN,IBM,ACN,ADI,GOOGL,META,NFLX,DIS,VZ,TSLA,HD,MCD,LOW,WMT,COST,PG,KO,PEP,PM,BRK-B,JPM,V","TMUS,CMCSA,BKNG,SBUX",,252,21,0.8,60,1.0,0.5,5.0,252.0,1.391781128243772,0.10207319271895665,0.2568182960865804,0.39745296294834465,-0.368133893456289,0.06191950464396285,134,22.375,0.4888268156424581
usa,AMZN,priority,30,30,"NVDA,AAPL,MSFT,AVGO,ORCL,AMD,CSCO,QCOM,TXN,IBM,ACN,ADI,GOOGL,META,NFLX,DIS,VZ,TSLA,HD,MCD,LOW,WMT,COST,PG,KO,PEP,PM,BRK-B,JPM,V","TMUS,CMCSA,BKNG,SBUX",,252,21,0.8,60,1.0,0.75,5.0,252.0,0.4303993254901646,0.04070228914650964,0.24129598420076911,0.16868199974950063,-0.3834485533203895,0.0725342768686422,163,15.790123456790123,0.4847537138389367
usa,AMZN,priority,30,30,"NVDA,AAPL,MSFT,AVGO,ORCL,AMD,CSCO,QCOM,TXN,IBM,ACN,ADI,GOOGL,META,NFLX,DIS,VZ,TSLA,HD,MCD,LOW,WMT,COST,PG,KO,PEP,PM,BRK-B,JPM,V","TMUS,CMCSA,BKNG,SBUX",,252,21,0.8,60,1.5,0.0,5.0,252.0,3.4815891275477417,0.18196720947018563,0.3060557215742658,0.5945558166146895,-0.3505476848096849,0.028748341441839895,33,2198.0,0.489080982711556
usa,AMZN,priority,30,30,"NVDA,AAPL,MSFT,AVGO,ORCL,AMD,CSCO,QCOM,TXN,IBM,ACN,ADI,GOOGL,META,NFLX,DIS,VZ,TSLA,HD,MCD,LOW,WMT,COST,PG,KO,PEP,PM,BRK-B,JPM,V","TMUS,CMCSA,BKNG,SBUX",,252,21,0.8,60,1.5,0.25,5.0,252.0,0.8571105872860896,0.07142886488772926,0.2518383278983273,0.28362984095322724,-0.34269756505627236,0.040689960194604156,88,33.142857142857146,0.4892241379310345
usa,AMZN,priority,30,30,"NVDA,AAPL,MSFT,AVGO,ORCL,AMD,CSCO,QCOM,TXN,IBM,ACN,ADI,GOOGL,META,NFLX,DIS,VZ,TSLA,HD,MCD,LOW,WMT,COST,PG,KO,PEP,PM,BRK-B,JPM,V","TMUS,CMCSA,BKNG,SBUX",,252,21,0.8,60,1.5,0.5,5.0,252.0,1.2698512685355845,0.09566484907281048,0.2439189927893385,0.39219926246346776,-0.3373442808329402,0.043343653250773995,94,27.644444444444446,0.4871382636655949
usa,AMZN,priority,30,30,"NVDA,AAPL,MSFT,AVGO,ORCL,AMD,CSCO,QCOM,TXN,IBM,ACN,ADI,GOOGL,META,NFLX,DIS,VZ,TSLA,HD,MCD,LOW,WMT,COST,PG,KO,PEP,PM,BRK-B,JPM,V","TMUS,CMCSA,BKNG,SBUX",,252,21,0.8,60,1.5,0.75,5.0,252.0,0.4347780365576075,0.04105687840542527,0.22752024385861291,0.18045373769438774,-0.36122212364590456,0.04688191065900044,105,20.576923076923077,0.48130841121495327
usa,AMZN,priority,30,30,"NVDA,AAPL,MSFT,AVGO,ORCL,AMD,CSCO,QCOM,TXN,IBM,ACN,ADI,GOOGL,META,NFLX,DIS,VZ,TSLA,HD,MCD,LOW,WMT,COST,PG,KO,PEP,PM,BRK-B,JPM,V","TMUS,CMCSA,BKNG,SBUX",,252,21,0.8,60,1.5,1.0,5.0,252.0,0.33811113602214515,0.0329949542700938,0.21887262294059032,0.1507495721794762,-0.3389177915764804,0.05572755417956656,125,15.112903225806452,0.48665955176093917
usa,AMZN,priority,30,30,"NVDA,AAPL,MSFT,AVGO,ORCL,AMD,CSCO,QCOM,TXN,IBM,ACN,ADI,GOOGL,META,NFLX,DIS,VZ,TSLA,HD,MCD,LOW,WMT,COST,PG,KO,PEP,PM,BRK-B,JPM,V","TMUS,CMCSA,BKNG,SBUX",,252,21,0.8,60,2.0,0.0,5.0,252.0,5.5530906461299265,0.2330965905420097,0.3059168046339314,0.7619607259592673,-0.36199891785848615,0.02344095532950022,27,2198.0,0.5009099181073703
usa,AMZN,priority,30,30,"NVDA,AAPL,MSFT,AVGO,ORCL,AMD,CSCO,QCOM,TXN,IBM,ACN,ADI,GOOGL,META,NFLX,DIS,VZ,TSLA,HD,MCD,LOW,WMT,COST,PG,KO,PEP,PM,BRK-B,JPM,V","TMUS,CMCSA,BKNG,SBUX",,252,21,0.8,60,2.0,0.25,5.0,252.0,1.1582099715781773,0.08952311602939056,0.23133504612171993,0.3869846680398214,-0.3436407006727138,0.03361344537815126,74,32.138888888888886,0.49524632670700086
usa,AMZN,priority,30,30,"NVDA,AAPL,MSFT,AVGO,ORCL,AMD,CSCO,QCOM,TXN,IBM,ACN,ADI,GOOGL,META,NFLX,DIS,VZ,TSLA,HD,MCD,LOW,WMT,COST,PG,KO,PEP,PM,BRK-B,JPM,V","TMUS,CMCSA,BKNG,SBUX",,252,21,0.8,60,2.0,0.5,5.0,252.0,1.098849620429096,0.08614163865074098,0.225668825715693,0.38171705098189246,-0.3324736343358933,0.03361344537815126,74,28.5,0.48927875243664715
usa,AMZN,priority,30,30,"NVDA,AAPL,MSFT,AVGO,ORCL,AMD,CSCO,QCOM,TXN,IBM,ACN,ADI,GOOGL,META,NFLX,DIS,VZ,TSLA,HD,MCD,LOW,WMT,COST,PG,KO,PEP,PM,BRK-B,JPM,V","TMUS,CMCSA,BKNG,SBUX",,252,21,0.8,60,2.0,0.75,5.0,252.0,0.38744387742609177,0.037171645952984056,0.20946251448854103,0.1774620439544928,-0.33558216603992097,0.03449800973020787,78,22.128205128205128,0.4831981460023175
usa,AMZN,priority,30,30,"NVDA,AAPL,MSFT,AVGO,ORCL,AMD,CSCO,QCOM,TXN,IBM,ACN,ADI,GOOGL,META,NFLX,DIS,VZ,TSLA,HD,MCD,LOW,WMT,COST,PG,KO,PEP,PM,BRK-B,JPM,V","TMUS,CMCSA,BKNG,SBUX",,252,21,0.8,60,2.0,1.0,5.0,252.0,0.37630719680684144,0.036240442094923164,0.19796049913556799,0.18306905798466824,-0.30344182568104405,0.03715170278637771,84,17.404761904761905,0.4897400820793434
usa,AMZN,priority,30,30,"NVDA,AAPL,MSFT,AVGO,ORCL,AMD,CSCO,QCOM,TXN,IBM,ACN,ADI,GOOGL,META,NFLX,DIS,VZ,TSLA,HD,MCD,LOW,WMT,COST,PG,KO,PEP,PM,BRK-B,JPM,V","TMUS,CMCSA,BKNG,SBUX",,252,21,0.8,60,2.5,0.0,5.0,252.0,5.802775718489051,0.23824654650394383,0.3039820600550879,0.7837519966170655,-0.39399448994923636,0.015479876160990712,18,2117.0,0.5054322153991497
usa,AMZN,priority,30,30,"NVDA,AAPL,MSFT,AVGO,ORCL,AMD,CSCO,QCOM,TXN,IBM,ACN,ADI,GOOGL,META,NFLX,DIS,VZ,TSLA,HD,MCD,LOW,WMT,COST,PG,KO,PEP,PM,BRK-B,JPM,V","TMUS,CMCSA,BKNG,SBUX",,252,21,0.8,60,2.5,0.25,5.0,252.0,1.0239222741932075,0.08174990693016926,0.2165891168035613,0.37744235784623265,-0.3213711559895369,0.02565236620964175,57,32.214285714285715,0.4911308203991131
usa,AMZN,priority,30,30,"NVDA,AAPL,MSFT,AVGO,ORCL,AMD,CSCO,QCOM,TXN,IBM,ACN,ADI,GOOGL,META,NFLX,DIS,VZ,TSLA,HD,MCD,LOW,WMT,COST,PG,KO,PEP,PM,BRK-B,JPM,V","TMUS,CMCSA,BKNG,SBUX",,252,21,0.8,60,2.5,0.5,5.0,252.0,1.0538036958085026,0.08351839686532325,0.2115502860778854,0.39479217170415315,-0.3213711559895369,0.02565236620964175,57,28.571428571428573,0.48375
usa,AMZN,priority,30,30,"NVDA,AAPL,MSFT,AVGO,ORCL,AMD,CSCO,QCOM,TXN,IBM,ACN,ADI,GOOGL,META,NFLX,DIS,VZ,TSLA,HD,MCD,LOW,WMT,COST,PG,KO,PEP,PM,BRK-B,JPM,V","TMUS,CMCSA,BKNG,SBUX",,252,21,0.8,60,2.5,0.75,5.0,252.0,0.4936637442988252,0.04573433860179188,0.1950932940450641,0.2344229145632644,-0.3213711559895368,0.02565236620964175,58,22.896551724137932,0.47289156626506024
usa,AMZN,priority,30,30,"NVDA,AAPL,MSFT,AVGO,ORCL,AMD,CSCO,QCOM,TXN,IBM,ACN,ADI,GOOGL,META,NFLX,DIS,VZ,TSLA,HD,MCD,LOW,WMT,COST,PG,KO,PEP,PM,BRK-B,JPM,V","TMUS,CMCSA,BKNG,SBUX",,252,21,0.8,60,2.5,1.0,5.0,252.0,0.48976625208594204,0.04542985930948906,0.18389917041239628,0.24703678220848962,-0.3068199570263255,0.026536930561698365,60,17.633333333333333,0.4839319470699433
usa,AMZN,priority,30,30,"NVDA,AAPL,MSFT,AVGO,ORCL,AMD,CSCO,QCOM,TXN,IBM,ACN,ADI,GOOGL,META,NFLX,DIS,VZ,TSLA,HD,MCD,LOW,WMT,COST,PG,KO,PEP,PM,BRK-B,JPM,V","TMUS,CMCSA,BKNG,SBUX",,252,21,0.8,60,3.0,0.0,5.0,252.0,0.7767471374114687,0.06615918080536587,0.3042930060039425,0.21741932775316136,-0.3939944899492366,0.008403361344537815,10,2117.0,0.4931506849315068
usa,AMZN,priority,30,30,"NVDA,AAPL,MSFT,AVGO,ORCL,AMD,CSCO,QCOM,TXN,IBM,ACN,ADI,GOOGL,META,NFLX,DIS,VZ,TSLA,HD,MCD,LOW,WMT,COST,PG,KO,PEP,PM,BRK-B,JPM,V","TMUS,CMCSA,BKNG,SBUX",,252,21,0.8,60,3.0,0.25,5.0,252.0,0.5369054001684637,0.049065915365731794,0.1746726457582052,0.28090211350924665,-0.29485502100897587,0.01592215833701902,36,29.0,0.4827586206896552
usa,AMZN,priority,30,30,"NVDA,AAPL,MSFT,AVGO,ORCL,AMD,CSCO,QCOM,TXN,IBM,ACN,ADI,GOOGL,META,NFLX,DIS,VZ,TSLA,HD,MCD,LOW,WMT,COST,PG,KO,PEP,PM,BRK-B,JPM,V","TMUS,CMCSA,BKNG,SBUX",,252,21,0.8,60,3.0,0.5,5.0,252.0,0.5831693845301829,0.05253936170425977,0.16914421102396285,0.31061873998641587,-0.2948550210089764,0.01592215833701902,36,24.22222222222222,0.4701834862385321
usa,AMZN,priority,30,30,"NVDA,AAPL,MSFT,AVGO,ORCL,AMD,CSCO,QCOM,TXN,IBM,ACN,ADI,GOOGL,META,NFLX,DIS,VZ,TSLA,HD,MCD,LOW,WMT,COST,PG,KO,PEP,PM,BRK-B,JPM,V","TMUS,CMCSA,BKNG,SBUX",,252,21,0.8,60,3.0,0.75,5.0,252.0,0.475265689101505,0.04429079794477686,0.1672597628269909,0.26480246770761057,-0.2948550210089763,0.01592215833701902,36,21.27777777777778,0.4595300261096606
usa,AMZN,priority,30,30,"NVDA,AAPL,MSFT,AVGO,ORCL,AMD,CSCO,QCOM,TXN,IBM,ACN,ADI,GOOGL,META,NFLX,DIS,VZ,TSLA,HD,MCD,LOW,WMT,COST,PG,KO,PEP,PM,BRK-B,JPM,V","TMUS,CMCSA,BKNG,SBUX",,252,21,0.8,60,3.0,1.0,5.0,252.0,0.4833445173922555,0.04492663423539689,0.16270598099201045,0.276121590377203,-0.2675126470993433,0.01680672268907563,38,18.894736842105264,0.4568245125348189
usa,AMZN,priority,30,30,"NVDA,AAPL,MSFT,AVGO,ORCL,AMD,CSCO,QCOM,TXN,IBM,ACN,ADI,GOOGL,META,NFLX,DIS,VZ,TSLA,HD,MCD,LOW,WMT,COST,PG,KO,PEP,PM,BRK-B,JPM,V","TMUS,CMCSA,BKNG,SBUX",,252,63,0.8,60,1.0,0.0,5.0,252.0,1.9489312882178904,0.12809720922073797,0.3597652021539627,0.35605780785301844,-0.4424902564255552,0.034055727554179564,39,2198.0,0.49499545040946313
usa,AMZN,priority,30,30,"NVDA,AAPL,MSFT,AVGO,ORCL,AMD,CSCO,QCOM,TXN,IBM,ACN,ADI,GOOGL,META,NFLX,DIS,VZ,TSLA,HD,MCD,LOW,WMT,COST,PG,KO,PEP,PM,BRK-B,JPM,V","TMUS,CMCSA,BKNG,SBUX",,252,63,0.8,60,1.0,0.25,5.0,252.0,3.749407707048216,0.18963826114098392,0.3214106031756729,0.5900186840984012,-0.3328525801736779,0.05572755417956656,110,36.361702127659576,0.4967817437097718
usa,AMZN,priority,30,30,"NVDA,AAPL,MSFT,AVGO,ORCL,AMD,CSCO,QCOM,TXN,IBM,ACN,ADI,GOOGL,META,NFLX,DIS,VZ,TSLA,HD,MCD,LOW,WMT,COST,PG,KO,PEP,PM,BRK-B,JPM,V","TMUS,CMCSA,BKNG,SBUX",,252,63,0.8,60,1.0,0.5,5.0,252.0,3.5951437953622385,0.1852681616425904,0.30874420400477826,0.600070087922114,-0.3328525801736778,0.06722689075630252,138,25.274193548387096,0.49840459476707083
usa,AMZN,priority,30,30,"NVDA,AAPL,MSFT,AVGO,ORCL,AMD,CSCO,QCOM,TXN,IBM,ACN,ADI,GOOGL,META,NFLX,DIS,VZ,TSLA,HD,MCD,LOW,WMT,COST,PG,KO,PEP,PM,BRK-B,JPM,V","TMUS,CMCSA,BKNG,SBUX",,252,63,0.8,60,1.0,0.75,5.0,252.0,1.875842737700696,0.12494610839675091,0.2855227226402776,0.43760478059803015,-0.4615842511894378,0.07784166298098187,168,17.9375,0.4961672473867596
usa,AMZN,priority,30,30,"NVDA,AAPL,MSFT,AVGO,ORCL,AMD,CSCO,QCOM,TXN,IBM,ACN,ADI,GOOGL,META,NFLX,DIS,VZ,TSLA,HD,MCD,LOW,WMT,COST,PG,KO,PEP,PM,BRK-B,JPM,V","TMUS,CMCSA,BKNG,SBUX",,252,63,0.8,60,1.5,0.0,5.0,252.0,1.5030964335237087,0.10767502074188617,0.3597765784511231,0.29928301949348324,-0.42500346605450523,0.02697921273772667,31,2198.0,0.49499545040946313
usa,AMZN,priority,30,30,"NVDA,AAPL,MSFT,AVGO,ORCL,AMD,CSCO,QCOM,TXN,IBM,ACN,ADI,GOOGL,META,NFLX,DIS,VZ,TSLA,HD,MCD,LOW,WMT,COST,PG,KO,PEP,PM,BRK-B,JPM,V","TMUS,CMCSA,BKNG,SBUX",,252,63,0.8,60,1.5,0.25,5.0,252.0,4.176390791361888,0.20110773252127356,0.31217635064437665,0.6442119401618939,-0.33285258017367836,0.045112781954887216,90,40.717948717948715,0.4968513853904282
usa,AMZN,priority,30,30,"NVDA,AAPL,MSFT,AVGO,ORCL,AMD,CSCO,QCOM,TXN,IBM,ACN,ADI,GOOGL,META,NFLX,DIS,VZ,TSLA,HD,MCD,LOW,WMT,COST,PG,KO,PEP,PM,BRK-B,JPM,V","TMUS,CMCSA,BKNG,SBUX",,252,63,0.8,60,1.5,0.5,5.0,252.0,2.7387851330084616,0.158333830814968,0.2917298923885794,0.542741196380623,-0.3328525801736787,0.05307386112339673,112,27.076923076923077,0.4978693181818182
usa,AMZN,priority,30,30,"NVDA,AAPL,MSFT,AVGO,ORCL,AMD,CSCO,QCOM,TXN,IBM,ACN,ADI,GOOGL,META,NFLX,DIS,VZ,TSLA,HD,MCD,LOW,WMT,COST,PG,KO,PEP,PM,BRK-B,JPM,V","TMUS,CMCSA,BKNG,SBUX",,252,63,0.8,60,1.5,0.75,5.0,252.0,0.9885876888217882,0.07962849138025674,0.26589254121398465,0.2994762132728403,-0.42494620769528524,0.05484298982750995,119,22.333333333333332,0.4948939512961508
usa,AMZN,priority,30,30,"NVDA,AAPL,MSFT,AVGO,ORCL,AMD,CSCO,QCOM,TXN,IBM,ACN,ADI,GOOGL,META,NFLX,DIS,VZ,TSLA,HD,MCD,LOW,WMT,COST,PG,KO,PEP,PM,BRK-B,JPM,V","TMUS,CMCSA,BKNG,SBUX",,252,63,0.8,60,1.5,1.0,5.0,252.0,1.1201812238430517,0.08736646832087036,0.258415414084079,0.3380853600801247,-0.4116368508857786,0.06368863334807608,140,16.308823529411764,0.49594229035166815
usa,AMZN,priority,30,30,"NVDA,AAPL,MSFT,AVGO,ORCL,AMD,CSCO,QCOM,TXN,IBM,ACN,ADI,GOOGL,META,NFLX,DIS,VZ,TSLA,HD,MCD,LOW,WMT,COST,PG,KO,PEP,PM,BRK-B,JPM,V","TMUS,CMCSA,BKNG,SBUX",,252,63,0.8,60,2.0,0.0,5.0,252.0,5.801857111092617,0.23822790946363548,0.3594608517343387,0.662736730061773,-0.34428044495640364,0.025210084033613446,29,2198.0,0.5059144676979072
usa,AMZN,priority,30,30,"NVDA,AAPL,MSFT,AVGO,ORCL,AMD,CSCO,QCOM,TXN,IBM,ACN,ADI,GOOGL,META,NFLX,DIS,VZ,TSLA,HD,MCD,LOW,WMT,COST,PG,KO,PEP,PM,BRK-B,JPM,V","TMUS,CMCSA,BKNG,SBUX",,252,63,0.8,60,2.0,0.25,5.0,252.0,3.806939403193417,0.19123581993181937,0.29444560803297987,0.6494775765526096,-0.32203047521731243,0.03449800973020787,69,46.0,0.49927536231884057
usa,AMZN,priority,30,30,"NVDA,AAPL,MSFT,AVGO,ORCL,AMD,CSCO,QCOM,TXN,IBM,ACN,ADI,GOOGL,META,NFLX,DIS,VZ,TSLA,HD,MCD,LOW,WMT,COST,PG,KO,PEP,PM,BRK-B,JPM,V","TMUS,CMCSA,BKNG,SBUX",,252,63,0.8,60,2.0,0.5,5.0,252.0,1.7183944136504792,0.11790871875102016,0.27293175958622734,0.43200805552924026,-0.391389295786594,0.03715170278637771,79,31.756756756756758,0.5004255319148936
usa,AMZN,priority,30,30,"NVDA,AAPL,MSFT,AVGO,ORCL,AMD,CSCO,QCOM,TXN,IBM,ACN,ADI,GOOGL,META,NFLX,DIS,VZ,TSLA,HD,MCD,LOW,WMT,COST,PG,KO,PEP,PM,BRK-B,JPM,V","TMUS,CMCSA,BKNG,SBUX",,252,63,0.8,60,2.0,0.75,5.0,252.0,0.866925779493593,0.07205852589519002,0.24969612344212438,0.2885848803010834,-0.4816945631990185,0.03803626713843432,82,27.05128205128205,0.4957345971563981
usa,AMZN,priority,30,30,"NVDA,AAPL,MSFT,AVGO,ORCL,AMD,CSCO,QCOM,TXN,IBM,ACN,ADI,GOOGL,META,NFLX,DIS,VZ,TSLA,HD,MCD,LOW,WMT,COST,PG,KO,PEP,PM,BRK-B,JPM,V","TMUS,CMCSA,BKNG,SBUX",,252,63,0.8,60,2.0,1.0,5.0,252.0,0.8192334992897032,0.06897092936473959,0.23369239019153207,0.2951355382527076,-0.5309187613246442,0.04157452454666077,91,20.022727272727273,0.5005675368898979
usa,AMZN,priority,30,30,"NVDA,AAPL,MSFT,AVGO,ORCL,AMD,CSCO,QCOM,TXN,IBM,ACN,ADI,GOOGL,META,NFLX,DIS,VZ,TSLA,HD,MCD,LOW,WMT,COST,PG,KO,PEP,PM,BRK-B,JPM,V","TMUS,CMCSA,BKNG,SBUX",,252,63,0.8,60,2.5,0.0,5.0,252.0,3.738771815836495,0.18934103855086337,0.3595844698807259,0.5265551057131799,-0.4513943717694803,0.01813356921716055,21,2198.0,0.5118289353958144
usa,AMZN,priority,30,30,"NVDA,AAPL,MSFT,AVGO,ORCL,AMD,CSCO,QCOM,TXN,IBM,ACN,ADI,GOOGL,META,NFLX,DIS,VZ,TSLA,HD,MCD,LOW,WMT,COST,PG,KO,PEP,PM,BRK-B,JPM,V","TMUS,CMCSA,BKNG,SBUX",,252,63,0.8,60,2.5,0.25,5.0,252.0,4.020391245979174,0.19701827557998142,0.26549797300744293,0.7420707335285691,-0.31160544059687056,0.023883237505528527,50,47.82608695652174,0.5054545454545455
usa,AMZN,priority,30,30,"NVDA,AAPL,MSFT,AVGO,ORCL,AMD,CSCO,QCOM,TXN,IBM,ACN,ADI,GOOGL,META,NFLX,DIS,VZ,TSLA,HD,MCD,LOW,WMT,COST,PG,KO,PEP,PM,BRK-B,JPM,V","TMUS,CMCSA,BKNG,SBUX",,252,63,0.8,60,2.5,0.5,5.0,252.0,1.6076874763018698,0.11274027264806441,0.23928969963059118,0.47114553122056535,-0.287917445211855,0.023883237505528527,53,35.07692307692308,0.5054824561403509
usa,AMZN,priority,30,30,"NVDA,AAPL,MSFT,AVGO,ORCL,AMD,CSCO,QCOM,TXN,IBM,ACN,ADI,GOOGL,META,NFLX,DIS,VZ,TSLA,HD,MCD,LOW,WMT,COST,PG,KO,PEP,PM,BRK-B,JPM,V","TMUS,CMCSA,BKNG,SBUX",,252,63,0.8,60,2.5,0.75,5.0,252.0,0.8295881806176839,0.06964735257765353,0.21069475785800407,0.33056044339077373,-0.28227924220912504,0.023883237505528527,53,30.653846153846153,0.4968632371392723
usa,AMZN,priority,30,30,"NVDA,AAPL,MSFT,AVGO,ORCL,AMD,CSCO,QCOM,TXN,IBM,ACN,ADI,GOOGL,META,NFLX,DIS,VZ,TSLA,HD,MCD,LOW,WMT,COST,PG,KO,PEP,PM,BRK-B,JPM,V","TMUS,CMCSA,BKNG,SBUX",,252,63,0.8,60,2.5,1.0,5.0,252.0,0.4180059366802833,0.03969341514925073,0.17762314253454559,0.22346983947506072,-0.28463819081549613,0.023883237505528527,53,23.115384615384617,0.49417637271214643
usa,AMZN,priority,30,30,"NVDA,AAPL,MSFT,AVGO,ORCL,AMD,CSCO,QCOM,TXN,IBM,ACN,ADI,GOOGL,META,NFLX,DIS,VZ,TSLA,HD,MCD,LOW,WMT,COST,PG,KO,PEP,PM,BRK-B,JPM,V","TMUS,CMCSA,BKNG,SBUX",,252,63,0.8,60,3.0,0.0,5.0,252.0,3.7791940382680087,0.1904675111251406,0.3568542230419749,0.5337403870452078,-0.4728634676774722,0.013710747456877488,16,2135.0,0.5180327868852459
usa,AMZN,priority,30,30,"NVDA,AAPL,MSFT,AVGO,ORCL,AMD,CSCO,QCOM,TXN,IBM,ACN,ADI,GOOGL,META,NFLX,DIS,VZ,TSLA,HD,MCD,LOW,WMT,COST,PG,KO,PEP,PM,BRK-B,JPM,V","TMUS,CMCSA,BKNG,SBUX",,252,63,0.8,60,3.0,0.25,5.0,252.0,4.704180799422642,0.21417588842494872,0.23401913593959597,0.9152067311291624,-0.2885906331193977,0.019460415745245468,41,42.89473684210526,0.5165644171779141
usa,AMZN,priority,30,30,"NVDA,AAPL,MSFT,AVGO,ORCL,AMD,CSCO,QCOM,TXN,IBM,ACN,ADI,GOOGL,META,NFLX,DIS,VZ,TSLA,HD,MCD,LOW,WMT,COST,PG,KO,PEP,PM,BRK-B,JPM,V","TMUS,CMCSA,BKNG,SBUX",,252,63,0.8,60,3.0,0.5,5.0,252.0,2.1702585339401286,0.13723328390080236,0.20911623714231822,0.656253602188746,-0.2684870246417237,0.019460415745245468,43,31.857142857142858,0.5142002989536621
usa,AMZN,priority,30,30,"NVDA,AAPL,MSFT,AVGO,ORCL,AMD,CSCO,QCOM,TXN,IBM,ACN,ADI,GOOGL,META,NFLX,DIS,VZ,TSLA,HD,MCD,LOW,WMT,COST,PG,KO,PEP,PM,BRK-B,JPM,V","TMUS,CMCSA,BKNG,SBUX",,252,63,0.8,60,3.0,0.75,5.0,252.0,1.3281877371231334,0.0987680706539158,0.17620784307163886,0.5605202863402667,-0.24294375691586345,0.019460415745245468,43,27.238095238095237,0.5104895104895105
usa,AMZN,priority,30,30,"NVDA,AAPL,MSFT,AVGO,ORCL,AMD,CSCO,QCOM,TXN,IBM,ACN,ADI,GOOGL,META,NFLX,DIS,VZ,TSLA,HD,MCD,LOW,WMT,COST,PG,KO,PEP,PM,BRK-B,JPM,V","TMUS,CMCSA,BKNG,SBUX",,252,63,0.8,60,3.0,1.0,5.0,252.0,0.9500824050177779,0.07727823234770814,0.16282204030353886,0.4746177618438094,-0.22680841510147698,0.019460415745245468,43,21.428571428571427,0.5088888888888888
usa,NVDA,priority,30,30,"AAPL,MSFT,AVGO,ORCL,AMD,CSCO,QCOM,TXN,IBM,ACN,ADI,GOOGL,META,NFLX,DIS,VZ,AMZN,TSLA,HD,MCD,LOW,WMT,COST,PG,KO,PEP,PM,BRK-B,JPM,V","TMUS,CMCSA,BKNG,SBUX",,252,5,0.8,60,1.0,0.0,5.0,252.0,17.248784802581714,0.3822002479632072,0.44080992921634327,0.8670409231540442,-0.38208584494870623,0.0437859354268023,50,2190.0,0.5278538812785388
usa,NVDA,priority,30,30,"AAPL,MSFT,AVGO,ORCL,AMD,CSCO,QCOM,TXN,IBM,ACN,ADI,GOOGL,META,NFLX,DIS,VZ,AMZN,TSLA,HD,MCD,LOW,WMT,COST,PG,KO,PEP,PM,BRK-B,JPM,V","TMUS,CMCSA,BKNG,SBUX",,252,5,0.8,60,1.0,0.25,5.0,252.0,15.79640018309107,0.3694828747890244,0.3900426831681118,0.9472883115968467,-0.3332037459005899,0.06811145510835913,141,23.40625,0.5427236315086782
usa,NVDA,priority,30,30,"AAPL,MSFT,AVGO,ORCL,AMD,CSCO,QCOM,TXN,IBM,ACN,ADI,GOOGL,META,NFLX,DIS,VZ,AMZN,TSLA,HD,MCD,LOW,WMT,COST,PG,KO,PEP,PM,BRK-B,JPM,V","TMUS,CMCSA,BKNG,SBUX",,252,5,0.8,60,1.0,0.5,5.0,252.0,7.553372980664557,0.27025664675807715,0.3676746347332386,0.735042946202036,-0.3332037459005899,0.07872622733303848,175,15.604651162790697,0.5402384500745157
usa,NVDA,priority,30,30,"AAPL,MSFT,AVGO,ORCL,AMD,CSCO,QCOM,TXN,IBM,ACN,ADI,GOOGL,META,NFLX,DIS,VZ,AMZN,TSLA,HD,MCD,LOW,WMT,COST,PG,KO,PEP,PM,BRK-B,JPM,V","TMUS,CMCSA,BKNG,SBUX",,252,5,0.8,60,1.0,0.75,5.0,252.0,10.528211124132872,0.31322393609625676,0.341654875927936,0.9167846214561971,-0.3009661029668026,0.1017249004865104,228,10.451327433628318,0.5436071126164268
usa,NVDA,priority,30,30,"AAPL,MSFT,AVGO,ORCL,AMD,CSCO,QCOM,TXN,IBM,ACN,ADI,GOOGL,META,NFLX,DIS,VZ,AMZN,TSLA,HD,MCD,LOW,WMT,COST,PG,KO,PEP,PM,BRK-B,JPM,V","TMUS,CMCSA,BKNG,SBUX",,252,5,0.8,60,1.5,0.0,5.0,252.0,5.342642220923334,0.22861867880804088,0.43700804223519474,0.523145243823682,-0.445258679467572,0.029632905793896505,34,2173.0,0.5158766682006443
usa,NVDA,priority,30,30,"AAPL,MSFT,AVGO,ORCL,AMD,CSCO,QCOM,TXN,IBM,ACN,ADI,GOOGL,META,NFLX,DIS,VZ,AMZN,TSLA,HD,MCD,LOW,WMT,COST,PG,KO,PEP,PM,BRK-B,JPM,V","TMUS,CMCSA,BKNG,SBUX",,252,5,0.8,60,1.5,0.25,5.0,252.0,16.724468415885173,0.37771651176811805,0.3648330347738645,1.035313350947617,-0.31316988962071735,0.05218929677134011,111,24.0,0.5400641025641025
usa,NVDA,priority,30,30,"AAPL,MSFT,AVGO,ORCL,AMD,CSCO,QCOM,TXN,IBM,ACN,ADI,GOOGL,META,NFLX,DIS,VZ,AMZN,TSLA,HD,MCD,LOW,WMT,COST,PG,KO,PEP,PM,BRK-B,JPM,V","TMUS,CMCSA,BKNG,SBUX",,252,5,0.8,60,1.5,0.5,5.0,252.0,7.70202806382966,0.272698412415846,0.3459243596909886,0.7883180376757661,-0.313169889620717,0.05572755417956656,125,17.516129032258064,0.5359116022099447
usa,NVDA,priority,30,30,"AAPL,MSFT,AVGO,ORCL,AMD,CSCO,QCOM,TXN,IBM,ACN,ADI,GOOGL,META,NFLX,DIS,VZ,AMZN,TSLA,HD,MCD,LOW,WMT,COST,PG,KO,PEP,PM,BRK-B,JPM,V","TMUS,CMCSA,BKNG,SBUX",,252,5,0.8,60,1.5,0.75,5.0,252.0,8.171145384693284,0.2801681683946682,0.31754577436730363,0.8822922268541953,-0.24975910595898443,0.06457319770013269,145,13.26388888888889,0.53717277486911
usa,NVDA,priority,30,30,"AAPL,MSFT,AVGO,ORCL,AMD,CSCO,QCOM,TXN,IBM,ACN,ADI,GOOGL,META,NFLX,DIS,VZ,AMZN,TSLA,HD,MCD,LOW,WMT,COST,PG,KO,PEP,PM,BRK-B,JPM,V","TMUS,CMCSA,BKNG,SBUX",,252,5,0.8,60,1.5,1.0,5.0,252.0,7.83994725105174,0.2749309112911371,0.30546153612882126,0.9000508370886717,-0.24975910595898476,0.07430340557275542,167,9.975903614457831,0.535024154589372
usa,NVDA,priority,30,30,"AAPL,MSFT,AVGO,ORCL,AMD,CSCO,QCOM,TXN,IBM,ACN,ADI,GOOGL,META,NFLX,DIS,VZ,AMZN,TSLA,HD,MCD,LOW,WMT,COST,PG,KO,PEP,PM,BRK-B,JPM,V","TMUS,CMCSA,BKNG,SBUX",,252,5,0.8,60,2.0,0.0,5.0,252.0,3.241647846513305,0.17474048989929125,0.4372165877237884,0.3996657373157204,-0.41097879635442436,0.01901813356921716,22,2173.0,0.5103543488265071
usa,NVDA,priority,30,30,"AAPL,MSFT,AVGO,ORCL,AMD,CSCO,QCOM,TXN,IBM,ACN,ADI,GOOGL,META,NFLX,DIS,VZ,AMZN,TSLA,HD,MCD,LOW,WMT,COST,PG,KO,PEP,PM,BRK-B,JPM,V","TMUS,CMCSA,BKNG,SBUX",,252,5,0.8,60,2.0,0.25,5.0,252.0,3.4349250386283696,0.18058913161033874,0.33194770777283733,0.5440288556953127,-0.29573852219365715,0.03184431667403804,69,28.545454545454547,0.524416135881104
usa,NVDA,priority,30,30,"AAPL,MSFT,AVGO,ORCL,AMD,CSCO,QCOM,TXN,IBM,ACN,ADI,GOOGL,META,NFLX,DIS,VZ,AMZN,TSLA,HD,MCD,LOW,WMT,COST,PG,KO,PEP,PM,BRK-B,JPM,V","TMUS,CMCSA,BKNG,SBUX",,252,5,0.8,60,2.0,0.5,5.0,252.0,1.5564848777507523,0.1102835878892583,0.31013782084401537,0.3555954175118994,-0.29573852219365726,0.03184431667403804,72,21.75,0.5197956577266922
usa,NVDA,priority,30,30,"AAPL,MSFT,AVGO,ORCL,AMD,CSCO,QCOM,TXN,IBM,ACN,ADI,GOOGL,META,NFLX,DIS,VZ,AMZN,TSLA,HD,MCD,LOW,WMT,COST,PG,KO,PEP,PM,BRK-B,JPM,V","TMUS,CMCSA,BKNG,SBUX",,252,5,0.8,60,2.0,0.75,5.0,252.0,2.9804763396668443,0.16644918939961606,0.28647818969973604,0.5810187141090044,-0.24973577603966002,0.03715170278637771,84,16.047619047619047,0.5178041543026706
usa,NVDA,priority,30,30,"AAPL,MSFT,AVGO,ORCL,AMD,CSCO,QCOM,TXN,IBM,ACN,ADI,GOOGL,META,NFLX,DIS,VZ,AMZN,TSLA,HD,MCD,LOW,WMT,COST,PG,KO,PEP,PM,BRK-B,JPM,V","TMUS,CMCSA,BKNG,SBUX",,252,5,0.8,60,2.0,1.0,5.0,252.0,1.3721999770118813,0.10106391169058937,0.2774477182937031,0.3642629044208041,-0.26065125464132566,0.03803626713843432,86,13.488372093023257,0.5103448275862069
usa,NVDA,priority,30,30,"AAPL,MSFT,AVGO,ORCL,AMD,CSCO,QCOM,TXN,IBM,ACN,ADI,GOOGL,META,NFLX,DIS,VZ,AMZN,TSLA,HD,MCD,LOW,WMT,COST,PG,KO,PEP,PM,BRK-B,JPM,V","TMUS,CMCSA,BKNG,SBUX",,252,5,0.8,60,2.5,0.0,5.0,252.0,8.77184615212041,0.28925240893369875,0.4366961685452568,0.6623653463625986,-0.47191768016130264,0.013710747456877488,16,2172.0,0.509208103130755
usa,NVDA,priority,30,30,"AAPL,MSFT,AVGO,ORCL,AMD,CSCO,QCOM,TXN,IBM,ACN,ADI,GOOGL,META,NFLX,DIS,VZ,AMZN,TSLA,HD,MCD,LOW,WMT,COST,PG,KO,PEP,PM,BRK-B,JPM,V","TMUS,CMCSA,BKNG,SBUX",,252,5,0.8,60,2.5,0.25,5.0,252.0,7.667047085872989,0.2721271786979709,0.2949843414078645,0.9225139795529356,-0.29573852219365704,0.023883237505528527,52,27.92,0.5358166189111748
usa,NVDA,priority,30,30,"AAPL,MSFT,AVGO,ORCL,AMD,CSCO,QCOM,TXN,IBM,ACN,ADI,GOOGL,META,NFLX,DIS,VZ,AMZN,TSLA,HD,MCD,LOW,WMT,COST,PG,KO,PEP,PM,BRK-B,JPM,V","TMUS,CMCSA,BKNG,SBUX",,252,5,0.8,60,2.5,0.5,5.0,252.0,3.9254834033666635,0.19447472000916854,0.2711712824776177,0.717165616625427,-0.29573852219365715,0.023883237505528527,54,20.333333333333332,0.5336976320582878
usa,NVDA,priority,30,30,"AAPL,MSFT,AVGO,ORCL,AMD,CSCO,QCOM,TXN,IBM,ACN,ADI,GOOGL,META,NFLX,DIS,VZ,AMZN,TSLA,HD,MCD,LOW,WMT,COST,PG,KO,PEP,PM,BRK-B,JPM,V","TMUS,CMCSA,BKNG,SBUX",,252,5,0.8,60,2.5,0.75,5.0,252.0,4.981953502948103,0.22062742775770805,0.2497194964990567,0.8835010115381258,-0.24666124157629488,0.02565236620964175,58,16.06896551724138,0.5343347639484979
usa,NVDA,priority,30,30,"AAPL,MSFT,AVGO,ORCL,AMD,CSCO,QCOM,TXN,IBM,ACN,ADI,GOOGL,META,NFLX,DIS,VZ,AMZN,TSLA,HD,MCD,LOW,WMT,COST,PG,KO,PEP,PM,BRK-B,JPM,V","TMUS,CMCSA,BKNG,SBUX",,252,5,0.8,60,2.5,1.0,5.0,252.0,2.853805184043482,0.16225227864404723,0.24133413741549736,0.6723138316926238,-0.24666124157629543,0.02565236620964175,58,13.655172413793103,0.5252525252525253
usa,NVDA,priority,30,30,"AAPL,MSFT,AVGO,ORCL,AMD,CSCO,QCOM,TXN,IBM,ACN,ADI,GOOGL,META,NFLX,DIS,VZ,AMZN,TSLA,HD,MCD,LOW,WMT,COST,PG,KO,PEP,PM,BRK-B,JPM,V","TMUS,CMCSA,BKNG,SBUX",,252,5,0.8,60,3.0,0.0,5.0,252.0,1.9261550322199739,0.1271227602097451,0.42850838903086585,0.29666341071466945,-0.40310857677509426,0.007518796992481203,9,2046.0,0.5058651026392962
usa,NVDA,priority,30,30,"AAPL,MSFT,AVGO,ORCL,AMD,CSCO,QCOM,TXN,IBM,ACN,ADI,GOOGL,META,NFLX,DIS,VZ,AMZN,TSLA,HD,MCD,LOW,WMT,COST,PG,KO,PEP,PM,BRK-B,JPM,V","TMUS,CMCSA,BKNG,SBUX",,252,5,0.8,60,3.0,0.25,5.0,252.0,4.012848316686435,0.19681769295889073,0.23664299554691628,0.8317072411292652,-0.2957385221936569,0.014153029632905795,31,26.933333333333334,0.5371287128712872
usa,NVDA,priority,30,30,"AAPL,MSFT,AVGO,ORCL,AMD,CSCO,QCOM,TXN,IBM,ACN,ADI,GOOGL,META,NFLX,DIS,VZ,AMZN,TSLA,HD,MCD,LOW,WMT,COST,PG,KO,PEP,PM,BRK-B,JPM,V","TMUS,CMCSA,BKNG,SBUX",,252,5,0.8,60,3.0,0.5,5.0,252.0,2.689043650143021,0.15660599313872492,0.21201867308858885,0.7386424547298691,-0.29573852219365726,0.014153029632905795,32,18.1875,0.5498281786941581
usa,NVDA,priority,30,30,"AAPL,MSFT,AVGO,ORCL,AMD,CSCO,QCOM,TXN,IBM,ACN,ADI,GOOGL,META,NFLX,DIS,VZ,AMZN,TSLA,HD,MCD,LOW,WMT,COST,PG,KO,PEP,PM,BRK-B,JPM,V","TMUS,CMCSA,BKNG,SBUX",,252,5,0.8,60,3.0,0.75,5.0,252.0,3.9023814924191678,0.1938489961898846,0.19211355407038205,1.0090334184274512,-0.11708829801582266,0.01592215833701902,36,13.666666666666666,0.5772357723577236
usa,NVDA,priority,30,30,"AAPL,MSFT,AVGO,ORCL,AMD,CSCO,QCOM,TXN,IBM,ACN,ADI,GOOGL,META,NFLX,DIS,VZ,AMZN,TSLA,HD,MCD,LOW,WMT,COST,PG,KO,PEP,PM,BRK-B,JPM,V","TMUS,CMCSA,BKNG,SBUX",,252,5,0.8,60,3.0,1.0,5.0,252.0,2.9476706085990783,0.16537377454655733,0.18865528296532721,0.8765923325717373,-0.11708829801582266,0.01592215833701902,36,11.777777777777779,0.5613207547169812
usa,NVDA,priority,30,30,"AAPL,MSFT,AVGO,ORCL,AMD,CSCO,QCOM,TXN,IBM,ACN,ADI,GOOGL,META,NFLX,DIS,VZ,AMZN,TSLA,HD,MCD,LOW,WMT,COST,PG,KO,PEP,PM,BRK-B,JPM,V","TMUS,CMCSA,BKNG,SBUX",,252,10,0.8,60,1.0,0.0,5.0,252.0,14.77008970886542,0.35989299454546364,0.46358239118821837,0.7763301656540791,-0.3871296046541014,0.0437859354268023,50,2190.0,0.5164383561643836
usa,NVDA,priority,30,30,"AAPL,MSFT,AVGO,ORCL,AMD,CSCO,QCOM,TXN,IBM,ACN,ADI,GOOGL,META,NFLX,DIS,VZ,AMZN,TSLA,HD,MCD,LOW,WMT,COST,PG,KO,PEP,PM,BRK-B,JPM,V","TMUS,CMCSA,BKNG,SBUX",,252,10,0.8,60,1.0,0.25,5.0,252.0,24.66434263827594,0.4357441123022441,0.41088862645968766,1.0604920268947746,-0.34191775490480936,0.07076514816452897,143,23.952380952380953,0.5321404903909874
usa,NVDA,priority,30,30,"AAPL,MSFT,AVGO,ORCL,AMD,CSCO,QCOM,TXN,IBM,ACN,ADI,GOOGL,META,NFLX,DIS,VZ,AMZN,TSLA,HD,MCD,LOW,WMT,COST,PG,KO,PEP,PM,BRK-B,JPM,V","TMUS,CMCSA,BKNG,SBUX",,252,10,0.8,60,1.0,0.5,5.0,252.0,12.492477177916747,0.33645546734061793,0.3935322611623283,0.8549628595807378,-0.34191775490480936,0.07784166298098187,167,17.430379746835442,0.5308641975308642
usa,NVDA,priority,30,30,"AAPL,MSFT,AVGO,ORCL,AMD,CSCO,QCOM,TXN,IBM,ACN,ADI,GOOGL,META,NFLX,DIS,VZ,AMZN,TSLA,HD,MCD,LOW,WMT,COST,PG,KO,PEP,PM,BRK-B,JPM,V","TMUS,CMCSA,BKNG,SBUX",,252,10,0.8,60,1.0,0.75,5.0,252.0,11.575488269808204,0.32601263416664983,0.36310062485909556,0.8978575409865018,-0.27519874205964456,0.0946483856700575,211,11.692307692307692,0.53125
usa,NVDA,priority,30,30,"AAPL,MSFT,AVGO,ORCL,AMD,CSCO,QCOM,TXN,IBM,ACN,ADI,GOOGL,META,NFLX,DIS,VZ,AMZN,TSLA,HD,MCD,LOW,WMT,COST,PG,KO,PEP,PM,BRK-B,JPM,V","TMUS,CMCSA,BKNG,SBUX",,252,10,0.8,60,1.5,0.0,5.0,252.0,6.406317093921144,0.250033404593095,0.4601735065737558,0.5433459358726035,-0.390220080727403,0.029632905793896505,34,2173.0,0.509894155545329
usa,NVDA,priority,30,30,"AAPL,MSFT,AVGO,ORCL,AMD,CSCO,QCOM,TXN,IBM,ACN,ADI,GOOGL,META,NFLX,DIS,VZ,AMZN,TSLA,HD,MCD,LOW,WMT,COST,PG,KO,PEP,PM,BRK-B,JPM,V","TMUS,CMCSA,BKNG,SBUX",,252,10,0.8,60,1.5,0.25,5.0,252.0,19.16119291631662,0.39763895642502023,0.3812096586834422,1.043097800297922,-0.31043865046868324,0.0513047324192835,108,24.34,0.5357436318816763
usa,NVDA,priority,30,30,"AAPL,MSFT,AVGO,ORCL,AMD,CSCO,QCOM,TXN,IBM,ACN,ADI,GOOGL,META,NFLX,DIS,VZ,AMZN,TSLA,HD,MCD,LOW,WMT,COST,PG,KO,PEP,PM,BRK-B,JPM,V","TMUS,CMCSA,BKNG,SBUX",,252,10,0.8,60,1.5,0.5,5.0,252.0,11.722231566947942,0.32772832966456744,0.36644891642669497,0.8943356494550496,-0.30236713540085725,0.05484298982750995,120,18.75862068965517,0.5340073529411765
usa,NVDA,priority,30,30,"AAPL,MSFT,AVGO,ORCL,AMD,CSCO,QCOM,TXN,IBM,ACN,ADI,GOOGL,META,NFLX,DIS,VZ,AMZN,TSLA,HD,MCD,LOW,WMT,COST,PG,KO,PEP,PM,BRK-B,JPM,V","TMUS,CMCSA,BKNG,SBUX",,252,10,0.8,60,1.5,0.75,5.0,252.0,10.807298346787961,0.3167297688930981,0.34076283688335035,0.9294727435360587,-0.25731126061842957,0.06280406899601947,141,13.971428571428572,0.5357873210633947
usa,NVDA,priority,30,30,"AAPL,MSFT,AVGO,ORCL,AMD,CSCO,QCOM,TXN,IBM,ACN,ADI,GOOGL,META,NFLX,DIS,VZ,AMZN,TSLA,HD,MCD,LOW,WMT,COST,PG,KO,PEP,PM,BRK-B,JPM,V","TMUS,CMCSA,BKNG,SBUX",,252,10,0.8,60,1.5,1.0,5.0,252.0,7.269273954283118,0.26548332303342415,0.3224672467372723,0.8232877159450698,-0.29458386885514976,0.06899601946041574,156,10.512820512820513,0.5317073170731708
usa,NVDA,priority,30,30,"AAPL,MSFT,AVGO,ORCL,AMD,CSCO,QCOM,TXN,IBM,ACN,ADI,GOOGL,META,NFLX,DIS,VZ,AMZN,TSLA,HD,MCD,LOW,WMT,COST,PG,KO,PEP,PM,BRK-B,JPM,V","TMUS,CMCSA,BKNG,SBUX",,252,10,0.8,60,2.0,0.0,5.0,252.0,6.446917584994567,0.25079529979008686,0.4599048358666176,0.5453199884656637,-0.4175025628811255,0.022556390977443608,26,2172.0,0.5101289134438306
usa,NVDA,priority,30,30,"AAPL,MSFT,AVGO,ORCL,AMD,CSCO,QCOM,TXN,IBM,ACN,ADI,GOOGL,META,NFLX,DIS,VZ,AMZN,TSLA,HD,MCD,LOW,WMT,COST,PG,KO,PEP,PM,BRK-B,JPM,V","TMUS,CMCSA,BKNG,SBUX",,252,10,0.8,60,2.0,0.25,5.0,252.0,8.03663188012982,0.27806169343315545,0.35896083344952173,0.7746296183933321,-0.29856020064379674,0.03538257408226449,76,28.97222222222222,0.5177372962607862
usa,NVDA,priority,30,30,"AAPL,MSFT,AVGO,ORCL,AMD,CSCO,QCOM,TXN,IBM,ACN,ADI,GOOGL,META,NFLX,DIS,VZ,AMZN,TSLA,HD,MCD,LOW,WMT,COST,PG,KO,PEP,PM,BRK-B,JPM,V","TMUS,CMCSA,BKNG,SBUX",,252,10,0.8,60,2.0,0.5,5.0,252.0,4.062181126169655,0.1981247303394864,0.34287559887236124,0.57783269206404,-0.299345899190228,0.03538257408226449,79,23.128205128205128,0.5099778270509978
usa,NVDA,priority,30,30,"AAPL,MSFT,AVGO,ORCL,AMD,CSCO,QCOM,TXN,IBM,ACN,ADI,GOOGL,META,NFLX,DIS,VZ,AMZN,TSLA,HD,MCD,LOW,WMT,COST,PG,KO,PEP,PM,BRK-B,JPM,V","TMUS,CMCSA,BKNG,SBUX",,252,10,0.8,60,2.0,0.75,5.0,252.0,5.789229081052281,0.2379714804547599,0.30664730524987194,0.7760429535190226,-0.3194255362796842,0.039805395842547546,89,17.181818181818183,0.5198412698412699
usa,NVDA,priority,30,30,"AAPL,MSFT,AVGO,ORCL,AMD,CSCO,QCOM,TXN,IBM,ACN,ADI,GOOGL,META,NFLX,DIS,VZ,AMZN,TSLA,HD,MCD,LOW,WMT,COST,PG,KO,PEP,PM,BRK-B,JPM,V","TMUS,CMCSA,BKNG,SBUX",,252,10,0.8,60,2.0,1.0,5.0,252.0,4.461018153430561,0.208294813259706,0.29148412432231463,0.7146008851905076,-0.25635831496675365,0.04157452454666077,94,13.46808510638298,0.5118483412322274
usa,NVDA,priority,30,30,"AAPL,MSFT,AVGO,ORCL,AMD,CSCO,QCOM,TXN,IBM,ACN,ADI,GOOGL,META,NFLX,DIS,VZ,AMZN,TSLA,HD,MCD,LOW,WMT,COST,PG,KO,PEP,PM,BRK-B,JPM,V","TMUS,CMCSA,BKNG,SBUX",,252,10,0.8,60,2.5,0.0,5.0,252.0,4.181708358555215,0.20124519043477762,0.459484175552808,0.4379806773381442,-0.5665756277466812,0.013710747456877488,16,2171.0,0.5039152464302165
usa,NVDA,priority,30,30,"AAPL,MSFT,AVGO,ORCL,AMD,CSCO,QCOM,TXN,IBM,ACN,ADI,GOOGL,META,NFLX,DIS,VZ,AMZN,TSLA,HD,MCD,LOW,WMT,COST,PG,KO,PEP,PM,BRK-B,JPM,V","TMUS,CMCSA,BKNG,SBUX",,252,10,0.8,60,2.5,0.25,5.0,252.0,5.767034010672587,0.237519751122375,0.3272867112861069,0.7257237856954736,-0.3287050326798736,0.02476780185758514,53,30.32,0.5237467018469657
usa,NVDA,priority,30,30,"AAPL,MSFT,AVGO,ORCL,AMD,CSCO,QCOM,TXN,IBM,ACN,ADI,GOOGL,META,NFLX,DIS,VZ,AMZN,TSLA,HD,MCD,LOW,WMT,COST,PG,KO,PEP,PM,BRK-B,JPM,V","TMUS,CMCSA,BKNG,SBUX",,252,10,0.8,60,2.5,0.5,5.0,252.0,2.5609942097713945,0.1520608949875204,0.3119715844194058,0.4874190553941413,-0.3422045458366727,0.02476780185758514,56,22.75,0.5133437990580848
usa,NVDA,priority,30,30,"AAPL,MSFT,AVGO,ORCL,AMD,CSCO,QCOM,TXN,IBM,ACN,ADI,GOOGL,META,NFLX,DIS,VZ,AMZN,TSLA,HD,MCD,LOW,WMT,COST,PG,KO,PEP,PM,BRK-B,JPM,V","TMUS,CMCSA,BKNG,SBUX",,252,10,0.8,60,2.5,0.75,5.0,252.0,3.4563283762366828,0.18122280377942412,0.2757366376513922,0.6572314993139945,-0.25635831496675365,0.026536930561698365,60,17.266666666666666,0.5231660231660231
usa,NVDA,priority,30,30,"AAPL,MSFT,AVGO,ORCL,AMD,CSCO,QCOM,TXN,IBM,ACN,ADI,GOOGL,META,NFLX,DIS,VZ,AMZN,TSLA,HD,MCD,LOW,WMT,COST,PG,KO,PEP,PM,BRK-B,JPM,V","TMUS,CMCSA,BKNG,SBUX",,252,10,0.8,60,2.5,1.0,5.0,252.0,3.316567467723167,0.17703515435068806,0.2556474682663718,0.6924971936988883,-0.25635831496675354,0.027421494913754976,62,14.483870967741936,0.5211581291759465
usa,NVDA,priority,30,30,"AAPL,MSFT,AVGO,ORCL,AMD,CSCO,QCOM,TXN,IBM,ACN,ADI,GOOGL,META,NFLX,DIS,VZ,AMZN,TSLA,HD,MCD,LOW,WMT,COST,PG,KO,PEP,PM,BRK-B,JPM,V","TMUS,CMCSA,BKNG,SBUX",,252,10,0.8,60,3.0,0.0,5.0,252.0,2.280707054116405,0.14158225218360343,0.4502958789106021,0.31442049286822804,-0.46809645270681666,0.007518796992481203,9,2040.0,0.5088235294117647
usa,NVDA,priority,30,30,"AAPL,MSFT,AVGO,ORCL,AMD,CSCO,QCOM,TXN,IBM,ACN,ADI,GOOGL,META,NFLX,DIS,VZ,AMZN,TSLA,HD,MCD,LOW,WMT,COST,PG,KO,PEP,PM,BRK-B,JPM,V","TMUS,CMCSA,BKNG,SBUX",,252,10,0.8,60,3.0,0.25,5.0,252.0,2.179692744927089,0.13760997639268102,0.2726826517597578,0.504652479740148,-0.31216455803516396,0.014153029632905795,32,28.625,0.517467248908297
usa,NVDA,priority,30,30,"AAPL,MSFT,AVGO,ORCL,AMD,CSCO,QCOM,TXN,IBM,ACN,ADI,GOOGL,META,NFLX,DIS,VZ,AMZN,TSLA,HD,MCD,LOW,WMT,COST,PG,KO,PEP,PM,BRK-B,JPM,V","TMUS,CMCSA,BKNG,SBUX",,252,10,0.8,60,3.0,0.5,5.0,252.0,1.7668826368157227,0.12011374261084473,0.26311293758963794,0.456510210828854,-0.31972572100495045,0.014153029632905795,32,23.8125,0.5118110236220472
usa,NVDA,priority,30,30,"AAPL,MSFT,AVGO,ORCL,AMD,CSCO,QCOM,TXN,IBM,ACN,ADI,GOOGL,META,NFLX,DIS,VZ,AMZN,TSLA,HD,MCD,LOW,WMT,COST,PG,KO,PEP,PM,BRK-B,JPM,V","TMUS,CMCSA,BKNG,SBUX",,252,10,0.8,60,3.0,0.75,5.0,252.0,2.6559481257298545,0.1554448701642288,0.22349729607965219,0.6955111891323724,-0.2459995548725028,0.015037593984962405,34,17.41176470588235,0.5371621621621622
usa,NVDA,priority,30,30,"AAPL,MSFT,AVGO,ORCL,AMD,CSCO,QCOM,TXN,IBM,ACN,ADI,GOOGL,META,NFLX,DIS,VZ,AMZN,TSLA,HD,MCD,LOW,WMT,COST,PG,KO,PEP,PM,BRK-B,JPM,V","TMUS,CMCSA,BKNG,SBUX",,252,10,0.8,60,3.0,1.0,5.0,252.0,2.279793145413325,0.14154680381096973,0.1833937886581928,0.7718189631535614,-0.1301364719774647,0.015037593984962405,34,14.235294117647058,0.5413223140495868
usa,NVDA,priority,30,30,"AAPL,MSFT,AVGO,ORCL,AMD,CSCO,QCOM,TXN,IBM,ACN,ADI,GOOGL,META,NFLX,DIS,VZ,AMZN,TSLA,HD,MCD,LOW,WMT,COST,PG,KO,PEP,PM,BRK-B,JPM,V","TMUS,CMCSA,BKNG,SBUX",,252,21,0.8,60,1.0,0.0,5.0,252.0,10.612198371514236,0.3142868269581236,0.488767360223269,0.6430192613814419,-0.4493685321832467,0.04024767801857585,46,2192.0,0.5164233576642335
usa,NVDA,priority,30,30,"AAPL,MSFT,AVGO,ORCL,AMD,CSCO,QCOM,TXN,IBM,ACN,ADI,GOOGL,META,NFLX,DIS,VZ,AMZN,TSLA,HD,MCD,LOW,WMT,COST,PG,KO,PEP,PM,BRK-B,JPM,V","TMUS,CMCSA,BKNG,SBUX",,252,21,0.8,60,1.0,0.25,5.0,252.0,19.84148028736108,0.4028179869934154,0.43571989983530884,0.9244883861069244,-0.3643737083875487,0.06413091552410438,129,27.43859649122807,0.5249360613810742
usa,NVDA,priority,30,30,"AAPL,MSFT,AVGO,ORCL,AMD,CSCO,QCOM,TXN,IBM,ACN,ADI,GOOGL,META,NFLX,DIS,VZ,AMZN,TSLA,HD,MCD,LOW,WMT,COST,PG,KO,PEP,PM,BRK-B,JPM,V","TMUS,CMCSA,BKNG,SBUX",,252,21,0.8,60,1.0,0.5,5.0,252.0,14.091436985031335,0.3532422424612611,0.4078294205560597,0.8661519367083154,-0.3587461324103648,0.07695709862892526,164,17.857142857142858,0.5316363636363637
usa,NVDA,priority,30,30,"AAPL,MSFT,AVGO,ORCL,AMD,CSCO,QCOM,TXN,IBM,ACN,ADI,GOOGL,META,NFLX,DIS,VZ,AMZN,TSLA,HD,MCD,LOW,WMT,COST,PG,KO,PEP,PM,BRK-B,JPM,V","TMUS,CMCSA,BKNG,SBUX",,252,21,0.8,60,1.0,0.75,5.0,252.0,10.831575408546458,0.3170312400968247,0.3837701325047657,0.8260967001982307,-0.3303570988642456,0.09376382131800089,206,12.21,0.5331695331695332
usa,NVDA,priority,30,30,"AAPL,MSFT,AVGO,ORCL,AMD,CSCO,QCOM,TXN,IBM,ACN,ADI,GOOGL,META,NFLX,DIS,VZ,AMZN,TSLA,HD,MCD,LOW,WMT,COST,PG,KO,PEP,PM,BRK-B,JPM,V","TMUS,CMCSA,BKNG,SBUX",,252,21,0.8,60,1.5,0.0,5.0,252.0,35.01761919025524,0.49101340570446905,0.4843043978249684,1.0138528741626776,-0.44510511761185123,0.03494029190623618,40,2173.0,0.5200184077312471
usa,NVDA,priority,30,30,"AAPL,MSFT,AVGO,ORCL,AMD,CSCO,QCOM,TXN,IBM,ACN,ADI,GOOGL,META,NFLX,DIS,VZ,AMZN,TSLA,HD,MCD,LOW,WMT,COST,PG,KO,PEP,PM,BRK-B,JPM,V","TMUS,CMCSA,BKNG,SBUX",,252,21,0.8,60,1.5,0.25,5.0,252.0,40.64682604748757,0.5153420580144161,0.4142563776795744,1.2440171975168264,-0.3589096395242557,0.05263157894736842,105,29.804347826086957,0.5346462436177972
usa,NVDA,priority,30,30,"AAPL,MSFT,AVGO,ORCL,AMD,CSCO,QCOM,TXN,IBM,ACN,ADI,GOOGL,META,NFLX,DIS,VZ,AMZN,TSLA,HD,MCD,LOW,WMT,COST,PG,KO,PEP,PM,BRK-B,JPM,V","TMUS,CMCSA,BKNG,SBUX",,252,21,0.8,60,1.5,0.5,5.0,252.0,21.116335870186926,0.4121315390590119,0.38203334723295357,1.0787842004999246,-0.33021939153524216,0.05749668288367979,122,20.42105263157895,0.5403780068728522
usa,NVDA,priority,30,30,"AAPL,MSFT,AVGO,ORCL,AMD,CSCO,QCOM,TXN,IBM,ACN,ADI,GOOGL,META,NFLX,DIS,VZ,AMZN,TSLA,HD,MCD,LOW,WMT,COST,PG,KO,PEP,PM,BRK-B,JPM,V","TMUS,CMCSA,BKNG,SBUX",,252,21,0.8,60,1.5,0.75,5.0,252.0,11.703658798527004,0.32751215520119015,0.3550212669503127,0.9225141863037387,-0.31922259743696746,0.06103494029190624,134,15.261538461538462,0.5342741935483871
usa,NVDA,priority,30,30,"AAPL,MSFT,AVGO,ORCL,AMD,CSCO,QCOM,TXN,IBM,ACN,ADI,GOOGL,META,NFLX,DIS,VZ,AMZN,TSLA,HD,MCD,LOW,WMT,COST,PG,KO,PEP,PM,BRK-B,JPM,V","TMUS,CMCSA,BKNG,SBUX",,252,21,0.8,60,1.5,1.0,5.0,252.0,4.728125881848165,0.2147429054133294,0.33809799908423094,0.6351498855212986,-0.31922259743696746,0.06722689075630252,149,12.164383561643836,0.5259009009009009
usa,NVDA,priority,30,30,"AAPL,MSFT,AVGO,ORCL,AMD,CSCO,QCOM,TXN,IBM,ACN,ADI,GOOGL,META,NFLX,DIS,VZ,AMZN,TSLA,HD,MCD,LOW,WMT,COST,PG,KO,PEP,PM,BRK-B,JPM,V","TMUS,CMCSA,BKNG,SBUX",,252,21,0.8,60,2.0,0.0,5.0,252.0,8.631071874674554,0.28716897057083646,0.4848337571040553,0.5923039936124004,-0.5346836655354112,0.022556390977443608,26,2173.0,0.5052922227335481
usa,NVDA,priority,30,30,"AAPL,MSFT,AVGO,ORCL,AMD,CSCO,QCOM,TXN,IBM,ACN,ADI,GOOGL,META,NFLX,DIS,VZ,AMZN,TSLA,HD,MCD,LOW,WMT,COST,PG,KO,PEP,PM,BRK-B,JPM,V","TMUS,CMCSA,BKNG,SBUX",,252,21,0.8,60,2.0,0.25,5.0,252.0,14.658231510607134,0.3588145174821804,0.3819530886822258,0.93942038463447,-0.32660627363180583,0.03582485625829279,76,30.555555555555557,0.5209090909090909
usa,NVDA,priority,30,30,"AAPL,MSFT,AVGO,ORCL,AMD,CSCO,QCOM,TXN,IBM,ACN,ADI,GOOGL,META,NFLX,DIS,VZ,AMZN,TSLA,HD,MCD,LOW,WMT,COST,PG,KO,PEP,PM,BRK-B,JPM,V","TMUS,CMCSA,BKNG,SBUX",,252,21,0.8,60,2.0,0.5,5.0,252.0,7.4744288703159025,0.26894456373871134,0.34634835775993406,0.776514620938743,-0.31922259743696746,0.03715170278637771,82,22.55,0.5266075388026608
usa,NVDA,priority,30,30,"AAPL,MSFT,AVGO,ORCL,AMD,CSCO,QCOM,TXN,IBM,ACN,ADI,GOOGL,META,NFLX,DIS,VZ,AMZN,TSLA,HD,MCD,LOW,WMT,COST,PG,KO,PEP,PM,BRK-B,JPM,V","TMUS,CMCSA,BKNG,SBUX",,252,21,0.8,60,2.0,0.75,5.0,252.0,4.269611686542893,0.203499498355594,0.32390150805412,0.6282758594677235,-0.31922259743696735,0.03803626713843432,85,17.833333333333332,0.5220293724966623
usa,NVDA,priority,30,30,"AAPL,MSFT,AVGO,ORCL,AMD,CSCO,QCOM,TXN,IBM,ACN,ADI,GOOGL,META,NFLX,DIS,VZ,AMZN,TSLA,HD,MCD,LOW,WMT,COST,PG,KO,PEP,PM,BRK-B,JPM,V","TMUS,CMCSA,BKNG,SBUX",,252,21,0.8,60,2.0,1.0,5.0,252.0,1.5566460235212847,0.11029138793985949,0.31113072736343445,0.35448568154770255,-0.3292969613096667,0.03803626713843432,86,15.69767441860465,0.5140740740740741
usa,NVDA,priority,30,30,"AAPL,MSFT,AVGO,ORCL,AMD,CSCO,QCOM,TXN,IBM,ACN,ADI,GOOGL,META,NFLX,DIS,VZ,AMZN,TSLA,HD,MCD,LOW,WMT,COST,PG,KO,PEP,PM,BRK-B,JPM,V","TMUS,CMCSA,BKNG,SBUX",,252,21,0.8,60,2.5,0.0,5.0,252.0,10.483710774106582,0.312657975441605,0.4847899101227353,0.6449349891841781,-0.5933360594462872,0.013710747456877488,16,2173.0,0.5117349286700414
usa,NVDA,priority,30,30,"AAPL,MSFT,AVGO,ORCL,AMD,CSCO,QCOM,TXN,IBM,ACN,ADI,GOOGL,META,NFLX,DIS,VZ,AMZN,TSLA,HD,MCD,LOW,WMT,COST,PG,KO,PEP,PM,BRK-B,JPM,V","TMUS,CMCSA,BKNG,SBUX",,252,21,0.8,60,2.5,0.25,5.0,252.0,6.508764240906411,0.25194882975222543,0.33757186919015064,0.7463561177554915,-0.3266062736318057,0.021229544449358692,46,35.27272727272727,0.5335051546391752
usa,NVDA,priority,30,30,"AAPL,MSFT,AVGO,ORCL,AMD,CSCO,QCOM,TXN,IBM,ACN,ADI,GOOGL,META,NFLX,DIS,VZ,AMZN,TSLA,HD,MCD,LOW,WMT,COST,PG,KO,PEP,PM,BRK-B,JPM,V","TMUS,CMCSA,BKNG,SBUX",,252,21,0.8,60,2.5,0.5,5.0,252.0,5.108237324558375,0.22347286597722849,0.2826767123426859,0.7905598735926813,-0.27195352585452315,0.022114108801415303,49,23.625,0.54673721340388
usa,NVDA,priority,30,30,"AAPL,MSFT,AVGO,ORCL,AMD,CSCO,QCOM,TXN,IBM,ACN,ADI,GOOGL,META,NFLX,DIS,VZ,AMZN,TSLA,HD,MCD,LOW,WMT,COST,PG,KO,PEP,PM,BRK-B,JPM,V","TMUS,CMCSA,BKNG,SBUX",,252,21,0.8,60,2.5,0.75,5.0,252.0,3.226662049631134,0.17427718188843233,0.2516090849108065,0.6926505930825679,-0.24983019991321775,0.022114108801415303,49,19.0,0.5416666666666666
usa,NVDA,priority,30,30,"AAPL,MSFT,AVGO,ORCL,AMD,CSCO,QCOM,TXN,IBM,ACN,ADI,GOOGL,META,NFLX,DIS,VZ,AMZN,TSLA,HD,MCD,LOW,WMT,COST,PG,KO,PEP,PM,BRK-B,JPM,V","TMUS,CMCSA,BKNG,SBUX",,252,21,0.8,60,2.5,1.0,5.0,252.0,1.6064177674446536,0.112679872728775,0.24315870339145906,0.46340053289136296,-0.24983019991321787,0.022114108801415303,50,16.28,0.5356265356265356
usa,NVDA,priority,30,30,"AAPL,MSFT,AVGO,ORCL,AMD,CSCO,QCOM,TXN,IBM,ACN,ADI,GOOGL,META,NFLX,DIS,VZ,AMZN,TSLA,HD,MCD,LOW,WMT,COST,PG,KO,PEP,PM,BRK-B,JPM,V","TMUS,CMCSA,BKNG,SBUX",,252,21,0.8,60,3.0,0.0,5.0,252.0,6.315162466629489,0.2483092162039109,0.4759988926558132,0.5216592307987975,-0.45662156900489703,0.006634232640424591,8,2030.0,0.5073891625615764
usa,NVDA,priority,30,30,"AAPL,MSFT,AVGO,ORCL,AMD,CSCO,QCOM,TXN,IBM,ACN,ADI,GOOGL,META,NFLX,DIS,VZ,AMZN,TSLA,HD,MCD,LOW,WMT,COST,PG,KO,PEP,PM,BRK-B,JPM,V","TMUS,CMCSA,BKNG,SBUX",,252,21,0.8,60,3.0,0.25,5.0,252.0,4.510138556034692,0.20950132630882234,0.28546480711210565,0.7338954613293138,-0.34470663203046714,0.014153029632905795,31,35.0,0.5371428571428571
usa,NVDA,priority,30,30,"AAPL,MSFT,AVGO,ORCL,AMD,CSCO,QCOM,TXN,IBM,ACN,ADI,GOOGL,META,NFLX,DIS,VZ,AMZN,TSLA,HD,MCD,LOW,WMT,COST,PG,KO,PEP,PM,BRK-B,JPM,V","TMUS,CMCSA,BKNG,SBUX",,252,21,0.8,60,3.0,0.5,5.0,252.0,5.590943798477944,0.23388843711599394,0.23892145236375767,0.9789344355729892,-0.27195352585452315,0.015037593984962405,33,24.875,0.5628140703517588
usa,NVDA,priority,30,30,"AAPL,MSFT,AVGO,ORCL,AMD,CSCO,QCOM,TXN,IBM,ACN,ADI,GOOGL,META,NFLX,DIS,VZ,AMZN,TSLA,HD,MCD,LOW,WMT,COST,PG,KO,PEP,PM,BRK-B,JPM,V","TMUS,CMCSA,BKNG,SBUX",,252,21,0.8,60,3.0,0.75,5.0,252.0,3.9772911173866285,0.19586852398523136,0.202022206369217,0.969539574413225,-0.13108117197117997,0.015037593984962405,33,18.125,0.5655172413793104
usa,NVDA,priority,30,30,"AAPL,MSFT,AVGO,ORCL,AMD,CSCO,QCOM,TXN,IBM,ACN,ADI,GOOGL,META,NFLX,DIS,VZ,AMZN,TSLA,HD,MCD,LOW,WMT,COST,PG,KO,PEP,PM,BRK-B,JPM,V","TMUS,CMCSA,BKNG,SBUX",,252,21,0.8,60,3.0,1.0,5.0,252.0,2.7419560042971116,0.15844328143976516,0.1963067949864601,0.8071207186215511,-0.13108117197118008,0.015037593984962405,34,15.058823529411764,0.5703125
usa,NVDA,priority,30,30,"AAPL,MSFT,AVGO,ORCL,AMD,CSCO,QCOM,TXN,IBM,ACN,ADI,GOOGL,META,NFLX,DIS,VZ,AMZN,TSLA,HD,MCD,LOW,WMT,COST,PG,KO,PEP,PM,BRK-B,JPM,V","TMUS,CMCSA,BKNG,SBUX",,252,63,0.8,60,1.0,0.0,5.0,252.0,5.20372615885216,0.22558992892832874,0.5069709053091801,0.4449760855423271,-0.6636014686093292,0.03847854931446263,44,2192.0,0.5164233576642335
usa,NVDA,priority,30,30,"AAPL,MSFT,AVGO,ORCL,AMD,CSCO,QCOM,TXN,IBM,ACN,ADI,GOOGL,META,NFLX,DIS,VZ,AMZN,TSLA,HD,MCD,LOW,WMT,COST,PG,KO,PEP,PM,BRK-B,JPM,V","TMUS,CMCSA,BKNG,SBUX",,252,63,0.8,60,1.0,0.25,5.0,252.0,6.54099879478126,0.25254670820052505,0.43939917286406016,0.5747546281309389,-0.514329570240663,0.055285272003538256,113,31.15686274509804,0.5235997482693517
usa,NVDA,priority,30,30,"AAPL,MSFT,AVGO,ORCL,AMD,CSCO,QCOM,TXN,IBM,ACN,ADI,GOOGL,META,NFLX,DIS,VZ,AMZN,TSLA,HD,MCD,LOW,WMT,COST,PG,KO,PEP,PM,BRK-B,JPM,V","TMUS,CMCSA,BKNG,SBUX",,252,63,0.8,60,1.0,0.5,5.0,252.0,3.540073752798346,0.18367647854737346,0.4237066726819812,0.43349914077287693,-0.44959497135572435,0.06103494029190624,132,22.333333333333332,0.5202558635394456
usa,NVDA,priority,30,30,"AAPL,MSFT,AVGO,ORCL,AMD,CSCO,QCOM,TXN,IBM,ACN,ADI,GOOGL,META,NFLX,DIS,VZ,AMZN,TSLA,HD,MCD,LOW,WMT,COST,PG,KO,PEP,PM,BRK-B,JPM,V","TMUS,CMCSA,BKNG,SBUX",,252,63,0.8,60,1.0,0.75,5.0,252.0,2.53616445903826,0.15116279292912416,0.4059369229077604,0.37238000388418063,-0.4287145818973096,0.07961079168509509,177,14.540229885057471,0.5264822134387351
usa,NVDA,priority,30,30,"AAPL,MSFT,AVGO,ORCL,AMD,CSCO,QCOM,TXN,IBM,ACN,ADI,GOOGL,META,NFLX,DIS,VZ,AMZN,TSLA,HD,MCD,LOW,WMT,COST,PG,KO,PEP,PM,BRK-B,JPM,V","TMUS,CMCSA,BKNG,SBUX",,252,63,0.8,60,1.5,0.0,5.0,252.0,4.698451013872993,0.2140398941711017,0.5036526868256344,0.4249751858172907,-0.5352135402422742,0.02786377708978328,32,2173.0,0.5112747353888634
usa,NVDA,priority,30,30,"AAPL,MSFT,AVGO,ORCL,AMD,CSCO,QCOM,TXN,IBM,ACN,ADI,GOOGL,META,NFLX,DIS,VZ,AMZN,TSLA,HD,MCD,LOW,WMT,COST,PG,KO,PEP,PM,BRK-B,JPM,V","TMUS,CMCSA,BKNG,SBUX",,252,63,0.8,60,1.5,0.25,5.0,252.0,4.355826540312433,0.2056782788813729,0.4209185965095018,0.488641463187835,-0.4897250695309284,0.04024767801857585,82,37.972972972972975,0.5174377224199288
usa,NVDA,priority,30,30,"AAPL,MSFT,AVGO,ORCL,AMD,CSCO,QCOM,TXN,IBM,ACN,ADI,GOOGL,META,NFLX,DIS,VZ,AMZN,TSLA,HD,MCD,LOW,WMT,COST,PG,KO,PEP,PM,BRK-B,JPM,V","TMUS,CMCSA,BKNG,SBUX",,252,63,0.8,60,1.5,0.5,5.0,252.0,2.4862522459940757,0.14934036541113493,0.39998755030011085,0.3733625341565876,-0.481871824115533,0.043343653250773995,94,26.488888888888887,0.5176174496644296
usa,NVDA,priority,30,30,"AAPL,MSFT,AVGO,ORCL,AMD,CSCO,QCOM,TXN,IBM,ACN,ADI,GOOGL,META,NFLX,DIS,VZ,AMZN,TSLA,HD,MCD,LOW,WMT,COST,PG,KO,PEP,PM,BRK-B,JPM,V","TMUS,CMCSA,BKNG,SBUX",,252,63,0.8,60,1.5,0.75,5.0,252.0,1.5547066229351612,0.11019748476465985,0.3750326465999016,0.2938343788566826,-0.43624863666715363,0.045112781954887216,99,20.958333333333332,0.5188866799204771
usa,NVDA,priority,30,30,"AAPL,MSFT,AVGO,ORCL,AMD,CSCO,QCOM,TXN,IBM,ACN,ADI,GOOGL,META,NFLX,DIS,VZ,AMZN,TSLA,HD,MCD,LOW,WMT,COST,PG,KO,PEP,PM,BRK-B,JPM,V","TMUS,CMCSA,BKNG,SBUX",,252,63,0.8,60,1.5,1.0,5.0,252.0,0.27067535324695413,0.02705851683461402,0.33548658115940294,0.08065454284670018,-0.4427250281978675,0.05042016806722689,113,16.232142857142858,0.5115511551155115
usa,NVDA,priority,30,30,"AAPL,MSFT,AVGO,ORCL,AMD,CSCO,QCOM,TXN,IBM,ACN,ADI,GOOGL,META,NFLX,DIS,VZ,AMZN,TSLA,HD,MCD,LOW,WMT,COST,PG,KO,PEP,PM,BRK-B,JPM,V","TMUS,CMCSA,BKNG,SBUX",,252,63,0.8,60,2.0,0.0,5.0,252.0,8.102321355181838,0.2790938428414329,0.5034904675069578,0.5543180275554592,-0.49490344900767425,0.024325519681556832,28,2173.0,0.5103543488265071
usa,NVDA,priority,30,30,"AAPL,MSFT,AVGO,ORCL,AMD,CSCO,QCOM,TXN,IBM,ACN,ADI,GOOGL,META,NFLX,DIS,VZ,AMZN,TSLA,HD,MCD,LOW,WMT,COST,PG,KO,PEP,PM,BRK-B,JPM,V","TMUS,CMCSA,BKNG,SBUX",,252,63,0.8,60,2.0,0.25,5.0,252.0,0.8487888812457689,0.07089269293273293,0.4069319036219439,0.17421266875795288,-0.4796949339947655,0.03140203449800973,67,40.40625,0.5050270688321732
usa,NVDA,priority,30,30,"AAPL,MSFT,AVGO,ORCL,AMD,CSCO,QCOM,TXN,IBM,ACN,ADI,GOOGL,META,NFLX,DIS,VZ,AMZN,TSLA,HD,MCD,LOW,WMT,COST,PG,KO,PEP,PM,BRK-B,JPM,V","TMUS,CMCSA,BKNG,SBUX",,252,63,0.8,60,2.0,0.5,5.0,252.0,0.6513836978949805,0.05749974583813322,0.38345215755222667,0.14995285514934592,-0.490210732841314,0.03272888102609465,73,29.11111111111111,0.5085877862595419
usa,NVDA,priority,30,30,"AAPL,MSFT,AVGO,ORCL,AMD,CSCO,QCOM,TXN,IBM,ACN,ADI,GOOGL,META,NFLX,DIS,VZ,AMZN,TSLA,HD,MCD,LOW,WMT,COST,PG,KO,PEP,PM,BRK-B,JPM,V","TMUS,CMCSA,BKNG,SBUX",,252,63,0.8,60,2.0,0.75,5.0,252.0,0.6971210845272171,0.06072466657752562,0.3575242644826084,0.16984767919291685,-0.4254535900485722,0.03361344537815126,75,23.62162162162162,0.5148741418764302
usa,NVDA,priority,30,30,"AAPL,MSFT,AVGO,ORCL,AMD,CSCO,QCOM,TXN,IBM,ACN,ADI,GOOGL,META,NFLX,DIS,VZ,AMZN,TSLA,HD,MCD,LOW,WMT,COST,PG,KO,PEP,PM,BRK-B,JPM,V","TMUS,CMCSA,BKNG,SBUX",,252,63,0.8,60,2.0,1.0,5.0,252.0,0.09767485796942754,0.010441098916875058,0.32623058954384043,0.032005272502111375,-0.43778212788595916,0.03538257408226449,80,19.9,0.5037688442211056
usa,NVDA,priority,30,30,"AAPL,MSFT,AVGO,ORCL,AMD,CSCO,QCOM,TXN,IBM,ACN,ADI,GOOGL,META,NFLX,DIS,VZ,AMZN,TSLA,HD,MCD,LOW,WMT,COST,PG,KO,PEP,PM,BRK-B,JPM,V","TMUS,CMCSA,BKNG,SBUX",,252,63,0.8,60,2.5,0.0,5.0,252.0,3.485472513285968,0.18208131764755886,0.49537636866933343,0.3675615737114404,-0.4161744821383948,0.012826183104820876,15,2072.0,0.49758687258687256
usa,NVDA,priority,30,30,"AAPL,MSFT,AVGO,ORCL,AMD,CSCO,QCOM,TXN,IBM,ACN,ADI,GOOGL,META,NFLX,DIS,VZ,AMZN,TSLA,HD,MCD,LOW,WMT,COST,PG,KO,PEP,PM,BRK-B,JPM,V","TMUS,CMCSA,BKNG,SBUX",,252,63,0.8,60,2.5,0.25,5.0,252.0,1.102776101968424,0.08636791960205614,0.3711261950313606,0.23271846816083128,-0.42583583898713173,0.022556390977443608,50,42.64,0.5
usa,NVDA,priority,30,30,"AAPL,MSFT,AVGO,ORCL,AMD,CSCO,QCOM,TXN,IBM,ACN,ADI,GOOGL,META,NFLX,DIS,VZ,AMZN,TSLA,HD,MCD,LOW,WMT,COST,PG,KO,PEP,PM,BRK-B,JPM,V","TMUS,CMCSA,BKNG,SBUX",,252,63,0.8,60,2.5,0.5,5.0,252.0,1.9767530840521896,0.12927849131157299,0.3506431736911391,0.3686895996026056,-0.41914788006534176,0.023883237505528527,54,31.51851851851852,0.5111633372502937
usa,NVDA,priority,30,30,"AAPL,MSFT,AVGO,ORCL,AMD,CSCO,QCOM,TXN,IBM,ACN,ADI,GOOGL,META,NFLX,DIS,VZ,AMZN,TSLA,HD,MCD,LOW,WMT,COST,PG,KO,PEP,PM,BRK-B,JPM,V","TMUS,CMCSA,BKNG,SBUX",,252,63,0.8,60,2.5,0.75,5.0,252.0,1.5097414362874146,0.10800237520333433,0.3224497485328143,0.3349432762616759,-0.36118523778660516,0.023883237505528527,54,24.85185185185185,0.5141579731743666
usa,NVDA,priority,30,30,"AAPL,MSFT,AVGO,ORCL,AMD,CSCO,QCOM,TXN,IBM,ACN,ADI,GOOGL,META,NFLX,DIS,VZ,AMZN,TSLA,HD,MCD,LOW,WMT,COST,PG,KO,PEP,PM,BRK-B,JPM,V","TMUS,CMCSA,BKNG,SBUX",,252,63,0.8,60,2.5,1.0,5.0,252.0,0.42871245526464885,0.04056542852311451,0.30114120409482165,0.134705672858841,-0.36118523778660494,0.02476780185758514,56,20.857142857142858,0.5051369863013698
usa,NVDA,priority,30,30,"AAPL,MSFT,AVGO,ORCL,AMD,CSCO,QCOM,TXN,IBM,ACN,ADI,GOOGL,META,NFLX,DIS,VZ,AMZN,TSLA,HD,MCD,LOW,WMT,COST,PG,KO,PEP,PM,BRK-B,JPM,V","TMUS,CMCSA,BKNG,SBUX",,252,63,0.8,60,3.0,0.0,5.0,252.0,0.021693627844034724,0.0023948758756491273,0.4956573743913266,0.004831716422236358,-0.6526558970861462,0.007518796992481203,9,2072.0,0.5043436293436293
usa,NVDA,priority,30,30,"AAPL,MSFT,AVGO,ORCL,AMD,CSCO,QCOM,TXN,IBM,ACN,ADI,GOOGL,META,NFLX,DIS,VZ,AMZN,TSLA,HD,MCD,LOW,WMT,COST,PG,KO,PEP,PM,BRK-B,JPM,V","TMUS,CMCSA,BKNG,SBUX",,252,63,0.8,60,3.0,0.25,5.0,252.0,0.059234889196997376,0.006434502866726977,0.29821371162276916,0.021576817617515915,-0.4038560999208779,0.011499336576735958,25,51.333333333333336,0.4967532467532468
usa,NVDA,priority,30,30,"AAPL,MSFT,AVGO,ORCL,AMD,CSCO,QCOM,TXN,IBM,ACN,ADI,GOOGL,META,NFLX,DIS,VZ,AMZN,TSLA,HD,MCD,LOW,WMT,COST,PG,KO,PEP,PM,BRK-B,JPM,V","TMUS,CMCSA,BKNG,SBUX",,252,63,0.8,60,3.0,0.5,5.0,252.0,0.2907310704668855,0.028852724914822936,0.2766969615467433,0.10427553939709149,-0.4147505222246838,0.011499336576735958,26,34.30769230769231,0.5112107623318386
usa,NVDA,priority,30,30,"AAPL,MSFT,AVGO,ORCL,AMD,CSCO,QCOM,TXN,IBM,ACN,ADI,GOOGL,META,NFLX,DIS,VZ,AMZN,TSLA,HD,MCD,LOW,WMT,COST,PG,KO,PEP,PM,BRK-B,JPM,V","TMUS,CMCSA,BKNG,SBUX",,252,63,0.8,60,3.0,0.75,5.0,252.0,0.22950335407516986,0.023294960723702962,0.2488743937706028,0.09360127561043838,-0.3611852377866055,0.011499336576735958,26,25.615384615384617,0.5195195195195195
usa,NVDA,priority,30,30,"AAPL,MSFT,AVGO,ORCL,AMD,CSCO,QCOM,TXN,IBM,ACN,ADI,GOOGL,META,NFLX,DIS,VZ,AMZN,TSLA,HD,MCD,LOW,WMT,COST,PG,KO,PEP,PM,BRK-B,JPM,V","TMUS,CMCSA,BKNG,SBUX",,252,63,0.8,60,3.0,1.0,5.0,252.0,0.20945656258022738,0.021421765691168826,0.23318360559082923,0.09186651710308451,-0.36118523778660505,0.01238390092879257,28,21.857142857142858,0.5098039215686274
crypto,BTC,priority_with_coverage_fallback,30,30,"ETH,SOL,XRP,BNB,TRX,ADA,AVAX,DOT,NEAR,ATOM,ALGO,DOGE,BCH,LTC,XLM,ETC,LINK,UNI,AAVE,INJ,FIL,VET,FET,GRT,THETA,XTZ,SAND,CHZ,DASH,HBAR","TON,SUI,ICP,MKR,RENDER,RNDR,ARB,OP,MATIC,POL,APT,SEI,EOS,MANA","CHZ,DASH,HBAR",1440,24,0.8,336,1.0,0.0,10.0,8760.0,11.655747126488846,0.5447043216493623,0.44746636992951183,1.2173078431238713,-0.40373729917152157,0.008311820386450754,213,50796.0,0.49962595479959054
crypto,BTC,priority_with_coverage_fallback,30,30,"ETH,SOL,XRP,BNB,TRX,ADA,AVAX,DOT,NEAR,ATOM,ALGO,DOGE,BCH,LTC,XLM,ETC,LINK,UNI,AAVE,INJ,FIL,VET,FET,GRT,THETA,XTZ,SAND,CHZ,DASH,HBAR","TON,SUI,ICP,MKR,RENDER,RNDR,ARB,OP,MATIC,POL,APT,SEI,EOS,MANA","CHZ,DASH,HBAR",1440,24,0.8,336,1.0,0.25,10.0,8760.0,4.530565087069442,0.3404549639817984,0.3846498159914746,0.8851036704755484,-0.44957071989353914,0.014061644371430806,691,110.82228915662651,0.4979479792351806
crypto,BTC,priority_with_coverage_fallback,30,30,"ETH,SOL,XRP,BNB,TRX,ADA,AVAX,DOT,NEAR,ATOM,ALGO,DOGE,BCH,LTC,XLM,ETC,LINK,UNI,AAVE,INJ,FIL,VET,FET,GRT,THETA,XTZ,SAND,CHZ,DASH,HBAR","TON,SUI,ICP,MKR,RENDER,RNDR,ARB,OP,MATIC,POL,APT,SEI,EOS,MANA","CHZ,DASH,HBAR",1440,24,0.8,336,1.0,0.5,10.0,8760.0,3.0890782800840855,0.27287118272216304,0.3726556172807758,0.7322341863870776,-0.48231574430624036,0.018442462645701322,928,72.4288840262582,0.49906344410876136
crypto,BTC,priority_with_coverage_fallback,30,30,"ETH,SOL,XRP,BNB,TRX,ADA,AVAX,DOT,NEAR,ATOM,ALGO,DOGE,BCH,LTC,XLM,ETC,LINK,UNI,AAVE,INJ,FIL,VET,FET,GRT,THETA,XTZ,SAND,CHZ,DASH,HBAR","TON,SUI,ICP,MKR,RENDER,RNDR,ARB,OP,MATIC,POL,APT,SEI,EOS,MANA","CHZ,DASH,HBAR",1440,24,0.8,336,1.0,0.75,10.0,8760.0,1.330174232936142,0.15595639627887348,0.3580127459914622,0.43561688242963476,-0.5068265117559136,0.026617382461081123,1352,43.91517857142857,0.4989326014028667
crypto,BTC,priority_with_coverage_fallback,30,30,"ETH,SOL,XRP,BNB,TRX,ADA,AVAX,DOT,NEAR,ATOM,ALGO,DOGE,BCH,LTC,XLM,ETC,LINK,UNI,AAVE,INJ,FIL,VET,FET,GRT,THETA,XTZ,SAND,CHZ,DASH,HBAR","TON,SUI,ICP,MKR,RENDER,RNDR,ARB,OP,MATIC,POL,APT,SEI,EOS,MANA","CHZ,DASH,HBAR",1440,24,0.8,336,1.5,0.0,10.0,8760.0,12.684169198313118,0.565519219172349,0.44539627632950096,1.2696990280942133,-0.3825371759785522,0.005925839004928421,152,50674.0,0.5019733985870466
crypto,BTC,priority_with_coverage_fallback,30,30,"ETH,SOL,XRP,BNB,TRX,ADA,AVAX,DOT,NEAR,ATOM,ALGO,DOGE,BCH,LTC,XLM,ETC,LINK,UNI,AAVE,INJ,FIL,VET,FET,GRT,THETA,XTZ,SAND,CHZ,DASH,HBAR","TON,SUI,ICP,MKR,RENDER,RNDR,ARB,OP,MATIC,POL,APT,SEI,EOS,MANA","CHZ,DASH,HBAR",1440,24,0.8,336,1.5,0.25,10.0,8760.0,2.863625766064109,0.2605635571088829,0.3547439685742168,0.7345115919972852,-0.399620517250338,0.009407024955018384,464,140.06696428571428,0.49714741035856574
crypto,BTC,priority_with_coverage_fallback,30,30,"ETH,SOL,XRP,BNB,TRX,ADA,AVAX,DOT,NEAR,ATOM,ALGO,DOGE,BCH,LTC,XLM,ETC,LINK,UNI,AAVE,INJ,FIL,VET,FET,GRT,THETA,XTZ,SAND,CHZ,DASH,HBAR","TON,SUI,ICP,MKR,RENDER,RNDR,ARB,OP,MATIC,POL,APT,SEI,EOS,MANA","CHZ,DASH,HBAR",1440,24,0.8,336,1.5,0.5,10.0,8760.0,1.8122641985308818,0.19380356557245282,0.3408754343669252,0.5685465892618086,-0.40755137558346055,0.010815145114605336,544,101.38059701492537,0.49804931910195066
crypto,BTC,priority_with_coverage_fallback,30,30,"ETH,SOL,XRP,BNB,TRX,ADA,AVAX,DOT,NEAR,ATOM,ALGO,DOGE,BCH,LTC,XLM,ETC,LINK,UNI,AAVE,INJ,FIL,VET,FET,GRT,THETA,XTZ,SAND,CHZ,DASH,HBAR","TON,SUI,ICP,MKR,RENDER,RNDR,ARB,OP,MATIC,POL,APT,SEI,EOS,MANA","CHZ,DASH,HBAR",1440,24,0.8,336,1.5,0.75,10.0,8760.0,0.8939478223600033,0.1156270715687866,0.32318731413314794,0.35777107117871004,-0.3899189902318485,0.012575295314089024,636,75.73968253968253,0.4971078883393411
crypto,BTC,priority_with_coverage_fallback,30,30,"ETH,SOL,XRP,BNB,TRX,ADA,AVAX,DOT,NEAR,ATOM,ALGO,DOGE,BCH,LTC,XLM,ETC,LINK,UNI,AAVE,INJ,FIL,VET,FET,GRT,THETA,XTZ,SAND,CHZ,DASH,HBAR","TON,SUI,ICP,MKR,RENDER,RNDR,ARB,OP,MATIC,POL,APT,SEI,EOS,MANA","CHZ,DASH,HBAR",1440,24,0.8,336,1.5,1.0,10.0,8760.0,0.39982711599479925,0.05931629868572297,0.30309401098553884,0.1957026418728975,-0.3611332140009246,0.015724008448720957,800,52.34924623115578,0.4957043436525078
crypto,BTC,priority_with_coverage_fallback,30,30,"ETH,SOL,XRP,BNB,TRX,ADA,AVAX,DOT,NEAR,ATOM,ALGO,DOGE,BCH,LTC,XLM,ETC,LINK,UNI,AAVE,INJ,FIL,VET,FET,GRT,THETA,XTZ,SAND,CHZ,DASH,HBAR","TON,SUI,ICP,MKR,RENDER,RNDR,ARB,OP,MATIC,POL,APT,SEI,EOS,MANA","CHZ,DASH,HBAR",1440,24,0.8,336,2.0,0.0,10.0,8760.0,29.81320284426439,0.7990876013450665,0.44397447849318117,1.7998503068399672,-0.3629697613095608,0.004556833294218884,117,50354.0,0.5038527227231203
crypto,BTC,priority_with_coverage_fallback,30,30,"ETH,SOL,XRP,BNB,TRX,ADA,AVAX,DOT,NEAR,ATOM,ALGO,DOGE,BCH,LTC,XLM,ETC,LINK,UNI,AAVE,INJ,FIL,VET,FET,GRT,THETA,XTZ,SAND,CHZ,DASH,HBAR","TON,SUI,ICP,MKR,RENDER,RNDR,ARB,OP,MATIC,POL,APT,SEI,EOS,MANA","CHZ,DASH,HBAR",1440,24,0.8,336,2.0,0.25,10.0,8760.0,3.520370754312549,0.2949269275524844,0.3290579965405848,0.89627643349524,-0.36775145227843464,0.0069623719001799264,348,149.4470588235294,0.49736282767850115
crypto,BTC,priority_with_coverage_fallback,30,30,"ETH,SOL,XRP,BNB,TRX,ADA,AVAX,DOT,NEAR,ATOM,ALGO,DOGE,BCH,LTC,XLM,ETC,LINK,UNI,AAVE,INJ,FIL,VET,FET,GRT,THETA,XTZ,SAND,CHZ,DASH,HBAR","TON,SUI,ICP,MKR,RENDER,RNDR,ARB,OP,MATIC,POL,APT,SEI,EOS,MANA","CHZ,DASH,HBAR",1440,24,0.8,336,2.0,0.5,10.0,8760.0,2.7625406491711413,0.2548510528812775,0.31579362623689755,0.8070177220426134,-0.3826644329094844,0.0077055464288508175,390,112.51813471502591,0.4993553140541536
crypto,BTC,priority_with_coverage_fallback,30,30,"ETH,SOL,XRP,BNB,TRX,ADA,AVAX,DOT,NEAR,ATOM,ALGO,DOGE,BCH,LTC,XLM,ETC,LINK,UNI,AAVE,INJ,FIL,VET,FET,GRT,THETA,XTZ,SAND,CHZ,DASH,HBAR","TON,SUI,ICP,MKR,RENDER,RNDR,ARB,OP,MATIC,POL,APT,SEI,EOS,MANA","CHZ,DASH,HBAR",1440,24,0.8,336,2.0,0.75,10.0,8760.0,1.7976233016335814,0.19273649156429595,0.29676166564798945,0.6494655943632379,-0.3270513950205336,0.008331377610889463,422,90.27272727272727,0.4975883818307097
crypto,BTC,priority_with_coverage_fallback,30,30,"ETH,SOL,XRP,BNB,TRX,ADA,AVAX,DOT,NEAR,ATOM,ALGO,DOGE,BCH,LTC,XLM,ETC,LINK,UNI,AAVE,INJ,FIL,VET,FET,GRT,THETA,XTZ,SAND,CHZ,DASH,HBAR","TON,SUI,ICP,MKR,RENDER,RNDR,ARB,OP,MATIC,POL,APT,SEI,EOS,MANA","CHZ,DASH,HBAR",1440,24,0.8,336,2.0,1.0,10.0,8760.0,1.0281188303250408,0.12878605568575696,0.27564887996629384,0.46721051687750315,-0.3214911580529113,0.009387467730579677,478,66.60504201680672,0.49678274034822106
crypto,BTC,priority_with_coverage_fallback,30,30,"ETH,SOL,XRP,BNB,TRX,ADA,AVAX,DOT,NEAR,ATOM,ALGO,DOGE,BCH,LTC,XLM,ETC,LINK,UNI,AAVE,INJ,FIL,VET,FET,GRT,THETA,XTZ,SAND,CHZ,DASH,HBAR","TON,SUI,ICP,MKR,RENDER,RNDR,ARB,OP,MATIC,POL,APT,SEI,EOS,MANA","CHZ,DASH,HBAR",1440,24,0.8,336,2.5,0.0,10.0,8760.0,29.521865365908262,0.7961618929731229,0.44313771327167967,1.7966466611362653,-0.29824341002977717,0.0029531408902448565,76,49797.0,0.5052914834226961
crypto,BTC,priority_with_coverage_fallback,30,30,"ETH,SOL,XRP,BNB,TRX,ADA,AVAX,DOT,NEAR,ATOM,ALGO,DOGE,BCH,LTC,XLM,ETC,LINK,UNI,AAVE,INJ,FIL,VET,FET,GRT,THETA,XTZ,SAND,CHZ,DASH,HBAR","TON,SUI,ICP,MKR,RENDER,RNDR,ARB,OP,MATIC,POL,APT,SEI,EOS,MANA","CHZ,DASH,HBAR",1440,24,0.8,336,2.5,0.25,10.0,8760.0,2.4687055096934634,0.2374913697007457,0.28178590557844524,0.8428078374368211,-0.32031318983726353,0.004732848314167253,242,159.50413223140495,0.5010362694300519
crypto,BTC,priority_with_coverage_fallback,30,30,"ETH,SOL,XRP,BNB,TRX,ADA,AVAX,DOT,NEAR,ATOM,ALGO,DOGE,BCH,LTC,XLM,ETC,LINK,UNI,AAVE,INJ,FIL,VET,FET,GRT,THETA,XTZ,SAND,CHZ,DASH,HBAR","TON,SUI,ICP,MKR,RENDER,RNDR,ARB,OP,MATIC,POL,APT,SEI,EOS,MANA","CHZ,DASH,HBAR",1440,24,0.8,336,2.5,0.5,10.0,8760.0,2.6382034255267883,0.24764743617850216,0.27041764093618154,0.9157961563496771,-0.3337289174049779,0.005084878354063991,260,122.20769230769231,0.5042487568452194
crypto,BTC,priority_with_coverage_fallback,30,30,"ETH,SOL,XRP,BNB,TRX,ADA,AVAX,DOT,NEAR,ATOM,ALGO,DOGE,BCH,LTC,XLM,ETC,LINK,UNI,AAVE,INJ,FIL,VET,FET,GRT,THETA,XTZ,SAND,CHZ,DASH,HBAR","TON,SUI,ICP,MKR,RENDER,RNDR,ARB,OP,MATIC,POL,APT,SEI,EOS,MANA","CHZ,DASH,HBAR",1440,24,0.8,336,2.5,0.75,10.0,8760.0,1.6571453790803004,0.18225559461066188,0.2501619661368659,0.7285503764826831,-0.33013147362195927,0.005319565047328483,272,102.5220588235294,0.5034067273900882
crypto,BTC,priority_with_coverage_fallback,30,30,"ETH,SOL,XRP,BNB,TRX,ADA,AVAX,DOT,NEAR,ATOM,ALGO,DOGE,BCH,LTC,XLM,ETC,LINK,UNI,AAVE,INJ,FIL,VET,FET,GRT,THETA,XTZ,SAND,CHZ,DASH,HBAR","TON,SUI,ICP,MKR,RENDER,RNDR,ARB,OP,MATIC,POL,APT,SEI,EOS,MANA","CHZ,DASH,HBAR",1440,24,0.8,336,2.5,1.0,10.0,8760.0,1.160683716980286,0.14109708131806986,0.231142025030832,0.6104345642002961,-0.3235960177983028,0.005671595087225221,290,79.0551724137931,0.500654278984559
crypto,BTC,priority_with_coverage_fallback,30,30,"ETH,SOL,XRP,BNB,TRX,ADA,AVAX,DOT,NEAR,ATOM,ALGO,DOGE,BCH,LTC,XLM,ETC,LINK,UNI,AAVE,INJ,FIL,VET,FET,GRT,THETA,XTZ,SAND,CHZ,DASH,HBAR","TON,SUI,ICP,MKR,RENDER,RNDR,ARB,OP,MATIC,POL,APT,SEI,EOS,MANA","CHZ,DASH,HBAR",1440,24,0.8,336,3.0,0.0,10.0,8760.0,15.531720064283334,0.6170513598142506,0.4429565541777514,1.39302907699304,-0.40267432827474314,0.0018970507705546428,49,49712.0,0.5067388155777277
crypto,BTC,priority_with_coverage_fallback,30,30,"ETH,SOL,XRP,BNB,TRX,ADA,AVAX,DOT,NEAR,ATOM,ALGO,DOGE,BCH,LTC,XLM,ETC,LINK,UNI,AAVE,INJ,FIL,VET,FET,GRT,THETA,XTZ,SAND,CHZ,DASH,HBAR","TON,SUI,ICP,MKR,RENDER,RNDR,ARB,OP,MATIC,POL,APT,SEI,EOS,MANA","CHZ,DASH,HBAR",1440,24,0.8,336,3.0,0.25,10.0,8760.0,3.413836601828854,0.2896466950992729,0.2418411393690579,1.1976733811912044,-0.28337574831135703,0.0034420715012125477,176,156.45454545454547,0.5014526438117374
crypto,BTC,priority_with_coverage_fallback,30,30,"ETH,SOL,XRP,BNB,TRX,ADA,AVAX,DOT,NEAR,ATOM,ALGO,DOGE,BCH,LTC,XLM,ETC,LINK,UNI,AAVE,INJ,FIL,VET,FET,GRT,THETA,XTZ,SAND,CHZ,DASH,HBAR","TON,SUI,ICP,MKR,RENDER,RNDR,ARB,OP,MATIC,POL,APT,SEI,EOS,MANA","CHZ,DASH,HBAR",1440,24,0.8,336,3.0,0.5,10.0,8760.0,3.2391507728494577,0.28075547649849897,0.23194674877687202,1.210430747484113,-0.29678179639446356,0.0035203003989673787,180,126.28888888888889,0.5050149568889671
crypto,BTC,priority_with_coverage_fallback,30,30,"ETH,SOL,XRP,BNB,TRX,ADA,AVAX,DOT,NEAR,ATOM,ALGO,DOGE,BCH,LTC,XLM,ETC,LINK,UNI,AAVE,INJ,FIL,VET,FET,GRT,THETA,XTZ,SAND,CHZ,DASH,HBAR","TON,SUI,ICP,MKR,RENDER,RNDR,ARB,OP,MATIC,POL,APT,SEI,EOS,MANA","CHZ,DASH,HBAR",1440,24,0.8,336,3.0,0.75,10.0,8760.0,1.8861269108445544,0.19911774668563043,0.21987520633492963,0.9055943596583602,-0.32324749746872705,0.003559414847844794,182,109.8021978021978,0.5017013610888711
crypto,BTC,priority_with_coverage_fallback,30,30,"ETH,SOL,XRP,BNB,TRX,ADA,AVAX,DOT,NEAR,ATOM,ALGO,DOGE,BCH,LTC,XLM,ETC,LINK,UNI,AAVE,INJ,FIL,VET,FET,GRT,THETA,XTZ,SAND,CHZ,DASH,HBAR","TON,SUI,ICP,MKR,RENDER,RNDR,ARB,OP,MATIC,POL,APT,SEI,EOS,MANA","CHZ,DASH,HBAR",1440,24,0.8,336,3.0,1.0,10.0,8760.0,1.2098126384485117,0.1455008587167661,0.19879203535988216,0.7319249911263264,-0.34192125308867394,0.0036376437455996244,186,85.6989247311828,0.4998745294855709
crypto,BTC,priority_with_coverage_fallback,30,30,"ETH,SOL,XRP,BNB,TRX,ADA,AVAX,DOT,NEAR,ATOM,ALGO,DOGE,BCH,LTC,XLM,ETC,LINK,UNI,AAVE,INJ,FIL,VET,FET,GRT,THETA,XTZ,SAND,CHZ,DASH,HBAR","TON,SUI,ICP,MKR,RENDER,RNDR,ARB,OP,MATIC,POL,APT,SEI,EOS,MANA","CHZ,DASH,HBAR",1440,72,0.8,336,1.0,0.0,10.0,8760.0,6.515097284682638,0.4127530169000362,0.48041575732557984,0.8591579493515898,-0.4382536383519746,0.007451302511147618,191,50796.0,0.496909205449248
crypto,BTC,priority_with_coverage_fallback,30,30,"ETH,SOL,XRP,BNB,TRX,ADA,AVAX,DOT,NEAR,ATOM,ALGO,DOGE,BCH,LTC,XLM,ETC,LINK,UNI,AAVE,INJ,FIL,VET,FET,GRT,THETA,XTZ,SAND,CHZ,DASH,HBAR","TON,SUI,ICP,MKR,RENDER,RNDR,ARB,OP,MATIC,POL,APT,SEI,EOS,MANA","CHZ,DASH,HBAR",1440,72,0.8,336,1.0,0.25,10.0,8760.0,1.7336651330412218,0.1880200461382615,0.4235558495286828,0.44390851017046096,-0.4939501788486311,0.01253618086521161,616,123.29391891891892,0.49384847239347857
crypto,BTC,priority_with_coverage_fallback,30,30,"ETH,SOL,XRP,BNB,TRX,ADA,AVAX,DOT,NEAR,ATOM,ALGO,DOGE,BCH,LTC,XLM,ETC,LINK,UNI,AAVE,INJ,FIL,VET,FET,GRT,THETA,XTZ,SAND,CHZ,DASH,HBAR","TON,SUI,ICP,MKR,RENDER,RNDR,ARB,OP,MATIC,POL,APT,SEI,EOS,MANA","CHZ,DASH,HBAR",1440,72,0.8,336,1.0,0.5,10.0,8760.0,1.2279007905984098,0.14710180736700473,0.4046719219336592,0.36350880650207357,-0.5211277483877133,0.01629116795744348,823,80.5970515970516,0.49489375971709904
crypto,BTC,priority_with_coverage_fallback,30,30,"ETH,SOL,XRP,BNB,TRX,ADA,AVAX,DOT,NEAR,ATOM,ALGO,DOGE,BCH,LTC,XLM,ETC,LINK,UNI,AAVE,INJ,FIL,VET,FET,GRT,THETA,XTZ,SAND,CHZ,DASH,HBAR","TON,SUI,ICP,MKR,RENDER,RNDR,ARB,OP,MATIC,POL,APT,SEI,EOS,MANA","CHZ,DASH,HBAR",1440,72,0.8,336,1.0,0.75,10.0,8760.0,0.7323926666076577,0.0987153633769493,0.3911769490684031,0.25235475559600895,-0.44207383555641466,0.022901509817726668,1164,51.04317789291883,0.49472152669689384
crypto,BTC,priority_with_coverage_fallback,30,30,"ETH,SOL,XRP,BNB,TRX,ADA,AVAX,DOT,NEAR,ATOM,ALGO,DOGE,BCH,LTC,XLM,ETC,LINK,UNI,AAVE,INJ,FIL,VET,FET,GRT,THETA,XTZ,SAND,CHZ,DASH,HBAR","TON,SUI,ICP,MKR,RENDER,RNDR,ARB,OP,MATIC,POL,APT,SEI,EOS,MANA","CHZ,DASH,HBAR",1440,72,0.8,336,1.5,0.0,10.0,8760.0,8.396355183492972,0.4678736009720019,0.4803968985935407,0.9739313520586764,-0.4204178338783905,0.005573808965031683,143,50796.0,0.49830695330340974
crypto,BTC,priority_with_coverage_fallback,30,30,"ETH,SOL,XRP,BNB,TRX,ADA,AVAX,DOT,NEAR,ATOM,ALGO,DOGE,BCH,LTC,XLM,ETC,LINK,UNI,AAVE,INJ,FIL,VET,FET,GRT,THETA,XTZ,SAND,CHZ,DASH,HBAR","TON,SUI,ICP,MKR,RENDER,RNDR,ARB,OP,MATIC,POL,APT,SEI,EOS,MANA","CHZ,DASH,HBAR",1440,72,0.8,336,1.5,0.25,10.0,8760.0,1.5718296586215539,0.1756640040492874,0.40045108072446434,0.43866532644009854,-0.47315181274973606,0.008859422670734569,437,149.7867298578199,0.49254864736592313
crypto,BTC,priority_with_coverage_fallback,30,30,"ETH,SOL,XRP,BNB,TRX,ADA,AVAX,DOT,NEAR,ATOM,ALGO,DOGE,BCH,LTC,XLM,ETC,LINK,UNI,AAVE,INJ,FIL,VET,FET,GRT,THETA,XTZ,SAND,CHZ,DASH,HBAR","TON,SUI,ICP,MKR,RENDER,RNDR,ARB,OP,MATIC,POL,APT,SEI,EOS,MANA","CHZ,DASH,HBAR",1440,72,0.8,336,1.5,0.5,10.0,8760.0,1.3974676872618033,0.1616083672744555,0.38084858498754953,0.42433758098310564,-0.4935079262180987,0.010345771728076351,524,106.54615384615384,0.4935744711573172
crypto,BTC,priority_with_coverage_fallback,30,30,"ETH,SOL,XRP,BNB,TRX,ADA,AVAX,DOT,NEAR,ATOM,ALGO,DOGE,BCH,LTC,XLM,ETC,LINK,UNI,AAVE,INJ,FIL,VET,FET,GRT,THETA,XTZ,SAND,CHZ,DASH,HBAR","TON,SUI,ICP,MKR,RENDER,RNDR,ARB,OP,MATIC,POL,APT,SEI,EOS,MANA","CHZ,DASH,HBAR",1440,72,0.8,336,1.5,0.75,10.0,8760.0,1.1461317587995685,0.13977676081403123,0.3630036766025566,0.3850560471514706,-0.37027629921277094,0.01194946413205038,608,80.25412541254126,0.49372866718756425
crypto,BTC,priority_with_coverage_fallback,30,30,"ETH,SOL,XRP,BNB,TRX,ADA,AVAX,DOT,NEAR,ATOM,ALGO,DOGE,BCH,LTC,XLM,ETC,LINK,UNI,AAVE,INJ,FIL,VET,FET,GRT,THETA,XTZ,SAND,CHZ,DASH,HBAR","TON,SUI,ICP,MKR,RENDER,RNDR,ARB,OP,MATIC,POL,APT,SEI,EOS,MANA","CHZ,DASH,HBAR",1440,72,0.8,336,1.5,1.0,10.0,8760.0,0.48335023285411505,0.06988646075092264,0.3486271360376228,0.2004619076564961,-0.4322856610092579,0.01470703277790816,749,57.13672922252011,0.49211711711711714
crypto,BTC,priority_with_coverage_fallback,30,30,"ETH,SOL,XRP,BNB,TRX,ADA,AVAX,DOT,NEAR,ATOM,ALGO,DOGE,BCH,LTC,XLM,ETC,LINK,UNI,AAVE,INJ,FIL,VET,FET,GRT,THETA,XTZ,SAND,CHZ,DASH,HBAR","TON,SUI,ICP,MKR,RENDER,RNDR,ARB,OP,MATIC,POL,APT,SEI,EOS,MANA","CHZ,DASH,HBAR",1440,72,0.8,336,2.0,0.0,10.0,8760.0,22.102316810711784,0.7124709780715561,0.48036604580594694,1.4831834687153813,-0.3249859820033225,0.004283032152076977,110,50796.0,0.5005118513268761
crypto,BTC,priority_with_coverage_fallback,30,30,"ETH,SOL,XRP,BNB,TRX,ADA,AVAX,DOT,NEAR,ATOM,ALGO,DOGE,BCH,LTC,XLM,ETC,LINK,UNI,AAVE,INJ,FIL,VET,FET,GRT,THETA,XTZ,SAND,CHZ,DASH,HBAR","TON,SUI,ICP,MKR,RENDER,RNDR,ARB,OP,MATIC,POL,APT,SEI,EOS,MANA","CHZ,DASH,HBAR",1440,72,0.8,336,2.0,0.25,10.0,8760.0,1.8595249709731414,0.19721694936092926,0.3644945010192234,0.5410697522444324,-0.37445374451480506,0.006532112962528358,327,161.05,0.49328624650729586
crypto,BTC,priority_with_coverage_fallback,30,30,"ETH,SOL,XRP,BNB,TRX,ADA,AVAX,DOT,NEAR,ATOM,ALGO,DOGE,BCH,LTC,XLM,ETC,LINK,UNI,AAVE,INJ,FIL,VET,FET,GRT,THETA,XTZ,SAND,CHZ,DASH,HBAR","TON,SUI,ICP,MKR,RENDER,RNDR,ARB,OP,MATIC,POL,APT,SEI,EOS,MANA","CHZ,DASH,HBAR",1440,72,0.8,336,2.0,0.5,10.0,8760.0,2.0542563032159777,0.210806183667535,0.3389594509539802,0.6219215398013956,-0.35533083346808025,0.007079715246812173,359,123.34831460674157,0.4947167061395518
crypto,BTC,priority_with_coverage_fallback,30,30,"ETH,SOL,XRP,BNB,TRX,ADA,AVAX,DOT,NEAR,ATOM,ALGO,DOGE,BCH,LTC,XLM,ETC,LINK,UNI,AAVE,INJ,FIL,VET,FET,GRT,THETA,XTZ,SAND,CHZ,DASH,HBAR","TON,SUI,ICP,MKR,RENDER,RNDR,ARB,OP,MATIC,POL,APT,SEI,EOS,MANA","CHZ,DASH,HBAR",1440,72,0.8,336,2.0,0.75,10.0,8760.0,1.6560665076272727,0.1821733419105105,0.31467028309853917,0.5789340515941341,-0.26920659503108413,0.0077055464288508175,393,96.76530612244898,0.49562374775914797
crypto,BTC,priority_with_coverage_fallback,30,30,"ETH,SOL,XRP,BNB,TRX,ADA,AVAX,DOT,NEAR,ATOM,ALGO,DOGE,BCH,LTC,XLM,ETC,LINK,UNI,AAVE,INJ,FIL,VET,FET,GRT,THETA,XTZ,SAND,CHZ,DASH,HBAR","TON,SUI,ICP,MKR,RENDER,RNDR,ARB,OP,MATIC,POL,APT,SEI,EOS,MANA","CHZ,DASH,HBAR",1440,72,0.8,336,2.0,1.0,10.0,8760.0,0.8681903721961117,0.11301294891027047,0.2984815354051146,0.37862626496102497,-0.29910811030042617,0.00860517875303137,439,74.24657534246575,0.49372693726937267
crypto,BTC,priority_with_coverage_fallback,30,30,"ETH,SOL,XRP,BNB,TRX,ADA,AVAX,DOT,NEAR,ATOM,ALGO,DOGE,BCH,LTC,XLM,ETC,LINK,UNI,AAVE,INJ,FIL,VET,FET,GRT,THETA,XTZ,SAND,CHZ,DASH,HBAR","TON,SUI,ICP,MKR,RENDER,RNDR,ARB,OP,MATIC,POL,APT,SEI,EOS,MANA","CHZ,DASH,HBAR",1440,72,0.8,336,2.5,0.0,10.0,8760.0,56.11135448747096,0.9996958770633251,0.4752508267418139,2.103512126253328,-0.32498598200332274,0.003266056481264179,84,49797.0,0.5041869992168203
crypto,BTC,priority_with_coverage_fallback,30,30,"ETH,SOL,XRP,BNB,TRX,ADA,AVAX,DOT,NEAR,ATOM,ALGO,DOGE,BCH,LTC,XLM,ETC,LINK,UNI,AAVE,INJ,FIL,VET,FET,GRT,THETA,XTZ,SAND,CHZ,DASH,HBAR","TON,SUI,ICP,MKR,RENDER,RNDR,ARB,OP,MATIC,POL,APT,SEI,EOS,MANA","CHZ,DASH,HBAR",1440,72,0.8,336,2.5,0.25,10.0,8760.0,3.846426305077098,0.31047069099718017,0.3370536796917832,0.9211312906629244,-0.43901968583672324,0.005045763905186576,255,161.4047619047619,0.4988444706692236
crypto,BTC,priority_with_coverage_fallback,30,30,"ETH,SOL,XRP,BNB,TRX,ADA,AVAX,DOT,NEAR,ATOM,ALGO,DOGE,BCH,LTC,XLM,ETC,LINK,UNI,AAVE,INJ,FIL,VET,FET,GRT,THETA,XTZ,SAND,CHZ,DASH,HBAR","TON,SUI,ICP,MKR,RENDER,RNDR,ARB,OP,MATIC,POL,APT,SEI,EOS,MANA","CHZ,DASH,HBAR",1440,72,0.8,336,2.5,0.5,10.0,8760.0,4.49340128897637,0.3389074784392674,0.3114450431036921,1.0881774680434775,-0.42042227564508405,0.005436908393960729,278,124.33812949640287,0.5003182317884627
crypto,BTC,priority_with_coverage_fallback,30,30,"ETH,SOL,XRP,BNB,TRX,ADA,AVAX,DOT,NEAR,ATOM,ALGO,DOGE,BCH,LTC,XLM,ETC,LINK,UNI,AAVE,INJ,FIL,VET,FET,GRT,THETA,XTZ,SAND,CHZ,DASH,HBAR","TON,SUI,ICP,MKR,RENDER,RNDR,ARB,OP,MATIC,POL,APT,SEI,EOS,MANA","CHZ,DASH,HBAR",1440,72,0.8,336,2.5,0.75,10.0,8760.0,4.207802031673393,0.3267166055164299,0.2890996401307259,1.1301176486027247,-0.3421643577347022,0.005710709536102637,292,100.04794520547945,0.5005819127815431
crypto,BTC,priority_with_coverage_fallback,30,30,"ETH,SOL,XRP,BNB,TRX,ADA,AVAX,DOT,NEAR,ATOM,ALGO,DOGE,BCH,LTC,XLM,ETC,LINK,UNI,AAVE,INJ,FIL,VET,FET,GRT,THETA,XTZ,SAND,CHZ,DASH,HBAR","TON,SUI,ICP,MKR,RENDER,RNDR,ARB,OP,MATIC,POL,APT,SEI,EOS,MANA","CHZ,DASH,HBAR",1440,72,0.8,336,2.5,1.0,10.0,8760.0,2.2100477663629365,0.2211702083578455,0.2723671752599692,0.8120295999205589,-0.3783396654132154,0.005906281780489713,302,81.8543046357616,0.4980582524271845
crypto,BTC,priority_with_coverage_fallback,30,30,"ETH,SOL,XRP,BNB,TRX,ADA,AVAX,DOT,NEAR,ATOM,ALGO,DOGE,BCH,LTC,XLM,ETC,LINK,UNI,AAVE,INJ,FIL,VET,FET,GRT,THETA,XTZ,SAND,CHZ,DASH,HBAR","TON,SUI,ICP,MKR,RENDER,RNDR,ARB,OP,MATIC,POL,APT,SEI,EOS,MANA","CHZ,DASH,HBAR",1440,72,0.8,336,3.0,0.0,10.0,8760.0,27.730069577639508,0.777641232392305,0.4751431369347404,1.6366462481370363,-0.4142553728972549,0.0020535085660643043,53,49712.0,0.5055922111361442
crypto,BTC,priority_with_coverage_fallback,30,30,"ETH,SOL,XRP,BNB,TRX,ADA,AVAX,DOT,NEAR,ATOM,ALGO,DOGE,BCH,LTC,XLM,ETC,LINK,UNI,AAVE,INJ,FIL,VET,FET,GRT,THETA,XTZ,SAND,CHZ,DASH,HBAR","TON,SUI,ICP,MKR,RENDER,RNDR,ARB,OP,MATIC,POL,APT,SEI,EOS,MANA","CHZ,DASH,HBAR",1440,72,0.8,336,3.0,0.25,10.0,8760.0,2.3144168792769904,0.22788252651379426,0.29807480761565286,0.7645145469912816,-0.4224812490970268,0.0034420715012125477,176,164.89772727272728,0.5029977258631383
crypto,BTC,priority_with_coverage_fallback,30,30,"ETH,SOL,XRP,BNB,TRX,ADA,AVAX,DOT,NEAR,ATOM,ALGO,DOGE,BCH,LTC,XLM,ETC,LINK,UNI,AAVE,INJ,FIL,VET,FET,GRT,THETA,XTZ,SAND,CHZ,DASH,HBAR","TON,SUI,ICP,MKR,RENDER,RNDR,ARB,OP,MATIC,POL,APT,SEI,EOS,MANA","CHZ,DASH,HBAR",1440,72,0.8,336,3.0,0.5,10.0,8760.0,2.2997309861608257,0.226948713067068,0.2604382846412348,0.8714107197399945,-0.39852900681975,0.0035203003989673787,180,133.5,0.503370786516854
crypto,BTC,priority_with_coverage_fallback,30,30,"ETH,SOL,XRP,BNB,TRX,ADA,AVAX,DOT,NEAR,ATOM,ALGO,DOGE,BCH,LTC,XLM,ETC,LINK,UNI,AAVE,INJ,FIL,VET,FET,GRT,THETA,XTZ,SAND,CHZ,DASH,HBAR","TON,SUI,ICP,MKR,RENDER,RNDR,ARB,OP,MATIC,POL,APT,SEI,EOS,MANA","CHZ,DASH,HBAR",1440,72,0.8,336,3.0,0.75,10.0,8760.0,1.6419866460453298,0.1810973528345794,0.24017949648057632,0.7540083791008573,-0.3173149338286526,0.0035985292967222094,184,108.68478260869566,0.5033503350335033
crypto,BTC,priority_with_coverage_fallback,30,30,"ETH,SOL,XRP,BNB,TRX,ADA,AVAX,DOT,NEAR,ATOM,ALGO,DOGE,BCH,LTC,XLM,ETC,LINK,UNI,AAVE,INJ,FIL,VET,FET,GRT,THETA,XTZ,SAND,CHZ,DASH,HBAR","TON,SUI,ICP,MKR,RENDER,RNDR,ARB,OP,MATIC,POL,APT,SEI,EOS,MANA","CHZ,DASH,HBAR",1440,72,0.8,336,3.0,1.0,10.0,8760.0,0.8266092617541061,0.10872916099632812,0.22455604188301545,0.48419610572300514,-0.3751898491204323,0.0036376437455996244,186,90.52688172043011,0.5020786316664687
crypto,BTC,priority_with_coverage_fallback,30,30,"ETH,SOL,XRP,BNB,TRX,ADA,AVAX,DOT,NEAR,ATOM,ALGO,DOGE,BCH,LTC,XLM,ETC,LINK,UNI,AAVE,INJ,FIL,VET,FET,GRT,THETA,XTZ,SAND,CHZ,DASH,HBAR","TON,SUI,ICP,MKR,RENDER,RNDR,ARB,OP,MATIC,POL,APT,SEI,EOS,MANA","CHZ,DASH,HBAR",1440,168,0.8,336,1.0,0.0,10.0,8760.0,8.227343379301985,0.46331619263168156,0.5239659965093735,0.8842485881111811,-0.49494117317723585,0.007294844715637957,187,50769.0,0.4977249896590439
crypto,BTC,priority_with_coverage_fallback,30,30,"ETH,SOL,XRP,BNB,TRX,ADA,AVAX,DOT,NEAR,ATOM,ALGO,DOGE,BCH,LTC,XLM,ETC,LINK,UNI,AAVE,INJ,FIL,VET,FET,GRT,THETA,XTZ,SAND,CHZ,DASH,HBAR","TON,SUI,ICP,MKR,RENDER,RNDR,ARB,OP,MATIC,POL,APT,SEI,EOS,MANA","CHZ,DASH,HBAR",1440,168,0.8,336,1.0,0.25,10.0,8760.0,2.355756845157128,0.23049287141096686,0.4672645629366991,0.4932813007739087,-0.5132595415078609,0.011793006336540719,559,146.35271317829458,0.49381604385709366
crypto,BTC,priority_with_coverage_fallback,30,30,"ETH,SOL,XRP,BNB,TRX,ADA,AVAX,DOT,NEAR,ATOM,ALGO,DOGE,BCH,LTC,XLM,ETC,LINK,UNI,AAVE,INJ,FIL,VET,FET,GRT,THETA,XTZ,SAND,CHZ,DASH,HBAR","TON,SUI,ICP,MKR,RENDER,RNDR,ARB,OP,MATIC,POL,APT,SEI,EOS,MANA","CHZ,DASH,HBAR",1440,168,0.8,336,1.0,0.5,10.0,8760.0,2.3950554838501588,0.23294972913303136,0.44915663783405646,0.5186380641202858,-0.523003139353837,0.014883047797856529,733,97.04532577903683,0.4939428437983478
crypto,BTC,priority_with_coverage_fallback,30,30,"ETH,SOL,XRP,BNB,TRX,ADA,AVAX,DOT,NEAR,ATOM,ALGO,DOGE,BCH,LTC,XLM,ETC,LINK,UNI,AAVE,INJ,FIL,VET,FET,GRT,THETA,XTZ,SAND,CHZ,DASH,HBAR","TON,SUI,ICP,MKR,RENDER,RNDR,ARB,OP,MATIC,POL,APT,SEI,EOS,MANA","CHZ,DASH,HBAR",1440,168,0.8,336,1.0,0.75,10.0,8760.0,0.9157307895990083,0.1178149304070375,0.429115859351979,0.27455272938397907,-0.5262817167075544,0.021121802393804272,1063,59.072657743785854,0.49321896747046445
crypto,BTC,priority_with_coverage_fallback,30,30,"ETH,SOL,XRP,BNB,TRX,ADA,AVAX,DOT,NEAR,ATOM,ALGO,DOGE,BCH,LTC,XLM,ETC,LINK,UNI,AAVE,INJ,FIL,VET,FET,GRT,THETA,XTZ,SAND,CHZ,DASH,HBAR","TON,SUI,ICP,MKR,RENDER,RNDR,ARB,OP,MATIC,POL,APT,SEI,EOS,MANA","CHZ,DASH,HBAR",1440,168,0.8,336,1.5,0.0,10.0,8760.0,8.741998306271622,0.4769862605289945,0.5226550441207514,0.9126215577454452,-0.4626078477704677,0.0054564656183994364,140,50599.0,0.49882408743255796
crypto,BTC,priority_with_coverage_fallback,30,30,"ETH,SOL,XRP,BNB,TRX,ADA,AVAX,DOT,NEAR,ATOM,ALGO,DOGE,BCH,LTC,XLM,ETC,LINK,UNI,AAVE,INJ,FIL,VET,FET,GRT,THETA,XTZ,SAND,CHZ,DASH,HBAR","TON,SUI,ICP,MKR,RENDER,RNDR,ARB,OP,MATIC,POL,APT,SEI,EOS,MANA","CHZ,DASH,HBAR",1440,168,0.8,336,1.5,0.25,10.0,8760.0,2.04680813590326,0.210299812288683,0.4478317557641853,0.4695955782095554,-0.5304588582987815,0.00850739263083783,410,174.1658031088083,0.49268162075325755
crypto,BTC,priority_with_coverage_fallback,30,30,"ETH,SOL,XRP,BNB,TRX,ADA,AVAX,DOT,NEAR,ATOM,ALGO,DOGE,BCH,LTC,XLM,ETC,LINK,UNI,AAVE,INJ,FIL,VET,FET,GRT,THETA,XTZ,SAND,CHZ,DASH,HBAR","TON,SUI,ICP,MKR,RENDER,RNDR,ARB,OP,MATIC,POL,APT,SEI,EOS,MANA","CHZ,DASH,HBAR",1440,168,0.8,336,1.5,0.5,10.0,8760.0,3.227519855735639,0.2801527685691847,0.4235423309469928,0.6614516380046235,-0.528439641557781,0.009895955565986075,490,124.53586497890295,0.49388446552600374
crypto,BTC,priority_with_coverage_fallback,30,30,"ETH,SOL,XRP,BNB,TRX,ADA,AVAX,DOT,NEAR,ATOM,ALGO,DOGE,BCH,LTC,XLM,ETC,LINK,UNI,AAVE,INJ,FIL,VET,FET,GRT,THETA,XTZ,SAND,CHZ,DASH,HBAR","TON,SUI,ICP,MKR,RENDER,RNDR,ARB,OP,MATIC,POL,APT,SEI,EOS,MANA","CHZ,DASH,HBAR",1440,168,0.8,336,1.5,0.75,10.0,8760.0,1.5996070798919253,0.1778297581257815,0.39520294557483976,0.4499707305245927,-0.4955712938285741,0.011382304623327857,573,90.98581560283688,0.4931795151609634
crypto,BTC,priority_with_coverage_fallback,30,30,"ETH,SOL,XRP,BNB,TRX,ADA,AVAX,DOT,NEAR,ATOM,ALGO,DOGE,BCH,LTC,XLM,ETC,LINK,UNI,AAVE,INJ,FIL,VET,FET,GRT,THETA,XTZ,SAND,CHZ,DASH,HBAR","TON,SUI,ICP,MKR,RENDER,RNDR,ARB,OP,MATIC,POL,APT,SEI,EOS,MANA","CHZ,DASH,HBAR",1440,168,0.8,336,1.5,1.0,10.0,8760.0,-0.028878496570883705,-0.00500776434527872,0.343215690788465,-0.014590720878099855,-0.5611143669123988,0.013807400453727607,703,63.41428571428571,0.4921378688893895
crypto,BTC,priority_with_coverage_fallback,30,30,"ETH,SOL,XRP,BNB,TRX,ADA,AVAX,DOT,NEAR,ATOM,ALGO,DOGE,BCH,LTC,XLM,ETC,LINK,UNI,AAVE,INJ,FIL,VET,FET,GRT,THETA,XTZ,SAND,CHZ,DASH,HBAR","TON,SUI,ICP,MKR,RENDER,RNDR,ARB,OP,MATIC,POL,APT,SEI,EOS,MANA","CHZ,DASH,HBAR",1440,168,0.8,336,2.0,0.0,10.0,8760.0,10.423404130360776,0.5178291616114832,0.5212713122015231,0.9933966237744747,-0.29463697444027903,0.0038136587655479936,98,49858.0,0.49951863291748566
crypto,BTC,priority_with_coverage_fallback,30,30,"ETH,SOL,XRP,BNB,TRX,ADA,AVAX,DOT,NEAR,ATOM,ALGO,DOGE,BCH,LTC,XLM,ETC,LINK,UNI,AAVE,INJ,FIL,VET,FET,GRT,THETA,XTZ,SAND,CHZ,DASH,HBAR","TON,SUI,ICP,MKR,RENDER,RNDR,ARB,OP,MATIC,POL,APT,SEI,EOS,MANA","CHZ,DASH,HBAR",1440,168,0.8,336,2.0,0.25,10.0,8760.0,1.7257397789466866,0.18742925937333088,0.4185443011850153,0.44781223598712616,-0.4149766689187089,0.006375655167018697,314,185.58278145695365,0.4945223566356207
crypto,BTC,priority_with_coverage_fallback,30,30,"ETH,SOL,XRP,BNB,TRX,ADA,AVAX,DOT,NEAR,ATOM,ALGO,DOGE,BCH,LTC,XLM,ETC,LINK,UNI,AAVE,INJ,FIL,VET,FET,GRT,THETA,XTZ,SAND,CHZ,DASH,HBAR","TON,SUI,ICP,MKR,RENDER,RNDR,ARB,OP,MATIC,POL,APT,SEI,EOS,MANA","CHZ,DASH,HBAR",1440,168,0.8,336,2.0,0.5,10.0,8760.0,1.8578218489246394,0.19709475722372338,0.38564450231895714,0.5110788719625287,-0.40313823740299126,0.0069623719001799264,347,143.23668639053255,0.49580699797579214
crypto,BTC,priority_with_coverage_fallback,30,30,"ETH,SOL,XRP,BNB,TRX,ADA,AVAX,DOT,NEAR,ATOM,ALGO,DOGE,BCH,LTC,XLM,ETC,LINK,UNI,AAVE,INJ,FIL,VET,FET,GRT,THETA,XTZ,SAND,CHZ,DASH,HBAR","TON,SUI,ICP,MKR,RENDER,RNDR,ARB,OP,MATIC,POL,APT,SEI,EOS,MANA","CHZ,DASH,HBAR",1440,168,0.8,336,2.0,0.75,10.0,8760.0,0.9597855969047533,0.12217747378605548,0.3472059365403642,0.35188762900617,-0.3735771272404804,0.00743174528670891,375,108.34594594594594,0.49316503691877867
crypto,BTC,priority_with_coverage_fallback,30,30,"ETH,SOL,XRP,BNB,TRX,ADA,AVAX,DOT,NEAR,ATOM,ALGO,DOGE,BCH,LTC,XLM,ETC,LINK,UNI,AAVE,INJ,FIL,VET,FET,GRT,THETA,XTZ,SAND,CHZ,DASH,HBAR","TON,SUI,ICP,MKR,RENDER,RNDR,ARB,OP,MATIC,POL,APT,SEI,EOS,MANA","CHZ,DASH,HBAR",1440,168,0.8,336,2.0,1.0,10.0,8760.0,0.10278779376982183,0.016903578442058365,0.31023758340655033,0.05448591449317441,-0.4438255865843993,0.008253148713134631,420,82.66985645933015,0.4927074892927422
crypto,BTC,priority_with_coverage_fallback,30,30,"ETH,SOL,XRP,BNB,TRX,ADA,AVAX,DOT,NEAR,ATOM,ALGO,DOGE,BCH,LTC,XLM,ETC,LINK,UNI,AAVE,INJ,FIL,VET,FET,GRT,THETA,XTZ,SAND,CHZ,DASH,HBAR","TON,SUI,ICP,MKR,RENDER,RNDR,ARB,OP,MATIC,POL,APT,SEI,EOS,MANA","CHZ,DASH,HBAR",1440,168,0.8,336,2.5,0.0,10.0,8760.0,14.152160502094008,0.5930903985004086,0.5211707946923972,1.1379962279936644,-0.4453525985516129,0.002874911992490026,74,49781.0,0.5021795464132902
crypto,BTC,priority_with_coverage_fallback,30,30,"ETH,SOL,XRP,BNB,TRX,ADA,AVAX,DOT,NEAR,ATOM,ALGO,DOGE,BCH,LTC,XLM,ETC,LINK,UNI,AAVE,INJ,FIL,VET,FET,GRT,THETA,XTZ,SAND,CHZ,DASH,HBAR","TON,SUI,ICP,MKR,RENDER,RNDR,ARB,OP,MATIC,POL,APT,SEI,EOS,MANA","CHZ,DASH,HBAR",1440,168,0.8,336,2.5,0.25,10.0,8760.0,1.6301645999297327,0.18019023082505425,0.3701541435790358,0.4867978218014458,-0.3285052218853479,0.004615504967535007,230,200.79464285714286,0.49717639734981545
crypto,BTC,priority_with_coverage_fallback,30,30,"ETH,SOL,XRP,BNB,TRX,ADA,AVAX,DOT,NEAR,ATOM,ALGO,DOGE,BCH,LTC,XLM,ETC,LINK,UNI,AAVE,INJ,FIL,VET,FET,GRT,THETA,XTZ,SAND,CHZ,DASH,HBAR","TON,SUI,ICP,MKR,RENDER,RNDR,ARB,OP,MATIC,POL,APT,SEI,EOS,MANA","CHZ,DASH,HBAR",1440,168,0.8,336,2.5,0.5,10.0,8760.0,1.8668867046047932,0.19774443131420316,0.3411914513503283,0.5795702985276828,-0.3489530906154459,0.0047719627630446685,239,163.26495726495727,0.49832478274526226
crypto,BTC,priority_with_coverage_fallback,30,30,"ETH,SOL,XRP,BNB,TRX,ADA,AVAX,DOT,NEAR,ATOM,ALGO,DOGE,BCH,LTC,XLM,ETC,LINK,UNI,AAVE,INJ,FIL,VET,FET,GRT,THETA,XTZ,SAND,CHZ,DASH,HBAR","TON,SUI,ICP,MKR,RENDER,RNDR,ARB,OP,MATIC,POL,APT,SEI,EOS,MANA","CHZ,DASH,HBAR",1440,168,0.8,336,2.5,0.75,10.0,8760.0,0.741860383142805,0.09974175752698211,0.30919725829226075,0.32258292999708227,-0.3346418148477148,0.004811077211922084,243,124.05833333333334,0.49371935245516224
crypto,BTC,priority_with_coverage_fallback,30,30,"ETH,SOL,XRP,BNB,TRX,ADA,AVAX,DOT,NEAR,ATOM,ALGO,DOGE,BCH,LTC,XLM,ETC,LINK,UNI,AAVE,INJ,FIL,VET,FET,GRT,THETA,XTZ,SAND,CHZ,DASH,HBAR","TON,SUI,ICP,MKR,RENDER,RNDR,ARB,OP,MATIC,POL,APT,SEI,EOS,MANA","CHZ,DASH,HBAR",1440,168,0.8,336,2.5,1.0,10.0,8760.0,0.39203874841541686,0.0583042242656957,0.2687840548598518,0.21691846376860577,-0.28431465900242636,0.005163107251818822,263,94.36641221374046,0.49546998867497166
crypto,BTC,priority_with_coverage_fallback,30,30,"ETH,SOL,XRP,BNB,TRX,ADA,AVAX,DOT,NEAR,ATOM,ALGO,DOGE,BCH,LTC,XLM,ETC,LINK,UNI,AAVE,INJ,FIL,VET,FET,GRT,THETA,XTZ,SAND,CHZ,DASH,HBAR","TON,SUI,ICP,MKR,RENDER,RNDR,ARB,OP,MATIC,POL,APT,SEI,EOS,MANA","CHZ,DASH,HBAR",1440,168,0.8,336,3.0,0.0,10.0,8760.0,3.4221596124215115,0.29006299586716633,0.5211594324858074,0.5565724762643829,-0.44535259855161435,0.0015059062817804898,39,49712.0,0.5036409719987126
crypto,BTC,priority_with_coverage_fallback,30,30,"ETH,SOL,XRP,BNB,TRX,ADA,AVAX,DOT,NEAR,ATOM,ALGO,DOGE,BCH,LTC,XLM,ETC,LINK,UNI,AAVE,INJ,FIL,VET,FET,GRT,THETA,XTZ,SAND,CHZ,DASH,HBAR","TON,SUI,ICP,MKR,RENDER,RNDR,ARB,OP,MATIC,POL,APT,SEI,EOS,MANA","CHZ,DASH,HBAR",1440,168,0.8,336,3.0,0.25,10.0,8760.0,0.7800869237871666,0.10383944737199258,0.33557818730225863,0.309434436745626,-0.3909255396843503,0.002972698114683564,151,215.92,0.5006175126590096
crypto,BTC,priority_with_coverage_fallback,30,30,"ETH,SOL,XRP,BNB,TRX,ADA,AVAX,DOT,NEAR,ATOM,ALGO,DOGE,BCH,LTC,XLM,ETC,LINK,UNI,AAVE,INJ,FIL,VET,FET,GRT,THETA,XTZ,SAND,CHZ,DASH,HBAR","TON,SUI,ICP,MKR,RENDER,RNDR,ARB,OP,MATIC,POL,APT,SEI,EOS,MANA","CHZ,DASH,HBAR",1440,168,0.8,336,3.0,0.5,10.0,8760.0,0.9814301177646312,0.12429112677114107,0.30938683093958175,0.4017337337652006,-0.3845473327498111,0.0030509270124383947,155,177.5974025974026,0.4985740402193784
crypto,BTC,priority_with_coverage_fallback,30,30,"ETH,SOL,XRP,BNB,TRX,ADA,AVAX,DOT,NEAR,ATOM,ALGO,DOGE,BCH,LTC,XLM,ETC,LINK,UNI,AAVE,INJ,FIL,VET,FET,GRT,THETA,XTZ,SAND,CHZ,DASH,HBAR","TON,SUI,ICP,MKR,RENDER,RNDR,ARB,OP,MATIC,POL,APT,SEI,EOS,MANA","CHZ,DASH,HBAR",1440,168,0.8,336,3.0,0.75,10.0,8760.0,0.34154634396923944,0.05162661582482864,0.2759488077982332,0.1870876567170267,-0.4446704968114845,0.0030509270124383947,155,131.15584415584416,0.49381126844242
crypto,BTC,priority_with_coverage_fallback,30,30,"ETH,SOL,XRP,BNB,TRX,ADA,AVAX,DOT,NEAR,ATOM,ALGO,DOGE,BCH,LTC,XLM,ETC,LINK,UNI,AAVE,INJ,FIL,VET,FET,GRT,THETA,XTZ,SAND,CHZ,DASH,HBAR","TON,SUI,ICP,MKR,RENDER,RNDR,ARB,OP,MATIC,POL,APT,SEI,EOS,MANA","CHZ,DASH,HBAR",1440,168,0.8,336,3.0,1.0,10.0,8760.0,0.1565603439795329,0.025231813021789673,0.23832670847197113,0.10587068979202181,-0.4365874615838995,0.0031682703590706408,162,101.96296296296296,0.4936432982201235
crypto,BTC,priority_with_coverage_fallback,30,30,"ETH,SOL,XRP,BNB,TRX,ADA,AVAX,DOT,NEAR,ATOM,ALGO,DOGE,BCH,LTC,XLM,ETC,LINK,UNI,AAVE,INJ,FIL,VET,FET,GRT,THETA,XTZ,SAND,CHZ,DASH,HBAR","TON,SUI,ICP,MKR,RENDER,RNDR,ARB,OP,MATIC,POL,APT,SEI,EOS,MANA","CHZ,DASH,HBAR",1440,336,0.8,336,1.0,0.0,10.0,8760.0,22.349540905331526,0.71559671485358,0.5565024031898463,1.2858825240498735,-0.41823370378887625,0.006903700226863803,177,50796.0,0.4980313410504764
crypto,BTC,priority_with_coverage_fallback,30,30,"ETH,SOL,XRP,BNB,TRX,ADA,AVAX,DOT,NEAR,ATOM,ALGO,DOGE,BCH,LTC,XLM,ETC,LINK,UNI,AAVE,INJ,FIL,VET,FET,GRT,THETA,XTZ,SAND,CHZ,DASH,HBAR","TON,SUI,ICP,MKR,RENDER,RNDR,ARB,OP,MATIC,POL,APT,SEI,EOS,MANA","CHZ,DASH,HBAR",1440,336,0.8,336,1.0,0.25,10.0,8760.0,6.321713211823386,0.4064573341692941,0.4825511816125708,0.8423092713419761,-0.4069143775968548,0.011558319643276227,546,155.66533864541833,0.4968519656019656
crypto,BTC,priority_with_coverage_fallback,30,30,"ETH,SOL,XRP,BNB,TRX,ADA,AVAX,DOT,NEAR,ATOM,ALGO,DOGE,BCH,LTC,XLM,ETC,LINK,UNI,AAVE,INJ,FIL,VET,FET,GRT,THETA,XTZ,SAND,CHZ,DASH,HBAR","TON,SUI,ICP,MKR,RENDER,RNDR,ARB,OP,MATIC,POL,APT,SEI,EOS,MANA","CHZ,DASH,HBAR",1440,336,0.8,336,1.0,0.5,10.0,8760.0,3.9154277218344227,0.31364849862073374,0.4667653840008044,0.6719617807394929,-0.42480239920664753,0.014570132206837205,713,103.6158357771261,0.4959103387767809
crypto,BTC,priority_with_coverage_fallback,30,30,"ETH,SOL,XRP,BNB,TRX,ADA,AVAX,DOT,NEAR,ATOM,ALGO,DOGE,BCH,LTC,XLM,ETC,LINK,UNI,AAVE,INJ,FIL,VET,FET,GRT,THETA,XTZ,SAND,CHZ,DASH,HBAR","TON,SUI,ICP,MKR,RENDER,RNDR,ARB,OP,MATIC,POL,APT,SEI,EOS,MANA","CHZ,DASH,HBAR",1440,336,0.8,336,1.0,0.75,10.0,8760.0,2.407684376196396,0.23373425401377323,0.4485201213678239,0.5211232292120328,-0.4079444374110722,0.02129781741375264,1065,60.43953934740883,0.49569691003207467
crypto,BTC,priority_with_coverage_fallback,30,30,"ETH,SOL,XRP,BNB,TRX,ADA,AVAX,DOT,NEAR,ATOM,ALGO,DOGE,BCH,LTC,XLM,ETC,LINK,UNI,AAVE,INJ,FIL,VET,FET,GRT,THETA,XTZ,SAND,CHZ,DASH,HBAR","TON,SUI,ICP,MKR,RENDER,RNDR,ARB,OP,MATIC,POL,APT,SEI,EOS,MANA","CHZ,DASH,HBAR",1440,336,0.8,336,1.5,0.0,10.0,8760.0,7.359977159767244,0.4387765877056915,0.5565082427613246,0.7884458018600707,-0.4292219180556138,0.005104435578502699,131,50796.0,0.4974013701866289
crypto,BTC,priority_with_coverage_fallback,30,30,"ETH,SOL,XRP,BNB,TRX,ADA,AVAX,DOT,NEAR,ATOM,ALGO,DOGE,BCH,LTC,XLM,ETC,LINK,UNI,AAVE,INJ,FIL,VET,FET,GRT,THETA,XTZ,SAND,CHZ,DASH,HBAR","TON,SUI,ICP,MKR,RENDER,RNDR,ARB,OP,MATIC,POL,APT,SEI,EOS,MANA","CHZ,DASH,HBAR",1440,336,0.8,336,1.5,0.25,10.0,8760.0,3.6867963353967212,0.3029728100589353,0.44325149819222875,0.6835234878947717,-0.36449411697947887,0.008390049284205586,400,188.96774193548387,0.4955047228860817
crypto,BTC,priority_with_coverage_fallback,30,30,"ETH,SOL,XRP,BNB,TRX,ADA,AVAX,DOT,NEAR,ATOM,ALGO,DOGE,BCH,LTC,XLM,ETC,LINK,UNI,AAVE,INJ,FIL,VET,FET,GRT,THETA,XTZ,SAND,CHZ,DASH,HBAR","TON,SUI,ICP,MKR,RENDER,RNDR,ARB,OP,MATIC,POL,APT,SEI,EOS,MANA","CHZ,DASH,HBAR",1440,336,0.8,336,1.5,0.5,10.0,8760.0,1.9258181867885393,0.20192700510697814,0.4181415298163446,0.48291545017226145,-0.3681258223669748,0.009485253852773214,469,136.59030837004406,0.49542024124363027
crypto,BTC,priority_with_coverage_fallback,30,30,"ETH,SOL,XRP,BNB,TRX,ADA,AVAX,DOT,NEAR,ATOM,ALGO,DOGE,BCH,LTC,XLM,ETC,LINK,UNI,AAVE,INJ,FIL,VET,FET,GRT,THETA,XTZ,SAND,CHZ,DASH,HBAR","TON,SUI,ICP,MKR,RENDER,RNDR,ARB,OP,MATIC,POL,APT,SEI,EOS,MANA","CHZ,DASH,HBAR",1440,336,0.8,336,1.5,0.75,10.0,8760.0,1.6924316489319744,0.18493067093594107,0.39980677705833495,0.4625501155748499,-0.35495463864352406,0.011128060705624658,559,97.18909090909091,0.49489280502862276
crypto,BTC,priority_with_coverage_fallback,30,30,"ETH,SOL,XRP,BNB,TRX,ADA,AVAX,DOT,NEAR,ATOM,ALGO,DOGE,BCH,LTC,XLM,ETC,LINK,UNI,AAVE,INJ,FIL,VET,FET,GRT,THETA,XTZ,SAND,CHZ,DASH,HBAR","TON,SUI,ICP,MKR,RENDER,RNDR,ARB,OP,MATIC,POL,APT,SEI,EOS,MANA","CHZ,DASH,HBAR",1440,336,0.8,336,1.5,1.0,10.0,8760.0,0.5358581662745145,0.07628159096690701,0.3689535499982744,0.2067512047716136,-0.47560891014980755,0.013396698740514745,677,67.92537313432835,0.4940013183915623
crypto,BTC,priority_with_coverage_fallback,30,30,"ETH,SOL,XRP,BNB,TRX,ADA,AVAX,DOT,NEAR,ATOM,ALGO,DOGE,BCH,LTC,XLM,ETC,LINK,UNI,AAVE,INJ,FIL,VET,FET,GRT,THETA,XTZ,SAND,CHZ,DASH,HBAR","TON,SUI,ICP,MKR,RENDER,RNDR,ARB,OP,MATIC,POL,APT,SEI,EOS,MANA","CHZ,DASH,HBAR",1440,336,0.8,336,2.0,0.0,10.0,8760.0,17.991265756001646,0.6559358192263993,0.55643776454044,1.1788125483685212,-0.42922191805561416,0.0040483454588124855,104,50795.0,0.4982183285756472
crypto,BTC,priority_with_coverage_fallback,30,30,"ETH,SOL,XRP,BNB,TRX,ADA,AVAX,DOT,NEAR,ATOM,ALGO,DOGE,BCH,LTC,XLM,ETC,LINK,UNI,AAVE,INJ,FIL,VET,FET,GRT,THETA,XTZ,SAND,CHZ,DASH,HBAR","TON,SUI,ICP,MKR,RENDER,RNDR,ARB,OP,MATIC,POL,APT,SEI,EOS,MANA","CHZ,DASH,HBAR",1440,336,0.8,336,2.0,0.25,10.0,8760.0,2.078059377873871,0.21241762881267334,0.4115078082866947,0.5161934343289142,-0.34013500178818146,0.0063365407181412816,307,213.59310344827585,0.4966904523586581
crypto,BTC,priority_with_coverage_fallback,30,30,"ETH,SOL,XRP,BNB,TRX,ADA,AVAX,DOT,NEAR,ATOM,ALGO,DOGE,BCH,LTC,XLM,ETC,LINK,UNI,AAVE,INJ,FIL,VET,FET,GRT,THETA,XTZ,SAND,CHZ,DASH,HBAR","TON,SUI,ICP,MKR,RENDER,RNDR,ARB,OP,MATIC,POL,APT,SEI,EOS,MANA","CHZ,DASH,HBAR",1440,336,0.8,336,2.0,0.5,10.0,8760.0,1.9014661113214872,0.2002071937188632,0.3837051398528645,0.5217735519405203,-0.3334543391523347,0.0070014863490573415,350,155.26315789473685,0.49709981167608286
crypto,BTC,priority_with_coverage_fallback,30,30,"ETH,SOL,XRP,BNB,TRX,ADA,AVAX,DOT,NEAR,ATOM,ALGO,DOGE,BCH,LTC,XLM,ETC,LINK,UNI,AAVE,INJ,FIL,VET,FET,GRT,THETA,XTZ,SAND,CHZ,DASH,HBAR","TON,SUI,ICP,MKR,RENDER,RNDR,ARB,OP,MATIC,POL,APT,SEI,EOS,MANA","CHZ,DASH,HBAR",1440,336,0.8,336,2.0,0.75,10.0,8760.0,1.6702034711005003,0.18324894975457262,0.36100171095157413,0.5076124134468554,-0.3164061132650232,0.007509974184463741,380,117.56382978723404,0.49638041806171385
crypto,BTC,priority_with_coverage_fallback,30,30,"ETH,SOL,XRP,BNB,TRX,ADA,AVAX,DOT,NEAR,ATOM,ALGO,DOGE,BCH,LTC,XLM,ETC,LINK,UNI,AAVE,INJ,FIL,VET,FET,GRT,THETA,XTZ,SAND,CHZ,DASH,HBAR","TON,SUI,ICP,MKR,RENDER,RNDR,ARB,OP,MATIC,POL,APT,SEI,EOS,MANA","CHZ,DASH,HBAR",1440,336,0.8,336,2.0,1.0,10.0,8760.0,0.3595780280868841,0.05403484517845891,0.32583402048876414,0.16583549224664898,-0.558429081002163,0.008135805366502385,414,91.14563106796116,0.49424797613975285
crypto,BTC,priority_with_coverage_fallback,30,30,"ETH,SOL,XRP,BNB,TRX,ADA,AVAX,DOT,NEAR,ATOM,ALGO,DOGE,BCH,LTC,XLM,ETC,LINK,UNI,AAVE,INJ,FIL,VET,FET,GRT,THETA,XTZ,SAND,CHZ,DASH,HBAR","TON,SUI,ICP,MKR,RENDER,RNDR,ARB,OP,MATIC,POL,APT,SEI,EOS,MANA","CHZ,DASH,HBAR",1440,336,0.8,336,2.5,0.0,10.0,8760.0,17.44385612154003,0.6476590405521514,0.5553411667279678,1.1662363234624116,-0.4112619573622549,0.0031095986857545177,80,50769.0,0.4971143808229431
crypto,BTC,priority_with_coverage_fallback,30,30,"ETH,SOL,XRP,BNB,TRX,ADA,AVAX,DOT,NEAR,ATOM,ALGO,DOGE,BCH,LTC,XLM,ETC,LINK,UNI,AAVE,INJ,FIL,VET,FET,GRT,THETA,XTZ,SAND,CHZ,DASH,HBAR","TON,SUI,ICP,MKR,RENDER,RNDR,ARB,OP,MATIC,POL,APT,SEI,EOS,MANA","CHZ,DASH,HBAR",1440,336,0.8,336,2.5,0.25,10.0,8760.0,1.2440416652066566,0.14852133747545748,0.37692209592493064,0.39403722700575666,-0.4063216808638236,0.004811077211922084,237,225.56140350877192,0.49564439604884497
crypto,BTC,priority_with_coverage_fallback,30,30,"ETH,SOL,XRP,BNB,TRX,ADA,AVAX,DOT,NEAR,ATOM,ALGO,DOGE,BCH,LTC,XLM,ETC,LINK,UNI,AAVE,INJ,FIL,VET,FET,GRT,THETA,XTZ,SAND,CHZ,DASH,HBAR","TON,SUI,ICP,MKR,RENDER,RNDR,ARB,OP,MATIC,POL,APT,SEI,EOS,MANA","CHZ,DASH,HBAR",1440,336,0.8,336,2.5,0.5,10.0,8760.0,1.3924204582252067,0.16118904256366506,0.34680487828245715,0.46478308887103875,-0.4731191600242449,0.005084878354063991,256,166.97619047619048,0.49664908027948096
crypto,BTC,priority_with_coverage_fallback,30,30,"ETH,SOL,XRP,BNB,TRX,ADA,AVAX,DOT,NEAR,ATOM,ALGO,DOGE,BCH,LTC,XLM,ETC,LINK,UNI,AAVE,INJ,FIL,VET,FET,GRT,THETA,XTZ,SAND,CHZ,DASH,HBAR","TON,SUI,ICP,MKR,RENDER,RNDR,ARB,OP,MATIC,POL,APT,SEI,EOS,MANA","CHZ,DASH,HBAR",1440,336,0.8,336,2.5,0.75,10.0,8760.0,1.6965895668365607,0.18524396904484508,0.3244773003182004,0.5708996249142377,-0.44842538342803184,0.005319565047328483,270,126.94776119402985,0.49650226324143204
crypto,BTC,priority_with_coverage_fallback,30,30,"ETH,SOL,XRP,BNB,TRX,ADA,AVAX,DOT,NEAR,ATOM,ALGO,DOGE,BCH,LTC,XLM,ETC,LINK,UNI,AAVE,INJ,FIL,VET,FET,GRT,THETA,XTZ,SAND,CHZ,DASH,HBAR","TON,SUI,ICP,MKR,RENDER,RNDR,ARB,OP,MATIC,POL,APT,SEI,EOS,MANA","CHZ,DASH,HBAR",1440,336,0.8,336,2.5,1.0,10.0,8760.0,0.47150399216804617,0.06841777942304006,0.2858145884178723,0.23937819200120936,-0.5143963406229436,0.005476022842838144,280,99.8,0.4937732608073289
crypto,BTC,priority_with_coverage_fallback,30,30,"ETH,SOL,XRP,BNB,TRX,ADA,AVAX,DOT,NEAR,ATOM,ALGO,DOGE,BCH,LTC,XLM,ETC,LINK,UNI,AAVE,INJ,FIL,VET,FET,GRT,THETA,XTZ,SAND,CHZ,DASH,HBAR","TON,SUI,ICP,MKR,RENDER,RNDR,ARB,OP,MATIC,POL,APT,SEI,EOS,MANA","CHZ,DASH,HBAR",1440,336,0.8,336,3.0,0.0,10.0,8760.0,4.62868821168162,0.34449974849155485,0.5527480581636418,0.6232491338568669,-0.3870476882086469,0.0020926230149417194,54,49780.0,0.5013660104459622
crypto,BTC,priority_with_coverage_fallback,30,30,"ETH,SOL,XRP,BNB,TRX,ADA,AVAX,DOT,NEAR,ATOM,ALGO,DOGE,BCH,LTC,XLM,ETC,LINK,UNI,AAVE,INJ,FIL,VET,FET,GRT,THETA,XTZ,SAND,CHZ,DASH,HBAR","TON,SUI,ICP,MKR,RENDER,RNDR,ARB,OP,MATIC,POL,APT,SEI,EOS,MANA","CHZ,DASH,HBAR",1440,336,0.8,336,3.0,0.25,10.0,8760.0,-0.24065404403504442,-0.04606941595139169,0.31666189513513204,-0.14548455832278798,-0.48667089685104603,0.0030509270124383947,152,253.52702702702703,0.4928841746175577
crypto,BTC,priority_with_coverage_fallback,30,30,"ETH,SOL,XRP,BNB,TRX,ADA,AVAX,DOT,NEAR,ATOM,ALGO,DOGE,BCH,LTC,XLM,ETC,LINK,UNI,AAVE,INJ,FIL,VET,FET,GRT,THETA,XTZ,SAND,CHZ,DASH,HBAR","TON,SUI,ICP,MKR,RENDER,RNDR,ARB,OP,MATIC,POL,APT,SEI,EOS,MANA","CHZ,DASH,HBAR",1440,336,0.8,336,3.0,0.5,10.0,8760.0,-0.37356433307007,-0.07700230432013255,0.284570833661007,-0.2705909925114146,-0.5771317271710015,0.0030509270124383947,154,195.35526315789474,0.4926921263554927
crypto,BTC,priority_with_coverage_fallback,30,30,"ETH,SOL,XRP,BNB,TRX,ADA,AVAX,DOT,NEAR,ATOM,ALGO,DOGE,BCH,LTC,XLM,ETC,LINK,UNI,AAVE,INJ,FIL,VET,FET,GRT,THETA,XTZ,SAND,CHZ,DASH,HBAR","TON,SUI,ICP,MKR,RENDER,RNDR,ARB,OP,MATIC,POL,APT,SEI,EOS,MANA","CHZ,DASH,HBAR",1440,336,0.8,336,3.0,0.75,10.0,8760.0,-0.41010280823531475,-0.08645676515757206,0.2670572267147435,-0.3237387215509454,-0.5947106389266821,0.00309004146131581,157,157.24358974358975,0.49099062372604974
crypto,BTC,priority_with_coverage_fallback,30,30,"ETH,SOL,XRP,BNB,TRX,ADA,AVAX,DOT,NEAR,ATOM,ALGO,DOGE,BCH,LTC,XLM,ETC,LINK,UNI,AAVE,INJ,FIL,VET,FET,GRT,THETA,XTZ,SAND,CHZ,DASH,HBAR","TON,SUI,ICP,MKR,RENDER,RNDR,ARB,OP,MATIC,POL,APT,SEI,EOS,MANA","CHZ,DASH,HBAR",1440,336,0.8,336,3.0,1.0,10.0,8760.0,-0.5511962478732488,-0.12825419025388896,0.22698364320127506,-0.5650371473690775,-0.6413615724783246,0.0031682703590706408,162,123.8395061728395,0.487887548599342
crypto,ETH,priority_with_coverage_fallback,30,30,"BTC,SOL,XRP,BNB,TRX,ADA,AVAX,DOT,NEAR,ATOM,ALGO,DOGE,BCH,LTC,XLM,ETC,LINK,UNI,AAVE,INJ,FIL,VET,FET,GRT,THETA,XTZ,SAND,CHZ,DASH,HBAR","TON,SUI,ICP,MKR,RENDER,RNDR,ARB,OP,MATIC,POL,APT,SEI,EOS,MANA","CHZ,DASH,HBAR",1440,24,0.8,336,1.0,0.0,10.0,8760.0,6.819637399650437,0.4224004453679342,0.5252128766947814,0.8042461716211978,-0.45080731327874757,0.007294844715637957,187,50688.0,0.5012231691919192
crypto,ETH,priority_with_coverage_fallback,30,30,"BTC,SOL,XRP,BNB,TRX,ADA,AVAX,DOT,NEAR,ATOM,ALGO,DOGE,BCH,LTC,XLM,ETC,LINK,UNI,AAVE,INJ,FIL,VET,FET,GRT,THETA,XTZ,SAND,CHZ,DASH,HBAR","TON,SUI,ICP,MKR,RENDER,RNDR,ARB,OP,MATIC,POL,APT,SEI,EOS,MANA","CHZ,DASH,HBAR",1440,24,0.8,336,1.0,0.25,10.0,8760.0,4.286394143439634,0.33012550922529815,0.4578321442817673,0.7210623224002516,-0.40197325700627173,0.013474927638269577,669,113.29538461538462,0.5000135792075174
crypto,ETH,priority_with_coverage_fallback,30,30,"BTC,SOL,XRP,BNB,TRX,ADA,AVAX,DOT,NEAR,ATOM,ALGO,DOGE,BCH,LTC,XLM,ETC,LINK,UNI,AAVE,INJ,FIL,VET,FET,GRT,THETA,XTZ,SAND,CHZ,DASH,HBAR","TON,SUI,ICP,MKR,RENDER,RNDR,ARB,OP,MATIC,POL,APT,SEI,EOS,MANA","CHZ,DASH,HBAR",1440,24,0.8,336,1.0,0.5,10.0,8760.0,2.5124350632401504,0.24015028187894272,0.43713302800123516,0.549375742613217,-0.4438310514485415,0.0176210592192756,892,76.00678733031674,0.5006697425212085
crypto,ETH,priority_with_coverage_fallback,30,30,"BTC,SOL,XRP,BNB,TRX,ADA,AVAX,DOT,NEAR,ATOM,ALGO,DOGE,BCH,LTC,XLM,ETC,LINK,UNI,AAVE,INJ,FIL,VET,FET,GRT,THETA,XTZ,SAND,CHZ,DASH,HBAR","TON,SUI,ICP,MKR,RENDER,RNDR,ARB,OP,MATIC,POL,APT,SEI,EOS,MANA","CHZ,DASH,HBAR",1440,24,0.8,336,1.0,0.75,10.0,8760.0,0.9123124993854128,0.11747296907790639,0.4189492861907398,0.2803990195233872,-0.486340514951238,0.02563952123914574,1306,46.27803379416282,0.4993527400670495
crypto,ETH,priority_with_coverage_fallback,30,30,"BTC,SOL,XRP,BNB,TRX,ADA,AVAX,DOT,NEAR,ATOM,ALGO,DOGE,BCH,LTC,XLM,ETC,LINK,UNI,AAVE,INJ,FIL,VET,FET,GRT,THETA,XTZ,SAND,CHZ,DASH,HBAR","TON,SUI,ICP,MKR,RENDER,RNDR,ARB,OP,MATIC,POL,APT,SEI,EOS,MANA","CHZ,DASH,HBAR",1440,24,0.8,336,1.5,0.0,10.0,8760.0,8.863083874933068,0.48011526829109497,0.5246016391184358,0.9151997105802075,-0.4276222302463948,0.0055346945161542675,142,50510.0,0.5017422292615323
crypto,ETH,priority_with_coverage_fallback,30,30,"BTC,SOL,XRP,BNB,TRX,ADA,AVAX,DOT,NEAR,ATOM,ALGO,DOGE,BCH,LTC,XLM,ETC,LINK,UNI,AAVE,INJ,FIL,VET,FET,GRT,THETA,XTZ,SAND,CHZ,DASH,HBAR","TON,SUI,ICP,MKR,RENDER,RNDR,ARB,OP,MATIC,POL,APT,SEI,EOS,MANA","CHZ,DASH,HBAR",1440,24,0.8,336,1.5,0.25,10.0,8760.0,5.27916101105466,0.3699273353368693,0.4325599505784672,0.8552047752968378,-0.33908838656134355,0.00968082609716029,483,132.59745762711864,0.501933339724539
crypto,ETH,priority_with_coverage_fallback,30,30,"BTC,SOL,XRP,BNB,TRX,ADA,AVAX,DOT,NEAR,ATOM,ALGO,DOGE,BCH,LTC,XLM,ETC,LINK,UNI,AAVE,INJ,FIL,VET,FET,GRT,THETA,XTZ,SAND,CHZ,DASH,HBAR","TON,SUI,ICP,MKR,RENDER,RNDR,ARB,OP,MATIC,POL,APT,SEI,EOS,MANA","CHZ,DASH,HBAR",1440,24,0.8,336,1.5,0.5,10.0,8760.0,2.5286925101407816,0.24113180005306445,0.4102872604751778,0.5877145680170414,-0.4086744367010122,0.010932488461237582,554,100.71636363636364,0.5024370870491389
crypto,ETH,priority_with_coverage_fallback,30,30,"BTC,SOL,XRP,BNB,TRX,ADA,AVAX,DOT,NEAR,ATOM,ALGO,DOGE,BCH,LTC,XLM,ETC,LINK,UNI,AAVE,INJ,FIL,VET,FET,GRT,THETA,XTZ,SAND,CHZ,DASH,HBAR","TON,SUI,ICP,MKR,RENDER,RNDR,ARB,OP,MATIC,POL,APT,SEI,EOS,MANA","CHZ,DASH,HBAR",1440,24,0.8,336,1.5,0.75,10.0,8760.0,0.8392257665984855,0.11003741100575093,0.39143010577417825,0.2811163714352445,-0.4123914299343956,0.012379723069701948,629,77.76038338658147,0.5003903200624512
crypto,ETH,priority_with_coverage_fallback,30,30,"BTC,SOL,XRP,BNB,TRX,ADA,AVAX,DOT,NEAR,ATOM,ALGO,DOGE,BCH,LTC,XLM,ETC,LINK,UNI,AAVE,INJ,FIL,VET,FET,GRT,THETA,XTZ,SAND,CHZ,DASH,HBAR","TON,SUI,ICP,MKR,RENDER,RNDR,ARB,OP,MATIC,POL,APT,SEI,EOS,MANA","CHZ,DASH,HBAR",1440,24,0.8,336,1.5,1.0,10.0,8760.0,0.20952834265169562,0.0331274191730917,0.37207001309028187,0.0890354449635623,-0.5203093572258897,0.015156848939998436,771,54.700520833333336,0.4988336110449893
crypto,ETH,priority_with_coverage_fallback,30,30,"BTC,SOL,XRP,BNB,TRX,ADA,AVAX,DOT,NEAR,ATOM,ALGO,DOGE,BCH,LTC,XLM,ETC,LINK,UNI,AAVE,INJ,FIL,VET,FET,GRT,THETA,XTZ,SAND,CHZ,DASH,HBAR","TON,SUI,ICP,MKR,RENDER,RNDR,ARB,OP,MATIC,POL,APT,SEI,EOS,MANA","CHZ,DASH,HBAR",1440,24,0.8,336,2.0,0.0,10.0,8760.0,14.699926655533252,0.6028124931485472,0.5244586944982426,1.1493993701930463,-0.40862644598721287,0.0040483454588124855,104,50505.0,0.5023463023463024
crypto,ETH,priority_with_coverage_fallback,30,30,"BTC,SOL,XRP,BNB,TRX,ADA,AVAX,DOT,NEAR,ATOM,ALGO,DOGE,BCH,LTC,XLM,ETC,LINK,UNI,AAVE,INJ,FIL,VET,FET,GRT,THETA,XTZ,SAND,CHZ,DASH,HBAR","TON,SUI,ICP,MKR,RENDER,RNDR,ARB,OP,MATIC,POL,APT,SEI,EOS,MANA","CHZ,DASH,HBAR",1440,24,0.8,336,2.0,0.25,10.0,8760.0,4.973565014138772,0.3582675892508622,0.40800506666625286,0.8780959319407772,-0.3747719539833647,0.006903700226863803,344,151.95833333333334,0.5029965921109326
crypto,ETH,priority_with_coverage_fallback,30,30,"BTC,SOL,XRP,BNB,TRX,ADA,AVAX,DOT,NEAR,ATOM,ALGO,DOGE,BCH,LTC,XLM,ETC,LINK,UNI,AAVE,INJ,FIL,VET,FET,GRT,THETA,XTZ,SAND,CHZ,DASH,HBAR","TON,SUI,ICP,MKR,RENDER,RNDR,ARB,OP,MATIC,POL,APT,SEI,EOS,MANA","CHZ,DASH,HBAR",1440,24,0.8,336,2.0,0.5,10.0,8760.0,2.6291211383832613,0.24711328878249916,0.3862981727460557,0.6396957226741692,-0.4168481177319674,0.007490416960025033,379,118.61702127659575,0.5041704035874439
crypto,ETH,priority_with_coverage_fallback,30,30,"BTC,SOL,XRP,BNB,TRX,ADA,AVAX,DOT,NEAR,ATOM,ALGO,DOGE,BCH,LTC,XLM,ETC,LINK,UNI,AAVE,INJ,FIL,VET,FET,GRT,THETA,XTZ,SAND,CHZ,DASH,HBAR","TON,SUI,ICP,MKR,RENDER,RNDR,ARB,OP,MATIC,POL,APT,SEI,EOS,MANA","CHZ,DASH,HBAR",1440,24,0.8,336,2.0,0.75,10.0,8760.0,1.3542346083776011,0.15799257745701678,0.3675299806909804,0.42987670600363104,-0.3592327858789761,0.008116248142063678,411,94.62745098039215,0.5029527559055118
crypto,ETH,priority_with_coverage_fallback,30,30,"BTC,SOL,XRP,BNB,TRX,ADA,AVAX,DOT,NEAR,ATOM,ALGO,DOGE,BCH,LTC,XLM,ETC,LINK,UNI,AAVE,INJ,FIL,VET,FET,GRT,THETA,XTZ,SAND,CHZ,DASH,HBAR","TON,SUI,ICP,MKR,RENDER,RNDR,ARB,OP,MATIC,POL,APT,SEI,EOS,MANA","CHZ,DASH,HBAR",1440,24,0.8,336,2.0,1.0,10.0,8760.0,1.0899186723312817,0.13460574473624964,0.3419032284121042,0.39369544815764684,-0.4110248822521677,0.009172338261753891,466,70.63793103448276,0.5034171344886502
crypto,ETH,priority_with_coverage_fallback,30,30,"BTC,SOL,XRP,BNB,TRX,ADA,AVAX,DOT,NEAR,ATOM,ALGO,DOGE,BCH,LTC,XLM,ETC,LINK,UNI,AAVE,INJ,FIL,VET,FET,GRT,THETA,XTZ,SAND,CHZ,DASH,HBAR","TON,SUI,ICP,MKR,RENDER,RNDR,ARB,OP,MATIC,POL,APT,SEI,EOS,MANA","CHZ,DASH,HBAR",1440,24,0.8,336,2.5,0.0,10.0,8760.0,60.63530600152458,1.0259834879791874,0.5239867103703206,1.958033415111019,-0.47101196442163196,0.0031487131346319332,81,50263.0,0.503591110757416
crypto,ETH,priority_with_coverage_fallback,30,30,"BTC,SOL,XRP,BNB,TRX,ADA,AVAX,DOT,NEAR,ATOM,ALGO,DOGE,BCH,LTC,XLM,ETC,LINK,UNI,AAVE,INJ,FIL,VET,FET,GRT,THETA,XTZ,SAND,CHZ,DASH,HBAR","TON,SUI,ICP,MKR,RENDER,RNDR,ARB,OP,MATIC,POL,APT,SEI,EOS,MANA","CHZ,DASH,HBAR",1440,24,0.8,336,2.5,0.25,10.0,8760.0,9.586361849839964,0.4981694208979721,0.3825886280580238,1.3021020081716053,-0.2792051594078161,0.005123992802941407,255,163.4516129032258,0.5046378527728439
crypto,ETH,priority_with_coverage_fallback,30,30,"BTC,SOL,XRP,BNB,TRX,ADA,AVAX,DOT,NEAR,ATOM,ALGO,DOGE,BCH,LTC,XLM,ETC,LINK,UNI,AAVE,INJ,FIL,VET,FET,GRT,THETA,XTZ,SAND,CHZ,DASH,HBAR","TON,SUI,ICP,MKR,RENDER,RNDR,ARB,OP,MATIC,POL,APT,SEI,EOS,MANA","CHZ,DASH,HBAR",1440,24,0.8,336,2.5,0.5,10.0,8760.0,6.631179248357011,0.416467901305984,0.356872123314807,1.1669947695483232,-0.3210256522624113,0.005436908393960729,274,123.17777777777778,0.5072463768115942
crypto,ETH,priority_with_coverage_fallback,30,30,"BTC,SOL,XRP,BNB,TRX,ADA,AVAX,DOT,NEAR,ATOM,ALGO,DOGE,BCH,LTC,XLM,ETC,LINK,UNI,AAVE,INJ,FIL,VET,FET,GRT,THETA,XTZ,SAND,CHZ,DASH,HBAR","TON,SUI,ICP,MKR,RENDER,RNDR,ARB,OP,MATIC,POL,APT,SEI,EOS,MANA","CHZ,DASH,HBAR",1440,24,0.8,336,2.5,0.75,10.0,8760.0,5.401494884388083,0.37446335941631115,0.33230480505292337,1.126867122359767,-0.2863174463917798,0.005710709536102637,288,97.95070422535211,0.5086634553167014
crypto,ETH,priority_with_coverage_fallback,30,30,"BTC,SOL,XRP,BNB,TRX,ADA,AVAX,DOT,NEAR,ATOM,ALGO,DOGE,BCH,LTC,XLM,ETC,LINK,UNI,AAVE,INJ,FIL,VET,FET,GRT,THETA,XTZ,SAND,CHZ,DASH,HBAR","TON,SUI,ICP,MKR,RENDER,RNDR,ARB,OP,MATIC,POL,APT,SEI,EOS,MANA","CHZ,DASH,HBAR",1440,24,0.8,336,2.5,1.0,10.0,8760.0,2.7612417380792724,0.25477682554772185,0.30860029059413446,0.8255884174872659,-0.28786808704193123,0.005984510678244543,303,78.98,0.506879378745674
crypto,ETH,priority_with_coverage_fallback,30,30,"BTC,SOL,XRP,BNB,TRX,ADA,AVAX,DOT,NEAR,ATOM,ALGO,DOGE,BCH,LTC,XLM,ETC,LINK,UNI,AAVE,INJ,FIL,VET,FET,GRT,THETA,XTZ,SAND,CHZ,DASH,HBAR","TON,SUI,ICP,MKR,RENDER,RNDR,ARB,OP,MATIC,POL,APT,SEI,EOS,MANA","CHZ,DASH,HBAR",1440,24,0.8,336,3.0,0.0,10.0,8760.0,48.93008840638779,0.9541847483854826,0.5239098490568372,1.821276599596749,-0.43668094810998137,0.0018579363216772275,48,50260.0,0.5055511341026662
crypto,ETH,priority_with_coverage_fallback,30,30,"BTC,SOL,XRP,BNB,TRX,ADA,AVAX,DOT,NEAR,ATOM,ALGO,DOGE,BCH,LTC,XLM,ETC,LINK,UNI,AAVE,INJ,FIL,VET,FET,GRT,THETA,XTZ,SAND,CHZ,DASH,HBAR","TON,SUI,ICP,MKR,RENDER,RNDR,ARB,OP,MATIC,POL,APT,SEI,EOS,MANA","CHZ,DASH,HBAR",1440,24,0.8,336,3.0,0.25,10.0,8760.0,10.565834370662035,0.5210547463094164,0.3201277648525021,1.6276462197819386,-0.22968389377398224,0.003559414847844794,179,157.3181818181818,0.5101849176538573
crypto,ETH,priority_with_coverage_fallback,30,30,"BTC,SOL,XRP,BNB,TRX,ADA,AVAX,DOT,NEAR,ATOM,ALGO,DOGE,BCH,LTC,XLM,ETC,LINK,UNI,AAVE,INJ,FIL,VET,FET,GRT,THETA,XTZ,SAND,CHZ,DASH,HBAR","TON,SUI,ICP,MKR,RENDER,RNDR,ARB,OP,MATIC,POL,APT,SEI,EOS,MANA","CHZ,DASH,HBAR",1440,24,0.8,336,3.0,0.5,10.0,8760.0,7.07254692280145,0.4301784136001241,0.2934166788845639,1.4661007521299259,-0.24595933997499686,0.0036376437455996244,184,117.9010989010989,0.5142138130301053
crypto,ETH,priority_with_coverage_fallback,30,30,"BTC,SOL,XRP,BNB,TRX,ADA,AVAX,DOT,NEAR,ATOM,ALGO,DOGE,BCH,LTC,XLM,ETC,LINK,UNI,AAVE,INJ,FIL,VET,FET,GRT,THETA,XTZ,SAND,CHZ,DASH,HBAR","TON,SUI,ICP,MKR,RENDER,RNDR,ARB,OP,MATIC,POL,APT,SEI,EOS,MANA","CHZ,DASH,HBAR",1440,24,0.8,336,3.0,0.75,10.0,8760.0,5.084492028983341,0.3625558735895058,0.2696922417406675,1.344331862308945,-0.19637755129642764,0.00367675819447704,186,96.71739130434783,0.5156214879748258
crypto,ETH,priority_with_coverage_fallback,30,30,"BTC,SOL,XRP,BNB,TRX,ADA,AVAX,DOT,NEAR,ATOM,ALGO,DOGE,BCH,LTC,XLM,ETC,LINK,UNI,AAVE,INJ,FIL,VET,FET,GRT,THETA,XTZ,SAND,CHZ,DASH,HBAR","TON,SUI,ICP,MKR,RENDER,RNDR,ARB,OP,MATIC,POL,APT,SEI,EOS,MANA","CHZ,DASH,HBAR",1440,24,0.8,336,3.0,1.0,10.0,8760.0,2.9678511720099348,0.26632527876595,0.24874796772771723,1.0706631342511033,-0.19160016781582812,0.00367675819447704,187,79.06451612903226,0.5132598939208486
crypto,ETH,priority_with_coverage_fallback,30,30,"BTC,SOL,XRP,BNB,TRX,ADA,AVAX,DOT,NEAR,ATOM,ALGO,DOGE,BCH,LTC,XLM,ETC,LINK,UNI,AAVE,INJ,FIL,VET,FET,GRT,THETA,XTZ,SAND,CHZ,DASH,HBAR","TON,SUI,ICP,MKR,RENDER,RNDR,ARB,OP,MATIC,POL,APT,SEI,EOS,MANA","CHZ,DASH,HBAR",1440,72,0.8,336,1.0,0.0,10.0,8760.0,6.519569164333889,0.4128970048067948,0.5697957446154822,0.7246403798354653,-0.46990293776036896,0.007060158022373465,181,50688.0,0.4992897727272727
crypto,ETH,priority_with_coverage_fallback,30,30,"BTC,SOL,XRP,BNB,TRX,ADA,AVAX,DOT,NEAR,ATOM,ALGO,DOGE,BCH,LTC,XLM,ETC,LINK,UNI,AAVE,INJ,FIL,VET,FET,GRT,THETA,XTZ,SAND,CHZ,DASH,HBAR","TON,SUI,ICP,MKR,RENDER,RNDR,ARB,OP,MATIC,POL,APT,SEI,EOS,MANA","CHZ,DASH,HBAR",1440,72,0.8,336,1.0,0.25,10.0,8760.0,4.060507267080533,0.3202112547884113,0.5092283843218262,0.6288165873056315,-0.4419155345377841,0.0127708675584761,629,122.28052805280528,0.49709859383012606
crypto,ETH,priority_with_coverage_fallback,30,30,"BTC,SOL,XRP,BNB,TRX,ADA,AVAX,DOT,NEAR,ATOM,ALGO,DOGE,BCH,LTC,XLM,ETC,LINK,UNI,AAVE,INJ,FIL,VET,FET,GRT,THETA,XTZ,SAND,CHZ,DASH,HBAR","TON,SUI,ICP,MKR,RENDER,RNDR,ARB,OP,MATIC,POL,APT,SEI,EOS,MANA","CHZ,DASH,HBAR",1440,72,0.8,336,1.0,0.5,10.0,8760.0,1.240288033430632,0.14819197634560632,0.48509069148868367,0.3054933416488026,-0.507203186933602,0.016134710161933817,815,83.0,0.49666656701246675
crypto,ETH,priority_with_coverage_fallback,30,30,"BTC,SOL,XRP,BNB,TRX,ADA,AVAX,DOT,NEAR,ATOM,ALGO,DOGE,BCH,LTC,XLM,ETC,LINK,UNI,AAVE,INJ,FIL,VET,FET,GRT,THETA,XTZ,SAND,CHZ,DASH,HBAR","TON,SUI,ICP,MKR,RENDER,RNDR,ARB,OP,MATIC,POL,APT,SEI,EOS,MANA","CHZ,DASH,HBAR",1440,72,0.8,336,1.0,0.75,10.0,8760.0,0.4578542015274769,0.06671329738235099,0.4571658857418016,0.1459279868927695,-0.5741351373568987,0.02329265430650082,1184,51.16298811544991,0.49629998340799736
crypto,ETH,priority_with_coverage_fallback,30,30,"BTC,SOL,XRP,BNB,TRX,ADA,AVAX,DOT,NEAR,ATOM,ALGO,DOGE,BCH,LTC,XLM,ETC,LINK,UNI,AAVE,INJ,FIL,VET,FET,GRT,THETA,XTZ,SAND,CHZ,DASH,HBAR","TON,SUI,ICP,MKR,RENDER,RNDR,ARB,OP,MATIC,POL,APT,SEI,EOS,MANA","CHZ,DASH,HBAR",1440,72,0.8,336,1.5,0.0,10.0,8760.0,10.614691872717366,0.5221536296986797,0.5697830887500088,0.9164077348174395,-0.4505697856367403,0.005417351169522021,139,50674.0,0.4986580889608083
crypto,ETH,priority_with_coverage_fallback,30,30,"BTC,SOL,XRP,BNB,TRX,ADA,AVAX,DOT,NEAR,ATOM,ALGO,DOGE,BCH,LTC,XLM,ETC,LINK,UNI,AAVE,INJ,FIL,VET,FET,GRT,THETA,XTZ,SAND,CHZ,DASH,HBAR","TON,SUI,ICP,MKR,RENDER,RNDR,ARB,OP,MATIC,POL,APT,SEI,EOS,MANA","CHZ,DASH,HBAR",1440,72,0.8,336,1.5,0.25,10.0,8760.0,3.196798106595746,0.27855414973102754,0.4846087835791589,0.5748021067090849,-0.4765580037312369,0.008898537119611985,439,149.11320754716982,0.49693154498291786
crypto,ETH,priority_with_coverage_fallback,30,30,"BTC,SOL,XRP,BNB,TRX,ADA,AVAX,DOT,NEAR,ATOM,ALGO,DOGE,BCH,LTC,XLM,ETC,LINK,UNI,AAVE,INJ,FIL,VET,FET,GRT,THETA,XTZ,SAND,CHZ,DASH,HBAR","TON,SUI,ICP,MKR,RENDER,RNDR,ARB,OP,MATIC,POL,APT,SEI,EOS,MANA","CHZ,DASH,HBAR",1440,72,0.8,336,1.5,0.5,10.0,8760.0,2.3387610409739454,0.2294229425846943,0.45614854464528287,0.5029566470788626,-0.46704021879720514,0.010306657279198937,518,109.64313725490196,0.49776458385493044
crypto,ETH,priority_with_coverage_fallback,30,30,"BTC,SOL,XRP,BNB,TRX,ADA,AVAX,DOT,NEAR,ATOM,ALGO,DOGE,BCH,LTC,XLM,ETC,LINK,UNI,AAVE,INJ,FIL,VET,FET,GRT,THETA,XTZ,SAND,CHZ,DASH,HBAR","TON,SUI,ICP,MKR,RENDER,RNDR,ARB,OP,MATIC,POL,APT,SEI,EOS,MANA","CHZ,DASH,HBAR",1440,72,0.8,336,1.5,0.75,10.0,8760.0,0.7935013247821943,0.10526012444082133,0.42563457749548256,0.2473016291584969,-0.5031160892168898,0.011675662989908473,593,82.86779661016949,0.49697291990509695
crypto,ETH,priority_with_coverage_fallback,30,30,"BTC,SOL,XRP,BNB,TRX,ADA,AVAX,DOT,NEAR,ATOM,ALGO,DOGE,BCH,LTC,XLM,ETC,LINK,UNI,AAVE,INJ,FIL,VET,FET,GRT,THETA,XTZ,SAND,CHZ,DASH,HBAR","TON,SUI,ICP,MKR,RENDER,RNDR,ARB,OP,MATIC,POL,APT,SEI,EOS,MANA","CHZ,DASH,HBAR",1440,72,0.8,336,1.5,1.0,10.0,8760.0,0.23998266335855445,0.03753817011640126,0.4035235434324033,0.09302597265353739,-0.5105370140115506,0.014296331064695298,728,59.176308539944905,0.49504213025464366
crypto,ETH,priority_with_coverage_fallback,30,30,"BTC,SOL,XRP,BNB,TRX,ADA,AVAX,DOT,NEAR,ATOM,ALGO,DOGE,BCH,LTC,XLM,ETC,LINK,UNI,AAVE,INJ,FIL,VET,FET,GRT,THETA,XTZ,SAND,CHZ,DASH,HBAR","TON,SUI,ICP,MKR,RENDER,RNDR,ARB,OP,MATIC,POL,APT,SEI,EOS,MANA","CHZ,DASH,HBAR",1440,72,0.8,336,2.0,0.0,10.0,8760.0,10.181299479025675,0.5122689866485977,0.5691665045544603,0.9000336150308044,-0.3828742863011403,0.003970116561057654,102,50503.0,0.4987426489515474
crypto,ETH,priority_with_coverage_fallback,30,30,"BTC,SOL,XRP,BNB,TRX,ADA,AVAX,DOT,NEAR,ATOM,ALGO,DOGE,BCH,LTC,XLM,ETC,LINK,UNI,AAVE,INJ,FIL,VET,FET,GRT,THETA,XTZ,SAND,CHZ,DASH,HBAR","TON,SUI,ICP,MKR,RENDER,RNDR,ARB,OP,MATIC,POL,APT,SEI,EOS,MANA","CHZ,DASH,HBAR",1440,72,0.8,336,2.0,0.25,10.0,8760.0,4.407082289601769,0.3352794345765642,0.45854691196401115,0.731178044882087,-0.39441386231324527,0.006590784635844481,326,166.58860759493672,0.4980053949318035
crypto,ETH,priority_with_coverage_fallback,30,30,"BTC,SOL,XRP,BNB,TRX,ADA,AVAX,DOT,NEAR,ATOM,ALGO,DOGE,BCH,LTC,XLM,ETC,LINK,UNI,AAVE,INJ,FIL,VET,FET,GRT,THETA,XTZ,SAND,CHZ,DASH,HBAR","TON,SUI,ICP,MKR,RENDER,RNDR,ARB,OP,MATIC,POL,APT,SEI,EOS,MANA","CHZ,DASH,HBAR",1440,72,0.8,336,2.0,0.5,10.0,8760.0,3.0171681472684764,0.2690079793299751,0.42548374471729944,0.6322403209756222,-0.4132363482069632,0.007216615817883126,364,124.47777777777777,0.4996875836829421
crypto,ETH,priority_with_coverage_fallback,30,30,"BTC,SOL,XRP,BNB,TRX,ADA,AVAX,DOT,NEAR,ATOM,ALGO,DOGE,BCH,LTC,XLM,ETC,LINK,UNI,AAVE,INJ,FIL,VET,FET,GRT,THETA,XTZ,SAND,CHZ,DASH,HBAR","TON,SUI,ICP,MKR,RENDER,RNDR,ARB,OP,MATIC,POL,APT,SEI,EOS,MANA","CHZ,DASH,HBAR",1440,72,0.8,336,2.0,0.75,10.0,8760.0,1.236977329760789,0.1479011000259438,0.39372816715810227,0.37564267015357794,-0.4167571578511372,0.007725103653289525,393,99.8265306122449,0.4990800367985281
crypto,ETH,priority_with_coverage_fallback,30,30,"BTC,SOL,XRP,BNB,TRX,ADA,AVAX,DOT,NEAR,ATOM,ALGO,DOGE,BCH,LTC,XLM,ETC,LINK,UNI,AAVE,INJ,FIL,VET,FET,GRT,THETA,XTZ,SAND,CHZ,DASH,HBAR","TON,SUI,ICP,MKR,RENDER,RNDR,ARB,OP,MATIC,POL,APT,SEI,EOS,MANA","CHZ,DASH,HBAR",1440,72,0.8,336,2.0,1.0,10.0,8760.0,1.0702975211817405,0.13277365293617627,0.3586661187354645,0.370187330223137,-0.40118153537655155,0.008663850426347493,441,75.66363636363636,0.4990988826144419
crypto,ETH,priority_with_coverage_fallback,30,30,"BTC,SOL,XRP,BNB,TRX,ADA,AVAX,DOT,NEAR,ATOM,ALGO,DOGE,BCH,LTC,XLM,ETC,LINK,UNI,AAVE,INJ,FIL,VET,FET,GRT,THETA,XTZ,SAND,CHZ,DASH,HBAR","TON,SUI,ICP,MKR,RENDER,RNDR,ARB,OP,MATIC,POL,APT,SEI,EOS,MANA","CHZ,DASH,HBAR",1440,72,0.8,336,2.5,0.0,10.0,8760.0,80.76003803763649,1.1264687182558637,0.5686781752300935,1.980854492613651,-0.49286676665491325,0.003070484236877102,79,50263.0,0.5008455523944054
crypto,ETH,priority_with_coverage_fallback,30,30,"BTC,SOL,XRP,BNB,TRX,ADA,AVAX,DOT,NEAR,ATOM,ALGO,DOGE,BCH,LTC,XLM,ETC,LINK,UNI,AAVE,INJ,FIL,VET,FET,GRT,THETA,XTZ,SAND,CHZ,DASH,HBAR","TON,SUI,ICP,MKR,RENDER,RNDR,ARB,OP,MATIC,POL,APT,SEI,EOS,MANA","CHZ,DASH,HBAR",1440,72,0.8,336,2.5,0.25,10.0,8760.0,7.6400476780122,0.4469220978588102,0.4236423409455046,1.0549514405508873,-0.29651328934329957,0.0048501916607994995,240,174.68965517241378,0.49758191867350965
crypto,ETH,priority_with_coverage_fallback,30,30,"BTC,SOL,XRP,BNB,TRX,ADA,AVAX,DOT,NEAR,ATOM,ALGO,DOGE,BCH,LTC,XLM,ETC,LINK,UNI,AAVE,INJ,FIL,VET,FET,GRT,THETA,XTZ,SAND,CHZ,DASH,HBAR","TON,SUI,ICP,MKR,RENDER,RNDR,ARB,OP,MATIC,POL,APT,SEI,EOS,MANA","CHZ,DASH,HBAR",1440,72,0.8,336,2.5,0.5,10.0,8760.0,4.767445342909192,0.3501209296129377,0.39256975347279566,0.8918693468247559,-0.318378665486704,0.005006649456309161,253,135.672,0.5000884486113568
crypto,ETH,priority_with_coverage_fallback,30,30,"BTC,SOL,XRP,BNB,TRX,ADA,AVAX,DOT,NEAR,ATOM,ALGO,DOGE,BCH,LTC,XLM,ETC,LINK,UNI,AAVE,INJ,FIL,VET,FET,GRT,THETA,XTZ,SAND,CHZ,DASH,HBAR","TON,SUI,ICP,MKR,RENDER,RNDR,ARB,OP,MATIC,POL,APT,SEI,EOS,MANA","CHZ,DASH,HBAR",1440,72,0.8,336,2.5,0.75,10.0,8760.0,3.495913581478294,0.2937239306953472,0.3582293449792579,0.8199326348106806,-0.3224686580431567,0.005280450598451068,268,109.34586466165413,0.5007907584404868
crypto,ETH,priority_with_coverage_fallback,30,30,"BTC,SOL,XRP,BNB,TRX,ADA,AVAX,DOT,NEAR,ATOM,ALGO,DOGE,BCH,LTC,XLM,ETC,LINK,UNI,AAVE,INJ,FIL,VET,FET,GRT,THETA,XTZ,SAND,CHZ,DASH,HBAR","TON,SUI,ICP,MKR,RENDER,RNDR,ARB,OP,MATIC,POL,APT,SEI,EOS,MANA","CHZ,DASH,HBAR",1440,72,0.8,336,2.5,1.0,10.0,8760.0,2.3730443359449915,0.2315765657781257,0.3185256082076452,0.7270265241190973,-0.28713757470798174,0.005671595087225221,288,85.06293706293707,0.5007398881946729
crypto,ETH,priority_with_coverage_fallback,30,30,"BTC,SOL,XRP,BNB,TRX,ADA,AVAX,DOT,NEAR,ATOM,ALGO,DOGE,BCH,LTC,XLM,ETC,LINK,UNI,AAVE,INJ,FIL,VET,FET,GRT,THETA,XTZ,SAND,CHZ,DASH,HBAR","TON,SUI,ICP,MKR,RENDER,RNDR,ARB,OP,MATIC,POL,APT,SEI,EOS,MANA","CHZ,DASH,HBAR",1440,72,0.8,336,3.0,0.0,10.0,8760.0,116.98868450145842,1.2643854460668367,0.5684782886926192,2.2241578459832794,-0.4868863980267407,0.0018970507705546428,49,50260.0,0.5026462395543175
crypto,ETH,priority_with_coverage_fallback,30,30,"BTC,SOL,XRP,BNB,TRX,ADA,AVAX,DOT,NEAR,ATOM,ALGO,DOGE,BCH,LTC,XLM,ETC,LINK,UNI,AAVE,INJ,FIL,VET,FET,GRT,THETA,XTZ,SAND,CHZ,DASH,HBAR","TON,SUI,ICP,MKR,RENDER,RNDR,ARB,OP,MATIC,POL,APT,SEI,EOS,MANA","CHZ,DASH,HBAR",1440,72,0.8,336,3.0,0.25,10.0,8760.0,10.058781243170095,0.5094171193485941,0.359773013382366,1.4159403301525195,-0.26748507040882896,0.003324728154580302,166,171.4320987654321,0.5034567189975515
crypto,ETH,priority_with_coverage_fallback,30,30,"BTC,SOL,XRP,BNB,TRX,ADA,AVAX,DOT,NEAR,ATOM,ALGO,DOGE,BCH,LTC,XLM,ETC,LINK,UNI,AAVE,INJ,FIL,VET,FET,GRT,THETA,XTZ,SAND,CHZ,DASH,HBAR","TON,SUI,ICP,MKR,RENDER,RNDR,ARB,OP,MATIC,POL,APT,SEI,EOS,MANA","CHZ,DASH,HBAR",1440,72,0.8,336,3.0,0.5,10.0,8760.0,6.143663866669273,0.40053783583394975,0.33411185226967716,1.1988136102117595,-0.23279031108852466,0.0034029570523351326,172,131.23529411764707,0.5070372030479605
crypto,ETH,priority_with_coverage_fallback,30,30,"BTC,SOL,XRP,BNB,TRX,ADA,AVAX,DOT,NEAR,ATOM,ALGO,DOGE,BCH,LTC,XLM,ETC,LINK,UNI,AAVE,INJ,FIL,VET,FET,GRT,THETA,XTZ,SAND,CHZ,DASH,HBAR","TON,SUI,ICP,MKR,RENDER,RNDR,ARB,OP,MATIC,POL,APT,SEI,EOS,MANA","CHZ,DASH,HBAR",1440,72,0.8,336,3.0,0.75,10.0,8760.0,3.969675063535308,0.3161209656427937,0.3010815662845083,1.049951245916111,-0.23783281965372438,0.0034811859500899632,177,107.52272727272727,0.5067638976960473
crypto,ETH,priority_with_coverage_fallback,30,30,"BTC,SOL,XRP,BNB,TRX,ADA,AVAX,DOT,NEAR,ATOM,ALGO,DOGE,BCH,LTC,XLM,ETC,LINK,UNI,AAVE,INJ,FIL,VET,FET,GRT,THETA,XTZ,SAND,CHZ,DASH,HBAR","TON,SUI,ICP,MKR,RENDER,RNDR,ARB,OP,MATIC,POL,APT,SEI,EOS,MANA","CHZ,DASH,HBAR",1440,72,0.8,336,3.0,1.0,10.0,8760.0,3.20365903291606,0.2789119998359737,0.2695100143612819,1.0348854772501637,-0.23048304178914292,0.0035203003989673787,179,86.20224719101124,0.5066475495307612
crypto,ETH,priority_with_coverage_fallback,30,30,"BTC,SOL,XRP,BNB,TRX,ADA,AVAX,DOT,NEAR,ATOM,ALGO,DOGE,BCH,LTC,XLM,ETC,LINK,UNI,AAVE,INJ,FIL,VET,FET,GRT,THETA,XTZ,SAND,CHZ,DASH,HBAR","TON,SUI,ICP,MKR,RENDER,RNDR,ARB,OP,MATIC,POL,APT,SEI,EOS,MANA","CHZ,DASH,HBAR",1440,168,0.8,336,1.0,0.0,10.0,8760.0,5.7895517304124064,0.38839195130955395,0.6322148183102835,0.6143354126807825,-0.5042385356243845,0.006825471329108973,175,50701.0,0.49701189325654327
crypto,ETH,priority_with_coverage_fallback,30,30,"BTC,SOL,XRP,BNB,TRX,ADA,AVAX,DOT,NEAR,ATOM,ALGO,DOGE,BCH,LTC,XLM,ETC,LINK,UNI,AAVE,INJ,FIL,VET,FET,GRT,THETA,XTZ,SAND,CHZ,DASH,HBAR","TON,SUI,ICP,MKR,RENDER,RNDR,ARB,OP,MATIC,POL,APT,SEI,EOS,MANA","CHZ,DASH,HBAR",1440,168,0.8,336,1.0,0.25,10.0,8760.0,1.918845299858786,0.201435776139534,0.5647693557581057,0.3566690970141982,-0.6206845365689735,0.011851678009856842,575,136.90073529411765,0.4956360609071622
crypto,ETH,priority_with_coverage_fallback,30,30,"BTC,SOL,XRP,BNB,TRX,ADA,AVAX,DOT,NEAR,ATOM,ALGO,DOGE,BCH,LTC,XLM,ETC,LINK,UNI,AAVE,INJ,FIL,VET,FET,GRT,THETA,XTZ,SAND,CHZ,DASH,HBAR","TON,SUI,ICP,MKR,RENDER,RNDR,ARB,OP,MATIC,POL,APT,SEI,EOS,MANA","CHZ,DASH,HBAR",1440,168,0.8,336,1.0,0.5,10.0,8760.0,0.900147516733333,0.11625187639811685,0.5493784635617391,0.2116061769957833,-0.6400074848196001,0.014433231635766252,717,96.05459770114942,0.4950489125557184
crypto,ETH,priority_with_coverage_fallback,30,30,"BTC,SOL,XRP,BNB,TRX,ADA,AVAX,DOT,NEAR,ATOM,ALGO,DOGE,BCH,LTC,XLM,ETC,LINK,UNI,AAVE,INJ,FIL,VET,FET,GRT,THETA,XTZ,SAND,CHZ,DASH,HBAR","TON,SUI,ICP,MKR,RENDER,RNDR,ARB,OP,MATIC,POL,APT,SEI,EOS,MANA","CHZ,DASH,HBAR",1440,168,0.8,336,1.0,0.75,10.0,8760.0,0.30107898900389785,0.046122759286809645,0.5352369111520987,0.08617260567386935,-0.6562002898096198,0.02080888680278495,1049,58.41586073500967,0.49438760305950136
crypto,ETH,priority_with_coverage_fallback,30,30,"BTC,SOL,XRP,BNB,TRX,ADA,AVAX,DOT,NEAR,ATOM,ALGO,DOGE,BCH,LTC,XLM,ETC,LINK,UNI,AAVE,INJ,FIL,VET,FET,GRT,THETA,XTZ,SAND,CHZ,DASH,HBAR","TON,SUI,ICP,MKR,RENDER,RNDR,ARB,OP,MATIC,POL,APT,SEI,EOS,MANA","CHZ,DASH,HBAR",1440,168,0.8,336,1.5,0.0,10.0,8760.0,4.010386965664115,0.31796187008576093,0.6315588478258344,0.5034556497472198,-0.46482889865742827,0.005026206680747868,129,50457.0,0.4982856689854728
crypto,ETH,priority_with_coverage_fallback,30,30,"BTC,SOL,XRP,BNB,TRX,ADA,AVAX,DOT,NEAR,ATOM,ALGO,DOGE,BCH,LTC,XLM,ETC,LINK,UNI,AAVE,INJ,FIL,VET,FET,GRT,THETA,XTZ,SAND,CHZ,DASH,HBAR","TON,SUI,ICP,MKR,RENDER,RNDR,ARB,OP,MATIC,POL,APT,SEI,EOS,MANA","CHZ,DASH,HBAR",1440,168,0.8,336,1.5,0.25,10.0,8760.0,3.386317865524588,0.2882656144775655,0.5432883906349516,0.5305940996469001,-0.517193234794268,0.008839865446295862,433,160.9903381642512,0.4980945236309077
crypto,ETH,priority_with_coverage_fallback,30,30,"BTC,SOL,XRP,BNB,TRX,ADA,AVAX,DOT,NEAR,ATOM,ALGO,DOGE,BCH,LTC,XLM,ETC,LINK,UNI,AAVE,INJ,FIL,VET,FET,GRT,THETA,XTZ,SAND,CHZ,DASH,HBAR","TON,SUI,ICP,MKR,RENDER,RNDR,ARB,OP,MATIC,POL,APT,SEI,EOS,MANA","CHZ,DASH,HBAR",1440,168,0.8,336,1.5,0.5,10.0,8760.0,1.736392687922757,0.18822304042177906,0.5279510127208161,0.356516108287707,-0.576767505806427,0.009739497770476413,487,122.3109243697479,0.49673651666094126
crypto,ETH,priority_with_coverage_fallback,30,30,"BTC,SOL,XRP,BNB,TRX,ADA,AVAX,DOT,NEAR,ATOM,ALGO,DOGE,BCH,LTC,XLM,ETC,LINK,UNI,AAVE,INJ,FIL,VET,FET,GRT,THETA,XTZ,SAND,CHZ,DASH,HBAR","TON,SUI,ICP,MKR,RENDER,RNDR,ARB,OP,MATIC,POL,APT,SEI,EOS,MANA","CHZ,DASH,HBAR",1440,168,0.8,336,1.5,0.75,10.0,8760.0,0.9132677959787256,0.11756858667910741,0.5072558371107238,0.23177374823080557,-0.6037789825043696,0.011264961276695611,569,90.59074733096085,0.4944610307982401
crypto,ETH,priority_with_coverage_fallback,30,30,"BTC,SOL,XRP,BNB,TRX,ADA,AVAX,DOT,NEAR,ATOM,ALGO,DOGE,BCH,LTC,XLM,ETC,LINK,UNI,AAVE,INJ,FIL,VET,FET,GRT,THETA,XTZ,SAND,CHZ,DASH,HBAR","TON,SUI,ICP,MKR,RENDER,RNDR,ARB,OP,MATIC,POL,APT,SEI,EOS,MANA","CHZ,DASH,HBAR",1440,168,0.8,336,1.5,1.0,10.0,8760.0,-0.18403379753539684,-0.034243671618709226,0.4781222196703569,-0.07162116757995195,-0.6690478964801652,0.013298912618321208,677,66.71810089020771,0.49163849848781355
crypto,ETH,priority_with_coverage_fallback,30,30,"BTC,SOL,XRP,BNB,TRX,ADA,AVAX,DOT,NEAR,ATOM,ALGO,DOGE,BCH,LTC,XLM,ETC,LINK,UNI,AAVE,INJ,FIL,VET,FET,GRT,THETA,XTZ,SAND,CHZ,DASH,HBAR","TON,SUI,ICP,MKR,RENDER,RNDR,ARB,OP,MATIC,POL,APT,SEI,EOS,MANA","CHZ,DASH,HBAR",1440,168,0.8,336,2.0,0.0,10.0,8760.0,13.660779484886225,0.5841179954692455,0.6315019075044803,0.9249663200187583,-0.4134234383784574,0.00400923100993507,103,50449.0,0.4970762552280521
crypto,ETH,priority_with_coverage_fallback,30,30,"BTC,SOL,XRP,BNB,TRX,ADA,AVAX,DOT,NEAR,ATOM,ALGO,DOGE,BCH,LTC,XLM,ETC,LINK,UNI,AAVE,INJ,FIL,VET,FET,GRT,THETA,XTZ,SAND,CHZ,DASH,HBAR","TON,SUI,ICP,MKR,RENDER,RNDR,ARB,OP,MATIC,POL,APT,SEI,EOS,MANA","CHZ,DASH,HBAR",1440,168,0.8,336,2.0,0.25,10.0,8760.0,5.681917469189425,0.3845961464845171,0.5242593282311143,0.7335990525570045,-0.4972905616752039,0.006688570758038019,330,175.03773584905662,0.49911968668032053
crypto,ETH,priority_with_coverage_fallback,30,30,"BTC,SOL,XRP,BNB,TRX,ADA,AVAX,DOT,NEAR,ATOM,ALGO,DOGE,BCH,LTC,XLM,ETC,LINK,UNI,AAVE,INJ,FIL,VET,FET,GRT,THETA,XTZ,SAND,CHZ,DASH,HBAR","TON,SUI,ICP,MKR,RENDER,RNDR,ARB,OP,MATIC,POL,APT,SEI,EOS,MANA","CHZ,DASH,HBAR",1440,168,0.8,336,2.0,0.5,10.0,8760.0,2.7223288843974776,0.2525432064449782,0.5040780870079855,0.5010001683349855,-0.5077866467797533,0.0070406007979347575,352,137.66860465116278,0.4984585497698383
crypto,ETH,priority_with_coverage_fallback,30,30,"BTC,SOL,XRP,BNB,TRX,ADA,AVAX,DOT,NEAR,ATOM,ALGO,DOGE,BCH,LTC,XLM,ETC,LINK,UNI,AAVE,INJ,FIL,VET,FET,GRT,THETA,XTZ,SAND,CHZ,DASH,HBAR","TON,SUI,ICP,MKR,RENDER,RNDR,ARB,OP,MATIC,POL,APT,SEI,EOS,MANA","CHZ,DASH,HBAR",1440,168,0.8,336,2.0,0.75,10.0,8760.0,2.042637432106043,0.21001581447853424,0.4830538159392474,0.43476690908689036,-0.505431644883565,0.007588203082218571,383,107.60846560846561,0.49680401219392273
crypto,ETH,priority_with_coverage_fallback,30,30,"BTC,SOL,XRP,BNB,TRX,ADA,AVAX,DOT,NEAR,ATOM,ALGO,DOGE,BCH,LTC,XLM,ETC,LINK,UNI,AAVE,INJ,FIL,VET,FET,GRT,THETA,XTZ,SAND,CHZ,DASH,HBAR","TON,SUI,ICP,MKR,RENDER,RNDR,ARB,OP,MATIC,POL,APT,SEI,EOS,MANA","CHZ,DASH,HBAR",1440,168,0.8,336,2.0,1.0,10.0,8760.0,0.35954427957465307,0.05403036266857497,0.4521528148609155,0.1194958007398339,-0.4648523289653791,0.008096690917624971,411,87.90196078431373,0.49347535132723624
crypto,ETH,priority_with_coverage_fallback,30,30,"BTC,SOL,XRP,BNB,TRX,ADA,AVAX,DOT,NEAR,ATOM,ALGO,DOGE,BCH,LTC,XLM,ETC,LINK,UNI,AAVE,INJ,FIL,VET,FET,GRT,THETA,XTZ,SAND,CHZ,DASH,HBAR","TON,SUI,ICP,MKR,RENDER,RNDR,ARB,OP,MATIC,POL,APT,SEI,EOS,MANA","CHZ,DASH,HBAR",1440,168,0.8,336,2.5,0.0,10.0,8760.0,40.49026611838305,0.8931656995040054,0.6311709547891594,1.4150931577679529,-0.38207008282866517,0.0028357975436126104,73,50263.0,0.4986769591946362
crypto,ETH,priority_with_coverage_fallback,30,30,"BTC,SOL,XRP,BNB,TRX,ADA,AVAX,DOT,NEAR,ATOM,ALGO,DOGE,BCH,LTC,XLM,ETC,LINK,UNI,AAVE,INJ,FIL,VET,FET,GRT,THETA,XTZ,SAND,CHZ,DASH,HBAR","TON,SUI,ICP,MKR,RENDER,RNDR,ARB,OP,MATIC,POL,APT,SEI,EOS,MANA","CHZ,DASH,HBAR",1440,168,0.8,336,2.5,0.25,10.0,8760.0,16.783320553520984,0.6373963210581504,0.4995322475536233,1.2759863335744461,-0.34981845783956733,0.005006649456309161,247,186.35294117647058,0.4998647186147186
crypto,ETH,priority_with_coverage_fallback,30,30,"BTC,SOL,XRP,BNB,TRX,ADA,AVAX,DOT,NEAR,ATOM,ALGO,DOGE,BCH,LTC,XLM,ETC,LINK,UNI,AAVE,INJ,FIL,VET,FET,GRT,THETA,XTZ,SAND,CHZ,DASH,HBAR","TON,SUI,ICP,MKR,RENDER,RNDR,ARB,OP,MATIC,POL,APT,SEI,EOS,MANA","CHZ,DASH,HBAR",1440,168,0.8,336,2.5,0.5,10.0,8760.0,7.595919425234564,0.4456533421273783,0.4769784305623856,0.9343259853531045,-0.3761724049387638,0.005084878354063991,254,149.66129032258064,0.4982217911412868
crypto,ETH,priority_with_coverage_fallback,30,30,"BTC,SOL,XRP,BNB,TRX,ADA,AVAX,DOT,NEAR,ATOM,ALGO,DOGE,BCH,LTC,XLM,ETC,LINK,UNI,AAVE,INJ,FIL,VET,FET,GRT,THETA,XTZ,SAND,CHZ,DASH,HBAR","TON,SUI,ICP,MKR,RENDER,RNDR,ARB,OP,MATIC,POL,APT,SEI,EOS,MANA","CHZ,DASH,HBAR",1440,168,0.8,336,2.5,0.75,10.0,8760.0,6.323043764535594,0.4065011190892698,0.45468708406619646,0.8940238976088631,-0.3761724049387628,0.005280450598451068,265,120.25384615384615,0.49753726092240774
crypto,ETH,priority_with_coverage_fallback,30,30,"BTC,SOL,XRP,BNB,TRX,ADA,AVAX,DOT,NEAR,ATOM,ALGO,DOGE,BCH,LTC,XLM,ETC,LINK,UNI,AAVE,INJ,FIL,VET,FET,GRT,THETA,XTZ,SAND,CHZ,DASH,HBAR","TON,SUI,ICP,MKR,RENDER,RNDR,ARB,OP,MATIC,POL,APT,SEI,EOS,MANA","CHZ,DASH,HBAR",1440,168,0.8,336,2.5,1.0,10.0,8760.0,3.202700638443777,0.278862041284732,0.4206321316240205,0.6629594372832914,-0.3556263581428346,0.0055151372917155595,279,99.23913043478261,0.4947791164658635
crypto,ETH,priority_with_coverage_fallback,30,30,"BTC,SOL,XRP,BNB,TRX,ADA,AVAX,DOT,NEAR,ATOM,ALGO,DOGE,BCH,LTC,XLM,ETC,LINK,UNI,AAVE,INJ,FIL,VET,FET,GRT,THETA,XTZ,SAND,CHZ,DASH,HBAR","TON,SUI,ICP,MKR,RENDER,RNDR,ARB,OP,MATIC,POL,APT,SEI,EOS,MANA","CHZ,DASH,HBAR",1440,168,0.8,336,3.0,0.0,10.0,8760.0,25.225648002572004,0.7500804040311377,0.6310594377812551,1.1886050015642726,-0.6219888339262252,0.0018579363216772275,48,50260.0,0.5001591723040191
crypto,ETH,priority_with_coverage_fallback,30,30,"BTC,SOL,XRP,BNB,TRX,ADA,AVAX,DOT,NEAR,ATOM,ALGO,DOGE,BCH,LTC,XLM,ETC,LINK,UNI,AAVE,INJ,FIL,VET,FET,GRT,THETA,XTZ,SAND,CHZ,DASH,HBAR","TON,SUI,ICP,MKR,RENDER,RNDR,ARB,OP,MATIC,POL,APT,SEI,EOS,MANA","CHZ,DASH,HBAR",1440,168,0.8,336,3.0,0.25,10.0,8760.0,11.031190783027327,0.5313690344454642,0.4096822645230379,1.2970271853581385,-0.2779548101032905,0.0032464992568254714,162,191.32911392405063,0.501290109163083
crypto,ETH,priority_with_coverage_fallback,30,30,"BTC,SOL,XRP,BNB,TRX,ADA,AVAX,DOT,NEAR,ATOM,ALGO,DOGE,BCH,LTC,XLM,ETC,LINK,UNI,AAVE,INJ,FIL,VET,FET,GRT,THETA,XTZ,SAND,CHZ,DASH,HBAR","TON,SUI,ICP,MKR,RENDER,RNDR,ARB,OP,MATIC,POL,APT,SEI,EOS,MANA","CHZ,DASH,HBAR",1440,168,0.8,336,3.0,0.5,10.0,8760.0,4.285092816683545,0.3300694076484523,0.38529491571057,0.8566669171840237,-0.30680285960681963,0.0032464992568254714,163,151.2,0.49875992063492064
crypto,ETH,priority_with_coverage_fallback,30,30,"BTC,SOL,XRP,BNB,TRX,ADA,AVAX,DOT,NEAR,ATOM,ALGO,DOGE,BCH,LTC,XLM,ETC,LINK,UNI,AAVE,INJ,FIL,VET,FET,GRT,THETA,XTZ,SAND,CHZ,DASH,HBAR","TON,SUI,ICP,MKR,RENDER,RNDR,ARB,OP,MATIC,POL,APT,SEI,EOS,MANA","CHZ,DASH,HBAR",1440,168,0.8,336,3.0,0.75,10.0,8760.0,3.568999082307789,0.2973029165038028,0.3559906000769671,0.835142603314594,-0.30044465853368996,0.003324728154580302,167,121.13414634146342,0.4989429175475687
crypto,ETH,priority_with_coverage_fallback,30,30,"BTC,SOL,XRP,BNB,TRX,ADA,AVAX,DOT,NEAR,ATOM,ALGO,DOGE,BCH,LTC,XLM,ETC,LINK,UNI,AAVE,INJ,FIL,VET,FET,GRT,THETA,XTZ,SAND,CHZ,DASH,HBAR","TON,SUI,ICP,MKR,RENDER,RNDR,ARB,OP,MATIC,POL,APT,SEI,EOS,MANA","CHZ,DASH,HBAR",1440,168,0.8,336,3.0,1.0,10.0,8760.0,1.0548846409986692,0.13132438332215957,0.3189897472132547,0.4116884146573058,-0.3010856951808666,0.003363842603457717,171,104.25882352941177,0.4968404423380727
crypto,ETH,priority_with_coverage_fallback,30,30,"BTC,SOL,XRP,BNB,TRX,ADA,AVAX,DOT,NEAR,ATOM,ALGO,DOGE,BCH,LTC,XLM,ETC,LINK,UNI,AAVE,INJ,FIL,VET,FET,GRT,THETA,XTZ,SAND,CHZ,DASH,HBAR","TON,SUI,ICP,MKR,RENDER,RNDR,ARB,OP,MATIC,POL,APT,SEI,EOS,MANA","CHZ,DASH,HBAR",1440,336,0.8,336,1.0,0.0,10.0,8760.0,0.8190596994503856,0.10794273495438045,0.6925608493789114,0.15586029018415276,-0.6595211709893372,0.006590784635844481,169,50663.0,0.4976610149418708
crypto,ETH,priority_with_coverage_fallback,30,30,"BTC,SOL,XRP,BNB,TRX,ADA,AVAX,DOT,NEAR,ATOM,ALGO,DOGE,BCH,LTC,XLM,ETC,LINK,UNI,AAVE,INJ,FIL,VET,FET,GRT,THETA,XTZ,SAND,CHZ,DASH,HBAR","TON,SUI,ICP,MKR,RENDER,RNDR,ARB,OP,MATIC,POL,APT,SEI,EOS,MANA","CHZ,DASH,HBAR",1440,336,0.8,336,1.0,0.25,10.0,8760.0,0.8103967458928882,0.10703698925929661,0.6317740238562412,0.16942290315445552,-0.7437341002910025,0.011577876867714934,552,151.97265625,0.49818789358694254
crypto,ETH,priority_with_coverage_fallback,30,30,"BTC,SOL,XRP,BNB,TRX,ADA,AVAX,DOT,NEAR,ATOM,ALGO,DOGE,BCH,LTC,XLM,ETC,LINK,UNI,AAVE,INJ,FIL,VET,FET,GRT,THETA,XTZ,SAND,CHZ,DASH,HBAR","TON,SUI,ICP,MKR,RENDER,RNDR,ARB,OP,MATIC,POL,APT,SEI,EOS,MANA","CHZ,DASH,HBAR",1440,336,0.8,336,1.0,0.5,10.0,8760.0,0.9454792819836553,0.12076977558198165,0.6093508143799415,0.19819416456327152,-0.6829499910835759,0.014980833920050066,734,99.72079772079772,0.499000057139592
crypto,ETH,priority_with_coverage_fallback,30,30,"BTC,SOL,XRP,BNB,TRX,ADA,AVAX,DOT,NEAR,ATOM,ALGO,DOGE,BCH,LTC,XLM,ETC,LINK,UNI,AAVE,INJ,FIL,VET,FET,GRT,THETA,XTZ,SAND,CHZ,DASH,HBAR","TON,SUI,ICP,MKR,RENDER,RNDR,ARB,OP,MATIC,POL,APT,SEI,EOS,MANA","CHZ,DASH,HBAR",1440,336,0.8,336,1.0,0.75,10.0,8760.0,0.5368439970752699,0.0763999150197785,0.5865154675637435,0.13026069941024226,-0.6620275460058463,0.022217006962371902,1113,56.58165137614679,0.49995135713590816
crypto,ETH,priority_with_coverage_fallback,30,30,"BTC,SOL,XRP,BNB,TRX,ADA,AVAX,DOT,NEAR,ATOM,ALGO,DOGE,BCH,LTC,XLM,ETC,LINK,UNI,AAVE,INJ,FIL,VET,FET,GRT,THETA,XTZ,SAND,CHZ,DASH,HBAR","TON,SUI,ICP,MKR,RENDER,RNDR,ARB,OP,MATIC,POL,APT,SEI,EOS,MANA","CHZ,DASH,HBAR",1440,336,0.8,336,1.5,0.0,10.0,8760.0,10.9017876307825,0.5285345682258513,0.6919823496860452,0.7637977593874313,-0.4741056628357204,0.005495580067276852,141,50509.0,0.49949513948009266
crypto,ETH,priority_with_coverage_fallback,30,30,"BTC,SOL,XRP,BNB,TRX,ADA,AVAX,DOT,NEAR,ATOM,ALGO,DOGE,BCH,LTC,XLM,ETC,LINK,UNI,AAVE,INJ,FIL,VET,FET,GRT,THETA,XTZ,SAND,CHZ,DASH,HBAR","TON,SUI,ICP,MKR,RENDER,RNDR,ARB,OP,MATIC,POL,APT,SEI,EOS,MANA","CHZ,DASH,HBAR",1440,336,0.8,336,1.5,0.25,10.0,8760.0,1.3534159886302706,0.15792358332452472,0.5967640089405413,0.26463322344940454,-0.5618946044292807,0.008292263162012047,395,187.24043715846994,0.49762147964395154
crypto,ETH,priority_with_coverage_fallback,30,30,"BTC,SOL,XRP,BNB,TRX,ADA,AVAX,DOT,NEAR,ATOM,ALGO,DOGE,BCH,LTC,XLM,ETC,LINK,UNI,AAVE,INJ,FIL,VET,FET,GRT,THETA,XTZ,SAND,CHZ,DASH,HBAR","TON,SUI,ICP,MKR,RENDER,RNDR,ARB,OP,MATIC,POL,APT,SEI,EOS,MANA","CHZ,DASH,HBAR",1440,336,0.8,336,1.5,0.5,10.0,8760.0,0.8945520472768853,0.11568803979923237,0.5604683162136757,0.2064131663691171,-0.5301956222780926,0.009504811077211923,466,134.33632286995515,0.4987482057615916
crypto,ETH,priority_with_coverage_fallback,30,30,"BTC,SOL,XRP,BNB,TRX,ADA,AVAX,DOT,NEAR,ATOM,ALGO,DOGE,BCH,LTC,XLM,ETC,LINK,UNI,AAVE,INJ,FIL,VET,FET,GRT,THETA,XTZ,SAND,CHZ,DASH,HBAR","TON,SUI,ICP,MKR,RENDER,RNDR,ARB,OP,MATIC,POL,APT,SEI,EOS,MANA","CHZ,DASH,HBAR",1440,336,0.8,336,1.5,0.75,10.0,8760.0,0.5096071908263473,0.07310743271484155,0.5330559666400507,0.13714776175501997,-0.5235614394047237,0.010912931236798873,544,97.25283018867924,0.49856433338506906
crypto,ETH,priority_with_coverage_fallback,30,30,"BTC,SOL,XRP,BNB,TRX,ADA,AVAX,DOT,NEAR,ATOM,ALGO,DOGE,BCH,LTC,XLM,ETC,LINK,UNI,AAVE,INJ,FIL,VET,FET,GRT,THETA,XTZ,SAND,CHZ,DASH,HBAR","TON,SUI,ICP,MKR,RENDER,RNDR,ARB,OP,MATIC,POL,APT,SEI,EOS,MANA","CHZ,DASH,HBAR",1440,336,0.8,336,1.5,1.0,10.0,8760.0,-0.24566286152275474,-0.047150386207563066,0.5128794665629746,-0.09193268454192179,-0.65157152925491,0.013298912618321208,669,69.30091185410335,0.49741228070175436
crypto,ETH,priority_with_coverage_fallback,30,30,"BTC,SOL,XRP,BNB,TRX,ADA,AVAX,DOT,NEAR,ATOM,ALGO,DOGE,BCH,LTC,XLM,ETC,LINK,UNI,AAVE,INJ,FIL,VET,FET,GRT,THETA,XTZ,SAND,CHZ,DASH,HBAR","TON,SUI,ICP,MKR,RENDER,RNDR,ARB,OP,MATIC,POL,APT,SEI,EOS,MANA","CHZ,DASH,HBAR",1440,336,0.8,336,2.0,0.0,10.0,8760.0,27.67359868614259,0.7770421350652104,0.6916132304218933,1.1235212122694709,-0.46170996192807956,0.004283032152076977,110,50266.0,0.5010543906417857
crypto,ETH,priority_with_coverage_fallback,30,30,"BTC,SOL,XRP,BNB,TRX,ADA,AVAX,DOT,NEAR,ATOM,ALGO,DOGE,BCH,LTC,XLM,ETC,LINK,UNI,AAVE,INJ,FIL,VET,FET,GRT,THETA,XTZ,SAND,CHZ,DASH,HBAR","TON,SUI,ICP,MKR,RENDER,RNDR,ARB,OP,MATIC,POL,APT,SEI,EOS,MANA","CHZ,DASH,HBAR",1440,336,0.8,336,2.0,0.25,10.0,8760.0,3.65235133110692,0.3013272139447454,0.5798544817174485,0.5196600585930732,-0.492828987363527,0.00676679965579285,325,202.7565789473684,0.49952951101593174
crypto,ETH,priority_with_coverage_fallback,30,30,"BTC,SOL,XRP,BNB,TRX,ADA,AVAX,DOT,NEAR,ATOM,ALGO,DOGE,BCH,LTC,XLM,ETC,LINK,UNI,AAVE,INJ,FIL,VET,FET,GRT,THETA,XTZ,SAND,CHZ,DASH,HBAR","TON,SUI,ICP,MKR,RENDER,RNDR,ARB,OP,MATIC,POL,APT,SEI,EOS,MANA","CHZ,DASH,HBAR",1440,336,0.8,336,2.0,0.5,10.0,8760.0,2.6526922504217105,0.2484972698201593,0.5378392849247732,0.46202885654757675,-0.44874345997096166,0.007236173042321834,355,157.9470588235294,0.5005400171315779
crypto,ETH,priority_with_coverage_fallback,30,30,"BTC,SOL,XRP,BNB,TRX,ADA,AVAX,DOT,NEAR,ATOM,ALGO,DOGE,BCH,LTC,XLM,ETC,LINK,UNI,AAVE,INJ,FIL,VET,FET,GRT,THETA,XTZ,SAND,CHZ,DASH,HBAR","TON,SUI,ICP,MKR,RENDER,RNDR,ARB,OP,MATIC,POL,APT,SEI,EOS,MANA","CHZ,DASH,HBAR",1440,336,0.8,336,2.0,0.75,10.0,8760.0,1.03234522182815,0.12918870282279626,0.5029648962999219,0.25685431284206367,-0.526913290973362,0.0077446608777282325,387,117.70370370370371,0.5010338937337049
crypto,ETH,priority_with_coverage_fallback,30,30,"BTC,SOL,XRP,BNB,TRX,ADA,AVAX,DOT,NEAR,ATOM,ALGO,DOGE,BCH,LTC,XLM,ETC,LINK,UNI,AAVE,INJ,FIL,VET,FET,GRT,THETA,XTZ,SAND,CHZ,DASH,HBAR","TON,SUI,ICP,MKR,RENDER,RNDR,ARB,OP,MATIC,POL,APT,SEI,EOS,MANA","CHZ,DASH,HBAR",1440,336,0.8,336,2.0,1.0,10.0,8760.0,0.5982651686019813,0.0836508607743458,0.482873335592231,0.17323561813938287,-0.6078495550649164,0.0086834076507862,436,88.3785046728972,0.49960344736424683
crypto,ETH,priority_with_coverage_fallback,30,30,"BTC,SOL,XRP,BNB,TRX,ADA,AVAX,DOT,NEAR,ATOM,ALGO,DOGE,BCH,LTC,XLM,ETC,LINK,UNI,AAVE,INJ,FIL,VET,FET,GRT,THETA,XTZ,SAND,CHZ,DASH,HBAR","TON,SUI,ICP,MKR,RENDER,RNDR,ARB,OP,MATIC,POL,APT,SEI,EOS,MANA","CHZ,DASH,HBAR",1440,336,0.8,336,2.5,0.0,10.0,8760.0,10.99350100300767,0.5305460898497261,0.6915614445163715,0.7671712962840952,-0.44458969439251106,0.003070484236877102,79,50266.0,0.49946285759758086
crypto,ETH,priority_with_coverage_fallback,30,30,"BTC,SOL,XRP,BNB,TRX,ADA,AVAX,DOT,NEAR,ATOM,ALGO,DOGE,BCH,LTC,XLM,ETC,LINK,UNI,AAVE,INJ,FIL,VET,FET,GRT,THETA,XTZ,SAND,CHZ,DASH,HBAR","TON,SUI,ICP,MKR,RENDER,RNDR,ARB,OP,MATIC,POL,APT,SEI,EOS,MANA","CHZ,DASH,HBAR",1440,336,0.8,336,2.5,0.25,10.0,8760.0,2.628606093047575,0.24708296476310831,0.5506073190193012,0.44874624115638934,-0.4594877840483619,0.004967535007431746,238,230.51351351351352,0.4989252354711377
crypto,ETH,priority_with_coverage_fallback,30,30,"BTC,SOL,XRP,BNB,TRX,ADA,AVAX,DOT,NEAR,ATOM,ALGO,DOGE,BCH,LTC,XLM,ETC,LINK,UNI,AAVE,INJ,FIL,VET,FET,GRT,THETA,XTZ,SAND,CHZ,DASH,HBAR","TON,SUI,ICP,MKR,RENDER,RNDR,ARB,OP,MATIC,POL,APT,SEI,EOS,MANA","CHZ,DASH,HBAR",1440,336,0.8,336,2.5,0.5,10.0,8760.0,1.500287195370822,0.16999536416821326,0.5034067192870202,0.33768989895283746,-0.4719932361191562,0.005241336149573652,259,180.696,0.5005534156815867
crypto,ETH,priority_with_coverage_fallback,30,30,"BTC,SOL,XRP,BNB,TRX,ADA,AVAX,DOT,NEAR,ATOM,ALGO,DOGE,BCH,LTC,XLM,ETC,LINK,UNI,AAVE,INJ,FIL,VET,FET,GRT,THETA,XTZ,SAND,CHZ,DASH,HBAR","TON,SUI,ICP,MKR,RENDER,RNDR,ARB,OP,MATIC,POL,APT,SEI,EOS,MANA","CHZ,DASH,HBAR",1440,336,0.8,336,2.5,0.75,10.0,8760.0,0.09294119158589331,0.015342236425963662,0.4558995237396117,0.033652670439564714,-0.5796210891157367,0.0055151372917155595,279,131.83333333333334,0.5013466717968449
crypto,ETH,priority_with_coverage_fallback,30,30,"BTC,SOL,XRP,BNB,TRX,ADA,AVAX,DOT,NEAR,ATOM,ALGO,DOGE,BCH,LTC,XLM,ETC,LINK,UNI,AAVE,INJ,FIL,VET,FET,GRT,THETA,XTZ,SAND,CHZ,DASH,HBAR","TON,SUI,ICP,MKR,RENDER,RNDR,ARB,OP,MATIC,POL,APT,SEI,EOS,MANA","CHZ,DASH,HBAR",1440,336,0.8,336,2.5,1.0,10.0,8760.0,-0.24621486177429042,-0.04726987885710654,0.4350147048795604,-0.10866271490797957,-0.6663557850089303,0.005710709536102637,289,104.67132867132867,0.4995323356493854
crypto,ETH,priority_with_coverage_fallback,30,30,"BTC,SOL,XRP,BNB,TRX,ADA,AVAX,DOT,NEAR,ATOM,ALGO,DOGE,BCH,LTC,XLM,ETC,LINK,UNI,AAVE,INJ,FIL,VET,FET,GRT,THETA,XTZ,SAND,CHZ,DASH,HBAR","TON,SUI,ICP,MKR,RENDER,RNDR,ARB,OP,MATIC,POL,APT,SEI,EOS,MANA","CHZ,DASH,HBAR",1440,336,0.8,336,3.0,0.0,10.0,8760.0,9.098373430884893,0.4861055152801952,0.6915378028128277,0.7029341177054423,-0.5486332194347667,0.0019752796683094737,51,50263.0,0.4950759007619919
crypto,ETH,priority_with_coverage_fallback,30,30,"BTC,SOL,XRP,BNB,TRX,ADA,AVAX,DOT,NEAR,ATOM,ALGO,DOGE,BCH,LTC,XLM,ETC,LINK,UNI,AAVE,INJ,FIL,VET,FET,GRT,THETA,XTZ,SAND,CHZ,DASH,HBAR","TON,SUI,ICP,MKR,RENDER,RNDR,ARB,OP,MATIC,POL,APT,SEI,EOS,MANA","CHZ,DASH,HBAR",1440,336,0.8,336,3.0,0.25,10.0,8760.0,1.6480923689075695,0.18156453689632324,0.5138034847674404,0.3533735022807477,-0.4364876626780617,0.0032464992568254714,159,268.67105263157896,0.4926783877760909
crypto,ETH,priority_with_coverage_fallback,30,30,"BTC,SOL,XRP,BNB,TRX,ADA,AVAX,DOT,NEAR,ATOM,ALGO,DOGE,BCH,LTC,XLM,ETC,LINK,UNI,AAVE,INJ,FIL,VET,FET,GRT,THETA,XTZ,SAND,CHZ,DASH,HBAR","TON,SUI,ICP,MKR,RENDER,RNDR,ARB,OP,MATIC,POL,APT,SEI,EOS,MANA","CHZ,DASH,HBAR",1440,336,0.8,336,3.0,0.5,10.0,8760.0,1.0858692593144093,0.13422880846901686,0.46701110621240793,0.2874210199360149,-0.46387460686863036,0.0034029570523351326,170,212.34939759036143,0.496
crypto,ETH,priority_with_coverage_fallback,30,30,"BTC,SOL,XRP,BNB,TRX,ADA,AVAX,DOT,NEAR,ATOM,ALGO,DOGE,BCH,LTC,XLM,ETC,LINK,UNI,AAVE,INJ,FIL,VET,FET,GRT,THETA,XTZ,SAND,CHZ,DASH,HBAR","TON,SUI,ICP,MKR,RENDER,RNDR,ARB,OP,MATIC,POL,APT,SEI,EOS,MANA","CHZ,DASH,HBAR",1440,336,0.8,336,3.0,0.75,10.0,8760.0,0.31691509027808684,0.048293255477035,0.42645348179783804,0.11324390006957104,-0.5347179885152367,0.0035203003989673787,178,154.73863636363637,0.497319527061761
crypto,ETH,priority_with_coverage_fallback,30,30,"BTC,SOL,XRP,BNB,TRX,ADA,AVAX,DOT,NEAR,ATOM,ALGO,DOGE,BCH,LTC,XLM,ETC,LINK,UNI,AAVE,INJ,FIL,VET,FET,GRT,THETA,XTZ,SAND,CHZ,DASH,HBAR","TON,SUI,ICP,MKR,RENDER,RNDR,ARB,OP,MATIC,POL,APT,SEI,EOS,MANA","CHZ,DASH,HBAR",1440,336,0.8,336,3.0,1.0,10.0,8760.0,0.07513435034381155,0.01248882069194246,0.40571980931298945,0.030781885442295605,-0.5831843900168301,0.0036376437455996244,184,122.18681318681318,0.496447522259196
crypto,SOL,priority_with_coverage_fallback,30,30,"BTC,ETH,XRP,BNB,TRX,ADA,AVAX,DOT,NEAR,ATOM,ALGO,DOGE,BCH,LTC,XLM,ETC,LINK,UNI,AAVE,INJ,FIL,VET,FET,GRT,THETA,XTZ,SAND,CHZ,DASH,HBAR","TON,SUI,ICP,MKR,RENDER,RNDR,ARB,OP,MATIC,POL,APT,SEI,EOS,MANA","CHZ,DASH,HBAR",1440,24,0.8,336,1.0,0.0,10.0,8760.0,17.174226588742787,0.7196595162758999,1.1008092295255505,0.6537549804029837,-0.8071371283272366,0.008002560819462228,188,46524.0,0.5036755223110653
crypto,SOL,priority_with_coverage_fallback,30,30,"BTC,ETH,XRP,BNB,TRX,ADA,AVAX,DOT,NEAR,ATOM,ALGO,DOGE,BCH,LTC,XLM,ETC,LINK,UNI,AAVE,INJ,FIL,VET,FET,GRT,THETA,XTZ,SAND,CHZ,DASH,HBAR","TON,SUI,ICP,MKR,RENDER,RNDR,ARB,OP,MATIC,POL,APT,SEI,EOS,MANA","CHZ,DASH,HBAR",1440,24,0.8,336,1.0,0.25,10.0,8760.0,11.769980561753474,0.6098707306249427,0.9298489948682624,0.6558814753693926,-0.7719467978216765,0.01431924882629108,659,100.5679012345679,0.5040510680088387
crypto,SOL,priority_with_coverage_fallback,30,30,"BTC,ETH,XRP,BNB,TRX,ADA,AVAX,DOT,NEAR,ATOM,ALGO,DOGE,BCH,LTC,XLM,ETC,LINK,UNI,AAVE,INJ,FIL,VET,FET,GRT,THETA,XTZ,SAND,CHZ,DASH,HBAR","TON,SUI,ICP,MKR,RENDER,RNDR,ARB,OP,MATIC,POL,APT,SEI,EOS,MANA","CHZ,DASH,HBAR",1440,24,0.8,336,1.0,0.5,10.0,8760.0,24.905846190842237,0.8374703002165176,0.8956294047665125,0.9350634266355325,-0.6958420514656914,0.019184805804524113,890,66.29705215419501,0.5040872866573178
crypto,SOL,priority_with_coverage_fallback,30,30,"BTC,ETH,XRP,BNB,TRX,ADA,AVAX,DOT,NEAR,ATOM,ALGO,DOGE,BCH,LTC,XLM,ETC,LINK,UNI,AAVE,INJ,FIL,VET,FET,GRT,THETA,XTZ,SAND,CHZ,DASH,HBAR","TON,SUI,ICP,MKR,RENDER,RNDR,ARB,OP,MATIC,POL,APT,SEI,EOS,MANA","CHZ,DASH,HBAR",1440,24,0.8,336,1.0,0.75,10.0,8760.0,10.337173717626806,0.5744502366606095,0.8684005069590008,0.6615038015952363,-0.693796144865372,0.02635510029876227,1227,43.1983606557377,0.5035482524382376
crypto,SOL,priority_with_coverage_fallback,30,30,"BTC,ETH,XRP,BNB,TRX,ADA,AVAX,DOT,NEAR,ATOM,ALGO,DOGE,BCH,LTC,XLM,ETC,LINK,UNI,AAVE,INJ,FIL,VET,FET,GRT,THETA,XTZ,SAND,CHZ,DASH,HBAR","TON,SUI,ICP,MKR,RENDER,RNDR,ARB,OP,MATIC,POL,APT,SEI,EOS,MANA","CHZ,DASH,HBAR",1440,24,0.8,336,1.5,0.0,10.0,8760.0,383.5742058477439,2.0425360042792358,1.0914516426272995,1.8713939532515826,-0.6516354720624946,0.005953905249679897,140,46439.0,0.5069445939835052
crypto,SOL,priority_with_coverage_fallback,30,30,"BTC,ETH,XRP,BNB,TRX,ADA,AVAX,DOT,NEAR,ATOM,ALGO,DOGE,BCH,LTC,XLM,ETC,LINK,UNI,AAVE,INJ,FIL,VET,FET,GRT,THETA,XTZ,SAND,CHZ,DASH,HBAR","TON,SUI,ICP,MKR,RENDER,RNDR,ARB,OP,MATIC,POL,APT,SEI,EOS,MANA","CHZ,DASH,HBAR",1440,24,0.8,336,1.5,0.25,10.0,8760.0,23.88417168159382,0.8237009767983521,0.8520246004921914,0.9667572700630034,-0.7142706176336204,0.00998719590268886,462,124.13157894736842,0.5058299766800933
crypto,SOL,priority_with_coverage_fallback,30,30,"BTC,ETH,XRP,BNB,TRX,ADA,AVAX,DOT,NEAR,ATOM,ALGO,DOGE,BCH,LTC,XLM,ETC,LINK,UNI,AAVE,INJ,FIL,VET,FET,GRT,THETA,XTZ,SAND,CHZ,DASH,HBAR","TON,SUI,ICP,MKR,RENDER,RNDR,ARB,OP,MATIC,POL,APT,SEI,EOS,MANA","CHZ,DASH,HBAR",1440,24,0.8,336,1.5,0.5,10.0,8760.0,22.005038500501342,0.7971277108507582,0.8087066210639674,0.9856821869493593,-0.6979441914318416,0.011651728553137003,542,91.97397769516729,0.5057192514449699
crypto,SOL,priority_with_coverage_fallback,30,30,"BTC,ETH,XRP,BNB,TRX,ADA,AVAX,DOT,NEAR,ATOM,ALGO,DOGE,BCH,LTC,XLM,ETC,LINK,UNI,AAVE,INJ,FIL,VET,FET,GRT,THETA,XTZ,SAND,CHZ,DASH,HBAR","TON,SUI,ICP,MKR,RENDER,RNDR,ARB,OP,MATIC,POL,APT,SEI,EOS,MANA","CHZ,DASH,HBAR",1440,24,0.8,336,1.5,0.75,10.0,8760.0,12.898723979006784,0.6355639462200198,0.776346590073171,0.8186600602703975,-0.7153596849731334,0.013486982501067009,630,69.49363057324841,0.5054763759681041
crypto,SOL,priority_with_coverage_fallback,30,30,"BTC,ETH,XRP,BNB,TRX,ADA,AVAX,DOT,NEAR,ATOM,ALGO,DOGE,BCH,LTC,XLM,ETC,LINK,UNI,AAVE,INJ,FIL,VET,FET,GRT,THETA,XTZ,SAND,CHZ,DASH,HBAR","TON,SUI,ICP,MKR,RENDER,RNDR,ARB,OP,MATIC,POL,APT,SEI,EOS,MANA","CHZ,DASH,HBAR",1440,24,0.8,336,1.5,1.0,10.0,8760.0,3.748341818171066,0.3380509031672301,0.7275563442258002,0.4646387951258309,-0.6621296336487723,0.0166880068288519,781,47.738461538461536,0.5056934149747556
crypto,SOL,priority_with_coverage_fallback,30,30,"BTC,ETH,XRP,BNB,TRX,ADA,AVAX,DOT,NEAR,ATOM,ALGO,DOGE,BCH,LTC,XLM,ETC,LINK,UNI,AAVE,INJ,FIL,VET,FET,GRT,THETA,XTZ,SAND,CHZ,DASH,HBAR","TON,SUI,ICP,MKR,RENDER,RNDR,ARB,OP,MATIC,POL,APT,SEI,EOS,MANA","CHZ,DASH,HBAR",1440,24,0.8,336,2.0,0.0,10.0,8760.0,504.82584788453795,2.202472916855259,1.0884710191767846,2.023455726474922,-0.7716813463477967,0.00450277422108408,106,46354.0,0.5067523838287958
crypto,SOL,priority_with_coverage_fallback,30,30,"BTC,ETH,XRP,BNB,TRX,ADA,AVAX,DOT,NEAR,ATOM,ALGO,DOGE,BCH,LTC,XLM,ETC,LINK,UNI,AAVE,INJ,FIL,VET,FET,GRT,THETA,XTZ,SAND,CHZ,DASH,HBAR","TON,SUI,ICP,MKR,RENDER,RNDR,ARB,OP,MATIC,POL,APT,SEI,EOS,MANA","CHZ,DASH,HBAR",1440,24,0.8,336,2.0,0.25,10.0,8760.0,14.962203074339298,0.6784405308791597,0.7781867428072193,0.8718222677911003,-0.6181732152261827,0.0069995731967562955,326,139.12345679012347,0.5050137545478747
crypto,SOL,priority_with_coverage_fallback,30,30,"BTC,ETH,XRP,BNB,TRX,ADA,AVAX,DOT,NEAR,ATOM,ALGO,DOGE,BCH,LTC,XLM,ETC,LINK,UNI,AAVE,INJ,FIL,VET,FET,GRT,THETA,XTZ,SAND,CHZ,DASH,HBAR","TON,SUI,ICP,MKR,RENDER,RNDR,ARB,OP,MATIC,POL,APT,SEI,EOS,MANA","CHZ,DASH,HBAR",1440,24,0.8,336,2.0,0.5,10.0,8760.0,16.306184596632757,0.7039982131182403,0.7339912371088428,0.9591370816513509,-0.544691513250958,0.007597097737942808,354,109.375,0.5047792207792208
crypto,SOL,priority_with_coverage_fallback,30,30,"BTC,ETH,XRP,BNB,TRX,ADA,AVAX,DOT,NEAR,ATOM,ALGO,DOGE,BCH,LTC,XLM,ETC,LINK,UNI,AAVE,INJ,FIL,VET,FET,GRT,THETA,XTZ,SAND,CHZ,DASH,HBAR","TON,SUI,ICP,MKR,RENDER,RNDR,ARB,OP,MATIC,POL,APT,SEI,EOS,MANA","CHZ,DASH,HBAR",1440,24,0.8,336,2.0,0.75,10.0,8760.0,8.16774373566031,0.5131611163763197,0.7064131650815284,0.726431983069136,-0.5749971065755207,0.008237302603499787,384,87.34031413612566,0.5052751468648843
crypto,SOL,priority_with_coverage_fallback,30,30,"BTC,ETH,XRP,BNB,TRX,ADA,AVAX,DOT,NEAR,ATOM,ALGO,DOGE,BCH,LTC,XLM,ETC,LINK,UNI,AAVE,INJ,FIL,VET,FET,GRT,THETA,XTZ,SAND,CHZ,DASH,HBAR","TON,SUI,ICP,MKR,RENDER,RNDR,ARB,OP,MATIC,POL,APT,SEI,EOS,MANA","CHZ,DASH,HBAR",1440,24,0.8,336,2.0,1.0,10.0,8760.0,5.217085980398272,0.4071908025324229,0.6603019442323895,0.6166736386120868,-0.5717162508749715,0.009133589415279557,427,65.34741784037558,0.5057116172138804
crypto,SOL,priority_with_coverage_fallback,30,30,"BTC,ETH,XRP,BNB,TRX,ADA,AVAX,DOT,NEAR,ATOM,ALGO,DOGE,BCH,LTC,XLM,ETC,LINK,UNI,AAVE,INJ,FIL,VET,FET,GRT,THETA,XTZ,SAND,CHZ,DASH,HBAR","TON,SUI,ICP,MKR,RENDER,RNDR,ARB,OP,MATIC,POL,APT,SEI,EOS,MANA","CHZ,DASH,HBAR",1440,24,0.8,336,2.5,0.0,10.0,8760.0,46.04396174506575,1.0542702514655407,1.0822270865782613,0.9741673115934352,-0.8153533548008199,0.003051643192488263,72,45868.0,0.5056902415627452
crypto,SOL,priority_with_coverage_fallback,30,30,"BTC,ETH,XRP,BNB,TRX,ADA,AVAX,DOT,NEAR,ATOM,ALGO,DOGE,BCH,LTC,XLM,ETC,LINK,UNI,AAVE,INJ,FIL,VET,FET,GRT,THETA,XTZ,SAND,CHZ,DASH,HBAR","TON,SUI,ICP,MKR,RENDER,RNDR,ARB,OP,MATIC,POL,APT,SEI,EOS,MANA","CHZ,DASH,HBAR",1440,24,0.8,336,2.5,0.25,10.0,8760.0,9.214174309998201,0.544046152260617,0.7127945019117159,0.763258064984346,-0.6415951146764847,0.005036278275714895,236,139.47457627118644,0.5083242192246932
crypto,SOL,priority_with_coverage_fallback,30,30,"BTC,ETH,XRP,BNB,TRX,ADA,AVAX,DOT,NEAR,ATOM,ALGO,DOGE,BCH,LTC,XLM,ETC,LINK,UNI,AAVE,INJ,FIL,VET,FET,GRT,THETA,XTZ,SAND,CHZ,DASH,HBAR","TON,SUI,ICP,MKR,RENDER,RNDR,ARB,OP,MATIC,POL,APT,SEI,EOS,MANA","CHZ,DASH,HBAR",1440,24,0.8,336,2.5,0.5,10.0,8760.0,11.962414809986955,0.6143782786457292,0.6700217208298402,0.9169527786126171,-0.5179927134907796,0.005292360221937686,248,110.49193548387096,0.5090139405882782
crypto,SOL,priority_with_coverage_fallback,30,30,"BTC,ETH,XRP,BNB,TRX,ADA,AVAX,DOT,NEAR,ATOM,ALGO,DOGE,BCH,LTC,XLM,ETC,LINK,UNI,AAVE,INJ,FIL,VET,FET,GRT,THETA,XTZ,SAND,CHZ,DASH,HBAR","TON,SUI,ICP,MKR,RENDER,RNDR,ARB,OP,MATIC,POL,APT,SEI,EOS,MANA","CHZ,DASH,HBAR",1440,24,0.8,336,2.5,0.75,10.0,8760.0,5.017061700745176,0.3986143896182226,0.6452553426615583,0.6177622458328085,-0.5432944925297643,0.005420401195049082,254,96.81102362204724,0.5067100447336316
crypto,SOL,priority_with_coverage_fallback,30,30,"BTC,ETH,XRP,BNB,TRX,ADA,AVAX,DOT,NEAR,ATOM,ALGO,DOGE,BCH,LTC,XLM,ETC,LINK,UNI,AAVE,INJ,FIL,VET,FET,GRT,THETA,XTZ,SAND,CHZ,DASH,HBAR","TON,SUI,ICP,MKR,RENDER,RNDR,ARB,OP,MATIC,POL,APT,SEI,EOS,MANA","CHZ,DASH,HBAR",1440,24,0.8,336,2.5,1.0,10.0,8760.0,5.321356460441117,0.41157295966105556,0.603169826368315,0.6823500474802197,-0.4846577151603456,0.0058045241143832695,272,73.36029411764706,0.5093715545755237
crypto,SOL,priority_with_coverage_fallback,30,30,"BTC,ETH,XRP,BNB,TRX,ADA,AVAX,DOT,NEAR,ATOM,ALGO,DOGE,BCH,LTC,XLM,ETC,LINK,UNI,AAVE,INJ,FIL,VET,FET,GRT,THETA,XTZ,SAND,CHZ,DASH,HBAR","TON,SUI,ICP,MKR,RENDER,RNDR,ARB,OP,MATIC,POL,APT,SEI,EOS,MANA","CHZ,DASH,HBAR",1440,24,0.8,336,3.0,0.0,10.0,8760.0,14.70713851700316,0.6733938653977001,1.0821003951618333,0.622302577846292,-0.8813593842287517,0.0017285531370038413,41,45866.0,0.5106178868878908
crypto,SOL,priority_with_coverage_fallback,30,30,"BTC,ETH,XRP,BNB,TRX,ADA,AVAX,DOT,NEAR,ATOM,ALGO,DOGE,BCH,LTC,XLM,ETC,LINK,UNI,AAVE,INJ,FIL,VET,FET,GRT,THETA,XTZ,SAND,CHZ,DASH,HBAR","TON,SUI,ICP,MKR,RENDER,RNDR,ARB,OP,MATIC,POL,APT,SEI,EOS,MANA","CHZ,DASH,HBAR",1440,24,0.8,336,3.0,0.25,10.0,8760.0,5.352459970628069,0.4128687575629224,0.5985330209122348,0.6898011356727851,-0.5753493685520545,0.0030729833546734955,144,144.13888888888889,0.5146463673154751
crypto,SOL,priority_with_coverage_fallback,30,30,"BTC,ETH,XRP,BNB,TRX,ADA,AVAX,DOT,NEAR,ATOM,ALGO,DOGE,BCH,LTC,XLM,ETC,LINK,UNI,AAVE,INJ,FIL,VET,FET,GRT,THETA,XTZ,SAND,CHZ,DASH,HBAR","TON,SUI,ICP,MKR,RENDER,RNDR,ARB,OP,MATIC,POL,APT,SEI,EOS,MANA","CHZ,DASH,HBAR",1440,24,0.8,336,3.0,0.5,10.0,8760.0,4.640613804635301,0.3818242697434515,0.5755626621459412,0.6633930497156453,-0.5965943690607873,0.0031156636790439607,146,114.10958904109589,0.5157262905162064
crypto,SOL,priority_with_coverage_fallback,30,30,"BTC,ETH,XRP,BNB,TRX,ADA,AVAX,DOT,NEAR,ATOM,ALGO,DOGE,BCH,LTC,XLM,ETC,LINK,UNI,AAVE,INJ,FIL,VET,FET,GRT,THETA,XTZ,SAND,CHZ,DASH,HBAR","TON,SUI,ICP,MKR,RENDER,RNDR,ARB,OP,MATIC,POL,APT,SEI,EOS,MANA","CHZ,DASH,HBAR",1440,24,0.8,336,3.0,0.75,10.0,8760.0,1.679300804212525,0.20230390510426854,0.5318265022986014,0.3803945539191693,-0.5803526498713476,0.0031156636790439607,146,101.21917808219177,0.5152253349573691
crypto,SOL,priority_with_coverage_fallback,30,30,"BTC,ETH,XRP,BNB,TRX,ADA,AVAX,DOT,NEAR,ATOM,ALGO,DOGE,BCH,LTC,XLM,ETC,LINK,UNI,AAVE,INJ,FIL,VET,FET,GRT,THETA,XTZ,SAND,CHZ,DASH,HBAR","TON,SUI,ICP,MKR,RENDER,RNDR,ARB,OP,MATIC,POL,APT,SEI,EOS,MANA","CHZ,DASH,HBAR",1440,24,0.8,336,3.0,1.0,10.0,8760.0,1.143817189591139,0.15322003389770567,0.5035723312753541,0.3042661885526128,-0.5281082920902741,0.0032437046521553562,152,82.14473684210526,0.5141758769822201
crypto,SOL,priority_with_coverage_fallback,30,30,"BTC,ETH,XRP,BNB,TRX,ADA,AVAX,DOT,NEAR,ATOM,ALGO,DOGE,BCH,LTC,XLM,ETC,LINK,UNI,AAVE,INJ,FIL,VET,FET,GRT,THETA,XTZ,SAND,CHZ,DASH,HBAR","TON,SUI,ICP,MKR,RENDER,RNDR,ARB,OP,MATIC,POL,APT,SEI,EOS,MANA","CHZ,DASH,HBAR",1440,72,0.8,336,1.0,0.0,10.0,8760.0,32.64390953720241,0.9307778273010707,1.1378757072559458,0.8179960441775281,-0.7908298151742378,0.007754421943091515,182,46456.0,0.5015068021353539
crypto,SOL,priority_with_coverage_fallback,30,30,"BTC,ETH,XRP,BNB,TRX,ADA,AVAX,DOT,NEAR,ATOM,ALGO,DOGE,BCH,LTC,XLM,ETC,LINK,UNI,AAVE,INJ,FIL,VET,FET,GRT,THETA,XTZ,SAND,CHZ,DASH,HBAR","TON,SUI,ICP,MKR,RENDER,RNDR,ARB,OP,MATIC,POL,APT,SEI,EOS,MANA","CHZ,DASH,HBAR",1440,72,0.8,336,1.0,0.25,10.0,8760.0,15.836173576452513,0.6961676331798057,0.9699948952611251,0.7177023678999832,-0.7385295272598835,0.01420575920704093,649,103.46372239747635,0.5011890968961522
crypto,SOL,priority_with_coverage_fallback,30,30,"BTC,ETH,XRP,BNB,TRX,ADA,AVAX,DOT,NEAR,ATOM,ALGO,DOGE,BCH,LTC,XLM,ETC,LINK,UNI,AAVE,INJ,FIL,VET,FET,GRT,THETA,XTZ,SAND,CHZ,DASH,HBAR","TON,SUI,ICP,MKR,RENDER,RNDR,ARB,OP,MATIC,POL,APT,SEI,EOS,MANA","CHZ,DASH,HBAR",1440,72,0.8,336,1.0,0.5,10.0,8760.0,6.531273431264256,0.4591156179334528,0.9375468798945743,0.48969883829710964,-0.7424277323530788,0.017709134409980346,820,72.80788177339902,0.5006765899864682
crypto,SOL,priority_with_coverage_fallback,30,30,"BTC,ETH,XRP,BNB,TRX,ADA,AVAX,DOT,NEAR,ATOM,ALGO,DOGE,BCH,LTC,XLM,ETC,LINK,UNI,AAVE,INJ,FIL,VET,FET,GRT,THETA,XTZ,SAND,CHZ,DASH,HBAR","TON,SUI,ICP,MKR,RENDER,RNDR,ARB,OP,MATIC,POL,APT,SEI,EOS,MANA","CHZ,DASH,HBAR",1440,72,0.8,336,1.0,0.75,10.0,8760.0,1.8045470106500887,0.21285595669479362,0.9059718016233882,0.2349476620722437,-0.7560215747810525,0.024737246859779544,1149,46.81754385964912,0.5012366034624897
crypto,SOL,priority_with_coverage_fallback,30,30,"BTC,ETH,XRP,BNB,TRX,ADA,AVAX,DOT,NEAR,ATOM,ALGO,DOGE,BCH,LTC,XLM,ETC,LINK,UNI,AAVE,INJ,FIL,VET,FET,GRT,THETA,XTZ,SAND,CHZ,DASH,HBAR","TON,SUI,ICP,MKR,RENDER,RNDR,ARB,OP,MATIC,POL,APT,SEI,EOS,MANA","CHZ,DASH,HBAR",1440,72,0.8,336,1.5,0.0,10.0,8760.0,239.47343535448618,1.7897974357295245,1.137441264999406,1.5735295446050652,-0.6542564178727992,0.005917286165940357,139,46439.0,0.5038006847692672
crypto,SOL,priority_with_coverage_fallback,30,30,"BTC,ETH,XRP,BNB,TRX,ADA,AVAX,DOT,NEAR,ATOM,ALGO,DOGE,BCH,LTC,XLM,ETC,LINK,UNI,AAVE,INJ,FIL,VET,FET,GRT,THETA,XTZ,SAND,CHZ,DASH,HBAR","TON,SUI,ICP,MKR,RENDER,RNDR,ARB,OP,MATIC,POL,APT,SEI,EOS,MANA","CHZ,DASH,HBAR",1440,72,0.8,336,1.5,0.25,10.0,8760.0,28.7940085996481,0.8873653017319318,0.9008155947583038,0.9850687609044105,-0.7098312999887684,0.010040160642570281,464,122.66375545851528,0.5027411890352439
crypto,SOL,priority_with_coverage_fallback,30,30,"BTC,ETH,XRP,BNB,TRX,ADA,AVAX,DOT,NEAR,ATOM,ALGO,DOGE,BCH,LTC,XLM,ETC,LINK,UNI,AAVE,INJ,FIL,VET,FET,GRT,THETA,XTZ,SAND,CHZ,DASH,HBAR","TON,SUI,ICP,MKR,RENDER,RNDR,ARB,OP,MATIC,POL,APT,SEI,EOS,MANA","CHZ,DASH,HBAR",1440,72,0.8,336,1.5,0.5,10.0,8760.0,16.56118773826499,0.7096028823811449,0.8671771699907604,0.8182905488490957,-0.6904739934735756,0.01123643510211057,522,96.57528957528957,0.5026985967297005
crypto,SOL,priority_with_coverage_fallback,30,30,"BTC,ETH,XRP,BNB,TRX,ADA,AVAX,DOT,NEAR,ATOM,ALGO,DOGE,BCH,LTC,XLM,ETC,LINK,UNI,AAVE,INJ,FIL,VET,FET,GRT,THETA,XTZ,SAND,CHZ,DASH,HBAR","TON,SUI,ICP,MKR,RENDER,RNDR,ARB,OP,MATIC,POL,APT,SEI,EOS,MANA","CHZ,DASH,HBAR",1440,72,0.8,336,1.5,0.75,10.0,8760.0,6.1858020456000835,0.44635034039779664,0.8358581128449663,0.5340025221249304,-0.7289693575990698,0.01290267452789883,600,74.40604026845638,0.5032246425833221
crypto,SOL,priority_with_coverage_fallback,30,30,"BTC,ETH,XRP,BNB,TRX,ADA,AVAX,DOT,NEAR,ATOM,ALGO,DOGE,BCH,LTC,XLM,ETC,LINK,UNI,AAVE,INJ,FIL,VET,FET,GRT,THETA,XTZ,SAND,CHZ,DASH,HBAR","TON,SUI,ICP,MKR,RENDER,RNDR,ARB,OP,MATIC,POL,APT,SEI,EOS,MANA","CHZ,DASH,HBAR",1440,72,0.8,336,1.5,1.0,10.0,8760.0,2.078299862540166,0.23417958349874257,0.7852485112783091,0.2982235306852358,-0.6532554633619619,0.015551567974023755,727,52.03030303030303,0.50299147561815
crypto,SOL,priority_with_coverage_fallback,30,30,"BTC,ETH,XRP,BNB,TRX,ADA,AVAX,DOT,NEAR,ATOM,ALGO,DOGE,BCH,LTC,XLM,ETC,LINK,UNI,AAVE,INJ,FIL,VET,FET,GRT,THETA,XTZ,SAND,CHZ,DASH,HBAR","TON,SUI,ICP,MKR,RENDER,RNDR,ARB,OP,MATIC,POL,APT,SEI,EOS,MANA","CHZ,DASH,HBAR",1440,72,0.8,336,2.0,0.0,10.0,8760.0,57.05584534121407,1.1383123651524358,1.1279806700332469,1.0091594611447414,-0.7874910004567408,0.004122874476629924,97,45973.0,0.5032519087290366
crypto,SOL,priority_with_coverage_fallback,30,30,"BTC,ETH,XRP,BNB,TRX,ADA,AVAX,DOT,NEAR,ATOM,ALGO,DOGE,BCH,LTC,XLM,ETC,LINK,UNI,AAVE,INJ,FIL,VET,FET,GRT,THETA,XTZ,SAND,CHZ,DASH,HBAR","TON,SUI,ICP,MKR,RENDER,RNDR,ARB,OP,MATIC,POL,APT,SEI,EOS,MANA","CHZ,DASH,HBAR",1440,72,0.8,336,2.0,0.25,10.0,8760.0,6.9075527742264855,0.4724886954377643,0.8094551245784917,0.5837120318236342,-0.674949460921014,0.0066649577031530375,310,142.05844155844156,0.503588243360607
crypto,SOL,priority_with_coverage_fallback,30,30,"BTC,ETH,XRP,BNB,TRX,ADA,AVAX,DOT,NEAR,ATOM,ALGO,DOGE,BCH,LTC,XLM,ETC,LINK,UNI,AAVE,INJ,FIL,VET,FET,GRT,THETA,XTZ,SAND,CHZ,DASH,HBAR","TON,SUI,ICP,MKR,RENDER,RNDR,ARB,OP,MATIC,POL,APT,SEI,EOS,MANA","CHZ,DASH,HBAR",1440,72,0.8,336,2.0,0.5,10.0,8760.0,4.191391548965645,0.36098121586586673,0.7742862756038915,0.46621156442986866,-0.7001655064095642,0.0070921985815602835,330,118.0670731707317,0.5033310953881114
crypto,SOL,priority_with_coverage_fallback,30,30,"BTC,ETH,XRP,BNB,TRX,ADA,AVAX,DOT,NEAR,ATOM,ALGO,DOGE,BCH,LTC,XLM,ETC,LINK,UNI,AAVE,INJ,FIL,VET,FET,GRT,THETA,XTZ,SAND,CHZ,DASH,HBAR","TON,SUI,ICP,MKR,RENDER,RNDR,ARB,OP,MATIC,POL,APT,SEI,EOS,MANA","CHZ,DASH,HBAR",1440,72,0.8,336,2.0,0.75,10.0,8760.0,2.581050052095798,0.2696172023297374,0.7479028791980622,0.36049761249593537,-0.5915978571837188,0.007818508074852602,364,92.69613259668509,0.5033973059959471
crypto,SOL,priority_with_coverage_fallback,30,30,"BTC,ETH,XRP,BNB,TRX,ADA,AVAX,DOT,NEAR,ATOM,ALGO,DOGE,BCH,LTC,XLM,ETC,LINK,UNI,AAVE,INJ,FIL,VET,FET,GRT,THETA,XTZ,SAND,CHZ,DASH,HBAR","TON,SUI,ICP,MKR,RENDER,RNDR,ARB,OP,MATIC,POL,APT,SEI,EOS,MANA","CHZ,DASH,HBAR",1440,72,0.8,336,2.0,1.0,10.0,8760.0,1.0600113406748304,0.14481389678636347,0.7071028555276073,0.2047989138416222,-0.5385640739117447,0.008459369392463471,395,71.88832487309645,0.5024714023443017
crypto,SOL,priority_with_coverage_fallback,30,30,"BTC,ETH,XRP,BNB,TRX,ADA,AVAX,DOT,NEAR,ATOM,ALGO,DOGE,BCH,LTC,XLM,ETC,LINK,UNI,AAVE,INJ,FIL,VET,FET,GRT,THETA,XTZ,SAND,CHZ,DASH,HBAR","TON,SUI,ICP,MKR,RENDER,RNDR,ARB,OP,MATIC,POL,APT,SEI,EOS,MANA","CHZ,DASH,HBAR",1440,72,0.8,336,2.5,0.0,10.0,8760.0,36.11593619994449,0.9665917054324848,1.12707478425413,0.8576109757190169,-0.8067808286526141,0.003054772280611809,72,45866.0,0.5029869620197968
crypto,SOL,priority_with_coverage_fallback,30,30,"BTC,ETH,XRP,BNB,TRX,ADA,AVAX,DOT,NEAR,ATOM,ALGO,DOGE,BCH,LTC,XLM,ETC,LINK,UNI,AAVE,INJ,FIL,VET,FET,GRT,THETA,XTZ,SAND,CHZ,DASH,HBAR","TON,SUI,ICP,MKR,RENDER,RNDR,ARB,OP,MATIC,POL,APT,SEI,EOS,MANA","CHZ,DASH,HBAR",1440,72,0.8,336,2.5,0.25,10.0,8760.0,5.609085930500735,0.42388296419928184,0.7281629784184452,0.5821264974497149,-0.6813322409262905,0.00482782192600188,225,149.24107142857142,0.5049955130122644
crypto,SOL,priority_with_coverage_fallback,30,30,"BTC,ETH,XRP,BNB,TRX,ADA,AVAX,DOT,NEAR,ATOM,ALGO,DOGE,BCH,LTC,XLM,ETC,LINK,UNI,AAVE,INJ,FIL,VET,FET,GRT,THETA,XTZ,SAND,CHZ,DASH,HBAR","TON,SUI,ICP,MKR,RENDER,RNDR,ARB,OP,MATIC,POL,APT,SEI,EOS,MANA","CHZ,DASH,HBAR",1440,72,0.8,336,2.5,0.5,10.0,8760.0,4.2063677009618665,0.36171506515753227,0.706168845901345,0.5122217827322072,-0.7161977301906846,0.004998718277364778,233,124.68103448275862,0.5053585010025583
crypto,SOL,priority_with_coverage_fallback,30,30,"BTC,ETH,XRP,BNB,TRX,ADA,AVAX,DOT,NEAR,ATOM,ALGO,DOGE,BCH,LTC,XLM,ETC,LINK,UNI,AAVE,INJ,FIL,VET,FET,GRT,THETA,XTZ,SAND,CHZ,DASH,HBAR","TON,SUI,ICP,MKR,RENDER,RNDR,ARB,OP,MATIC,POL,APT,SEI,EOS,MANA","CHZ,DASH,HBAR",1440,72,0.8,336,2.5,0.75,10.0,8760.0,2.5904325637532337,0.2702390248475932,0.6807980415641521,0.39694448037293356,-0.5647283447260699,0.005169614628727677,241,103.61666666666666,0.5064339713688274
crypto,SOL,priority_with_coverage_fallback,30,30,"BTC,ETH,XRP,BNB,TRX,ADA,AVAX,DOT,NEAR,ATOM,ALGO,DOGE,BCH,LTC,XLM,ETC,LINK,UNI,AAVE,INJ,FIL,VET,FET,GRT,THETA,XTZ,SAND,CHZ,DASH,HBAR","TON,SUI,ICP,MKR,RENDER,RNDR,ARB,OP,MATIC,POL,APT,SEI,EOS,MANA","CHZ,DASH,HBAR",1440,72,0.8,336,2.5,1.0,10.0,8760.0,2.975728435178441,0.294701798459025,0.6382455390551734,0.4617373415492832,-0.4886295762045185,0.005554131419294198,259,80.82170542635659,0.5070976405140993
crypto,SOL,priority_with_coverage_fallback,30,30,"BTC,ETH,XRP,BNB,TRX,ADA,AVAX,DOT,NEAR,ATOM,ALGO,DOGE,BCH,LTC,XLM,ETC,LINK,UNI,AAVE,INJ,FIL,VET,FET,GRT,THETA,XTZ,SAND,CHZ,DASH,HBAR","TON,SUI,ICP,MKR,RENDER,RNDR,ARB,OP,MATIC,POL,APT,SEI,EOS,MANA","CHZ,DASH,HBAR",1440,72,0.8,336,3.0,0.0,10.0,8760.0,13.854953025639285,0.6568913723365335,1.1231894296436642,0.584844688704856,-0.7445260905413393,0.0016448773818678972,39,45542.0,0.5061920864257169
crypto,SOL,priority_with_coverage_fallback,30,30,"BTC,ETH,XRP,BNB,TRX,ADA,AVAX,DOT,NEAR,ATOM,ALGO,DOGE,BCH,LTC,XLM,ETC,LINK,UNI,AAVE,INJ,FIL,VET,FET,GRT,THETA,XTZ,SAND,CHZ,DASH,HBAR","TON,SUI,ICP,MKR,RENDER,RNDR,ARB,OP,MATIC,POL,APT,SEI,EOS,MANA","CHZ,DASH,HBAR",1440,72,0.8,336,3.0,0.25,10.0,8760.0,5.103406024861181,0.402830887117136,0.6558168652108696,0.6142429517844297,-0.6083857839111255,0.002990686148850722,139,151.56521739130434,0.5080321285140562
crypto,SOL,priority_with_coverage_fallback,30,30,"BTC,ETH,XRP,BNB,TRX,ADA,AVAX,DOT,NEAR,ATOM,ALGO,DOGE,BCH,LTC,XLM,ETC,LINK,UNI,AAVE,INJ,FIL,VET,FET,GRT,THETA,XTZ,SAND,CHZ,DASH,HBAR","TON,SUI,ICP,MKR,RENDER,RNDR,ARB,OP,MATIC,POL,APT,SEI,EOS,MANA","CHZ,DASH,HBAR",1440,72,0.8,336,3.0,0.5,10.0,8760.0,2.7606498855362243,0.28129700976203265,0.638618118689024,0.4404776524967508,-0.6455404133781117,0.002990686148850722,139,132.8985507246377,0.5061068702290077
crypto,SOL,priority_with_coverage_fallback,30,30,"BTC,ETH,XRP,BNB,TRX,ADA,AVAX,DOT,NEAR,ATOM,ALGO,DOGE,BCH,LTC,XLM,ETC,LINK,UNI,AAVE,INJ,FIL,VET,FET,GRT,THETA,XTZ,SAND,CHZ,DASH,HBAR","TON,SUI,ICP,MKR,RENDER,RNDR,ARB,OP,MATIC,POL,APT,SEI,EOS,MANA","CHZ,DASH,HBAR",1440,72,0.8,336,3.0,0.75,10.0,8760.0,1.962786347679462,0.22537775886620182,0.5874985378893612,0.38362267194041144,-0.4873955921246669,0.002990686148850722,139,112.34782608695652,0.5103199174406605
crypto,SOL,priority_with_coverage_fallback,30,30,"BTC,ETH,XRP,BNB,TRX,ADA,AVAX,DOT,NEAR,ATOM,ALGO,DOGE,BCH,LTC,XLM,ETC,LINK,UNI,AAVE,INJ,FIL,VET,FET,GRT,THETA,XTZ,SAND,CHZ,DASH,HBAR","TON,SUI,ICP,MKR,RENDER,RNDR,ARB,OP,MATIC,POL,APT,SEI,EOS,MANA","CHZ,DASH,HBAR",1440,72,0.8,336,3.0,1.0,10.0,8760.0,1.8628329504142394,0.21753351310634295,0.5217408042626357,0.4169378958461531,-0.45861796273292343,0.0031188584123728958,145,86.33333333333333,0.5119047619047619
crypto,SOL,priority_with_coverage_fallback,30,30,"BTC,ETH,XRP,BNB,TRX,ADA,AVAX,DOT,NEAR,ATOM,ALGO,DOGE,BCH,LTC,XLM,ETC,LINK,UNI,AAVE,INJ,FIL,VET,FET,GRT,THETA,XTZ,SAND,CHZ,DASH,HBAR","TON,SUI,ICP,MKR,RENDER,RNDR,ARB,OP,MATIC,POL,APT,SEI,EOS,MANA","CHZ,DASH,HBAR",1440,168,0.8,336,1.0,0.0,10.0,8760.0,3.000451947096141,0.29654986909812475,1.2187820488335768,0.24331657114734734,-0.8331660607129405,0.0075913095543580535,178,46368.0,0.5007332643202208
crypto,SOL,priority_with_coverage_fallback,30,30,"BTC,ETH,XRP,BNB,TRX,ADA,AVAX,DOT,NEAR,ATOM,ALGO,DOGE,BCH,LTC,XLM,ETC,LINK,UNI,AAVE,INJ,FIL,VET,FET,GRT,THETA,XTZ,SAND,CHZ,DASH,HBAR","TON,SUI,ICP,MKR,RENDER,RNDR,ARB,OP,MATIC,POL,APT,SEI,EOS,MANA","CHZ,DASH,HBAR",1440,168,0.8,336,1.0,0.25,10.0,8760.0,0.7371068842757922,0.10898371017244513,1.0813035241220128,0.10078919354390965,-0.8729559865786038,0.01212471131639723,541,131.64728682170542,0.49795377594582657
crypto,SOL,priority_with_coverage_fallback,30,30,"BTC,ETH,XRP,BNB,TRX,ADA,AVAX,DOT,NEAR,ATOM,ALGO,DOGE,BCH,LTC,XLM,ETC,LINK,UNI,AAVE,INJ,FIL,VET,FET,GRT,THETA,XTZ,SAND,CHZ,DASH,HBAR","TON,SUI,ICP,MKR,RENDER,RNDR,ARB,OP,MATIC,POL,APT,SEI,EOS,MANA","CHZ,DASH,HBAR",1440,168,0.8,336,1.0,0.5,10.0,8760.0,-0.07613142175838872,-0.014723830449910436,1.0478922133759148,-0.014050901669052191,-0.8246089965548021,0.015332306902745702,701,90.83673469387755,0.49722373784382323
crypto,SOL,priority_with_coverage_fallback,30,30,"BTC,ETH,XRP,BNB,TRX,ADA,AVAX,DOT,NEAR,ATOM,ALGO,DOGE,BCH,LTC,XLM,ETC,LINK,UNI,AAVE,INJ,FIL,VET,FET,GRT,THETA,XTZ,SAND,CHZ,DASH,HBAR","TON,SUI,ICP,MKR,RENDER,RNDR,ARB,OP,MATIC,POL,APT,SEI,EOS,MANA","CHZ,DASH,HBAR",1440,168,0.8,336,1.0,0.75,10.0,8760.0,-0.29539631988310366,-0.0634812100607951,1.0039305684564501,-0.06323266972376175,-0.8200958369415123,0.02166196219314002,1002,56.71975806451613,0.49728077346887994
crypto,SOL,priority_with_coverage_fallback,30,30,"BTC,ETH,XRP,BNB,TRX,ADA,AVAX,DOT,NEAR,ATOM,ALGO,DOGE,BCH,LTC,XLM,ETC,LINK,UNI,AAVE,INJ,FIL,VET,FET,GRT,THETA,XTZ,SAND,CHZ,DASH,HBAR","TON,SUI,ICP,MKR,RENDER,RNDR,ARB,OP,MATIC,POL,APT,SEI,EOS,MANA","CHZ,DASH,HBAR",1440,168,0.8,336,1.5,0.0,10.0,8760.0,0.9468843230466151,0.13292258083682573,1.2183720937412696,0.10909851064354141,-0.9361462679691442,0.005623984261397656,132,46356.0,0.5008628872206402
crypto,SOL,priority_with_coverage_fallback,30,30,"BTC,ETH,XRP,BNB,TRX,ADA,AVAX,DOT,NEAR,ATOM,ALGO,DOGE,BCH,LTC,XLM,ETC,LINK,UNI,AAVE,INJ,FIL,VET,FET,GRT,THETA,XTZ,SAND,CHZ,DASH,HBAR","TON,SUI,ICP,MKR,RENDER,RNDR,ARB,OP,MATIC,POL,APT,SEI,EOS,MANA","CHZ,DASH,HBAR",1440,168,0.8,336,1.5,0.25,10.0,8760.0,1.0260743914372412,0.1414155521850018,1.0265886277114438,0.137752891828012,-0.8741895906196111,0.008788811906594817,397,154.61979166666666,0.4975915383838044
crypto,SOL,priority_with_coverage_fallback,30,30,"BTC,ETH,XRP,BNB,TRX,ADA,AVAX,DOT,NEAR,ATOM,ALGO,DOGE,BCH,LTC,XLM,ETC,LINK,UNI,AAVE,INJ,FIL,VET,FET,GRT,THETA,XTZ,SAND,CHZ,DASH,HBAR","TON,SUI,ICP,MKR,RENDER,RNDR,ARB,OP,MATIC,POL,APT,SEI,EOS,MANA","CHZ,DASH,HBAR",1440,168,0.8,336,1.5,0.5,10.0,8760.0,-0.013115379117477066,-0.0024700176031242638,0.9863834009339598,-0.002504115134931834,-0.8349699139980269,0.009815242494226328,451,120.44144144144144,0.49685840376991547
crypto,SOL,priority_with_coverage_fallback,30,30,"BTC,ETH,XRP,BNB,TRX,ADA,AVAX,DOT,NEAR,ATOM,ALGO,DOGE,BCH,LTC,XLM,ETC,LINK,UNI,AAVE,INJ,FIL,VET,FET,GRT,THETA,XTZ,SAND,CHZ,DASH,HBAR","TON,SUI,ICP,MKR,RENDER,RNDR,ARB,OP,MATIC,POL,APT,SEI,EOS,MANA","CHZ,DASH,HBAR",1440,168,0.8,336,1.5,0.75,10.0,8760.0,0.1191269853063821,0.02130688181198126,0.9432554158656645,0.022588666286561476,-0.7909094015888494,0.011654263963732786,539,87.9812734082397,0.49759482354944445
crypto,SOL,priority_with_coverage_fallback,30,30,"BTC,ETH,XRP,BNB,TRX,ADA,AVAX,DOT,NEAR,ATOM,ALGO,DOGE,BCH,LTC,XLM,ETC,LINK,UNI,AAVE,INJ,FIL,VET,FET,GRT,THETA,XTZ,SAND,CHZ,DASH,HBAR","TON,SUI,ICP,MKR,RENDER,RNDR,ARB,OP,MATIC,POL,APT,SEI,EOS,MANA","CHZ,DASH,HBAR",1440,168,0.8,336,1.5,1.0,10.0,8760.0,-0.14833432163606997,-0.02962909464752239,0.907032061352017,-0.03266598382791169,-0.7988717996499493,0.01430587631511419,666,59.43072289156626,0.49779534742283715
crypto,SOL,priority_with_coverage_fallback,30,30,"BTC,ETH,XRP,BNB,TRX,ADA,AVAX,DOT,NEAR,ATOM,ALGO,DOGE,BCH,LTC,XLM,ETC,LINK,UNI,AAVE,INJ,FIL,VET,FET,GRT,THETA,XTZ,SAND,CHZ,DASH,HBAR","TON,SUI,ICP,MKR,RENDER,RNDR,ARB,OP,MATIC,POL,APT,SEI,EOS,MANA","CHZ,DASH,HBAR",1440,168,0.8,336,2.0,0.0,10.0,8760.0,25.65018933441328,0.8495551565780401,1.218283189525268,0.6973379948787514,-0.8688025559218053,0.004169874262253015,98,46354.0,0.502610346464167
crypto,SOL,priority_with_coverage_fallback,30,30,"BTC,ETH,XRP,BNB,TRX,ADA,AVAX,DOT,NEAR,ATOM,ALGO,DOGE,BCH,LTC,XLM,ETC,LINK,UNI,AAVE,INJ,FIL,VET,FET,GRT,THETA,XTZ,SAND,CHZ,DASH,HBAR","TON,SUI,ICP,MKR,RENDER,RNDR,ARB,OP,MATIC,POL,APT,SEI,EOS,MANA","CHZ,DASH,HBAR",1440,168,0.8,336,2.0,0.25,10.0,8760.0,7.198806866576017,0.483088427717695,0.9590816029233997,0.5036989826988459,-0.8021629211839867,0.006500727054999572,293,173.6950354609929,0.499040463843861
crypto,SOL,priority_with_coverage_fallback,30,30,"BTC,ETH,XRP,BNB,TRX,ADA,AVAX,DOT,NEAR,ATOM,ALGO,DOGE,BCH,LTC,XLM,ETC,LINK,UNI,AAVE,INJ,FIL,VET,FET,GRT,THETA,XTZ,SAND,CHZ,DASH,HBAR","TON,SUI,ICP,MKR,RENDER,RNDR,ARB,OP,MATIC,POL,APT,SEI,EOS,MANA","CHZ,DASH,HBAR",1440,168,0.8,336,2.0,0.5,10.0,8760.0,3.3543765603654068,0.31730367682688687,0.9206215656679653,0.3446624418326159,-0.7135738080790863,0.006885638525361389,315,140.3116883116883,0.4987967419474269
crypto,SOL,priority_with_coverage_fallback,30,30,"BTC,ETH,XRP,BNB,TRX,ADA,AVAX,DOT,NEAR,ATOM,ALGO,DOGE,BCH,LTC,XLM,ETC,LINK,UNI,AAVE,INJ,FIL,VET,FET,GRT,THETA,XTZ,SAND,CHZ,DASH,HBAR","TON,SUI,ICP,MKR,RENDER,RNDR,ARB,OP,MATIC,POL,APT,SEI,EOS,MANA","CHZ,DASH,HBAR",1440,168,0.8,336,2.0,0.75,10.0,8760.0,2.5363790876816728,0.2669457005584621,0.8698224174357262,0.3068967816964634,-0.7547589584557894,0.00761269352493371,352,105.65517241379311,0.49945604873803306
crypto,SOL,priority_with_coverage_fallback,30,30,"BTC,ETH,XRP,BNB,TRX,ADA,AVAX,DOT,NEAR,ATOM,ALGO,DOGE,BCH,LTC,XLM,ETC,LINK,UNI,AAVE,INJ,FIL,VET,FET,GRT,THETA,XTZ,SAND,CHZ,DASH,HBAR","TON,SUI,ICP,MKR,RENDER,RNDR,ARB,OP,MATIC,POL,APT,SEI,EOS,MANA","CHZ,DASH,HBAR",1440,168,0.8,336,2.0,1.0,10.0,8760.0,0.9122102214256442,0.12911522568451606,0.8358643143106259,0.15446912073403093,-0.7159537101212781,0.008296980583354718,387,78.07772020725389,0.49943592806423787
crypto,SOL,priority_with_coverage_fallback,30,30,"BTC,ETH,XRP,BNB,TRX,ADA,AVAX,DOT,NEAR,ATOM,ALGO,DOGE,BCH,LTC,XLM,ETC,LINK,UNI,AAVE,INJ,FIL,VET,FET,GRT,THETA,XTZ,SAND,CHZ,DASH,HBAR","TON,SUI,ICP,MKR,RENDER,RNDR,ARB,OP,MATIC,POL,APT,SEI,EOS,MANA","CHZ,DASH,HBAR",1440,168,0.8,336,2.5,0.0,10.0,8760.0,0.4912573677865615,0.07773129789715405,1.2107148613518137,0.06420281139554511,-0.9013611370153772,0.0022453169104439314,53,45864.0,0.5018969126111983
crypto,SOL,priority_with_coverage_fallback,30,30,"BTC,ETH,XRP,BNB,TRX,ADA,AVAX,DOT,NEAR,ATOM,ALGO,DOGE,BCH,LTC,XLM,ETC,LINK,UNI,AAVE,INJ,FIL,VET,FET,GRT,THETA,XTZ,SAND,CHZ,DASH,HBAR","TON,SUI,ICP,MKR,RENDER,RNDR,ARB,OP,MATIC,POL,APT,SEI,EOS,MANA","CHZ,DASH,HBAR",1440,168,0.8,336,2.5,0.25,10.0,8760.0,1.556341465735112,0.19222061186805206,0.8997665399643517,0.21363387426661556,-0.6425706186693926,0.004191258232828672,193,204.85263157894738,0.4975078361851909
crypto,SOL,priority_with_coverage_fallback,30,30,"BTC,ETH,XRP,BNB,TRX,ADA,AVAX,DOT,NEAR,ATOM,ALGO,DOGE,BCH,LTC,XLM,ETC,LINK,UNI,AAVE,INJ,FIL,VET,FET,GRT,THETA,XTZ,SAND,CHZ,DASH,HBAR","TON,SUI,ICP,MKR,RENDER,RNDR,ARB,OP,MATIC,POL,APT,SEI,EOS,MANA","CHZ,DASH,HBAR",1440,168,0.8,336,2.5,0.5,10.0,8760.0,0.7099440053259085,0.10571449290028356,0.8683061452328728,0.12174794970722197,-0.554901269057785,0.004405097938585237,204,167.85148514851485,0.49708016280304373
crypto,SOL,priority_with_coverage_fallback,30,30,"BTC,ETH,XRP,BNB,TRX,ADA,AVAX,DOT,NEAR,ATOM,ALGO,DOGE,BCH,LTC,XLM,ETC,LINK,UNI,AAVE,INJ,FIL,VET,FET,GRT,THETA,XTZ,SAND,CHZ,DASH,HBAR","TON,SUI,ICP,MKR,RENDER,RNDR,ARB,OP,MATIC,POL,APT,SEI,EOS,MANA","CHZ,DASH,HBAR",1440,168,0.8,336,2.5,0.75,10.0,8760.0,0.3237025010362442,0.05393593393520346,0.8242705070429733,0.06543474924111474,-0.6247914729217787,0.004661705585493114,217,128.2314814814815,0.4982309191999422
crypto,SOL,priority_with_coverage_fallback,30,30,"BTC,ETH,XRP,BNB,TRX,ADA,AVAX,DOT,NEAR,ATOM,ALGO,DOGE,BCH,LTC,XLM,ETC,LINK,UNI,AAVE,INJ,FIL,VET,FET,GRT,THETA,XTZ,SAND,CHZ,DASH,HBAR","TON,SUI,ICP,MKR,RENDER,RNDR,ARB,OP,MATIC,POL,APT,SEI,EOS,MANA","CHZ,DASH,HBAR",1440,168,0.8,336,2.5,1.0,10.0,8760.0,0.4276410641339654,0.0689657508257413,0.7904263910575423,0.08725132612724296,-0.6136613647074709,0.005089384997006244,237,94.05084745762711,0.49855829879257524
crypto,SOL,priority_with_coverage_fallback,30,30,"BTC,ETH,XRP,BNB,TRX,ADA,AVAX,DOT,NEAR,ATOM,ALGO,DOGE,BCH,LTC,XLM,ETC,LINK,UNI,AAVE,INJ,FIL,VET,FET,GRT,THETA,XTZ,SAND,CHZ,DASH,HBAR","TON,SUI,ICP,MKR,RENDER,RNDR,ARB,OP,MATIC,POL,APT,SEI,EOS,MANA","CHZ,DASH,HBAR",1440,168,0.8,336,3.0,0.0,10.0,8760.0,1.4716843625310032,0.18472310521231528,1.1993085409203625,0.15402467247548887,-0.8698048704318605,0.0016037977931742367,38,45420.0,0.5022457067371202
crypto,SOL,priority_with_coverage_fallback,30,30,"BTC,ETH,XRP,BNB,TRX,ADA,AVAX,DOT,NEAR,ATOM,ALGO,DOGE,BCH,LTC,XLM,ETC,LINK,UNI,AAVE,INJ,FIL,VET,FET,GRT,THETA,XTZ,SAND,CHZ,DASH,HBAR","TON,SUI,ICP,MKR,RENDER,RNDR,ARB,OP,MATIC,POL,APT,SEI,EOS,MANA","CHZ,DASH,HBAR",1440,168,0.8,336,3.0,0.25,10.0,8760.0,3.0011484505201356,0.29659215203601463,0.7559812582908109,0.39232738746272144,-0.5938596376800223,0.0030365238217432214,141,195.18571428571428,0.5002561662885164
crypto,SOL,priority_with_coverage_fallback,30,30,"BTC,ETH,XRP,BNB,TRX,ADA,AVAX,DOT,NEAR,ATOM,ALGO,DOGE,BCH,LTC,XLM,ETC,LINK,UNI,AAVE,INJ,FIL,VET,FET,GRT,THETA,XTZ,SAND,CHZ,DASH,HBAR","TON,SUI,ICP,MKR,RENDER,RNDR,ARB,OP,MATIC,POL,APT,SEI,EOS,MANA","CHZ,DASH,HBAR",1440,168,0.8,336,3.0,0.5,10.0,8760.0,1.770206159467767,0.21029976786996496,0.7170237284602079,0.2932954092350318,-0.5009807006125181,0.003079291762894534,143,159.49295774647888,0.5014129282938891
crypto,SOL,priority_with_coverage_fallback,30,30,"BTC,ETH,XRP,BNB,TRX,ADA,AVAX,DOT,NEAR,ATOM,ALGO,DOGE,BCH,LTC,XLM,ETC,LINK,UNI,AAVE,INJ,FIL,VET,FET,GRT,THETA,XTZ,SAND,CHZ,DASH,HBAR","TON,SUI,ICP,MKR,RENDER,RNDR,ARB,OP,MATIC,POL,APT,SEI,EOS,MANA","CHZ,DASH,HBAR",1440,168,0.8,336,3.0,0.75,10.0,8760.0,0.5104335521640975,0.08031388461860223,0.6913221467854747,0.11617432624146,-0.5439115831114096,0.003122059704045847,145,134.59722222222223,0.5017026106696936
crypto,SOL,priority_with_coverage_fallback,30,30,"BTC,ETH,XRP,BNB,TRX,ADA,AVAX,DOT,NEAR,ATOM,ALGO,DOGE,BCH,LTC,XLM,ETC,LINK,UNI,AAVE,INJ,FIL,VET,FET,GRT,THETA,XTZ,SAND,CHZ,DASH,HBAR","TON,SUI,ICP,MKR,RENDER,RNDR,ARB,OP,MATIC,POL,APT,SEI,EOS,MANA","CHZ,DASH,HBAR",1440,168,0.8,336,3.0,1.0,10.0,8760.0,-0.024766142182058637,-0.004686680607989602,0.6574638243665798,-0.007128423548633857,-0.6363469135317633,0.0032075955863484734,149,103.06756756756756,0.5001966697259735
crypto,SOL,priority_with_coverage_fallback,30,30,"BTC,ETH,XRP,BNB,TRX,ADA,AVAX,DOT,NEAR,ATOM,ALGO,DOGE,BCH,LTC,XLM,ETC,LINK,UNI,AAVE,INJ,FIL,VET,FET,GRT,THETA,XTZ,SAND,CHZ,DASH,HBAR","TON,SUI,ICP,MKR,RENDER,RNDR,ARB,OP,MATIC,POL,APT,SEI,EOS,MANA","CHZ,DASH,HBAR",1440,336,0.8,336,1.0,0.0,10.0,8760.0,-0.4032902515008536,-0.09218961456515562,1.3148114787154594,-0.0701162227874849,-0.9550161211837112,0.006522111025575229,153,46301.0,0.49962203840089847
crypto,SOL,priority_with_coverage_fallback,30,30,"BTC,ETH,XRP,BNB,TRX,ADA,AVAX,DOT,NEAR,ATOM,ALGO,DOGE,BCH,LTC,XLM,ETC,LINK,UNI,AAVE,INJ,FIL,VET,FET,GRT,THETA,XTZ,SAND,CHZ,DASH,HBAR","TON,SUI,ICP,MKR,RENDER,RNDR,ARB,OP,MATIC,POL,APT,SEI,EOS,MANA","CHZ,DASH,HBAR",1440,336,0.8,336,1.0,0.25,10.0,8760.0,2.744279387707536,0.28057610552961676,1.211823553064095,0.23153214411469414,-0.8866437118560565,0.01199640749294329,526,141.28048780487805,0.5016544382103294
crypto,SOL,priority_with_coverage_fallback,30,30,"BTC,ETH,XRP,BNB,TRX,ADA,AVAX,DOT,NEAR,ATOM,ALGO,DOGE,BCH,LTC,XLM,ETC,LINK,UNI,AAVE,INJ,FIL,VET,FET,GRT,THETA,XTZ,SAND,CHZ,DASH,HBAR","TON,SUI,ICP,MKR,RENDER,RNDR,ARB,OP,MATIC,POL,APT,SEI,EOS,MANA","CHZ,DASH,HBAR",1440,336,0.8,336,1.0,0.5,10.0,8760.0,0.9469427490710767,0.13292894957770907,1.1854387210533188,0.112134813227288,-0.9130855448751999,0.014904627491232572,672,96.38271604938272,0.5001921352632253
crypto,SOL,priority_with_coverage_fallback,30,30,"BTC,ETH,XRP,BNB,TRX,ADA,AVAX,DOT,NEAR,ATOM,ALGO,DOGE,BCH,LTC,XLM,ETC,LINK,UNI,AAVE,INJ,FIL,VET,FET,GRT,THETA,XTZ,SAND,CHZ,DASH,HBAR","TON,SUI,ICP,MKR,RENDER,RNDR,ARB,OP,MATIC,POL,APT,SEI,EOS,MANA","CHZ,DASH,HBAR",1440,336,0.8,336,1.0,0.75,10.0,8760.0,-0.5838332578742471,-0.15144538456453782,1.1139104678688674,-0.1359583098759122,-0.9259053040255552,0.021148746899324267,973,58.56576200417537,0.49983958934873274
crypto,SOL,priority_with_coverage_fallback,30,30,"BTC,ETH,XRP,BNB,TRX,ADA,AVAX,DOT,NEAR,ATOM,ALGO,DOGE,BCH,LTC,XLM,ETC,LINK,UNI,AAVE,INJ,FIL,VET,FET,GRT,THETA,XTZ,SAND,CHZ,DASH,HBAR","TON,SUI,ICP,MKR,RENDER,RNDR,ARB,OP,MATIC,POL,APT,SEI,EOS,MANA","CHZ,DASH,HBAR",1440,336,0.8,336,1.5,0.0,10.0,8760.0,0.7297871919675065,0.10810685319340929,1.3136069909305015,0.08229771456745305,-0.9059148729227481,0.004939697202976648,116,46236.0,0.5009083830781209
crypto,SOL,priority_with_coverage_fallback,30,30,"BTC,ETH,XRP,BNB,TRX,ADA,AVAX,DOT,NEAR,ATOM,ALGO,DOGE,BCH,LTC,XLM,ETC,LINK,UNI,AAVE,INJ,FIL,VET,FET,GRT,THETA,XTZ,SAND,CHZ,DASH,HBAR","TON,SUI,ICP,MKR,RENDER,RNDR,ARB,OP,MATIC,POL,APT,SEI,EOS,MANA","CHZ,DASH,HBAR",1440,336,0.8,336,1.5,0.25,10.0,8760.0,13.75210514064797,0.6555942836158719,1.1724946161882788,0.559144813600233,-0.816760561653902,0.008553588230262595,375,173.22857142857143,0.5030842817087251
crypto,SOL,priority_with_coverage_fallback,30,30,"BTC,ETH,XRP,BNB,TRX,ADA,AVAX,DOT,NEAR,ATOM,ALGO,DOGE,BCH,LTC,XLM,ETC,LINK,UNI,AAVE,INJ,FIL,VET,FET,GRT,THETA,XTZ,SAND,CHZ,DASH,HBAR","TON,SUI,ICP,MKR,RENDER,RNDR,ARB,OP,MATIC,POL,APT,SEI,EOS,MANA","CHZ,DASH,HBAR",1440,336,0.8,336,1.5,0.5,10.0,8760.0,5.356368620818993,0.4140344856690936,1.103204504757516,0.37530166336666493,-0.888395778999953,0.009494482935591481,425,131.27586206896552,0.5013696573980262
crypto,SOL,priority_with_coverage_fallback,30,30,"BTC,ETH,XRP,BNB,TRX,ADA,AVAX,DOT,NEAR,ATOM,ALGO,DOGE,BCH,LTC,XLM,ETC,LINK,UNI,AAVE,INJ,FIL,VET,FET,GRT,THETA,XTZ,SAND,CHZ,DASH,HBAR","TON,SUI,ICP,MKR,RENDER,RNDR,ARB,OP,MATIC,POL,APT,SEI,EOS,MANA","CHZ,DASH,HBAR",1440,336,0.8,336,1.5,0.75,10.0,8760.0,0.02254305733730466,0.004184683213907414,1.0278420559534818,0.004071329042890229,-0.9234038646432038,0.011162432640492687,511,94.216,0.5004670119724888
crypto,SOL,priority_with_coverage_fallback,30,30,"BTC,ETH,XRP,BNB,TRX,ADA,AVAX,DOT,NEAR,ATOM,ALGO,DOGE,BCH,LTC,XLM,ETC,LINK,UNI,AAVE,INJ,FIL,VET,FET,GRT,THETA,XTZ,SAND,CHZ,DASH,HBAR","TON,SUI,ICP,MKR,RENDER,RNDR,ARB,OP,MATIC,POL,APT,SEI,EOS,MANA","CHZ,DASH,HBAR",1440,336,0.8,336,1.5,1.0,10.0,8760.0,-0.7155083941376836,-0.2098048951118292,0.9391682635925249,-0.2233943620595519,-0.9478100773135782,0.012915918227696518,596,70.02721088435374,0.4985914124732854
crypto,SOL,priority_with_coverage_fallback,30,30,"BTC,ETH,XRP,BNB,TRX,ADA,AVAX,DOT,NEAR,ATOM,ALGO,DOGE,BCH,LTC,XLM,ETC,LINK,UNI,AAVE,INJ,FIL,VET,FET,GRT,THETA,XTZ,SAND,CHZ,DASH,HBAR","TON,SUI,ICP,MKR,RENDER,RNDR,ARB,OP,MATIC,POL,APT,SEI,EOS,MANA","CHZ,DASH,HBAR",1440,336,0.8,336,2.0,0.0,10.0,8760.0,2.5172321017378194,0.2656578970474559,1.312724747576091,0.2023713634849847,-0.889116313538019,0.0040415704387990765,95,46177.0,0.5025445568139983
crypto,SOL,priority_with_coverage_fallback,30,30,"BTC,ETH,XRP,BNB,TRX,ADA,AVAX,DOT,NEAR,ATOM,ALGO,DOGE,BCH,LTC,XLM,ETC,LINK,UNI,AAVE,INJ,FIL,VET,FET,GRT,THETA,XTZ,SAND,CHZ,DASH,HBAR","TON,SUI,ICP,MKR,RENDER,RNDR,ARB,OP,MATIC,POL,APT,SEI,EOS,MANA","CHZ,DASH,HBAR",1440,336,0.8,336,2.0,0.25,10.0,8760.0,1.6463139581499964,0.1999708466418042,1.0678322641017703,0.1872680320349881,-0.8093298691211636,0.006500727054999572,291,190.10071942446044,0.5031410838631547
crypto,SOL,priority_with_coverage_fallback,30,30,"BTC,ETH,XRP,BNB,TRX,ADA,AVAX,DOT,NEAR,ATOM,ALGO,DOGE,BCH,LTC,XLM,ETC,LINK,UNI,AAVE,INJ,FIL,VET,FET,GRT,THETA,XTZ,SAND,CHZ,DASH,HBAR","TON,SUI,ICP,MKR,RENDER,RNDR,ARB,OP,MATIC,POL,APT,SEI,EOS,MANA","CHZ,DASH,HBAR",1440,336,0.8,336,2.0,0.5,10.0,8760.0,0.3442070134380215,0.0569750618389282,0.9922227734560322,0.05742164296479223,-0.8833584091698912,0.006928406466512702,312,150.69333333333333,0.501858078216245
crypto,SOL,priority_with_coverage_fallback,30,30,"BTC,ETH,XRP,BNB,TRX,ADA,AVAX,DOT,NEAR,ATOM,ALGO,DOGE,BCH,LTC,XLM,ETC,LINK,UNI,AAVE,INJ,FIL,VET,FET,GRT,THETA,XTZ,SAND,CHZ,DASH,HBAR","TON,SUI,ICP,MKR,RENDER,RNDR,ARB,OP,MATIC,POL,APT,SEI,EOS,MANA","CHZ,DASH,HBAR",1440,336,0.8,336,2.0,0.75,10.0,8760.0,-0.7595839157349094,-0.23433310689956666,0.9501567744438508,-0.24662572872432273,-0.9131036421923217,0.0075699255837823965,348,113.73684210526316,0.4996143760604658
crypto,SOL,priority_with_coverage_fallback,30,30,"BTC,ETH,XRP,BNB,TRX,ADA,AVAX,DOT,NEAR,ATOM,ALGO,DOGE,BCH,LTC,XLM,ETC,LINK,UNI,AAVE,INJ,FIL,VET,FET,GRT,THETA,XTZ,SAND,CHZ,DASH,HBAR","TON,SUI,ICP,MKR,RENDER,RNDR,ARB,OP,MATIC,POL,APT,SEI,EOS,MANA","CHZ,DASH,HBAR",1440,336,0.8,336,2.0,1.0,10.0,8760.0,-0.9142251895249728,-0.3687620065974,0.853919120068052,-0.4318465273011008,-0.9505936059576059,0.008040372936446839,373,91.15675675675676,0.49887333965844405
crypto,SOL,priority_with_coverage_fallback,30,30,"BTC,ETH,XRP,BNB,TRX,ADA,AVAX,DOT,NEAR,ATOM,ALGO,DOGE,BCH,LTC,XLM,ETC,LINK,UNI,AAVE,INJ,FIL,VET,FET,GRT,THETA,XTZ,SAND,CHZ,DASH,HBAR","TON,SUI,ICP,MKR,RENDER,RNDR,ARB,OP,MATIC,POL,APT,SEI,EOS,MANA","CHZ,DASH,HBAR",1440,336,0.8,336,2.5,0.0,10.0,8760.0,2.206722968279134,0.24393372456881068,1.3098603521195866,0.18622880231017191,-0.7902900794389001,0.002715764263108374,64,45921.0,0.5001633239694258
crypto,SOL,priority_with_coverage_fallback,30,30,"BTC,ETH,XRP,BNB,TRX,ADA,AVAX,DOT,NEAR,ATOM,ALGO,DOGE,BCH,LTC,XLM,ETC,LINK,UNI,AAVE,INJ,FIL,VET,FET,GRT,THETA,XTZ,SAND,CHZ,DASH,HBAR","TON,SUI,ICP,MKR,RENDER,RNDR,ARB,OP,MATIC,POL,APT,SEI,EOS,MANA","CHZ,DASH,HBAR",1440,336,0.8,336,2.5,0.25,10.0,8760.0,0.1840866427323664,0.03215865049735478,1.0302943189895237,0.031213071745260956,-0.721309845196025,0.0047044735266444275,215,203.58095238095237,0.5022922904191617
crypto,SOL,priority_with_coverage_fallback,30,30,"BTC,ETH,XRP,BNB,TRX,ADA,AVAX,DOT,NEAR,ATOM,ALGO,DOGE,BCH,LTC,XLM,ETC,LINK,UNI,AAVE,INJ,FIL,VET,FET,GRT,THETA,XTZ,SAND,CHZ,DASH,HBAR","TON,SUI,ICP,MKR,RENDER,RNDR,ARB,OP,MATIC,POL,APT,SEI,EOS,MANA","CHZ,DASH,HBAR",1440,336,0.8,336,2.5,0.5,10.0,8760.0,-0.4544161376277909,-0.10729502198032148,0.9586797649232172,-0.11191956470356396,-0.8490165976434437,0.004918313232400992,226,166.92792792792793,0.5005666792595391
crypto,SOL,priority_with_coverage_fallback,30,30,"BTC,ETH,XRP,BNB,TRX,ADA,AVAX,DOT,NEAR,ATOM,ALGO,DOGE,BCH,LTC,XLM,ETC,LINK,UNI,AAVE,INJ,FIL,VET,FET,GRT,THETA,XTZ,SAND,CHZ,DASH,HBAR","TON,SUI,ICP,MKR,RENDER,RNDR,ARB,OP,MATIC,POL,APT,SEI,EOS,MANA","CHZ,DASH,HBAR",1440,336,0.8,336,2.5,0.75,10.0,8760.0,-0.8070450401224426,-0.26523400618442705,0.9071767171794572,-0.2923730307024167,-0.8803362948402187,0.005217688820460183,241,127.80672268907563,0.49884936550726544
crypto,SOL,priority_with_coverage_fallback,30,30,"BTC,ETH,XRP,BNB,TRX,ADA,AVAX,DOT,NEAR,ATOM,ALGO,DOGE,BCH,LTC,XLM,ETC,LINK,UNI,AAVE,INJ,FIL,VET,FET,GRT,THETA,XTZ,SAND,CHZ,DASH,HBAR","TON,SUI,ICP,MKR,RENDER,RNDR,ARB,OP,MATIC,POL,APT,SEI,EOS,MANA","CHZ,DASH,HBAR",1440,336,0.8,336,2.5,1.0,10.0,8760.0,-0.9069739010621793,-0.35909249358886786,0.8130106859622259,-0.44168237858260084,-0.9291723217064436,0.005388760585065435,250,105.54032258064517,0.4985099717276687
crypto,SOL,priority_with_coverage_fallback,30,30,"BTC,ETH,XRP,BNB,TRX,ADA,AVAX,DOT,NEAR,ATOM,ALGO,DOGE,BCH,LTC,XLM,ETC,LINK,UNI,AAVE,INJ,FIL,VET,FET,GRT,THETA,XTZ,SAND,CHZ,DASH,HBAR","TON,SUI,ICP,MKR,RENDER,RNDR,ARB,OP,MATIC,POL,APT,SEI,EOS,MANA","CHZ,DASH,HBAR",1440,336,0.8,336,3.0,0.0,10.0,8760.0,5.893062551248057,0.43566918999317505,1.2871374303364769,0.33847915515850135,-0.803623569673042,0.0020742451458386794,49,45120.0,0.4967420212765957
crypto,SOL,priority_with_coverage_fallback,30,30,"BTC,ETH,XRP,BNB,TRX,ADA,AVAX,DOT,NEAR,ATOM,ALGO,DOGE,BCH,LTC,XLM,ETC,LINK,UNI,AAVE,INJ,FIL,VET,FET,GRT,THETA,XTZ,SAND,CHZ,DASH,HBAR","TON,SUI,ICP,MKR,RENDER,RNDR,ARB,OP,MATIC,POL,APT,SEI,EOS,MANA","CHZ,DASH,HBAR",1440,336,0.8,336,3.0,0.25,10.0,8760.0,1.6173215587819119,0.19749714191432965,0.9676740766517872,0.20409469125977014,-0.7438506370553524,0.003464203233256351,158,216.14285714285714,0.5029742233972241
crypto,SOL,priority_with_coverage_fallback,30,30,"BTC,ETH,XRP,BNB,TRX,ADA,AVAX,DOT,NEAR,ATOM,ALGO,DOGE,BCH,LTC,XLM,ETC,LINK,UNI,AAVE,INJ,FIL,VET,FET,GRT,THETA,XTZ,SAND,CHZ,DASH,HBAR","TON,SUI,ICP,MKR,RENDER,RNDR,ARB,OP,MATIC,POL,APT,SEI,EOS,MANA","CHZ,DASH,HBAR",1440,336,0.8,336,3.0,0.5,10.0,8760.0,-0.04503240501854788,-0.008594327657433065,0.8939399694147899,-0.009613987461662853,-0.7697074162887851,0.003506971174407664,161,183.54430379746836,0.5019310344827587
crypto,SOL,priority_with_coverage_fallback,30,30,"BTC,ETH,XRP,BNB,TRX,ADA,AVAX,DOT,NEAR,ATOM,ALGO,DOGE,BCH,LTC,XLM,ETC,LINK,UNI,AAVE,INJ,FIL,VET,FET,GRT,THETA,XTZ,SAND,CHZ,DASH,HBAR","TON,SUI,ICP,MKR,RENDER,RNDR,ARB,OP,MATIC,POL,APT,SEI,EOS,MANA","CHZ,DASH,HBAR",1440,336,0.8,336,3.0,0.75,10.0,8760.0,-0.6058526275215632,-0.16004247113012715,0.8573384892176461,-0.18667361041514885,-0.8148864948212211,0.003549739115558977,164,143.03703703703704,0.5004315553253927
crypto,SOL,priority_with_coverage_fallback,30,30,"BTC,ETH,XRP,BNB,TRX,ADA,AVAX,DOT,NEAR,ATOM,ALGO,DOGE,BCH,LTC,XLM,ETC,LINK,UNI,AAVE,INJ,FIL,VET,FET,GRT,THETA,XTZ,SAND,CHZ,DASH,HBAR","TON,SUI,ICP,MKR,RENDER,RNDR,ARB,OP,MATIC,POL,APT,SEI,EOS,MANA","CHZ,DASH,HBAR",1440,336,0.8,336,3.0,1.0,10.0,8760.0,-0.8218401634829817,-0.27613261541943235,0.7572333095987652,-0.36465989004861205,-0.848771681001764,0.00359250705671029,167,115.27710843373494,0.50188127090301
crypto,XRP,priority_with_coverage_fallback,30,30,"BTC,ETH,SOL,BNB,TRX,ADA,AVAX,DOT,NEAR,ATOM,ALGO,DOGE,BCH,LTC,XLM,ETC,LINK,UNI,AAVE,INJ,FIL,VET,FET,GRT,THETA,XTZ,SAND,CHZ,DASH,HBAR","TON,SUI,ICP,MKR,RENDER,RNDR,ARB,OP,MATIC,POL,APT,SEI,EOS,MANA","CHZ,DASH,HBAR",1440,24,0.8,336,1.0,0.0,10.0,8760.0,2.7111152630433653,0.2518959476873359,1.0415888131472117,0.24183818461550094,-0.9001203720304155,0.008390049284205586,215,50793.0,0.506920244915638
crypto,XRP,priority_with_coverage_fallback,30,30,"BTC,ETH,SOL,BNB,TRX,ADA,AVAX,DOT,NEAR,ATOM,ALGO,DOGE,BCH,LTC,XLM,ETC,LINK,UNI,AAVE,INJ,FIL,VET,FET,GRT,THETA,XTZ,SAND,CHZ,DASH,HBAR","TON,SUI,ICP,MKR,RENDER,RNDR,ARB,OP,MATIC,POL,APT,SEI,EOS,MANA","CHZ,DASH,HBAR",1440,24,0.8,336,1.0,0.25,10.0,8760.0,15.095299503639914,0.6096566024432,0.8804124843363625,0.6924670120991605,-0.7406853389973196,0.017327700852694986,858,84.09156626506024,0.5106882915926414
crypto,XRP,priority_with_coverage_fallback,30,30,"BTC,ETH,SOL,BNB,TRX,ADA,AVAX,DOT,NEAR,ATOM,ALGO,DOGE,BCH,LTC,XLM,ETC,LINK,UNI,AAVE,INJ,FIL,VET,FET,GRT,THETA,XTZ,SAND,CHZ,DASH,HBAR","TON,SUI,ICP,MKR,RENDER,RNDR,ARB,OP,MATIC,POL,APT,SEI,EOS,MANA","CHZ,DASH,HBAR",1440,24,0.8,336,1.0,0.5,10.0,8760.0,8.276305950355207,0.46464353890487087,0.8420509599029258,0.5517997853222998,-0.7079809820983346,0.022099663615739656,1116,56.55716878402904,0.5111189551711967
crypto,XRP,priority_with_coverage_fallback,30,30,"BTC,ETH,SOL,BNB,TRX,ADA,AVAX,DOT,NEAR,ATOM,ALGO,DOGE,BCH,LTC,XLM,ETC,LINK,UNI,AAVE,INJ,FIL,VET,FET,GRT,THETA,XTZ,SAND,CHZ,DASH,HBAR","TON,SUI,ICP,MKR,RENDER,RNDR,ARB,OP,MATIC,POL,APT,SEI,EOS,MANA","CHZ,DASH,HBAR",1440,24,0.8,336,1.0,0.75,10.0,8760.0,6.1712488573485365,0.40146288374595396,0.8171750293454094,0.4912813893341089,-0.7049355474962189,0.03082218571540327,1569,35.47247119078105,0.5118755414380595
crypto,XRP,priority_with_coverage_fallback,30,30,"BTC,ETH,SOL,BNB,TRX,ADA,AVAX,DOT,NEAR,ATOM,ALGO,DOGE,BCH,LTC,XLM,ETC,LINK,UNI,AAVE,INJ,FIL,VET,FET,GRT,THETA,XTZ,SAND,CHZ,DASH,HBAR","TON,SUI,ICP,MKR,RENDER,RNDR,ARB,OP,MATIC,POL,APT,SEI,EOS,MANA","CHZ,DASH,HBAR",1440,24,0.8,336,1.5,0.0,10.0,8760.0,41.06810053297187,0.8976569261479439,1.041169504161801,0.8621621384028217,-0.8324710966996444,0.006160525698192912,158,50662.0,0.5068493150684932
crypto,XRP,priority_with_coverage_fallback,30,30,"BTC,ETH,SOL,BNB,TRX,ADA,AVAX,DOT,NEAR,ATOM,ALGO,DOGE,BCH,LTC,XLM,ETC,LINK,UNI,AAVE,INJ,FIL,VET,FET,GRT,THETA,XTZ,SAND,CHZ,DASH,HBAR","TON,SUI,ICP,MKR,RENDER,RNDR,ARB,OP,MATIC,POL,APT,SEI,EOS,MANA","CHZ,DASH,HBAR",1440,24,0.8,336,1.5,0.25,10.0,8760.0,42.571849799780544,0.9091096800292302,0.841897281108615,1.0798344411233989,-0.6711992782171246,0.011538762418837518,576,103.04270462633453,0.5117250906579175
crypto,XRP,priority_with_coverage_fallback,30,30,"BTC,ETH,SOL,BNB,TRX,ADA,AVAX,DOT,NEAR,ATOM,ALGO,DOGE,BCH,LTC,XLM,ETC,LINK,UNI,AAVE,INJ,FIL,VET,FET,GRT,THETA,XTZ,SAND,CHZ,DASH,HBAR","TON,SUI,ICP,MKR,RENDER,RNDR,ARB,OP,MATIC,POL,APT,SEI,EOS,MANA","CHZ,DASH,HBAR",1440,24,0.8,336,1.5,0.5,10.0,8760.0,22.365585072648035,0.7157986173815467,0.7973510149667852,0.8977208330403447,-0.6711992782171241,0.012985997027301886,656,78.01851851851852,0.5122240683598386
crypto,XRP,priority_with_coverage_fallback,30,30,"BTC,ETH,SOL,BNB,TRX,ADA,AVAX,DOT,NEAR,ATOM,ALGO,DOGE,BCH,LTC,XLM,ETC,LINK,UNI,AAVE,INJ,FIL,VET,FET,GRT,THETA,XTZ,SAND,CHZ,DASH,HBAR","TON,SUI,ICP,MKR,RENDER,RNDR,ARB,OP,MATIC,POL,APT,SEI,EOS,MANA","CHZ,DASH,HBAR",1440,24,0.8,336,1.5,0.75,10.0,8760.0,13.465681453828111,0.5804863602392596,0.7600694923961402,0.7637280091446115,-0.6754452088622596,0.015215520613314559,774,57.08051948051948,0.5146068438296323
crypto,XRP,priority_with_coverage_fallback,30,30,"BTC,ETH,SOL,BNB,TRX,ADA,AVAX,DOT,NEAR,ATOM,ALGO,DOGE,BCH,LTC,XLM,ETC,LINK,UNI,AAVE,INJ,FIL,VET,FET,GRT,THETA,XTZ,SAND,CHZ,DASH,HBAR","TON,SUI,ICP,MKR,RENDER,RNDR,ARB,OP,MATIC,POL,APT,SEI,EOS,MANA","CHZ,DASH,HBAR",1440,24,0.8,336,1.5,1.0,10.0,8760.0,13.419103864699874,0.579613347987519,0.7192812337722122,0.8058229810164568,-0.7195402914181099,0.01846201987014003,940,39.715811965811966,0.5156830042502825
crypto,XRP,priority_with_coverage_fallback,30,30,"BTC,ETH,SOL,BNB,TRX,ADA,AVAX,DOT,NEAR,ATOM,ALGO,DOGE,BCH,LTC,XLM,ETC,LINK,UNI,AAVE,INJ,FIL,VET,FET,GRT,THETA,XTZ,SAND,CHZ,DASH,HBAR","TON,SUI,ICP,MKR,RENDER,RNDR,ARB,OP,MATIC,POL,APT,SEI,EOS,MANA","CHZ,DASH,HBAR",1440,24,0.8,336,2.0,0.0,10.0,8760.0,159.16544516867089,1.3861050857202675,1.0407540442678878,1.3318277198675839,-0.8560525237882223,0.0047915199874833765,123,50496.0,0.5099017743979721
crypto,XRP,priority_with_coverage_fallback,30,30,"BTC,ETH,SOL,BNB,TRX,ADA,AVAX,DOT,NEAR,ATOM,ALGO,DOGE,BCH,LTC,XLM,ETC,LINK,UNI,AAVE,INJ,FIL,VET,FET,GRT,THETA,XTZ,SAND,CHZ,DASH,HBAR","TON,SUI,ICP,MKR,RENDER,RNDR,ARB,OP,MATIC,POL,APT,SEI,EOS,MANA","CHZ,DASH,HBAR",1440,24,0.8,336,2.0,0.25,10.0,8760.0,67.27887785891014,1.0618273718312397,0.7559256363629494,1.4046717305952234,-0.6675956745396056,0.008370492059766877,419,110.42439024390244,0.5158369041834165
crypto,XRP,priority_with_coverage_fallback,30,30,"BTC,ETH,SOL,BNB,TRX,ADA,AVAX,DOT,NEAR,ATOM,ALGO,DOGE,BCH,LTC,XLM,ETC,LINK,UNI,AAVE,INJ,FIL,VET,FET,GRT,THETA,XTZ,SAND,CHZ,DASH,HBAR","TON,SUI,ICP,MKR,RENDER,RNDR,ARB,OP,MATIC,POL,APT,SEI,EOS,MANA","CHZ,DASH,HBAR",1440,24,0.8,336,2.0,0.5,10.0,8760.0,22.6698090491481,0.7196054491167938,0.7077935685065172,1.0166883129995097,-0.6969232229479505,0.008800750997418446,444,88.03196347031964,0.5157425177654442
crypto,XRP,priority_with_coverage_fallback,30,30,"BTC,ETH,SOL,BNB,TRX,ADA,AVAX,DOT,NEAR,ATOM,ALGO,DOGE,BCH,LTC,XLM,ETC,LINK,UNI,AAVE,INJ,FIL,VET,FET,GRT,THETA,XTZ,SAND,CHZ,DASH,HBAR","TON,SUI,ICP,MKR,RENDER,RNDR,ARB,OP,MATIC,POL,APT,SEI,EOS,MANA","CHZ,DASH,HBAR",1440,24,0.8,336,2.0,0.75,10.0,8760.0,10.483417283841927,0.5191923057177403,0.6689974039179909,0.7760752174479074,-0.7422068735641818,0.00934835328170226,477,69.47058823529412,0.5160880609652837
crypto,XRP,priority_with_coverage_fallback,30,30,"BTC,ETH,SOL,BNB,TRX,ADA,AVAX,DOT,NEAR,ATOM,ALGO,DOGE,BCH,LTC,XLM,ETC,LINK,UNI,AAVE,INJ,FIL,VET,FET,GRT,THETA,XTZ,SAND,CHZ,DASH,HBAR","TON,SUI,ICP,MKR,RENDER,RNDR,ARB,OP,MATIC,POL,APT,SEI,EOS,MANA","CHZ,DASH,HBAR",1440,24,0.8,336,2.0,1.0,10.0,8760.0,3.9394334721581963,0.3147453994964924,0.6365384864975699,0.4944640523282703,-0.7406105420068406,0.010130642259250568,517,53.81782945736434,0.5145840835433921
crypto,XRP,priority_with_coverage_fallback,30,30,"BTC,ETH,SOL,BNB,TRX,ADA,AVAX,DOT,NEAR,ATOM,ALGO,DOGE,BCH,LTC,XLM,ETC,LINK,UNI,AAVE,INJ,FIL,VET,FET,GRT,THETA,XTZ,SAND,CHZ,DASH,HBAR","TON,SUI,ICP,MKR,RENDER,RNDR,ARB,OP,MATIC,POL,APT,SEI,EOS,MANA","CHZ,DASH,HBAR",1440,24,0.8,336,2.5,0.0,10.0,8760.0,137.56665756310176,1.3276181225740733,1.04079043045813,1.2755864040656955,-0.7806148800283075,0.003226942032386764,83,50493.0,0.5116946903531182
crypto,XRP,priority_with_coverage_fallback,30,30,"BTC,ETH,SOL,BNB,TRX,ADA,AVAX,DOT,NEAR,ATOM,ALGO,DOGE,BCH,LTC,XLM,ETC,LINK,UNI,AAVE,INJ,FIL,VET,FET,GRT,THETA,XTZ,SAND,CHZ,DASH,HBAR","TON,SUI,ICP,MKR,RENDER,RNDR,ARB,OP,MATIC,POL,APT,SEI,EOS,MANA","CHZ,DASH,HBAR",1440,24,0.8,336,2.5,0.25,10.0,8760.0,27.266172386481003,0.7726905496478902,0.7015720257437534,1.1013702389697513,-0.6675956745396059,0.005788938433857467,295,121.22448979591837,0.5160493827160494
crypto,XRP,priority_with_coverage_fallback,30,30,"BTC,ETH,SOL,BNB,TRX,ADA,AVAX,DOT,NEAR,ATOM,ALGO,DOGE,BCH,LTC,XLM,ETC,LINK,UNI,AAVE,INJ,FIL,VET,FET,GRT,THETA,XTZ,SAND,CHZ,DASH,HBAR","TON,SUI,ICP,MKR,RENDER,RNDR,ARB,OP,MATIC,POL,APT,SEI,EOS,MANA","CHZ,DASH,HBAR",1440,24,0.8,336,2.5,0.5,10.0,8760.0,8.575737772992827,0.47263694198577966,0.6599256353794662,0.7161972753399812,-0.6675956745396059,0.005906281780489713,302,99.72185430463576,0.5156727321025368
crypto,XRP,priority_with_coverage_fallback,30,30,"BTC,ETH,SOL,BNB,TRX,ADA,AVAX,DOT,NEAR,ATOM,ALGO,DOGE,BCH,LTC,XLM,ETC,LINK,UNI,AAVE,INJ,FIL,VET,FET,GRT,THETA,XTZ,SAND,CHZ,DASH,HBAR","TON,SUI,ICP,MKR,RENDER,RNDR,ARB,OP,MATIC,POL,APT,SEI,EOS,MANA","CHZ,DASH,HBAR",1440,24,0.8,336,2.5,0.75,10.0,8760.0,5.647096893850706,0.3833573242914947,0.6066372303950743,0.6319383398902704,-0.687605914828413,0.006101854024876789,312,80.97435897435898,0.5175744141861938
crypto,XRP,priority_with_coverage_fallback,30,30,"BTC,ETH,SOL,BNB,TRX,ADA,AVAX,DOT,NEAR,ATOM,ALGO,DOGE,BCH,LTC,XLM,ETC,LINK,UNI,AAVE,INJ,FIL,VET,FET,GRT,THETA,XTZ,SAND,CHZ,DASH,HBAR","TON,SUI,ICP,MKR,RENDER,RNDR,ARB,OP,MATIC,POL,APT,SEI,EOS,MANA","CHZ,DASH,HBAR",1440,24,0.8,336,2.5,1.0,10.0,8760.0,2.281013322174415,0.22575353140490684,0.5696996348832899,0.39626764277487253,-0.6699131136755243,0.0062974262692638665,322,66.17391304347827,0.5140792190726488
crypto,XRP,priority_with_coverage_fallback,30,30,"BTC,ETH,SOL,BNB,TRX,ADA,AVAX,DOT,NEAR,ATOM,ALGO,DOGE,BCH,LTC,XLM,ETC,LINK,UNI,AAVE,INJ,FIL,VET,FET,GRT,THETA,XTZ,SAND,CHZ,DASH,HBAR","TON,SUI,ICP,MKR,RENDER,RNDR,ARB,OP,MATIC,POL,APT,SEI,EOS,MANA","CHZ,DASH,HBAR",1440,24,0.8,336,3.0,0.0,10.0,8760.0,4.579715416430962,0.34248838349497257,1.0393734139911885,0.32951428128204563,-0.885304078652471,0.001779707423922397,46,49095.0,0.5101334148080252
crypto,XRP,priority_with_coverage_fallback,30,30,"BTC,ETH,SOL,BNB,TRX,ADA,AVAX,DOT,NEAR,ATOM,ALGO,DOGE,BCH,LTC,XLM,ETC,LINK,UNI,AAVE,INJ,FIL,VET,FET,GRT,THETA,XTZ,SAND,CHZ,DASH,HBAR","TON,SUI,ICP,MKR,RENDER,RNDR,ARB,OP,MATIC,POL,APT,SEI,EOS,MANA","CHZ,DASH,HBAR",1440,24,0.8,336,3.0,0.25,10.0,8760.0,14.349995991949694,0.5966348102339969,0.649322211364142,0.9188578486796937,-0.7445072349869739,0.004185246029883439,214,118.01869158878505,0.5232024073487488
crypto,XRP,priority_with_coverage_fallback,30,30,"BTC,ETH,SOL,BNB,TRX,ADA,AVAX,DOT,NEAR,ATOM,ALGO,DOGE,BCH,LTC,XLM,ETC,LINK,UNI,AAVE,INJ,FIL,VET,FET,GRT,THETA,XTZ,SAND,CHZ,DASH,HBAR","TON,SUI,ICP,MKR,RENDER,RNDR,ARB,OP,MATIC,POL,APT,SEI,EOS,MANA","CHZ,DASH,HBAR",1440,24,0.8,336,3.0,0.5,10.0,8760.0,4.918635165161585,0.3561195989567716,0.6072241267740794,0.5864714250546694,-0.7634277782225759,0.004224360478760855,216,99.38888888888889,0.5228246692752003
crypto,XRP,priority_with_coverage_fallback,30,30,"BTC,ETH,SOL,BNB,TRX,ADA,AVAX,DOT,NEAR,ATOM,ALGO,DOGE,BCH,LTC,XLM,ETC,LINK,UNI,AAVE,INJ,FIL,VET,FET,GRT,THETA,XTZ,SAND,CHZ,DASH,HBAR","TON,SUI,ICP,MKR,RENDER,RNDR,ARB,OP,MATIC,POL,APT,SEI,EOS,MANA","CHZ,DASH,HBAR",1440,24,0.8,336,3.0,0.75,10.0,8760.0,3.5674360637586364,0.29722687383545376,0.5511733398679176,0.5392620657354015,-0.7799988673139694,0.00426347492763827,218,78.8348623853211,0.5264750378214826
crypto,XRP,priority_with_coverage_fallback,30,30,"BTC,ETH,SOL,BNB,TRX,ADA,AVAX,DOT,NEAR,ATOM,ALGO,DOGE,BCH,LTC,XLM,ETC,LINK,UNI,AAVE,INJ,FIL,VET,FET,GRT,THETA,XTZ,SAND,CHZ,DASH,HBAR","TON,SUI,ICP,MKR,RENDER,RNDR,ARB,OP,MATIC,POL,APT,SEI,EOS,MANA","CHZ,DASH,HBAR",1440,24,0.8,336,3.0,1.0,10.0,8760.0,2.532229305608954,0.24134483216510505,0.5252212880635119,0.45951075794155677,-0.6956661106372422,0.004380818274270516,224,65.58928571428571,0.523686359923768
crypto,XRP,priority_with_coverage_fallback,30,30,"BTC,ETH,SOL,BNB,TRX,ADA,AVAX,DOT,NEAR,ATOM,ALGO,DOGE,BCH,LTC,XLM,ETC,LINK,UNI,AAVE,INJ,FIL,VET,FET,GRT,THETA,XTZ,SAND,CHZ,DASH,HBAR","TON,SUI,ICP,MKR,RENDER,RNDR,ARB,OP,MATIC,POL,APT,SEI,EOS,MANA","CHZ,DASH,HBAR",1440,72,0.8,336,1.0,0.0,10.0,8760.0,2.9791599422175805,0.26694287456455723,1.1082107647314594,0.24087735208856464,-0.8906297251976152,0.008077133693186264,207,50796.0,0.5041144972045043
crypto,XRP,priority_with_coverage_fallback,30,30,"BTC,ETH,SOL,BNB,TRX,ADA,AVAX,DOT,NEAR,ATOM,ALGO,DOGE,BCH,LTC,XLM,ETC,LINK,UNI,AAVE,INJ,FIL,VET,FET,GRT,THETA,XTZ,SAND,CHZ,DASH,HBAR","TON,SUI,ICP,MKR,RENDER,RNDR,ARB,OP,MATIC,POL,APT,SEI,EOS,MANA","CHZ,DASH,HBAR",1440,72,0.8,336,1.0,0.25,10.0,8760.0,3.024647790231363,0.2694124636987132,0.9715884486904016,0.2772907233117609,-0.890053628921747,0.015880466244230618,782,93.84042553191489,0.5064051694819182
crypto,XRP,priority_with_coverage_fallback,30,30,"BTC,ETH,SOL,BNB,TRX,ADA,AVAX,DOT,NEAR,ATOM,ALGO,DOGE,BCH,LTC,XLM,ETC,LINK,UNI,AAVE,INJ,FIL,VET,FET,GRT,THETA,XTZ,SAND,CHZ,DASH,HBAR","TON,SUI,ICP,MKR,RENDER,RNDR,ARB,OP,MATIC,POL,APT,SEI,EOS,MANA","CHZ,DASH,HBAR",1440,72,0.8,336,1.0,0.5,10.0,8760.0,8.413233811729475,0.4683249938548524,0.9220437544040255,0.5079205749379649,-0.7604736264068329,0.021160916842681687,1066,60.44952380952381,0.5080980589866397
crypto,XRP,priority_with_coverage_fallback,30,30,"BTC,ETH,SOL,BNB,TRX,ADA,AVAX,DOT,NEAR,ATOM,ALGO,DOGE,BCH,LTC,XLM,ETC,LINK,UNI,AAVE,INJ,FIL,VET,FET,GRT,THETA,XTZ,SAND,CHZ,DASH,HBAR","TON,SUI,ICP,MKR,RENDER,RNDR,ARB,OP,MATIC,POL,APT,SEI,EOS,MANA","CHZ,DASH,HBAR",1440,72,0.8,336,1.0,0.75,10.0,8760.0,2.662303493220893,0.2490594718417969,0.8953187601788452,0.278179663957947,-0.7392812116489036,0.02914026441367441,1482,38.54002713704206,0.5076749753555837
crypto,XRP,priority_with_coverage_fallback,30,30,"BTC,ETH,SOL,BNB,TRX,ADA,AVAX,DOT,NEAR,ATOM,ALGO,DOGE,BCH,LTC,XLM,ETC,LINK,UNI,AAVE,INJ,FIL,VET,FET,GRT,THETA,XTZ,SAND,CHZ,DASH,HBAR","TON,SUI,ICP,MKR,RENDER,RNDR,ARB,OP,MATIC,POL,APT,SEI,EOS,MANA","CHZ,DASH,HBAR",1440,72,0.8,336,1.5,0.0,10.0,8760.0,14.775215067820529,0.6041266987061713,1.1080671690225918,0.5452076513006533,-0.8678959620159652,0.005652037862786514,145,50787.0,0.5027467659046606
crypto,XRP,priority_with_coverage_fallback,30,30,"BTC,ETH,SOL,BNB,TRX,ADA,AVAX,DOT,NEAR,ATOM,ALGO,DOGE,BCH,LTC,XLM,ETC,LINK,UNI,AAVE,INJ,FIL,VET,FET,GRT,THETA,XTZ,SAND,CHZ,DASH,HBAR","TON,SUI,ICP,MKR,RENDER,RNDR,ARB,OP,MATIC,POL,APT,SEI,EOS,MANA","CHZ,DASH,HBAR",1440,72,0.8,336,1.5,0.25,10.0,8760.0,13.411290146155922,0.579466665202244,0.9211229167935837,0.6290872310715703,-0.8682510888875501,0.010717358992411797,533,114.38610038610038,0.5068858435158307
crypto,XRP,priority_with_coverage_fallback,30,30,"BTC,ETH,SOL,BNB,TRX,ADA,AVAX,DOT,NEAR,ATOM,ALGO,DOGE,BCH,LTC,XLM,ETC,LINK,UNI,AAVE,INJ,FIL,VET,FET,GRT,THETA,XTZ,SAND,CHZ,DASH,HBAR","TON,SUI,ICP,MKR,RENDER,RNDR,ARB,OP,MATIC,POL,APT,SEI,EOS,MANA","CHZ,DASH,HBAR",1440,72,0.8,336,1.5,0.5,10.0,8760.0,22.957548111869695,0.7231688718895555,0.8650829607735698,0.8359532029655136,-0.742411143883591,0.012594852538527733,637,82.6126984126984,0.5086654113668678
crypto,XRP,priority_with_coverage_fallback,30,30,"BTC,ETH,SOL,BNB,TRX,ADA,AVAX,DOT,NEAR,ATOM,ALGO,DOGE,BCH,LTC,XLM,ETC,LINK,UNI,AAVE,INJ,FIL,VET,FET,GRT,THETA,XTZ,SAND,CHZ,DASH,HBAR","TON,SUI,ICP,MKR,RENDER,RNDR,ARB,OP,MATIC,POL,APT,SEI,EOS,MANA","CHZ,DASH,HBAR",1440,72,0.8,336,1.5,0.75,10.0,8760.0,16.369369589221225,0.6308026142966665,0.8319324611377318,0.7582377702079268,-0.7144588192570533,0.014394117186888837,732,63.45879120879121,0.5085501536863067
crypto,XRP,priority_with_coverage_fallback,30,30,"BTC,ETH,SOL,BNB,TRX,ADA,AVAX,DOT,NEAR,ATOM,ALGO,DOGE,BCH,LTC,XLM,ETC,LINK,UNI,AAVE,INJ,FIL,VET,FET,GRT,THETA,XTZ,SAND,CHZ,DASH,HBAR","TON,SUI,ICP,MKR,RENDER,RNDR,ARB,OP,MATIC,POL,APT,SEI,EOS,MANA","CHZ,DASH,HBAR",1440,72,0.8,336,1.5,1.0,10.0,8760.0,15.373258129861782,0.614385277369411,0.7890461825976209,0.7786429881034234,-0.6895091125468563,0.01779707423922397,907,42.309734513274336,0.5115038694833717
crypto,XRP,priority_with_coverage_fallback,30,30,"BTC,ETH,SOL,BNB,TRX,ADA,AVAX,DOT,NEAR,ATOM,ALGO,DOGE,BCH,LTC,XLM,ETC,LINK,UNI,AAVE,INJ,FIL,VET,FET,GRT,THETA,XTZ,SAND,CHZ,DASH,HBAR","TON,SUI,ICP,MKR,RENDER,RNDR,ARB,OP,MATIC,POL,APT,SEI,EOS,MANA","CHZ,DASH,HBAR",1440,72,0.8,336,2.0,0.0,10.0,8760.0,96.4823195886141,1.191519479877854,1.107312623677171,1.0760461448737468,-0.8398608748586398,0.004478604396464054,115,50493.0,0.5058721010833185
crypto,XRP,priority_with_coverage_fallback,30,30,"BTC,ETH,SOL,BNB,TRX,ADA,AVAX,DOT,NEAR,ATOM,ALGO,DOGE,BCH,LTC,XLM,ETC,LINK,UNI,AAVE,INJ,FIL,VET,FET,GRT,THETA,XTZ,SAND,CHZ,DASH,HBAR","TON,SUI,ICP,MKR,RENDER,RNDR,ARB,OP,MATIC,POL,APT,SEI,EOS,MANA","CHZ,DASH,HBAR",1440,72,0.8,336,2.0,0.25,10.0,8760.0,21.368851467873156,0.7030315433833618,0.8649296179656094,0.8128193656230133,-0.8908773060162276,0.007862004224360479,394,120.03108808290155,0.5089786756453423
crypto,XRP,priority_with_coverage_fallback,30,30,"BTC,ETH,SOL,BNB,TRX,ADA,AVAX,DOT,NEAR,ATOM,ALGO,DOGE,BCH,LTC,XLM,ETC,LINK,UNI,AAVE,INJ,FIL,VET,FET,GRT,THETA,XTZ,SAND,CHZ,DASH,HBAR","TON,SUI,ICP,MKR,RENDER,RNDR,ARB,OP,MATIC,POL,APT,SEI,EOS,MANA","CHZ,DASH,HBAR",1440,72,0.8,336,2.0,0.5,10.0,8760.0,23.656868819690256,0.7316838050905852,0.8146371031807327,0.8981714707490511,-0.7885145840749626,0.00844872095752171,426,94.50952380952381,0.5097999697687308
crypto,XRP,priority_with_coverage_fallback,30,30,"BTC,ETH,SOL,BNB,TRX,ADA,AVAX,DOT,NEAR,ATOM,ALGO,DOGE,BCH,LTC,XLM,ETC,LINK,UNI,AAVE,INJ,FIL,VET,FET,GRT,THETA,XTZ,SAND,CHZ,DASH,HBAR","TON,SUI,ICP,MKR,RENDER,RNDR,ARB,OP,MATIC,POL,APT,SEI,EOS,MANA","CHZ,DASH,HBAR",1440,72,0.8,336,2.0,0.75,10.0,8760.0,17.840720940354043,0.6536795146362386,0.7824573594014725,0.8354187059295598,-0.804134388802157,0.009035437690682938,459,74.95614035087719,0.5102984201287303
crypto,XRP,priority_with_coverage_fallback,30,30,"BTC,ETH,SOL,BNB,TRX,ADA,AVAX,DOT,NEAR,ATOM,ALGO,DOGE,BCH,LTC,XLM,ETC,LINK,UNI,AAVE,INJ,FIL,VET,FET,GRT,THETA,XTZ,SAND,CHZ,DASH,HBAR","TON,SUI,ICP,MKR,RENDER,RNDR,ARB,OP,MATIC,POL,APT,SEI,EOS,MANA","CHZ,DASH,HBAR",1440,72,0.8,336,2.0,1.0,10.0,8760.0,8.995956979642198,0.48351246018855654,0.7138739275505132,0.6773079132440281,-0.792525227468557,0.009895955565986075,504,57.03585657370518,0.5108270466610785
crypto,XRP,priority_with_coverage_fallback,30,30,"BTC,ETH,SOL,BNB,TRX,ADA,AVAX,DOT,NEAR,ATOM,ALGO,DOGE,BCH,LTC,XLM,ETC,LINK,UNI,AAVE,INJ,FIL,VET,FET,GRT,THETA,XTZ,SAND,CHZ,DASH,HBAR","TON,SUI,ICP,MKR,RENDER,RNDR,ARB,OP,MATIC,POL,APT,SEI,EOS,MANA","CHZ,DASH,HBAR",1440,72,0.8,336,2.5,0.0,10.0,8760.0,19.95284146043545,0.6840579715976332,1.106820759836656,0.6180386169288928,-0.9102186912428394,0.0029922553391222716,77,50009.0,0.5083085044691955
crypto,XRP,priority_with_coverage_fallback,30,30,"BTC,ETH,SOL,BNB,TRX,ADA,AVAX,DOT,NEAR,ATOM,ALGO,DOGE,BCH,LTC,XLM,ETC,LINK,UNI,AAVE,INJ,FIL,VET,FET,GRT,THETA,XTZ,SAND,CHZ,DASH,HBAR","TON,SUI,ICP,MKR,RENDER,RNDR,ARB,OP,MATIC,POL,APT,SEI,EOS,MANA","CHZ,DASH,HBAR",1440,72,0.8,336,2.5,0.25,10.0,8760.0,6.353218707906953,0.40749232982126093,0.8209434567077077,0.49637076279949727,-0.8559072402873298,0.005436908393960729,275,136.25,0.5094441446303292
crypto,XRP,priority_with_coverage_fallback,30,30,"BTC,ETH,SOL,BNB,TRX,ADA,AVAX,DOT,NEAR,ATOM,ALGO,DOGE,BCH,LTC,XLM,ETC,LINK,UNI,AAVE,INJ,FIL,VET,FET,GRT,THETA,XTZ,SAND,CHZ,DASH,HBAR","TON,SUI,ICP,MKR,RENDER,RNDR,ARB,OP,MATIC,POL,APT,SEI,EOS,MANA","CHZ,DASH,HBAR",1440,72,0.8,336,2.5,0.5,10.0,8760.0,6.693067564511544,0.4184293658927569,0.7705822656312032,0.5430041470653506,-0.7207407908738741,0.005710709536102637,290,106.72222222222223,0.5098906819364915
crypto,XRP,priority_with_coverage_fallback,30,30,"BTC,ETH,SOL,BNB,TRX,ADA,AVAX,DOT,NEAR,ATOM,ALGO,DOGE,BCH,LTC,XLM,ETC,LINK,UNI,AAVE,INJ,FIL,VET,FET,GRT,THETA,XTZ,SAND,CHZ,DASH,HBAR","TON,SUI,ICP,MKR,RENDER,RNDR,ARB,OP,MATIC,POL,APT,SEI,EOS,MANA","CHZ,DASH,HBAR",1440,72,0.8,336,2.5,0.75,10.0,8760.0,5.572643453298239,0.38069032343681,0.6997849689075389,0.5440104322776755,-0.7413662051405814,0.005867167331612298,299,88.36241610738254,0.5115448883487772
crypto,XRP,priority_with_coverage_fallback,30,30,"BTC,ETH,SOL,BNB,TRX,ADA,AVAX,DOT,NEAR,ATOM,ALGO,DOGE,BCH,LTC,XLM,ETC,LINK,UNI,AAVE,INJ,FIL,VET,FET,GRT,THETA,XTZ,SAND,CHZ,DASH,HBAR","TON,SUI,ICP,MKR,RENDER,RNDR,ARB,OP,MATIC,POL,APT,SEI,EOS,MANA","CHZ,DASH,HBAR",1440,72,0.8,336,2.5,1.0,10.0,8760.0,2.5763624563115353,0.24398835289333332,0.6503385705380678,0.37517127838729564,-0.6869502187790799,0.00618008292263162,316,70.01898734177215,0.51044020609238
crypto,XRP,priority_with_coverage_fallback,30,30,"BTC,ETH,SOL,BNB,TRX,ADA,AVAX,DOT,NEAR,ATOM,ALGO,DOGE,BCH,LTC,XLM,ETC,LINK,UNI,AAVE,INJ,FIL,VET,FET,GRT,THETA,XTZ,SAND,CHZ,DASH,HBAR","TON,SUI,ICP,MKR,RENDER,RNDR,ARB,OP,MATIC,POL,APT,SEI,EOS,MANA","CHZ,DASH,HBAR",1440,72,0.8,336,3.0,0.0,10.0,8760.0,15.58499460707609,0.6179429344268814,1.1059978007077849,0.5587198582415155,-0.8768806570406651,0.0020143941171868887,52,49090.0,0.5122224485638623
crypto,XRP,priority_with_coverage_fallback,30,30,"BTC,ETH,SOL,BNB,TRX,ADA,AVAX,DOT,NEAR,ATOM,ALGO,DOGE,BCH,LTC,XLM,ETC,LINK,UNI,AAVE,INJ,FIL,VET,FET,GRT,THETA,XTZ,SAND,CHZ,DASH,HBAR","TON,SUI,ICP,MKR,RENDER,RNDR,ARB,OP,MATIC,POL,APT,SEI,EOS,MANA","CHZ,DASH,HBAR",1440,72,0.8,336,3.0,0.25,10.0,8760.0,16.61606722534072,0.6347476630525839,0.7295370751685015,0.8700690953999506,-0.6970783644386231,0.004185246029883439,213,136.16037735849056,0.5166632023834269
crypto,XRP,priority_with_coverage_fallback,30,30,"BTC,ETH,SOL,BNB,TRX,ADA,AVAX,DOT,NEAR,ATOM,ALGO,DOGE,BCH,LTC,XLM,ETC,LINK,UNI,AAVE,INJ,FIL,VET,FET,GRT,THETA,XTZ,SAND,CHZ,DASH,HBAR","TON,SUI,ICP,MKR,RENDER,RNDR,ARB,OP,MATIC,POL,APT,SEI,EOS,MANA","CHZ,DASH,HBAR",1440,72,0.8,336,3.0,0.5,10.0,8760.0,7.883711991861878,0.45383267232862257,0.7085234175545105,0.6405330594365384,-0.7242177039499311,0.004224360478760855,215,108.39252336448598,0.5166408001379548
crypto,XRP,priority_with_coverage_fallback,30,30,"BTC,ETH,SOL,BNB,TRX,ADA,AVAX,DOT,NEAR,ATOM,ALGO,DOGE,BCH,LTC,XLM,ETC,LINK,UNI,AAVE,INJ,FIL,VET,FET,GRT,THETA,XTZ,SAND,CHZ,DASH,HBAR","TON,SUI,ICP,MKR,RENDER,RNDR,ARB,OP,MATIC,POL,APT,SEI,EOS,MANA","CHZ,DASH,HBAR",1440,72,0.8,336,3.0,0.75,10.0,8760.0,5.163852448118542,0.36558425421695606,0.6352494087408883,0.5754971971427275,-0.7445863217701126,0.004224360478760855,216,91.16666666666667,0.5174690229534836
crypto,XRP,priority_with_coverage_fallback,30,30,"BTC,ETH,SOL,BNB,TRX,ADA,AVAX,DOT,NEAR,ATOM,ALGO,DOGE,BCH,LTC,XLM,ETC,LINK,UNI,AAVE,INJ,FIL,VET,FET,GRT,THETA,XTZ,SAND,CHZ,DASH,HBAR","TON,SUI,ICP,MKR,RENDER,RNDR,ARB,OP,MATIC,POL,APT,SEI,EOS,MANA","CHZ,DASH,HBAR",1440,72,0.8,336,3.0,1.0,10.0,8760.0,4.199167023303882,0.3263394709394041,0.5904526443459387,0.5526937241527636,-0.6719278880870156,0.004419932723147931,226,72.79646017699115,0.5181132992949186
crypto,XRP,priority_with_coverage_fallback,30,30,"BTC,ETH,SOL,BNB,TRX,ADA,AVAX,DOT,NEAR,ATOM,ALGO,DOGE,BCH,LTC,XLM,ETC,LINK,UNI,AAVE,INJ,FIL,VET,FET,GRT,THETA,XTZ,SAND,CHZ,DASH,HBAR","TON,SUI,ICP,MKR,RENDER,RNDR,ARB,OP,MATIC,POL,APT,SEI,EOS,MANA","CHZ,DASH,HBAR",1440,168,0.8,336,1.0,0.0,10.0,8760.0,1.3456027862092754,0.1572640757179724,1.2574244770354794,0.12506840656445647,-0.9249910437730454,0.0076859892044121095,197,50774.0,0.4996651829676606
crypto,XRP,priority_with_coverage_fallback,30,30,"BTC,ETH,SOL,BNB,TRX,ADA,AVAX,DOT,NEAR,ATOM,ALGO,DOGE,BCH,LTC,XLM,ETC,LINK,UNI,AAVE,INJ,FIL,VET,FET,GRT,THETA,XTZ,SAND,CHZ,DASH,HBAR","TON,SUI,ICP,MKR,RENDER,RNDR,ARB,OP,MATIC,POL,APT,SEI,EOS,MANA","CHZ,DASH,HBAR",1440,168,0.8,336,1.0,0.25,10.0,8760.0,0.6466277788895627,0.08919943893748061,1.1602807373985504,0.07687746255054916,-0.9169760484532762,0.013983415473675976,679,112.21428571428571,0.49926659840035426
crypto,XRP,priority_with_coverage_fallback,30,30,"BTC,ETH,SOL,BNB,TRX,ADA,AVAX,DOT,NEAR,ATOM,ALGO,DOGE,BCH,LTC,XLM,ETC,LINK,UNI,AAVE,INJ,FIL,VET,FET,GRT,THETA,XTZ,SAND,CHZ,DASH,HBAR","TON,SUI,ICP,MKR,RENDER,RNDR,ARB,OP,MATIC,POL,APT,SEI,EOS,MANA","CHZ,DASH,HBAR",1440,168,0.8,336,1.0,0.5,10.0,8760.0,1.5309056053836505,0.1724376437771764,1.1330179156635747,0.1521932190067664,-0.879730068069694,0.018344676523507783,911,74.11764705882354,0.49923687423687424
crypto,XRP,priority_with_coverage_fallback,30,30,"BTC,ETH,SOL,BNB,TRX,ADA,AVAX,DOT,NEAR,ATOM,ALGO,DOGE,BCH,LTC,XLM,ETC,LINK,UNI,AAVE,INJ,FIL,VET,FET,GRT,THETA,XTZ,SAND,CHZ,DASH,HBAR","TON,SUI,ICP,MKR,RENDER,RNDR,ARB,OP,MATIC,POL,APT,SEI,EOS,MANA","CHZ,DASH,HBAR",1440,168,0.8,336,1.0,0.75,10.0,8760.0,1.09121438511673,0.13472622727965677,1.108153941491151,0.12157717645110466,-0.907238418277132,0.026715168583274662,1347,44.14156626506024,0.4990446946434664
crypto,XRP,priority_with_coverage_fallback,30,30,"BTC,ETH,SOL,BNB,TRX,ADA,AVAX,DOT,NEAR,ATOM,ALGO,DOGE,BCH,LTC,XLM,ETC,LINK,UNI,AAVE,INJ,FIL,VET,FET,GRT,THETA,XTZ,SAND,CHZ,DASH,HBAR","TON,SUI,ICP,MKR,RENDER,RNDR,ARB,OP,MATIC,POL,APT,SEI,EOS,MANA","CHZ,DASH,HBAR",1440,168,0.8,336,1.5,0.0,10.0,8760.0,8.684646758411176,0.47549296165130905,1.2570991791985533,0.37824617939409777,-0.9335200515781154,0.005652037862786514,145,50628.0,0.4994271944378605
crypto,XRP,priority_with_coverage_fallback,30,30,"BTC,ETH,SOL,BNB,TRX,ADA,AVAX,DOT,NEAR,ATOM,ALGO,DOGE,BCH,LTC,XLM,ETC,LINK,UNI,AAVE,INJ,FIL,VET,FET,GRT,THETA,XTZ,SAND,CHZ,DASH,HBAR","TON,SUI,ICP,MKR,RENDER,RNDR,ARB,OP,MATIC,POL,APT,SEI,EOS,MANA","CHZ,DASH,HBAR",1440,168,0.8,336,1.5,0.25,10.0,8760.0,10.135864108992692,0.5112144186941874,1.1214315114122115,0.4558587960939481,-0.9279855557029855,0.009935070014863491,484,136.26956521739132,0.5000957182056027
crypto,XRP,priority_with_coverage_fallback,30,30,"BTC,ETH,SOL,BNB,TRX,ADA,AVAX,DOT,NEAR,ATOM,ALGO,DOGE,BCH,LTC,XLM,ETC,LINK,UNI,AAVE,INJ,FIL,VET,FET,GRT,THETA,XTZ,SAND,CHZ,DASH,HBAR","TON,SUI,ICP,MKR,RENDER,RNDR,ARB,OP,MATIC,POL,APT,SEI,EOS,MANA","CHZ,DASH,HBAR",1440,168,0.8,336,1.5,0.5,10.0,8760.0,9.21788555542763,0.4891040008926919,1.0907812223707212,0.44839789213612014,-0.882491436322164,0.011421419072205273,568,100.47101449275362,0.4993148214929679
crypto,XRP,priority_with_coverage_fallback,30,30,"BTC,ETH,SOL,BNB,TRX,ADA,AVAX,DOT,NEAR,ATOM,ALGO,DOGE,BCH,LTC,XLM,ETC,LINK,UNI,AAVE,INJ,FIL,VET,FET,GRT,THETA,XTZ,SAND,CHZ,DASH,HBAR","TON,SUI,ICP,MKR,RENDER,RNDR,ARB,OP,MATIC,POL,APT,SEI,EOS,MANA","CHZ,DASH,HBAR",1440,168,0.8,336,1.5,0.75,10.0,8760.0,6.90247940163647,0.4249708346089722,1.0638669708156807,0.3994586224282736,-0.9219094985862626,0.013807400453727607,695,70.46783625730994,0.5000414937759337
crypto,XRP,priority_with_coverage_fallback,30,30,"BTC,ETH,SOL,BNB,TRX,ADA,AVAX,DOT,NEAR,ATOM,ALGO,DOGE,BCH,LTC,XLM,ETC,LINK,UNI,AAVE,INJ,FIL,VET,FET,GRT,THETA,XTZ,SAND,CHZ,DASH,HBAR","TON,SUI,ICP,MKR,RENDER,RNDR,ARB,OP,MATIC,POL,APT,SEI,EOS,MANA","CHZ,DASH,HBAR",1440,168,0.8,336,1.5,1.0,10.0,8760.0,2.3590010790543037,0.23069659353870375,1.0392178460097299,0.22199060035824655,-0.9325182212155443,0.01654541187514668,835,50.62864077669903,0.4994486792271921
crypto,XRP,priority_with_coverage_fallback,30,30,"BTC,ETH,SOL,BNB,TRX,ADA,AVAX,DOT,NEAR,ATOM,ALGO,DOGE,BCH,LTC,XLM,ETC,LINK,UNI,AAVE,INJ,FIL,VET,FET,GRT,THETA,XTZ,SAND,CHZ,DASH,HBAR","TON,SUI,ICP,MKR,RENDER,RNDR,ARB,OP,MATIC,POL,APT,SEI,EOS,MANA","CHZ,DASH,HBAR",1440,168,0.8,336,2.0,0.0,10.0,8760.0,24.518802315934003,0.7419075992323487,1.2567366288470583,0.5903445337731436,-0.8469747153575751,0.003931002112180239,101,50475.0,0.5038930163447252
crypto,XRP,priority_with_coverage_fallback,30,30,"BTC,ETH,SOL,BNB,TRX,ADA,AVAX,DOT,NEAR,ATOM,ALGO,DOGE,BCH,LTC,XLM,ETC,LINK,UNI,AAVE,INJ,FIL,VET,FET,GRT,THETA,XTZ,SAND,CHZ,DASH,HBAR","TON,SUI,ICP,MKR,RENDER,RNDR,ARB,OP,MATIC,POL,APT,SEI,EOS,MANA","CHZ,DASH,HBAR",1440,168,0.8,336,2.0,0.25,10.0,8760.0,9.763754077101929,0.5024407688914756,1.0728567536305182,0.46832046048200715,-0.8329651412624814,0.0070406007979347575,347,149.91616766467067,0.5032752835916281
crypto,XRP,priority_with_coverage_fallback,30,30,"BTC,ETH,SOL,BNB,TRX,ADA,AVAX,DOT,NEAR,ATOM,ALGO,DOGE,BCH,LTC,XLM,ETC,LINK,UNI,AAVE,INJ,FIL,VET,FET,GRT,THETA,XTZ,SAND,CHZ,DASH,HBAR","TON,SUI,ICP,MKR,RENDER,RNDR,ARB,OP,MATIC,POL,APT,SEI,EOS,MANA","CHZ,DASH,HBAR",1440,168,0.8,336,2.0,0.5,10.0,8760.0,4.4336038892075855,0.33639923165823515,1.0439626855915798,0.32223300344073946,-0.8615431485341116,0.0077446608777282325,388,114.63157894736842,0.5028466483011937
crypto,XRP,priority_with_coverage_fallback,30,30,"BTC,ETH,SOL,BNB,TRX,ADA,AVAX,DOT,NEAR,ATOM,ALGO,DOGE,BCH,LTC,XLM,ETC,LINK,UNI,AAVE,INJ,FIL,VET,FET,GRT,THETA,XTZ,SAND,CHZ,DASH,HBAR","TON,SUI,ICP,MKR,RENDER,RNDR,ARB,OP,MATIC,POL,APT,SEI,EOS,MANA","CHZ,DASH,HBAR",1440,168,0.8,336,2.0,0.75,10.0,8760.0,4.804619481348171,0.35160783925409,1.0040823466975992,0.3501782900680597,-0.868893590134523,0.008331377610889463,423,87.55238095238096,0.5026106820406832
crypto,XRP,priority_with_coverage_fallback,30,30,"BTC,ETH,SOL,BNB,TRX,ADA,AVAX,DOT,NEAR,ATOM,ALGO,DOGE,BCH,LTC,XLM,ETC,LINK,UNI,AAVE,INJ,FIL,VET,FET,GRT,THETA,XTZ,SAND,CHZ,DASH,HBAR","TON,SUI,ICP,MKR,RENDER,RNDR,ARB,OP,MATIC,POL,APT,SEI,EOS,MANA","CHZ,DASH,HBAR",1440,168,0.8,336,2.0,1.0,10.0,8760.0,5.2293599879721775,0.36805976376907945,0.9715202681133086,0.3788492899729731,-0.7849586378609802,0.009113666588437768,463,67.17391304347827,0.5016181229773463
crypto,XRP,priority_with_coverage_fallback,30,30,"BTC,ETH,SOL,BNB,TRX,ADA,AVAX,DOT,NEAR,ATOM,ALGO,DOGE,BCH,LTC,XLM,ETC,LINK,UNI,AAVE,INJ,FIL,VET,FET,GRT,THETA,XTZ,SAND,CHZ,DASH,HBAR","TON,SUI,ICP,MKR,RENDER,RNDR,ARB,OP,MATIC,POL,APT,SEI,EOS,MANA","CHZ,DASH,HBAR",1440,168,0.8,336,2.5,0.0,10.0,8760.0,2.8823268323095244,0.26160678236526635,1.2563337694084191,0.2082303196295133,-0.9271372437277988,0.002640225299225534,68,49920.0,0.505048076923077
crypto,XRP,priority_with_coverage_fallback,30,30,"BTC,ETH,SOL,BNB,TRX,ADA,AVAX,DOT,NEAR,ATOM,ALGO,DOGE,BCH,LTC,XLM,ETC,LINK,UNI,AAVE,INJ,FIL,VET,FET,GRT,THETA,XTZ,SAND,CHZ,DASH,HBAR","TON,SUI,ICP,MKR,RENDER,RNDR,ARB,OP,MATIC,POL,APT,SEI,EOS,MANA","CHZ,DASH,HBAR",1440,168,0.8,336,2.5,0.25,10.0,8760.0,1.5586040248296893,0.17462600697478137,0.8488022942737872,0.2057322513768495,-0.80255618339604,0.00492842055855433,248,164.2295081967213,0.5027450588939908
crypto,XRP,priority_with_coverage_fallback,30,30,"BTC,ETH,SOL,BNB,TRX,ADA,AVAX,DOT,NEAR,ATOM,ALGO,DOGE,BCH,LTC,XLM,ETC,LINK,UNI,AAVE,INJ,FIL,VET,FET,GRT,THETA,XTZ,SAND,CHZ,DASH,HBAR","TON,SUI,ICP,MKR,RENDER,RNDR,ARB,OP,MATIC,POL,APT,SEI,EOS,MANA","CHZ,DASH,HBAR",1440,168,0.8,336,2.5,0.5,10.0,8760.0,0.6063291365122436,0.08458560888272681,0.8267196170774542,0.10231474750985872,-0.8216512893104101,0.005202221700696237,265,129.53787878787878,0.5030118720393005
crypto,XRP,priority_with_coverage_fallback,30,30,"BTC,ETH,SOL,BNB,TRX,ADA,AVAX,DOT,NEAR,ATOM,ALGO,DOGE,BCH,LTC,XLM,ETC,LINK,UNI,AAVE,INJ,FIL,VET,FET,GRT,THETA,XTZ,SAND,CHZ,DASH,HBAR","TON,SUI,ICP,MKR,RENDER,RNDR,ARB,OP,MATIC,POL,APT,SEI,EOS,MANA","CHZ,DASH,HBAR",1440,168,0.8,336,2.5,0.75,10.0,8760.0,0.3173854485909855,0.048357391334596045,0.7282459985037562,0.06640255000913214,-0.8191655605516531,0.005436908393960729,278,102.33812949640287,0.5033391915641476
crypto,XRP,priority_with_coverage_fallback,30,30,"BTC,ETH,SOL,BNB,TRX,ADA,AVAX,DOT,NEAR,ATOM,ALGO,DOGE,BCH,LTC,XLM,ETC,LINK,UNI,AAVE,INJ,FIL,VET,FET,GRT,THETA,XTZ,SAND,CHZ,DASH,HBAR","TON,SUI,ICP,MKR,RENDER,RNDR,ARB,OP,MATIC,POL,APT,SEI,EOS,MANA","CHZ,DASH,HBAR",1440,168,0.8,336,2.5,1.0,10.0,8760.0,-0.0033354141489483347,-0.0005722187599245254,0.707491470265902,-0.0008087995176951943,-0.8289194301847091,0.005749823984980052,294,79.3265306122449,0.5035588714518481
crypto,XRP,priority_with_coverage_fallback,30,30,"BTC,ETH,SOL,BNB,TRX,ADA,AVAX,DOT,NEAR,ATOM,ALGO,DOGE,BCH,LTC,XLM,ETC,LINK,UNI,AAVE,INJ,FIL,VET,FET,GRT,THETA,XTZ,SAND,CHZ,DASH,HBAR","TON,SUI,ICP,MKR,RENDER,RNDR,ARB,OP,MATIC,POL,APT,SEI,EOS,MANA","CHZ,DASH,HBAR",1440,168,0.8,336,3.0,0.0,10.0,8760.0,7.350528172517574,0.43849785473814573,1.2552907800426778,0.34931974464373705,-0.9026574176107295,0.0018188218727998122,47,48947.0,0.5077941446871106
crypto,XRP,priority_with_coverage_fallback,30,30,"BTC,ETH,SOL,BNB,TRX,ADA,AVAX,DOT,NEAR,ATOM,ALGO,DOGE,BCH,LTC,XLM,ETC,LINK,UNI,AAVE,INJ,FIL,VET,FET,GRT,THETA,XTZ,SAND,CHZ,DASH,HBAR","TON,SUI,ICP,MKR,RENDER,RNDR,ARB,OP,MATIC,POL,APT,SEI,EOS,MANA","CHZ,DASH,HBAR",1440,168,0.8,336,3.0,0.25,10.0,8760.0,6.300948864377981,0.4057731793840982,0.8157705558502026,0.4974109159421648,-0.7398359843857885,0.00367675819447704,186,176.7391304347826,0.5071340713407134
crypto,XRP,priority_with_coverage_fallback,30,30,"BTC,ETH,SOL,BNB,TRX,ADA,AVAX,DOT,NEAR,ATOM,ALGO,DOGE,BCH,LTC,XLM,ETC,LINK,UNI,AAVE,INJ,FIL,VET,FET,GRT,THETA,XTZ,SAND,CHZ,DASH,HBAR","TON,SUI,ICP,MKR,RENDER,RNDR,ARB,OP,MATIC,POL,APT,SEI,EOS,MANA","CHZ,DASH,HBAR",1440,168,0.8,336,3.0,0.5,10.0,8760.0,4.395200714641259,0.33477629291112465,0.7931201373494567,0.4221003567377824,-0.7471170253710137,0.003911444887741531,199,133.45454545454547,0.5081743869209809
crypto,XRP,priority_with_coverage_fallback,30,30,"BTC,ETH,SOL,BNB,TRX,ADA,AVAX,DOT,NEAR,ATOM,ALGO,DOGE,BCH,LTC,XLM,ETC,LINK,UNI,AAVE,INJ,FIL,VET,FET,GRT,THETA,XTZ,SAND,CHZ,DASH,HBAR","TON,SUI,ICP,MKR,RENDER,RNDR,ARB,OP,MATIC,POL,APT,SEI,EOS,MANA","CHZ,DASH,HBAR",1440,168,0.8,336,3.0,0.75,10.0,8760.0,3.0443825982646766,0.27047670102500065,0.691349473413262,0.3912300673198316,-0.6176466820458413,0.0040287882343737775,206,106.54368932038835,0.5097503189356661
crypto,XRP,priority_with_coverage_fallback,30,30,"BTC,ETH,SOL,BNB,TRX,ADA,AVAX,DOT,NEAR,ATOM,ALGO,DOGE,BCH,LTC,XLM,ETC,LINK,UNI,AAVE,INJ,FIL,VET,FET,GRT,THETA,XTZ,SAND,CHZ,DASH,HBAR","TON,SUI,ICP,MKR,RENDER,RNDR,ARB,OP,MATIC,POL,APT,SEI,EOS,MANA","CHZ,DASH,HBAR",1440,168,0.8,336,3.0,1.0,10.0,8760.0,1.8565727310270281,0.19700509968773705,0.6644218328620164,0.2965060597709919,-0.6796953470282137,0.004185246029883439,214,83.20560747663552,0.512973155116253
crypto,XRP,priority_with_coverage_fallback,30,30,"BTC,ETH,SOL,BNB,TRX,ADA,AVAX,DOT,NEAR,ATOM,ALGO,DOGE,BCH,LTC,XLM,ETC,LINK,UNI,AAVE,INJ,FIL,VET,FET,GRT,THETA,XTZ,SAND,CHZ,DASH,HBAR","TON,SUI,ICP,MKR,RENDER,RNDR,ARB,OP,MATIC,POL,APT,SEI,EOS,MANA","CHZ,DASH,HBAR",1440,336,0.8,336,1.0,0.0,10.0,8760.0,3.121676246214344,0.27460391283714314,1.3733352764578548,0.19995402254969327,-0.9281357349893663,0.007373073613392787,189,50796.0,0.4994487754941334
crypto,XRP,priority_with_coverage_fallback,30,30,"BTC,ETH,SOL,BNB,TRX,ADA,AVAX,DOT,NEAR,ATOM,ALGO,DOGE,BCH,LTC,XLM,ETC,LINK,UNI,AAVE,INJ,FIL,VET,FET,GRT,THETA,XTZ,SAND,CHZ,DASH,HBAR","TON,SUI,ICP,MKR,RENDER,RNDR,ARB,OP,MATIC,POL,APT,SEI,EOS,MANA","CHZ,DASH,HBAR",1440,336,0.8,336,1.0,0.25,10.0,8760.0,2.3628583075864005,0.23093859668439198,1.2838141833338803,0.1798847525462585,-0.9174179536852092,0.013162012047250255,627,128.67697594501718,0.5000400587528375
crypto,XRP,priority_with_coverage_fallback,30,30,"BTC,ETH,SOL,BNB,TRX,ADA,AVAX,DOT,NEAR,ATOM,ALGO,DOGE,BCH,LTC,XLM,ETC,LINK,UNI,AAVE,INJ,FIL,VET,FET,GRT,THETA,XTZ,SAND,CHZ,DASH,HBAR","TON,SUI,ICP,MKR,RENDER,RNDR,ARB,OP,MATIC,POL,APT,SEI,EOS,MANA","CHZ,DASH,HBAR",1440,336,0.8,336,1.0,0.5,10.0,8760.0,1.0930972193507729,0.13490119341186535,1.2635376970079637,0.1067646764566733,-0.9244234145870196,0.01629116795744348,803,87.39276485788113,0.49915732828715886
crypto,XRP,priority_with_coverage_fallback,30,30,"BTC,ETH,SOL,BNB,TRX,ADA,AVAX,DOT,NEAR,ATOM,ALGO,DOGE,BCH,LTC,XLM,ETC,LINK,UNI,AAVE,INJ,FIL,VET,FET,GRT,THETA,XTZ,SAND,CHZ,DASH,HBAR","TON,SUI,ICP,MKR,RENDER,RNDR,ARB,OP,MATIC,POL,APT,SEI,EOS,MANA","CHZ,DASH,HBAR",1440,336,0.8,336,1.0,0.75,10.0,8760.0,0.009031776573485306,0.0015415767839470629,1.2334994490751725,0.0012497587940577307,-0.921557666426542,0.023762027693029805,1192,52.02051282051282,0.4975354889589905
crypto,XRP,priority_with_coverage_fallback,30,30,"BTC,ETH,SOL,BNB,TRX,ADA,AVAX,DOT,NEAR,ATOM,ALGO,DOGE,BCH,LTC,XLM,ETC,LINK,UNI,AAVE,INJ,FIL,VET,FET,GRT,THETA,XTZ,SAND,CHZ,DASH,HBAR","TON,SUI,ICP,MKR,RENDER,RNDR,ARB,OP,MATIC,POL,APT,SEI,EOS,MANA","CHZ,DASH,HBAR",1440,336,0.8,336,1.5,0.0,10.0,8760.0,1.0786348236772207,0.13355388496653386,1.3732957140382387,0.09725063844684446,-0.9071045719557884,0.00518266447625753,133,50787.0,0.49902534113060426
crypto,XRP,priority_with_coverage_fallback,30,30,"BTC,ETH,SOL,BNB,TRX,ADA,AVAX,DOT,NEAR,ATOM,ALGO,DOGE,BCH,LTC,XLM,ETC,LINK,UNI,AAVE,INJ,FIL,VET,FET,GRT,THETA,XTZ,SAND,CHZ,DASH,HBAR","TON,SUI,ICP,MKR,RENDER,RNDR,ARB,OP,MATIC,POL,APT,SEI,EOS,MANA","CHZ,DASH,HBAR",1440,336,0.8,336,1.5,0.25,10.0,8760.0,1.3207079232517778,0.15515050340655878,1.230190498221039,0.1261190877599199,-0.908740440774148,0.00952436830165063,458,152.86511627906978,0.5004259721292521
crypto,XRP,priority_with_coverage_fallback,30,30,"BTC,ETH,SOL,BNB,TRX,ADA,AVAX,DOT,NEAR,ATOM,ALGO,DOGE,BCH,LTC,XLM,ETC,LINK,UNI,AAVE,INJ,FIL,VET,FET,GRT,THETA,XTZ,SAND,CHZ,DASH,HBAR","TON,SUI,ICP,MKR,RENDER,RNDR,ARB,OP,MATIC,POL,APT,SEI,EOS,MANA","CHZ,DASH,HBAR",1440,336,0.8,336,1.5,0.5,10.0,8760.0,-0.05020775563189228,-0.00878627661005904,1.197062439692149,-0.007339864921598096,-0.9208029393058665,0.010345771728076351,511,117.38056680161944,0.4974649053219743
crypto,XRP,priority_with_coverage_fallback,30,30,"BTC,ETH,SOL,BNB,TRX,ADA,AVAX,DOT,NEAR,ATOM,ALGO,DOGE,BCH,LTC,XLM,ETC,LINK,UNI,AAVE,INJ,FIL,VET,FET,GRT,THETA,XTZ,SAND,CHZ,DASH,HBAR","TON,SUI,ICP,MKR,RENDER,RNDR,ARB,OP,MATIC,POL,APT,SEI,EOS,MANA","CHZ,DASH,HBAR",1440,336,0.8,336,1.5,0.75,10.0,8760.0,0.06682748673233307,0.011144290474214502,1.1748880905483332,0.00948540594109975,-0.9152174069413785,0.012457951967456778,621,83.75577557755776,0.4963748128300102
crypto,XRP,priority_with_coverage_fallback,30,30,"BTC,ETH,SOL,BNB,TRX,ADA,AVAX,DOT,NEAR,ATOM,ALGO,DOGE,BCH,LTC,XLM,ETC,LINK,UNI,AAVE,INJ,FIL,VET,FET,GRT,THETA,XTZ,SAND,CHZ,DASH,HBAR","TON,SUI,ICP,MKR,RENDER,RNDR,ARB,OP,MATIC,POL,APT,SEI,EOS,MANA","CHZ,DASH,HBAR",1440,336,0.8,336,1.5,1.0,10.0,8760.0,2.2699926555936,0.2250471819905948,1.145432220001676,0.19647359141884932,-0.8998073747001095,0.015293749511069389,770,56.79947229551451,0.49653922980443166
crypto,XRP,priority_with_coverage_fallback,30,30,"BTC,ETH,SOL,BNB,TRX,ADA,AVAX,DOT,NEAR,ATOM,ALGO,DOGE,BCH,LTC,XLM,ETC,LINK,UNI,AAVE,INJ,FIL,VET,FET,GRT,THETA,XTZ,SAND,CHZ,DASH,HBAR","TON,SUI,ICP,MKR,RENDER,RNDR,ARB,OP,MATIC,POL,APT,SEI,EOS,MANA","CHZ,DASH,HBAR",1440,336,0.8,336,2.0,0.0,10.0,8760.0,3.640184598709162,0.300743539907943,1.3728700909097415,0.21906190680332563,-0.9191304697100723,0.0038136587655479936,98,50496.0,0.4995049112801014
crypto,XRP,priority_with_coverage_fallback,30,30,"BTC,ETH,SOL,BNB,TRX,ADA,AVAX,DOT,NEAR,ATOM,ALGO,DOGE,BCH,LTC,XLM,ETC,LINK,UNI,AAVE,INJ,FIL,VET,FET,GRT,THETA,XTZ,SAND,CHZ,DASH,HBAR","TON,SUI,ICP,MKR,RENDER,RNDR,ARB,OP,MATIC,POL,APT,SEI,EOS,MANA","CHZ,DASH,HBAR",1440,336,0.8,336,2.0,0.25,10.0,8760.0,2.5802741533387916,0.24422135218022678,1.2092941441751655,0.20195363829104218,-0.9191530074982476,0.006981929124618634,337,171.1761006289308,0.5021861336664585
crypto,XRP,priority_with_coverage_fallback,30,30,"BTC,ETH,SOL,BNB,TRX,ADA,AVAX,DOT,NEAR,ATOM,ALGO,DOGE,BCH,LTC,XLM,ETC,LINK,UNI,AAVE,INJ,FIL,VET,FET,GRT,THETA,XTZ,SAND,CHZ,DASH,HBAR","TON,SUI,ICP,MKR,RENDER,RNDR,ARB,OP,MATIC,POL,APT,SEI,EOS,MANA","CHZ,DASH,HBAR",1440,336,0.8,336,2.0,0.5,10.0,8760.0,0.2071177366899899,0.03277437072091893,1.1773680120455445,0.02783698077882815,-0.9222101506421236,0.007216615817883126,359,137.30285714285714,0.4995838188779757
crypto,XRP,priority_with_coverage_fallback,30,30,"BTC,ETH,SOL,BNB,TRX,ADA,AVAX,DOT,NEAR,ATOM,ALGO,DOGE,BCH,LTC,XLM,ETC,LINK,UNI,AAVE,INJ,FIL,VET,FET,GRT,THETA,XTZ,SAND,CHZ,DASH,HBAR","TON,SUI,ICP,MKR,RENDER,RNDR,ARB,OP,MATIC,POL,APT,SEI,EOS,MANA","CHZ,DASH,HBAR",1440,336,0.8,336,2.0,0.75,10.0,8760.0,1.0051247791452673,0.1265831567143585,1.157097603976589,0.1093971297488916,-0.9073234914765264,0.008253148713134631,412,101.82089552238806,0.49877846183914787
crypto,XRP,priority_with_coverage_fallback,30,30,"BTC,ETH,SOL,BNB,TRX,ADA,AVAX,DOT,NEAR,ATOM,ALGO,DOGE,BCH,LTC,XLM,ETC,LINK,UNI,AAVE,INJ,FIL,VET,FET,GRT,THETA,XTZ,SAND,CHZ,DASH,HBAR","TON,SUI,ICP,MKR,RENDER,RNDR,ARB,OP,MATIC,POL,APT,SEI,EOS,MANA","CHZ,DASH,HBAR",1440,336,0.8,336,2.0,1.0,10.0,8760.0,0.17413100401042292,0.027883583820664137,0.8402678850045089,0.033184159859345946,-0.8851269867953763,0.008800750997418446,444,76.67123287671232,0.4974688821392413
crypto,XRP,priority_with_coverage_fallback,30,30,"BTC,ETH,SOL,BNB,TRX,ADA,AVAX,DOT,NEAR,ATOM,ALGO,DOGE,BCH,LTC,XLM,ETC,LINK,UNI,AAVE,INJ,FIL,VET,FET,GRT,THETA,XTZ,SAND,CHZ,DASH,HBAR","TON,SUI,ICP,MKR,RENDER,RNDR,ARB,OP,MATIC,POL,APT,SEI,EOS,MANA","CHZ,DASH,HBAR",1440,336,0.8,336,2.5,0.0,10.0,8760.0,1.651584330974324,0.18183132594496976,1.3728793247900393,0.1324452358351147,-0.9659476555465158,0.002874911992490026,74,50495.0,0.5036142192296267
crypto,XRP,priority_with_coverage_fallback,30,30,"BTC,ETH,SOL,BNB,TRX,ADA,AVAX,DOT,NEAR,ATOM,ALGO,DOGE,BCH,LTC,XLM,ETC,LINK,UNI,AAVE,INJ,FIL,VET,FET,GRT,THETA,XTZ,SAND,CHZ,DASH,HBAR","TON,SUI,ICP,MKR,RENDER,RNDR,ARB,OP,MATIC,POL,APT,SEI,EOS,MANA","CHZ,DASH,HBAR",1440,336,0.8,336,2.5,0.25,10.0,8760.0,0.06761774310638358,0.011272572265350833,1.0966785558098398,0.010278829840915991,-0.8646412771716947,0.004811077211922084,238,190.7478260869565,0.5030543398978847
crypto,XRP,priority_with_coverage_fallback,30,30,"BTC,ETH,SOL,BNB,TRX,ADA,AVAX,DOT,NEAR,ATOM,ALGO,DOGE,BCH,LTC,XLM,ETC,LINK,UNI,AAVE,INJ,FIL,VET,FET,GRT,THETA,XTZ,SAND,CHZ,DASH,HBAR","TON,SUI,ICP,MKR,RENDER,RNDR,ARB,OP,MATIC,POL,APT,SEI,EOS,MANA","CHZ,DASH,HBAR",1440,336,0.8,336,2.5,0.5,10.0,8760.0,-0.47176481260407654,-0.10357404760606381,1.0629278619614297,-0.09744221721212365,-0.8578098429849204,0.004889306109676915,246,159.52892561983472,0.5002331243848106
crypto,XRP,priority_with_coverage_fallback,30,30,"BTC,ETH,SOL,BNB,TRX,ADA,AVAX,DOT,NEAR,ATOM,ALGO,DOGE,BCH,LTC,XLM,ETC,LINK,UNI,AAVE,INJ,FIL,VET,FET,GRT,THETA,XTZ,SAND,CHZ,DASH,HBAR","TON,SUI,ICP,MKR,RENDER,RNDR,ARB,OP,MATIC,POL,APT,SEI,EOS,MANA","CHZ,DASH,HBAR",1440,336,0.8,336,2.5,0.75,10.0,8760.0,0.22196153297284194,0.0349391331163984,1.0343272108743815,0.033779574537986065,-0.8381941460176404,0.0055151372917155595,278,118.88321167883211,0.4999079020077362
crypto,XRP,priority_with_coverage_fallback,30,30,"BTC,ETH,SOL,BNB,TRX,ADA,AVAX,DOT,NEAR,ATOM,ALGO,DOGE,BCH,LTC,XLM,ETC,LINK,UNI,AAVE,INJ,FIL,VET,FET,GRT,THETA,XTZ,SAND,CHZ,DASH,HBAR","TON,SUI,ICP,MKR,RENDER,RNDR,ARB,OP,MATIC,POL,APT,SEI,EOS,MANA","CHZ,DASH,HBAR",1440,336,0.8,336,2.5,1.0,10.0,8760.0,-0.3365570501019376,-0.0678814289222659,0.6732046243966581,-0.10083327782114218,-0.8637079180916218,0.005632480638347806,285,94.32624113475177,0.4981954887218045
crypto,XRP,priority_with_coverage_fallback,30,30,"BTC,ETH,SOL,BNB,TRX,ADA,AVAX,DOT,NEAR,ATOM,ALGO,DOGE,BCH,LTC,XLM,ETC,LINK,UNI,AAVE,INJ,FIL,VET,FET,GRT,THETA,XTZ,SAND,CHZ,DASH,HBAR","TON,SUI,ICP,MKR,RENDER,RNDR,ARB,OP,MATIC,POL,APT,SEI,EOS,MANA","CHZ,DASH,HBAR",1440,336,0.8,336,3.0,0.0,10.0,8760.0,5.0122078702664306,0.35976890224525726,1.371078063685472,0.26239855466595,-0.9698912918121416,0.0020143941171868887,52,48776.0,0.5070321469575201
crypto,XRP,priority_with_coverage_fallback,30,30,"BTC,ETH,SOL,BNB,TRX,ADA,AVAX,DOT,NEAR,ATOM,ALGO,DOGE,BCH,LTC,XLM,ETC,LINK,UNI,AAVE,INJ,FIL,VET,FET,GRT,THETA,XTZ,SAND,CHZ,DASH,HBAR","TON,SUI,ICP,MKR,RENDER,RNDR,ARB,OP,MATIC,POL,APT,SEI,EOS,MANA","CHZ,DASH,HBAR",1440,336,0.8,336,3.0,0.25,10.0,8760.0,-0.08398345130497187,-0.0149160849865273,1.069025635056708,-0.013952972218235025,-0.9156433929607593,0.003715872643354455,185,196.0888888888889,0.5050997280145059
crypto,XRP,priority_with_coverage_fallback,30,30,"BTC,ETH,SOL,BNB,TRX,ADA,AVAX,DOT,NEAR,ATOM,ALGO,DOGE,BCH,LTC,XLM,ETC,LINK,UNI,AAVE,INJ,FIL,VET,FET,GRT,THETA,XTZ,SAND,CHZ,DASH,HBAR","TON,SUI,ICP,MKR,RENDER,RNDR,ARB,OP,MATIC,POL,APT,SEI,EOS,MANA","CHZ,DASH,HBAR",1440,336,0.8,336,3.0,0.5,10.0,8760.0,-0.5930579944630421,-0.14275569356524298,1.033762426354479,-0.1380933277568088,-0.9293535442186263,0.003715872643354455,188,161.8279569892473,0.5034551495016611
crypto,XRP,priority_with_coverage_fallback,30,30,"BTC,ETH,SOL,BNB,TRX,ADA,AVAX,DOT,NEAR,ATOM,ALGO,DOGE,BCH,LTC,XLM,ETC,LINK,UNI,AAVE,INJ,FIL,VET,FET,GRT,THETA,XTZ,SAND,CHZ,DASH,HBAR","TON,SUI,ICP,MKR,RENDER,RNDR,ARB,OP,MATIC,POL,APT,SEI,EOS,MANA","CHZ,DASH,HBAR",1440,336,0.8,336,3.0,0.75,10.0,8760.0,-0.2462952383353727,-0.04728728418706274,1.010045187358879,-0.046816998663903445,-0.8964456538341197,0.004067902683251193,206,120.90196078431373,0.5020272461887771
crypto,XRP,priority_with_coverage_fallback,30,30,"BTC,ETH,SOL,BNB,TRX,ADA,AVAX,DOT,NEAR,ATOM,ALGO,DOGE,BCH,LTC,XLM,ETC,LINK,UNI,AAVE,INJ,FIL,VET,FET,GRT,THETA,XTZ,SAND,CHZ,DASH,HBAR","TON,SUI,ICP,MKR,RENDER,RNDR,ARB,OP,MATIC,POL,APT,SEI,EOS,MANA","CHZ,DASH,HBAR",1440,336,0.8,336,3.0,1.0,10.0,8760.0,-0.3740931318503643,-0.07713583401637203,0.6267994432449601,-0.12306302254679334,-0.8991370467397158,0.0041070171321286085,208,96.86407766990291,0.5027563395810364
crypto,BNB,priority_with_coverage_fallback,30,30,"BTC,ETH,SOL,XRP,TRX,ADA,AVAX,DOT,NEAR,ATOM,ALGO,DOGE,BCH,LTC,XLM,ETC,LINK,UNI,AAVE,INJ,FIL,VET,FET,GRT,THETA,XTZ,SAND,CHZ,DASH,HBAR","TON,SUI,ICP,MKR,RENDER,RNDR,ARB,OP,MATIC,POL,APT,SEI,EOS,MANA","CHZ,DASH,HBAR",1440,24,0.8,336,1.0,0.0,10.0,8760.0,17.893316531617327,0.6544694885068518,0.6566635457326667,0.9966587802230336,-0.7506485504201823,0.008585621528592663,220,50794.0,0.5024018584872229
crypto,BNB,priority_with_coverage_fallback,30,30,"BTC,ETH,SOL,XRP,TRX,ADA,AVAX,DOT,NEAR,ATOM,ALGO,DOGE,BCH,LTC,XLM,ETC,LINK,UNI,AAVE,INJ,FIL,VET,FET,GRT,THETA,XTZ,SAND,CHZ,DASH,HBAR","TON,SUI,ICP,MKR,RENDER,RNDR,ARB,OP,MATIC,POL,APT,SEI,EOS,MANA","CHZ,DASH,HBAR",1440,24,0.8,336,1.0,0.25,10.0,8760.0,4.497409071347835,0.33907477748197157,0.5751387969911385,0.5895529553141864,-0.7594599193399707,0.015235077837753266,756,100.42779291553134,0.5032693925170253
crypto,BNB,priority_with_coverage_fallback,30,30,"BTC,ETH,SOL,XRP,TRX,ADA,AVAX,DOT,NEAR,ATOM,ALGO,DOGE,BCH,LTC,XLM,ETC,LINK,UNI,AAVE,INJ,FIL,VET,FET,GRT,THETA,XTZ,SAND,CHZ,DASH,HBAR","TON,SUI,ICP,MKR,RENDER,RNDR,ARB,OP,MATIC,POL,APT,SEI,EOS,MANA","CHZ,DASH,HBAR",1440,24,0.8,336,1.0,0.5,10.0,8760.0,3.5691511828378806,0.2973103152203087,0.5573106358152183,0.5334732483355742,-0.7491753259015024,0.019068293827739967,967,70.19791666666667,0.5030419943611811
crypto,BNB,priority_with_coverage_fallback,30,30,"BTC,ETH,SOL,XRP,TRX,ADA,AVAX,DOT,NEAR,ATOM,ALGO,DOGE,BCH,LTC,XLM,ETC,LINK,UNI,AAVE,INJ,FIL,VET,FET,GRT,THETA,XTZ,SAND,CHZ,DASH,HBAR","TON,SUI,ICP,MKR,RENDER,RNDR,ARB,OP,MATIC,POL,APT,SEI,EOS,MANA","CHZ,DASH,HBAR",1440,24,0.8,336,1.0,0.75,10.0,8760.0,2.630885969842017,0.24721716868054333,0.5402356358295309,0.4576098877685878,-0.7400950410353352,0.029277164984745366,1492,40.568548387096776,0.5043236258821191
crypto,BNB,priority_with_coverage_fallback,30,30,"BTC,ETH,SOL,XRP,TRX,ADA,AVAX,DOT,NEAR,ATOM,ALGO,DOGE,BCH,LTC,XLM,ETC,LINK,UNI,AAVE,INJ,FIL,VET,FET,GRT,THETA,XTZ,SAND,CHZ,DASH,HBAR","TON,SUI,ICP,MKR,RENDER,RNDR,ARB,OP,MATIC,POL,APT,SEI,EOS,MANA","CHZ,DASH,HBAR",1440,24,0.8,336,1.5,0.0,10.0,8760.0,50.71889769898079,0.9660048964245431,0.6562032441368832,1.4721123448500288,-0.6670093424363996,0.006356097942579989,163,50723.0,0.5055103207617846
crypto,BNB,priority_with_coverage_fallback,30,30,"BTC,ETH,SOL,XRP,TRX,ADA,AVAX,DOT,NEAR,ATOM,ALGO,DOGE,BCH,LTC,XLM,ETC,LINK,UNI,AAVE,INJ,FIL,VET,FET,GRT,THETA,XTZ,SAND,CHZ,DASH,HBAR","TON,SUI,ICP,MKR,RENDER,RNDR,ARB,OP,MATIC,POL,APT,SEI,EOS,MANA","CHZ,DASH,HBAR",1440,24,0.8,336,1.5,0.25,10.0,8760.0,8.330730419602565,0.46611215790262306,0.5523949768581339,0.8438023107192918,-0.6918982910822814,0.010736916216850505,537,121.53992395437263,0.5043954325043016
crypto,BNB,priority_with_coverage_fallback,30,30,"BTC,ETH,SOL,XRP,TRX,ADA,AVAX,DOT,NEAR,ATOM,ALGO,DOGE,BCH,LTC,XLM,ETC,LINK,UNI,AAVE,INJ,FIL,VET,FET,GRT,THETA,XTZ,SAND,CHZ,DASH,HBAR","TON,SUI,ICP,MKR,RENDER,RNDR,ARB,OP,MATIC,POL,APT,SEI,EOS,MANA","CHZ,DASH,HBAR",1440,24,0.8,336,1.5,0.5,10.0,8760.0,6.924255547607655,0.4256427887552048,0.5316430105818063,0.8006176706609955,-0.7021568496713153,0.012145036376437456,616,92.63398692810458,0.5047978550765541
crypto,BNB,priority_with_coverage_fallback,30,30,"BTC,ETH,SOL,XRP,TRX,ADA,AVAX,DOT,NEAR,ATOM,ALGO,DOGE,BCH,LTC,XLM,ETC,LINK,UNI,AAVE,INJ,FIL,VET,FET,GRT,THETA,XTZ,SAND,CHZ,DASH,HBAR","TON,SUI,ICP,MKR,RENDER,RNDR,ARB,OP,MATIC,POL,APT,SEI,EOS,MANA","CHZ,DASH,HBAR",1440,24,0.8,336,1.5,0.75,10.0,8760.0,3.5596148942654597,0.29684604061039455,0.506115743341911,0.5865180929767236,-0.6391335122896074,0.014648361104592037,748,65.54010695187166,0.5046507832898173
crypto,BNB,priority_with_coverage_fallback,30,30,"BTC,ETH,SOL,XRP,TRX,ADA,AVAX,DOT,NEAR,ATOM,ALGO,DOGE,BCH,LTC,XLM,ETC,LINK,UNI,AAVE,INJ,FIL,VET,FET,GRT,THETA,XTZ,SAND,CHZ,DASH,HBAR","TON,SUI,ICP,MKR,RENDER,RNDR,ARB,OP,MATIC,POL,APT,SEI,EOS,MANA","CHZ,DASH,HBAR",1440,24,0.8,336,1.5,1.0,10.0,8760.0,1.591719670908927,0.17721674872604054,0.4716378732486153,0.3757474935279932,-0.5906716938681205,0.01805131815692717,922,45.55097613882863,0.5067384161150531
crypto,BNB,priority_with_coverage_fallback,30,30,"BTC,ETH,SOL,XRP,TRX,ADA,AVAX,DOT,NEAR,ATOM,ALGO,DOGE,BCH,LTC,XLM,ETC,LINK,UNI,AAVE,INJ,FIL,VET,FET,GRT,THETA,XTZ,SAND,CHZ,DASH,HBAR","TON,SUI,ICP,MKR,RENDER,RNDR,ARB,OP,MATIC,POL,APT,SEI,EOS,MANA","CHZ,DASH,HBAR",1440,24,0.8,336,2.0,0.0,10.0,8760.0,18.978831031892312,0.6703802165394932,0.6558339020286641,1.022179875828062,-0.8158309576766447,0.004556833294218884,117,50684.0,0.5047746823455134
crypto,BNB,priority_with_coverage_fallback,30,30,"BTC,ETH,SOL,XRP,TRX,ADA,AVAX,DOT,NEAR,ATOM,ALGO,DOGE,BCH,LTC,XLM,ETC,LINK,UNI,AAVE,INJ,FIL,VET,FET,GRT,THETA,XTZ,SAND,CHZ,DASH,HBAR","TON,SUI,ICP,MKR,RENDER,RNDR,ARB,OP,MATIC,POL,APT,SEI,EOS,MANA","CHZ,DASH,HBAR",1440,24,0.8,336,2.0,0.25,10.0,8760.0,14.081187114801306,0.5918094927311619,0.5159165688616146,1.1471030946670453,-0.6877421294107509,0.007881561448799186,398,134.68527918781726,0.5056344928956394
crypto,BNB,priority_with_coverage_fallback,30,30,"BTC,ETH,SOL,XRP,TRX,ADA,AVAX,DOT,NEAR,ATOM,ALGO,DOGE,BCH,LTC,XLM,ETC,LINK,UNI,AAVE,INJ,FIL,VET,FET,GRT,THETA,XTZ,SAND,CHZ,DASH,HBAR","TON,SUI,ICP,MKR,RENDER,RNDR,ARB,OP,MATIC,POL,APT,SEI,EOS,MANA","CHZ,DASH,HBAR",1440,24,0.8,336,2.0,0.5,10.0,8760.0,11.762764256781333,0.546934326114058,0.49277657842974343,1.1099032503876116,-0.6977719927185257,0.008468278181960416,431,105.2046511627907,0.5056368539723242
crypto,BNB,priority_with_coverage_fallback,30,30,"BTC,ETH,SOL,XRP,TRX,ADA,AVAX,DOT,NEAR,ATOM,ALGO,DOGE,BCH,LTC,XLM,ETC,LINK,UNI,AAVE,INJ,FIL,VET,FET,GRT,THETA,XTZ,SAND,CHZ,DASH,HBAR","TON,SUI,ICP,MKR,RENDER,RNDR,ARB,OP,MATIC,POL,APT,SEI,EOS,MANA","CHZ,DASH,HBAR",1440,24,0.8,336,2.0,0.75,10.0,8760.0,9.488961716493723,0.4957988834194378,0.45615838248523044,1.0869007398663573,-0.5839446544888284,0.009328796057263554,476,78.91176470588235,0.5064160587828124
crypto,BNB,priority_with_coverage_fallback,30,30,"BTC,ETH,SOL,XRP,TRX,ADA,AVAX,DOT,NEAR,ATOM,ALGO,DOGE,BCH,LTC,XLM,ETC,LINK,UNI,AAVE,INJ,FIL,VET,FET,GRT,THETA,XTZ,SAND,CHZ,DASH,HBAR","TON,SUI,ICP,MKR,RENDER,RNDR,ARB,OP,MATIC,POL,APT,SEI,EOS,MANA","CHZ,DASH,HBAR",1440,24,0.8,336,2.0,1.0,10.0,8760.0,5.957477975580898,0.39421558376362853,0.42137111277349765,0.9355543648183918,-0.5382820248204948,0.010267542830321521,524,60.343511450381676,0.5087919038583175
crypto,BNB,priority_with_coverage_fallback,30,30,"BTC,ETH,SOL,XRP,TRX,ADA,AVAX,DOT,NEAR,ATOM,ALGO,DOGE,BCH,LTC,XLM,ETC,LINK,UNI,AAVE,INJ,FIL,VET,FET,GRT,THETA,XTZ,SAND,CHZ,DASH,HBAR","TON,SUI,ICP,MKR,RENDER,RNDR,ARB,OP,MATIC,POL,APT,SEI,EOS,MANA","CHZ,DASH,HBAR",1440,24,0.8,336,2.5,0.0,10.0,8760.0,27.378499402248863,0.7738954400053899,0.6545753207799899,1.1822863090579376,-0.7471087368486078,0.002914026441367441,75,50323.0,0.5059714245971028
crypto,BNB,priority_with_coverage_fallback,30,30,"BTC,ETH,SOL,XRP,TRX,ADA,AVAX,DOT,NEAR,ATOM,ALGO,DOGE,BCH,LTC,XLM,ETC,LINK,UNI,AAVE,INJ,FIL,VET,FET,GRT,THETA,XTZ,SAND,CHZ,DASH,HBAR","TON,SUI,ICP,MKR,RENDER,RNDR,ARB,OP,MATIC,POL,APT,SEI,EOS,MANA","CHZ,DASH,HBAR",1440,24,0.8,336,2.5,0.25,10.0,8760.0,14.942300024130512,0.6070248043714142,0.47311799371390995,1.283030475350038,-0.6462379240657551,0.0055933661894703906,285,135.69014084507043,0.5090824164417688
crypto,BNB,priority_with_coverage_fallback,30,30,"BTC,ETH,SOL,XRP,TRX,ADA,AVAX,DOT,NEAR,ATOM,ALGO,DOGE,BCH,LTC,XLM,ETC,LINK,UNI,AAVE,INJ,FIL,VET,FET,GRT,THETA,XTZ,SAND,CHZ,DASH,HBAR","TON,SUI,ICP,MKR,RENDER,RNDR,ARB,OP,MATIC,POL,APT,SEI,EOS,MANA","CHZ,DASH,HBAR",1440,24,0.8,336,2.5,0.5,10.0,8760.0,12.221715926951623,0.5563256376521613,0.4571452566567793,1.216955944639377,-0.6712707300876541,0.005828052882734882,297,111.60135135135135,0.5100805230974148
crypto,BNB,priority_with_coverage_fallback,30,30,"BTC,ETH,SOL,XRP,TRX,ADA,AVAX,DOT,NEAR,ATOM,ALGO,DOGE,BCH,LTC,XLM,ETC,LINK,UNI,AAVE,INJ,FIL,VET,FET,GRT,THETA,XTZ,SAND,CHZ,DASH,HBAR","TON,SUI,ICP,MKR,RENDER,RNDR,ARB,OP,MATIC,POL,APT,SEI,EOS,MANA","CHZ,DASH,HBAR",1440,24,0.8,336,2.5,0.75,10.0,8760.0,10.484011404811557,0.519205771094303,0.42088795637454346,1.233596170265009,-0.5348488330046617,0.006140968473754204,313,86.1923076923077,0.512196935891715
crypto,BNB,priority_with_coverage_fallback,30,30,"BTC,ETH,SOL,XRP,TRX,ADA,AVAX,DOT,NEAR,ATOM,ALGO,DOGE,BCH,LTC,XLM,ETC,LINK,UNI,AAVE,INJ,FIL,VET,FET,GRT,THETA,XTZ,SAND,CHZ,DASH,HBAR","TON,SUI,ICP,MKR,RENDER,RNDR,ARB,OP,MATIC,POL,APT,SEI,EOS,MANA","CHZ,DASH,HBAR",1440,24,0.8,336,2.5,1.0,10.0,8760.0,7.454990303200455,0.44156493877807645,0.38676251343786494,1.1416952869942907,-0.5348488330046621,0.006453884064773528,329,68.2439024390244,0.5138491779842744
crypto,BNB,priority_with_coverage_fallback,30,30,"BTC,ETH,SOL,XRP,TRX,ADA,AVAX,DOT,NEAR,ATOM,ALGO,DOGE,BCH,LTC,XLM,ETC,LINK,UNI,AAVE,INJ,FIL,VET,FET,GRT,THETA,XTZ,SAND,CHZ,DASH,HBAR","TON,SUI,ICP,MKR,RENDER,RNDR,ARB,OP,MATIC,POL,APT,SEI,EOS,MANA","CHZ,DASH,HBAR",1440,24,0.8,336,3.0,0.0,10.0,8760.0,96.15514805351059,1.190257620177893,0.6544981604524339,1.8185805432288846,-0.6324460501127946,0.0019752796683094737,51,50315.0,0.5090330915234026
crypto,BNB,priority_with_coverage_fallback,30,30,"BTC,ETH,SOL,XRP,TRX,ADA,AVAX,DOT,NEAR,ATOM,ALGO,DOGE,BCH,LTC,XLM,ETC,LINK,UNI,AAVE,INJ,FIL,VET,FET,GRT,THETA,XTZ,SAND,CHZ,DASH,HBAR","TON,SUI,ICP,MKR,RENDER,RNDR,ARB,OP,MATIC,POL,APT,SEI,EOS,MANA","CHZ,DASH,HBAR",1440,24,0.8,336,3.0,0.25,10.0,8760.0,10.160211602102677,0.5117799734466217,0.38799386572715877,1.3190414041404217,-0.5343073684391175,0.0037549870922318706,192,142.77083333333334,0.512914052239895
crypto,BNB,priority_with_coverage_fallback,30,30,"BTC,ETH,SOL,XRP,TRX,ADA,AVAX,DOT,NEAR,ATOM,ALGO,DOGE,BCH,LTC,XLM,ETC,LINK,UNI,AAVE,INJ,FIL,VET,FET,GRT,THETA,XTZ,SAND,CHZ,DASH,HBAR","TON,SUI,ICP,MKR,RENDER,RNDR,ARB,OP,MATIC,POL,APT,SEI,EOS,MANA","CHZ,DASH,HBAR",1440,24,0.8,336,3.0,0.5,10.0,8760.0,7.989271825488201,0.4567777852272805,0.37108175577910224,1.2309357119113975,-0.5086720796002073,0.003833215989986701,196,118.11224489795919,0.5141252699784017
crypto,BNB,priority_with_coverage_fallback,30,30,"BTC,ETH,SOL,XRP,TRX,ADA,AVAX,DOT,NEAR,ATOM,ALGO,DOGE,BCH,LTC,XLM,ETC,LINK,UNI,AAVE,INJ,FIL,VET,FET,GRT,THETA,XTZ,SAND,CHZ,DASH,HBAR","TON,SUI,ICP,MKR,RENDER,RNDR,ARB,OP,MATIC,POL,APT,SEI,EOS,MANA","CHZ,DASH,HBAR",1440,24,0.8,336,3.0,0.75,10.0,8760.0,5.728983900787122,0.3862621682858216,0.3468599422446827,1.1135969342154353,-0.5129806517122879,0.003989673785496362,204,90.43137254901961,0.5169124024284475
crypto,BNB,priority_with_coverage_fallback,30,30,"BTC,ETH,SOL,XRP,TRX,ADA,AVAX,DOT,NEAR,ATOM,ALGO,DOGE,BCH,LTC,XLM,ETC,LINK,UNI,AAVE,INJ,FIL,VET,FET,GRT,THETA,XTZ,SAND,CHZ,DASH,HBAR","TON,SUI,ICP,MKR,RENDER,RNDR,ARB,OP,MATIC,POL,APT,SEI,EOS,MANA","CHZ,DASH,HBAR",1440,24,0.8,336,3.0,1.0,10.0,8760.0,5.2579205929476,0.3691323120901744,0.3230590752244924,1.1426155164768732,-0.5042658222694429,0.004224360478760855,216,70.89814814814815,0.5192634190936398
crypto,BNB,priority_with_coverage_fallback,30,30,"BTC,ETH,SOL,XRP,TRX,ADA,AVAX,DOT,NEAR,ATOM,ALGO,DOGE,BCH,LTC,XLM,ETC,LINK,UNI,AAVE,INJ,FIL,VET,FET,GRT,THETA,XTZ,SAND,CHZ,DASH,HBAR","TON,SUI,ICP,MKR,RENDER,RNDR,ARB,OP,MATIC,POL,APT,SEI,EOS,MANA","CHZ,DASH,HBAR",1440,72,0.8,336,1.0,0.0,10.0,8760.0,16.231234185754904,0.6285733100563857,0.6967517428672463,0.902148170408164,-0.7462175300534069,0.007959790346554018,204,50795.0,0.5010335662958952
crypto,BNB,priority_with_coverage_fallback,30,30,"BTC,ETH,SOL,XRP,TRX,ADA,AVAX,DOT,NEAR,ATOM,ALGO,DOGE,BCH,LTC,XLM,ETC,LINK,UNI,AAVE,INJ,FIL,VET,FET,GRT,THETA,XTZ,SAND,CHZ,DASH,HBAR","TON,SUI,ICP,MKR,RENDER,RNDR,ARB,OP,MATIC,POL,APT,SEI,EOS,MANA","CHZ,DASH,HBAR",1440,72,0.8,336,1.0,0.25,10.0,8760.0,4.718443600500205,0.3481487514436892,0.6295494977660551,0.5530125155831094,-0.74843675280161,0.014570132206837205,722,107.59428571428572,0.5020447182537575
crypto,BNB,priority_with_coverage_fallback,30,30,"BTC,ETH,SOL,XRP,TRX,ADA,AVAX,DOT,NEAR,ATOM,ALGO,DOGE,BCH,LTC,XLM,ETC,LINK,UNI,AAVE,INJ,FIL,VET,FET,GRT,THETA,XTZ,SAND,CHZ,DASH,HBAR","TON,SUI,ICP,MKR,RENDER,RNDR,ARB,OP,MATIC,POL,APT,SEI,EOS,MANA","CHZ,DASH,HBAR",1440,72,0.8,336,1.0,0.5,10.0,8760.0,2.739806793312895,0.25354883001476947,0.5962432803271009,0.4252439203602794,-0.7001572245313048,0.018520691543456154,939,73.15236051502146,0.5028014902167854
crypto,BNB,priority_with_coverage_fallback,30,30,"BTC,ETH,SOL,XRP,TRX,ADA,AVAX,DOT,NEAR,ATOM,ALGO,DOGE,BCH,LTC,XLM,ETC,LINK,UNI,AAVE,INJ,FIL,VET,FET,GRT,THETA,XTZ,SAND,CHZ,DASH,HBAR","TON,SUI,ICP,MKR,RENDER,RNDR,ARB,OP,MATIC,POL,APT,SEI,EOS,MANA","CHZ,DASH,HBAR",1440,72,0.8,336,1.0,0.75,10.0,8760.0,1.9796267637597964,0.2056854523240632,0.5712527526278708,0.36006032597282234,-0.7273507207735168,0.027125870296487522,1384,44.22141823444284,0.5032889354321433
crypto,BNB,priority_with_coverage_fallback,30,30,"BTC,ETH,SOL,XRP,TRX,ADA,AVAX,DOT,NEAR,ATOM,ALGO,DOGE,BCH,LTC,XLM,ETC,LINK,UNI,AAVE,INJ,FIL,VET,FET,GRT,THETA,XTZ,SAND,CHZ,DASH,HBAR","TON,SUI,ICP,MKR,RENDER,RNDR,ARB,OP,MATIC,POL,APT,SEI,EOS,MANA","CHZ,DASH,HBAR",1440,72,0.8,336,1.5,0.0,10.0,8760.0,51.530668896185,0.9712574874055049,0.6966777679416548,1.3941272882513533,-0.7223998762323192,0.006082296800438082,156,50794.0,0.5027956057802102
crypto,BNB,priority_with_coverage_fallback,30,30,"BTC,ETH,SOL,XRP,TRX,ADA,AVAX,DOT,NEAR,ATOM,ALGO,DOGE,BCH,LTC,XLM,ETC,LINK,UNI,AAVE,INJ,FIL,VET,FET,GRT,THETA,XTZ,SAND,CHZ,DASH,HBAR","TON,SUI,ICP,MKR,RENDER,RNDR,ARB,OP,MATIC,POL,APT,SEI,EOS,MANA","CHZ,DASH,HBAR",1440,72,0.8,336,1.5,0.25,10.0,8760.0,16.44060666423874,0.6319465403525713,0.5927342428224547,1.0661549387519729,-0.5962732159625741,0.010150199483689275,503,133.3483606557377,0.502996588499247
crypto,BNB,priority_with_coverage_fallback,30,30,"BTC,ETH,SOL,XRP,TRX,ADA,AVAX,DOT,NEAR,ATOM,ALGO,DOGE,BCH,LTC,XLM,ETC,LINK,UNI,AAVE,INJ,FIL,VET,FET,GRT,THETA,XTZ,SAND,CHZ,DASH,HBAR","TON,SUI,ICP,MKR,RENDER,RNDR,ARB,OP,MATIC,POL,APT,SEI,EOS,MANA","CHZ,DASH,HBAR",1440,72,0.8,336,1.5,0.5,10.0,8760.0,6.071438782681532,0.3981017085534344,0.5630874548517495,0.7069980073668081,-0.6664831078336917,0.011480090745521396,582,98.92733564013841,0.5034627492130116
crypto,BNB,priority_with_coverage_fallback,30,30,"BTC,ETH,SOL,XRP,TRX,ADA,AVAX,DOT,NEAR,ATOM,ALGO,DOGE,BCH,LTC,XLM,ETC,LINK,UNI,AAVE,INJ,FIL,VET,FET,GRT,THETA,XTZ,SAND,CHZ,DASH,HBAR","TON,SUI,ICP,MKR,RENDER,RNDR,ARB,OP,MATIC,POL,APT,SEI,EOS,MANA","CHZ,DASH,HBAR",1440,72,0.8,336,1.5,0.75,10.0,8760.0,3.4896634809006386,0.29341563157605366,0.53994570361069,0.5434169206532131,-0.6843784701974021,0.013357584291637331,681,73.44411764705882,0.5028232749989988
crypto,BNB,priority_with_coverage_fallback,30,30,"BTC,ETH,SOL,XRP,TRX,ADA,AVAX,DOT,NEAR,ATOM,ALGO,DOGE,BCH,LTC,XLM,ETC,LINK,UNI,AAVE,INJ,FIL,VET,FET,GRT,THETA,XTZ,SAND,CHZ,DASH,HBAR","TON,SUI,ICP,MKR,RENDER,RNDR,ARB,OP,MATIC,POL,APT,SEI,EOS,MANA","CHZ,DASH,HBAR",1440,72,0.8,336,1.5,1.0,10.0,8760.0,5.641420898510295,0.3831548781845253,0.510362971992632,0.7507497589187501,-0.5805093134037348,0.017034342486114372,869,48.40552995391705,0.5051408987052551
crypto,BNB,priority_with_coverage_fallback,30,30,"BTC,ETH,SOL,XRP,TRX,ADA,AVAX,DOT,NEAR,ATOM,ALGO,DOGE,BCH,LTC,XLM,ETC,LINK,UNI,AAVE,INJ,FIL,VET,FET,GRT,THETA,XTZ,SAND,CHZ,DASH,HBAR","TON,SUI,ICP,MKR,RENDER,RNDR,ARB,OP,MATIC,POL,APT,SEI,EOS,MANA","CHZ,DASH,HBAR",1440,72,0.8,336,2.0,0.0,10.0,8760.0,13.764024529029061,0.5860236639926621,0.6960446133158295,0.8419340553487691,-0.8443634848738903,0.0045959477430963,118,50684.0,0.502821403204167
crypto,BNB,priority_with_coverage_fallback,30,30,"BTC,ETH,SOL,XRP,TRX,ADA,AVAX,DOT,NEAR,ATOM,ALGO,DOGE,BCH,LTC,XLM,ETC,LINK,UNI,AAVE,INJ,FIL,VET,FET,GRT,THETA,XTZ,SAND,CHZ,DASH,HBAR","TON,SUI,ICP,MKR,RENDER,RNDR,ARB,OP,MATIC,POL,APT,SEI,EOS,MANA","CHZ,DASH,HBAR",1440,72,0.8,336,2.0,0.25,10.0,8760.0,7.504170629257706,0.44299804894366734,0.5645097258934126,0.7847483021529227,-0.676520899911506,0.007588203082218571,381,146.3957219251337,0.5028857393337229
crypto,BNB,priority_with_coverage_fallback,30,30,"BTC,ETH,SOL,XRP,TRX,ADA,AVAX,DOT,NEAR,ATOM,ALGO,DOGE,BCH,LTC,XLM,ETC,LINK,UNI,AAVE,INJ,FIL,VET,FET,GRT,THETA,XTZ,SAND,CHZ,DASH,HBAR","TON,SUI,ICP,MKR,RENDER,RNDR,ARB,OP,MATIC,POL,APT,SEI,EOS,MANA","CHZ,DASH,HBAR",1440,72,0.8,336,2.0,0.5,10.0,8760.0,4.206302252854416,0.3266511397784555,0.5312423997176442,0.6148815304502632,-0.676883546899743,0.008253148713134631,421,111.64285714285714,0.5041586692258477
crypto,BNB,priority_with_coverage_fallback,30,30,"BTC,ETH,SOL,XRP,TRX,ADA,AVAX,DOT,NEAR,ATOM,ALGO,DOGE,BCH,LTC,XLM,ETC,LINK,UNI,AAVE,INJ,FIL,VET,FET,GRT,THETA,XTZ,SAND,CHZ,DASH,HBAR","TON,SUI,ICP,MKR,RENDER,RNDR,ARB,OP,MATIC,POL,APT,SEI,EOS,MANA","CHZ,DASH,HBAR",1440,72,0.8,336,2.0,0.75,10.0,8760.0,3.772263455746266,0.30701309561502077,0.5083446355668956,0.6039467600019935,-0.6842983566704687,0.009035437690682938,461,85.00869565217391,0.5048588379705401
crypto,BNB,priority_with_coverage_fallback,30,30,"BTC,ETH,SOL,XRP,TRX,ADA,AVAX,DOT,NEAR,ATOM,ALGO,DOGE,BCH,LTC,XLM,ETC,LINK,UNI,AAVE,INJ,FIL,VET,FET,GRT,THETA,XTZ,SAND,CHZ,DASH,HBAR","TON,SUI,ICP,MKR,RENDER,RNDR,ARB,OP,MATIC,POL,APT,SEI,EOS,MANA","CHZ,DASH,HBAR",1440,72,0.8,336,2.0,1.0,10.0,8760.0,6.849301489652789,0.4233234333176117,0.4722688228959442,0.8963611671882123,-0.5529766879773392,0.010169756708127982,519,61.2007722007722,0.5075389565327109
crypto,BNB,priority_with_coverage_fallback,30,30,"BTC,ETH,SOL,XRP,TRX,ADA,AVAX,DOT,NEAR,ATOM,ALGO,DOGE,BCH,LTC,XLM,ETC,LINK,UNI,AAVE,INJ,FIL,VET,FET,GRT,THETA,XTZ,SAND,CHZ,DASH,HBAR","TON,SUI,ICP,MKR,RENDER,RNDR,ARB,OP,MATIC,POL,APT,SEI,EOS,MANA","CHZ,DASH,HBAR",1440,72,0.8,336,2.5,0.0,10.0,8760.0,11.394285754527047,0.5391895783941378,0.6949334967872886,0.7758865861076456,-0.7835853198791993,0.0028357975436126104,73,50323.0,0.5046598970649604
crypto,BNB,priority_with_coverage_fallback,30,30,"BTC,ETH,SOL,XRP,TRX,ADA,AVAX,DOT,NEAR,ATOM,ALGO,DOGE,BCH,LTC,XLM,ETC,LINK,UNI,AAVE,INJ,FIL,VET,FET,GRT,THETA,XTZ,SAND,CHZ,DASH,HBAR","TON,SUI,ICP,MKR,RENDER,RNDR,ARB,OP,MATIC,POL,APT,SEI,EOS,MANA","CHZ,DASH,HBAR",1440,72,0.8,336,2.5,0.25,10.0,8760.0,8.204806814167377,0.46270327731895167,0.5241152609178411,0.8828273317374054,-0.6124060601750088,0.005397793945083313,272,148.41044776119404,0.5055061095187812
crypto,BNB,priority_with_coverage_fallback,30,30,"BTC,ETH,SOL,XRP,TRX,ADA,AVAX,DOT,NEAR,ATOM,ALGO,DOGE,BCH,LTC,XLM,ETC,LINK,UNI,AAVE,INJ,FIL,VET,FET,GRT,THETA,XTZ,SAND,CHZ,DASH,HBAR","TON,SUI,ICP,MKR,RENDER,RNDR,ARB,OP,MATIC,POL,APT,SEI,EOS,MANA","CHZ,DASH,HBAR",1440,72,0.8,336,2.5,0.5,10.0,8760.0,6.276402778145188,0.40496233907317447,0.4941567551180947,0.819501777277932,-0.6332590894392136,0.005828052882734882,297,115.62162162162163,0.506778868630201
crypto,BNB,priority_with_coverage_fallback,30,30,"BTC,ETH,SOL,XRP,TRX,ADA,AVAX,DOT,NEAR,ATOM,ALGO,DOGE,BCH,LTC,XLM,ETC,LINK,UNI,AAVE,INJ,FIL,VET,FET,GRT,THETA,XTZ,SAND,CHZ,DASH,HBAR","TON,SUI,ICP,MKR,RENDER,RNDR,ARB,OP,MATIC,POL,APT,SEI,EOS,MANA","CHZ,DASH,HBAR",1440,72,0.8,336,2.5,0.75,10.0,8760.0,5.479500837412833,0.37731837691426295,0.4677725449659067,0.8066278813814598,-0.6360815713619465,0.006140968473754204,313,91.27564102564102,0.5083924432895569
crypto,BNB,priority_with_coverage_fallback,30,30,"BTC,ETH,SOL,XRP,TRX,ADA,AVAX,DOT,NEAR,ATOM,ALGO,DOGE,BCH,LTC,XLM,ETC,LINK,UNI,AAVE,INJ,FIL,VET,FET,GRT,THETA,XTZ,SAND,CHZ,DASH,HBAR","TON,SUI,ICP,MKR,RENDER,RNDR,ARB,OP,MATIC,POL,APT,SEI,EOS,MANA","CHZ,DASH,HBAR",1440,72,0.8,336,2.5,1.0,10.0,8760.0,8.182779968915689,0.46210302174418794,0.43377667297432765,1.0653016875610937,-0.5490997560953981,0.006492998513650943,331,68.92727272727272,0.5096280664732261
crypto,BNB,priority_with_coverage_fallback,30,30,"BTC,ETH,SOL,XRP,TRX,ADA,AVAX,DOT,NEAR,ATOM,ALGO,DOGE,BCH,LTC,XLM,ETC,LINK,UNI,AAVE,INJ,FIL,VET,FET,GRT,THETA,XTZ,SAND,CHZ,DASH,HBAR","TON,SUI,ICP,MKR,RENDER,RNDR,ARB,OP,MATIC,POL,APT,SEI,EOS,MANA","CHZ,DASH,HBAR",1440,72,0.8,336,3.0,0.0,10.0,8760.0,19.223173449273176,0.6738625107962997,0.6948633221258238,0.969777061674121,-0.6984848053970318,0.0018579363216772275,48,50315.0,0.5077213554605983
crypto,BNB,priority_with_coverage_fallback,30,30,"BTC,ETH,SOL,XRP,TRX,ADA,AVAX,DOT,NEAR,ATOM,ALGO,DOGE,BCH,LTC,XLM,ETC,LINK,UNI,AAVE,INJ,FIL,VET,FET,GRT,THETA,XTZ,SAND,CHZ,DASH,HBAR","TON,SUI,ICP,MKR,RENDER,RNDR,ARB,OP,MATIC,POL,APT,SEI,EOS,MANA","CHZ,DASH,HBAR",1440,72,0.8,336,3.0,0.25,10.0,8760.0,4.040238122355093,0.31930381454150436,0.4169702044572097,0.7657712976330229,-0.5783804994275972,0.0034811859500899632,178,144.93258426966293,0.5106597410651988
crypto,BNB,priority_with_coverage_fallback,30,30,"BTC,ETH,SOL,XRP,TRX,ADA,AVAX,DOT,NEAR,ATOM,ALGO,DOGE,BCH,LTC,XLM,ETC,LINK,UNI,AAVE,INJ,FIL,VET,FET,GRT,THETA,XTZ,SAND,CHZ,DASH,HBAR","TON,SUI,ICP,MKR,RENDER,RNDR,ARB,OP,MATIC,POL,APT,SEI,EOS,MANA","CHZ,DASH,HBAR",1440,72,0.8,336,3.0,0.5,10.0,8760.0,4.133693111125021,0.3234628794610668,0.3921092838672253,0.8249304282491732,-0.5704923988578263,0.0035985292967222094,184,115.76086956521739,0.5123004694835681
crypto,BNB,priority_with_coverage_fallback,30,30,"BTC,ETH,SOL,XRP,TRX,ADA,AVAX,DOT,NEAR,ATOM,ALGO,DOGE,BCH,LTC,XLM,ETC,LINK,UNI,AAVE,INJ,FIL,VET,FET,GRT,THETA,XTZ,SAND,CHZ,DASH,HBAR","TON,SUI,ICP,MKR,RENDER,RNDR,ARB,OP,MATIC,POL,APT,SEI,EOS,MANA","CHZ,DASH,HBAR",1440,72,0.8,336,3.0,0.75,10.0,8760.0,3.1733611893503246,0.2773280662902018,0.3781521433860547,0.7333769519509987,-0.5381511627210049,0.00367675819447704,188,94.20212765957447,0.5141727837380011
crypto,BNB,priority_with_coverage_fallback,30,30,"BTC,ETH,SOL,XRP,TRX,ADA,AVAX,DOT,NEAR,ATOM,ALGO,DOGE,BCH,LTC,XLM,ETC,LINK,UNI,AAVE,INJ,FIL,VET,FET,GRT,THETA,XTZ,SAND,CHZ,DASH,HBAR","TON,SUI,ICP,MKR,RENDER,RNDR,ARB,OP,MATIC,POL,APT,SEI,EOS,MANA","CHZ,DASH,HBAR",1440,72,0.8,336,3.0,1.0,10.0,8760.0,2.359339228188108,0.23071781827709947,0.3700609789079805,0.6234589200891398,-0.5408256881201681,0.0037941015411092857,194,75.42268041237114,0.5109349371241115
crypto,BNB,priority_with_coverage_fallback,30,30,"BTC,ETH,SOL,XRP,TRX,ADA,AVAX,DOT,NEAR,ATOM,ALGO,DOGE,BCH,LTC,XLM,ETC,LINK,UNI,AAVE,INJ,FIL,VET,FET,GRT,THETA,XTZ,SAND,CHZ,DASH,HBAR","TON,SUI,ICP,MKR,RENDER,RNDR,ARB,OP,MATIC,POL,APT,SEI,EOS,MANA","CHZ,DASH,HBAR",1440,168,0.8,336,1.0,0.0,10.0,8760.0,85.74751556036647,1.1481504253712842,0.8297877832504206,1.3836675455425274,-0.6531526933430427,0.007881561448799186,202,50796.0,0.5013583746751713
crypto,BNB,priority_with_coverage_fallback,30,30,"BTC,ETH,SOL,XRP,TRX,ADA,AVAX,DOT,NEAR,ATOM,ALGO,DOGE,BCH,LTC,XLM,ETC,LINK,UNI,AAVE,INJ,FIL,VET,FET,GRT,THETA,XTZ,SAND,CHZ,DASH,HBAR","TON,SUI,ICP,MKR,RENDER,RNDR,ARB,OP,MATIC,POL,APT,SEI,EOS,MANA","CHZ,DASH,HBAR",1440,168,0.8,336,1.0,0.25,10.0,8760.0,10.487866377619575,0.519293127596258,0.7502192547558033,0.6921884826393694,-0.6525757459859193,0.013396698740514745,657,119.76825396825397,0.5002518090492221
crypto,BNB,priority_with_coverage_fallback,30,30,"BTC,ETH,SOL,XRP,TRX,ADA,AVAX,DOT,NEAR,ATOM,ALGO,DOGE,BCH,LTC,XLM,ETC,LINK,UNI,AAVE,INJ,FIL,VET,FET,GRT,THETA,XTZ,SAND,CHZ,DASH,HBAR","TON,SUI,ICP,MKR,RENDER,RNDR,ARB,OP,MATIC,POL,APT,SEI,EOS,MANA","CHZ,DASH,HBAR",1440,168,0.8,336,1.0,0.5,10.0,8760.0,8.275539085035714,0.4646227944428638,0.7311837411170498,0.6354391766603653,-0.6790666274340198,0.017034342486114372,853,82.01913875598086,0.5004958581262396
crypto,BNB,priority_with_coverage_fallback,30,30,"BTC,ETH,SOL,XRP,TRX,ADA,AVAX,DOT,NEAR,ATOM,ALGO,DOGE,BCH,LTC,XLM,ETC,LINK,UNI,AAVE,INJ,FIL,VET,FET,GRT,THETA,XTZ,SAND,CHZ,DASH,HBAR","TON,SUI,ICP,MKR,RENDER,RNDR,ARB,OP,MATIC,POL,APT,SEI,EOS,MANA","CHZ,DASH,HBAR",1440,168,0.8,336,1.0,0.75,10.0,8760.0,4.851280374523972,0.353463076578743,0.7094857232654472,0.49819617927181065,-0.6533715618168734,0.02407494328404913,1220,50.86776859504132,0.5003736799350121
crypto,BNB,priority_with_coverage_fallback,30,30,"BTC,ETH,SOL,XRP,TRX,ADA,AVAX,DOT,NEAR,ATOM,ALGO,DOGE,BCH,LTC,XLM,ETC,LINK,UNI,AAVE,INJ,FIL,VET,FET,GRT,THETA,XTZ,SAND,CHZ,DASH,HBAR","TON,SUI,ICP,MKR,RENDER,RNDR,ARB,OP,MATIC,POL,APT,SEI,EOS,MANA","CHZ,DASH,HBAR",1440,168,0.8,336,1.5,0.0,10.0,8760.0,86.10312992515878,1.149656553115714,0.8297798490518329,1.3854958690903323,-0.8022906008369658,0.006082296800438082,156,50794.0,0.5029727920620546
crypto,BNB,priority_with_coverage_fallback,30,30,"BTC,ETH,SOL,XRP,TRX,ADA,AVAX,DOT,NEAR,ATOM,ALGO,DOGE,BCH,LTC,XLM,ETC,LINK,UNI,AAVE,INJ,FIL,VET,FET,GRT,THETA,XTZ,SAND,CHZ,DASH,HBAR","TON,SUI,ICP,MKR,RENDER,RNDR,ARB,OP,MATIC,POL,APT,SEI,EOS,MANA","CHZ,DASH,HBAR",1440,168,0.8,336,1.5,0.25,10.0,8760.0,13.855431030313582,0.5877016255672687,0.727760641550058,0.807547965654645,-0.6722701589984399,0.009915512790424783,491,141.3109243697479,0.5016056137012369
crypto,BNB,priority_with_coverage_fallback,30,30,"BTC,ETH,SOL,XRP,TRX,ADA,AVAX,DOT,NEAR,ATOM,ALGO,DOGE,BCH,LTC,XLM,ETC,LINK,UNI,AAVE,INJ,FIL,VET,FET,GRT,THETA,XTZ,SAND,CHZ,DASH,HBAR","TON,SUI,ICP,MKR,RENDER,RNDR,ARB,OP,MATIC,POL,APT,SEI,EOS,MANA","CHZ,DASH,HBAR",1440,168,0.8,336,1.5,0.5,10.0,8760.0,11.377360476092985,0.5388292789264602,0.702828590991351,0.7666581664903996,-0.678020736431086,0.011480090745521396,576,104.86925795053004,0.5017858346249747
crypto,BNB,priority_with_coverage_fallback,30,30,"BTC,ETH,SOL,XRP,TRX,ADA,AVAX,DOT,NEAR,ATOM,ALGO,DOGE,BCH,LTC,XLM,ETC,LINK,UNI,AAVE,INJ,FIL,VET,FET,GRT,THETA,XTZ,SAND,CHZ,DASH,HBAR","TON,SUI,ICP,MKR,RENDER,RNDR,ARB,OP,MATIC,POL,APT,SEI,EOS,MANA","CHZ,DASH,HBAR",1440,168,0.8,336,1.5,0.75,10.0,8760.0,14.482074335992493,0.5989801041191807,0.6797520570504558,0.8811743898477387,-0.6088689544444534,0.013631385433779238,690,75.82748538011695,0.5017159603593877
crypto,BNB,priority_with_coverage_fallback,30,30,"BTC,ETH,SOL,XRP,TRX,ADA,AVAX,DOT,NEAR,ATOM,ALGO,DOGE,BCH,LTC,XLM,ETC,LINK,UNI,AAVE,INJ,FIL,VET,FET,GRT,THETA,XTZ,SAND,CHZ,DASH,HBAR","TON,SUI,ICP,MKR,RENDER,RNDR,ARB,OP,MATIC,POL,APT,SEI,EOS,MANA","CHZ,DASH,HBAR",1440,168,0.8,336,1.5,1.0,10.0,8760.0,16.227750567568762,0.6285168983566631,0.6017178475604374,1.0445375700668975,-0.5527365943498104,0.016995228037236954,865,52.382830626450115,0.5028568897550605
crypto,BNB,priority_with_coverage_fallback,30,30,"BTC,ETH,SOL,XRP,TRX,ADA,AVAX,DOT,NEAR,ATOM,ALGO,DOGE,BCH,LTC,XLM,ETC,LINK,UNI,AAVE,INJ,FIL,VET,FET,GRT,THETA,XTZ,SAND,CHZ,DASH,HBAR","TON,SUI,ICP,MKR,RENDER,RNDR,ARB,OP,MATIC,POL,APT,SEI,EOS,MANA","CHZ,DASH,HBAR",1440,168,0.8,336,2.0,0.0,10.0,8760.0,27.1800118447125,0.7717636454397372,0.8287648983675432,0.9312214440547808,-0.8475959700666902,0.004478604396464054,115,50518.0,0.5019596975335524
crypto,BNB,priority_with_coverage_fallback,30,30,"BTC,ETH,SOL,XRP,TRX,ADA,AVAX,DOT,NEAR,ATOM,ALGO,DOGE,BCH,LTC,XLM,ETC,LINK,UNI,AAVE,INJ,FIL,VET,FET,GRT,THETA,XTZ,SAND,CHZ,DASH,HBAR","TON,SUI,ICP,MKR,RENDER,RNDR,ARB,OP,MATIC,POL,APT,SEI,EOS,MANA","CHZ,DASH,HBAR",1440,168,0.8,336,2.0,0.25,10.0,8760.0,6.677348049426004,0.4179323999478941,0.6926073550952915,0.6034189456310256,-0.8494151216317947,0.007255730266760542,360,159.0857142857143,0.5033764367816091
crypto,BNB,priority_with_coverage_fallback,30,30,"BTC,ETH,SOL,XRP,TRX,ADA,AVAX,DOT,NEAR,ATOM,ALGO,DOGE,BCH,LTC,XLM,ETC,LINK,UNI,AAVE,INJ,FIL,VET,FET,GRT,THETA,XTZ,SAND,CHZ,DASH,HBAR","TON,SUI,ICP,MKR,RENDER,RNDR,ARB,OP,MATIC,POL,APT,SEI,EOS,MANA","CHZ,DASH,HBAR",1440,168,0.8,336,2.0,0.5,10.0,8760.0,7.854846666038343,0.45302228396588395,0.6772372905549765,0.6689269629477214,-0.8359530807681208,0.007920675897676602,397,122.2974358974359,0.5036061724253607
crypto,BNB,priority_with_coverage_fallback,30,30,"BTC,ETH,SOL,XRP,TRX,ADA,AVAX,DOT,NEAR,ATOM,ALGO,DOGE,BCH,LTC,XLM,ETC,LINK,UNI,AAVE,INJ,FIL,VET,FET,GRT,THETA,XTZ,SAND,CHZ,DASH,HBAR","TON,SUI,ICP,MKR,RENDER,RNDR,ARB,OP,MATIC,POL,APT,SEI,EOS,MANA","CHZ,DASH,HBAR",1440,168,0.8,336,2.0,0.75,10.0,8760.0,14.402135876398695,0.5975626400501182,0.648610622169202,0.9212964136351024,-0.7278417214530477,0.008781193772979739,446,89.13063063063063,0.5031081012786173
crypto,BNB,priority_with_coverage_fallback,30,30,"BTC,ETH,SOL,XRP,TRX,ADA,AVAX,DOT,NEAR,ATOM,ALGO,DOGE,BCH,LTC,XLM,ETC,LINK,UNI,AAVE,INJ,FIL,VET,FET,GRT,THETA,XTZ,SAND,CHZ,DASH,HBAR","TON,SUI,ICP,MKR,RENDER,RNDR,ARB,OP,MATIC,POL,APT,SEI,EOS,MANA","CHZ,DASH,HBAR",1440,168,0.8,336,2.0,1.0,10.0,8760.0,14.084327273232637,0.5918662708479194,0.5491030305227927,1.0778783542396633,-0.5966383593735418,0.00968082609716029,492,67.02448979591837,0.505267645088606
crypto,BNB,priority_with_coverage_fallback,30,30,"BTC,ETH,SOL,XRP,TRX,ADA,AVAX,DOT,NEAR,ATOM,ALGO,DOGE,BCH,LTC,XLM,ETC,LINK,UNI,AAVE,INJ,FIL,VET,FET,GRT,THETA,XTZ,SAND,CHZ,DASH,HBAR","TON,SUI,ICP,MKR,RENDER,RNDR,ARB,OP,MATIC,POL,APT,SEI,EOS,MANA","CHZ,DASH,HBAR",1440,168,0.8,336,2.5,0.0,10.0,8760.0,6.956174343814991,0.42662495823289737,0.8287711186942092,0.5147681291127482,-0.8043851623459598,0.0027575686458577798,71,50516.0,0.5007324412067464
crypto,BNB,priority_with_coverage_fallback,30,30,"BTC,ETH,SOL,XRP,TRX,ADA,AVAX,DOT,NEAR,ATOM,ALGO,DOGE,BCH,LTC,XLM,ETC,LINK,UNI,AAVE,INJ,FIL,VET,FET,GRT,THETA,XTZ,SAND,CHZ,DASH,HBAR","TON,SUI,ICP,MKR,RENDER,RNDR,ARB,OP,MATIC,POL,APT,SEI,EOS,MANA","CHZ,DASH,HBAR",1440,168,0.8,336,2.5,0.25,10.0,8760.0,4.036971911733651,0.3191573049977918,0.6719071957490274,0.4750020642984814,-0.848396955292862,0.005221778925134945,262,170.984496124031,0.5018361517885479
crypto,BNB,priority_with_coverage_fallback,30,30,"BTC,ETH,SOL,XRP,TRX,ADA,AVAX,DOT,NEAR,ATOM,ALGO,DOGE,BCH,LTC,XLM,ETC,LINK,UNI,AAVE,INJ,FIL,VET,FET,GRT,THETA,XTZ,SAND,CHZ,DASH,HBAR","TON,SUI,ICP,MKR,RENDER,RNDR,ARB,OP,MATIC,POL,APT,SEI,EOS,MANA","CHZ,DASH,HBAR",1440,168,0.8,336,2.5,0.5,10.0,8760.0,5.2057678712869455,0.3671707214947231,0.6570689843996431,0.5588008720731249,-0.8326675752782261,0.005573808965031683,281,131.16546762589928,0.5026875822729268
crypto,BNB,priority_with_coverage_fallback,30,30,"BTC,ETH,SOL,XRP,TRX,ADA,AVAX,DOT,NEAR,ATOM,ALGO,DOGE,BCH,LTC,XLM,ETC,LINK,UNI,AAVE,INJ,FIL,VET,FET,GRT,THETA,XTZ,SAND,CHZ,DASH,HBAR","TON,SUI,ICP,MKR,RENDER,RNDR,ARB,OP,MATIC,POL,APT,SEI,EOS,MANA","CHZ,DASH,HBAR",1440,168,0.8,336,2.5,0.75,10.0,8760.0,3.122301926033514,0.2746370593259728,0.5163627863740127,0.531868419981465,-0.7326035195341929,0.005769381209418759,294,96.70748299319727,0.5029544175576814
crypto,BNB,priority_with_coverage_fallback,30,30,"BTC,ETH,SOL,XRP,TRX,ADA,AVAX,DOT,NEAR,ATOM,ALGO,DOGE,BCH,LTC,XLM,ETC,LINK,UNI,AAVE,INJ,FIL,VET,FET,GRT,THETA,XTZ,SAND,CHZ,DASH,HBAR","TON,SUI,ICP,MKR,RENDER,RNDR,ARB,OP,MATIC,POL,APT,SEI,EOS,MANA","CHZ,DASH,HBAR",1440,168,0.8,336,2.5,1.0,10.0,8760.0,3.345763481571976,0.28621716911632067,0.3848713510802381,0.743669717979736,-0.5737239515454107,0.006004067902683251,306,77.45751633986929,0.5045143869715636
crypto,BNB,priority_with_coverage_fallback,30,30,"BTC,ETH,SOL,XRP,TRX,ADA,AVAX,DOT,NEAR,ATOM,ALGO,DOGE,BCH,LTC,XLM,ETC,LINK,UNI,AAVE,INJ,FIL,VET,FET,GRT,THETA,XTZ,SAND,CHZ,DASH,HBAR","TON,SUI,ICP,MKR,RENDER,RNDR,ARB,OP,MATIC,POL,APT,SEI,EOS,MANA","CHZ,DASH,HBAR",1440,168,0.8,336,3.0,0.0,10.0,8760.0,5.406079196316995,0.37463194033770275,0.8283792742915367,0.45224687768546973,-0.7457715919640772,0.001779707423922397,46,50315.0,0.5035476498062208
crypto,BNB,priority_with_coverage_fallback,30,30,"BTC,ETH,SOL,XRP,TRX,ADA,AVAX,DOT,NEAR,ATOM,ALGO,DOGE,BCH,LTC,XLM,ETC,LINK,UNI,AAVE,INJ,FIL,VET,FET,GRT,THETA,XTZ,SAND,CHZ,DASH,HBAR","TON,SUI,ICP,MKR,RENDER,RNDR,ARB,OP,MATIC,POL,APT,SEI,EOS,MANA","CHZ,DASH,HBAR",1440,168,0.8,336,3.0,0.25,10.0,8760.0,3.321352469820688,0.28497649305526807,0.6191409755557835,0.46027722975280966,-0.7400589569461156,0.0035203003989673787,178,172.61363636363637,0.5066491112574062
crypto,BNB,priority_with_coverage_fallback,30,30,"BTC,ETH,SOL,XRP,TRX,ADA,AVAX,DOT,NEAR,ATOM,ALGO,DOGE,BCH,LTC,XLM,ETC,LINK,UNI,AAVE,INJ,FIL,VET,FET,GRT,THETA,XTZ,SAND,CHZ,DASH,HBAR","TON,SUI,ICP,MKR,RENDER,RNDR,ARB,OP,MATIC,POL,APT,SEI,EOS,MANA","CHZ,DASH,HBAR",1440,168,0.8,336,3.0,0.5,10.0,8760.0,4.302789074909699,0.3308313335749602,0.6073303614122814,0.5447304376577643,-0.7160409228977014,0.0037549870922318706,190,135.19148936170214,0.5078690588605603
crypto,BNB,priority_with_coverage_fallback,30,30,"BTC,ETH,SOL,XRP,TRX,ADA,AVAX,DOT,NEAR,ATOM,ALGO,DOGE,BCH,LTC,XLM,ETC,LINK,UNI,AAVE,INJ,FIL,VET,FET,GRT,THETA,XTZ,SAND,CHZ,DASH,HBAR","TON,SUI,ICP,MKR,RENDER,RNDR,ARB,OP,MATIC,POL,APT,SEI,EOS,MANA","CHZ,DASH,HBAR",1440,168,0.8,336,3.0,0.75,10.0,8760.0,3.2712005071533463,0.2824092147710946,0.46705214866598543,0.6046631314677045,-0.587102226878653,0.0037941015411092857,194,102.78350515463917,0.5083249749247744
crypto,BNB,priority_with_coverage_fallback,30,30,"BTC,ETH,SOL,XRP,TRX,ADA,AVAX,DOT,NEAR,ATOM,ALGO,DOGE,BCH,LTC,XLM,ETC,LINK,UNI,AAVE,INJ,FIL,VET,FET,GRT,THETA,XTZ,SAND,CHZ,DASH,HBAR","TON,SUI,ICP,MKR,RENDER,RNDR,ARB,OP,MATIC,POL,APT,SEI,EOS,MANA","CHZ,DASH,HBAR",1440,168,0.8,336,3.0,1.0,10.0,8760.0,2.0690005643033316,0.21180557711174708,0.32619809409609896,0.6493158021007581,-0.45417151296497005,0.0038723304388641163,198,82.38383838383838,0.5095635115252575
crypto,BNB,priority_with_coverage_fallback,30,30,"BTC,ETH,SOL,XRP,TRX,ADA,AVAX,DOT,NEAR,ATOM,ALGO,DOGE,BCH,LTC,XLM,ETC,LINK,UNI,AAVE,INJ,FIL,VET,FET,GRT,THETA,XTZ,SAND,CHZ,DASH,HBAR","TON,SUI,ICP,MKR,RENDER,RNDR,ARB,OP,MATIC,POL,APT,SEI,EOS,MANA","CHZ,DASH,HBAR",1440,336,0.8,336,1.0,0.0,10.0,8760.0,7.87194206777912,0.4535024978685107,0.9261740894112284,0.48965146299526,-0.8495602810301824,0.007490416960025033,192,50796.0,0.49942908890463816
crypto,BNB,priority_with_coverage_fallback,30,30,"BTC,ETH,SOL,XRP,TRX,ADA,AVAX,DOT,NEAR,ATOM,ALGO,DOGE,BCH,LTC,XLM,ETC,LINK,UNI,AAVE,INJ,FIL,VET,FET,GRT,THETA,XTZ,SAND,CHZ,DASH,HBAR","TON,SUI,ICP,MKR,RENDER,RNDR,ARB,OP,MATIC,POL,APT,SEI,EOS,MANA","CHZ,DASH,HBAR",1440,336,0.8,336,1.0,0.25,10.0,8760.0,3.1718077878998825,0.2772465998943512,0.8522969946415812,0.32529341489810426,-0.7931628442207255,0.012888210905108347,619,130.61724137931034,0.5010955938646744
crypto,BNB,priority_with_coverage_fallback,30,30,"BTC,ETH,SOL,XRP,TRX,ADA,AVAX,DOT,NEAR,ATOM,ALGO,DOGE,BCH,LTC,XLM,ETC,LINK,UNI,AAVE,INJ,FIL,VET,FET,GRT,THETA,XTZ,SAND,CHZ,DASH,HBAR","TON,SUI,ICP,MKR,RENDER,RNDR,ARB,OP,MATIC,POL,APT,SEI,EOS,MANA","CHZ,DASH,HBAR",1440,336,0.8,336,1.0,0.5,10.0,8760.0,1.5972932248019558,0.17765008525073034,0.8380380089740593,0.2119833269474408,-0.8104035525590818,0.016525854650707973,819,86.90931989924434,0.5017534707126916
crypto,BNB,priority_with_coverage_fallback,30,30,"BTC,ETH,SOL,XRP,TRX,ADA,AVAX,DOT,NEAR,ATOM,ALGO,DOGE,BCH,LTC,XLM,ETC,LINK,UNI,AAVE,INJ,FIL,VET,FET,GRT,THETA,XTZ,SAND,CHZ,DASH,HBAR","TON,SUI,ICP,MKR,RENDER,RNDR,ARB,OP,MATIC,POL,APT,SEI,EOS,MANA","CHZ,DASH,HBAR",1440,336,0.8,336,1.0,0.75,10.0,8760.0,2.6977816957679477,0.25112421138444785,0.8218688246246176,0.3055526671170998,-0.7969172284539605,0.024153172181803958,1219,51.32392026578073,0.5019257533093828
crypto,BNB,priority_with_coverage_fallback,30,30,"BTC,ETH,SOL,XRP,TRX,ADA,AVAX,DOT,NEAR,ATOM,ALGO,DOGE,BCH,LTC,XLM,ETC,LINK,UNI,AAVE,INJ,FIL,VET,FET,GRT,THETA,XTZ,SAND,CHZ,DASH,HBAR","TON,SUI,ICP,MKR,RENDER,RNDR,ARB,OP,MATIC,POL,APT,SEI,EOS,MANA","CHZ,DASH,HBAR",1440,336,0.8,336,1.5,0.0,10.0,8760.0,9.608924955637395,0.4987159851259102,0.9262027379936302,0.5384522898369364,-0.9132197006065922,0.005925839004928421,152,50796.0,0.4997047011575715
crypto,BNB,priority_with_coverage_fallback,30,30,"BTC,ETH,SOL,XRP,TRX,ADA,AVAX,DOT,NEAR,ATOM,ALGO,DOGE,BCH,LTC,XLM,ETC,LINK,UNI,AAVE,INJ,FIL,VET,FET,GRT,THETA,XTZ,SAND,CHZ,DASH,HBAR","TON,SUI,ICP,MKR,RENDER,RNDR,ARB,OP,MATIC,POL,APT,SEI,EOS,MANA","CHZ,DASH,HBAR",1440,336,0.8,336,1.5,0.25,10.0,8760.0,1.9851901212082628,0.20607082836880464,0.8202104166280844,0.251241418288699,-0.7941303482648387,0.009328796057263554,451,156.26760563380282,0.501066546492414
crypto,BNB,priority_with_coverage_fallback,30,30,"BTC,ETH,SOL,XRP,TRX,ADA,AVAX,DOT,NEAR,ATOM,ALGO,DOGE,BCH,LTC,XLM,ETC,LINK,UNI,AAVE,INJ,FIL,VET,FET,GRT,THETA,XTZ,SAND,CHZ,DASH,HBAR","TON,SUI,ICP,MKR,RENDER,RNDR,ARB,OP,MATIC,POL,APT,SEI,EOS,MANA","CHZ,DASH,HBAR",1440,336,0.8,336,1.5,0.5,10.0,8760.0,2.2834189057407546,0.22590745139953694,0.8027879013574932,0.2814036572020248,-0.7738601511966582,0.011010717358992412,544,113.32699619771863,0.5018956550914276
crypto,BNB,priority_with_coverage_fallback,30,30,"BTC,ETH,SOL,XRP,TRX,ADA,AVAX,DOT,NEAR,ATOM,ALGO,DOGE,BCH,LTC,XLM,ETC,LINK,UNI,AAVE,INJ,FIL,VET,FET,GRT,THETA,XTZ,SAND,CHZ,DASH,HBAR","TON,SUI,ICP,MKR,RENDER,RNDR,ARB,OP,MATIC,POL,APT,SEI,EOS,MANA","CHZ,DASH,HBAR",1440,336,0.8,336,1.5,0.75,10.0,8760.0,1.9900870429612825,0.2064095479621939,0.7742755039888944,0.2665841123719116,-0.7769725538169908,0.013201126496127669,664,78.4006116207951,0.5020868276319382
crypto,BNB,priority_with_coverage_fallback,30,30,"BTC,ETH,SOL,XRP,TRX,ADA,AVAX,DOT,NEAR,ATOM,ALGO,DOGE,BCH,LTC,XLM,ETC,LINK,UNI,AAVE,INJ,FIL,VET,FET,GRT,THETA,XTZ,SAND,CHZ,DASH,HBAR","TON,SUI,ICP,MKR,RENDER,RNDR,ARB,OP,MATIC,POL,APT,SEI,EOS,MANA","CHZ,DASH,HBAR",1440,336,0.8,336,1.5,1.0,10.0,8760.0,0.1367011427400604,0.022194159255668477,0.6582780968159149,0.03371547581944686,-0.8090709484026313,0.015821794570914496,800,55.035353535353536,0.5019271359089658
crypto,BNB,priority_with_coverage_fallback,30,30,"BTC,ETH,SOL,XRP,TRX,ADA,AVAX,DOT,NEAR,ATOM,ALGO,DOGE,BCH,LTC,XLM,ETC,LINK,UNI,AAVE,INJ,FIL,VET,FET,GRT,THETA,XTZ,SAND,CHZ,DASH,HBAR","TON,SUI,ICP,MKR,RENDER,RNDR,ARB,OP,MATIC,POL,APT,SEI,EOS,MANA","CHZ,DASH,HBAR",1440,336,0.8,336,2.0,0.0,10.0,8760.0,3.5140580106152575,0.29461693438256265,0.9262154548193681,0.318086826180221,-0.8684849825295455,0.004400375498709223,113,50794.0,0.5012796787022089
crypto,BNB,priority_with_coverage_fallback,30,30,"BTC,ETH,SOL,XRP,TRX,ADA,AVAX,DOT,NEAR,ATOM,ALGO,DOGE,BCH,LTC,XLM,ETC,LINK,UNI,AAVE,INJ,FIL,VET,FET,GRT,THETA,XTZ,SAND,CHZ,DASH,HBAR","TON,SUI,ICP,MKR,RENDER,RNDR,ARB,OP,MATIC,POL,APT,SEI,EOS,MANA","CHZ,DASH,HBAR",1440,336,0.8,336,2.0,0.25,10.0,8760.0,0.18682928468041737,0.029779616948858667,0.768511064062337,0.038749756953978115,-0.8761729684790195,0.007079715246812173,349,174.6904761904762,0.5009881422924901
crypto,BNB,priority_with_coverage_fallback,30,30,"BTC,ETH,SOL,XRP,TRX,ADA,AVAX,DOT,NEAR,ATOM,ALGO,DOGE,BCH,LTC,XLM,ETC,LINK,UNI,AAVE,INJ,FIL,VET,FET,GRT,THETA,XTZ,SAND,CHZ,DASH,HBAR","TON,SUI,ICP,MKR,RENDER,RNDR,ARB,OP,MATIC,POL,APT,SEI,EOS,MANA","CHZ,DASH,HBAR",1440,336,0.8,336,2.0,0.5,10.0,8760.0,0.08302534422735786,0.01375808976862336,0.7548382661801971,0.018226539889458902,-0.8541791060854129,0.0077055464288508175,384,137.71122994652407,0.5018639328984157
crypto,BNB,priority_with_coverage_fallback,30,30,"BTC,ETH,SOL,XRP,TRX,ADA,AVAX,DOT,NEAR,ATOM,ALGO,DOGE,BCH,LTC,XLM,ETC,LINK,UNI,AAVE,INJ,FIL,VET,FET,GRT,THETA,XTZ,SAND,CHZ,DASH,HBAR","TON,SUI,ICP,MKR,RENDER,RNDR,ARB,OP,MATIC,POL,APT,SEI,EOS,MANA","CHZ,DASH,HBAR",1440,336,0.8,336,2.0,0.75,10.0,8760.0,0.24298039795727688,0.037967467626776275,0.7193227812759205,0.052782239927714136,-0.8063944708372247,0.008566064304153954,435,98.67129629629629,0.5021817669966687
crypto,BNB,priority_with_coverage_fallback,30,30,"BTC,ETH,SOL,XRP,TRX,ADA,AVAX,DOT,NEAR,ATOM,ALGO,DOGE,BCH,LTC,XLM,ETC,LINK,UNI,AAVE,INJ,FIL,VET,FET,GRT,THETA,XTZ,SAND,CHZ,DASH,HBAR","TON,SUI,ICP,MKR,RENDER,RNDR,ARB,OP,MATIC,POL,APT,SEI,EOS,MANA","CHZ,DASH,HBAR",1440,336,0.8,336,2.0,1.0,10.0,8760.0,-0.1519206341961693,-0.02783574522590415,0.5969917351493501,-0.046626684402825865,-0.7783447382744266,0.00927012438394743,472,75.34893617021277,0.5022872310385723
crypto,BNB,priority_with_coverage_fallback,30,30,"BTC,ETH,SOL,XRP,TRX,ADA,AVAX,DOT,NEAR,ATOM,ALGO,DOGE,BCH,LTC,XLM,ETC,LINK,UNI,AAVE,INJ,FIL,VET,FET,GRT,THETA,XTZ,SAND,CHZ,DASH,HBAR","TON,SUI,ICP,MKR,RENDER,RNDR,ARB,OP,MATIC,POL,APT,SEI,EOS,MANA","CHZ,DASH,HBAR",1440,336,0.8,336,2.5,0.0,10.0,8760.0,26.873379645398664,0.7684457679432872,0.9248112488208458,0.8309217355682817,-0.7695899236886954,0.003618086521160917,93,50315.0,0.5054357547451058
crypto,BNB,priority_with_coverage_fallback,30,30,"BTC,ETH,SOL,XRP,TRX,ADA,AVAX,DOT,NEAR,ATOM,ALGO,DOGE,BCH,LTC,XLM,ETC,LINK,UNI,AAVE,INJ,FIL,VET,FET,GRT,THETA,XTZ,SAND,CHZ,DASH,HBAR","TON,SUI,ICP,MKR,RENDER,RNDR,ARB,OP,MATIC,POL,APT,SEI,EOS,MANA","CHZ,DASH,HBAR",1440,336,0.8,336,2.5,0.25,10.0,8760.0,0.6793874526242538,0.09288167122823321,0.7398017572302921,0.1255494060678747,-0.8116576327341702,0.005358679496205898,267,179.48461538461538,0.5021643166330948
crypto,BNB,priority_with_coverage_fallback,30,30,"BTC,ETH,SOL,XRP,TRX,ADA,AVAX,DOT,NEAR,ATOM,ALGO,DOGE,BCH,LTC,XLM,ETC,LINK,UNI,AAVE,INJ,FIL,VET,FET,GRT,THETA,XTZ,SAND,CHZ,DASH,HBAR","TON,SUI,ICP,MKR,RENDER,RNDR,ARB,OP,MATIC,POL,APT,SEI,EOS,MANA","CHZ,DASH,HBAR",1440,336,0.8,336,2.5,0.5,10.0,8760.0,0.8566522959749632,0.11183225331298341,0.7276849523761391,0.15368223974923906,-0.7864516501299863,0.005710709536102637,286,144.84285714285716,0.5033533879080777
crypto,BNB,priority_with_coverage_fallback,30,30,"BTC,ETH,SOL,XRP,TRX,ADA,AVAX,DOT,NEAR,ATOM,ALGO,DOGE,BCH,LTC,XLM,ETC,LINK,UNI,AAVE,INJ,FIL,VET,FET,GRT,THETA,XTZ,SAND,CHZ,DASH,HBAR","TON,SUI,ICP,MKR,RENDER,RNDR,ARB,OP,MATIC,POL,APT,SEI,EOS,MANA","CHZ,DASH,HBAR",1440,336,0.8,336,2.5,0.75,10.0,8760.0,0.8893039148710544,0.11515794765008902,0.6999454111486582,0.16452418405187766,-0.7980174937379478,0.00618008292263162,315,105.67515923566879,0.5037068290036767
crypto,BNB,priority_with_coverage_fallback,30,30,"BTC,ETH,SOL,XRP,TRX,ADA,AVAX,DOT,NEAR,ATOM,ALGO,DOGE,BCH,LTC,XLM,ETC,LINK,UNI,AAVE,INJ,FIL,VET,FET,GRT,THETA,XTZ,SAND,CHZ,DASH,HBAR","TON,SUI,ICP,MKR,RENDER,RNDR,ARB,OP,MATIC,POL,APT,SEI,EOS,MANA","CHZ,DASH,HBAR",1440,336,0.8,336,2.5,1.0,10.0,8760.0,0.24940451777068984,0.038884566867166015,0.5760339267121928,0.06750395256943631,-0.759737207463679,0.0063365407181412816,324,85.04938271604938,0.5027580200319349
crypto,BNB,priority_with_coverage_fallback,30,30,"BTC,ETH,SOL,XRP,TRX,ADA,AVAX,DOT,NEAR,ATOM,ALGO,DOGE,BCH,LTC,XLM,ETC,LINK,UNI,AAVE,INJ,FIL,VET,FET,GRT,THETA,XTZ,SAND,CHZ,DASH,HBAR","TON,SUI,ICP,MKR,RENDER,RNDR,ARB,OP,MATIC,POL,APT,SEI,EOS,MANA","CHZ,DASH,HBAR",1440,336,0.8,336,3.0,0.0,10.0,8760.0,5.546634016764481,0.3797527361760358,0.924800926285181,0.41063187263604817,-0.8528832182635442,0.002288195259328796,59,50314.0,0.5051874229836626
crypto,BNB,priority_with_coverage_fallback,30,30,"BTC,ETH,SOL,XRP,TRX,ADA,AVAX,DOT,NEAR,ATOM,ALGO,DOGE,BCH,LTC,XLM,ETC,LINK,UNI,AAVE,INJ,FIL,VET,FET,GRT,THETA,XTZ,SAND,CHZ,DASH,HBAR","TON,SUI,ICP,MKR,RENDER,RNDR,ARB,OP,MATIC,POL,APT,SEI,EOS,MANA","CHZ,DASH,HBAR",1440,336,0.8,336,3.0,0.25,10.0,8760.0,-0.10624772368272695,-0.019059961473716802,0.7169800622762784,-0.02658367014168423,-0.8305716710696552,0.0037941015411092857,191,194.20212765957447,0.5010134209805532
crypto,BNB,priority_with_coverage_fallback,30,30,"BTC,ETH,SOL,XRP,TRX,ADA,AVAX,DOT,NEAR,ATOM,ALGO,DOGE,BCH,LTC,XLM,ETC,LINK,UNI,AAVE,INJ,FIL,VET,FET,GRT,THETA,XTZ,SAND,CHZ,DASH,HBAR","TON,SUI,ICP,MKR,RENDER,RNDR,ARB,OP,MATIC,POL,APT,SEI,EOS,MANA","CHZ,DASH,HBAR",1440,336,0.8,336,3.0,0.5,10.0,8760.0,0.7544652516934995,0.1011010992065795,0.7046108750061818,0.1434850110789058,-0.78425668597803,0.0040287882343737775,203,155.7,0.5034682080924856
crypto,BNB,priority_with_coverage_fallback,30,30,"BTC,ETH,SOL,XRP,TRX,ADA,AVAX,DOT,NEAR,ATOM,ALGO,DOGE,BCH,LTC,XLM,ETC,LINK,UNI,AAVE,INJ,FIL,VET,FET,GRT,THETA,XTZ,SAND,CHZ,DASH,HBAR","TON,SUI,ICP,MKR,RENDER,RNDR,ARB,OP,MATIC,POL,APT,SEI,EOS,MANA","CHZ,DASH,HBAR",1440,336,0.8,336,3.0,0.75,10.0,8760.0,0.3936712633264785,0.05851675255985822,0.6734386054090222,0.08689248298190043,-0.7916186999239019,0.004185246029883439,213,115.89622641509433,0.5036223036223036
crypto,BNB,priority_with_coverage_fallback,30,30,"BTC,ETH,SOL,XRP,TRX,ADA,AVAX,DOT,NEAR,ATOM,ALGO,DOGE,BCH,LTC,XLM,ETC,LINK,UNI,AAVE,INJ,FIL,VET,FET,GRT,THETA,XTZ,SAND,CHZ,DASH,HBAR","TON,SUI,ICP,MKR,RENDER,RNDR,ARB,OP,MATIC,POL,APT,SEI,EOS,MANA","CHZ,DASH,HBAR",1440,336,0.8,336,3.0,1.0,10.0,8760.0,-0.045396642890145444,-0.007927884142281516,0.5476049973619987,-0.014477377270976078,-0.7401917723551521,0.00426347492763827,218,95.09174311926606,0.5025566811384466
russia,AFKS,coverage,30,25,"AFLT,ALRS,CHMF,GAZP,GMKN,HYDR,IRAO,LKOH,MAGN,MGNT,MOEX,MTSS,NLMK,NVTK,PHOR,PLZL,RASP,ROSN,RTKM,SBER,SNGS,TATN,TRNFP,VTBR,YDEX",,,252,5,0.8,60,1.0,0.0,10.0,252.0,7.585722978961673,0.22168506646510133,0.3978372207921712,0.5572255557780222,-0.4837835452927962,0.043976348854397634,60,2646.0,0.5151171579743008
russia,AFKS,coverage,30,25,"AFLT,ALRS,CHMF,GAZP,GMKN,HYDR,IRAO,LKOH,MAGN,MGNT,MOEX,MTSS,NLMK,NVTK,PHOR,PLZL,RASP,ROSN,RTKM,SBER,SNGS,TATN,TRNFP,VTBR,YDEX",,,252,5,0.8,60,1.0,0.25,10.0,252.0,10.121726662206038,0.25148669700839754,0.31916634310911485,0.7879486745330808,-0.2804752808422395,0.06688839615668885,169,24.0126582278481,0.5150237216657881
russia,AFKS,coverage,30,25,"AFLT,ALRS,CHMF,GAZP,GMKN,HYDR,IRAO,LKOH,MAGN,MGNT,MOEX,MTSS,NLMK,NVTK,PHOR,PLZL,RASP,ROSN,RTKM,SBER,SNGS,TATN,TRNFP,VTBR,YDEX",,,252,5,0.8,60,1.0,0.5,10.0,252.0,8.502854691451525,0.2332866122532613,0.30471703672548134,0.7655844082765497,-0.25985524043591557,0.08130081300813008,214,16.240384615384617,0.5174659561870929
russia,AFKS,coverage,30,25,"AFLT,ALRS,CHMF,GAZP,GMKN,HYDR,IRAO,LKOH,MAGN,MGNT,MOEX,MTSS,NLMK,NVTK,PHOR,PLZL,RASP,ROSN,RTKM,SBER,SNGS,TATN,TRNFP,VTBR,YDEX",,,252,5,0.8,60,1.0,0.75,10.0,252.0,6.253245610238849,0.20264727279072337,0.2881599258232493,0.7032458528429195,-0.31113712672517535,0.10643015521064302,285,10.794326241134751,0.519053876478318
russia,AFKS,coverage,30,25,"AFLT,ALRS,CHMF,GAZP,GMKN,HYDR,IRAO,LKOH,MAGN,MGNT,MOEX,MTSS,NLMK,NVTK,PHOR,PLZL,RASP,ROSN,RTKM,SBER,SNGS,TATN,TRNFP,VTBR,YDEX",,,252,5,0.8,60,1.5,0.0,10.0,252.0,12.608408264206654,0.27522664620859616,0.39236135467070227,0.7014621672911341,-0.5477826826411814,0.03288987435328899,45,2620.0,0.5148854961832061
russia,AFKS,coverage,30,25,"AFLT,ALRS,CHMF,GAZP,GMKN,HYDR,IRAO,LKOH,MAGN,MGNT,MOEX,MTSS,NLMK,NVTK,PHOR,PLZL,RASP,ROSN,RTKM,SBER,SNGS,TATN,TRNFP,VTBR,YDEX",,,252,5,0.8,60,1.5,0.25,10.0,252.0,8.13152620051844,0.22871718500834626,0.2881608575586113,0.7937135770142746,-0.2804752808422395,0.04804138950480414,123,27.43103448275862,0.5153991200502829
russia,AFKS,coverage,30,25,"AFLT,ALRS,CHMF,GAZP,GMKN,HYDR,IRAO,LKOH,MAGN,MGNT,MOEX,MTSS,NLMK,NVTK,PHOR,PLZL,RASP,ROSN,RTKM,SBER,SNGS,TATN,TRNFP,VTBR,YDEX",,,252,5,0.8,60,1.5,0.5,10.0,252.0,6.094018597272356,0.20016380973652836,0.2707248804438369,0.7393624457728895,-0.2927032855213264,0.05395417590539542,143,19.942857142857143,0.5193409742120344
russia,AFKS,coverage,30,25,"AFLT,ALRS,CHMF,GAZP,GMKN,HYDR,IRAO,LKOH,MAGN,MGNT,MOEX,MTSS,NLMK,NVTK,PHOR,PLZL,RASP,ROSN,RTKM,SBER,SNGS,TATN,TRNFP,VTBR,YDEX",,,252,5,0.8,60,1.5,0.75,10.0,252.0,4.742513549560003,0.1767722766580706,0.25579503550382665,0.6910700057563319,-0.27731102277956055,0.06134515890613452,165,15.097560975609756,0.5226171243941842
russia,AFKS,coverage,30,25,"AFLT,ALRS,CHMF,GAZP,GMKN,HYDR,IRAO,LKOH,MAGN,MGNT,MOEX,MTSS,NLMK,NVTK,PHOR,PLZL,RASP,ROSN,RTKM,SBER,SNGS,TATN,TRNFP,VTBR,YDEX",,,252,5,0.8,60,1.5,1.0,10.0,252.0,3.783051952057109,0.1569070808993529,0.24112466633718813,0.6507301110369789,-0.2668356230413239,0.07317073170731707,197,10.438775510204081,0.5288367546432062
russia,AFKS,coverage,30,25,"AFLT,ALRS,CHMF,GAZP,GMKN,HYDR,IRAO,LKOH,MAGN,MGNT,MOEX,MTSS,NLMK,NVTK,PHOR,PLZL,RASP,ROSN,RTKM,SBER,SNGS,TATN,TRNFP,VTBR,YDEX",,,252,5,0.8,60,2.0,0.0,10.0,252.0,47.97663773677535,0.4367544951784854,0.3907721011072428,1.1176706165587376,-0.5124151914980417,0.028455284552845527,39,2611.0,0.5319800842589046
russia,AFKS,coverage,30,25,"AFLT,ALRS,CHMF,GAZP,GMKN,HYDR,IRAO,LKOH,MAGN,MGNT,MOEX,MTSS,NLMK,NVTK,PHOR,PLZL,RASP,ROSN,RTKM,SBER,SNGS,TATN,TRNFP,VTBR,YDEX",,,252,5,0.8,60,2.0,0.25,10.0,252.0,11.77022852162765,0.26769939781505014,0.2542497039412963,1.0528995458608645,-0.22669605711485163,0.038433111603843315,100,28.0625,0.5285820341499629
russia,AFKS,coverage,30,25,"AFLT,ALRS,CHMF,GAZP,GMKN,HYDR,IRAO,LKOH,MAGN,MGNT,MOEX,MTSS,NLMK,NVTK,PHOR,PLZL,RASP,ROSN,RTKM,SBER,SNGS,TATN,TRNFP,VTBR,YDEX",,,252,5,0.8,60,2.0,0.5,10.0,252.0,6.911763631413263,0.2124195935870945,0.2375027652079266,0.8943878754469552,-0.23334806394468743,0.04138950480413895,112,20.535714285714285,0.5269565217391304
russia,AFKS,coverage,30,25,"AFLT,ALRS,CHMF,GAZP,GMKN,HYDR,IRAO,LKOH,MAGN,MGNT,MOEX,MTSS,NLMK,NVTK,PHOR,PLZL,RASP,ROSN,RTKM,SBER,SNGS,TATN,TRNFP,VTBR,YDEX",,,252,5,0.8,60,2.0,0.75,10.0,252.0,6.355869942279901,0.20422183100371472,0.21798802264083966,0.9368488622890702,-0.22119935456530337,0.04656319290465632,126,15.428571428571429,0.5380658436213992
russia,AFKS,coverage,30,25,"AFLT,ALRS,CHMF,GAZP,GMKN,HYDR,IRAO,LKOH,MAGN,MGNT,MOEX,MTSS,NLMK,NVTK,PHOR,PLZL,RASP,ROSN,RTKM,SBER,SNGS,TATN,TRNFP,VTBR,YDEX",,,252,5,0.8,60,2.0,1.0,10.0,252.0,4.125982703650077,0.16439137397650683,0.20218039743428765,0.8130925453835703,-0.1826378740262935,0.04878048780487805,132,11.696969696969697,0.5401554404145078
russia,AFKS,coverage,30,25,"AFLT,ALRS,CHMF,GAZP,GMKN,HYDR,IRAO,LKOH,MAGN,MGNT,MOEX,MTSS,NLMK,NVTK,PHOR,PLZL,RASP,ROSN,RTKM,SBER,SNGS,TATN,TRNFP,VTBR,YDEX",,,252,5,0.8,60,2.5,0.0,10.0,252.0,61.228475179417586,0.46915536903384325,0.3876381593530484,1.2102920151536258,-0.5124151914980419,0.02106430155210643,29,2566.0,0.5276695245518317
russia,AFKS,coverage,30,25,"AFLT,ALRS,CHMF,GAZP,GMKN,HYDR,IRAO,LKOH,MAGN,MGNT,MOEX,MTSS,NLMK,NVTK,PHOR,PLZL,RASP,ROSN,RTKM,SBER,SNGS,TATN,TRNFP,VTBR,YDEX",,,252,5,0.8,60,2.5,0.25,10.0,252.0,13.467682831799081,0.2825188680436701,0.22942478031694982,1.231422637316557,-0.20962164389965998,0.028085735402808575,73,30.17142857142857,0.5321969696969697
russia,AFKS,coverage,30,25,"AFLT,ALRS,CHMF,GAZP,GMKN,HYDR,IRAO,LKOH,MAGN,MGNT,MOEX,MTSS,NLMK,NVTK,PHOR,PLZL,RASP,ROSN,RTKM,SBER,SNGS,TATN,TRNFP,VTBR,YDEX",,,252,5,0.8,60,2.5,0.5,10.0,252.0,6.462648198805158,0.20583911494598328,0.20555192212169707,1.001397178977077,-0.2158337913646774,0.028824833702882482,78,21.666666666666668,0.5289940828402366
russia,AFKS,coverage,30,25,"AFLT,ALRS,CHMF,GAZP,GMKN,HYDR,IRAO,LKOH,MAGN,MGNT,MOEX,MTSS,NLMK,NVTK,PHOR,PLZL,RASP,ROSN,RTKM,SBER,SNGS,TATN,TRNFP,VTBR,YDEX",,,252,5,0.8,60,2.5,0.75,10.0,252.0,6.637503252997436,0.2084427304453682,0.18643848001861232,1.1180241891296216,-0.17540329543629285,0.031781226903178125,86,16.25581395348837,0.5407725321888412
russia,AFKS,coverage,30,25,"AFLT,ALRS,CHMF,GAZP,GMKN,HYDR,IRAO,LKOH,MAGN,MGNT,MOEX,MTSS,NLMK,NVTK,PHOR,PLZL,RASP,ROSN,RTKM,SBER,SNGS,TATN,TRNFP,VTBR,YDEX",,,252,5,0.8,60,2.5,1.0,10.0,252.0,5.35981310790151,0.18801484875834706,0.1724263445120803,1.0904067431828819,-0.16660318820050102,0.032520325203252036,88,12.181818181818182,0.5522388059701493
russia,AFKS,coverage,30,25,"AFLT,ALRS,CHMF,GAZP,GMKN,HYDR,IRAO,LKOH,MAGN,MGNT,MOEX,MTSS,NLMK,NVTK,PHOR,PLZL,RASP,ROSN,RTKM,SBER,SNGS,TATN,TRNFP,VTBR,YDEX",,,252,5,0.8,60,3.0,0.0,10.0,252.0,159.90052106726802,0.6050505709812077,0.3811547626787794,1.5874144316835364,-0.3094174537927057,0.015151515151515152,21,2427.0,0.5348166460651009
russia,AFKS,coverage,30,25,"AFLT,ALRS,CHMF,GAZP,GMKN,HYDR,IRAO,LKOH,MAGN,MGNT,MOEX,MTSS,NLMK,NVTK,PHOR,PLZL,RASP,ROSN,RTKM,SBER,SNGS,TATN,TRNFP,VTBR,YDEX",,,252,5,0.8,60,3.0,0.25,10.0,252.0,11.50022922986255,0.2651790933783178,0.19552960927226493,1.3562093964452695,-0.20962164389966031,0.019955654101995565,53,27.73076923076923,0.5492371705963939
russia,AFKS,coverage,30,25,"AFLT,ALRS,CHMF,GAZP,GMKN,HYDR,IRAO,LKOH,MAGN,MGNT,MOEX,MTSS,NLMK,NVTK,PHOR,PLZL,RASP,ROSN,RTKM,SBER,SNGS,TATN,TRNFP,VTBR,YDEX",,,252,5,0.8,60,3.0,0.5,10.0,252.0,7.045364958704846,0.21431176527031282,0.17343679172034107,1.2356764856206564,-0.16660318820050113,0.020694752402069475,56,20.214285714285715,0.5477031802120141
russia,AFKS,coverage,30,25,"AFLT,ALRS,CHMF,GAZP,GMKN,HYDR,IRAO,LKOH,MAGN,MGNT,MOEX,MTSS,NLMK,NVTK,PHOR,PLZL,RASP,ROSN,RTKM,SBER,SNGS,TATN,TRNFP,VTBR,YDEX",,,252,5,0.8,60,3.0,0.75,10.0,252.0,6.046034481358048,0.1994054868641042,0.1549778828427875,1.286670608775737,-0.16958134470816555,0.021433850702143386,58,14.827586206896552,0.5581395348837209
russia,AFKS,coverage,30,25,"AFLT,ALRS,CHMF,GAZP,GMKN,HYDR,IRAO,LKOH,MAGN,MGNT,MOEX,MTSS,NLMK,NVTK,PHOR,PLZL,RASP,ROSN,RTKM,SBER,SNGS,TATN,TRNFP,VTBR,YDEX",,,252,5,0.8,60,3.0,1.0,10.0,252.0,4.920314041314487,0.18011865231449198,0.14316137126011028,1.25815120887068,-0.16660318820050124,0.021433850702143386,58,11.379310344827585,0.5757575757575758
russia,AFKS,coverage,30,25,"AFLT,ALRS,CHMF,GAZP,GMKN,HYDR,IRAO,LKOH,MAGN,MGNT,MOEX,MTSS,NLMK,NVTK,PHOR,PLZL,RASP,ROSN,RTKM,SBER,SNGS,TATN,TRNFP,VTBR,YDEX",,,252,10,0.8,60,1.0,0.0,10.0,252.0,10.888880170701164,0.2592848857712222,0.42311939415957284,0.6127936685252413,-0.5630982205393316,0.041019955654102,56,2645.0,0.5073724007561436
russia,AFKS,coverage,30,25,"AFLT,ALRS,CHMF,GAZP,GMKN,HYDR,IRAO,LKOH,MAGN,MGNT,MOEX,MTSS,NLMK,NVTK,PHOR,PLZL,RASP,ROSN,RTKM,SBER,SNGS,TATN,TRNFP,VTBR,YDEX",,,252,10,0.8,60,1.0,0.25,10.0,252.0,13.772407265554659,0.2850107781674971,0.35002161895465334,0.8142662130947441,-0.3666461183859375,0.06319290465631928,154,27.594202898550726,0.5126050420168067
russia,AFKS,coverage,30,25,"AFLT,ALRS,CHMF,GAZP,GMKN,HYDR,IRAO,LKOH,MAGN,MGNT,MOEX,MTSS,NLMK,NVTK,PHOR,PLZL,RASP,ROSN,RTKM,SBER,SNGS,TATN,TRNFP,VTBR,YDEX",,,252,10,0.8,60,1.0,0.5,10.0,252.0,6.209061682119548,0.2019631319003239,0.31996326829606786,0.631207241305723,-0.3346990123102187,0.07797487065779748,207,16.568627450980394,0.5100591715976331
russia,AFKS,coverage,30,25,"AFLT,ALRS,CHMF,GAZP,GMKN,HYDR,IRAO,LKOH,MAGN,MGNT,MOEX,MTSS,NLMK,NVTK,PHOR,PLZL,RASP,ROSN,RTKM,SBER,SNGS,TATN,TRNFP,VTBR,YDEX",,,252,10,0.8,60,1.0,0.75,10.0,252.0,6.935681543109168,0.2127604575295623,0.30963898933595363,0.6871242474529602,-0.2758989468364923,0.10051736881005174,268,11.568181818181818,0.5127701375245579
russia,AFKS,coverage,30,25,"AFLT,ALRS,CHMF,GAZP,GMKN,HYDR,IRAO,LKOH,MAGN,MGNT,MOEX,MTSS,NLMK,NVTK,PHOR,PLZL,RASP,ROSN,RTKM,SBER,SNGS,TATN,TRNFP,VTBR,YDEX",,,252,10,0.8,60,1.5,0.0,10.0,252.0,10.240461329399926,0.2527249548059094,0.41651846408932636,0.6067557061569067,-0.5444459477271841,0.031411677753141166,43,2620.0,0.5114503816793893
russia,AFKS,coverage,30,25,"AFLT,ALRS,CHMF,GAZP,GMKN,HYDR,IRAO,LKOH,MAGN,MGNT,MOEX,MTSS,NLMK,NVTK,PHOR,PLZL,RASP,ROSN,RTKM,SBER,SNGS,TATN,TRNFP,VTBR,YDEX",,,252,10,0.8,60,1.5,0.25,10.0,252.0,6.9805098707329165,0.21339682243668245,0.3219659851682444,0.6627930659357424,-0.3229587179764525,0.04434589800443459,112,31.173076923076923,0.512646514497224
russia,AFKS,coverage,30,25,"AFLT,ALRS,CHMF,GAZP,GMKN,HYDR,IRAO,LKOH,MAGN,MGNT,MOEX,MTSS,NLMK,NVTK,PHOR,PLZL,RASP,ROSN,RTKM,SBER,SNGS,TATN,TRNFP,VTBR,YDEX",,,252,10,0.8,60,1.5,0.5,10.0,252.0,4.033461789602753,0.16241797270624936,0.2918935372703325,0.5564288069722783,-0.27598455632058916,0.050997782705099776,137,20.36764705882353,0.5068592057761733
russia,AFKS,coverage,30,25,"AFLT,ALRS,CHMF,GAZP,GMKN,HYDR,IRAO,LKOH,MAGN,MGNT,MOEX,MTSS,NLMK,NVTK,PHOR,PLZL,RASP,ROSN,RTKM,SBER,SNGS,TATN,TRNFP,VTBR,YDEX",,,252,10,0.8,60,1.5,0.75,10.0,252.0,4.4829297920495135,0.1717138957779567,0.2811725886827976,0.6107063870713024,-0.27427887206993706,0.058388765705838876,157,15.743589743589743,0.509771986970684
russia,AFKS,coverage,30,25,"AFLT,ALRS,CHMF,GAZP,GMKN,HYDR,IRAO,LKOH,MAGN,MGNT,MOEX,MTSS,NLMK,NVTK,PHOR,PLZL,RASP,ROSN,RTKM,SBER,SNGS,TATN,TRNFP,VTBR,YDEX",,,252,10,0.8,60,1.5,1.0,10.0,252.0,3.656539433845352,0.15402261395534955,0.27050418740786947,0.5693908675916813,-0.290477840382395,0.06651884700665188,179,11.786516853932584,0.5119161105815062
russia,AFKS,coverage,30,25,"AFLT,ALRS,CHMF,GAZP,GMKN,HYDR,IRAO,LKOH,MAGN,MGNT,MOEX,MTSS,NLMK,NVTK,PHOR,PLZL,RASP,ROSN,RTKM,SBER,SNGS,TATN,TRNFP,VTBR,YDEX",,,252,10,0.8,60,2.0,0.0,10.0,252.0,25.16218314259482,0.3552607292217971,0.4155311342481053,0.8549557420399648,-0.5074914280674241,0.025498891352549888,35,2611.0,0.5151283033320567
russia,AFKS,coverage,30,25,"AFLT,ALRS,CHMF,GAZP,GMKN,HYDR,IRAO,LKOH,MAGN,MGNT,MOEX,MTSS,NLMK,NVTK,PHOR,PLZL,RASP,ROSN,RTKM,SBER,SNGS,TATN,TRNFP,VTBR,YDEX",,,252,10,0.8,60,2.0,0.25,10.0,252.0,21.900538396205658,0.33855898822099184,0.29503694699420335,1.1475138679076813,-0.23139776518645971,0.03695491500369549,95,29.8,0.5279642058165548
russia,AFKS,coverage,30,25,"AFLT,ALRS,CHMF,GAZP,GMKN,HYDR,IRAO,LKOH,MAGN,MGNT,MOEX,MTSS,NLMK,NVTK,PHOR,PLZL,RASP,ROSN,RTKM,SBER,SNGS,TATN,TRNFP,VTBR,YDEX",,,252,10,0.8,60,2.0,0.5,10.0,252.0,9.956075600025935,0.2497389760626989,0.25754037903447924,0.9697080395663474,-0.23139776518645938,0.04138950480413895,112,19.464285714285715,0.5201834862385321
russia,AFKS,coverage,30,25,"AFLT,ALRS,CHMF,GAZP,GMKN,HYDR,IRAO,LKOH,MAGN,MGNT,MOEX,MTSS,NLMK,NVTK,PHOR,PLZL,RASP,ROSN,RTKM,SBER,SNGS,TATN,TRNFP,VTBR,YDEX",,,252,10,0.8,60,2.0,0.75,10.0,252.0,7.8920807388481045,0.22568044295348022,0.24749455855336952,0.911860221382664,-0.2556098441803656,0.04434589800443459,120,15.816666666666666,0.5194942044257113
russia,AFKS,coverage,30,25,"AFLT,ALRS,CHMF,GAZP,GMKN,HYDR,IRAO,LKOH,MAGN,MGNT,MOEX,MTSS,NLMK,NVTK,PHOR,PLZL,RASP,ROSN,RTKM,SBER,SNGS,TATN,TRNFP,VTBR,YDEX",,,252,10,0.8,60,2.0,1.0,10.0,252.0,5.610418751600313,0.19229839592442777,0.23786142217957357,0.8084471797164823,-0.2487668993725024,0.04582409460458241,124,12.85483870967742,0.5181932245922208
russia,AFKS,coverage,30,25,"AFLT,ALRS,CHMF,GAZP,GMKN,HYDR,IRAO,LKOH,MAGN,MGNT,MOEX,MTSS,NLMK,NVTK,PHOR,PLZL,RASP,ROSN,RTKM,SBER,SNGS,TATN,TRNFP,VTBR,YDEX",,,252,10,0.8,60,2.5,0.0,10.0,252.0,57.58211693198918,0.46091709531819003,0.41202495919270526,1.118663044640016,-0.49261376351289343,0.01810790835181079,25,2566.0,0.5206547155105222
russia,AFKS,coverage,30,25,"AFLT,ALRS,CHMF,GAZP,GMKN,HYDR,IRAO,LKOH,MAGN,MGNT,MOEX,MTSS,NLMK,NVTK,PHOR,PLZL,RASP,ROSN,RTKM,SBER,SNGS,TATN,TRNFP,VTBR,YDEX",,,252,10,0.8,60,2.5,0.25,10.0,252.0,13.62988049714037,0.28385111412438646,0.24626594547532707,1.1526202438445756,-0.24512959662890432,0.025129342202512936,65,29.677419354838708,0.5315217391304348
russia,AFKS,coverage,30,25,"AFLT,ALRS,CHMF,GAZP,GMKN,HYDR,IRAO,LKOH,MAGN,MGNT,MOEX,MTSS,NLMK,NVTK,PHOR,PLZL,RASP,ROSN,RTKM,SBER,SNGS,TATN,TRNFP,VTBR,YDEX",,,252,10,0.8,60,2.5,0.5,10.0,252.0,7.055724433135186,0.2144572915713885,0.22369894213737196,0.958687106529506,-0.21578096112191336,0.026607538802660754,72,21.11111111111111,0.5184210526315789
russia,AFKS,coverage,30,25,"AFLT,ALRS,CHMF,GAZP,GMKN,HYDR,IRAO,LKOH,MAGN,MGNT,MOEX,MTSS,NLMK,NVTK,PHOR,PLZL,RASP,ROSN,RTKM,SBER,SNGS,TATN,TRNFP,VTBR,YDEX",,,252,10,0.8,60,2.5,0.75,10.0,252.0,6.788206061327078,0.21064369999388566,0.2163639978312766,0.9735616928198392,-0.21578096112191347,0.028824833702882482,78,16.94871794871795,0.5158850226928896
russia,AFKS,coverage,30,25,"AFLT,ALRS,CHMF,GAZP,GMKN,HYDR,IRAO,LKOH,MAGN,MGNT,MOEX,MTSS,NLMK,NVTK,PHOR,PLZL,RASP,ROSN,RTKM,SBER,SNGS,TATN,TRNFP,VTBR,YDEX",,,252,10,0.8,60,2.5,1.0,10.0,252.0,6.329590972516063,0.20382054123593996,0.20655114448555778,0.9867800139456078,-0.17372880791659684,0.030303030303030304,82,13.170731707317072,0.5203703703703704
russia,AFKS,coverage,30,25,"AFLT,ALRS,CHMF,GAZP,GMKN,HYDR,IRAO,LKOH,MAGN,MGNT,MOEX,MTSS,NLMK,NVTK,PHOR,PLZL,RASP,ROSN,RTKM,SBER,SNGS,TATN,TRNFP,VTBR,YDEX",,,252,10,0.8,60,3.0,0.0,10.0,252.0,81.83670201565832,0.5088190423853938,0.40586228031810684,1.2536741329758248,-0.42576170869584684,0.012195121951219513,17,2431.0,0.523241464417935
russia,AFKS,coverage,30,25,"AFLT,ALRS,CHMF,GAZP,GMKN,HYDR,IRAO,LKOH,MAGN,MGNT,MOEX,MTSS,NLMK,NVTK,PHOR,PLZL,RASP,ROSN,RTKM,SBER,SNGS,TATN,TRNFP,VTBR,YDEX",,,252,10,0.8,60,3.0,0.25,10.0,252.0,6.203393916384791,0.20187509759990707,0.20569863137380853,0.9814119629850473,-0.245129596628904,0.016260162601626018,43,31.80952380952381,0.5269461077844312
russia,AFKS,coverage,30,25,"AFLT,ALRS,CHMF,GAZP,GMKN,HYDR,IRAO,LKOH,MAGN,MGNT,MOEX,MTSS,NLMK,NVTK,PHOR,PLZL,RASP,ROSN,RTKM,SBER,SNGS,TATN,TRNFP,VTBR,YDEX",,,252,10,0.8,60,3.0,0.5,10.0,252.0,4.847609421500238,0.178761444770138,0.18013050163515476,0.9923996388585553,-0.16660318820050102,0.017738359201773836,48,21.25,0.5254901960784314
russia,AFKS,coverage,30,25,"AFLT,ALRS,CHMF,GAZP,GMKN,HYDR,IRAO,LKOH,MAGN,MGNT,MOEX,MTSS,NLMK,NVTK,PHOR,PLZL,RASP,ROSN,RTKM,SBER,SNGS,TATN,TRNFP,VTBR,YDEX",,,252,10,0.8,60,3.0,0.75,10.0,252.0,4.44356740413706,0.17092797098409074,0.17183025856714712,0.9947489598713268,-0.16660318820050102,0.018477457501847747,50,17.08,0.522248243559719
russia,AFKS,coverage,30,25,"AFLT,ALRS,CHMF,GAZP,GMKN,HYDR,IRAO,LKOH,MAGN,MGNT,MOEX,MTSS,NLMK,NVTK,PHOR,PLZL,RASP,ROSN,RTKM,SBER,SNGS,TATN,TRNFP,VTBR,YDEX",,,252,10,0.8,60,3.0,1.0,10.0,252.0,3.922322566762788,0.16000349308153505,0.16625773331937946,0.9623822596821402,-0.16660318820050113,0.018477457501847747,50,13.56,0.5250737463126843
russia,AFKS,coverage,30,25,"AFLT,ALRS,CHMF,GAZP,GMKN,HYDR,IRAO,LKOH,MAGN,MGNT,MOEX,MTSS,NLMK,NVTK,PHOR,PLZL,RASP,ROSN,RTKM,SBER,SNGS,TATN,TRNFP,VTBR,YDEX",,,252,21,0.8,60,1.0,0.0,10.0,252.0,6.531397681286186,0.20686933786973172,0.4450213940703845,0.46485256804757863,-0.5728015686521184,0.037324464153732445,51,2646.0,0.5052910052910053
russia,AFKS,coverage,30,25,"AFLT,ALRS,CHMF,GAZP,GMKN,HYDR,IRAO,LKOH,MAGN,MGNT,MOEX,MTSS,NLMK,NVTK,PHOR,PLZL,RASP,ROSN,RTKM,SBER,SNGS,TATN,TRNFP,VTBR,YDEX",,,252,21,0.8,60,1.0,0.25,10.0,252.0,3.18093769683136,0.14250201289045838,0.38312995891790746,0.3719417121358344,-0.5726859719218789,0.06060606060606061,156,25.72972972972973,0.5089285714285714
russia,AFKS,coverage,30,25,"AFLT,ALRS,CHMF,GAZP,GMKN,HYDR,IRAO,LKOH,MAGN,MGNT,MOEX,MTSS,NLMK,NVTK,PHOR,PLZL,RASP,ROSN,RTKM,SBER,SNGS,TATN,TRNFP,VTBR,YDEX",,,252,21,0.8,60,1.0,0.5,10.0,252.0,10.629295091034216,0.25669861420060736,0.3386488277777119,0.7580082762580935,-0.3559994779372587,0.07612712490761271,201,17.29591836734694,0.512094395280236
russia,AFKS,coverage,30,25,"AFLT,ALRS,CHMF,GAZP,GMKN,HYDR,IRAO,LKOH,MAGN,MGNT,MOEX,MTSS,NLMK,NVTK,PHOR,PLZL,RASP,ROSN,RTKM,SBER,SNGS,TATN,TRNFP,VTBR,YDEX",,,252,21,0.8,60,1.0,0.75,10.0,252.0,5.584149163577172,0.1918563515713403,0.3282765035195214,0.5844352230951896,-0.364453074029754,0.08869179600886919,237,12.88888888888889,0.5099469496021221
russia,AFKS,coverage,30,25,"AFLT,ALRS,CHMF,GAZP,GMKN,HYDR,IRAO,LKOH,MAGN,MGNT,MOEX,MTSS,NLMK,NVTK,PHOR,PLZL,RASP,ROSN,RTKM,SBER,SNGS,TATN,TRNFP,VTBR,YDEX",,,252,21,0.8,60,1.5,0.0,10.0,252.0,12.661744827305936,0.2756912761937089,0.4447613268097989,0.6198634179171959,-0.5779248169941322,0.03067257945306726,42,2645.0,0.5119092627599244
russia,AFKS,coverage,30,25,"AFLT,ALRS,CHMF,GAZP,GMKN,HYDR,IRAO,LKOH,MAGN,MGNT,MOEX,MTSS,NLMK,NVTK,PHOR,PLZL,RASP,ROSN,RTKM,SBER,SNGS,TATN,TRNFP,VTBR,YDEX",,,252,21,0.8,60,1.5,0.25,10.0,252.0,3.6734002648853883,0.15441111372693062,0.3612504710414717,0.42743505159112766,-0.5567593320084039,0.0450849963045085,117,28.875,0.5126777983920842
russia,AFKS,coverage,30,25,"AFLT,ALRS,CHMF,GAZP,GMKN,HYDR,IRAO,LKOH,MAGN,MGNT,MOEX,MTSS,NLMK,NVTK,PHOR,PLZL,RASP,ROSN,RTKM,SBER,SNGS,TATN,TRNFP,VTBR,YDEX",,,252,21,0.8,60,1.5,0.5,10.0,252.0,8.137775531907442,0.22879547029293734,0.31659666406816184,0.7226717658770994,-0.29868742578970986,0.05025868440502587,133,22.076923076923077,0.5114982578397212
russia,AFKS,coverage,30,25,"AFLT,ALRS,CHMF,GAZP,GMKN,HYDR,IRAO,LKOH,MAGN,MGNT,MOEX,MTSS,NLMK,NVTK,PHOR,PLZL,RASP,ROSN,RTKM,SBER,SNGS,TATN,TRNFP,VTBR,YDEX",,,252,21,0.8,60,1.5,0.75,10.0,252.0,4.6932510993010625,0.17582848866906198,0.3026083608871433,0.5810430622392372,-0.29868742578970975,0.05321507760532151,143,17.450704225352112,0.5092816787732042
russia,AFKS,coverage,30,25,"AFLT,ALRS,CHMF,GAZP,GMKN,HYDR,IRAO,LKOH,MAGN,MGNT,MOEX,MTSS,NLMK,NVTK,PHOR,PLZL,RASP,ROSN,RTKM,SBER,SNGS,TATN,TRNFP,VTBR,YDEX",,,252,21,0.8,60,1.5,1.0,10.0,252.0,3.1442820551590565,0.14156546588120134,0.28379850842089144,0.49882385453291617,-0.2978737682288105,0.06208425720620843,168,13.095238095238095,0.5081818181818182
russia,AFKS,coverage,30,25,"AFLT,ALRS,CHMF,GAZP,GMKN,HYDR,IRAO,LKOH,MAGN,MGNT,MOEX,MTSS,NLMK,NVTK,PHOR,PLZL,RASP,ROSN,RTKM,SBER,SNGS,TATN,TRNFP,VTBR,YDEX",,,252,21,0.8,60,2.0,0.0,10.0,252.0,81.47405443725904,0.508202680826453,0.4310982457279565,1.1788558312694992,-0.5124118067976506,0.028455284552845527,39,2611.0,0.5243201838376101
russia,AFKS,coverage,30,25,"AFLT,ALRS,CHMF,GAZP,GMKN,HYDR,IRAO,LKOH,MAGN,MGNT,MOEX,MTSS,NLMK,NVTK,PHOR,PLZL,RASP,ROSN,RTKM,SBER,SNGS,TATN,TRNFP,VTBR,YDEX",,,252,21,0.8,60,2.0,0.25,10.0,252.0,9.718460782965636,0.24718968259617058,0.2944628108398323,0.8394597670624864,-0.2651880121917387,0.03621581670362158,95,29.130434782608695,0.5194029850746269
russia,AFKS,coverage,30,25,"AFLT,ALRS,CHMF,GAZP,GMKN,HYDR,IRAO,LKOH,MAGN,MGNT,MOEX,MTSS,NLMK,NVTK,PHOR,PLZL,RASP,ROSN,RTKM,SBER,SNGS,TATN,TRNFP,VTBR,YDEX",,,252,21,0.8,60,2.0,0.5,10.0,252.0,7.663299435787627,0.22270885980674593,0.28589486619120813,0.7789886638181077,-0.2651880121917387,0.037694013303769404,100,24.387755102040817,0.5171548117154812
russia,AFKS,coverage,30,25,"AFLT,ALRS,CHMF,GAZP,GMKN,HYDR,IRAO,LKOH,MAGN,MGNT,MOEX,MTSS,NLMK,NVTK,PHOR,PLZL,RASP,ROSN,RTKM,SBER,SNGS,TATN,TRNFP,VTBR,YDEX",,,252,21,0.8,60,2.0,0.75,10.0,252.0,4.251941545491902,0.16702668700657708,0.26420952338423426,0.6321751194550006,-0.2651880121917384,0.03917220990391722,105,19.51923076923077,0.5152709359605911
russia,AFKS,coverage,30,25,"AFLT,ALRS,CHMF,GAZP,GMKN,HYDR,IRAO,LKOH,MAGN,MGNT,MOEX,MTSS,NLMK,NVTK,PHOR,PLZL,RASP,ROSN,RTKM,SBER,SNGS,TATN,TRNFP,VTBR,YDEX",,,252,21,0.8,60,2.0,1.0,10.0,252.0,1.975299595954862,0.10687404280045643,0.2416266325784453,0.44231069092004677,-0.26518801219173904,0.04138950480413895,112,15.660714285714286,0.508551881413911
russia,AFKS,coverage,30,25,"AFLT,ALRS,CHMF,GAZP,GMKN,HYDR,IRAO,LKOH,MAGN,MGNT,MOEX,MTSS,NLMK,NVTK,PHOR,PLZL,RASP,ROSN,RTKM,SBER,SNGS,TATN,TRNFP,VTBR,YDEX",,,252,21,0.8,60,2.5,0.0,10.0,252.0,27.869453539557384,0.3677457220754088,0.421020482383265,0.8734627826031539,-0.5124118067976503,0.018847006651884702,26,2432.0,0.5135690789473685
russia,AFKS,coverage,30,25,"AFLT,ALRS,CHMF,GAZP,GMKN,HYDR,IRAO,LKOH,MAGN,MGNT,MOEX,MTSS,NLMK,NVTK,PHOR,PLZL,RASP,ROSN,RTKM,SBER,SNGS,TATN,TRNFP,VTBR,YDEX",,,252,21,0.8,60,2.5,0.25,10.0,252.0,5.3834560968650305,0.18842545133733601,0.27124939996916353,0.6946575784453599,-0.26518801219173926,0.025868440502586843,69,33.794117647058826,0.5091383812010444
russia,AFKS,coverage,30,25,"AFLT,ALRS,CHMF,GAZP,GMKN,HYDR,IRAO,LKOH,MAGN,MGNT,MOEX,MTSS,NLMK,NVTK,PHOR,PLZL,RASP,ROSN,RTKM,SBER,SNGS,TATN,TRNFP,VTBR,YDEX",,,252,21,0.8,60,2.5,0.5,10.0,252.0,4.268546442683057,0.16736980858793493,0.26268588297420326,0.6371480899275096,-0.2651880121917386,0.025868440502586843,70,28.65714285714286,0.5054835493519442
russia,AFKS,coverage,30,25,"AFLT,ALRS,CHMF,GAZP,GMKN,HYDR,IRAO,LKOH,MAGN,MGNT,MOEX,MTSS,NLMK,NVTK,PHOR,PLZL,RASP,ROSN,RTKM,SBER,SNGS,TATN,TRNFP,VTBR,YDEX",,,252,21,0.8,60,2.5,0.75,10.0,252.0,2.2948979411147086,0.11744138285583361,0.23505569403976687,0.4996321545648871,-0.26518801219173915,0.025868440502586843,70,22.6,0.4993678887484197
russia,AFKS,coverage,30,25,"AFLT,ALRS,CHMF,GAZP,GMKN,HYDR,IRAO,LKOH,MAGN,MGNT,MOEX,MTSS,NLMK,NVTK,PHOR,PLZL,RASP,ROSN,RTKM,SBER,SNGS,TATN,TRNFP,VTBR,YDEX",,,252,21,0.8,60,2.5,1.0,10.0,252.0,1.262944761781025,0.07902002194293822,0.21035803435905576,0.3756453713959914,-0.26518801219173826,0.026607538802660754,72,18.5,0.493993993993994
russia,AFKS,coverage,30,25,"AFLT,ALRS,CHMF,GAZP,GMKN,HYDR,IRAO,LKOH,MAGN,MGNT,MOEX,MTSS,NLMK,NVTK,PHOR,PLZL,RASP,ROSN,RTKM,SBER,SNGS,TATN,TRNFP,VTBR,YDEX",,,252,21,0.8,60,3.0,0.0,10.0,252.0,5.05806495687444,0.1826491690863672,0.4213787771102093,0.43345602343564704,-0.5157604783777596,0.009977827050997782,14,2431.0,0.5154257507198684
russia,AFKS,coverage,30,25,"AFLT,ALRS,CHMF,GAZP,GMKN,HYDR,IRAO,LKOH,MAGN,MGNT,MOEX,MTSS,NLMK,NVTK,PHOR,PLZL,RASP,ROSN,RTKM,SBER,SNGS,TATN,TRNFP,VTBR,YDEX",,,252,21,0.8,60,3.0,0.25,10.0,252.0,2.525514645790325,0.1245036147252283,0.23225864552195327,0.5360558890948157,-0.2817152264529563,0.015521064301552107,42,39.285714285714285,0.5127272727272727
russia,AFKS,coverage,30,25,"AFLT,ALRS,CHMF,GAZP,GMKN,HYDR,IRAO,LKOH,MAGN,MGNT,MOEX,MTSS,NLMK,NVTK,PHOR,PLZL,RASP,ROSN,RTKM,SBER,SNGS,TATN,TRNFP,VTBR,YDEX",,,252,21,0.8,60,3.0,0.5,10.0,252.0,2.4470945429683177,0.12215041285737849,0.2212862728895039,0.5520017634278315,-0.2661514410662482,0.015521064301552107,42,33.76190476190476,0.5063469675599436
russia,AFKS,coverage,30,25,"AFLT,ALRS,CHMF,GAZP,GMKN,HYDR,IRAO,LKOH,MAGN,MGNT,MOEX,MTSS,NLMK,NVTK,PHOR,PLZL,RASP,ROSN,RTKM,SBER,SNGS,TATN,TRNFP,VTBR,YDEX",,,252,21,0.8,60,3.0,0.75,10.0,252.0,1.6127159682780787,0.09355917604298747,0.19546258224625293,0.47865517260545154,-0.28744609445646396,0.015521064301552107,42,26.142857142857142,0.5009107468123861
russia,AFKS,coverage,30,25,"AFLT,ALRS,CHMF,GAZP,GMKN,HYDR,IRAO,LKOH,MAGN,MGNT,MOEX,MTSS,NLMK,NVTK,PHOR,PLZL,RASP,ROSN,RTKM,SBER,SNGS,TATN,TRNFP,VTBR,YDEX",,,252,21,0.8,60,3.0,1.0,10.0,252.0,0.9356590066190322,0.06343594172341382,0.16217310013042865,0.39116192310805614,-0.26518801219173893,0.015521064301552107,42,20.61904761904762,0.5011547344110855
russia,AFKS,coverage,30,25,"AFLT,ALRS,CHMF,GAZP,GMKN,HYDR,IRAO,LKOH,MAGN,MGNT,MOEX,MTSS,NLMK,NVTK,PHOR,PLZL,RASP,ROSN,RTKM,SBER,SNGS,TATN,TRNFP,VTBR,YDEX",,,252,63,0.8,60,1.0,0.0,10.0,252.0,6.32907807521408,0.20381269612745445,0.5217664349749122,0.3906205582910949,-0.5972446971419896,0.03510716925351072,48,2646.0,0.4965986394557823
russia,AFKS,coverage,30,25,"AFLT,ALRS,CHMF,GAZP,GMKN,HYDR,IRAO,LKOH,MAGN,MGNT,MOEX,MTSS,NLMK,NVTK,PHOR,PLZL,RASP,ROSN,RTKM,SBER,SNGS,TATN,TRNFP,VTBR,YDEX",,,252,63,0.8,60,1.0,0.25,10.0,252.0,4.098437854063708,0.16380726279356517,0.4777993405462683,0.342836937795444,-0.601114064254413,0.050997782705099776,122,37.22641509433962,0.5027876330461226
russia,AFKS,coverage,30,25,"AFLT,ALRS,CHMF,GAZP,GMKN,HYDR,IRAO,LKOH,MAGN,MGNT,MOEX,MTSS,NLMK,NVTK,PHOR,PLZL,RASP,ROSN,RTKM,SBER,SNGS,TATN,TRNFP,VTBR,YDEX",,,252,63,0.8,60,1.0,0.5,10.0,252.0,4.29680693871517,0.16795153150872588,0.4695558173783166,0.35768171811064786,-0.5668819997566938,0.06060606060606061,152,26.12857142857143,0.5008201202843083
russia,AFKS,coverage,30,25,"AFLT,ALRS,CHMF,GAZP,GMKN,HYDR,IRAO,LKOH,MAGN,MGNT,MOEX,MTSS,NLMK,NVTK,PHOR,PLZL,RASP,ROSN,RTKM,SBER,SNGS,TATN,TRNFP,VTBR,YDEX",,,252,63,0.8,60,1.0,0.75,10.0,252.0,7.29339115318769,0.2177501859900064,0.44195490585726965,0.4926977460916099,-0.5616912748210848,0.07317073170731707,186,18.908045977011493,0.4972644376899696
russia,AFKS,coverage,30,25,"AFLT,ALRS,CHMF,GAZP,GMKN,HYDR,IRAO,LKOH,MAGN,MGNT,MOEX,MTSS,NLMK,NVTK,PHOR,PLZL,RASP,ROSN,RTKM,SBER,SNGS,TATN,TRNFP,VTBR,YDEX",,,252,63,0.8,60,1.5,0.0,10.0,252.0,6.64511655468306,0.20855486106761822,0.5216159513502244,0.3998245462543186,-0.7143890688262351,0.03067257945306726,42,2646.0,0.50151171579743
russia,AFKS,coverage,30,25,"AFLT,ALRS,CHMF,GAZP,GMKN,HYDR,IRAO,LKOH,MAGN,MGNT,MOEX,MTSS,NLMK,NVTK,PHOR,PLZL,RASP,ROSN,RTKM,SBER,SNGS,TATN,TRNFP,VTBR,YDEX",,,252,63,0.8,60,1.5,0.25,10.0,252.0,3.301640364014161,0.1455341839703468,0.4566803725589011,0.3186784296309478,-0.5881004413298935,0.04212860310421286,104,38.765957446808514,0.5027442371020856
russia,AFKS,coverage,30,25,"AFLT,ALRS,CHMF,GAZP,GMKN,HYDR,IRAO,LKOH,MAGN,MGNT,MOEX,MTSS,NLMK,NVTK,PHOR,PLZL,RASP,ROSN,RTKM,SBER,SNGS,TATN,TRNFP,VTBR,YDEX",,,252,63,0.8,60,1.5,0.5,10.0,252.0,4.27574830232837,0.1675183221138481,0.44732279170629574,0.3744909162237315,-0.5658815464506148,0.04656319290465632,117,30.296296296296298,0.5018337408312958
russia,AFKS,coverage,30,25,"AFLT,ALRS,CHMF,GAZP,GMKN,HYDR,IRAO,LKOH,MAGN,MGNT,MOEX,MTSS,NLMK,NVTK,PHOR,PLZL,RASP,ROSN,RTKM,SBER,SNGS,TATN,TRNFP,VTBR,YDEX",,,252,63,0.8,60,1.5,0.75,10.0,252.0,6.843812198572352,0.21144606591143722,0.416127527055233,0.508128042880883,-0.5136546054223028,0.05025868440502587,128,23.566666666666666,0.4971711456859972
russia,AFKS,coverage,30,25,"AFLT,ALRS,CHMF,GAZP,GMKN,HYDR,IRAO,LKOH,MAGN,MGNT,MOEX,MTSS,NLMK,NVTK,PHOR,PLZL,RASP,ROSN,RTKM,SBER,SNGS,TATN,TRNFP,VTBR,YDEX",,,252,63,0.8,60,1.5,1.0,10.0,252.0,10.786269205038272,0.2582687418542038,0.4009530118401407,0.6441371787404733,-0.48361961712439316,0.06282335550628233,164,15.481012658227849,0.5012264922322158
russia,AFKS,coverage,30,25,"AFLT,ALRS,CHMF,GAZP,GMKN,HYDR,IRAO,LKOH,MAGN,MGNT,MOEX,MTSS,NLMK,NVTK,PHOR,PLZL,RASP,ROSN,RTKM,SBER,SNGS,TATN,TRNFP,VTBR,YDEX",,,252,63,0.8,60,2.0,0.0,10.0,252.0,4.420755966804451,0.170470146923275,0.5214382821491297,0.32692296050967945,-0.6713257241561852,0.02180339985218034,30,2645.0,0.4998109640831758
russia,AFKS,coverage,30,25,"AFLT,ALRS,CHMF,GAZP,GMKN,HYDR,IRAO,LKOH,MAGN,MGNT,MOEX,MTSS,NLMK,NVTK,PHOR,PLZL,RASP,ROSN,RTKM,SBER,SNGS,TATN,TRNFP,VTBR,YDEX",,,252,63,0.8,60,2.0,0.25,10.0,252.0,3.619342737863919,0.15316101262861137,0.40853024812121697,0.37490739873725637,-0.5466476151772065,0.031781226903178125,81,40.39473684210526,0.4996742671009772
russia,AFKS,coverage,30,25,"AFLT,ALRS,CHMF,GAZP,GMKN,HYDR,IRAO,LKOH,MAGN,MGNT,MOEX,MTSS,NLMK,NVTK,PHOR,PLZL,RASP,ROSN,RTKM,SBER,SNGS,TATN,TRNFP,VTBR,YDEX",,,252,63,0.8,60,2.0,0.5,10.0,252.0,3.5548458711319535,0.15165202216344875,0.3631070253127637,0.41765102735983334,-0.49352971057864703,0.03547671840354767,92,31.09090909090909,0.5029239766081871
russia,AFKS,coverage,30,25,"AFLT,ALRS,CHMF,GAZP,GMKN,HYDR,IRAO,LKOH,MAGN,MGNT,MOEX,MTSS,NLMK,NVTK,PHOR,PLZL,RASP,ROSN,RTKM,SBER,SNGS,TATN,TRNFP,VTBR,YDEX",,,252,63,0.8,60,2.0,0.75,10.0,252.0,3.1491740661813257,0.14169088950638264,0.3483231738983317,0.40677996792639265,-0.47722624739058284,0.03695491500369549,97,24.27659574468085,0.5013146362839614
russia,AFKS,coverage,30,25,"AFLT,ALRS,CHMF,GAZP,GMKN,HYDR,IRAO,LKOH,MAGN,MGNT,MOEX,MTSS,NLMK,NVTK,PHOR,PLZL,RASP,ROSN,RTKM,SBER,SNGS,TATN,TRNFP,VTBR,YDEX",,,252,63,0.8,60,2.0,1.0,10.0,252.0,2.126998226110509,0.11201193163056455,0.3082720160524469,0.3633541995310653,-0.5893773129345906,0.038433111603843315,102,19.26,0.4994807892004154
russia,AFKS,coverage,30,25,"AFLT,ALRS,CHMF,GAZP,GMKN,HYDR,IRAO,LKOH,MAGN,MGNT,MOEX,MTSS,NLMK,NVTK,PHOR,PLZL,RASP,ROSN,RTKM,SBER,SNGS,TATN,TRNFP,VTBR,YDEX",,,252,63,0.8,60,2.5,0.0,10.0,252.0,3.7117726636225132,0.15529055674519454,0.509412668264022,0.30484235359594447,-0.5487801282736819,0.014412416851441241,20,2580.0,0.5034883720930232
russia,AFKS,coverage,30,25,"AFLT,ALRS,CHMF,GAZP,GMKN,HYDR,IRAO,LKOH,MAGN,MGNT,MOEX,MTSS,NLMK,NVTK,PHOR,PLZL,RASP,ROSN,RTKM,SBER,SNGS,TATN,TRNFP,VTBR,YDEX",,,252,63,0.8,60,2.5,0.25,10.0,252.0,0.7999874405240852,0.056263623864022394,0.36007820890517506,0.15625389838250156,-0.5955829253715876,0.019216555801921657,50,48.125,0.5012987012987012
russia,AFKS,coverage,30,25,"AFLT,ALRS,CHMF,GAZP,GMKN,HYDR,IRAO,LKOH,MAGN,MGNT,MOEX,MTSS,NLMK,NVTK,PHOR,PLZL,RASP,ROSN,RTKM,SBER,SNGS,TATN,TRNFP,VTBR,YDEX",,,252,63,0.8,60,2.5,0.5,10.0,252.0,0.6612054231426678,0.048400523239044535,0.31089222541361466,0.15568264267352427,-0.6115384616845827,0.020694752402069475,55,38.44444444444444,0.5048169556840078
russia,AFKS,coverage,30,25,"AFLT,ALRS,CHMF,GAZP,GMKN,HYDR,IRAO,LKOH,MAGN,MGNT,MOEX,MTSS,NLMK,NVTK,PHOR,PLZL,RASP,ROSN,RTKM,SBER,SNGS,TATN,TRNFP,VTBR,YDEX",,,252,63,0.8,60,2.5,0.75,10.0,252.0,0.5170119498866457,0.03957266541244553,0.29536965057670816,0.1339767485765042,-0.6157158072442919,0.020694752402069475,55,31.85185185185185,0.5034883720930232
russia,AFKS,coverage,30,25,"AFLT,ALRS,CHMF,GAZP,GMKN,HYDR,IRAO,LKOH,MAGN,MGNT,MOEX,MTSS,NLMK,NVTK,PHOR,PLZL,RASP,ROSN,RTKM,SBER,SNGS,TATN,TRNFP,VTBR,YDEX",,,252,63,0.8,60,2.5,1.0,10.0,252.0,0.23994540536830478,0.02023036014622237,0.2450405184062329,0.08255924480491054,-0.6636345822450409,0.020694752402069475,56,24.285714285714285,0.5
russia,AFKS,coverage,30,25,"AFLT,ALRS,CHMF,GAZP,GMKN,HYDR,IRAO,LKOH,MAGN,MGNT,MOEX,MTSS,NLMK,NVTK,PHOR,PLZL,RASP,ROSN,RTKM,SBER,SNGS,TATN,TRNFP,VTBR,YDEX",,,252,63,0.8,60,3.0,0.0,10.0,252.0,33.580123271536515,0.39093025483860244,0.5088735091310352,0.7682267750706152,-0.42546669267009307,0.012934220251293422,18,2580.0,0.5131782945736434
russia,AFKS,coverage,30,25,"AFLT,ALRS,CHMF,GAZP,GMKN,HYDR,IRAO,LKOH,MAGN,MGNT,MOEX,MTSS,NLMK,NVTK,PHOR,PLZL,RASP,ROSN,RTKM,SBER,SNGS,TATN,TRNFP,VTBR,YDEX",,,252,63,0.8,60,3.0,0.25,10.0,252.0,2.510701845126015,0.12406277869260252,0.3500839939896815,0.35438003685555297,-0.553947049812002,0.016260162601626018,43,46.57142857142857,0.5122699386503068
russia,AFKS,coverage,30,25,"AFLT,ALRS,CHMF,GAZP,GMKN,HYDR,IRAO,LKOH,MAGN,MGNT,MOEX,MTSS,NLMK,NVTK,PHOR,PLZL,RASP,ROSN,RTKM,SBER,SNGS,TATN,TRNFP,VTBR,YDEX",,,252,63,0.8,60,3.0,0.5,10.0,252.0,2.548203748360573,0.1251756071449257,0.2994550191357967,0.4180113845016608,-0.5806990856310597,0.017738359201773836,48,36.166666666666664,0.5207373271889401
russia,AFKS,coverage,30,25,"AFLT,ALRS,CHMF,GAZP,GMKN,HYDR,IRAO,LKOH,MAGN,MGNT,MOEX,MTSS,NLMK,NVTK,PHOR,PLZL,RASP,ROSN,RTKM,SBER,SNGS,TATN,TRNFP,VTBR,YDEX",,,252,63,0.8,60,3.0,0.75,10.0,252.0,2.3387166007919142,0.11881703888637163,0.2834340500350979,0.41920523970799695,-0.5852080643588291,0.017738359201773836,48,29.0,0.5244252873563219
russia,AFKS,coverage,30,25,"AFLT,ALRS,CHMF,GAZP,GMKN,HYDR,IRAO,LKOH,MAGN,MGNT,MOEX,MTSS,NLMK,NVTK,PHOR,PLZL,RASP,ROSN,RTKM,SBER,SNGS,TATN,TRNFP,VTBR,YDEX",,,252,63,0.8,60,3.0,1.0,10.0,252.0,1.1112554665857162,0.07207041307492879,0.2339193113851626,0.3080994580915998,-0.5908455369066907,0.017738359201773836,48,22.625,0.5156537753222836
russia,AFLT,coverage,30,25,"AFKS,ALRS,CHMF,GAZP,GMKN,HYDR,IRAO,LKOH,MAGN,MGNT,MOEX,MTSS,NLMK,NVTK,PHOR,PLZL,RASP,ROSN,RTKM,SBER,SNGS,TATN,TRNFP,VTBR,YDEX",,,252,5,0.8,60,1.0,0.0,10.0,252.0,25.848707204027917,0.3585338682878343,0.38547043954073185,0.9301202673673471,-0.43967798396173086,0.038802660753880266,53,2646.0,0.516628873771731
russia,AFLT,coverage,30,25,"AFKS,ALRS,CHMF,GAZP,GMKN,HYDR,IRAO,LKOH,MAGN,MGNT,MOEX,MTSS,NLMK,NVTK,PHOR,PLZL,RASP,ROSN,RTKM,SBER,SNGS,TATN,TRNFP,VTBR,YDEX",,,252,5,0.8,60,1.0,0.25,10.0,252.0,9.160679005357508,0.24099798050693533,0.33111140421424495,0.7278456055563646,-0.34022310401085,0.05949741315594974,150,26.928571428571427,0.5151193633952255
russia,AFLT,coverage,30,25,"AFKS,ALRS,CHMF,GAZP,GMKN,HYDR,IRAO,LKOH,MAGN,MGNT,MOEX,MTSS,NLMK,NVTK,PHOR,PLZL,RASP,ROSN,RTKM,SBER,SNGS,TATN,TRNFP,VTBR,YDEX",,,252,5,0.8,60,1.0,0.5,10.0,252.0,6.500214821642812,0.20640311873868877,0.31356154824419347,0.6582539214213455,-0.3015837717786207,0.07058388765705839,187,18.17391304347826,0.5191387559808612
russia,AFLT,coverage,30,25,"AFKS,ALRS,CHMF,GAZP,GMKN,HYDR,IRAO,LKOH,MAGN,MGNT,MOEX,MTSS,NLMK,NVTK,PHOR,PLZL,RASP,ROSN,RTKM,SBER,SNGS,TATN,TRNFP,VTBR,YDEX",,,252,5,0.8,60,1.0,0.75,10.0,252.0,5.411901087613687,0.18891762537469048,0.29892571893595965,0.6319885289467624,-0.32015995642506434,0.09053954175905396,243,12.355371900826446,0.5183946488294314
russia,AFLT,coverage,30,25,"AFKS,ALRS,CHMF,GAZP,GMKN,HYDR,IRAO,LKOH,MAGN,MGNT,MOEX,MTSS,NLMK,NVTK,PHOR,PLZL,RASP,ROSN,RTKM,SBER,SNGS,TATN,TRNFP,VTBR,YDEX",,,252,5,0.8,60,1.5,0.0,10.0,252.0,20.543322851129037,0.33096486777294976,0.38527196251517587,0.8590421831173688,-0.41148630157430244,0.02993348115299335,41,2644.0,0.5181543116490166
russia,AFLT,coverage,30,25,"AFKS,ALRS,CHMF,GAZP,GMKN,HYDR,IRAO,LKOH,MAGN,MGNT,MOEX,MTSS,NLMK,NVTK,PHOR,PLZL,RASP,ROSN,RTKM,SBER,SNGS,TATN,TRNFP,VTBR,YDEX",,,252,5,0.8,60,1.5,0.25,10.0,252.0,12.02923166222537,0.2700720502862459,0.3126362267508539,0.8638539848469697,-0.26950288395687694,0.04767184035476718,122,28.344827586206897,0.5170316301703163
russia,AFLT,coverage,30,25,"AFKS,ALRS,CHMF,GAZP,GMKN,HYDR,IRAO,LKOH,MAGN,MGNT,MOEX,MTSS,NLMK,NVTK,PHOR,PLZL,RASP,ROSN,RTKM,SBER,SNGS,TATN,TRNFP,VTBR,YDEX",,,252,5,0.8,60,1.5,0.5,10.0,252.0,8.113732892034415,0.2284940220830336,0.2923611351337083,0.7815471847122711,-0.2572671614371639,0.052106430155210645,137,20.850746268656717,0.5232641374373658
russia,AFLT,coverage,30,25,"AFKS,ALRS,CHMF,GAZP,GMKN,HYDR,IRAO,LKOH,MAGN,MGNT,MOEX,MTSS,NLMK,NVTK,PHOR,PLZL,RASP,ROSN,RTKM,SBER,SNGS,TATN,TRNFP,VTBR,YDEX",,,252,5,0.8,60,1.5,0.75,10.0,252.0,5.047463286964793,0.18245627722698887,0.27210127547160756,0.6705454684501371,-0.24935690861207416,0.058758314855875834,158,15.050632911392405,0.5239697224558453
russia,AFLT,coverage,30,25,"AFKS,ALRS,CHMF,GAZP,GMKN,HYDR,IRAO,LKOH,MAGN,MGNT,MOEX,MTSS,NLMK,NVTK,PHOR,PLZL,RASP,ROSN,RTKM,SBER,SNGS,TATN,TRNFP,VTBR,YDEX",,,252,5,0.8,60,1.5,1.0,10.0,252.0,5.760656874760361,0.1947962917261905,0.2593096783867188,0.7512110343821532,-0.23325309103099845,0.06910569105691057,186,10.720430107526882,0.5336008024072216
russia,AFLT,coverage,30,25,"AFKS,ALRS,CHMF,GAZP,GMKN,HYDR,IRAO,LKOH,MAGN,MGNT,MOEX,MTSS,NLMK,NVTK,PHOR,PLZL,RASP,ROSN,RTKM,SBER,SNGS,TATN,TRNFP,VTBR,YDEX",,,252,5,0.8,60,2.0,0.0,10.0,252.0,40.616552208752644,0.4151302002406001,0.37906984239634484,1.0951285325582603,-0.30705641307948517,0.02328159645232816,32,2605.0,0.5239923224568138
russia,AFLT,coverage,30,25,"AFKS,ALRS,CHMF,GAZP,GMKN,HYDR,IRAO,LKOH,MAGN,MGNT,MOEX,MTSS,NLMK,NVTK,PHOR,PLZL,RASP,ROSN,RTKM,SBER,SNGS,TATN,TRNFP,VTBR,YDEX",,,252,5,0.8,60,2.0,0.25,10.0,252.0,15.853035202693142,0.30087659664618616,0.28417943905636434,1.0587556849477422,-0.2555955564213823,0.035846267553584624,93,29.57777777777778,0.5259203606311045
russia,AFLT,coverage,30,25,"AFKS,ALRS,CHMF,GAZP,GMKN,HYDR,IRAO,LKOH,MAGN,MGNT,MOEX,MTSS,NLMK,NVTK,PHOR,PLZL,RASP,ROSN,RTKM,SBER,SNGS,TATN,TRNFP,VTBR,YDEX",,,252,5,0.8,60,2.0,0.5,10.0,252.0,10.991607589024808,0.26029424692813685,0.26507306164174416,0.9819717074077258,-0.23808932655341764,0.03954175905395418,106,21.169811320754718,0.5365418894830659
russia,AFLT,coverage,30,25,"AFKS,ALRS,CHMF,GAZP,GMKN,HYDR,IRAO,LKOH,MAGN,MGNT,MOEX,MTSS,NLMK,NVTK,PHOR,PLZL,RASP,ROSN,RTKM,SBER,SNGS,TATN,TRNFP,VTBR,YDEX",,,252,5,0.8,60,2.0,0.75,10.0,252.0,8.94235714074868,0.23849021284259608,0.24163461174436332,0.9869869681372723,-0.23808932655341764,0.0417590539541759,113,15.368421052631579,0.5399543378995434
russia,AFLT,coverage,30,25,"AFKS,ALRS,CHMF,GAZP,GMKN,HYDR,IRAO,LKOH,MAGN,MGNT,MOEX,MTSS,NLMK,NVTK,PHOR,PLZL,RASP,ROSN,RTKM,SBER,SNGS,TATN,TRNFP,VTBR,YDEX",,,252,5,0.8,60,2.0,1.0,10.0,252.0,7.999975138508926,0.22705786756598667,0.22181226831794762,1.0236488237905756,-0.23808932655341775,0.043976348854397634,119,11.333333333333334,0.5588235294117647
russia,AFLT,coverage,30,25,"AFKS,ALRS,CHMF,GAZP,GMKN,HYDR,IRAO,LKOH,MAGN,MGNT,MOEX,MTSS,NLMK,NVTK,PHOR,PLZL,RASP,ROSN,RTKM,SBER,SNGS,TATN,TRNFP,VTBR,YDEX",,,252,5,0.8,60,2.5,0.0,10.0,252.0,40.67945953702767,0.4153292706933096,0.37900149938264943,1.0958512601396935,-0.36934774739557985,0.01810790835181079,25,2605.0,0.5247600767754319
russia,AFLT,coverage,30,25,"AFKS,ALRS,CHMF,GAZP,GMKN,HYDR,IRAO,LKOH,MAGN,MGNT,MOEX,MTSS,NLMK,NVTK,PHOR,PLZL,RASP,ROSN,RTKM,SBER,SNGS,TATN,TRNFP,VTBR,YDEX",,,252,5,0.8,60,2.5,0.25,10.0,252.0,11.310868679060244,0.2633818865278015,0.26278763493906054,1.0022613377105005,-0.23015083902333222,0.027346637102734665,72,31.057142857142857,0.5289788408463661
russia,AFLT,coverage,30,25,"AFKS,ALRS,CHMF,GAZP,GMKN,HYDR,IRAO,LKOH,MAGN,MGNT,MOEX,MTSS,NLMK,NVTK,PHOR,PLZL,RASP,ROSN,RTKM,SBER,SNGS,TATN,TRNFP,VTBR,YDEX",,,252,5,0.8,60,2.5,0.5,10.0,252.0,8.803855795856508,0.23687329122635692,0.2382583590513935,0.9941866978747309,-0.21204622332419998,0.028085735402808575,75,23.10810810810811,0.5426900584795321
russia,AFLT,coverage,30,25,"AFKS,ALRS,CHMF,GAZP,GMKN,HYDR,IRAO,LKOH,MAGN,MGNT,MOEX,MTSS,NLMK,NVTK,PHOR,PLZL,RASP,ROSN,RTKM,SBER,SNGS,TATN,TRNFP,VTBR,YDEX",,,252,5,0.8,60,2.5,0.75,10.0,252.0,5.391566519408703,0.18856598560243465,0.2171595635562994,0.8683291793112682,-0.2120462233242001,0.028085735402808575,76,17.789473684210527,0.5399408284023669
russia,AFLT,coverage,30,25,"AFKS,ALRS,CHMF,GAZP,GMKN,HYDR,IRAO,LKOH,MAGN,MGNT,MOEX,MTSS,NLMK,NVTK,PHOR,PLZL,RASP,ROSN,RTKM,SBER,SNGS,TATN,TRNFP,VTBR,YDEX",,,252,5,0.8,60,2.5,1.0,10.0,252.0,5.384843608233116,0.1884495050748214,0.1982010083978557,0.9507999308285062,-0.21204622332419998,0.028824833702882482,78,12.717948717948717,0.5705645161290323
russia,AFLT,coverage,30,25,"AFKS,ALRS,CHMF,GAZP,GMKN,HYDR,IRAO,LKOH,MAGN,MGNT,MOEX,MTSS,NLMK,NVTK,PHOR,PLZL,RASP,ROSN,RTKM,SBER,SNGS,TATN,TRNFP,VTBR,YDEX",,,252,5,0.8,60,3.0,0.0,10.0,252.0,4.455869036601071,0.17117414230815675,0.33244870049924763,0.5148888897778806,-0.4228282194117411,0.009977827050997782,14,2142.0,0.5256769374416433
russia,AFLT,coverage,30,25,"AFKS,ALRS,CHMF,GAZP,GMKN,HYDR,IRAO,LKOH,MAGN,MGNT,MOEX,MTSS,NLMK,NVTK,PHOR,PLZL,RASP,ROSN,RTKM,SBER,SNGS,TATN,TRNFP,VTBR,YDEX",,,252,5,0.8,60,3.0,0.25,10.0,252.0,4.10052010306847,0.16385151846480706,0.21039942932883657,0.7787640821435925,-0.23015083902333244,0.016260162601626018,43,28.952380952380953,0.5444078947368421
russia,AFLT,coverage,30,25,"AFKS,ALRS,CHMF,GAZP,GMKN,HYDR,IRAO,LKOH,MAGN,MGNT,MOEX,MTSS,NLMK,NVTK,PHOR,PLZL,RASP,ROSN,RTKM,SBER,SNGS,TATN,TRNFP,VTBR,YDEX",,,252,5,0.8,60,3.0,0.5,10.0,252.0,3.9830313929572903,0.1613284361604641,0.19063922114871476,0.8462499751539283,-0.21204622332419953,0.016260162601626018,43,22.38095238095238,0.5617021276595745
russia,AFLT,coverage,30,25,"AFKS,ALRS,CHMF,GAZP,GMKN,HYDR,IRAO,LKOH,MAGN,MGNT,MOEX,MTSS,NLMK,NVTK,PHOR,PLZL,RASP,ROSN,RTKM,SBER,SNGS,TATN,TRNFP,VTBR,YDEX",,,252,5,0.8,60,3.0,0.75,10.0,252.0,2.323053973177221,0.11832721215664654,0.17945478336004844,0.6593706221764019,-0.21204622332419987,0.016260162601626018,44,16.954545454545453,0.5549597855227882
russia,AFLT,coverage,30,25,"AFKS,ALRS,CHMF,GAZP,GMKN,HYDR,IRAO,LKOH,MAGN,MGNT,MOEX,MTSS,NLMK,NVTK,PHOR,PLZL,RASP,ROSN,RTKM,SBER,SNGS,TATN,TRNFP,VTBR,YDEX",,,252,5,0.8,60,3.0,1.0,10.0,252.0,2.200331544388098,0.11441508427327607,0.1690168618605732,0.6769447912697629,-0.21204622332419998,0.016260162601626018,44,12.590909090909092,0.5848375451263538
russia,AFLT,coverage,30,25,"AFKS,ALRS,CHMF,GAZP,GMKN,HYDR,IRAO,LKOH,MAGN,MGNT,MOEX,MTSS,NLMK,NVTK,PHOR,PLZL,RASP,ROSN,RTKM,SBER,SNGS,TATN,TRNFP,VTBR,YDEX",,,252,10,0.8,60,1.0,0.0,10.0,252.0,16.591577462909243,0.30608287114831056,0.39834503165233176,0.7683863154478956,-0.46997168881693796,0.038802660753880266,53,2646.0,0.50151171579743
russia,AFLT,coverage,30,25,"AFKS,ALRS,CHMF,GAZP,GMKN,HYDR,IRAO,LKOH,MAGN,MGNT,MOEX,MTSS,NLMK,NVTK,PHOR,PLZL,RASP,ROSN,RTKM,SBER,SNGS,TATN,TRNFP,VTBR,YDEX",,,252,10,0.8,60,1.0,0.25,10.0,252.0,2.7538341188488995,0.131094231936963,0.34846211554755724,0.37620798958580504,-0.47861850301199804,0.05358462675535846,138,28.727272727272727,0.4978902953586498
russia,AFLT,coverage,30,25,"AFKS,ALRS,CHMF,GAZP,GMKN,HYDR,IRAO,LKOH,MAGN,MGNT,MOEX,MTSS,NLMK,NVTK,PHOR,PLZL,RASP,ROSN,RTKM,SBER,SNGS,TATN,TRNFP,VTBR,YDEX",,,252,10,0.8,60,1.0,0.5,10.0,252.0,3.4004117852232545,0.1479585502109262,0.3250389921835664,0.4552024642242501,-0.45868256585583567,0.06836659275683665,182,18.677777777777777,0.5032718619869125
russia,AFLT,coverage,30,25,"AFKS,ALRS,CHMF,GAZP,GMKN,HYDR,IRAO,LKOH,MAGN,MGNT,MOEX,MTSS,NLMK,NVTK,PHOR,PLZL,RASP,ROSN,RTKM,SBER,SNGS,TATN,TRNFP,VTBR,YDEX",,,252,10,0.8,60,1.0,0.75,10.0,252.0,3.9720336357341255,0.1610895047050569,0.31147232278650444,0.5171872199234667,-0.47469838315983426,0.09127864005912786,245,12.180327868852459,0.5080753701211306
russia,AFLT,coverage,30,25,"AFKS,ALRS,CHMF,GAZP,GMKN,HYDR,IRAO,LKOH,MAGN,MGNT,MOEX,MTSS,NLMK,NVTK,PHOR,PLZL,RASP,ROSN,RTKM,SBER,SNGS,TATN,TRNFP,VTBR,YDEX",,,252,10,0.8,60,1.5,0.0,10.0,252.0,22.430002704670372,0.3414112591874625,0.39808790970492974,0.8576278024633377,-0.4131474052060089,0.031411677753141166,43,2644.0,0.5117246596066566
russia,AFLT,coverage,30,25,"AFKS,ALRS,CHMF,GAZP,GMKN,HYDR,IRAO,LKOH,MAGN,MGNT,MOEX,MTSS,NLMK,NVTK,PHOR,PLZL,RASP,ROSN,RTKM,SBER,SNGS,TATN,TRNFP,VTBR,YDEX",,,252,10,0.8,60,1.5,0.25,10.0,252.0,4.44689096743382,0.17099452941514803,0.32791554932026995,0.5214590456890483,-0.4355850437563562,0.043976348854397634,113,30.944444444444443,0.5068821065230401
russia,AFLT,coverage,30,25,"AFKS,ALRS,CHMF,GAZP,GMKN,HYDR,IRAO,LKOH,MAGN,MGNT,MOEX,MTSS,NLMK,NVTK,PHOR,PLZL,RASP,ROSN,RTKM,SBER,SNGS,TATN,TRNFP,VTBR,YDEX",,,252,10,0.8,60,1.5,0.5,10.0,252.0,4.412850665834257,0.17031108032358167,0.29673170885362626,0.5739564571024454,-0.392083337654906,0.052845528455284556,141,20.057142857142857,0.5156695156695157
russia,AFLT,coverage,30,25,"AFKS,ALRS,CHMF,GAZP,GMKN,HYDR,IRAO,LKOH,MAGN,MGNT,MOEX,MTSS,NLMK,NVTK,PHOR,PLZL,RASP,ROSN,RTKM,SBER,SNGS,TATN,TRNFP,VTBR,YDEX",,,252,10,0.8,60,1.5,0.75,10.0,252.0,6.2244321868444334,0.20220155799337647,0.283215581854782,0.7139492702666859,-0.4100696088999265,0.06171470805617147,166,14.53012048192771,0.5223880597014925
russia,AFLT,coverage,30,25,"AFKS,ALRS,CHMF,GAZP,GMKN,HYDR,IRAO,LKOH,MAGN,MGNT,MOEX,MTSS,NLMK,NVTK,PHOR,PLZL,RASP,ROSN,RTKM,SBER,SNGS,TATN,TRNFP,VTBR,YDEX",,,252,10,0.8,60,1.5,1.0,10.0,252.0,3.5178075242104487,0.15077667847227794,0.2665487664856984,0.5656626382488542,-0.40223185564314345,0.06984478935698447,188,11.127659574468085,0.5267686424474187
russia,AFLT,coverage,30,25,"AFKS,ALRS,CHMF,GAZP,GMKN,HYDR,IRAO,LKOH,MAGN,MGNT,MOEX,MTSS,NLMK,NVTK,PHOR,PLZL,RASP,ROSN,RTKM,SBER,SNGS,TATN,TRNFP,VTBR,YDEX",,,252,10,0.8,60,2.0,0.0,10.0,252.0,28.853468150279955,0.3720215539036651,0.39374419509403,0.9448305741112517,-0.5011862306628878,0.02328159645232816,32,2606.0,0.5207214121258634
russia,AFLT,coverage,30,25,"AFKS,ALRS,CHMF,GAZP,GMKN,HYDR,IRAO,LKOH,MAGN,MGNT,MOEX,MTSS,NLMK,NVTK,PHOR,PLZL,RASP,ROSN,RTKM,SBER,SNGS,TATN,TRNFP,VTBR,YDEX",,,252,10,0.8,60,2.0,0.25,10.0,252.0,8.97233085543059,0.23883744791753347,0.3086797299995696,0.7737386835146788,-0.4485141605859797,0.03436807095343681,88,33.333333333333336,0.52
russia,AFLT,coverage,30,25,"AFKS,ALRS,CHMF,GAZP,GMKN,HYDR,IRAO,LKOH,MAGN,MGNT,MOEX,MTSS,NLMK,NVTK,PHOR,PLZL,RASP,ROSN,RTKM,SBER,SNGS,TATN,TRNFP,VTBR,YDEX",,,252,10,0.8,60,2.0,0.5,10.0,252.0,8.42437386638818,0.232334522056463,0.27432452720038597,0.8469330993752137,-0.3513581284664933,0.03954175905395418,105,22.096153846153847,0.5291557876414273
russia,AFLT,coverage,30,25,"AFKS,ALRS,CHMF,GAZP,GMKN,HYDR,IRAO,LKOH,MAGN,MGNT,MOEX,MTSS,NLMK,NVTK,PHOR,PLZL,RASP,ROSN,RTKM,SBER,SNGS,TATN,TRNFP,VTBR,YDEX",,,252,10,0.8,60,2.0,0.75,10.0,252.0,7.88447136497266,0.2255827273074067,0.2502182337781362,0.9015439198864567,-0.3513581284664933,0.04249815225424981,115,15.96551724137931,0.5334773218142549
russia,AFLT,coverage,30,25,"AFKS,ALRS,CHMF,GAZP,GMKN,HYDR,IRAO,LKOH,MAGN,MGNT,MOEX,MTSS,NLMK,NVTK,PHOR,PLZL,RASP,ROSN,RTKM,SBER,SNGS,TATN,TRNFP,VTBR,YDEX",,,252,10,0.8,60,2.0,1.0,10.0,252.0,4.3884066258419905,0.1698178929476979,0.23214457304728509,0.7315178240807206,-0.3513581284664935,0.045454545454545456,123,12.580645161290322,0.541025641025641
russia,AFLT,coverage,30,25,"AFKS,ALRS,CHMF,GAZP,GMKN,HYDR,IRAO,LKOH,MAGN,MGNT,MOEX,MTSS,NLMK,NVTK,PHOR,PLZL,RASP,ROSN,RTKM,SBER,SNGS,TATN,TRNFP,VTBR,YDEX",,,252,10,0.8,60,2.5,0.0,10.0,252.0,2.453973857360046,0.12235877705822218,0.3939247129483623,0.3106146251714388,-0.422506985053999,0.010716925351071693,15,2605.0,0.5097888675623801
russia,AFLT,coverage,30,25,"AFKS,ALRS,CHMF,GAZP,GMKN,HYDR,IRAO,LKOH,MAGN,MGNT,MOEX,MTSS,NLMK,NVTK,PHOR,PLZL,RASP,ROSN,RTKM,SBER,SNGS,TATN,TRNFP,VTBR,YDEX",,,252,10,0.8,60,2.5,0.25,10.0,252.0,2.5381338911981786,0.1248778464680389,0.26982155822733245,0.46281641573956706,-0.3793819775987236,0.02106430155210643,57,33.93103448275862,0.5101626016260162
russia,AFLT,coverage,30,25,"AFKS,ALRS,CHMF,GAZP,GMKN,HYDR,IRAO,LKOH,MAGN,MGNT,MOEX,MTSS,NLMK,NVTK,PHOR,PLZL,RASP,ROSN,RTKM,SBER,SNGS,TATN,TRNFP,VTBR,YDEX",,,252,10,0.8,60,2.5,0.5,10.0,252.0,2.607390541280992,0.12691039605755794,0.22908376949112275,0.5539912161366625,-0.35135812846649317,0.022912047302291204,62,23.70967741935484,0.5238095238095238
russia,AFLT,coverage,30,25,"AFKS,ALRS,CHMF,GAZP,GMKN,HYDR,IRAO,LKOH,MAGN,MGNT,MOEX,MTSS,NLMK,NVTK,PHOR,PLZL,RASP,ROSN,RTKM,SBER,SNGS,TATN,TRNFP,VTBR,YDEX",,,252,10,0.8,60,2.5,0.75,10.0,252.0,2.1178617963552457,0.1117089563874849,0.21049168366005333,0.5307048451752433,-0.35787938737492087,0.022912047302291204,62,19.483870967741936,0.5182119205298014
russia,AFLT,coverage,30,25,"AFKS,ALRS,CHMF,GAZP,GMKN,HYDR,IRAO,LKOH,MAGN,MGNT,MOEX,MTSS,NLMK,NVTK,PHOR,PLZL,RASP,ROSN,RTKM,SBER,SNGS,TATN,TRNFP,VTBR,YDEX",,,252,10,0.8,60,2.5,1.0,10.0,252.0,1.5826261142278173,0.09238015488331874,0.20381089803187824,0.45326405886730103,-0.39431169566468693,0.023651145602365115,64,16.0625,0.5233463035019456
russia,AFLT,coverage,30,25,"AFKS,ALRS,CHMF,GAZP,GMKN,HYDR,IRAO,LKOH,MAGN,MGNT,MOEX,MTSS,NLMK,NVTK,PHOR,PLZL,RASP,ROSN,RTKM,SBER,SNGS,TATN,TRNFP,VTBR,YDEX",,,252,10,0.8,60,3.0,0.0,10.0,252.0,1.1164875787552804,0.07231755407072327,0.39352654530226155,0.1837679184136798,-0.4905428681640628,0.008499630450849963,12,2602.0,0.5165257494235204
russia,AFLT,coverage,30,25,"AFKS,ALRS,CHMF,GAZP,GMKN,HYDR,IRAO,LKOH,MAGN,MGNT,MOEX,MTSS,NLMK,NVTK,PHOR,PLZL,RASP,ROSN,RTKM,SBER,SNGS,TATN,TRNFP,VTBR,YDEX",,,252,10,0.8,60,3.0,0.25,10.0,252.0,2.5229500167402477,0.12442741052071526,0.22954641388480737,0.5420577408068606,-0.35135812846649295,0.015521064301552107,42,32.42857142857143,0.527165932452276
russia,AFLT,coverage,30,25,"AFKS,ALRS,CHMF,GAZP,GMKN,HYDR,IRAO,LKOH,MAGN,MGNT,MOEX,MTSS,NLMK,NVTK,PHOR,PLZL,RASP,ROSN,RTKM,SBER,SNGS,TATN,TRNFP,VTBR,YDEX",,,252,10,0.8,60,3.0,0.5,10.0,252.0,2.156845054724486,0.11299612496782308,0.1967777568029356,0.5742322039019064,-0.3513581284664933,0.015521064301552107,42,22.666666666666668,0.5399159663865546
russia,AFLT,coverage,30,25,"AFKS,ALRS,CHMF,GAZP,GMKN,HYDR,IRAO,LKOH,MAGN,MGNT,MOEX,MTSS,NLMK,NVTK,PHOR,PLZL,RASP,ROSN,RTKM,SBER,SNGS,TATN,TRNFP,VTBR,YDEX",,,252,10,0.8,60,3.0,0.75,10.0,252.0,1.7844989831571887,0.10006332665375073,0.18969459249878115,0.5274969904816537,-0.35135812846649306,0.015521064301552107,42,19.428571428571427,0.5318627450980392
russia,AFLT,coverage,30,25,"AFKS,ALRS,CHMF,GAZP,GMKN,HYDR,IRAO,LKOH,MAGN,MGNT,MOEX,MTSS,NLMK,NVTK,PHOR,PLZL,RASP,ROSN,RTKM,SBER,SNGS,TATN,TRNFP,VTBR,YDEX",,,252,10,0.8,60,3.0,1.0,10.0,252.0,1.3163900727488036,0.08136820152356505,0.18375689916145885,0.442803518642696,-0.35135812846649317,0.015521064301552107,42,16.142857142857142,0.5339233038348082
russia,AFLT,coverage,30,25,"AFKS,ALRS,CHMF,GAZP,GMKN,HYDR,IRAO,LKOH,MAGN,MGNT,MOEX,MTSS,NLMK,NVTK,PHOR,PLZL,RASP,ROSN,RTKM,SBER,SNGS,TATN,TRNFP,VTBR,YDEX",,,252,21,0.8,60,1.0,0.0,10.0,252.0,6.459929218885772,0.20579819388298937,0.41706918259591236,0.493438984395982,-0.40429232530938364,0.0336289726533629,46,2646.0,0.5056689342403629
russia,AFLT,coverage,30,25,"AFKS,ALRS,CHMF,GAZP,GMKN,HYDR,IRAO,LKOH,MAGN,MGNT,MOEX,MTSS,NLMK,NVTK,PHOR,PLZL,RASP,ROSN,RTKM,SBER,SNGS,TATN,TRNFP,VTBR,YDEX",,,252,21,0.8,60,1.0,0.25,10.0,252.0,5.386609653482894,0.188480114176377,0.36930401608000196,0.5103657311312497,-0.3718925077499863,0.05469327420546933,136,31.080645161290324,0.5101193565127141
russia,AFLT,coverage,30,25,"AFKS,ALRS,CHMF,GAZP,GMKN,HYDR,IRAO,LKOH,MAGN,MGNT,MOEX,MTSS,NLMK,NVTK,PHOR,PLZL,RASP,ROSN,RTKM,SBER,SNGS,TATN,TRNFP,VTBR,YDEX",,,252,21,0.8,60,1.0,0.5,10.0,252.0,4.6285450811116595,0.17457751068606475,0.35569512444983625,0.49080658880576095,-0.37777884024301134,0.06504065040650407,169,21.209876543209877,0.5110593713620489
russia,AFLT,coverage,30,25,"AFKS,ALRS,CHMF,GAZP,GMKN,HYDR,IRAO,LKOH,MAGN,MGNT,MOEX,MTSS,NLMK,NVTK,PHOR,PLZL,RASP,ROSN,RTKM,SBER,SNGS,TATN,TRNFP,VTBR,YDEX",,,252,21,0.8,60,1.0,0.75,10.0,252.0,4.20153652189559,0.1659790642959651,0.33743315761971904,0.4918872391403232,-0.34720191401208533,0.0835181079083518,222,14.036697247706423,0.5143790849673202
russia,AFLT,coverage,30,25,"AFKS,ALRS,CHMF,GAZP,GMKN,HYDR,IRAO,LKOH,MAGN,MGNT,MOEX,MTSS,NLMK,NVTK,PHOR,PLZL,RASP,ROSN,RTKM,SBER,SNGS,TATN,TRNFP,VTBR,YDEX",,,252,21,0.8,60,1.5,0.0,10.0,252.0,13.34763861937827,0.281524108081199,0.41672063708230567,0.6755703534442326,-0.4461581325303521,0.02771618625277162,38,2646.0,0.5120937263794406
russia,AFLT,coverage,30,25,"AFKS,ALRS,CHMF,GAZP,GMKN,HYDR,IRAO,LKOH,MAGN,MGNT,MOEX,MTSS,NLMK,NVTK,PHOR,PLZL,RASP,ROSN,RTKM,SBER,SNGS,TATN,TRNFP,VTBR,YDEX",,,252,21,0.8,60,1.5,0.25,10.0,252.0,6.063938258145476,0.19968897755885817,0.3360944188734828,0.5941454732517525,-0.34934844116529085,0.04434589800443459,114,30.555555555555557,0.5206060606060606
russia,AFLT,coverage,30,25,"AFKS,ALRS,CHMF,GAZP,GMKN,HYDR,IRAO,LKOH,MAGN,MGNT,MOEX,MTSS,NLMK,NVTK,PHOR,PLZL,RASP,ROSN,RTKM,SBER,SNGS,TATN,TRNFP,VTBR,YDEX",,,252,21,0.8,60,1.5,0.5,10.0,252.0,6.104451310147293,0.20032806858604912,0.3223042635029543,0.6215495457887819,-0.34934844116529107,0.050997782705099776,135,22.09090909090909,0.522633744855967
russia,AFLT,coverage,30,25,"AFKS,ALRS,CHMF,GAZP,GMKN,HYDR,IRAO,LKOH,MAGN,MGNT,MOEX,MTSS,NLMK,NVTK,PHOR,PLZL,RASP,ROSN,RTKM,SBER,SNGS,TATN,TRNFP,VTBR,YDEX",,,252,21,0.8,60,1.5,0.75,10.0,252.0,7.359926725492807,0.21865670722914587,0.30705008643390125,0.7121206503103075,-0.27644245676274193,0.057649667405764965,153,16.826666666666668,0.5229793977812995
russia,AFLT,coverage,30,25,"AFKS,ALRS,CHMF,GAZP,GMKN,HYDR,IRAO,LKOH,MAGN,MGNT,MOEX,MTSS,NLMK,NVTK,PHOR,PLZL,RASP,ROSN,RTKM,SBER,SNGS,TATN,TRNFP,VTBR,YDEX",,,252,21,0.8,60,1.5,1.0,10.0,252.0,6.537371144487026,0.2069584480814639,0.29291457653676084,0.7065488188686663,-0.2500286351128779,0.06577974870657798,176,12.701149425287356,0.5257918552036199
russia,AFLT,coverage,30,25,"AFKS,ALRS,CHMF,GAZP,GMKN,HYDR,IRAO,LKOH,MAGN,MGNT,MOEX,MTSS,NLMK,NVTK,PHOR,PLZL,RASP,ROSN,RTKM,SBER,SNGS,TATN,TRNFP,VTBR,YDEX",,,252,21,0.8,60,2.0,0.0,10.0,252.0,12.894932817819322,0.2777035186962613,0.4164363183640804,0.6668571074376651,-0.5064510773555716,0.02180339985218034,30,2644.0,0.5143721633888049
russia,AFLT,coverage,30,25,"AFKS,ALRS,CHMF,GAZP,GMKN,HYDR,IRAO,LKOH,MAGN,MGNT,MOEX,MTSS,NLMK,NVTK,PHOR,PLZL,RASP,ROSN,RTKM,SBER,SNGS,TATN,TRNFP,VTBR,YDEX",,,252,21,0.8,60,2.0,0.25,10.0,252.0,6.682949104369461,0.2091105709022727,0.313688640402048,0.6666182448757473,-0.3216513023057638,0.03325942350332594,85,33.775,0.5196150999259808
russia,AFLT,coverage,30,25,"AFKS,ALRS,CHMF,GAZP,GMKN,HYDR,IRAO,LKOH,MAGN,MGNT,MOEX,MTSS,NLMK,NVTK,PHOR,PLZL,RASP,ROSN,RTKM,SBER,SNGS,TATN,TRNFP,VTBR,YDEX",,,252,21,0.8,60,2.0,0.5,10.0,252.0,7.404645472502834,0.2192623132668139,0.2937045169484448,0.7465404875107928,-0.23097223180793813,0.03695491500369549,98,23.979166666666668,0.5230234578627281
russia,AFLT,coverage,30,25,"AFKS,ALRS,CHMF,GAZP,GMKN,HYDR,IRAO,LKOH,MAGN,MGNT,MOEX,MTSS,NLMK,NVTK,PHOR,PLZL,RASP,ROSN,RTKM,SBER,SNGS,TATN,TRNFP,VTBR,YDEX",,,252,21,0.8,60,2.0,0.75,10.0,252.0,4.155145437080733,0.16500669970023507,0.2645340195115425,0.6237636278498966,-0.225297268068534,0.038433111603843315,104,18.634615384615383,0.5180598555211559
russia,AFLT,coverage,30,25,"AFKS,ALRS,CHMF,GAZP,GMKN,HYDR,IRAO,LKOH,MAGN,MGNT,MOEX,MTSS,NLMK,NVTK,PHOR,PLZL,RASP,ROSN,RTKM,SBER,SNGS,TATN,TRNFP,VTBR,YDEX",,,252,21,0.8,60,2.0,1.0,10.0,252.0,2.996539438493759,0.13771285686508428,0.25086532743536466,0.5489513368505097,-0.21662039612587436,0.04138950480413895,112,14.803571428571429,0.5211097708082026
russia,AFLT,coverage,30,25,"AFKS,ALRS,CHMF,GAZP,GMKN,HYDR,IRAO,LKOH,MAGN,MGNT,MOEX,MTSS,NLMK,NVTK,PHOR,PLZL,RASP,ROSN,RTKM,SBER,SNGS,TATN,TRNFP,VTBR,YDEX",,,252,21,0.8,60,2.5,0.0,10.0,252.0,18.07025555041466,0.31593662579052006,0.4090167292626782,0.7724295931857097,-0.36978859309444534,0.015151515151515152,21,2601.0,0.5121107266435986
russia,AFLT,coverage,30,25,"AFKS,ALRS,CHMF,GAZP,GMKN,HYDR,IRAO,LKOH,MAGN,MGNT,MOEX,MTSS,NLMK,NVTK,PHOR,PLZL,RASP,ROSN,RTKM,SBER,SNGS,TATN,TRNFP,VTBR,YDEX",,,252,21,0.8,60,2.5,0.25,10.0,252.0,4.367103748892996,0.16938642483637745,0.26692898324661696,0.6345748699753616,-0.32165130230576366,0.022172949002217297,58,36.07142857142857,0.5267326732673268
russia,AFLT,coverage,30,25,"AFKS,ALRS,CHMF,GAZP,GMKN,HYDR,IRAO,LKOH,MAGN,MGNT,MOEX,MTSS,NLMK,NVTK,PHOR,PLZL,RASP,ROSN,RTKM,SBER,SNGS,TATN,TRNFP,VTBR,YDEX",,,252,21,0.8,60,2.5,0.5,10.0,252.0,5.9438610624787,0.19777504769606846,0.25288149352196454,0.7820858890921186,-0.2106914095213478,0.025129342202512936,68,25.029411764705884,0.535840188014101
russia,AFLT,coverage,30,25,"AFKS,ALRS,CHMF,GAZP,GMKN,HYDR,IRAO,LKOH,MAGN,MGNT,MOEX,MTSS,NLMK,NVTK,PHOR,PLZL,RASP,ROSN,RTKM,SBER,SNGS,TATN,TRNFP,VTBR,YDEX",,,252,21,0.8,60,2.5,0.75,10.0,252.0,4.579916722820412,0.17362875305135472,0.21763742967813918,0.7977890260334896,-0.2106914095213478,0.025868440502586843,70,18.571428571428573,0.5415384615384615
russia,AFLT,coverage,30,25,"AFKS,ALRS,CHMF,GAZP,GMKN,HYDR,IRAO,LKOH,MAGN,MGNT,MOEX,MTSS,NLMK,NVTK,PHOR,PLZL,RASP,ROSN,RTKM,SBER,SNGS,TATN,TRNFP,VTBR,YDEX",,,252,21,0.8,60,2.5,1.0,10.0,252.0,3.4261281001224475,0.14858166243057713,0.21109370843568126,0.7038658969594487,-0.21069140952134768,0.027346637102734665,74,14.91891891891892,0.5489130434782609
russia,AFLT,coverage,30,25,"AFKS,ALRS,CHMF,GAZP,GMKN,HYDR,IRAO,LKOH,MAGN,MGNT,MOEX,MTSS,NLMK,NVTK,PHOR,PLZL,RASP,ROSN,RTKM,SBER,SNGS,TATN,TRNFP,VTBR,YDEX",,,252,21,0.8,60,3.0,0.0,10.0,252.0,0.5089305535654358,0.039055682305943584,0.4094928951521289,0.09537572633936464,-0.5612028747184586,0.008499630450849963,12,2601.0,0.5098039215686274
russia,AFLT,coverage,30,25,"AFKS,ALRS,CHMF,GAZP,GMKN,HYDR,IRAO,LKOH,MAGN,MGNT,MOEX,MTSS,NLMK,NVTK,PHOR,PLZL,RASP,ROSN,RTKM,SBER,SNGS,TATN,TRNFP,VTBR,YDEX",,,252,21,0.8,60,3.0,0.25,10.0,252.0,2.229205022007847,0.11534759472709277,0.24060755385859037,0.4794013856891823,-0.3216513023057639,0.016260162601626018,43,37.38095238095238,0.5312101910828025
russia,AFLT,coverage,30,25,"AFKS,ALRS,CHMF,GAZP,GMKN,HYDR,IRAO,LKOH,MAGN,MGNT,MOEX,MTSS,NLMK,NVTK,PHOR,PLZL,RASP,ROSN,RTKM,SBER,SNGS,TATN,TRNFP,VTBR,YDEX",,,252,21,0.8,60,3.0,0.5,10.0,252.0,2.893037688699978,0.1349361899234125,0.2188366707028749,0.6166068487973931,-0.2106914095213479,0.016999260901699925,46,27.0,0.5394524959742351
russia,AFLT,coverage,30,25,"AFKS,ALRS,CHMF,GAZP,GMKN,HYDR,IRAO,LKOH,MAGN,MGNT,MOEX,MTSS,NLMK,NVTK,PHOR,PLZL,RASP,ROSN,RTKM,SBER,SNGS,TATN,TRNFP,VTBR,YDEX",,,252,21,0.8,60,3.0,0.75,10.0,252.0,2.5267059370679723,0.12453899510662492,0.19204928490046613,0.6484741412662383,-0.21069140952134768,0.017738359201773836,48,19.208333333333332,0.5509761388286334
russia,AFLT,coverage,30,25,"AFKS,ALRS,CHMF,GAZP,GMKN,HYDR,IRAO,LKOH,MAGN,MGNT,MOEX,MTSS,NLMK,NVTK,PHOR,PLZL,RASP,ROSN,RTKM,SBER,SNGS,TATN,TRNFP,VTBR,YDEX",,,252,21,0.8,60,3.0,1.0,10.0,252.0,2.1023054933617455,0.11119123281742405,0.18739518839953326,0.593351589051264,-0.21069140952134768,0.017738359201773836,48,16.333333333333332,0.5535714285714286
russia,AFLT,coverage,30,25,"AFKS,ALRS,CHMF,GAZP,GMKN,HYDR,IRAO,LKOH,MAGN,MGNT,MOEX,MTSS,NLMK,NVTK,PHOR,PLZL,RASP,ROSN,RTKM,SBER,SNGS,TATN,TRNFP,VTBR,YDEX",,,252,63,0.8,60,1.0,0.0,10.0,252.0,3.3854176085529204,0.1475937120909514,0.48629638434831013,0.3035056744021302,-0.6014548564218067,0.03215077605321508,44,2646.0,0.4981103552532124
russia,AFLT,coverage,30,25,"AFKS,ALRS,CHMF,GAZP,GMKN,HYDR,IRAO,LKOH,MAGN,MGNT,MOEX,MTSS,NLMK,NVTK,PHOR,PLZL,RASP,ROSN,RTKM,SBER,SNGS,TATN,TRNFP,VTBR,YDEX",,,252,63,0.8,60,1.0,0.25,10.0,252.0,7.577753954051172,0.2215794228690049,0.4439597022516312,0.49909805269536883,-0.4682531660633307,0.056910569105691054,139,33.016129032258064,0.5012212994626283
russia,AFLT,coverage,30,25,"AFKS,ALRS,CHMF,GAZP,GMKN,HYDR,IRAO,LKOH,MAGN,MGNT,MOEX,MTSS,NLMK,NVTK,PHOR,PLZL,RASP,ROSN,RTKM,SBER,SNGS,TATN,TRNFP,VTBR,YDEX",,,252,63,0.8,60,1.0,0.5,10.0,252.0,6.1931779334201,0.20171625955767158,0.4316280167719002,0.4673381979841946,-0.47048212361072705,0.06430155210643015,163,24.55263157894737,0.4957127545551983
russia,AFLT,coverage,30,25,"AFKS,ALRS,CHMF,GAZP,GMKN,HYDR,IRAO,LKOH,MAGN,MGNT,MOEX,MTSS,NLMK,NVTK,PHOR,PLZL,RASP,ROSN,RTKM,SBER,SNGS,TATN,TRNFP,VTBR,YDEX",,,252,63,0.8,60,1.0,0.75,10.0,252.0,5.9070382195031605,0.1971821075500555,0.4084283800475046,0.48278258118870465,-0.45543678695813083,0.08795269770879527,229,14.9,0.5064063453325198
russia,AFLT,coverage,30,25,"AFKS,ALRS,CHMF,GAZP,GMKN,HYDR,IRAO,LKOH,MAGN,MGNT,MOEX,MTSS,NLMK,NVTK,PHOR,PLZL,RASP,ROSN,RTKM,SBER,SNGS,TATN,TRNFP,VTBR,YDEX",,,252,63,0.8,60,1.5,0.0,10.0,252.0,3.1584048061609087,0.14192718663378723,0.4862890706895067,0.2918576525533453,-0.5852487304788949,0.02475979305247598,34,2646.0,0.4954648526077097
russia,AFLT,coverage,30,25,"AFKS,ALRS,CHMF,GAZP,GMKN,HYDR,IRAO,LKOH,MAGN,MGNT,MOEX,MTSS,NLMK,NVTK,PHOR,PLZL,RASP,ROSN,RTKM,SBER,SNGS,TATN,TRNFP,VTBR,YDEX",,,252,63,0.8,60,1.5,0.25,10.0,252.0,6.782621512484224,0.21056283119329633,0.4162408687090639,0.505867748754079,-0.45745033951350655,0.04138950480413895,103,36.0,0.5023640661938534
russia,AFLT,coverage,30,25,"AFKS,ALRS,CHMF,GAZP,GMKN,HYDR,IRAO,LKOH,MAGN,MGNT,MOEX,MTSS,NLMK,NVTK,PHOR,PLZL,RASP,ROSN,RTKM,SBER,SNGS,TATN,TRNFP,VTBR,YDEX",,,252,63,0.8,60,1.5,0.5,10.0,252.0,5.084349367966711,0.18312608312708245,0.40187285827567343,0.4556816399913804,-0.5335522475333205,0.04434589800443459,114,27.962962962962962,0.4947019867549669
russia,AFLT,coverage,30,25,"AFKS,ALRS,CHMF,GAZP,GMKN,HYDR,IRAO,LKOH,MAGN,MGNT,MOEX,MTSS,NLMK,NVTK,PHOR,PLZL,RASP,ROSN,RTKM,SBER,SNGS,TATN,TRNFP,VTBR,YDEX",,,252,63,0.8,60,1.5,0.75,10.0,252.0,3.1344146533654555,0.14131207183430505,0.3752138201293451,0.37661744918028717,-0.5195076846105643,0.04878048780487805,128,21.080645161290324,0.5026778882938026
russia,AFLT,coverage,30,25,"AFKS,ALRS,CHMF,GAZP,GMKN,HYDR,IRAO,LKOH,MAGN,MGNT,MOEX,MTSS,NLMK,NVTK,PHOR,PLZL,RASP,ROSN,RTKM,SBER,SNGS,TATN,TRNFP,VTBR,YDEX",,,252,63,0.8,60,1.5,1.0,10.0,252.0,2.08639301544492,0.11065921398169598,0.36596157713374694,0.3023793231201801,-0.4866680055427798,0.05543237250554324,146,16.154929577464788,0.4995640802092415
russia,AFLT,coverage,30,25,"AFKS,ALRS,CHMF,GAZP,GMKN,HYDR,IRAO,LKOH,MAGN,MGNT,MOEX,MTSS,NLMK,NVTK,PHOR,PLZL,RASP,ROSN,RTKM,SBER,SNGS,TATN,TRNFP,VTBR,YDEX",,,252,63,0.8,60,2.0,0.0,10.0,252.0,6.942281441894114,0.21285435136913122,0.4857864012367303,0.43816449128102375,-0.4554367869581306,0.02032520325203252,28,2644.0,0.4977307110438729
russia,AFLT,coverage,30,25,"AFKS,ALRS,CHMF,GAZP,GMKN,HYDR,IRAO,LKOH,MAGN,MGNT,MOEX,MTSS,NLMK,NVTK,PHOR,PLZL,RASP,ROSN,RTKM,SBER,SNGS,TATN,TRNFP,VTBR,YDEX",,,252,63,0.8,60,2.0,0.25,10.0,252.0,2.1017060897353192,0.1111712372188065,0.34203224537273297,0.32503145163303704,-0.4943093735784685,0.029563932002956393,75,38.91428571428571,0.5029368575624082
russia,AFLT,coverage,30,25,"AFKS,ALRS,CHMF,GAZP,GMKN,HYDR,IRAO,LKOH,MAGN,MGNT,MOEX,MTSS,NLMK,NVTK,PHOR,PLZL,RASP,ROSN,RTKM,SBER,SNGS,TATN,TRNFP,VTBR,YDEX",,,252,63,0.8,60,2.0,0.5,10.0,252.0,2.3348977784101583,0.11869780297617383,0.32549886202736,0.364664264067985,-0.45542520557581856,0.032520325203252036,84,30.175,0.5012427506213754
russia,AFLT,coverage,30,25,"AFKS,ALRS,CHMF,GAZP,GMKN,HYDR,IRAO,LKOH,MAGN,MGNT,MOEX,MTSS,NLMK,NVTK,PHOR,PLZL,RASP,ROSN,RTKM,SBER,SNGS,TATN,TRNFP,VTBR,YDEX",,,252,63,0.8,60,2.0,0.75,10.0,252.0,1.2588585226046516,0.078838425249673,0.2918767997973955,0.27010857082302603,-0.457816858070475,0.03325942350332594,88,23.72093023255814,0.5068627450980392
russia,AFLT,coverage,30,25,"AFKS,ALRS,CHMF,GAZP,GMKN,HYDR,IRAO,LKOH,MAGN,MGNT,MOEX,MTSS,NLMK,NVTK,PHOR,PLZL,RASP,ROSN,RTKM,SBER,SNGS,TATN,TRNFP,VTBR,YDEX",,,252,63,0.8,60,2.0,1.0,10.0,252.0,0.47541859963691313,0.03688470221212459,0.28318784637935485,0.1302481822002852,-0.46190900457594974,0.03473762010347376,92,20.022222222222222,0.5005549389567148
russia,AFLT,coverage,30,25,"AFKS,ALRS,CHMF,GAZP,GMKN,HYDR,IRAO,LKOH,MAGN,MGNT,MOEX,MTSS,NLMK,NVTK,PHOR,PLZL,RASP,ROSN,RTKM,SBER,SNGS,TATN,TRNFP,VTBR,YDEX",,,252,63,0.8,60,2.5,0.0,10.0,252.0,8.177848598991591,0.2292963141965001,0.4822165307155877,0.4755048812952029,-0.47025638618721943,0.01662971175166297,23,2586.0,0.4957463263727765
russia,AFLT,coverage,30,25,"AFKS,ALRS,CHMF,GAZP,GMKN,HYDR,IRAO,LKOH,MAGN,MGNT,MOEX,MTSS,NLMK,NVTK,PHOR,PLZL,RASP,ROSN,RTKM,SBER,SNGS,TATN,TRNFP,VTBR,YDEX",,,252,63,0.8,60,2.5,0.25,10.0,252.0,0.9512037701953377,0.06422837566100359,0.3097648719245509,0.20734557557142125,-0.45542520557581845,0.021433850702143386,57,37.75,0.510879848628193
russia,AFLT,coverage,30,25,"AFKS,ALRS,CHMF,GAZP,GMKN,HYDR,IRAO,LKOH,MAGN,MGNT,MOEX,MTSS,NLMK,NVTK,PHOR,PLZL,RASP,ROSN,RTKM,SBER,SNGS,TATN,TRNFP,VTBR,YDEX",,,252,63,0.8,60,2.5,0.5,10.0,252.0,1.5329938013990567,0.09040789532584315,0.29451641937720663,0.30697064536171675,-0.45542520557581856,0.023651145602365115,63,30.516129032258064,0.5105708245243129
russia,AFLT,coverage,30,25,"AFKS,ALRS,CHMF,GAZP,GMKN,HYDR,IRAO,LKOH,MAGN,MGNT,MOEX,MTSS,NLMK,NVTK,PHOR,PLZL,RASP,ROSN,RTKM,SBER,SNGS,TATN,TRNFP,VTBR,YDEX",,,252,63,0.8,60,2.5,0.75,10.0,252.0,1.2688093151100457,0.0792801297788972,0.2564901705210101,0.3090961716694834,-0.4554252055758189,0.024390243902439025,65,22.71875,0.5185694635488308
russia,AFLT,coverage,30,25,"AFKS,ALRS,CHMF,GAZP,GMKN,HYDR,IRAO,LKOH,MAGN,MGNT,MOEX,MTSS,NLMK,NVTK,PHOR,PLZL,RASP,ROSN,RTKM,SBER,SNGS,TATN,TRNFP,VTBR,YDEX",,,252,63,0.8,60,2.5,1.0,10.0,252.0,0.5609581437179667,0.042341019236654676,0.24880362008179163,0.1701784693596319,-0.45542520557581834,0.024390243902439025,65,20.0,0.515625
russia,AFLT,coverage,30,25,"AFKS,ALRS,CHMF,GAZP,GMKN,HYDR,IRAO,LKOH,MAGN,MGNT,MOEX,MTSS,NLMK,NVTK,PHOR,PLZL,RASP,ROSN,RTKM,SBER,SNGS,TATN,TRNFP,VTBR,YDEX",,,252,63,0.8,60,3.0,0.0,10.0,252.0,1.7838454642729147,0.10003928038283938,0.47731670889823014,0.20958679744054173,-0.6659277925549622,0.010716925351071693,15,2580.0,0.5034883720930232
russia,AFLT,coverage,30,25,"AFKS,ALRS,CHMF,GAZP,GMKN,HYDR,IRAO,LKOH,MAGN,MGNT,MOEX,MTSS,NLMK,NVTK,PHOR,PLZL,RASP,ROSN,RTKM,SBER,SNGS,TATN,TRNFP,VTBR,YDEX",,,252,63,0.8,60,3.0,0.25,10.0,252.0,0.6210781744325851,0.04601589592576172,0.2615963457981126,0.1759041999817328,-0.45542520557581856,0.016260162601626018,44,37.68181818181818,0.517490952955368
russia,AFLT,coverage,30,25,"AFKS,ALRS,CHMF,GAZP,GMKN,HYDR,IRAO,LKOH,MAGN,MGNT,MOEX,MTSS,NLMK,NVTK,PHOR,PLZL,RASP,ROSN,RTKM,SBER,SNGS,TATN,TRNFP,VTBR,YDEX",,,252,63,0.8,60,3.0,0.5,10.0,252.0,0.5648455550895206,0.0425824885218844,0.2523073056633244,0.16877231679809512,-0.45542520557581845,0.016260162601626018,44,32.36363636363637,0.5168539325842697
russia,AFLT,coverage,30,25,"AFKS,ALRS,CHMF,GAZP,GMKN,HYDR,IRAO,LKOH,MAGN,MGNT,MOEX,MTSS,NLMK,NVTK,PHOR,PLZL,RASP,ROSN,RTKM,SBER,SNGS,TATN,TRNFP,VTBR,YDEX",,,252,63,0.8,60,3.0,0.75,10.0,252.0,0.10147336143116892,0.00904117110543079,0.21456968957601924,0.04213629205176075,-0.45542520557581856,0.016260162601626018,44,26.272727272727273,0.513840830449827
russia,AFLT,coverage,30,25,"AFKS,ALRS,CHMF,GAZP,GMKN,HYDR,IRAO,LKOH,MAGN,MGNT,MOEX,MTSS,NLMK,NVTK,PHOR,PLZL,RASP,ROSN,RTKM,SBER,SNGS,TATN,TRNFP,VTBR,YDEX",,,252,63,0.8,60,3.0,1.0,10.0,252.0,-0.21800411962076216,-0.022640096879120497,0.2062913283309763,-0.10974817537068961,-0.45542520557581856,0.016260162601626018,44,23.40909090909091,0.512621359223301
russia,LKOH,coverage,30,25,"AFKS,AFLT,ALRS,CHMF,GAZP,GMKN,HYDR,IRAO,MAGN,MGNT,MOEX,MTSS,NLMK,NVTK,PHOR,PLZL,RASP,ROSN,RTKM,SBER,SNGS,TATN,TRNFP,VTBR,YDEX",,,252,5,0.8,60,1.0,0.0,10.0,252.0,4.220961725471937,0.16638388538518556,0.2473288375550413,0.6727233549874991,-0.44675173954698877,0.044715447154471545,61,2646.0,0.5185185185185185
russia,LKOH,coverage,30,25,"AFKS,AFLT,ALRS,CHMF,GAZP,GMKN,HYDR,IRAO,MAGN,MGNT,MOEX,MTSS,NLMK,NVTK,PHOR,PLZL,RASP,ROSN,RTKM,SBER,SNGS,TATN,TRNFP,VTBR,YDEX",,,252,5,0.8,60,1.0,0.25,10.0,252.0,2.5757695589323375,0.12598681138320988,0.2180031514102604,0.5779127988205783,-0.3813100788847096,0.07169253510716925,184,21.333333333333332,0.5220905172413793
russia,LKOH,coverage,30,25,"AFKS,AFLT,ALRS,CHMF,GAZP,GMKN,HYDR,IRAO,MAGN,MGNT,MOEX,MTSS,NLMK,NVTK,PHOR,PLZL,RASP,ROSN,RTKM,SBER,SNGS,TATN,TRNFP,VTBR,YDEX",,,252,5,0.8,60,1.0,0.5,10.0,252.0,3.216804050375602,0.14341121370713195,0.20342389760874738,0.704987051142634,-0.23567116378401842,0.08869179600886919,233,14.283185840707965,0.5254027261462205
russia,LKOH,coverage,30,25,"AFKS,AFLT,ALRS,CHMF,GAZP,GMKN,HYDR,IRAO,MAGN,MGNT,MOEX,MTSS,NLMK,NVTK,PHOR,PLZL,RASP,ROSN,RTKM,SBER,SNGS,TATN,TRNFP,VTBR,YDEX",,,252,5,0.8,60,1.0,0.75,10.0,252.0,3.3281778114134717,0.146190471335798,0.19366761703339172,0.7548524300301179,-0.28928926194828697,0.1123429416112343,301,9.536912751677852,0.5320197044334976
russia,LKOH,coverage,30,25,"AFKS,AFLT,ALRS,CHMF,GAZP,GMKN,HYDR,IRAO,MAGN,MGNT,MOEX,MTSS,NLMK,NVTK,PHOR,PLZL,RASP,ROSN,RTKM,SBER,SNGS,TATN,TRNFP,VTBR,YDEX",,,252,5,0.8,60,1.5,0.0,10.0,252.0,2.298449939395447,0.11755351137371228,0.24743676022525762,0.4750850733201314,-0.29352118394580906,0.028455284552845527,39,2646.0,0.5113378684807256
russia,LKOH,coverage,30,25,"AFKS,AFLT,ALRS,CHMF,GAZP,GMKN,HYDR,IRAO,MAGN,MGNT,MOEX,MTSS,NLMK,NVTK,PHOR,PLZL,RASP,ROSN,RTKM,SBER,SNGS,TATN,TRNFP,VTBR,YDEX",,,252,5,0.8,60,1.5,0.25,10.0,252.0,3.070681470008335,0.1396620727326261,0.199838921036393,0.6988732325430841,-0.31515273753861817,0.04878048780487805,125,26.52542372881356,0.5252396166134186
russia,LKOH,coverage,30,25,"AFKS,AFLT,ALRS,CHMF,GAZP,GMKN,HYDR,IRAO,MAGN,MGNT,MOEX,MTSS,NLMK,NVTK,PHOR,PLZL,RASP,ROSN,RTKM,SBER,SNGS,TATN,TRNFP,VTBR,YDEX",,,252,5,0.8,60,1.5,0.5,10.0,252.0,3.1502533534011485,0.14171854270957684,0.18888712479406292,0.7502816449987666,-0.22896939866475252,0.05543237250554324,146,18.43661971830986,0.5294117647058824
russia,LKOH,coverage,30,25,"AFKS,AFLT,ALRS,CHMF,GAZP,GMKN,HYDR,IRAO,MAGN,MGNT,MOEX,MTSS,NLMK,NVTK,PHOR,PLZL,RASP,ROSN,RTKM,SBER,SNGS,TATN,TRNFP,VTBR,YDEX",,,252,5,0.8,60,1.5,0.75,10.0,252.0,2.508320180189308,0.12399174184795725,0.18076284118481184,0.6859360089454898,-0.24547381063566476,0.058388765705838876,156,14.805194805194805,0.5324561403508772
russia,LKOH,coverage,30,25,"AFKS,AFLT,ALRS,CHMF,GAZP,GMKN,HYDR,IRAO,MAGN,MGNT,MOEX,MTSS,NLMK,NVTK,PHOR,PLZL,RASP,ROSN,RTKM,SBER,SNGS,TATN,TRNFP,VTBR,YDEX",,,252,5,0.8,60,1.5,1.0,10.0,252.0,1.371768627518033,0.08375004768373939,0.16887898039487423,0.49591753507697844,-0.28813384267905795,0.0672579453067258,181,10.955555555555556,0.5243407707910751
russia,LKOH,coverage,30,25,"AFKS,AFLT,ALRS,CHMF,GAZP,GMKN,HYDR,IRAO,MAGN,MGNT,MOEX,MTSS,NLMK,NVTK,PHOR,PLZL,RASP,ROSN,RTKM,SBER,SNGS,TATN,TRNFP,VTBR,YDEX",,,252,5,0.8,60,2.0,0.0,10.0,252.0,3.1096347462295135,0.14067329965893327,0.2474195047090761,0.5685618836895722,-0.26929666901179516,0.02402069475240207,33,2646.0,0.5102040816326531
russia,LKOH,coverage,30,25,"AFKS,AFLT,ALRS,CHMF,GAZP,GMKN,HYDR,IRAO,MAGN,MGNT,MOEX,MTSS,NLMK,NVTK,PHOR,PLZL,RASP,ROSN,RTKM,SBER,SNGS,TATN,TRNFP,VTBR,YDEX",,,252,5,0.8,60,2.0,0.25,10.0,252.0,2.602048234839231,0.12675487486507975,0.1904269377644948,0.6656352108221175,-0.2897029205890933,0.03917220990391722,104,26.176470588235293,0.5168539325842697
russia,LKOH,coverage,30,25,"AFKS,AFLT,ALRS,CHMF,GAZP,GMKN,HYDR,IRAO,MAGN,MGNT,MOEX,MTSS,NLMK,NVTK,PHOR,PLZL,RASP,ROSN,RTKM,SBER,SNGS,TATN,TRNFP,VTBR,YDEX",,,252,5,0.8,60,2.0,0.5,10.0,252.0,2.8508114079301654,0.13378410651627393,0.17743756337891203,0.7539784923138423,-0.2289693986647524,0.04138950480413895,110,19.88888888888889,0.5279329608938548
russia,LKOH,coverage,30,25,"AFKS,AFLT,ALRS,CHMF,GAZP,GMKN,HYDR,IRAO,MAGN,MGNT,MOEX,MTSS,NLMK,NVTK,PHOR,PLZL,RASP,ROSN,RTKM,SBER,SNGS,TATN,TRNFP,VTBR,YDEX",,,252,5,0.8,60,2.0,0.75,10.0,252.0,2.4910723102294847,0.12347598832095485,0.1683105718792999,0.7336199202596903,-0.2289693986647522,0.04286770140428677,115,15.859649122807017,0.5342920353982301
russia,LKOH,coverage,30,25,"AFKS,AFLT,ALRS,CHMF,GAZP,GMKN,HYDR,IRAO,MAGN,MGNT,MOEX,MTSS,NLMK,NVTK,PHOR,PLZL,RASP,ROSN,RTKM,SBER,SNGS,TATN,TRNFP,VTBR,YDEX",,,252,5,0.8,60,2.0,1.0,10.0,252.0,1.3799827377629712,0.08409903451659662,0.15707948277890862,0.5353915930253417,-0.2037975315031516,0.04434589800443459,119,12.88135593220339,0.5210526315789473
russia,LKOH,coverage,30,25,"AFKS,AFLT,ALRS,CHMF,GAZP,GMKN,HYDR,IRAO,MAGN,MGNT,MOEX,MTSS,NLMK,NVTK,PHOR,PLZL,RASP,ROSN,RTKM,SBER,SNGS,TATN,TRNFP,VTBR,YDEX",,,252,5,0.8,60,2.5,0.0,10.0,252.0,5.726877587376649,0.19423908782812505,0.24683643904333238,0.7869141548992536,-0.2897447182101014,0.015890613451589063,22,2645.0,0.5039697542533081
russia,LKOH,coverage,30,25,"AFKS,AFLT,ALRS,CHMF,GAZP,GMKN,HYDR,IRAO,MAGN,MGNT,MOEX,MTSS,NLMK,NVTK,PHOR,PLZL,RASP,ROSN,RTKM,SBER,SNGS,TATN,TRNFP,VTBR,YDEX",,,252,5,0.8,60,2.5,0.25,10.0,252.0,2.7191136780412672,0.1301158463624703,0.1598619983859075,0.8139260592024512,-0.2289693986647524,0.025129342202512936,67,28.90909090909091,0.5167714884696016
russia,LKOH,coverage,30,25,"AFKS,AFLT,ALRS,CHMF,GAZP,GMKN,HYDR,IRAO,MAGN,MGNT,MOEX,MTSS,NLMK,NVTK,PHOR,PLZL,RASP,ROSN,RTKM,SBER,SNGS,TATN,TRNFP,VTBR,YDEX",,,252,5,0.8,60,2.5,0.5,10.0,252.0,2.5506233841405463,0.12524704036904888,0.14920952364781684,0.8394037947917639,-0.2289693986647523,0.025129342202512936,67,23.03030303030303,0.5263157894736842
russia,LKOH,coverage,30,25,"AFKS,AFLT,ALRS,CHMF,GAZP,GMKN,HYDR,IRAO,MAGN,MGNT,MOEX,MTSS,NLMK,NVTK,PHOR,PLZL,RASP,ROSN,RTKM,SBER,SNGS,TATN,TRNFP,VTBR,YDEX",,,252,5,0.8,60,2.5,0.75,10.0,252.0,1.783815921965049,0.10003819325071794,0.13922052577024238,0.7185592260713941,-0.2289693986647524,0.025129342202512936,67,18.545454545454547,0.5261437908496732
russia,LKOH,coverage,30,25,"AFKS,AFLT,ALRS,CHMF,GAZP,GMKN,HYDR,IRAO,MAGN,MGNT,MOEX,MTSS,NLMK,NVTK,PHOR,PLZL,RASP,ROSN,RTKM,SBER,SNGS,TATN,TRNFP,VTBR,YDEX",,,252,5,0.8,60,2.5,1.0,10.0,252.0,1.2493284165337286,0.07841373712152877,0.12623061188181117,0.621194304238555,-0.1511915716498139,0.025868440502586843,69,14.176470588235293,0.5186721991701245
russia,LKOH,coverage,30,25,"AFKS,AFLT,ALRS,CHMF,GAZP,GMKN,HYDR,IRAO,MAGN,MGNT,MOEX,MTSS,NLMK,NVTK,PHOR,PLZL,RASP,ROSN,RTKM,SBER,SNGS,TATN,TRNFP,VTBR,YDEX",,,252,5,0.8,60,3.0,0.0,10.0,252.0,2.2685029654540427,0.1166047025809056,0.23799183639493351,0.48995253092382096,-0.3187111985769061,0.010716925351071693,15,2394.0,0.49874686716791977
russia,LKOH,coverage,30,25,"AFKS,AFLT,ALRS,CHMF,GAZP,GMKN,HYDR,IRAO,MAGN,MGNT,MOEX,MTSS,NLMK,NVTK,PHOR,PLZL,RASP,ROSN,RTKM,SBER,SNGS,TATN,TRNFP,VTBR,YDEX",,,252,5,0.8,60,3.0,0.25,10.0,252.0,0.9741702118007893,0.0653887332849119,0.13221107898283307,0.4945783196686739,-0.2289693986647522,0.016260162601626018,44,30.772727272727273,0.5155096011816839
russia,LKOH,coverage,30,25,"AFKS,AFLT,ALRS,CHMF,GAZP,GMKN,HYDR,IRAO,MAGN,MGNT,MOEX,MTSS,NLMK,NVTK,PHOR,PLZL,RASP,ROSN,RTKM,SBER,SNGS,TATN,TRNFP,VTBR,YDEX",,,252,5,0.8,60,3.0,0.5,10.0,252.0,0.9509308493454423,0.06421451227813035,0.1254526495961944,0.5118625432370166,-0.22896939866475252,0.016260162601626018,44,26.681818181818183,0.5178875638841567
russia,LKOH,coverage,30,25,"AFKS,AFLT,ALRS,CHMF,GAZP,GMKN,HYDR,IRAO,MAGN,MGNT,MOEX,MTSS,NLMK,NVTK,PHOR,PLZL,RASP,ROSN,RTKM,SBER,SNGS,TATN,TRNFP,VTBR,YDEX",,,252,5,0.8,60,3.0,0.75,10.0,252.0,0.4784547715417433,0.037083224567618256,0.11515361114363455,0.3220326674893698,-0.23276552040316623,0.016260162601626018,44,22.045454545454547,0.5072164948453608
russia,LKOH,coverage,30,25,"AFKS,AFLT,ALRS,CHMF,GAZP,GMKN,HYDR,IRAO,MAGN,MGNT,MOEX,MTSS,NLMK,NVTK,PHOR,PLZL,RASP,ROSN,RTKM,SBER,SNGS,TATN,TRNFP,VTBR,YDEX",,,252,5,0.8,60,3.0,1.0,10.0,252.0,0.47434265926812347,0.03681426213654437,0.10439042145149369,0.3526593879463412,-0.19391819791910292,0.016999260901699925,46,16.304347826086957,0.5066666666666667
russia,LKOH,coverage,30,25,"AFKS,AFLT,ALRS,CHMF,GAZP,GMKN,HYDR,IRAO,MAGN,MGNT,MOEX,MTSS,NLMK,NVTK,PHOR,PLZL,RASP,ROSN,RTKM,SBER,SNGS,TATN,TRNFP,VTBR,YDEX",,,252,10,0.8,60,1.0,0.0,10.0,252.0,5.525010805436988,0.1908553343159951,0.2635303611043838,0.7242252221572212,-0.34367917124429403,0.043237250554323724,59,2646.0,0.5162509448223734
russia,LKOH,coverage,30,25,"AFKS,AFLT,ALRS,CHMF,GAZP,GMKN,HYDR,IRAO,MAGN,MGNT,MOEX,MTSS,NLMK,NVTK,PHOR,PLZL,RASP,ROSN,RTKM,SBER,SNGS,TATN,TRNFP,VTBR,YDEX",,,252,10,0.8,60,1.0,0.25,10.0,252.0,4.7581844219358125,0.1770709658634153,0.2290508601066888,0.7730639639638901,-0.297174284159227,0.06947524020694752,171,24.428571428571427,0.5199362041467305
russia,LKOH,coverage,30,25,"AFKS,AFLT,ALRS,CHMF,GAZP,GMKN,HYDR,IRAO,MAGN,MGNT,MOEX,MTSS,NLMK,NVTK,PHOR,PLZL,RASP,ROSN,RTKM,SBER,SNGS,TATN,TRNFP,VTBR,YDEX",,,252,10,0.8,60,1.0,0.5,10.0,252.0,5.5364074517030435,0.19104888017439925,0.2209588987352295,0.8646353745785509,-0.30475009585704593,0.08721359940872137,226,15.36111111111111,0.5280289330922242
russia,LKOH,coverage,30,25,"AFKS,AFLT,ALRS,CHMF,GAZP,GMKN,HYDR,IRAO,MAGN,MGNT,MOEX,MTSS,NLMK,NVTK,PHOR,PLZL,RASP,ROSN,RTKM,SBER,SNGS,TATN,TRNFP,VTBR,YDEX",,,252,10,0.8,60,1.0,0.75,10.0,252.0,4.628429997829301,0.17457527415699414,0.2103377404893393,0.8299759888589384,-0.3318308385440385,0.10864745011086474,288,10.198581560283689,0.5292072322670376
russia,LKOH,coverage,30,25,"AFKS,AFLT,ALRS,CHMF,GAZP,GMKN,HYDR,IRAO,MAGN,MGNT,MOEX,MTSS,NLMK,NVTK,PHOR,PLZL,RASP,ROSN,RTKM,SBER,SNGS,TATN,TRNFP,VTBR,YDEX",,,252,10,0.8,60,1.5,0.0,10.0,252.0,2.0004476119772328,0.10774197387516948,0.2637583943529776,0.4084873739828071,-0.2993816584834754,0.02697708795269771,37,2646.0,0.5056689342403629
russia,LKOH,coverage,30,25,"AFKS,AFLT,ALRS,CHMF,GAZP,GMKN,HYDR,IRAO,MAGN,MGNT,MOEX,MTSS,NLMK,NVTK,PHOR,PLZL,RASP,ROSN,RTKM,SBER,SNGS,TATN,TRNFP,VTBR,YDEX",,,252,10,0.8,60,1.5,0.25,10.0,252.0,4.064742288221762,0.16308881627589855,0.21718176745764942,0.7509323558097527,-0.28451956035511516,0.05025868440502587,127,27.76271186440678,0.5164835164835165
russia,LKOH,coverage,30,25,"AFKS,AFLT,ALRS,CHMF,GAZP,GMKN,HYDR,IRAO,MAGN,MGNT,MOEX,MTSS,NLMK,NVTK,PHOR,PLZL,RASP,ROSN,RTKM,SBER,SNGS,TATN,TRNFP,VTBR,YDEX",,,252,10,0.8,60,1.5,0.5,10.0,252.0,4.226447640898696,0.16649796446992604,0.2066785791419006,0.8055888769953876,-0.23920372765334363,0.05469327420546933,142,19.970588235294116,0.5287187039764359
russia,LKOH,coverage,30,25,"AFKS,AFLT,ALRS,CHMF,GAZP,GMKN,HYDR,IRAO,MAGN,MGNT,MOEX,MTSS,NLMK,NVTK,PHOR,PLZL,RASP,ROSN,RTKM,SBER,SNGS,TATN,TRNFP,VTBR,YDEX",,,252,10,0.8,60,1.5,0.75,10.0,252.0,2.5006127636868074,0.12376155606898309,0.19269329975269872,0.6422722337923417,-0.2593992564002988,0.0598669623059867,160,14.20253164556962,0.5249554367201426
russia,LKOH,coverage,30,25,"AFKS,AFLT,ALRS,CHMF,GAZP,GMKN,HYDR,IRAO,MAGN,MGNT,MOEX,MTSS,NLMK,NVTK,PHOR,PLZL,RASP,ROSN,RTKM,SBER,SNGS,TATN,TRNFP,VTBR,YDEX",,,252,10,0.8,60,1.5,1.0,10.0,252.0,1.3442917440177484,0.08257463794414388,0.1842314417940706,0.44821142981904133,-0.29430344716427803,0.06651884700665188,178,10.977272727272727,0.5175983436853002
russia,LKOH,coverage,30,25,"AFKS,AFLT,ALRS,CHMF,GAZP,GMKN,HYDR,IRAO,MAGN,MGNT,MOEX,MTSS,NLMK,NVTK,PHOR,PLZL,RASP,ROSN,RTKM,SBER,SNGS,TATN,TRNFP,VTBR,YDEX",,,252,10,0.8,60,2.0,0.0,10.0,252.0,4.881093058544729,0.1793883876433746,0.2635608685119928,0.6806336185495303,-0.26687123114582056,0.02402069475240207,33,2646.0,0.5102040816326531
russia,LKOH,coverage,30,25,"AFKS,AFLT,ALRS,CHMF,GAZP,GMKN,HYDR,IRAO,MAGN,MGNT,MOEX,MTSS,NLMK,NVTK,PHOR,PLZL,RASP,ROSN,RTKM,SBER,SNGS,TATN,TRNFP,VTBR,YDEX",,,252,10,0.8,60,2.0,0.25,10.0,252.0,2.737818666699947,0.13064395749286462,0.2005417168862084,0.6514552658736574,-0.24736189839908262,0.03325942350332594,85,32.5,0.5138461538461538
russia,LKOH,coverage,30,25,"AFKS,AFLT,ALRS,CHMF,GAZP,GMKN,HYDR,IRAO,MAGN,MGNT,MOEX,MTSS,NLMK,NVTK,PHOR,PLZL,RASP,ROSN,RTKM,SBER,SNGS,TATN,TRNFP,VTBR,YDEX",,,252,10,0.8,60,2.0,0.5,10.0,252.0,2.4004634051806857,0.12072800078033996,0.1902769835090362,0.6344855723162471,-0.22558315554337116,0.03399852180339985,89,24.674418604651162,0.5230914231856739
russia,LKOH,coverage,30,25,"AFKS,AFLT,ALRS,CHMF,GAZP,GMKN,HYDR,IRAO,MAGN,MGNT,MOEX,MTSS,NLMK,NVTK,PHOR,PLZL,RASP,ROSN,RTKM,SBER,SNGS,TATN,TRNFP,VTBR,YDEX",,,252,10,0.8,60,2.0,0.75,10.0,252.0,1.5407265741943852,0.09071746786630941,0.1759016236333645,0.5157284281547836,-0.22558315554337094,0.03621581670362158,97,17.729166666666668,0.5240893066980024
russia,LKOH,coverage,30,25,"AFKS,AFLT,ALRS,CHMF,GAZP,GMKN,HYDR,IRAO,MAGN,MGNT,MOEX,MTSS,NLMK,NVTK,PHOR,PLZL,RASP,ROSN,RTKM,SBER,SNGS,TATN,TRNFP,VTBR,YDEX",,,252,10,0.8,60,2.0,1.0,10.0,252.0,0.7344774981639941,0.05262314212643826,0.16834073047145096,0.3125989888428259,-0.24024043066079648,0.03695491500369549,99,14.857142857142858,0.510989010989011
russia,LKOH,coverage,30,25,"AFKS,AFLT,ALRS,CHMF,GAZP,GMKN,HYDR,IRAO,MAGN,MGNT,MOEX,MTSS,NLMK,NVTK,PHOR,PLZL,RASP,ROSN,RTKM,SBER,SNGS,TATN,TRNFP,VTBR,YDEX",,,252,10,0.8,60,2.5,0.0,10.0,252.0,6.724603043002546,0.2097195488859005,0.2630858551033921,0.7971525067491038,-0.2668712311458201,0.018847006651884702,26,2645.0,0.5092627599243856
russia,LKOH,coverage,30,25,"AFKS,AFLT,ALRS,CHMF,GAZP,GMKN,HYDR,IRAO,MAGN,MGNT,MOEX,MTSS,NLMK,NVTK,PHOR,PLZL,RASP,ROSN,RTKM,SBER,SNGS,TATN,TRNFP,VTBR,YDEX",,,252,10,0.8,60,2.5,0.25,10.0,252.0,3.0478337321398854,0.13906485489765097,0.1713068382077614,0.8117881127955483,-0.23828160084970018,0.025868440502586843,67,33.03125,0.5193945127719962
russia,LKOH,coverage,30,25,"AFKS,AFLT,ALRS,CHMF,GAZP,GMKN,HYDR,IRAO,MAGN,MGNT,MOEX,MTSS,NLMK,NVTK,PHOR,PLZL,RASP,ROSN,RTKM,SBER,SNGS,TATN,TRNFP,VTBR,YDEX",,,252,10,0.8,60,2.5,0.5,10.0,252.0,2.8009666042611374,0.13240932608233535,0.1595405968870652,0.8299412730420246,-0.22558315554337083,0.026607538802660754,70,25.147058823529413,0.5298245614035088
russia,LKOH,coverage,30,25,"AFKS,AFLT,ALRS,CHMF,GAZP,GMKN,HYDR,IRAO,MAGN,MGNT,MOEX,MTSS,NLMK,NVTK,PHOR,PLZL,RASP,ROSN,RTKM,SBER,SNGS,TATN,TRNFP,VTBR,YDEX",,,252,10,0.8,60,2.5,0.75,10.0,252.0,1.432508160796563,0.08630515944713446,0.14442903344238534,0.5975610124231894,-0.22558315554337116,0.026607538802660754,72,18.97222222222222,0.5256222547584187
russia,LKOH,coverage,30,25,"AFKS,AFLT,ALRS,CHMF,GAZP,GMKN,HYDR,IRAO,MAGN,MGNT,MOEX,MTSS,NLMK,NVTK,PHOR,PLZL,RASP,ROSN,RTKM,SBER,SNGS,TATN,TRNFP,VTBR,YDEX",,,252,10,0.8,60,2.5,1.0,10.0,252.0,0.7949535921729489,0.05598818382122284,0.13694415837738952,0.40883951885651876,-0.2326286135028528,0.026607538802660754,72,16.22222222222222,0.5154109589041096
russia,LKOH,coverage,30,25,"AFKS,AFLT,ALRS,CHMF,GAZP,GMKN,HYDR,IRAO,MAGN,MGNT,MOEX,MTSS,NLMK,NVTK,PHOR,PLZL,RASP,ROSN,RTKM,SBER,SNGS,TATN,TRNFP,VTBR,YDEX",,,252,10,0.8,60,3.0,0.0,10.0,252.0,3.6513790091228637,0.15390345475964118,0.2631987238378357,0.5847424049611484,-0.2958754223540615,0.009977827050997782,14,2644.0,0.48789712556732223
russia,LKOH,coverage,30,25,"AFKS,AFLT,ALRS,CHMF,GAZP,GMKN,HYDR,IRAO,MAGN,MGNT,MOEX,MTSS,NLMK,NVTK,PHOR,PLZL,RASP,ROSN,RTKM,SBER,SNGS,TATN,TRNFP,VTBR,YDEX",,,252,10,0.8,60,3.0,0.25,10.0,252.0,0.8025537370394271,0.05640377668158392,0.14044401170576104,0.4016104068556041,-0.22558315554337105,0.012564671101256468,34,38.94117647058823,0.5030211480362538
russia,LKOH,coverage,30,25,"AFKS,AFLT,ALRS,CHMF,GAZP,GMKN,HYDR,IRAO,MAGN,MGNT,MOEX,MTSS,NLMK,NVTK,PHOR,PLZL,RASP,ROSN,RTKM,SBER,SNGS,TATN,TRNFP,VTBR,YDEX",,,252,10,0.8,60,3.0,0.5,10.0,252.0,0.9937266051747495,0.06636719110290934,0.13152580184627435,0.5045944610965265,-0.22558315554337116,0.013303769401330377,36,29.5,0.5178907721280602
russia,LKOH,coverage,30,25,"AFKS,AFLT,ALRS,CHMF,GAZP,GMKN,HYDR,IRAO,MAGN,MGNT,MOEX,MTSS,NLMK,NVTK,PHOR,PLZL,RASP,ROSN,RTKM,SBER,SNGS,TATN,TRNFP,VTBR,YDEX",,,252,10,0.8,60,3.0,0.75,10.0,252.0,0.41380948062859546,0.03277415204909184,0.11630420373530885,0.2817967966461553,-0.22558315554337116,0.013303769401330377,36,22.666666666666668,0.49264705882352944
russia,LKOH,coverage,30,25,"AFKS,AFLT,ALRS,CHMF,GAZP,GMKN,HYDR,IRAO,MAGN,MGNT,MOEX,MTSS,NLMK,NVTK,PHOR,PLZL,RASP,ROSN,RTKM,SBER,SNGS,TATN,TRNFP,VTBR,YDEX",,,252,10,0.8,60,3.0,1.0,10.0,252.0,0.23832839479450008,0.02010638397078912,0.11298526280437196,0.17795581009181938,-0.22558315554337127,0.013303769401330377,36,19.944444444444443,0.4818941504178273
russia,LKOH,coverage,30,25,"AFKS,AFLT,ALRS,CHMF,GAZP,GMKN,HYDR,IRAO,MAGN,MGNT,MOEX,MTSS,NLMK,NVTK,PHOR,PLZL,RASP,ROSN,RTKM,SBER,SNGS,TATN,TRNFP,VTBR,YDEX",,,252,21,0.8,60,1.0,0.0,10.0,252.0,3.8412557465196784,0.1582109468163888,0.2691793174087381,0.5877529831764592,-0.3680321205656715,0.0417590539541759,57,2646.0,0.5045351473922902
russia,LKOH,coverage,30,25,"AFKS,AFLT,ALRS,CHMF,GAZP,GMKN,HYDR,IRAO,MAGN,MGNT,MOEX,MTSS,NLMK,NVTK,PHOR,PLZL,RASP,ROSN,RTKM,SBER,SNGS,TATN,TRNFP,VTBR,YDEX",,,252,21,0.8,60,1.0,0.25,10.0,252.0,3.808372261710872,0.15747605817086008,0.23717866062889534,0.6639554239546746,-0.36504784780879795,0.06910569105691057,170,23.766233766233768,0.5120218579234973
russia,LKOH,coverage,30,25,"AFKS,AFLT,ALRS,CHMF,GAZP,GMKN,HYDR,IRAO,MAGN,MGNT,MOEX,MTSS,NLMK,NVTK,PHOR,PLZL,RASP,ROSN,RTKM,SBER,SNGS,TATN,TRNFP,VTBR,YDEX",,,252,21,0.8,60,1.0,0.5,10.0,252.0,3.6800654171190557,0.15456433873514142,0.22981495374296462,0.672559971480416,-0.3110022981579341,0.0787139689578714,200,17.45744680851064,0.5137111517367459
russia,LKOH,coverage,30,25,"AFKS,AFLT,ALRS,CHMF,GAZP,GMKN,HYDR,IRAO,MAGN,MGNT,MOEX,MTSS,NLMK,NVTK,PHOR,PLZL,RASP,ROSN,RTKM,SBER,SNGS,TATN,TRNFP,VTBR,YDEX",,,252,21,0.8,60,1.0,0.75,10.0,252.0,2.6896520040660046,0.12927912908617056,0.2183800229500125,0.5919915537135132,-0.369500145522765,0.09571322985957133,252,11.878048780487806,0.5222450376454483
russia,LKOH,coverage,30,25,"AFKS,AFLT,ALRS,CHMF,GAZP,GMKN,HYDR,IRAO,MAGN,MGNT,MOEX,MTSS,NLMK,NVTK,PHOR,PLZL,RASP,ROSN,RTKM,SBER,SNGS,TATN,TRNFP,VTBR,YDEX",,,252,21,0.8,60,1.5,0.0,10.0,252.0,2.452412561249386,0.12231152075770035,0.2692177257100254,0.4543219449429648,-0.32938311266795106,0.02993348115299335,41,2646.0,0.4996220710506425
russia,LKOH,coverage,30,25,"AFKS,AFLT,ALRS,CHMF,GAZP,GMKN,HYDR,IRAO,MAGN,MGNT,MOEX,MTSS,NLMK,NVTK,PHOR,PLZL,RASP,ROSN,RTKM,SBER,SNGS,TATN,TRNFP,VTBR,YDEX",,,252,21,0.8,60,1.5,0.25,10.0,252.0,2.5429433266833588,0.1250201548293295,0.22182317760126113,0.5636027586533803,-0.36757476499704445,0.04988913525498891,127,26.05,0.5111964171465131
russia,LKOH,coverage,30,25,"AFKS,AFLT,ALRS,CHMF,GAZP,GMKN,HYDR,IRAO,MAGN,MGNT,MOEX,MTSS,NLMK,NVTK,PHOR,PLZL,RASP,ROSN,RTKM,SBER,SNGS,TATN,TRNFP,VTBR,YDEX",,,252,21,0.8,60,1.5,0.5,10.0,252.0,2.9070380376582534,0.13531566852569576,0.21553319167311524,0.627818237531229,-0.27916350467533413,0.05506282335550628,143,20.0,0.5159420289855072
russia,LKOH,coverage,30,25,"AFKS,AFLT,ALRS,CHMF,GAZP,GMKN,HYDR,IRAO,MAGN,MGNT,MOEX,MTSS,NLMK,NVTK,PHOR,PLZL,RASP,ROSN,RTKM,SBER,SNGS,TATN,TRNFP,VTBR,YDEX",,,252,21,0.8,60,1.5,0.75,10.0,252.0,2.1076982287250647,0.11137097252464145,0.2031349079906233,0.5482611217653557,-0.31379899736797,0.06023651145602365,160,15.012658227848101,0.5227655986509275
russia,LKOH,coverage,30,25,"AFKS,AFLT,ALRS,CHMF,GAZP,GMKN,HYDR,IRAO,MAGN,MGNT,MOEX,MTSS,NLMK,NVTK,PHOR,PLZL,RASP,ROSN,RTKM,SBER,SNGS,TATN,TRNFP,VTBR,YDEX",,,252,21,0.8,60,1.5,1.0,10.0,252.0,2.0995329832098695,0.11109871482657363,0.19303189844244442,0.5755458850222079,-0.2692118857958725,0.07206208425720621,193,10.90625,0.5224450811843362
russia,LKOH,coverage,30,25,"AFKS,AFLT,ALRS,CHMF,GAZP,GMKN,HYDR,IRAO,MAGN,MGNT,MOEX,MTSS,NLMK,NVTK,PHOR,PLZL,RASP,ROSN,RTKM,SBER,SNGS,TATN,TRNFP,VTBR,YDEX",,,252,21,0.8,60,2.0,0.0,10.0,252.0,1.3527084566443968,0.08293601073811385,0.2691189908707751,0.30817598739413327,-0.36977084179739705,0.02106430155210643,29,2645.0,0.497164461247637
russia,LKOH,coverage,30,25,"AFKS,AFLT,ALRS,CHMF,GAZP,GMKN,HYDR,IRAO,MAGN,MGNT,MOEX,MTSS,NLMK,NVTK,PHOR,PLZL,RASP,ROSN,RTKM,SBER,SNGS,TATN,TRNFP,VTBR,YDEX",,,252,21,0.8,60,2.0,0.25,10.0,252.0,2.5294621440314455,0.1246208106826554,0.20406099510407724,0.6107037291428234,-0.2798477354501929,0.038802660753880266,101,27.26530612244898,0.5134730538922155
russia,LKOH,coverage,30,25,"AFKS,AFLT,ALRS,CHMF,GAZP,GMKN,HYDR,IRAO,MAGN,MGNT,MOEX,MTSS,NLMK,NVTK,PHOR,PLZL,RASP,ROSN,RTKM,SBER,SNGS,TATN,TRNFP,VTBR,YDEX",,,252,21,0.8,60,2.0,0.5,10.0,252.0,2.529570485020799,0.1246240255058162,0.19408251773454635,0.6421187593839285,-0.23436955262133574,0.03954175905395418,104,21.88235294117647,0.5241935483870968
russia,LKOH,coverage,30,25,"AFKS,AFLT,ALRS,CHMF,GAZP,GMKN,HYDR,IRAO,MAGN,MGNT,MOEX,MTSS,NLMK,NVTK,PHOR,PLZL,RASP,ROSN,RTKM,SBER,SNGS,TATN,TRNFP,VTBR,YDEX",,,252,21,0.8,60,2.0,0.75,10.0,252.0,2.267537430223143,0.11657398057114765,0.1830424246195859,0.6368686429576175,-0.23436955262133574,0.04249815225424981,114,16.263157894736842,0.5329018338727076
russia,LKOH,coverage,30,25,"AFKS,AFLT,ALRS,CHMF,GAZP,GMKN,HYDR,IRAO,MAGN,MGNT,MOEX,MTSS,NLMK,NVTK,PHOR,PLZL,RASP,ROSN,RTKM,SBER,SNGS,TATN,TRNFP,VTBR,YDEX",,,252,21,0.8,60,2.0,1.0,10.0,252.0,1.7268677044996052,0.09792284088534031,0.1774341440157961,0.5518827361470108,-0.23436955262133563,0.04434589800443459,119,13.711864406779661,0.5253399258343634
russia,LKOH,coverage,30,25,"AFKS,AFLT,ALRS,CHMF,GAZP,GMKN,HYDR,IRAO,MAGN,MGNT,MOEX,MTSS,NLMK,NVTK,PHOR,PLZL,RASP,ROSN,RTKM,SBER,SNGS,TATN,TRNFP,VTBR,YDEX",,,252,21,0.8,60,2.5,0.0,10.0,252.0,3.182481433859359,0.14254129154904382,0.2678165187384132,0.5322348756548114,-0.24492945451306236,0.015890613451589063,22,2643.0,0.4967839576239122
russia,LKOH,coverage,30,25,"AFKS,AFLT,ALRS,CHMF,GAZP,GMKN,HYDR,IRAO,MAGN,MGNT,MOEX,MTSS,NLMK,NVTK,PHOR,PLZL,RASP,ROSN,RTKM,SBER,SNGS,TATN,TRNFP,VTBR,YDEX",,,252,21,0.8,60,2.5,0.25,10.0,252.0,1.8358337303955894,0.1019363853250066,0.17083426820139622,0.5966975267797792,-0.20903675309031688,0.023651145602365115,62,32.8,0.5172764227642277
russia,LKOH,coverage,30,25,"AFKS,AFLT,ALRS,CHMF,GAZP,GMKN,HYDR,IRAO,MAGN,MGNT,MOEX,MTSS,NLMK,NVTK,PHOR,PLZL,RASP,ROSN,RTKM,SBER,SNGS,TATN,TRNFP,VTBR,YDEX",,,252,21,0.8,60,2.5,0.5,10.0,252.0,1.666764965903187,0.09564640819261094,0.16018808961114678,0.5970881382304427,-0.21698359877724882,0.023651145602365115,63,25.70967741935484,0.5219573400250941
russia,LKOH,coverage,30,25,"AFKS,AFLT,ALRS,CHMF,GAZP,GMKN,HYDR,IRAO,MAGN,MGNT,MOEX,MTSS,NLMK,NVTK,PHOR,PLZL,RASP,ROSN,RTKM,SBER,SNGS,TATN,TRNFP,VTBR,YDEX",,,252,21,0.8,60,2.5,0.75,10.0,252.0,1.4775733852645216,0.08816378061987717,0.1465682659854311,0.6015202542454904,-0.20632522035648393,0.024390243902439025,66,18.484848484848484,0.5327868852459017
russia,LKOH,coverage,30,25,"AFKS,AFLT,ALRS,CHMF,GAZP,GMKN,HYDR,IRAO,MAGN,MGNT,MOEX,MTSS,NLMK,NVTK,PHOR,PLZL,RASP,ROSN,RTKM,SBER,SNGS,TATN,TRNFP,VTBR,YDEX",,,252,21,0.8,60,2.5,1.0,10.0,252.0,0.9731613105036803,0.06533801721476729,0.14125082490954,0.4625673319544231,-0.2046845214265719,0.024390243902439025,66,16.424242424242426,0.518450184501845
russia,LKOH,coverage,30,25,"AFKS,AFLT,ALRS,CHMF,GAZP,GMKN,HYDR,IRAO,MAGN,MGNT,MOEX,MTSS,NLMK,NVTK,PHOR,PLZL,RASP,ROSN,RTKM,SBER,SNGS,TATN,TRNFP,VTBR,YDEX",,,252,21,0.8,60,3.0,0.0,10.0,252.0,2.6053178961855816,0.12685008359158156,0.2677057948347589,0.4738413812442111,-0.35672168467523535,0.009977827050997782,14,2643.0,0.49564888384411654
russia,LKOH,coverage,30,25,"AFKS,AFLT,ALRS,CHMF,GAZP,GMKN,HYDR,IRAO,MAGN,MGNT,MOEX,MTSS,NLMK,NVTK,PHOR,PLZL,RASP,ROSN,RTKM,SBER,SNGS,TATN,TRNFP,VTBR,YDEX",,,252,21,0.8,60,3.0,0.25,10.0,252.0,1.530014621948181,0.09028839860232774,0.15692284626157935,0.5753680917297621,-0.22049894683476678,0.014781966001478197,39,38.36842105263158,0.522633744855967
russia,LKOH,coverage,30,25,"AFKS,AFLT,ALRS,CHMF,GAZP,GMKN,HYDR,IRAO,MAGN,MGNT,MOEX,MTSS,NLMK,NVTK,PHOR,PLZL,RASP,ROSN,RTKM,SBER,SNGS,TATN,TRNFP,VTBR,YDEX",,,252,21,0.8,60,3.0,0.5,10.0,252.0,1.1896236537174527,0.07571538286576174,0.147229721967761,0.5142669690182611,-0.1992570292570146,0.014781966001478197,40,29.5,0.5186440677966102
russia,LKOH,coverage,30,25,"AFKS,AFLT,ALRS,CHMF,GAZP,GMKN,HYDR,IRAO,MAGN,MGNT,MOEX,MTSS,NLMK,NVTK,PHOR,PLZL,RASP,ROSN,RTKM,SBER,SNGS,TATN,TRNFP,VTBR,YDEX",,,252,21,0.8,60,3.0,0.75,10.0,252.0,0.8511203194988182,0.0590225853034827,0.12968512297431245,0.4551222526517068,-0.17925512480989336,0.014781966001478197,40,21.0,0.5166666666666667
russia,LKOH,coverage,30,25,"AFKS,AFLT,ALRS,CHMF,GAZP,GMKN,HYDR,IRAO,MAGN,MGNT,MOEX,MTSS,NLMK,NVTK,PHOR,PLZL,RASP,ROSN,RTKM,SBER,SNGS,TATN,TRNFP,VTBR,YDEX",,,252,21,0.8,60,3.0,1.0,10.0,252.0,0.6008094715872156,0.04479097540336063,0.1255162492440965,0.35685399837158793,-0.17925512480989303,0.014781966001478197,40,18.9,0.5026455026455027
russia,LKOH,coverage,30,25,"AFKS,AFLT,ALRS,CHMF,GAZP,GMKN,HYDR,IRAO,MAGN,MGNT,MOEX,MTSS,NLMK,NVTK,PHOR,PLZL,RASP,ROSN,RTKM,SBER,SNGS,TATN,TRNFP,VTBR,YDEX",,,252,63,0.8,60,1.0,0.0,10.0,252.0,0.10861477525815588,0.009648632164497961,0.2892527133630343,0.033357101657982335,-0.5994314135936492,0.03288987435328899,45,2643.0,0.4899735149451381
russia,LKOH,coverage,30,25,"AFKS,AFLT,ALRS,CHMF,GAZP,GMKN,HYDR,IRAO,MAGN,MGNT,MOEX,MTSS,NLMK,NVTK,PHOR,PLZL,RASP,ROSN,RTKM,SBER,SNGS,TATN,TRNFP,VTBR,YDEX",,,252,63,0.8,60,1.0,0.25,10.0,252.0,-0.25682526768435043,-0.027263606398625573,0.2622973314092232,-0.10394160799177274,-0.6542423027662251,0.04767184035476718,114,41.88,0.48567335243553006
russia,LKOH,coverage,30,25,"AFKS,AFLT,ALRS,CHMF,GAZP,GMKN,HYDR,IRAO,MAGN,MGNT,MOEX,MTSS,NLMK,NVTK,PHOR,PLZL,RASP,ROSN,RTKM,SBER,SNGS,TATN,TRNFP,VTBR,YDEX",,,252,63,0.8,60,1.0,0.5,10.0,252.0,-0.19565540581351315,-0.02007199601968024,0.2530431342147458,-0.07932242888932162,-0.6166817033043308,0.05728011825572801,147,27.042857142857144,0.48705758055995774
russia,LKOH,coverage,30,25,"AFKS,AFLT,ALRS,CHMF,GAZP,GMKN,HYDR,IRAO,MAGN,MGNT,MOEX,MTSS,NLMK,NVTK,PHOR,PLZL,RASP,ROSN,RTKM,SBER,SNGS,TATN,TRNFP,VTBR,YDEX",,,252,63,0.8,60,1.0,0.75,10.0,252.0,-0.2591347146177232,-0.027545508100287552,0.247321129627956,-0.1113754742335365,-0.6798303795017959,0.07427937915742794,195,17.96842105263158,0.4879906268306971
russia,LKOH,coverage,30,25,"AFKS,AFLT,ALRS,CHMF,GAZP,GMKN,HYDR,IRAO,MAGN,MGNT,MOEX,MTSS,NLMK,NVTK,PHOR,PLZL,RASP,ROSN,RTKM,SBER,SNGS,TATN,TRNFP,VTBR,YDEX",,,252,63,0.8,60,1.5,0.0,10.0,252.0,0.6856380786134637,0.049827011639141716,0.289230316481063,0.17227451204066319,-0.5554515290037403,0.025498891352549888,35,2643.0,0.4869466515323496
russia,LKOH,coverage,30,25,"AFKS,AFLT,ALRS,CHMF,GAZP,GMKN,HYDR,IRAO,MAGN,MGNT,MOEX,MTSS,NLMK,NVTK,PHOR,PLZL,RASP,ROSN,RTKM,SBER,SNGS,TATN,TRNFP,VTBR,YDEX",,,252,63,0.8,60,1.5,0.25,10.0,252.0,-0.07801644878177427,-0.007535921847663274,0.24977307619349037,-0.03017107353006079,-0.5615018196060029,0.038063562453806356,95,43.45454545454545,0.4811715481171548
russia,LKOH,coverage,30,25,"AFKS,AFLT,ALRS,CHMF,GAZP,GMKN,HYDR,IRAO,MAGN,MGNT,MOEX,MTSS,NLMK,NVTK,PHOR,PLZL,RASP,ROSN,RTKM,SBER,SNGS,TATN,TRNFP,VTBR,YDEX",,,252,63,0.8,60,1.5,0.5,10.0,252.0,-0.02130533751321151,-0.0020035202776513827,0.23700607608340898,-0.00845345533228561,-0.55932091359022,0.04286770140428677,111,31.245283018867923,0.482487922705314
russia,LKOH,coverage,30,25,"AFKS,AFLT,ALRS,CHMF,GAZP,GMKN,HYDR,IRAO,MAGN,MGNT,MOEX,MTSS,NLMK,NVTK,PHOR,PLZL,RASP,ROSN,RTKM,SBER,SNGS,TATN,TRNFP,VTBR,YDEX",,,252,63,0.8,60,1.5,0.75,10.0,252.0,0.1848199254459817,0.015918752960376148,0.23065400028809013,0.06901572459395197,-0.5053354798034702,0.04878048780487805,128,22.919354838709676,0.49261083743842365
russia,LKOH,coverage,30,25,"AFKS,AFLT,ALRS,CHMF,GAZP,GMKN,HYDR,IRAO,MAGN,MGNT,MOEX,MTSS,NLMK,NVTK,PHOR,PLZL,RASP,ROSN,RTKM,SBER,SNGS,TATN,TRNFP,VTBR,YDEX",,,252,63,0.8,60,1.5,1.0,10.0,252.0,0.42942202896977055,0.03383096018420484,0.22066770688448684,0.15331178567924472,-0.4148579491370348,0.059127864005912786,157,15.597402597402597,0.4970857618651124
russia,LKOH,coverage,30,25,"AFKS,AFLT,ALRS,CHMF,GAZP,GMKN,HYDR,IRAO,MAGN,MGNT,MOEX,MTSS,NLMK,NVTK,PHOR,PLZL,RASP,ROSN,RTKM,SBER,SNGS,TATN,TRNFP,VTBR,YDEX",,,252,63,0.8,60,2.0,0.0,10.0,252.0,0.926143110341793,0.06294799210192092,0.2892732558325685,0.2176073689244029,-0.4298166671053131,0.02032520325203252,28,2643.0,0.4964055996973137
russia,LKOH,coverage,30,25,"AFKS,AFLT,ALRS,CHMF,GAZP,GMKN,HYDR,IRAO,MAGN,MGNT,MOEX,MTSS,NLMK,NVTK,PHOR,PLZL,RASP,ROSN,RTKM,SBER,SNGS,TATN,TRNFP,VTBR,YDEX",,,252,63,0.8,60,2.0,0.25,10.0,252.0,0.02079857725261025,0.001918867663079027,0.23774854245252827,0.00807099653812671,-0.5105921505342754,0.030303030303030304,76,47.714285714285715,0.48562874251497007
russia,LKOH,coverage,30,25,"AFKS,AFLT,ALRS,CHMF,GAZP,GMKN,HYDR,IRAO,MAGN,MGNT,MOEX,MTSS,NLMK,NVTK,PHOR,PLZL,RASP,ROSN,RTKM,SBER,SNGS,TATN,TRNFP,VTBR,YDEX",,,252,63,0.8,60,2.0,0.5,10.0,252.0,-0.008769468156871185,-0.0008199344942021458,0.22503204952775485,-0.003643634299749011,-0.4628094142483692,0.032520325203252036,84,36.45,0.4849108367626886
russia,LKOH,coverage,30,25,"AFKS,AFLT,ALRS,CHMF,GAZP,GMKN,HYDR,IRAO,MAGN,MGNT,MOEX,MTSS,NLMK,NVTK,PHOR,PLZL,RASP,ROSN,RTKM,SBER,SNGS,TATN,TRNFP,VTBR,YDEX",,,252,63,0.8,60,2.0,0.75,10.0,252.0,0.10021391573097738,0.008933670141568983,0.21590302758777397,0.041378160563019704,-0.47254081944958026,0.03473762010347376,90,28.651162790697676,0.49594155844155846
russia,LKOH,coverage,30,25,"AFKS,AFLT,ALRS,CHMF,GAZP,GMKN,HYDR,IRAO,MAGN,MGNT,MOEX,MTSS,NLMK,NVTK,PHOR,PLZL,RASP,ROSN,RTKM,SBER,SNGS,TATN,TRNFP,VTBR,YDEX",,,252,63,0.8,60,2.0,1.0,10.0,252.0,0.32840489981452836,0.026798725225696707,0.19482796599252217,0.13755071090115106,-0.37450377709297755,0.03917220990391722,104,19.098039215686274,0.5051334702258727
russia,LKOH,coverage,30,25,"AFKS,AFLT,ALRS,CHMF,GAZP,GMKN,HYDR,IRAO,MAGN,MGNT,MOEX,MTSS,NLMK,NVTK,PHOR,PLZL,RASP,ROSN,RTKM,SBER,SNGS,TATN,TRNFP,VTBR,YDEX",,,252,63,0.8,60,2.5,0.0,10.0,252.0,1.072804186636208,0.07023691872320037,0.28930549324385957,0.2427776878194176,-0.3839247828112097,0.015890613451589063,22,2643.0,0.4899735149451381
russia,LKOH,coverage,30,25,"AFKS,AFLT,ALRS,CHMF,GAZP,GMKN,HYDR,IRAO,MAGN,MGNT,MOEX,MTSS,NLMK,NVTK,PHOR,PLZL,RASP,ROSN,RTKM,SBER,SNGS,TATN,TRNFP,VTBR,YDEX",,,252,63,0.8,60,2.5,0.25,10.0,252.0,0.1285470491127194,0.01132552128014308,0.2244821535770081,0.05045176687623805,-0.4652812386765043,0.022172949002217297,56,54.0,0.48361823361823364
russia,LKOH,coverage,30,25,"AFKS,AFLT,ALRS,CHMF,GAZP,GMKN,HYDR,IRAO,MAGN,MGNT,MOEX,MTSS,NLMK,NVTK,PHOR,PLZL,RASP,ROSN,RTKM,SBER,SNGS,TATN,TRNFP,VTBR,YDEX",,,252,63,0.8,60,2.5,0.5,10.0,252.0,-0.12307601729193474,-0.012156259377590461,0.21145191061444782,-0.05748947522992901,-0.4130746269776131,0.022172949002217297,58,43.07142857142857,0.48009950248756217
russia,LKOH,coverage,30,25,"AFKS,AFLT,ALRS,CHMF,GAZP,GMKN,HYDR,IRAO,MAGN,MGNT,MOEX,MTSS,NLMK,NVTK,PHOR,PLZL,RASP,ROSN,RTKM,SBER,SNGS,TATN,TRNFP,VTBR,YDEX",,,252,63,0.8,60,2.5,0.75,10.0,252.0,0.14727984647399373,0.012877193141450416,0.2013336876803487,0.06395945601460963,-0.398940255632393,0.024390243902439025,64,31.677419354838708,0.4938900203665988
russia,LKOH,coverage,30,25,"AFKS,AFLT,ALRS,CHMF,GAZP,GMKN,HYDR,IRAO,MAGN,MGNT,MOEX,MTSS,NLMK,NVTK,PHOR,PLZL,RASP,ROSN,RTKM,SBER,SNGS,TATN,TRNFP,VTBR,YDEX",,,252,63,0.8,60,2.5,1.0,10.0,252.0,-0.070010845800344,-0.006736539496289828,0.1624690904267782,-0.041463514558948436,-0.3858063034562206,0.025129342202512936,67,23.363636363636363,0.503242542153048
russia,LKOH,coverage,30,25,"AFKS,AFLT,ALRS,CHMF,GAZP,GMKN,HYDR,IRAO,MAGN,MGNT,MOEX,MTSS,NLMK,NVTK,PHOR,PLZL,RASP,ROSN,RTKM,SBER,SNGS,TATN,TRNFP,VTBR,YDEX",,,252,63,0.8,60,3.0,0.0,10.0,252.0,4.079331416365301,0.16340041167344999,0.28906182140788783,0.5652784268693851,-0.3747935222400379,0.012934220251293422,18,2643.0,0.489216799091941
russia,LKOH,coverage,30,25,"AFKS,AFLT,ALRS,CHMF,GAZP,GMKN,HYDR,IRAO,MAGN,MGNT,MOEX,MTSS,NLMK,NVTK,PHOR,PLZL,RASP,ROSN,RTKM,SBER,SNGS,TATN,TRNFP,VTBR,YDEX",,,252,63,0.8,60,3.0,0.25,10.0,252.0,0.7059329535034109,0.05099773200217572,0.21181034576638447,0.24077073203224691,-0.4184163922247257,0.016999260901699925,43,57.75,0.47619047619047616
russia,LKOH,coverage,30,25,"AFKS,AFLT,ALRS,CHMF,GAZP,GMKN,HYDR,IRAO,MAGN,MGNT,MOEX,MTSS,NLMK,NVTK,PHOR,PLZL,RASP,ROSN,RTKM,SBER,SNGS,TATN,TRNFP,VTBR,YDEX",,,252,63,0.8,60,3.0,0.5,10.0,252.0,0.17405430514520281,0.015055546985150103,0.1964486364301702,0.0766385924521383,-0.34926012229517256,0.016999260901699925,45,42.40909090909091,0.4705251875669882
russia,LKOH,coverage,30,25,"AFKS,AFLT,ALRS,CHMF,GAZP,GMKN,HYDR,IRAO,MAGN,MGNT,MOEX,MTSS,NLMK,NVTK,PHOR,PLZL,RASP,ROSN,RTKM,SBER,SNGS,TATN,TRNFP,VTBR,YDEX",,,252,63,0.8,60,3.0,0.75,10.0,252.0,0.08258055462545921,0.007416723255274205,0.18088715091389682,0.04100193528286927,-0.345622853796562,0.016999260901699925,45,33.36363636363637,0.4822888283378747
russia,LKOH,coverage,30,25,"AFKS,AFLT,ALRS,CHMF,GAZP,GMKN,HYDR,IRAO,MAGN,MGNT,MOEX,MTSS,NLMK,NVTK,PHOR,PLZL,RASP,ROSN,RTKM,SBER,SNGS,TATN,TRNFP,VTBR,YDEX",,,252,63,0.8,60,3.0,1.0,10.0,252.0,-0.1968298477479442,-0.020205330977064784,0.13978478843659803,-0.14454599247205846,-0.33551433234997385,0.016999260901699925,46,25.304347826086957,0.48625429553264604
russia,CHMF,coverage,30,25,"AFKS,AFLT,ALRS,GAZP,GMKN,HYDR,IRAO,LKOH,MAGN,MGNT,MOEX,MTSS,NLMK,NVTK,PHOR,PLZL,RASP,ROSN,RTKM,SBER,SNGS,TATN,TRNFP,VTBR,YDEX",,,252,5,0.8,60,1.0,0.0,10.0,252.0,3.7487269226375,0.15613137977100555,0.29311348281808985,0.5326652949223177,-0.5145502142733512,0.041019955654102,56,2646.0,0.5124716553287982
russia,CHMF,coverage,30,25,"AFKS,AFLT,ALRS,GAZP,GMKN,HYDR,IRAO,LKOH,MAGN,MGNT,MOEX,MTSS,NLMK,NVTK,PHOR,PLZL,RASP,ROSN,RTKM,SBER,SNGS,TATN,TRNFP,VTBR,YDEX",,,252,5,0.8,60,1.0,0.25,10.0,252.0,7.106438792392545,0.21516726939738562,0.24079290818608756,0.8935781000290168,-0.35694255119626617,0.07095343680709534,177,22.234567901234566,0.5235980011104941
russia,CHMF,coverage,30,25,"AFKS,AFLT,ALRS,GAZP,GMKN,HYDR,IRAO,LKOH,MAGN,MGNT,MOEX,MTSS,NLMK,NVTK,PHOR,PLZL,RASP,ROSN,RTKM,SBER,SNGS,TATN,TRNFP,VTBR,YDEX",,,252,5,0.8,60,1.0,0.5,10.0,252.0,3.3422540387135884,0.14653710530767672,0.22062672114545068,0.6641856641248386,-0.3302033717495332,0.08056171470805618,212,15.29126213592233,0.526984126984127
russia,CHMF,coverage,30,25,"AFKS,AFLT,ALRS,GAZP,GMKN,HYDR,IRAO,LKOH,MAGN,MGNT,MOEX,MTSS,NLMK,NVTK,PHOR,PLZL,RASP,ROSN,RTKM,SBER,SNGS,TATN,TRNFP,VTBR,YDEX",,,252,5,0.8,60,1.0,0.75,10.0,252.0,2.508146100976694,0.12398654795096298,0.2135887284208893,0.5804919991219767,-0.28358519558616213,0.09534368070953436,255,11.412698412698413,0.5250347705146036
russia,CHMF,coverage,30,25,"AFKS,AFLT,ALRS,GAZP,GMKN,HYDR,IRAO,LKOH,MAGN,MGNT,MOEX,MTSS,NLMK,NVTK,PHOR,PLZL,RASP,ROSN,RTKM,SBER,SNGS,TATN,TRNFP,VTBR,YDEX",,,252,5,0.8,60,1.5,0.0,10.0,252.0,6.540465046763865,0.20700457675215356,0.29302193208099875,0.706447381880385,-0.4073604171635441,0.0336289726533629,46,2646.0,0.5139833711262283
russia,CHMF,coverage,30,25,"AFKS,AFLT,ALRS,GAZP,GMKN,HYDR,IRAO,LKOH,MAGN,MGNT,MOEX,MTSS,NLMK,NVTK,PHOR,PLZL,RASP,ROSN,RTKM,SBER,SNGS,TATN,TRNFP,VTBR,YDEX",,,252,5,0.8,60,1.5,0.25,10.0,252.0,5.613765175210185,0.19235459251688414,0.22614462432656648,0.8505822019413227,-0.32000882403380504,0.051736881005173686,132,25.274193548387096,0.5283982131461391
russia,CHMF,coverage,30,25,"AFKS,AFLT,ALRS,GAZP,GMKN,HYDR,IRAO,LKOH,MAGN,MGNT,MOEX,MTSS,NLMK,NVTK,PHOR,PLZL,RASP,ROSN,RTKM,SBER,SNGS,TATN,TRNFP,VTBR,YDEX",,,252,5,0.8,60,1.5,0.5,10.0,252.0,2.5941951564564474,0.12652588180757984,0.20615132315666027,0.6137524604265053,-0.300660579646401,0.05469327420546933,145,19.112676056338028,0.5313190862196021
russia,CHMF,coverage,30,25,"AFKS,AFLT,ALRS,GAZP,GMKN,HYDR,IRAO,LKOH,MAGN,MGNT,MOEX,MTSS,NLMK,NVTK,PHOR,PLZL,RASP,ROSN,RTKM,SBER,SNGS,TATN,TRNFP,VTBR,YDEX",,,252,5,0.8,60,1.5,0.75,10.0,252.0,1.6740721319696905,0.0959256422688175,0.19780670830450384,0.4849463554145468,-0.30526488986388334,0.059127864005912786,159,15.354430379746836,0.5300906842539159
russia,CHMF,coverage,30,25,"AFKS,AFLT,ALRS,GAZP,GMKN,HYDR,IRAO,LKOH,MAGN,MGNT,MOEX,MTSS,NLMK,NVTK,PHOR,PLZL,RASP,ROSN,RTKM,SBER,SNGS,TATN,TRNFP,VTBR,YDEX",,,252,5,0.8,60,1.5,1.0,10.0,252.0,1.3203670865282024,0.08154096577389036,0.1889875515917227,0.4314620994193657,-0.3042127216883085,0.06873614190687362,185,11.445652173913043,0.5308641975308642
russia,CHMF,coverage,30,25,"AFKS,AFLT,ALRS,GAZP,GMKN,HYDR,IRAO,LKOH,MAGN,MGNT,MOEX,MTSS,NLMK,NVTK,PHOR,PLZL,RASP,ROSN,RTKM,SBER,SNGS,TATN,TRNFP,VTBR,YDEX",,,252,5,0.8,60,2.0,0.0,10.0,252.0,14.355597138907676,0.2896525799389429,0.291438540826258,0.9938719124716597,-0.36712150636766283,0.02697708795269771,37,2636.0,0.5147951441578149
russia,CHMF,coverage,30,25,"AFKS,AFLT,ALRS,GAZP,GMKN,HYDR,IRAO,LKOH,MAGN,MGNT,MOEX,MTSS,NLMK,NVTK,PHOR,PLZL,RASP,ROSN,RTKM,SBER,SNGS,TATN,TRNFP,VTBR,YDEX",,,252,5,0.8,60,2.0,0.25,10.0,252.0,7.941904635695508,0.22631838821073136,0.21465978057991494,1.0543120262180463,-0.2446068758748261,0.04065040650406504,105,27.14,0.529108327192336
russia,CHMF,coverage,30,25,"AFKS,AFLT,ALRS,GAZP,GMKN,HYDR,IRAO,LKOH,MAGN,MGNT,MOEX,MTSS,NLMK,NVTK,PHOR,PLZL,RASP,ROSN,RTKM,SBER,SNGS,TATN,TRNFP,VTBR,YDEX",,,252,5,0.8,60,2.0,0.5,10.0,252.0,3.6782232249316387,0.15452200842723607,0.1927332689331078,0.8017401940132414,-0.24679678732018862,0.04138950480413895,111,20.454545454545453,0.5342222222222223
russia,CHMF,coverage,30,25,"AFKS,AFLT,ALRS,GAZP,GMKN,HYDR,IRAO,LKOH,MAGN,MGNT,MOEX,MTSS,NLMK,NVTK,PHOR,PLZL,RASP,ROSN,RTKM,SBER,SNGS,TATN,TRNFP,VTBR,YDEX",,,252,5,0.8,60,2.0,0.75,10.0,252.0,2.12847235069393,0.11206074018365664,0.18356212563893082,0.6104785493935804,-0.2517557259228902,0.04138950480413895,111,17.854545454545455,0.5305498981670062
russia,CHMF,coverage,30,25,"AFKS,AFLT,ALRS,GAZP,GMKN,HYDR,IRAO,LKOH,MAGN,MGNT,MOEX,MTSS,NLMK,NVTK,PHOR,PLZL,RASP,ROSN,RTKM,SBER,SNGS,TATN,TRNFP,VTBR,YDEX",,,252,5,0.8,60,2.0,1.0,10.0,252.0,1.732556688320459,0.09813595131755659,0.17388394511039695,0.5643761490185375,-0.2506225187461496,0.04360679970436068,117,14.344827586206897,0.5288461538461539
russia,CHMF,coverage,30,25,"AFKS,AFLT,ALRS,GAZP,GMKN,HYDR,IRAO,LKOH,MAGN,MGNT,MOEX,MTSS,NLMK,NVTK,PHOR,PLZL,RASP,ROSN,RTKM,SBER,SNGS,TATN,TRNFP,VTBR,YDEX",,,252,5,0.8,60,2.5,0.0,10.0,252.0,15.400442065597705,0.2975828804010785,0.2914140839593403,1.0211684910966723,-0.36712150636766305,0.01810790835181079,25,2636.0,0.5235204855842185
russia,CHMF,coverage,30,25,"AFKS,AFLT,ALRS,GAZP,GMKN,HYDR,IRAO,LKOH,MAGN,MGNT,MOEX,MTSS,NLMK,NVTK,PHOR,PLZL,RASP,ROSN,RTKM,SBER,SNGS,TATN,TRNFP,VTBR,YDEX",,,252,5,0.8,60,2.5,0.25,10.0,252.0,3.7778597428195866,0.15679006842022214,0.18296324457348304,0.8569484476826217,-0.33375916092544833,0.027346637102734665,72,30.6,0.5284780578898226
russia,CHMF,coverage,30,25,"AFKS,AFLT,ALRS,GAZP,GMKN,HYDR,IRAO,LKOH,MAGN,MGNT,MOEX,MTSS,NLMK,NVTK,PHOR,PLZL,RASP,ROSN,RTKM,SBER,SNGS,TATN,TRNFP,VTBR,YDEX",,,252,5,0.8,60,2.5,0.5,10.0,252.0,2.1545360460026837,0.11292028768088436,0.15605081620149422,0.7236122849564636,-0.33543799467803004,0.028085735402808575,76,21.763157894736842,0.5405078597339782
russia,CHMF,coverage,30,25,"AFKS,AFLT,ALRS,GAZP,GMKN,HYDR,IRAO,LKOH,MAGN,MGNT,MOEX,MTSS,NLMK,NVTK,PHOR,PLZL,RASP,ROSN,RTKM,SBER,SNGS,TATN,TRNFP,VTBR,YDEX",,,252,5,0.8,60,2.5,0.75,10.0,252.0,1.4398495571441008,0.08661005799880184,0.1476787809115701,0.5864759816148797,-0.2917930047313656,0.028085735402808575,76,18.63157894736842,0.5409604519774012
russia,CHMF,coverage,30,25,"AFKS,AFLT,ALRS,GAZP,GMKN,HYDR,IRAO,LKOH,MAGN,MGNT,MOEX,MTSS,NLMK,NVTK,PHOR,PLZL,RASP,ROSN,RTKM,SBER,SNGS,TATN,TRNFP,VTBR,YDEX",,,252,5,0.8,60,2.5,1.0,10.0,252.0,0.9164082586780167,0.062446547585599754,0.13305479739889337,0.4693295454683029,-0.2982534601436785,0.028085735402808575,76,15.052631578947368,0.5402097902097902
russia,CHMF,coverage,30,25,"AFKS,AFLT,ALRS,GAZP,GMKN,HYDR,IRAO,LKOH,MAGN,MGNT,MOEX,MTSS,NLMK,NVTK,PHOR,PLZL,RASP,ROSN,RTKM,SBER,SNGS,TATN,TRNFP,VTBR,YDEX",,,252,5,0.8,60,3.0,0.0,10.0,252.0,3.4385163118367306,0.14888066073547335,0.2917435021659092,0.5103135447068419,-0.36712150636766283,0.010716925351071693,15,2635.0,0.5134724857685009
russia,CHMF,coverage,30,25,"AFKS,AFLT,ALRS,GAZP,GMKN,HYDR,IRAO,LKOH,MAGN,MGNT,MOEX,MTSS,NLMK,NVTK,PHOR,PLZL,RASP,ROSN,RTKM,SBER,SNGS,TATN,TRNFP,VTBR,YDEX",,,252,5,0.8,60,3.0,0.25,10.0,252.0,1.6074821077052373,0.09335498353840399,0.15324903870531673,0.609171739849649,-0.3324245918331522,0.015521064301552107,41,34.55,0.5267727930535456
russia,CHMF,coverage,30,25,"AFKS,AFLT,ALRS,GAZP,GMKN,HYDR,IRAO,LKOH,MAGN,MGNT,MOEX,MTSS,NLMK,NVTK,PHOR,PLZL,RASP,ROSN,RTKM,SBER,SNGS,TATN,TRNFP,VTBR,YDEX",,,252,5,0.8,60,3.0,0.5,10.0,252.0,0.877545821898285,0.06042143695903035,0.12893781296454068,0.4686091346659254,-0.3341067885132315,0.015521064301552107,42,27.61904761904762,0.5293103448275862
russia,CHMF,coverage,30,25,"AFKS,AFLT,ALRS,GAZP,GMKN,HYDR,IRAO,LKOH,MAGN,MGNT,MOEX,MTSS,NLMK,NVTK,PHOR,PLZL,RASP,ROSN,RTKM,SBER,SNGS,TATN,TRNFP,VTBR,YDEX",,,252,5,0.8,60,3.0,0.75,10.0,252.0,0.6111085371964076,0.0454151365225699,0.12075705603745279,0.3760868144092913,-0.2903743718415742,0.015521064301552107,42,23.571428571428573,0.5333333333333333
russia,CHMF,coverage,30,25,"AFKS,AFLT,ALRS,GAZP,GMKN,HYDR,IRAO,LKOH,MAGN,MGNT,MOEX,MTSS,NLMK,NVTK,PHOR,PLZL,RASP,ROSN,RTKM,SBER,SNGS,TATN,TRNFP,VTBR,YDEX",,,252,5,0.8,60,3.0,1.0,10.0,252.0,0.5423576155685732,0.04117803269428144,0.10814467950946245,0.3807679941450882,-0.2968477684061096,0.015521064301552107,42,18.761904761904763,0.5329949238578681
russia,CHMF,coverage,30,25,"AFKS,AFLT,ALRS,GAZP,GMKN,HYDR,IRAO,LKOH,MAGN,MGNT,MOEX,MTSS,NLMK,NVTK,PHOR,PLZL,RASP,ROSN,RTKM,SBER,SNGS,TATN,TRNFP,VTBR,YDEX",,,252,10,0.8,60,1.0,0.0,10.0,252.0,2.9535006220350173,0.1365662574379174,0.2990348505977925,0.45669010540046245,-0.5097191898928539,0.03954175905395418,54,2646.0,0.500755857898715
russia,CHMF,coverage,30,25,"AFKS,AFLT,ALRS,GAZP,GMKN,HYDR,IRAO,LKOH,MAGN,MGNT,MOEX,MTSS,NLMK,NVTK,PHOR,PLZL,RASP,ROSN,RTKM,SBER,SNGS,TATN,TRNFP,VTBR,YDEX",,,252,10,0.8,60,1.0,0.25,10.0,252.0,5.74886782073854,0.1946021135956535,0.250852827725773,0.7757620887111881,-0.33231193112616086,0.0679970436067997,172,22.4875,0.5108393551973318
russia,CHMF,coverage,30,25,"AFKS,AFLT,ALRS,GAZP,GMKN,HYDR,IRAO,LKOH,MAGN,MGNT,MOEX,MTSS,NLMK,NVTK,PHOR,PLZL,RASP,ROSN,RTKM,SBER,SNGS,TATN,TRNFP,VTBR,YDEX",,,252,10,0.8,60,1.0,0.5,10.0,252.0,3.8004096784176022,0.1572974229891837,0.2380816650139913,0.6606868402904517,-0.3643758110441061,0.07834441980783444,205,16.373737373737374,0.51326341764343
russia,CHMF,coverage,30,25,"AFKS,AFLT,ALRS,GAZP,GMKN,HYDR,IRAO,LKOH,MAGN,MGNT,MOEX,MTSS,NLMK,NVTK,PHOR,PLZL,RASP,ROSN,RTKM,SBER,SNGS,TATN,TRNFP,VTBR,YDEX",,,252,10,0.8,60,1.0,0.75,10.0,252.0,2.362246520080844,0.11954900139337465,0.23056569902045704,0.5185029772480061,-0.3736899140617581,0.09164818920916482,243,12.277310924369749,0.5106091718001369
russia,CHMF,coverage,30,25,"AFKS,AFLT,ALRS,GAZP,GMKN,HYDR,IRAO,LKOH,MAGN,MGNT,MOEX,MTSS,NLMK,NVTK,PHOR,PLZL,RASP,ROSN,RTKM,SBER,SNGS,TATN,TRNFP,VTBR,YDEX",,,252,10,0.8,60,1.5,0.0,10.0,252.0,4.2756464999081425,0.16751622407131483,0.29889124480686874,0.5604587855343737,-0.4385319717972419,0.03067257945306726,42,2646.0,0.4996220710506425
russia,CHMF,coverage,30,25,"AFKS,AFLT,ALRS,GAZP,GMKN,HYDR,IRAO,LKOH,MAGN,MGNT,MOEX,MTSS,NLMK,NVTK,PHOR,PLZL,RASP,ROSN,RTKM,SBER,SNGS,TATN,TRNFP,VTBR,YDEX",,,252,10,0.8,60,1.5,0.25,10.0,252.0,4.5395369501103,0.172835212818522,0.2402006272504395,0.7195452184990319,-0.2753474969614258,0.050997782705099776,132,25.158730158730158,0.5123028391167193
russia,CHMF,coverage,30,25,"AFKS,AFLT,ALRS,GAZP,GMKN,HYDR,IRAO,LKOH,MAGN,MGNT,MOEX,MTSS,NLMK,NVTK,PHOR,PLZL,RASP,ROSN,RTKM,SBER,SNGS,TATN,TRNFP,VTBR,YDEX",,,252,10,0.8,60,1.5,0.5,10.0,252.0,2.421588402025514,0.12137456436328464,0.22553498622277515,0.5381629094272554,-0.3248049734254267,0.05543237250554324,148,19.26027397260274,0.515647226173542
russia,CHMF,coverage,30,25,"AFKS,AFLT,ALRS,GAZP,GMKN,HYDR,IRAO,LKOH,MAGN,MGNT,MOEX,MTSS,NLMK,NVTK,PHOR,PLZL,RASP,ROSN,RTKM,SBER,SNGS,TATN,TRNFP,VTBR,YDEX",,,252,10,0.8,60,1.5,0.75,10.0,252.0,1.6946954365671654,0.09671001952672409,0.21891772575640303,0.44176422531602816,-0.3332757832091596,0.057649667405764965,154,16.394736842105264,0.5104333868378812
russia,CHMF,coverage,30,25,"AFKS,AFLT,ALRS,GAZP,GMKN,HYDR,IRAO,LKOH,MAGN,MGNT,MOEX,MTSS,NLMK,NVTK,PHOR,PLZL,RASP,ROSN,RTKM,SBER,SNGS,TATN,TRNFP,VTBR,YDEX",,,252,10,0.8,60,1.5,1.0,10.0,252.0,1.3787575966658672,0.08404705222755382,0.20434831899179434,0.4112930932939495,-0.3407479238912796,0.07021433850702144,188,11.623655913978494,0.5189639222941721
russia,CHMF,coverage,30,25,"AFKS,AFLT,ALRS,GAZP,GMKN,HYDR,IRAO,LKOH,MAGN,MGNT,MOEX,MTSS,NLMK,NVTK,PHOR,PLZL,RASP,ROSN,RTKM,SBER,SNGS,TATN,TRNFP,VTBR,YDEX",,,252,10,0.8,60,2.0,0.0,10.0,252.0,9.209465967598733,0.24155168898789547,0.29720919809712226,0.8127328848986733,-0.37215872020153906,0.025498891352549888,35,2636.0,0.5041729893778453
russia,CHMF,coverage,30,25,"AFKS,AFLT,ALRS,GAZP,GMKN,HYDR,IRAO,LKOH,MAGN,MGNT,MOEX,MTSS,NLMK,NVTK,PHOR,PLZL,RASP,ROSN,RTKM,SBER,SNGS,TATN,TRNFP,VTBR,YDEX",,,252,10,0.8,60,2.0,0.25,10.0,252.0,7.441679281172828,0.21976163758435385,0.22691714386863002,0.9684664359762137,-0.21742828822170635,0.03917220990391722,100,28.085106382978722,0.5181818181818182
russia,CHMF,coverage,30,25,"AFKS,AFLT,ALRS,GAZP,GMKN,HYDR,IRAO,LKOH,MAGN,MGNT,MOEX,MTSS,NLMK,NVTK,PHOR,PLZL,RASP,ROSN,RTKM,SBER,SNGS,TATN,TRNFP,VTBR,YDEX",,,252,10,0.8,60,2.0,0.5,10.0,252.0,3.499932533291199,0.15035190017858757,0.20884421478034737,0.7199237016774475,-0.27280080544542695,0.04138950480413895,110,21.074074074074073,0.5210896309314587
russia,CHMF,coverage,30,25,"AFKS,AFLT,ALRS,GAZP,GMKN,HYDR,IRAO,LKOH,MAGN,MGNT,MOEX,MTSS,NLMK,NVTK,PHOR,PLZL,RASP,ROSN,RTKM,SBER,SNGS,TATN,TRNFP,VTBR,YDEX",,,252,10,0.8,60,2.0,0.75,10.0,252.0,2.4852782196835457,0.12330221222628523,0.20229571954297437,0.6095146872353457,-0.26789746810710113,0.04138950480413895,110,18.462962962962962,0.5135406218655968
russia,CHMF,coverage,30,25,"AFKS,AFLT,ALRS,GAZP,GMKN,HYDR,IRAO,LKOH,MAGN,MGNT,MOEX,MTSS,NLMK,NVTK,PHOR,PLZL,RASP,ROSN,RTKM,SBER,SNGS,TATN,TRNFP,VTBR,YDEX",,,252,10,0.8,60,2.0,1.0,10.0,252.0,1.441613403495905,0.08668318905581596,0.17440861689589746,0.4970120777206563,-0.2904470908323037,0.04360679970436068,117,14.551724137931034,0.5213270142180095
russia,CHMF,coverage,30,25,"AFKS,AFLT,ALRS,GAZP,GMKN,HYDR,IRAO,LKOH,MAGN,MGNT,MOEX,MTSS,NLMK,NVTK,PHOR,PLZL,RASP,ROSN,RTKM,SBER,SNGS,TATN,TRNFP,VTBR,YDEX",,,252,10,0.8,60,2.5,0.0,10.0,252.0,6.941171972409994,0.21283857238648962,0.2972412970195112,0.7160464394438392,-0.3721587202015392,0.01662971175166297,23,2636.0,0.5185887708649469
russia,CHMF,coverage,30,25,"AFKS,AFLT,ALRS,GAZP,GMKN,HYDR,IRAO,LKOH,MAGN,MGNT,MOEX,MTSS,NLMK,NVTK,PHOR,PLZL,RASP,ROSN,RTKM,SBER,SNGS,TATN,TRNFP,VTBR,YDEX",,,252,10,0.8,60,2.5,0.25,10.0,252.0,3.6016596215822574,0.1527492031492963,0.18482971161572154,0.8264320807191234,-0.2689187152807341,0.025129342202512936,65,30.419354838709676,0.5259809119830329
russia,CHMF,coverage,30,25,"AFKS,AFLT,ALRS,GAZP,GMKN,HYDR,IRAO,LKOH,MAGN,MGNT,MOEX,MTSS,NLMK,NVTK,PHOR,PLZL,RASP,ROSN,RTKM,SBER,SNGS,TATN,TRNFP,VTBR,YDEX",,,252,10,0.8,60,2.5,0.5,10.0,252.0,1.6511445101831108,0.09504715772828298,0.15867948375683513,0.5989883221068194,-0.3531498074635562,0.025129342202512936,68,23.294117647058822,0.5303030303030303
russia,CHMF,coverage,30,25,"AFKS,AFLT,ALRS,GAZP,GMKN,HYDR,IRAO,LKOH,MAGN,MGNT,MOEX,MTSS,NLMK,NVTK,PHOR,PLZL,RASP,ROSN,RTKM,SBER,SNGS,TATN,TRNFP,VTBR,YDEX",,,252,10,0.8,60,2.5,0.75,10.0,252.0,1.1972116311284076,0.07606199616073295,0.1523293152918153,0.49932605562509075,-0.36262841044147254,0.025129342202512936,68,20.558823529411764,0.5221745350500715
russia,CHMF,coverage,30,25,"AFKS,AFLT,ALRS,GAZP,GMKN,HYDR,IRAO,LKOH,MAGN,MGNT,MOEX,MTSS,NLMK,NVTK,PHOR,PLZL,RASP,ROSN,RTKM,SBER,SNGS,TATN,TRNFP,VTBR,YDEX",,,252,10,0.8,60,2.5,1.0,10.0,252.0,0.887441473455203,0.06094067849768692,0.13366717258437946,0.4559135748847921,-0.30894681234964694,0.025868440502586843,70,16.457142857142856,0.5260416666666666
russia,CHMF,coverage,30,25,"AFKS,AFLT,ALRS,GAZP,GMKN,HYDR,IRAO,LKOH,MAGN,MGNT,MOEX,MTSS,NLMK,NVTK,PHOR,PLZL,RASP,ROSN,RTKM,SBER,SNGS,TATN,TRNFP,VTBR,YDEX",,,252,10,0.8,60,3.0,0.0,10.0,252.0,3.397098336458316,0.14787802456380184,0.29733118952106236,0.4973512022132695,-0.3721587202015392,0.010716925351071693,15,2635.0,0.5104364326375711
russia,CHMF,coverage,30,25,"AFKS,AFLT,ALRS,GAZP,GMKN,HYDR,IRAO,LKOH,MAGN,MGNT,MOEX,MTSS,NLMK,NVTK,PHOR,PLZL,RASP,ROSN,RTKM,SBER,SNGS,TATN,TRNFP,VTBR,YDEX",,,252,10,0.8,60,3.0,0.25,10.0,252.0,1.6936997814571968,0.09667227651325083,0.1646831167408219,0.5870199594618649,-0.2663681669739215,0.015521064301552107,40,38.36842105263158,0.51440329218107
russia,CHMF,coverage,30,25,"AFKS,AFLT,ALRS,GAZP,GMKN,HYDR,IRAO,LKOH,MAGN,MGNT,MOEX,MTSS,NLMK,NVTK,PHOR,PLZL,RASP,ROSN,RTKM,SBER,SNGS,TATN,TRNFP,VTBR,YDEX",,,252,10,0.8,60,3.0,0.5,10.0,252.0,0.7719849900018201,0.054722438504648085,0.1388581490984419,0.39408877952026594,-0.35089311905172194,0.015521064301552107,42,29.38095238095238,0.5170178282009724
russia,CHMF,coverage,30,25,"AFKS,AFLT,ALRS,GAZP,GMKN,HYDR,IRAO,LKOH,MAGN,MGNT,MOEX,MTSS,NLMK,NVTK,PHOR,PLZL,RASP,ROSN,RTKM,SBER,SNGS,TATN,TRNFP,VTBR,YDEX",,,252,10,0.8,60,3.0,0.75,10.0,252.0,0.658179646554637,0.04822254272814597,0.13346270632105617,0.3613184840725651,-0.36040479035634987,0.015521064301552107,42,25.857142857142858,0.5119705340699816
russia,CHMF,coverage,30,25,"AFKS,AFLT,ALRS,GAZP,GMKN,HYDR,IRAO,LKOH,MAGN,MGNT,MOEX,MTSS,NLMK,NVTK,PHOR,PLZL,RASP,ROSN,RTKM,SBER,SNGS,TATN,TRNFP,VTBR,YDEX",,,252,10,0.8,60,3.0,1.0,10.0,252.0,0.5403342542877001,0.041050757263591864,0.11449105118234293,0.35854992018732385,-0.3065359114354542,0.016260162601626018,44,19.90909090909091,0.5182648401826484
russia,CHMF,coverage,30,25,"AFKS,AFLT,ALRS,GAZP,GMKN,HYDR,IRAO,LKOH,MAGN,MGNT,MOEX,MTSS,NLMK,NVTK,PHOR,PLZL,RASP,ROSN,RTKM,SBER,SNGS,TATN,TRNFP,VTBR,YDEX",,,252,21,0.8,60,1.0,0.0,10.0,252.0,9.693775491621338,0.24692191066506353,0.3138046406993408,0.7868650703022642,-0.39685691043483073,0.041019955654102,56,2646.0,0.49206349206349204
russia,CHMF,coverage,30,25,"AFKS,AFLT,ALRS,GAZP,GMKN,HYDR,IRAO,LKOH,MAGN,MGNT,MOEX,MTSS,NLMK,NVTK,PHOR,PLZL,RASP,ROSN,RTKM,SBER,SNGS,TATN,TRNFP,VTBR,YDEX",,,252,21,0.8,60,1.0,0.25,10.0,252.0,8.304271541814016,0.23086348700486803,0.26280319368612226,0.8784653023684283,-0.3780716746100592,0.06984478935698447,174,22.7375,0.5046728971962616
russia,CHMF,coverage,30,25,"AFKS,AFLT,ALRS,GAZP,GMKN,HYDR,IRAO,LKOH,MAGN,MGNT,MOEX,MTSS,NLMK,NVTK,PHOR,PLZL,RASP,ROSN,RTKM,SBER,SNGS,TATN,TRNFP,VTBR,YDEX",,,252,21,0.8,60,1.0,0.5,10.0,252.0,4.885706578220839,0.1794745166602596,0.24153561153060685,0.7430561295824363,-0.3726487106544115,0.08314855875831485,218,15.160377358490566,0.5052893590541382
russia,CHMF,coverage,30,25,"AFKS,AFLT,ALRS,GAZP,GMKN,HYDR,IRAO,LKOH,MAGN,MGNT,MOEX,MTSS,NLMK,NVTK,PHOR,PLZL,RASP,ROSN,RTKM,SBER,SNGS,TATN,TRNFP,VTBR,YDEX",,,252,21,0.8,60,1.0,0.75,10.0,252.0,4.1805716025578015,0.16554061430310307,0.23562979644879273,0.7025453350891405,-0.34885754555434456,0.09940872135994087,263,11.294573643410853,0.5072065888812629
russia,CHMF,coverage,30,25,"AFKS,AFLT,ALRS,GAZP,GMKN,HYDR,IRAO,LKOH,MAGN,MGNT,MOEX,MTSS,NLMK,NVTK,PHOR,PLZL,RASP,ROSN,RTKM,SBER,SNGS,TATN,TRNFP,VTBR,YDEX",,,252,21,0.8,60,1.5,0.0,10.0,252.0,7.167511835881472,0.21601693728415006,0.31381324571352165,0.6883614386416013,-0.4160570690289652,0.03215077605321508,44,2646.0,0.4958427815570673
russia,CHMF,coverage,30,25,"AFKS,AFLT,ALRS,GAZP,GMKN,HYDR,IRAO,LKOH,MAGN,MGNT,MOEX,MTSS,NLMK,NVTK,PHOR,PLZL,RASP,ROSN,RTKM,SBER,SNGS,TATN,TRNFP,VTBR,YDEX",,,252,21,0.8,60,1.5,0.25,10.0,252.0,4.01312190497988,0.16197973085149275,0.24244928371622285,0.6680973784236192,-0.33575943733452407,0.04988913525498891,128,24.934426229508198,0.5108481262327417
russia,CHMF,coverage,30,25,"AFKS,AFLT,ALRS,GAZP,GMKN,HYDR,IRAO,LKOH,MAGN,MGNT,MOEX,MTSS,NLMK,NVTK,PHOR,PLZL,RASP,ROSN,RTKM,SBER,SNGS,TATN,TRNFP,VTBR,YDEX",,,252,21,0.8,60,1.5,0.5,10.0,252.0,1.856427085248026,0.10267914753868701,0.22792751128887653,0.45049036405504783,-0.32996752774919413,0.052845528455284556,141,18.928571428571427,0.5011320754716981
russia,CHMF,coverage,30,25,"AFKS,AFLT,ALRS,GAZP,GMKN,HYDR,IRAO,LKOH,MAGN,MGNT,MOEX,MTSS,NLMK,NVTK,PHOR,PLZL,RASP,ROSN,RTKM,SBER,SNGS,TATN,TRNFP,VTBR,YDEX",,,252,21,0.8,60,1.5,0.75,10.0,252.0,1.9415284957660925,0.10569797841692008,0.2201226789221343,0.4801775943055347,-0.3337757695987611,0.058758314855875834,158,14.860759493670885,0.5059625212947189
russia,CHMF,coverage,30,25,"AFKS,AFLT,ALRS,GAZP,GMKN,HYDR,IRAO,LKOH,MAGN,MGNT,MOEX,MTSS,NLMK,NVTK,PHOR,PLZL,RASP,ROSN,RTKM,SBER,SNGS,TATN,TRNFP,VTBR,YDEX",,,252,21,0.8,60,1.5,1.0,10.0,252.0,1.6676778655729478,0.09568133139605228,0.20888341966115487,0.4580609200637561,-0.3198521510406952,0.06947524020694752,187,11.21505376344086,0.5100671140939598
russia,CHMF,coverage,30,25,"AFKS,AFLT,ALRS,GAZP,GMKN,HYDR,IRAO,LKOH,MAGN,MGNT,MOEX,MTSS,NLMK,NVTK,PHOR,PLZL,RASP,ROSN,RTKM,SBER,SNGS,TATN,TRNFP,VTBR,YDEX",,,252,21,0.8,60,2.0,0.0,10.0,252.0,9.652392317371197,0.24647174950717265,0.31384575208236165,0.7853276581627645,-0.37146580839956245,0.02328159645232816,32,2646.0,0.4965986394557823
russia,CHMF,coverage,30,25,"AFKS,AFLT,ALRS,GAZP,GMKN,HYDR,IRAO,LKOH,MAGN,MGNT,MOEX,MTSS,NLMK,NVTK,PHOR,PLZL,RASP,ROSN,RTKM,SBER,SNGS,TATN,TRNFP,VTBR,YDEX",,,252,21,0.8,60,2.0,0.25,10.0,252.0,5.990709904740073,0.19852532340683893,0.22123635574689463,0.8973449356305695,-0.3080046351036021,0.035846267553584624,91,27.558139534883722,0.5206751054852321
russia,CHMF,coverage,30,25,"AFKS,AFLT,ALRS,GAZP,GMKN,HYDR,IRAO,LKOH,MAGN,MGNT,MOEX,MTSS,NLMK,NVTK,PHOR,PLZL,RASP,ROSN,RTKM,SBER,SNGS,TATN,TRNFP,VTBR,YDEX",,,252,21,0.8,60,2.0,0.5,10.0,252.0,2.3171516371588594,0.11814208155840311,0.20346985086745273,0.5806367924030422,-0.3091809704764611,0.037324464153732445,99,20.53061224489796,0.5049701789264414
russia,CHMF,coverage,30,25,"AFKS,AFLT,ALRS,GAZP,GMKN,HYDR,IRAO,LKOH,MAGN,MGNT,MOEX,MTSS,NLMK,NVTK,PHOR,PLZL,RASP,ROSN,RTKM,SBER,SNGS,TATN,TRNFP,VTBR,YDEX",,,252,21,0.8,60,2.0,0.75,10.0,252.0,1.4957289846111754,0.08890391797013919,0.19594860808288717,0.4537103827373575,-0.3192000036442568,0.037324464153732445,100,17.74,0.5005636978579482
russia,CHMF,coverage,30,25,"AFKS,AFLT,ALRS,GAZP,GMKN,HYDR,IRAO,LKOH,MAGN,MGNT,MOEX,MTSS,NLMK,NVTK,PHOR,PLZL,RASP,ROSN,RTKM,SBER,SNGS,TATN,TRNFP,VTBR,YDEX",,,252,21,0.8,60,2.0,1.0,10.0,252.0,1.0398919516242433,0.0686428792561058,0.18556509569837862,0.3699126659448896,-0.3049717618136034,0.03917220990391722,105,14.865384615384615,0.500646830530401
russia,CHMF,coverage,30,25,"AFKS,AFLT,ALRS,GAZP,GMKN,HYDR,IRAO,LKOH,MAGN,MGNT,MOEX,MTSS,NLMK,NVTK,PHOR,PLZL,RASP,ROSN,RTKM,SBER,SNGS,TATN,TRNFP,VTBR,YDEX",,,252,21,0.8,60,2.5,0.0,10.0,252.0,10.933581407623203,0.2597250715863959,0.3137836350502536,0.8277202587215869,-0.37146580839956245,0.01736881005173688,24,2646.0,0.5026455026455027
russia,CHMF,coverage,30,25,"AFKS,AFLT,ALRS,GAZP,GMKN,HYDR,IRAO,LKOH,MAGN,MGNT,MOEX,MTSS,NLMK,NVTK,PHOR,PLZL,RASP,ROSN,RTKM,SBER,SNGS,TATN,TRNFP,VTBR,YDEX",,,252,21,0.8,60,2.5,0.25,10.0,252.0,6.538431497566996,0.20697425939559877,0.1895832359253738,1.0917329181841302,-0.3874034004620539,0.02771618625277162,70,29.03030303030303,0.535490605427975
russia,CHMF,coverage,30,25,"AFKS,AFLT,ALRS,GAZP,GMKN,HYDR,IRAO,LKOH,MAGN,MGNT,MOEX,MTSS,NLMK,NVTK,PHOR,PLZL,RASP,ROSN,RTKM,SBER,SNGS,TATN,TRNFP,VTBR,YDEX",,,252,21,0.8,60,2.5,0.5,10.0,252.0,2.43036142762577,0.12164201318532508,0.1703395364672473,0.7141149712398934,-0.3820618053890784,0.028455284552845527,76,20.973684210526315,0.5144291091593476
russia,CHMF,coverage,30,25,"AFKS,AFLT,ALRS,GAZP,GMKN,HYDR,IRAO,LKOH,MAGN,MGNT,MOEX,MTSS,NLMK,NVTK,PHOR,PLZL,RASP,ROSN,RTKM,SBER,SNGS,TATN,TRNFP,VTBR,YDEX",,,252,21,0.8,60,2.5,0.75,10.0,252.0,1.7383911680924702,0.0983540945348933,0.16313678287855396,0.6028934296694591,-0.34324002417298505,0.028455284552845527,77,18.025641025641026,0.5120910384068279
russia,CHMF,coverage,30,25,"AFKS,AFLT,ALRS,GAZP,GMKN,HYDR,IRAO,LKOH,MAGN,MGNT,MOEX,MTSS,NLMK,NVTK,PHOR,PLZL,RASP,ROSN,RTKM,SBER,SNGS,TATN,TRNFP,VTBR,YDEX",,,252,21,0.8,60,2.5,1.0,10.0,252.0,1.310035290948509,0.08109158625894697,0.15359415616273744,0.5279601013793005,-0.32951420188922875,0.029563932002956393,80,15.45,0.5097087378640777
russia,CHMF,coverage,30,25,"AFKS,AFLT,ALRS,GAZP,GMKN,HYDR,IRAO,LKOH,MAGN,MGNT,MOEX,MTSS,NLMK,NVTK,PHOR,PLZL,RASP,ROSN,RTKM,SBER,SNGS,TATN,TRNFP,VTBR,YDEX",,,252,21,0.8,60,3.0,0.0,10.0,252.0,1.8833188911249592,0.10364180522632305,0.2861734312835438,0.36216431679722777,-0.37146580839956245,0.008499630450849963,12,2222.0,0.49504950495049505
russia,CHMF,coverage,30,25,"AFKS,AFLT,ALRS,GAZP,GMKN,HYDR,IRAO,LKOH,MAGN,MGNT,MOEX,MTSS,NLMK,NVTK,PHOR,PLZL,RASP,ROSN,RTKM,SBER,SNGS,TATN,TRNFP,VTBR,YDEX",,,252,21,0.8,60,3.0,0.25,10.0,252.0,1.1501183218125508,0.07389301605410648,0.14137764917285045,0.5226640596050919,-0.343962441039409,0.014412416851441241,38,31.57894736842105,0.5266666666666666
russia,CHMF,coverage,30,25,"AFKS,AFLT,ALRS,GAZP,GMKN,HYDR,IRAO,LKOH,MAGN,MGNT,MOEX,MTSS,NLMK,NVTK,PHOR,PLZL,RASP,ROSN,RTKM,SBER,SNGS,TATN,TRNFP,VTBR,YDEX",,,252,21,0.8,60,3.0,0.5,10.0,252.0,0.7719689912632615,0.054721551678653446,0.12650380931376803,0.43256841019646536,-0.33824205833523824,0.015151515151515152,41,24.476190476190474,0.5175097276264592
russia,CHMF,coverage,30,25,"AFKS,AFLT,ALRS,GAZP,GMKN,HYDR,IRAO,LKOH,MAGN,MGNT,MOEX,MTSS,NLMK,NVTK,PHOR,PLZL,RASP,ROSN,RTKM,SBER,SNGS,TATN,TRNFP,VTBR,YDEX",,,252,21,0.8,60,3.0,0.75,10.0,252.0,0.6778824463341486,0.04937624566048138,0.12131044770792664,0.40702385155944854,-0.29666731469036967,0.015151515151515152,41,22.047619047619047,0.5161987041036717
russia,CHMF,coverage,30,25,"AFKS,AFLT,ALRS,GAZP,GMKN,HYDR,IRAO,LKOH,MAGN,MGNT,MOEX,MTSS,NLMK,NVTK,PHOR,PLZL,RASP,ROSN,RTKM,SBER,SNGS,TATN,TRNFP,VTBR,YDEX",,,252,21,0.8,60,3.0,1.0,10.0,252.0,0.5091454582939161,0.03906946265582034,0.11602781941799988,0.33672495830564003,-0.28196815548420684,0.016260162601626018,44,18.772727272727273,0.513317191283293
russia,CHMF,coverage,30,25,"AFKS,AFLT,ALRS,GAZP,GMKN,HYDR,IRAO,LKOH,MAGN,MGNT,MOEX,MTSS,NLMK,NVTK,PHOR,PLZL,RASP,ROSN,RTKM,SBER,SNGS,TATN,TRNFP,VTBR,YDEX",,,252,63,0.8,60,1.0,0.0,10.0,252.0,0.1200036312271,0.010610084753237548,0.3168998198285441,0.033480879727158075,-0.6585426974443164,0.029194382852919438,40,2646.0,0.4860166288737717
russia,CHMF,coverage,30,25,"AFKS,AFLT,ALRS,GAZP,GMKN,HYDR,IRAO,LKOH,MAGN,MGNT,MOEX,MTSS,NLMK,NVTK,PHOR,PLZL,RASP,ROSN,RTKM,SBER,SNGS,TATN,TRNFP,VTBR,YDEX",,,252,63,0.8,60,1.0,0.25,10.0,252.0,0.11709805618459446,0.010365640147087962,0.27658927518274257,0.03747665248495041,-0.6817683195458886,0.052845528455284556,129,35.60344827586207,0.49055690072639224
russia,CHMF,coverage,30,25,"AFKS,AFLT,ALRS,GAZP,GMKN,HYDR,IRAO,LKOH,MAGN,MGNT,MOEX,MTSS,NLMK,NVTK,PHOR,PLZL,RASP,ROSN,RTKM,SBER,SNGS,TATN,TRNFP,VTBR,YDEX",,,252,63,0.8,60,1.0,0.5,10.0,252.0,0.24446400804003088,0.02057602563075167,0.2696894098368347,0.07629526737145671,-0.6526360778028437,0.0639320029563932,164,24.012820512820515,0.4954618259476775
russia,CHMF,coverage,30,25,"AFKS,AFLT,ALRS,GAZP,GMKN,HYDR,IRAO,LKOH,MAGN,MGNT,MOEX,MTSS,NLMK,NVTK,PHOR,PLZL,RASP,ROSN,RTKM,SBER,SNGS,TATN,TRNFP,VTBR,YDEX",,,252,63,0.8,60,1.0,0.75,10.0,252.0,0.17844830964467673,0.015408729329224213,0.252032148771405,0.06113795166346037,-0.6936372786957423,0.0868440502586844,228,14.882882882882884,0.5012106537530266
russia,CHMF,coverage,30,25,"AFKS,AFLT,ALRS,GAZP,GMKN,HYDR,IRAO,LKOH,MAGN,MGNT,MOEX,MTSS,NLMK,NVTK,PHOR,PLZL,RASP,ROSN,RTKM,SBER,SNGS,TATN,TRNFP,VTBR,YDEX",,,252,63,0.8,60,1.5,0.0,10.0,252.0,1.1048973744125412,0.07176933726214951,0.316764629755049,0.22656992138815513,-0.6008190834282463,0.02771618625277162,38,2646.0,0.4909297052154195
russia,CHMF,coverage,30,25,"AFKS,AFLT,ALRS,GAZP,GMKN,HYDR,IRAO,LKOH,MAGN,MGNT,MOEX,MTSS,NLMK,NVTK,PHOR,PLZL,RASP,ROSN,RTKM,SBER,SNGS,TATN,TRNFP,VTBR,YDEX",,,252,63,0.8,60,1.5,0.25,10.0,252.0,0.9397057506885178,0.06364278891246844,0.2622936975081804,0.24263941344028503,-0.5796528554248412,0.044715447154471545,111,37.01960784313726,0.4936440677966102
russia,CHMF,coverage,30,25,"AFKS,AFLT,ALRS,GAZP,GMKN,HYDR,IRAO,LKOH,MAGN,MGNT,MOEX,MTSS,NLMK,NVTK,PHOR,PLZL,RASP,ROSN,RTKM,SBER,SNGS,TATN,TRNFP,VTBR,YDEX",,,252,63,0.8,60,1.5,0.5,10.0,252.0,0.8859672665428557,0.06086348110026685,0.2533927775105657,0.24019422218034223,-0.5499833733260082,0.04841093865484109,124,27.983050847457626,0.49727437916414297
russia,CHMF,coverage,30,25,"AFKS,AFLT,ALRS,GAZP,GMKN,HYDR,IRAO,LKOH,MAGN,MGNT,MOEX,MTSS,NLMK,NVTK,PHOR,PLZL,RASP,ROSN,RTKM,SBER,SNGS,TATN,TRNFP,VTBR,YDEX",,,252,63,0.8,60,1.5,0.75,10.0,252.0,0.5035654755769434,0.038711078908862495,0.23495796795282003,0.16475746383981218,-0.6016431937083979,0.05506282335550628,144,20.414285714285715,0.4996501049685094
russia,CHMF,coverage,30,25,"AFKS,AFLT,ALRS,GAZP,GMKN,HYDR,IRAO,LKOH,MAGN,MGNT,MOEX,MTSS,NLMK,NVTK,PHOR,PLZL,RASP,ROSN,RTKM,SBER,SNGS,TATN,TRNFP,VTBR,YDEX",,,252,63,0.8,60,1.5,1.0,10.0,252.0,0.7572383510681371,0.05390192000500926,0.209349559112325,0.25747329124342017,-0.5090184415802934,0.06984478935698447,185,12.846153846153847,0.5072711719418306
russia,CHMF,coverage,30,25,"AFKS,AFLT,ALRS,GAZP,GMKN,HYDR,IRAO,LKOH,MAGN,MGNT,MOEX,MTSS,NLMK,NVTK,PHOR,PLZL,RASP,ROSN,RTKM,SBER,SNGS,TATN,TRNFP,VTBR,YDEX",,,252,63,0.8,60,2.0,0.0,10.0,252.0,0.497080299347086,0.03829303891905722,0.3168234942900066,0.12086552799649833,-0.44891069327300537,0.02032520325203252,28,2646.0,0.4890400604686319
russia,CHMF,coverage,30,25,"AFKS,AFLT,ALRS,GAZP,GMKN,HYDR,IRAO,LKOH,MAGN,MGNT,MOEX,MTSS,NLMK,NVTK,PHOR,PLZL,RASP,ROSN,RTKM,SBER,SNGS,TATN,TRNFP,VTBR,YDEX",,,252,63,0.8,60,2.0,0.25,10.0,252.0,0.34897962920166115,0.028269448073078518,0.2370448779725572,0.11925778913624654,-0.5469678961610912,0.03288987435328899,84,41.325,0.4960677555958863
russia,CHMF,coverage,30,25,"AFKS,AFLT,ALRS,GAZP,GMKN,HYDR,IRAO,LKOH,MAGN,MGNT,MOEX,MTSS,NLMK,NVTK,PHOR,PLZL,RASP,ROSN,RTKM,SBER,SNGS,TATN,TRNFP,VTBR,YDEX",,,252,63,0.8,60,2.0,0.5,10.0,252.0,0.5215048664046686,0.03985900699555334,0.22761386423303875,0.17511678003385742,-0.5084070505618421,0.03436807095343681,89,32.81395348837209,0.5010630758327428
russia,CHMF,coverage,30,25,"AFKS,AFLT,ALRS,GAZP,GMKN,HYDR,IRAO,LKOH,MAGN,MGNT,MOEX,MTSS,NLMK,NVTK,PHOR,PLZL,RASP,ROSN,RTKM,SBER,SNGS,TATN,TRNFP,VTBR,YDEX",,,252,63,0.8,60,2.0,0.75,10.0,252.0,0.1026682978460729,0.009143062825318404,0.19795034598451777,0.0461886680715047,-0.5818655056596872,0.036585365853658534,96,24.78723404255319,0.49871244635193135
russia,CHMF,coverage,30,25,"AFKS,AFLT,ALRS,GAZP,GMKN,HYDR,IRAO,LKOH,MAGN,MGNT,MOEX,MTSS,NLMK,NVTK,PHOR,PLZL,RASP,ROSN,RTKM,SBER,SNGS,TATN,TRNFP,VTBR,YDEX",,,252,63,0.8,60,2.0,1.0,10.0,252.0,0.003520617828627781,0.0003273401902010864,0.17731090322251297,0.0018461368379038541,-0.5647949993952568,0.041019955654102,109,17.62962962962963,0.5021008403361344
russia,CHMF,coverage,30,25,"AFKS,AFLT,ALRS,GAZP,GMKN,HYDR,IRAO,LKOH,MAGN,MGNT,MOEX,MTSS,NLMK,NVTK,PHOR,PLZL,RASP,ROSN,RTKM,SBER,SNGS,TATN,TRNFP,VTBR,YDEX",,,252,63,0.8,60,2.5,0.0,10.0,252.0,1.6442853192399118,0.09478300500161452,0.31672134946897507,0.2992630751306493,-0.4489106932730057,0.01736881005173688,24,2646.0,0.4916855631141345
russia,CHMF,coverage,30,25,"AFKS,AFLT,ALRS,GAZP,GMKN,HYDR,IRAO,LKOH,MAGN,MGNT,MOEX,MTSS,NLMK,NVTK,PHOR,PLZL,RASP,ROSN,RTKM,SBER,SNGS,TATN,TRNFP,VTBR,YDEX",,,252,63,0.8,60,2.5,0.25,10.0,252.0,0.30331383290464076,0.024976947755373624,0.22735099101620426,0.10986073842798166,-0.4950173523058119,0.0262379896526238,68,44.0,0.49449035812672176
russia,CHMF,coverage,30,25,"AFKS,AFLT,ALRS,GAZP,GMKN,HYDR,IRAO,LKOH,MAGN,MGNT,MOEX,MTSS,NLMK,NVTK,PHOR,PLZL,RASP,ROSN,RTKM,SBER,SNGS,TATN,TRNFP,VTBR,YDEX",,,252,63,0.8,60,2.5,0.5,10.0,252.0,0.6215172499839574,0.04604227703167996,0.21504943563219184,0.2141008968301968,-0.45703495633334656,0.02697708795269771,71,33.628571428571426,0.5004248088360238
russia,CHMF,coverage,30,25,"AFKS,AFLT,ALRS,GAZP,GMKN,HYDR,IRAO,LKOH,MAGN,MGNT,MOEX,MTSS,NLMK,NVTK,PHOR,PLZL,RASP,ROSN,RTKM,SBER,SNGS,TATN,TRNFP,VTBR,YDEX",,,252,63,0.8,60,2.5,0.75,10.0,252.0,0.31148177317241377,0.025573460058236464,0.18319824158224876,0.13959446246515958,-0.5075606441545606,0.028455284552845527,76,24.55263157894737,0.5005359056806002
russia,CHMF,coverage,30,25,"AFKS,AFLT,ALRS,GAZP,GMKN,HYDR,IRAO,LKOH,MAGN,MGNT,MOEX,MTSS,NLMK,NVTK,PHOR,PLZL,RASP,ROSN,RTKM,SBER,SNGS,TATN,TRNFP,VTBR,YDEX",,,252,63,0.8,60,2.5,1.0,10.0,252.0,0.06155809242675381,0.005578661751373115,0.16259172961123725,0.03431085802895325,-0.5006960907420978,0.029194382852919438,79,17.975,0.5048678720445062
russia,CHMF,coverage,30,25,"AFKS,AFLT,ALRS,GAZP,GMKN,HYDR,IRAO,LKOH,MAGN,MGNT,MOEX,MTSS,NLMK,NVTK,PHOR,PLZL,RASP,ROSN,RTKM,SBER,SNGS,TATN,TRNFP,VTBR,YDEX",,,252,63,0.8,60,3.0,0.0,10.0,252.0,0.9209482499513444,0.06268069035784718,0.3118290609715789,0.20100977812186688,-0.4489106932730057,0.009977827050997782,14,2549.0,0.4950961161239702
russia,CHMF,coverage,30,25,"AFKS,AFLT,ALRS,GAZP,GMKN,HYDR,IRAO,LKOH,MAGN,MGNT,MOEX,MTSS,NLMK,NVTK,PHOR,PLZL,RASP,ROSN,RTKM,SBER,SNGS,TATN,TRNFP,VTBR,YDEX",,,252,63,0.8,60,3.0,0.25,10.0,252.0,0.31071835822367855,0.02551785009854113,0.19359119348209525,0.1318130728963206,-0.41679179446326475,0.015151515151515152,39,51.26315789473684,0.4928131416837782
russia,CHMF,coverage,30,25,"AFKS,AFLT,ALRS,GAZP,GMKN,HYDR,IRAO,LKOH,MAGN,MGNT,MOEX,MTSS,NLMK,NVTK,PHOR,PLZL,RASP,ROSN,RTKM,SBER,SNGS,TATN,TRNFP,VTBR,YDEX",,,252,63,0.8,60,3.0,0.5,10.0,252.0,0.4932882234867342,0.03804783695909997,0.18482144928828392,0.20586266965017178,-0.3863925022109691,0.015151515151515152,39,43.1578947368421,0.5036585365853659
russia,CHMF,coverage,30,25,"AFKS,AFLT,ALRS,GAZP,GMKN,HYDR,IRAO,LKOH,MAGN,MGNT,MOEX,MTSS,NLMK,NVTK,PHOR,PLZL,RASP,ROSN,RTKM,SBER,SNGS,TATN,TRNFP,VTBR,YDEX",,,252,63,0.8,60,3.0,0.75,10.0,252.0,0.16021520580723925,0.013935297612479136,0.1485103953764437,0.0938338193576011,-0.43194090034480326,0.015151515151515152,40,32.55,0.49923195084485406
russia,CHMF,coverage,30,25,"AFKS,AFLT,ALRS,GAZP,GMKN,HYDR,IRAO,LKOH,MAGN,MGNT,MOEX,MTSS,NLMK,NVTK,PHOR,PLZL,RASP,ROSN,RTKM,SBER,SNGS,TATN,TRNFP,VTBR,YDEX",,,252,63,0.8,60,3.0,1.0,10.0,252.0,-0.052970897579079246,-0.005055623030174927,0.1279127571920102,-0.039523993862362904,-0.4152619801425489,0.015151515151515152,41,24.0,0.501984126984127
russia,GAZP,coverage,30,25,"AFKS,AFLT,ALRS,CHMF,GMKN,HYDR,IRAO,LKOH,MAGN,MGNT,MOEX,MTSS,NLMK,NVTK,PHOR,PLZL,RASP,ROSN,RTKM,SBER,SNGS,TATN,TRNFP,VTBR,YDEX",,,252,5,0.8,60,1.0,0.0,10.0,252.0,31.989485800947264,0.3848439145792957,0.3826937835076221,1.0056184112842552,-0.2944497181836141,0.04693274205469328,64,2646.0,0.5079365079365079
russia,GAZP,coverage,30,25,"AFKS,AFLT,ALRS,CHMF,GMKN,HYDR,IRAO,LKOH,MAGN,MGNT,MOEX,MTSS,NLMK,NVTK,PHOR,PLZL,RASP,ROSN,RTKM,SBER,SNGS,TATN,TRNFP,VTBR,YDEX",,,252,5,0.8,60,1.0,0.25,10.0,252.0,7.987901573309907,0.22690447781689072,0.3417022674241202,0.6640414754264926,-0.2944075590680124,0.06873614190687362,168,27.173333333333332,0.5034347399411188
russia,GAZP,coverage,30,25,"AFKS,AFLT,ALRS,CHMF,GMKN,HYDR,IRAO,LKOH,MAGN,MGNT,MOEX,MTSS,NLMK,NVTK,PHOR,PLZL,RASP,ROSN,RTKM,SBER,SNGS,TATN,TRNFP,VTBR,YDEX",,,252,5,0.8,60,1.0,0.5,10.0,252.0,9.420893744249273,0.24392389589266728,0.33308866120498215,0.7323092146404736,-0.2696739615545901,0.0827790096082779,210,17.887755102040817,0.5077010838562465
russia,GAZP,coverage,30,25,"AFKS,AFLT,ALRS,CHMF,GMKN,HYDR,IRAO,LKOH,MAGN,MGNT,MOEX,MTSS,NLMK,NVTK,PHOR,PLZL,RASP,ROSN,RTKM,SBER,SNGS,TATN,TRNFP,VTBR,YDEX",,,252,5,0.8,60,1.0,0.75,10.0,252.0,5.383773718276472,0.18843095800402376,0.3221439210996496,0.5849278712471372,-0.25083852452984945,0.09977827050997783,261,12.253968253968255,0.5051813471502591
russia,GAZP,coverage,30,25,"AFKS,AFLT,ALRS,CHMF,GMKN,HYDR,IRAO,LKOH,MAGN,MGNT,MOEX,MTSS,NLMK,NVTK,PHOR,PLZL,RASP,ROSN,RTKM,SBER,SNGS,TATN,TRNFP,VTBR,YDEX",,,252,5,0.8,60,1.5,0.0,10.0,252.0,56.65649034995554,0.4587518810291751,0.38214821913803393,1.2004553679824201,-0.2944497181836142,0.038802660753880266,53,2635.0,0.5172675521821631
russia,GAZP,coverage,30,25,"AFKS,AFLT,ALRS,CHMF,GMKN,HYDR,IRAO,LKOH,MAGN,MGNT,MOEX,MTSS,NLMK,NVTK,PHOR,PLZL,RASP,ROSN,RTKM,SBER,SNGS,TATN,TRNFP,VTBR,YDEX",,,252,5,0.8,60,1.5,0.25,10.0,252.0,4.724795982462494,0.17643368552408178,0.32672406494588524,0.5400082346346425,-0.3264644498966979,0.04878048780487805,123,30.12280701754386,0.5096097845078625
russia,GAZP,coverage,30,25,"AFKS,AFLT,ALRS,CHMF,GMKN,HYDR,IRAO,LKOH,MAGN,MGNT,MOEX,MTSS,NLMK,NVTK,PHOR,PLZL,RASP,ROSN,RTKM,SBER,SNGS,TATN,TRNFP,VTBR,YDEX",,,252,5,0.8,60,1.5,0.5,10.0,252.0,7.158706772036211,0.21589479458862448,0.31588425505662654,0.6834617146395043,-0.2868525073135306,0.05543237250554324,143,20.808823529411764,0.5151943462897527
russia,GAZP,coverage,30,25,"AFKS,AFLT,ALRS,CHMF,GMKN,HYDR,IRAO,LKOH,MAGN,MGNT,MOEX,MTSS,NLMK,NVTK,PHOR,PLZL,RASP,ROSN,RTKM,SBER,SNGS,TATN,TRNFP,VTBR,YDEX",,,252,5,0.8,60,1.5,0.75,10.0,252.0,4.10614458512785,0.16397097814326922,0.3025896309866708,0.5418922572085499,-0.3258237076291185,0.06060606060606061,161,15.025316455696203,0.5054759898904801
russia,GAZP,coverage,30,25,"AFKS,AFLT,ALRS,CHMF,GMKN,HYDR,IRAO,LKOH,MAGN,MGNT,MOEX,MTSS,NLMK,NVTK,PHOR,PLZL,RASP,ROSN,RTKM,SBER,SNGS,TATN,TRNFP,VTBR,YDEX",,,252,5,0.8,60,1.5,1.0,10.0,252.0,1.9947705020494881,0.1075466184375673,0.2971261815639772,0.3619560480045087,-0.34818947384361254,0.06430155210643015,172,11.847058823529412,0.4945382323733863
russia,GAZP,coverage,30,25,"AFKS,AFLT,ALRS,CHMF,GMKN,HYDR,IRAO,LKOH,MAGN,MGNT,MOEX,MTSS,NLMK,NVTK,PHOR,PLZL,RASP,ROSN,RTKM,SBER,SNGS,TATN,TRNFP,VTBR,YDEX",,,252,5,0.8,60,2.0,0.0,10.0,252.0,89.59762226150163,0.5214553587000923,0.38196842298785216,1.3651792329353787,-0.25305339485574074,0.028455284552845527,39,2634.0,0.5201214882308276
russia,GAZP,coverage,30,25,"AFKS,AFLT,ALRS,CHMF,GMKN,HYDR,IRAO,LKOH,MAGN,MGNT,MOEX,MTSS,NLMK,NVTK,PHOR,PLZL,RASP,ROSN,RTKM,SBER,SNGS,TATN,TRNFP,VTBR,YDEX",,,252,5,0.8,60,2.0,0.25,10.0,252.0,7.594029347688782,0.22179508754553767,0.3135681470987495,0.7073265878491464,-0.25304547202127825,0.038433111603843315,99,30.19148936170213,0.5165609584214236
russia,GAZP,coverage,30,25,"AFKS,AFLT,ALRS,CHMF,GMKN,HYDR,IRAO,LKOH,MAGN,MGNT,MOEX,MTSS,NLMK,NVTK,PHOR,PLZL,RASP,ROSN,RTKM,SBER,SNGS,TATN,TRNFP,VTBR,YDEX",,,252,5,0.8,60,2.0,0.5,10.0,252.0,8.473068758207551,0.23292610672621672,0.30109174318922466,0.7736050954404006,-0.1850823867175575,0.03991130820399113,103,22.653061224489797,0.5198198198198198
russia,GAZP,coverage,30,25,"AFKS,AFLT,ALRS,CHMF,GMKN,HYDR,IRAO,LKOH,MAGN,MGNT,MOEX,MTSS,NLMK,NVTK,PHOR,PLZL,RASP,ROSN,RTKM,SBER,SNGS,TATN,TRNFP,VTBR,YDEX",,,252,5,0.8,60,2.0,0.75,10.0,252.0,4.661187416999971,0.17521021406899062,0.28880235310899116,0.6066786235736383,-0.176231339841736,0.04138950480413895,110,16.74074074074074,0.5121681415929203
russia,GAZP,coverage,30,25,"AFKS,AFLT,ALRS,CHMF,GMKN,HYDR,IRAO,LKOH,MAGN,MGNT,MOEX,MTSS,NLMK,NVTK,PHOR,PLZL,RASP,ROSN,RTKM,SBER,SNGS,TATN,TRNFP,VTBR,YDEX",,,252,5,0.8,60,2.0,1.0,10.0,252.0,2.8774520714292833,0.13451228421242978,0.28352639998397766,0.4744259589936993,-0.19465451675877465,0.04212860310421286,112,13.49090909090909,0.5094339622641509
russia,GAZP,coverage,30,25,"AFKS,AFLT,ALRS,CHMF,GMKN,HYDR,IRAO,LKOH,MAGN,MGNT,MOEX,MTSS,NLMK,NVTK,PHOR,PLZL,RASP,ROSN,RTKM,SBER,SNGS,TATN,TRNFP,VTBR,YDEX",,,252,5,0.8,60,2.5,0.0,10.0,252.0,23.213109682367755,0.3455245535085032,0.3824774848760748,0.9033853420691035,-0.3833986869289876,0.01662971175166297,23,2634.0,0.5136674259681093
russia,GAZP,coverage,30,25,"AFKS,AFLT,ALRS,CHMF,GMKN,HYDR,IRAO,LKOH,MAGN,MGNT,MOEX,MTSS,NLMK,NVTK,PHOR,PLZL,RASP,ROSN,RTKM,SBER,SNGS,TATN,TRNFP,VTBR,YDEX",,,252,5,0.8,60,2.5,0.25,10.0,252.0,4.8265714284629855,0.17836586493569073,0.29686498718356513,0.6008315989968834,-0.25304547202127836,0.028085735402808575,73,33.142857142857146,0.5060344827586207
russia,GAZP,coverage,30,25,"AFKS,AFLT,ALRS,CHMF,GMKN,HYDR,IRAO,LKOH,MAGN,MGNT,MOEX,MTSS,NLMK,NVTK,PHOR,PLZL,RASP,ROSN,RTKM,SBER,SNGS,TATN,TRNFP,VTBR,YDEX",,,252,5,0.8,60,2.5,0.5,10.0,252.0,2.6223116967843345,0.1273436657055489,0.19344013890528236,0.658310454211897,-0.15975808243555656,0.028085735402808575,74,24.805555555555557,0.509518477043673
russia,GAZP,coverage,30,25,"AFKS,AFLT,ALRS,CHMF,GMKN,HYDR,IRAO,LKOH,MAGN,MGNT,MOEX,MTSS,NLMK,NVTK,PHOR,PLZL,RASP,ROSN,RTKM,SBER,SNGS,TATN,TRNFP,VTBR,YDEX",,,252,5,0.8,60,2.5,0.75,10.0,252.0,1.9650860094910216,0.10651964136532133,0.1867860552177513,0.5702761977661713,-0.16232005639314917,0.029563932002956393,79,19.17948717948718,0.5053475935828877
russia,GAZP,coverage,30,25,"AFKS,AFLT,ALRS,CHMF,GMKN,HYDR,IRAO,LKOH,MAGN,MGNT,MOEX,MTSS,NLMK,NVTK,PHOR,PLZL,RASP,ROSN,RTKM,SBER,SNGS,TATN,TRNFP,VTBR,YDEX",,,252,5,0.8,60,2.5,1.0,10.0,252.0,1.1669418425470859,0.07467276064063388,0.17892791823700033,0.41733431750838074,-0.18296156526703633,0.029563932002956393,79,15.0,0.505982905982906
russia,GAZP,coverage,30,25,"AFKS,AFLT,ALRS,CHMF,GMKN,HYDR,IRAO,LKOH,MAGN,MGNT,MOEX,MTSS,NLMK,NVTK,PHOR,PLZL,RASP,ROSN,RTKM,SBER,SNGS,TATN,TRNFP,VTBR,YDEX",,,252,5,0.8,60,3.0,0.0,10.0,252.0,10.353451314047938,0.2538923364849033,0.3825793322476424,0.6636331737872332,-0.38339868692898815,0.012195121951219513,17,2631.0,0.515773470163436
russia,GAZP,coverage,30,25,"AFKS,AFLT,ALRS,CHMF,GMKN,HYDR,IRAO,LKOH,MAGN,MGNT,MOEX,MTSS,NLMK,NVTK,PHOR,PLZL,RASP,ROSN,RTKM,SBER,SNGS,TATN,TRNFP,VTBR,YDEX",,,252,5,0.8,60,3.0,0.25,10.0,252.0,4.974857790338241,0.18112695562840897,0.287671725791375,0.6296307192864886,-0.2263046032339251,0.023651145602365115,63,30.612903225806452,0.5184404636459431
russia,GAZP,coverage,30,25,"AFKS,AFLT,ALRS,CHMF,GMKN,HYDR,IRAO,LKOH,MAGN,MGNT,MOEX,MTSS,NLMK,NVTK,PHOR,PLZL,RASP,ROSN,RTKM,SBER,SNGS,TATN,TRNFP,VTBR,YDEX",,,252,5,0.8,60,3.0,0.5,10.0,252.0,2.9030454827174736,0.1352075764239531,0.1794899362865104,0.7532877843810046,-0.1597580824355569,0.023651145602365115,64,21.59375,0.5296671490593343
russia,GAZP,coverage,30,25,"AFKS,AFLT,ALRS,CHMF,GMKN,HYDR,IRAO,LKOH,MAGN,MGNT,MOEX,MTSS,NLMK,NVTK,PHOR,PLZL,RASP,ROSN,RTKM,SBER,SNGS,TATN,TRNFP,VTBR,YDEX",,,252,5,0.8,60,3.0,0.75,10.0,252.0,2.1368622577358383,0.11233813513442548,0.17298218023986348,0.6494202754217415,-0.15975808243555678,0.024390243902439025,66,17.242424242424242,0.5289982425307557
russia,GAZP,coverage,30,25,"AFKS,AFLT,ALRS,CHMF,GMKN,HYDR,IRAO,LKOH,MAGN,MGNT,MOEX,MTSS,NLMK,NVTK,PHOR,PLZL,RASP,ROSN,RTKM,SBER,SNGS,TATN,TRNFP,VTBR,YDEX",,,252,5,0.8,60,3.0,1.0,10.0,252.0,1.4825257271053736,0.08836615605550802,0.1676339836642582,0.5271374820542958,-0.17290431670762085,0.024390243902439025,66,14.030303030303031,0.5269978401727862
russia,GAZP,coverage,30,25,"AFKS,AFLT,ALRS,CHMF,GMKN,HYDR,IRAO,LKOH,MAGN,MGNT,MOEX,MTSS,NLMK,NVTK,PHOR,PLZL,RASP,ROSN,RTKM,SBER,SNGS,TATN,TRNFP,VTBR,YDEX",,,252,10,0.8,60,1.0,0.0,10.0,252.0,12.582371444846697,0.2749992318943917,0.34058918467764476,0.8074220916752493,-0.29652879860983394,0.043976348854397634,60,2646.0,0.5064247921390779
russia,GAZP,coverage,30,25,"AFKS,AFLT,ALRS,CHMF,GMKN,HYDR,IRAO,LKOH,MAGN,MGNT,MOEX,MTSS,NLMK,NVTK,PHOR,PLZL,RASP,ROSN,RTKM,SBER,SNGS,TATN,TRNFP,VTBR,YDEX",,,252,10,0.8,60,1.0,0.25,10.0,252.0,2.329173330675021,0.11851883518958628,0.289730897737575,0.40906522609450935,-0.3897699497405287,0.06282335550628233,154,30.246376811594203,0.5069477719214183
russia,GAZP,coverage,30,25,"AFKS,AFLT,ALRS,CHMF,GMKN,HYDR,IRAO,LKOH,MAGN,MGNT,MOEX,MTSS,NLMK,NVTK,PHOR,PLZL,RASP,ROSN,RTKM,SBER,SNGS,TATN,TRNFP,VTBR,YDEX",,,252,10,0.8,60,1.0,0.5,10.0,252.0,4.942868465683127,0.18053661390520115,0.2781677289655312,0.6490206990458339,-0.2661822002446752,0.07982261640798226,207,18.424242424242426,0.5115131578947368
russia,GAZP,coverage,30,25,"AFKS,AFLT,ALRS,CHMF,GMKN,HYDR,IRAO,LKOH,MAGN,MGNT,MOEX,MTSS,NLMK,NVTK,PHOR,PLZL,RASP,ROSN,RTKM,SBER,SNGS,TATN,TRNFP,VTBR,YDEX",,,252,10,0.8,60,1.0,0.75,10.0,252.0,2.79197720284864,0.1321596487642116,0.26904119011664196,0.4912245916951014,-0.2507796327637657,0.0975609756097561,259,12.771653543307087,0.5104808877928483
russia,GAZP,coverage,30,25,"AFKS,AFLT,ALRS,CHMF,GMKN,HYDR,IRAO,LKOH,MAGN,MGNT,MOEX,MTSS,NLMK,NVTK,PHOR,PLZL,RASP,ROSN,RTKM,SBER,SNGS,TATN,TRNFP,VTBR,YDEX",,,252,10,0.8,60,1.5,0.0,10.0,252.0,24.922690649876813,0.35410055558764375,0.34009946254619194,1.0411676423615348,-0.29652879860983383,0.038063562453806356,52,2639.0,0.5107995452823039
russia,GAZP,coverage,30,25,"AFKS,AFLT,ALRS,CHMF,GMKN,HYDR,IRAO,LKOH,MAGN,MGNT,MOEX,MTSS,NLMK,NVTK,PHOR,PLZL,RASP,ROSN,RTKM,SBER,SNGS,TATN,TRNFP,VTBR,YDEX",,,252,10,0.8,60,1.5,0.25,10.0,252.0,2.188022769219921,0.11401523327610374,0.2792911658008087,0.40823071846611775,-0.44384432639676064,0.04582409460458241,115,34.113207547169814,0.5077433628318584
russia,GAZP,coverage,30,25,"AFKS,AFLT,ALRS,CHMF,GMKN,HYDR,IRAO,LKOH,MAGN,MGNT,MOEX,MTSS,NLMK,NVTK,PHOR,PLZL,RASP,ROSN,RTKM,SBER,SNGS,TATN,TRNFP,VTBR,YDEX",,,252,10,0.8,60,1.5,0.5,10.0,252.0,3.8078163379165755,0.15746359511006447,0.26193430128038875,0.6011568333752014,-0.3182827962562481,0.0524759793052476,138,22.28358208955224,0.5130609511051574
russia,GAZP,coverage,30,25,"AFKS,AFLT,ALRS,CHMF,GMKN,HYDR,IRAO,LKOH,MAGN,MGNT,MOEX,MTSS,NLMK,NVTK,PHOR,PLZL,RASP,ROSN,RTKM,SBER,SNGS,TATN,TRNFP,VTBR,YDEX",,,252,10,0.8,60,1.5,0.75,10.0,252.0,3.09080577546157,0.1401855900403104,0.25256945260701247,0.5550377870059897,-0.34269172803940107,0.06208425720620843,166,16.073170731707318,0.5121396054628224
russia,GAZP,coverage,30,25,"AFKS,AFLT,ALRS,CHMF,GMKN,HYDR,IRAO,LKOH,MAGN,MGNT,MOEX,MTSS,NLMK,NVTK,PHOR,PLZL,RASP,ROSN,RTKM,SBER,SNGS,TATN,TRNFP,VTBR,YDEX",,,252,10,0.8,60,1.5,1.0,10.0,252.0,0.6466929414239482,0.04754418593975496,0.19610056861747294,0.24244797592860565,-0.37283800187932736,0.06651884700665188,180,12.1,0.5068870523415978
russia,GAZP,coverage,30,25,"AFKS,AFLT,ALRS,CHMF,GMKN,HYDR,IRAO,LKOH,MAGN,MGNT,MOEX,MTSS,NLMK,NVTK,PHOR,PLZL,RASP,ROSN,RTKM,SBER,SNGS,TATN,TRNFP,VTBR,YDEX",,,252,10,0.8,60,2.0,0.0,10.0,252.0,48.23512277092232,0.4374589686917305,0.33961938087353427,1.2880859966428984,-0.25525445990554696,0.025498891352549888,35,2634.0,0.5167046317388003
russia,GAZP,coverage,30,25,"AFKS,AFLT,ALRS,CHMF,GMKN,HYDR,IRAO,LKOH,MAGN,MGNT,MOEX,MTSS,NLMK,NVTK,PHOR,PLZL,RASP,ROSN,RTKM,SBER,SNGS,TATN,TRNFP,VTBR,YDEX",,,252,10,0.8,60,2.0,0.25,10.0,252.0,4.888309278710623,0.1795230790255249,0.25472451354079423,0.7047734689137966,-0.25524656041769855,0.03695491500369549,95,31.844444444444445,0.5170969993021632
russia,GAZP,coverage,30,25,"AFKS,AFLT,ALRS,CHMF,GMKN,HYDR,IRAO,LKOH,MAGN,MGNT,MOEX,MTSS,NLMK,NVTK,PHOR,PLZL,RASP,ROSN,RTKM,SBER,SNGS,TATN,TRNFP,VTBR,YDEX",,,252,10,0.8,60,2.0,0.5,10.0,252.0,5.923506436602667,0.19744764062562137,0.24069263839045157,0.8203310327477562,-0.23608018857623225,0.03991130820399113,105,23.098039215686274,0.5212224108658744
russia,GAZP,coverage,30,25,"AFKS,AFLT,ALRS,CHMF,GMKN,HYDR,IRAO,LKOH,MAGN,MGNT,MOEX,MTSS,NLMK,NVTK,PHOR,PLZL,RASP,ROSN,RTKM,SBER,SNGS,TATN,TRNFP,VTBR,YDEX",,,252,10,0.8,60,2.0,0.75,10.0,252.0,3.6672436642477386,0.15426940362350106,0.23259447043609044,0.6632548200060903,-0.23608018857623225,0.04212860310421286,112,18.545454545454547,0.515686274509804
russia,GAZP,coverage,30,25,"AFKS,AFLT,ALRS,CHMF,GMKN,HYDR,IRAO,LKOH,MAGN,MGNT,MOEX,MTSS,NLMK,NVTK,PHOR,PLZL,RASP,ROSN,RTKM,SBER,SNGS,TATN,TRNFP,VTBR,YDEX",,,252,10,0.8,60,2.0,1.0,10.0,252.0,0.9592922042143,0.06463844231943838,0.17066285162453163,0.3787493394382439,-0.2520427493953049,0.04212860310421286,114,13.929824561403509,0.5125944584382871
russia,GAZP,coverage,30,25,"AFKS,AFLT,ALRS,CHMF,GMKN,HYDR,IRAO,LKOH,MAGN,MGNT,MOEX,MTSS,NLMK,NVTK,PHOR,PLZL,RASP,ROSN,RTKM,SBER,SNGS,TATN,TRNFP,VTBR,YDEX",,,252,10,0.8,60,2.5,0.0,10.0,252.0,16.638581171904885,0.3064074686906846,0.34003620789407313,0.9011024754932437,-0.38943202200502514,0.015151515151515152,21,2634.0,0.5193621867881549
russia,GAZP,coverage,30,25,"AFKS,AFLT,ALRS,CHMF,GMKN,HYDR,IRAO,LKOH,MAGN,MGNT,MOEX,MTSS,NLMK,NVTK,PHOR,PLZL,RASP,ROSN,RTKM,SBER,SNGS,TATN,TRNFP,VTBR,YDEX",,,252,10,0.8,60,2.5,0.25,10.0,252.0,2.693464549439736,0.12938774670209785,0.2318244081317611,0.5581282305207408,-0.25524656041769844,0.025868440502586843,67,33.875,0.5156826568265682
russia,GAZP,coverage,30,25,"AFKS,AFLT,ALRS,CHMF,GMKN,HYDR,IRAO,LKOH,MAGN,MGNT,MOEX,MTSS,NLMK,NVTK,PHOR,PLZL,RASP,ROSN,RTKM,SBER,SNGS,TATN,TRNFP,VTBR,YDEX",,,252,10,0.8,60,2.5,0.5,10.0,252.0,1.776554693127328,0.09977066828032943,0.17316320677490724,0.576165515403166,-0.21690073567018853,0.026607538802660754,71,25.228571428571428,0.5175537938844847
russia,GAZP,coverage,30,25,"AFKS,AFLT,ALRS,CHMF,GMKN,HYDR,IRAO,LKOH,MAGN,MGNT,MOEX,MTSS,NLMK,NVTK,PHOR,PLZL,RASP,ROSN,RTKM,SBER,SNGS,TATN,TRNFP,VTBR,YDEX",,,252,10,0.8,60,2.5,0.75,10.0,252.0,0.894717029590365,0.06132086671654369,0.16650974545381694,0.36827193837463174,-0.22915050726945607,0.027346637102734665,74,21.864864864864863,0.5129789864029666
russia,GAZP,coverage,30,25,"AFKS,AFLT,ALRS,CHMF,GMKN,HYDR,IRAO,LKOH,MAGN,MGNT,MOEX,MTSS,NLMK,NVTK,PHOR,PLZL,RASP,ROSN,RTKM,SBER,SNGS,TATN,TRNFP,VTBR,YDEX",,,252,10,0.8,60,2.5,1.0,10.0,252.0,0.4277095413797056,0.033715555009705245,0.15501487445134132,0.21749883763760006,-0.19750642779084848,0.027346637102734665,74,17.10810810810811,0.5071090047393365
russia,GAZP,coverage,30,25,"AFKS,AFLT,ALRS,CHMF,GMKN,HYDR,IRAO,LKOH,MAGN,MGNT,MOEX,MTSS,NLMK,NVTK,PHOR,PLZL,RASP,ROSN,RTKM,SBER,SNGS,TATN,TRNFP,VTBR,YDEX",,,252,10,0.8,60,3.0,0.0,10.0,252.0,6.677354154588738,0.20902854510647595,0.34015501589624486,0.6145096657055749,-0.389432022005025,0.010716925351071693,15,2631.0,0.5169137210186241
russia,GAZP,coverage,30,25,"AFKS,AFLT,ALRS,CHMF,GMKN,HYDR,IRAO,LKOH,MAGN,MGNT,MOEX,MTSS,NLMK,NVTK,PHOR,PLZL,RASP,ROSN,RTKM,SBER,SNGS,TATN,TRNFP,VTBR,YDEX",,,252,10,0.8,60,3.0,0.25,10.0,252.0,2.9599358180039737,0.13673841541323073,0.22144986772399125,0.6174689414746346,-0.2924999549332793,0.022172949002217297,58,31.607142857142858,0.5209039548022599
russia,GAZP,coverage,30,25,"AFKS,AFLT,ALRS,CHMF,GMKN,HYDR,IRAO,LKOH,MAGN,MGNT,MOEX,MTSS,NLMK,NVTK,PHOR,PLZL,RASP,ROSN,RTKM,SBER,SNGS,TATN,TRNFP,VTBR,YDEX",,,252,10,0.8,60,3.0,0.5,10.0,252.0,2.181376146189937,0.11379873500834448,0.1591795731578543,0.7149079040153801,-0.1876335273319245,0.022912047302291204,62,22.225806451612904,0.5268505079825835
russia,GAZP,coverage,30,25,"AFKS,AFLT,ALRS,CHMF,GMKN,HYDR,IRAO,LKOH,MAGN,MGNT,MOEX,MTSS,NLMK,NVTK,PHOR,PLZL,RASP,ROSN,RTKM,SBER,SNGS,TATN,TRNFP,VTBR,YDEX",,,252,10,0.8,60,3.0,0.75,10.0,252.0,1.3913392371772066,0.08457973498795623,0.15405490258797494,0.5490233258864056,-0.20034111652063724,0.022912047302291204,62,20.548387096774192,0.521193092621664
russia,GAZP,coverage,30,25,"AFKS,AFLT,ALRS,CHMF,GMKN,HYDR,IRAO,LKOH,MAGN,MGNT,MOEX,MTSS,NLMK,NVTK,PHOR,PLZL,RASP,ROSN,RTKM,SBER,SNGS,TATN,TRNFP,VTBR,YDEX",,,252,10,0.8,60,3.0,1.0,10.0,252.0,0.8501928488086823,0.05897316081279369,0.1424453681906793,0.4140054644237461,-0.18207028005543424,0.022912047302291204,62,16.129032258064516,0.514
russia,GAZP,coverage,30,25,"AFKS,AFLT,ALRS,CHMF,GMKN,HYDR,IRAO,LKOH,MAGN,MGNT,MOEX,MTSS,NLMK,NVTK,PHOR,PLZL,RASP,ROSN,RTKM,SBER,SNGS,TATN,TRNFP,VTBR,YDEX",,,252,21,0.8,60,1.0,0.0,10.0,252.0,26.37063299322454,0.3609718506080357,0.3876263668629515,0.9312365759052204,-0.38099871391422657,0.043976348854397634,60,2646.0,0.5037792894935752
russia,GAZP,coverage,30,25,"AFKS,AFLT,ALRS,CHMF,GMKN,HYDR,IRAO,LKOH,MAGN,MGNT,MOEX,MTSS,NLMK,NVTK,PHOR,PLZL,RASP,ROSN,RTKM,SBER,SNGS,TATN,TRNFP,VTBR,YDEX",,,252,21,0.8,60,1.0,0.25,10.0,252.0,5.796719625636495,0.19538838266682368,0.34870098078415046,0.5603321855517553,-0.4188590997897079,0.06023651145602365,145,32.359375,0.49782713664896183
russia,GAZP,coverage,30,25,"AFKS,AFLT,ALRS,CHMF,GMKN,HYDR,IRAO,LKOH,MAGN,MGNT,MOEX,MTSS,NLMK,NVTK,PHOR,PLZL,RASP,ROSN,RTKM,SBER,SNGS,TATN,TRNFP,VTBR,YDEX",,,252,21,0.8,60,1.0,0.5,10.0,252.0,3.524846640136637,0.15094353667580473,0.2884854067059253,0.5232276335893578,-0.4008365743647565,0.06984478935698447,179,20.894117647058824,0.5005630630630631
russia,GAZP,coverage,30,25,"AFKS,AFLT,ALRS,CHMF,GMKN,HYDR,IRAO,LKOH,MAGN,MGNT,MOEX,MTSS,NLMK,NVTK,PHOR,PLZL,RASP,ROSN,RTKM,SBER,SNGS,TATN,TRNFP,VTBR,YDEX",,,252,21,0.8,60,1.0,0.75,10.0,252.0,2.8116203623912233,0.13270453782850655,0.271331275183761,0.48908677312864685,-0.3338217462534935,0.09275683665927568,245,12.866666666666667,0.5
russia,GAZP,coverage,30,25,"AFKS,AFLT,ALRS,CHMF,GMKN,HYDR,IRAO,LKOH,MAGN,MGNT,MOEX,MTSS,NLMK,NVTK,PHOR,PLZL,RASP,ROSN,RTKM,SBER,SNGS,TATN,TRNFP,VTBR,YDEX",,,252,21,0.8,60,1.5,0.0,10.0,252.0,71.10443482480234,0.4894477883376356,0.38725485165500795,1.2638906555873646,-0.33396366414672884,0.036585365853658534,50,2646.0,0.5170068027210885
russia,GAZP,coverage,30,25,"AFKS,AFLT,ALRS,CHMF,GMKN,HYDR,IRAO,LKOH,MAGN,MGNT,MOEX,MTSS,NLMK,NVTK,PHOR,PLZL,RASP,ROSN,RTKM,SBER,SNGS,TATN,TRNFP,VTBR,YDEX",,,252,21,0.8,60,1.5,0.25,10.0,252.0,8.605116180173843,0.2345165550589008,0.34191746594324934,0.6858864445895996,-0.34608576476352904,0.046193643754619367,116,33.55555555555556,0.5049668874172185
russia,GAZP,coverage,30,25,"AFKS,AFLT,ALRS,CHMF,GMKN,HYDR,IRAO,LKOH,MAGN,MGNT,MOEX,MTSS,NLMK,NVTK,PHOR,PLZL,RASP,ROSN,RTKM,SBER,SNGS,TATN,TRNFP,VTBR,YDEX",,,252,21,0.8,60,1.5,0.5,10.0,252.0,6.438353200283138,0.2054729911318347,0.2772703314076963,0.7410565352904949,-0.36037118578625327,0.050628233555062824,131,23.285714285714285,0.512610770279482
russia,GAZP,coverage,30,25,"AFKS,AFLT,ALRS,CHMF,GMKN,HYDR,IRAO,LKOH,MAGN,MGNT,MOEX,MTSS,NLMK,NVTK,PHOR,PLZL,RASP,ROSN,RTKM,SBER,SNGS,TATN,TRNFP,VTBR,YDEX",,,252,21,0.8,60,1.5,0.75,10.0,252.0,5.454678543257016,0.189654073938458,0.25005211654270443,0.7584581828807215,-0.33135719273611575,0.058758314855875834,156,16.246753246753247,0.5123900879296562
russia,GAZP,coverage,30,25,"AFKS,AFLT,ALRS,CHMF,GMKN,HYDR,IRAO,LKOH,MAGN,MGNT,MOEX,MTSS,NLMK,NVTK,PHOR,PLZL,RASP,ROSN,RTKM,SBER,SNGS,TATN,TRNFP,VTBR,YDEX",,,252,21,0.8,60,1.5,1.0,10.0,252.0,2.3429342012074152,0.11894858228545946,0.2305640626721161,0.5159025257748672,-0.32627339153157553,0.06577974870657798,176,12.666666666666666,0.5163339382940109
russia,GAZP,coverage,30,25,"AFKS,AFLT,ALRS,CHMF,GMKN,HYDR,IRAO,LKOH,MAGN,MGNT,MOEX,MTSS,NLMK,NVTK,PHOR,PLZL,RASP,ROSN,RTKM,SBER,SNGS,TATN,TRNFP,VTBR,YDEX",,,252,21,0.8,60,2.0,0.0,10.0,252.0,122.76041589690256,0.5662986598178561,0.3870163624566149,1.4632421642930897,-0.2718010362951717,0.029194382852919438,40,2646.0,0.518896447467876
russia,GAZP,coverage,30,25,"AFKS,AFLT,ALRS,CHMF,GMKN,HYDR,IRAO,LKOH,MAGN,MGNT,MOEX,MTSS,NLMK,NVTK,PHOR,PLZL,RASP,ROSN,RTKM,SBER,SNGS,TATN,TRNFP,VTBR,YDEX",,,252,21,0.8,60,2.0,0.25,10.0,252.0,9.65084111819493,0.24645484493129644,0.3184442948119979,0.7739339311347928,-0.2718010362951717,0.035846267553584624,91,35.627906976744185,0.5045691906005222
russia,GAZP,coverage,30,25,"AFKS,AFLT,ALRS,CHMF,GMKN,HYDR,IRAO,LKOH,MAGN,MGNT,MOEX,MTSS,NLMK,NVTK,PHOR,PLZL,RASP,ROSN,RTKM,SBER,SNGS,TATN,TRNFP,VTBR,YDEX",,,252,21,0.8,60,2.0,0.5,10.0,252.0,4.23645472333337,0.1667057813638526,0.25155048390095797,0.6627130219693358,-0.2718010362951717,0.036585365853658534,96,25.574468085106382,0.5091514143094842
russia,GAZP,coverage,30,25,"AFKS,AFLT,ALRS,CHMF,GMKN,HYDR,IRAO,LKOH,MAGN,MGNT,MOEX,MTSS,NLMK,NVTK,PHOR,PLZL,RASP,ROSN,RTKM,SBER,SNGS,TATN,TRNFP,VTBR,YDEX",,,252,21,0.8,60,2.0,0.75,10.0,252.0,2.622881100370029,0.1273601675505518,0.20924513563062364,0.6086648904248757,-0.26122928428972625,0.03954175905395418,106,17.88679245283019,0.5063291139240507
russia,GAZP,coverage,30,25,"AFKS,AFLT,ALRS,CHMF,GMKN,HYDR,IRAO,LKOH,MAGN,MGNT,MOEX,MTSS,NLMK,NVTK,PHOR,PLZL,RASP,ROSN,RTKM,SBER,SNGS,TATN,TRNFP,VTBR,YDEX",,,252,21,0.8,60,2.0,1.0,10.0,252.0,0.7640885082129507,0.054283843488589945,0.18568627765014548,0.29234170761324113,-0.2791739873392226,0.04065040650406504,109,15.407407407407407,0.5096153846153846
russia,GAZP,coverage,30,25,"AFKS,AFLT,ALRS,CHMF,GMKN,HYDR,IRAO,LKOH,MAGN,MGNT,MOEX,MTSS,NLMK,NVTK,PHOR,PLZL,RASP,ROSN,RTKM,SBER,SNGS,TATN,TRNFP,VTBR,YDEX",,,252,21,0.8,60,2.5,0.0,10.0,252.0,9.692582826169938,0.24690895912105626,0.3875909662190706,0.6370348657236264,-0.4128336634084874,0.013673318551367332,19,2633.0,0.5150018989745537
russia,GAZP,coverage,30,25,"AFKS,AFLT,ALRS,CHMF,GMKN,HYDR,IRAO,LKOH,MAGN,MGNT,MOEX,MTSS,NLMK,NVTK,PHOR,PLZL,RASP,ROSN,RTKM,SBER,SNGS,TATN,TRNFP,VTBR,YDEX",,,252,21,0.8,60,2.5,0.25,10.0,252.0,5.101257438729586,0.1834318828357957,0.2969936900589008,0.617628889015847,-0.26712157480048393,0.02475979305247598,66,35.78787878787879,0.5173581710414903
russia,GAZP,coverage,30,25,"AFKS,AFLT,ALRS,CHMF,GMKN,HYDR,IRAO,LKOH,MAGN,MGNT,MOEX,MTSS,NLMK,NVTK,PHOR,PLZL,RASP,ROSN,RTKM,SBER,SNGS,TATN,TRNFP,VTBR,YDEX",,,252,21,0.8,60,2.5,0.5,10.0,252.0,2.1859729791474756,0.11394850982540428,0.2239145397107823,0.5088928569470527,-0.3116496400802725,0.02475979305247598,67,26.91176470588235,0.5169398907103825
russia,GAZP,coverage,30,25,"AFKS,AFLT,ALRS,CHMF,GMKN,HYDR,IRAO,LKOH,MAGN,MGNT,MOEX,MTSS,NLMK,NVTK,PHOR,PLZL,RASP,ROSN,RTKM,SBER,SNGS,TATN,TRNFP,VTBR,YDEX",,,252,21,0.8,60,2.5,0.75,10.0,252.0,1.0363687605931409,0.06847086092461518,0.17662563312689591,0.38766095108869386,-0.26122928428972636,0.025498891352549888,69,19.685714285714287,0.5065312046444121
russia,GAZP,coverage,30,25,"AFKS,AFLT,ALRS,CHMF,GMKN,HYDR,IRAO,LKOH,MAGN,MGNT,MOEX,MTSS,NLMK,NVTK,PHOR,PLZL,RASP,ROSN,RTKM,SBER,SNGS,TATN,TRNFP,VTBR,YDEX",,,252,21,0.8,60,2.5,1.0,10.0,252.0,0.3567707118116452,0.028821064800068408,0.16390030209047984,0.17584509871225235,-0.26122928428972647,0.025868440502586843,70,17.142857142857142,0.5133333333333333
russia,GAZP,coverage,30,25,"AFKS,AFLT,ALRS,CHMF,GMKN,HYDR,IRAO,LKOH,MAGN,MGNT,MOEX,MTSS,NLMK,NVTK,PHOR,PLZL,RASP,ROSN,RTKM,SBER,SNGS,TATN,TRNFP,VTBR,YDEX",,,252,21,0.8,60,3.0,0.0,10.0,252.0,5.756013296868691,0.19471984379250573,0.38767054561954817,0.5022817595835608,-0.41283366340848726,0.010716925351071693,15,2631.0,0.5115925503610794
russia,GAZP,coverage,30,25,"AFKS,AFLT,ALRS,CHMF,GMKN,HYDR,IRAO,LKOH,MAGN,MGNT,MOEX,MTSS,NLMK,NVTK,PHOR,PLZL,RASP,ROSN,RTKM,SBER,SNGS,TATN,TRNFP,VTBR,YDEX",,,252,21,0.8,60,3.0,0.25,10.0,252.0,5.682158319833895,0.19349750803359655,0.2894690895357523,0.6684565469284681,-0.2671215748004838,0.02032520325203252,54,38.44444444444444,0.5154142581888247
russia,GAZP,coverage,30,25,"AFKS,AFLT,ALRS,CHMF,GMKN,HYDR,IRAO,LKOH,MAGN,MGNT,MOEX,MTSS,NLMK,NVTK,PHOR,PLZL,RASP,ROSN,RTKM,SBER,SNGS,TATN,TRNFP,VTBR,YDEX",,,252,21,0.8,60,3.0,0.5,10.0,252.0,2.5628819707306856,0.12560826511028367,0.21387176756290047,0.5873064338580445,-0.31164964008027163,0.02032520325203252,55,27.785714285714285,0.5154241645244216
russia,GAZP,coverage,30,25,"AFKS,AFLT,ALRS,CHMF,GMKN,HYDR,IRAO,LKOH,MAGN,MGNT,MOEX,MTSS,NLMK,NVTK,PHOR,PLZL,RASP,ROSN,RTKM,SBER,SNGS,TATN,TRNFP,VTBR,YDEX",,,252,21,0.8,60,3.0,0.75,10.0,252.0,1.3495337456327143,0.08279984197157386,0.16329371953544194,0.5070607871945905,-0.26122928428972625,0.02032520325203252,55,20.25,0.5132275132275133
russia,GAZP,coverage,30,25,"AFKS,AFLT,ALRS,CHMF,GMKN,HYDR,IRAO,LKOH,MAGN,MGNT,MOEX,MTSS,NLMK,NVTK,PHOR,PLZL,RASP,ROSN,RTKM,SBER,SNGS,TATN,TRNFP,VTBR,YDEX",,,252,21,0.8,60,3.0,1.0,10.0,252.0,0.581206329004194,0.043592823512253576,0.1496371673649506,0.2913235012390664,-0.261229284289726,0.020694752402069475,56,17.428571428571427,0.5245901639344263
russia,GAZP,coverage,30,25,"AFKS,AFLT,ALRS,CHMF,GMKN,HYDR,IRAO,LKOH,MAGN,MGNT,MOEX,MTSS,NLMK,NVTK,PHOR,PLZL,RASP,ROSN,RTKM,SBER,SNGS,TATN,TRNFP,VTBR,YDEX",,,252,63,0.8,60,1.0,0.0,10.0,252.0,26.133891003168902,0.35987127039458766,0.39865389217444647,0.902716058864194,-0.40513387715893456,0.04249815225424981,58,2646.0,0.5011337868480725
russia,GAZP,coverage,30,25,"AFKS,AFLT,ALRS,CHMF,GMKN,HYDR,IRAO,LKOH,MAGN,MGNT,MOEX,MTSS,NLMK,NVTK,PHOR,PLZL,RASP,ROSN,RTKM,SBER,SNGS,TATN,TRNFP,VTBR,YDEX",,,252,63,0.8,60,1.0,0.25,10.0,252.0,2.3938037340232765,0.1205234158550259,0.347002306964232,0.34732741954781615,-0.43729236601549004,0.049150036954915,117,40.568627450980394,0.4871918801353311
russia,GAZP,coverage,30,25,"AFKS,AFLT,ALRS,CHMF,GMKN,HYDR,IRAO,LKOH,MAGN,MGNT,MOEX,MTSS,NLMK,NVTK,PHOR,PLZL,RASP,ROSN,RTKM,SBER,SNGS,TATN,TRNFP,VTBR,YDEX",,,252,63,0.8,60,1.0,0.5,10.0,252.0,1.360077847993236,0.08325145527512667,0.32545445648625104,0.25580063082849097,-0.49809946536603034,0.058019216555801924,145,28.253731343283583,0.4860010565240359
russia,GAZP,coverage,30,25,"AFKS,AFLT,ALRS,CHMF,GMKN,HYDR,IRAO,LKOH,MAGN,MGNT,MOEX,MTSS,NLMK,NVTK,PHOR,PLZL,RASP,ROSN,RTKM,SBER,SNGS,TATN,TRNFP,VTBR,YDEX",,,252,63,0.8,60,1.0,0.75,10.0,252.0,1.334712686512892,0.08216192534543443,0.30738500329356283,0.2672932136086258,-0.47085181574116153,0.07797487065779748,203,17.408163265306122,0.4859320046893318
russia,GAZP,coverage,30,25,"AFKS,AFLT,ALRS,CHMF,GMKN,HYDR,IRAO,LKOH,MAGN,MGNT,MOEX,MTSS,NLMK,NVTK,PHOR,PLZL,RASP,ROSN,RTKM,SBER,SNGS,TATN,TRNFP,VTBR,YDEX",,,252,63,0.8,60,1.5,0.0,10.0,252.0,48.419656217476046,0.43795984596433724,0.39841292883664625,1.0992611290079537,-0.38339875242432675,0.036585365853658534,50,2646.0,0.5120937263794406
russia,GAZP,coverage,30,25,"AFKS,AFLT,ALRS,CHMF,GMKN,HYDR,IRAO,LKOH,MAGN,MGNT,MOEX,MTSS,NLMK,NVTK,PHOR,PLZL,RASP,ROSN,RTKM,SBER,SNGS,TATN,TRNFP,VTBR,YDEX",,,252,63,0.8,60,1.5,0.25,10.0,252.0,3.391630950469195,0.14774503210048562,0.3366494467728188,0.438869077364587,-0.4611609140645523,0.04028085735402809,95,45.34146341463415,0.4911242603550296
russia,GAZP,coverage,30,25,"AFKS,AFLT,ALRS,CHMF,GMKN,HYDR,IRAO,LKOH,MAGN,MGNT,MOEX,MTSS,NLMK,NVTK,PHOR,PLZL,RASP,ROSN,RTKM,SBER,SNGS,TATN,TRNFP,VTBR,YDEX",,,252,63,0.8,60,1.5,0.5,10.0,252.0,1.8084623181975328,0.10094154363823016,0.3123537325347521,0.32316419854851425,-0.5102025285734126,0.043976348854397634,109,33.66,0.48544266191325014
russia,GAZP,coverage,30,25,"AFKS,AFLT,ALRS,CHMF,GMKN,HYDR,IRAO,LKOH,MAGN,MGNT,MOEX,MTSS,NLMK,NVTK,PHOR,PLZL,RASP,ROSN,RTKM,SBER,SNGS,TATN,TRNFP,VTBR,YDEX",,,252,63,0.8,60,1.5,0.75,10.0,252.0,1.0189134312105526,0.0676146101027546,0.29700089880074987,0.2276579309213319,-0.48754648850849436,0.04988913525498891,130,22.80952380952381,0.48434237995824636
russia,GAZP,coverage,30,25,"AFKS,AFLT,ALRS,CHMF,GMKN,HYDR,IRAO,LKOH,MAGN,MGNT,MOEX,MTSS,NLMK,NVTK,PHOR,PLZL,RASP,ROSN,RTKM,SBER,SNGS,TATN,TRNFP,VTBR,YDEX",,,252,63,0.8,60,1.5,1.0,10.0,252.0,0.27390762452431994,0.02280093431892327,0.281014332489977,0.08113797654693118,-0.5490874904848846,0.05617147080561715,149,16.616438356164384,0.48474855729596045
russia,GAZP,coverage,30,25,"AFKS,AFLT,ALRS,CHMF,GMKN,HYDR,IRAO,LKOH,MAGN,MGNT,MOEX,MTSS,NLMK,NVTK,PHOR,PLZL,RASP,ROSN,RTKM,SBER,SNGS,TATN,TRNFP,VTBR,YDEX",,,252,63,0.8,60,2.0,0.0,10.0,252.0,135.7422048192665,0.5809163374241251,0.3980002958509547,1.459587702521884,-0.38137286672154336,0.03215077605321508,44,2646.0,0.5200302343159486
russia,GAZP,coverage,30,25,"AFKS,AFLT,ALRS,CHMF,GMKN,HYDR,IRAO,LKOH,MAGN,MGNT,MOEX,MTSS,NLMK,NVTK,PHOR,PLZL,RASP,ROSN,RTKM,SBER,SNGS,TATN,TRNFP,VTBR,YDEX",,,252,63,0.8,60,2.0,0.25,10.0,252.0,8.254223632114591,0.23024540257070236,0.3317323334556309,0.6940698248260977,-0.44792092051391563,0.036585365853658534,86,45.91891891891892,0.5044143613890524
russia,GAZP,coverage,30,25,"AFKS,AFLT,ALRS,CHMF,GMKN,HYDR,IRAO,LKOH,MAGN,MGNT,MOEX,MTSS,NLMK,NVTK,PHOR,PLZL,RASP,ROSN,RTKM,SBER,SNGS,TATN,TRNFP,VTBR,YDEX",,,252,63,0.8,60,2.0,0.5,10.0,252.0,4.06322687449779,0.16305640333619387,0.30482494824485307,0.5349181695102512,-0.5093063125395481,0.038063562453806356,94,34.95348837209303,0.49567531603459747
russia,GAZP,coverage,30,25,"AFKS,AFLT,ALRS,CHMF,GMKN,HYDR,IRAO,LKOH,MAGN,MGNT,MOEX,MTSS,NLMK,NVTK,PHOR,PLZL,RASP,ROSN,RTKM,SBER,SNGS,TATN,TRNFP,VTBR,YDEX",,,252,63,0.8,60,2.0,0.75,10.0,252.0,1.8255542009459687,0.10156379066057197,0.2825276686311881,0.35948263457747726,-0.5832907202965385,0.03954175905395418,104,23.941176470588236,0.4954954954954955
russia,GAZP,coverage,30,25,"AFKS,AFLT,ALRS,CHMF,GMKN,HYDR,IRAO,LKOH,MAGN,MGNT,MOEX,MTSS,NLMK,NVTK,PHOR,PLZL,RASP,ROSN,RTKM,SBER,SNGS,TATN,TRNFP,VTBR,YDEX",,,252,63,0.8,60,2.0,1.0,10.0,252.0,0.7860917939074823,0.05550158097826996,0.2625166214691878,0.2114212070369202,-0.593531403218121,0.04138950480413895,111,17.854545454545455,0.4979633401221996
russia,GAZP,coverage,30,25,"AFKS,AFLT,ALRS,CHMF,GMKN,HYDR,IRAO,LKOH,MAGN,MGNT,MOEX,MTSS,NLMK,NVTK,PHOR,PLZL,RASP,ROSN,RTKM,SBER,SNGS,TATN,TRNFP,VTBR,YDEX",,,252,63,0.8,60,2.5,0.0,10.0,252.0,31.103284837318462,0.3813365628314549,0.3986694728624215,0.9565231069574568,-0.4217660243957684,0.018847006651884702,26,2646.0,0.5154950869236583
russia,GAZP,coverage,30,25,"AFKS,AFLT,ALRS,CHMF,GMKN,HYDR,IRAO,LKOH,MAGN,MGNT,MOEX,MTSS,NLMK,NVTK,PHOR,PLZL,RASP,ROSN,RTKM,SBER,SNGS,TATN,TRNFP,VTBR,YDEX",,,252,63,0.8,60,2.5,0.25,10.0,252.0,2.0911340233435842,0.1108179848123616,0.28124036811647163,0.39403299588367746,-0.33114175361834386,0.02475979305247598,62,45.89655172413793,0.49436513899323814
russia,GAZP,coverage,30,25,"AFKS,AFLT,ALRS,CHMF,GMKN,HYDR,IRAO,LKOH,MAGN,MGNT,MOEX,MTSS,NLMK,NVTK,PHOR,PLZL,RASP,ROSN,RTKM,SBER,SNGS,TATN,TRNFP,VTBR,YDEX",,,252,63,0.8,60,2.5,0.5,10.0,252.0,1.6834079344493382,0.09628139303349559,0.2392071647552724,0.40250212878029373,-0.352782172526268,0.0262379896526238,67,35.875,0.48693379790940766
russia,GAZP,coverage,30,25,"AFKS,AFLT,ALRS,CHMF,GMKN,HYDR,IRAO,LKOH,MAGN,MGNT,MOEX,MTSS,NLMK,NVTK,PHOR,PLZL,RASP,ROSN,RTKM,SBER,SNGS,TATN,TRNFP,VTBR,YDEX",,,252,63,0.8,60,2.5,0.75,10.0,252.0,0.8223638639503161,0.05747961542503677,0.216264048117389,0.2657844238346847,-0.42912587772901334,0.0262379896526238,69,26.235294117647058,0.4899103139013453
russia,GAZP,coverage,30,25,"AFKS,AFLT,ALRS,CHMF,GMKN,HYDR,IRAO,LKOH,MAGN,MGNT,MOEX,MTSS,NLMK,NVTK,PHOR,PLZL,RASP,ROSN,RTKM,SBER,SNGS,TATN,TRNFP,VTBR,YDEX",,,252,63,0.8,60,2.5,1.0,10.0,252.0,0.0008094632603945495,7.53547337288829e-05,0.19264029361907178,0.00039116807970553585,-0.49963075377952626,0.026607538802660754,72,20.0,0.4930555555555556
russia,GAZP,coverage,30,25,"AFKS,AFLT,ALRS,CHMF,GMKN,HYDR,IRAO,LKOH,MAGN,MGNT,MOEX,MTSS,NLMK,NVTK,PHOR,PLZL,RASP,ROSN,RTKM,SBER,SNGS,TATN,TRNFP,VTBR,YDEX",,,252,63,0.8,60,3.0,0.0,10.0,252.0,11.682061753622737,0.266881764221925,0.39535204353255365,0.6750483994904397,-0.427920431312786,0.010716925351071693,15,2530.0,0.508300395256917
russia,GAZP,coverage,30,25,"AFKS,AFLT,ALRS,CHMF,GMKN,HYDR,IRAO,LKOH,MAGN,MGNT,MOEX,MTSS,NLMK,NVTK,PHOR,PLZL,RASP,ROSN,RTKM,SBER,SNGS,TATN,TRNFP,VTBR,YDEX",,,252,63,0.8,60,3.0,0.25,10.0,252.0,1.1443513758156714,0.07362445313140409,0.25012438289119454,0.29435136343117385,-0.39132798753525355,0.01662971175166297,42,51.15,0.4838709677419355
russia,GAZP,coverage,30,25,"AFKS,AFLT,ALRS,CHMF,GMKN,HYDR,IRAO,LKOH,MAGN,MGNT,MOEX,MTSS,NLMK,NVTK,PHOR,PLZL,RASP,ROSN,RTKM,SBER,SNGS,TATN,TRNFP,VTBR,YDEX",,,252,63,0.8,60,3.0,0.5,10.0,252.0,0.5843608092780066,0.043786532852596594,0.21018487851134124,0.2083238963845534,-0.424874911936014,0.01736881005173688,45,40.72727272727273,0.47544642857142855
russia,GAZP,coverage,30,25,"AFKS,AFLT,ALRS,CHMF,GMKN,HYDR,IRAO,LKOH,MAGN,MGNT,MOEX,MTSS,NLMK,NVTK,PHOR,PLZL,RASP,ROSN,RTKM,SBER,SNGS,TATN,TRNFP,VTBR,YDEX",,,252,63,0.8,60,3.0,0.75,10.0,252.0,0.10790158873533895,0.009588127035270011,0.18379354694843708,0.05216791989960312,-0.4643732152270853,0.01736881005173688,47,26.833333333333332,0.4767080745341615
russia,GAZP,coverage,30,25,"AFKS,AFLT,ALRS,CHMF,GMKN,HYDR,IRAO,LKOH,MAGN,MGNT,MOEX,MTSS,NLMK,NVTK,PHOR,PLZL,RASP,ROSN,RTKM,SBER,SNGS,TATN,TRNFP,VTBR,YDEX",,,252,63,0.8,60,3.0,1.0,10.0,252.0,-0.19021854370307767,-0.019457037725231885,0.17348425726099453,-0.11215448613276867,-0.4960187617501227,0.017738359201773836,48,22.833333333333332,0.4744525547445255
