market,target,universe_selection_method,universe_size_requested,universe_size_actual,universe_assets,missing_priority_assets,filled_from_fallback,train_window,rebalance_frequency,pca_explained_variance,zscore_lookback,entry_z,exit_z,transaction_cost_bps,annualization_factor,total_return,annualized_return,annualized_volatility,sharpe_ratio,max_drawdown,turnover,number_of_trades,average_holding_period,hit_rate
usa,AAPL,priority,30,30,"NVDA,MSFT,AVGO,ORCL,AMD,CSCO,QCOM,TXN,IBM,ACN,ADI,GOOGL,META,NFLX,DIS,VZ,AMZN,TSLA,HD,MCD,LOW,WMT,COST,PG,KO,PEP,PM,BRK-B,JPM,V","TMUS,CMCSA,BKNG,SBUX",,252,5,0.8,60,1.0,0.0,5.0,252.0,1.6190974341920095,0.11328187376766552,0.26102138181950385,0.43399461369030634,-0.41223523133044915,0.03936311366651924,45,2189.0,0.5221562357240749
usa,AAPL,priority,30,30,"NVDA,MSFT,AVGO,ORCL,AMD,CSCO,QCOM,TXN,IBM,ACN,ADI,GOOGL,META,NFLX,DIS,VZ,AMZN,TSLA,HD,MCD,LOW,WMT,COST,PG,KO,PEP,PM,BRK-B,JPM,V","TMUS,CMCSA,BKNG,SBUX",,252,5,0.8,60,1.0,0.25,5.0,252.0,1.1679558369229204,0.09007037570972587,0.23502780993038075,0.38323284268532415,-0.3543125552535077,0.058823529411764705,121,30.745454545454546,0.5209934949733885
usa,AAPL,priority,30,30,"NVDA,MSFT,AVGO,ORCL,AMD,CSCO,QCOM,TXN,IBM,ACN,ADI,GOOGL,META,NFLX,DIS,VZ,AMZN,TSLA,HD,MCD,LOW,WMT,COST,PG,KO,PEP,PM,BRK-B,JPM,V","TMUS,CMCSA,BKNG,SBUX",,252,5,0.8,60,1.0,0.5,5.0,252.0,0.5558779711588879,0.05050144398734324,0.22540738042203717,0.22404521046643563,-0.32025959428626205,0.06855373728438743,151,19.986486486486488,0.5233265720081136
usa,AAPL,priority,30,30,"NVDA,MSFT,AVGO,ORCL,AMD,CSCO,QCOM,TXN,IBM,ACN,ADI,GOOGL,META,NFLX,DIS,VZ,AMZN,TSLA,HD,MCD,LOW,WMT,COST,PG,KO,PEP,PM,BRK-B,JPM,V","TMUS,CMCSA,BKNG,SBUX",,252,5,0.8,60,1.0,0.75,5.0,252.0,0.3804854087866878,0.036590589234781756,0.21535807049521108,0.1699058184847334,-0.39622319265319006,0.0871295886775763,196,13.63265306122449,0.5224550898203593
usa,AAPL,priority,30,30,"NVDA,MSFT,AVGO,ORCL,AMD,CSCO,QCOM,TXN,IBM,ACN,ADI,GOOGL,META,NFLX,DIS,VZ,AMZN,TSLA,HD,MCD,LOW,WMT,COST,PG,KO,PEP,PM,BRK-B,JPM,V","TMUS,CMCSA,BKNG,SBUX",,252,5,0.8,60,1.5,0.0,5.0,252.0,4.530740303151439,0.21000451115977703,0.2606969823210499,0.8055502188404898,-0.2689558183352576,0.03582485625829279,41,2185.0,0.5386727688787185
usa,AAPL,priority,30,30,"NVDA,MSFT,AVGO,ORCL,AMD,CSCO,QCOM,TXN,IBM,ACN,ADI,GOOGL,META,NFLX,DIS,VZ,AMZN,TSLA,HD,MCD,LOW,WMT,COST,PG,KO,PEP,PM,BRK-B,JPM,V","TMUS,CMCSA,BKNG,SBUX",,252,5,0.8,60,1.5,0.25,5.0,252.0,3.522148409789432,0.1831546827386925,0.2251579535540854,0.8134497575929368,-0.2689558183352577,0.05174701459531181,107,31.0,0.5398288347597103
usa,AAPL,priority,30,30,"NVDA,MSFT,AVGO,ORCL,AMD,CSCO,QCOM,TXN,IBM,ACN,ADI,GOOGL,META,NFLX,DIS,VZ,AMZN,TSLA,HD,MCD,LOW,WMT,COST,PG,KO,PEP,PM,BRK-B,JPM,V","TMUS,CMCSA,BKNG,SBUX",,252,5,0.8,60,1.5,0.5,5.0,252.0,2.1468931932327,0.1362960385295544,0.21566411772940342,0.6319829184591886,-0.22094725763355938,0.055285272003538256,121,22.10169491525424,0.5437116564417178
usa,AAPL,priority,30,30,"NVDA,MSFT,AVGO,ORCL,AMD,CSCO,QCOM,TXN,IBM,ACN,ADI,GOOGL,META,NFLX,DIS,VZ,AMZN,TSLA,HD,MCD,LOW,WMT,COST,PG,KO,PEP,PM,BRK-B,JPM,V","TMUS,CMCSA,BKNG,SBUX",,252,5,0.8,60,1.5,0.75,5.0,252.0,0.9209732433272715,0.0754739587808686,0.20348362992024302,0.3709092412517469,-0.2502794830938537,0.059708093763821316,134,16.970149253731343,0.5338610378188214
usa,AAPL,priority,30,30,"NVDA,MSFT,AVGO,ORCL,AMD,CSCO,QCOM,TXN,IBM,ACN,ADI,GOOGL,META,NFLX,DIS,VZ,AMZN,TSLA,HD,MCD,LOW,WMT,COST,PG,KO,PEP,PM,BRK-B,JPM,V","TMUS,CMCSA,BKNG,SBUX",,252,5,0.8,60,1.5,1.0,5.0,252.0,0.6515255214564779,0.05750986778549505,0.1942437068110227,0.29607068733220626,-0.2770623198943206,0.0659000442282176,148,13.175675675675675,0.5302564102564102
usa,AAPL,priority,30,30,"NVDA,MSFT,AVGO,ORCL,AMD,CSCO,QCOM,TXN,IBM,ACN,ADI,GOOGL,META,NFLX,DIS,VZ,AMZN,TSLA,HD,MCD,LOW,WMT,COST,PG,KO,PEP,PM,BRK-B,JPM,V","TMUS,CMCSA,BKNG,SBUX",,252,5,0.8,60,2.0,0.0,5.0,252.0,4.796543117169716,0.21635148998563336,0.26064266940923764,0.8300693454222483,-0.28966439379488496,0.02697921273772667,31,2184.0,0.5338827838827839
usa,AAPL,priority,30,30,"NVDA,MSFT,AVGO,ORCL,AMD,CSCO,QCOM,TXN,IBM,ACN,ADI,GOOGL,META,NFLX,DIS,VZ,AMZN,TSLA,HD,MCD,LOW,WMT,COST,PG,KO,PEP,PM,BRK-B,JPM,V","TMUS,CMCSA,BKNG,SBUX",,252,5,0.8,60,2.0,0.25,5.0,252.0,1.9917004457376626,0.12990909411128393,0.21038654798758355,0.6174781389490303,-0.2689558183352575,0.03936311366651924,86,30.928571428571427,0.5373364126250962
usa,AAPL,priority,30,30,"NVDA,MSFT,AVGO,ORCL,AMD,CSCO,QCOM,TXN,IBM,ACN,ADI,GOOGL,META,NFLX,DIS,VZ,AMZN,TSLA,HD,MCD,LOW,WMT,COST,PG,KO,PEP,PM,BRK-B,JPM,V","TMUS,CMCSA,BKNG,SBUX",,252,5,0.8,60,2.0,0.5,5.0,252.0,1.4515263949938135,0.10510793047057843,0.20051961803709503,0.5241777911781881,-0.22094725763355938,0.04201680672268908,95,22.166666666666668,0.5422932330827067
usa,AAPL,priority,30,30,"NVDA,MSFT,AVGO,ORCL,AMD,CSCO,QCOM,TXN,IBM,ACN,ADI,GOOGL,META,NFLX,DIS,VZ,AMZN,TSLA,HD,MCD,LOW,WMT,COST,PG,KO,PEP,PM,BRK-B,JPM,V","TMUS,CMCSA,BKNG,SBUX",,252,5,0.8,60,2.0,0.75,5.0,252.0,0.6586552652680444,0.05801772490748558,0.18681164137182849,0.31056803784517656,-0.2261347426524225,0.04290137107474569,97,17.897959183673468,0.5393386545039909
usa,AAPL,priority,30,30,"NVDA,MSFT,AVGO,ORCL,AMD,CSCO,QCOM,TXN,IBM,ACN,ADI,GOOGL,META,NFLX,DIS,VZ,AMZN,TSLA,HD,MCD,LOW,WMT,COST,PG,KO,PEP,PM,BRK-B,JPM,V","TMUS,CMCSA,BKNG,SBUX",,252,5,0.8,60,2.0,1.0,5.0,252.0,0.6344190348329817,0.05628336949255708,0.17911938618593548,0.3142226572512477,-0.23908916611485787,0.04467049977885891,101,14.07843137254902,0.5459610027855153
usa,AAPL,priority,30,30,"NVDA,MSFT,AVGO,ORCL,AMD,CSCO,QCOM,TXN,IBM,ACN,ADI,GOOGL,META,NFLX,DIS,VZ,AMZN,TSLA,HD,MCD,LOW,WMT,COST,PG,KO,PEP,PM,BRK-B,JPM,V","TMUS,CMCSA,BKNG,SBUX",,252,5,0.8,60,2.5,0.0,5.0,252.0,1.7983711961312707,0.12152738140301556,0.2607477289930643,0.46607263607748656,-0.25452920644311117,0.0145953118089341,17,2181.0,0.5153599266391563
usa,AAPL,priority,30,30,"NVDA,MSFT,AVGO,ORCL,AMD,CSCO,QCOM,TXN,IBM,ACN,ADI,GOOGL,META,NFLX,DIS,VZ,AMZN,TSLA,HD,MCD,LOW,WMT,COST,PG,KO,PEP,PM,BRK-B,JPM,V","TMUS,CMCSA,BKNG,SBUX",,252,5,0.8,60,2.5,0.25,5.0,252.0,1.2570548269754602,0.09497467320273811,0.18911290125438476,0.5022114967977946,-0.2190515478048911,0.02344095532950022,51,37.56,0.5335463258785943
usa,AAPL,priority,30,30,"NVDA,MSFT,AVGO,ORCL,AMD,CSCO,QCOM,TXN,IBM,ACN,ADI,GOOGL,META,NFLX,DIS,VZ,AMZN,TSLA,HD,MCD,LOW,WMT,COST,PG,KO,PEP,PM,BRK-B,JPM,V","TMUS,CMCSA,BKNG,SBUX",,252,5,0.8,60,2.5,0.5,5.0,252.0,0.733800720229981,0.06325560157426868,0.17530901960280879,0.3608234289233068,-0.2190515478048911,0.024325519681556832,55,25.571428571428573,0.5405027932960894
usa,AAPL,priority,30,30,"NVDA,MSFT,AVGO,ORCL,AMD,CSCO,QCOM,TXN,IBM,ACN,ADI,GOOGL,META,NFLX,DIS,VZ,AMZN,TSLA,HD,MCD,LOW,WMT,COST,PG,KO,PEP,PM,BRK-B,JPM,V","TMUS,CMCSA,BKNG,SBUX",,252,5,0.8,60,2.5,0.75,5.0,252.0,0.5359143736220628,0.04899049904272945,0.16260487406470617,0.3012855507838862,-0.2190515478048911,0.025210084033613446,57,20.103448275862068,0.5454545454545454
usa,AAPL,priority,30,30,"NVDA,MSFT,AVGO,ORCL,AMD,CSCO,QCOM,TXN,IBM,ACN,ADI,GOOGL,META,NFLX,DIS,VZ,AMZN,TSLA,HD,MCD,LOW,WMT,COST,PG,KO,PEP,PM,BRK-B,JPM,V","TMUS,CMCSA,BKNG,SBUX",,252,5,0.8,60,2.5,1.0,5.0,252.0,0.5973019145243272,0.05358243474095192,0.15505950817284045,0.3455604585126447,-0.2190515478048911,0.026094648385670056,59,15.033333333333333,0.5609756097560976
usa,AAPL,priority,30,30,"NVDA,MSFT,AVGO,ORCL,AMD,CSCO,QCOM,TXN,IBM,ACN,ADI,GOOGL,META,NFLX,DIS,VZ,AMZN,TSLA,HD,MCD,LOW,WMT,COST,PG,KO,PEP,PM,BRK-B,JPM,V","TMUS,CMCSA,BKNG,SBUX",,252,5,0.8,60,3.0,0.0,5.0,252.0,0.6434249592376593,0.05693048904958964,0.2598868989777374,0.21905871082199666,-0.3282975515641159,0.007518796992481203,9,2151.0,0.5053463505346351
usa,AAPL,priority,30,30,"NVDA,MSFT,AVGO,ORCL,AMD,CSCO,QCOM,TXN,IBM,ACN,ADI,GOOGL,META,NFLX,DIS,VZ,AMZN,TSLA,HD,MCD,LOW,WMT,COST,PG,KO,PEP,PM,BRK-B,JPM,V","TMUS,CMCSA,BKNG,SBUX",,252,5,0.8,60,3.0,0.25,5.0,252.0,0.5021527715687306,0.04639508132820436,0.16191881365214097,0.28653298700592905,-0.21905154780489122,0.013710747456877488,31,36.0625,0.5147313691507799
usa,AAPL,priority,30,30,"NVDA,MSFT,AVGO,ORCL,AMD,CSCO,QCOM,TXN,IBM,ACN,ADI,GOOGL,META,NFLX,DIS,VZ,AMZN,TSLA,HD,MCD,LOW,WMT,COST,PG,KO,PEP,PM,BRK-B,JPM,V","TMUS,CMCSA,BKNG,SBUX",,252,5,0.8,60,3.0,0.5,5.0,252.0,0.3639850558497959,0.03520228019135252,0.15141361293726707,0.23249085408151082,-0.2190515478048911,0.013710747456877488,31,26.125,0.5239234449760766
usa,AAPL,priority,30,30,"NVDA,MSFT,AVGO,ORCL,AMD,CSCO,QCOM,TXN,IBM,ACN,ADI,GOOGL,META,NFLX,DIS,VZ,AMZN,TSLA,HD,MCD,LOW,WMT,COST,PG,KO,PEP,PM,BRK-B,JPM,V","TMUS,CMCSA,BKNG,SBUX",,252,5,0.8,60,3.0,0.75,5.0,252.0,0.36162385886872617,0.03500239434247887,0.1450634442156284,0.2412902473930637,-0.2190515478048911,0.0145953118089341,33,20.352941176470587,0.5202312138728323
usa,AAPL,priority,30,30,"NVDA,MSFT,AVGO,ORCL,AMD,CSCO,QCOM,TXN,IBM,ACN,ADI,GOOGL,META,NFLX,DIS,VZ,AMZN,TSLA,HD,MCD,LOW,WMT,COST,PG,KO,PEP,PM,BRK-B,JPM,V","TMUS,CMCSA,BKNG,SBUX",,252,5,0.8,60,3.0,1.0,5.0,252.0,0.37363782237285226,0.03601624542952586,0.14059114017248678,0.25617720565704694,-0.21905154780489122,0.0145953118089341,33,15.823529411764707,0.5315985130111525
usa,AAPL,priority,30,30,"NVDA,MSFT,AVGO,ORCL,AMD,CSCO,QCOM,TXN,IBM,ACN,ADI,GOOGL,META,NFLX,DIS,VZ,AMZN,TSLA,HD,MCD,LOW,WMT,COST,PG,KO,PEP,PM,BRK-B,JPM,V","TMUS,CMCSA,BKNG,SBUX",,252,10,0.8,60,1.0,0.0,5.0,252.0,1.8312927557375853,0.12299031910268932,0.2838617294307658,0.4332754519227531,-0.3867884542710113,0.03759398496240601,43,2190.0,0.5132420091324201
usa,AAPL,priority,30,30,"NVDA,MSFT,AVGO,ORCL,AMD,CSCO,QCOM,TXN,IBM,ACN,ADI,GOOGL,META,NFLX,DIS,VZ,AMZN,TSLA,HD,MCD,LOW,WMT,COST,PG,KO,PEP,PM,BRK-B,JPM,V","TMUS,CMCSA,BKNG,SBUX",,252,10,0.8,60,1.0,0.25,5.0,252.0,1.228354822312844,0.09341400656853915,0.2570656365653369,0.3633858177882,-0.3173588270694806,0.058823529411764705,121,30.6,0.5103980986333928
usa,AAPL,priority,30,30,"NVDA,MSFT,AVGO,ORCL,AMD,CSCO,QCOM,TXN,IBM,ACN,ADI,GOOGL,META,NFLX,DIS,VZ,AMZN,TSLA,HD,MCD,LOW,WMT,COST,PG,KO,PEP,PM,BRK-B,JPM,V","TMUS,CMCSA,BKNG,SBUX",,252,10,0.8,60,1.0,0.5,5.0,252.0,0.5492100654484944,0.04999870925854477,0.2507392187339347,0.19940522073493253,-0.3468559346556238,0.06413091552410438,138,22.757575757575758,0.5086551264980027
usa,AAPL,priority,30,30,"NVDA,MSFT,AVGO,ORCL,AMD,CSCO,QCOM,TXN,IBM,ACN,ADI,GOOGL,META,NFLX,DIS,VZ,AMZN,TSLA,HD,MCD,LOW,WMT,COST,PG,KO,PEP,PM,BRK-B,JPM,V","TMUS,CMCSA,BKNG,SBUX",,252,10,0.8,60,1.0,0.75,5.0,252.0,0.5727349664963668,0.05176391086274812,0.24157947848624003,0.21427279828198034,-0.2902434494938757,0.08624502432551968,193,13.958333333333334,0.5104477611940299
usa,AAPL,priority,30,30,"NVDA,MSFT,AVGO,ORCL,AMD,CSCO,QCOM,TXN,IBM,ACN,ADI,GOOGL,META,NFLX,DIS,VZ,AMZN,TSLA,HD,MCD,LOW,WMT,COST,PG,KO,PEP,PM,BRK-B,JPM,V","TMUS,CMCSA,BKNG,SBUX",,252,10,0.8,60,1.5,0.0,5.0,252.0,5.506079546015568,0.23210749204500836,0.2835365934161472,0.8186156476259266,-0.31735854163969335,0.03582485625829279,41,2185.0,0.519908466819222
usa,AAPL,priority,30,30,"NVDA,MSFT,AVGO,ORCL,AMD,CSCO,QCOM,TXN,IBM,ACN,ADI,GOOGL,META,NFLX,DIS,VZ,AMZN,TSLA,HD,MCD,LOW,WMT,COST,PG,KO,PEP,PM,BRK-B,JPM,V","TMUS,CMCSA,BKNG,SBUX",,252,10,0.8,60,1.5,0.25,5.0,252.0,2.434756984622239,0.1474356750648329,0.24788879096233224,0.5947653965815517,-0.31735854163969335,0.04820875718708536,101,31.914893617021278,0.5126666666666667
usa,AAPL,priority,30,30,"NVDA,MSFT,AVGO,ORCL,AMD,CSCO,QCOM,TXN,IBM,ACN,ADI,GOOGL,META,NFLX,DIS,VZ,AMZN,TSLA,HD,MCD,LOW,WMT,COST,PG,KO,PEP,PM,BRK-B,JPM,V","TMUS,CMCSA,BKNG,SBUX",,252,10,0.8,60,1.5,0.5,5.0,252.0,1.4522079861456305,0.10514217083722044,0.24057796453551977,0.4370399052972987,-0.31735854163969335,0.04997788589119859,109,24.69811320754717,0.5103132161955691
usa,AAPL,priority,30,30,"NVDA,MSFT,AVGO,ORCL,AMD,CSCO,QCOM,TXN,IBM,ACN,ADI,GOOGL,META,NFLX,DIS,VZ,AMZN,TSLA,HD,MCD,LOW,WMT,COST,PG,KO,PEP,PM,BRK-B,JPM,V","TMUS,CMCSA,BKNG,SBUX",,252,10,0.8,60,1.5,0.75,5.0,252.0,0.7462255441115457,0.06410214657640312,0.22889515060133897,0.2800502606018432,-0.29876656081728425,0.054400707651481646,122,18.16393442622951,0.5072202166064982
usa,AAPL,priority,30,30,"NVDA,MSFT,AVGO,ORCL,AMD,CSCO,QCOM,TXN,IBM,ACN,ADI,GOOGL,META,NFLX,DIS,VZ,AMZN,TSLA,HD,MCD,LOW,WMT,COST,PG,KO,PEP,PM,BRK-B,JPM,V","TMUS,CMCSA,BKNG,SBUX",,252,10,0.8,60,1.5,1.0,5.0,252.0,0.5209417395202074,0.04784580044890108,0.22135358153508158,0.21615101105250542,-0.31652204595880284,0.06059265811587793,137,14.072463768115941,0.4984552008238929
usa,AAPL,priority,30,30,"NVDA,MSFT,AVGO,ORCL,AMD,CSCO,QCOM,TXN,IBM,ACN,ADI,GOOGL,META,NFLX,DIS,VZ,AMZN,TSLA,HD,MCD,LOW,WMT,COST,PG,KO,PEP,PM,BRK-B,JPM,V","TMUS,CMCSA,BKNG,SBUX",,252,10,0.8,60,2.0,0.0,5.0,252.0,3.7138597007352034,0.1886425364843587,0.28362474929221404,0.6651131008669603,-0.31735854163969346,0.02697921273772667,31,2184.0,0.5164835164835165
usa,AAPL,priority,30,30,"NVDA,MSFT,AVGO,ORCL,AMD,CSCO,QCOM,TXN,IBM,ACN,ADI,GOOGL,META,NFLX,DIS,VZ,AMZN,TSLA,HD,MCD,LOW,WMT,COST,PG,KO,PEP,PM,BRK-B,JPM,V","TMUS,CMCSA,BKNG,SBUX",,252,10,0.8,60,2.0,0.25,5.0,252.0,1.904196850713701,0.12617690956722893,0.23818707385293367,0.5297386945738948,-0.31735854163969324,0.03759398496240601,80,32.473684210526315,0.5243111831442464
usa,AAPL,priority,30,30,"NVDA,MSFT,AVGO,ORCL,AMD,CSCO,QCOM,TXN,IBM,ACN,ADI,GOOGL,META,NFLX,DIS,VZ,AMZN,TSLA,HD,MCD,LOW,WMT,COST,PG,KO,PEP,PM,BRK-B,JPM,V","TMUS,CMCSA,BKNG,SBUX",,252,10,0.8,60,2.0,0.5,5.0,252.0,1.2713933835077214,0.09574778945097684,0.23127376488295207,0.4140019491594082,-0.31735854163969324,0.03936311366651924,88,24.5,0.5241187384044527
usa,AAPL,priority,30,30,"NVDA,MSFT,AVGO,ORCL,AMD,CSCO,QCOM,TXN,IBM,ACN,ADI,GOOGL,META,NFLX,DIS,VZ,AMZN,TSLA,HD,MCD,LOW,WMT,COST,PG,KO,PEP,PM,BRK-B,JPM,V","TMUS,CMCSA,BKNG,SBUX",,252,10,0.8,60,2.0,0.75,5.0,252.0,1.065022489884151,0.08417646657177746,0.2167361102481719,0.3883822888368343,-0.27679806177034794,0.04201680672268908,94,17.70212765957447,0.5240384615384616
usa,AAPL,priority,30,30,"NVDA,MSFT,AVGO,ORCL,AMD,CSCO,QCOM,TXN,IBM,ACN,ADI,GOOGL,META,NFLX,DIS,VZ,AMZN,TSLA,HD,MCD,LOW,WMT,COST,PG,KO,PEP,PM,BRK-B,JPM,V","TMUS,CMCSA,BKNG,SBUX",,252,10,0.8,60,2.0,1.0,5.0,252.0,0.8333132188546761,0.0698898602469662,0.20966450817767285,0.33334139790479217,-0.27679806177034805,0.04467049977885891,101,14.058823529411764,0.5216178521617852
usa,AAPL,priority,30,30,"NVDA,MSFT,AVGO,ORCL,AMD,CSCO,QCOM,TXN,IBM,ACN,ADI,GOOGL,META,NFLX,DIS,VZ,AMZN,TSLA,HD,MCD,LOW,WMT,COST,PG,KO,PEP,PM,BRK-B,JPM,V","TMUS,CMCSA,BKNG,SBUX",,252,10,0.8,60,2.5,0.0,5.0,252.0,1.3348570258853663,0.09911843142209964,0.2836854132534057,0.3493955867711845,-0.31735854163969335,0.0145953118089341,17,2181.0,0.5025217790004585
usa,AAPL,priority,30,30,"NVDA,MSFT,AVGO,ORCL,AMD,CSCO,QCOM,TXN,IBM,ACN,ADI,GOOGL,META,NFLX,DIS,VZ,AMZN,TSLA,HD,MCD,LOW,WMT,COST,PG,KO,PEP,PM,BRK-B,JPM,V","TMUS,CMCSA,BKNG,SBUX",,252,10,0.8,60,2.5,0.25,5.0,252.0,1.2305297464367508,0.0935328995267175,0.21396401034187676,0.4371431409294882,-0.31735854163969335,0.02344095532950022,51,34.84,0.5269804822043628
usa,AAPL,priority,30,30,"NVDA,MSFT,AVGO,ORCL,AMD,CSCO,QCOM,TXN,IBM,ACN,ADI,GOOGL,META,NFLX,DIS,VZ,AMZN,TSLA,HD,MCD,LOW,WMT,COST,PG,KO,PEP,PM,BRK-B,JPM,V","TMUS,CMCSA,BKNG,SBUX",,252,10,0.8,60,2.5,0.5,5.0,252.0,0.7071608698543572,0.06142221693574634,0.20899933433029427,0.29388714147135564,-0.31735854163969335,0.02344095532950022,53,28.11111111111111,0.5270092226613966
usa,AAPL,priority,30,30,"NVDA,MSFT,AVGO,ORCL,AMD,CSCO,QCOM,TXN,IBM,ACN,ADI,GOOGL,META,NFLX,DIS,VZ,AMZN,TSLA,HD,MCD,LOW,WMT,COST,PG,KO,PEP,PM,BRK-B,JPM,V","TMUS,CMCSA,BKNG,SBUX",,252,10,0.8,60,2.5,0.75,5.0,252.0,0.6914484766209421,0.060328918895143246,0.19509056876918635,0.30923544523835494,-0.27679806177034805,0.025210084033613446,57,19.24137931034483,0.5340501792114696
usa,AAPL,priority,30,30,"NVDA,MSFT,AVGO,ORCL,AMD,CSCO,QCOM,TXN,IBM,ACN,ADI,GOOGL,META,NFLX,DIS,VZ,AMZN,TSLA,HD,MCD,LOW,WMT,COST,PG,KO,PEP,PM,BRK-B,JPM,V","TMUS,CMCSA,BKNG,SBUX",,252,10,0.8,60,2.5,1.0,5.0,252.0,0.5113328278489022,0.0471058866889833,0.18943791712712474,0.24866134194968104,-0.27679806177034805,0.026094648385670056,59,15.966666666666667,0.5323590814196242
usa,AAPL,priority,30,30,"NVDA,MSFT,AVGO,ORCL,AMD,CSCO,QCOM,TXN,IBM,ACN,ADI,GOOGL,META,NFLX,DIS,VZ,AMZN,TSLA,HD,MCD,LOW,WMT,COST,PG,KO,PEP,PM,BRK-B,JPM,V","TMUS,CMCSA,BKNG,SBUX",,252,10,0.8,60,3.0,0.0,5.0,252.0,0.45803994580631757,0.04292466537055617,0.2830168980788826,0.15166820660507765,-0.44401042282936165,0.007518796992481203,9,2151.0,0.5053463505346351
usa,AAPL,priority,30,30,"NVDA,MSFT,AVGO,ORCL,AMD,CSCO,QCOM,TXN,IBM,ACN,ADI,GOOGL,META,NFLX,DIS,VZ,AMZN,TSLA,HD,MCD,LOW,WMT,COST,PG,KO,PEP,PM,BRK-B,JPM,V","TMUS,CMCSA,BKNG,SBUX",,252,10,0.8,60,3.0,0.25,5.0,252.0,0.39251293146694355,0.03759330189876242,0.19510449692995938,0.19268290834043694,-0.27679806177034816,0.013710747456877488,31,39.0625,0.5088
usa,AAPL,priority,30,30,"NVDA,MSFT,AVGO,ORCL,AMD,CSCO,QCOM,TXN,IBM,ACN,ADI,GOOGL,META,NFLX,DIS,VZ,AMZN,TSLA,HD,MCD,LOW,WMT,COST,PG,KO,PEP,PM,BRK-B,JPM,V","TMUS,CMCSA,BKNG,SBUX",,252,10,0.8,60,3.0,0.5,5.0,252.0,0.29440886289878043,0.029179053789066822,0.18799469526705517,0.1552121124886882,-0.27679806177034794,0.013710747456877488,31,31.125,0.5120481927710844
usa,AAPL,priority,30,30,"NVDA,MSFT,AVGO,ORCL,AMD,CSCO,QCOM,TXN,IBM,ACN,ADI,GOOGL,META,NFLX,DIS,VZ,AMZN,TSLA,HD,MCD,LOW,WMT,COST,PG,KO,PEP,PM,BRK-B,JPM,V","TMUS,CMCSA,BKNG,SBUX",,252,10,0.8,60,3.0,0.75,5.0,252.0,0.2768947218012745,0.027617584474073142,0.17868034198933966,0.15456420200785628,-0.27679806177034805,0.0145953118089341,33,21.647058823529413,0.5217391304347826
usa,AAPL,priority,30,30,"NVDA,MSFT,AVGO,ORCL,AMD,CSCO,QCOM,TXN,IBM,ACN,ADI,GOOGL,META,NFLX,DIS,VZ,AMZN,TSLA,HD,MCD,LOW,WMT,COST,PG,KO,PEP,PM,BRK-B,JPM,V","TMUS,CMCSA,BKNG,SBUX",,252,10,0.8,60,3.0,1.0,5.0,252.0,0.21898755323475516,0.022315765098442242,0.1767103065054038,0.12628445697229224,-0.27679806177034805,0.0145953118089341,33,19.470588235294116,0.5196374622356495
usa,AAPL,priority,30,30,"NVDA,MSFT,AVGO,ORCL,AMD,CSCO,QCOM,TXN,IBM,ACN,ADI,GOOGL,META,NFLX,DIS,VZ,AMZN,TSLA,HD,MCD,LOW,WMT,COST,PG,KO,PEP,PM,BRK-B,JPM,V","TMUS,CMCSA,BKNG,SBUX",,252,21,0.8,60,1.0,0.0,5.0,252.0,1.9531685312239913,0.12827775533495123,0.29846252968224857,0.4297951755334891,-0.47720896063151486,0.03759398496240601,43,2193.0,0.5070679434564523
usa,AAPL,priority,30,30,"NVDA,MSFT,AVGO,ORCL,AMD,CSCO,QCOM,TXN,IBM,ACN,ADI,GOOGL,META,NFLX,DIS,VZ,AMZN,TSLA,HD,MCD,LOW,WMT,COST,PG,KO,PEP,PM,BRK-B,JPM,V","TMUS,CMCSA,BKNG,SBUX",,252,21,0.8,60,1.0,0.25,5.0,252.0,0.5321106516395111,0.048700636825491195,0.2721608832256766,0.17894061868218028,-0.4698571909558127,0.053516143299425036,112,32.53846153846154,0.5011820330969267
usa,AAPL,priority,30,30,"NVDA,MSFT,AVGO,ORCL,AMD,CSCO,QCOM,TXN,IBM,ACN,ADI,GOOGL,META,NFLX,DIS,VZ,AMZN,TSLA,HD,MCD,LOW,WMT,COST,PG,KO,PEP,PM,BRK-B,JPM,V","TMUS,CMCSA,BKNG,SBUX",,252,21,0.8,60,1.0,0.5,5.0,252.0,0.588403250828577,0.052926616279979966,0.2643398250893043,0.20022187826635388,-0.45634132750648726,0.06413091552410438,140,22.264705882352942,0.5013210039630119
usa,AAPL,priority,30,30,"NVDA,MSFT,AVGO,ORCL,AMD,CSCO,QCOM,TXN,IBM,ACN,ADI,GOOGL,META,NFLX,DIS,VZ,AMZN,TSLA,HD,MCD,LOW,WMT,COST,PG,KO,PEP,PM,BRK-B,JPM,V","TMUS,CMCSA,BKNG,SBUX",,252,21,0.8,60,1.0,0.75,5.0,252.0,0.8345784284628015,0.06997212839924227,0.254526718902707,0.2749107390410716,-0.41033882798827237,0.08093763821318001,179,15.306818181818182,0.5003711952487008
usa,AAPL,priority,30,30,"NVDA,MSFT,AVGO,ORCL,AMD,CSCO,QCOM,TXN,IBM,ACN,ADI,GOOGL,META,NFLX,DIS,VZ,AMZN,TSLA,HD,MCD,LOW,WMT,COST,PG,KO,PEP,PM,BRK-B,JPM,V","TMUS,CMCSA,BKNG,SBUX",,252,21,0.8,60,1.5,0.0,5.0,252.0,2.912812963812238,0.16422235869991653,0.29834555017748815,0.5504434659817092,-0.362583926809286,0.03228659885006634,37,2185.0,0.5139588100686499
usa,AAPL,priority,30,30,"NVDA,MSFT,AVGO,ORCL,AMD,CSCO,QCOM,TXN,IBM,ACN,ADI,GOOGL,META,NFLX,DIS,VZ,AMZN,TSLA,HD,MCD,LOW,WMT,COST,PG,KO,PEP,PM,BRK-B,JPM,V","TMUS,CMCSA,BKNG,SBUX",,252,21,0.8,60,1.5,0.25,5.0,252.0,1.0512505046064873,0.08336818623868703,0.263103190998486,0.31686497576217826,-0.3694841997745171,0.04467049977885891,93,34.69767441860465,0.5087131367292225
usa,AAPL,priority,30,30,"NVDA,MSFT,AVGO,ORCL,AMD,CSCO,QCOM,TXN,IBM,ACN,ADI,GOOGL,META,NFLX,DIS,VZ,AMZN,TSLA,HD,MCD,LOW,WMT,COST,PG,KO,PEP,PM,BRK-B,JPM,V","TMUS,CMCSA,BKNG,SBUX",,252,21,0.8,60,1.5,0.5,5.0,252.0,0.7582957926297496,0.06491942350556146,0.25357577986252827,0.256015868474333,-0.4358065569508577,0.04997788589119859,110,23.88888888888889,0.506201550387597
usa,AAPL,priority,30,30,"NVDA,MSFT,AVGO,ORCL,AMD,CSCO,QCOM,TXN,IBM,ACN,ADI,GOOGL,META,NFLX,DIS,VZ,AMZN,TSLA,HD,MCD,LOW,WMT,COST,PG,KO,PEP,PM,BRK-B,JPM,V","TMUS,CMCSA,BKNG,SBUX",,252,21,0.8,60,1.5,0.75,5.0,252.0,1.4763517010803509,0.10634963101727535,0.24302833827821665,0.43760177010932466,-0.33830866317023156,0.057938965059708095,128,18.07936507936508,0.5127304653204565
usa,AAPL,priority,30,30,"NVDA,MSFT,AVGO,ORCL,AMD,CSCO,QCOM,TXN,IBM,ACN,ADI,GOOGL,META,NFLX,DIS,VZ,AMZN,TSLA,HD,MCD,LOW,WMT,COST,PG,KO,PEP,PM,BRK-B,JPM,V","TMUS,CMCSA,BKNG,SBUX",,252,21,0.8,60,1.5,1.0,5.0,252.0,0.27209886049759846,0.02718669208986002,0.20909322339088127,0.1300218708620552,-0.33830866317023156,0.06324635117204777,143,13.527777777777779,0.5102669404517454
usa,AAPL,priority,30,30,"NVDA,MSFT,AVGO,ORCL,AMD,CSCO,QCOM,TXN,IBM,ACN,ADI,GOOGL,META,NFLX,DIS,VZ,AMZN,TSLA,HD,MCD,LOW,WMT,COST,PG,KO,PEP,PM,BRK-B,JPM,V","TMUS,CMCSA,BKNG,SBUX",,252,21,0.8,60,2.0,0.0,5.0,252.0,2.8247503964600065,0.16127236573023263,0.2975967415502034,0.5419157645683651,-0.3625839268092861,0.025210084033613446,29,2159.0,0.5136637332098194
usa,AAPL,priority,30,30,"NVDA,MSFT,AVGO,ORCL,AMD,CSCO,QCOM,TXN,IBM,ACN,ADI,GOOGL,META,NFLX,DIS,VZ,AMZN,TSLA,HD,MCD,LOW,WMT,COST,PG,KO,PEP,PM,BRK-B,JPM,V","TMUS,CMCSA,BKNG,SBUX",,252,21,0.8,60,2.0,0.25,5.0,252.0,0.59121701124216,0.053134338467008435,0.25439135778131566,0.20886848881354178,-0.3625839268092861,0.033171163202122954,70,39.15151515151515,0.5123839009287926
usa,AAPL,priority,30,30,"NVDA,MSFT,AVGO,ORCL,AMD,CSCO,QCOM,TXN,IBM,ACN,ADI,GOOGL,META,NFLX,DIS,VZ,AMZN,TSLA,HD,MCD,LOW,WMT,COST,PG,KO,PEP,PM,BRK-B,JPM,V","TMUS,CMCSA,BKNG,SBUX",,252,21,0.8,60,2.0,0.5,5.0,252.0,0.5947136495888938,0.05339201890184975,0.24182943243066482,0.22078379114236987,-0.36835974171069785,0.0367094206103494,81,26.3,0.5114068441064639
usa,AAPL,priority,30,30,"NVDA,MSFT,AVGO,ORCL,AMD,CSCO,QCOM,TXN,IBM,ACN,ADI,GOOGL,META,NFLX,DIS,VZ,AMZN,TSLA,HD,MCD,LOW,WMT,COST,PG,KO,PEP,PM,BRK-B,JPM,V","TMUS,CMCSA,BKNG,SBUX",,252,21,0.8,60,2.0,0.75,5.0,252.0,1.0121514205515623,0.08104688999908305,0.22846476492293574,0.35474568704903475,-0.3032076954132741,0.03936311366651924,87,21.232558139534884,0.5147864184008762
usa,AAPL,priority,30,30,"NVDA,MSFT,AVGO,ORCL,AMD,CSCO,QCOM,TXN,IBM,ACN,ADI,GOOGL,META,NFLX,DIS,VZ,AMZN,TSLA,HD,MCD,LOW,WMT,COST,PG,KO,PEP,PM,BRK-B,JPM,V","TMUS,CMCSA,BKNG,SBUX",,252,21,0.8,60,2.0,1.0,5.0,252.0,0.16884016766963605,0.017540385553597826,0.18860908414346753,0.09299862534858365,-0.3314718297826357,0.04113224237063246,93,15.425531914893616,0.5158620689655172
usa,AAPL,priority,30,30,"NVDA,MSFT,AVGO,ORCL,AMD,CSCO,QCOM,TXN,IBM,ACN,ADI,GOOGL,META,NFLX,DIS,VZ,AMZN,TSLA,HD,MCD,LOW,WMT,COST,PG,KO,PEP,PM,BRK-B,JPM,V","TMUS,CMCSA,BKNG,SBUX",,252,21,0.8,60,2.5,0.0,5.0,252.0,1.8013585698176127,0.12166076063174902,0.29758192135895045,0.4088311550519189,-0.3076198266146146,0.01813356921716055,21,2152.0,0.5088289962825279
usa,AAPL,priority,30,30,"NVDA,MSFT,AVGO,ORCL,AMD,CSCO,QCOM,TXN,IBM,ACN,ADI,GOOGL,META,NFLX,DIS,VZ,AMZN,TSLA,HD,MCD,LOW,WMT,COST,PG,KO,PEP,PM,BRK-B,JPM,V","TMUS,CMCSA,BKNG,SBUX",,252,21,0.8,60,2.5,0.25,5.0,252.0,0.7908276463455011,0.06709758643467545,0.23675520850781234,0.2834049010265444,-0.30320769541327397,0.024325519681556832,53,39.73076923076923,0.5179090029041626
usa,AAPL,priority,30,30,"NVDA,MSFT,AVGO,ORCL,AMD,CSCO,QCOM,TXN,IBM,ACN,ADI,GOOGL,META,NFLX,DIS,VZ,AMZN,TSLA,HD,MCD,LOW,WMT,COST,PG,KO,PEP,PM,BRK-B,JPM,V","TMUS,CMCSA,BKNG,SBUX",,252,21,0.8,60,2.5,0.5,5.0,252.0,0.3570007377376021,0.03461013303900895,0.2219571400318827,0.1559316047865702,-0.33122757474289444,0.024325519681556832,55,27.678571428571427,0.52
usa,AAPL,priority,30,30,"NVDA,MSFT,AVGO,ORCL,AMD,CSCO,QCOM,TXN,IBM,ACN,ADI,GOOGL,META,NFLX,DIS,VZ,AMZN,TSLA,HD,MCD,LOW,WMT,COST,PG,KO,PEP,PM,BRK-B,JPM,V","TMUS,CMCSA,BKNG,SBUX",,252,21,0.8,60,2.5,0.75,5.0,252.0,0.7316545394761618,0.0631088293986577,0.2085870612839438,0.3025539024817526,-0.30320769541327397,0.025210084033613446,57,22.82758620689655,0.525679758308157
usa,AAPL,priority,30,30,"NVDA,MSFT,AVGO,ORCL,AMD,CSCO,QCOM,TXN,IBM,ACN,ADI,GOOGL,META,NFLX,DIS,VZ,AMZN,TSLA,HD,MCD,LOW,WMT,COST,PG,KO,PEP,PM,BRK-B,JPM,V","TMUS,CMCSA,BKNG,SBUX",,252,21,0.8,60,2.5,1.0,5.0,252.0,0.03460287002692253,0.0037986377651497705,0.16595502192927522,0.022889562008967884,-0.34079511477368585,0.025210084033613446,57,17.20689655172414,0.5210420841683366
usa,AAPL,priority,30,30,"NVDA,MSFT,AVGO,ORCL,AMD,CSCO,QCOM,TXN,IBM,ACN,ADI,GOOGL,META,NFLX,DIS,VZ,AMZN,TSLA,HD,MCD,LOW,WMT,COST,PG,KO,PEP,PM,BRK-B,JPM,V","TMUS,CMCSA,BKNG,SBUX",,252,21,0.8,60,3.0,0.0,5.0,252.0,0.2565957488113981,0.02578384426901037,0.2878138889345772,0.08958512865538354,-0.45091682383306275,0.005749668288367979,7,1799.0,0.5202890494719289
usa,AAPL,priority,30,30,"NVDA,MSFT,AVGO,ORCL,AMD,CSCO,QCOM,TXN,IBM,ACN,ADI,GOOGL,META,NFLX,DIS,VZ,AMZN,TSLA,HD,MCD,LOW,WMT,COST,PG,KO,PEP,PM,BRK-B,JPM,V","TMUS,CMCSA,BKNG,SBUX",,252,21,0.8,60,3.0,0.25,5.0,252.0,0.7346354318803636,0.06331264191114205,0.21315408605277425,0.2970275779534747,-0.38396877646054917,0.011941618752764263,27,41.142857142857146,0.5347222222222222
usa,AAPL,priority,30,30,"NVDA,MSFT,AVGO,ORCL,AMD,CSCO,QCOM,TXN,IBM,ACN,ADI,GOOGL,META,NFLX,DIS,VZ,AMZN,TSLA,HD,MCD,LOW,WMT,COST,PG,KO,PEP,PM,BRK-B,JPM,V","TMUS,CMCSA,BKNG,SBUX",,252,21,0.8,60,3.0,0.5,5.0,252.0,0.38767041925596435,0.0371905194375981,0.2004436615843914,0.18554101009544788,-0.4103423471370432,0.011941618752764263,27,29.857142857142858,0.5287081339712919
usa,AAPL,priority,30,30,"NVDA,MSFT,AVGO,ORCL,AMD,CSCO,QCOM,TXN,IBM,ACN,ADI,GOOGL,META,NFLX,DIS,VZ,AMZN,TSLA,HD,MCD,LOW,WMT,COST,PG,KO,PEP,PM,BRK-B,JPM,V","TMUS,CMCSA,BKNG,SBUX",,252,21,0.8,60,3.0,0.75,5.0,252.0,0.8309056230349277,0.06973317089615305,0.18604417484458363,0.37482050139116846,-0.3268751211371077,0.012826183104820876,29,22.0,0.5424242424242425
usa,AAPL,priority,30,30,"NVDA,MSFT,AVGO,ORCL,AMD,CSCO,QCOM,TXN,IBM,ACN,ADI,GOOGL,META,NFLX,DIS,VZ,AMZN,TSLA,HD,MCD,LOW,WMT,COST,PG,KO,PEP,PM,BRK-B,JPM,V","TMUS,CMCSA,BKNG,SBUX",,252,21,0.8,60,3.0,1.0,5.0,252.0,0.3568104904632916,0.03459396556701089,0.14312590572912023,0.24170303335919738,-0.33459772974895685,0.012826183104820876,29,13.933333333333334,0.5550239234449761
usa,AAPL,priority,30,30,"NVDA,MSFT,AVGO,ORCL,AMD,CSCO,QCOM,TXN,IBM,ACN,ADI,GOOGL,META,NFLX,DIS,VZ,AMZN,TSLA,HD,MCD,LOW,WMT,COST,PG,KO,PEP,PM,BRK-B,JPM,V","TMUS,CMCSA,BKNG,SBUX",,252,63,0.8,60,1.0,0.0,5.0,252.0,1.5513064520367879,0.11003270007137167,0.3211111695732563,0.342662325379714,-0.4622276881088442,0.03582485625829279,41,2201.0,0.497955474784189
usa,AAPL,priority,30,30,"NVDA,MSFT,AVGO,ORCL,AMD,CSCO,QCOM,TXN,IBM,ACN,ADI,GOOGL,META,NFLX,DIS,VZ,AMZN,TSLA,HD,MCD,LOW,WMT,COST,PG,KO,PEP,PM,BRK-B,JPM,V","TMUS,CMCSA,BKNG,SBUX",,252,63,0.8,60,1.0,0.25,5.0,252.0,0.9158727808960954,0.075155318286803,0.3004366806777835,0.25015360347229576,-0.5296182449588269,0.05307386112339673,105,38.8,0.497709049255441
usa,AAPL,priority,30,30,"NVDA,MSFT,AVGO,ORCL,AMD,CSCO,QCOM,TXN,IBM,ACN,ADI,GOOGL,META,NFLX,DIS,VZ,AMZN,TSLA,HD,MCD,LOW,WMT,COST,PG,KO,PEP,PM,BRK-B,JPM,V","TMUS,CMCSA,BKNG,SBUX",,252,63,0.8,60,1.0,0.5,5.0,252.0,0.4814283709125604,0.0447761046639632,0.2874621802731914,0.15576346294114224,-0.5451758193170821,0.06015037593984962,126,28.103448275862068,0.49325153374233127
usa,AAPL,priority,30,30,"NVDA,MSFT,AVGO,ORCL,AMD,CSCO,QCOM,TXN,IBM,ACN,ADI,GOOGL,META,NFLX,DIS,VZ,AMZN,TSLA,HD,MCD,LOW,WMT,COST,PG,KO,PEP,PM,BRK-B,JPM,V","TMUS,CMCSA,BKNG,SBUX",,252,63,0.8,60,1.0,0.75,5.0,252.0,0.6677689532956146,0.05866408294393066,0.2823116767793315,0.2077989958232771,-0.520136584037697,0.07430340557275542,158,19.864864864864863,0.4959183673469388
usa,AAPL,priority,30,30,"NVDA,MSFT,AVGO,ORCL,AMD,CSCO,QCOM,TXN,IBM,ACN,ADI,GOOGL,META,NFLX,DIS,VZ,AMZN,TSLA,HD,MCD,LOW,WMT,COST,PG,KO,PEP,PM,BRK-B,JPM,V","TMUS,CMCSA,BKNG,SBUX",,252,63,0.8,60,1.5,0.0,5.0,252.0,0.8833048761369122,0.07310275217883033,0.32112161273778494,0.22764818461011876,-0.46334434526596435,0.02697921273772667,31,2201.0,0.493866424352567
usa,AAPL,priority,30,30,"NVDA,MSFT,AVGO,ORCL,AMD,CSCO,QCOM,TXN,IBM,ACN,ADI,GOOGL,META,NFLX,DIS,VZ,AMZN,TSLA,HD,MCD,LOW,WMT,COST,PG,KO,PEP,PM,BRK-B,JPM,V","TMUS,CMCSA,BKNG,SBUX",,252,63,0.8,60,1.5,0.25,5.0,252.0,0.5447418935889334,0.0496607491488672,0.29422592477225046,0.1687844101001901,-0.49483357596404076,0.04157452454666077,84,42.729729729729726,0.4965211891208096
usa,AAPL,priority,30,30,"NVDA,MSFT,AVGO,ORCL,AMD,CSCO,QCOM,TXN,IBM,ACN,ADI,GOOGL,META,NFLX,DIS,VZ,AMZN,TSLA,HD,MCD,LOW,WMT,COST,PG,KO,PEP,PM,BRK-B,JPM,V","TMUS,CMCSA,BKNG,SBUX",,252,63,0.8,60,1.5,0.5,5.0,252.0,0.5715094031807952,0.051672531346429906,0.28251262973147195,0.18290343831900405,-0.507540122047738,0.04688191065900044,98,32.8,0.49796747967479676
usa,AAPL,priority,30,30,"NVDA,MSFT,AVGO,ORCL,AMD,CSCO,QCOM,TXN,IBM,ACN,ADI,GOOGL,META,NFLX,DIS,VZ,AMZN,TSLA,HD,MCD,LOW,WMT,COST,PG,KO,PEP,PM,BRK-B,JPM,V","TMUS,CMCSA,BKNG,SBUX",,252,63,0.8,60,1.5,0.75,5.0,252.0,0.6081475083116112,0.05437736374793123,0.2749778619880918,0.1977517875613059,-0.49969175802496013,0.05042016806722689,106,26.346938775510203,0.5011618900077459
usa,AAPL,priority,30,30,"NVDA,MSFT,AVGO,ORCL,AMD,CSCO,QCOM,TXN,IBM,ACN,ADI,GOOGL,META,NFLX,DIS,VZ,AMZN,TSLA,HD,MCD,LOW,WMT,COST,PG,KO,PEP,PM,BRK-B,JPM,V","TMUS,CMCSA,BKNG,SBUX",,252,63,0.8,60,1.5,1.0,5.0,252.0,0.13418927782678458,0.014133157741262004,0.2509003253960231,0.05632977047341056,-0.5576537271763746,0.05926581158779301,129,18.43548387096774,0.49431321084864394
usa,AAPL,priority,30,30,"NVDA,MSFT,AVGO,ORCL,AMD,CSCO,QCOM,TXN,IBM,ACN,ADI,GOOGL,META,NFLX,DIS,VZ,AMZN,TSLA,HD,MCD,LOW,WMT,COST,PG,KO,PEP,PM,BRK-B,JPM,V","TMUS,CMCSA,BKNG,SBUX",,252,63,0.8,60,2.0,0.0,5.0,252.0,0.6600747537079816,0.05811860456150986,0.31560819555160663,0.18414795743796394,-0.41825402900885156,0.020787262273330383,24,2135.0,0.49461358313817333
usa,AAPL,priority,30,30,"NVDA,MSFT,AVGO,ORCL,AMD,CSCO,QCOM,TXN,IBM,ACN,ADI,GOOGL,META,NFLX,DIS,VZ,AMZN,TSLA,HD,MCD,LOW,WMT,COST,PG,KO,PEP,PM,BRK-B,JPM,V","TMUS,CMCSA,BKNG,SBUX",,252,63,0.8,60,2.0,0.25,5.0,252.0,0.3356918981072723,0.03278663297535189,0.25551173836809926,0.12831752147573866,-0.45407686923998425,0.03184431667403804,67,38.58064516129032,0.49414715719063546
usa,AAPL,priority,30,30,"NVDA,MSFT,AVGO,ORCL,AMD,CSCO,QCOM,TXN,IBM,ACN,ADI,GOOGL,META,NFLX,DIS,VZ,AMZN,TSLA,HD,MCD,LOW,WMT,COST,PG,KO,PEP,PM,BRK-B,JPM,V","TMUS,CMCSA,BKNG,SBUX",,252,63,0.8,60,2.0,0.5,5.0,252.0,0.09638861526866194,0.01030906473277815,0.2515830846968604,0.040976780077245,-0.48750362303087025,0.03184431667403804,68,34.78125,0.4887690925426775
usa,AAPL,priority,30,30,"NVDA,MSFT,AVGO,ORCL,AMD,CSCO,QCOM,TXN,IBM,ACN,ADI,GOOGL,META,NFLX,DIS,VZ,AMZN,TSLA,HD,MCD,LOW,WMT,COST,PG,KO,PEP,PM,BRK-B,JPM,V","TMUS,CMCSA,BKNG,SBUX",,252,63,0.8,60,2.0,0.75,5.0,252.0,0.2734933434792459,0.027312130431638604,0.24527933191570728,0.11135112860232632,-0.4432744790872679,0.03449800973020787,74,28.142857142857142,0.49746192893401014
usa,AAPL,priority,30,30,"NVDA,MSFT,AVGO,ORCL,AMD,CSCO,QCOM,TXN,IBM,ACN,ADI,GOOGL,META,NFLX,DIS,VZ,AMZN,TSLA,HD,MCD,LOW,WMT,COST,PG,KO,PEP,PM,BRK-B,JPM,V","TMUS,CMCSA,BKNG,SBUX",,252,63,0.8,60,2.0,1.0,5.0,252.0,0.08068753965478215,0.008686139599005438,0.23123711135531116,0.03756377835761236,-0.492609155360925,0.03803626713843432,84,19.926829268292682,0.49326805385556916
usa,AAPL,priority,30,30,"NVDA,MSFT,AVGO,ORCL,AMD,CSCO,QCOM,TXN,IBM,ACN,ADI,GOOGL,META,NFLX,DIS,VZ,AMZN,TSLA,HD,MCD,LOW,WMT,COST,PG,KO,PEP,PM,BRK-B,JPM,V","TMUS,CMCSA,BKNG,SBUX",,252,63,0.8,60,2.5,0.0,5.0,252.0,0.8077654602666444,0.06821777151259534,0.31299999280851026,0.21794815680500726,-0.4182540290088522,0.011941618752764263,14,1995.0,0.5137844611528822
usa,AAPL,priority,30,30,"NVDA,MSFT,AVGO,ORCL,AMD,CSCO,QCOM,TXN,IBM,ACN,ADI,GOOGL,META,NFLX,DIS,VZ,AMZN,TSLA,HD,MCD,LOW,WMT,COST,PG,KO,PEP,PM,BRK-B,JPM,V","TMUS,CMCSA,BKNG,SBUX",,252,63,0.8,60,2.5,0.25,5.0,252.0,0.39401985440495313,0.03771838834065444,0.2268731828413601,0.16625318104268333,-0.37613213987740557,0.019460415745245468,41,41.94736842105263,0.5043914680050188
usa,AAPL,priority,30,30,"NVDA,MSFT,AVGO,ORCL,AMD,CSCO,QCOM,TXN,IBM,ACN,ADI,GOOGL,META,NFLX,DIS,VZ,AMZN,TSLA,HD,MCD,LOW,WMT,COST,PG,KO,PEP,PM,BRK-B,JPM,V","TMUS,CMCSA,BKNG,SBUX",,252,63,0.8,60,2.5,0.5,5.0,252.0,0.2236726661332482,0.022752950257309168,0.22360483649149898,0.1017551794241901,-0.38325537271385657,0.019460415745245468,42,36.8,0.49728260869565216
usa,AAPL,priority,30,30,"NVDA,MSFT,AVGO,ORCL,AMD,CSCO,QCOM,TXN,IBM,ACN,ADI,GOOGL,META,NFLX,DIS,VZ,AMZN,TSLA,HD,MCD,LOW,WMT,COST,PG,KO,PEP,PM,BRK-B,JPM,V","TMUS,CMCSA,BKNG,SBUX",,252,63,0.8,60,2.5,0.75,5.0,252.0,-0.058629419900534496,-0.006711317347781853,0.21505187082600347,-0.031207900317277035,-0.41920294281186943,0.019460415745245468,43,29.333333333333332,0.4967532467532468
usa,AAPL,priority,30,30,"NVDA,MSFT,AVGO,ORCL,AMD,CSCO,QCOM,TXN,IBM,ACN,ADI,GOOGL,META,NFLX,DIS,VZ,AMZN,TSLA,HD,MCD,LOW,WMT,COST,PG,KO,PEP,PM,BRK-B,JPM,V","TMUS,CMCSA,BKNG,SBUX",,252,63,0.8,60,2.5,1.0,5.0,252.0,0.040505327906632305,0.004435297797845239,0.20989450720956376,0.02113108083108116,-0.3977857483005516,0.021229544449358692,47,22.652173913043477,0.4932821497120921
usa,AAPL,priority,30,30,"NVDA,MSFT,AVGO,ORCL,AMD,CSCO,QCOM,TXN,IBM,ACN,ADI,GOOGL,META,NFLX,DIS,VZ,AMZN,TSLA,HD,MCD,LOW,WMT,COST,PG,KO,PEP,PM,BRK-B,JPM,V","TMUS,CMCSA,BKNG,SBUX",,252,63,0.8,60,3.0,0.0,5.0,252.0,1.5029529306651983,0.1076679428100975,0.3128975817719157,0.3440996322195332,-0.43318259300928696,0.007518796992481203,9,1993.0,0.5137982940291018
usa,AAPL,priority,30,30,"NVDA,MSFT,AVGO,ORCL,AMD,CSCO,QCOM,TXN,IBM,ACN,ADI,GOOGL,META,NFLX,DIS,VZ,AMZN,TSLA,HD,MCD,LOW,WMT,COST,PG,KO,PEP,PM,BRK-B,JPM,V","TMUS,CMCSA,BKNG,SBUX",,252,63,0.8,60,3.0,0.25,5.0,252.0,0.8024196349197033,0.06786523531660871,0.22160471916748845,0.3062445401504121,-0.3154848947337078,0.014153029632905795,31,42.333333333333336,0.5181102362204725
usa,AAPL,priority,30,30,"NVDA,MSFT,AVGO,ORCL,AMD,CSCO,QCOM,TXN,IBM,ACN,ADI,GOOGL,META,NFLX,DIS,VZ,AMZN,TSLA,HD,MCD,LOW,WMT,COST,PG,KO,PEP,PM,BRK-B,JPM,V","TMUS,CMCSA,BKNG,SBUX",,252,63,0.8,60,3.0,0.5,5.0,252.0,0.630970239780746,0.056034717536214806,0.21665637604410826,0.25863405711543386,-0.3154566494836223,0.014153029632905795,32,35.6875,0.5131348511383538
usa,AAPL,priority,30,30,"NVDA,MSFT,AVGO,ORCL,AMD,CSCO,QCOM,TXN,IBM,ACN,ADI,GOOGL,META,NFLX,DIS,VZ,AMZN,TSLA,HD,MCD,LOW,WMT,COST,PG,KO,PEP,PM,BRK-B,JPM,V","TMUS,CMCSA,BKNG,SBUX",,252,63,0.8,60,3.0,0.75,5.0,252.0,0.22497370650003257,0.022874091263443086,0.20470335427182532,0.11174263042641017,-0.32114598925487436,0.014153029632905795,32,25.5,0.5098039215686274
usa,AAPL,priority,30,30,"NVDA,MSFT,AVGO,ORCL,AMD,CSCO,QCOM,TXN,IBM,ACN,ADI,GOOGL,META,NFLX,DIS,VZ,AMZN,TSLA,HD,MCD,LOW,WMT,COST,PG,KO,PEP,PM,BRK-B,JPM,V","TMUS,CMCSA,BKNG,SBUX",,252,63,0.8,60,3.0,1.0,5.0,252.0,0.24810746954166496,0.025009227583000504,0.20114578006331835,0.12433384172975387,-0.32574586548894247,0.015037593984962405,34,21.294117647058822,0.5027624309392266
usa,MSFT,priority,30,30,"NVDA,AAPL,AVGO,ORCL,AMD,CSCO,QCOM,TXN,IBM,ACN,ADI,GOOGL,META,NFLX,DIS,VZ,AMZN,TSLA,HD,MCD,LOW,WMT,COST,PG,KO,PEP,PM,BRK-B,JPM,V","TMUS,CMCSA,BKNG,SBUX",,252,5,0.8,60,1.0,0.0,5.0,252.0,1.9612366976710103,0.12862089906996155,0.1969418806763284,0.6530906408949575,-0.23313704001876934,0.04732419283502875,54,2200.0,0.519090909090909
usa,MSFT,priority,30,30,"NVDA,AAPL,AVGO,ORCL,AMD,CSCO,QCOM,TXN,IBM,ACN,ADI,GOOGL,META,NFLX,DIS,VZ,AMZN,TSLA,HD,MCD,LOW,WMT,COST,PG,KO,PEP,PM,BRK-B,JPM,V","TMUS,CMCSA,BKNG,SBUX",,252,5,0.8,60,1.0,0.25,5.0,252.0,1.5356124386421017,0.10926957274873206,0.17546380447331575,0.6227470849428071,-0.22148453208556562,0.0734188412206988,154,22.422535211267604,0.5201005025125628
usa,MSFT,priority,30,30,"NVDA,AAPL,AVGO,ORCL,AMD,CSCO,QCOM,TXN,IBM,ACN,ADI,GOOGL,META,NFLX,DIS,VZ,AMZN,TSLA,HD,MCD,LOW,WMT,COST,PG,KO,PEP,PM,BRK-B,JPM,V","TMUS,CMCSA,BKNG,SBUX",,252,5,0.8,60,1.0,0.5,5.0,252.0,1.2322514241050575,0.0936269425922287,0.17030401135048803,0.5497635777911487,-0.23651193952740313,0.08226448474126492,179,16.872093023255815,0.5175740868366644
usa,MSFT,priority,30,30,"NVDA,AAPL,AVGO,ORCL,AMD,CSCO,QCOM,TXN,IBM,ACN,ADI,GOOGL,META,NFLX,DIS,VZ,AMZN,TSLA,HD,MCD,LOW,WMT,COST,PG,KO,PEP,PM,BRK-B,JPM,V","TMUS,CMCSA,BKNG,SBUX",,252,5,0.8,60,1.0,0.75,5.0,252.0,0.9312404943876356,0.07611311015301414,0.1639416916844605,0.46426939585026045,-0.22629462394485067,0.09818664307828394,216,12.533333333333333,0.5144376899696048
usa,MSFT,priority,30,30,"NVDA,AAPL,AVGO,ORCL,AMD,CSCO,QCOM,TXN,IBM,ACN,ADI,GOOGL,META,NFLX,DIS,VZ,AMZN,TSLA,HD,MCD,LOW,WMT,COST,PG,KO,PEP,PM,BRK-B,JPM,V","TMUS,CMCSA,BKNG,SBUX",,252,5,0.8,60,1.5,0.0,5.0,252.0,2.2011025495421657,0.1384611640394504,0.19684736024685073,0.7033935525770688,-0.22785017794461604,0.0367094206103494,42,2196.0,0.5273224043715847
usa,MSFT,priority,30,30,"NVDA,AAPL,AVGO,ORCL,AMD,CSCO,QCOM,TXN,IBM,ACN,ADI,GOOGL,META,NFLX,DIS,VZ,AMZN,TSLA,HD,MCD,LOW,WMT,COST,PG,KO,PEP,PM,BRK-B,JPM,V","TMUS,CMCSA,BKNG,SBUX",,252,5,0.8,60,1.5,0.25,5.0,252.0,1.1585651536497585,0.08954309909053282,0.16387442580597747,0.5464128929827601,-0.2945410873941027,0.05218929677134011,112,25.77358490566038,0.5234260614934114
usa,MSFT,priority,30,30,"NVDA,AAPL,AVGO,ORCL,AMD,CSCO,QCOM,TXN,IBM,ACN,ADI,GOOGL,META,NFLX,DIS,VZ,AMZN,TSLA,HD,MCD,LOW,WMT,COST,PG,KO,PEP,PM,BRK-B,JPM,V","TMUS,CMCSA,BKNG,SBUX",,252,5,0.8,60,1.5,0.5,5.0,252.0,1.0580559825810072,0.08376820164103704,0.15667705256625244,0.5346552048878684,-0.25437180934890247,0.05661211853162318,124,19.766666666666666,0.5236087689713322
usa,MSFT,priority,30,30,"NVDA,AAPL,AVGO,ORCL,AMD,CSCO,QCOM,TXN,IBM,ACN,ADI,GOOGL,META,NFLX,DIS,VZ,AMZN,TSLA,HD,MCD,LOW,WMT,COST,PG,KO,PEP,PM,BRK-B,JPM,V","TMUS,CMCSA,BKNG,SBUX",,252,5,0.8,60,1.5,0.75,5.0,252.0,0.9175181720745129,0.0752581928574918,0.150111356026508,0.5013490974273928,-0.22008406779709633,0.06368863334807608,141,15.130434782608695,0.5268199233716475
usa,MSFT,priority,30,30,"NVDA,AAPL,AVGO,ORCL,AMD,CSCO,QCOM,TXN,IBM,ACN,ADI,GOOGL,META,NFLX,DIS,VZ,AMZN,TSLA,HD,MCD,LOW,WMT,COST,PG,KO,PEP,PM,BRK-B,JPM,V","TMUS,CMCSA,BKNG,SBUX",,252,5,0.8,60,1.5,1.0,5.0,252.0,0.7549741416381561,0.06469501280158618,0.1418239636076563,0.45616418520469026,-0.17889076540059312,0.0725342768686422,164,10.853658536585366,0.5280898876404494
usa,MSFT,priority,30,30,"NVDA,AAPL,AVGO,ORCL,AMD,CSCO,QCOM,TXN,IBM,ACN,ADI,GOOGL,META,NFLX,DIS,VZ,AMZN,TSLA,HD,MCD,LOW,WMT,COST,PG,KO,PEP,PM,BRK-B,JPM,V","TMUS,CMCSA,BKNG,SBUX",,252,5,0.8,60,2.0,0.0,5.0,252.0,2.2198657907154433,0.13920298349137128,0.19679687438257634,0.707343467359946,-0.23396422861371435,0.024325519681556832,28,2192.0,0.5287408759124088
usa,MSFT,priority,30,30,"NVDA,AAPL,AVGO,ORCL,AMD,CSCO,QCOM,TXN,IBM,ACN,ADI,GOOGL,META,NFLX,DIS,VZ,AMZN,TSLA,HD,MCD,LOW,WMT,COST,PG,KO,PEP,PM,BRK-B,JPM,V","TMUS,CMCSA,BKNG,SBUX",,252,5,0.8,60,2.0,0.25,5.0,252.0,1.412098025788182,0.10311266533096752,0.14982382014098392,0.6882261127365376,-0.1824929468186246,0.03803626713843432,81,28.342105263157894,0.542246982358403
usa,MSFT,priority,30,30,"NVDA,AAPL,AVGO,ORCL,AMD,CSCO,QCOM,TXN,IBM,ACN,ADI,GOOGL,META,NFLX,DIS,VZ,AMZN,TSLA,HD,MCD,LOW,WMT,COST,PG,KO,PEP,PM,BRK-B,JPM,V","TMUS,CMCSA,BKNG,SBUX",,252,5,0.8,60,2.0,0.5,5.0,252.0,1.154079044356906,0.0892904891624664,0.14417975245553277,0.6192997812921405,-0.18830559923605728,0.039805395842547546,87,21.261904761904763,0.541993281075028
usa,MSFT,priority,30,30,"NVDA,AAPL,AVGO,ORCL,AMD,CSCO,QCOM,TXN,IBM,ACN,ADI,GOOGL,META,NFLX,DIS,VZ,AMZN,TSLA,HD,MCD,LOW,WMT,COST,PG,KO,PEP,PM,BRK-B,JPM,V","TMUS,CMCSA,BKNG,SBUX",,252,5,0.8,60,2.0,0.75,5.0,252.0,1.0068644589403433,0.08072993506458315,0.1369535200627955,0.5894695881315581,-0.17889076540059334,0.042459088898717384,94,16.52173913043478,0.5407894736842105
usa,MSFT,priority,30,30,"NVDA,AAPL,AVGO,ORCL,AMD,CSCO,QCOM,TXN,IBM,ACN,ADI,GOOGL,META,NFLX,DIS,VZ,AMZN,TSLA,HD,MCD,LOW,WMT,COST,PG,KO,PEP,PM,BRK-B,JPM,V","TMUS,CMCSA,BKNG,SBUX",,252,5,0.8,60,2.0,1.0,5.0,252.0,0.7551019660836622,0.06470365559915336,0.130960740746018,0.494069102164274,-0.17889076540059312,0.045112781954887216,102,12.549019607843137,0.540625
usa,MSFT,priority,30,30,"NVDA,AAPL,AVGO,ORCL,AMD,CSCO,QCOM,TXN,IBM,ACN,ADI,GOOGL,META,NFLX,DIS,VZ,AMZN,TSLA,HD,MCD,LOW,WMT,COST,PG,KO,PEP,PM,BRK-B,JPM,V","TMUS,CMCSA,BKNG,SBUX",,252,5,0.8,60,2.5,0.0,5.0,252.0,0.6515720860406078,0.057513190931373526,0.19544323025257865,0.29427057083045066,-0.22785017794461593,0.010172490048651039,12,2059.0,0.5133559980573094
usa,MSFT,priority,30,30,"NVDA,AAPL,AVGO,ORCL,AMD,CSCO,QCOM,TXN,IBM,ACN,ADI,GOOGL,META,NFLX,DIS,VZ,AMZN,TSLA,HD,MCD,LOW,WMT,COST,PG,KO,PEP,PM,BRK-B,JPM,V","TMUS,CMCSA,BKNG,SBUX",,252,5,0.8,60,2.5,0.25,5.0,252.0,0.5130711426289192,0.04724005101942552,0.12894284139980988,0.36636427820719,-0.17889076540059357,0.020344980097302078,45,28.727272727272727,0.5332278481012658
usa,MSFT,priority,30,30,"NVDA,AAPL,AVGO,ORCL,AMD,CSCO,QCOM,TXN,IBM,ACN,ADI,GOOGL,META,NFLX,DIS,VZ,AMZN,TSLA,HD,MCD,LOW,WMT,COST,PG,KO,PEP,PM,BRK-B,JPM,V","TMUS,CMCSA,BKNG,SBUX",,252,5,0.8,60,2.5,0.5,5.0,252.0,0.498817948527835,0.046135912306362936,0.12378338203288984,0.3727149117165372,-0.17889076540059357,0.021229544449358692,47,22.217391304347824,0.5322896281800391
usa,MSFT,priority,30,30,"NVDA,AAPL,AVGO,ORCL,AMD,CSCO,QCOM,TXN,IBM,ACN,ADI,GOOGL,META,NFLX,DIS,VZ,AMZN,TSLA,HD,MCD,LOW,WMT,COST,PG,KO,PEP,PM,BRK-B,JPM,V","TMUS,CMCSA,BKNG,SBUX",,252,5,0.8,60,2.5,0.75,5.0,252.0,0.6913734077331386,0.060323673836401914,0.11774897409345288,0.5123074260377446,-0.178890765400593,0.023883237505528527,53,15.653846153846153,0.542997542997543
usa,MSFT,priority,30,30,"NVDA,AAPL,AVGO,ORCL,AMD,CSCO,QCOM,TXN,IBM,ACN,ADI,GOOGL,META,NFLX,DIS,VZ,AMZN,TSLA,HD,MCD,LOW,WMT,COST,PG,KO,PEP,PM,BRK-B,JPM,V","TMUS,CMCSA,BKNG,SBUX",,252,5,0.8,60,2.5,1.0,5.0,252.0,0.42725891009015804,0.04044738301815731,0.11457477896477888,0.3530216980003176,-0.17889076540059357,0.023883237505528527,54,13.592592592592593,0.5367847411444142
usa,MSFT,priority,30,30,"NVDA,AAPL,AVGO,ORCL,AMD,CSCO,QCOM,TXN,IBM,ACN,ADI,GOOGL,META,NFLX,DIS,VZ,AMZN,TSLA,HD,MCD,LOW,WMT,COST,PG,KO,PEP,PM,BRK-B,JPM,V","TMUS,CMCSA,BKNG,SBUX",,252,5,0.8,60,3.0,0.0,5.0,252.0,0.48896769053463274,0.04536738685201458,0.19546765005594277,0.23209665046380026,-0.22785017794461593,0.003980539584254755,5,2059.0,0.5114133074307916
usa,MSFT,priority,30,30,"NVDA,AAPL,AVGO,ORCL,AMD,CSCO,QCOM,TXN,IBM,ACN,ADI,GOOGL,META,NFLX,DIS,VZ,AMZN,TSLA,HD,MCD,LOW,WMT,COST,PG,KO,PEP,PM,BRK-B,JPM,V","TMUS,CMCSA,BKNG,SBUX",,252,5,0.8,60,3.0,0.25,5.0,252.0,0.31422424675854455,0.0309232144858278,0.10675670658150456,0.28966062625975764,-0.17889076540059345,0.009730207872622734,21,28.9,0.5363321799307958
usa,MSFT,priority,30,30,"NVDA,AAPL,AVGO,ORCL,AMD,CSCO,QCOM,TXN,IBM,ACN,ADI,GOOGL,META,NFLX,DIS,VZ,AMZN,TSLA,HD,MCD,LOW,WMT,COST,PG,KO,PEP,PM,BRK-B,JPM,V","TMUS,CMCSA,BKNG,SBUX",,252,5,0.8,60,3.0,0.5,5.0,252.0,0.23950818081798153,0.02421969253482903,0.1051169787145333,0.23040704585509986,-0.17889076540059323,0.009730207872622734,21,27.0,0.5333333333333333
usa,MSFT,priority,30,30,"NVDA,AAPL,AVGO,ORCL,AMD,CSCO,QCOM,TXN,IBM,ACN,ADI,GOOGL,META,NFLX,DIS,VZ,AMZN,TSLA,HD,MCD,LOW,WMT,COST,PG,KO,PEP,PM,BRK-B,JPM,V","TMUS,CMCSA,BKNG,SBUX",,252,5,0.8,60,3.0,0.75,5.0,252.0,0.18762810811817765,0.019350451503733934,0.10230400710566233,0.18914656474548713,-0.17889076540059323,0.009730207872622734,21,22.1,0.5248868778280543
usa,MSFT,priority,30,30,"NVDA,AAPL,AVGO,ORCL,AMD,CSCO,QCOM,TXN,IBM,ACN,ADI,GOOGL,META,NFLX,DIS,VZ,AMZN,TSLA,HD,MCD,LOW,WMT,COST,PG,KO,PEP,PM,BRK-B,JPM,V","TMUS,CMCSA,BKNG,SBUX",,252,5,0.8,60,3.0,1.0,5.0,252.0,0.09433699774293736,0.010098178885346698,0.10121733504333287,0.099767286710557,-0.17889076540059357,0.009730207872622734,22,18.545454545454547,0.5147058823529411
usa,MSFT,priority,30,30,"NVDA,AAPL,AVGO,ORCL,AMD,CSCO,QCOM,TXN,IBM,ACN,ADI,GOOGL,META,NFLX,DIS,VZ,AMZN,TSLA,HD,MCD,LOW,WMT,COST,PG,KO,PEP,PM,BRK-B,JPM,V","TMUS,CMCSA,BKNG,SBUX",,252,10,0.8,60,1.0,0.0,5.0,252.0,2.6065942264058726,0.15369587029337128,0.21665584477539637,0.7094009877864376,-0.2741595369227141,0.04732419283502875,54,2200.0,0.5163636363636364
usa,MSFT,priority,30,30,"NVDA,AAPL,AVGO,ORCL,AMD,CSCO,QCOM,TXN,IBM,ACN,ADI,GOOGL,META,NFLX,DIS,VZ,AMZN,TSLA,HD,MCD,LOW,WMT,COST,PG,KO,PEP,PM,BRK-B,JPM,V","TMUS,CMCSA,BKNG,SBUX",,252,10,0.8,60,1.0,0.25,5.0,252.0,1.2803554268725725,0.09622881173945586,0.19473370981908406,0.49415590053132835,-0.274159536922714,0.06811145510835913,142,25.184615384615384,0.5131337813072694
usa,MSFT,priority,30,30,"NVDA,AAPL,AVGO,ORCL,AMD,CSCO,QCOM,TXN,IBM,ACN,ADI,GOOGL,META,NFLX,DIS,VZ,AMZN,TSLA,HD,MCD,LOW,WMT,COST,PG,KO,PEP,PM,BRK-B,JPM,V","TMUS,CMCSA,BKNG,SBUX",,252,10,0.8,60,1.0,0.5,5.0,252.0,1.2962684009787377,0.09707878916057777,0.18927196610351624,0.5129063281747896,-0.2501801895749469,0.0804953560371517,175,17.785714285714285,0.5133868808567604
usa,MSFT,priority,30,30,"NVDA,AAPL,AVGO,ORCL,AMD,CSCO,QCOM,TXN,IBM,ACN,ADI,GOOGL,META,NFLX,DIS,VZ,AMZN,TSLA,HD,MCD,LOW,WMT,COST,PG,KO,PEP,PM,BRK-B,JPM,V","TMUS,CMCSA,BKNG,SBUX",,252,10,0.8,60,1.0,0.75,5.0,252.0,0.6360039156769992,0.056397480253676635,0.18184126114895083,0.3101467725054987,-0.2553306310951562,0.09376382131800089,208,13.068627450980392,0.5063765941485371
usa,MSFT,priority,30,30,"NVDA,AAPL,AVGO,ORCL,AMD,CSCO,QCOM,TXN,IBM,ACN,ADI,GOOGL,META,NFLX,DIS,VZ,AMZN,TSLA,HD,MCD,LOW,WMT,COST,PG,KO,PEP,PM,BRK-B,JPM,V","TMUS,CMCSA,BKNG,SBUX",,252,10,0.8,60,1.5,0.0,5.0,252.0,1.915690038907127,0.12667276916559733,0.21670751805641641,0.5845333392292373,-0.274159536922714,0.033171163202122954,38,2196.0,0.5227686703096539
usa,MSFT,priority,30,30,"NVDA,AAPL,AVGO,ORCL,AMD,CSCO,QCOM,TXN,IBM,ACN,ADI,GOOGL,META,NFLX,DIS,VZ,AMZN,TSLA,HD,MCD,LOW,WMT,COST,PG,KO,PEP,PM,BRK-B,JPM,V","TMUS,CMCSA,BKNG,SBUX",,252,10,0.8,60,1.5,0.25,5.0,252.0,0.968290866098825,0.0783947185874212,0.18539087995958317,0.4228617858899636,-0.2741595369227141,0.05042016806722689,110,25.9811320754717,0.5192447349310094
usa,MSFT,priority,30,30,"NVDA,AAPL,AVGO,ORCL,AMD,CSCO,QCOM,TXN,IBM,ACN,ADI,GOOGL,META,NFLX,DIS,VZ,AMZN,TSLA,HD,MCD,LOW,WMT,COST,PG,KO,PEP,PM,BRK-B,JPM,V","TMUS,CMCSA,BKNG,SBUX",,252,10,0.8,60,1.5,0.5,5.0,252.0,1.1563212988044094,0.08941680743868052,0.18028520464798362,0.4959741849769179,-0.2466656061160044,0.05661211853162318,125,19.983606557377048,0.5242001640689089
usa,MSFT,priority,30,30,"NVDA,AAPL,AVGO,ORCL,AMD,CSCO,QCOM,TXN,IBM,ACN,ADI,GOOGL,META,NFLX,DIS,VZ,AMZN,TSLA,HD,MCD,LOW,WMT,COST,PG,KO,PEP,PM,BRK-B,JPM,V","TMUS,CMCSA,BKNG,SBUX",,252,10,0.8,60,1.5,0.75,5.0,252.0,0.979873506132849,0.07910016384377827,0.1739635822082315,0.45469380912780183,-0.23688993956871995,0.06368863334807608,142,15.114285714285714,0.5255198487712666
usa,MSFT,priority,30,30,"NVDA,AAPL,AVGO,ORCL,AMD,CSCO,QCOM,TXN,IBM,ACN,ADI,GOOGL,META,NFLX,DIS,VZ,AMZN,TSLA,HD,MCD,LOW,WMT,COST,PG,KO,PEP,PM,BRK-B,JPM,V","TMUS,CMCSA,BKNG,SBUX",,252,10,0.8,60,1.5,1.0,5.0,252.0,0.7223911944462202,0.06247347112655488,0.1675520787242826,0.3728600182237003,-0.23688993956871984,0.0734188412206988,166,11.08433734939759,0.5260869565217391
usa,MSFT,priority,30,30,"NVDA,AAPL,AVGO,ORCL,AMD,CSCO,QCOM,TXN,IBM,ACN,ADI,GOOGL,META,NFLX,DIS,VZ,AMZN,TSLA,HD,MCD,LOW,WMT,COST,PG,KO,PEP,PM,BRK-B,JPM,V","TMUS,CMCSA,BKNG,SBUX",,252,10,0.8,60,2.0,0.0,5.0,252.0,2.977189130132941,0.16634178612092732,0.21644698340951365,0.7685105308500039,-0.2741595369227142,0.026094648385670056,30,2186.0,0.5224153705397987
usa,MSFT,priority,30,30,"NVDA,AAPL,AVGO,ORCL,AMD,CSCO,QCOM,TXN,IBM,ACN,ADI,GOOGL,META,NFLX,DIS,VZ,AMZN,TSLA,HD,MCD,LOW,WMT,COST,PG,KO,PEP,PM,BRK-B,JPM,V","TMUS,CMCSA,BKNG,SBUX",,252,10,0.8,60,2.0,0.25,5.0,252.0,1.4538540910550566,0.10522482959109758,0.17497382321786398,0.601374695116993,-0.274159536922714,0.038920831490490936,84,28.275,0.5278514588859416
usa,MSFT,priority,30,30,"NVDA,AAPL,AVGO,ORCL,AMD,CSCO,QCOM,TXN,IBM,ACN,ADI,GOOGL,META,NFLX,DIS,VZ,AMZN,TSLA,HD,MCD,LOW,WMT,COST,PG,KO,PEP,PM,BRK-B,JPM,V","TMUS,CMCSA,BKNG,SBUX",,252,10,0.8,60,2.0,0.5,5.0,252.0,1.4387111346029053,0.1044625641417678,0.16932261967178383,0.6169439401791608,-0.23688993956871995,0.04157452454666077,91,21.818181818181817,0.5302083333333333
usa,MSFT,priority,30,30,"NVDA,AAPL,AVGO,ORCL,AMD,CSCO,QCOM,TXN,IBM,ACN,ADI,GOOGL,META,NFLX,DIS,VZ,AMZN,TSLA,HD,MCD,LOW,WMT,COST,PG,KO,PEP,PM,BRK-B,JPM,V","TMUS,CMCSA,BKNG,SBUX",,252,10,0.8,60,2.0,0.75,5.0,252.0,1.3632961396922916,0.10060252640743195,0.1635121317699187,0.6152603193320961,-0.23688993956872006,0.04599734630694383,102,16.5,0.5296969696969697
usa,MSFT,priority,30,30,"NVDA,AAPL,AVGO,ORCL,AMD,CSCO,QCOM,TXN,IBM,ACN,ADI,GOOGL,META,NFLX,DIS,VZ,AMZN,TSLA,HD,MCD,LOW,WMT,COST,PG,KO,PEP,PM,BRK-B,JPM,V","TMUS,CMCSA,BKNG,SBUX",,252,10,0.8,60,2.0,1.0,5.0,252.0,0.7399974776980545,0.06367847887807465,0.15587977110930576,0.4085102154366273,-0.23688993956871995,0.048651039363113664,110,12.654545454545454,0.5258620689655172
usa,MSFT,priority,30,30,"NVDA,AAPL,AVGO,ORCL,AMD,CSCO,QCOM,TXN,IBM,ACN,ADI,GOOGL,META,NFLX,DIS,VZ,AMZN,TSLA,HD,MCD,LOW,WMT,COST,PG,KO,PEP,PM,BRK-B,JPM,V","TMUS,CMCSA,BKNG,SBUX",,252,10,0.8,60,2.5,0.0,5.0,252.0,0.6457839448591607,0.05709947283196137,0.2153338862939595,0.2651671495586764,-0.2741595369227139,0.011941618752764263,14,2059.0,0.5070422535211268
usa,MSFT,priority,30,30,"NVDA,AAPL,AVGO,ORCL,AMD,CSCO,QCOM,TXN,IBM,ACN,ADI,GOOGL,META,NFLX,DIS,VZ,AMZN,TSLA,HD,MCD,LOW,WMT,COST,PG,KO,PEP,PM,BRK-B,JPM,V","TMUS,CMCSA,BKNG,SBUX",,252,10,0.8,60,2.5,0.25,5.0,252.0,0.33760175511133217,0.03295111915821214,0.1578591915173798,0.20873741238301177,-0.2741595369227141,0.020344980097302078,46,31.91304347826087,0.5095367847411444
usa,MSFT,priority,30,30,"NVDA,AAPL,AVGO,ORCL,AMD,CSCO,QCOM,TXN,IBM,ACN,ADI,GOOGL,META,NFLX,DIS,VZ,AMZN,TSLA,HD,MCD,LOW,WMT,COST,PG,KO,PEP,PM,BRK-B,JPM,V","TMUS,CMCSA,BKNG,SBUX",,252,10,0.8,60,2.5,0.5,5.0,252.0,0.40884820806094724,0.03894289154435526,0.15245954526956845,0.25543098318638646,-0.23199146492522837,0.022114108801415303,50,24.84,0.5152979066022544
usa,MSFT,priority,30,30,"NVDA,AAPL,AVGO,ORCL,AMD,CSCO,QCOM,TXN,IBM,ACN,ADI,GOOGL,META,NFLX,DIS,VZ,AMZN,TSLA,HD,MCD,LOW,WMT,COST,PG,KO,PEP,PM,BRK-B,JPM,V","TMUS,CMCSA,BKNG,SBUX",,252,10,0.8,60,2.5,0.75,5.0,252.0,0.6194081858748655,0.05519769163985644,0.14581871258498247,0.37853640771713354,-0.23199146492522815,0.023883237505528527,54,17.88888888888889,0.5093167701863354
usa,MSFT,priority,30,30,"NVDA,AAPL,AVGO,ORCL,AMD,CSCO,QCOM,TXN,IBM,ACN,ADI,GOOGL,META,NFLX,DIS,VZ,AMZN,TSLA,HD,MCD,LOW,WMT,COST,PG,KO,PEP,PM,BRK-B,JPM,V","TMUS,CMCSA,BKNG,SBUX",,252,10,0.8,60,2.5,1.0,5.0,252.0,0.5077030062568104,0.04682529190051299,0.14137328372530442,0.33121740308088865,-0.23199146492522793,0.02565236620964175,58,14.413793103448276,0.5143540669856459
usa,MSFT,priority,30,30,"NVDA,AAPL,AVGO,ORCL,AMD,CSCO,QCOM,TXN,IBM,ACN,ADI,GOOGL,META,NFLX,DIS,VZ,AMZN,TSLA,HD,MCD,LOW,WMT,COST,PG,KO,PEP,PM,BRK-B,JPM,V","TMUS,CMCSA,BKNG,SBUX",,252,10,0.8,60,3.0,0.0,5.0,252.0,0.013788513443091732,0.0015274669529983242,0.21540835118705176,0.007091029408009974,-0.34582997391101145,0.0030959752321981426,4,2059.0,0.49344341913550266
usa,MSFT,priority,30,30,"NVDA,AAPL,AVGO,ORCL,AMD,CSCO,QCOM,TXN,IBM,ACN,ADI,GOOGL,META,NFLX,DIS,VZ,AMZN,TSLA,HD,MCD,LOW,WMT,COST,PG,KO,PEP,PM,BRK-B,JPM,V","TMUS,CMCSA,BKNG,SBUX",,252,10,0.8,60,3.0,0.25,5.0,252.0,0.08113276259611113,0.008732447377326036,0.13769489544106786,0.06341881701100127,-0.28498343790818004,0.009730207872622734,22,34.72727272727273,0.4869109947643979
usa,MSFT,priority,30,30,"NVDA,AAPL,AVGO,ORCL,AMD,CSCO,QCOM,TXN,IBM,ACN,ADI,GOOGL,META,NFLX,DIS,VZ,AMZN,TSLA,HD,MCD,LOW,WMT,COST,PG,KO,PEP,PM,BRK-B,JPM,V","TMUS,CMCSA,BKNG,SBUX",,252,10,0.8,60,3.0,0.5,5.0,252.0,0.18230671208936755,0.018840375701506984,0.1327270736760483,0.1419482489871762,-0.23199146492522815,0.010614772224679346,24,25.083333333333332,0.5049833887043189
usa,MSFT,priority,30,30,"NVDA,AAPL,AVGO,ORCL,AMD,CSCO,QCOM,TXN,IBM,ACN,ADI,GOOGL,META,NFLX,DIS,VZ,AMZN,TSLA,HD,MCD,LOW,WMT,COST,PG,KO,PEP,PM,BRK-B,JPM,V","TMUS,CMCSA,BKNG,SBUX",,252,10,0.8,60,3.0,0.75,5.0,252.0,0.18357737566386145,0.018962358692342418,0.1303208985323394,0.14550512547023967,-0.23199146492522804,0.010614772224679346,24,20.916666666666668,0.50199203187251
usa,MSFT,priority,30,30,"NVDA,AAPL,AVGO,ORCL,AMD,CSCO,QCOM,TXN,IBM,ACN,ADI,GOOGL,META,NFLX,DIS,VZ,AMZN,TSLA,HD,MCD,LOW,WMT,COST,PG,KO,PEP,PM,BRK-B,JPM,V","TMUS,CMCSA,BKNG,SBUX",,252,10,0.8,60,3.0,1.0,5.0,252.0,0.06398621199206755,0.006936664877003285,0.12702376991198358,0.05460918757024602,-0.23199146492522815,0.010614772224679346,24,19.0,0.5043859649122807
usa,MSFT,priority,30,30,"NVDA,AAPL,AVGO,ORCL,AMD,CSCO,QCOM,TXN,IBM,ACN,ADI,GOOGL,META,NFLX,DIS,VZ,AMZN,TSLA,HD,MCD,LOW,WMT,COST,PG,KO,PEP,PM,BRK-B,JPM,V","TMUS,CMCSA,BKNG,SBUX",,252,21,0.8,60,1.0,0.0,5.0,252.0,2.1451882400763944,0.1362274065575162,0.23369985739576124,0.5829160876500691,-0.29662681437258975,0.04201680672268908,48,2198.0,0.5100090991810737
usa,MSFT,priority,30,30,"NVDA,AAPL,AVGO,ORCL,AMD,CSCO,QCOM,TXN,IBM,ACN,ADI,GOOGL,META,NFLX,DIS,VZ,AMZN,TSLA,HD,MCD,LOW,WMT,COST,PG,KO,PEP,PM,BRK-B,JPM,V","TMUS,CMCSA,BKNG,SBUX",,252,21,0.8,60,1.0,0.25,5.0,252.0,1.968371857623188,0.1289236700227887,0.21629232259873046,0.5960621647305082,-0.29662681437258986,0.06368863334807608,128,30.714285714285715,0.502906976744186
usa,MSFT,priority,30,30,"NVDA,AAPL,AVGO,ORCL,AMD,CSCO,QCOM,TXN,IBM,ACN,ADI,GOOGL,META,NFLX,DIS,VZ,AMZN,TSLA,HD,MCD,LOW,WMT,COST,PG,KO,PEP,PM,BRK-B,JPM,V","TMUS,CMCSA,BKNG,SBUX",,252,21,0.8,60,1.0,0.5,5.0,252.0,1.7175657482099078,0.11787073202156706,0.1995417742331529,0.5907070460536349,-0.2662777721188535,0.0804953560371517,173,18.0,0.5088075880758808
usa,MSFT,priority,30,30,"NVDA,AAPL,AVGO,ORCL,AMD,CSCO,QCOM,TXN,IBM,ACN,ADI,GOOGL,META,NFLX,DIS,VZ,AMZN,TSLA,HD,MCD,LOW,WMT,COST,PG,KO,PEP,PM,BRK-B,JPM,V","TMUS,CMCSA,BKNG,SBUX",,252,21,0.8,60,1.0,0.75,5.0,252.0,1.6249661278792087,0.11355962945465814,0.19356622139776808,0.5866706940633989,-0.2662777721188533,0.09907120743034056,219,12.355140186915888,0.5075642965204236
usa,MSFT,priority,30,30,"NVDA,AAPL,AVGO,ORCL,AMD,CSCO,QCOM,TXN,IBM,ACN,ADI,GOOGL,META,NFLX,DIS,VZ,AMZN,TSLA,HD,MCD,LOW,WMT,COST,PG,KO,PEP,PM,BRK-B,JPM,V","TMUS,CMCSA,BKNG,SBUX",,252,21,0.8,60,1.5,0.0,5.0,252.0,3.8010045653596274,0.1910718076883795,0.23355927747504493,0.8180869959609929,-0.31782806762582083,0.03494029190623618,40,2196.0,0.5154826958105647
usa,MSFT,priority,30,30,"NVDA,AAPL,AVGO,ORCL,AMD,CSCO,QCOM,TXN,IBM,ACN,ADI,GOOGL,META,NFLX,DIS,VZ,AMZN,TSLA,HD,MCD,LOW,WMT,COST,PG,KO,PEP,PM,BRK-B,JPM,V","TMUS,CMCSA,BKNG,SBUX",,252,21,0.8,60,1.5,0.25,5.0,252.0,2.2726648428166136,0.1412700120919972,0.21006228126183085,0.6725148905524454,-0.29662681437259,0.05042016806722689,103,33.5,0.5146009085009734
usa,MSFT,priority,30,30,"NVDA,AAPL,AVGO,ORCL,AMD,CSCO,QCOM,TXN,IBM,ACN,ADI,GOOGL,META,NFLX,DIS,VZ,AMZN,TSLA,HD,MCD,LOW,WMT,COST,PG,KO,PEP,PM,BRK-B,JPM,V","TMUS,CMCSA,BKNG,SBUX",,252,21,0.8,60,1.5,0.5,5.0,252.0,2.0804753517111036,0.13359766572474885,0.18935212297549123,0.7055514542186625,-0.2684037782240488,0.05926581158779301,129,19.870967741935484,0.5227272727272727
usa,MSFT,priority,30,30,"NVDA,AAPL,AVGO,ORCL,AMD,CSCO,QCOM,TXN,IBM,ACN,ADI,GOOGL,META,NFLX,DIS,VZ,AMZN,TSLA,HD,MCD,LOW,WMT,COST,PG,KO,PEP,PM,BRK-B,JPM,V","TMUS,CMCSA,BKNG,SBUX",,252,21,0.8,60,1.5,0.75,5.0,252.0,1.6990570999173267,0.11701958620795327,0.18574755575839427,0.6299926032952116,-0.2684037782240488,0.06191950464396285,136,16.71212121212121,0.5176790571169537
usa,MSFT,priority,30,30,"NVDA,AAPL,AVGO,ORCL,AMD,CSCO,QCOM,TXN,IBM,ACN,ADI,GOOGL,META,NFLX,DIS,VZ,AMZN,TSLA,HD,MCD,LOW,WMT,COST,PG,KO,PEP,PM,BRK-B,JPM,V","TMUS,CMCSA,BKNG,SBUX",,252,21,0.8,60,1.5,1.0,5.0,252.0,1.0501293041866142,0.08330217071186574,0.17543030990499517,0.47484480165929305,-0.2662777721188535,0.07164971251658558,161,11.5125,0.50814332247557
usa,MSFT,priority,30,30,"NVDA,AAPL,AVGO,ORCL,AMD,CSCO,QCOM,TXN,IBM,ACN,ADI,GOOGL,META,NFLX,DIS,VZ,AMZN,TSLA,HD,MCD,LOW,WMT,COST,PG,KO,PEP,PM,BRK-B,JPM,V","TMUS,CMCSA,BKNG,SBUX",,252,21,0.8,60,2.0,0.0,5.0,252.0,2.155789144416908,0.1366536052159133,0.23363694580162328,0.584897241945387,-0.3212973239115129,0.024325519681556832,28,2186.0,0.5164684354986276
usa,MSFT,priority,30,30,"NVDA,AAPL,AVGO,ORCL,AMD,CSCO,QCOM,TXN,IBM,ACN,ADI,GOOGL,META,NFLX,DIS,VZ,AMZN,TSLA,HD,MCD,LOW,WMT,COST,PG,KO,PEP,PM,BRK-B,JPM,V","TMUS,CMCSA,BKNG,SBUX",,252,21,0.8,60,2.0,0.25,5.0,252.0,2.153379379504317,0.13655683489310055,0.20430344218759036,0.6684020270579425,-0.29662681437259,0.038920831490490936,80,37.833333333333336,0.5205580029368576
usa,MSFT,priority,30,30,"NVDA,AAPL,AVGO,ORCL,AMD,CSCO,QCOM,TXN,IBM,ACN,ADI,GOOGL,META,NFLX,DIS,VZ,AMZN,TSLA,HD,MCD,LOW,WMT,COST,PG,KO,PEP,PM,BRK-B,JPM,V","TMUS,CMCSA,BKNG,SBUX",,252,21,0.8,60,2.0,0.5,5.0,252.0,2.0317520028553053,0.1315851006001263,0.18182965132876708,0.7236724023751584,-0.25214132604812134,0.043343653250773995,95,22.347826086956523,0.5262645914396887
usa,MSFT,priority,30,30,"NVDA,AAPL,AVGO,ORCL,AMD,CSCO,QCOM,TXN,IBM,ACN,ADI,GOOGL,META,NFLX,DIS,VZ,AMZN,TSLA,HD,MCD,LOW,WMT,COST,PG,KO,PEP,PM,BRK-B,JPM,V","TMUS,CMCSA,BKNG,SBUX",,252,21,0.8,60,2.0,0.75,5.0,252.0,1.470241243681925,0.10604503070423066,0.17834216729447436,0.594615576971943,-0.2521413260481217,0.043343653250773995,96,19.46808510638298,0.5191256830601093
usa,MSFT,priority,30,30,"NVDA,AAPL,AVGO,ORCL,AMD,CSCO,QCOM,TXN,IBM,ACN,ADI,GOOGL,META,NFLX,DIS,VZ,AMZN,TSLA,HD,MCD,LOW,WMT,COST,PG,KO,PEP,PM,BRK-B,JPM,V","TMUS,CMCSA,BKNG,SBUX",,252,21,0.8,60,2.0,1.0,5.0,252.0,0.7746426353128177,0.06601835753816299,0.16644105294445238,0.39664707937287436,-0.25214132604812134,0.045112781954887216,102,13.92156862745098,0.5084507042253521
usa,MSFT,priority,30,30,"NVDA,AAPL,AVGO,ORCL,AMD,CSCO,QCOM,TXN,IBM,ACN,ADI,GOOGL,META,NFLX,DIS,VZ,AMZN,TSLA,HD,MCD,LOW,WMT,COST,PG,KO,PEP,PM,BRK-B,JPM,V","TMUS,CMCSA,BKNG,SBUX",,252,21,0.8,60,2.5,0.0,5.0,252.0,0.26313382163643206,0.02637732719359831,0.23374987273302625,0.1128442419462823,-0.3178280676258206,0.008403361344537815,10,2180.0,0.5036697247706422
usa,MSFT,priority,30,30,"NVDA,AAPL,AVGO,ORCL,AMD,CSCO,QCOM,TXN,IBM,ACN,ADI,GOOGL,META,NFLX,DIS,VZ,AMZN,TSLA,HD,MCD,LOW,WMT,COST,PG,KO,PEP,PM,BRK-B,JPM,V","TMUS,CMCSA,BKNG,SBUX",,252,21,0.8,60,2.5,0.25,5.0,252.0,0.9075114752027251,0.07463132927771032,0.18391245093839703,0.40579813327977826,-0.29662681437258986,0.020344980097302078,45,41.27272727272727,0.51431718061674
usa,MSFT,priority,30,30,"NVDA,AAPL,AVGO,ORCL,AMD,CSCO,QCOM,TXN,IBM,ACN,ADI,GOOGL,META,NFLX,DIS,VZ,AMZN,TSLA,HD,MCD,LOW,WMT,COST,PG,KO,PEP,PM,BRK-B,JPM,V","TMUS,CMCSA,BKNG,SBUX",,252,21,0.8,60,2.5,0.5,5.0,252.0,0.8625364916864018,0.07177731020808586,0.1627915742156949,0.44091538861208296,-0.24902106357885223,0.022114108801415303,50,23.24,0.5232358003442341
usa,MSFT,priority,30,30,"NVDA,AAPL,AVGO,ORCL,AMD,CSCO,QCOM,TXN,IBM,ACN,ADI,GOOGL,META,NFLX,DIS,VZ,AMZN,TSLA,HD,MCD,LOW,WMT,COST,PG,KO,PEP,PM,BRK-B,JPM,V","TMUS,CMCSA,BKNG,SBUX",,252,21,0.8,60,2.5,0.75,5.0,252.0,0.8180504990719542,0.06889343185387631,0.1608790105696923,0.42823132495604127,-0.249021063578852,0.022114108801415303,50,20.88,0.5210727969348659
usa,MSFT,priority,30,30,"NVDA,AAPL,AVGO,ORCL,AMD,CSCO,QCOM,TXN,IBM,ACN,ADI,GOOGL,META,NFLX,DIS,VZ,AMZN,TSLA,HD,MCD,LOW,WMT,COST,PG,KO,PEP,PM,BRK-B,JPM,V","TMUS,CMCSA,BKNG,SBUX",,252,21,0.8,60,2.5,1.0,5.0,252.0,0.5326045942778153,0.04873831377206095,0.15058915418952945,0.3236508899619661,-0.24902106357885223,0.022998673153471916,52,14.653846153846153,0.5118110236220472
usa,MSFT,priority,30,30,"NVDA,AAPL,AVGO,ORCL,AMD,CSCO,QCOM,TXN,IBM,ACN,ADI,GOOGL,META,NFLX,DIS,VZ,AMZN,TSLA,HD,MCD,LOW,WMT,COST,PG,KO,PEP,PM,BRK-B,JPM,V","TMUS,CMCSA,BKNG,SBUX",,252,21,0.8,60,3.0,0.0,5.0,252.0,-0.06775345946891786,-0.007788971758576735,0.23250512319395303,-0.033500215614944824,-0.3689768508770854,0.0030959752321981426,4,2058.0,0.4936831875607386
usa,MSFT,priority,30,30,"NVDA,AAPL,AVGO,ORCL,AMD,CSCO,QCOM,TXN,IBM,ACN,ADI,GOOGL,META,NFLX,DIS,VZ,AMZN,TSLA,HD,MCD,LOW,WMT,COST,PG,KO,PEP,PM,BRK-B,JPM,V","TMUS,CMCSA,BKNG,SBUX",,252,21,0.8,60,3.0,0.25,5.0,252.0,0.2872915922966881,0.028546793064601284,0.16175448338703471,0.17648223694855203,-0.29662681437258964,0.010614772224679346,23,45.63636363636363,0.5099601593625498
usa,MSFT,priority,30,30,"NVDA,AAPL,AVGO,ORCL,AMD,CSCO,QCOM,TXN,IBM,ACN,ADI,GOOGL,META,NFLX,DIS,VZ,AMZN,TSLA,HD,MCD,LOW,WMT,COST,PG,KO,PEP,PM,BRK-B,JPM,V","TMUS,CMCSA,BKNG,SBUX",,252,21,0.8,60,3.0,0.5,5.0,252.0,0.27254997465331954,0.027227284659235407,0.14887120867922868,0.1828915402836674,-0.2490210635788519,0.011499336576735958,26,30.846153846153847,0.5112219451371571
usa,MSFT,priority,30,30,"NVDA,AAPL,AVGO,ORCL,AMD,CSCO,QCOM,TXN,IBM,ACN,ADI,GOOGL,META,NFLX,DIS,VZ,AMZN,TSLA,HD,MCD,LOW,WMT,COST,PG,KO,PEP,PM,BRK-B,JPM,V","TMUS,CMCSA,BKNG,SBUX",,252,21,0.8,60,3.0,0.75,5.0,252.0,0.24109004861623617,0.02436529468157267,0.14830864978146932,0.16428775204598373,-0.2490210635788519,0.011499336576735958,26,29.23076923076923,0.5078947368421053
usa,MSFT,priority,30,30,"NVDA,AAPL,AVGO,ORCL,AMD,CSCO,QCOM,TXN,IBM,ACN,ADI,GOOGL,META,NFLX,DIS,VZ,AMZN,TSLA,HD,MCD,LOW,WMT,COST,PG,KO,PEP,PM,BRK-B,JPM,V","TMUS,CMCSA,BKNG,SBUX",,252,21,0.8,60,3.0,1.0,5.0,252.0,0.10680740473314332,0.011374631109414057,0.1388141660856931,0.08194142881924775,-0.24902106357885223,0.011499336576735958,26,19.23076923076923,0.484
usa,MSFT,priority,30,30,"NVDA,AAPL,AVGO,ORCL,AMD,CSCO,QCOM,TXN,IBM,ACN,ADI,GOOGL,META,NFLX,DIS,VZ,AMZN,TSLA,HD,MCD,LOW,WMT,COST,PG,KO,PEP,PM,BRK-B,JPM,V","TMUS,CMCSA,BKNG,SBUX",,252,63,0.8,60,1.0,0.0,5.0,252.0,3.1956361633242505,0.1733133132649054,0.23923910702662562,0.7244355465915397,-0.28770813995556177,0.04201680672268908,48,2201.0,0.5043162199000454
usa,MSFT,priority,30,30,"NVDA,AAPL,AVGO,ORCL,AMD,CSCO,QCOM,TXN,IBM,ACN,ADI,GOOGL,META,NFLX,DIS,VZ,AMZN,TSLA,HD,MCD,LOW,WMT,COST,PG,KO,PEP,PM,BRK-B,JPM,V","TMUS,CMCSA,BKNG,SBUX",,252,63,0.8,60,1.0,0.25,5.0,252.0,1.73236754714556,0.11854771447523316,0.20778327750813594,0.5705353958072555,-0.24718499045092723,0.06059265811587793,121,32.37735849056604,0.5023310023310024
usa,MSFT,priority,30,30,"NVDA,AAPL,AVGO,ORCL,AMD,CSCO,QCOM,TXN,IBM,ACN,ADI,GOOGL,META,NFLX,DIS,VZ,AMZN,TSLA,HD,MCD,LOW,WMT,COST,PG,KO,PEP,PM,BRK-B,JPM,V","TMUS,CMCSA,BKNG,SBUX",,252,63,0.8,60,1.0,0.5,5.0,252.0,0.6536526206575688,0.05766158626680906,0.1985584196386752,0.2904011140486421,-0.28241553899387095,0.06501547987616099,141,23.25,0.49841872232764073
usa,MSFT,priority,30,30,"NVDA,AAPL,AVGO,ORCL,AMD,CSCO,QCOM,TXN,IBM,ACN,ADI,GOOGL,META,NFLX,DIS,VZ,AMZN,TSLA,HD,MCD,LOW,WMT,COST,PG,KO,PEP,PM,BRK-B,JPM,V","TMUS,CMCSA,BKNG,SBUX",,252,63,0.8,60,1.0,0.75,5.0,252.0,0.5494763919003636,0.05001882608965302,0.17804258488559982,0.28093742922117376,-0.25829798792039727,0.0880141530296329,196,14.422680412371134,0.5067905646890636
usa,MSFT,priority,30,30,"NVDA,AAPL,AVGO,ORCL,AMD,CSCO,QCOM,TXN,IBM,ACN,ADI,GOOGL,META,NFLX,DIS,VZ,AMZN,TSLA,HD,MCD,LOW,WMT,COST,PG,KO,PEP,PM,BRK-B,JPM,V","TMUS,CMCSA,BKNG,SBUX",,252,63,0.8,60,1.5,0.0,5.0,252.0,2.170607270640838,0.13724722610024576,0.23930114946953784,0.5735335012158679,-0.27981370861401456,0.029632905793896505,34,2201.0,0.5029532030895048
usa,MSFT,priority,30,30,"NVDA,AAPL,AVGO,ORCL,AMD,CSCO,QCOM,TXN,IBM,ACN,ADI,GOOGL,META,NFLX,DIS,VZ,AMZN,TSLA,HD,MCD,LOW,WMT,COST,PG,KO,PEP,PM,BRK-B,JPM,V","TMUS,CMCSA,BKNG,SBUX",,252,63,0.8,60,1.5,0.25,5.0,252.0,1.3544813439379149,0.1001442311651577,0.20131660567433196,0.49744645172072943,-0.2356000723812497,0.04643962848297214,96,35.65909090909091,0.502868068833652
usa,MSFT,priority,30,30,"NVDA,AAPL,AVGO,ORCL,AMD,CSCO,QCOM,TXN,IBM,ACN,ADI,GOOGL,META,NFLX,DIS,VZ,AMZN,TSLA,HD,MCD,LOW,WMT,COST,PG,KO,PEP,PM,BRK-B,JPM,V","TMUS,CMCSA,BKNG,SBUX",,252,63,0.8,60,1.5,0.5,5.0,252.0,0.7832212713597866,0.06659147168333601,0.19057755432887502,0.3494192792946684,-0.2482312763941682,0.04997788589119859,109,26.11320754716981,0.5021676300578035
usa,MSFT,priority,30,30,"NVDA,AAPL,AVGO,ORCL,AMD,CSCO,QCOM,TXN,IBM,ACN,ADI,GOOGL,META,NFLX,DIS,VZ,AMZN,TSLA,HD,MCD,LOW,WMT,COST,PG,KO,PEP,PM,BRK-B,JPM,V","TMUS,CMCSA,BKNG,SBUX",,252,63,0.8,60,1.5,0.75,5.0,252.0,0.4799780742669071,0.04466205648365196,0.17139484159556861,0.26057993384094175,-0.23560007238125025,0.055285272003538256,123,19.721311475409838,0.5029093931837074
usa,MSFT,priority,30,30,"NVDA,AAPL,AVGO,ORCL,AMD,CSCO,QCOM,TXN,IBM,ACN,ADI,GOOGL,META,NFLX,DIS,VZ,AMZN,TSLA,HD,MCD,LOW,WMT,COST,PG,KO,PEP,PM,BRK-B,JPM,V","TMUS,CMCSA,BKNG,SBUX",,252,63,0.8,60,1.5,1.0,5.0,252.0,0.4953246902370769,0.04586388028871524,0.1668858690575847,0.27482183211623334,-0.2731238316553981,0.06280406899601947,140,15.289855072463768,0.5090047393364929
usa,MSFT,priority,30,30,"NVDA,AAPL,AVGO,ORCL,AMD,CSCO,QCOM,TXN,IBM,ACN,ADI,GOOGL,META,NFLX,DIS,VZ,AMZN,TSLA,HD,MCD,LOW,WMT,COST,PG,KO,PEP,PM,BRK-B,JPM,V","TMUS,CMCSA,BKNG,SBUX",,252,63,0.8,60,2.0,0.0,5.0,252.0,1.4497060124589818,0.10501644037624835,0.23939171878410587,0.4386803391096284,-0.28291270004387137,0.022556390977443608,26,2201.0,0.4993184915947297
usa,MSFT,priority,30,30,"NVDA,AAPL,AVGO,ORCL,AMD,CSCO,QCOM,TXN,IBM,ACN,ADI,GOOGL,META,NFLX,DIS,VZ,AMZN,TSLA,HD,MCD,LOW,WMT,COST,PG,KO,PEP,PM,BRK-B,JPM,V","TMUS,CMCSA,BKNG,SBUX",,252,63,0.8,60,2.0,0.25,5.0,252.0,0.7660321254398916,0.06544063323280835,0.19253778865189267,0.3398846205257124,-0.22832297101668242,0.03582485625829279,76,38.611111111111114,0.4985611510791367
usa,MSFT,priority,30,30,"NVDA,AAPL,AVGO,ORCL,AMD,CSCO,QCOM,TXN,IBM,ACN,ADI,GOOGL,META,NFLX,DIS,VZ,AMZN,TSLA,HD,MCD,LOW,WMT,COST,PG,KO,PEP,PM,BRK-B,JPM,V","TMUS,CMCSA,BKNG,SBUX",,252,63,0.8,60,2.0,0.5,5.0,252.0,0.47044313680103844,0.04390976747962605,0.18077542203819433,0.24289677758489078,-0.2313112795380725,0.03847854931446263,85,28.738095238095237,0.5028997514498758
usa,MSFT,priority,30,30,"NVDA,AAPL,AVGO,ORCL,AMD,CSCO,QCOM,TXN,IBM,ACN,ADI,GOOGL,META,NFLX,DIS,VZ,AMZN,TSLA,HD,MCD,LOW,WMT,COST,PG,KO,PEP,PM,BRK-B,JPM,V","TMUS,CMCSA,BKNG,SBUX",,252,63,0.8,60,2.0,0.75,5.0,252.0,0.15866833760460675,0.01654959766406039,0.1608944785397896,0.10285994780092862,-0.26097801435730295,0.03936311366651924,88,24.181818181818183,0.5
usa,MSFT,priority,30,30,"NVDA,AAPL,AVGO,ORCL,AMD,CSCO,QCOM,TXN,IBM,ACN,ADI,GOOGL,META,NFLX,DIS,VZ,AMZN,TSLA,HD,MCD,LOW,WMT,COST,PG,KO,PEP,PM,BRK-B,JPM,V","TMUS,CMCSA,BKNG,SBUX",,252,63,0.8,60,2.0,1.0,5.0,252.0,0.12551749967112058,0.013266001375018766,0.15596458836138724,0.08505777827130842,-0.3125920163952318,0.04157452454666077,93,19.73913043478261,0.5066079295154186
usa,MSFT,priority,30,30,"NVDA,AAPL,AVGO,ORCL,AMD,CSCO,QCOM,TXN,IBM,ACN,ADI,GOOGL,META,NFLX,DIS,VZ,AMZN,TSLA,HD,MCD,LOW,WMT,COST,PG,KO,PEP,PM,BRK-B,JPM,V","TMUS,CMCSA,BKNG,SBUX",,252,63,0.8,60,2.5,0.0,5.0,252.0,0.7645306052945007,0.06533963217992866,0.23927317265073791,0.2730754620590231,-0.29885728189959826,0.015479876160990712,18,2185.0,0.5016018306636155
usa,MSFT,priority,30,30,"NVDA,AAPL,AVGO,ORCL,AMD,CSCO,QCOM,TXN,IBM,ACN,ADI,GOOGL,META,NFLX,DIS,VZ,AMZN,TSLA,HD,MCD,LOW,WMT,COST,PG,KO,PEP,PM,BRK-B,JPM,V","TMUS,CMCSA,BKNG,SBUX",,252,63,0.8,60,2.5,0.25,5.0,252.0,0.36209423191147194,0.035042238069954434,0.1748298224785963,0.20043627324648525,-0.24688926211084572,0.024325519681556832,52,42.08,0.49809885931558934
usa,MSFT,priority,30,30,"NVDA,AAPL,AVGO,ORCL,AMD,CSCO,QCOM,TXN,IBM,ACN,ADI,GOOGL,META,NFLX,DIS,VZ,AMZN,TSLA,HD,MCD,LOW,WMT,COST,PG,KO,PEP,PM,BRK-B,JPM,V","TMUS,CMCSA,BKNG,SBUX",,252,63,0.8,60,2.5,0.5,5.0,252.0,0.20437700573657835,0.020942747099639947,0.16588865183723586,0.12624580926842566,-0.2506942764645249,0.026094648385670056,58,32.51724137931034,0.4984093319194062
usa,MSFT,priority,30,30,"NVDA,AAPL,AVGO,ORCL,AMD,CSCO,QCOM,TXN,IBM,ACN,ADI,GOOGL,META,NFLX,DIS,VZ,AMZN,TSLA,HD,MCD,LOW,WMT,COST,PG,KO,PEP,PM,BRK-B,JPM,V","TMUS,CMCSA,BKNG,SBUX",,252,63,0.8,60,2.5,0.75,5.0,252.0,-0.014327077165871449,-0.0016070825650001952,0.1443975405457008,-0.011129570205467348,-0.255756571647086,0.02697921273772667,61,26.516129032258064,0.49635036496350365
usa,MSFT,priority,30,30,"NVDA,AAPL,AVGO,ORCL,AMD,CSCO,QCOM,TXN,IBM,ACN,ADI,GOOGL,META,NFLX,DIS,VZ,AMZN,TSLA,HD,MCD,LOW,WMT,COST,PG,KO,PEP,PM,BRK-B,JPM,V","TMUS,CMCSA,BKNG,SBUX",,252,63,0.8,60,2.5,1.0,5.0,252.0,0.033768739901990585,0.003708405404928783,0.14035180233973057,0.026422214343584622,-0.27934378114652825,0.02830605926581159,64,21.90625,0.5035663338088445
usa,MSFT,priority,30,30,"NVDA,AAPL,AVGO,ORCL,AMD,CSCO,QCOM,TXN,IBM,ACN,ADI,GOOGL,META,NFLX,DIS,VZ,AMZN,TSLA,HD,MCD,LOW,WMT,COST,PG,KO,PEP,PM,BRK-B,JPM,V","TMUS,CMCSA,BKNG,SBUX",,252,63,0.8,60,3.0,0.0,5.0,252.0,0.7481830756145678,0.06423503144360243,0.23797500266027363,0.26992344038462956,-0.32522124105018735,0.011057054400707651,13,2072.0,0.48166023166023164
usa,MSFT,priority,30,30,"NVDA,AAPL,AVGO,ORCL,AMD,CSCO,QCOM,TXN,IBM,ACN,ADI,GOOGL,META,NFLX,DIS,VZ,AMZN,TSLA,HD,MCD,LOW,WMT,COST,PG,KO,PEP,PM,BRK-B,JPM,V","TMUS,CMCSA,BKNG,SBUX",,252,63,0.8,60,3.0,0.25,5.0,252.0,0.382156365697357,0.03673035707114236,0.16201939180638525,0.22670346223145618,-0.22499113517370983,0.01592215833701902,34,50.5,0.5037128712871287
usa,MSFT,priority,30,30,"NVDA,AAPL,AVGO,ORCL,AMD,CSCO,QCOM,TXN,IBM,ACN,ADI,GOOGL,META,NFLX,DIS,VZ,AMZN,TSLA,HD,MCD,LOW,WMT,COST,PG,KO,PEP,PM,BRK-B,JPM,V","TMUS,CMCSA,BKNG,SBUX",,252,63,0.8,60,3.0,0.5,5.0,252.0,0.1227890155453859,0.012991931797951217,0.15272214046780536,0.0850690787737485,-0.27347919906916485,0.01592215833701902,35,40.23529411764706,0.49707602339181284
usa,MSFT,priority,30,30,"NVDA,AAPL,AVGO,ORCL,AMD,CSCO,QCOM,TXN,IBM,ACN,ADI,GOOGL,META,NFLX,DIS,VZ,AMZN,TSLA,HD,MCD,LOW,WMT,COST,PG,KO,PEP,PM,BRK-B,JPM,V","TMUS,CMCSA,BKNG,SBUX",,252,63,0.8,60,3.0,0.75,5.0,252.0,-0.05176937738402676,-0.005907162358915086,0.1284390674482429,-0.0459919436996496,-0.2475976659556942,0.01592215833701902,36,30.27777777777778,0.4954128440366973
usa,MSFT,priority,30,30,"NVDA,AAPL,AVGO,ORCL,AMD,CSCO,QCOM,TXN,IBM,ACN,ADI,GOOGL,META,NFLX,DIS,VZ,AMZN,TSLA,HD,MCD,LOW,WMT,COST,PG,KO,PEP,PM,BRK-B,JPM,V","TMUS,CMCSA,BKNG,SBUX",,252,63,0.8,60,3.0,1.0,5.0,252.0,0.03501671779039284,0.003843381923923639,0.12478475201875035,0.030800092653516884,-0.2594300734089048,0.01680672268907563,38,23.473684210526315,0.5044843049327354
usa,AMZN,priority,30,30,"NVDA,AAPL,MSFT,AVGO,ORCL,AMD,CSCO,QCOM,TXN,IBM,ACN,ADI,GOOGL,META,NFLX,DIS,VZ,TSLA,HD,MCD,LOW,WMT,COST,PG,KO,PEP,PM,BRK-B,JPM,V","TMUS,CMCSA,BKNG,SBUX",,252,5,0.8,60,1.0,0.0,5.0,252.0,1.4263629919349254,0.10383786453435628,0.27510837091078616,0.37744349323354276,-0.3025257856297273,0.03051747014595312,35,2201.0,0.49977283053157656
usa,AMZN,priority,30,30,"NVDA,AAPL,MSFT,AVGO,ORCL,AMD,CSCO,QCOM,TXN,IBM,ACN,ADI,GOOGL,META,NFLX,DIS,VZ,TSLA,HD,MCD,LOW,WMT,COST,PG,KO,PEP,PM,BRK-B,JPM,V","TMUS,CMCSA,BKNG,SBUX",,252,5,0.8,60,1.0,0.25,5.0,252.0,1.1468258163069844,0.08888107395937661,0.23636743472666333,0.3760292701156536,-0.3266247391714039,0.06015037593984962,133,23.6,0.5078226857887875
usa,AMZN,priority,30,30,"NVDA,AAPL,MSFT,AVGO,ORCL,AMD,CSCO,QCOM,TXN,IBM,ACN,ADI,GOOGL,META,NFLX,DIS,VZ,TSLA,HD,MCD,LOW,WMT,COST,PG,KO,PEP,PM,BRK-B,JPM,V","TMUS,CMCSA,BKNG,SBUX",,252,5,0.8,60,1.0,0.5,5.0,252.0,1.3078773556982672,0.09769557560395148,0.22787092856929148,0.4287320730965644,-0.3386470142633562,0.06899601946041574,154,18.42105263157895,0.5078571428571429
usa,AMZN,priority,30,30,"NVDA,AAPL,MSFT,AVGO,ORCL,AMD,CSCO,QCOM,TXN,IBM,ACN,ADI,GOOGL,META,NFLX,DIS,VZ,TSLA,HD,MCD,LOW,WMT,COST,PG,KO,PEP,PM,BRK-B,JPM,V","TMUS,CMCSA,BKNG,SBUX",,252,5,0.8,60,1.0,0.75,5.0,252.0,1.4275815266998437,0.1038996363744209,0.2155298190377815,0.48206617923345313,-0.2793481316762393,0.0946483856700575,212,11.780952380952382,0.513338722716249
usa,AMZN,priority,30,30,"NVDA,AAPL,MSFT,AVGO,ORCL,AMD,CSCO,QCOM,TXN,IBM,ACN,ADI,GOOGL,META,NFLX,DIS,VZ,TSLA,HD,MCD,LOW,WMT,COST,PG,KO,PEP,PM,BRK-B,JPM,V","TMUS,CMCSA,BKNG,SBUX",,252,5,0.8,60,1.5,0.0,5.0,252.0,3.1818455405952983,0.17288285101046075,0.2748929612210479,0.6289097044992781,-0.3173519716283958,0.02697921273772667,31,2200.0,0.5040909090909091
usa,AMZN,priority,30,30,"NVDA,AAPL,MSFT,AVGO,ORCL,AMD,CSCO,QCOM,TXN,IBM,ACN,ADI,GOOGL,META,NFLX,DIS,VZ,TSLA,HD,MCD,LOW,WMT,COST,PG,KO,PEP,PM,BRK-B,JPM,V","TMUS,CMCSA,BKNG,SBUX",,252,5,0.8,60,1.5,0.25,5.0,252.0,2.357322572984968,0.14452323747249118,0.2197621773909394,0.6576347176220222,-0.28123852273088057,0.047766475011057054,106,24.96153846153846,0.5138674884437596
usa,AMZN,priority,30,30,"NVDA,AAPL,MSFT,AVGO,ORCL,AMD,CSCO,QCOM,TXN,IBM,ACN,ADI,GOOGL,META,NFLX,DIS,VZ,TSLA,HD,MCD,LOW,WMT,COST,PG,KO,PEP,PM,BRK-B,JPM,V","TMUS,CMCSA,BKNG,SBUX",,252,5,0.8,60,1.5,0.5,5.0,252.0,2.2834882551258913,0.1416900744859202,0.21366165006600255,0.6631516439293177,-0.2940711120876598,0.0513047324192835,115,20.50877192982456,0.5132591958939264
usa,AMZN,priority,30,30,"NVDA,AAPL,MSFT,AVGO,ORCL,AMD,CSCO,QCOM,TXN,IBM,ACN,ADI,GOOGL,META,NFLX,DIS,VZ,TSLA,HD,MCD,LOW,WMT,COST,PG,KO,PEP,PM,BRK-B,JPM,V","TMUS,CMCSA,BKNG,SBUX",,252,5,0.8,60,1.5,0.75,5.0,252.0,1.722362845654839,0.11809049255416015,0.1995184081195863,0.5918776801957025,-0.29263543048061247,0.0583812472357364,131,15.415384615384616,0.5169660678642715
usa,AMZN,priority,30,30,"NVDA,AAPL,MSFT,AVGO,ORCL,AMD,CSCO,QCOM,TXN,IBM,ACN,ADI,GOOGL,META,NFLX,DIS,VZ,TSLA,HD,MCD,LOW,WMT,COST,PG,KO,PEP,PM,BRK-B,JPM,V","TMUS,CMCSA,BKNG,SBUX",,252,5,0.8,60,1.5,1.0,5.0,252.0,2.3771310526416225,0.14527390391421702,0.18455284375585723,0.7871669759063596,-0.2630994970628633,0.0734188412206988,166,10.0,0.5337349397590362
usa,AMZN,priority,30,30,"NVDA,AAPL,MSFT,AVGO,ORCL,AMD,CSCO,QCOM,TXN,IBM,ACN,ADI,GOOGL,META,NFLX,DIS,VZ,TSLA,HD,MCD,LOW,WMT,COST,PG,KO,PEP,PM,BRK-B,JPM,V","TMUS,CMCSA,BKNG,SBUX",,252,5,0.8,60,2.0,0.0,5.0,252.0,3.3185584758313302,0.17709565150254858,0.27486702427971066,0.6442957352437162,-0.3471886790312757,0.021671826625386997,25,2199.0,0.5052296498408367
usa,AMZN,priority,30,30,"NVDA,AAPL,MSFT,AVGO,ORCL,AMD,CSCO,QCOM,TXN,IBM,ACN,ADI,GOOGL,META,NFLX,DIS,VZ,TSLA,HD,MCD,LOW,WMT,COST,PG,KO,PEP,PM,BRK-B,JPM,V","TMUS,CMCSA,BKNG,SBUX",,252,5,0.8,60,2.0,0.25,5.0,252.0,1.934562164647406,0.12748322931784983,0.1972230205007501,0.6463912224555194,-0.26309949706286295,0.03538257408226449,79,25.512820512820515,0.5105527638190954
usa,AMZN,priority,30,30,"NVDA,AAPL,MSFT,AVGO,ORCL,AMD,CSCO,QCOM,TXN,IBM,ACN,ADI,GOOGL,META,NFLX,DIS,VZ,TSLA,HD,MCD,LOW,WMT,COST,PG,KO,PEP,PM,BRK-B,JPM,V","TMUS,CMCSA,BKNG,SBUX",,252,5,0.8,60,2.0,0.5,5.0,252.0,1.584531551153281,0.11163461687365417,0.19266775370617634,0.5794151575769138,-0.27904002503070413,0.03538257408226449,79,22.58974358974359,0.5051078320090806
usa,AMZN,priority,30,30,"NVDA,AAPL,MSFT,AVGO,ORCL,AMD,CSCO,QCOM,TXN,IBM,ACN,ADI,GOOGL,META,NFLX,DIS,VZ,TSLA,HD,MCD,LOW,WMT,COST,PG,KO,PEP,PM,BRK-B,JPM,V","TMUS,CMCSA,BKNG,SBUX",,252,5,0.8,60,2.0,0.75,5.0,252.0,0.7956855557985965,0.06741982456143791,0.18122593227937664,0.3720208455460115,-0.31454430300524583,0.03538257408226449,79,19.564102564102566,0.5032765399737876
usa,AMZN,priority,30,30,"NVDA,AAPL,MSFT,AVGO,ORCL,AMD,CSCO,QCOM,TXN,IBM,ACN,ADI,GOOGL,META,NFLX,DIS,VZ,TSLA,HD,MCD,LOW,WMT,COST,PG,KO,PEP,PM,BRK-B,JPM,V","TMUS,CMCSA,BKNG,SBUX",,252,5,0.8,60,2.0,1.0,5.0,252.0,1.1883394456795435,0.09120794525493015,0.16725955351339405,0.5453078364676267,-0.34537240477715225,0.042459088898717384,96,12.625,0.5148514851485149
usa,AMZN,priority,30,30,"NVDA,AAPL,MSFT,AVGO,ORCL,AMD,CSCO,QCOM,TXN,IBM,ACN,ADI,GOOGL,META,NFLX,DIS,VZ,TSLA,HD,MCD,LOW,WMT,COST,PG,KO,PEP,PM,BRK-B,JPM,V","TMUS,CMCSA,BKNG,SBUX",,252,5,0.8,60,2.5,0.0,5.0,252.0,4.94111890543904,0.21969591431357993,0.27468785702612175,0.7998020614820541,-0.3471886790312758,0.016364440513047324,19,2198.0,0.5118289353958144
usa,AMZN,priority,30,30,"NVDA,AAPL,MSFT,AVGO,ORCL,AMD,CSCO,QCOM,TXN,IBM,ACN,ADI,GOOGL,META,NFLX,DIS,VZ,TSLA,HD,MCD,LOW,WMT,COST,PG,KO,PEP,PM,BRK-B,JPM,V","TMUS,CMCSA,BKNG,SBUX",,252,5,0.8,60,2.5,0.25,5.0,252.0,2.2597029525301626,0.1407653268341893,0.17514257245495488,0.8037185069346454,-0.19755187751583758,0.026536930561698365,59,25.275862068965516,0.5225102319236017
usa,AMZN,priority,30,30,"NVDA,AAPL,MSFT,AVGO,ORCL,AMD,CSCO,QCOM,TXN,IBM,ACN,ADI,GOOGL,META,NFLX,DIS,VZ,TSLA,HD,MCD,LOW,WMT,COST,PG,KO,PEP,PM,BRK-B,JPM,V","TMUS,CMCSA,BKNG,SBUX",,252,5,0.8,60,2.5,0.5,5.0,252.0,2.0090984143720396,0.13063956769339646,0.17057574814959095,0.7658742178215664,-0.19755187751583758,0.026536930561698365,59,22.0,0.5172413793103449
usa,AMZN,priority,30,30,"NVDA,AAPL,MSFT,AVGO,ORCL,AMD,CSCO,QCOM,TXN,IBM,ACN,ADI,GOOGL,META,NFLX,DIS,VZ,TSLA,HD,MCD,LOW,WMT,COST,PG,KO,PEP,PM,BRK-B,JPM,V","TMUS,CMCSA,BKNG,SBUX",,252,5,0.8,60,2.5,0.75,5.0,252.0,1.179913501697004,0.09073885603026532,0.15912822844759913,0.570224760970965,-0.19755187751583725,0.026536930561698365,59,18.482758620689655,0.5186567164179104
usa,AMZN,priority,30,30,"NVDA,AAPL,MSFT,AVGO,ORCL,AMD,CSCO,QCOM,TXN,IBM,ACN,ADI,GOOGL,META,NFLX,DIS,VZ,TSLA,HD,MCD,LOW,WMT,COST,PG,KO,PEP,PM,BRK-B,JPM,V","TMUS,CMCSA,BKNG,SBUX",,252,5,0.8,60,2.5,1.0,5.0,252.0,1.4320654470012855,0.10412670519998035,0.14712605612075164,0.7077380305397423,-0.2153987208565259,0.03007518796992481,68,12.411764705882353,0.5379146919431279
usa,AMZN,priority,30,30,"NVDA,AAPL,MSFT,AVGO,ORCL,AMD,CSCO,QCOM,TXN,IBM,ACN,ADI,GOOGL,META,NFLX,DIS,VZ,TSLA,HD,MCD,LOW,WMT,COST,PG,KO,PEP,PM,BRK-B,JPM,V","TMUS,CMCSA,BKNG,SBUX",,252,5,0.8,60,3.0,0.0,5.0,252.0,2.445581659833815,0.14783815098008546,0.27293693011813225,0.5416568249525571,-0.3471886790312755,0.010172490048651039,12,2117.0,0.4992914501653283
usa,AMZN,priority,30,30,"NVDA,AAPL,MSFT,AVGO,ORCL,AMD,CSCO,QCOM,TXN,IBM,ACN,ADI,GOOGL,META,NFLX,DIS,VZ,TSLA,HD,MCD,LOW,WMT,COST,PG,KO,PEP,PM,BRK-B,JPM,V","TMUS,CMCSA,BKNG,SBUX",,252,5,0.8,60,3.0,0.25,5.0,252.0,1.932750873643231,0.1274056449713601,0.15868891014588293,0.8028642004928757,-0.19755187751583747,0.019460415745245468,43,24.952380952380953,0.5095419847328244
usa,AMZN,priority,30,30,"NVDA,AAPL,MSFT,AVGO,ORCL,AMD,CSCO,QCOM,TXN,IBM,ACN,ADI,GOOGL,META,NFLX,DIS,VZ,TSLA,HD,MCD,LOW,WMT,COST,PG,KO,PEP,PM,BRK-B,JPM,V","TMUS,CMCSA,BKNG,SBUX",,252,5,0.8,60,3.0,0.5,5.0,252.0,1.6612153759589119,0.11526311779147247,0.15492860756477056,0.7439756905017348,-0.19755187751583736,0.019460415745245468,43,21.80952380952381,0.49563318777292575
usa,AMZN,priority,30,30,"NVDA,AAPL,MSFT,AVGO,ORCL,AMD,CSCO,QCOM,TXN,IBM,ACN,ADI,GOOGL,META,NFLX,DIS,VZ,TSLA,HD,MCD,LOW,WMT,COST,PG,KO,PEP,PM,BRK-B,JPM,V","TMUS,CMCSA,BKNG,SBUX",,252,5,0.8,60,3.0,0.75,5.0,252.0,0.9816240121221154,0.07920645995165598,0.14602596234869672,0.5424135453565316,-0.19755187751583758,0.019460415745245468,43,18.952380952380953,0.4899497487437186
usa,AMZN,priority,30,30,"NVDA,AAPL,MSFT,AVGO,ORCL,AMD,CSCO,QCOM,TXN,IBM,ACN,ADI,GOOGL,META,NFLX,DIS,VZ,TSLA,HD,MCD,LOW,WMT,COST,PG,KO,PEP,PM,BRK-B,JPM,V","TMUS,CMCSA,BKNG,SBUX",,252,5,0.8,60,3.0,1.0,5.0,252.0,0.8050238007568791,0.06803708571678624,0.1286237908938781,0.528961906999932,-0.19755187751583747,0.019460415745245468,44,13.772727272727273,0.504950495049505
usa,AMZN,priority,30,30,"NVDA,AAPL,MSFT,AVGO,ORCL,AMD,CSCO,QCOM,TXN,IBM,ACN,ADI,GOOGL,META,NFLX,DIS,VZ,TSLA,HD,MCD,LOW,WMT,COST,PG,KO,PEP,PM,BRK-B,JPM,V","TMUS,CMCSA,BKNG,SBUX",,252,10,0.8,60,1.0,0.0,5.0,252.0,1.9644665486981157,0.1287580336817422,0.29970415991941013,0.42961710546949033,-0.3082943756889075,0.03051747014595312,35,2201.0,0.4934120854157201
usa,AMZN,priority,30,30,"NVDA,AAPL,MSFT,AVGO,ORCL,AMD,CSCO,QCOM,TXN,IBM,ACN,ADI,GOOGL,META,NFLX,DIS,VZ,TSLA,HD,MCD,LOW,WMT,COST,PG,KO,PEP,PM,BRK-B,JPM,V","TMUS,CMCSA,BKNG,SBUX",,252,10,0.8,60,1.0,0.25,5.0,252.0,1.5867306906928484,0.11173999946471924,0.25629249178363017,0.43598623856313945,-0.3306265544906183,0.06103494029190624,134,23.6,0.49674054758800523
usa,AMZN,priority,30,30,"NVDA,AAPL,MSFT,AVGO,ORCL,AMD,CSCO,QCOM,TXN,IBM,ACN,ADI,GOOGL,META,NFLX,DIS,VZ,TSLA,HD,MCD,LOW,WMT,COST,PG,KO,PEP,PM,BRK-B,JPM,V","TMUS,CMCSA,BKNG,SBUX",,252,10,0.8,60,1.0,0.5,5.0,252.0,1.722433973803542,0.11809374842664955,0.2480384628942677,0.47611062836246415,-0.33550917363598853,0.06988058381247236,155,18.06578947368421,0.4989075018208303
usa,AMZN,priority,30,30,"NVDA,AAPL,MSFT,AVGO,ORCL,AMD,CSCO,QCOM,TXN,IBM,ACN,ADI,GOOGL,META,NFLX,DIS,VZ,TSLA,HD,MCD,LOW,WMT,COST,PG,KO,PEP,PM,BRK-B,JPM,V","TMUS,CMCSA,BKNG,SBUX",,252,10,0.8,60,1.0,0.75,5.0,252.0,2.759150012468648,0.15903534494530325,0.23631071010699312,0.6729925396665165,-0.30294914362210823,0.09376382131800089,209,11.78640776699029,0.5024711696869851
usa,AMZN,priority,30,30,"NVDA,AAPL,MSFT,AVGO,ORCL,AMD,CSCO,QCOM,TXN,IBM,ACN,ADI,GOOGL,META,NFLX,DIS,VZ,TSLA,HD,MCD,LOW,WMT,COST,PG,KO,PEP,PM,BRK-B,JPM,V","TMUS,CMCSA,BKNG,SBUX",,252,10,0.8,60,1.5,0.0,5.0,252.0,2.9311889037896623,0.164830482471215,0.299544954366286,0.5502696008348015,-0.31797937388053865,0.02697921273772667,31,2200.0,0.49227272727272725
usa,AMZN,priority,30,30,"NVDA,AAPL,MSFT,AVGO,ORCL,AMD,CSCO,QCOM,TXN,IBM,ACN,ADI,GOOGL,META,NFLX,DIS,VZ,TSLA,HD,MCD,LOW,WMT,COST,PG,KO,PEP,PM,BRK-B,JPM,V","TMUS,CMCSA,BKNG,SBUX",,252,10,0.8,60,1.5,0.25,5.0,252.0,1.618708104269869,0.11326342786437427,0.24370110689571375,0.4647636988897335,-0.322286468090046,0.044228217602830605,98,27.541666666666668,0.4939485627836611
usa,AMZN,priority,30,30,"NVDA,AAPL,MSFT,AVGO,ORCL,AMD,CSCO,QCOM,TXN,IBM,ACN,ADI,GOOGL,META,NFLX,DIS,VZ,TSLA,HD,MCD,LOW,WMT,COST,PG,KO,PEP,PM,BRK-B,JPM,V","TMUS,CMCSA,BKNG,SBUX",,252,10,0.8,60,1.5,0.5,5.0,252.0,2.047208430269746,0.13222663657069678,0.23420643968356714,0.5645730183565671,-0.3003054335240074,0.048651039363113664,109,21.24074074074074,0.4986922406277245
usa,AMZN,priority,30,30,"NVDA,AAPL,MSFT,AVGO,ORCL,AMD,CSCO,QCOM,TXN,IBM,ACN,ADI,GOOGL,META,NFLX,DIS,VZ,TSLA,HD,MCD,LOW,WMT,COST,PG,KO,PEP,PM,BRK-B,JPM,V","TMUS,CMCSA,BKNG,SBUX",,252,10,0.8,60,1.5,0.75,5.0,252.0,2.416550732512172,0.14675619330535894,0.2213478117616745,0.6630117195979851,-0.299873026234169,0.05661211853162318,127,15.761904761904763,0.49748237663645517
usa,AMZN,priority,30,30,"NVDA,AAPL,MSFT,AVGO,ORCL,AMD,CSCO,QCOM,TXN,IBM,ACN,ADI,GOOGL,META,NFLX,DIS,VZ,TSLA,HD,MCD,LOW,WMT,COST,PG,KO,PEP,PM,BRK-B,JPM,V","TMUS,CMCSA,BKNG,SBUX",,252,10,0.8,60,1.5,1.0,5.0,252.0,2.0398076916933943,0.13191982246839395,0.20986773254565783,0.6285855422757479,-0.26995129708860155,0.06899601946041574,155,11.181818181818182,0.5087108013937283
usa,AMZN,priority,30,30,"NVDA,AAPL,MSFT,AVGO,ORCL,AMD,CSCO,QCOM,TXN,IBM,ACN,ADI,GOOGL,META,NFLX,DIS,VZ,TSLA,HD,MCD,LOW,WMT,COST,PG,KO,PEP,PM,BRK-B,JPM,V","TMUS,CMCSA,BKNG,SBUX",,252,10,0.8,60,2.0,0.0,5.0,252.0,4.674268560680762,0.21346459110168237,0.29933674609686567,0.7131252473513726,-0.3531090038491662,0.021671826625386997,25,2198.0,0.49226569608735216
usa,AMZN,priority,30,30,"NVDA,AAPL,MSFT,AVGO,ORCL,AMD,CSCO,QCOM,TXN,IBM,ACN,ADI,GOOGL,META,NFLX,DIS,VZ,TSLA,HD,MCD,LOW,WMT,COST,PG,KO,PEP,PM,BRK-B,JPM,V","TMUS,CMCSA,BKNG,SBUX",,252,10,0.8,60,2.0,0.25,5.0,252.0,1.8316320313224157,0.1230053166659073,0.22295241210211622,0.5517110826752063,-0.2916499268949341,0.03272888102609465,73,29.194444444444443,0.4900095147478592
usa,AMZN,priority,30,30,"NVDA,AAPL,MSFT,AVGO,ORCL,AMD,CSCO,QCOM,TXN,IBM,ACN,ADI,GOOGL,META,NFLX,DIS,VZ,TSLA,HD,MCD,LOW,WMT,COST,PG,KO,PEP,PM,BRK-B,JPM,V","TMUS,CMCSA,BKNG,SBUX",,252,10,0.8,60,2.0,0.5,5.0,252.0,1.907209096279439,0.1263070376051949,0.2119276080293328,0.5959914273543483,-0.27177465580658955,0.03361344537815126,75,23.54054054054054,0.4856486796785304
usa,AMZN,priority,30,30,"NVDA,AAPL,MSFT,AVGO,ORCL,AMD,CSCO,QCOM,TXN,IBM,ACN,ADI,GOOGL,META,NFLX,DIS,VZ,TSLA,HD,MCD,LOW,WMT,COST,PG,KO,PEP,PM,BRK-B,JPM,V","TMUS,CMCSA,BKNG,SBUX",,252,10,0.8,60,2.0,0.75,5.0,252.0,1.255848979172645,0.09490945669415596,0.20075748369468072,0.47275675580043486,-0.26995129708860155,0.03449800973020787,77,19.605263157894736,0.4818791946308725
usa,AMZN,priority,30,30,"NVDA,AAPL,MSFT,AVGO,ORCL,AMD,CSCO,QCOM,TXN,IBM,ACN,ADI,GOOGL,META,NFLX,DIS,VZ,TSLA,HD,MCD,LOW,WMT,COST,PG,KO,PEP,PM,BRK-B,JPM,V","TMUS,CMCSA,BKNG,SBUX",,252,10,0.8,60,2.0,1.0,5.0,252.0,1.060939838345719,0.08393735573904326,0.1907137960658182,0.44012209641129063,-0.28639388206941996,0.03803626713843432,85,15.071428571428571,0.4849921011058452
usa,AMZN,priority,30,30,"NVDA,AAPL,MSFT,AVGO,ORCL,AMD,CSCO,QCOM,TXN,IBM,ACN,ADI,GOOGL,META,NFLX,DIS,VZ,TSLA,HD,MCD,LOW,WMT,COST,PG,KO,PEP,PM,BRK-B,JPM,V","TMUS,CMCSA,BKNG,SBUX",,252,10,0.8,60,2.5,0.0,5.0,252.0,4.412350915495078,0.2070898835229915,0.2993466237856223,0.6918063110386017,-0.35310900384916644,0.016364440513047324,19,2197.0,0.49613108784706417
usa,AMZN,priority,30,30,"NVDA,AAPL,MSFT,AVGO,ORCL,AMD,CSCO,QCOM,TXN,IBM,ACN,ADI,GOOGL,META,NFLX,DIS,VZ,TSLA,HD,MCD,LOW,WMT,COST,PG,KO,PEP,PM,BRK-B,JPM,V","TMUS,CMCSA,BKNG,SBUX",,252,10,0.8,60,2.5,0.25,5.0,252.0,1.500997873229712,0.10757147838934178,0.20461846454340668,0.5257173570790926,-0.2916499268949335,0.02476780185758514,55,30.11111111111111,0.4969249692496925
usa,AMZN,priority,30,30,"NVDA,AAPL,MSFT,AVGO,ORCL,AMD,CSCO,QCOM,TXN,IBM,ACN,ADI,GOOGL,META,NFLX,DIS,VZ,TSLA,HD,MCD,LOW,WMT,COST,PG,KO,PEP,PM,BRK-B,JPM,V","TMUS,CMCSA,BKNG,SBUX",,252,10,0.8,60,2.5,0.5,5.0,252.0,1.6061942987082345,0.11266923963853248,0.19336297422276547,0.5826825952145881,-0.22026137825141046,0.02565236620964175,57,23.392857142857142,0.4916030534351145
usa,AMZN,priority,30,30,"NVDA,AAPL,MSFT,AVGO,ORCL,AMD,CSCO,QCOM,TXN,IBM,ACN,ADI,GOOGL,META,NFLX,DIS,VZ,TSLA,HD,MCD,LOW,WMT,COST,PG,KO,PEP,PM,BRK-B,JPM,V","TMUS,CMCSA,BKNG,SBUX",,252,10,0.8,60,2.5,0.75,5.0,252.0,1.0979688031722148,0.0860908259919948,0.18534362295394063,0.46449305684171854,-0.2286148239764183,0.02565236620964175,57,20.0,0.4857142857142857
usa,AMZN,priority,30,30,"NVDA,AAPL,MSFT,AVGO,ORCL,AMD,CSCO,QCOM,TXN,IBM,ACN,ADI,GOOGL,META,NFLX,DIS,VZ,TSLA,HD,MCD,LOW,WMT,COST,PG,KO,PEP,PM,BRK-B,JPM,V","TMUS,CMCSA,BKNG,SBUX",,252,10,0.8,60,2.5,1.0,5.0,252.0,0.8116772804542931,0.06847515425897566,0.17729452931355338,0.38622260102495465,-0.21530537747162393,0.026536930561698365,59,16.620689655172413,0.491701244813278
usa,AMZN,priority,30,30,"NVDA,AAPL,MSFT,AVGO,ORCL,AMD,CSCO,QCOM,TXN,IBM,ACN,ADI,GOOGL,META,NFLX,DIS,VZ,TSLA,HD,MCD,LOW,WMT,COST,PG,KO,PEP,PM,BRK-B,JPM,V","TMUS,CMCSA,BKNG,SBUX",,252,10,0.8,60,3.0,0.0,5.0,252.0,2.7329333137142044,0.1581316237607311,0.2974343109304437,0.5316522605144598,-0.3531090038491662,0.010172490048651039,12,2117.0,0.4898441190363722
usa,AMZN,priority,30,30,"NVDA,AAPL,MSFT,AVGO,ORCL,AMD,CSCO,QCOM,TXN,IBM,ACN,ADI,GOOGL,META,NFLX,DIS,VZ,TSLA,HD,MCD,LOW,WMT,COST,PG,KO,PEP,PM,BRK-B,JPM,V","TMUS,CMCSA,BKNG,SBUX",,252,10,0.8,60,3.0,0.25,5.0,252.0,1.5255078274116256,0.10877600819046629,0.18027265169189705,0.6033971718371056,-0.29303187046901225,0.017691287041132243,39,26.736842105263158,0.4862204724409449
usa,AMZN,priority,30,30,"NVDA,AAPL,MSFT,AVGO,ORCL,AMD,CSCO,QCOM,TXN,IBM,ACN,ADI,GOOGL,META,NFLX,DIS,VZ,TSLA,HD,MCD,LOW,WMT,COST,PG,KO,PEP,PM,BRK-B,JPM,V","TMUS,CMCSA,BKNG,SBUX",,252,10,0.8,60,3.0,0.5,5.0,252.0,1.6214592483415573,0.11339372100310285,0.17521799400463223,0.6471579682626949,-0.21530537747162348,0.018575851393188854,41,22.85,0.4814004376367615
usa,AMZN,priority,30,30,"NVDA,AAPL,MSFT,AVGO,ORCL,AMD,CSCO,QCOM,TXN,IBM,ACN,ADI,GOOGL,META,NFLX,DIS,VZ,TSLA,HD,MCD,LOW,WMT,COST,PG,KO,PEP,PM,BRK-B,JPM,V","TMUS,CMCSA,BKNG,SBUX",,252,10,0.8,60,3.0,0.75,5.0,252.0,1.2167966864516706,0.09278044188706325,0.16986361822702242,0.5462054962414751,-0.22032019785772095,0.018575851393188854,41,19.95,0.47368421052631576
usa,AMZN,priority,30,30,"NVDA,AAPL,MSFT,AVGO,ORCL,AMD,CSCO,QCOM,TXN,IBM,ACN,ADI,GOOGL,META,NFLX,DIS,VZ,TSLA,HD,MCD,LOW,WMT,COST,PG,KO,PEP,PM,BRK-B,JPM,V","TMUS,CMCSA,BKNG,SBUX",,252,10,0.8,60,3.0,1.0,5.0,252.0,1.0366480032785907,0.08250587875899718,0.1623360956857555,0.508241117974829,-0.21530537747162348,0.019460415745245468,43,15.857142857142858,0.48348348348348347
usa,AMZN,priority,30,30,"NVDA,AAPL,MSFT,AVGO,ORCL,AMD,CSCO,QCOM,TXN,IBM,ACN,ADI,GOOGL,META,NFLX,DIS,VZ,TSLA,HD,MCD,LOW,WMT,COST,PG,KO,PEP,PM,BRK-B,JPM,V","TMUS,CMCSA,BKNG,SBUX",,252,21,0.8,60,1.0,0.0,5.0,252.0,1.9896600583792634,0.12982317898581153,0.3065403463460199,0.42351090332255426,-0.3505476848096869,0.034055727554179564,39,2199.0,0.493406093678945
usa,AMZN,priority,30,30,"NVDA,AAPL,MSFT,AVGO,ORCL,AMD,CSCO,QCOM,TXN,IBM,ACN,ADI,GOOGL,META,NFLX,DIS,VZ,TSLA,HD,MCD,LOW,WMT,COST,PG,KO,PEP,PM,BRK-B,JPM,V","TMUS,CMCSA,BKNG,SBUX",,252,21,0.8,60,1.0,0.25,5.0,252.0,0.5801728709820342,0.05231713683351691,0.2671753680391775,0.19581571915658533,-0.36432298661555385,0.0513047324192835,110,30.23076923076923,0.48854961832061067
usa,AMZN,priority,30,30,"NVDA,AAPL,MSFT,AVGO,ORCL,AMD,CSCO,QCOM,TXN,IBM,ACN,ADI,GOOGL,META,NFLX,DIS,VZ,TSLA,HD,MCD,LOW,WMT,COST,PG,KO,PEP,PM,BRK-B,JPM,V","TMUS,CMCSA,BKNG,SBUX",,252,21,0.8,60,1.0,0.5,5.0,252.0,1.3917811282438075,0.10207319271895865,0.25681829608658063,0.3974529629483521,-0.3681338934562852,0.06191950464396285,134,22.375,0.4888268156424581
usa,AMZN,priority,30,30,"NVDA,AAPL,MSFT,AVGO,ORCL,AMD,CSCO,QCOM,TXN,IBM,ACN,ADI,GOOGL,META,NFLX,DIS,VZ,TSLA,HD,MCD,LOW,WMT,COST,PG,KO,PEP,PM,BRK-B,JPM,V","TMUS,CMCSA,BKNG,SBUX",,252,21,0.8,60,1.0,0.75,5.0,252.0,0.43039932549016857,0.040702289146510084,0.2412959842007693,0.16868199974950232,-0.3834485533203855,0.0725342768686422,163,15.790123456790123,0.4847537138389367
usa,AMZN,priority,30,30,"NVDA,AAPL,MSFT,AVGO,ORCL,AMD,CSCO,QCOM,TXN,IBM,ACN,ADI,GOOGL,META,NFLX,DIS,VZ,TSLA,HD,MCD,LOW,WMT,COST,PG,KO,PEP,PM,BRK-B,JPM,V","TMUS,CMCSA,BKNG,SBUX",,252,21,0.8,60,1.5,0.0,5.0,252.0,3.4815891275478315,0.1819672094701883,0.306055721574266,0.5945558166146977,-0.3505476848096868,0.028748341441839895,33,2198.0,0.489080982711556
usa,AMZN,priority,30,30,"NVDA,AAPL,MSFT,AVGO,ORCL,AMD,CSCO,QCOM,TXN,IBM,ACN,ADI,GOOGL,META,NFLX,DIS,VZ,TSLA,HD,MCD,LOW,WMT,COST,PG,KO,PEP,PM,BRK-B,JPM,V","TMUS,CMCSA,BKNG,SBUX",,252,21,0.8,60,1.5,0.25,5.0,252.0,0.8571105872861224,0.07142886488773148,0.25183832789832766,0.2836298409532356,-0.3426975650562696,0.040689960194604156,88,33.142857142857146,0.4892241379310345
usa,AMZN,priority,30,30,"NVDA,AAPL,MSFT,AVGO,ORCL,AMD,CSCO,QCOM,TXN,IBM,ACN,ADI,GOOGL,META,NFLX,DIS,VZ,TSLA,HD,MCD,LOW,WMT,COST,PG,KO,PEP,PM,BRK-B,JPM,V","TMUS,CMCSA,BKNG,SBUX",,252,21,0.8,60,1.5,0.5,5.0,252.0,1.269851268535636,0.09566484907281336,0.2439189927893388,0.39219926246347914,-0.3373442808329413,0.043343653250773995,94,27.644444444444446,0.4871382636655949
usa,AMZN,priority,30,30,"NVDA,AAPL,MSFT,AVGO,ORCL,AMD,CSCO,QCOM,TXN,IBM,ACN,ADI,GOOGL,META,NFLX,DIS,VZ,TSLA,HD,MCD,LOW,WMT,COST,PG,KO,PEP,PM,BRK-B,JPM,V","TMUS,CMCSA,BKNG,SBUX",,252,21,0.8,60,1.5,0.75,5.0,252.0,0.43477803655762504,0.04105687840542682,0.2275202438586132,0.18045373769439435,-0.36122212364590145,0.04688191065900044,105,20.576923076923077,0.48130841121495327
usa,AMZN,priority,30,30,"NVDA,AAPL,MSFT,AVGO,ORCL,AMD,CSCO,QCOM,TXN,IBM,ACN,ADI,GOOGL,META,NFLX,DIS,VZ,TSLA,HD,MCD,LOW,WMT,COST,PG,KO,PEP,PM,BRK-B,JPM,V","TMUS,CMCSA,BKNG,SBUX",,252,21,0.8,60,1.5,1.0,5.0,252.0,0.3381111360221567,0.03299495427009469,0.21887262294059054,0.15074957217948012,-0.33891779157647706,0.05572755417956656,125,15.112903225806452,0.48665955176093917
usa,AMZN,priority,30,30,"NVDA,AAPL,MSFT,AVGO,ORCL,AMD,CSCO,QCOM,TXN,IBM,ACN,ADI,GOOGL,META,NFLX,DIS,VZ,TSLA,HD,MCD,LOW,WMT,COST,PG,KO,PEP,PM,BRK-B,JPM,V","TMUS,CMCSA,BKNG,SBUX",,252,21,0.8,60,2.0,0.0,5.0,252.0,5.5530906461300615,0.2330965905420126,0.3059168046339316,0.7619607259592762,-0.3619989178584869,0.02344095532950022,27,2198.0,0.5009099181073703
usa,AMZN,priority,30,30,"NVDA,AAPL,MSFT,AVGO,ORCL,AMD,CSCO,QCOM,TXN,IBM,ACN,ADI,GOOGL,META,NFLX,DIS,VZ,TSLA,HD,MCD,LOW,WMT,COST,PG,KO,PEP,PM,BRK-B,JPM,V","TMUS,CMCSA,BKNG,SBUX",,252,21,0.8,60,2.0,0.25,5.0,252.0,1.1582099715782337,0.08952311602939389,0.23133504612172057,0.3869846680398347,-0.34364070067271335,0.03361344537815126,74,32.138888888888886,0.49524632670700086
usa,AMZN,priority,30,30,"NVDA,AAPL,MSFT,AVGO,ORCL,AMD,CSCO,QCOM,TXN,IBM,ACN,ADI,GOOGL,META,NFLX,DIS,VZ,TSLA,HD,MCD,LOW,WMT,COST,PG,KO,PEP,PM,BRK-B,JPM,V","TMUS,CMCSA,BKNG,SBUX",,252,21,0.8,60,2.0,0.5,5.0,252.0,1.0988496204291631,0.08614163865074498,0.2256688257156935,0.3817170509819093,-0.3324736343358947,0.03361344537815126,74,28.5,0.48927875243664715
usa,AMZN,priority,30,30,"NVDA,AAPL,MSFT,AVGO,ORCL,AMD,CSCO,QCOM,TXN,IBM,ACN,ADI,GOOGL,META,NFLX,DIS,VZ,TSLA,HD,MCD,LOW,WMT,COST,PG,KO,PEP,PM,BRK-B,JPM,V","TMUS,CMCSA,BKNG,SBUX",,252,21,0.8,60,2.0,0.75,5.0,252.0,0.38744387742612174,0.0371716459529865,0.20946251448854142,0.17746204395450416,-0.3355821660399201,0.03449800973020787,78,22.128205128205128,0.4831981460023175
usa,AMZN,priority,30,30,"NVDA,AAPL,MSFT,AVGO,ORCL,AMD,CSCO,QCOM,TXN,IBM,ACN,ADI,GOOGL,META,NFLX,DIS,VZ,TSLA,HD,MCD,LOW,WMT,COST,PG,KO,PEP,PM,BRK-B,JPM,V","TMUS,CMCSA,BKNG,SBUX",,252,21,0.8,60,2.0,1.0,5.0,252.0,0.3763071968068641,0.03624044209492494,0.19796049913556835,0.18306905798467688,-0.30344182568104694,0.03715170278637771,84,17.404761904761905,0.4897400820793434
usa,AMZN,priority,30,30,"NVDA,AAPL,MSFT,AVGO,ORCL,AMD,CSCO,QCOM,TXN,IBM,ACN,ADI,GOOGL,META,NFLX,DIS,VZ,TSLA,HD,MCD,LOW,WMT,COST,PG,KO,PEP,PM,BRK-B,JPM,V","TMUS,CMCSA,BKNG,SBUX",,252,21,0.8,60,2.5,0.0,5.0,252.0,5.80277571848915,0.23824654650394583,0.3039820600550881,0.7837519966170715,-0.39399448994923947,0.015479876160990712,18,2117.0,0.5054322153991497
usa,AMZN,priority,30,30,"NVDA,AAPL,MSFT,AVGO,ORCL,AMD,CSCO,QCOM,TXN,IBM,ACN,ADI,GOOGL,META,NFLX,DIS,VZ,TSLA,HD,MCD,LOW,WMT,COST,PG,KO,PEP,PM,BRK-B,JPM,V","TMUS,CMCSA,BKNG,SBUX",,252,21,0.8,60,2.5,0.25,5.0,252.0,1.0239222741932439,0.08174990693017148,0.21658911680356185,0.3774423578462419,-0.32137115598953636,0.02565236620964175,57,32.214285714285715,0.4911308203991131
usa,AMZN,priority,30,30,"NVDA,AAPL,MSFT,AVGO,ORCL,AMD,CSCO,QCOM,TXN,IBM,ACN,ADI,GOOGL,META,NFLX,DIS,VZ,TSLA,HD,MCD,LOW,WMT,COST,PG,KO,PEP,PM,BRK-B,JPM,V","TMUS,CMCSA,BKNG,SBUX",,252,21,0.8,60,2.5,0.5,5.0,252.0,1.0538036958085488,0.08351839686532592,0.21155028607788579,0.39479217170416503,-0.32137115598953647,0.02565236620964175,57,28.571428571428573,0.48375
usa,AMZN,priority,30,30,"NVDA,AAPL,MSFT,AVGO,ORCL,AMD,CSCO,QCOM,TXN,IBM,ACN,ADI,GOOGL,META,NFLX,DIS,VZ,TSLA,HD,MCD,LOW,WMT,COST,PG,KO,PEP,PM,BRK-B,JPM,V","TMUS,CMCSA,BKNG,SBUX",,252,21,0.8,60,2.5,0.75,5.0,252.0,0.49366374429884785,0.045734338601793656,0.1950932940450644,0.23442291456327313,-0.32137115598953647,0.02565236620964175,58,22.896551724137932,0.47289156626506024
usa,AMZN,priority,30,30,"NVDA,AAPL,MSFT,AVGO,ORCL,AMD,CSCO,QCOM,TXN,IBM,ACN,ADI,GOOGL,META,NFLX,DIS,VZ,TSLA,HD,MCD,LOW,WMT,COST,PG,KO,PEP,PM,BRK-B,JPM,V","TMUS,CMCSA,BKNG,SBUX",,252,21,0.8,60,2.5,1.0,5.0,252.0,0.4897662520859576,0.04542985930949017,0.18389917041239656,0.24703678220849531,-0.3068199570263297,0.026536930561698365,60,17.633333333333333,0.4839319470699433
usa,AMZN,priority,30,30,"NVDA,AAPL,MSFT,AVGO,ORCL,AMD,CSCO,QCOM,TXN,IBM,ACN,ADI,GOOGL,META,NFLX,DIS,VZ,TSLA,HD,MCD,LOW,WMT,COST,PG,KO,PEP,PM,BRK-B,JPM,V","TMUS,CMCSA,BKNG,SBUX",,252,21,0.8,60,3.0,0.0,5.0,252.0,0.7767471374114583,0.0661591808053652,0.3042930060039427,0.217419327753159,-0.39399448994924013,0.008403361344537815,10,2117.0,0.4931506849315068
usa,AMZN,priority,30,30,"NVDA,AAPL,MSFT,AVGO,ORCL,AMD,CSCO,QCOM,TXN,IBM,ACN,ADI,GOOGL,META,NFLX,DIS,VZ,TSLA,HD,MCD,LOW,WMT,COST,PG,KO,PEP,PM,BRK-B,JPM,V","TMUS,CMCSA,BKNG,SBUX",,252,21,0.8,60,3.0,0.25,5.0,252.0,0.5369054001684521,0.049065915365730906,0.1746726457582057,0.28090211350924077,-0.29485502100897565,0.01592215833701902,36,29.0,0.4827586206896552
usa,AMZN,priority,30,30,"NVDA,AAPL,MSFT,AVGO,ORCL,AMD,CSCO,QCOM,TXN,IBM,ACN,ADI,GOOGL,META,NFLX,DIS,VZ,TSLA,HD,MCD,LOW,WMT,COST,PG,KO,PEP,PM,BRK-B,JPM,V","TMUS,CMCSA,BKNG,SBUX",,252,21,0.8,60,3.0,0.5,5.0,252.0,0.5831693845301789,0.052539361704259324,0.1691442110239632,0.31061873998641254,-0.29485502100897554,0.01592215833701902,36,24.22222222222222,0.4701834862385321
usa,AMZN,priority,30,30,"NVDA,AAPL,MSFT,AVGO,ORCL,AMD,CSCO,QCOM,TXN,IBM,ACN,ADI,GOOGL,META,NFLX,DIS,VZ,TSLA,HD,MCD,LOW,WMT,COST,PG,KO,PEP,PM,BRK-B,JPM,V","TMUS,CMCSA,BKNG,SBUX",,252,21,0.8,60,3.0,0.75,5.0,252.0,0.47526568910149924,0.04429079794477642,0.16725976282699126,0.26480246770760735,-0.29485502100897576,0.01592215833701902,36,21.27777777777778,0.4595300261096606
usa,AMZN,priority,30,30,"NVDA,AAPL,MSFT,AVGO,ORCL,AMD,CSCO,QCOM,TXN,IBM,ACN,ADI,GOOGL,META,NFLX,DIS,VZ,TSLA,HD,MCD,LOW,WMT,COST,PG,KO,PEP,PM,BRK-B,JPM,V","TMUS,CMCSA,BKNG,SBUX",,252,21,0.8,60,3.0,1.0,5.0,252.0,0.48334451739224993,0.044926634235396445,0.1627059809920108,0.2761215903771997,-0.26751264709934275,0.01680672268907563,38,18.894736842105264,0.4568245125348189
usa,AMZN,priority,30,30,"NVDA,AAPL,MSFT,AVGO,ORCL,AMD,CSCO,QCOM,TXN,IBM,ACN,ADI,GOOGL,META,NFLX,DIS,VZ,TSLA,HD,MCD,LOW,WMT,COST,PG,KO,PEP,PM,BRK-B,JPM,V","TMUS,CMCSA,BKNG,SBUX",,252,63,0.8,60,1.0,0.0,5.0,252.0,1.9489312882179055,0.12809720922073864,0.35976520215396296,0.35605780785302,-0.4424902564255542,0.034055727554179564,39,2198.0,0.49499545040946313
usa,AMZN,priority,30,30,"NVDA,AAPL,MSFT,AVGO,ORCL,AMD,CSCO,QCOM,TXN,IBM,ACN,ADI,GOOGL,META,NFLX,DIS,VZ,TSLA,HD,MCD,LOW,WMT,COST,PG,KO,PEP,PM,BRK-B,JPM,V","TMUS,CMCSA,BKNG,SBUX",,252,63,0.8,60,1.0,0.25,5.0,252.0,3.749407707048185,0.18963826114098303,0.32141060317567344,0.5900186840983974,-0.3328525801736756,0.05572755417956656,110,36.361702127659576,0.4967817437097718
usa,AMZN,priority,30,30,"NVDA,AAPL,MSFT,AVGO,ORCL,AMD,CSCO,QCOM,TXN,IBM,ACN,ADI,GOOGL,META,NFLX,DIS,VZ,TSLA,HD,MCD,LOW,WMT,COST,PG,KO,PEP,PM,BRK-B,JPM,V","TMUS,CMCSA,BKNG,SBUX",,252,63,0.8,60,1.0,0.5,5.0,252.0,3.5951437953622305,0.1852681616425902,0.30874420400477876,0.6000700879221124,-0.33285258017367514,0.06722689075630252,138,25.274193548387096,0.49840459476707083
usa,AMZN,priority,30,30,"NVDA,AAPL,MSFT,AVGO,ORCL,AMD,CSCO,QCOM,TXN,IBM,ACN,ADI,GOOGL,META,NFLX,DIS,VZ,TSLA,HD,MCD,LOW,WMT,COST,PG,KO,PEP,PM,BRK-B,JPM,V","TMUS,CMCSA,BKNG,SBUX",,252,63,0.8,60,1.0,0.75,5.0,252.0,1.8758427377006943,0.12494610839675091,0.285522722640278,0.4376047805980296,-0.4615842511894358,0.07784166298098187,168,17.9375,0.4961672473867596
usa,AMZN,priority,30,30,"NVDA,AAPL,MSFT,AVGO,ORCL,AMD,CSCO,QCOM,TXN,IBM,ACN,ADI,GOOGL,META,NFLX,DIS,VZ,TSLA,HD,MCD,LOW,WMT,COST,PG,KO,PEP,PM,BRK-B,JPM,V","TMUS,CMCSA,BKNG,SBUX",,252,63,0.8,60,1.5,0.0,5.0,252.0,1.5030964335238037,0.10767502074189084,0.3597765784511234,0.29928301949349595,-0.4250034660544971,0.02697921273772667,31,2198.0,0.49499545040946313
usa,AMZN,priority,30,30,"NVDA,AAPL,MSFT,AVGO,ORCL,AMD,CSCO,QCOM,TXN,IBM,ACN,ADI,GOOGL,META,NFLX,DIS,VZ,TSLA,HD,MCD,LOW,WMT,COST,PG,KO,PEP,PM,BRK-B,JPM,V","TMUS,CMCSA,BKNG,SBUX",,252,63,0.8,60,1.5,0.25,5.0,252.0,4.176390791361922,0.20110773252127445,0.3121763506443776,0.6442119401618948,-0.3328525801736748,0.045112781954887216,90,40.717948717948715,0.4968513853904282
usa,AMZN,priority,30,30,"NVDA,AAPL,MSFT,AVGO,ORCL,AMD,CSCO,QCOM,TXN,IBM,ACN,ADI,GOOGL,META,NFLX,DIS,VZ,TSLA,HD,MCD,LOW,WMT,COST,PG,KO,PEP,PM,BRK-B,JPM,V","TMUS,CMCSA,BKNG,SBUX",,252,63,0.8,60,1.5,0.5,5.0,252.0,2.7387851330085202,0.1583338308149702,0.2917298923885806,0.5427411963806283,-0.3328525801736756,0.05307386112339673,112,27.076923076923077,0.4978693181818182
usa,AMZN,priority,30,30,"NVDA,AAPL,MSFT,AVGO,ORCL,AMD,CSCO,QCOM,TXN,IBM,ACN,ADI,GOOGL,META,NFLX,DIS,VZ,TSLA,HD,MCD,LOW,WMT,COST,PG,KO,PEP,PM,BRK-B,JPM,V","TMUS,CMCSA,BKNG,SBUX",,252,63,0.8,60,1.5,0.75,5.0,252.0,0.9885876888218184,0.07962849138025851,0.2658925412139859,0.2994762132728455,-0.4249462076952817,0.05484298982750995,119,22.333333333333332,0.4948939512961508
usa,AMZN,priority,30,30,"NVDA,AAPL,MSFT,AVGO,ORCL,AMD,CSCO,QCOM,TXN,IBM,ACN,ADI,GOOGL,META,NFLX,DIS,VZ,TSLA,HD,MCD,LOW,WMT,COST,PG,KO,PEP,PM,BRK-B,JPM,V","TMUS,CMCSA,BKNG,SBUX",,252,63,0.8,60,1.5,1.0,5.0,252.0,1.120181223843058,0.0873664683208708,0.2584154140840803,0.33808536008012463,-0.4116368508857783,0.06368863334807608,140,16.308823529411764,0.49594229035166815
usa,AMZN,priority,30,30,"NVDA,AAPL,MSFT,AVGO,ORCL,AMD,CSCO,QCOM,TXN,IBM,ACN,ADI,GOOGL,META,NFLX,DIS,VZ,TSLA,HD,MCD,LOW,WMT,COST,PG,KO,PEP,PM,BRK-B,JPM,V","TMUS,CMCSA,BKNG,SBUX",,252,63,0.8,60,2.0,0.0,5.0,252.0,5.801857111092897,0.23822790946364125,0.3594608517343389,0.6627367300617888,-0.34428044495640353,0.025210084033613446,29,2198.0,0.5059144676979072
usa,AMZN,priority,30,30,"NVDA,AAPL,MSFT,AVGO,ORCL,AMD,CSCO,QCOM,TXN,IBM,ACN,ADI,GOOGL,META,NFLX,DIS,VZ,TSLA,HD,MCD,LOW,WMT,COST,PG,KO,PEP,PM,BRK-B,JPM,V","TMUS,CMCSA,BKNG,SBUX",,252,63,0.8,60,2.0,0.25,5.0,252.0,3.8069394031934696,0.19123581993182093,0.29444560803298053,0.6494775765526134,-0.32203047521731387,0.03449800973020787,69,46.0,0.49927536231884057
usa,AMZN,priority,30,30,"NVDA,AAPL,MSFT,AVGO,ORCL,AMD,CSCO,QCOM,TXN,IBM,ACN,ADI,GOOGL,META,NFLX,DIS,VZ,TSLA,HD,MCD,LOW,WMT,COST,PG,KO,PEP,PM,BRK-B,JPM,V","TMUS,CMCSA,BKNG,SBUX",,252,63,0.8,60,2.0,0.5,5.0,252.0,1.7183944136505231,0.11790871875102216,0.27293175958622834,0.43200805552924604,-0.3913892957865929,0.03715170278637771,79,31.756756756756758,0.5004255319148936
usa,AMZN,priority,30,30,"NVDA,AAPL,MSFT,AVGO,ORCL,AMD,CSCO,QCOM,TXN,IBM,ACN,ADI,GOOGL,META,NFLX,DIS,VZ,TSLA,HD,MCD,LOW,WMT,COST,PG,KO,PEP,PM,BRK-B,JPM,V","TMUS,CMCSA,BKNG,SBUX",,252,63,0.8,60,2.0,0.75,5.0,252.0,0.8669257794936305,0.07205852589519246,0.24969612344212555,0.28858488030109186,-0.48169456319901816,0.03803626713843432,82,27.05128205128205,0.4957345971563981
usa,AMZN,priority,30,30,"NVDA,AAPL,MSFT,AVGO,ORCL,AMD,CSCO,QCOM,TXN,IBM,ACN,ADI,GOOGL,META,NFLX,DIS,VZ,TSLA,HD,MCD,LOW,WMT,COST,PG,KO,PEP,PM,BRK-B,JPM,V","TMUS,CMCSA,BKNG,SBUX",,252,63,0.8,60,2.0,1.0,5.0,252.0,0.8192334992897194,0.0689709293647407,0.23369239019153298,0.2951355382527112,-0.530918761324644,0.04157452454666077,91,20.022727272727273,0.5005675368898979
usa,AMZN,priority,30,30,"NVDA,AAPL,MSFT,AVGO,ORCL,AMD,CSCO,QCOM,TXN,IBM,ACN,ADI,GOOGL,META,NFLX,DIS,VZ,TSLA,HD,MCD,LOW,WMT,COST,PG,KO,PEP,PM,BRK-B,JPM,V","TMUS,CMCSA,BKNG,SBUX",,252,63,0.8,60,2.5,0.0,5.0,252.0,3.7387718158365946,0.18934103855086626,0.3595844698807262,0.5265551057131875,-0.45139437176948194,0.01813356921716055,21,2198.0,0.5118289353958144
usa,AMZN,priority,30,30,"NVDA,AAPL,MSFT,AVGO,ORCL,AMD,CSCO,QCOM,TXN,IBM,ACN,ADI,GOOGL,META,NFLX,DIS,VZ,TSLA,HD,MCD,LOW,WMT,COST,PG,KO,PEP,PM,BRK-B,JPM,V","TMUS,CMCSA,BKNG,SBUX",,252,63,0.8,60,2.5,0.25,5.0,252.0,4.020391245979196,0.19701827557998208,0.26549797300744354,0.7420707335285699,-0.3116054405968718,0.023883237505528527,50,47.82608695652174,0.5054545454545455
usa,AMZN,priority,30,30,"NVDA,AAPL,MSFT,AVGO,ORCL,AMD,CSCO,QCOM,TXN,IBM,ACN,ADI,GOOGL,META,NFLX,DIS,VZ,TSLA,HD,MCD,LOW,WMT,COST,PG,KO,PEP,PM,BRK-B,JPM,V","TMUS,CMCSA,BKNG,SBUX",,252,63,0.8,60,2.5,0.5,5.0,252.0,1.6076874763018907,0.1127402726480653,0.23928969963059185,0.4711455312205678,-0.28791744521185536,0.023883237505528527,53,35.07692307692308,0.5054824561403509
usa,AMZN,priority,30,30,"NVDA,AAPL,MSFT,AVGO,ORCL,AMD,CSCO,QCOM,TXN,IBM,ACN,ADI,GOOGL,META,NFLX,DIS,VZ,TSLA,HD,MCD,LOW,WMT,COST,PG,KO,PEP,PM,BRK-B,JPM,V","TMUS,CMCSA,BKNG,SBUX",,252,63,0.8,60,2.5,0.75,5.0,252.0,0.8295881806176992,0.06964735257765464,0.21069475785800498,0.33056044339077756,-0.28227924220912615,0.023883237505528527,53,30.653846153846153,0.4968632371392723
usa,AMZN,priority,30,30,"NVDA,AAPL,MSFT,AVGO,ORCL,AMD,CSCO,QCOM,TXN,IBM,ACN,ADI,GOOGL,META,NFLX,DIS,VZ,TSLA,HD,MCD,LOW,WMT,COST,PG,KO,PEP,PM,BRK-B,JPM,V","TMUS,CMCSA,BKNG,SBUX",,252,63,0.8,60,2.5,1.0,5.0,252.0,0.4180059366802815,0.03969341514925051,0.1776231425345456,0.22346983947505944,-0.2846381908154969,0.023883237505528527,53,23.115384615384617,0.49417637271214643
usa,AMZN,priority,30,30,"NVDA,AAPL,MSFT,AVGO,ORCL,AMD,CSCO,QCOM,TXN,IBM,ACN,ADI,GOOGL,META,NFLX,DIS,VZ,TSLA,HD,MCD,LOW,WMT,COST,PG,KO,PEP,PM,BRK-B,JPM,V","TMUS,CMCSA,BKNG,SBUX",,252,63,0.8,60,3.0,0.0,5.0,252.0,3.779194038268117,0.19046751112514348,0.35685422304197517,0.5337403870452155,-0.4728634676774709,0.013710747456877488,16,2135.0,0.5180327868852459
usa,AMZN,priority,30,30,"NVDA,AAPL,MSFT,AVGO,ORCL,AMD,CSCO,QCOM,TXN,IBM,ACN,ADI,GOOGL,META,NFLX,DIS,VZ,TSLA,HD,MCD,LOW,WMT,COST,PG,KO,PEP,PM,BRK-B,JPM,V","TMUS,CMCSA,BKNG,SBUX",,252,63,0.8,60,3.0,0.25,5.0,252.0,4.704180799422624,0.21417588842494828,0.23401913593959575,0.9152067311291614,-0.2885906331193976,0.019460415745245468,41,42.89473684210526,0.5165644171779141
usa,AMZN,priority,30,30,"NVDA,AAPL,MSFT,AVGO,ORCL,AMD,CSCO,QCOM,TXN,IBM,ACN,ADI,GOOGL,META,NFLX,DIS,VZ,TSLA,HD,MCD,LOW,WMT,COST,PG,KO,PEP,PM,BRK-B,JPM,V","TMUS,CMCSA,BKNG,SBUX",,252,63,0.8,60,3.0,0.5,5.0,252.0,2.170258533940133,0.13723328390080258,0.20911623714231795,0.6562536021887478,-0.26848702464172347,0.019460415745245468,43,31.857142857142858,0.5142002989536621
usa,AMZN,priority,30,30,"NVDA,AAPL,MSFT,AVGO,ORCL,AMD,CSCO,QCOM,TXN,IBM,ACN,ADI,GOOGL,META,NFLX,DIS,VZ,TSLA,HD,MCD,LOW,WMT,COST,PG,KO,PEP,PM,BRK-B,JPM,V","TMUS,CMCSA,BKNG,SBUX",,252,63,0.8,60,3.0,0.75,5.0,252.0,1.3281877371231436,0.09876807065391646,0.17620784307163873,0.560520286340271,-0.24294375691586112,0.019460415745245468,43,27.238095238095237,0.5104895104895105
usa,AMZN,priority,30,30,"NVDA,AAPL,MSFT,AVGO,ORCL,AMD,CSCO,QCOM,TXN,IBM,ACN,ADI,GOOGL,META,NFLX,DIS,VZ,TSLA,HD,MCD,LOW,WMT,COST,PG,KO,PEP,PM,BRK-B,JPM,V","TMUS,CMCSA,BKNG,SBUX",,252,63,0.8,60,3.0,1.0,5.0,252.0,0.9500824050177785,0.07727823234770814,0.16282204030353895,0.47461776184380916,-0.22680841510147765,0.019460415745245468,43,21.428571428571427,0.5088888888888888
usa,NVDA,priority,30,30,"AAPL,MSFT,AVGO,ORCL,AMD,CSCO,QCOM,TXN,IBM,ACN,ADI,GOOGL,META,NFLX,DIS,VZ,AMZN,TSLA,HD,MCD,LOW,WMT,COST,PG,KO,PEP,PM,BRK-B,JPM,V","TMUS,CMCSA,BKNG,SBUX",,252,5,0.8,60,1.0,0.0,5.0,252.0,17.248784802581987,0.3822002479632096,0.44080992921634327,0.8670409231540498,-0.38208584494870734,0.0437859354268023,50,2190.0,0.5278538812785388
usa,NVDA,priority,30,30,"AAPL,MSFT,AVGO,ORCL,AMD,CSCO,QCOM,TXN,IBM,ACN,ADI,GOOGL,META,NFLX,DIS,VZ,AMZN,TSLA,HD,MCD,LOW,WMT,COST,PG,KO,PEP,PM,BRK-B,JPM,V","TMUS,CMCSA,BKNG,SBUX",,252,5,0.8,60,1.0,0.25,5.0,252.0,15.796400183091148,0.3694828747890253,0.39004268316811186,0.9472883115968488,-0.3332037459005892,0.06811145510835913,141,23.40625,0.5427236315086782
usa,NVDA,priority,30,30,"AAPL,MSFT,AVGO,ORCL,AMD,CSCO,QCOM,TXN,IBM,ACN,ADI,GOOGL,META,NFLX,DIS,VZ,AMZN,TSLA,HD,MCD,LOW,WMT,COST,PG,KO,PEP,PM,BRK-B,JPM,V","TMUS,CMCSA,BKNG,SBUX",,252,5,0.8,60,1.0,0.5,5.0,252.0,7.553372980664676,0.27025664675807914,0.3676746347332387,0.7350429462020412,-0.3332037459005892,0.07872622733303848,175,15.604651162790697,0.5402384500745157
usa,NVDA,priority,30,30,"AAPL,MSFT,AVGO,ORCL,AMD,CSCO,QCOM,TXN,IBM,ACN,ADI,GOOGL,META,NFLX,DIS,VZ,AMZN,TSLA,HD,MCD,LOW,WMT,COST,PG,KO,PEP,PM,BRK-B,JPM,V","TMUS,CMCSA,BKNG,SBUX",,252,5,0.8,60,1.0,0.75,5.0,252.0,10.528211124133088,0.31322393609625965,0.3416548759279361,0.9167846214562052,-0.30096610296680293,0.1017249004865104,228,10.451327433628318,0.5436071126164268
usa,NVDA,priority,30,30,"AAPL,MSFT,AVGO,ORCL,AMD,CSCO,QCOM,TXN,IBM,ACN,ADI,GOOGL,META,NFLX,DIS,VZ,AMZN,TSLA,HD,MCD,LOW,WMT,COST,PG,KO,PEP,PM,BRK-B,JPM,V","TMUS,CMCSA,BKNG,SBUX",,252,5,0.8,60,1.5,0.0,5.0,252.0,5.342642220923311,0.22861867880804043,0.4370080422351948,0.5231452438236809,-0.4452586794675739,0.029632905793896505,34,2173.0,0.5158766682006443
usa,NVDA,priority,30,30,"AAPL,MSFT,AVGO,ORCL,AMD,CSCO,QCOM,TXN,IBM,ACN,ADI,GOOGL,META,NFLX,DIS,VZ,AMZN,TSLA,HD,MCD,LOW,WMT,COST,PG,KO,PEP,PM,BRK-B,JPM,V","TMUS,CMCSA,BKNG,SBUX",,252,5,0.8,60,1.5,0.25,5.0,252.0,16.724468415885184,0.37771651176811805,0.36483303477386464,1.0353133509476165,-0.3131698896207167,0.05218929677134011,111,24.0,0.5400641025641025
usa,NVDA,priority,30,30,"AAPL,MSFT,AVGO,ORCL,AMD,CSCO,QCOM,TXN,IBM,ACN,ADI,GOOGL,META,NFLX,DIS,VZ,AMZN,TSLA,HD,MCD,LOW,WMT,COST,PG,KO,PEP,PM,BRK-B,JPM,V","TMUS,CMCSA,BKNG,SBUX",,252,5,0.8,60,1.5,0.5,5.0,252.0,7.702028063829724,0.27269841241584714,0.34592435969098884,0.7883180376757688,-0.31316988962071657,0.05572755417956656,125,17.516129032258064,0.5359116022099447
usa,NVDA,priority,30,30,"AAPL,MSFT,AVGO,ORCL,AMD,CSCO,QCOM,TXN,IBM,ACN,ADI,GOOGL,META,NFLX,DIS,VZ,AMZN,TSLA,HD,MCD,LOW,WMT,COST,PG,KO,PEP,PM,BRK-B,JPM,V","TMUS,CMCSA,BKNG,SBUX",,252,5,0.8,60,1.5,0.75,5.0,252.0,8.171145384693325,0.28016816839466885,0.3175457743673039,0.8822922268541966,-0.24975910595898487,0.06457319770013269,145,13.26388888888889,0.53717277486911
usa,NVDA,priority,30,30,"AAPL,MSFT,AVGO,ORCL,AMD,CSCO,QCOM,TXN,IBM,ACN,ADI,GOOGL,META,NFLX,DIS,VZ,AMZN,TSLA,HD,MCD,LOW,WMT,COST,PG,KO,PEP,PM,BRK-B,JPM,V","TMUS,CMCSA,BKNG,SBUX",,252,5,0.8,60,1.5,1.0,5.0,252.0,7.839947251051772,0.27493091129113756,0.3054615361288215,0.9000508370886725,-0.24975910595898487,0.07430340557275542,167,9.975903614457831,0.535024154589372
usa,NVDA,priority,30,30,"AAPL,MSFT,AVGO,ORCL,AMD,CSCO,QCOM,TXN,IBM,ACN,ADI,GOOGL,META,NFLX,DIS,VZ,AMZN,TSLA,HD,MCD,LOW,WMT,COST,PG,KO,PEP,PM,BRK-B,JPM,V","TMUS,CMCSA,BKNG,SBUX",,252,5,0.8,60,2.0,0.0,5.0,252.0,3.2416478465133087,0.17474048989929125,0.4372165877237884,0.3996657373157204,-0.4109787963544238,0.01901813356921716,22,2173.0,0.5103543488265071
usa,NVDA,priority,30,30,"AAPL,MSFT,AVGO,ORCL,AMD,CSCO,QCOM,TXN,IBM,ACN,ADI,GOOGL,META,NFLX,DIS,VZ,AMZN,TSLA,HD,MCD,LOW,WMT,COST,PG,KO,PEP,PM,BRK-B,JPM,V","TMUS,CMCSA,BKNG,SBUX",,252,5,0.8,60,2.0,0.25,5.0,252.0,3.4349250386284025,0.18058913161033963,0.3319477077728374,0.5440288556953152,-0.29573852219365726,0.03184431667403804,69,28.545454545454547,0.524416135881104
usa,NVDA,priority,30,30,"AAPL,MSFT,AVGO,ORCL,AMD,CSCO,QCOM,TXN,IBM,ACN,ADI,GOOGL,META,NFLX,DIS,VZ,AMZN,TSLA,HD,MCD,LOW,WMT,COST,PG,KO,PEP,PM,BRK-B,JPM,V","TMUS,CMCSA,BKNG,SBUX",,252,5,0.8,60,2.0,0.5,5.0,252.0,1.556484877750774,0.1102835878892594,0.3101378208440155,0.3555954175119028,-0.29573852219365737,0.03184431667403804,72,21.75,0.5197956577266922
usa,NVDA,priority,30,30,"AAPL,MSFT,AVGO,ORCL,AMD,CSCO,QCOM,TXN,IBM,ACN,ADI,GOOGL,META,NFLX,DIS,VZ,AMZN,TSLA,HD,MCD,LOW,WMT,COST,PG,KO,PEP,PM,BRK-B,JPM,V","TMUS,CMCSA,BKNG,SBUX",,252,5,0.8,60,2.0,0.75,5.0,252.0,2.9804763396668696,0.16644918939961695,0.28647818969973615,0.5810187141090073,-0.24973577603966046,0.03715170278637771,84,16.047619047619047,0.5178041543026706
usa,NVDA,priority,30,30,"AAPL,MSFT,AVGO,ORCL,AMD,CSCO,QCOM,TXN,IBM,ACN,ADI,GOOGL,META,NFLX,DIS,VZ,AMZN,TSLA,HD,MCD,LOW,WMT,COST,PG,KO,PEP,PM,BRK-B,JPM,V","TMUS,CMCSA,BKNG,SBUX",,252,5,0.8,60,2.0,1.0,5.0,252.0,1.372199977011896,0.10106391169059004,0.27744771829370324,0.3642629044208064,-0.26065125464132566,0.03803626713843432,86,13.488372093023257,0.5103448275862069
usa,NVDA,priority,30,30,"AAPL,MSFT,AVGO,ORCL,AMD,CSCO,QCOM,TXN,IBM,ACN,ADI,GOOGL,META,NFLX,DIS,VZ,AMZN,TSLA,HD,MCD,LOW,WMT,COST,PG,KO,PEP,PM,BRK-B,JPM,V","TMUS,CMCSA,BKNG,SBUX",,252,5,0.8,60,2.5,0.0,5.0,252.0,8.771846152120462,0.2892524089336994,0.43669616854525684,0.6623653463626,-0.47191768016130264,0.013710747456877488,16,2172.0,0.509208103130755
usa,NVDA,priority,30,30,"AAPL,MSFT,AVGO,ORCL,AMD,CSCO,QCOM,TXN,IBM,ACN,ADI,GOOGL,META,NFLX,DIS,VZ,AMZN,TSLA,HD,MCD,LOW,WMT,COST,PG,KO,PEP,PM,BRK-B,JPM,V","TMUS,CMCSA,BKNG,SBUX",,252,5,0.8,60,2.5,0.25,5.0,252.0,7.667047085872992,0.2721271786979709,0.2949843414078646,0.9225139795529352,-0.2957385221936575,0.023883237505528527,52,27.92,0.5358166189111748
usa,NVDA,priority,30,30,"AAPL,MSFT,AVGO,ORCL,AMD,CSCO,QCOM,TXN,IBM,ACN,ADI,GOOGL,META,NFLX,DIS,VZ,AMZN,TSLA,HD,MCD,LOW,WMT,COST,PG,KO,PEP,PM,BRK-B,JPM,V","TMUS,CMCSA,BKNG,SBUX",,252,5,0.8,60,2.5,0.5,5.0,252.0,3.925483403366698,0.19447472000916943,0.2711712824776179,0.7171656166254298,-0.29573852219365726,0.023883237505528527,54,20.333333333333332,0.5336976320582878
usa,NVDA,priority,30,30,"AAPL,MSFT,AVGO,ORCL,AMD,CSCO,QCOM,TXN,IBM,ACN,ADI,GOOGL,META,NFLX,DIS,VZ,AMZN,TSLA,HD,MCD,LOW,WMT,COST,PG,KO,PEP,PM,BRK-B,JPM,V","TMUS,CMCSA,BKNG,SBUX",,252,5,0.8,60,2.5,0.75,5.0,252.0,4.98195350294811,0.22062742775770805,0.24971949649905698,0.8835010115381248,-0.24666124157629588,0.02565236620964175,58,16.06896551724138,0.5343347639484979
usa,NVDA,priority,30,30,"AAPL,MSFT,AVGO,ORCL,AMD,CSCO,QCOM,TXN,IBM,ACN,ADI,GOOGL,META,NFLX,DIS,VZ,AMZN,TSLA,HD,MCD,LOW,WMT,COST,PG,KO,PEP,PM,BRK-B,JPM,V","TMUS,CMCSA,BKNG,SBUX",,252,5,0.8,60,2.5,1.0,5.0,252.0,2.8538051840434786,0.162252278644047,0.24133413741549756,0.6723138316926223,-0.24666124157629654,0.02565236620964175,58,13.655172413793103,0.5252525252525253
usa,NVDA,priority,30,30,"AAPL,MSFT,AVGO,ORCL,AMD,CSCO,QCOM,TXN,IBM,ACN,ADI,GOOGL,META,NFLX,DIS,VZ,AMZN,TSLA,HD,MCD,LOW,WMT,COST,PG,KO,PEP,PM,BRK-B,JPM,V","TMUS,CMCSA,BKNG,SBUX",,252,5,0.8,60,3.0,0.0,5.0,252.0,1.9261550322199734,0.1271227602097451,0.42850838903086585,0.29666341071466945,-0.4031085767750947,0.007518796992481203,9,2046.0,0.5058651026392962
usa,NVDA,priority,30,30,"AAPL,MSFT,AVGO,ORCL,AMD,CSCO,QCOM,TXN,IBM,ACN,ADI,GOOGL,META,NFLX,DIS,VZ,AMZN,TSLA,HD,MCD,LOW,WMT,COST,PG,KO,PEP,PM,BRK-B,JPM,V","TMUS,CMCSA,BKNG,SBUX",,252,5,0.8,60,3.0,0.25,5.0,252.0,4.012848316686433,0.19681769295889073,0.23664299554691645,0.8317072411292646,-0.29573852219365726,0.014153029632905795,31,26.933333333333334,0.5371287128712872
usa,NVDA,priority,30,30,"AAPL,MSFT,AVGO,ORCL,AMD,CSCO,QCOM,TXN,IBM,ACN,ADI,GOOGL,META,NFLX,DIS,VZ,AMZN,TSLA,HD,MCD,LOW,WMT,COST,PG,KO,PEP,PM,BRK-B,JPM,V","TMUS,CMCSA,BKNG,SBUX",,252,5,0.8,60,3.0,0.5,5.0,252.0,2.6890436501430277,0.15660599313872514,0.21201867308858913,0.7386424547298692,-0.29573852219365737,0.014153029632905795,32,18.1875,0.5498281786941581
usa,NVDA,priority,30,30,"AAPL,MSFT,AVGO,ORCL,AMD,CSCO,QCOM,TXN,IBM,ACN,ADI,GOOGL,META,NFLX,DIS,VZ,AMZN,TSLA,HD,MCD,LOW,WMT,COST,PG,KO,PEP,PM,BRK-B,JPM,V","TMUS,CMCSA,BKNG,SBUX",,252,5,0.8,60,3.0,0.75,5.0,252.0,3.9023814924191473,0.19384899618988394,0.19211355407038236,1.0090334184274463,-0.11708829801582221,0.01592215833701902,36,13.666666666666666,0.5772357723577236
usa,NVDA,priority,30,30,"AAPL,MSFT,AVGO,ORCL,AMD,CSCO,QCOM,TXN,IBM,ACN,ADI,GOOGL,META,NFLX,DIS,VZ,AMZN,TSLA,HD,MCD,LOW,WMT,COST,PG,KO,PEP,PM,BRK-B,JPM,V","TMUS,CMCSA,BKNG,SBUX",,252,5,0.8,60,3.0,1.0,5.0,252.0,2.947670608599065,0.16537377454655688,0.18865528296532746,0.8765923325717339,-0.11708829801582199,0.01592215833701902,36,11.777777777777779,0.5613207547169812
usa,NVDA,priority,30,30,"AAPL,MSFT,AVGO,ORCL,AMD,CSCO,QCOM,TXN,IBM,ACN,ADI,GOOGL,META,NFLX,DIS,VZ,AMZN,TSLA,HD,MCD,LOW,WMT,COST,PG,KO,PEP,PM,BRK-B,JPM,V","TMUS,CMCSA,BKNG,SBUX",,252,10,0.8,60,1.0,0.0,5.0,252.0,14.770089708865545,0.35989299454546475,0.4635823911882186,0.7763301656540811,-0.3871296046541022,0.0437859354268023,50,2190.0,0.5164383561643836
usa,NVDA,priority,30,30,"AAPL,MSFT,AVGO,ORCL,AMD,CSCO,QCOM,TXN,IBM,ACN,ADI,GOOGL,META,NFLX,DIS,VZ,AMZN,TSLA,HD,MCD,LOW,WMT,COST,PG,KO,PEP,PM,BRK-B,JPM,V","TMUS,CMCSA,BKNG,SBUX",,252,10,0.8,60,1.0,0.25,5.0,252.0,24.664342638276104,0.4357441123022452,0.41088862645968804,1.0604920268947764,-0.34191775490480913,0.07076514816452897,143,23.952380952380953,0.5321404903909874
usa,NVDA,priority,30,30,"AAPL,MSFT,AVGO,ORCL,AMD,CSCO,QCOM,TXN,IBM,ACN,ADI,GOOGL,META,NFLX,DIS,VZ,AMZN,TSLA,HD,MCD,LOW,WMT,COST,PG,KO,PEP,PM,BRK-B,JPM,V","TMUS,CMCSA,BKNG,SBUX",,252,10,0.8,60,1.0,0.5,5.0,252.0,12.492477177916841,0.33645546734061904,0.39353226116232887,0.8549628595807394,-0.34191775490480913,0.07784166298098187,167,17.430379746835442,0.5308641975308642
usa,NVDA,priority,30,30,"AAPL,MSFT,AVGO,ORCL,AMD,CSCO,QCOM,TXN,IBM,ACN,ADI,GOOGL,META,NFLX,DIS,VZ,AMZN,TSLA,HD,MCD,LOW,WMT,COST,PG,KO,PEP,PM,BRK-B,JPM,V","TMUS,CMCSA,BKNG,SBUX",,252,10,0.8,60,1.0,0.75,5.0,252.0,11.575488269808387,0.3260126341666518,0.36310062485909606,0.8978575409865062,-0.27519874205964523,0.0946483856700575,211,11.692307692307692,0.53125
usa,NVDA,priority,30,30,"AAPL,MSFT,AVGO,ORCL,AMD,CSCO,QCOM,TXN,IBM,ACN,ADI,GOOGL,META,NFLX,DIS,VZ,AMZN,TSLA,HD,MCD,LOW,WMT,COST,PG,KO,PEP,PM,BRK-B,JPM,V","TMUS,CMCSA,BKNG,SBUX",,252,10,0.8,60,1.5,0.0,5.0,252.0,6.406317093921178,0.25003340459309564,0.46017350657375594,0.5433459358726047,-0.3902200807274032,0.029632905793896505,34,2173.0,0.509894155545329
usa,NVDA,priority,30,30,"AAPL,MSFT,AVGO,ORCL,AMD,CSCO,QCOM,TXN,IBM,ACN,ADI,GOOGL,META,NFLX,DIS,VZ,AMZN,TSLA,HD,MCD,LOW,WMT,COST,PG,KO,PEP,PM,BRK-B,JPM,V","TMUS,CMCSA,BKNG,SBUX",,252,10,0.8,60,1.5,0.25,5.0,252.0,19.161192916316725,0.3976389564250211,0.3812096586834424,1.0430978002979239,-0.3104386504686839,0.0513047324192835,108,24.34,0.5357436318816763
usa,NVDA,priority,30,30,"AAPL,MSFT,AVGO,ORCL,AMD,CSCO,QCOM,TXN,IBM,ACN,ADI,GOOGL,META,NFLX,DIS,VZ,AMZN,TSLA,HD,MCD,LOW,WMT,COST,PG,KO,PEP,PM,BRK-B,JPM,V","TMUS,CMCSA,BKNG,SBUX",,252,10,0.8,60,1.5,0.5,5.0,252.0,11.722231566948047,0.3277283296645688,0.36644891642669536,0.8943356494550523,-0.30236713540085836,0.05484298982750995,120,18.75862068965517,0.5340073529411765
usa,NVDA,priority,30,30,"AAPL,MSFT,AVGO,ORCL,AMD,CSCO,QCOM,TXN,IBM,ACN,ADI,GOOGL,META,NFLX,DIS,VZ,AMZN,TSLA,HD,MCD,LOW,WMT,COST,PG,KO,PEP,PM,BRK-B,JPM,V","TMUS,CMCSA,BKNG,SBUX",,252,10,0.8,60,1.5,0.75,5.0,252.0,10.807298346788095,0.3167297688930999,0.3407628368833507,0.929472743536063,-0.25731126061842957,0.06280406899601947,141,13.971428571428572,0.5357873210633947
usa,NVDA,priority,30,30,"AAPL,MSFT,AVGO,ORCL,AMD,CSCO,QCOM,TXN,IBM,ACN,ADI,GOOGL,META,NFLX,DIS,VZ,AMZN,TSLA,HD,MCD,LOW,WMT,COST,PG,KO,PEP,PM,BRK-B,JPM,V","TMUS,CMCSA,BKNG,SBUX",,252,10,0.8,60,1.5,1.0,5.0,252.0,7.269273954283211,0.2654833230334257,0.32246724673727256,0.8232877159450739,-0.29458386885514853,0.06899601946041574,156,10.512820512820513,0.5317073170731708
usa,NVDA,priority,30,30,"AAPL,MSFT,AVGO,ORCL,AMD,CSCO,QCOM,TXN,IBM,ACN,ADI,GOOGL,META,NFLX,DIS,VZ,AMZN,TSLA,HD,MCD,LOW,WMT,COST,PG,KO,PEP,PM,BRK-B,JPM,V","TMUS,CMCSA,BKNG,SBUX",,252,10,0.8,60,2.0,0.0,5.0,252.0,6.446917584994665,0.25079529979008863,0.4599048358666178,0.5453199884656673,-0.4175025628811263,0.022556390977443608,26,2172.0,0.5101289134438306
usa,NVDA,priority,30,30,"AAPL,MSFT,AVGO,ORCL,AMD,CSCO,QCOM,TXN,IBM,ACN,ADI,GOOGL,META,NFLX,DIS,VZ,AMZN,TSLA,HD,MCD,LOW,WMT,COST,PG,KO,PEP,PM,BRK-B,JPM,V","TMUS,CMCSA,BKNG,SBUX",,252,10,0.8,60,2.0,0.25,5.0,252.0,8.036631880129871,0.2780616934331561,0.3589608334495219,0.7746296183933336,-0.2985602006437972,0.03538257408226449,76,28.97222222222222,0.5177372962607862
usa,NVDA,priority,30,30,"AAPL,MSFT,AVGO,ORCL,AMD,CSCO,QCOM,TXN,IBM,ACN,ADI,GOOGL,META,NFLX,DIS,VZ,AMZN,TSLA,HD,MCD,LOW,WMT,COST,PG,KO,PEP,PM,BRK-B,JPM,V","TMUS,CMCSA,BKNG,SBUX",,252,10,0.8,60,2.0,0.5,5.0,252.0,4.062181126169691,0.1981247303394873,0.34287559887236146,0.5778326920640422,-0.2993458991902277,0.03538257408226449,79,23.128205128205128,0.5099778270509978
usa,NVDA,priority,30,30,"AAPL,MSFT,AVGO,ORCL,AMD,CSCO,QCOM,TXN,IBM,ACN,ADI,GOOGL,META,NFLX,DIS,VZ,AMZN,TSLA,HD,MCD,LOW,WMT,COST,PG,KO,PEP,PM,BRK-B,JPM,V","TMUS,CMCSA,BKNG,SBUX",,252,10,0.8,60,2.0,0.75,5.0,252.0,5.789229081052333,0.23797148045476102,0.3066473052498722,0.7760429535190255,-0.31942553627968495,0.039805395842547546,89,17.181818181818183,0.5198412698412699
usa,NVDA,priority,30,30,"AAPL,MSFT,AVGO,ORCL,AMD,CSCO,QCOM,TXN,IBM,ACN,ADI,GOOGL,META,NFLX,DIS,VZ,AMZN,TSLA,HD,MCD,LOW,WMT,COST,PG,KO,PEP,PM,BRK-B,JPM,V","TMUS,CMCSA,BKNG,SBUX",,252,10,0.8,60,2.0,1.0,5.0,252.0,4.46101815343061,0.20829481325970733,0.2914841243223149,0.7146008851905115,-0.2563583149667533,0.04157452454666077,94,13.46808510638298,0.5118483412322274
usa,NVDA,priority,30,30,"AAPL,MSFT,AVGO,ORCL,AMD,CSCO,QCOM,TXN,IBM,ACN,ADI,GOOGL,META,NFLX,DIS,VZ,AMZN,TSLA,HD,MCD,LOW,WMT,COST,PG,KO,PEP,PM,BRK-B,JPM,V","TMUS,CMCSA,BKNG,SBUX",,252,10,0.8,60,2.5,0.0,5.0,252.0,4.181708358555233,0.20124519043477807,0.4594841755528082,0.43798067733814505,-0.5665756277466814,0.013710747456877488,16,2171.0,0.5039152464302165
usa,NVDA,priority,30,30,"AAPL,MSFT,AVGO,ORCL,AMD,CSCO,QCOM,TXN,IBM,ACN,ADI,GOOGL,META,NFLX,DIS,VZ,AMZN,TSLA,HD,MCD,LOW,WMT,COST,PG,KO,PEP,PM,BRK-B,JPM,V","TMUS,CMCSA,BKNG,SBUX",,252,10,0.8,60,2.5,0.25,5.0,252.0,5.767034010672657,0.23751975112237633,0.32728671128610715,0.7257237856954771,-0.3287050326798737,0.02476780185758514,53,30.32,0.5237467018469657
usa,NVDA,priority,30,30,"AAPL,MSFT,AVGO,ORCL,AMD,CSCO,QCOM,TXN,IBM,ACN,ADI,GOOGL,META,NFLX,DIS,VZ,AMZN,TSLA,HD,MCD,LOW,WMT,COST,PG,KO,PEP,PM,BRK-B,JPM,V","TMUS,CMCSA,BKNG,SBUX",,252,10,0.8,60,2.5,0.5,5.0,252.0,2.5609942097714185,0.1520608949875213,0.31197158441940614,0.48741905539414365,-0.3422045458366727,0.02476780185758514,56,22.75,0.5133437990580848
usa,NVDA,priority,30,30,"AAPL,MSFT,AVGO,ORCL,AMD,CSCO,QCOM,TXN,IBM,ACN,ADI,GOOGL,META,NFLX,DIS,VZ,AMZN,TSLA,HD,MCD,LOW,WMT,COST,PG,KO,PEP,PM,BRK-B,JPM,V","TMUS,CMCSA,BKNG,SBUX",,252,10,0.8,60,2.5,0.75,5.0,252.0,3.456328376236738,0.1812228037794259,0.27573663765139245,0.6572314993140004,-0.25635831496675354,0.026536930561698365,60,17.266666666666666,0.5231660231660231
usa,NVDA,priority,30,30,"AAPL,MSFT,AVGO,ORCL,AMD,CSCO,QCOM,TXN,IBM,ACN,ADI,GOOGL,META,NFLX,DIS,VZ,AMZN,TSLA,HD,MCD,LOW,WMT,COST,PG,KO,PEP,PM,BRK-B,JPM,V","TMUS,CMCSA,BKNG,SBUX",,252,10,0.8,60,2.5,1.0,5.0,252.0,3.316567467723197,0.17703515435068895,0.25564746826637214,0.6924971936988908,-0.2563583149667532,0.027421494913754976,62,14.483870967741936,0.5211581291759465
usa,NVDA,priority,30,30,"AAPL,MSFT,AVGO,ORCL,AMD,CSCO,QCOM,TXN,IBM,ACN,ADI,GOOGL,META,NFLX,DIS,VZ,AMZN,TSLA,HD,MCD,LOW,WMT,COST,PG,KO,PEP,PM,BRK-B,JPM,V","TMUS,CMCSA,BKNG,SBUX",,252,10,0.8,60,3.0,0.0,5.0,252.0,2.280707054116404,0.14158225218360343,0.4502958789106023,0.3144204928682279,-0.468096452706816,0.007518796992481203,9,2040.0,0.5088235294117647
usa,NVDA,priority,30,30,"AAPL,MSFT,AVGO,ORCL,AMD,CSCO,QCOM,TXN,IBM,ACN,ADI,GOOGL,META,NFLX,DIS,VZ,AMZN,TSLA,HD,MCD,LOW,WMT,COST,PG,KO,PEP,PM,BRK-B,JPM,V","TMUS,CMCSA,BKNG,SBUX",,252,10,0.8,60,3.0,0.25,5.0,252.0,2.1796927449270926,0.13760997639268124,0.2726826517597578,0.5046524797401488,-0.3121645580351631,0.014153029632905795,32,28.625,0.517467248908297
usa,NVDA,priority,30,30,"AAPL,MSFT,AVGO,ORCL,AMD,CSCO,QCOM,TXN,IBM,ACN,ADI,GOOGL,META,NFLX,DIS,VZ,AMZN,TSLA,HD,MCD,LOW,WMT,COST,PG,KO,PEP,PM,BRK-B,JPM,V","TMUS,CMCSA,BKNG,SBUX",,252,10,0.8,60,3.0,0.5,5.0,252.0,1.7668826368157338,0.1201137426108454,0.263112937589638,0.45651021082885646,-0.3197257210049499,0.014153029632905795,32,23.8125,0.5118110236220472
usa,NVDA,priority,30,30,"AAPL,MSFT,AVGO,ORCL,AMD,CSCO,QCOM,TXN,IBM,ACN,ADI,GOOGL,META,NFLX,DIS,VZ,AMZN,TSLA,HD,MCD,LOW,WMT,COST,PG,KO,PEP,PM,BRK-B,JPM,V","TMUS,CMCSA,BKNG,SBUX",,252,10,0.8,60,3.0,0.75,5.0,252.0,2.6559481257298767,0.1554448701642297,0.22349729607965216,0.6955111891323765,-0.2459995548725018,0.015037593984962405,34,17.41176470588235,0.5371621621621622
usa,NVDA,priority,30,30,"AAPL,MSFT,AVGO,ORCL,AMD,CSCO,QCOM,TXN,IBM,ACN,ADI,GOOGL,META,NFLX,DIS,VZ,AMZN,TSLA,HD,MCD,LOW,WMT,COST,PG,KO,PEP,PM,BRK-B,JPM,V","TMUS,CMCSA,BKNG,SBUX",,252,10,0.8,60,3.0,1.0,5.0,252.0,2.279793145413339,0.1415468038109704,0.18339378865819275,0.7718189631535652,-0.13013647197746414,0.015037593984962405,34,14.235294117647058,0.5413223140495868
usa,NVDA,priority,30,30,"AAPL,MSFT,AVGO,ORCL,AMD,CSCO,QCOM,TXN,IBM,ACN,ADI,GOOGL,META,NFLX,DIS,VZ,AMZN,TSLA,HD,MCD,LOW,WMT,COST,PG,KO,PEP,PM,BRK-B,JPM,V","TMUS,CMCSA,BKNG,SBUX",,252,21,0.8,60,1.0,0.0,5.0,252.0,10.612198371514326,0.3142868269581247,0.488767360223269,0.6430192613814442,-0.449368532183244,0.04024767801857585,46,2192.0,0.5164233576642335
usa,NVDA,priority,30,30,"AAPL,MSFT,AVGO,ORCL,AMD,CSCO,QCOM,TXN,IBM,ACN,ADI,GOOGL,META,NFLX,DIS,VZ,AMZN,TSLA,HD,MCD,LOW,WMT,COST,PG,KO,PEP,PM,BRK-B,JPM,V","TMUS,CMCSA,BKNG,SBUX",,252,21,0.8,60,1.0,0.25,5.0,252.0,19.841480287361268,0.402817986993417,0.4357198998353091,0.9244883861069274,-0.3643737083875491,0.06413091552410438,129,27.43859649122807,0.5249360613810742
usa,NVDA,priority,30,30,"AAPL,MSFT,AVGO,ORCL,AMD,CSCO,QCOM,TXN,IBM,ACN,ADI,GOOGL,META,NFLX,DIS,VZ,AMZN,TSLA,HD,MCD,LOW,WMT,COST,PG,KO,PEP,PM,BRK-B,JPM,V","TMUS,CMCSA,BKNG,SBUX",,252,21,0.8,60,1.0,0.5,5.0,252.0,14.091436985031311,0.3532422424612609,0.4078294205560597,0.8661519367083148,-0.358746132410365,0.07695709862892526,164,17.857142857142858,0.5316363636363637
usa,NVDA,priority,30,30,"AAPL,MSFT,AVGO,ORCL,AMD,CSCO,QCOM,TXN,IBM,ACN,ADI,GOOGL,META,NFLX,DIS,VZ,AMZN,TSLA,HD,MCD,LOW,WMT,COST,PG,KO,PEP,PM,BRK-B,JPM,V","TMUS,CMCSA,BKNG,SBUX",,252,21,0.8,60,1.0,0.75,5.0,252.0,10.831575408546449,0.3170312400968247,0.3837701325047658,0.8260967001982304,-0.330357098864246,0.09376382131800089,206,12.21,0.5331695331695332
usa,NVDA,priority,30,30,"AAPL,MSFT,AVGO,ORCL,AMD,CSCO,QCOM,TXN,IBM,ACN,ADI,GOOGL,META,NFLX,DIS,VZ,AMZN,TSLA,HD,MCD,LOW,WMT,COST,PG,KO,PEP,PM,BRK-B,JPM,V","TMUS,CMCSA,BKNG,SBUX",,252,21,0.8,60,1.5,0.0,5.0,252.0,35.01761919025556,0.4910134057044706,0.4843043978249684,1.0138528741626809,-0.44510511761185056,0.03494029190623618,40,2173.0,0.5200184077312471
usa,NVDA,priority,30,30,"AAPL,MSFT,AVGO,ORCL,AMD,CSCO,QCOM,TXN,IBM,ACN,ADI,GOOGL,META,NFLX,DIS,VZ,AMZN,TSLA,HD,MCD,LOW,WMT,COST,PG,KO,PEP,PM,BRK-B,JPM,V","TMUS,CMCSA,BKNG,SBUX",,252,21,0.8,60,1.5,0.25,5.0,252.0,40.64682604748814,0.5153420580144183,0.4142563776795746,1.2440171975168313,-0.35890963952425603,0.05263157894736842,105,29.804347826086957,0.5346462436177972
usa,NVDA,priority,30,30,"AAPL,MSFT,AVGO,ORCL,AMD,CSCO,QCOM,TXN,IBM,ACN,ADI,GOOGL,META,NFLX,DIS,VZ,AMZN,TSLA,HD,MCD,LOW,WMT,COST,PG,KO,PEP,PM,BRK-B,JPM,V","TMUS,CMCSA,BKNG,SBUX",,252,21,0.8,60,1.5,0.5,5.0,252.0,21.116335870187058,0.4121315390590128,0.38203334723295357,1.0787842004999268,-0.33021939153524205,0.05749668288367979,122,20.42105263157895,0.5403780068728522
usa,NVDA,priority,30,30,"AAPL,MSFT,AVGO,ORCL,AMD,CSCO,QCOM,TXN,IBM,ACN,ADI,GOOGL,META,NFLX,DIS,VZ,AMZN,TSLA,HD,MCD,LOW,WMT,COST,PG,KO,PEP,PM,BRK-B,JPM,V","TMUS,CMCSA,BKNG,SBUX",,252,21,0.8,60,1.5,0.75,5.0,252.0,11.703658798527082,0.32751215520119104,0.3550212669503128,0.922514186303741,-0.3192225974369677,0.06103494029190624,134,15.261538461538462,0.5342741935483871
usa,NVDA,priority,30,30,"AAPL,MSFT,AVGO,ORCL,AMD,CSCO,QCOM,TXN,IBM,ACN,ADI,GOOGL,META,NFLX,DIS,VZ,AMZN,TSLA,HD,MCD,LOW,WMT,COST,PG,KO,PEP,PM,BRK-B,JPM,V","TMUS,CMCSA,BKNG,SBUX",,252,21,0.8,60,1.5,1.0,5.0,252.0,4.728125881848193,0.2147429054133303,0.33809799908423105,0.635149885521301,-0.3192225974369679,0.06722689075630252,149,12.164383561643836,0.5259009009009009
usa,NVDA,priority,30,30,"AAPL,MSFT,AVGO,ORCL,AMD,CSCO,QCOM,TXN,IBM,ACN,ADI,GOOGL,META,NFLX,DIS,VZ,AMZN,TSLA,HD,MCD,LOW,WMT,COST,PG,KO,PEP,PM,BRK-B,JPM,V","TMUS,CMCSA,BKNG,SBUX",,252,21,0.8,60,2.0,0.0,5.0,252.0,8.631071874674614,0.28716897057083735,0.48483375710405524,0.5923039936124023,-0.5346836655354112,0.022556390977443608,26,2173.0,0.5052922227335481
usa,NVDA,priority,30,30,"AAPL,MSFT,AVGO,ORCL,AMD,CSCO,QCOM,TXN,IBM,ACN,ADI,GOOGL,META,NFLX,DIS,VZ,AMZN,TSLA,HD,MCD,LOW,WMT,COST,PG,KO,PEP,PM,BRK-B,JPM,V","TMUS,CMCSA,BKNG,SBUX",,252,21,0.8,60,2.0,0.25,5.0,252.0,14.658231510607365,0.3588145174821826,0.3819530886822262,0.9394203846344749,-0.3266062736318057,0.03582485625829279,76,30.555555555555557,0.5209090909090909
usa,NVDA,priority,30,30,"AAPL,MSFT,AVGO,ORCL,AMD,CSCO,QCOM,TXN,IBM,ACN,ADI,GOOGL,META,NFLX,DIS,VZ,AMZN,TSLA,HD,MCD,LOW,WMT,COST,PG,KO,PEP,PM,BRK-B,JPM,V","TMUS,CMCSA,BKNG,SBUX",,252,21,0.8,60,2.0,0.5,5.0,252.0,7.474428870315956,0.26894456373871223,0.3463483577599343,0.776514620938745,-0.3192225974369678,0.03715170278637771,82,22.55,0.5266075388026608
usa,NVDA,priority,30,30,"AAPL,MSFT,AVGO,ORCL,AMD,CSCO,QCOM,TXN,IBM,ACN,ADI,GOOGL,META,NFLX,DIS,VZ,AMZN,TSLA,HD,MCD,LOW,WMT,COST,PG,KO,PEP,PM,BRK-B,JPM,V","TMUS,CMCSA,BKNG,SBUX",,252,21,0.8,60,2.0,0.75,5.0,252.0,4.269611686542906,0.20349949835559422,0.3239015080541201,0.6282758594677239,-0.3192225974369679,0.03803626713843432,85,17.833333333333332,0.5220293724966623
usa,NVDA,priority,30,30,"AAPL,MSFT,AVGO,ORCL,AMD,CSCO,QCOM,TXN,IBM,ACN,ADI,GOOGL,META,NFLX,DIS,VZ,AMZN,TSLA,HD,MCD,LOW,WMT,COST,PG,KO,PEP,PM,BRK-B,JPM,V","TMUS,CMCSA,BKNG,SBUX",,252,21,0.8,60,2.0,1.0,5.0,252.0,1.5566460235213078,0.1102913879398606,0.31113072736343467,0.3544856815477059,-0.329296961309666,0.03803626713843432,86,15.69767441860465,0.5140740740740741
usa,NVDA,priority,30,30,"AAPL,MSFT,AVGO,ORCL,AMD,CSCO,QCOM,TXN,IBM,ACN,ADI,GOOGL,META,NFLX,DIS,VZ,AMZN,TSLA,HD,MCD,LOW,WMT,COST,PG,KO,PEP,PM,BRK-B,JPM,V","TMUS,CMCSA,BKNG,SBUX",,252,21,0.8,60,2.5,0.0,5.0,252.0,10.48371077410665,0.3126579754416059,0.4847899101227353,0.64493498918418,-0.5933360594462875,0.013710747456877488,16,2173.0,0.5117349286700414
usa,NVDA,priority,30,30,"AAPL,MSFT,AVGO,ORCL,AMD,CSCO,QCOM,TXN,IBM,ACN,ADI,GOOGL,META,NFLX,DIS,VZ,AMZN,TSLA,HD,MCD,LOW,WMT,COST,PG,KO,PEP,PM,BRK-B,JPM,V","TMUS,CMCSA,BKNG,SBUX",,252,21,0.8,60,2.5,0.25,5.0,252.0,6.5087642409065145,0.25194882975222743,0.33757186919015086,0.7463561177554969,-0.32660627363180594,0.021229544449358692,46,35.27272727272727,0.5335051546391752
usa,NVDA,priority,30,30,"AAPL,MSFT,AVGO,ORCL,AMD,CSCO,QCOM,TXN,IBM,ACN,ADI,GOOGL,META,NFLX,DIS,VZ,AMZN,TSLA,HD,MCD,LOW,WMT,COST,PG,KO,PEP,PM,BRK-B,JPM,V","TMUS,CMCSA,BKNG,SBUX",,252,21,0.8,60,2.5,0.5,5.0,252.0,5.1082373245584245,0.2234728659772296,0.282676712342686,0.790559873592685,-0.2719535258545228,0.022114108801415303,49,23.625,0.54673721340388
usa,NVDA,priority,30,30,"AAPL,MSFT,AVGO,ORCL,AMD,CSCO,QCOM,TXN,IBM,ACN,ADI,GOOGL,META,NFLX,DIS,VZ,AMZN,TSLA,HD,MCD,LOW,WMT,COST,PG,KO,PEP,PM,BRK-B,JPM,V","TMUS,CMCSA,BKNG,SBUX",,252,21,0.8,60,2.5,0.75,5.0,252.0,3.2266620496311544,0.174277181888433,0.25160908491080664,0.6926505930825703,-0.24983019991321875,0.022114108801415303,49,19.0,0.5416666666666666
usa,NVDA,priority,30,30,"AAPL,MSFT,AVGO,ORCL,AMD,CSCO,QCOM,TXN,IBM,ACN,ADI,GOOGL,META,NFLX,DIS,VZ,AMZN,TSLA,HD,MCD,LOW,WMT,COST,PG,KO,PEP,PM,BRK-B,JPM,V","TMUS,CMCSA,BKNG,SBUX",,252,21,0.8,60,2.5,1.0,5.0,252.0,1.6064177674446771,0.11267987272877611,0.2431587033914592,0.4634005328913673,-0.24983019991321864,0.022114108801415303,50,16.28,0.5356265356265356
usa,NVDA,priority,30,30,"AAPL,MSFT,AVGO,ORCL,AMD,CSCO,QCOM,TXN,IBM,ACN,ADI,GOOGL,META,NFLX,DIS,VZ,AMZN,TSLA,HD,MCD,LOW,WMT,COST,PG,KO,PEP,PM,BRK-B,JPM,V","TMUS,CMCSA,BKNG,SBUX",,252,21,0.8,60,3.0,0.0,5.0,252.0,6.315162466629481,0.24830921620391067,0.47599889265581324,0.521659230798797,-0.4566215690048966,0.006634232640424591,8,2030.0,0.5073891625615764
usa,NVDA,priority,30,30,"AAPL,MSFT,AVGO,ORCL,AMD,CSCO,QCOM,TXN,IBM,ACN,ADI,GOOGL,META,NFLX,DIS,VZ,AMZN,TSLA,HD,MCD,LOW,WMT,COST,PG,KO,PEP,PM,BRK-B,JPM,V","TMUS,CMCSA,BKNG,SBUX",,252,21,0.8,60,3.0,0.25,5.0,252.0,4.510138556034749,0.20950132630882368,0.285464807112106,0.7338954613293176,-0.3447066320304667,0.014153029632905795,31,35.0,0.5371428571428571
usa,NVDA,priority,30,30,"AAPL,MSFT,AVGO,ORCL,AMD,CSCO,QCOM,TXN,IBM,ACN,ADI,GOOGL,META,NFLX,DIS,VZ,AMZN,TSLA,HD,MCD,LOW,WMT,COST,PG,KO,PEP,PM,BRK-B,JPM,V","TMUS,CMCSA,BKNG,SBUX",,252,21,0.8,60,3.0,0.5,5.0,252.0,5.590943798478,0.23388843711599505,0.23892145236375784,0.9789344355729932,-0.2719535258545226,0.015037593984962405,33,24.875,0.5628140703517588
usa,NVDA,priority,30,30,"AAPL,MSFT,AVGO,ORCL,AMD,CSCO,QCOM,TXN,IBM,ACN,ADI,GOOGL,META,NFLX,DIS,VZ,AMZN,TSLA,HD,MCD,LOW,WMT,COST,PG,KO,PEP,PM,BRK-B,JPM,V","TMUS,CMCSA,BKNG,SBUX",,252,21,0.8,60,3.0,0.75,5.0,252.0,3.977291117386665,0.19586852398523225,0.20202220636921714,0.9695395744132287,-0.13108117197117986,0.015037593984962405,33,18.125,0.5655172413793104
usa,NVDA,priority,30,30,"AAPL,MSFT,AVGO,ORCL,AMD,CSCO,QCOM,TXN,IBM,ACN,ADI,GOOGL,META,NFLX,DIS,VZ,AMZN,TSLA,HD,MCD,LOW,WMT,COST,PG,KO,PEP,PM,BRK-B,JPM,V","TMUS,CMCSA,BKNG,SBUX",,252,21,0.8,60,3.0,1.0,5.0,252.0,2.7419560042971334,0.15844328143976605,0.1963067949864602,0.8071207186215551,-0.13108117197117986,0.015037593984962405,34,15.058823529411764,0.5703125
usa,NVDA,priority,30,30,"AAPL,MSFT,AVGO,ORCL,AMD,CSCO,QCOM,TXN,IBM,ACN,ADI,GOOGL,META,NFLX,DIS,VZ,AMZN,TSLA,HD,MCD,LOW,WMT,COST,PG,KO,PEP,PM,BRK-B,JPM,V","TMUS,CMCSA,BKNG,SBUX",,252,63,0.8,60,1.0,0.0,5.0,252.0,5.203726158852208,0.22558992892832985,0.5069709053091804,0.44497608554232904,-0.6636014686093277,0.03847854931446263,44,2192.0,0.5164233576642335
usa,NVDA,priority,30,30,"AAPL,MSFT,AVGO,ORCL,AMD,CSCO,QCOM,TXN,IBM,ACN,ADI,GOOGL,META,NFLX,DIS,VZ,AMZN,TSLA,HD,MCD,LOW,WMT,COST,PG,KO,PEP,PM,BRK-B,JPM,V","TMUS,CMCSA,BKNG,SBUX",,252,63,0.8,60,1.0,0.25,5.0,252.0,6.540998794781262,0.25254670820052505,0.43939917286406044,0.5747546281309386,-0.5143295702406623,0.055285272003538256,113,31.15686274509804,0.5235997482693517
usa,NVDA,priority,30,30,"AAPL,MSFT,AVGO,ORCL,AMD,CSCO,QCOM,TXN,IBM,ACN,ADI,GOOGL,META,NFLX,DIS,VZ,AMZN,TSLA,HD,MCD,LOW,WMT,COST,PG,KO,PEP,PM,BRK-B,JPM,V","TMUS,CMCSA,BKNG,SBUX",,252,63,0.8,60,1.0,0.5,5.0,252.0,3.540073752798347,0.18367647854737346,0.42370667268198153,0.4334991407728766,-0.44959497135572557,0.06103494029190624,132,22.333333333333332,0.5202558635394456
usa,NVDA,priority,30,30,"AAPL,MSFT,AVGO,ORCL,AMD,CSCO,QCOM,TXN,IBM,ACN,ADI,GOOGL,META,NFLX,DIS,VZ,AMZN,TSLA,HD,MCD,LOW,WMT,COST,PG,KO,PEP,PM,BRK-B,JPM,V","TMUS,CMCSA,BKNG,SBUX",,252,63,0.8,60,1.0,0.75,5.0,252.0,2.536164459038267,0.15116279292912438,0.4059369229077607,0.3723800038841809,-0.42871458189731004,0.07961079168509509,177,14.540229885057471,0.5264822134387351
usa,NVDA,priority,30,30,"AAPL,MSFT,AVGO,ORCL,AMD,CSCO,QCOM,TXN,IBM,ACN,ADI,GOOGL,META,NFLX,DIS,VZ,AMZN,TSLA,HD,MCD,LOW,WMT,COST,PG,KO,PEP,PM,BRK-B,JPM,V","TMUS,CMCSA,BKNG,SBUX",,252,63,0.8,60,1.5,0.0,5.0,252.0,4.698451013872966,0.21403989417110103,0.5036526868256348,0.42497518581728905,-0.5352135402422733,0.02786377708978328,32,2173.0,0.5112747353888634
usa,NVDA,priority,30,30,"AAPL,MSFT,AVGO,ORCL,AMD,CSCO,QCOM,TXN,IBM,ACN,ADI,GOOGL,META,NFLX,DIS,VZ,AMZN,TSLA,HD,MCD,LOW,WMT,COST,PG,KO,PEP,PM,BRK-B,JPM,V","TMUS,CMCSA,BKNG,SBUX",,252,63,0.8,60,1.5,0.25,5.0,252.0,4.355826540312426,0.2056782788813729,0.42091859650950214,0.48864146318783463,-0.4897250695309261,0.04024767801857585,82,37.972972972972975,0.5174377224199288
usa,NVDA,priority,30,30,"AAPL,MSFT,AVGO,ORCL,AMD,CSCO,QCOM,TXN,IBM,ACN,ADI,GOOGL,META,NFLX,DIS,VZ,AMZN,TSLA,HD,MCD,LOW,WMT,COST,PG,KO,PEP,PM,BRK-B,JPM,V","TMUS,CMCSA,BKNG,SBUX",,252,63,0.8,60,1.5,0.5,5.0,252.0,2.486252245994084,0.14934036541113516,0.3999875503001112,0.3733625341565878,-0.48187182411553175,0.043343653250773995,94,26.488888888888887,0.5176174496644296
usa,NVDA,priority,30,30,"AAPL,MSFT,AVGO,ORCL,AMD,CSCO,QCOM,TXN,IBM,ACN,ADI,GOOGL,META,NFLX,DIS,VZ,AMZN,TSLA,HD,MCD,LOW,WMT,COST,PG,KO,PEP,PM,BRK-B,JPM,V","TMUS,CMCSA,BKNG,SBUX",,252,63,0.8,60,1.5,0.75,5.0,252.0,1.55470662293515,0.1101974847646594,0.3750326465999019,0.29383437885668123,-0.4362486366671545,0.045112781954887216,99,20.958333333333332,0.5188866799204771
usa,NVDA,priority,30,30,"AAPL,MSFT,AVGO,ORCL,AMD,CSCO,QCOM,TXN,IBM,ACN,ADI,GOOGL,META,NFLX,DIS,VZ,AMZN,TSLA,HD,MCD,LOW,WMT,COST,PG,KO,PEP,PM,BRK-B,JPM,V","TMUS,CMCSA,BKNG,SBUX",,252,63,0.8,60,1.5,1.0,5.0,252.0,0.27067535324695347,0.02705851683461402,0.33548658115940333,0.08065454284670008,-0.4427250281978671,0.05042016806722689,113,16.232142857142858,0.5115511551155115
usa,NVDA,priority,30,30,"AAPL,MSFT,AVGO,ORCL,AMD,CSCO,QCOM,TXN,IBM,ACN,ADI,GOOGL,META,NFLX,DIS,VZ,AMZN,TSLA,HD,MCD,LOW,WMT,COST,PG,KO,PEP,PM,BRK-B,JPM,V","TMUS,CMCSA,BKNG,SBUX",,252,63,0.8,60,2.0,0.0,5.0,252.0,8.102321355181857,0.2790938428414331,0.5034904675069583,0.5543180275554592,-0.4949034490076729,0.024325519681556832,28,2173.0,0.5103543488265071
usa,NVDA,priority,30,30,"AAPL,MSFT,AVGO,ORCL,AMD,CSCO,QCOM,TXN,IBM,ACN,ADI,GOOGL,META,NFLX,DIS,VZ,AMZN,TSLA,HD,MCD,LOW,WMT,COST,PG,KO,PEP,PM,BRK-B,JPM,V","TMUS,CMCSA,BKNG,SBUX",,252,63,0.8,60,2.0,0.25,5.0,252.0,0.8487888812457633,0.0708926929327327,0.4069319036219443,0.1742126687579522,-0.4796949339947647,0.03140203449800973,67,40.40625,0.5050270688321732
usa,NVDA,priority,30,30,"AAPL,MSFT,AVGO,ORCL,AMD,CSCO,QCOM,TXN,IBM,ACN,ADI,GOOGL,META,NFLX,DIS,VZ,AMZN,TSLA,HD,MCD,LOW,WMT,COST,PG,KO,PEP,PM,BRK-B,JPM,V","TMUS,CMCSA,BKNG,SBUX",,252,63,0.8,60,2.0,0.5,5.0,252.0,0.6513836978949776,0.057499745838133,0.38345215755222717,0.14995285514934517,-0.49021073284131333,0.03272888102609465,73,29.11111111111111,0.5085877862595419
usa,NVDA,priority,30,30,"AAPL,MSFT,AVGO,ORCL,AMD,CSCO,QCOM,TXN,IBM,ACN,ADI,GOOGL,META,NFLX,DIS,VZ,AMZN,TSLA,HD,MCD,LOW,WMT,COST,PG,KO,PEP,PM,BRK-B,JPM,V","TMUS,CMCSA,BKNG,SBUX",,252,63,0.8,60,2.0,0.75,5.0,252.0,0.6971210845272033,0.06072466657752473,0.35752426448260877,0.16984767919291419,-0.4254535900485771,0.03361344537815126,75,23.62162162162162,0.5148741418764302
usa,NVDA,priority,30,30,"AAPL,MSFT,AVGO,ORCL,AMD,CSCO,QCOM,TXN,IBM,ACN,ADI,GOOGL,META,NFLX,DIS,VZ,AMZN,TSLA,HD,MCD,LOW,WMT,COST,PG,KO,PEP,PM,BRK-B,JPM,V","TMUS,CMCSA,BKNG,SBUX",,252,63,0.8,60,2.0,1.0,5.0,252.0,0.09767485796942399,0.010441098916874836,0.32623058954384077,0.03200527250211066,-0.4377821278859608,0.03538257408226449,80,19.9,0.5037688442211056
usa,NVDA,priority,30,30,"AAPL,MSFT,AVGO,ORCL,AMD,CSCO,QCOM,TXN,IBM,ACN,ADI,GOOGL,META,NFLX,DIS,VZ,AMZN,TSLA,HD,MCD,LOW,WMT,COST,PG,KO,PEP,PM,BRK-B,JPM,V","TMUS,CMCSA,BKNG,SBUX",,252,63,0.8,60,2.5,0.0,5.0,252.0,3.485472513285993,0.18208131764755953,0.495376368669334,0.3675615737114413,-0.41617448213839425,0.012826183104820876,15,2072.0,0.49758687258687256
usa,NVDA,priority,30,30,"AAPL,MSFT,AVGO,ORCL,AMD,CSCO,QCOM,TXN,IBM,ACN,ADI,GOOGL,META,NFLX,DIS,VZ,AMZN,TSLA,HD,MCD,LOW,WMT,COST,PG,KO,PEP,PM,BRK-B,JPM,V","TMUS,CMCSA,BKNG,SBUX",,252,63,0.8,60,2.5,0.25,5.0,252.0,1.1027761019684288,0.08636791960205636,0.37112619503136096,0.23271846816083164,-0.4258358389871324,0.022556390977443608,50,42.64,0.5
usa,NVDA,priority,30,30,"AAPL,MSFT,AVGO,ORCL,AMD,CSCO,QCOM,TXN,IBM,ACN,ADI,GOOGL,META,NFLX,DIS,VZ,AMZN,TSLA,HD,MCD,LOW,WMT,COST,PG,KO,PEP,PM,BRK-B,JPM,V","TMUS,CMCSA,BKNG,SBUX",,252,63,0.8,60,2.5,0.5,5.0,252.0,1.9767530840521843,0.12927849131157276,0.3506431736911395,0.3686895996026046,-0.41914788006534154,0.023883237505528527,54,31.51851851851852,0.5111633372502937
usa,NVDA,priority,30,30,"AAPL,MSFT,AVGO,ORCL,AMD,CSCO,QCOM,TXN,IBM,ACN,ADI,GOOGL,META,NFLX,DIS,VZ,AMZN,TSLA,HD,MCD,LOW,WMT,COST,PG,KO,PEP,PM,BRK-B,JPM,V","TMUS,CMCSA,BKNG,SBUX",,252,63,0.8,60,2.5,0.75,5.0,252.0,1.5097414362874044,0.10800237520333389,0.32244974853281455,0.33494327626167425,-0.36118523778660516,0.023883237505528527,54,24.85185185185185,0.5141579731743666
usa,NVDA,priority,30,30,"AAPL,MSFT,AVGO,ORCL,AMD,CSCO,QCOM,TXN,IBM,ACN,ADI,GOOGL,META,NFLX,DIS,VZ,AMZN,TSLA,HD,MCD,LOW,WMT,COST,PG,KO,PEP,PM,BRK-B,JPM,V","TMUS,CMCSA,BKNG,SBUX",,252,63,0.8,60,2.5,1.0,5.0,252.0,0.4287124552646435,0.04056542852311407,0.3011412040948219,0.1347056728588394,-0.3611852377866053,0.02476780185758514,56,20.857142857142858,0.5051369863013698
usa,NVDA,priority,30,30,"AAPL,MSFT,AVGO,ORCL,AMD,CSCO,QCOM,TXN,IBM,ACN,ADI,GOOGL,META,NFLX,DIS,VZ,AMZN,TSLA,HD,MCD,LOW,WMT,COST,PG,KO,PEP,PM,BRK-B,JPM,V","TMUS,CMCSA,BKNG,SBUX",,252,63,0.8,60,3.0,0.0,5.0,252.0,0.02169362784403983,0.0023948758756497934,0.49565737439132695,0.004831716422237698,-0.6526558970861467,0.007518796992481203,9,2072.0,0.5043436293436293
usa,NVDA,priority,30,30,"AAPL,MSFT,AVGO,ORCL,AMD,CSCO,QCOM,TXN,IBM,ACN,ADI,GOOGL,META,NFLX,DIS,VZ,AMZN,TSLA,HD,MCD,LOW,WMT,COST,PG,KO,PEP,PM,BRK-B,JPM,V","TMUS,CMCSA,BKNG,SBUX",,252,63,0.8,60,3.0,0.25,5.0,252.0,0.05923488919700115,0.006434502866727421,0.29821371162276955,0.021576817617517376,-0.4038560999208778,0.011499336576735958,25,51.333333333333336,0.4967532467532468
usa,NVDA,priority,30,30,"AAPL,MSFT,AVGO,ORCL,AMD,CSCO,QCOM,TXN,IBM,ACN,ADI,GOOGL,META,NFLX,DIS,VZ,AMZN,TSLA,HD,MCD,LOW,WMT,COST,PG,KO,PEP,PM,BRK-B,JPM,V","TMUS,CMCSA,BKNG,SBUX",,252,63,0.8,60,3.0,0.5,5.0,252.0,0.29073107046688396,0.028852724914822936,0.2766969615467437,0.10427553939709132,-0.41475052222468467,0.011499336576735958,26,34.30769230769231,0.5112107623318386
usa,NVDA,priority,30,30,"AAPL,MSFT,AVGO,ORCL,AMD,CSCO,QCOM,TXN,IBM,ACN,ADI,GOOGL,META,NFLX,DIS,VZ,AMZN,TSLA,HD,MCD,LOW,WMT,COST,PG,KO,PEP,PM,BRK-B,JPM,V","TMUS,CMCSA,BKNG,SBUX",,252,63,0.8,60,3.0,0.75,5.0,252.0,0.22950335407517142,0.023294960723702962,0.24887439377060314,0.09360127561043825,-0.3611852377866054,0.011499336576735958,26,25.615384615384617,0.5195195195195195
usa,NVDA,priority,30,30,"AAPL,MSFT,AVGO,ORCL,AMD,CSCO,QCOM,TXN,IBM,ACN,ADI,GOOGL,META,NFLX,DIS,VZ,AMZN,TSLA,HD,MCD,LOW,WMT,COST,PG,KO,PEP,PM,BRK-B,JPM,V","TMUS,CMCSA,BKNG,SBUX",,252,63,0.8,60,3.0,1.0,5.0,252.0,0.2094565625802296,0.021421765691169048,0.23318360559082957,0.09186651710308533,-0.36118523778660505,0.01238390092879257,28,21.857142857142858,0.5098039215686274
crypto,BTC,priority_with_coverage_fallback,30,30,"ETH,SOL,XRP,BNB,TRX,ADA,AVAX,DOT,NEAR,ATOM,ALGO,DOGE,BCH,LTC,XLM,ETC,LINK,UNI,AAVE,INJ,FIL,VET,FET,GRT,THETA,XTZ,SAND,CHZ,DASH,HBAR","TON,SUI,ICP,MKR,RENDER,RNDR,ARB,OP,MATIC,POL,APT,SEI,EOS,MANA","CHZ,DASH,HBAR",1440,24,0.8,336,1.0,0.0,10.0,8760.0,8.68449864436333,0.4754890956349582,0.44922097186766863,1.0584748384699805,-0.4037372991715261,0.008311820386450754,213,50796.0,0.49909441688321915
crypto,BTC,priority_with_coverage_fallback,30,30,"ETH,SOL,XRP,BNB,TRX,ADA,AVAX,DOT,NEAR,ATOM,ALGO,DOGE,BCH,LTC,XLM,ETC,LINK,UNI,AAVE,INJ,FIL,VET,FET,GRT,THETA,XTZ,SAND,CHZ,DASH,HBAR","TON,SUI,ICP,MKR,RENDER,RNDR,ARB,OP,MATIC,POL,APT,SEI,EOS,MANA","CHZ,DASH,HBAR",1440,24,0.8,336,1.0,0.25,10.0,8760.0,1.8058752268081606,0.19333848497268402,0.39197528195140136,0.493241522807693,-0.44957071989355113,0.01370961433153407,673,114.30650154798762,0.4965195958939357
crypto,BTC,priority_with_coverage_fallback,30,30,"ETH,SOL,XRP,BNB,TRX,ADA,AVAX,DOT,NEAR,ATOM,ALGO,DOGE,BCH,LTC,XLM,ETC,LINK,UNI,AAVE,INJ,FIL,VET,FET,GRT,THETA,XTZ,SAND,CHZ,DASH,HBAR","TON,SUI,ICP,MKR,RENDER,RNDR,ARB,OP,MATIC,POL,APT,SEI,EOS,MANA","CHZ,DASH,HBAR",1440,24,0.8,336,1.0,0.5,10.0,8760.0,1.426848127695266,0.1640348779348657,0.3798977664761531,0.4317868974498498,-0.482315744306253,0.018090432605804584,910,73.96428571428571,0.49806856591018833
crypto,BTC,priority_with_coverage_fallback,30,30,"ETH,SOL,XRP,BNB,TRX,ADA,AVAX,DOT,NEAR,ATOM,ALGO,DOGE,BCH,LTC,XLM,ETC,LINK,UNI,AAVE,INJ,FIL,VET,FET,GRT,THETA,XTZ,SAND,CHZ,DASH,HBAR","TON,SUI,ICP,MKR,RENDER,RNDR,ARB,OP,MATIC,POL,APT,SEI,EOS,MANA","CHZ,DASH,HBAR",1440,24,0.8,336,1.0,0.75,10.0,8760.0,0.1255552590813689,0.020469972203416065,0.3663711547331138,0.0558722266722324,-0.5068265117559294,0.025874207932410232,1312,45.59600614439324,0.4976922817774484
crypto,BTC,priority_with_coverage_fallback,30,30,"ETH,SOL,XRP,BNB,TRX,ADA,AVAX,DOT,NEAR,ATOM,ALGO,DOGE,BCH,LTC,XLM,ETC,LINK,UNI,AAVE,INJ,FIL,VET,FET,GRT,THETA,XTZ,SAND,CHZ,DASH,HBAR","TON,SUI,ICP,MKR,RENDER,RNDR,ARB,OP,MATIC,POL,APT,SEI,EOS,MANA","CHZ,DASH,HBAR",1440,24,0.8,336,1.5,0.0,10.0,8760.0,8.771015587191442,0.47773902845493943,0.44711655532379224,1.0684887928360671,-0.3825371759785542,0.00584761010717359,150,50674.0,0.5013024430674508
crypto,BTC,priority_with_coverage_fallback,30,30,"ETH,SOL,XRP,BNB,TRX,ADA,AVAX,DOT,NEAR,ATOM,ALGO,DOGE,BCH,LTC,XLM,ETC,LINK,UNI,AAVE,INJ,FIL,VET,FET,GRT,THETA,XTZ,SAND,CHZ,DASH,HBAR","TON,SUI,ICP,MKR,RENDER,RNDR,ARB,OP,MATIC,POL,APT,SEI,EOS,MANA","CHZ,DASH,HBAR",1440,24,0.8,336,1.5,0.25,10.0,8760.0,1.1964876225974859,0.14431452540353584,0.3672121390213308,0.39300042146796466,-0.3996205172503401,0.009133223812876477,450,146.00460829493088,0.4957232585298109
crypto,BTC,priority_with_coverage_fallback,30,30,"ETH,SOL,XRP,BNB,TRX,ADA,AVAX,DOT,NEAR,ATOM,ALGO,DOGE,BCH,LTC,XLM,ETC,LINK,UNI,AAVE,INJ,FIL,VET,FET,GRT,THETA,XTZ,SAND,CHZ,DASH,HBAR","TON,SUI,ICP,MKR,RENDER,RNDR,ARB,OP,MATIC,POL,APT,SEI,EOS,MANA","CHZ,DASH,HBAR",1440,24,0.8,336,1.5,0.5,10.0,8760.0,1.0083764882583774,0.12689594698590367,0.3528896277693295,0.35959103640430806,-0.407551375583466,0.010658687319095674,535,103.94296577946768,0.49734791674287593
crypto,BTC,priority_with_coverage_fallback,30,30,"ETH,SOL,XRP,BNB,TRX,ADA,AVAX,DOT,NEAR,ATOM,ALGO,DOGE,BCH,LTC,XLM,ETC,LINK,UNI,AAVE,INJ,FIL,VET,FET,GRT,THETA,XTZ,SAND,CHZ,DASH,HBAR","TON,SUI,ICP,MKR,RENDER,RNDR,ARB,OP,MATIC,POL,APT,SEI,EOS,MANA","CHZ,DASH,HBAR",1440,24,0.8,336,1.5,0.75,10.0,8760.0,0.17939699868140369,0.02867192372539029,0.33785018513476034,0.08486579255226322,-0.43093391304746587,0.012301494171947118,621,78.8599348534202,0.49653035935563816
crypto,BTC,priority_with_coverage_fallback,30,30,"ETH,SOL,XRP,BNB,TRX,ADA,AVAX,DOT,NEAR,ATOM,ALGO,DOGE,BCH,LTC,XLM,ETC,LINK,UNI,AAVE,INJ,FIL,VET,FET,GRT,THETA,XTZ,SAND,CHZ,DASH,HBAR","TON,SUI,ICP,MKR,RENDER,RNDR,ARB,OP,MATIC,POL,APT,SEI,EOS,MANA","CHZ,DASH,HBAR",1440,24,0.8,336,1.5,1.0,10.0,8760.0,0.06450440260894186,0.010766729249770846,0.3159609003471664,0.03407614435185098,-0.36113321400093945,0.015645779550966125,796,53.14646464646464,0.49539104818017676
crypto,BTC,priority_with_coverage_fallback,30,30,"ETH,SOL,XRP,BNB,TRX,ADA,AVAX,DOT,NEAR,ATOM,ALGO,DOGE,BCH,LTC,XLM,ETC,LINK,UNI,AAVE,INJ,FIL,VET,FET,GRT,THETA,XTZ,SAND,CHZ,DASH,HBAR","TON,SUI,ICP,MKR,RENDER,RNDR,ARB,OP,MATIC,POL,APT,SEI,EOS,MANA","CHZ,DASH,HBAR",1440,24,0.8,336,2.0,0.0,10.0,8760.0,25.987845397541314,0.7586911532277667,0.445730338036927,1.7021303880035918,-0.36296976130956293,0.004556833294218884,117,50354.0,0.5041506136553203
crypto,BTC,priority_with_coverage_fallback,30,30,"ETH,SOL,XRP,BNB,TRX,ADA,AVAX,DOT,NEAR,ATOM,ALGO,DOGE,BCH,LTC,XLM,ETC,LINK,UNI,AAVE,INJ,FIL,VET,FET,GRT,THETA,XTZ,SAND,CHZ,DASH,HBAR","TON,SUI,ICP,MKR,RENDER,RNDR,ARB,OP,MATIC,POL,APT,SEI,EOS,MANA","CHZ,DASH,HBAR",1440,24,0.8,336,2.0,0.25,10.0,8760.0,1.843228919060432,0.19604529225065392,0.34423879214210973,0.5695037768135147,-0.3677514522784434,0.00676679965579285,338,154.92727272727274,0.49626413175292416
crypto,BTC,priority_with_coverage_fallback,30,30,"ETH,SOL,XRP,BNB,TRX,ADA,AVAX,DOT,NEAR,ATOM,ALGO,DOGE,BCH,LTC,XLM,ETC,LINK,UNI,AAVE,INJ,FIL,VET,FET,GRT,THETA,XTZ,SAND,CHZ,DASH,HBAR","TON,SUI,ICP,MKR,RENDER,RNDR,ARB,OP,MATIC,POL,APT,SEI,EOS,MANA","CHZ,DASH,HBAR",1440,24,0.8,336,2.0,0.5,10.0,8760.0,1.8815375154874694,0.1987908582711735,0.32897383944124375,0.6042755819393306,-0.3826644329094865,0.007549088633341156,382,114.47619047619048,0.4986134220743206
crypto,BTC,priority_with_coverage_fallback,30,30,"ETH,SOL,XRP,BNB,TRX,ADA,AVAX,DOT,NEAR,ATOM,ALGO,DOGE,BCH,LTC,XLM,ETC,LINK,UNI,AAVE,INJ,FIL,VET,FET,GRT,THETA,XTZ,SAND,CHZ,DASH,HBAR","TON,SUI,ICP,MKR,RENDER,RNDR,ARB,OP,MATIC,POL,APT,SEI,EOS,MANA","CHZ,DASH,HBAR",1440,24,0.8,336,2.0,0.75,10.0,8760.0,1.0720180491518905,0.1329348785154767,0.31279472842335837,0.4249907892806726,-0.3270513950205456,0.008174919815379801,414,92.2390243902439,0.4971706594743244
crypto,BTC,priority_with_coverage_fallback,30,30,"ETH,SOL,XRP,BNB,TRX,ADA,AVAX,DOT,NEAR,ATOM,ALGO,DOGE,BCH,LTC,XLM,ETC,LINK,UNI,AAVE,INJ,FIL,VET,FET,GRT,THETA,XTZ,SAND,CHZ,DASH,HBAR","TON,SUI,ICP,MKR,RENDER,RNDR,ARB,OP,MATIC,POL,APT,SEI,EOS,MANA","CHZ,DASH,HBAR",1440,24,0.8,336,2.0,1.0,10.0,8760.0,0.9090414356233922,0.11714526147884041,0.2893821310855787,0.40481166214163083,-0.32149115805292494,0.009309238832824845,474,67.37288135593221,0.49660377358490565
crypto,BTC,priority_with_coverage_fallback,30,30,"ETH,SOL,XRP,BNB,TRX,ADA,AVAX,DOT,NEAR,ATOM,ALGO,DOGE,BCH,LTC,XLM,ETC,LINK,UNI,AAVE,INJ,FIL,VET,FET,GRT,THETA,XTZ,SAND,CHZ,DASH,HBAR","TON,SUI,ICP,MKR,RENDER,RNDR,ARB,OP,MATIC,POL,APT,SEI,EOS,MANA","CHZ,DASH,HBAR",1440,24,0.8,336,2.5,0.0,10.0,8760.0,17.682129812748638,0.6512863979131496,0.4449094220665771,1.4638629024486918,-0.38005902068395625,0.0029531408902448565,76,49797.0,0.5057533586360624
crypto,BTC,priority_with_coverage_fallback,30,30,"ETH,SOL,XRP,BNB,TRX,ADA,AVAX,DOT,NEAR,ATOM,ALGO,DOGE,BCH,LTC,XLM,ETC,LINK,UNI,AAVE,INJ,FIL,VET,FET,GRT,THETA,XTZ,SAND,CHZ,DASH,HBAR","TON,SUI,ICP,MKR,RENDER,RNDR,ARB,OP,MATIC,POL,APT,SEI,EOS,MANA","CHZ,DASH,HBAR",1440,24,0.8,336,2.5,0.25,10.0,8760.0,1.4172875114849992,0.16324795785140322,0.30897607559533496,0.5283514509557322,-0.3203131898372731,0.004693733865289838,239,166.53781512605042,0.49969724492885254
crypto,BTC,priority_with_coverage_fallback,30,30,"ETH,SOL,XRP,BNB,TRX,ADA,AVAX,DOT,NEAR,ATOM,ALGO,DOGE,BCH,LTC,XLM,ETC,LINK,UNI,AAVE,INJ,FIL,VET,FET,GRT,THETA,XTZ,SAND,CHZ,DASH,HBAR","TON,SUI,ICP,MKR,RENDER,RNDR,ARB,OP,MATIC,POL,APT,SEI,EOS,MANA","CHZ,DASH,HBAR",1440,24,0.8,336,2.5,0.5,10.0,8760.0,2.228858935232507,0.2223932459226623,0.29127820474457905,0.7635080218847072,-0.3337289174049828,0.005084878354063991,260,123.1923076923077,0.5034030596315954
crypto,BTC,priority_with_coverage_fallback,30,30,"ETH,SOL,XRP,BNB,TRX,ADA,AVAX,DOT,NEAR,ATOM,ALGO,DOGE,BCH,LTC,XLM,ETC,LINK,UNI,AAVE,INJ,FIL,VET,FET,GRT,THETA,XTZ,SAND,CHZ,DASH,HBAR","TON,SUI,ICP,MKR,RENDER,RNDR,ARB,OP,MATIC,POL,APT,SEI,EOS,MANA","CHZ,DASH,HBAR",1440,24,0.8,336,2.5,0.75,10.0,8760.0,1.363573417397761,0.1587782583348898,0.2729452532944742,0.5817219988932639,-0.3301314736219555,0.005319565047328483,272,103.44117647058823,0.5028433323855559
crypto,BTC,priority_with_coverage_fallback,30,30,"ETH,SOL,XRP,BNB,TRX,ADA,AVAX,DOT,NEAR,ATOM,ALGO,DOGE,BCH,LTC,XLM,ETC,LINK,UNI,AAVE,INJ,FIL,VET,FET,GRT,THETA,XTZ,SAND,CHZ,DASH,HBAR","TON,SUI,ICP,MKR,RENDER,RNDR,ARB,OP,MATIC,POL,APT,SEI,EOS,MANA","CHZ,DASH,HBAR",1440,24,0.8,336,2.5,1.0,10.0,8760.0,1.3094815181178476,0.1541912302172448,0.25313978871429205,0.6091149518627187,-0.32359601779830827,0.005710709536102637,292,79.34246575342466,0.5004316298342542
crypto,BTC,priority_with_coverage_fallback,30,30,"ETH,SOL,XRP,BNB,TRX,ADA,AVAX,DOT,NEAR,ATOM,ALGO,DOGE,BCH,LTC,XLM,ETC,LINK,UNI,AAVE,INJ,FIL,VET,FET,GRT,THETA,XTZ,SAND,CHZ,DASH,HBAR","TON,SUI,ICP,MKR,RENDER,RNDR,ARB,OP,MATIC,POL,APT,SEI,EOS,MANA","CHZ,DASH,HBAR",1440,24,0.8,336,3.0,0.0,10.0,8760.0,17.038969281063917,0.6414052088792226,0.4446952614471624,1.4423477479654518,-0.38528202249341603,0.0018970507705546428,49,49712.0,0.5068595107821049
crypto,BTC,priority_with_coverage_fallback,30,30,"ETH,SOL,XRP,BNB,TRX,ADA,AVAX,DOT,NEAR,ATOM,ALGO,DOGE,BCH,LTC,XLM,ETC,LINK,UNI,AAVE,INJ,FIL,VET,FET,GRT,THETA,XTZ,SAND,CHZ,DASH,HBAR","TON,SUI,ICP,MKR,RENDER,RNDR,ARB,OP,MATIC,POL,APT,SEI,EOS,MANA","CHZ,DASH,HBAR",1440,24,0.8,336,3.0,0.25,10.0,8760.0,1.786198403318835,0.19190059024991002,0.2717931421634412,0.7060538346273348,-0.30346585879122734,0.003363842603457717,172,165.7093023255814,0.49933338011367623
crypto,BTC,priority_with_coverage_fallback,30,30,"ETH,SOL,XRP,BNB,TRX,ADA,AVAX,DOT,NEAR,ATOM,ALGO,DOGE,BCH,LTC,XLM,ETC,LINK,UNI,AAVE,INJ,FIL,VET,FET,GRT,THETA,XTZ,SAND,CHZ,DASH,HBAR","TON,SUI,ICP,MKR,RENDER,RNDR,ARB,OP,MATIC,POL,APT,SEI,EOS,MANA","CHZ,DASH,HBAR",1440,24,0.8,336,3.0,0.5,10.0,8760.0,2.414798568029775,0.23417513746984553,0.25479064966196696,0.9190884272265398,-0.2967817963944728,0.0034811859500899632,178,128.73033707865167,0.5037095225626255
crypto,BTC,priority_with_coverage_fallback,30,30,"ETH,SOL,XRP,BNB,TRX,ADA,AVAX,DOT,NEAR,ATOM,ALGO,DOGE,BCH,LTC,XLM,ETC,LINK,UNI,AAVE,INJ,FIL,VET,FET,GRT,THETA,XTZ,SAND,CHZ,DASH,HBAR","TON,SUI,ICP,MKR,RENDER,RNDR,ARB,OP,MATIC,POL,APT,SEI,EOS,MANA","CHZ,DASH,HBAR",1440,24,0.8,336,3.0,0.75,10.0,8760.0,1.3454365327388085,0.15725002259640064,0.24427031740169472,0.6437541174428001,-0.32324749746873493,0.0035203003989673787,180,112.02222222222223,0.5008926800238048
crypto,BTC,priority_with_coverage_fallback,30,30,"ETH,SOL,XRP,BNB,TRX,ADA,AVAX,DOT,NEAR,ATOM,ALGO,DOGE,BCH,LTC,XLM,ETC,LINK,UNI,AAVE,INJ,FIL,VET,FET,GRT,THETA,XTZ,SAND,CHZ,DASH,HBAR","TON,SUI,ICP,MKR,RENDER,RNDR,ARB,OP,MATIC,POL,APT,SEI,EOS,MANA","CHZ,DASH,HBAR",1440,24,0.8,336,3.0,1.0,10.0,8760.0,0.9101243302586095,0.11725380146733011,0.21232980521514422,0.5522248812338056,-0.34192125308869015,0.0035985292967222094,184,86.96739130434783,0.49893763279590053
crypto,BTC,priority_with_coverage_fallback,30,30,"ETH,SOL,XRP,BNB,TRX,ADA,AVAX,DOT,NEAR,ATOM,ALGO,DOGE,BCH,LTC,XLM,ETC,LINK,UNI,AAVE,INJ,FIL,VET,FET,GRT,THETA,XTZ,SAND,CHZ,DASH,HBAR","TON,SUI,ICP,MKR,RENDER,RNDR,ARB,OP,MATIC,POL,APT,SEI,EOS,MANA","CHZ,DASH,HBAR",1440,72,0.8,336,1.0,0.0,10.0,8760.0,5.613309863285623,0.38215012145035976,0.4894006525672996,0.7808533140396838,-0.4382536383519767,0.007373073613392787,189,50796.0,0.4968107725017718
crypto,BTC,priority_with_coverage_fallback,30,30,"ETH,SOL,XRP,BNB,TRX,ADA,AVAX,DOT,NEAR,ATOM,ALGO,DOGE,BCH,LTC,XLM,ETC,LINK,UNI,AAVE,INJ,FIL,VET,FET,GRT,THETA,XTZ,SAND,CHZ,DASH,HBAR","TON,SUI,ICP,MKR,RENDER,RNDR,ARB,OP,MATIC,POL,APT,SEI,EOS,MANA","CHZ,DASH,HBAR",1440,72,0.8,336,1.0,0.25,10.0,8760.0,0.9553375597001135,0.1217407151417147,0.43052601303945015,0.2827720310841224,-0.493950178848641,0.012223265274192287,600,126.67708333333333,0.49349011868541515
crypto,BTC,priority_with_coverage_fallback,30,30,"ETH,SOL,XRP,BNB,TRX,ADA,AVAX,DOT,NEAR,ATOM,ALGO,DOGE,BCH,LTC,XLM,ETC,LINK,UNI,AAVE,INJ,FIL,VET,FET,GRT,THETA,XTZ,SAND,CHZ,DASH,HBAR","TON,SUI,ICP,MKR,RENDER,RNDR,ARB,OP,MATIC,POL,APT,SEI,EOS,MANA","CHZ,DASH,HBAR",1440,72,0.8,336,1.0,0.5,10.0,8760.0,0.38155877520536907,0.05693495284015526,0.4139193008244118,0.13755085285164698,-0.5211277483877201,0.01586090901979191,801,83.14646464646465,0.4944117111097613
crypto,BTC,priority_with_coverage_fallback,30,30,"ETH,SOL,XRP,BNB,TRX,ADA,AVAX,DOT,NEAR,ATOM,ALGO,DOGE,BCH,LTC,XLM,ETC,LINK,UNI,AAVE,INJ,FIL,VET,FET,GRT,THETA,XTZ,SAND,CHZ,DASH,HBAR","TON,SUI,ICP,MKR,RENDER,RNDR,ARB,OP,MATIC,POL,APT,SEI,EOS,MANA","CHZ,DASH,HBAR",1440,72,0.8,336,1.0,0.75,10.0,8760.0,0.27201655550709214,0.04208185682425625,0.40013442333384897,0.10516929904115144,-0.4420738355564269,0.022588594226707347,1148,51.947460595446586,0.49436990088328503
crypto,BTC,priority_with_coverage_fallback,30,30,"ETH,SOL,XRP,BNB,TRX,ADA,AVAX,DOT,NEAR,ATOM,ALGO,DOGE,BCH,LTC,XLM,ETC,LINK,UNI,AAVE,INJ,FIL,VET,FET,GRT,THETA,XTZ,SAND,CHZ,DASH,HBAR","TON,SUI,ICP,MKR,RENDER,RNDR,ARB,OP,MATIC,POL,APT,SEI,EOS,MANA","CHZ,DASH,HBAR",1440,72,0.8,336,1.5,0.0,10.0,8760.0,6.940132138032099,0.42613173439580443,0.48938780673664634,0.8707444863355948,-0.42041783387839315,0.005573808965031683,143,50796.0,0.4982872667139145
crypto,BTC,priority_with_coverage_fallback,30,30,"ETH,SOL,XRP,BNB,TRX,ADA,AVAX,DOT,NEAR,ATOM,ALGO,DOGE,BCH,LTC,XLM,ETC,LINK,UNI,AAVE,INJ,FIL,VET,FET,GRT,THETA,XTZ,SAND,CHZ,DASH,HBAR","TON,SUI,ICP,MKR,RENDER,RNDR,ARB,OP,MATIC,POL,APT,SEI,EOS,MANA","CHZ,DASH,HBAR",1440,72,0.8,336,1.5,0.25,10.0,8760.0,0.9636007835766607,0.12255143802259827,0.4104470019978742,0.2985804194599355,-0.4731518127497485,0.008742079324102323,432,151.99043062200957,0.4923188314550148
crypto,BTC,priority_with_coverage_fallback,30,30,"ETH,SOL,XRP,BNB,TRX,ADA,AVAX,DOT,NEAR,ATOM,ALGO,DOGE,BCH,LTC,XLM,ETC,LINK,UNI,AAVE,INJ,FIL,VET,FET,GRT,THETA,XTZ,SAND,CHZ,DASH,HBAR","TON,SUI,ICP,MKR,RENDER,RNDR,ARB,OP,MATIC,POL,APT,SEI,EOS,MANA","CHZ,DASH,HBAR",1440,72,0.8,336,1.5,0.5,10.0,8760.0,0.5612361689945133,0.07930773636850796,0.3930407255141776,0.20177994599607263,-0.49350792621811035,0.01018931393256669,516,108.95703125,0.4932420320510522
crypto,BTC,priority_with_coverage_fallback,30,30,"ETH,SOL,XRP,BNB,TRX,ADA,AVAX,DOT,NEAR,ATOM,ALGO,DOGE,BCH,LTC,XLM,ETC,LINK,UNI,AAVE,INJ,FIL,VET,FET,GRT,THETA,XTZ,SAND,CHZ,DASH,HBAR","TON,SUI,ICP,MKR,RENDER,RNDR,ARB,OP,MATIC,POL,APT,SEI,EOS,MANA","CHZ,DASH,HBAR",1440,72,0.8,336,1.5,0.75,10.0,8760.0,0.5465391108001547,0.07756022972765608,0.37432975864119894,0.20719760568648457,-0.3702762992127847,0.011871235234295549,604,81.0531561461794,0.4937492314628848
crypto,BTC,priority_with_coverage_fallback,30,30,"ETH,SOL,XRP,BNB,TRX,ADA,AVAX,DOT,NEAR,ATOM,ALGO,DOGE,BCH,LTC,XLM,ETC,LINK,UNI,AAVE,INJ,FIL,VET,FET,GRT,THETA,XTZ,SAND,CHZ,DASH,HBAR","TON,SUI,ICP,MKR,RENDER,RNDR,ARB,OP,MATIC,POL,APT,SEI,EOS,MANA","CHZ,DASH,HBAR",1440,72,0.8,336,1.5,1.0,10.0,8760.0,0.3269263080447604,0.049654259690050884,0.3519381500487144,0.14108802834582684,-0.43228566100926413,0.01494171947117265,761,56.45382585751979,0.4930828192185455
crypto,BTC,priority_with_coverage_fallback,30,30,"ETH,SOL,XRP,BNB,TRX,ADA,AVAX,DOT,NEAR,ATOM,ALGO,DOGE,BCH,LTC,XLM,ETC,LINK,UNI,AAVE,INJ,FIL,VET,FET,GRT,THETA,XTZ,SAND,CHZ,DASH,HBAR","TON,SUI,ICP,MKR,RENDER,RNDR,ARB,OP,MATIC,POL,APT,SEI,EOS,MANA","CHZ,DASH,HBAR",1440,72,0.8,336,2.0,0.0,10.0,8760.0,19.668477110454887,0.6801201486855044,0.4893575662244432,1.3898224848812661,-0.39694219287687216,0.004283032152076977,110,50796.0,0.5007087172218285
crypto,BTC,priority_with_coverage_fallback,30,30,"ETH,SOL,XRP,BNB,TRX,ADA,AVAX,DOT,NEAR,ATOM,ALGO,DOGE,BCH,LTC,XLM,ETC,LINK,UNI,AAVE,INJ,FIL,VET,FET,GRT,THETA,XTZ,SAND,CHZ,DASH,HBAR","TON,SUI,ICP,MKR,RENDER,RNDR,ARB,OP,MATIC,POL,APT,SEI,EOS,MANA","CHZ,DASH,HBAR",1440,72,0.8,336,2.0,0.25,10.0,8760.0,1.158130042572087,0.14086591688148586,0.380875725768748,0.3698474524654108,-0.4417967043560834,0.006414769615896112,321,164.14012738853503,0.4927435001940241
crypto,BTC,priority_with_coverage_fallback,30,30,"ETH,SOL,XRP,BNB,TRX,ADA,AVAX,DOT,NEAR,ATOM,ALGO,DOGE,BCH,LTC,XLM,ETC,LINK,UNI,AAVE,INJ,FIL,VET,FET,GRT,THETA,XTZ,SAND,CHZ,DASH,HBAR","TON,SUI,ICP,MKR,RENDER,RNDR,ARB,OP,MATIC,POL,APT,SEI,EOS,MANA","CHZ,DASH,HBAR",1440,72,0.8,336,2.0,0.5,10.0,8760.0,0.9827787127174223,0.12442218685415574,0.3574448244318732,0.34808781201941796,-0.4506929557430741,0.006923257451302511,351,125.7816091954023,0.4944713515489354
crypto,BTC,priority_with_coverage_fallback,30,30,"ETH,SOL,XRP,BNB,TRX,ADA,AVAX,DOT,NEAR,ATOM,ALGO,DOGE,BCH,LTC,XLM,ETC,LINK,UNI,AAVE,INJ,FIL,VET,FET,GRT,THETA,XTZ,SAND,CHZ,DASH,HBAR","TON,SUI,ICP,MKR,RENDER,RNDR,ARB,OP,MATIC,POL,APT,SEI,EOS,MANA","CHZ,DASH,HBAR",1440,72,0.8,336,2.0,0.75,10.0,8760.0,0.9061228920506215,0.11685247766057105,0.33383130298117825,0.3500345132917608,-0.3368253980001651,0.007588203082218571,387,97.92227979274611,0.49547595110852427
crypto,BTC,priority_with_coverage_fallback,30,30,"ETH,SOL,XRP,BNB,TRX,ADA,AVAX,DOT,NEAR,ATOM,ALGO,DOGE,BCH,LTC,XLM,ETC,LINK,UNI,AAVE,INJ,FIL,VET,FET,GRT,THETA,XTZ,SAND,CHZ,DASH,HBAR","TON,SUI,ICP,MKR,RENDER,RNDR,ARB,OP,MATIC,POL,APT,SEI,EOS,MANA","CHZ,DASH,HBAR",1440,72,0.8,336,2.0,1.0,10.0,8760.0,0.8768723241960343,0.11389739853519609,0.30736860641572755,0.3705563813538771,-0.2991081103004224,0.008644293201908786,441,73.50454545454545,0.49477459649990724
crypto,BTC,priority_with_coverage_fallback,30,30,"ETH,SOL,XRP,BNB,TRX,ADA,AVAX,DOT,NEAR,ATOM,ALGO,DOGE,BCH,LTC,XLM,ETC,LINK,UNI,AAVE,INJ,FIL,VET,FET,GRT,THETA,XTZ,SAND,CHZ,DASH,HBAR","TON,SUI,ICP,MKR,RENDER,RNDR,ARB,OP,MATIC,POL,APT,SEI,EOS,MANA","CHZ,DASH,HBAR",1440,72,0.8,336,2.5,0.0,10.0,8760.0,52.13349840600849,0.975114763424537,0.4843427553638564,2.0132741795466607,-0.39694219287687305,0.0033442853790190095,86,49797.0,0.5046689559612025
crypto,BTC,priority_with_coverage_fallback,30,30,"ETH,SOL,XRP,BNB,TRX,ADA,AVAX,DOT,NEAR,ATOM,ALGO,DOGE,BCH,LTC,XLM,ETC,LINK,UNI,AAVE,INJ,FIL,VET,FET,GRT,THETA,XTZ,SAND,CHZ,DASH,HBAR","TON,SUI,ICP,MKR,RENDER,RNDR,ARB,OP,MATIC,POL,APT,SEI,EOS,MANA","CHZ,DASH,HBAR",1440,72,0.8,336,2.5,0.25,10.0,8760.0,3.0521529342750284,0.27089455076982727,0.35541747387878814,0.7621869229260612,-0.43901968583672923,0.005045763905186576,255,162.4206349206349,0.49831419496701684
crypto,BTC,priority_with_coverage_fallback,30,30,"ETH,SOL,XRP,BNB,TRX,ADA,AVAX,DOT,NEAR,ATOM,ALGO,DOGE,BCH,LTC,XLM,ETC,LINK,UNI,AAVE,INJ,FIL,VET,FET,GRT,THETA,XTZ,SAND,CHZ,DASH,HBAR","TON,SUI,ICP,MKR,RENDER,RNDR,ARB,OP,MATIC,POL,APT,SEI,EOS,MANA","CHZ,DASH,HBAR",1440,72,0.8,336,2.5,0.5,10.0,8760.0,3.214920089078464,0.27949830281264965,0.3294694675310332,0.848328389599025,-0.4204222756450854,0.005397793945083313,276,124.80434782608695,0.4997387214770946
crypto,BTC,priority_with_coverage_fallback,30,30,"ETH,SOL,XRP,BNB,TRX,ADA,AVAX,DOT,NEAR,ATOM,ALGO,DOGE,BCH,LTC,XLM,ETC,LINK,UNI,AAVE,INJ,FIL,VET,FET,GRT,THETA,XTZ,SAND,CHZ,DASH,HBAR","TON,SUI,ICP,MKR,RENDER,RNDR,ARB,OP,MATIC,POL,APT,SEI,EOS,MANA","CHZ,DASH,HBAR",1440,72,0.8,336,2.5,0.75,10.0,8760.0,3.4221846579611954,0.29006424761602867,0.30789170121388393,0.942098297785977,-0.34216435773470344,0.005710709536102637,292,99.72602739726027,0.49986263736263736
crypto,BTC,priority_with_coverage_fallback,30,30,"ETH,SOL,XRP,BNB,TRX,ADA,AVAX,DOT,NEAR,ATOM,ALGO,DOGE,BCH,LTC,XLM,ETC,LINK,UNI,AAVE,INJ,FIL,VET,FET,GRT,THETA,XTZ,SAND,CHZ,DASH,HBAR","TON,SUI,ICP,MKR,RENDER,RNDR,ARB,OP,MATIC,POL,APT,SEI,EOS,MANA","CHZ,DASH,HBAR",1440,72,0.8,336,2.5,1.0,10.0,8760.0,2.202774282056712,0.22069571882213546,0.27659419310384015,0.7979043823934545,-0.37833966541321096,0.005945396229367128,304,80.28289473684211,0.49774645578955995
crypto,BTC,priority_with_coverage_fallback,30,30,"ETH,SOL,XRP,BNB,TRX,ADA,AVAX,DOT,NEAR,ATOM,ALGO,DOGE,BCH,LTC,XLM,ETC,LINK,UNI,AAVE,INJ,FIL,VET,FET,GRT,THETA,XTZ,SAND,CHZ,DASH,HBAR","TON,SUI,ICP,MKR,RENDER,RNDR,ARB,OP,MATIC,POL,APT,SEI,EOS,MANA","CHZ,DASH,HBAR",1440,72,0.8,336,3.0,0.0,10.0,8760.0,25.619047986019044,0.7545502679800067,0.4841934413798667,1.5583653215741011,-0.40420440909642474,0.0020535085660643043,53,49712.0,0.5058336015448986
crypto,BTC,priority_with_coverage_fallback,30,30,"ETH,SOL,XRP,BNB,TRX,ADA,AVAX,DOT,NEAR,ATOM,ALGO,DOGE,BCH,LTC,XLM,ETC,LINK,UNI,AAVE,INJ,FIL,VET,FET,GRT,THETA,XTZ,SAND,CHZ,DASH,HBAR","TON,SUI,ICP,MKR,RENDER,RNDR,ARB,OP,MATIC,POL,APT,SEI,EOS,MANA","CHZ,DASH,HBAR",1440,72,0.8,336,3.0,0.25,10.0,8760.0,2.3045842091811326,0.2272576892071183,0.31820120871664265,0.7141949275544415,-0.42248124909703133,0.0034811859500899632,178,164.17977528089887,0.5023268546400219
crypto,BTC,priority_with_coverage_fallback,30,30,"ETH,SOL,XRP,BNB,TRX,ADA,AVAX,DOT,NEAR,ATOM,ALGO,DOGE,BCH,LTC,XLM,ETC,LINK,UNI,AAVE,INJ,FIL,VET,FET,GRT,THETA,XTZ,SAND,CHZ,DASH,HBAR","TON,SUI,ICP,MKR,RENDER,RNDR,ARB,OP,MATIC,POL,APT,SEI,EOS,MANA","CHZ,DASH,HBAR",1440,72,0.8,336,3.0,0.5,10.0,8760.0,2.809836356144147,0.25753945014248014,0.2928520801379833,0.8794182032824732,-0.3985290068197548,0.0035985292967222094,184,130.82608695652175,0.5030741110003324
crypto,BTC,priority_with_coverage_fallback,30,30,"ETH,SOL,XRP,BNB,TRX,ADA,AVAX,DOT,NEAR,ATOM,ALGO,DOGE,BCH,LTC,XLM,ETC,LINK,UNI,AAVE,INJ,FIL,VET,FET,GRT,THETA,XTZ,SAND,CHZ,DASH,HBAR","TON,SUI,ICP,MKR,RENDER,RNDR,ARB,OP,MATIC,POL,APT,SEI,EOS,MANA","CHZ,DASH,HBAR",1440,72,0.8,336,3.0,0.75,10.0,8760.0,2.5300859626632697,0.24121575311529297,0.2735933530561304,0.8816579438821569,-0.3173149338286525,0.003715872643354455,190,105.53684210526316,0.5030919609016556
crypto,BTC,priority_with_coverage_fallback,30,30,"ETH,SOL,XRP,BNB,TRX,ADA,AVAX,DOT,NEAR,ATOM,ALGO,DOGE,BCH,LTC,XLM,ETC,LINK,UNI,AAVE,INJ,FIL,VET,FET,GRT,THETA,XTZ,SAND,CHZ,DASH,HBAR","TON,SUI,ICP,MKR,RENDER,RNDR,ARB,OP,MATIC,POL,APT,SEI,EOS,MANA","CHZ,DASH,HBAR",1440,72,0.8,336,3.0,1.0,10.0,8760.0,1.526900263661608,0.1721195540345224,0.2436958590028777,0.7062883823253225,-0.3549032116074271,0.0037549870922318706,192,87.33333333333333,0.5020276717557252
crypto,BTC,priority_with_coverage_fallback,30,30,"ETH,SOL,XRP,BNB,TRX,ADA,AVAX,DOT,NEAR,ATOM,ALGO,DOGE,BCH,LTC,XLM,ETC,LINK,UNI,AAVE,INJ,FIL,VET,FET,GRT,THETA,XTZ,SAND,CHZ,DASH,HBAR","TON,SUI,ICP,MKR,RENDER,RNDR,ARB,OP,MATIC,POL,APT,SEI,EOS,MANA","CHZ,DASH,HBAR",1440,168,0.8,336,1.0,0.0,10.0,8760.0,5.449135718672578,0.3762104171730585,0.5206542154026088,0.7225724982984041,-0.4949411731772465,0.007216615817883126,185,50769.0,0.4971734720006303
crypto,BTC,priority_with_coverage_fallback,30,30,"ETH,SOL,XRP,BNB,TRX,ADA,AVAX,DOT,NEAR,ATOM,ALGO,DOGE,BCH,LTC,XLM,ETC,LINK,UNI,AAVE,INJ,FIL,VET,FET,GRT,THETA,XTZ,SAND,CHZ,DASH,HBAR","TON,SUI,ICP,MKR,RENDER,RNDR,ARB,OP,MATIC,POL,APT,SEI,EOS,MANA","CHZ,DASH,HBAR",1440,168,0.8,336,1.0,0.25,10.0,8760.0,1.8481825160006848,0.1964020344632469,0.46490673361046414,0.42245469954368986,-0.5132595415078713,0.011753891887663303,558,146.8217054263566,0.4937170010559662
crypto,BTC,priority_with_coverage_fallback,30,30,"ETH,SOL,XRP,BNB,TRX,ADA,AVAX,DOT,NEAR,ATOM,ALGO,DOGE,BCH,LTC,XLM,ETC,LINK,UNI,AAVE,INJ,FIL,VET,FET,GRT,THETA,XTZ,SAND,CHZ,DASH,HBAR","TON,SUI,ICP,MKR,RENDER,RNDR,ARB,OP,MATIC,POL,APT,SEI,EOS,MANA","CHZ,DASH,HBAR",1440,168,0.8,336,1.0,0.5,10.0,8760.0,1.3123820507061863,0.15443944433007806,0.4493678373122797,0.34368157110174596,-0.5230031393538513,0.014726590002346867,726,98.68857142857142,0.4935873309979445
crypto,BTC,priority_with_coverage_fallback,30,30,"ETH,SOL,XRP,BNB,TRX,ADA,AVAX,DOT,NEAR,ATOM,ALGO,DOGE,BCH,LTC,XLM,ETC,LINK,UNI,AAVE,INJ,FIL,VET,FET,GRT,THETA,XTZ,SAND,CHZ,DASH,HBAR","TON,SUI,ICP,MKR,RENDER,RNDR,ARB,OP,MATIC,POL,APT,SEI,EOS,MANA","CHZ,DASH,HBAR",1440,168,0.8,336,1.0,0.75,10.0,8760.0,0.3594017138211745,0.05401142593039676,0.4308877909728474,0.12534916760684064,-0.5262817167075625,0.021004459047172026,1056,59.97495183044316,0.49336588813570215
crypto,BTC,priority_with_coverage_fallback,30,30,"ETH,SOL,XRP,BNB,TRX,ADA,AVAX,DOT,NEAR,ATOM,ALGO,DOGE,BCH,LTC,XLM,ETC,LINK,UNI,AAVE,INJ,FIL,VET,FET,GRT,THETA,XTZ,SAND,CHZ,DASH,HBAR","TON,SUI,ICP,MKR,RENDER,RNDR,ARB,OP,MATIC,POL,APT,SEI,EOS,MANA","CHZ,DASH,HBAR",1440,168,0.8,336,1.5,0.0,10.0,8760.0,7.001410033381738,0.42801132232636685,0.5193170643847316,0.82418112494235,-0.4626078477704729,0.0055346945161542675,142,50599.0,0.4996936698353722
crypto,BTC,priority_with_coverage_fallback,30,30,"ETH,SOL,XRP,BNB,TRX,ADA,AVAX,DOT,NEAR,ATOM,ALGO,DOGE,BCH,LTC,XLM,ETC,LINK,UNI,AAVE,INJ,FIL,VET,FET,GRT,THETA,XTZ,SAND,CHZ,DASH,HBAR","TON,SUI,ICP,MKR,RENDER,RNDR,ARB,OP,MATIC,POL,APT,SEI,EOS,MANA","CHZ,DASH,HBAR",1440,168,0.8,336,1.5,0.25,10.0,8760.0,1.555523485689673,0.1743835965189282,0.442066012207908,0.3944741095294019,-0.5304588582987869,0.00850739263083783,408,175.6806282722513,0.49333929369691554
crypto,BTC,priority_with_coverage_fallback,30,30,"ETH,SOL,XRP,BNB,TRX,ADA,AVAX,DOT,NEAR,ATOM,ALGO,DOGE,BCH,LTC,XLM,ETC,LINK,UNI,AAVE,INJ,FIL,VET,FET,GRT,THETA,XTZ,SAND,CHZ,DASH,HBAR","TON,SUI,ICP,MKR,RENDER,RNDR,ARB,OP,MATIC,POL,APT,SEI,EOS,MANA","CHZ,DASH,HBAR",1440,168,0.8,336,1.5,0.5,10.0,8760.0,1.4474469123516513,0.16572164128109623,0.42137689261522204,0.393286020627676,-0.5284396415577861,0.009817726668231245,485,126.65384615384616,0.4944157640786854
crypto,BTC,priority_with_coverage_fallback,30,30,"ETH,SOL,XRP,BNB,TRX,ADA,AVAX,DOT,NEAR,ATOM,ALGO,DOGE,BCH,LTC,XLM,ETC,LINK,UNI,AAVE,INJ,FIL,VET,FET,GRT,THETA,XTZ,SAND,CHZ,DASH,HBAR","TON,SUI,ICP,MKR,RENDER,RNDR,ARB,OP,MATIC,POL,APT,SEI,EOS,MANA","CHZ,DASH,HBAR",1440,168,0.8,336,1.5,0.75,10.0,8760.0,0.6209942842417941,0.08627562265099908,0.40073731839525817,0.21529220936170232,-0.4955712938285787,0.011304075725573027,567,93.5179856115108,0.4934610354642665
crypto,BTC,priority_with_coverage_fallback,30,30,"ETH,SOL,XRP,BNB,TRX,ADA,AVAX,DOT,NEAR,ATOM,ALGO,DOGE,BCH,LTC,XLM,ETC,LINK,UNI,AAVE,INJ,FIL,VET,FET,GRT,THETA,XTZ,SAND,CHZ,DASH,HBAR","TON,SUI,ICP,MKR,RENDER,RNDR,ARB,OP,MATIC,POL,APT,SEI,EOS,MANA","CHZ,DASH,HBAR",1440,168,0.8,336,1.5,1.0,10.0,8760.0,-0.3405549532362002,-0.06884614198351802,0.3573774836783506,-0.19264264014316415,-0.5611143669123864,0.01361182820934053,691,65.96501457725948,0.49208874745867587
crypto,BTC,priority_with_coverage_fallback,30,30,"ETH,SOL,XRP,BNB,TRX,ADA,AVAX,DOT,NEAR,ATOM,ALGO,DOGE,BCH,LTC,XLM,ETC,LINK,UNI,AAVE,INJ,FIL,VET,FET,GRT,THETA,XTZ,SAND,CHZ,DASH,HBAR","TON,SUI,ICP,MKR,RENDER,RNDR,ARB,OP,MATIC,POL,APT,SEI,EOS,MANA","CHZ,DASH,HBAR",1440,168,0.8,336,2.0,0.0,10.0,8760.0,8.811466697140485,0.47878532812217234,0.5179396752958721,0.9244036534730943,-0.44548149119470926,0.003970116561057654,102,49858.0,0.5005615949296001
crypto,BTC,priority_with_coverage_fallback,30,30,"ETH,SOL,XRP,BNB,TRX,ADA,AVAX,DOT,NEAR,ATOM,ALGO,DOGE,BCH,LTC,XLM,ETC,LINK,UNI,AAVE,INJ,FIL,VET,FET,GRT,THETA,XTZ,SAND,CHZ,DASH,HBAR","TON,SUI,ICP,MKR,RENDER,RNDR,ARB,OP,MATIC,POL,APT,SEI,EOS,MANA","CHZ,DASH,HBAR",1440,168,0.8,336,2.0,0.25,10.0,8760.0,1.7101693654897576,0.18626442250449737,0.4103882746492476,0.4538736460336121,-0.42616196560123853,0.006453884064773528,317,185.88815789473685,0.49580605202619005
crypto,BTC,priority_with_coverage_fallback,30,30,"ETH,SOL,XRP,BNB,TRX,ADA,AVAX,DOT,NEAR,ATOM,ALGO,DOGE,BCH,LTC,XLM,ETC,LINK,UNI,AAVE,INJ,FIL,VET,FET,GRT,THETA,XTZ,SAND,CHZ,DASH,HBAR","TON,SUI,ICP,MKR,RENDER,RNDR,ARB,OP,MATIC,POL,APT,SEI,EOS,MANA","CHZ,DASH,HBAR",1440,168,0.8,336,2.0,0.5,10.0,8760.0,1.4876435243502892,0.16897960540530677,0.38648297218231825,0.43722393369918733,-0.4031382374029989,0.007079715246812173,353,143.42441860465115,0.4973448457578337
crypto,BTC,priority_with_coverage_fallback,30,30,"ETH,SOL,XRP,BNB,TRX,ADA,AVAX,DOT,NEAR,ATOM,ALGO,DOGE,BCH,LTC,XLM,ETC,LINK,UNI,AAVE,INJ,FIL,VET,FET,GRT,THETA,XTZ,SAND,CHZ,DASH,HBAR","TON,SUI,ICP,MKR,RENDER,RNDR,ARB,OP,MATIC,POL,APT,SEI,EOS,MANA","CHZ,DASH,HBAR",1440,168,0.8,336,2.0,0.75,10.0,8760.0,1.1342453758719624,0.13869277570141803,0.36395125652630916,0.381075139086358,-0.37505883416062746,0.007588203082218571,383,108.85185185185185,0.49458027511787295
crypto,BTC,priority_with_coverage_fallback,30,30,"ETH,SOL,XRP,BNB,TRX,ADA,AVAX,DOT,NEAR,ATOM,ALGO,DOGE,BCH,LTC,XLM,ETC,LINK,UNI,AAVE,INJ,FIL,VET,FET,GRT,THETA,XTZ,SAND,CHZ,DASH,HBAR","TON,SUI,ICP,MKR,RENDER,RNDR,ARB,OP,MATIC,POL,APT,SEI,EOS,MANA","CHZ,DASH,HBAR",1440,168,0.8,336,2.0,1.0,10.0,8760.0,0.09888248402075517,0.01628571458946415,0.328806806914885,0.04952973675414169,-0.44382558658439575,0.008409606508644293,428,83.46478873239437,0.4937563280458994
crypto,BTC,priority_with_coverage_fallback,30,30,"ETH,SOL,XRP,BNB,TRX,ADA,AVAX,DOT,NEAR,ATOM,ALGO,DOGE,BCH,LTC,XLM,ETC,LINK,UNI,AAVE,INJ,FIL,VET,FET,GRT,THETA,XTZ,SAND,CHZ,DASH,HBAR","TON,SUI,ICP,MKR,RENDER,RNDR,ARB,OP,MATIC,POL,APT,SEI,EOS,MANA","CHZ,DASH,HBAR",1440,168,0.8,336,2.5,0.0,10.0,8760.0,15.25878151484897,0.6124459020736348,0.5178493053339487,1.1826720549111929,-0.4095681032341152,0.0029531408902448565,76,49781.0,0.5027018340330648
crypto,BTC,priority_with_coverage_fallback,30,30,"ETH,SOL,XRP,BNB,TRX,ADA,AVAX,DOT,NEAR,ATOM,ALGO,DOGE,BCH,LTC,XLM,ETC,LINK,UNI,AAVE,INJ,FIL,VET,FET,GRT,THETA,XTZ,SAND,CHZ,DASH,HBAR","TON,SUI,ICP,MKR,RENDER,RNDR,ARB,OP,MATIC,POL,APT,SEI,EOS,MANA","CHZ,DASH,HBAR",1440,168,0.8,336,2.5,0.25,10.0,8760.0,1.8621888169434664,0.19740794868475353,0.37258764474419087,0.5298295621699661,-0.39590653229563866,0.004732848314167253,236,199.50434782608696,0.49836551453602407
crypto,BTC,priority_with_coverage_fallback,30,30,"ETH,SOL,XRP,BNB,TRX,ADA,AVAX,DOT,NEAR,ATOM,ALGO,DOGE,BCH,LTC,XLM,ETC,LINK,UNI,AAVE,INJ,FIL,VET,FET,GRT,THETA,XTZ,SAND,CHZ,DASH,HBAR","TON,SUI,ICP,MKR,RENDER,RNDR,ARB,OP,MATIC,POL,APT,SEI,EOS,MANA","CHZ,DASH,HBAR",1440,168,0.8,336,2.5,0.5,10.0,8760.0,2.4041575645407427,0.23351540622311484,0.3526317584011718,0.6622075313972596,-0.3562766189227249,0.00492842055855433,247,162.8512396694215,0.49982238010657193
crypto,BTC,priority_with_coverage_fallback,30,30,"ETH,SOL,XRP,BNB,TRX,ADA,AVAX,DOT,NEAR,ATOM,ALGO,DOGE,BCH,LTC,XLM,ETC,LINK,UNI,AAVE,INJ,FIL,VET,FET,GRT,THETA,XTZ,SAND,CHZ,DASH,HBAR","TON,SUI,ICP,MKR,RENDER,RNDR,ARB,OP,MATIC,POL,APT,SEI,EOS,MANA","CHZ,DASH,HBAR",1440,168,0.8,336,2.5,0.75,10.0,8760.0,1.5128548740245273,0.171000808355795,0.32989148826564674,0.5183547149240049,-0.33244802696341513,0.005006649456309161,253,123.288,0.4952955681007073
crypto,BTC,priority_with_coverage_fallback,30,30,"ETH,SOL,XRP,BNB,TRX,ADA,AVAX,DOT,NEAR,ATOM,ALGO,DOGE,BCH,LTC,XLM,ETC,LINK,UNI,AAVE,INJ,FIL,VET,FET,GRT,THETA,XTZ,SAND,CHZ,DASH,HBAR","TON,SUI,ICP,MKR,RENDER,RNDR,ARB,OP,MATIC,POL,APT,SEI,EOS,MANA","CHZ,DASH,HBAR",1440,168,0.8,336,2.5,1.0,10.0,8760.0,0.7491970005176425,0.10053394492944423,0.29058249907418854,0.34597384649712487,-0.3189310816272254,0.005319565047328483,271,94.2074074074074,0.49606856423966034
crypto,BTC,priority_with_coverage_fallback,30,30,"ETH,SOL,XRP,BNB,TRX,ADA,AVAX,DOT,NEAR,ATOM,ALGO,DOGE,BCH,LTC,XLM,ETC,LINK,UNI,AAVE,INJ,FIL,VET,FET,GRT,THETA,XTZ,SAND,CHZ,DASH,HBAR","TON,SUI,ICP,MKR,RENDER,RNDR,ARB,OP,MATIC,POL,APT,SEI,EOS,MANA","CHZ,DASH,HBAR",1440,168,0.8,336,3.0,0.0,10.0,8760.0,3.8891494082479383,0.31244265565112417,0.5178336241948068,0.6033649439758755,-0.40956810323411563,0.0015059062817804898,39,49712.0,0.5039024782748632
crypto,BTC,priority_with_coverage_fallback,30,30,"ETH,SOL,XRP,BNB,TRX,ADA,AVAX,DOT,NEAR,ATOM,ALGO,DOGE,BCH,LTC,XLM,ETC,LINK,UNI,AAVE,INJ,FIL,VET,FET,GRT,THETA,XTZ,SAND,CHZ,DASH,HBAR","TON,SUI,ICP,MKR,RENDER,RNDR,ARB,OP,MATIC,POL,APT,SEI,EOS,MANA","CHZ,DASH,HBAR",1440,168,0.8,336,3.0,0.25,10.0,8760.0,0.8156206692984656,0.1075835996280996,0.3326499096975397,0.32341388496368284,-0.4424269182225643,0.0030118125635609796,153,213.71052631578948,0.5014776505356483
crypto,BTC,priority_with_coverage_fallback,30,30,"ETH,SOL,XRP,BNB,TRX,ADA,AVAX,DOT,NEAR,ATOM,ALGO,DOGE,BCH,LTC,XLM,ETC,LINK,UNI,AAVE,INJ,FIL,VET,FET,GRT,THETA,XTZ,SAND,CHZ,DASH,HBAR","TON,SUI,ICP,MKR,RENDER,RNDR,ARB,OP,MATIC,POL,APT,SEI,EOS,MANA","CHZ,DASH,HBAR",1440,168,0.8,336,3.0,0.5,10.0,8760.0,0.8980888749465186,0.1160445941867485,0.3179842734339622,0.36493815537971325,-0.47081433779095105,0.00309004146131581,157,180.52564102564102,0.49960940274128257
crypto,BTC,priority_with_coverage_fallback,30,30,"ETH,SOL,XRP,BNB,TRX,ADA,AVAX,DOT,NEAR,ATOM,ALGO,DOGE,BCH,LTC,XLM,ETC,LINK,UNI,AAVE,INJ,FIL,VET,FET,GRT,THETA,XTZ,SAND,CHZ,DASH,HBAR","TON,SUI,ICP,MKR,RENDER,RNDR,ARB,OP,MATIC,POL,APT,SEI,EOS,MANA","CHZ,DASH,HBAR",1440,168,0.8,336,3.0,0.75,10.0,8760.0,0.6320723713665508,0.08754388252156975,0.294464453917551,0.29729864286465535,-0.3777534464393588,0.0031291559101932253,159,131.9746835443038,0.4951083828889315
crypto,BTC,priority_with_coverage_fallback,30,30,"ETH,SOL,XRP,BNB,TRX,ADA,AVAX,DOT,NEAR,ATOM,ALGO,DOGE,BCH,LTC,XLM,ETC,LINK,UNI,AAVE,INJ,FIL,VET,FET,GRT,THETA,XTZ,SAND,CHZ,DASH,HBAR","TON,SUI,ICP,MKR,RENDER,RNDR,ARB,OP,MATIC,POL,APT,SEI,EOS,MANA","CHZ,DASH,HBAR",1440,168,0.8,336,3.0,1.0,10.0,8760.0,0.20186174949900382,0.032002567952192695,0.258081089668396,0.12400198710146587,-0.3964430993973982,0.003207384807948056,164,103.2560975609756,0.4935632455415141
crypto,BTC,priority_with_coverage_fallback,30,30,"ETH,SOL,XRP,BNB,TRX,ADA,AVAX,DOT,NEAR,ATOM,ALGO,DOGE,BCH,LTC,XLM,ETC,LINK,UNI,AAVE,INJ,FIL,VET,FET,GRT,THETA,XTZ,SAND,CHZ,DASH,HBAR","TON,SUI,ICP,MKR,RENDER,RNDR,ARB,OP,MATIC,POL,APT,SEI,EOS,MANA","CHZ,DASH,HBAR",1440,336,0.8,336,1.0,0.0,10.0,8760.0,9.085707026431713,0.4857860021452385,0.5616266370433499,0.8649625393528876,-0.4790729467926512,0.006747242431354142,173,50796.0,0.49765729585006696
crypto,BTC,priority_with_coverage_fallback,30,30,"ETH,SOL,XRP,BNB,TRX,ADA,AVAX,DOT,NEAR,ATOM,ALGO,DOGE,BCH,LTC,XLM,ETC,LINK,UNI,AAVE,INJ,FIL,VET,FET,GRT,THETA,XTZ,SAND,CHZ,DASH,HBAR","TON,SUI,ICP,MKR,RENDER,RNDR,ARB,OP,MATIC,POL,APT,SEI,EOS,MANA","CHZ,DASH,HBAR",1440,336,0.8,336,1.0,0.25,10.0,8760.0,2.59605134897856,0.24515898098553524,0.48130915301810934,0.5093586511875686,-0.4693321905598935,0.011323632950011734,535,159.96341463414635,0.4966074559731646
crypto,BTC,priority_with_coverage_fallback,30,30,"ETH,SOL,XRP,BNB,TRX,ADA,AVAX,DOT,NEAR,ATOM,ALGO,DOGE,BCH,LTC,XLM,ETC,LINK,UNI,AAVE,INJ,FIL,VET,FET,GRT,THETA,XTZ,SAND,CHZ,DASH,HBAR","TON,SUI,ICP,MKR,RENDER,RNDR,ARB,OP,MATIC,POL,APT,SEI,EOS,MANA","CHZ,DASH,HBAR",1440,336,0.8,336,1.0,0.5,10.0,8760.0,1.4562523864710495,0.16643910372767912,0.4665247070636827,0.3567637495026805,-0.48480382694416935,0.014335445513572714,702,105.90178571428571,0.49568614225894386
crypto,BTC,priority_with_coverage_fallback,30,30,"ETH,SOL,XRP,BNB,TRX,ADA,AVAX,DOT,NEAR,ATOM,ALGO,DOGE,BCH,LTC,XLM,ETC,LINK,UNI,AAVE,INJ,FIL,VET,FET,GRT,THETA,XTZ,SAND,CHZ,DASH,HBAR","TON,SUI,ICP,MKR,RENDER,RNDR,ARB,OP,MATIC,POL,APT,SEI,EOS,MANA","CHZ,DASH,HBAR",1440,336,0.8,336,1.0,0.75,10.0,8760.0,0.6580304066381208,0.09048794245989211,0.44842269971292387,0.2017916187512846,-0.5091471491085614,0.020906672924978487,1046,62.103515625,0.4953926471050728
crypto,BTC,priority_with_coverage_fallback,30,30,"ETH,SOL,XRP,BNB,TRX,ADA,AVAX,DOT,NEAR,ATOM,ALGO,DOGE,BCH,LTC,XLM,ETC,LINK,UNI,AAVE,INJ,FIL,VET,FET,GRT,THETA,XTZ,SAND,CHZ,DASH,HBAR","TON,SUI,ICP,MKR,RENDER,RNDR,ARB,OP,MATIC,POL,APT,SEI,EOS,MANA","CHZ,DASH,HBAR",1440,336,0.8,336,1.5,0.0,10.0,8760.0,2.9887131324978986,0.2674634621347445,0.5616237319391436,0.4762324790144841,-0.5139436443167347,0.005026206680747868,129,50796.0,0.4975982360815812
crypto,BTC,priority_with_coverage_fallback,30,30,"ETH,SOL,XRP,BNB,TRX,ADA,AVAX,DOT,NEAR,ATOM,ALGO,DOGE,BCH,LTC,XLM,ETC,LINK,UNI,AAVE,INJ,FIL,VET,FET,GRT,THETA,XTZ,SAND,CHZ,DASH,HBAR","TON,SUI,ICP,MKR,RENDER,RNDR,ARB,OP,MATIC,POL,APT,SEI,EOS,MANA","CHZ,DASH,HBAR",1440,336,0.8,336,1.5,0.25,10.0,8760.0,1.635934380766673,0.1806333752937621,0.4510282154092033,0.40049240628965815,-0.4649474572348219,0.00827270593757334,394,193.1584699453552,0.49561502772434085
crypto,BTC,priority_with_coverage_fallback,30,30,"ETH,SOL,XRP,BNB,TRX,ADA,AVAX,DOT,NEAR,ATOM,ALGO,DOGE,BCH,LTC,XLM,ETC,LINK,UNI,AAVE,INJ,FIL,VET,FET,GRT,THETA,XTZ,SAND,CHZ,DASH,HBAR","TON,SUI,ICP,MKR,RENDER,RNDR,ARB,OP,MATIC,POL,APT,SEI,EOS,MANA","CHZ,DASH,HBAR",1440,336,0.8,336,1.5,0.5,10.0,8760.0,0.7737883790425515,0.10316932539618184,0.42788911055858486,0.24111229486887423,-0.48316424897079113,0.009367910506140968,462,140.02690582959642,0.4958688272593352
crypto,BTC,priority_with_coverage_fallback,30,30,"ETH,SOL,XRP,BNB,TRX,ADA,AVAX,DOT,NEAR,ATOM,ALGO,DOGE,BCH,LTC,XLM,ETC,LINK,UNI,AAVE,INJ,FIL,VET,FET,GRT,THETA,XTZ,SAND,CHZ,DASH,HBAR","TON,SUI,ICP,MKR,RENDER,RNDR,ARB,OP,MATIC,POL,APT,SEI,EOS,MANA","CHZ,DASH,HBAR",1440,336,0.8,336,1.5,0.75,10.0,8760.0,0.4400354550867933,0.06446821448329554,0.4109192846944607,0.15688778036112597,-0.5083126977239681,0.010971602910114996,550,100.3,0.4949964920054651
crypto,BTC,priority_with_coverage_fallback,30,30,"ETH,SOL,XRP,BNB,TRX,ADA,AVAX,DOT,NEAR,ATOM,ALGO,DOGE,BCH,LTC,XLM,ETC,LINK,UNI,AAVE,INJ,FIL,VET,FET,GRT,THETA,XTZ,SAND,CHZ,DASH,HBAR","TON,SUI,ICP,MKR,RENDER,RNDR,ARB,OP,MATIC,POL,APT,SEI,EOS,MANA","CHZ,DASH,HBAR",1440,336,0.8,336,1.5,1.0,10.0,8760.0,0.15879109202500286,0.02557032092940359,0.38056659527738895,0.06719013504263502,-0.47560891014980033,0.013474927638269577,680,68.04761904761905,0.4947515745276417
crypto,BTC,priority_with_coverage_fallback,30,30,"ETH,SOL,XRP,BNB,TRX,ADA,AVAX,DOT,NEAR,ATOM,ALGO,DOGE,BCH,LTC,XLM,ETC,LINK,UNI,AAVE,INJ,FIL,VET,FET,GRT,THETA,XTZ,SAND,CHZ,DASH,HBAR","TON,SUI,ICP,MKR,RENDER,RNDR,ARB,OP,MATIC,POL,APT,SEI,EOS,MANA","CHZ,DASH,HBAR",1440,336,0.8,336,2.0,0.0,10.0,8760.0,6.457759450365473,0.4109005032879989,0.5615721251175426,0.7316967579222229,-0.46866248385702636,0.003970116561057654,102,50795.0,0.49810020671325916
crypto,BTC,priority_with_coverage_fallback,30,30,"ETH,SOL,XRP,BNB,TRX,ADA,AVAX,DOT,NEAR,ATOM,ALGO,DOGE,BCH,LTC,XLM,ETC,LINK,UNI,AAVE,INJ,FIL,VET,FET,GRT,THETA,XTZ,SAND,CHZ,DASH,HBAR","TON,SUI,ICP,MKR,RENDER,RNDR,ARB,OP,MATIC,POL,APT,SEI,EOS,MANA","CHZ,DASH,HBAR",1440,336,0.8,336,2.0,0.25,10.0,8760.0,0.41736039783057244,0.06157772893418301,0.42015095834269817,0.14656096270035598,-0.5050692059008759,0.0062583118203864505,304,216.19444444444446,0.49653090068097133
crypto,BTC,priority_with_coverage_fallback,30,30,"ETH,SOL,XRP,BNB,TRX,ADA,AVAX,DOT,NEAR,ATOM,ALGO,DOGE,BCH,LTC,XLM,ETC,LINK,UNI,AAVE,INJ,FIL,VET,FET,GRT,THETA,XTZ,SAND,CHZ,DASH,HBAR","TON,SUI,ICP,MKR,RENDER,RNDR,ARB,OP,MATIC,POL,APT,SEI,EOS,MANA","CHZ,DASH,HBAR",1440,336,0.8,336,2.0,0.5,10.0,8760.0,0.5382124992667345,0.07656406487939504,0.39471360243908776,0.19397371766839583,-0.5150670992904633,0.006884143002425095,344,159.00595238095238,0.49679931119679555
crypto,BTC,priority_with_coverage_fallback,30,30,"ETH,SOL,XRP,BNB,TRX,ADA,AVAX,DOT,NEAR,ATOM,ALGO,DOGE,BCH,LTC,XLM,ETC,LINK,UNI,AAVE,INJ,FIL,VET,FET,GRT,THETA,XTZ,SAND,CHZ,DASH,HBAR","TON,SUI,ICP,MKR,RENDER,RNDR,ARB,OP,MATIC,POL,APT,SEI,EOS,MANA","CHZ,DASH,HBAR",1440,336,0.8,336,2.0,0.75,10.0,8760.0,0.4080850577780675,0.06038430879285506,0.3743957240712709,0.16128471804170538,-0.5118776266082388,0.00743174528670891,376,121.13978494623656,0.4963163500798864
crypto,BTC,priority_with_coverage_fallback,30,30,"ETH,SOL,XRP,BNB,TRX,ADA,AVAX,DOT,NEAR,ATOM,ALGO,DOGE,BCH,LTC,XLM,ETC,LINK,UNI,AAVE,INJ,FIL,VET,FET,GRT,THETA,XTZ,SAND,CHZ,DASH,HBAR","TON,SUI,ICP,MKR,RENDER,RNDR,ARB,OP,MATIC,POL,APT,SEI,EOS,MANA","CHZ,DASH,HBAR",1440,336,0.8,336,2.0,1.0,10.0,8760.0,0.0006632401833406298,0.00011359594832627273,0.33710151199271715,0.0003369784598555194,-0.5584290810021377,0.008174919815379801,416,90.79710144927536,0.4950784783187018
crypto,BTC,priority_with_coverage_fallback,30,30,"ETH,SOL,XRP,BNB,TRX,ADA,AVAX,DOT,NEAR,ATOM,ALGO,DOGE,BCH,LTC,XLM,ETC,LINK,UNI,AAVE,INJ,FIL,VET,FET,GRT,THETA,XTZ,SAND,CHZ,DASH,HBAR","TON,SUI,ICP,MKR,RENDER,RNDR,ARB,OP,MATIC,POL,APT,SEI,EOS,MANA","CHZ,DASH,HBAR",1440,336,0.8,336,2.5,0.0,10.0,8760.0,8.95695242587308,0.48251912294912347,0.5606207657764336,0.8606872103298867,-0.47445610847247044,0.0031095986857545177,80,50769.0,0.4969765014083397
crypto,BTC,priority_with_coverage_fallback,30,30,"ETH,SOL,XRP,BNB,TRX,ADA,AVAX,DOT,NEAR,ATOM,ALGO,DOGE,BCH,LTC,XLM,ETC,LINK,UNI,AAVE,INJ,FIL,VET,FET,GRT,THETA,XTZ,SAND,CHZ,DASH,HBAR","TON,SUI,ICP,MKR,RENDER,RNDR,ARB,OP,MATIC,POL,APT,SEI,EOS,MANA","CHZ,DASH,HBAR",1440,336,0.8,336,2.5,0.25,10.0,8760.0,0.21210758525274387,0.03350452041658669,0.3883263467932892,0.08627928723677755,-0.5952313093028574,0.0047719627630446685,235,228.99115044247787,0.49509197712165715
crypto,BTC,priority_with_coverage_fallback,30,30,"ETH,SOL,XRP,BNB,TRX,ADA,AVAX,DOT,NEAR,ATOM,ALGO,DOGE,BCH,LTC,XLM,ETC,LINK,UNI,AAVE,INJ,FIL,VET,FET,GRT,THETA,XTZ,SAND,CHZ,DASH,HBAR","TON,SUI,ICP,MKR,RENDER,RNDR,ARB,OP,MATIC,POL,APT,SEI,EOS,MANA","CHZ,DASH,HBAR",1440,336,0.8,336,2.5,0.5,10.0,8760.0,0.3550512963506691,0.053432775370330754,0.361912130036195,0.14764018924976877,-0.6160502431893737,0.005006649456309161,252,171.79032258064515,0.4957281006478265
crypto,BTC,priority_with_coverage_fallback,30,30,"ETH,SOL,XRP,BNB,TRX,ADA,AVAX,DOT,NEAR,ATOM,ALGO,DOGE,BCH,LTC,XLM,ETC,LINK,UNI,AAVE,INJ,FIL,VET,FET,GRT,THETA,XTZ,SAND,CHZ,DASH,HBAR","TON,SUI,ICP,MKR,RENDER,RNDR,ARB,OP,MATIC,POL,APT,SEI,EOS,MANA","CHZ,DASH,HBAR",1440,336,0.8,336,2.5,0.75,10.0,8760.0,0.5800981089416357,0.08153059002144802,0.3421042177896796,0.238320914451782,-0.5482618338907801,0.005280450598451068,268,131.85714285714286,0.4958658835604721
crypto,BTC,priority_with_coverage_fallback,30,30,"ETH,SOL,XRP,BNB,TRX,ADA,AVAX,DOT,NEAR,ATOM,ALGO,DOGE,BCH,LTC,XLM,ETC,LINK,UNI,AAVE,INJ,FIL,VET,FET,GRT,THETA,XTZ,SAND,CHZ,DASH,HBAR","TON,SUI,ICP,MKR,RENDER,RNDR,ARB,OP,MATIC,POL,APT,SEI,EOS,MANA","CHZ,DASH,HBAR",1440,336,0.8,336,2.5,1.0,10.0,8760.0,0.038425862113840026,0.006480745421846068,0.29916303311411846,0.021662921900427214,-0.5372953946613721,0.005476022842838144,280,100.31428571428572,0.49401879806322985
crypto,BTC,priority_with_coverage_fallback,30,30,"ETH,SOL,XRP,BNB,TRX,ADA,AVAX,DOT,NEAR,ATOM,ALGO,DOGE,BCH,LTC,XLM,ETC,LINK,UNI,AAVE,INJ,FIL,VET,FET,GRT,THETA,XTZ,SAND,CHZ,DASH,HBAR","TON,SUI,ICP,MKR,RENDER,RNDR,ARB,OP,MATIC,POL,APT,SEI,EOS,MANA","CHZ,DASH,HBAR",1440,336,0.8,336,3.0,0.0,10.0,8760.0,4.140023147788237,0.32374231242896334,0.5578971504189666,0.5802903137000092,-0.3870476882086432,0.0020926230149417194,54,49780.0,0.5006428284451587
crypto,BTC,priority_with_coverage_fallback,30,30,"ETH,SOL,XRP,BNB,TRX,ADA,AVAX,DOT,NEAR,ATOM,ALGO,DOGE,BCH,LTC,XLM,ETC,LINK,UNI,AAVE,INJ,FIL,VET,FET,GRT,THETA,XTZ,SAND,CHZ,DASH,HBAR","TON,SUI,ICP,MKR,RENDER,RNDR,ARB,OP,MATIC,POL,APT,SEI,EOS,MANA","CHZ,DASH,HBAR",1440,336,0.8,336,3.0,0.25,10.0,8760.0,-0.4200598855141271,-0.0891172094871785,0.32373867424464386,-0.2752751418875402,-0.6007860473509239,0.0030509270124383947,152,258.44594594594594,0.4920261437908497
crypto,BTC,priority_with_coverage_fallback,30,30,"ETH,SOL,XRP,BNB,TRX,ADA,AVAX,DOT,NEAR,ATOM,ALGO,DOGE,BCH,LTC,XLM,ETC,LINK,UNI,AAVE,INJ,FIL,VET,FET,GRT,THETA,XTZ,SAND,CHZ,DASH,HBAR","TON,SUI,ICP,MKR,RENDER,RNDR,ARB,OP,MATIC,POL,APT,SEI,EOS,MANA","CHZ,DASH,HBAR",1440,336,0.8,336,3.0,0.5,10.0,8760.0,-0.5059141559598455,-0.11377941143466919,0.2930138034183898,-0.3883073428872064,-0.6632820519017165,0.0030509270124383947,154,199.51315789473685,0.49231682384752357
crypto,BTC,priority_with_coverage_fallback,30,30,"ETH,SOL,XRP,BNB,TRX,ADA,AVAX,DOT,NEAR,ATOM,ALGO,DOGE,BCH,LTC,XLM,ETC,LINK,UNI,AAVE,INJ,FIL,VET,FET,GRT,THETA,XTZ,SAND,CHZ,DASH,HBAR","TON,SUI,ICP,MKR,RENDER,RNDR,ARB,OP,MATIC,POL,APT,SEI,EOS,MANA","CHZ,DASH,HBAR",1440,336,0.8,336,3.0,0.75,10.0,8760.0,-0.5078141724131425,-0.11436420309159567,0.2733153648066592,-0.4184331282381284,-0.6618433137555972,0.00309004146131581,157,160.52564102564102,0.4908553629901765
crypto,BTC,priority_with_coverage_fallback,30,30,"ETH,SOL,XRP,BNB,TRX,ADA,AVAX,DOT,NEAR,ATOM,ALGO,DOGE,BCH,LTC,XLM,ETC,LINK,UNI,AAVE,INJ,FIL,VET,FET,GRT,THETA,XTZ,SAND,CHZ,DASH,HBAR","TON,SUI,ICP,MKR,RENDER,RNDR,ARB,OP,MATIC,POL,APT,SEI,EOS,MANA","CHZ,DASH,HBAR",1440,336,0.8,336,3.0,1.0,10.0,8760.0,-0.5752966518004059,-0.1364586043504874,0.2273780346985808,-0.6001397827691713,-0.6606201703089163,0.0031682703590706408,162,123.80246913580247,0.48873155165536497
crypto,ETH,priority_with_coverage_fallback,30,30,"BTC,SOL,XRP,BNB,TRX,ADA,AVAX,DOT,NEAR,ATOM,ALGO,DOGE,BCH,LTC,XLM,ETC,LINK,UNI,AAVE,INJ,FIL,VET,FET,GRT,THETA,XTZ,SAND,CHZ,DASH,HBAR","TON,SUI,ICP,MKR,RENDER,RNDR,ARB,OP,MATIC,POL,APT,SEI,EOS,MANA","CHZ,DASH,HBAR",1440,24,0.8,336,1.0,0.0,10.0,8760.0,11.6379619617699,0.5443322043918879,0.5251365390685403,1.0365536653712877,-0.4508073132787396,0.0076859892044121095,197,50688.0,0.5022095959595959
crypto,ETH,priority_with_coverage_fallback,30,30,"BTC,SOL,XRP,BNB,TRX,ADA,AVAX,DOT,NEAR,ATOM,ALGO,DOGE,BCH,LTC,XLM,ETC,LINK,UNI,AAVE,INJ,FIL,VET,FET,GRT,THETA,XTZ,SAND,CHZ,DASH,HBAR","TON,SUI,ICP,MKR,RENDER,RNDR,ARB,OP,MATIC,POL,APT,SEI,EOS,MANA","CHZ,DASH,HBAR",1440,24,0.8,336,1.0,0.25,10.0,8760.0,5.0589214476016355,0.36157313176622097,0.4611228570684732,0.7841145287502634,-0.40197325700626974,0.013748728780411484,684,110.83483483483484,0.5008128319063617
crypto,ETH,priority_with_coverage_fallback,30,30,"BTC,SOL,XRP,BNB,TRX,ADA,AVAX,DOT,NEAR,ATOM,ALGO,DOGE,BCH,LTC,XLM,ETC,LINK,UNI,AAVE,INJ,FIL,VET,FET,GRT,THETA,XTZ,SAND,CHZ,DASH,HBAR","TON,SUI,ICP,MKR,RENDER,RNDR,ARB,OP,MATIC,POL,APT,SEI,EOS,MANA","CHZ,DASH,HBAR",1440,24,0.8,336,1.0,0.5,10.0,8760.0,3.5846103352796685,0.2980612415869959,0.44006073000071494,0.677318427360041,-0.4438310514485442,0.018090432605804584,917,73.8923076923077,0.50168049730823
crypto,ETH,priority_with_coverage_fallback,30,30,"BTC,SOL,XRP,BNB,TRX,ADA,AVAX,DOT,NEAR,ATOM,ALGO,DOGE,BCH,LTC,XLM,ETC,LINK,UNI,AAVE,INJ,FIL,VET,FET,GRT,THETA,XTZ,SAND,CHZ,DASH,HBAR","TON,SUI,ICP,MKR,RENDER,RNDR,ARB,OP,MATIC,POL,APT,SEI,EOS,MANA","CHZ,DASH,HBAR",1440,24,0.8,336,1.0,0.75,10.0,8760.0,1.051944222337394,0.13104687383350488,0.4217412666393501,0.31072812693373203,-0.4863405149512313,0.025952436830165064,1323,45.57424242424243,0.5001828518235314
crypto,ETH,priority_with_coverage_fallback,30,30,"BTC,SOL,XRP,BNB,TRX,ADA,AVAX,DOT,NEAR,ATOM,ALGO,DOGE,BCH,LTC,XLM,ETC,LINK,UNI,AAVE,INJ,FIL,VET,FET,GRT,THETA,XTZ,SAND,CHZ,DASH,HBAR","TON,SUI,ICP,MKR,RENDER,RNDR,ARB,OP,MATIC,POL,APT,SEI,EOS,MANA","CHZ,DASH,HBAR",1440,24,0.8,336,1.5,0.0,10.0,8760.0,9.576066589809418,0.4979197097645658,0.5244871257674726,0.949345913945874,-0.4276222302463869,0.005612923413909098,144,50510.0,0.5020194020985943
crypto,ETH,priority_with_coverage_fallback,30,30,"BTC,SOL,XRP,BNB,TRX,ADA,AVAX,DOT,NEAR,ATOM,ALGO,DOGE,BCH,LTC,XLM,ETC,LINK,UNI,AAVE,INJ,FIL,VET,FET,GRT,THETA,XTZ,SAND,CHZ,DASH,HBAR","TON,SUI,ICP,MKR,RENDER,RNDR,ARB,OP,MATIC,POL,APT,SEI,EOS,MANA","CHZ,DASH,HBAR",1440,24,0.8,336,1.5,0.25,10.0,8760.0,5.7589574517700015,0.38731812299333956,0.4342660354719922,0.8918913554277248,-0.339088386561342,0.009759054994915122,488,130.5899581589958,0.5027073788087533
crypto,ETH,priority_with_coverage_fallback,30,30,"BTC,SOL,XRP,BNB,TRX,ADA,AVAX,DOT,NEAR,ATOM,ALGO,DOGE,BCH,LTC,XLM,ETC,LINK,UNI,AAVE,INJ,FIL,VET,FET,GRT,THETA,XTZ,SAND,CHZ,DASH,HBAR","TON,SUI,ICP,MKR,RENDER,RNDR,ARB,OP,MATIC,POL,APT,SEI,EOS,MANA","CHZ,DASH,HBAR",1440,24,0.8,336,1.5,0.5,10.0,8760.0,3.1116931509354737,0.2740744759649103,0.4113312402332828,0.6663108686067011,-0.408674436701008,0.011128060705624658,565,97.88612099644128,0.5033447247873192
crypto,ETH,priority_with_coverage_fallback,30,30,"BTC,SOL,XRP,BNB,TRX,ADA,AVAX,DOT,NEAR,ATOM,ALGO,DOGE,BCH,LTC,XLM,ETC,LINK,UNI,AAVE,INJ,FIL,VET,FET,GRT,THETA,XTZ,SAND,CHZ,DASH,HBAR","TON,SUI,ICP,MKR,RENDER,RNDR,ARB,OP,MATIC,POL,APT,SEI,EOS,MANA","CHZ,DASH,HBAR",1440,24,0.8,336,1.5,0.75,10.0,8760.0,0.9598847202100145,0.12218719747337214,0.3928280602917319,0.31104498335131764,-0.4123914299343916,0.01253618086521161,638,75.90566037735849,0.5005799983428619
crypto,ETH,priority_with_coverage_fallback,30,30,"BTC,SOL,XRP,BNB,TRX,ADA,AVAX,DOT,NEAR,ATOM,ALGO,DOGE,BCH,LTC,XLM,ETC,LINK,UNI,AAVE,INJ,FIL,VET,FET,GRT,THETA,XTZ,SAND,CHZ,DASH,HBAR","TON,SUI,ICP,MKR,RENDER,RNDR,ARB,OP,MATIC,POL,APT,SEI,EOS,MANA","CHZ,DASH,HBAR",1440,24,0.8,336,1.5,1.0,10.0,8760.0,0.3293230228258994,0.049978825197484866,0.3734866020148207,0.1338169158622231,-0.47279960891550055,0.015352421184385512,782,53.40512820512821,0.49889571730362975
crypto,ETH,priority_with_coverage_fallback,30,30,"BTC,SOL,XRP,BNB,TRX,ADA,AVAX,DOT,NEAR,ATOM,ALGO,DOGE,BCH,LTC,XLM,ETC,LINK,UNI,AAVE,INJ,FIL,VET,FET,GRT,THETA,XTZ,SAND,CHZ,DASH,HBAR","TON,SUI,ICP,MKR,RENDER,RNDR,ARB,OP,MATIC,POL,APT,SEI,EOS,MANA","CHZ,DASH,HBAR",1440,24,0.8,336,2.0,0.0,10.0,8760.0,7.486040981432636,0.4424705538569187,0.5243778713173487,0.8438009650280218,-0.46975714044063976,0.0038918876633028242,100,50505.0,0.5021285021285021
crypto,ETH,priority_with_coverage_fallback,30,30,"BTC,SOL,XRP,BNB,TRX,ADA,AVAX,DOT,NEAR,ATOM,ALGO,DOGE,BCH,LTC,XLM,ETC,LINK,UNI,AAVE,INJ,FIL,VET,FET,GRT,THETA,XTZ,SAND,CHZ,DASH,HBAR","TON,SUI,ICP,MKR,RENDER,RNDR,ARB,OP,MATIC,POL,APT,SEI,EOS,MANA","CHZ,DASH,HBAR",1440,24,0.8,336,2.0,0.25,10.0,8760.0,3.873142293396053,0.3117054963752377,0.4090312614580238,0.7620578810141287,-0.3747719539833697,0.006786356880231557,339,151.3975903614458,0.5030638230144835
crypto,ETH,priority_with_coverage_fallback,30,30,"BTC,SOL,XRP,BNB,TRX,ADA,AVAX,DOT,NEAR,ATOM,ALGO,DOGE,BCH,LTC,XLM,ETC,LINK,UNI,AAVE,INJ,FIL,VET,FET,GRT,THETA,XTZ,SAND,CHZ,DASH,HBAR","TON,SUI,ICP,MKR,RENDER,RNDR,ARB,OP,MATIC,POL,APT,SEI,EOS,MANA","CHZ,DASH,HBAR",1440,24,0.8,336,2.0,0.5,10.0,8760.0,2.1033724144155563,0.21412000634297312,0.3870739415288061,0.553175978463635,-0.41684811773197317,0.007412188062270203,376,117.17647058823529,0.5041529755385177
crypto,ETH,priority_with_coverage_fallback,30,30,"BTC,SOL,XRP,BNB,TRX,ADA,AVAX,DOT,NEAR,ATOM,ALGO,DOGE,BCH,LTC,XLM,ETC,LINK,UNI,AAVE,INJ,FIL,VET,FET,GRT,THETA,XTZ,SAND,CHZ,DASH,HBAR","TON,SUI,ICP,MKR,RENDER,RNDR,ARB,OP,MATIC,POL,APT,SEI,EOS,MANA","CHZ,DASH,HBAR",1440,24,0.8,336,2.0,0.75,10.0,8760.0,0.9727213727323567,0.12344300303183564,0.3688392633169207,0.33467967027623285,-0.4180076034868011,0.008038019244308848,408,93.4384236453202,0.5024778574441164
crypto,ETH,priority_with_coverage_fallback,30,30,"BTC,SOL,XRP,BNB,TRX,ADA,AVAX,DOT,NEAR,ATOM,ALGO,DOGE,BCH,LTC,XLM,ETC,LINK,UNI,AAVE,INJ,FIL,VET,FET,GRT,THETA,XTZ,SAND,CHZ,DASH,HBAR","TON,SUI,ICP,MKR,RENDER,RNDR,ARB,OP,MATIC,POL,APT,SEI,EOS,MANA","CHZ,DASH,HBAR",1440,24,0.8,336,2.0,1.0,10.0,8760.0,0.6856209110349347,0.09357556935460876,0.34327570327669804,0.2725959584712641,-0.4158942027458208,0.009054994915121645,461,69.79565217391304,0.5028343611785959
crypto,ETH,priority_with_coverage_fallback,30,30,"BTC,SOL,XRP,BNB,TRX,ADA,AVAX,DOT,NEAR,ATOM,ALGO,DOGE,BCH,LTC,XLM,ETC,LINK,UNI,AAVE,INJ,FIL,VET,FET,GRT,THETA,XTZ,SAND,CHZ,DASH,HBAR","TON,SUI,ICP,MKR,RENDER,RNDR,ARB,OP,MATIC,POL,APT,SEI,EOS,MANA","CHZ,DASH,HBAR",1440,24,0.8,336,2.5,0.0,10.0,8760.0,48.639558786406496,0.9522319628967366,0.5238864009818412,1.8176306182258442,-0.42461924817387786,0.003070484236877102,79,50263.0,0.503193203748284
crypto,ETH,priority_with_coverage_fallback,30,30,"BTC,SOL,XRP,BNB,TRX,ADA,AVAX,DOT,NEAR,ATOM,ALGO,DOGE,BCH,LTC,XLM,ETC,LINK,UNI,AAVE,INJ,FIL,VET,FET,GRT,THETA,XTZ,SAND,CHZ,DASH,HBAR","TON,SUI,ICP,MKR,RENDER,RNDR,ARB,OP,MATIC,POL,APT,SEI,EOS,MANA","CHZ,DASH,HBAR",1440,24,0.8,336,2.5,0.25,10.0,8760.0,7.558019113383356,0.44455933349968313,0.3816624705327936,1.164797085967312,-0.27920515940781065,0.005084878354063991,254,161.58870967741936,0.5044667365374058
crypto,ETH,priority_with_coverage_fallback,30,30,"BTC,SOL,XRP,BNB,TRX,ADA,AVAX,DOT,NEAR,ATOM,ALGO,DOGE,BCH,LTC,XLM,ETC,LINK,UNI,AAVE,INJ,FIL,VET,FET,GRT,THETA,XTZ,SAND,CHZ,DASH,HBAR","TON,SUI,ICP,MKR,RENDER,RNDR,ARB,OP,MATIC,POL,APT,SEI,EOS,MANA","CHZ,DASH,HBAR",1440,24,0.8,336,2.5,0.5,10.0,8760.0,5.050812428029189,0.36126076394614004,0.3563332869860849,1.0138282813871597,-0.3210256522624163,0.005397793945083313,273,121.91111111111111,0.5067444403937295
crypto,ETH,priority_with_coverage_fallback,30,30,"BTC,SOL,XRP,BNB,TRX,ADA,AVAX,DOT,NEAR,ATOM,ALGO,DOGE,BCH,LTC,XLM,ETC,LINK,UNI,AAVE,INJ,FIL,VET,FET,GRT,THETA,XTZ,SAND,CHZ,DASH,HBAR","TON,SUI,ICP,MKR,RENDER,RNDR,ARB,OP,MATIC,POL,APT,SEI,EOS,MANA","CHZ,DASH,HBAR",1440,24,0.8,336,2.5,0.75,10.0,8760.0,4.083553863044686,0.321239388221205,0.33305816405603156,0.9645143788373306,-0.28023339968075733,0.005671595087225221,287,97.64084507042253,0.5077533357374684
crypto,ETH,priority_with_coverage_fallback,30,30,"BTC,SOL,XRP,BNB,TRX,ADA,AVAX,DOT,NEAR,ATOM,ALGO,DOGE,BCH,LTC,XLM,ETC,LINK,UNI,AAVE,INJ,FIL,VET,FET,GRT,THETA,XTZ,SAND,CHZ,DASH,HBAR","TON,SUI,ICP,MKR,RENDER,RNDR,ARB,OP,MATIC,POL,APT,SEI,EOS,MANA","CHZ,DASH,HBAR",1440,24,0.8,336,2.5,1.0,10.0,8760.0,1.5942573317327473,0.17741414419783985,0.31034674678203805,0.571664262755881,-0.34145323429742025,0.005906281780489713,300,79.1006711409396,0.5052604785338537
crypto,ETH,priority_with_coverage_fallback,30,30,"BTC,SOL,XRP,BNB,TRX,ADA,AVAX,DOT,NEAR,ATOM,ALGO,DOGE,BCH,LTC,XLM,ETC,LINK,UNI,AAVE,INJ,FIL,VET,FET,GRT,THETA,XTZ,SAND,CHZ,DASH,HBAR","TON,SUI,ICP,MKR,RENDER,RNDR,ARB,OP,MATIC,POL,APT,SEI,EOS,MANA","CHZ,DASH,HBAR",1440,24,0.8,336,3.0,0.0,10.0,8760.0,45.930447144931335,0.9335516047062997,0.5238054907690968,1.7822486040296714,-0.3434692722143621,0.0019361652194320581,50,50260.0,0.5049144448865898
crypto,ETH,priority_with_coverage_fallback,30,30,"BTC,SOL,XRP,BNB,TRX,ADA,AVAX,DOT,NEAR,ATOM,ALGO,DOGE,BCH,LTC,XLM,ETC,LINK,UNI,AAVE,INJ,FIL,VET,FET,GRT,THETA,XTZ,SAND,CHZ,DASH,HBAR","TON,SUI,ICP,MKR,RENDER,RNDR,ARB,OP,MATIC,POL,APT,SEI,EOS,MANA","CHZ,DASH,HBAR",1440,24,0.8,336,3.0,0.25,10.0,8760.0,9.607515038675832,0.49868185980539437,0.33175965171406974,1.5031419801320147,-0.22968389377398746,0.0036376437455996244,183,155.64444444444445,0.5083523700742433
crypto,ETH,priority_with_coverage_fallback,30,30,"BTC,SOL,XRP,BNB,TRX,ADA,AVAX,DOT,NEAR,ATOM,ALGO,DOGE,BCH,LTC,XLM,ETC,LINK,UNI,AAVE,INJ,FIL,VET,FET,GRT,THETA,XTZ,SAND,CHZ,DASH,HBAR","TON,SUI,ICP,MKR,RENDER,RNDR,ARB,OP,MATIC,POL,APT,SEI,EOS,MANA","CHZ,DASH,HBAR",1440,24,0.8,336,3.0,0.5,10.0,8760.0,6.133925834091126,0.40021056913614195,0.30612741628237816,1.3073333123714068,-0.24595933997500152,0.003715872643354455,188,117.26881720430107,0.5114615807812214
crypto,ETH,priority_with_coverage_fallback,30,30,"BTC,SOL,XRP,BNB,TRX,ADA,AVAX,DOT,NEAR,ATOM,ALGO,DOGE,BCH,LTC,XLM,ETC,LINK,UNI,AAVE,INJ,FIL,VET,FET,GRT,THETA,XTZ,SAND,CHZ,DASH,HBAR","TON,SUI,ICP,MKR,RENDER,RNDR,ARB,OP,MATIC,POL,APT,SEI,EOS,MANA","CHZ,DASH,HBAR",1440,24,0.8,336,3.0,0.75,10.0,8760.0,4.410343944812939,0.33541739357631317,0.28416013338882534,1.1803816023599303,-0.20078070626674216,0.0037549870922318706,190,97.26595744680851,0.5118670020780925
crypto,ETH,priority_with_coverage_fallback,30,30,"BTC,SOL,XRP,BNB,TRX,ADA,AVAX,DOT,NEAR,ATOM,ALGO,DOGE,BCH,LTC,XLM,ETC,LINK,UNI,AAVE,INJ,FIL,VET,FET,GRT,THETA,XTZ,SAND,CHZ,DASH,HBAR","TON,SUI,ICP,MKR,RENDER,RNDR,ARB,OP,MATIC,POL,APT,SEI,EOS,MANA","CHZ,DASH,HBAR",1440,24,0.8,336,3.0,1.0,10.0,8760.0,2.2619745024464084,0.2245320323746114,0.2608439568763908,0.860790623878678,-0.2760709626998682,0.0037941015411092857,193,78.875,0.5096407818277866
crypto,ETH,priority_with_coverage_fallback,30,30,"BTC,SOL,XRP,BNB,TRX,ADA,AVAX,DOT,NEAR,ATOM,ALGO,DOGE,BCH,LTC,XLM,ETC,LINK,UNI,AAVE,INJ,FIL,VET,FET,GRT,THETA,XTZ,SAND,CHZ,DASH,HBAR","TON,SUI,ICP,MKR,RENDER,RNDR,ARB,OP,MATIC,POL,APT,SEI,EOS,MANA","CHZ,DASH,HBAR",1440,72,0.8,336,1.0,0.0,10.0,8760.0,8.42076256970296,0.468526122594614,0.5727480925369358,0.8180317467655283,-0.4699029377603653,0.007216615817883126,185,50688.0,0.4996843434343434
crypto,ETH,priority_with_coverage_fallback,30,30,"BTC,SOL,XRP,BNB,TRX,ADA,AVAX,DOT,NEAR,ATOM,ALGO,DOGE,BCH,LTC,XLM,ETC,LINK,UNI,AAVE,INJ,FIL,VET,FET,GRT,THETA,XTZ,SAND,CHZ,DASH,HBAR","TON,SUI,ICP,MKR,RENDER,RNDR,ARB,OP,MATIC,POL,APT,SEI,EOS,MANA","CHZ,DASH,HBAR",1440,72,0.8,336,1.0,0.25,10.0,8760.0,3.8961536211968557,0.3127645846161564,0.5136231326467043,0.6089378860420049,-0.44191553453778587,0.012888210905108347,636,120.69055374592834,0.4973280794558998
crypto,ETH,priority_with_coverage_fallback,30,30,"BTC,SOL,XRP,BNB,TRX,ADA,AVAX,DOT,NEAR,ATOM,ALGO,DOGE,BCH,LTC,XLM,ETC,LINK,UNI,AAVE,INJ,FIL,VET,FET,GRT,THETA,XTZ,SAND,CHZ,DASH,HBAR","TON,SUI,ICP,MKR,RENDER,RNDR,ARB,OP,MATIC,POL,APT,SEI,EOS,MANA","CHZ,DASH,HBAR",1440,72,0.8,336,1.0,0.5,10.0,8760.0,1.5863710566928297,0.17680017423232486,0.4917426075172811,0.35953804191374983,-0.47580353940992226,0.016408511304075727,830,81.79318734793188,0.49721866912574
crypto,ETH,priority_with_coverage_fallback,30,30,"BTC,SOL,XRP,BNB,TRX,ADA,AVAX,DOT,NEAR,ATOM,ALGO,DOGE,BCH,LTC,XLM,ETC,LINK,UNI,AAVE,INJ,FIL,VET,FET,GRT,THETA,XTZ,SAND,CHZ,DASH,HBAR","TON,SUI,ICP,MKR,RENDER,RNDR,ARB,OP,MATIC,POL,APT,SEI,EOS,MANA","CHZ,DASH,HBAR",1440,72,0.8,336,1.0,0.75,10.0,8760.0,0.5247915955478928,0.07494899174512404,0.46328276399113955,0.16177807069584282,-0.5545815468261781,0.02364468434639756,1204,50.36666666666667,0.4969887491727333
crypto,ETH,priority_with_coverage_fallback,30,30,"BTC,SOL,XRP,BNB,TRX,ADA,AVAX,DOT,NEAR,ATOM,ALGO,DOGE,BCH,LTC,XLM,ETC,LINK,UNI,AAVE,INJ,FIL,VET,FET,GRT,THETA,XTZ,SAND,CHZ,DASH,HBAR","TON,SUI,ICP,MKR,RENDER,RNDR,ARB,OP,MATIC,POL,APT,SEI,EOS,MANA","CHZ,DASH,HBAR",1440,72,0.8,336,1.5,0.0,10.0,8760.0,8.801991748814595,0.47854057219599344,0.5726995969093838,0.8355874087889592,-0.45056978563673966,0.005417351169522021,139,50674.0,0.49863835497493786
crypto,ETH,priority_with_coverage_fallback,30,30,"BTC,SOL,XRP,BNB,TRX,ADA,AVAX,DOT,NEAR,ATOM,ALGO,DOGE,BCH,LTC,XLM,ETC,LINK,UNI,AAVE,INJ,FIL,VET,FET,GRT,THETA,XTZ,SAND,CHZ,DASH,HBAR","TON,SUI,ICP,MKR,RENDER,RNDR,ARB,OP,MATIC,POL,APT,SEI,EOS,MANA","CHZ,DASH,HBAR",1440,72,0.8,336,1.5,0.25,10.0,8760.0,3.1925013512088984,0.27832979392553225,0.48852476365740277,0.5697352818755407,-0.4770939128124356,0.008898537119611985,439,147.68867924528303,0.49731715106994573
crypto,ETH,priority_with_coverage_fallback,30,30,"BTC,SOL,XRP,BNB,TRX,ADA,AVAX,DOT,NEAR,ATOM,ALGO,DOGE,BCH,LTC,XLM,ETC,LINK,UNI,AAVE,INJ,FIL,VET,FET,GRT,THETA,XTZ,SAND,CHZ,DASH,HBAR","TON,SUI,ICP,MKR,RENDER,RNDR,ARB,OP,MATIC,POL,APT,SEI,EOS,MANA","CHZ,DASH,HBAR",1440,72,0.8,336,1.5,0.5,10.0,8760.0,2.413087876885947,0.234069191412422,0.4658732620408131,0.5024310482792126,-0.4459676901636742,0.010384886176953767,523,107.94961240310077,0.4978636314674518
crypto,ETH,priority_with_coverage_fallback,30,30,"BTC,SOL,XRP,BNB,TRX,ADA,AVAX,DOT,NEAR,ATOM,ALGO,DOGE,BCH,LTC,XLM,ETC,LINK,UNI,AAVE,INJ,FIL,VET,FET,GRT,THETA,XTZ,SAND,CHZ,DASH,HBAR","TON,SUI,ICP,MKR,RENDER,RNDR,ARB,OP,MATIC,POL,APT,SEI,EOS,MANA","CHZ,DASH,HBAR",1440,72,0.8,336,1.5,0.75,10.0,8760.0,0.8564333491780491,0.11180978968839672,0.4320562026977028,0.2587852899467035,-0.4856809694524463,0.011753891887663303,598,81.49664429530202,0.49662356913448075
crypto,ETH,priority_with_coverage_fallback,30,30,"BTC,SOL,XRP,BNB,TRX,ADA,AVAX,DOT,NEAR,ATOM,ALGO,DOGE,BCH,LTC,XLM,ETC,LINK,UNI,AAVE,INJ,FIL,VET,FET,GRT,THETA,XTZ,SAND,CHZ,DASH,HBAR","TON,SUI,ICP,MKR,RENDER,RNDR,ARB,OP,MATIC,POL,APT,SEI,EOS,MANA","CHZ,DASH,HBAR",1440,72,0.8,336,1.5,1.0,10.0,8760.0,-0.046440823295456624,-0.0081138803409474,0.4071328001398347,-0.019929321189942416,-0.599615063777426,0.014218102166940468,725,59.02209944751381,0.4948516334363007
crypto,ETH,priority_with_coverage_fallback,30,30,"BTC,SOL,XRP,BNB,TRX,ADA,AVAX,DOT,NEAR,ATOM,ALGO,DOGE,BCH,LTC,XLM,ETC,LINK,UNI,AAVE,INJ,FIL,VET,FET,GRT,THETA,XTZ,SAND,CHZ,DASH,HBAR","TON,SUI,ICP,MKR,RENDER,RNDR,ARB,OP,MATIC,POL,APT,SEI,EOS,MANA","CHZ,DASH,HBAR",1440,72,0.8,336,2.0,0.0,10.0,8760.0,5.109447820507901,0.36351169296702945,0.5720987667335214,0.6354002387429547,-0.3828742863011394,0.0037354298677931626,96,50503.0,0.49793081599112926
crypto,ETH,priority_with_coverage_fallback,30,30,"BTC,SOL,XRP,BNB,TRX,ADA,AVAX,DOT,NEAR,ATOM,ALGO,DOGE,BCH,LTC,XLM,ETC,LINK,UNI,AAVE,INJ,FIL,VET,FET,GRT,THETA,XTZ,SAND,CHZ,DASH,HBAR","TON,SUI,ICP,MKR,RENDER,RNDR,ARB,OP,MATIC,POL,APT,SEI,EOS,MANA","CHZ,DASH,HBAR",1440,72,0.8,336,2.0,0.25,10.0,8760.0,4.00900170890618,0.3178994358303491,0.4629700420574045,0.6866522819006335,-0.39441386231324693,0.00651255573808965,323,165.38853503184714,0.49807440499114225
crypto,ETH,priority_with_coverage_fallback,30,30,"BTC,SOL,XRP,BNB,TRX,ADA,AVAX,DOT,NEAR,ATOM,ALGO,DOGE,BCH,LTC,XLM,ETC,LINK,UNI,AAVE,INJ,FIL,VET,FET,GRT,THETA,XTZ,SAND,CHZ,DASH,HBAR","TON,SUI,ICP,MKR,RENDER,RNDR,ARB,OP,MATIC,POL,APT,SEI,EOS,MANA","CHZ,DASH,HBAR",1440,72,0.8,336,2.0,0.5,10.0,8760.0,2.7456751829720996,0.2538856052687124,0.43591374681322653,0.582421653652261,-0.4132363482069621,0.007177501369005711,363,123.29444444444445,0.4995719370972829
crypto,ETH,priority_with_coverage_fallback,30,30,"BTC,SOL,XRP,BNB,TRX,ADA,AVAX,DOT,NEAR,ATOM,ALGO,DOGE,BCH,LTC,XLM,ETC,LINK,UNI,AAVE,INJ,FIL,VET,FET,GRT,THETA,XTZ,SAND,CHZ,DASH,HBAR","TON,SUI,ICP,MKR,RENDER,RNDR,ARB,OP,MATIC,POL,APT,SEI,EOS,MANA","CHZ,DASH,HBAR",1440,72,0.8,336,2.0,0.75,10.0,8760.0,0.6980995257078688,0.09495830261488436,0.3901169249025593,0.2434098511327146,-0.4985050397584607,0.007607760306657279,388,99.77835051546391,0.4984243426150746
crypto,ETH,priority_with_coverage_fallback,30,30,"BTC,SOL,XRP,BNB,TRX,ADA,AVAX,DOT,NEAR,ATOM,ALGO,DOGE,BCH,LTC,XLM,ETC,LINK,UNI,AAVE,INJ,FIL,VET,FET,GRT,THETA,XTZ,SAND,CHZ,DASH,HBAR","TON,SUI,ICP,MKR,RENDER,RNDR,ARB,OP,MATIC,POL,APT,SEI,EOS,MANA","CHZ,DASH,HBAR",1440,72,0.8,336,2.0,1.0,10.0,8760.0,0.7084177884755063,0.09609530559114199,0.36098668467640743,0.2662018009813379,-0.4011815353765589,0.008585621528592663,438,75.31506849315069,0.49860555353461866
crypto,ETH,priority_with_coverage_fallback,30,30,"BTC,SOL,XRP,BNB,TRX,ADA,AVAX,DOT,NEAR,ATOM,ALGO,DOGE,BCH,LTC,XLM,ETC,LINK,UNI,AAVE,INJ,FIL,VET,FET,GRT,THETA,XTZ,SAND,CHZ,DASH,HBAR","TON,SUI,ICP,MKR,RENDER,RNDR,ARB,OP,MATIC,POL,APT,SEI,EOS,MANA","CHZ,DASH,HBAR",1440,72,0.8,336,2.5,0.0,10.0,8760.0,51.18283517436088,0.9690151129571141,0.57163234715889,1.6951719366010058,-0.45028770835984677,0.002914026441367441,75,50263.0,0.5002685872311641
crypto,ETH,priority_with_coverage_fallback,30,30,"BTC,SOL,XRP,BNB,TRX,ADA,AVAX,DOT,NEAR,ATOM,ALGO,DOGE,BCH,LTC,XLM,ETC,LINK,UNI,AAVE,INJ,FIL,VET,FET,GRT,THETA,XTZ,SAND,CHZ,DASH,HBAR","TON,SUI,ICP,MKR,RENDER,RNDR,ARB,OP,MATIC,POL,APT,SEI,EOS,MANA","CHZ,DASH,HBAR",1440,72,0.8,336,2.5,0.25,10.0,8760.0,6.579135524194959,0.41480821748100927,0.4240627444375159,0.9781765149664774,-0.29651328934330523,0.004811077211922084,239,172.38793103448276,0.4979746962044307
crypto,ETH,priority_with_coverage_fallback,30,30,"BTC,SOL,XRP,BNB,TRX,ADA,AVAX,DOT,NEAR,ATOM,ALGO,DOGE,BCH,LTC,XLM,ETC,LINK,UNI,AAVE,INJ,FIL,VET,FET,GRT,THETA,XTZ,SAND,CHZ,DASH,HBAR","TON,SUI,ICP,MKR,RENDER,RNDR,ARB,OP,MATIC,POL,APT,SEI,EOS,MANA","CHZ,DASH,HBAR",1440,72,0.8,336,2.5,0.5,10.0,8760.0,3.6868771833227862,0.3029766607296054,0.3999175220106794,0.7575978646954976,-0.31837866548671045,0.004967535007431746,252,135.344,0.5001773259250503
crypto,ETH,priority_with_coverage_fallback,30,30,"BTC,SOL,XRP,BNB,TRX,ADA,AVAX,DOT,NEAR,ATOM,ALGO,DOGE,BCH,LTC,XLM,ETC,LINK,UNI,AAVE,INJ,FIL,VET,FET,GRT,THETA,XTZ,SAND,CHZ,DASH,HBAR","TON,SUI,ICP,MKR,RENDER,RNDR,ARB,OP,MATIC,POL,APT,SEI,EOS,MANA","CHZ,DASH,HBAR",1440,72,0.8,336,2.5,0.75,10.0,8760.0,1.907710834606216,0.20064935050286814,0.35016956546256484,0.5730062526645215,-0.40707761826696987,0.005202221700696237,265,109.9469696969697,0.4999655481292634
crypto,ETH,priority_with_coverage_fallback,30,30,"BTC,SOL,XRP,BNB,TRX,ADA,AVAX,DOT,NEAR,ATOM,ALGO,DOGE,BCH,LTC,XLM,ETC,LINK,UNI,AAVE,INJ,FIL,VET,FET,GRT,THETA,XTZ,SAND,CHZ,DASH,HBAR","TON,SUI,ICP,MKR,RENDER,RNDR,ARB,OP,MATIC,POL,APT,SEI,EOS,MANA","CHZ,DASH,HBAR",1440,72,0.8,336,2.5,1.0,10.0,8760.0,1.5064123707803176,0.170485914649799,0.31930459880309925,0.5339287792561046,-0.33791930769790735,0.0055933661894703906,285,85.88732394366197,0.5001639881928501
crypto,ETH,priority_with_coverage_fallback,30,30,"BTC,SOL,XRP,BNB,TRX,ADA,AVAX,DOT,NEAR,ATOM,ALGO,DOGE,BCH,LTC,XLM,ETC,LINK,UNI,AAVE,INJ,FIL,VET,FET,GRT,THETA,XTZ,SAND,CHZ,DASH,HBAR","TON,SUI,ICP,MKR,RENDER,RNDR,ARB,OP,MATIC,POL,APT,SEI,EOS,MANA","CHZ,DASH,HBAR",1440,72,0.8,336,3.0,0.0,10.0,8760.0,131.77934273465883,1.3106674697968836,0.5714215345142116,2.2936963180975227,-0.3901332538314345,0.0019752796683094737,51,50260.0,0.5022682053322722
crypto,ETH,priority_with_coverage_fallback,30,30,"BTC,SOL,XRP,BNB,TRX,ADA,AVAX,DOT,NEAR,ATOM,ALGO,DOGE,BCH,LTC,XLM,ETC,LINK,UNI,AAVE,INJ,FIL,VET,FET,GRT,THETA,XTZ,SAND,CHZ,DASH,HBAR","TON,SUI,ICP,MKR,RENDER,RNDR,ARB,OP,MATIC,POL,APT,SEI,EOS,MANA","CHZ,DASH,HBAR",1440,72,0.8,336,3.0,0.25,10.0,8760.0,9.253054119564936,0.4899808229544229,0.39127133747717047,1.2522788561863718,-0.28363580720108605,0.0034420715012125477,172,169.51190476190476,0.5021420043542384
crypto,ETH,priority_with_coverage_fallback,30,30,"BTC,SOL,XRP,BNB,TRX,ADA,AVAX,DOT,NEAR,ATOM,ALGO,DOGE,BCH,LTC,XLM,ETC,LINK,UNI,AAVE,INJ,FIL,VET,FET,GRT,THETA,XTZ,SAND,CHZ,DASH,HBAR","TON,SUI,ICP,MKR,RENDER,RNDR,ARB,OP,MATIC,POL,APT,SEI,EOS,MANA","CHZ,DASH,HBAR",1440,72,0.8,336,3.0,0.5,10.0,8760.0,5.588619714759096,0.38126471191956623,0.3678439093551369,1.0364850476604526,-0.29250017084935187,0.0035203003989673787,178,130.79545454545453,0.5050390964378801
crypto,ETH,priority_with_coverage_fallback,30,30,"BTC,SOL,XRP,BNB,TRX,ADA,AVAX,DOT,NEAR,ATOM,ALGO,DOGE,BCH,LTC,XLM,ETC,LINK,UNI,AAVE,INJ,FIL,VET,FET,GRT,THETA,XTZ,SAND,CHZ,DASH,HBAR","TON,SUI,ICP,MKR,RENDER,RNDR,ARB,OP,MATIC,POL,APT,SEI,EOS,MANA","CHZ,DASH,HBAR",1440,72,0.8,336,3.0,0.75,10.0,8760.0,3.336537876068128,0.2857489633543664,0.3188349032345107,0.8962286137919825,-0.30944969158194824,0.0035985292967222094,183,107.4065934065934,0.5039901780233272
crypto,ETH,priority_with_coverage_fallback,30,30,"BTC,SOL,XRP,BNB,TRX,ADA,AVAX,DOT,NEAR,ATOM,ALGO,DOGE,BCH,LTC,XLM,ETC,LINK,UNI,AAVE,INJ,FIL,VET,FET,GRT,THETA,XTZ,SAND,CHZ,DASH,HBAR","TON,SUI,ICP,MKR,RENDER,RNDR,ARB,OP,MATIC,POL,APT,SEI,EOS,MANA","CHZ,DASH,HBAR",1440,72,0.8,336,3.0,1.0,10.0,8760.0,2.71054015587639,0.2518627083938765,0.2757748320568006,0.9132911314474158,-0.2392475337776352,0.0036376437455996244,185,86.06521739130434,0.5055569588279869
crypto,ETH,priority_with_coverage_fallback,30,30,"BTC,SOL,XRP,BNB,TRX,ADA,AVAX,DOT,NEAR,ATOM,ALGO,DOGE,BCH,LTC,XLM,ETC,LINK,UNI,AAVE,INJ,FIL,VET,FET,GRT,THETA,XTZ,SAND,CHZ,DASH,HBAR","TON,SUI,ICP,MKR,RENDER,RNDR,ARB,OP,MATIC,POL,APT,SEI,EOS,MANA","CHZ,DASH,HBAR",1440,168,0.8,336,1.0,0.0,10.0,8760.0,3.555119513398915,0.2966269036889151,0.6318222518913872,0.46947840599306156,-0.5628512642582224,0.006747242431354142,173,50701.0,0.49734719236306973
crypto,ETH,priority_with_coverage_fallback,30,30,"BTC,SOL,XRP,BNB,TRX,ADA,AVAX,DOT,NEAR,ATOM,ALGO,DOGE,BCH,LTC,XLM,ETC,LINK,UNI,AAVE,INJ,FIL,VET,FET,GRT,THETA,XTZ,SAND,CHZ,DASH,HBAR","TON,SUI,ICP,MKR,RENDER,RNDR,ARB,OP,MATIC,POL,APT,SEI,EOS,MANA","CHZ,DASH,HBAR",1440,168,0.8,336,1.0,0.25,10.0,8760.0,2.1266154591860107,0.21567306689560017,0.5710826273823479,0.3776565010989276,-0.6037162675392341,0.012125479151998748,588,135.46043165467626,0.4964151043602953
crypto,ETH,priority_with_coverage_fallback,30,30,"BTC,SOL,XRP,BNB,TRX,ADA,AVAX,DOT,NEAR,ATOM,ALGO,DOGE,BCH,LTC,XLM,ETC,LINK,UNI,AAVE,INJ,FIL,VET,FET,GRT,THETA,XTZ,SAND,CHZ,DASH,HBAR","TON,SUI,ICP,MKR,RENDER,RNDR,ARB,OP,MATIC,POL,APT,SEI,EOS,MANA","CHZ,DASH,HBAR",1440,168,0.8,336,1.0,0.5,10.0,8760.0,0.9367830293001076,0.11990989314419487,0.5552570677629101,0.2159538349098428,-0.6330667024868,0.01470703277790816,730,95.3135593220339,0.49604338934827064
crypto,ETH,priority_with_coverage_fallback,30,30,"BTC,SOL,XRP,BNB,TRX,ADA,AVAX,DOT,NEAR,ATOM,ALGO,DOGE,BCH,LTC,XLM,ETC,LINK,UNI,AAVE,INJ,FIL,VET,FET,GRT,THETA,XTZ,SAND,CHZ,DASH,HBAR","TON,SUI,ICP,MKR,RENDER,RNDR,ARB,OP,MATIC,POL,APT,SEI,EOS,MANA","CHZ,DASH,HBAR",1440,168,0.8,336,1.0,0.75,10.0,8760.0,0.3354296968578745,0.050803610599800875,0.5411136599495828,0.09388713381313345,-0.6471233901710582,0.02123914574043652,1070,57.73434535104364,0.4953658055610333
crypto,ETH,priority_with_coverage_fallback,30,30,"BTC,SOL,XRP,BNB,TRX,ADA,AVAX,DOT,NEAR,ATOM,ALGO,DOGE,BCH,LTC,XLM,ETC,LINK,UNI,AAVE,INJ,FIL,VET,FET,GRT,THETA,XTZ,SAND,CHZ,DASH,HBAR","TON,SUI,ICP,MKR,RENDER,RNDR,ARB,OP,MATIC,POL,APT,SEI,EOS,MANA","CHZ,DASH,HBAR",1440,168,0.8,336,1.5,0.0,10.0,8760.0,2.9813493073200776,0.2670622723218339,0.6311595047213812,0.4231296056291282,-0.4648288986574234,0.005026206680747868,129,50457.0,0.4983451255524506
crypto,ETH,priority_with_coverage_fallback,30,30,"BTC,SOL,XRP,BNB,TRX,ADA,AVAX,DOT,NEAR,ATOM,ALGO,DOGE,BCH,LTC,XLM,ETC,LINK,UNI,AAVE,INJ,FIL,VET,FET,GRT,THETA,XTZ,SAND,CHZ,DASH,HBAR","TON,SUI,ICP,MKR,RENDER,RNDR,ARB,OP,MATIC,POL,APT,SEI,EOS,MANA","CHZ,DASH,HBAR",1440,168,0.8,336,1.5,0.25,10.0,8760.0,4.10892442569877,0.3223667394699874,0.549828796463016,0.5863038486593186,-0.504380870123374,0.008957208792928108,437,162.00480769230768,0.4986497314300976
crypto,ETH,priority_with_coverage_fallback,30,30,"BTC,SOL,XRP,BNB,TRX,ADA,AVAX,DOT,NEAR,ATOM,ALGO,DOGE,BCH,LTC,XLM,ETC,LINK,UNI,AAVE,INJ,FIL,VET,FET,GRT,THETA,XTZ,SAND,CHZ,DASH,HBAR","TON,SUI,ICP,MKR,RENDER,RNDR,ARB,OP,MATIC,POL,APT,SEI,EOS,MANA","CHZ,DASH,HBAR",1440,168,0.8,336,1.5,0.5,10.0,8760.0,1.859260707772461,0.19719799349579392,0.5341227025575812,0.36919979725919805,-0.5572209823019331,0.009817726668231245,490,123.06694560669456,0.4977390949580118
crypto,ETH,priority_with_coverage_fallback,30,30,"BTC,SOL,XRP,BNB,TRX,ADA,AVAX,DOT,NEAR,ATOM,ALGO,DOGE,BCH,LTC,XLM,ETC,LINK,UNI,AAVE,INJ,FIL,VET,FET,GRT,THETA,XTZ,SAND,CHZ,DASH,HBAR","TON,SUI,ICP,MKR,RENDER,RNDR,ARB,OP,MATIC,POL,APT,SEI,EOS,MANA","CHZ,DASH,HBAR",1440,168,0.8,336,1.5,0.75,10.0,8760.0,1.3829332473161444,0.1603988553056308,0.5131721646077558,0.31256343653836327,-0.5244699060051319,0.011460533521082688,578,89.54035087719298,0.4958658254633802
crypto,ETH,priority_with_coverage_fallback,30,30,"BTC,SOL,XRP,BNB,TRX,ADA,AVAX,DOT,NEAR,ATOM,ALGO,DOGE,BCH,LTC,XLM,ETC,LINK,UNI,AAVE,INJ,FIL,VET,FET,GRT,THETA,XTZ,SAND,CHZ,DASH,HBAR","TON,SUI,ICP,MKR,RENDER,RNDR,ARB,OP,MATIC,POL,APT,SEI,EOS,MANA","CHZ,DASH,HBAR",1440,168,0.8,336,1.5,1.0,10.0,8760.0,-0.13803587728527966,-0.025127263447824788,0.48386604337773814,-0.051930206286885,-0.650391353576387,0.013494484862708284,688,65.40233236151603,0.4928453617438595
crypto,ETH,priority_with_coverage_fallback,30,30,"BTC,SOL,XRP,BNB,TRX,ADA,AVAX,DOT,NEAR,ATOM,ALGO,DOGE,BCH,LTC,XLM,ETC,LINK,UNI,AAVE,INJ,FIL,VET,FET,GRT,THETA,XTZ,SAND,CHZ,DASH,HBAR","TON,SUI,ICP,MKR,RENDER,RNDR,ARB,OP,MATIC,POL,APT,SEI,EOS,MANA","CHZ,DASH,HBAR",1440,168,0.8,336,2.0,0.0,10.0,8760.0,5.362990345512999,0.37304345207732115,0.6311170686806681,0.5910843971581337,-0.47908345372621164,0.003774544316670578,97,50449.0,0.4966798152589744
crypto,ETH,priority_with_coverage_fallback,30,30,"BTC,SOL,XRP,BNB,TRX,ADA,AVAX,DOT,NEAR,ATOM,ALGO,DOGE,BCH,LTC,XLM,ETC,LINK,UNI,AAVE,INJ,FIL,VET,FET,GRT,THETA,XTZ,SAND,CHZ,DASH,HBAR","TON,SUI,ICP,MKR,RENDER,RNDR,ARB,OP,MATIC,POL,APT,SEI,EOS,MANA","CHZ,DASH,HBAR",1440,168,0.8,336,2.0,0.25,10.0,8760.0,6.278519484987191,0.40503235029410134,0.5322071602225104,0.7610426551284306,-0.48071874253907576,0.006649456309160604,329,176.8993710691824,0.49902229174814233
crypto,ETH,priority_with_coverage_fallback,30,30,"BTC,SOL,XRP,BNB,TRX,ADA,AVAX,DOT,NEAR,ATOM,ALGO,DOGE,BCH,LTC,XLM,ETC,LINK,UNI,AAVE,INJ,FIL,VET,FET,GRT,THETA,XTZ,SAND,CHZ,DASH,HBAR","TON,SUI,ICP,MKR,RENDER,RNDR,ARB,OP,MATIC,POL,APT,SEI,EOS,MANA","CHZ,DASH,HBAR",1440,168,0.8,336,2.0,0.5,10.0,8760.0,2.743266050355433,0.2537474028629345,0.5120556410646812,0.49554654321420116,-0.5029162896473874,0.0070014863490573415,351,138.92441860465115,0.49872358233940156
crypto,ETH,priority_with_coverage_fallback,30,30,"BTC,SOL,XRP,BNB,TRX,ADA,AVAX,DOT,NEAR,ATOM,ALGO,DOGE,BCH,LTC,XLM,ETC,LINK,UNI,AAVE,INJ,FIL,VET,FET,GRT,THETA,XTZ,SAND,CHZ,DASH,HBAR","TON,SUI,ICP,MKR,RENDER,RNDR,ARB,OP,MATIC,POL,APT,SEI,EOS,MANA","CHZ,DASH,HBAR",1440,168,0.8,336,2.0,0.75,10.0,8760.0,1.799180103447894,0.19285017568648222,0.4846131779468874,0.39794661899932526,-0.5586723271840441,0.007549088633341156,382,106.28571428571429,0.4975109518120271
crypto,ETH,priority_with_coverage_fallback,30,30,"BTC,SOL,XRP,BNB,TRX,ADA,AVAX,DOT,NEAR,ATOM,ALGO,DOGE,BCH,LTC,XLM,ETC,LINK,UNI,AAVE,INJ,FIL,VET,FET,GRT,THETA,XTZ,SAND,CHZ,DASH,HBAR","TON,SUI,ICP,MKR,RENDER,RNDR,ARB,OP,MATIC,POL,APT,SEI,EOS,MANA","CHZ,DASH,HBAR",1440,168,0.8,336,2.0,1.0,10.0,8760.0,0.21340333539279044,0.03369371623001172,0.45339787198134146,0.07431379437836952,-0.5418781339888739,0.00801846201987014,408,87.03940886699507,0.49408568679608356
crypto,ETH,priority_with_coverage_fallback,30,30,"BTC,SOL,XRP,BNB,TRX,ADA,AVAX,DOT,NEAR,ATOM,ALGO,DOGE,BCH,LTC,XLM,ETC,LINK,UNI,AAVE,INJ,FIL,VET,FET,GRT,THETA,XTZ,SAND,CHZ,DASH,HBAR","TON,SUI,ICP,MKR,RENDER,RNDR,ARB,OP,MATIC,POL,APT,SEI,EOS,MANA","CHZ,DASH,HBAR",1440,168,0.8,336,2.5,0.0,10.0,8760.0,38.45745986774965,0.876942179936975,0.6307597387997416,1.3902951092054296,-0.4149875379413731,0.0027575686458577798,71,50263.0,0.498338738236874
crypto,ETH,priority_with_coverage_fallback,30,30,"BTC,SOL,XRP,BNB,TRX,ADA,AVAX,DOT,NEAR,ATOM,ALGO,DOGE,BCH,LTC,XLM,ETC,LINK,UNI,AAVE,INJ,FIL,VET,FET,GRT,THETA,XTZ,SAND,CHZ,DASH,HBAR","TON,SUI,ICP,MKR,RENDER,RNDR,ARB,OP,MATIC,POL,APT,SEI,EOS,MANA","CHZ,DASH,HBAR",1440,168,0.8,336,2.5,0.25,10.0,8760.0,13.840951875021494,0.5874364010667048,0.4957490891764401,1.1849470102760644,-0.44236540675004976,0.00492842055855433,244,186.27966101694915,0.49879441335699015
crypto,ETH,priority_with_coverage_fallback,30,30,"BTC,SOL,XRP,BNB,TRX,ADA,AVAX,DOT,NEAR,ATOM,ALGO,DOGE,BCH,LTC,XLM,ETC,LINK,UNI,AAVE,INJ,FIL,VET,FET,GRT,THETA,XTZ,SAND,CHZ,DASH,HBAR","TON,SUI,ICP,MKR,RENDER,RNDR,ARB,OP,MATIC,POL,APT,SEI,EOS,MANA","CHZ,DASH,HBAR",1440,168,0.8,336,2.5,0.5,10.0,8760.0,5.279465996059486,0.3699387346054188,0.47344657218161024,0.7813737733927734,-0.49522727679784817,0.004967535007431746,249,150.36065573770492,0.49738334060183165
crypto,ETH,priority_with_coverage_fallback,30,30,"BTC,SOL,XRP,BNB,TRX,ADA,AVAX,DOT,NEAR,ATOM,ALGO,DOGE,BCH,LTC,XLM,ETC,LINK,UNI,AAVE,INJ,FIL,VET,FET,GRT,THETA,XTZ,SAND,CHZ,DASH,HBAR","TON,SUI,ICP,MKR,RENDER,RNDR,ARB,OP,MATIC,POL,APT,SEI,EOS,MANA","CHZ,DASH,HBAR",1440,168,0.8,336,2.5,0.75,10.0,8760.0,4.287984782591194,0.33019406782495686,0.4512064404598687,0.7318026477822962,-0.4934225055051882,0.005123992802941407,258,120.66929133858268,0.49683523654159867
crypto,ETH,priority_with_coverage_fallback,30,30,"BTC,SOL,XRP,BNB,TRX,ADA,AVAX,DOT,NEAR,ATOM,ALGO,DOGE,BCH,LTC,XLM,ETC,LINK,UNI,AAVE,INJ,FIL,VET,FET,GRT,THETA,XTZ,SAND,CHZ,DASH,HBAR","TON,SUI,ICP,MKR,RENDER,RNDR,ARB,OP,MATIC,POL,APT,SEI,EOS,MANA","CHZ,DASH,HBAR",1440,168,0.8,336,2.5,1.0,10.0,8760.0,1.9452523428985855,0.20329100929216581,0.4173737207804238,0.48707189545149926,-0.38240857482460233,0.005319565047328483,270,100.23880597014926,0.49389517569982133
crypto,ETH,priority_with_coverage_fallback,30,30,"BTC,SOL,XRP,BNB,TRX,ADA,AVAX,DOT,NEAR,ATOM,ALGO,DOGE,BCH,LTC,XLM,ETC,LINK,UNI,AAVE,INJ,FIL,VET,FET,GRT,THETA,XTZ,SAND,CHZ,DASH,HBAR","TON,SUI,ICP,MKR,RENDER,RNDR,ARB,OP,MATIC,POL,APT,SEI,EOS,MANA","CHZ,DASH,HBAR",1440,168,0.8,336,3.0,0.0,10.0,8760.0,29.288183941379128,0.7937984132349278,0.6306861592878023,1.258626658513196,-0.4351142830956909,0.0019361652194320581,50,50260.0,0.49940310385992837
crypto,ETH,priority_with_coverage_fallback,30,30,"BTC,SOL,XRP,BNB,TRX,ADA,AVAX,DOT,NEAR,ATOM,ALGO,DOGE,BCH,LTC,XLM,ETC,LINK,UNI,AAVE,INJ,FIL,VET,FET,GRT,THETA,XTZ,SAND,CHZ,DASH,HBAR","TON,SUI,ICP,MKR,RENDER,RNDR,ARB,OP,MATIC,POL,APT,SEI,EOS,MANA","CHZ,DASH,HBAR",1440,168,0.8,336,3.0,0.25,10.0,8760.0,9.849425067336199,0.504482746844573,0.4407148344269473,1.1446920036184889,-0.42806307571542024,0.003324728154580302,166,194.77777777777777,0.4998415414844394
crypto,ETH,priority_with_coverage_fallback,30,30,"BTC,SOL,XRP,BNB,TRX,ADA,AVAX,DOT,NEAR,ATOM,ALGO,DOGE,BCH,LTC,XLM,ETC,LINK,UNI,AAVE,INJ,FIL,VET,FET,GRT,THETA,XTZ,SAND,CHZ,DASH,HBAR","TON,SUI,ICP,MKR,RENDER,RNDR,ARB,OP,MATIC,POL,APT,SEI,EOS,MANA","CHZ,DASH,HBAR",1440,168,0.8,336,3.0,0.5,10.0,8760.0,4.018693789876368,0.3183359632623539,0.4154510075404361,0.7662418852874489,-0.3891056365335762,0.003324728154580302,167,151.84146341463415,0.4976307123925789
crypto,ETH,priority_with_coverage_fallback,30,30,"BTC,SOL,XRP,BNB,TRX,ADA,AVAX,DOT,NEAR,ATOM,ALGO,DOGE,BCH,LTC,XLM,ETC,LINK,UNI,AAVE,INJ,FIL,VET,FET,GRT,THETA,XTZ,SAND,CHZ,DASH,HBAR","TON,SUI,ICP,MKR,RENDER,RNDR,ARB,OP,MATIC,POL,APT,SEI,EOS,MANA","CHZ,DASH,HBAR",1440,168,0.8,336,3.0,0.75,10.0,8760.0,3.2911235719091385,0.2834320516002826,0.3881664591536086,0.7301817169322207,-0.3815291743209247,0.0034029570523351326,171,121.4047619047619,0.4981368895861934
crypto,ETH,priority_with_coverage_fallback,30,30,"BTC,SOL,XRP,BNB,TRX,ADA,AVAX,DOT,NEAR,ATOM,ALGO,DOGE,BCH,LTC,XLM,ETC,LINK,UNI,AAVE,INJ,FIL,VET,FET,GRT,THETA,XTZ,SAND,CHZ,DASH,HBAR","TON,SUI,ICP,MKR,RENDER,RNDR,ARB,OP,MATIC,POL,APT,SEI,EOS,MANA","CHZ,DASH,HBAR",1440,168,0.8,336,3.0,1.0,10.0,8760.0,0.855966786179073,0.11176191367488753,0.35439450351516383,0.3153601778987677,-0.4148785296398666,0.0034420715012125477,175,104.4367816091954,0.49526744441998677
crypto,ETH,priority_with_coverage_fallback,30,30,"BTC,SOL,XRP,BNB,TRX,ADA,AVAX,DOT,NEAR,ATOM,ALGO,DOGE,BCH,LTC,XLM,ETC,LINK,UNI,AAVE,INJ,FIL,VET,FET,GRT,THETA,XTZ,SAND,CHZ,DASH,HBAR","TON,SUI,ICP,MKR,RENDER,RNDR,ARB,OP,MATIC,POL,APT,SEI,EOS,MANA","CHZ,DASH,HBAR",1440,336,0.8,336,1.0,0.0,10.0,8760.0,0.42221377607526733,0.062199616168012506,0.677659335177767,0.09178596521760597,-0.7082916610093344,0.00651255573808965,167,50663.0,0.49720703471961786
crypto,ETH,priority_with_coverage_fallback,30,30,"BTC,SOL,XRP,BNB,TRX,ADA,AVAX,DOT,NEAR,ATOM,ALGO,DOGE,BCH,LTC,XLM,ETC,LINK,UNI,AAVE,INJ,FIL,VET,FET,GRT,THETA,XTZ,SAND,CHZ,DASH,HBAR","TON,SUI,ICP,MKR,RENDER,RNDR,ARB,OP,MATIC,POL,APT,SEI,EOS,MANA","CHZ,DASH,HBAR",1440,336,0.8,336,1.0,0.25,10.0,8760.0,0.31018826228804364,0.047373933325093764,0.6141208796605192,0.07714105625472574,-0.8037463664681976,0.011577876867714934,554,150.7829457364341,0.4975322605521567
crypto,ETH,priority_with_coverage_fallback,30,30,"BTC,SOL,XRP,BNB,TRX,ADA,AVAX,DOT,NEAR,ATOM,ALGO,DOGE,BCH,LTC,XLM,ETC,LINK,UNI,AAVE,INJ,FIL,VET,FET,GRT,THETA,XTZ,SAND,CHZ,DASH,HBAR","TON,SUI,ICP,MKR,RENDER,RNDR,ARB,OP,MATIC,POL,APT,SEI,EOS,MANA","CHZ,DASH,HBAR",1440,336,0.8,336,1.0,0.5,10.0,8760.0,0.5962314262877602,0.08341449919234067,0.5904356940342923,0.14127617966724076,-0.7398795216209346,0.014902605022295236,730,100.0,0.4983954154727794
crypto,ETH,priority_with_coverage_fallback,30,30,"BTC,SOL,XRP,BNB,TRX,ADA,AVAX,DOT,NEAR,ATOM,ALGO,DOGE,BCH,LTC,XLM,ETC,LINK,UNI,AAVE,INJ,FIL,VET,FET,GRT,THETA,XTZ,SAND,CHZ,DASH,HBAR","TON,SUI,ICP,MKR,RENDER,RNDR,ARB,OP,MATIC,POL,APT,SEI,EOS,MANA","CHZ,DASH,HBAR",1440,336,0.8,336,1.0,0.75,10.0,8760.0,0.10549241094454187,0.017330417415504673,0.5686727816892759,0.03047520115878177,-0.7471945223839529,0.022060549166862238,1105,57.18484288354898,0.49914342049972527
crypto,ETH,priority_with_coverage_fallback,30,30,"BTC,SOL,XRP,BNB,TRX,ADA,AVAX,DOT,NEAR,ATOM,ALGO,DOGE,BCH,LTC,XLM,ETC,LINK,UNI,AAVE,INJ,FIL,VET,FET,GRT,THETA,XTZ,SAND,CHZ,DASH,HBAR","TON,SUI,ICP,MKR,RENDER,RNDR,ARB,OP,MATIC,POL,APT,SEI,EOS,MANA","CHZ,DASH,HBAR",1440,336,0.8,336,1.5,0.0,10.0,8760.0,7.51691947428996,0.44336842793789244,0.677071344861295,0.654832657301013,-0.43495758519177874,0.005417351169522021,139,50509.0,0.49900017818606585
crypto,ETH,priority_with_coverage_fallback,30,30,"BTC,SOL,XRP,BNB,TRX,ADA,AVAX,DOT,NEAR,ATOM,ALGO,DOGE,BCH,LTC,XLM,ETC,LINK,UNI,AAVE,INJ,FIL,VET,FET,GRT,THETA,XTZ,SAND,CHZ,DASH,HBAR","TON,SUI,ICP,MKR,RENDER,RNDR,ARB,OP,MATIC,POL,APT,SEI,EOS,MANA","CHZ,DASH,HBAR",1440,336,0.8,336,1.5,0.25,10.0,8760.0,0.5918010648310534,0.08289873727481267,0.5781181780533398,0.1433941024894811,-0.6652343301299188,0.008253148713134631,395,186.8423913043478,0.4967858285581314
crypto,ETH,priority_with_coverage_fallback,30,30,"BTC,SOL,XRP,BNB,TRX,ADA,AVAX,DOT,NEAR,ATOM,ALGO,DOGE,BCH,LTC,XLM,ETC,LINK,UNI,AAVE,INJ,FIL,VET,FET,GRT,THETA,XTZ,SAND,CHZ,DASH,HBAR","TON,SUI,ICP,MKR,RENDER,RNDR,ARB,OP,MATIC,POL,APT,SEI,EOS,MANA","CHZ,DASH,HBAR",1440,336,0.8,336,1.5,0.5,10.0,8760.0,0.44738163998765934,0.06539657487087114,0.5423004511299697,0.12059103903492412,-0.6218829930551062,0.00934835328170226,458,136.51141552511416,0.49805994112924806
crypto,ETH,priority_with_coverage_fallback,30,30,"BTC,SOL,XRP,BNB,TRX,ADA,AVAX,DOT,NEAR,ATOM,ALGO,DOGE,BCH,LTC,XLM,ETC,LINK,UNI,AAVE,INJ,FIL,VET,FET,GRT,THETA,XTZ,SAND,CHZ,DASH,HBAR","TON,SUI,ICP,MKR,RENDER,RNDR,ARB,OP,MATIC,POL,APT,SEI,EOS,MANA","CHZ,DASH,HBAR",1440,336,0.8,336,1.5,0.75,10.0,8760.0,0.11845257632107242,0.019363843736679653,0.5158089608162103,0.03754072768731766,-0.6133056119249061,0.010756473441289213,536,99.27969348659003,0.4979932077801791
crypto,ETH,priority_with_coverage_fallback,30,30,"BTC,SOL,XRP,BNB,TRX,ADA,AVAX,DOT,NEAR,ATOM,ALGO,DOGE,BCH,LTC,XLM,ETC,LINK,UNI,AAVE,INJ,FIL,VET,FET,GRT,THETA,XTZ,SAND,CHZ,DASH,HBAR","TON,SUI,ICP,MKR,RENDER,RNDR,ARB,OP,MATIC,POL,APT,SEI,EOS,MANA","CHZ,DASH,HBAR",1440,336,0.8,336,1.5,1.0,10.0,8760.0,-0.4816132883164458,-0.10645972518958047,0.49469554424033757,-0.21520251481759703,-0.7605570772094139,0.013064225925056716,657,70.95975232198143,0.4966404886561955
crypto,ETH,priority_with_coverage_fallback,30,30,"BTC,SOL,XRP,BNB,TRX,ADA,AVAX,DOT,NEAR,ATOM,ALGO,DOGE,BCH,LTC,XLM,ETC,LINK,UNI,AAVE,INJ,FIL,VET,FET,GRT,THETA,XTZ,SAND,CHZ,DASH,HBAR","TON,SUI,ICP,MKR,RENDER,RNDR,ARB,OP,MATIC,POL,APT,SEI,EOS,MANA","CHZ,DASH,HBAR",1440,336,0.8,336,2.0,0.0,10.0,8760.0,21.749357972875448,0.7079600142612013,0.6766965401705454,1.0462001388137387,-0.4617099619280812,0.004204803254322147,108,50266.0,0.500179047467473
crypto,ETH,priority_with_coverage_fallback,30,30,"BTC,SOL,XRP,BNB,TRX,ADA,AVAX,DOT,NEAR,ATOM,ALGO,DOGE,BCH,LTC,XLM,ETC,LINK,UNI,AAVE,INJ,FIL,VET,FET,GRT,THETA,XTZ,SAND,CHZ,DASH,HBAR","TON,SUI,ICP,MKR,RENDER,RNDR,ARB,OP,MATIC,POL,APT,SEI,EOS,MANA","CHZ,DASH,HBAR",1440,336,0.8,336,2.0,0.25,10.0,8760.0,2.0578691514700447,0.21105143842691532,0.5590303008232675,0.3775313039670766,-0.6420277413441092,0.006688570758038019,324,202.35294117647058,0.4982558139534884
crypto,ETH,priority_with_coverage_fallback,30,30,"BTC,SOL,XRP,BNB,TRX,ADA,AVAX,DOT,NEAR,ATOM,ALGO,DOGE,BCH,LTC,XLM,ETC,LINK,UNI,AAVE,INJ,FIL,VET,FET,GRT,THETA,XTZ,SAND,CHZ,DASH,HBAR","TON,SUI,ICP,MKR,RENDER,RNDR,ARB,OP,MATIC,POL,APT,SEI,EOS,MANA","CHZ,DASH,HBAR",1440,336,0.8,336,2.0,0.5,10.0,8760.0,1.98957570780397,0.2063742004633271,0.517457659233184,0.39882335642524114,-0.5123190890515446,0.007157944144567003,352,158.9526627218935,0.4994602241000633
crypto,ETH,priority_with_coverage_fallback,30,30,"BTC,SOL,XRP,BNB,TRX,ADA,AVAX,DOT,NEAR,ATOM,ALGO,DOGE,BCH,LTC,XLM,ETC,LINK,UNI,AAVE,INJ,FIL,VET,FET,GRT,THETA,XTZ,SAND,CHZ,DASH,HBAR","TON,SUI,ICP,MKR,RENDER,RNDR,ARB,OP,MATIC,POL,APT,SEI,EOS,MANA","CHZ,DASH,HBAR",1440,336,0.8,336,2.0,0.75,10.0,8760.0,0.5309008393507515,0.07568563351189095,0.4823049500072706,0.15692485327125508,-0.5336487774535599,0.007627317531095987,382,119.39572192513369,0.5002015496931965
crypto,ETH,priority_with_coverage_fallback,30,30,"BTC,SOL,XRP,BNB,TRX,ADA,AVAX,DOT,NEAR,ATOM,ALGO,DOGE,BCH,LTC,XLM,ETC,LINK,UNI,AAVE,INJ,FIL,VET,FET,GRT,THETA,XTZ,SAND,CHZ,DASH,HBAR","TON,SUI,ICP,MKR,RENDER,RNDR,ARB,OP,MATIC,POL,APT,SEI,EOS,MANA","CHZ,DASH,HBAR",1440,336,0.8,336,2.0,1.0,10.0,8760.0,0.1565123292490549,0.02522452101492867,0.46119094516933595,0.05469431106386305,-0.619274299474242,0.00852694985527654,429,90.03317535545024,0.4991840816971101
crypto,ETH,priority_with_coverage_fallback,30,30,"BTC,SOL,XRP,BNB,TRX,ADA,AVAX,DOT,NEAR,ATOM,ALGO,DOGE,BCH,LTC,XLM,ETC,LINK,UNI,AAVE,INJ,FIL,VET,FET,GRT,THETA,XTZ,SAND,CHZ,DASH,HBAR","TON,SUI,ICP,MKR,RENDER,RNDR,ARB,OP,MATIC,POL,APT,SEI,EOS,MANA","CHZ,DASH,HBAR",1440,336,0.8,336,2.5,0.0,10.0,8760.0,6.503721134586855,0.41238640138673355,0.6766477176828485,0.6094550984357612,-0.477021646998004,0.0029922553391222716,77,50266.0,0.4990450801734771
crypto,ETH,priority_with_coverage_fallback,30,30,"BTC,SOL,XRP,BNB,TRX,ADA,AVAX,DOT,NEAR,ATOM,ALGO,DOGE,BCH,LTC,XLM,ETC,LINK,UNI,AAVE,INJ,FIL,VET,FET,GRT,THETA,XTZ,SAND,CHZ,DASH,HBAR","TON,SUI,ICP,MKR,RENDER,RNDR,ARB,OP,MATIC,POL,APT,SEI,EOS,MANA","CHZ,DASH,HBAR",1440,336,0.8,336,2.5,0.25,10.0,8760.0,1.3985340743974328,0.16169686929124305,0.5286886555959267,0.30584516535347583,-0.6330360603486707,0.004967535007431746,240,228.7433628318584,0.4988780563293098
crypto,ETH,priority_with_coverage_fallback,30,30,"BTC,SOL,XRP,BNB,TRX,ADA,AVAX,DOT,NEAR,ATOM,ALGO,DOGE,BCH,LTC,XLM,ETC,LINK,UNI,AAVE,INJ,FIL,VET,FET,GRT,THETA,XTZ,SAND,CHZ,DASH,HBAR","TON,SUI,ICP,MKR,RENDER,RNDR,ARB,OP,MATIC,POL,APT,SEI,EOS,MANA","CHZ,DASH,HBAR",1440,336,0.8,336,2.5,0.5,10.0,8760.0,0.9881325203042599,0.12494175664320584,0.48184355979028487,0.25929942219749674,-0.5284658587755144,0.005241336149573652,259,182.024,0.5003735771107106
crypto,ETH,priority_with_coverage_fallback,30,30,"BTC,SOL,XRP,BNB,TRX,ADA,AVAX,DOT,NEAR,ATOM,ALGO,DOGE,BCH,LTC,XLM,ETC,LINK,UNI,AAVE,INJ,FIL,VET,FET,GRT,THETA,XTZ,SAND,CHZ,DASH,HBAR","TON,SUI,ICP,MKR,RENDER,RNDR,ARB,OP,MATIC,POL,APT,SEI,EOS,MANA","CHZ,DASH,HBAR",1440,336,0.8,336,2.5,0.75,10.0,8760.0,-0.17579091221150056,-0.032579203367736675,0.43416829147069713,-0.07503819142890013,-0.6641925940017586,0.0055151372917155595,279,134.31884057971016,0.5010789814415192
crypto,ETH,priority_with_coverage_fallback,30,30,"BTC,SOL,XRP,BNB,TRX,ADA,AVAX,DOT,NEAR,ATOM,ALGO,DOGE,BCH,LTC,XLM,ETC,LINK,UNI,AAVE,INJ,FIL,VET,FET,GRT,THETA,XTZ,SAND,CHZ,DASH,HBAR","TON,SUI,ICP,MKR,RENDER,RNDR,ARB,OP,MATIC,POL,APT,SEI,EOS,MANA","CHZ,DASH,HBAR",1440,336,0.8,336,2.5,1.0,10.0,8760.0,-0.47941906486321717,-0.1058128923308358,0.41204235083319696,-0.25680101115060133,-0.7469923110419596,0.005671595087225221,287,107.4225352112676,0.49921332109610594
crypto,ETH,priority_with_coverage_fallback,30,30,"BTC,SOL,XRP,BNB,TRX,ADA,AVAX,DOT,NEAR,ATOM,ALGO,DOGE,BCH,LTC,XLM,ETC,LINK,UNI,AAVE,INJ,FIL,VET,FET,GRT,THETA,XTZ,SAND,CHZ,DASH,HBAR","TON,SUI,ICP,MKR,RENDER,RNDR,ARB,OP,MATIC,POL,APT,SEI,EOS,MANA","CHZ,DASH,HBAR",1440,336,0.8,336,3.0,0.0,10.0,8760.0,9.323035759105302,0.4917182157702187,0.6766099370383901,0.7267380936238291,-0.4770216469980041,0.0018970507705546428,49,50263.0,0.4950957961124485
crypto,ETH,priority_with_coverage_fallback,30,30,"BTC,SOL,XRP,BNB,TRX,ADA,AVAX,DOT,NEAR,ATOM,ALGO,DOGE,BCH,LTC,XLM,ETC,LINK,UNI,AAVE,INJ,FIL,VET,FET,GRT,THETA,XTZ,SAND,CHZ,DASH,HBAR","TON,SUI,ICP,MKR,RENDER,RNDR,ARB,OP,MATIC,POL,APT,SEI,EOS,MANA","CHZ,DASH,HBAR",1440,336,0.8,336,3.0,0.25,10.0,8760.0,1.100167655863007,0.13555706554391245,0.488270944698308,0.27762672961765156,-0.4889205582861964,0.0032464992568254714,160,263.4025974025974,0.4929987180751405
crypto,ETH,priority_with_coverage_fallback,30,30,"BTC,SOL,XRP,BNB,TRX,ADA,AVAX,DOT,NEAR,ATOM,ALGO,DOGE,BCH,LTC,XLM,ETC,LINK,UNI,AAVE,INJ,FIL,VET,FET,GRT,THETA,XTZ,SAND,CHZ,DASH,HBAR","TON,SUI,ICP,MKR,RENDER,RNDR,ARB,OP,MATIC,POL,APT,SEI,EOS,MANA","CHZ,DASH,HBAR",1440,336,0.8,336,3.0,0.5,10.0,8760.0,0.6844547162309551,0.09344591239100497,0.4434686466109671,0.21071593923297222,-0.4941387031252028,0.003363842603457717,168,213.78048780487805,0.4957216200798631
crypto,ETH,priority_with_coverage_fallback,30,30,"BTC,SOL,XRP,BNB,TRX,ADA,AVAX,DOT,NEAR,ATOM,ALGO,DOGE,BCH,LTC,XLM,ETC,LINK,UNI,AAVE,INJ,FIL,VET,FET,GRT,THETA,XTZ,SAND,CHZ,DASH,HBAR","TON,SUI,ICP,MKR,RENDER,RNDR,ARB,OP,MATIC,POL,APT,SEI,EOS,MANA","CHZ,DASH,HBAR",1440,336,0.8,336,3.0,0.75,10.0,8760.0,0.015956153113157123,0.0027157297563129568,0.40159409631497345,0.00676237469931079,-0.5872651826974628,0.0034811859500899632,176,157.1264367816092,0.49692757863935627
crypto,ETH,priority_with_coverage_fallback,30,30,"BTC,SOL,XRP,BNB,TRX,ADA,AVAX,DOT,NEAR,ATOM,ALGO,DOGE,BCH,LTC,XLM,ETC,LINK,UNI,AAVE,INJ,FIL,VET,FET,GRT,THETA,XTZ,SAND,CHZ,DASH,HBAR","TON,SUI,ICP,MKR,RENDER,RNDR,ARB,OP,MATIC,POL,APT,SEI,EOS,MANA","CHZ,DASH,HBAR",1440,336,0.8,336,3.0,1.0,10.0,8760.0,-0.24504483084057227,-0.04701668576239337,0.37955246708211626,-0.12387400910299261,-0.6476179028300498,0.003559414847844794,180,125.20224719101124,0.4957372341380239
crypto,XRP,priority_with_coverage_fallback,30,30,"BTC,ETH,SOL,BNB,TRX,ADA,AVAX,DOT,NEAR,ATOM,ALGO,DOGE,BCH,LTC,XLM,ETC,LINK,UNI,AAVE,INJ,FIL,VET,FET,GRT,THETA,XTZ,SAND,CHZ,DASH,HBAR","TON,SUI,ICP,MKR,RENDER,RNDR,ARB,OP,MATIC,POL,APT,SEI,EOS,MANA","CHZ,DASH,HBAR",1440,24,0.8,336,1.0,0.0,10.0,8760.0,1.9710951083680635,0.2050933011116367,1.0404422241319855,0.19712127819758646,-0.9263111686531672,0.008390049284205586,215,50793.0,0.5074124387218711
crypto,XRP,priority_with_coverage_fallback,30,30,"BTC,ETH,SOL,BNB,TRX,ADA,AVAX,DOT,NEAR,ATOM,ALGO,DOGE,BCH,LTC,XLM,ETC,LINK,UNI,AAVE,INJ,FIL,VET,FET,GRT,THETA,XTZ,SAND,CHZ,DASH,HBAR","TON,SUI,ICP,MKR,RENDER,RNDR,ARB,OP,MATIC,POL,APT,SEI,EOS,MANA","CHZ,DASH,HBAR",1440,24,0.8,336,1.0,0.25,10.0,8760.0,14.300972495722274,0.5957600513383197,0.8889758343023518,0.6701645065592348,-0.758391900141892,0.017327700852694986,858,84.21686746987952,0.5109298998569385
crypto,XRP,priority_with_coverage_fallback,30,30,"BTC,ETH,SOL,BNB,TRX,ADA,AVAX,DOT,NEAR,ATOM,ALGO,DOGE,BCH,LTC,XLM,ETC,LINK,UNI,AAVE,INJ,FIL,VET,FET,GRT,THETA,XTZ,SAND,CHZ,DASH,HBAR","TON,SUI,ICP,MKR,RENDER,RNDR,ARB,OP,MATIC,POL,APT,SEI,EOS,MANA","CHZ,DASH,HBAR",1440,24,0.8,336,1.0,0.5,10.0,8760.0,7.138740038276632,0.4321807319253568,0.8502919260716701,0.5082733572715693,-0.7372174791180417,0.02198232026910741,1110,57.06386861313869,0.5113044034408877
crypto,XRP,priority_with_coverage_fallback,30,30,"BTC,ETH,SOL,BNB,TRX,ADA,AVAX,DOT,NEAR,ATOM,ALGO,DOGE,BCH,LTC,XLM,ETC,LINK,UNI,AAVE,INJ,FIL,VET,FET,GRT,THETA,XTZ,SAND,CHZ,DASH,HBAR","TON,SUI,ICP,MKR,RENDER,RNDR,ARB,OP,MATIC,POL,APT,SEI,EOS,MANA","CHZ,DASH,HBAR",1440,24,0.8,336,1.0,0.75,10.0,8760.0,4.463984238226057,0.3376764009669746,0.8231594329302544,0.4102199251546275,-0.70493554749622,0.030783071266525856,1567,35.71025641025641,0.5122065053493214
crypto,XRP,priority_with_coverage_fallback,30,30,"BTC,ETH,SOL,BNB,TRX,ADA,AVAX,DOT,NEAR,ATOM,ALGO,DOGE,BCH,LTC,XLM,ETC,LINK,UNI,AAVE,INJ,FIL,VET,FET,GRT,THETA,XTZ,SAND,CHZ,DASH,HBAR","TON,SUI,ICP,MKR,RENDER,RNDR,ARB,OP,MATIC,POL,APT,SEI,EOS,MANA","CHZ,DASH,HBAR",1440,24,0.8,336,1.5,0.0,10.0,8760.0,12.896493967076188,0.5696542350580653,1.040107111022461,0.5476880496452675,-0.8496225685810508,0.006082296800438082,156,50662.0,0.5060202913426237
crypto,XRP,priority_with_coverage_fallback,30,30,"BTC,ETH,SOL,BNB,TRX,ADA,AVAX,DOT,NEAR,ATOM,ALGO,DOGE,BCH,LTC,XLM,ETC,LINK,UNI,AAVE,INJ,FIL,VET,FET,GRT,THETA,XTZ,SAND,CHZ,DASH,HBAR","TON,SUI,ICP,MKR,RENDER,RNDR,ARB,OP,MATIC,POL,APT,SEI,EOS,MANA","CHZ,DASH,HBAR",1440,24,0.8,336,1.5,0.25,10.0,8760.0,29.361391997682606,0.7945404682239501,0.8461522731249973,0.9390041171780639,-0.671199278217125,0.011460533521082688,571,104.61510791366906,0.5118110236220472
crypto,XRP,priority_with_coverage_fallback,30,30,"BTC,ETH,SOL,BNB,TRX,ADA,AVAX,DOT,NEAR,ATOM,ALGO,DOGE,BCH,LTC,XLM,ETC,LINK,UNI,AAVE,INJ,FIL,VET,FET,GRT,THETA,XTZ,SAND,CHZ,DASH,HBAR","TON,SUI,ICP,MKR,RENDER,RNDR,ARB,OP,MATIC,POL,APT,SEI,EOS,MANA","CHZ,DASH,HBAR",1440,24,0.8,336,1.5,0.5,10.0,8760.0,13.39846352836632,0.5792257349707302,0.8040206364563889,0.7204115276488281,-0.6815900068211533,0.01286865368066964,650,79.3177570093458,0.5123915007266014
crypto,XRP,priority_with_coverage_fallback,30,30,"BTC,ETH,SOL,BNB,TRX,ADA,AVAX,DOT,NEAR,ATOM,ALGO,DOGE,BCH,LTC,XLM,ETC,LINK,UNI,AAVE,INJ,FIL,VET,FET,GRT,THETA,XTZ,SAND,CHZ,DASH,HBAR","TON,SUI,ICP,MKR,RENDER,RNDR,ARB,OP,MATIC,POL,APT,SEI,EOS,MANA","CHZ,DASH,HBAR",1440,24,0.8,336,1.5,0.75,10.0,8760.0,6.0779740209026105,0.3983229861728108,0.7683896246669255,0.5183867316603503,-0.6906332924163638,0.014980833920050066,762,58.35620052770449,0.5137224759234977
crypto,XRP,priority_with_coverage_fallback,30,30,"BTC,ETH,SOL,BNB,TRX,ADA,AVAX,DOT,NEAR,ATOM,ALGO,DOGE,BCH,LTC,XLM,ETC,LINK,UNI,AAVE,INJ,FIL,VET,FET,GRT,THETA,XTZ,SAND,CHZ,DASH,HBAR","TON,SUI,ICP,MKR,RENDER,RNDR,ARB,OP,MATIC,POL,APT,SEI,EOS,MANA","CHZ,DASH,HBAR",1440,24,0.8,336,1.5,1.0,10.0,8760.0,7.112069991846134,0.431375601583019,0.7341818370175137,0.5875596205640383,-0.7195402914181099,0.018227333176875537,928,40.586580086580085,0.5150658631539651
crypto,XRP,priority_with_coverage_fallback,30,30,"BTC,ETH,SOL,BNB,TRX,ADA,AVAX,DOT,NEAR,ATOM,ALGO,DOGE,BCH,LTC,XLM,ETC,LINK,UNI,AAVE,INJ,FIL,VET,FET,GRT,THETA,XTZ,SAND,CHZ,DASH,HBAR","TON,SUI,ICP,MKR,RENDER,RNDR,ARB,OP,MATIC,POL,APT,SEI,EOS,MANA","CHZ,DASH,HBAR",1440,24,0.8,336,2.0,0.0,10.0,8760.0,237.39131224689808,1.5543502843064343,1.03956874827718,1.4951875831996424,-0.8666934878873505,0.004869748885238207,125,50496.0,0.5090304182509505
crypto,XRP,priority_with_coverage_fallback,30,30,"BTC,ETH,SOL,BNB,TRX,ADA,AVAX,DOT,NEAR,ATOM,ALGO,DOGE,BCH,LTC,XLM,ETC,LINK,UNI,AAVE,INJ,FIL,VET,FET,GRT,THETA,XTZ,SAND,CHZ,DASH,HBAR","TON,SUI,ICP,MKR,RENDER,RNDR,ARB,OP,MATIC,POL,APT,SEI,EOS,MANA","CHZ,DASH,HBAR",1440,24,0.8,336,2.0,0.25,10.0,8760.0,91.97298466786862,1.1738091569510996,0.8000829520242821,1.4671093215787891,-0.6489167636411453,0.008409606508644293,421,111.14077669902913,0.5157894736842106
crypto,XRP,priority_with_coverage_fallback,30,30,"BTC,ETH,SOL,BNB,TRX,ADA,AVAX,DOT,NEAR,ATOM,ALGO,DOGE,BCH,LTC,XLM,ETC,LINK,UNI,AAVE,INJ,FIL,VET,FET,GRT,THETA,XTZ,SAND,CHZ,DASH,HBAR","TON,SUI,ICP,MKR,RENDER,RNDR,ARB,OP,MATIC,POL,APT,SEI,EOS,MANA","CHZ,DASH,HBAR",1440,24,0.8,336,2.0,0.5,10.0,8760.0,34.03733523987593,0.8391241576172812,0.7532748413871485,1.1139681182927097,-0.6512644742832755,0.008878979895173276,448,88.25339366515837,0.5162530762920426
crypto,XRP,priority_with_coverage_fallback,30,30,"BTC,ETH,SOL,BNB,TRX,ADA,AVAX,DOT,NEAR,ATOM,ALGO,DOGE,BCH,LTC,XLM,ETC,LINK,UNI,AAVE,INJ,FIL,VET,FET,GRT,THETA,XTZ,SAND,CHZ,DASH,HBAR","TON,SUI,ICP,MKR,RENDER,RNDR,ARB,OP,MATIC,POL,APT,SEI,EOS,MANA","CHZ,DASH,HBAR",1440,24,0.8,336,2.0,0.75,10.0,8760.0,11.934044825881282,0.5504714035328808,0.7189307216072711,0.7656807352761672,-0.6585418373079286,0.00934835328170226,477,70.44117647058823,0.515359379660006
crypto,XRP,priority_with_coverage_fallback,30,30,"BTC,ETH,SOL,BNB,TRX,ADA,AVAX,DOT,NEAR,ATOM,ALGO,DOGE,BCH,LTC,XLM,ETC,LINK,UNI,AAVE,INJ,FIL,VET,FET,GRT,THETA,XTZ,SAND,CHZ,DASH,HBAR","TON,SUI,ICP,MKR,RENDER,RNDR,ARB,OP,MATIC,POL,APT,SEI,EOS,MANA","CHZ,DASH,HBAR",1440,24,0.8,336,2.0,1.0,10.0,8760.0,5.729411085916838,0.3862772451808494,0.6343420958662197,0.6089415280777988,-0.6631691343944763,0.010169756708127982,519,53.96911196911197,0.5145943625697524
crypto,XRP,priority_with_coverage_fallback,30,30,"BTC,ETH,SOL,BNB,TRX,ADA,AVAX,DOT,NEAR,ATOM,ALGO,DOGE,BCH,LTC,XLM,ETC,LINK,UNI,AAVE,INJ,FIL,VET,FET,GRT,THETA,XTZ,SAND,CHZ,DASH,HBAR","TON,SUI,ICP,MKR,RENDER,RNDR,ARB,OP,MATIC,POL,APT,SEI,EOS,MANA","CHZ,DASH,HBAR",1440,24,0.8,336,2.5,0.0,10.0,8760.0,165.72283470522817,1.402564500344464,1.0395716349231017,1.349175423056068,-0.8027564911873281,0.003226942032386764,83,50493.0,0.5106252351811142
crypto,XRP,priority_with_coverage_fallback,30,30,"BTC,ETH,SOL,BNB,TRX,ADA,AVAX,DOT,NEAR,ATOM,ALGO,DOGE,BCH,LTC,XLM,ETC,LINK,UNI,AAVE,INJ,FIL,VET,FET,GRT,THETA,XTZ,SAND,CHZ,DASH,HBAR","TON,SUI,ICP,MKR,RENDER,RNDR,ARB,OP,MATIC,POL,APT,SEI,EOS,MANA","CHZ,DASH,HBAR",1440,24,0.8,336,2.5,0.25,10.0,8760.0,29.54940286561965,0.796439421701491,0.751108005098192,1.0603527272983502,-0.6429836053640972,0.005788938433857467,295,122.03401360544218,0.5160822788338257
crypto,XRP,priority_with_coverage_fallback,30,30,"BTC,ETH,SOL,BNB,TRX,ADA,AVAX,DOT,NEAR,ATOM,ALGO,DOGE,BCH,LTC,XLM,ETC,LINK,UNI,AAVE,INJ,FIL,VET,FET,GRT,THETA,XTZ,SAND,CHZ,DASH,HBAR","TON,SUI,ICP,MKR,RENDER,RNDR,ARB,OP,MATIC,POL,APT,SEI,EOS,MANA","CHZ,DASH,HBAR",1440,24,0.8,336,2.5,0.5,10.0,8760.0,10.066826507776767,0.50960519076294,0.7110211749360654,0.7167229454295273,-0.6429836053640972,0.005906281780489713,302,100.50331125827815,0.5162098049551924
crypto,XRP,priority_with_coverage_fallback,30,30,"BTC,ETH,SOL,BNB,TRX,ADA,AVAX,DOT,NEAR,ATOM,ALGO,DOGE,BCH,LTC,XLM,ETC,LINK,UNI,AAVE,INJ,FIL,VET,FET,GRT,THETA,XTZ,SAND,CHZ,DASH,HBAR","TON,SUI,ICP,MKR,RENDER,RNDR,ARB,OP,MATIC,POL,APT,SEI,EOS,MANA","CHZ,DASH,HBAR",1440,24,0.8,336,2.5,0.75,10.0,8760.0,5.789192457564589,0.3883793644835054,0.6784857947455692,0.5724207750423822,-0.6429836053640972,0.006062739575999374,310,82.70322580645161,0.5162649192604727
crypto,XRP,priority_with_coverage_fallback,30,30,"BTC,ETH,SOL,BNB,TRX,ADA,AVAX,DOT,NEAR,ATOM,ALGO,DOGE,BCH,LTC,XLM,ETC,LINK,UNI,AAVE,INJ,FIL,VET,FET,GRT,THETA,XTZ,SAND,CHZ,DASH,HBAR","TON,SUI,ICP,MKR,RENDER,RNDR,ARB,OP,MATIC,POL,APT,SEI,EOS,MANA","CHZ,DASH,HBAR",1440,24,0.8,336,2.5,1.0,10.0,8760.0,2.585185875502965,0.24451361916377579,0.5711717781459446,0.42809121269520817,-0.627989137553767,0.0062583118203864505,320,66.85625,0.5139758810881555
crypto,XRP,priority_with_coverage_fallback,30,30,"BTC,ETH,SOL,BNB,TRX,ADA,AVAX,DOT,NEAR,ATOM,ALGO,DOGE,BCH,LTC,XLM,ETC,LINK,UNI,AAVE,INJ,FIL,VET,FET,GRT,THETA,XTZ,SAND,CHZ,DASH,HBAR","TON,SUI,ICP,MKR,RENDER,RNDR,ARB,OP,MATIC,POL,APT,SEI,EOS,MANA","CHZ,DASH,HBAR",1440,24,0.8,336,3.0,0.0,10.0,8760.0,3.0606901750200626,0.2713528759828292,1.0382200767911753,0.26136354136157625,-0.8962802600042885,0.001779707423922397,46,49095.0,0.5102759955188919
crypto,XRP,priority_with_coverage_fallback,30,30,"BTC,ETH,SOL,BNB,TRX,ADA,AVAX,DOT,NEAR,ATOM,ALGO,DOGE,BCH,LTC,XLM,ETC,LINK,UNI,AAVE,INJ,FIL,VET,FET,GRT,THETA,XTZ,SAND,CHZ,DASH,HBAR","TON,SUI,ICP,MKR,RENDER,RNDR,ARB,OP,MATIC,POL,APT,SEI,EOS,MANA","CHZ,DASH,HBAR",1440,24,0.8,336,3.0,0.25,10.0,8760.0,11.964476097975608,0.5510957675357628,0.6439370930032744,0.8558223676252186,-0.7478236415136537,0.004146131581006024,212,118.66037735849056,0.5237716648115758
crypto,XRP,priority_with_coverage_fallback,30,30,"BTC,ETH,SOL,BNB,TRX,ADA,AVAX,DOT,NEAR,ATOM,ALGO,DOGE,BCH,LTC,XLM,ETC,LINK,UNI,AAVE,INJ,FIL,VET,FET,GRT,THETA,XTZ,SAND,CHZ,DASH,HBAR","TON,SUI,ICP,MKR,RENDER,RNDR,ARB,OP,MATIC,POL,APT,SEI,EOS,MANA","CHZ,DASH,HBAR",1440,24,0.8,336,3.0,0.5,10.0,8760.0,4.11673857742871,0.32271302994462436,0.6000586601349078,0.5378024706319056,-0.7572968321888791,0.004185246029883439,214,99.88785046728972,0.5241392215568862
crypto,XRP,priority_with_coverage_fallback,30,30,"BTC,ETH,SOL,BNB,TRX,ADA,AVAX,DOT,NEAR,ATOM,ALGO,DOGE,BCH,LTC,XLM,ETC,LINK,UNI,AAVE,INJ,FIL,VET,FET,GRT,THETA,XTZ,SAND,CHZ,DASH,HBAR","TON,SUI,ICP,MKR,RENDER,RNDR,ARB,OP,MATIC,POL,APT,SEI,EOS,MANA","CHZ,DASH,HBAR",1440,24,0.8,336,3.0,0.75,10.0,8760.0,2.1540167403418726,0.2174917332529025,0.5641385431952474,0.38552893766315305,-0.7557045190703329,0.004185246029883439,214,81.0,0.5248644282912196
crypto,XRP,priority_with_coverage_fallback,30,30,"BTC,ETH,SOL,BNB,TRX,ADA,AVAX,DOT,NEAR,ATOM,ALGO,DOGE,BCH,LTC,XLM,ETC,LINK,UNI,AAVE,INJ,FIL,VET,FET,GRT,THETA,XTZ,SAND,CHZ,DASH,HBAR","TON,SUI,ICP,MKR,RENDER,RNDR,ARB,OP,MATIC,POL,APT,SEI,EOS,MANA","CHZ,DASH,HBAR",1440,24,0.8,336,3.0,1.0,10.0,8760.0,1.6917966405304847,0.18488278792018398,0.520480776304412,0.35521540148497655,-0.7188313678843713,0.004302589376515685,220,66.6,0.5236145236145237
crypto,XRP,priority_with_coverage_fallback,30,30,"BTC,ETH,SOL,BNB,TRX,ADA,AVAX,DOT,NEAR,ATOM,ALGO,DOGE,BCH,LTC,XLM,ETC,LINK,UNI,AAVE,INJ,FIL,VET,FET,GRT,THETA,XTZ,SAND,CHZ,DASH,HBAR","TON,SUI,ICP,MKR,RENDER,RNDR,ARB,OP,MATIC,POL,APT,SEI,EOS,MANA","CHZ,DASH,HBAR",1440,72,0.8,336,1.0,0.0,10.0,8760.0,4.381636285338993,0.33420076472028537,1.102180588762828,0.3032177921908586,-0.8906297251976144,0.008155362590941094,209,50796.0,0.5046066619418852
crypto,XRP,priority_with_coverage_fallback,30,30,"BTC,ETH,SOL,BNB,TRX,ADA,AVAX,DOT,NEAR,ATOM,ALGO,DOGE,BCH,LTC,XLM,ETC,LINK,UNI,AAVE,INJ,FIL,VET,FET,GRT,THETA,XTZ,SAND,CHZ,DASH,HBAR","TON,SUI,ICP,MKR,RENDER,RNDR,ARB,OP,MATIC,POL,APT,SEI,EOS,MANA","CHZ,DASH,HBAR",1440,72,0.8,336,1.0,0.25,10.0,8760.0,3.0672182758890036,0.271702801278511,0.9705467950998635,0.279948172154393,-0.8945576860307398,0.01576312289759837,776,95.03753351206434,0.5068690231036136
crypto,XRP,priority_with_coverage_fallback,30,30,"BTC,ETH,SOL,BNB,TRX,ADA,AVAX,DOT,NEAR,ATOM,ALGO,DOGE,BCH,LTC,XLM,ETC,LINK,UNI,AAVE,INJ,FIL,VET,FET,GRT,THETA,XTZ,SAND,CHZ,DASH,HBAR","TON,SUI,ICP,MKR,RENDER,RNDR,ARB,OP,MATIC,POL,APT,SEI,EOS,MANA","CHZ,DASH,HBAR",1440,72,0.8,336,1.0,0.5,10.0,8760.0,9.620725118414335,0.4990014464165837,0.9240160347114652,0.5400354838781588,-0.7291285926114519,0.021278260189313933,1073,60.29678638941399,0.508731228642192
crypto,XRP,priority_with_coverage_fallback,30,30,"BTC,ETH,SOL,BNB,TRX,ADA,AVAX,DOT,NEAR,ATOM,ALGO,DOGE,BCH,LTC,XLM,ETC,LINK,UNI,AAVE,INJ,FIL,VET,FET,GRT,THETA,XTZ,SAND,CHZ,DASH,HBAR","TON,SUI,ICP,MKR,RENDER,RNDR,ARB,OP,MATIC,POL,APT,SEI,EOS,MANA","CHZ,DASH,HBAR",1440,72,0.8,336,1.0,0.75,10.0,8760.0,2.8076691456783403,0.2574168671846966,0.8960425013535246,0.2872819836066407,-0.7386082913354116,0.02914026441367441,1482,38.75305291723202,0.5080354329330206
crypto,XRP,priority_with_coverage_fallback,30,30,"BTC,ETH,SOL,BNB,TRX,ADA,AVAX,DOT,NEAR,ATOM,ALGO,DOGE,BCH,LTC,XLM,ETC,LINK,UNI,AAVE,INJ,FIL,VET,FET,GRT,THETA,XTZ,SAND,CHZ,DASH,HBAR","TON,SUI,ICP,MKR,RENDER,RNDR,ARB,OP,MATIC,POL,APT,SEI,EOS,MANA","CHZ,DASH,HBAR",1440,72,0.8,336,1.5,0.0,10.0,8760.0,12.720912464763154,0.5662385793751914,1.102033350125122,0.5138125623066689,-0.8710697596265629,0.005730266760541344,147,50787.0,0.5034162285624274
crypto,XRP,priority_with_coverage_fallback,30,30,"BTC,ETH,SOL,BNB,TRX,ADA,AVAX,DOT,NEAR,ATOM,ALGO,DOGE,BCH,LTC,XLM,ETC,LINK,UNI,AAVE,INJ,FIL,VET,FET,GRT,THETA,XTZ,SAND,CHZ,DASH,HBAR","TON,SUI,ICP,MKR,RENDER,RNDR,ARB,OP,MATIC,POL,APT,SEI,EOS,MANA","CHZ,DASH,HBAR",1440,72,0.8,336,1.5,0.25,10.0,8760.0,10.870534832042452,0.5278461754150816,0.9156336426310399,0.5764818491141663,-0.8682510888875488,0.010639130094656966,528,116.30078125,0.5074732139858261
crypto,XRP,priority_with_coverage_fallback,30,30,"BTC,ETH,SOL,BNB,TRX,ADA,AVAX,DOT,NEAR,ATOM,ALGO,DOGE,BCH,LTC,XLM,ETC,LINK,UNI,AAVE,INJ,FIL,VET,FET,GRT,THETA,XTZ,SAND,CHZ,DASH,HBAR","TON,SUI,ICP,MKR,RENDER,RNDR,ARB,OP,MATIC,POL,APT,SEI,EOS,MANA","CHZ,DASH,HBAR",1440,72,0.8,336,1.5,0.5,10.0,8760.0,18.565618237036222,0.6644100914735256,0.8643146870714677,0.7687131798312105,-0.730216407099008,0.012633966987405147,639,82.93037974683544,0.5094634816454248
crypto,XRP,priority_with_coverage_fallback,30,30,"BTC,ETH,SOL,BNB,TRX,ADA,AVAX,DOT,NEAR,ATOM,ALGO,DOGE,BCH,LTC,XLM,ETC,LINK,UNI,AAVE,INJ,FIL,VET,FET,GRT,THETA,XTZ,SAND,CHZ,DASH,HBAR","TON,SUI,ICP,MKR,RENDER,RNDR,ARB,OP,MATIC,POL,APT,SEI,EOS,MANA","CHZ,DASH,HBAR",1440,72,0.8,336,1.5,0.75,10.0,8760.0,10.691929551604646,0.5238830393907479,0.831647226138151,0.6299342111960845,-0.7378585352643987,0.014433231635766252,734,63.64931506849315,0.5091683884297521
crypto,XRP,priority_with_coverage_fallback,30,30,"BTC,ETH,SOL,BNB,TRX,ADA,AVAX,DOT,NEAR,ATOM,ALGO,DOGE,BCH,LTC,XLM,ETC,LINK,UNI,AAVE,INJ,FIL,VET,FET,GRT,THETA,XTZ,SAND,CHZ,DASH,HBAR","TON,SUI,ICP,MKR,RENDER,RNDR,ARB,OP,MATIC,POL,APT,SEI,EOS,MANA","CHZ,DASH,HBAR",1440,72,0.8,336,1.5,1.0,10.0,8760.0,6.741392866699921,0.4199518983568076,0.8042663250857337,0.5221552677989362,-0.7116789983927798,0.017718845341469138,903,42.946666666666665,0.5116423470971748
crypto,XRP,priority_with_coverage_fallback,30,30,"BTC,ETH,SOL,BNB,TRX,ADA,AVAX,DOT,NEAR,ATOM,ALGO,DOGE,BCH,LTC,XLM,ETC,LINK,UNI,AAVE,INJ,FIL,VET,FET,GRT,THETA,XTZ,SAND,CHZ,DASH,HBAR","TON,SUI,ICP,MKR,RENDER,RNDR,ARB,OP,MATIC,POL,APT,SEI,EOS,MANA","CHZ,DASH,HBAR",1440,72,0.8,336,2.0,0.0,10.0,8760.0,135.633114233449,1.3220212763510961,1.1012381623399032,1.2004862540742998,-0.8583700800920006,0.004556833294218884,117,50493.0,0.5054165923989464
crypto,XRP,priority_with_coverage_fallback,30,30,"BTC,ETH,SOL,BNB,TRX,ADA,AVAX,DOT,NEAR,ATOM,ALGO,DOGE,BCH,LTC,XLM,ETC,LINK,UNI,AAVE,INJ,FIL,VET,FET,GRT,THETA,XTZ,SAND,CHZ,DASH,HBAR","TON,SUI,ICP,MKR,RENDER,RNDR,ARB,OP,MATIC,POL,APT,SEI,EOS,MANA","CHZ,DASH,HBAR",1440,72,0.8,336,2.0,0.25,10.0,8760.0,27.333335640499122,0.773411460929005,0.8776961211663441,0.881183637796236,-0.8446391653940826,0.007822889775483063,391,122.64397905759162,0.5093276414087513
crypto,XRP,priority_with_coverage_fallback,30,30,"BTC,ETH,SOL,BNB,TRX,ADA,AVAX,DOT,NEAR,ATOM,ALGO,DOGE,BCH,LTC,XLM,ETC,LINK,UNI,AAVE,INJ,FIL,VET,FET,GRT,THETA,XTZ,SAND,CHZ,DASH,HBAR","TON,SUI,ICP,MKR,RENDER,RNDR,ARB,OP,MATIC,POL,APT,SEI,EOS,MANA","CHZ,DASH,HBAR",1440,72,0.8,336,2.0,0.5,10.0,8760.0,35.503335271790355,0.852084602895071,0.8305474824008192,1.0259312332535109,-0.6878439615095465,0.00852694985527654,430,94.49056603773585,0.5106329872204473
crypto,XRP,priority_with_coverage_fallback,30,30,"BTC,ETH,SOL,BNB,TRX,ADA,AVAX,DOT,NEAR,ATOM,ALGO,DOGE,BCH,LTC,XLM,ETC,LINK,UNI,AAVE,INJ,FIL,VET,FET,GRT,THETA,XTZ,SAND,CHZ,DASH,HBAR","TON,SUI,ICP,MKR,RENDER,RNDR,ARB,OP,MATIC,POL,APT,SEI,EOS,MANA","CHZ,DASH,HBAR",1440,72,0.8,336,2.0,0.75,10.0,8760.0,19.038953263774463,0.6712403202668682,0.8002765910637339,0.8387604082916511,-0.7080505459125837,0.009074552139560354,461,75.38427947598254,0.5109193071887853
crypto,XRP,priority_with_coverage_fallback,30,30,"BTC,ETH,SOL,BNB,TRX,ADA,AVAX,DOT,NEAR,ATOM,ALGO,DOGE,BCH,LTC,XLM,ETC,LINK,UNI,AAVE,INJ,FIL,VET,FET,GRT,THETA,XTZ,SAND,CHZ,DASH,HBAR","TON,SUI,ICP,MKR,RENDER,RNDR,ARB,OP,MATIC,POL,APT,SEI,EOS,MANA","CHZ,DASH,HBAR",1440,72,0.8,336,2.0,1.0,10.0,8760.0,8.225264066050872,0.463259694602816,0.7598840965444925,0.6096452034059531,-0.7252537333979485,0.00985684111710866,502,58.008,0.5106881809405599
crypto,XRP,priority_with_coverage_fallback,30,30,"BTC,ETH,SOL,BNB,TRX,ADA,AVAX,DOT,NEAR,ATOM,ALGO,DOGE,BCH,LTC,XLM,ETC,LINK,UNI,AAVE,INJ,FIL,VET,FET,GRT,THETA,XTZ,SAND,CHZ,DASH,HBAR","TON,SUI,ICP,MKR,RENDER,RNDR,ARB,OP,MATIC,POL,APT,SEI,EOS,MANA","CHZ,DASH,HBAR",1440,72,0.8,336,2.5,0.0,10.0,8760.0,28.51504825008097,0.7858695919654941,1.100759719745163,0.7139338203140562,-0.8848895284489696,0.003070484236877102,79,50009.0,0.5075086484432803
crypto,XRP,priority_with_coverage_fallback,30,30,"BTC,ETH,SOL,BNB,TRX,ADA,AVAX,DOT,NEAR,ATOM,ALGO,DOGE,BCH,LTC,XLM,ETC,LINK,UNI,AAVE,INJ,FIL,VET,FET,GRT,THETA,XTZ,SAND,CHZ,DASH,HBAR","TON,SUI,ICP,MKR,RENDER,RNDR,ARB,OP,MATIC,POL,APT,SEI,EOS,MANA","CHZ,DASH,HBAR",1440,72,0.8,336,2.5,0.25,10.0,8760.0,10.1568260713893,0.5117013940233153,0.8333418559425784,0.6140353930075176,-0.7959869286959085,0.005436908393960729,274,139.88148148148147,0.510167337428511
crypto,XRP,priority_with_coverage_fallback,30,30,"BTC,ETH,SOL,BNB,TRX,ADA,AVAX,DOT,NEAR,ATOM,ALGO,DOGE,BCH,LTC,XLM,ETC,LINK,UNI,AAVE,INJ,FIL,VET,FET,GRT,THETA,XTZ,SAND,CHZ,DASH,HBAR","TON,SUI,ICP,MKR,RENDER,RNDR,ARB,OP,MATIC,POL,APT,SEI,EOS,MANA","CHZ,DASH,HBAR",1440,72,0.8,336,2.5,0.5,10.0,8760.0,12.539578276468099,0.5626727806406757,0.7860648271199544,0.7158096396479666,-0.6595932092474843,0.005788938433857467,294,106.53424657534246,0.510993956538511
crypto,XRP,priority_with_coverage_fallback,30,30,"BTC,ETH,SOL,BNB,TRX,ADA,AVAX,DOT,NEAR,ATOM,ALGO,DOGE,BCH,LTC,XLM,ETC,LINK,UNI,AAVE,INJ,FIL,VET,FET,GRT,THETA,XTZ,SAND,CHZ,DASH,HBAR","TON,SUI,ICP,MKR,RENDER,RNDR,ARB,OP,MATIC,POL,APT,SEI,EOS,MANA","CHZ,DASH,HBAR",1440,72,0.8,336,2.5,0.75,10.0,8760.0,9.217236827989465,0.48908780335444213,0.7559140609328988,0.6470150889253766,-0.6841507244769414,0.005945396229367128,303,88.83443708609272,0.5120023855673177
crypto,XRP,priority_with_coverage_fallback,30,30,"BTC,ETH,SOL,BNB,TRX,ADA,AVAX,DOT,NEAR,ATOM,ALGO,DOGE,BCH,LTC,XLM,ETC,LINK,UNI,AAVE,INJ,FIL,VET,FET,GRT,THETA,XTZ,SAND,CHZ,DASH,HBAR","TON,SUI,ICP,MKR,RENDER,RNDR,ARB,OP,MATIC,POL,APT,SEI,EOS,MANA","CHZ,DASH,HBAR",1440,72,0.8,336,2.5,1.0,10.0,8760.0,4.140939275132135,0.32378273030409455,0.7143924097527563,0.45322812208510493,-0.6983049946125341,0.0062583118203864505,320,71.18125,0.5103169725173413
crypto,XRP,priority_with_coverage_fallback,30,30,"BTC,ETH,SOL,BNB,TRX,ADA,AVAX,DOT,NEAR,ATOM,ALGO,DOGE,BCH,LTC,XLM,ETC,LINK,UNI,AAVE,INJ,FIL,VET,FET,GRT,THETA,XTZ,SAND,CHZ,DASH,HBAR","TON,SUI,ICP,MKR,RENDER,RNDR,ARB,OP,MATIC,POL,APT,SEI,EOS,MANA","CHZ,DASH,HBAR",1440,72,0.8,336,3.0,0.0,10.0,8760.0,9.545027750728797,0.4971656428509632,1.099972889197743,0.4519799058080125,-0.8904968947329208,0.0020143941171868887,52,49090.0,0.5124872682827459
crypto,XRP,priority_with_coverage_fallback,30,30,"BTC,ETH,SOL,BNB,TRX,ADA,AVAX,DOT,NEAR,ATOM,ALGO,DOGE,BCH,LTC,XLM,ETC,LINK,UNI,AAVE,INJ,FIL,VET,FET,GRT,THETA,XTZ,SAND,CHZ,DASH,HBAR","TON,SUI,ICP,MKR,RENDER,RNDR,ARB,OP,MATIC,POL,APT,SEI,EOS,MANA","CHZ,DASH,HBAR",1440,72,0.8,336,3.0,0.25,10.0,8760.0,10.589625750659936,0.5215903320278623,0.6945838701088853,0.7509393098145167,-0.6742848369880614,0.004067902683251193,207,140.7766990291262,0.5175172413793103
crypto,XRP,priority_with_coverage_fallback,30,30,"BTC,ETH,SOL,BNB,TRX,ADA,AVAX,DOT,NEAR,ATOM,ALGO,DOGE,BCH,LTC,XLM,ETC,LINK,UNI,AAVE,INJ,FIL,VET,FET,GRT,THETA,XTZ,SAND,CHZ,DASH,HBAR","TON,SUI,ICP,MKR,RENDER,RNDR,ARB,OP,MATIC,POL,APT,SEI,EOS,MANA","CHZ,DASH,HBAR",1440,72,0.8,336,3.0,0.5,10.0,8760.0,6.005058971049599,0.3958444885536403,0.6755298081412768,0.5859763459480909,-0.641664217329064,0.004185246029883439,213,109.15094339622641,0.5179775280898876
crypto,XRP,priority_with_coverage_fallback,30,30,"BTC,ETH,SOL,BNB,TRX,ADA,AVAX,DOT,NEAR,ATOM,ALGO,DOGE,BCH,LTC,XLM,ETC,LINK,UNI,AAVE,INJ,FIL,VET,FET,GRT,THETA,XTZ,SAND,CHZ,DASH,HBAR","TON,SUI,ICP,MKR,RENDER,RNDR,ARB,OP,MATIC,POL,APT,SEI,EOS,MANA","CHZ,DASH,HBAR",1440,72,0.8,336,3.0,0.75,10.0,8760.0,3.0771566009389977,0.27223463197732256,0.6447672574255424,0.42222155179578136,-0.6706580382652096,0.004185246029883439,214,92.48598130841121,0.5175828617623283
crypto,XRP,priority_with_coverage_fallback,30,30,"BTC,ETH,SOL,BNB,TRX,ADA,AVAX,DOT,NEAR,ATOM,ALGO,DOGE,BCH,LTC,XLM,ETC,LINK,UNI,AAVE,INJ,FIL,VET,FET,GRT,THETA,XTZ,SAND,CHZ,DASH,HBAR","TON,SUI,ICP,MKR,RENDER,RNDR,ARB,OP,MATIC,POL,APT,SEI,EOS,MANA","CHZ,DASH,HBAR",1440,72,0.8,336,3.0,1.0,10.0,8760.0,1.175284994309684,0.14241449098650816,0.6089663891567815,0.2338626458246825,-0.7160083281574576,0.0043417038253931,222,75.48648648648648,0.5171261487050961
crypto,XRP,priority_with_coverage_fallback,30,30,"BTC,ETH,SOL,BNB,TRX,ADA,AVAX,DOT,NEAR,ATOM,ALGO,DOGE,BCH,LTC,XLM,ETC,LINK,UNI,AAVE,INJ,FIL,VET,FET,GRT,THETA,XTZ,SAND,CHZ,DASH,HBAR","TON,SUI,ICP,MKR,RENDER,RNDR,ARB,OP,MATIC,POL,APT,SEI,EOS,MANA","CHZ,DASH,HBAR",1440,168,0.8,336,1.0,0.0,10.0,8760.0,0.6435076209470549,0.08884557108516189,1.2546480178325963,0.07081314426227889,-0.9529691899256552,0.0076859892044121095,197,50774.0,0.4994879268917162
crypto,XRP,priority_with_coverage_fallback,30,30,"BTC,ETH,SOL,BNB,TRX,ADA,AVAX,DOT,NEAR,ATOM,ALGO,DOGE,BCH,LTC,XLM,ETC,LINK,UNI,AAVE,INJ,FIL,VET,FET,GRT,THETA,XTZ,SAND,CHZ,DASH,HBAR","TON,SUI,ICP,MKR,RENDER,RNDR,ARB,OP,MATIC,POL,APT,SEI,EOS,MANA","CHZ,DASH,HBAR",1440,168,0.8,336,1.0,0.25,10.0,8760.0,0.43274143287943434,0.0635425550392692,1.1565210253747122,0.05494284465661266,-0.9391101511889672,0.013905186575921146,676,112.86292834890966,0.49924093957879045
crypto,XRP,priority_with_coverage_fallback,30,30,"BTC,ETH,SOL,BNB,TRX,ADA,AVAX,DOT,NEAR,ATOM,ALGO,DOGE,BCH,LTC,XLM,ETC,LINK,UNI,AAVE,INJ,FIL,VET,FET,GRT,THETA,XTZ,SAND,CHZ,DASH,HBAR","TON,SUI,ICP,MKR,RENDER,RNDR,ARB,OP,MATIC,POL,APT,SEI,EOS,MANA","CHZ,DASH,HBAR",1440,168,0.8,336,1.0,0.5,10.0,8760.0,1.2802796174534614,0.1516777661593942,1.1266682093890321,0.1346250518967299,-0.8871713775245855,0.018266447625752955,907,74.71363636363637,0.49939161647502583
crypto,XRP,priority_with_coverage_fallback,30,30,"BTC,ETH,SOL,BNB,TRX,ADA,AVAX,DOT,NEAR,ATOM,ALGO,DOGE,BCH,LTC,XLM,ETC,LINK,UNI,AAVE,INJ,FIL,VET,FET,GRT,THETA,XTZ,SAND,CHZ,DASH,HBAR","TON,SUI,ICP,MKR,RENDER,RNDR,ARB,OP,MATIC,POL,APT,SEI,EOS,MANA","CHZ,DASH,HBAR",1440,168,0.8,336,1.0,0.75,10.0,8760.0,1.0664914903963911,0.13241660620953088,1.1050615708014238,0.11982735596668917,-0.9143496565893399,0.026519596338887584,1338,44.71666666666667,0.49879714024328264
crypto,XRP,priority_with_coverage_fallback,30,30,"BTC,ETH,SOL,BNB,TRX,ADA,AVAX,DOT,NEAR,ATOM,ALGO,DOGE,BCH,LTC,XLM,ETC,LINK,UNI,AAVE,INJ,FIL,VET,FET,GRT,THETA,XTZ,SAND,CHZ,DASH,HBAR","TON,SUI,ICP,MKR,RENDER,RNDR,ARB,OP,MATIC,POL,APT,SEI,EOS,MANA","CHZ,DASH,HBAR",1440,168,0.8,336,1.5,0.0,10.0,8760.0,9.355440798366839,0.4925194123472041,1.2542782657052418,0.3926715672381325,-0.9410419976182627,0.005652037862786514,145,50628.0,0.49911116378288695
crypto,XRP,priority_with_coverage_fallback,30,30,"BTC,ETH,SOL,BNB,TRX,ADA,AVAX,DOT,NEAR,ATOM,ALGO,DOGE,BCH,LTC,XLM,ETC,LINK,UNI,AAVE,INJ,FIL,VET,FET,GRT,THETA,XTZ,SAND,CHZ,DASH,HBAR","TON,SUI,ICP,MKR,RENDER,RNDR,ARB,OP,MATIC,POL,APT,SEI,EOS,MANA","CHZ,DASH,HBAR",1440,168,0.8,336,1.5,0.25,10.0,8760.0,12.144395964222372,0.5547625965159366,1.1190550607513408,0.49574200231351034,-0.9228560046454862,0.009895955565986075,481,137.6578947368421,0.49987255464219715
crypto,XRP,priority_with_coverage_fallback,30,30,"BTC,ETH,SOL,BNB,TRX,ADA,AVAX,DOT,NEAR,ATOM,ALGO,DOGE,BCH,LTC,XLM,ETC,LINK,UNI,AAVE,INJ,FIL,VET,FET,GRT,THETA,XTZ,SAND,CHZ,DASH,HBAR","TON,SUI,ICP,MKR,RENDER,RNDR,ARB,OP,MATIC,POL,APT,SEI,EOS,MANA","CHZ,DASH,HBAR",1440,168,0.8,336,1.5,0.5,10.0,8760.0,12.258556788166015,0.5570677213876201,1.0852817687102208,0.5132931718273079,-0.8888842048217472,0.011382304623327857,565,101.35766423357664,0.49913582025061215
crypto,XRP,priority_with_coverage_fallback,30,30,"BTC,ETH,SOL,BNB,TRX,ADA,AVAX,DOT,NEAR,ATOM,ALGO,DOGE,BCH,LTC,XLM,ETC,LINK,UNI,AAVE,INJ,FIL,VET,FET,GRT,THETA,XTZ,SAND,CHZ,DASH,HBAR","TON,SUI,ICP,MKR,RENDER,RNDR,ARB,OP,MATIC,POL,APT,SEI,EOS,MANA","CHZ,DASH,HBAR",1440,168,0.8,336,1.5,0.75,10.0,8760.0,5.8500951515064745,0.39050519897895697,1.0628866739024265,0.3674005974175997,-0.9117694669681804,0.013729171555972777,691,71.0764705882353,0.4997517172887528
crypto,XRP,priority_with_coverage_fallback,30,30,"BTC,ETH,SOL,BNB,TRX,ADA,AVAX,DOT,NEAR,ATOM,ALGO,DOGE,BCH,LTC,XLM,ETC,LINK,UNI,AAVE,INJ,FIL,VET,FET,GRT,THETA,XTZ,SAND,CHZ,DASH,HBAR","TON,SUI,ICP,MKR,RENDER,RNDR,ARB,OP,MATIC,POL,APT,SEI,EOS,MANA","CHZ,DASH,HBAR",1440,168,0.8,336,1.5,1.0,10.0,8760.0,4.616215782835056,0.34398887309872084,1.0363653490272442,0.3319185395590431,-0.9070274730397826,0.01654541187514668,835,50.6747572815534,0.4991857457610882
crypto,XRP,priority_with_coverage_fallback,30,30,"BTC,ETH,SOL,BNB,TRX,ADA,AVAX,DOT,NEAR,ATOM,ALGO,DOGE,BCH,LTC,XLM,ETC,LINK,UNI,AAVE,INJ,FIL,VET,FET,GRT,THETA,XTZ,SAND,CHZ,DASH,HBAR","TON,SUI,ICP,MKR,RENDER,RNDR,ARB,OP,MATIC,POL,APT,SEI,EOS,MANA","CHZ,DASH,HBAR",1440,168,0.8,336,2.0,0.0,10.0,8760.0,28.109932338683013,0.781646014086298,1.2539562908489463,0.6233439074316637,-0.8335441988971549,0.0040874599076899006,105,50475.0,0.5030807330361565
crypto,XRP,priority_with_coverage_fallback,30,30,"BTC,ETH,SOL,BNB,TRX,ADA,AVAX,DOT,NEAR,ATOM,ALGO,DOGE,BCH,LTC,XLM,ETC,LINK,UNI,AAVE,INJ,FIL,VET,FET,GRT,THETA,XTZ,SAND,CHZ,DASH,HBAR","TON,SUI,ICP,MKR,RENDER,RNDR,ARB,OP,MATIC,POL,APT,SEI,EOS,MANA","CHZ,DASH,HBAR",1440,168,0.8,336,2.0,0.25,10.0,8760.0,16.158856033310947,0.6273993133710218,1.0748805628907452,0.583692118949213,-0.8065729126423653,0.007157944144567003,352,151.14792899408283,0.5029752583777012
crypto,XRP,priority_with_coverage_fallback,30,30,"BTC,ETH,SOL,BNB,TRX,ADA,AVAX,DOT,NEAR,ATOM,ALGO,DOGE,BCH,LTC,XLM,ETC,LINK,UNI,AAVE,INJ,FIL,VET,FET,GRT,THETA,XTZ,SAND,CHZ,DASH,HBAR","TON,SUI,ICP,MKR,RENDER,RNDR,ARB,OP,MATIC,POL,APT,SEI,EOS,MANA","CHZ,DASH,HBAR",1440,168,0.8,336,2.0,0.5,10.0,8760.0,6.659678155495895,0.417372765931471,1.0398733601726162,0.4013688415502713,-0.8313126735056086,0.007862004224360479,394,115.11398963730569,0.5021380024305712
crypto,XRP,priority_with_coverage_fallback,30,30,"BTC,ETH,SOL,BNB,TRX,ADA,AVAX,DOT,NEAR,ATOM,ALGO,DOGE,BCH,LTC,XLM,ETC,LINK,UNI,AAVE,INJ,FIL,VET,FET,GRT,THETA,XTZ,SAND,CHZ,DASH,HBAR","TON,SUI,ICP,MKR,RENDER,RNDR,ARB,OP,MATIC,POL,APT,SEI,EOS,MANA","CHZ,DASH,HBAR",1440,168,0.8,336,2.0,0.75,10.0,8760.0,3.832453543444049,0.3098226258294372,1.00843959468463,0.3072297314211747,-0.8289424460426051,0.00844872095752171,429,88.44131455399061,0.5014332731712496
crypto,XRP,priority_with_coverage_fallback,30,30,"BTC,ETH,SOL,BNB,TRX,ADA,AVAX,DOT,NEAR,ATOM,ALGO,DOGE,BCH,LTC,XLM,ETC,LINK,UNI,AAVE,INJ,FIL,VET,FET,GRT,THETA,XTZ,SAND,CHZ,DASH,HBAR","TON,SUI,ICP,MKR,RENDER,RNDR,ARB,OP,MATIC,POL,APT,SEI,EOS,MANA","CHZ,DASH,HBAR",1440,168,0.8,336,2.0,1.0,10.0,8760.0,5.072970214617742,0.3621134857257273,0.9707962686213935,0.37300667238859164,-0.7833894853769259,0.0091918954861926,467,68.04310344827586,0.5000633472697327
crypto,XRP,priority_with_coverage_fallback,30,30,"BTC,ETH,SOL,BNB,TRX,ADA,AVAX,DOT,NEAR,ATOM,ALGO,DOGE,BCH,LTC,XLM,ETC,LINK,UNI,AAVE,INJ,FIL,VET,FET,GRT,THETA,XTZ,SAND,CHZ,DASH,HBAR","TON,SUI,ICP,MKR,RENDER,RNDR,ARB,OP,MATIC,POL,APT,SEI,EOS,MANA","CHZ,DASH,HBAR",1440,168,0.8,336,2.5,0.0,10.0,8760.0,4.55393716617691,0.34142375975898287,1.2535009933813892,0.27237613816162454,-0.9059366620721182,0.0027184541969803647,70,49920.0,0.5050280448717949
crypto,XRP,priority_with_coverage_fallback,30,30,"BTC,ETH,SOL,BNB,TRX,ADA,AVAX,DOT,NEAR,ATOM,ALGO,DOGE,BCH,LTC,XLM,ETC,LINK,UNI,AAVE,INJ,FIL,VET,FET,GRT,THETA,XTZ,SAND,CHZ,DASH,HBAR","TON,SUI,ICP,MKR,RENDER,RNDR,ARB,OP,MATIC,POL,APT,SEI,EOS,MANA","CHZ,DASH,HBAR",1440,168,0.8,336,2.5,0.25,10.0,8760.0,3.1317293483991993,0.27513598963833785,0.8342512942149071,0.3297998954826452,-0.7707496287247302,0.00492842055855433,247,166.71900826446281,0.5028999157289447
crypto,XRP,priority_with_coverage_fallback,30,30,"BTC,ETH,SOL,BNB,TRX,ADA,AVAX,DOT,NEAR,ATOM,ALGO,DOGE,BCH,LTC,XLM,ETC,LINK,UNI,AAVE,INJ,FIL,VET,FET,GRT,THETA,XTZ,SAND,CHZ,DASH,HBAR","TON,SUI,ICP,MKR,RENDER,RNDR,ARB,OP,MATIC,POL,APT,SEI,EOS,MANA","CHZ,DASH,HBAR",1440,168,0.8,336,2.5,0.5,10.0,8760.0,1.441141400546429,0.16520655814219354,0.8134460883665962,0.203094661717446,-0.7658508116540232,0.005241336149573652,267,128.57142857142858,0.5029824561403509
crypto,XRP,priority_with_coverage_fallback,30,30,"BTC,ETH,SOL,BNB,TRX,ADA,AVAX,DOT,NEAR,ATOM,ALGO,DOGE,BCH,LTC,XLM,ETC,LINK,UNI,AAVE,INJ,FIL,VET,FET,GRT,THETA,XTZ,SAND,CHZ,DASH,HBAR","TON,SUI,ICP,MKR,RENDER,RNDR,ARB,OP,MATIC,POL,APT,SEI,EOS,MANA","CHZ,DASH,HBAR",1440,168,0.8,336,2.5,0.75,10.0,8760.0,0.5485392134694016,0.07779885237748196,0.7878169450980435,0.09875244860060725,-0.7874356203561902,0.005476022842838144,280,102.50714285714285,0.5021252874364156
crypto,XRP,priority_with_coverage_fallback,30,30,"BTC,ETH,SOL,BNB,TRX,ADA,AVAX,DOT,NEAR,ATOM,ALGO,DOGE,BCH,LTC,XLM,ETC,LINK,UNI,AAVE,INJ,FIL,VET,FET,GRT,THETA,XTZ,SAND,CHZ,DASH,HBAR","TON,SUI,ICP,MKR,RENDER,RNDR,ARB,OP,MATIC,POL,APT,SEI,EOS,MANA","CHZ,DASH,HBAR",1440,168,0.8,336,2.5,1.0,10.0,8760.0,0.34922063510825696,0.05265481789485915,0.762158347317491,0.06908645438337609,-0.7684020899932249,0.005749823984980052,294,79.74829931972789,0.5017486991384458
crypto,XRP,priority_with_coverage_fallback,30,30,"BTC,ETH,SOL,BNB,TRX,ADA,AVAX,DOT,NEAR,ATOM,ALGO,DOGE,BCH,LTC,XLM,ETC,LINK,UNI,AAVE,INJ,FIL,VET,FET,GRT,THETA,XTZ,SAND,CHZ,DASH,HBAR","TON,SUI,ICP,MKR,RENDER,RNDR,ARB,OP,MATIC,POL,APT,SEI,EOS,MANA","CHZ,DASH,HBAR",1440,168,0.8,336,3.0,0.0,10.0,8760.0,6.529684818132926,0.4132224522696959,1.2524626170234368,0.32992797282185343,-0.9082147455738209,0.0018970507705546428,49,48947.0,0.5077532841645045
crypto,XRP,priority_with_coverage_fallback,30,30,"BTC,ETH,SOL,BNB,TRX,ADA,AVAX,DOT,NEAR,ATOM,ALGO,DOGE,BCH,LTC,XLM,ETC,LINK,UNI,AAVE,INJ,FIL,VET,FET,GRT,THETA,XTZ,SAND,CHZ,DASH,HBAR","TON,SUI,ICP,MKR,RENDER,RNDR,ARB,OP,MATIC,POL,APT,SEI,EOS,MANA","CHZ,DASH,HBAR",1440,168,0.8,336,3.0,0.25,10.0,8760.0,7.612133494777709,0.4461201476884138,0.8052825545546753,0.5539920679582089,-0.7707496287247304,0.0036376437455996244,183,177.7888888888889,0.5060308730704332
crypto,XRP,priority_with_coverage_fallback,30,30,"BTC,ETH,SOL,BNB,TRX,ADA,AVAX,DOT,NEAR,ATOM,ALGO,DOGE,BCH,LTC,XLM,ETC,LINK,UNI,AAVE,INJ,FIL,VET,FET,GRT,THETA,XTZ,SAND,CHZ,DASH,HBAR","TON,SUI,ICP,MKR,RENDER,RNDR,ARB,OP,MATIC,POL,APT,SEI,EOS,MANA","CHZ,DASH,HBAR",1440,168,0.8,336,3.0,0.5,10.0,8760.0,5.282620842079365,0.3700566247602537,0.7844751813712131,0.471725089012272,-0.7568655476974813,0.003911444887741531,199,132.53535353535352,0.5076594771739958
crypto,XRP,priority_with_coverage_fallback,30,30,"BTC,ETH,SOL,BNB,TRX,ADA,AVAX,DOT,NEAR,ATOM,ALGO,DOGE,BCH,LTC,XLM,ETC,LINK,UNI,AAVE,INJ,FIL,VET,FET,GRT,THETA,XTZ,SAND,CHZ,DASH,HBAR","TON,SUI,ICP,MKR,RENDER,RNDR,ARB,OP,MATIC,POL,APT,SEI,EOS,MANA","CHZ,DASH,HBAR",1440,168,0.8,336,3.0,0.75,10.0,8760.0,2.654268632422516,0.24858956301122537,0.759294008349969,0.327395660017703,-0.756865547697481,0.0040287882343737775,206,107.53398058252426,0.50776453593355
crypto,XRP,priority_with_coverage_fallback,30,30,"BTC,ETH,SOL,BNB,TRX,ADA,AVAX,DOT,NEAR,ATOM,ALGO,DOGE,BCH,LTC,XLM,ETC,LINK,UNI,AAVE,INJ,FIL,VET,FET,GRT,THETA,XTZ,SAND,CHZ,DASH,HBAR","TON,SUI,ICP,MKR,RENDER,RNDR,ARB,OP,MATIC,POL,APT,SEI,EOS,MANA","CHZ,DASH,HBAR",1440,168,0.8,336,3.0,1.0,10.0,8760.0,2.3096512516347802,0.22757987698436,0.7332360743439567,0.3103773599627937,-0.6813538635658258,0.004185246029883439,214,84.94392523364486,0.5100671140939598
crypto,XRP,priority_with_coverage_fallback,30,30,"BTC,ETH,SOL,BNB,TRX,ADA,AVAX,DOT,NEAR,ATOM,ALGO,DOGE,BCH,LTC,XLM,ETC,LINK,UNI,AAVE,INJ,FIL,VET,FET,GRT,THETA,XTZ,SAND,CHZ,DASH,HBAR","TON,SUI,ICP,MKR,RENDER,RNDR,ARB,OP,MATIC,POL,APT,SEI,EOS,MANA","CHZ,DASH,HBAR",1440,336,0.8,336,1.0,0.0,10.0,8760.0,-0.09073246155166204,-0.01616332796263875,1.3515234046669824,-0.011959340035714307,-0.9825412761020735,0.007216615817883126,185,50796.0,0.4989566107567525
crypto,XRP,priority_with_coverage_fallback,30,30,"BTC,ETH,SOL,BNB,TRX,ADA,AVAX,DOT,NEAR,ATOM,ALGO,DOGE,BCH,LTC,XLM,ETC,LINK,UNI,AAVE,INJ,FIL,VET,FET,GRT,THETA,XTZ,SAND,CHZ,DASH,HBAR","TON,SUI,ICP,MKR,RENDER,RNDR,ARB,OP,MATIC,POL,APT,SEI,EOS,MANA","CHZ,DASH,HBAR",1440,336,0.8,336,1.0,0.25,10.0,8760.0,0.3025088911302898,0.04631963808529016,1.264106409169663,0.03664219859126854,-0.960376982759056,0.013044668700618009,621,130.88194444444446,0.4993898233140553
crypto,XRP,priority_with_coverage_fallback,30,30,"BTC,ETH,SOL,BNB,TRX,ADA,AVAX,DOT,NEAR,ATOM,ALGO,DOGE,BCH,LTC,XLM,ETC,LINK,UNI,AAVE,INJ,FIL,VET,FET,GRT,THETA,XTZ,SAND,CHZ,DASH,HBAR","TON,SUI,ICP,MKR,RENDER,RNDR,ARB,OP,MATIC,POL,APT,SEI,EOS,MANA","CHZ,DASH,HBAR",1440,336,0.8,336,1.0,0.5,10.0,8760.0,0.2137786928734513,0.0337484918668427,1.2422502169068719,0.0271672255778505,-0.9403555183295451,0.016252053508566063,801,88.2720207253886,0.4987233293223373
crypto,XRP,priority_with_coverage_fallback,30,30,"BTC,ETH,SOL,BNB,TRX,ADA,AVAX,DOT,NEAR,ATOM,ALGO,DOGE,BCH,LTC,XLM,ETC,LINK,UNI,AAVE,INJ,FIL,VET,FET,GRT,THETA,XTZ,SAND,CHZ,DASH,HBAR","TON,SUI,ICP,MKR,RENDER,RNDR,ARB,OP,MATIC,POL,APT,SEI,EOS,MANA","CHZ,DASH,HBAR",1440,336,0.8,336,1.0,0.75,10.0,8760.0,-0.38958569346406147,-0.08109006176585332,1.2140052936265109,-0.06679547625663047,-0.9309735175085206,0.023370883204255653,1171,53.534843205574916,0.4969572716326597
crypto,XRP,priority_with_coverage_fallback,30,30,"BTC,ETH,SOL,BNB,TRX,ADA,AVAX,DOT,NEAR,ATOM,ALGO,DOGE,BCH,LTC,XLM,ETC,LINK,UNI,AAVE,INJ,FIL,VET,FET,GRT,THETA,XTZ,SAND,CHZ,DASH,HBAR","TON,SUI,ICP,MKR,RENDER,RNDR,ARB,OP,MATIC,POL,APT,SEI,EOS,MANA","CHZ,DASH,HBAR",1440,336,0.8,336,1.5,0.0,10.0,8760.0,-0.38031375945396095,-0.07871369664606243,1.3514436449000211,-0.05824415760369025,-0.960249570242807,0.005104435578502699,131,50787.0,0.4985527792545336
crypto,XRP,priority_with_coverage_fallback,30,30,"BTC,ETH,SOL,BNB,TRX,ADA,AVAX,DOT,NEAR,ATOM,ALGO,DOGE,BCH,LTC,XLM,ETC,LINK,UNI,AAVE,INJ,FIL,VET,FET,GRT,THETA,XTZ,SAND,CHZ,DASH,HBAR","TON,SUI,ICP,MKR,RENDER,RNDR,ARB,OP,MATIC,POL,APT,SEI,EOS,MANA","CHZ,DASH,HBAR",1440,336,0.8,336,1.5,0.25,10.0,8760.0,0.22595647089456472,0.03551801654248021,1.2131357140104948,0.029277859131738453,-0.9378091401013919,0.009563482750528046,459,154.40465116279069,0.4998945687863361
crypto,XRP,priority_with_coverage_fallback,30,30,"BTC,ETH,SOL,BNB,TRX,ADA,AVAX,DOT,NEAR,ATOM,ALGO,DOGE,BCH,LTC,XLM,ETC,LINK,UNI,AAVE,INJ,FIL,VET,FET,GRT,THETA,XTZ,SAND,CHZ,DASH,HBAR","TON,SUI,ICP,MKR,RENDER,RNDR,ARB,OP,MATIC,POL,APT,SEI,EOS,MANA","CHZ,DASH,HBAR",1440,336,0.8,336,1.5,0.5,10.0,8760.0,-0.3280211113206407,-0.06583768304798887,1.1777055853223883,-0.05590334619154097,-0.9181782028312717,0.010463115074708597,516,117.63453815261045,0.4971151548257144
crypto,XRP,priority_with_coverage_fallback,30,30,"BTC,ETH,SOL,BNB,TRX,ADA,AVAX,DOT,NEAR,ATOM,ALGO,DOGE,BCH,LTC,XLM,ETC,LINK,UNI,AAVE,INJ,FIL,VET,FET,GRT,THETA,XTZ,SAND,CHZ,DASH,HBAR","TON,SUI,ICP,MKR,RENDER,RNDR,ARB,OP,MATIC,POL,APT,SEI,EOS,MANA","CHZ,DASH,HBAR",1440,336,0.8,336,1.5,0.75,10.0,8760.0,-0.3140756003676106,-0.06254455288712168,1.1576522523647674,-0.05402706448275831,-0.9196713052400964,0.012418837518579364,618,85.60797342192691,0.4957699472213598
crypto,XRP,priority_with_coverage_fallback,30,30,"BTC,ETH,SOL,BNB,TRX,ADA,AVAX,DOT,NEAR,ATOM,ALGO,DOGE,BCH,LTC,XLM,ETC,LINK,UNI,AAVE,INJ,FIL,VET,FET,GRT,THETA,XTZ,SAND,CHZ,DASH,HBAR","TON,SUI,ICP,MKR,RENDER,RNDR,ARB,OP,MATIC,POL,APT,SEI,EOS,MANA","CHZ,DASH,HBAR",1440,336,0.8,336,1.5,1.0,10.0,8760.0,1.4284943258603722,0.16417011470965237,1.1274194126039105,0.14561583105126935,-0.8959951412331227,0.015254635062191975,767,58.02652519893899,0.4960687511428049
crypto,XRP,priority_with_coverage_fallback,30,30,"BTC,ETH,SOL,BNB,TRX,ADA,AVAX,DOT,NEAR,ATOM,ALGO,DOGE,BCH,LTC,XLM,ETC,LINK,UNI,AAVE,INJ,FIL,VET,FET,GRT,THETA,XTZ,SAND,CHZ,DASH,HBAR","TON,SUI,ICP,MKR,RENDER,RNDR,ARB,OP,MATIC,POL,APT,SEI,EOS,MANA","CHZ,DASH,HBAR",1440,336,0.8,336,2.0,0.0,10.0,8760.0,1.84898920989657,0.19646008128732007,1.3509681396333832,0.14542169835377028,-0.9323599155457829,0.0038918876633028242,100,50496.0,0.4998217680608365
crypto,XRP,priority_with_coverage_fallback,30,30,"BTC,ETH,SOL,BNB,TRX,ADA,AVAX,DOT,NEAR,ATOM,ALGO,DOGE,BCH,LTC,XLM,ETC,LINK,UNI,AAVE,INJ,FIL,VET,FET,GRT,THETA,XTZ,SAND,CHZ,DASH,HBAR","TON,SUI,ICP,MKR,RENDER,RNDR,ARB,OP,MATIC,POL,APT,SEI,EOS,MANA","CHZ,DASH,HBAR",1440,336,0.8,336,2.0,0.25,10.0,8760.0,0.7877501319880484,0.10465211569529975,1.1968677232765133,0.087438330619199,-0.9414099423936102,0.006981929124618634,337,173.56603773584905,0.5017212015798819
crypto,XRP,priority_with_coverage_fallback,30,30,"BTC,ETH,SOL,BNB,TRX,ADA,AVAX,DOT,NEAR,ATOM,ALGO,DOGE,BCH,LTC,XLM,ETC,LINK,UNI,AAVE,INJ,FIL,VET,FET,GRT,THETA,XTZ,SAND,CHZ,DASH,HBAR","TON,SUI,ICP,MKR,RENDER,RNDR,ARB,OP,MATIC,POL,APT,SEI,EOS,MANA","CHZ,DASH,HBAR",1440,336,0.8,336,2.0,0.5,10.0,8760.0,-0.0661815840354878,-0.011662390470907447,1.1623403682806694,-0.010033541627878262,-0.9212232179687436,0.007294844715637957,363,137.5084745762712,0.4995275072928222
crypto,XRP,priority_with_coverage_fallback,30,30,"BTC,ETH,SOL,BNB,TRX,ADA,AVAX,DOT,NEAR,ATOM,ALGO,DOGE,BCH,LTC,XLM,ETC,LINK,UNI,AAVE,INJ,FIL,VET,FET,GRT,THETA,XTZ,SAND,CHZ,DASH,HBAR","TON,SUI,ICP,MKR,RENDER,RNDR,ARB,OP,MATIC,POL,APT,SEI,EOS,MANA","CHZ,DASH,HBAR",1440,336,0.8,336,2.0,0.75,10.0,8760.0,0.45607864581724344,0.06649060851179867,1.141589591073542,0.058243881191375795,-0.9132574821708455,0.008253148713134631,412,103.90547263681592,0.49863538424706727
crypto,XRP,priority_with_coverage_fallback,30,30,"BTC,ETH,SOL,BNB,TRX,ADA,AVAX,DOT,NEAR,ATOM,ALGO,DOGE,BCH,LTC,XLM,ETC,LINK,UNI,AAVE,INJ,FIL,VET,FET,GRT,THETA,XTZ,SAND,CHZ,DASH,HBAR","TON,SUI,ICP,MKR,RENDER,RNDR,ARB,OP,MATIC,POL,APT,SEI,EOS,MANA","CHZ,DASH,HBAR",1440,336,0.8,336,2.0,1.0,10.0,8760.0,-0.08051152998466615,-0.01427742440657831,0.8181195427973705,-0.017451513696592504,-0.8857055191398507,0.008800750997418446,444,78.37899543378995,0.49729099912612873
crypto,XRP,priority_with_coverage_fallback,30,30,"BTC,ETH,SOL,BNB,TRX,ADA,AVAX,DOT,NEAR,ATOM,ALGO,DOGE,BCH,LTC,XLM,ETC,LINK,UNI,AAVE,INJ,FIL,VET,FET,GRT,THETA,XTZ,SAND,CHZ,DASH,HBAR","TON,SUI,ICP,MKR,RENDER,RNDR,ARB,OP,MATIC,POL,APT,SEI,EOS,MANA","CHZ,DASH,HBAR",1440,336,0.8,336,2.5,0.0,10.0,8760.0,1.2692133817629205,0.15071830122611618,1.350979274704496,0.11156226009394798,-0.9726466198063377,0.0029531408902448565,76,50495.0,0.5033567679968314
crypto,XRP,priority_with_coverage_fallback,30,30,"BTC,ETH,SOL,BNB,TRX,ADA,AVAX,DOT,NEAR,ATOM,ALGO,DOGE,BCH,LTC,XLM,ETC,LINK,UNI,AAVE,INJ,FIL,VET,FET,GRT,THETA,XTZ,SAND,CHZ,DASH,HBAR","TON,SUI,ICP,MKR,RENDER,RNDR,ARB,OP,MATIC,POL,APT,SEI,EOS,MANA","CHZ,DASH,HBAR",1440,336,0.8,336,2.5,0.25,10.0,8760.0,-0.5583752089306572,-0.13065912545072644,1.105424100946434,-0.11819818777142606,-0.943494905752451,0.0048501916607994995,240,193.06896551724137,0.5018306840507234
crypto,XRP,priority_with_coverage_fallback,30,30,"BTC,ETH,SOL,BNB,TRX,ADA,AVAX,DOT,NEAR,ATOM,ALGO,DOGE,BCH,LTC,XLM,ETC,LINK,UNI,AAVE,INJ,FIL,VET,FET,GRT,THETA,XTZ,SAND,CHZ,DASH,HBAR","TON,SUI,ICP,MKR,RENDER,RNDR,ARB,OP,MATIC,POL,APT,SEI,EOS,MANA","CHZ,DASH,HBAR",1440,336,0.8,336,2.5,0.5,10.0,8760.0,-0.35808670668082254,-0.0731347412117096,1.0640793006424523,-0.06873053650000852,-0.8276735074329076,0.004967535007431746,250,158.34146341463415,0.5003080714725816
crypto,XRP,priority_with_coverage_fallback,30,30,"BTC,ETH,SOL,BNB,TRX,ADA,AVAX,DOT,NEAR,ATOM,ALGO,DOGE,BCH,LTC,XLM,ETC,LINK,UNI,AAVE,INJ,FIL,VET,FET,GRT,THETA,XTZ,SAND,CHZ,DASH,HBAR","TON,SUI,ICP,MKR,RENDER,RNDR,ARB,OP,MATIC,POL,APT,SEI,EOS,MANA","CHZ,DASH,HBAR",1440,336,0.8,336,2.5,0.75,10.0,8760.0,0.4305876690518995,0.06326848149116682,1.0381815111469295,0.06094163767304145,-0.7975793157192909,0.0055542517405929755,280,121.3840579710145,0.4997910572503134
crypto,XRP,priority_with_coverage_fallback,30,30,"BTC,ETH,SOL,BNB,TRX,ADA,AVAX,DOT,NEAR,ATOM,ALGO,DOGE,BCH,LTC,XLM,ETC,LINK,UNI,AAVE,INJ,FIL,VET,FET,GRT,THETA,XTZ,SAND,CHZ,DASH,HBAR","TON,SUI,ICP,MKR,RENDER,RNDR,ARB,OP,MATIC,POL,APT,SEI,EOS,MANA","CHZ,DASH,HBAR",1440,336,0.8,336,2.5,1.0,10.0,8760.0,-0.1745517300938404,-0.03233017197166743,0.6781532104557599,-0.047673846371588516,-0.830426921816766,0.005671595087225221,287,96.47183098591549,0.49799255420103655
crypto,XRP,priority_with_coverage_fallback,30,30,"BTC,ETH,SOL,BNB,TRX,ADA,AVAX,DOT,NEAR,ATOM,ALGO,DOGE,BCH,LTC,XLM,ETC,LINK,UNI,AAVE,INJ,FIL,VET,FET,GRT,THETA,XTZ,SAND,CHZ,DASH,HBAR","TON,SUI,ICP,MKR,RENDER,RNDR,ARB,OP,MATIC,POL,APT,SEI,EOS,MANA","CHZ,DASH,HBAR",1440,336,0.8,336,3.0,0.0,10.0,8760.0,7.810007942939542,0.45175909346247445,1.3491464838233906,0.3348480679297473,-0.9558801086039431,0.0020926230149417194,54,48776.0,0.5070936526160407
crypto,XRP,priority_with_coverage_fallback,30,30,"BTC,ETH,SOL,BNB,TRX,ADA,AVAX,DOT,NEAR,ATOM,ALGO,DOGE,BCH,LTC,XLM,ETC,LINK,UNI,AAVE,INJ,FIL,VET,FET,GRT,THETA,XTZ,SAND,CHZ,DASH,HBAR","TON,SUI,ICP,MKR,RENDER,RNDR,ARB,OP,MATIC,POL,APT,SEI,EOS,MANA","CHZ,DASH,HBAR",1440,336,0.8,336,3.0,0.25,10.0,8760.0,-0.741213712113244,-0.206723951396935,1.0746315520231322,-0.19236728254232863,-0.9761681890731048,0.00367675819447704,183,201.93258426966293,0.5032828844869798
crypto,XRP,priority_with_coverage_fallback,30,30,"BTC,ETH,SOL,BNB,TRX,ADA,AVAX,DOT,NEAR,ATOM,ALGO,DOGE,BCH,LTC,XLM,ETC,LINK,UNI,AAVE,INJ,FIL,VET,FET,GRT,THETA,XTZ,SAND,CHZ,DASH,HBAR","TON,SUI,ICP,MKR,RENDER,RNDR,ARB,OP,MATIC,POL,APT,SEI,EOS,MANA","CHZ,DASH,HBAR",1440,336,0.8,336,3.0,0.5,10.0,8760.0,-0.620295015359241,-0.1528697327702342,1.0312540809680892,-0.14823673000811577,-0.9340819796373795,0.003715872643354455,188,162.1505376344086,0.5032493368700265
crypto,XRP,priority_with_coverage_fallback,30,30,"BTC,ETH,SOL,BNB,TRX,ADA,AVAX,DOT,NEAR,ATOM,ALGO,DOGE,BCH,LTC,XLM,ETC,LINK,UNI,AAVE,INJ,FIL,VET,FET,GRT,THETA,XTZ,SAND,CHZ,DASH,HBAR","TON,SUI,ICP,MKR,RENDER,RNDR,ARB,OP,MATIC,POL,APT,SEI,EOS,MANA","CHZ,DASH,HBAR",1440,336,0.8,336,3.0,0.75,10.0,8760.0,-0.3566785102709523,-0.07278670824267497,1.0070081792275736,-0.07228015595514435,-0.9116116288077857,0.003989673785496362,202,124.66,0.5012032729022943
crypto,XRP,priority_with_coverage_fallback,30,30,"BTC,ETH,SOL,BNB,TRX,ADA,AVAX,DOT,NEAR,ATOM,ALGO,DOGE,BCH,LTC,XLM,ETC,LINK,UNI,AAVE,INJ,FIL,VET,FET,GRT,THETA,XTZ,SAND,CHZ,DASH,HBAR","TON,SUI,ICP,MKR,RENDER,RNDR,ARB,OP,MATIC,POL,APT,SEI,EOS,MANA","CHZ,DASH,HBAR",1440,336,0.8,336,3.0,1.0,10.0,8760.0,-0.43465988683021517,-0.09308748159813307,0.6210983113566675,-0.14987559923452654,-0.9088971917189819,0.0040287882343737775,204,100.07920792079207,0.5018796992481203
crypto,BNB,priority_with_coverage_fallback,30,30,"BTC,ETH,SOL,XRP,TRX,ADA,AVAX,DOT,NEAR,ATOM,ALGO,DOGE,BCH,LTC,XLM,ETC,LINK,UNI,AAVE,INJ,FIL,VET,FET,GRT,THETA,XTZ,SAND,CHZ,DASH,HBAR","TON,SUI,ICP,MKR,RENDER,RNDR,ARB,OP,MATIC,POL,APT,SEI,EOS,MANA","CHZ,DASH,HBAR",1440,24,0.8,336,1.0,0.0,10.0,8760.0,21.906876434347954,0.7099802815999565,0.6612177529689245,1.073746550833041,-0.7465762485303193,0.008663850426347493,222,50794.0,0.5032681025317951
crypto,BNB,priority_with_coverage_fallback,30,30,"BTC,ETH,SOL,XRP,TRX,ADA,AVAX,DOT,NEAR,ATOM,ALGO,DOGE,BCH,LTC,XLM,ETC,LINK,UNI,AAVE,INJ,FIL,VET,FET,GRT,THETA,XTZ,SAND,CHZ,DASH,HBAR","TON,SUI,ICP,MKR,RENDER,RNDR,ARB,OP,MATIC,POL,APT,SEI,EOS,MANA","CHZ,DASH,HBAR",1440,24,0.8,336,1.0,0.25,10.0,8760.0,4.595626684436798,0.3431434751319582,0.5796167415472552,0.592017881015575,-0.7552429490536987,0.015313306735508096,763,98.93817204301075,0.5040891183263143
crypto,BNB,priority_with_coverage_fallback,30,30,"BTC,ETH,SOL,XRP,TRX,ADA,AVAX,DOT,NEAR,ATOM,ALGO,DOGE,BCH,LTC,XLM,ETC,LINK,UNI,AAVE,INJ,FIL,VET,FET,GRT,THETA,XTZ,SAND,CHZ,DASH,HBAR","TON,SUI,ICP,MKR,RENDER,RNDR,ARB,OP,MATIC,POL,APT,SEI,EOS,MANA","CHZ,DASH,HBAR",1440,24,0.8,336,1.0,0.5,10.0,8760.0,4.3092061573749385,0.3311071054418129,0.5604909115147968,0.5907448250087669,-0.757164153961286,0.01938120941875929,983,68.92213114754098,0.5043705773919248
crypto,BNB,priority_with_coverage_fallback,30,30,"BTC,ETH,SOL,XRP,TRX,ADA,AVAX,DOT,NEAR,ATOM,ALGO,DOGE,BCH,LTC,XLM,ETC,LINK,UNI,AAVE,INJ,FIL,VET,FET,GRT,THETA,XTZ,SAND,CHZ,DASH,HBAR","TON,SUI,ICP,MKR,RENDER,RNDR,ARB,OP,MATIC,POL,APT,SEI,EOS,MANA","CHZ,DASH,HBAR",1440,24,0.8,336,1.0,0.75,10.0,8760.0,4.205515990920498,0.32661681299500533,0.5409040012801966,0.6038350839002443,-0.6929590224423036,0.02966830947351952,1512,39.8395225464191,0.5058091148174041
crypto,BNB,priority_with_coverage_fallback,30,30,"BTC,ETH,SOL,XRP,TRX,ADA,AVAX,DOT,NEAR,ATOM,ALGO,DOGE,BCH,LTC,XLM,ETC,LINK,UNI,AAVE,INJ,FIL,VET,FET,GRT,THETA,XTZ,SAND,CHZ,DASH,HBAR","TON,SUI,ICP,MKR,RENDER,RNDR,ARB,OP,MATIC,POL,APT,SEI,EOS,MANA","CHZ,DASH,HBAR",1440,24,0.8,336,1.5,0.0,10.0,8760.0,75.71272098551482,1.1033807981007073,0.6608402775165844,1.6696633598774813,-0.6579022513426069,0.006356097942579989,163,50723.0,0.5058454744396034
crypto,BNB,priority_with_coverage_fallback,30,30,"BTC,ETH,SOL,XRP,TRX,ADA,AVAX,DOT,NEAR,ATOM,ALGO,DOGE,BCH,LTC,XLM,ETC,LINK,UNI,AAVE,INJ,FIL,VET,FET,GRT,THETA,XTZ,SAND,CHZ,DASH,HBAR","TON,SUI,ICP,MKR,RENDER,RNDR,ARB,OP,MATIC,POL,APT,SEI,EOS,MANA","CHZ,DASH,HBAR",1440,24,0.8,336,1.5,0.25,10.0,8760.0,8.867154550970392,0.4802199055669145,0.5507607626408001,0.8719210556401028,-0.6469336746350658,0.01061957287021826,532,121.15325670498085,0.5049492425919484
crypto,BNB,priority_with_coverage_fallback,30,30,"BTC,ETH,SOL,XRP,TRX,ADA,AVAX,DOT,NEAR,ATOM,ALGO,DOGE,BCH,LTC,XLM,ETC,LINK,UNI,AAVE,INJ,FIL,VET,FET,GRT,THETA,XTZ,SAND,CHZ,DASH,HBAR","TON,SUI,ICP,MKR,RENDER,RNDR,ARB,OP,MATIC,POL,APT,SEI,EOS,MANA","CHZ,DASH,HBAR",1440,24,0.8,336,1.5,0.5,10.0,8760.0,8.107320340697088,0.4600375778614991,0.5298556639527299,0.8682318773939549,-0.6760083671584457,0.012105921927560041,614,92.00327868852459,0.5056484088236343
crypto,BNB,priority_with_coverage_fallback,30,30,"BTC,ETH,SOL,XRP,TRX,ADA,AVAX,DOT,NEAR,ATOM,ALGO,DOGE,BCH,LTC,XLM,ETC,LINK,UNI,AAVE,INJ,FIL,VET,FET,GRT,THETA,XTZ,SAND,CHZ,DASH,HBAR","TON,SUI,ICP,MKR,RENDER,RNDR,ARB,OP,MATIC,POL,APT,SEI,EOS,MANA","CHZ,DASH,HBAR",1440,24,0.8,336,1.5,0.75,10.0,8760.0,3.618651155585522,0.29970740131890783,0.49667274504833164,0.6034303357832591,-0.6170194087925385,0.01445278886020496,738,65.57181571815718,0.5050834848735328
crypto,BNB,priority_with_coverage_fallback,30,30,"BTC,ETH,SOL,XRP,TRX,ADA,AVAX,DOT,NEAR,ATOM,ALGO,DOGE,BCH,LTC,XLM,ETC,LINK,UNI,AAVE,INJ,FIL,VET,FET,GRT,THETA,XTZ,SAND,CHZ,DASH,HBAR","TON,SUI,ICP,MKR,RENDER,RNDR,ARB,OP,MATIC,POL,APT,SEI,EOS,MANA","CHZ,DASH,HBAR",1440,24,0.8,336,1.5,1.0,10.0,8760.0,1.6478248419920312,0.18154408557811164,0.4745326895783193,0.38257445601784756,-0.6055623192391311,0.017777517014785263,908,46.048458149779734,0.506553142638477
crypto,BNB,priority_with_coverage_fallback,30,30,"BTC,ETH,SOL,XRP,TRX,ADA,AVAX,DOT,NEAR,ATOM,ALGO,DOGE,BCH,LTC,XLM,ETC,LINK,UNI,AAVE,INJ,FIL,VET,FET,GRT,THETA,XTZ,SAND,CHZ,DASH,HBAR","TON,SUI,ICP,MKR,RENDER,RNDR,ARB,OP,MATIC,POL,APT,SEI,EOS,MANA","CHZ,DASH,HBAR",1440,24,0.8,336,2.0,0.0,10.0,8760.0,20.98864076708707,0.6980370161315392,0.6604678100235475,1.0568827209105804,-0.8169160613774937,0.004556833294218884,117,50684.0,0.5048141425301871
crypto,BNB,priority_with_coverage_fallback,30,30,"BTC,ETH,SOL,XRP,TRX,ADA,AVAX,DOT,NEAR,ATOM,ALGO,DOGE,BCH,LTC,XLM,ETC,LINK,UNI,AAVE,INJ,FIL,VET,FET,GRT,THETA,XTZ,SAND,CHZ,DASH,HBAR","TON,SUI,ICP,MKR,RENDER,RNDR,ARB,OP,MATIC,POL,APT,SEI,EOS,MANA","CHZ,DASH,HBAR",1440,24,0.8,336,2.0,0.25,10.0,8760.0,12.604899316576056,0.5639618042464096,0.5193308708309514,1.0859393036736809,-0.6887485734531349,0.007803332551044356,395,134.64285714285714,0.5058355437665782
crypto,BNB,priority_with_coverage_fallback,30,30,"BTC,ETH,SOL,XRP,TRX,ADA,AVAX,DOT,NEAR,ATOM,ALGO,DOGE,BCH,LTC,XLM,ETC,LINK,UNI,AAVE,INJ,FIL,VET,FET,GRT,THETA,XTZ,SAND,CHZ,DASH,HBAR","TON,SUI,ICP,MKR,RENDER,RNDR,ARB,OP,MATIC,POL,APT,SEI,EOS,MANA","CHZ,DASH,HBAR",1440,24,0.8,336,2.0,0.5,10.0,8760.0,12.756011753307758,0.5669242644879142,0.4954104429908275,1.1443526726351443,-0.7026529566410826,0.008468278181960416,431,104.46046511627907,0.5067010997818246
crypto,BNB,priority_with_coverage_fallback,30,30,"BTC,ETH,SOL,XRP,TRX,ADA,AVAX,DOT,NEAR,ATOM,ALGO,DOGE,BCH,LTC,XLM,ETC,LINK,UNI,AAVE,INJ,FIL,VET,FET,GRT,THETA,XTZ,SAND,CHZ,DASH,HBAR","TON,SUI,ICP,MKR,RENDER,RNDR,ARB,OP,MATIC,POL,APT,SEI,EOS,MANA","CHZ,DASH,HBAR",1440,24,0.8,336,2.0,0.75,10.0,8760.0,11.757665270983065,0.5468284265528174,0.4513533454266734,1.211530682321385,-0.575707228488475,0.009328796057263554,476,78.34873949579831,0.5073202123666005
crypto,BNB,priority_with_coverage_fallback,30,30,"BTC,ETH,SOL,XRP,TRX,ADA,AVAX,DOT,NEAR,ATOM,ALGO,DOGE,BCH,LTC,XLM,ETC,LINK,UNI,AAVE,INJ,FIL,VET,FET,GRT,THETA,XTZ,SAND,CHZ,DASH,HBAR","TON,SUI,ICP,MKR,RENDER,RNDR,ARB,OP,MATIC,POL,APT,SEI,EOS,MANA","CHZ,DASH,HBAR",1440,24,0.8,336,2.0,1.0,10.0,8760.0,5.557671611683088,0.3801509953578055,0.4254045867876668,0.8936222296717998,-0.5757072284884748,0.010150199483689275,518,61.166023166023166,0.5085847746496654
crypto,BNB,priority_with_coverage_fallback,30,30,"BTC,ETH,SOL,XRP,TRX,ADA,AVAX,DOT,NEAR,ATOM,ALGO,DOGE,BCH,LTC,XLM,ETC,LINK,UNI,AAVE,INJ,FIL,VET,FET,GRT,THETA,XTZ,SAND,CHZ,DASH,HBAR","TON,SUI,ICP,MKR,RENDER,RNDR,ARB,OP,MATIC,POL,APT,SEI,EOS,MANA","CHZ,DASH,HBAR",1440,24,0.8,336,2.5,0.0,10.0,8760.0,40.77495431820005,0.8953848762244647,0.6591605779638023,1.3583713986512624,-0.7485987443009772,0.0029922553391222716,77,50323.0,0.5061105260020269
crypto,BNB,priority_with_coverage_fallback,30,30,"BTC,ETH,SOL,XRP,TRX,ADA,AVAX,DOT,NEAR,ATOM,ALGO,DOGE,BCH,LTC,XLM,ETC,LINK,UNI,AAVE,INJ,FIL,VET,FET,GRT,THETA,XTZ,SAND,CHZ,DASH,HBAR","TON,SUI,ICP,MKR,RENDER,RNDR,ARB,OP,MATIC,POL,APT,SEI,EOS,MANA","CHZ,DASH,HBAR",1440,24,0.8,336,2.5,0.25,10.0,8760.0,14.575702822964528,0.6006326276601792,0.48002701304448503,1.2512475576130075,-0.6762929241819051,0.005632480638347806,287,135.73426573426573,0.5090674909840288
crypto,BNB,priority_with_coverage_fallback,30,30,"BTC,ETH,SOL,XRP,TRX,ADA,AVAX,DOT,NEAR,ATOM,ALGO,DOGE,BCH,LTC,XLM,ETC,LINK,UNI,AAVE,INJ,FIL,VET,FET,GRT,THETA,XTZ,SAND,CHZ,DASH,HBAR","TON,SUI,ICP,MKR,RENDER,RNDR,ARB,OP,MATIC,POL,APT,SEI,EOS,MANA","CHZ,DASH,HBAR",1440,24,0.8,336,2.5,0.5,10.0,8760.0,14.752889361371455,0.6037375328543304,0.4612676344937135,1.308866019869336,-0.6911437539329968,0.005945396229367128,303,109.41059602649007,0.5112281338902004
crypto,BNB,priority_with_coverage_fallback,30,30,"BTC,ETH,SOL,XRP,TRX,ADA,AVAX,DOT,NEAR,ATOM,ALGO,DOGE,BCH,LTC,XLM,ETC,LINK,UNI,AAVE,INJ,FIL,VET,FET,GRT,THETA,XTZ,SAND,CHZ,DASH,HBAR","TON,SUI,ICP,MKR,RENDER,RNDR,ARB,OP,MATIC,POL,APT,SEI,EOS,MANA","CHZ,DASH,HBAR",1440,24,0.8,336,2.5,0.75,10.0,8760.0,13.654865952198412,0.5840085087637683,0.41617203115717155,1.4032862975917082,-0.5709055151811213,0.0062583118203864505,319,84.00628930817611,0.5135135135135135
crypto,BNB,priority_with_coverage_fallback,30,30,"BTC,ETH,SOL,XRP,TRX,ADA,AVAX,DOT,NEAR,ATOM,ALGO,DOGE,BCH,LTC,XLM,ETC,LINK,UNI,AAVE,INJ,FIL,VET,FET,GRT,THETA,XTZ,SAND,CHZ,DASH,HBAR","TON,SUI,ICP,MKR,RENDER,RNDR,ARB,OP,MATIC,POL,APT,SEI,EOS,MANA","CHZ,DASH,HBAR",1440,24,0.8,336,2.5,1.0,10.0,8760.0,7.586774561210207,0.4453897381701195,0.3915979163548568,1.1373649336951983,-0.5709055151811218,0.006492998513650943,331,68.31515151515151,0.51375088715401
crypto,BNB,priority_with_coverage_fallback,30,30,"BTC,ETH,SOL,XRP,TRX,ADA,AVAX,DOT,NEAR,ATOM,ALGO,DOGE,BCH,LTC,XLM,ETC,LINK,UNI,AAVE,INJ,FIL,VET,FET,GRT,THETA,XTZ,SAND,CHZ,DASH,HBAR","TON,SUI,ICP,MKR,RENDER,RNDR,ARB,OP,MATIC,POL,APT,SEI,EOS,MANA","CHZ,DASH,HBAR",1440,24,0.8,336,3.0,0.0,10.0,8760.0,91.74086527846737,1.172878398270302,0.6591054988122739,1.7795002475079649,-0.6603257460025506,0.0019752796683094737,51,50315.0,0.5089337175792508
crypto,BNB,priority_with_coverage_fallback,30,30,"BTC,ETH,SOL,XRP,TRX,ADA,AVAX,DOT,NEAR,ATOM,ALGO,DOGE,BCH,LTC,XLM,ETC,LINK,UNI,AAVE,INJ,FIL,VET,FET,GRT,THETA,XTZ,SAND,CHZ,DASH,HBAR","TON,SUI,ICP,MKR,RENDER,RNDR,ARB,OP,MATIC,POL,APT,SEI,EOS,MANA","CHZ,DASH,HBAR",1440,24,0.8,336,3.0,0.25,10.0,8760.0,12.31833216472344,0.5582681465520196,0.3961525167462101,1.4092252931707783,-0.5980913619661992,0.003833215989986701,196,140.1122448979592,0.5137280605928192
crypto,BNB,priority_with_coverage_fallback,30,30,"BTC,ETH,SOL,XRP,TRX,ADA,AVAX,DOT,NEAR,ATOM,ALGO,DOGE,BCH,LTC,XLM,ETC,LINK,UNI,AAVE,INJ,FIL,VET,FET,GRT,THETA,XTZ,SAND,CHZ,DASH,HBAR","TON,SUI,ICP,MKR,RENDER,RNDR,ARB,OP,MATIC,POL,APT,SEI,EOS,MANA","CHZ,DASH,HBAR",1440,24,0.8,336,3.0,0.5,10.0,8760.0,10.786268543038487,0.5259825630006927,0.37605375291650034,1.398689838677086,-0.5709055151811215,0.003950559336618947,202,113.93069306930693,0.5155992004866603
crypto,BNB,priority_with_coverage_fallback,30,30,"BTC,ETH,SOL,XRP,TRX,ADA,AVAX,DOT,NEAR,ATOM,ALGO,DOGE,BCH,LTC,XLM,ETC,LINK,UNI,AAVE,INJ,FIL,VET,FET,GRT,THETA,XTZ,SAND,CHZ,DASH,HBAR","TON,SUI,ICP,MKR,RENDER,RNDR,ARB,OP,MATIC,POL,APT,SEI,EOS,MANA","CHZ,DASH,HBAR",1440,24,0.8,336,3.0,0.75,10.0,8760.0,8.349810366278072,0.4666253410391972,0.34100838509464965,1.3683691118319026,-0.5709055151811218,0.0041070171321286085,210,86.38095238095238,0.5187431091510474
crypto,BNB,priority_with_coverage_fallback,30,30,"BTC,ETH,SOL,XRP,TRX,ADA,AVAX,DOT,NEAR,ATOM,ALGO,DOGE,BCH,LTC,XLM,ETC,LINK,UNI,AAVE,INJ,FIL,VET,FET,GRT,THETA,XTZ,SAND,CHZ,DASH,HBAR","TON,SUI,ICP,MKR,RENDER,RNDR,ARB,OP,MATIC,POL,APT,SEI,EOS,MANA","CHZ,DASH,HBAR",1440,24,0.8,336,3.0,1.0,10.0,8760.0,5.659963185015686,0.3838156972933815,0.32888436071527205,1.167023255403943,-0.5709055151811218,0.00426347492763827,218,70.56880733944953,0.5191107644305772
crypto,BNB,priority_with_coverage_fallback,30,30,"BTC,ETH,SOL,XRP,TRX,ADA,AVAX,DOT,NEAR,ATOM,ALGO,DOGE,BCH,LTC,XLM,ETC,LINK,UNI,AAVE,INJ,FIL,VET,FET,GRT,THETA,XTZ,SAND,CHZ,DASH,HBAR","TON,SUI,ICP,MKR,RENDER,RNDR,ARB,OP,MATIC,POL,APT,SEI,EOS,MANA","CHZ,DASH,HBAR",1440,72,0.8,336,1.0,0.0,10.0,8760.0,20.223953550122847,0.6877712542808243,0.703660340788566,0.9774193803647718,-0.7462175300534082,0.008038019244308848,206,50795.0,0.5017226104931588
crypto,BNB,priority_with_coverage_fallback,30,30,"BTC,ETH,SOL,XRP,TRX,ADA,AVAX,DOT,NEAR,ATOM,ALGO,DOGE,BCH,LTC,XLM,ETC,LINK,UNI,AAVE,INJ,FIL,VET,FET,GRT,THETA,XTZ,SAND,CHZ,DASH,HBAR","TON,SUI,ICP,MKR,RENDER,RNDR,ARB,OP,MATIC,POL,APT,SEI,EOS,MANA","CHZ,DASH,HBAR",1440,72,0.8,336,1.0,0.25,10.0,8760.0,4.395771791011261,0.33480049692250047,0.6295004823243705,0.5318510570258526,-0.7506778487427644,0.014726590002346867,732,105.30898876404494,0.5027473993064817
crypto,BNB,priority_with_coverage_fallback,30,30,"BTC,ETH,SOL,XRP,TRX,ADA,AVAX,DOT,NEAR,ATOM,ALGO,DOGE,BCH,LTC,XLM,ETC,LINK,UNI,AAVE,INJ,FIL,VET,FET,GRT,THETA,XTZ,SAND,CHZ,DASH,HBAR","TON,SUI,ICP,MKR,RENDER,RNDR,ARB,OP,MATIC,POL,APT,SEI,EOS,MANA","CHZ,DASH,HBAR",1440,72,0.8,336,1.0,0.5,10.0,8760.0,2.990703387730953,0.26757178820194993,0.598832734423198,0.4468222473837839,-0.7092357580837763,0.018559805992333568,940,72.96137339055794,0.5034705882352941
crypto,BNB,priority_with_coverage_fallback,30,30,"BTC,ETH,SOL,XRP,TRX,ADA,AVAX,DOT,NEAR,ATOM,ALGO,DOGE,BCH,LTC,XLM,ETC,LINK,UNI,AAVE,INJ,FIL,VET,FET,GRT,THETA,XTZ,SAND,CHZ,DASH,HBAR","TON,SUI,ICP,MKR,RENDER,RNDR,ARB,OP,MATIC,POL,APT,SEI,EOS,MANA","CHZ,DASH,HBAR",1440,72,0.8,336,1.0,0.75,10.0,8760.0,3.7408245769439183,0.30553391056888923,0.5729058563189984,0.5333056159208915,-0.6557503530965955,0.027438785887506846,1398,43.57819225251076,0.5043787449792586
crypto,BNB,priority_with_coverage_fallback,30,30,"BTC,ETH,SOL,XRP,TRX,ADA,AVAX,DOT,NEAR,ATOM,ALGO,DOGE,BCH,LTC,XLM,ETC,LINK,UNI,AAVE,INJ,FIL,VET,FET,GRT,THETA,XTZ,SAND,CHZ,DASH,HBAR","TON,SUI,ICP,MKR,RENDER,RNDR,ARB,OP,MATIC,POL,APT,SEI,EOS,MANA","CHZ,DASH,HBAR",1440,72,0.8,336,1.5,0.0,10.0,8760.0,56.797070638077926,1.003788926783943,0.7035542816748771,1.4267398449972177,-0.7223998762323198,0.006082296800438082,156,50794.0,0.503209040437847
crypto,BNB,priority_with_coverage_fallback,30,30,"BTC,ETH,SOL,XRP,TRX,ADA,AVAX,DOT,NEAR,ATOM,ALGO,DOGE,BCH,LTC,XLM,ETC,LINK,UNI,AAVE,INJ,FIL,VET,FET,GRT,THETA,XTZ,SAND,CHZ,DASH,HBAR","TON,SUI,ICP,MKR,RENDER,RNDR,ARB,OP,MATIC,POL,APT,SEI,EOS,MANA","CHZ,DASH,HBAR",1440,72,0.8,336,1.5,0.25,10.0,8760.0,9.577193380461555,0.49794704984256355,0.5900451306872555,0.8439134973668528,-0.6143725954770951,0.009993741688179613,497,132.80578512396696,0.503313730981051
crypto,BNB,priority_with_coverage_fallback,30,30,"BTC,ETH,SOL,XRP,TRX,ADA,AVAX,DOT,NEAR,ATOM,ALGO,DOGE,BCH,LTC,XLM,ETC,LINK,UNI,AAVE,INJ,FIL,VET,FET,GRT,THETA,XTZ,SAND,CHZ,DASH,HBAR","TON,SUI,ICP,MKR,RENDER,RNDR,ARB,OP,MATIC,POL,APT,SEI,EOS,MANA","CHZ,DASH,HBAR",1440,72,0.8,336,1.5,0.5,10.0,8760.0,4.734432396812779,0.3487937882621892,0.5678144212732781,0.6142742684837895,-0.6773575268452892,0.011284518501134318,572,100.18661971830986,0.5037430147963308
crypto,BNB,priority_with_coverage_fallback,30,30,"BTC,ETH,SOL,XRP,TRX,ADA,AVAX,DOT,NEAR,ATOM,ALGO,DOGE,BCH,LTC,XLM,ETC,LINK,UNI,AAVE,INJ,FIL,VET,FET,GRT,THETA,XTZ,SAND,CHZ,DASH,HBAR","TON,SUI,ICP,MKR,RENDER,RNDR,ARB,OP,MATIC,POL,APT,SEI,EOS,MANA","CHZ,DASH,HBAR",1440,72,0.8,336,1.5,0.75,10.0,8760.0,3.126924094751934,0.27488179776717003,0.5400272484048629,0.5090146813500952,-0.6825454229778751,0.013240240945005085,675,73.38575667655786,0.5034167643847802
crypto,BNB,priority_with_coverage_fallback,30,30,"BTC,ETH,SOL,XRP,TRX,ADA,AVAX,DOT,NEAR,ATOM,ALGO,DOGE,BCH,LTC,XLM,ETC,LINK,UNI,AAVE,INJ,FIL,VET,FET,GRT,THETA,XTZ,SAND,CHZ,DASH,HBAR","TON,SUI,ICP,MKR,RENDER,RNDR,ARB,OP,MATIC,POL,APT,SEI,EOS,MANA","CHZ,DASH,HBAR",1440,72,0.8,336,1.5,1.0,10.0,8760.0,6.27278922226254,0.40484277975376703,0.5155005948975369,0.7853391126235952,-0.5942333777269722,0.017034342486114372,869,48.02764976958525,0.5059489541354827
crypto,BNB,priority_with_coverage_fallback,30,30,"BTC,ETH,SOL,XRP,TRX,ADA,AVAX,DOT,NEAR,ATOM,ALGO,DOGE,BCH,LTC,XLM,ETC,LINK,UNI,AAVE,INJ,FIL,VET,FET,GRT,THETA,XTZ,SAND,CHZ,DASH,HBAR","TON,SUI,ICP,MKR,RENDER,RNDR,ARB,OP,MATIC,POL,APT,SEI,EOS,MANA","CHZ,DASH,HBAR",1440,72,0.8,336,2.0,0.0,10.0,8760.0,15.440167937790797,0.6155136149244433,0.7029234891870966,0.8756480959773597,-0.8443220540807805,0.0045959477430963,118,50684.0,0.5032751953279141
crypto,BNB,priority_with_coverage_fallback,30,30,"BTC,ETH,SOL,XRP,TRX,ADA,AVAX,DOT,NEAR,ATOM,ALGO,DOGE,BCH,LTC,XLM,ETC,LINK,UNI,AAVE,INJ,FIL,VET,FET,GRT,THETA,XTZ,SAND,CHZ,DASH,HBAR","TON,SUI,ICP,MKR,RENDER,RNDR,ARB,OP,MATIC,POL,APT,SEI,EOS,MANA","CHZ,DASH,HBAR",1440,72,0.8,336,2.0,0.25,10.0,8760.0,7.155978424535558,0.4326999714837301,0.5589210281288594,0.7741701415892533,-0.6669123042135667,0.007549088633341156,380,144.48128342245988,0.5035161744022504
crypto,BNB,priority_with_coverage_fallback,30,30,"BTC,ETH,SOL,XRP,TRX,ADA,AVAX,DOT,NEAR,ATOM,ALGO,DOGE,BCH,LTC,XLM,ETC,LINK,UNI,AAVE,INJ,FIL,VET,FET,GRT,THETA,XTZ,SAND,CHZ,DASH,HBAR","TON,SUI,ICP,MKR,RENDER,RNDR,ARB,OP,MATIC,POL,APT,SEI,EOS,MANA","CHZ,DASH,HBAR",1440,72,0.8,336,2.0,0.5,10.0,8760.0,3.842727278029546,0.3102992787229282,0.5361328273434613,0.5787731377324187,-0.7064224994696616,0.008174919815379801,417,112.53365384615384,0.5045499209638142
crypto,BNB,priority_with_coverage_fallback,30,30,"BTC,ETH,SOL,XRP,TRX,ADA,AVAX,DOT,NEAR,ATOM,ALGO,DOGE,BCH,LTC,XLM,ETC,LINK,UNI,AAVE,INJ,FIL,VET,FET,GRT,THETA,XTZ,SAND,CHZ,DASH,HBAR","TON,SUI,ICP,MKR,RENDER,RNDR,ARB,OP,MATIC,POL,APT,SEI,EOS,MANA","CHZ,DASH,HBAR",1440,72,0.8,336,2.0,0.75,10.0,8760.0,4.318942753698457,0.33152500522228534,0.5081819686356746,0.652374593518807,-0.6988128415427286,0.009035437690682938,461,84.2304347826087,0.5059619057451091
crypto,BNB,priority_with_coverage_fallback,30,30,"BTC,ETH,SOL,XRP,TRX,ADA,AVAX,DOT,NEAR,ATOM,ALGO,DOGE,BCH,LTC,XLM,ETC,LINK,UNI,AAVE,INJ,FIL,VET,FET,GRT,THETA,XTZ,SAND,CHZ,DASH,HBAR","TON,SUI,ICP,MKR,RENDER,RNDR,ARB,OP,MATIC,POL,APT,SEI,EOS,MANA","CHZ,DASH,HBAR",1440,72,0.8,336,2.0,1.0,10.0,8760.0,7.434330969172786,0.4409608665626523,0.47788551799703355,0.9227332696978475,-0.5855645951610691,0.010169756708127982,519,61.092664092664094,0.5080578904126903
crypto,BNB,priority_with_coverage_fallback,30,30,"BTC,ETH,SOL,XRP,TRX,ADA,AVAX,DOT,NEAR,ATOM,ALGO,DOGE,BCH,LTC,XLM,ETC,LINK,UNI,AAVE,INJ,FIL,VET,FET,GRT,THETA,XTZ,SAND,CHZ,DASH,HBAR","TON,SUI,ICP,MKR,RENDER,RNDR,ARB,OP,MATIC,POL,APT,SEI,EOS,MANA","CHZ,DASH,HBAR",1440,72,0.8,336,2.5,0.0,10.0,8760.0,21.966308311499134,0.7107395400281682,0.7018040810865117,1.0127321273592809,-0.7942121950963663,0.002914026441367441,75,50323.0,0.5048586133577092
crypto,BNB,priority_with_coverage_fallback,30,30,"BTC,ETH,SOL,XRP,TRX,ADA,AVAX,DOT,NEAR,ATOM,ALGO,DOGE,BCH,LTC,XLM,ETC,LINK,UNI,AAVE,INJ,FIL,VET,FET,GRT,THETA,XTZ,SAND,CHZ,DASH,HBAR","TON,SUI,ICP,MKR,RENDER,RNDR,ARB,OP,MATIC,POL,APT,SEI,EOS,MANA","CHZ,DASH,HBAR",1440,72,0.8,336,2.5,0.25,10.0,8760.0,10.681835910737622,0.523657573930381,0.5176056833588857,1.0116920867874228,-0.6066706874875047,0.005436908393960729,274,145.24444444444444,0.5060179518563851
crypto,BNB,priority_with_coverage_fallback,30,30,"BTC,ETH,SOL,XRP,TRX,ADA,AVAX,DOT,NEAR,ATOM,ALGO,DOGE,BCH,LTC,XLM,ETC,LINK,UNI,AAVE,INJ,FIL,VET,FET,GRT,THETA,XTZ,SAND,CHZ,DASH,HBAR","TON,SUI,ICP,MKR,RENDER,RNDR,ARB,OP,MATIC,POL,APT,SEI,EOS,MANA","CHZ,DASH,HBAR",1440,72,0.8,336,2.5,0.5,10.0,8760.0,7.9474916621774785,0.45561556569267503,0.4974808809070642,0.9158453785438838,-0.6285989773439349,0.005867167331612298,299,114.80536912751678,0.507190459487899
crypto,BNB,priority_with_coverage_fallback,30,30,"BTC,ETH,SOL,XRP,TRX,ADA,AVAX,DOT,NEAR,ATOM,ALGO,DOGE,BCH,LTC,XLM,ETC,LINK,UNI,AAVE,INJ,FIL,VET,FET,GRT,THETA,XTZ,SAND,CHZ,DASH,HBAR","TON,SUI,ICP,MKR,RENDER,RNDR,ARB,OP,MATIC,POL,APT,SEI,EOS,MANA","CHZ,DASH,HBAR",1440,72,0.8,336,2.5,0.75,10.0,8760.0,7.31366634580724,0.4374079734380376,0.46552879846223344,0.9395938014638697,-0.6217683107609683,0.00618008292263162,315,90.22929936305732,0.5093180855569673
crypto,BNB,priority_with_coverage_fallback,30,30,"BTC,ETH,SOL,XRP,TRX,ADA,AVAX,DOT,NEAR,ATOM,ALGO,DOGE,BCH,LTC,XLM,ETC,LINK,UNI,AAVE,INJ,FIL,VET,FET,GRT,THETA,XTZ,SAND,CHZ,DASH,HBAR","TON,SUI,ICP,MKR,RENDER,RNDR,ARB,OP,MATIC,POL,APT,SEI,EOS,MANA","CHZ,DASH,HBAR",1440,72,0.8,336,2.5,1.0,10.0,8760.0,11.099540817119836,0.5328560015341015,0.43835986099305413,1.2155675027521389,-0.5836962540588286,0.006571227411405773,335,68.55688622754491,0.5114857192767928
crypto,BNB,priority_with_coverage_fallback,30,30,"BTC,ETH,SOL,XRP,TRX,ADA,AVAX,DOT,NEAR,ATOM,ALGO,DOGE,BCH,LTC,XLM,ETC,LINK,UNI,AAVE,INJ,FIL,VET,FET,GRT,THETA,XTZ,SAND,CHZ,DASH,HBAR","TON,SUI,ICP,MKR,RENDER,RNDR,ARB,OP,MATIC,POL,APT,SEI,EOS,MANA","CHZ,DASH,HBAR",1440,72,0.8,336,3.0,0.0,10.0,8760.0,16.26865715422233,0.6291787206580777,0.7017531433151161,0.8965812645823098,-0.7319181862861978,0.0018579363216772275,48,50315.0,0.5081188512372056
crypto,BNB,priority_with_coverage_fallback,30,30,"BTC,ETH,SOL,XRP,TRX,ADA,AVAX,DOT,NEAR,ATOM,ALGO,DOGE,BCH,LTC,XLM,ETC,LINK,UNI,AAVE,INJ,FIL,VET,FET,GRT,THETA,XTZ,SAND,CHZ,DASH,HBAR","TON,SUI,ICP,MKR,RENDER,RNDR,ARB,OP,MATIC,POL,APT,SEI,EOS,MANA","CHZ,DASH,HBAR",1440,72,0.8,336,3.0,0.25,10.0,8760.0,4.550403096091306,0.34127748612603437,0.41101178885041645,0.8303350302446892,-0.6126874378499836,0.0035203003989673787,180,143.17777777777778,0.5115629365202545
crypto,BNB,priority_with_coverage_fallback,30,30,"BTC,ETH,SOL,XRP,TRX,ADA,AVAX,DOT,NEAR,ATOM,ALGO,DOGE,BCH,LTC,XLM,ETC,LINK,UNI,AAVE,INJ,FIL,VET,FET,GRT,THETA,XTZ,SAND,CHZ,DASH,HBAR","TON,SUI,ICP,MKR,RENDER,RNDR,ARB,OP,MATIC,POL,APT,SEI,EOS,MANA","CHZ,DASH,HBAR",1440,72,0.8,336,3.0,0.5,10.0,8760.0,4.2666746677646055,0.32927415162225726,0.39792475437883024,0.8274784315347806,-0.6256540034977905,0.0036376437455996244,186,115.81720430107526,0.513415653142698
crypto,BNB,priority_with_coverage_fallback,30,30,"BTC,ETH,SOL,XRP,TRX,ADA,AVAX,DOT,NEAR,ATOM,ALGO,DOGE,BCH,LTC,XLM,ETC,LINK,UNI,AAVE,INJ,FIL,VET,FET,GRT,THETA,XTZ,SAND,CHZ,DASH,HBAR","TON,SUI,ICP,MKR,RENDER,RNDR,ARB,OP,MATIC,POL,APT,SEI,EOS,MANA","CHZ,DASH,HBAR",1440,72,0.8,336,3.0,0.75,10.0,8760.0,3.3227842817016704,0.2850494242227313,0.38385840932065224,0.7425900209590514,-0.595437982373853,0.003715872643354455,190,94.22105263157894,0.5153614121327226
crypto,BNB,priority_with_coverage_fallback,30,30,"BTC,ETH,SOL,XRP,TRX,ADA,AVAX,DOT,NEAR,ATOM,ALGO,DOGE,BCH,LTC,XLM,ETC,LINK,UNI,AAVE,INJ,FIL,VET,FET,GRT,THETA,XTZ,SAND,CHZ,DASH,HBAR","TON,SUI,ICP,MKR,RENDER,RNDR,ARB,OP,MATIC,POL,APT,SEI,EOS,MANA","CHZ,DASH,HBAR",1440,72,0.8,336,3.0,1.0,10.0,8760.0,2.945420684888285,0.26509597419592223,0.37596627223270984,0.7051057336117565,-0.5836962540588289,0.0038723304388641163,198,74.46464646464646,0.5130222463374933
crypto,BNB,priority_with_coverage_fallback,30,30,"BTC,ETH,SOL,XRP,TRX,ADA,AVAX,DOT,NEAR,ATOM,ALGO,DOGE,BCH,LTC,XLM,ETC,LINK,UNI,AAVE,INJ,FIL,VET,FET,GRT,THETA,XTZ,SAND,CHZ,DASH,HBAR","TON,SUI,ICP,MKR,RENDER,RNDR,ARB,OP,MATIC,POL,APT,SEI,EOS,MANA","CHZ,DASH,HBAR",1440,168,0.8,336,1.0,0.0,10.0,8760.0,83.5490324282429,1.138723940903653,0.8363740359149957,1.3615008261918191,-0.6658267726608318,0.007881561448799186,202,50796.0,0.5012993149066856
crypto,BNB,priority_with_coverage_fallback,30,30,"BTC,ETH,SOL,XRP,TRX,ADA,AVAX,DOT,NEAR,ATOM,ALGO,DOGE,BCH,LTC,XLM,ETC,LINK,UNI,AAVE,INJ,FIL,VET,FET,GRT,THETA,XTZ,SAND,CHZ,DASH,HBAR","TON,SUI,ICP,MKR,RENDER,RNDR,ARB,OP,MATIC,POL,APT,SEI,EOS,MANA","CHZ,DASH,HBAR",1440,168,0.8,336,1.0,0.25,10.0,8760.0,12.726030505084113,0.5663386537397512,0.7596888013563824,0.7454876953939361,-0.6525757459859186,0.013474927638269577,659,119.32380952380953,0.5005720062787666
crypto,BNB,priority_with_coverage_fallback,30,30,"BTC,ETH,SOL,XRP,TRX,ADA,AVAX,DOT,NEAR,ATOM,ALGO,DOGE,BCH,LTC,XLM,ETC,LINK,UNI,AAVE,INJ,FIL,VET,FET,GRT,THETA,XTZ,SAND,CHZ,DASH,HBAR","TON,SUI,ICP,MKR,RENDER,RNDR,ARB,OP,MATIC,POL,APT,SEI,EOS,MANA","CHZ,DASH,HBAR",1440,168,0.8,336,1.0,0.5,10.0,8760.0,9.366216303200337,0.4927853704240668,0.7402895469556705,0.6656657147876429,-0.6790666274340191,0.0171125713838692,854,81.70263788968825,0.5007924860581157
crypto,BNB,priority_with_coverage_fallback,30,30,"BTC,ETH,SOL,XRP,TRX,ADA,AVAX,DOT,NEAR,ATOM,ALGO,DOGE,BCH,LTC,XLM,ETC,LINK,UNI,AAVE,INJ,FIL,VET,FET,GRT,THETA,XTZ,SAND,CHZ,DASH,HBAR","TON,SUI,ICP,MKR,RENDER,RNDR,ARB,OP,MATIC,POL,APT,SEI,EOS,MANA","CHZ,DASH,HBAR",1440,168,0.8,336,1.0,0.75,10.0,8760.0,5.165721455878931,0.3656551848997831,0.7186219025945356,0.5088283332022164,-0.6533715618168727,0.024114057732926544,1222,50.58085808580858,0.5007177345687067
crypto,BNB,priority_with_coverage_fallback,30,30,"BTC,ETH,SOL,XRP,TRX,ADA,AVAX,DOT,NEAR,ATOM,ALGO,DOGE,BCH,LTC,XLM,ETC,LINK,UNI,AAVE,INJ,FIL,VET,FET,GRT,THETA,XTZ,SAND,CHZ,DASH,HBAR","TON,SUI,ICP,MKR,RENDER,RNDR,ARB,OP,MATIC,POL,APT,SEI,EOS,MANA","CHZ,DASH,HBAR",1440,168,0.8,336,1.5,0.0,10.0,8760.0,59.83565903941841,1.0214559424487462,0.8363724449519097,1.2212931554763005,-0.8022906008369652,0.006004067902683251,154,50794.0,0.5029924794267039
crypto,BNB,priority_with_coverage_fallback,30,30,"BTC,ETH,SOL,XRP,TRX,ADA,AVAX,DOT,NEAR,ATOM,ALGO,DOGE,BCH,LTC,XLM,ETC,LINK,UNI,AAVE,INJ,FIL,VET,FET,GRT,THETA,XTZ,SAND,CHZ,DASH,HBAR","TON,SUI,ICP,MKR,RENDER,RNDR,ARB,OP,MATIC,POL,APT,SEI,EOS,MANA","CHZ,DASH,HBAR",1440,168,0.8,336,1.5,0.25,10.0,8760.0,10.309999429313265,0.5152369926743798,0.7336150136213498,0.7023261289746664,-0.6722701589984399,0.009759054994915122,484,141.98723404255318,0.5016932897773249
crypto,BNB,priority_with_coverage_fallback,30,30,"BTC,ETH,SOL,XRP,TRX,ADA,AVAX,DOT,NEAR,ATOM,ALGO,DOGE,BCH,LTC,XLM,ETC,LINK,UNI,AAVE,INJ,FIL,VET,FET,GRT,THETA,XTZ,SAND,CHZ,DASH,HBAR","TON,SUI,ICP,MKR,RENDER,RNDR,ARB,OP,MATIC,POL,APT,SEI,EOS,MANA","CHZ,DASH,HBAR",1440,168,0.8,336,1.5,0.5,10.0,8760.0,7.336428242796716,0.43808143856131854,0.7086395471980161,0.618200663924991,-0.6780207364310851,0.011245404052256904,564,106.24548736462094,0.5016309887869521
crypto,BNB,priority_with_coverage_fallback,30,30,"BTC,ETH,SOL,XRP,TRX,ADA,AVAX,DOT,NEAR,ATOM,ALGO,DOGE,BCH,LTC,XLM,ETC,LINK,UNI,AAVE,INJ,FIL,VET,FET,GRT,THETA,XTZ,SAND,CHZ,DASH,HBAR","TON,SUI,ICP,MKR,RENDER,RNDR,ARB,OP,MATIC,POL,APT,SEI,EOS,MANA","CHZ,DASH,HBAR",1440,168,0.8,336,1.5,0.75,10.0,8760.0,10.17466414311896,0.5121152002891245,0.685994179871258,0.7465299492558877,-0.6451187503863138,0.013279355393882501,672,77.32132132132132,0.5013981668479105
crypto,BNB,priority_with_coverage_fallback,30,30,"BTC,ETH,SOL,XRP,TRX,ADA,AVAX,DOT,NEAR,ATOM,ALGO,DOGE,BCH,LTC,XLM,ETC,LINK,UNI,AAVE,INJ,FIL,VET,FET,GRT,THETA,XTZ,SAND,CHZ,DASH,HBAR","TON,SUI,ICP,MKR,RENDER,RNDR,ARB,OP,MATIC,POL,APT,SEI,EOS,MANA","CHZ,DASH,HBAR",1440,168,0.8,336,1.5,1.0,10.0,8760.0,10.716651817819399,0.5244345893845817,0.604684936964313,0.867285684372079,-0.5927821177370387,0.016525854650707973,840,53.770334928229666,0.5027140060508988
crypto,BNB,priority_with_coverage_fallback,30,30,"BTC,ETH,SOL,XRP,TRX,ADA,AVAX,DOT,NEAR,ATOM,ALGO,DOGE,BCH,LTC,XLM,ETC,LINK,UNI,AAVE,INJ,FIL,VET,FET,GRT,THETA,XTZ,SAND,CHZ,DASH,HBAR","TON,SUI,ICP,MKR,RENDER,RNDR,ARB,OP,MATIC,POL,APT,SEI,EOS,MANA","CHZ,DASH,HBAR",1440,168,0.8,336,2.0,0.0,10.0,8760.0,22.323002937081085,0.7152625040636722,0.8353474910097832,0.856245468815678,-0.8639338892196561,0.004478604396464054,115,50518.0,0.5023753909497605
crypto,BNB,priority_with_coverage_fallback,30,30,"BTC,ETH,SOL,XRP,TRX,ADA,AVAX,DOT,NEAR,ATOM,ALGO,DOGE,BCH,LTC,XLM,ETC,LINK,UNI,AAVE,INJ,FIL,VET,FET,GRT,THETA,XTZ,SAND,CHZ,DASH,HBAR","TON,SUI,ICP,MKR,RENDER,RNDR,ARB,OP,MATIC,POL,APT,SEI,EOS,MANA","CHZ,DASH,HBAR",1440,168,0.8,336,2.0,0.25,10.0,8760.0,6.556053083591387,0.4140690894823791,0.6989890876066555,0.5923827665180799,-0.8678387532597368,0.007294844715637957,361,158.29142857142858,0.5042778239052742
crypto,BNB,priority_with_coverage_fallback,30,30,"BTC,ETH,SOL,XRP,TRX,ADA,AVAX,DOT,NEAR,ATOM,ALGO,DOGE,BCH,LTC,XLM,ETC,LINK,UNI,AAVE,INJ,FIL,VET,FET,GRT,THETA,XTZ,SAND,CHZ,DASH,HBAR","TON,SUI,ICP,MKR,RENDER,RNDR,ARB,OP,MATIC,POL,APT,SEI,EOS,MANA","CHZ,DASH,HBAR",1440,168,0.8,336,2.0,0.5,10.0,8760.0,5.817652184475064,0.3893747218570376,0.6843875609029063,0.5689389230618672,-0.85512640450027,0.007881561448799186,394,123.20207253886011,0.5042896795357052
crypto,BNB,priority_with_coverage_fallback,30,30,"BTC,ETH,SOL,XRP,TRX,ADA,AVAX,DOT,NEAR,ATOM,ALGO,DOGE,BCH,LTC,XLM,ETC,LINK,UNI,AAVE,INJ,FIL,VET,FET,GRT,THETA,XTZ,SAND,CHZ,DASH,HBAR","TON,SUI,ICP,MKR,RENDER,RNDR,ARB,OP,MATIC,POL,APT,SEI,EOS,MANA","CHZ,DASH,HBAR",1440,168,0.8,336,2.0,0.75,10.0,8760.0,13.122983541234282,0.5740077951132261,0.656136119692484,0.8748303559057996,-0.7500826425238476,0.008781193772979739,445,89.4524886877828,0.5036167737366584
crypto,BNB,priority_with_coverage_fallback,30,30,"BTC,ETH,SOL,XRP,TRX,ADA,AVAX,DOT,NEAR,ATOM,ALGO,DOGE,BCH,LTC,XLM,ETC,LINK,UNI,AAVE,INJ,FIL,VET,FET,GRT,THETA,XTZ,SAND,CHZ,DASH,HBAR","TON,SUI,ICP,MKR,RENDER,RNDR,ARB,OP,MATIC,POL,APT,SEI,EOS,MANA","CHZ,DASH,HBAR",1440,168,0.8,336,2.0,1.0,10.0,8760.0,15.6519463827605,0.619060044708458,0.5586648820643156,1.1081062450551338,-0.6238618526889763,0.009719940546037706,493,67.16734693877551,0.5063198833252309
crypto,BNB,priority_with_coverage_fallback,30,30,"BTC,ETH,SOL,XRP,TRX,ADA,AVAX,DOT,NEAR,ATOM,ALGO,DOGE,BCH,LTC,XLM,ETC,LINK,UNI,AAVE,INJ,FIL,VET,FET,GRT,THETA,XTZ,SAND,CHZ,DASH,HBAR","TON,SUI,ICP,MKR,RENDER,RNDR,ARB,OP,MATIC,POL,APT,SEI,EOS,MANA","CHZ,DASH,HBAR",1440,168,0.8,336,2.5,0.0,10.0,8760.0,4.562678113769059,0.34178521277313445,0.8353532178363923,0.4091505311470227,-0.8300851606526826,0.002679339748102949,69,50516.0,0.5002177527911948
crypto,BNB,priority_with_coverage_fallback,30,30,"BTC,ETH,SOL,XRP,TRX,ADA,AVAX,DOT,NEAR,ATOM,ALGO,DOGE,BCH,LTC,XLM,ETC,LINK,UNI,AAVE,INJ,FIL,VET,FET,GRT,THETA,XTZ,SAND,CHZ,DASH,HBAR","TON,SUI,ICP,MKR,RENDER,RNDR,ARB,OP,MATIC,POL,APT,SEI,EOS,MANA","CHZ,DASH,HBAR",1440,168,0.8,336,2.5,0.25,10.0,8760.0,3.443366163358867,0.2911207789074908,0.6779058653656868,0.4294413041410252,-0.8627192174222793,0.00518266447625753,260,170.8203125,0.5020809512920192
crypto,BNB,priority_with_coverage_fallback,30,30,"BTC,ETH,SOL,XRP,TRX,ADA,AVAX,DOT,NEAR,ATOM,ALGO,DOGE,BCH,LTC,XLM,ETC,LINK,UNI,AAVE,INJ,FIL,VET,FET,GRT,THETA,XTZ,SAND,CHZ,DASH,HBAR","TON,SUI,ICP,MKR,RENDER,RNDR,ARB,OP,MATIC,POL,APT,SEI,EOS,MANA","CHZ,DASH,HBAR",1440,168,0.8,336,2.5,0.5,10.0,8760.0,3.7066263583706824,0.30391564083842404,0.6642961207463226,0.4575002492818734,-0.8483063048708666,0.005495580067276852,277,133.38686131386862,0.5029002955018058
crypto,BNB,priority_with_coverage_fallback,30,30,"BTC,ETH,SOL,XRP,TRX,ADA,AVAX,DOT,NEAR,ATOM,ALGO,DOGE,BCH,LTC,XLM,ETC,LINK,UNI,AAVE,INJ,FIL,VET,FET,GRT,THETA,XTZ,SAND,CHZ,DASH,HBAR","TON,SUI,ICP,MKR,RENDER,RNDR,ARB,OP,MATIC,POL,APT,SEI,EOS,MANA","CHZ,DASH,HBAR",1440,168,0.8,336,2.5,0.75,10.0,8760.0,3.1442097024490216,0.27579504209719996,0.5242152527244641,0.5261102966077986,-0.7558543425167913,0.005730266760541344,292,96.5958904109589,0.5035807984116855
crypto,BNB,priority_with_coverage_fallback,30,30,"BTC,ETH,SOL,XRP,TRX,ADA,AVAX,DOT,NEAR,ATOM,ALGO,DOGE,BCH,LTC,XLM,ETC,LINK,UNI,AAVE,INJ,FIL,VET,FET,GRT,THETA,XTZ,SAND,CHZ,DASH,HBAR","TON,SUI,ICP,MKR,RENDER,RNDR,ARB,OP,MATIC,POL,APT,SEI,EOS,MANA","CHZ,DASH,HBAR",1440,168,0.8,336,2.5,1.0,10.0,8760.0,4.140274621306769,0.3237534075784223,0.39687983516076875,0.8157466792115445,-0.5764310269371116,0.006004067902683251,306,77.66666666666667,0.505343768408651
crypto,BNB,priority_with_coverage_fallback,30,30,"BTC,ETH,SOL,XRP,TRX,ADA,AVAX,DOT,NEAR,ATOM,ALGO,DOGE,BCH,LTC,XLM,ETC,LINK,UNI,AAVE,INJ,FIL,VET,FET,GRT,THETA,XTZ,SAND,CHZ,DASH,HBAR","TON,SUI,ICP,MKR,RENDER,RNDR,ARB,OP,MATIC,POL,APT,SEI,EOS,MANA","CHZ,DASH,HBAR",1440,168,0.8,336,3.0,0.0,10.0,8760.0,4.792917584874276,0.351140634146337,0.8349522590008103,0.42055175054744803,-0.7723052153787593,0.001779707423922397,46,50315.0,0.5030905296631223
crypto,BNB,priority_with_coverage_fallback,30,30,"BTC,ETH,SOL,XRP,TRX,ADA,AVAX,DOT,NEAR,ATOM,ALGO,DOGE,BCH,LTC,XLM,ETC,LINK,UNI,AAVE,INJ,FIL,VET,FET,GRT,THETA,XTZ,SAND,CHZ,DASH,HBAR","TON,SUI,ICP,MKR,RENDER,RNDR,ARB,OP,MATIC,POL,APT,SEI,EOS,MANA","CHZ,DASH,HBAR",1440,168,0.8,336,3.0,0.25,10.0,8760.0,3.0036754109147603,0.2682767376870472,0.6244660006488717,0.4296098384992706,-0.7642510877433811,0.0035203003989673787,178,172.5681818181818,0.5065191623864085
crypto,BNB,priority_with_coverage_fallback,30,30,"BTC,ETH,SOL,XRP,TRX,ADA,AVAX,DOT,NEAR,ATOM,ALGO,DOGE,BCH,LTC,XLM,ETC,LINK,UNI,AAVE,INJ,FIL,VET,FET,GRT,THETA,XTZ,SAND,CHZ,DASH,HBAR","TON,SUI,ICP,MKR,RENDER,RNDR,ARB,OP,MATIC,POL,APT,SEI,EOS,MANA","CHZ,DASH,HBAR",1440,168,0.8,336,3.0,0.5,10.0,8760.0,3.959599521473807,0.3156634429076717,0.6122246616530864,0.5156006653755816,-0.7399519747296439,0.0037549870922318706,190,134.61702127659575,0.5079026394815869
crypto,BNB,priority_with_coverage_fallback,30,30,"BTC,ETH,SOL,XRP,TRX,ADA,AVAX,DOT,NEAR,ATOM,ALGO,DOGE,BCH,LTC,XLM,ETC,LINK,UNI,AAVE,INJ,FIL,VET,FET,GRT,THETA,XTZ,SAND,CHZ,DASH,HBAR","TON,SUI,ICP,MKR,RENDER,RNDR,ARB,OP,MATIC,POL,APT,SEI,EOS,MANA","CHZ,DASH,HBAR",1440,168,0.8,336,3.0,0.75,10.0,8760.0,3.167833180306732,0.2770380415581053,0.47452234168555385,0.5838250746509357,-0.624289940209821,0.0037941015411092857,194,102.54639175257732,0.5082939579772796
crypto,BNB,priority_with_coverage_fallback,30,30,"BTC,ETH,SOL,XRP,TRX,ADA,AVAX,DOT,NEAR,ATOM,ALGO,DOGE,BCH,LTC,XLM,ETC,LINK,UNI,AAVE,INJ,FIL,VET,FET,GRT,THETA,XTZ,SAND,CHZ,DASH,HBAR","TON,SUI,ICP,MKR,RENDER,RNDR,ARB,OP,MATIC,POL,APT,SEI,EOS,MANA","CHZ,DASH,HBAR",1440,168,0.8,336,3.0,1.0,10.0,8760.0,2.5622135598881597,0.24314380998308138,0.33619749506312957,0.7232171968962023,-0.4576954234791063,0.003911444887741531,200,82.06,0.5102364123811844
crypto,BNB,priority_with_coverage_fallback,30,30,"BTC,ETH,SOL,XRP,TRX,ADA,AVAX,DOT,NEAR,ATOM,ALGO,DOGE,BCH,LTC,XLM,ETC,LINK,UNI,AAVE,INJ,FIL,VET,FET,GRT,THETA,XTZ,SAND,CHZ,DASH,HBAR","TON,SUI,ICP,MKR,RENDER,RNDR,ARB,OP,MATIC,POL,APT,SEI,EOS,MANA","CHZ,DASH,HBAR",1440,336,0.8,336,1.0,0.0,10.0,8760.0,10.068453538805109,0.509643211539788,0.9377246930074244,0.5434891662128309,-0.8564043023124712,0.007568645857779864,194,50796.0,0.5001968658949524
crypto,BNB,priority_with_coverage_fallback,30,30,"BTC,ETH,SOL,XRP,TRX,ADA,AVAX,DOT,NEAR,ATOM,ALGO,DOGE,BCH,LTC,XLM,ETC,LINK,UNI,AAVE,INJ,FIL,VET,FET,GRT,THETA,XTZ,SAND,CHZ,DASH,HBAR","TON,SUI,ICP,MKR,RENDER,RNDR,ARB,OP,MATIC,POL,APT,SEI,EOS,MANA","CHZ,DASH,HBAR",1440,336,0.8,336,1.0,0.25,10.0,8760.0,2.5434672414490467,0.2420205566461806,0.8570757306974749,0.28237943040252467,-0.8144309084438335,0.012731753109598686,612,131.73170731707316,0.5008596291692015
crypto,BNB,priority_with_coverage_fallback,30,30,"BTC,ETH,SOL,XRP,TRX,ADA,AVAX,DOT,NEAR,ATOM,ALGO,DOGE,BCH,LTC,XLM,ETC,LINK,UNI,AAVE,INJ,FIL,VET,FET,GRT,THETA,XTZ,SAND,CHZ,DASH,HBAR","TON,SUI,ICP,MKR,RENDER,RNDR,ARB,OP,MATIC,POL,APT,SEI,EOS,MANA","CHZ,DASH,HBAR",1440,336,0.8,336,1.0,0.5,10.0,8760.0,0.8851342573840681,0.11473591723017806,0.8430930147461165,0.1360892751136467,-0.830272831049964,0.01601736681530157,793,89.70572916666667,0.5010595988039597
crypto,BNB,priority_with_coverage_fallback,30,30,"BTC,ETH,SOL,XRP,TRX,ADA,AVAX,DOT,NEAR,ATOM,ALGO,DOGE,BCH,LTC,XLM,ETC,LINK,UNI,AAVE,INJ,FIL,VET,FET,GRT,THETA,XTZ,SAND,CHZ,DASH,HBAR","TON,SUI,ICP,MKR,RENDER,RNDR,ARB,OP,MATIC,POL,APT,SEI,EOS,MANA","CHZ,DASH,HBAR",1440,336,0.8,336,1.0,0.75,10.0,8760.0,1.4507860759928217,0.16599396485292894,0.82749250297169,0.20059875377337152,-0.8176029358741291,0.023370883204255653,1179,52.986254295532646,0.5011025358324146
crypto,BNB,priority_with_coverage_fallback,30,30,"BTC,ETH,SOL,XRP,TRX,ADA,AVAX,DOT,NEAR,ATOM,ALGO,DOGE,BCH,LTC,XLM,ETC,LINK,UNI,AAVE,INJ,FIL,VET,FET,GRT,THETA,XTZ,SAND,CHZ,DASH,HBAR","TON,SUI,ICP,MKR,RENDER,RNDR,ARB,OP,MATIC,POL,APT,SEI,EOS,MANA","CHZ,DASH,HBAR",1440,336,0.8,336,1.5,0.0,10.0,8760.0,3.8807794190794107,0.31205745100222293,0.9377676530087737,0.3327662774473021,-0.9415442704821873,0.005925839004928421,152,50796.0,0.4999606268210095
crypto,BNB,priority_with_coverage_fallback,30,30,"BTC,ETH,SOL,XRP,TRX,ADA,AVAX,DOT,NEAR,ATOM,ALGO,DOGE,BCH,LTC,XLM,ETC,LINK,UNI,AAVE,INJ,FIL,VET,FET,GRT,THETA,XTZ,SAND,CHZ,DASH,HBAR","TON,SUI,ICP,MKR,RENDER,RNDR,ARB,OP,MATIC,POL,APT,SEI,EOS,MANA","CHZ,DASH,HBAR",1440,336,0.8,336,1.5,0.25,10.0,8760.0,0.14981817145150855,0.02420541353757133,0.8249726309510375,0.029340868568775505,-0.9178903679033954,0.009250567159508722,448,156.71698113207546,0.5002106910666988
crypto,BNB,priority_with_coverage_fallback,30,30,"BTC,ETH,SOL,XRP,TRX,ADA,AVAX,DOT,NEAR,ATOM,ALGO,DOGE,BCH,LTC,XLM,ETC,LINK,UNI,AAVE,INJ,FIL,VET,FET,GRT,THETA,XTZ,SAND,CHZ,DASH,HBAR","TON,SUI,ICP,MKR,RENDER,RNDR,ARB,OP,MATIC,POL,APT,SEI,EOS,MANA","CHZ,DASH,HBAR",1440,336,0.8,336,1.5,0.5,10.0,8760.0,0.22228951319046764,0.03498671788446206,0.8080991194642405,0.04329508230086652,-0.8936256273206757,0.01077603066572792,533,115.56589147286822,0.5009726321438154
crypto,BNB,priority_with_coverage_fallback,30,30,"BTC,ETH,SOL,XRP,TRX,ADA,AVAX,DOT,NEAR,ATOM,ALGO,DOGE,BCH,LTC,XLM,ETC,LINK,UNI,AAVE,INJ,FIL,VET,FET,GRT,THETA,XTZ,SAND,CHZ,DASH,HBAR","TON,SUI,ICP,MKR,RENDER,RNDR,ARB,OP,MATIC,POL,APT,SEI,EOS,MANA","CHZ,DASH,HBAR",1440,336,0.8,336,1.5,0.75,10.0,8760.0,0.3715427569679248,0.05561823198081517,0.7799277657051414,0.07131202968589033,-0.8770571125258682,0.012927325353985763,651,79.77570093457943,0.5014058106841612
crypto,BNB,priority_with_coverage_fallback,30,30,"BTC,ETH,SOL,XRP,TRX,ADA,AVAX,DOT,NEAR,ATOM,ALGO,DOGE,BCH,LTC,XLM,ETC,LINK,UNI,AAVE,INJ,FIL,VET,FET,GRT,THETA,XTZ,SAND,CHZ,DASH,HBAR","TON,SUI,ICP,MKR,RENDER,RNDR,ARB,OP,MATIC,POL,APT,SEI,EOS,MANA","CHZ,DASH,HBAR",1440,336,0.8,336,1.5,1.0,10.0,8760.0,-0.37023852432832693,-0.07616462185695316,0.6637399768893001,-0.11475069230259134,-0.8671387646451723,0.015430650082140342,781,56.423772609819125,0.5006411430664957
crypto,BNB,priority_with_coverage_fallback,30,30,"BTC,ETH,SOL,XRP,TRX,ADA,AVAX,DOT,NEAR,ATOM,ALGO,DOGE,BCH,LTC,XLM,ETC,LINK,UNI,AAVE,INJ,FIL,VET,FET,GRT,THETA,XTZ,SAND,CHZ,DASH,HBAR","TON,SUI,ICP,MKR,RENDER,RNDR,ARB,OP,MATIC,POL,APT,SEI,EOS,MANA","CHZ,DASH,HBAR",1440,336,0.8,336,2.0,0.0,10.0,8760.0,4.4709037753582255,0.3379664705780796,0.9377585700817884,0.36039816788728807,-0.8487000341410261,0.004400375498709223,113,50794.0,0.5008071819506241
crypto,BNB,priority_with_coverage_fallback,30,30,"BTC,ETH,SOL,XRP,TRX,ADA,AVAX,DOT,NEAR,ATOM,ALGO,DOGE,BCH,LTC,XLM,ETC,LINK,UNI,AAVE,INJ,FIL,VET,FET,GRT,THETA,XTZ,SAND,CHZ,DASH,HBAR","TON,SUI,ICP,MKR,RENDER,RNDR,ARB,OP,MATIC,POL,APT,SEI,EOS,MANA","CHZ,DASH,HBAR",1440,336,0.8,336,2.0,0.25,10.0,8760.0,0.0724633399217045,0.012057438808542376,0.773373579694007,0.015590704318232621,-0.8881052620526312,0.0070014863490573415,345,176.3855421686747,0.5009904371584699
crypto,BNB,priority_with_coverage_fallback,30,30,"BTC,ETH,SOL,XRP,TRX,ADA,AVAX,DOT,NEAR,ATOM,ALGO,DOGE,BCH,LTC,XLM,ETC,LINK,UNI,AAVE,INJ,FIL,VET,FET,GRT,THETA,XTZ,SAND,CHZ,DASH,HBAR","TON,SUI,ICP,MKR,RENDER,RNDR,ARB,OP,MATIC,POL,APT,SEI,EOS,MANA","CHZ,DASH,HBAR",1440,336,0.8,336,2.0,0.5,10.0,8760.0,-0.056767363410708316,-0.009962457503646438,0.7615020905140651,-0.013082639729749277,-0.8730011010638085,0.007588203082218571,378,140.6576086956522,0.5016034929098566
crypto,BNB,priority_with_coverage_fallback,30,30,"BTC,ETH,SOL,XRP,TRX,ADA,AVAX,DOT,NEAR,ATOM,ALGO,DOGE,BCH,LTC,XLM,ETC,LINK,UNI,AAVE,INJ,FIL,VET,FET,GRT,THETA,XTZ,SAND,CHZ,DASH,HBAR","TON,SUI,ICP,MKR,RENDER,RNDR,ARB,OP,MATIC,POL,APT,SEI,EOS,MANA","CHZ,DASH,HBAR",1440,336,0.8,336,2.0,0.75,10.0,8760.0,0.1829186929761557,0.029197508981179787,0.7263514979399117,0.040197492624425187,-0.8157496289671566,0.008487835406399124,431,99.69158878504673,0.5022968032248992
crypto,BNB,priority_with_coverage_fallback,30,30,"BTC,ETH,SOL,XRP,TRX,ADA,AVAX,DOT,NEAR,ATOM,ALGO,DOGE,BCH,LTC,XLM,ETC,LINK,UNI,AAVE,INJ,FIL,VET,FET,GRT,THETA,XTZ,SAND,CHZ,DASH,HBAR","TON,SUI,ICP,MKR,RENDER,RNDR,ARB,OP,MATIC,POL,APT,SEI,EOS,MANA","CHZ,DASH,HBAR",1440,336,0.8,336,2.0,1.0,10.0,8760.0,-0.239301033195492,-0.04577843182943919,0.6040459732387442,-0.07578633722858318,-0.80118260698206,0.0091918954861926,468,76.31330472103004,0.5018840335189247
crypto,BNB,priority_with_coverage_fallback,30,30,"BTC,ETH,SOL,XRP,TRX,ADA,AVAX,DOT,NEAR,ATOM,ALGO,DOGE,BCH,LTC,XLM,ETC,LINK,UNI,AAVE,INJ,FIL,VET,FET,GRT,THETA,XTZ,SAND,CHZ,DASH,HBAR","TON,SUI,ICP,MKR,RENDER,RNDR,ARB,OP,MATIC,POL,APT,SEI,EOS,MANA","CHZ,DASH,HBAR",1440,336,0.8,336,2.5,0.0,10.0,8760.0,28.58244055345727,0.7865675308186479,0.9363743169681858,0.8400139950072683,-0.7728986816749938,0.003618086521160917,93,50315.0,0.5047798867137037
crypto,BNB,priority_with_coverage_fallback,30,30,"BTC,ETH,SOL,XRP,TRX,ADA,AVAX,DOT,NEAR,ATOM,ALGO,DOGE,BCH,LTC,XLM,ETC,LINK,UNI,AAVE,INJ,FIL,VET,FET,GRT,THETA,XTZ,SAND,CHZ,DASH,HBAR","TON,SUI,ICP,MKR,RENDER,RNDR,ARB,OP,MATIC,POL,APT,SEI,EOS,MANA","CHZ,DASH,HBAR",1440,336,0.8,336,2.5,0.25,10.0,8760.0,0.49209772741939806,0.07096473775950973,0.7449656794736325,0.09525906993413578,-0.8299926528146954,0.005319565047328483,265,180.96899224806202,0.5023345470122081
crypto,BNB,priority_with_coverage_fallback,30,30,"BTC,ETH,SOL,XRP,TRX,ADA,AVAX,DOT,NEAR,ATOM,ALGO,DOGE,BCH,LTC,XLM,ETC,LINK,UNI,AAVE,INJ,FIL,VET,FET,GRT,THETA,XTZ,SAND,CHZ,DASH,HBAR","TON,SUI,ICP,MKR,RENDER,RNDR,ARB,OP,MATIC,POL,APT,SEI,EOS,MANA","CHZ,DASH,HBAR",1440,336,0.8,336,2.5,0.5,10.0,8760.0,0.5818606049977075,0.0817371725585474,0.7346946360634037,0.11125325890019637,-0.8067219819669095,0.005632480638347806,282,148.02898550724638,0.5033287644409634
crypto,BNB,priority_with_coverage_fallback,30,30,"BTC,ETH,SOL,XRP,TRX,ADA,AVAX,DOT,NEAR,ATOM,ALGO,DOGE,BCH,LTC,XLM,ETC,LINK,UNI,AAVE,INJ,FIL,VET,FET,GRT,THETA,XTZ,SAND,CHZ,DASH,HBAR","TON,SUI,ICP,MKR,RENDER,RNDR,ARB,OP,MATIC,POL,APT,SEI,EOS,MANA","CHZ,DASH,HBAR",1440,336,0.8,336,2.5,0.75,10.0,8760.0,0.8208384154522643,0.10812826421531585,0.7070341983887595,0.152932155844408,-0.7913509327577594,0.006140968473754204,313,106.47435897435898,0.5042143287176399
crypto,BNB,priority_with_coverage_fallback,30,30,"BTC,ETH,SOL,XRP,TRX,ADA,AVAX,DOT,NEAR,ATOM,ALGO,DOGE,BCH,LTC,XLM,ETC,LINK,UNI,AAVE,INJ,FIL,VET,FET,GRT,THETA,XTZ,SAND,CHZ,DASH,HBAR","TON,SUI,ICP,MKR,RENDER,RNDR,ARB,OP,MATIC,POL,APT,SEI,EOS,MANA","CHZ,DASH,HBAR",1440,336,0.8,336,2.5,1.0,10.0,8760.0,0.12204235233809224,0.019923618767295315,0.5831732837064746,0.034164148674072935,-0.7709759758641495,0.0062974262692638665,322,85.98757763975155,0.5025281710488299
crypto,BNB,priority_with_coverage_fallback,30,30,"BTC,ETH,SOL,XRP,TRX,ADA,AVAX,DOT,NEAR,ATOM,ALGO,DOGE,BCH,LTC,XLM,ETC,LINK,UNI,AAVE,INJ,FIL,VET,FET,GRT,THETA,XTZ,SAND,CHZ,DASH,HBAR","TON,SUI,ICP,MKR,RENDER,RNDR,ARB,OP,MATIC,POL,APT,SEI,EOS,MANA","CHZ,DASH,HBAR",1440,336,0.8,336,3.0,0.0,10.0,8760.0,6.900007490068248,0.42489446102814,0.9363671631092797,0.45376907453401616,-0.8276275786900538,0.002288195259328796,59,50314.0,0.50506817188059
crypto,BNB,priority_with_coverage_fallback,30,30,"BTC,ETH,SOL,XRP,TRX,ADA,AVAX,DOT,NEAR,ATOM,ALGO,DOGE,BCH,LTC,XLM,ETC,LINK,UNI,AAVE,INJ,FIL,VET,FET,GRT,THETA,XTZ,SAND,CHZ,DASH,HBAR","TON,SUI,ICP,MKR,RENDER,RNDR,ARB,OP,MATIC,POL,APT,SEI,EOS,MANA","CHZ,DASH,HBAR",1440,336,0.8,336,3.0,0.25,10.0,8760.0,-0.08235647033125504,-0.014616552227454949,0.722919120322804,-0.020218793246094033,-0.8260426139263592,0.0037941015411092857,191,192.7659574468085,0.5013245033112583
crypto,BNB,priority_with_coverage_fallback,30,30,"BTC,ETH,SOL,XRP,TRX,ADA,AVAX,DOT,NEAR,ATOM,ALGO,DOGE,BCH,LTC,XLM,ETC,LINK,UNI,AAVE,INJ,FIL,VET,FET,GRT,THETA,XTZ,SAND,CHZ,DASH,HBAR","TON,SUI,ICP,MKR,RENDER,RNDR,ARB,OP,MATIC,POL,APT,SEI,EOS,MANA","CHZ,DASH,HBAR",1440,336,0.8,336,3.0,0.5,10.0,8760.0,0.6680711115143172,0.09161648215118645,0.7117671975669434,0.12871692101625645,-0.7890922598034262,0.003989673785496362,201,156.96969696969697,0.5035392535392536
crypto,BNB,priority_with_coverage_fallback,30,30,"BTC,ETH,SOL,XRP,TRX,ADA,AVAX,DOT,NEAR,ATOM,ALGO,DOGE,BCH,LTC,XLM,ETC,LINK,UNI,AAVE,INJ,FIL,VET,FET,GRT,THETA,XTZ,SAND,CHZ,DASH,HBAR","TON,SUI,ICP,MKR,RENDER,RNDR,ARB,OP,MATIC,POL,APT,SEI,EOS,MANA","CHZ,DASH,HBAR",1440,336,0.8,336,3.0,0.75,10.0,8760.0,0.3085565448433041,0.04715034529131468,0.6811183006074342,0.06922489859583146,-0.8037876881406634,0.004146131581006024,211,117.04761904761905,0.5035801464605371
crypto,BNB,priority_with_coverage_fallback,30,30,"BTC,ETH,SOL,XRP,TRX,ADA,AVAX,DOT,NEAR,ATOM,ALGO,DOGE,BCH,LTC,XLM,ETC,LINK,UNI,AAVE,INJ,FIL,VET,FET,GRT,THETA,XTZ,SAND,CHZ,DASH,HBAR","TON,SUI,ICP,MKR,RENDER,RNDR,ARB,OP,MATIC,POL,APT,SEI,EOS,MANA","CHZ,DASH,HBAR",1440,336,0.8,336,3.0,1.0,10.0,8760.0,-0.16194654166584432,-0.02981442564029191,0.5553403749983946,-0.05368676037714365,-0.7569642252119999,0.004224360478760855,216,96.64814814814815,0.5015328607012838
russia,AFKS,coverage,30,25,"AFLT,ALRS,CHMF,GAZP,GMKN,HYDR,IRAO,LKOH,MAGN,MGNT,MOEX,MTSS,NLMK,NVTK,PHOR,PLZL,RASP,ROSN,RTKM,SBER,SNGS,TATN,TRNFP,VTBR,YDEX",,,252,5,0.8,60,1.0,0.0,10.0,252.0,7.585722978961623,0.22168506646510067,0.3978372207921713,0.5572255557780204,-0.48378354529279544,0.043976348854397634,60,2646.0,0.5151171579743008
russia,AFKS,coverage,30,25,"AFLT,ALRS,CHMF,GAZP,GMKN,HYDR,IRAO,LKOH,MAGN,MGNT,MOEX,MTSS,NLMK,NVTK,PHOR,PLZL,RASP,ROSN,RTKM,SBER,SNGS,TATN,TRNFP,VTBR,YDEX",,,252,5,0.8,60,1.0,0.25,10.0,252.0,10.121726662206143,0.25148669700839865,0.31916634310911485,0.7879486745330843,-0.28047528084223816,0.06688839615668885,169,24.0126582278481,0.5150237216657881
russia,AFKS,coverage,30,25,"AFLT,ALRS,CHMF,GAZP,GMKN,HYDR,IRAO,LKOH,MAGN,MGNT,MOEX,MTSS,NLMK,NVTK,PHOR,PLZL,RASP,ROSN,RTKM,SBER,SNGS,TATN,TRNFP,VTBR,YDEX",,,252,5,0.8,60,1.0,0.5,10.0,252.0,8.502854691451546,0.23328661225326153,0.3047170367254814,0.7655844082765503,-0.25985524043591524,0.08130081300813008,214,16.240384615384617,0.5174659561870929
russia,AFKS,coverage,30,25,"AFLT,ALRS,CHMF,GAZP,GMKN,HYDR,IRAO,LKOH,MAGN,MGNT,MOEX,MTSS,NLMK,NVTK,PHOR,PLZL,RASP,ROSN,RTKM,SBER,SNGS,TATN,TRNFP,VTBR,YDEX",,,252,5,0.8,60,1.0,0.75,10.0,252.0,6.253245610238834,0.20264727279072314,0.28815992582324934,0.7032458528429186,-0.31113712672517513,0.10643015521064302,285,10.794326241134751,0.519053876478318
russia,AFKS,coverage,30,25,"AFLT,ALRS,CHMF,GAZP,GMKN,HYDR,IRAO,LKOH,MAGN,MGNT,MOEX,MTSS,NLMK,NVTK,PHOR,PLZL,RASP,ROSN,RTKM,SBER,SNGS,TATN,TRNFP,VTBR,YDEX",,,252,5,0.8,60,1.5,0.0,10.0,252.0,12.608408264206693,0.2752266462085964,0.3923613546707023,0.7014621672911345,-0.5477826826411802,0.03288987435328899,45,2620.0,0.5148854961832061
russia,AFKS,coverage,30,25,"AFLT,ALRS,CHMF,GAZP,GMKN,HYDR,IRAO,LKOH,MAGN,MGNT,MOEX,MTSS,NLMK,NVTK,PHOR,PLZL,RASP,ROSN,RTKM,SBER,SNGS,TATN,TRNFP,VTBR,YDEX",,,252,5,0.8,60,1.5,0.25,10.0,252.0,8.131526200518426,0.22871718500834604,0.28816085755861126,0.793713577014274,-0.28047528084223794,0.04804138950480414,123,27.43103448275862,0.5153991200502829
russia,AFKS,coverage,30,25,"AFLT,ALRS,CHMF,GAZP,GMKN,HYDR,IRAO,LKOH,MAGN,MGNT,MOEX,MTSS,NLMK,NVTK,PHOR,PLZL,RASP,ROSN,RTKM,SBER,SNGS,TATN,TRNFP,VTBR,YDEX",,,252,5,0.8,60,1.5,0.5,10.0,252.0,6.094018597272303,0.20016380973652748,0.2707248804438369,0.7393624457728862,-0.29270328552132907,0.05395417590539542,143,19.942857142857143,0.5193409742120344
russia,AFKS,coverage,30,25,"AFLT,ALRS,CHMF,GAZP,GMKN,HYDR,IRAO,LKOH,MAGN,MGNT,MOEX,MTSS,NLMK,NVTK,PHOR,PLZL,RASP,ROSN,RTKM,SBER,SNGS,TATN,TRNFP,VTBR,YDEX",,,252,5,0.8,60,1.5,0.75,10.0,252.0,4.742513549559954,0.1767722766580695,0.2557950355038267,0.6910700057563274,-0.2773110227795599,0.06134515890613452,165,15.097560975609756,0.5226171243941842
russia,AFKS,coverage,30,25,"AFLT,ALRS,CHMF,GAZP,GMKN,HYDR,IRAO,LKOH,MAGN,MGNT,MOEX,MTSS,NLMK,NVTK,PHOR,PLZL,RASP,ROSN,RTKM,SBER,SNGS,TATN,TRNFP,VTBR,YDEX",,,252,5,0.8,60,1.5,1.0,10.0,252.0,3.783051952057064,0.1569070808993518,0.2411246663371882,0.650730111036974,-0.26683562304132435,0.07317073170731707,197,10.438775510204081,0.5288367546432062
russia,AFKS,coverage,30,25,"AFLT,ALRS,CHMF,GAZP,GMKN,HYDR,IRAO,LKOH,MAGN,MGNT,MOEX,MTSS,NLMK,NVTK,PHOR,PLZL,RASP,ROSN,RTKM,SBER,SNGS,TATN,TRNFP,VTBR,YDEX",,,252,5,0.8,60,2.0,0.0,10.0,252.0,47.97663773677452,0.4367544951784832,0.3907721011072429,1.1176706165587316,-0.5124151914980412,0.028455284552845527,39,2611.0,0.5319800842589046
russia,AFKS,coverage,30,25,"AFLT,ALRS,CHMF,GAZP,GMKN,HYDR,IRAO,LKOH,MAGN,MGNT,MOEX,MTSS,NLMK,NVTK,PHOR,PLZL,RASP,ROSN,RTKM,SBER,SNGS,TATN,TRNFP,VTBR,YDEX",,,252,5,0.8,60,2.0,0.25,10.0,252.0,11.77022852162744,0.26769939781504815,0.2542497039412962,1.0528995458608572,-0.2266960571148564,0.038433111603843315,100,28.0625,0.5285820341499629
russia,AFKS,coverage,30,25,"AFLT,ALRS,CHMF,GAZP,GMKN,HYDR,IRAO,LKOH,MAGN,MGNT,MOEX,MTSS,NLMK,NVTK,PHOR,PLZL,RASP,ROSN,RTKM,SBER,SNGS,TATN,TRNFP,VTBR,YDEX",,,252,5,0.8,60,2.0,0.5,10.0,252.0,6.911763631413147,0.21241959358709273,0.23750276520792651,0.8943878754469481,-0.23334806394468743,0.04138950480413895,112,20.535714285714285,0.5269565217391304
russia,AFKS,coverage,30,25,"AFLT,ALRS,CHMF,GAZP,GMKN,HYDR,IRAO,LKOH,MAGN,MGNT,MOEX,MTSS,NLMK,NVTK,PHOR,PLZL,RASP,ROSN,RTKM,SBER,SNGS,TATN,TRNFP,VTBR,YDEX",,,252,5,0.8,60,2.0,0.75,10.0,252.0,6.355869942279829,0.2042218310037136,0.21798802264083966,0.9368488622890652,-0.22119935456530493,0.04656319290465632,126,15.428571428571429,0.5380658436213992
russia,AFKS,coverage,30,25,"AFLT,ALRS,CHMF,GAZP,GMKN,HYDR,IRAO,LKOH,MAGN,MGNT,MOEX,MTSS,NLMK,NVTK,PHOR,PLZL,RASP,ROSN,RTKM,SBER,SNGS,TATN,TRNFP,VTBR,YDEX",,,252,5,0.8,60,2.0,1.0,10.0,252.0,4.125982703650006,0.16439137397650527,0.20218039743428762,0.8130925453835628,-0.18263787402629705,0.04878048780487805,132,11.696969696969697,0.5401554404145078
russia,AFKS,coverage,30,25,"AFLT,ALRS,CHMF,GAZP,GMKN,HYDR,IRAO,LKOH,MAGN,MGNT,MOEX,MTSS,NLMK,NVTK,PHOR,PLZL,RASP,ROSN,RTKM,SBER,SNGS,TATN,TRNFP,VTBR,YDEX",,,252,5,0.8,60,2.5,0.0,10.0,252.0,61.22847517941737,0.4691553690338428,0.3876381593530485,1.2102920151536243,-0.5124151914980413,0.02106430155210643,29,2566.0,0.5276695245518317
russia,AFKS,coverage,30,25,"AFLT,ALRS,CHMF,GAZP,GMKN,HYDR,IRAO,LKOH,MAGN,MGNT,MOEX,MTSS,NLMK,NVTK,PHOR,PLZL,RASP,ROSN,RTKM,SBER,SNGS,TATN,TRNFP,VTBR,YDEX",,,252,5,0.8,60,2.5,0.25,10.0,252.0,13.467682831798983,0.2825188680436692,0.2294247803169497,1.2314226373165538,-0.20962164389966165,0.028085735402808575,73,30.17142857142857,0.5321969696969697
russia,AFKS,coverage,30,25,"AFLT,ALRS,CHMF,GAZP,GMKN,HYDR,IRAO,LKOH,MAGN,MGNT,MOEX,MTSS,NLMK,NVTK,PHOR,PLZL,RASP,ROSN,RTKM,SBER,SNGS,TATN,TRNFP,VTBR,YDEX",,,252,5,0.8,60,2.5,0.5,10.0,252.0,6.462648198805092,0.2058391149459824,0.2055519221216969,1.0013971789770735,-0.21583379136467662,0.028824833702882482,78,21.666666666666668,0.5289940828402366
russia,AFKS,coverage,30,25,"AFLT,ALRS,CHMF,GAZP,GMKN,HYDR,IRAO,LKOH,MAGN,MGNT,MOEX,MTSS,NLMK,NVTK,PHOR,PLZL,RASP,ROSN,RTKM,SBER,SNGS,TATN,TRNFP,VTBR,YDEX",,,252,5,0.8,60,2.5,0.75,10.0,252.0,6.637503252997406,0.20844273044536776,0.18643848001861224,1.1180241891296196,-0.17540329543629307,0.031781226903178125,86,16.25581395348837,0.5407725321888412
russia,AFKS,coverage,30,25,"AFLT,ALRS,CHMF,GAZP,GMKN,HYDR,IRAO,LKOH,MAGN,MGNT,MOEX,MTSS,NLMK,NVTK,PHOR,PLZL,RASP,ROSN,RTKM,SBER,SNGS,TATN,TRNFP,VTBR,YDEX",,,252,5,0.8,60,2.5,1.0,10.0,252.0,5.359813107901481,0.18801484875834662,0.17242634451208017,1.0904067431828801,-0.16660318820050135,0.032520325203252036,88,12.181818181818182,0.5522388059701493
russia,AFKS,coverage,30,25,"AFLT,ALRS,CHMF,GAZP,GMKN,HYDR,IRAO,LKOH,MAGN,MGNT,MOEX,MTSS,NLMK,NVTK,PHOR,PLZL,RASP,ROSN,RTKM,SBER,SNGS,TATN,TRNFP,VTBR,YDEX",,,252,5,0.8,60,3.0,0.0,10.0,252.0,159.9005210672653,0.6050505709812053,0.38115476267877946,1.5874144316835297,-0.30941745379270524,0.015151515151515152,21,2427.0,0.5348166460651009
russia,AFKS,coverage,30,25,"AFLT,ALRS,CHMF,GAZP,GMKN,HYDR,IRAO,LKOH,MAGN,MGNT,MOEX,MTSS,NLMK,NVTK,PHOR,PLZL,RASP,ROSN,RTKM,SBER,SNGS,TATN,TRNFP,VTBR,YDEX",,,252,5,0.8,60,3.0,0.25,10.0,252.0,11.500229229862489,0.26517909337831735,0.19552960927226481,1.3562093964452682,-0.20962164389966143,0.019955654101995565,53,27.73076923076923,0.5492371705963939
russia,AFKS,coverage,30,25,"AFLT,ALRS,CHMF,GAZP,GMKN,HYDR,IRAO,LKOH,MAGN,MGNT,MOEX,MTSS,NLMK,NVTK,PHOR,PLZL,RASP,ROSN,RTKM,SBER,SNGS,TATN,TRNFP,VTBR,YDEX",,,252,5,0.8,60,3.0,0.5,10.0,252.0,7.045364958704759,0.21431176527031148,0.17343679172034082,1.2356764856206506,-0.16660318820050146,0.020694752402069475,56,20.214285714285715,0.5477031802120141
russia,AFKS,coverage,30,25,"AFLT,ALRS,CHMF,GAZP,GMKN,HYDR,IRAO,LKOH,MAGN,MGNT,MOEX,MTSS,NLMK,NVTK,PHOR,PLZL,RASP,ROSN,RTKM,SBER,SNGS,TATN,TRNFP,VTBR,YDEX",,,252,5,0.8,60,3.0,0.75,10.0,252.0,6.046034481357983,0.1994054868641031,0.1549778828427873,1.2866706087757314,-0.16958134470816533,0.021433850702143386,58,14.827586206896552,0.5581395348837209
russia,AFKS,coverage,30,25,"AFLT,ALRS,CHMF,GAZP,GMKN,HYDR,IRAO,LKOH,MAGN,MGNT,MOEX,MTSS,NLMK,NVTK,PHOR,PLZL,RASP,ROSN,RTKM,SBER,SNGS,TATN,TRNFP,VTBR,YDEX",,,252,5,0.8,60,3.0,1.0,10.0,252.0,4.920314041314428,0.18011865231449087,0.1431613712601101,1.2581512088706737,-0.16660318820050146,0.021433850702143386,58,11.379310344827585,0.5757575757575758
russia,AFKS,coverage,30,25,"AFLT,ALRS,CHMF,GAZP,GMKN,HYDR,IRAO,LKOH,MAGN,MGNT,MOEX,MTSS,NLMK,NVTK,PHOR,PLZL,RASP,ROSN,RTKM,SBER,SNGS,TATN,TRNFP,VTBR,YDEX",,,252,10,0.8,60,1.0,0.0,10.0,252.0,10.888880170701277,0.25928488577122333,0.4231193941595728,0.6127936685252441,-0.5630982205393299,0.041019955654102,56,2645.0,0.5073724007561436
russia,AFKS,coverage,30,25,"AFLT,ALRS,CHMF,GAZP,GMKN,HYDR,IRAO,LKOH,MAGN,MGNT,MOEX,MTSS,NLMK,NVTK,PHOR,PLZL,RASP,ROSN,RTKM,SBER,SNGS,TATN,TRNFP,VTBR,YDEX",,,252,10,0.8,60,1.0,0.25,10.0,252.0,13.772407265554737,0.28501077816749776,0.3500216189546533,0.8142662130947462,-0.36664611838593864,0.06319290465631928,154,27.594202898550726,0.5126050420168067
russia,AFKS,coverage,30,25,"AFLT,ALRS,CHMF,GAZP,GMKN,HYDR,IRAO,LKOH,MAGN,MGNT,MOEX,MTSS,NLMK,NVTK,PHOR,PLZL,RASP,ROSN,RTKM,SBER,SNGS,TATN,TRNFP,VTBR,YDEX",,,252,10,0.8,60,1.0,0.5,10.0,252.0,6.209061682119578,0.20196313190032433,0.3199632682960679,0.6312072413057243,-0.3346990123102189,0.07797487065779748,207,16.568627450980394,0.5100591715976331
russia,AFKS,coverage,30,25,"AFLT,ALRS,CHMF,GAZP,GMKN,HYDR,IRAO,LKOH,MAGN,MGNT,MOEX,MTSS,NLMK,NVTK,PHOR,PLZL,RASP,ROSN,RTKM,SBER,SNGS,TATN,TRNFP,VTBR,YDEX",,,252,10,0.8,60,1.0,0.75,10.0,252.0,6.9356815431091725,0.2127604575295623,0.3096389893359537,0.6871242474529601,-0.2758989468364905,0.10051736881005174,268,11.568181818181818,0.5127701375245579
russia,AFKS,coverage,30,25,"AFLT,ALRS,CHMF,GAZP,GMKN,HYDR,IRAO,LKOH,MAGN,MGNT,MOEX,MTSS,NLMK,NVTK,PHOR,PLZL,RASP,ROSN,RTKM,SBER,SNGS,TATN,TRNFP,VTBR,YDEX",,,252,10,0.8,60,1.5,0.0,10.0,252.0,10.240461329399896,0.2527249548059092,0.41651846408932625,0.6067557061569063,-0.5444459477271824,0.031411677753141166,43,2620.0,0.5114503816793893
russia,AFKS,coverage,30,25,"AFLT,ALRS,CHMF,GAZP,GMKN,HYDR,IRAO,LKOH,MAGN,MGNT,MOEX,MTSS,NLMK,NVTK,PHOR,PLZL,RASP,ROSN,RTKM,SBER,SNGS,TATN,TRNFP,VTBR,YDEX",,,252,10,0.8,60,1.5,0.25,10.0,252.0,6.980509870732913,0.21339682243668245,0.32196598516824415,0.6627930659357428,-0.32295871797645404,0.04434589800443459,112,31.173076923076923,0.512646514497224
russia,AFKS,coverage,30,25,"AFLT,ALRS,CHMF,GAZP,GMKN,HYDR,IRAO,LKOH,MAGN,MGNT,MOEX,MTSS,NLMK,NVTK,PHOR,PLZL,RASP,ROSN,RTKM,SBER,SNGS,TATN,TRNFP,VTBR,YDEX",,,252,10,0.8,60,1.5,0.5,10.0,252.0,4.033461789602762,0.16241797270624958,0.2918935372703324,0.5564288069722793,-0.2759845563205887,0.050997782705099776,137,20.36764705882353,0.5068592057761733
russia,AFKS,coverage,30,25,"AFLT,ALRS,CHMF,GAZP,GMKN,HYDR,IRAO,LKOH,MAGN,MGNT,MOEX,MTSS,NLMK,NVTK,PHOR,PLZL,RASP,ROSN,RTKM,SBER,SNGS,TATN,TRNFP,VTBR,YDEX",,,252,10,0.8,60,1.5,0.75,10.0,252.0,4.482929792049474,0.17171389577795604,0.2811725886827976,0.6107063870713001,-0.2742788720699364,0.058388765705838876,157,15.743589743589743,0.509771986970684
russia,AFKS,coverage,30,25,"AFLT,ALRS,CHMF,GAZP,GMKN,HYDR,IRAO,LKOH,MAGN,MGNT,MOEX,MTSS,NLMK,NVTK,PHOR,PLZL,RASP,ROSN,RTKM,SBER,SNGS,TATN,TRNFP,VTBR,YDEX",,,252,10,0.8,60,1.5,1.0,10.0,252.0,3.656539433845314,0.15402261395534866,0.2705041874078695,0.5693908675916779,-0.2904778403823941,0.06651884700665188,179,11.786516853932584,0.5119161105815062
russia,AFKS,coverage,30,25,"AFLT,ALRS,CHMF,GAZP,GMKN,HYDR,IRAO,LKOH,MAGN,MGNT,MOEX,MTSS,NLMK,NVTK,PHOR,PLZL,RASP,ROSN,RTKM,SBER,SNGS,TATN,TRNFP,VTBR,YDEX",,,252,10,0.8,60,2.0,0.0,10.0,252.0,25.162183142594717,0.35526072922179663,0.4155311342481052,0.8549557420399638,-0.5074914280674216,0.025498891352549888,35,2611.0,0.5151283033320567
russia,AFKS,coverage,30,25,"AFLT,ALRS,CHMF,GAZP,GMKN,HYDR,IRAO,LKOH,MAGN,MGNT,MOEX,MTSS,NLMK,NVTK,PHOR,PLZL,RASP,ROSN,RTKM,SBER,SNGS,TATN,TRNFP,VTBR,YDEX",,,252,10,0.8,60,2.0,0.25,10.0,252.0,21.900538396205604,0.3385589882209916,0.29503694699420324,1.147513867907681,-0.23139776518645783,0.03695491500369549,95,29.8,0.5279642058165548
russia,AFKS,coverage,30,25,"AFLT,ALRS,CHMF,GAZP,GMKN,HYDR,IRAO,LKOH,MAGN,MGNT,MOEX,MTSS,NLMK,NVTK,PHOR,PLZL,RASP,ROSN,RTKM,SBER,SNGS,TATN,TRNFP,VTBR,YDEX",,,252,10,0.8,60,2.0,0.5,10.0,252.0,9.956075600025923,0.24973897606269868,0.2575403790344792,0.9697080395663468,-0.2313977651864585,0.04138950480413895,112,19.464285714285715,0.5201834862385321
russia,AFKS,coverage,30,25,"AFLT,ALRS,CHMF,GAZP,GMKN,HYDR,IRAO,LKOH,MAGN,MGNT,MOEX,MTSS,NLMK,NVTK,PHOR,PLZL,RASP,ROSN,RTKM,SBER,SNGS,TATN,TRNFP,VTBR,YDEX",,,252,10,0.8,60,2.0,0.75,10.0,252.0,7.892080738848016,0.2256804429534791,0.2474945585533695,0.9118602213826595,-0.25560984418036514,0.04434589800443459,120,15.816666666666666,0.5194942044257113
russia,AFKS,coverage,30,25,"AFLT,ALRS,CHMF,GAZP,GMKN,HYDR,IRAO,LKOH,MAGN,MGNT,MOEX,MTSS,NLMK,NVTK,PHOR,PLZL,RASP,ROSN,RTKM,SBER,SNGS,TATN,TRNFP,VTBR,YDEX",,,252,10,0.8,60,2.0,1.0,10.0,252.0,5.610418751600244,0.19229839592442666,0.2378614221795735,0.8084471797164777,-0.24876689937250362,0.04582409460458241,124,12.85483870967742,0.5181932245922208
russia,AFKS,coverage,30,25,"AFLT,ALRS,CHMF,GAZP,GMKN,HYDR,IRAO,LKOH,MAGN,MGNT,MOEX,MTSS,NLMK,NVTK,PHOR,PLZL,RASP,ROSN,RTKM,SBER,SNGS,TATN,TRNFP,VTBR,YDEX",,,252,10,0.8,60,2.5,0.0,10.0,252.0,57.58211693198907,0.4609170953181898,0.41202495919270515,1.1186630446400159,-0.49261376351289077,0.01810790835181079,25,2566.0,0.5206547155105222
russia,AFKS,coverage,30,25,"AFLT,ALRS,CHMF,GAZP,GMKN,HYDR,IRAO,LKOH,MAGN,MGNT,MOEX,MTSS,NLMK,NVTK,PHOR,PLZL,RASP,ROSN,RTKM,SBER,SNGS,TATN,TRNFP,VTBR,YDEX",,,252,10,0.8,60,2.5,0.25,10.0,252.0,13.629880497140368,0.28385111412438646,0.24626594547532696,1.1526202438445763,-0.24512959662890366,0.025129342202512936,65,29.677419354838708,0.5315217391304348
russia,AFKS,coverage,30,25,"AFLT,ALRS,CHMF,GAZP,GMKN,HYDR,IRAO,LKOH,MAGN,MGNT,MOEX,MTSS,NLMK,NVTK,PHOR,PLZL,RASP,ROSN,RTKM,SBER,SNGS,TATN,TRNFP,VTBR,YDEX",,,252,10,0.8,60,2.5,0.5,10.0,252.0,7.055724433135191,0.2144572915713885,0.22369894213737185,0.9586871065295064,-0.2157809611219138,0.026607538802660754,72,21.11111111111111,0.5184210526315789
russia,AFKS,coverage,30,25,"AFLT,ALRS,CHMF,GAZP,GMKN,HYDR,IRAO,LKOH,MAGN,MGNT,MOEX,MTSS,NLMK,NVTK,PHOR,PLZL,RASP,ROSN,RTKM,SBER,SNGS,TATN,TRNFP,VTBR,YDEX",,,252,10,0.8,60,2.5,0.75,10.0,252.0,6.7882060613270285,0.210643699993885,0.2163639978312765,0.9735616928198366,-0.21578096112191425,0.028824833702882482,78,16.94871794871795,0.5158850226928896
russia,AFKS,coverage,30,25,"AFLT,ALRS,CHMF,GAZP,GMKN,HYDR,IRAO,LKOH,MAGN,MGNT,MOEX,MTSS,NLMK,NVTK,PHOR,PLZL,RASP,ROSN,RTKM,SBER,SNGS,TATN,TRNFP,VTBR,YDEX",,,252,10,0.8,60,2.5,1.0,10.0,252.0,6.329590972516029,0.2038205412359393,0.20655114448555767,0.9867800139456051,-0.17372880791659595,0.030303030303030304,82,13.170731707317072,0.5203703703703704
russia,AFKS,coverage,30,25,"AFLT,ALRS,CHMF,GAZP,GMKN,HYDR,IRAO,LKOH,MAGN,MGNT,MOEX,MTSS,NLMK,NVTK,PHOR,PLZL,RASP,ROSN,RTKM,SBER,SNGS,TATN,TRNFP,VTBR,YDEX",,,252,10,0.8,60,3.0,0.0,10.0,252.0,81.8367020156582,0.5088190423853935,0.4058622803181068,1.2536741329758245,-0.4257617086958476,0.012195121951219513,17,2431.0,0.523241464417935
russia,AFKS,coverage,30,25,"AFLT,ALRS,CHMF,GAZP,GMKN,HYDR,IRAO,LKOH,MAGN,MGNT,MOEX,MTSS,NLMK,NVTK,PHOR,PLZL,RASP,ROSN,RTKM,SBER,SNGS,TATN,TRNFP,VTBR,YDEX",,,252,10,0.8,60,3.0,0.25,10.0,252.0,6.2033939163847736,0.20187509759990685,0.20569863137380826,0.9814119629850475,-0.2451295966289031,0.016260162601626018,43,31.80952380952381,0.5269461077844312
russia,AFKS,coverage,30,25,"AFLT,ALRS,CHMF,GAZP,GMKN,HYDR,IRAO,LKOH,MAGN,MGNT,MOEX,MTSS,NLMK,NVTK,PHOR,PLZL,RASP,ROSN,RTKM,SBER,SNGS,TATN,TRNFP,VTBR,YDEX",,,252,10,0.8,60,3.0,0.5,10.0,252.0,4.847609421500214,0.17876144477013756,0.18013050163515457,0.992399638858554,-0.16660318820050146,0.017738359201773836,48,21.25,0.5254901960784314
russia,AFKS,coverage,30,25,"AFLT,ALRS,CHMF,GAZP,GMKN,HYDR,IRAO,LKOH,MAGN,MGNT,MOEX,MTSS,NLMK,NVTK,PHOR,PLZL,RASP,ROSN,RTKM,SBER,SNGS,TATN,TRNFP,VTBR,YDEX",,,252,10,0.8,60,3.0,0.75,10.0,252.0,4.443567404137008,0.17092797098408963,0.17183025856714695,0.9947489598713213,-0.16660318820050135,0.018477457501847747,50,17.08,0.522248243559719
russia,AFKS,coverage,30,25,"AFLT,ALRS,CHMF,GAZP,GMKN,HYDR,IRAO,LKOH,MAGN,MGNT,MOEX,MTSS,NLMK,NVTK,PHOR,PLZL,RASP,ROSN,RTKM,SBER,SNGS,TATN,TRNFP,VTBR,YDEX",,,252,10,0.8,60,3.0,1.0,10.0,252.0,3.922322566762749,0.16000349308153416,0.16625773331937926,0.962382259682136,-0.16660318820050146,0.018477457501847747,50,13.56,0.5250737463126843
russia,AFKS,coverage,30,25,"AFLT,ALRS,CHMF,GAZP,GMKN,HYDR,IRAO,LKOH,MAGN,MGNT,MOEX,MTSS,NLMK,NVTK,PHOR,PLZL,RASP,ROSN,RTKM,SBER,SNGS,TATN,TRNFP,VTBR,YDEX",,,252,21,0.8,60,1.0,0.0,10.0,252.0,6.531397681286125,0.20686933786973083,0.4450213940703843,0.4648525680475768,-0.5728015686521188,0.037324464153732445,51,2646.0,0.5052910052910053
russia,AFKS,coverage,30,25,"AFLT,ALRS,CHMF,GAZP,GMKN,HYDR,IRAO,LKOH,MAGN,MGNT,MOEX,MTSS,NLMK,NVTK,PHOR,PLZL,RASP,ROSN,RTKM,SBER,SNGS,TATN,TRNFP,VTBR,YDEX",,,252,21,0.8,60,1.0,0.25,10.0,252.0,3.1809376968313225,0.1425020128904575,0.3831299589179073,0.3719417121358322,-0.5726859719218784,0.06060606060606061,156,25.72972972972973,0.5089285714285714
russia,AFKS,coverage,30,25,"AFLT,ALRS,CHMF,GAZP,GMKN,HYDR,IRAO,LKOH,MAGN,MGNT,MOEX,MTSS,NLMK,NVTK,PHOR,PLZL,RASP,ROSN,RTKM,SBER,SNGS,TATN,TRNFP,VTBR,YDEX",,,252,21,0.8,60,1.0,0.5,10.0,252.0,10.629295091034129,0.25669861420060647,0.33864882777771166,0.7580082762580914,-0.35599947793725795,0.07612712490761271,201,17.29591836734694,0.512094395280236
russia,AFKS,coverage,30,25,"AFLT,ALRS,CHMF,GAZP,GMKN,HYDR,IRAO,LKOH,MAGN,MGNT,MOEX,MTSS,NLMK,NVTK,PHOR,PLZL,RASP,ROSN,RTKM,SBER,SNGS,TATN,TRNFP,VTBR,YDEX",,,252,21,0.8,60,1.0,0.75,10.0,252.0,5.584149163577156,0.19185635157134007,0.3282765035195212,0.5844352230951892,-0.3644530740297576,0.08869179600886919,237,12.88888888888889,0.5099469496021221
russia,AFKS,coverage,30,25,"AFLT,ALRS,CHMF,GAZP,GMKN,HYDR,IRAO,LKOH,MAGN,MGNT,MOEX,MTSS,NLMK,NVTK,PHOR,PLZL,RASP,ROSN,RTKM,SBER,SNGS,TATN,TRNFP,VTBR,YDEX",,,252,21,0.8,60,1.5,0.0,10.0,252.0,12.66174482730596,0.27569127619370914,0.44476132680979885,0.6198634179171965,-0.5779248169941318,0.03067257945306726,42,2645.0,0.5119092627599244
russia,AFKS,coverage,30,25,"AFLT,ALRS,CHMF,GAZP,GMKN,HYDR,IRAO,LKOH,MAGN,MGNT,MOEX,MTSS,NLMK,NVTK,PHOR,PLZL,RASP,ROSN,RTKM,SBER,SNGS,TATN,TRNFP,VTBR,YDEX",,,252,21,0.8,60,1.5,0.25,10.0,252.0,3.6734002648854,0.15441111372693084,0.3612504710414717,0.42743505159112827,-0.5567593320084032,0.0450849963045085,117,28.875,0.5126777983920842
russia,AFKS,coverage,30,25,"AFLT,ALRS,CHMF,GAZP,GMKN,HYDR,IRAO,LKOH,MAGN,MGNT,MOEX,MTSS,NLMK,NVTK,PHOR,PLZL,RASP,ROSN,RTKM,SBER,SNGS,TATN,TRNFP,VTBR,YDEX",,,252,21,0.8,60,1.5,0.5,10.0,252.0,8.137775531907497,0.228795470292938,0.3165966640681618,0.7226717658771017,-0.2986874257897111,0.05025868440502587,133,22.076923076923077,0.5114982578397212
russia,AFKS,coverage,30,25,"AFLT,ALRS,CHMF,GAZP,GMKN,HYDR,IRAO,LKOH,MAGN,MGNT,MOEX,MTSS,NLMK,NVTK,PHOR,PLZL,RASP,ROSN,RTKM,SBER,SNGS,TATN,TRNFP,VTBR,YDEX",,,252,21,0.8,60,1.5,0.75,10.0,252.0,4.693251099301093,0.17582848866906264,0.30260836088714327,0.5810430622392395,-0.2986874257897111,0.05321507760532151,143,17.450704225352112,0.5092816787732042
russia,AFKS,coverage,30,25,"AFLT,ALRS,CHMF,GAZP,GMKN,HYDR,IRAO,LKOH,MAGN,MGNT,MOEX,MTSS,NLMK,NVTK,PHOR,PLZL,RASP,ROSN,RTKM,SBER,SNGS,TATN,TRNFP,VTBR,YDEX",,,252,21,0.8,60,1.5,1.0,10.0,252.0,3.144282055159093,0.14156546588120222,0.2837985084208913,0.4988238545329195,-0.2978737682288105,0.06208425720620843,168,13.095238095238095,0.5081818181818182
russia,AFKS,coverage,30,25,"AFLT,ALRS,CHMF,GAZP,GMKN,HYDR,IRAO,LKOH,MAGN,MGNT,MOEX,MTSS,NLMK,NVTK,PHOR,PLZL,RASP,ROSN,RTKM,SBER,SNGS,TATN,TRNFP,VTBR,YDEX",,,252,21,0.8,60,2.0,0.0,10.0,252.0,81.47405443725984,0.5082026808264544,0.4310982457279564,1.1788558312695026,-0.512411806797651,0.028455284552845527,39,2611.0,0.5243201838376101
russia,AFKS,coverage,30,25,"AFLT,ALRS,CHMF,GAZP,GMKN,HYDR,IRAO,LKOH,MAGN,MGNT,MOEX,MTSS,NLMK,NVTK,PHOR,PLZL,RASP,ROSN,RTKM,SBER,SNGS,TATN,TRNFP,VTBR,YDEX",,,252,21,0.8,60,2.0,0.25,10.0,252.0,9.718460782965737,0.2471896825961717,0.29446281083983233,0.8394597670624899,-0.2651880121917378,0.03621581670362158,95,29.130434782608695,0.5194029850746269
russia,AFKS,coverage,30,25,"AFLT,ALRS,CHMF,GAZP,GMKN,HYDR,IRAO,LKOH,MAGN,MGNT,MOEX,MTSS,NLMK,NVTK,PHOR,PLZL,RASP,ROSN,RTKM,SBER,SNGS,TATN,TRNFP,VTBR,YDEX",,,252,21,0.8,60,2.0,0.5,10.0,252.0,7.663299435787739,0.22270885980674726,0.28589486619120813,0.7789886638181124,-0.2651880121917377,0.037694013303769404,100,24.387755102040817,0.5171548117154812
russia,AFKS,coverage,30,25,"AFLT,ALRS,CHMF,GAZP,GMKN,HYDR,IRAO,LKOH,MAGN,MGNT,MOEX,MTSS,NLMK,NVTK,PHOR,PLZL,RASP,ROSN,RTKM,SBER,SNGS,TATN,TRNFP,VTBR,YDEX",,,252,21,0.8,60,2.0,0.75,10.0,252.0,4.251941545491962,0.1670266870065782,0.2642095233842343,0.6321751194550047,-0.26518801219173804,0.03917220990391722,105,19.51923076923077,0.5152709359605911
russia,AFKS,coverage,30,25,"AFLT,ALRS,CHMF,GAZP,GMKN,HYDR,IRAO,LKOH,MAGN,MGNT,MOEX,MTSS,NLMK,NVTK,PHOR,PLZL,RASP,ROSN,RTKM,SBER,SNGS,TATN,TRNFP,VTBR,YDEX",,,252,21,0.8,60,2.0,1.0,10.0,252.0,1.9752995959548927,0.10687404280045754,0.2416266325784453,0.4423106909200514,-0.26518801219173804,0.04138950480413895,112,15.660714285714286,0.508551881413911
russia,AFKS,coverage,30,25,"AFLT,ALRS,CHMF,GAZP,GMKN,HYDR,IRAO,LKOH,MAGN,MGNT,MOEX,MTSS,NLMK,NVTK,PHOR,PLZL,RASP,ROSN,RTKM,SBER,SNGS,TATN,TRNFP,VTBR,YDEX",,,252,21,0.8,60,2.5,0.0,10.0,252.0,27.86945353955764,0.3677457220754099,0.42102048238326495,0.8734627826031567,-0.5124118067976506,0.018847006651884702,26,2432.0,0.5135690789473685
russia,AFKS,coverage,30,25,"AFLT,ALRS,CHMF,GAZP,GMKN,HYDR,IRAO,LKOH,MAGN,MGNT,MOEX,MTSS,NLMK,NVTK,PHOR,PLZL,RASP,ROSN,RTKM,SBER,SNGS,TATN,TRNFP,VTBR,YDEX",,,252,21,0.8,60,2.5,0.25,10.0,252.0,5.383456096865094,0.18842545133733712,0.27124939996916375,0.6946575784453635,-0.26518801219173715,0.025868440502586843,69,33.794117647058826,0.5091383812010444
russia,AFKS,coverage,30,25,"AFLT,ALRS,CHMF,GAZP,GMKN,HYDR,IRAO,LKOH,MAGN,MGNT,MOEX,MTSS,NLMK,NVTK,PHOR,PLZL,RASP,ROSN,RTKM,SBER,SNGS,TATN,TRNFP,VTBR,YDEX",,,252,21,0.8,60,2.5,0.5,10.0,252.0,4.2685464426831174,0.16736980858793604,0.26268588297420337,0.6371480899275136,-0.2651880121917374,0.025868440502586843,70,28.65714285714286,0.5054835493519442
russia,AFKS,coverage,30,25,"AFLT,ALRS,CHMF,GAZP,GMKN,HYDR,IRAO,LKOH,MAGN,MGNT,MOEX,MTSS,NLMK,NVTK,PHOR,PLZL,RASP,ROSN,RTKM,SBER,SNGS,TATN,TRNFP,VTBR,YDEX",,,252,21,0.8,60,2.5,0.75,10.0,252.0,2.2948979411147343,0.1174413828558345,0.23505569403976703,0.4996321545648905,-0.26518801219173804,0.025868440502586843,70,22.6,0.4993678887484197
russia,AFKS,coverage,30,25,"AFLT,ALRS,CHMF,GAZP,GMKN,HYDR,IRAO,LKOH,MAGN,MGNT,MOEX,MTSS,NLMK,NVTK,PHOR,PLZL,RASP,ROSN,RTKM,SBER,SNGS,TATN,TRNFP,VTBR,YDEX",,,252,21,0.8,60,2.5,1.0,10.0,252.0,1.2629447617810339,0.07902002194293867,0.21035803435905592,0.37564537139599324,-0.2651880121917378,0.026607538802660754,72,18.5,0.493993993993994
russia,AFKS,coverage,30,25,"AFLT,ALRS,CHMF,GAZP,GMKN,HYDR,IRAO,LKOH,MAGN,MGNT,MOEX,MTSS,NLMK,NVTK,PHOR,PLZL,RASP,ROSN,RTKM,SBER,SNGS,TATN,TRNFP,VTBR,YDEX",,,252,21,0.8,60,3.0,0.0,10.0,252.0,5.058064956874483,0.18264916908636808,0.42137877711020927,0.4334560234356492,-0.515760478377761,0.009977827050997782,14,2431.0,0.5154257507198684
russia,AFKS,coverage,30,25,"AFLT,ALRS,CHMF,GAZP,GMKN,HYDR,IRAO,LKOH,MAGN,MGNT,MOEX,MTSS,NLMK,NVTK,PHOR,PLZL,RASP,ROSN,RTKM,SBER,SNGS,TATN,TRNFP,VTBR,YDEX",,,252,21,0.8,60,3.0,0.25,10.0,252.0,2.525514645790326,0.12450361472522853,0.23225864552195347,0.5360558890948163,-0.28171522645295355,0.015521064301552107,42,39.285714285714285,0.5127272727272727
russia,AFKS,coverage,30,25,"AFLT,ALRS,CHMF,GAZP,GMKN,HYDR,IRAO,LKOH,MAGN,MGNT,MOEX,MTSS,NLMK,NVTK,PHOR,PLZL,RASP,ROSN,RTKM,SBER,SNGS,TATN,TRNFP,VTBR,YDEX",,,252,21,0.8,60,3.0,0.5,10.0,252.0,2.4470945429683253,0.12215041285737871,0.221286272889504,0.5520017634278322,-0.266151441066245,0.015521064301552107,42,33.76190476190476,0.5063469675599436
russia,AFKS,coverage,30,25,"AFLT,ALRS,CHMF,GAZP,GMKN,HYDR,IRAO,LKOH,MAGN,MGNT,MOEX,MTSS,NLMK,NVTK,PHOR,PLZL,RASP,ROSN,RTKM,SBER,SNGS,TATN,TRNFP,VTBR,YDEX",,,252,21,0.8,60,3.0,0.75,10.0,252.0,1.6127159682780774,0.09355917604298747,0.19546258224625312,0.4786551726054511,-0.28744609445646263,0.015521064301552107,42,26.142857142857142,0.5009107468123861
russia,AFKS,coverage,30,25,"AFLT,ALRS,CHMF,GAZP,GMKN,HYDR,IRAO,LKOH,MAGN,MGNT,MOEX,MTSS,NLMK,NVTK,PHOR,PLZL,RASP,ROSN,RTKM,SBER,SNGS,TATN,TRNFP,VTBR,YDEX",,,252,21,0.8,60,3.0,1.0,10.0,252.0,0.9356590066190322,0.06343594172341382,0.16217310013042888,0.39116192310805564,-0.2651880121917376,0.015521064301552107,42,20.61904761904762,0.5011547344110855
russia,AFKS,coverage,30,25,"AFLT,ALRS,CHMF,GAZP,GMKN,HYDR,IRAO,LKOH,MAGN,MGNT,MOEX,MTSS,NLMK,NVTK,PHOR,PLZL,RASP,ROSN,RTKM,SBER,SNGS,TATN,TRNFP,VTBR,YDEX",,,252,63,0.8,60,1.0,0.0,10.0,252.0,6.329078075214079,0.20381269612745445,0.5217664349749119,0.39062055829109504,-0.5972446971419886,0.03510716925351072,48,2646.0,0.4965986394557823
russia,AFKS,coverage,30,25,"AFLT,ALRS,CHMF,GAZP,GMKN,HYDR,IRAO,LKOH,MAGN,MGNT,MOEX,MTSS,NLMK,NVTK,PHOR,PLZL,RASP,ROSN,RTKM,SBER,SNGS,TATN,TRNFP,VTBR,YDEX",,,252,63,0.8,60,1.0,0.25,10.0,252.0,4.098437854063717,0.1638072627935654,0.4777993405462681,0.34283693779544466,-0.601114064254412,0.050997782705099776,122,37.22641509433962,0.5027876330461226
russia,AFKS,coverage,30,25,"AFLT,ALRS,CHMF,GAZP,GMKN,HYDR,IRAO,LKOH,MAGN,MGNT,MOEX,MTSS,NLMK,NVTK,PHOR,PLZL,RASP,ROSN,RTKM,SBER,SNGS,TATN,TRNFP,VTBR,YDEX",,,252,63,0.8,60,1.0,0.5,10.0,252.0,4.29680693871518,0.1679515315087261,0.4695558173783163,0.3576817181106485,-0.5668819997566935,0.06060606060606061,152,26.12857142857143,0.5008201202843083
russia,AFKS,coverage,30,25,"AFLT,ALRS,CHMF,GAZP,GMKN,HYDR,IRAO,LKOH,MAGN,MGNT,MOEX,MTSS,NLMK,NVTK,PHOR,PLZL,RASP,ROSN,RTKM,SBER,SNGS,TATN,TRNFP,VTBR,YDEX",,,252,63,0.8,60,1.0,0.75,10.0,252.0,7.293391153187702,0.2177501859900064,0.4419549058572694,0.4926977460916102,-0.5616912748210885,0.07317073170731707,186,18.908045977011493,0.4972644376899696
russia,AFKS,coverage,30,25,"AFLT,ALRS,CHMF,GAZP,GMKN,HYDR,IRAO,LKOH,MAGN,MGNT,MOEX,MTSS,NLMK,NVTK,PHOR,PLZL,RASP,ROSN,RTKM,SBER,SNGS,TATN,TRNFP,VTBR,YDEX",,,252,63,0.8,60,1.5,0.0,10.0,252.0,6.6451165546831055,0.2085548610676189,0.5216159513502243,0.39982454625432,-0.7143890688262344,0.03067257945306726,42,2646.0,0.50151171579743
russia,AFKS,coverage,30,25,"AFLT,ALRS,CHMF,GAZP,GMKN,HYDR,IRAO,LKOH,MAGN,MGNT,MOEX,MTSS,NLMK,NVTK,PHOR,PLZL,RASP,ROSN,RTKM,SBER,SNGS,TATN,TRNFP,VTBR,YDEX",,,252,63,0.8,60,1.5,0.25,10.0,252.0,3.3016403640141894,0.14553418397034745,0.4566803725589008,0.31867842963094944,-0.5881004413298927,0.04212860310421286,104,38.765957446808514,0.5027442371020856
russia,AFKS,coverage,30,25,"AFLT,ALRS,CHMF,GAZP,GMKN,HYDR,IRAO,LKOH,MAGN,MGNT,MOEX,MTSS,NLMK,NVTK,PHOR,PLZL,RASP,ROSN,RTKM,SBER,SNGS,TATN,TRNFP,VTBR,YDEX",,,252,63,0.8,60,1.5,0.5,10.0,252.0,4.275748302328357,0.16751832211384787,0.44732279170629535,0.3744909162237313,-0.5658815464506135,0.04656319290465632,117,30.296296296296298,0.5018337408312958
russia,AFKS,coverage,30,25,"AFLT,ALRS,CHMF,GAZP,GMKN,HYDR,IRAO,LKOH,MAGN,MGNT,MOEX,MTSS,NLMK,NVTK,PHOR,PLZL,RASP,ROSN,RTKM,SBER,SNGS,TATN,TRNFP,VTBR,YDEX",,,252,63,0.8,60,1.5,0.75,10.0,252.0,6.843812198572354,0.21144606591143722,0.41612752705523265,0.5081280428808834,-0.5136546054223056,0.05025868440502587,128,23.566666666666666,0.4971711456859972
russia,AFKS,coverage,30,25,"AFLT,ALRS,CHMF,GAZP,GMKN,HYDR,IRAO,LKOH,MAGN,MGNT,MOEX,MTSS,NLMK,NVTK,PHOR,PLZL,RASP,ROSN,RTKM,SBER,SNGS,TATN,TRNFP,VTBR,YDEX",,,252,63,0.8,60,1.5,1.0,10.0,252.0,10.786269205038336,0.25826874185420445,0.40095301184014026,0.6441371787404756,-0.4836196171243907,0.06282335550628233,164,15.481012658227849,0.5012264922322158
russia,AFKS,coverage,30,25,"AFLT,ALRS,CHMF,GAZP,GMKN,HYDR,IRAO,LKOH,MAGN,MGNT,MOEX,MTSS,NLMK,NVTK,PHOR,PLZL,RASP,ROSN,RTKM,SBER,SNGS,TATN,TRNFP,VTBR,YDEX",,,252,63,0.8,60,2.0,0.0,10.0,252.0,4.420755966804498,0.1704701469232759,0.5214382821491295,0.3269229605096813,-0.6713257241561843,0.02180339985218034,30,2645.0,0.4998109640831758
russia,AFKS,coverage,30,25,"AFLT,ALRS,CHMF,GAZP,GMKN,HYDR,IRAO,LKOH,MAGN,MGNT,MOEX,MTSS,NLMK,NVTK,PHOR,PLZL,RASP,ROSN,RTKM,SBER,SNGS,TATN,TRNFP,VTBR,YDEX",,,252,63,0.8,60,2.0,0.25,10.0,252.0,3.619342737863918,0.15316101262861137,0.40853024812121647,0.3749073987372568,-0.5466476151772057,0.031781226903178125,81,40.39473684210526,0.4996742671009772
russia,AFKS,coverage,30,25,"AFLT,ALRS,CHMF,GAZP,GMKN,HYDR,IRAO,LKOH,MAGN,MGNT,MOEX,MTSS,NLMK,NVTK,PHOR,PLZL,RASP,ROSN,RTKM,SBER,SNGS,TATN,TRNFP,VTBR,YDEX",,,252,63,0.8,60,2.0,0.5,10.0,252.0,3.554845871131957,0.15165202216344875,0.3631070253127632,0.4176510273598339,-0.4935297105786468,0.03547671840354767,92,31.09090909090909,0.5029239766081871
russia,AFKS,coverage,30,25,"AFLT,ALRS,CHMF,GAZP,GMKN,HYDR,IRAO,LKOH,MAGN,MGNT,MOEX,MTSS,NLMK,NVTK,PHOR,PLZL,RASP,ROSN,RTKM,SBER,SNGS,TATN,TRNFP,VTBR,YDEX",,,252,63,0.8,60,2.0,0.75,10.0,252.0,3.1491740661813346,0.14169088950638287,0.34832317389833123,0.4067799679263938,-0.4772262473905814,0.03695491500369549,97,24.27659574468085,0.5013146362839614
russia,AFKS,coverage,30,25,"AFLT,ALRS,CHMF,GAZP,GMKN,HYDR,IRAO,LKOH,MAGN,MGNT,MOEX,MTSS,NLMK,NVTK,PHOR,PLZL,RASP,ROSN,RTKM,SBER,SNGS,TATN,TRNFP,VTBR,YDEX",,,252,63,0.8,60,2.0,1.0,10.0,252.0,2.126998226110533,0.11201193163056522,0.3082720160524471,0.36335419953106723,-0.5893773129345881,0.038433111603843315,102,19.26,0.4994807892004154
russia,AFKS,coverage,30,25,"AFLT,ALRS,CHMF,GAZP,GMKN,HYDR,IRAO,LKOH,MAGN,MGNT,MOEX,MTSS,NLMK,NVTK,PHOR,PLZL,RASP,ROSN,RTKM,SBER,SNGS,TATN,TRNFP,VTBR,YDEX",,,252,63,0.8,60,2.5,0.0,10.0,252.0,3.7117726636225186,0.15529055674519476,0.5094126682640218,0.304842353595945,-0.5487801282736816,0.014412416851441241,20,2580.0,0.5034883720930232
russia,AFKS,coverage,30,25,"AFLT,ALRS,CHMF,GAZP,GMKN,HYDR,IRAO,LKOH,MAGN,MGNT,MOEX,MTSS,NLMK,NVTK,PHOR,PLZL,RASP,ROSN,RTKM,SBER,SNGS,TATN,TRNFP,VTBR,YDEX",,,252,63,0.8,60,2.5,0.25,10.0,252.0,0.7999874405240883,0.056263623864022616,0.3600782089051743,0.15625389838250253,-0.5955829253715861,0.019216555801921657,50,48.125,0.5012987012987012
russia,AFKS,coverage,30,25,"AFLT,ALRS,CHMF,GAZP,GMKN,HYDR,IRAO,LKOH,MAGN,MGNT,MOEX,MTSS,NLMK,NVTK,PHOR,PLZL,RASP,ROSN,RTKM,SBER,SNGS,TATN,TRNFP,VTBR,YDEX",,,252,63,0.8,60,2.5,0.5,10.0,252.0,0.6612054231426658,0.048400523239044535,0.31089222541361383,0.1556826426735247,-0.6115384616845809,0.020694752402069475,55,38.44444444444444,0.5048169556840078
russia,AFKS,coverage,30,25,"AFLT,ALRS,CHMF,GAZP,GMKN,HYDR,IRAO,LKOH,MAGN,MGNT,MOEX,MTSS,NLMK,NVTK,PHOR,PLZL,RASP,ROSN,RTKM,SBER,SNGS,TATN,TRNFP,VTBR,YDEX",,,252,63,0.8,60,2.5,0.75,10.0,252.0,0.5170119498866463,0.03957266541244553,0.2953696505767074,0.13397674857650455,-0.6157158072442901,0.020694752402069475,55,31.85185185185185,0.5034883720930232
russia,AFKS,coverage,30,25,"AFLT,ALRS,CHMF,GAZP,GMKN,HYDR,IRAO,LKOH,MAGN,MGNT,MOEX,MTSS,NLMK,NVTK,PHOR,PLZL,RASP,ROSN,RTKM,SBER,SNGS,TATN,TRNFP,VTBR,YDEX",,,252,63,0.8,60,2.5,1.0,10.0,252.0,0.23994540536831255,0.020230360146222814,0.2450405184062328,0.08255924480491239,-0.6636345822450392,0.020694752402069475,56,24.285714285714285,0.5
russia,AFKS,coverage,30,25,"AFLT,ALRS,CHMF,GAZP,GMKN,HYDR,IRAO,LKOH,MAGN,MGNT,MOEX,MTSS,NLMK,NVTK,PHOR,PLZL,RASP,ROSN,RTKM,SBER,SNGS,TATN,TRNFP,VTBR,YDEX",,,252,63,0.8,60,3.0,0.0,10.0,252.0,33.580123271536785,0.39093025483860355,0.508873509131035,0.7682267750706177,-0.4254666926700932,0.012934220251293422,18,2580.0,0.5131782945736434
russia,AFKS,coverage,30,25,"AFLT,ALRS,CHMF,GAZP,GMKN,HYDR,IRAO,LKOH,MAGN,MGNT,MOEX,MTSS,NLMK,NVTK,PHOR,PLZL,RASP,ROSN,RTKM,SBER,SNGS,TATN,TRNFP,VTBR,YDEX",,,252,63,0.8,60,3.0,0.25,10.0,252.0,2.510701845126054,0.12406277869260363,0.3500839939896807,0.35438003685555697,-0.5539470498120007,0.016260162601626018,43,46.57142857142857,0.5122699386503068
russia,AFKS,coverage,30,25,"AFLT,ALRS,CHMF,GAZP,GMKN,HYDR,IRAO,LKOH,MAGN,MGNT,MOEX,MTSS,NLMK,NVTK,PHOR,PLZL,RASP,ROSN,RTKM,SBER,SNGS,TATN,TRNFP,VTBR,YDEX",,,252,63,0.8,60,3.0,0.5,10.0,252.0,2.5482037483606086,0.1251756071449266,0.2994550191357959,0.41801138450166486,-0.5806990856310577,0.017738359201773836,48,36.166666666666664,0.5207373271889401
russia,AFKS,coverage,30,25,"AFLT,ALRS,CHMF,GAZP,GMKN,HYDR,IRAO,LKOH,MAGN,MGNT,MOEX,MTSS,NLMK,NVTK,PHOR,PLZL,RASP,ROSN,RTKM,SBER,SNGS,TATN,TRNFP,VTBR,YDEX",,,252,63,0.8,60,3.0,0.75,10.0,252.0,2.3387166007919302,0.1188170388863723,0.28343405003509703,0.4192052397080006,-0.5852080643588287,0.017738359201773836,48,29.0,0.5244252873563219
russia,AFKS,coverage,30,25,"AFLT,ALRS,CHMF,GAZP,GMKN,HYDR,IRAO,LKOH,MAGN,MGNT,MOEX,MTSS,NLMK,NVTK,PHOR,PLZL,RASP,ROSN,RTKM,SBER,SNGS,TATN,TRNFP,VTBR,YDEX",,,252,63,0.8,60,3.0,1.0,10.0,252.0,1.1112554665857184,0.07207041307492901,0.23391931138516256,0.3080994580916008,-0.5908455369066905,0.017738359201773836,48,22.625,0.5156537753222836
russia,AFLT,coverage,30,25,"AFKS,ALRS,CHMF,GAZP,GMKN,HYDR,IRAO,LKOH,MAGN,MGNT,MOEX,MTSS,NLMK,NVTK,PHOR,PLZL,RASP,ROSN,RTKM,SBER,SNGS,TATN,TRNFP,VTBR,YDEX",,,252,5,0.8,60,1.0,0.0,10.0,252.0,25.848707204028035,0.35853386828783496,0.3854704395407322,0.930120267367348,-0.4396779839617293,0.038802660753880266,53,2646.0,0.516628873771731
russia,AFLT,coverage,30,25,"AFKS,ALRS,CHMF,GAZP,GMKN,HYDR,IRAO,LKOH,MAGN,MGNT,MOEX,MTSS,NLMK,NVTK,PHOR,PLZL,RASP,ROSN,RTKM,SBER,SNGS,TATN,TRNFP,VTBR,YDEX",,,252,5,0.8,60,1.0,0.25,10.0,252.0,9.160679005357572,0.240997980506936,0.3311114042142452,0.7278456055563661,-0.3402231040108451,0.05949741315594974,150,26.928571428571427,0.5151193633952255
russia,AFLT,coverage,30,25,"AFKS,ALRS,CHMF,GAZP,GMKN,HYDR,IRAO,LKOH,MAGN,MGNT,MOEX,MTSS,NLMK,NVTK,PHOR,PLZL,RASP,ROSN,RTKM,SBER,SNGS,TATN,TRNFP,VTBR,YDEX",,,252,5,0.8,60,1.0,0.5,10.0,252.0,6.500214821642704,0.20640311873868722,0.31356154824419374,0.65825392142134,-0.30158377177861817,0.07058388765705839,187,18.17391304347826,0.5191387559808612
russia,AFLT,coverage,30,25,"AFKS,ALRS,CHMF,GAZP,GMKN,HYDR,IRAO,LKOH,MAGN,MGNT,MOEX,MTSS,NLMK,NVTK,PHOR,PLZL,RASP,ROSN,RTKM,SBER,SNGS,TATN,TRNFP,VTBR,YDEX",,,252,5,0.8,60,1.0,0.75,10.0,252.0,5.411901087613678,0.18891762537469048,0.29892571893596,0.6319885289467616,-0.32015995642507233,0.09053954175905396,243,12.355371900826446,0.5183946488294314
russia,AFLT,coverage,30,25,"AFKS,ALRS,CHMF,GAZP,GMKN,HYDR,IRAO,LKOH,MAGN,MGNT,MOEX,MTSS,NLMK,NVTK,PHOR,PLZL,RASP,ROSN,RTKM,SBER,SNGS,TATN,TRNFP,VTBR,YDEX",,,252,5,0.8,60,1.5,0.0,10.0,252.0,20.543322851129282,0.3309648677729511,0.38527196251517615,0.8590421831173717,-0.4114863015743011,0.02993348115299335,41,2644.0,0.5181543116490166
russia,AFLT,coverage,30,25,"AFKS,ALRS,CHMF,GAZP,GMKN,HYDR,IRAO,LKOH,MAGN,MGNT,MOEX,MTSS,NLMK,NVTK,PHOR,PLZL,RASP,ROSN,RTKM,SBER,SNGS,TATN,TRNFP,VTBR,YDEX",,,252,5,0.8,60,1.5,0.25,10.0,252.0,12.02923166222536,0.2700720502862459,0.3126362267508542,0.863853984846969,-0.2695028839568746,0.04767184035476718,122,28.344827586206897,0.5170316301703163
russia,AFLT,coverage,30,25,"AFKS,ALRS,CHMF,GAZP,GMKN,HYDR,IRAO,LKOH,MAGN,MGNT,MOEX,MTSS,NLMK,NVTK,PHOR,PLZL,RASP,ROSN,RTKM,SBER,SNGS,TATN,TRNFP,VTBR,YDEX",,,252,5,0.8,60,1.5,0.5,10.0,252.0,8.113732892034239,0.22849402208303138,0.2923611351337087,0.7815471847122625,-0.2572671614371632,0.052106430155210645,137,20.850746268656717,0.5232641374373658
russia,AFLT,coverage,30,25,"AFKS,ALRS,CHMF,GAZP,GMKN,HYDR,IRAO,LKOH,MAGN,MGNT,MOEX,MTSS,NLMK,NVTK,PHOR,PLZL,RASP,ROSN,RTKM,SBER,SNGS,TATN,TRNFP,VTBR,YDEX",,,252,5,0.8,60,1.5,0.75,10.0,252.0,5.047463286964778,0.18245627722698865,0.2721012754716079,0.6705454684501354,-0.24935690861207427,0.058758314855875834,158,15.050632911392405,0.5239697224558453
russia,AFLT,coverage,30,25,"AFKS,ALRS,CHMF,GAZP,GMKN,HYDR,IRAO,LKOH,MAGN,MGNT,MOEX,MTSS,NLMK,NVTK,PHOR,PLZL,RASP,ROSN,RTKM,SBER,SNGS,TATN,TRNFP,VTBR,YDEX",,,252,5,0.8,60,1.5,1.0,10.0,252.0,5.760656874760372,0.19479629172619073,0.25930967838671914,0.7512110343821531,-0.23325309103099845,0.06910569105691057,186,10.720430107526882,0.5336008024072216
russia,AFLT,coverage,30,25,"AFKS,ALRS,CHMF,GAZP,GMKN,HYDR,IRAO,LKOH,MAGN,MGNT,MOEX,MTSS,NLMK,NVTK,PHOR,PLZL,RASP,ROSN,RTKM,SBER,SNGS,TATN,TRNFP,VTBR,YDEX",,,252,5,0.8,60,2.0,0.0,10.0,252.0,40.6165522087524,0.4151302002405992,0.3790698423963451,1.0951285325582572,-0.3070564130794854,0.02328159645232816,32,2605.0,0.5239923224568138
russia,AFLT,coverage,30,25,"AFKS,ALRS,CHMF,GAZP,GMKN,HYDR,IRAO,LKOH,MAGN,MGNT,MOEX,MTSS,NLMK,NVTK,PHOR,PLZL,RASP,ROSN,RTKM,SBER,SNGS,TATN,TRNFP,VTBR,YDEX",,,252,5,0.8,60,2.0,0.25,10.0,252.0,15.853035202693011,0.30087659664618505,0.28417943905636467,1.0587556849477369,-0.255595556421385,0.035846267553584624,93,29.57777777777778,0.5259203606311045
russia,AFLT,coverage,30,25,"AFKS,ALRS,CHMF,GAZP,GMKN,HYDR,IRAO,LKOH,MAGN,MGNT,MOEX,MTSS,NLMK,NVTK,PHOR,PLZL,RASP,ROSN,RTKM,SBER,SNGS,TATN,TRNFP,VTBR,YDEX",,,252,5,0.8,60,2.0,0.5,10.0,252.0,10.991607589024625,0.2602942469281351,0.2650730616417446,0.9819717074077174,-0.2380893265534202,0.03954175905395418,106,21.169811320754718,0.5365418894830659
russia,AFLT,coverage,30,25,"AFKS,ALRS,CHMF,GAZP,GMKN,HYDR,IRAO,LKOH,MAGN,MGNT,MOEX,MTSS,NLMK,NVTK,PHOR,PLZL,RASP,ROSN,RTKM,SBER,SNGS,TATN,TRNFP,VTBR,YDEX",,,252,5,0.8,60,2.0,0.75,10.0,252.0,8.942357140748634,0.23849021284259564,0.2416346117443637,0.9869869681372688,-0.2380893265534202,0.0417590539541759,113,15.368421052631579,0.5399543378995434
russia,AFLT,coverage,30,25,"AFKS,ALRS,CHMF,GAZP,GMKN,HYDR,IRAO,LKOH,MAGN,MGNT,MOEX,MTSS,NLMK,NVTK,PHOR,PLZL,RASP,ROSN,RTKM,SBER,SNGS,TATN,TRNFP,VTBR,YDEX",,,252,5,0.8,60,2.0,1.0,10.0,252.0,7.99997513850899,0.22705786756598756,0.22181226831794792,1.0236488237905783,-0.2380893265534203,0.043976348854397634,119,11.333333333333334,0.5588235294117647
russia,AFLT,coverage,30,25,"AFKS,ALRS,CHMF,GAZP,GMKN,HYDR,IRAO,LKOH,MAGN,MGNT,MOEX,MTSS,NLMK,NVTK,PHOR,PLZL,RASP,ROSN,RTKM,SBER,SNGS,TATN,TRNFP,VTBR,YDEX",,,252,5,0.8,60,2.5,0.0,10.0,252.0,40.67945953702793,0.4153292706933105,0.3790014993826497,1.095851260139695,-0.36934774739558063,0.01810790835181079,25,2605.0,0.5247600767754319
russia,AFLT,coverage,30,25,"AFKS,ALRS,CHMF,GAZP,GMKN,HYDR,IRAO,LKOH,MAGN,MGNT,MOEX,MTSS,NLMK,NVTK,PHOR,PLZL,RASP,ROSN,RTKM,SBER,SNGS,TATN,TRNFP,VTBR,YDEX",,,252,5,0.8,60,2.5,0.25,10.0,252.0,11.310868679060183,0.26338188652780103,0.2627876349390609,1.0022613377104976,-0.23015083902333444,0.027346637102734665,72,31.057142857142857,0.5289788408463661
russia,AFLT,coverage,30,25,"AFKS,ALRS,CHMF,GAZP,GMKN,HYDR,IRAO,LKOH,MAGN,MGNT,MOEX,MTSS,NLMK,NVTK,PHOR,PLZL,RASP,ROSN,RTKM,SBER,SNGS,TATN,TRNFP,VTBR,YDEX",,,252,5,0.8,60,2.5,0.5,10.0,252.0,8.80385579585644,0.23687329122635603,0.23825835905139384,0.9941866978747258,-0.2120462233242021,0.028085735402808575,75,23.10810810810811,0.5426900584795321
russia,AFLT,coverage,30,25,"AFKS,ALRS,CHMF,GAZP,GMKN,HYDR,IRAO,LKOH,MAGN,MGNT,MOEX,MTSS,NLMK,NVTK,PHOR,PLZL,RASP,ROSN,RTKM,SBER,SNGS,TATN,TRNFP,VTBR,YDEX",,,252,5,0.8,60,2.5,0.75,10.0,252.0,5.391566519408687,0.18856598560243443,0.21715956355629956,0.8683291793112665,-0.2120462233242021,0.028085735402808575,76,17.789473684210527,0.5399408284023669
russia,AFLT,coverage,30,25,"AFKS,ALRS,CHMF,GAZP,GMKN,HYDR,IRAO,LKOH,MAGN,MGNT,MOEX,MTSS,NLMK,NVTK,PHOR,PLZL,RASP,ROSN,RTKM,SBER,SNGS,TATN,TRNFP,VTBR,YDEX",,,252,5,0.8,60,2.5,1.0,10.0,252.0,5.384843608233113,0.18844950507482117,0.19820100839785576,0.9507999308285049,-0.21204622332420198,0.028824833702882482,78,12.717948717948717,0.5705645161290323
russia,AFLT,coverage,30,25,"AFKS,ALRS,CHMF,GAZP,GMKN,HYDR,IRAO,LKOH,MAGN,MGNT,MOEX,MTSS,NLMK,NVTK,PHOR,PLZL,RASP,ROSN,RTKM,SBER,SNGS,TATN,TRNFP,VTBR,YDEX",,,252,5,0.8,60,3.0,0.0,10.0,252.0,4.455869036601012,0.17117414230815564,0.3324487004992478,0.5148888897778771,-0.4228282194117393,0.009977827050997782,14,2142.0,0.5256769374416433
russia,AFLT,coverage,30,25,"AFKS,ALRS,CHMF,GAZP,GMKN,HYDR,IRAO,LKOH,MAGN,MGNT,MOEX,MTSS,NLMK,NVTK,PHOR,PLZL,RASP,ROSN,RTKM,SBER,SNGS,TATN,TRNFP,VTBR,YDEX",,,252,5,0.8,60,3.0,0.25,10.0,252.0,4.100520103068462,0.16385151846480683,0.21039942932883682,0.7787640821435905,-0.23015083902333433,0.016260162601626018,43,28.952380952380953,0.5444078947368421
russia,AFLT,coverage,30,25,"AFKS,ALRS,CHMF,GAZP,GMKN,HYDR,IRAO,LKOH,MAGN,MGNT,MOEX,MTSS,NLMK,NVTK,PHOR,PLZL,RASP,ROSN,RTKM,SBER,SNGS,TATN,TRNFP,VTBR,YDEX",,,252,5,0.8,60,3.0,0.5,10.0,252.0,3.983031392957238,0.161328436160463,0.190639221148715,0.8462499751539213,-0.21204622332420198,0.016260162601626018,43,22.38095238095238,0.5617021276595745
russia,AFLT,coverage,30,25,"AFKS,ALRS,CHMF,GAZP,GMKN,HYDR,IRAO,LKOH,MAGN,MGNT,MOEX,MTSS,NLMK,NVTK,PHOR,PLZL,RASP,ROSN,RTKM,SBER,SNGS,TATN,TRNFP,VTBR,YDEX",,,252,5,0.8,60,3.0,0.75,10.0,252.0,2.323053973177184,0.11832721215664543,0.17945478336004853,0.6593706221763953,-0.2120462233242021,0.016260162601626018,44,16.954545454545453,0.5549597855227882
russia,AFLT,coverage,30,25,"AFKS,ALRS,CHMF,GAZP,GMKN,HYDR,IRAO,LKOH,MAGN,MGNT,MOEX,MTSS,NLMK,NVTK,PHOR,PLZL,RASP,ROSN,RTKM,SBER,SNGS,TATN,TRNFP,VTBR,YDEX",,,252,5,0.8,60,3.0,1.0,10.0,252.0,2.2003315443880695,0.11441508427327518,0.16901686186057313,0.6769447912697579,-0.21204622332420187,0.016260162601626018,44,12.590909090909092,0.5848375451263538
russia,AFLT,coverage,30,25,"AFKS,ALRS,CHMF,GAZP,GMKN,HYDR,IRAO,LKOH,MAGN,MGNT,MOEX,MTSS,NLMK,NVTK,PHOR,PLZL,RASP,ROSN,RTKM,SBER,SNGS,TATN,TRNFP,VTBR,YDEX",,,252,10,0.8,60,1.0,0.0,10.0,252.0,16.591577462909573,0.3060828711483128,0.39834503165233165,0.7683863154479015,-0.4699716888169372,0.038802660753880266,53,2646.0,0.50151171579743
russia,AFLT,coverage,30,25,"AFKS,ALRS,CHMF,GAZP,GMKN,HYDR,IRAO,LKOH,MAGN,MGNT,MOEX,MTSS,NLMK,NVTK,PHOR,PLZL,RASP,ROSN,RTKM,SBER,SNGS,TATN,TRNFP,VTBR,YDEX",,,252,10,0.8,60,1.0,0.25,10.0,252.0,2.7538341188489546,0.13109423193696457,0.3484621155475571,0.37620798958580964,-0.4786185030120018,0.05358462675535846,138,28.727272727272727,0.4978902953586498
russia,AFLT,coverage,30,25,"AFKS,ALRS,CHMF,GAZP,GMKN,HYDR,IRAO,LKOH,MAGN,MGNT,MOEX,MTSS,NLMK,NVTK,PHOR,PLZL,RASP,ROSN,RTKM,SBER,SNGS,TATN,TRNFP,VTBR,YDEX",,,252,10,0.8,60,1.0,0.5,10.0,252.0,3.400411785223315,0.14795855021092774,0.32503899218356624,0.4552024642242551,-0.45868256585583767,0.06836659275683665,182,18.677777777777777,0.5032718619869125
russia,AFLT,coverage,30,25,"AFKS,ALRS,CHMF,GAZP,GMKN,HYDR,IRAO,LKOH,MAGN,MGNT,MOEX,MTSS,NLMK,NVTK,PHOR,PLZL,RASP,ROSN,RTKM,SBER,SNGS,TATN,TRNFP,VTBR,YDEX",,,252,10,0.8,60,1.0,0.75,10.0,252.0,3.972033635734201,0.16108950470505845,0.3114723227865044,0.5171872199234718,-0.4746983831598359,0.09127864005912786,245,12.180327868852459,0.5080753701211306
russia,AFLT,coverage,30,25,"AFKS,ALRS,CHMF,GAZP,GMKN,HYDR,IRAO,LKOH,MAGN,MGNT,MOEX,MTSS,NLMK,NVTK,PHOR,PLZL,RASP,ROSN,RTKM,SBER,SNGS,TATN,TRNFP,VTBR,YDEX",,,252,10,0.8,60,1.5,0.0,10.0,252.0,22.430002704670652,0.34141125918746407,0.3980879097049297,0.8576278024633418,-0.4131474052060049,0.031411677753141166,43,2644.0,0.5117246596066566
russia,AFLT,coverage,30,25,"AFKS,ALRS,CHMF,GAZP,GMKN,HYDR,IRAO,LKOH,MAGN,MGNT,MOEX,MTSS,NLMK,NVTK,PHOR,PLZL,RASP,ROSN,RTKM,SBER,SNGS,TATN,TRNFP,VTBR,YDEX",,,252,10,0.8,60,1.5,0.25,10.0,252.0,4.44689096743391,0.1709945294151498,0.32791554932026995,0.5214590456890538,-0.43558504375635765,0.043976348854397634,113,30.944444444444443,0.5068821065230401
russia,AFLT,coverage,30,25,"AFKS,ALRS,CHMF,GAZP,GMKN,HYDR,IRAO,LKOH,MAGN,MGNT,MOEX,MTSS,NLMK,NVTK,PHOR,PLZL,RASP,ROSN,RTKM,SBER,SNGS,TATN,TRNFP,VTBR,YDEX",,,252,10,0.8,60,1.5,0.5,10.0,252.0,4.412850665834291,0.17031108032358233,0.29673170885362615,0.5739564571024479,-0.3920833376549073,0.052845528455284556,141,20.057142857142857,0.5156695156695157
russia,AFLT,coverage,30,25,"AFKS,ALRS,CHMF,GAZP,GMKN,HYDR,IRAO,LKOH,MAGN,MGNT,MOEX,MTSS,NLMK,NVTK,PHOR,PLZL,RASP,ROSN,RTKM,SBER,SNGS,TATN,TRNFP,VTBR,YDEX",,,252,10,0.8,60,1.5,0.75,10.0,252.0,6.224432186844475,0.20220155799337713,0.28321558185478185,0.7139492702666886,-0.4100696088999276,0.06171470805617147,166,14.53012048192771,0.5223880597014925
russia,AFLT,coverage,30,25,"AFKS,ALRS,CHMF,GAZP,GMKN,HYDR,IRAO,LKOH,MAGN,MGNT,MOEX,MTSS,NLMK,NVTK,PHOR,PLZL,RASP,ROSN,RTKM,SBER,SNGS,TATN,TRNFP,VTBR,YDEX",,,252,10,0.8,60,1.5,1.0,10.0,252.0,3.517807524210431,0.1507766784722775,0.2665487664856982,0.565662638248853,-0.4022318556431457,0.06984478935698447,188,11.127659574468085,0.5267686424474187
russia,AFLT,coverage,30,25,"AFKS,ALRS,CHMF,GAZP,GMKN,HYDR,IRAO,LKOH,MAGN,MGNT,MOEX,MTSS,NLMK,NVTK,PHOR,PLZL,RASP,ROSN,RTKM,SBER,SNGS,TATN,TRNFP,VTBR,YDEX",,,252,10,0.8,60,2.0,0.0,10.0,252.0,28.85346815028016,0.372021553903666,0.39374419509402997,0.9448305741112542,-0.5011862306628859,0.02328159645232816,32,2606.0,0.5207214121258634
russia,AFLT,coverage,30,25,"AFKS,ALRS,CHMF,GAZP,GMKN,HYDR,IRAO,LKOH,MAGN,MGNT,MOEX,MTSS,NLMK,NVTK,PHOR,PLZL,RASP,ROSN,RTKM,SBER,SNGS,TATN,TRNFP,VTBR,YDEX",,,252,10,0.8,60,2.0,0.25,10.0,252.0,8.972330855430638,0.23883744791753414,0.3086797299995697,0.7737386835146807,-0.4485141605859787,0.03436807095343681,88,33.333333333333336,0.52
russia,AFLT,coverage,30,25,"AFKS,ALRS,CHMF,GAZP,GMKN,HYDR,IRAO,LKOH,MAGN,MGNT,MOEX,MTSS,NLMK,NVTK,PHOR,PLZL,RASP,ROSN,RTKM,SBER,SNGS,TATN,TRNFP,VTBR,YDEX",,,252,10,0.8,60,2.0,0.5,10.0,252.0,8.424373866388272,0.2323345220564641,0.27432452720038597,0.8469330993752177,-0.35135812846649406,0.03954175905395418,105,22.096153846153847,0.5291557876414273
russia,AFLT,coverage,30,25,"AFKS,ALRS,CHMF,GAZP,GMKN,HYDR,IRAO,LKOH,MAGN,MGNT,MOEX,MTSS,NLMK,NVTK,PHOR,PLZL,RASP,ROSN,RTKM,SBER,SNGS,TATN,TRNFP,VTBR,YDEX",,,252,10,0.8,60,2.0,0.75,10.0,252.0,7.884471364972656,0.22558272730740647,0.2502182337781362,0.9015439198864558,-0.3513581284664944,0.04249815225424981,115,15.96551724137931,0.5334773218142549
russia,AFLT,coverage,30,25,"AFKS,ALRS,CHMF,GAZP,GMKN,HYDR,IRAO,LKOH,MAGN,MGNT,MOEX,MTSS,NLMK,NVTK,PHOR,PLZL,RASP,ROSN,RTKM,SBER,SNGS,TATN,TRNFP,VTBR,YDEX",,,252,10,0.8,60,2.0,1.0,10.0,252.0,4.388406625842002,0.1698178929476981,0.23214457304728506,0.7315178240807216,-0.35135812846649417,0.045454545454545456,123,12.580645161290322,0.541025641025641
russia,AFLT,coverage,30,25,"AFKS,ALRS,CHMF,GAZP,GMKN,HYDR,IRAO,LKOH,MAGN,MGNT,MOEX,MTSS,NLMK,NVTK,PHOR,PLZL,RASP,ROSN,RTKM,SBER,SNGS,TATN,TRNFP,VTBR,YDEX",,,252,10,0.8,60,2.5,0.0,10.0,252.0,2.453973857360005,0.12235877705822107,0.3939247129483622,0.31061462517143607,-0.4225069850539974,0.010716925351071693,15,2605.0,0.5097888675623801
russia,AFLT,coverage,30,25,"AFKS,ALRS,CHMF,GAZP,GMKN,HYDR,IRAO,LKOH,MAGN,MGNT,MOEX,MTSS,NLMK,NVTK,PHOR,PLZL,RASP,ROSN,RTKM,SBER,SNGS,TATN,TRNFP,VTBR,YDEX",,,252,10,0.8,60,2.5,0.25,10.0,252.0,2.5381338911981493,0.12487784646803801,0.26982155822733267,0.4628164157395634,-0.3793819775987245,0.02106430155210643,57,33.93103448275862,0.5101626016260162
russia,AFLT,coverage,30,25,"AFKS,ALRS,CHMF,GAZP,GMKN,HYDR,IRAO,LKOH,MAGN,MGNT,MOEX,MTSS,NLMK,NVTK,PHOR,PLZL,RASP,ROSN,RTKM,SBER,SNGS,TATN,TRNFP,VTBR,YDEX",,,252,10,0.8,60,2.5,0.5,10.0,252.0,2.607390541280971,0.1269103960575575,0.22908376949112277,0.5539912161366605,-0.3513581284664943,0.022912047302291204,62,23.70967741935484,0.5238095238095238
russia,AFLT,coverage,30,25,"AFKS,ALRS,CHMF,GAZP,GMKN,HYDR,IRAO,LKOH,MAGN,MGNT,MOEX,MTSS,NLMK,NVTK,PHOR,PLZL,RASP,ROSN,RTKM,SBER,SNGS,TATN,TRNFP,VTBR,YDEX",,,252,10,0.8,60,2.5,0.75,10.0,252.0,2.117861796355225,0.11170895638748424,0.21049168366005327,0.5307048451752403,-0.3578793873749211,0.022912047302291204,62,19.483870967741936,0.5182119205298014
russia,AFLT,coverage,30,25,"AFKS,ALRS,CHMF,GAZP,GMKN,HYDR,IRAO,LKOH,MAGN,MGNT,MOEX,MTSS,NLMK,NVTK,PHOR,PLZL,RASP,ROSN,RTKM,SBER,SNGS,TATN,TRNFP,VTBR,YDEX",,,252,10,0.8,60,2.5,1.0,10.0,252.0,1.5826261142278155,0.09238015488331852,0.2038108980318783,0.4532640588672998,-0.3943116956646866,0.023651145602365115,64,16.0625,0.5233463035019456
russia,AFLT,coverage,30,25,"AFKS,ALRS,CHMF,GAZP,GMKN,HYDR,IRAO,LKOH,MAGN,MGNT,MOEX,MTSS,NLMK,NVTK,PHOR,PLZL,RASP,ROSN,RTKM,SBER,SNGS,TATN,TRNFP,VTBR,YDEX",,,252,10,0.8,60,3.0,0.0,10.0,252.0,1.1164875787552528,0.07231755407072216,0.39352654530226155,0.18376791841367698,-0.4905428681640642,0.008499630450849963,12,2602.0,0.5165257494235204
russia,AFLT,coverage,30,25,"AFKS,ALRS,CHMF,GAZP,GMKN,HYDR,IRAO,LKOH,MAGN,MGNT,MOEX,MTSS,NLMK,NVTK,PHOR,PLZL,RASP,ROSN,RTKM,SBER,SNGS,TATN,TRNFP,VTBR,YDEX",,,252,10,0.8,60,3.0,0.25,10.0,252.0,2.522950016740217,0.12442741052071438,0.22954641388480768,0.542057740806856,-0.3513581284664943,0.015521064301552107,42,32.42857142857143,0.527165932452276
russia,AFLT,coverage,30,25,"AFKS,ALRS,CHMF,GAZP,GMKN,HYDR,IRAO,LKOH,MAGN,MGNT,MOEX,MTSS,NLMK,NVTK,PHOR,PLZL,RASP,ROSN,RTKM,SBER,SNGS,TATN,TRNFP,VTBR,YDEX",,,252,10,0.8,60,3.0,0.5,10.0,252.0,2.1568450547244558,0.11299612496782196,0.19677775680293566,0.5742322039019007,-0.3513581284664943,0.015521064301552107,42,22.666666666666668,0.5399159663865546
russia,AFLT,coverage,30,25,"AFKS,ALRS,CHMF,GAZP,GMKN,HYDR,IRAO,LKOH,MAGN,MGNT,MOEX,MTSS,NLMK,NVTK,PHOR,PLZL,RASP,ROSN,RTKM,SBER,SNGS,TATN,TRNFP,VTBR,YDEX",,,252,10,0.8,60,3.0,0.75,10.0,252.0,1.784498983157155,0.1000633266537494,0.1896945924987811,0.5274969904816468,-0.3513581284664944,0.015521064301552107,42,19.428571428571427,0.5318627450980392
russia,AFLT,coverage,30,25,"AFKS,ALRS,CHMF,GAZP,GMKN,HYDR,IRAO,LKOH,MAGN,MGNT,MOEX,MTSS,NLMK,NVTK,PHOR,PLZL,RASP,ROSN,RTKM,SBER,SNGS,TATN,TRNFP,VTBR,YDEX",,,252,10,0.8,60,3.0,1.0,10.0,252.0,1.3163900727487712,0.08136820152356372,0.1837568991614589,0.44280351864268863,-0.3513581284664944,0.015521064301552107,42,16.142857142857142,0.5339233038348082
russia,AFLT,coverage,30,25,"AFKS,ALRS,CHMF,GAZP,GMKN,HYDR,IRAO,LKOH,MAGN,MGNT,MOEX,MTSS,NLMK,NVTK,PHOR,PLZL,RASP,ROSN,RTKM,SBER,SNGS,TATN,TRNFP,VTBR,YDEX",,,252,21,0.8,60,1.0,0.0,10.0,252.0,6.459929218885887,0.20579819388299114,0.4170691825959127,0.4934389843959859,-0.4042923253093822,0.0336289726533629,46,2646.0,0.5056689342403629
russia,AFLT,coverage,30,25,"AFKS,ALRS,CHMF,GAZP,GMKN,HYDR,IRAO,LKOH,MAGN,MGNT,MOEX,MTSS,NLMK,NVTK,PHOR,PLZL,RASP,ROSN,RTKM,SBER,SNGS,TATN,TRNFP,VTBR,YDEX",,,252,21,0.8,60,1.0,0.25,10.0,252.0,5.386609653482964,0.1884801141763781,0.3693040160800023,0.5103657311312523,-0.3718925077499845,0.05469327420546933,136,31.080645161290324,0.5101193565127141
russia,AFLT,coverage,30,25,"AFKS,ALRS,CHMF,GAZP,GMKN,HYDR,IRAO,LKOH,MAGN,MGNT,MOEX,MTSS,NLMK,NVTK,PHOR,PLZL,RASP,ROSN,RTKM,SBER,SNGS,TATN,TRNFP,VTBR,YDEX",,,252,21,0.8,60,1.0,0.5,10.0,252.0,4.628545081111762,0.17457751068606675,0.35569512444983664,0.49080658880576605,-0.377778840243009,0.06504065040650407,169,21.209876543209877,0.5110593713620489
russia,AFLT,coverage,30,25,"AFKS,ALRS,CHMF,GAZP,GMKN,HYDR,IRAO,LKOH,MAGN,MGNT,MOEX,MTSS,NLMK,NVTK,PHOR,PLZL,RASP,ROSN,RTKM,SBER,SNGS,TATN,TRNFP,VTBR,YDEX",,,252,21,0.8,60,1.0,0.75,10.0,252.0,4.2015365218956955,0.16597906429596732,0.3374331576197195,0.4918872391403291,-0.3472019140120849,0.0835181079083518,222,14.036697247706423,0.5143790849673202
russia,AFLT,coverage,30,25,"AFKS,ALRS,CHMF,GAZP,GMKN,HYDR,IRAO,LKOH,MAGN,MGNT,MOEX,MTSS,NLMK,NVTK,PHOR,PLZL,RASP,ROSN,RTKM,SBER,SNGS,TATN,TRNFP,VTBR,YDEX",,,252,21,0.8,60,1.5,0.0,10.0,252.0,13.347638619378595,0.2815241080812019,0.41672063708230606,0.6755703534442388,-0.44615813253035175,0.02771618625277162,38,2646.0,0.5120937263794406
russia,AFLT,coverage,30,25,"AFKS,ALRS,CHMF,GAZP,GMKN,HYDR,IRAO,LKOH,MAGN,MGNT,MOEX,MTSS,NLMK,NVTK,PHOR,PLZL,RASP,ROSN,RTKM,SBER,SNGS,TATN,TRNFP,VTBR,YDEX",,,252,21,0.8,60,1.5,0.25,10.0,252.0,6.063938258145536,0.19968897755885906,0.33609441887348307,0.5941454732517547,-0.3493484411652895,0.04434589800443459,114,30.555555555555557,0.5206060606060606
russia,AFLT,coverage,30,25,"AFKS,ALRS,CHMF,GAZP,GMKN,HYDR,IRAO,LKOH,MAGN,MGNT,MOEX,MTSS,NLMK,NVTK,PHOR,PLZL,RASP,ROSN,RTKM,SBER,SNGS,TATN,TRNFP,VTBR,YDEX",,,252,21,0.8,60,1.5,0.5,10.0,252.0,6.104451310147403,0.2003280685860509,0.32230426350295455,0.621549545788787,-0.34934844116528985,0.050997782705099776,135,22.09090909090909,0.522633744855967
russia,AFLT,coverage,30,25,"AFKS,ALRS,CHMF,GAZP,GMKN,HYDR,IRAO,LKOH,MAGN,MGNT,MOEX,MTSS,NLMK,NVTK,PHOR,PLZL,RASP,ROSN,RTKM,SBER,SNGS,TATN,TRNFP,VTBR,YDEX",,,252,21,0.8,60,1.5,0.75,10.0,252.0,7.359926725492894,0.21865670722914698,0.3070500864339016,0.7121206503103104,-0.27644245676274204,0.057649667405764965,153,16.826666666666668,0.5229793977812995
russia,AFLT,coverage,30,25,"AFKS,ALRS,CHMF,GAZP,GMKN,HYDR,IRAO,LKOH,MAGN,MGNT,MOEX,MTSS,NLMK,NVTK,PHOR,PLZL,RASP,ROSN,RTKM,SBER,SNGS,TATN,TRNFP,VTBR,YDEX",,,252,21,0.8,60,1.5,1.0,10.0,252.0,6.537371144487073,0.20695844808146457,0.2929145765367612,0.7065488188686677,-0.2500286351128779,0.06577974870657798,176,12.701149425287356,0.5257918552036199
russia,AFLT,coverage,30,25,"AFKS,ALRS,CHMF,GAZP,GMKN,HYDR,IRAO,LKOH,MAGN,MGNT,MOEX,MTSS,NLMK,NVTK,PHOR,PLZL,RASP,ROSN,RTKM,SBER,SNGS,TATN,TRNFP,VTBR,YDEX",,,252,21,0.8,60,2.0,0.0,10.0,252.0,12.894932817819535,0.2777035186962631,0.4164363183640808,0.6668571074376688,-0.5064510773555706,0.02180339985218034,30,2644.0,0.5143721633888049
russia,AFLT,coverage,30,25,"AFKS,ALRS,CHMF,GAZP,GMKN,HYDR,IRAO,LKOH,MAGN,MGNT,MOEX,MTSS,NLMK,NVTK,PHOR,PLZL,RASP,ROSN,RTKM,SBER,SNGS,TATN,TRNFP,VTBR,YDEX",,,252,21,0.8,60,2.0,0.25,10.0,252.0,6.682949104369507,0.20911057090227336,0.31368864040204836,0.6666182448757487,-0.321651302305763,0.03325942350332594,85,33.775,0.5196150999259808
russia,AFLT,coverage,30,25,"AFKS,ALRS,CHMF,GAZP,GMKN,HYDR,IRAO,LKOH,MAGN,MGNT,MOEX,MTSS,NLMK,NVTK,PHOR,PLZL,RASP,ROSN,RTKM,SBER,SNGS,TATN,TRNFP,VTBR,YDEX",,,252,21,0.8,60,2.0,0.5,10.0,252.0,7.4046454725028585,0.2192623132668141,0.293704516948445,0.746540487510793,-0.23097223180793636,0.03695491500369549,98,23.979166666666668,0.5230234578627281
russia,AFLT,coverage,30,25,"AFKS,ALRS,CHMF,GAZP,GMKN,HYDR,IRAO,LKOH,MAGN,MGNT,MOEX,MTSS,NLMK,NVTK,PHOR,PLZL,RASP,ROSN,RTKM,SBER,SNGS,TATN,TRNFP,VTBR,YDEX",,,252,21,0.8,60,2.0,0.75,10.0,252.0,4.15514543708077,0.16500669970023596,0.2645340195115428,0.6237636278498991,-0.22529726806853312,0.038433111603843315,104,18.634615384615383,0.5180598555211559
russia,AFLT,coverage,30,25,"AFKS,ALRS,CHMF,GAZP,GMKN,HYDR,IRAO,LKOH,MAGN,MGNT,MOEX,MTSS,NLMK,NVTK,PHOR,PLZL,RASP,ROSN,RTKM,SBER,SNGS,TATN,TRNFP,VTBR,YDEX",,,252,21,0.8,60,2.0,1.0,10.0,252.0,2.9965394384937722,0.13771285686508472,0.2508653274353648,0.5489513368505111,-0.21662039612587514,0.04138950480413895,112,14.803571428571429,0.5211097708082026
russia,AFLT,coverage,30,25,"AFKS,ALRS,CHMF,GAZP,GMKN,HYDR,IRAO,LKOH,MAGN,MGNT,MOEX,MTSS,NLMK,NVTK,PHOR,PLZL,RASP,ROSN,RTKM,SBER,SNGS,TATN,TRNFP,VTBR,YDEX",,,252,21,0.8,60,2.5,0.0,10.0,252.0,18.070255550414775,0.31593662579052095,0.4090167292626786,0.772429593185711,-0.3697885930944451,0.015151515151515152,21,2601.0,0.5121107266435986
russia,AFLT,coverage,30,25,"AFKS,ALRS,CHMF,GAZP,GMKN,HYDR,IRAO,LKOH,MAGN,MGNT,MOEX,MTSS,NLMK,NVTK,PHOR,PLZL,RASP,ROSN,RTKM,SBER,SNGS,TATN,TRNFP,VTBR,YDEX",,,252,21,0.8,60,2.5,0.25,10.0,252.0,4.36710374889304,0.16938642483637834,0.26692898324661724,0.6345748699753643,-0.32165130230576333,0.022172949002217297,58,36.07142857142857,0.5267326732673268
russia,AFLT,coverage,30,25,"AFKS,ALRS,CHMF,GAZP,GMKN,HYDR,IRAO,LKOH,MAGN,MGNT,MOEX,MTSS,NLMK,NVTK,PHOR,PLZL,RASP,ROSN,RTKM,SBER,SNGS,TATN,TRNFP,VTBR,YDEX",,,252,21,0.8,60,2.5,0.5,10.0,252.0,5.9438610624787405,0.19777504769606913,0.2528814935219648,0.7820858890921204,-0.21069140952134635,0.025129342202512936,68,25.029411764705884,0.535840188014101
russia,AFLT,coverage,30,25,"AFKS,ALRS,CHMF,GAZP,GMKN,HYDR,IRAO,LKOH,MAGN,MGNT,MOEX,MTSS,NLMK,NVTK,PHOR,PLZL,RASP,ROSN,RTKM,SBER,SNGS,TATN,TRNFP,VTBR,YDEX",,,252,21,0.8,60,2.5,0.75,10.0,252.0,4.579916722820443,0.1736287530513554,0.2176374296781395,0.7977890260334913,-0.21069140952134624,0.025868440502586843,70,18.571428571428573,0.5415384615384615
russia,AFLT,coverage,30,25,"AFKS,ALRS,CHMF,GAZP,GMKN,HYDR,IRAO,LKOH,MAGN,MGNT,MOEX,MTSS,NLMK,NVTK,PHOR,PLZL,RASP,ROSN,RTKM,SBER,SNGS,TATN,TRNFP,VTBR,YDEX",,,252,21,0.8,60,2.5,1.0,10.0,252.0,3.426128100122444,0.1485816624305769,0.2110937084356815,0.7038658969594468,-0.21069140952134635,0.027346637102734665,74,14.91891891891892,0.5489130434782609
russia,AFLT,coverage,30,25,"AFKS,ALRS,CHMF,GAZP,GMKN,HYDR,IRAO,LKOH,MAGN,MGNT,MOEX,MTSS,NLMK,NVTK,PHOR,PLZL,RASP,ROSN,RTKM,SBER,SNGS,TATN,TRNFP,VTBR,YDEX",,,252,21,0.8,60,3.0,0.0,10.0,252.0,0.5089305535654307,0.03905568230594314,0.4094928951521293,0.09537572633936348,-0.5612028747184583,0.008499630450849963,12,2601.0,0.5098039215686274
russia,AFLT,coverage,30,25,"AFKS,ALRS,CHMF,GAZP,GMKN,HYDR,IRAO,LKOH,MAGN,MGNT,MOEX,MTSS,NLMK,NVTK,PHOR,PLZL,RASP,ROSN,RTKM,SBER,SNGS,TATN,TRNFP,VTBR,YDEX",,,252,21,0.8,60,3.0,0.25,10.0,252.0,2.2292050220078683,0.11534759472709344,0.2406075538585905,0.4794013856891847,-0.3216513023057631,0.016260162601626018,43,37.38095238095238,0.5312101910828025
russia,AFLT,coverage,30,25,"AFKS,ALRS,CHMF,GAZP,GMKN,HYDR,IRAO,LKOH,MAGN,MGNT,MOEX,MTSS,NLMK,NVTK,PHOR,PLZL,RASP,ROSN,RTKM,SBER,SNGS,TATN,TRNFP,VTBR,YDEX",,,252,21,0.8,60,3.0,0.5,10.0,252.0,2.893037688700018,0.1349361899234136,0.2188366707028752,0.6166068487973974,-0.21069140952134646,0.016999260901699925,46,27.0,0.5394524959742351
russia,AFLT,coverage,30,25,"AFKS,ALRS,CHMF,GAZP,GMKN,HYDR,IRAO,LKOH,MAGN,MGNT,MOEX,MTSS,NLMK,NVTK,PHOR,PLZL,RASP,ROSN,RTKM,SBER,SNGS,TATN,TRNFP,VTBR,YDEX",,,252,21,0.8,60,3.0,0.75,10.0,252.0,2.5267059370680083,0.12453899510662603,0.19204928490046658,0.6484741412662426,-0.21069140952134657,0.017738359201773836,48,19.208333333333332,0.5509761388286334
russia,AFLT,coverage,30,25,"AFKS,ALRS,CHMF,GAZP,GMKN,HYDR,IRAO,LKOH,MAGN,MGNT,MOEX,MTSS,NLMK,NVTK,PHOR,PLZL,RASP,ROSN,RTKM,SBER,SNGS,TATN,TRNFP,VTBR,YDEX",,,252,21,0.8,60,3.0,1.0,10.0,252.0,2.102305493361759,0.11119123281742449,0.18739518839953362,0.5933515890512652,-0.21069140952134657,0.017738359201773836,48,16.333333333333332,0.5535714285714286
russia,AFLT,coverage,30,25,"AFKS,ALRS,CHMF,GAZP,GMKN,HYDR,IRAO,LKOH,MAGN,MGNT,MOEX,MTSS,NLMK,NVTK,PHOR,PLZL,RASP,ROSN,RTKM,SBER,SNGS,TATN,TRNFP,VTBR,YDEX",,,252,63,0.8,60,1.0,0.0,10.0,252.0,3.385417608552923,0.14759371209095162,0.48629638434830996,0.30350567440213083,-0.6014548564218065,0.03215077605321508,44,2646.0,0.4981103552532124
russia,AFLT,coverage,30,25,"AFKS,ALRS,CHMF,GAZP,GMKN,HYDR,IRAO,LKOH,MAGN,MGNT,MOEX,MTSS,NLMK,NVTK,PHOR,PLZL,RASP,ROSN,RTKM,SBER,SNGS,TATN,TRNFP,VTBR,YDEX",,,252,63,0.8,60,1.0,0.25,10.0,252.0,7.577753954051127,0.22157942286900445,0.4439597022516311,0.49909805269536794,-0.46825316606333167,0.056910569105691054,139,33.016129032258064,0.5012212994626283
russia,AFLT,coverage,30,25,"AFKS,ALRS,CHMF,GAZP,GMKN,HYDR,IRAO,LKOH,MAGN,MGNT,MOEX,MTSS,NLMK,NVTK,PHOR,PLZL,RASP,ROSN,RTKM,SBER,SNGS,TATN,TRNFP,VTBR,YDEX",,,252,63,0.8,60,1.0,0.5,10.0,252.0,6.193177933419995,0.20171625955767003,0.43162801677190027,0.46733819798419096,-0.4704821236107266,0.06430155210643015,163,24.55263157894737,0.4957127545551983
russia,AFLT,coverage,30,25,"AFKS,ALRS,CHMF,GAZP,GMKN,HYDR,IRAO,LKOH,MAGN,MGNT,MOEX,MTSS,NLMK,NVTK,PHOR,PLZL,RASP,ROSN,RTKM,SBER,SNGS,TATN,TRNFP,VTBR,YDEX",,,252,63,0.8,60,1.0,0.75,10.0,252.0,5.907038219503152,0.19718210755005527,0.40842838004750454,0.48278258118870415,-0.4554367869581303,0.08795269770879527,229,14.9,0.5064063453325198
russia,AFLT,coverage,30,25,"AFKS,ALRS,CHMF,GAZP,GMKN,HYDR,IRAO,LKOH,MAGN,MGNT,MOEX,MTSS,NLMK,NVTK,PHOR,PLZL,RASP,ROSN,RTKM,SBER,SNGS,TATN,TRNFP,VTBR,YDEX",,,252,63,0.8,60,1.5,0.0,10.0,252.0,3.1584048061610055,0.14192718663378967,0.48628907068950655,0.29185765255335044,-0.5852487304788949,0.02475979305247598,34,2646.0,0.4954648526077097
russia,AFLT,coverage,30,25,"AFKS,ALRS,CHMF,GAZP,GMKN,HYDR,IRAO,LKOH,MAGN,MGNT,MOEX,MTSS,NLMK,NVTK,PHOR,PLZL,RASP,ROSN,RTKM,SBER,SNGS,TATN,TRNFP,VTBR,YDEX",,,252,63,0.8,60,1.5,0.25,10.0,252.0,6.7826215124842,0.21056283119329589,0.4162408687090637,0.5058677487540783,-0.45745033951350755,0.04138950480413895,103,36.0,0.5023640661938534
russia,AFLT,coverage,30,25,"AFKS,ALRS,CHMF,GAZP,GMKN,HYDR,IRAO,LKOH,MAGN,MGNT,MOEX,MTSS,NLMK,NVTK,PHOR,PLZL,RASP,ROSN,RTKM,SBER,SNGS,TATN,TRNFP,VTBR,YDEX",,,252,63,0.8,60,1.5,0.5,10.0,252.0,5.084349367966702,0.18312608312708245,0.40187285827567343,0.4556816399913804,-0.5335522475333203,0.04434589800443459,114,27.962962962962962,0.4947019867549669
russia,AFLT,coverage,30,25,"AFKS,ALRS,CHMF,GAZP,GMKN,HYDR,IRAO,LKOH,MAGN,MGNT,MOEX,MTSS,NLMK,NVTK,PHOR,PLZL,RASP,ROSN,RTKM,SBER,SNGS,TATN,TRNFP,VTBR,YDEX",,,252,63,0.8,60,1.5,0.75,10.0,252.0,3.1344146533654547,0.14131207183430505,0.3752138201293449,0.3766174491802874,-0.5195076846105643,0.04878048780487805,128,21.080645161290324,0.5026778882938026
russia,AFLT,coverage,30,25,"AFKS,ALRS,CHMF,GAZP,GMKN,HYDR,IRAO,LKOH,MAGN,MGNT,MOEX,MTSS,NLMK,NVTK,PHOR,PLZL,RASP,ROSN,RTKM,SBER,SNGS,TATN,TRNFP,VTBR,YDEX",,,252,63,0.8,60,1.5,1.0,10.0,252.0,2.0863930154449286,0.1106592139816962,0.3659615771337467,0.3023793231201809,-0.48666800554278056,0.05543237250554324,146,16.154929577464788,0.4995640802092415
russia,AFLT,coverage,30,25,"AFKS,ALRS,CHMF,GAZP,GMKN,HYDR,IRAO,LKOH,MAGN,MGNT,MOEX,MTSS,NLMK,NVTK,PHOR,PLZL,RASP,ROSN,RTKM,SBER,SNGS,TATN,TRNFP,VTBR,YDEX",,,252,63,0.8,60,2.0,0.0,10.0,252.0,6.942281441894172,0.2128543513691321,0.48578640123673017,0.4381644912810257,-0.4554367869581303,0.02032520325203252,28,2644.0,0.4977307110438729
russia,AFLT,coverage,30,25,"AFKS,ALRS,CHMF,GAZP,GMKN,HYDR,IRAO,LKOH,MAGN,MGNT,MOEX,MTSS,NLMK,NVTK,PHOR,PLZL,RASP,ROSN,RTKM,SBER,SNGS,TATN,TRNFP,VTBR,YDEX",,,252,63,0.8,60,2.0,0.25,10.0,252.0,2.1017060897353335,0.11117123721880695,0.3420322453727329,0.32503145163303837,-0.49430937357846805,0.029563932002956393,75,38.91428571428571,0.5029368575624082
russia,AFLT,coverage,30,25,"AFKS,ALRS,CHMF,GAZP,GMKN,HYDR,IRAO,LKOH,MAGN,MGNT,MOEX,MTSS,NLMK,NVTK,PHOR,PLZL,RASP,ROSN,RTKM,SBER,SNGS,TATN,TRNFP,VTBR,YDEX",,,252,63,0.8,60,2.0,0.5,10.0,252.0,2.334897778410162,0.11869780297617405,0.3254988620273601,0.3646642640679856,-0.45542520557581845,0.032520325203252036,84,30.175,0.5012427506213754
russia,AFLT,coverage,30,25,"AFKS,ALRS,CHMF,GAZP,GMKN,HYDR,IRAO,LKOH,MAGN,MGNT,MOEX,MTSS,NLMK,NVTK,PHOR,PLZL,RASP,ROSN,RTKM,SBER,SNGS,TATN,TRNFP,VTBR,YDEX",,,252,63,0.8,60,2.0,0.75,10.0,252.0,1.2588585226046627,0.07883842524967366,0.2918767997973955,0.2701085708230283,-0.4578168580704751,0.03325942350332594,88,23.72093023255814,0.5068627450980392
russia,AFLT,coverage,30,25,"AFKS,ALRS,CHMF,GAZP,GMKN,HYDR,IRAO,LKOH,MAGN,MGNT,MOEX,MTSS,NLMK,NVTK,PHOR,PLZL,RASP,ROSN,RTKM,SBER,SNGS,TATN,TRNFP,VTBR,YDEX",,,252,63,0.8,60,2.0,1.0,10.0,252.0,0.4754185996369291,0.036884702212125475,0.28318784637935485,0.13024818220028833,-0.46190900457594963,0.03473762010347376,92,20.022222222222222,0.5005549389567148
russia,AFLT,coverage,30,25,"AFKS,ALRS,CHMF,GAZP,GMKN,HYDR,IRAO,LKOH,MAGN,MGNT,MOEX,MTSS,NLMK,NVTK,PHOR,PLZL,RASP,ROSN,RTKM,SBER,SNGS,TATN,TRNFP,VTBR,YDEX",,,252,63,0.8,60,2.5,0.0,10.0,252.0,8.177848598991611,0.22929631419650032,0.48221653071558757,0.4755048812952035,-0.4702563861872212,0.01662971175166297,23,2586.0,0.4957463263727765
russia,AFLT,coverage,30,25,"AFKS,ALRS,CHMF,GAZP,GMKN,HYDR,IRAO,LKOH,MAGN,MGNT,MOEX,MTSS,NLMK,NVTK,PHOR,PLZL,RASP,ROSN,RTKM,SBER,SNGS,TATN,TRNFP,VTBR,YDEX",,,252,63,0.8,60,2.5,0.25,10.0,252.0,0.9512037701953375,0.06422837566100359,0.30976487192455066,0.20734557557142141,-0.4554252055758181,0.021433850702143386,57,37.75,0.510879848628193
russia,AFLT,coverage,30,25,"AFKS,ALRS,CHMF,GAZP,GMKN,HYDR,IRAO,LKOH,MAGN,MGNT,MOEX,MTSS,NLMK,NVTK,PHOR,PLZL,RASP,ROSN,RTKM,SBER,SNGS,TATN,TRNFP,VTBR,YDEX",,,252,63,0.8,60,2.5,0.5,10.0,252.0,1.5329938013990643,0.09040789532584359,0.2945164193772067,0.3069706453617182,-0.45542520557581845,0.023651145602365115,63,30.516129032258064,0.5105708245243129
russia,AFLT,coverage,30,25,"AFKS,ALRS,CHMF,GAZP,GMKN,HYDR,IRAO,LKOH,MAGN,MGNT,MOEX,MTSS,NLMK,NVTK,PHOR,PLZL,RASP,ROSN,RTKM,SBER,SNGS,TATN,TRNFP,VTBR,YDEX",,,252,63,0.8,60,2.5,0.75,10.0,252.0,1.2688093151100506,0.07928012977889742,0.25649017052101003,0.30909617166948433,-0.4554252055758179,0.024390243902439025,65,22.71875,0.5185694635488308
russia,AFLT,coverage,30,25,"AFKS,ALRS,CHMF,GAZP,GMKN,HYDR,IRAO,LKOH,MAGN,MGNT,MOEX,MTSS,NLMK,NVTK,PHOR,PLZL,RASP,ROSN,RTKM,SBER,SNGS,TATN,TRNFP,VTBR,YDEX",,,252,63,0.8,60,2.5,1.0,10.0,252.0,0.5609581437179716,0.0423410192366549,0.24880362008179158,0.17017846935963285,-0.45542520557581845,0.024390243902439025,65,20.0,0.515625
russia,AFLT,coverage,30,25,"AFKS,ALRS,CHMF,GAZP,GMKN,HYDR,IRAO,LKOH,MAGN,MGNT,MOEX,MTSS,NLMK,NVTK,PHOR,PLZL,RASP,ROSN,RTKM,SBER,SNGS,TATN,TRNFP,VTBR,YDEX",,,252,63,0.8,60,3.0,0.0,10.0,252.0,1.783845464272921,0.1000392803828396,0.4773167088982301,0.2095867974405422,-0.6659277925549614,0.010716925351071693,15,2580.0,0.5034883720930232
russia,AFLT,coverage,30,25,"AFKS,ALRS,CHMF,GAZP,GMKN,HYDR,IRAO,LKOH,MAGN,MGNT,MOEX,MTSS,NLMK,NVTK,PHOR,PLZL,RASP,ROSN,RTKM,SBER,SNGS,TATN,TRNFP,VTBR,YDEX",,,252,63,0.8,60,3.0,0.25,10.0,252.0,0.6210781744325917,0.04601589592576216,0.2615963457981127,0.1759041999817344,-0.455425205575818,0.016260162601626018,44,37.68181818181818,0.517490952955368
russia,AFLT,coverage,30,25,"AFKS,ALRS,CHMF,GAZP,GMKN,HYDR,IRAO,LKOH,MAGN,MGNT,MOEX,MTSS,NLMK,NVTK,PHOR,PLZL,RASP,ROSN,RTKM,SBER,SNGS,TATN,TRNFP,VTBR,YDEX",,,252,63,0.8,60,3.0,0.5,10.0,252.0,0.5648455550895308,0.042582488521885065,0.2523073056633247,0.16877231679809754,-0.45542520557581834,0.016260162601626018,44,32.36363636363637,0.5168539325842697
russia,AFLT,coverage,30,25,"AFKS,ALRS,CHMF,GAZP,GMKN,HYDR,IRAO,LKOH,MAGN,MGNT,MOEX,MTSS,NLMK,NVTK,PHOR,PLZL,RASP,ROSN,RTKM,SBER,SNGS,TATN,TRNFP,VTBR,YDEX",,,252,63,0.8,60,3.0,0.75,10.0,252.0,0.1014733614311798,0.009041171105431678,0.2145696895760195,0.042136292051764834,-0.45542520557581834,0.016260162601626018,44,26.272727272727273,0.513840830449827
russia,AFLT,coverage,30,25,"AFKS,ALRS,CHMF,GAZP,GMKN,HYDR,IRAO,LKOH,MAGN,MGNT,MOEX,MTSS,NLMK,NVTK,PHOR,PLZL,RASP,ROSN,RTKM,SBER,SNGS,TATN,TRNFP,VTBR,YDEX",,,252,63,0.8,60,3.0,1.0,10.0,252.0,-0.2180041196207535,-0.022640096879119387,0.2062913283309765,-0.10974817537068413,-0.4554252055758179,0.016260162601626018,44,23.40909090909091,0.512621359223301
russia,LKOH,coverage,30,25,"AFKS,AFLT,ALRS,CHMF,GAZP,GMKN,HYDR,IRAO,MAGN,MGNT,MOEX,MTSS,NLMK,NVTK,PHOR,PLZL,RASP,ROSN,RTKM,SBER,SNGS,TATN,TRNFP,VTBR,YDEX",,,252,5,0.8,60,1.0,0.0,10.0,252.0,4.220961725471692,0.16638388538518045,0.24732883755504056,0.6727233549874805,-0.4467517395470014,0.044715447154471545,61,2646.0,0.5185185185185185
russia,LKOH,coverage,30,25,"AFKS,AFLT,ALRS,CHMF,GAZP,GMKN,HYDR,IRAO,MAGN,MGNT,MOEX,MTSS,NLMK,NVTK,PHOR,PLZL,RASP,ROSN,RTKM,SBER,SNGS,TATN,TRNFP,VTBR,YDEX",,,252,5,0.8,60,1.0,0.25,10.0,252.0,2.575769558932078,0.12598681138320234,0.21800315141026017,0.5779127988205442,-0.3813100788847237,0.07169253510716925,184,21.333333333333332,0.5220905172413793
russia,LKOH,coverage,30,25,"AFKS,AFLT,ALRS,CHMF,GAZP,GMKN,HYDR,IRAO,MAGN,MGNT,MOEX,MTSS,NLMK,NVTK,PHOR,PLZL,RASP,ROSN,RTKM,SBER,SNGS,TATN,TRNFP,VTBR,YDEX",,,252,5,0.8,60,1.0,0.5,10.0,252.0,3.216804050375388,0.14341121370712662,0.20342389760874718,0.7049870511426085,-0.23567116378401765,0.08869179600886919,233,14.283185840707965,0.5254027261462205
russia,LKOH,coverage,30,25,"AFKS,AFLT,ALRS,CHMF,GAZP,GMKN,HYDR,IRAO,MAGN,MGNT,MOEX,MTSS,NLMK,NVTK,PHOR,PLZL,RASP,ROSN,RTKM,SBER,SNGS,TATN,TRNFP,VTBR,YDEX",,,252,5,0.8,60,1.0,0.75,10.0,252.0,3.3281778114131866,0.14619047133579088,0.19366761703339153,0.754852430030082,-0.28928926194829485,0.1123429416112343,301,9.536912751677852,0.5320197044334976
russia,LKOH,coverage,30,25,"AFKS,AFLT,ALRS,CHMF,GAZP,GMKN,HYDR,IRAO,MAGN,MGNT,MOEX,MTSS,NLMK,NVTK,PHOR,PLZL,RASP,ROSN,RTKM,SBER,SNGS,TATN,TRNFP,VTBR,YDEX",,,252,5,0.8,60,1.5,0.0,10.0,252.0,2.2984499393954363,0.11755351137371184,0.24743676022525693,0.4750850733201309,-0.2935211839458194,0.028455284552845527,39,2646.0,0.5113378684807256
russia,LKOH,coverage,30,25,"AFKS,AFLT,ALRS,CHMF,GAZP,GMKN,HYDR,IRAO,MAGN,MGNT,MOEX,MTSS,NLMK,NVTK,PHOR,PLZL,RASP,ROSN,RTKM,SBER,SNGS,TATN,TRNFP,VTBR,YDEX",,,252,5,0.8,60,1.5,0.25,10.0,252.0,3.0706814700082257,0.1396620727326232,0.19983892103639297,0.6988732325430697,-0.3151527375386277,0.04878048780487805,125,26.52542372881356,0.5252396166134186
russia,LKOH,coverage,30,25,"AFKS,AFLT,ALRS,CHMF,GAZP,GMKN,HYDR,IRAO,MAGN,MGNT,MOEX,MTSS,NLMK,NVTK,PHOR,PLZL,RASP,ROSN,RTKM,SBER,SNGS,TATN,TRNFP,VTBR,YDEX",,,252,5,0.8,60,1.5,0.5,10.0,252.0,3.1502533534011095,0.14171854270957596,0.18888712479406292,0.7502816449987619,-0.22896939866475108,0.05543237250554324,146,18.43661971830986,0.5294117647058824
russia,LKOH,coverage,30,25,"AFKS,AFLT,ALRS,CHMF,GAZP,GMKN,HYDR,IRAO,MAGN,MGNT,MOEX,MTSS,NLMK,NVTK,PHOR,PLZL,RASP,ROSN,RTKM,SBER,SNGS,TATN,TRNFP,VTBR,YDEX",,,252,5,0.8,60,1.5,0.75,10.0,252.0,2.508320180189234,0.12399174184795503,0.18076284118481178,0.6859360089454778,-0.24547381063566487,0.058388765705838876,156,14.805194805194805,0.5324561403508772
russia,LKOH,coverage,30,25,"AFKS,AFLT,ALRS,CHMF,GAZP,GMKN,HYDR,IRAO,MAGN,MGNT,MOEX,MTSS,NLMK,NVTK,PHOR,PLZL,RASP,ROSN,RTKM,SBER,SNGS,TATN,TRNFP,VTBR,YDEX",,,252,5,0.8,60,1.5,1.0,10.0,252.0,1.3717686275180472,0.08375004768373984,0.16887898039487478,0.49591753507697944,-0.2881338426790574,0.0672579453067258,181,10.955555555555556,0.5243407707910751
russia,LKOH,coverage,30,25,"AFKS,AFLT,ALRS,CHMF,GAZP,GMKN,HYDR,IRAO,MAGN,MGNT,MOEX,MTSS,NLMK,NVTK,PHOR,PLZL,RASP,ROSN,RTKM,SBER,SNGS,TATN,TRNFP,VTBR,YDEX",,,252,5,0.8,60,2.0,0.0,10.0,252.0,3.1096347462294887,0.14067329965893283,0.24741950470907534,0.5685618836895721,-0.26929666901180005,0.02402069475240207,33,2646.0,0.5102040816326531
russia,LKOH,coverage,30,25,"AFKS,AFLT,ALRS,CHMF,GAZP,GMKN,HYDR,IRAO,MAGN,MGNT,MOEX,MTSS,NLMK,NVTK,PHOR,PLZL,RASP,ROSN,RTKM,SBER,SNGS,TATN,TRNFP,VTBR,YDEX",,,252,5,0.8,60,2.0,0.25,10.0,252.0,2.6020482348391916,0.12675487486507864,0.19042693776449454,0.6656352108221126,-0.2897029205890993,0.03917220990391722,104,26.176470588235293,0.5168539325842697
russia,LKOH,coverage,30,25,"AFKS,AFLT,ALRS,CHMF,GAZP,GMKN,HYDR,IRAO,MAGN,MGNT,MOEX,MTSS,NLMK,NVTK,PHOR,PLZL,RASP,ROSN,RTKM,SBER,SNGS,TATN,TRNFP,VTBR,YDEX",,,252,5,0.8,60,2.0,0.5,10.0,252.0,2.850811407930181,0.13378410651627437,0.17743756337891198,0.753978492313845,-0.2289693986647512,0.04138950480413895,110,19.88888888888889,0.5279329608938548
russia,LKOH,coverage,30,25,"AFKS,AFLT,ALRS,CHMF,GAZP,GMKN,HYDR,IRAO,MAGN,MGNT,MOEX,MTSS,NLMK,NVTK,PHOR,PLZL,RASP,ROSN,RTKM,SBER,SNGS,TATN,TRNFP,VTBR,YDEX",,,252,5,0.8,60,2.0,0.75,10.0,252.0,2.4910723102294465,0.12347598832095374,0.16831057187929993,0.7336199202596835,-0.2289693986647514,0.04286770140428677,115,15.859649122807017,0.5342920353982301
russia,LKOH,coverage,30,25,"AFKS,AFLT,ALRS,CHMF,GAZP,GMKN,HYDR,IRAO,MAGN,MGNT,MOEX,MTSS,NLMK,NVTK,PHOR,PLZL,RASP,ROSN,RTKM,SBER,SNGS,TATN,TRNFP,VTBR,YDEX",,,252,5,0.8,60,2.0,1.0,10.0,252.0,1.3799827377629517,0.08409903451659573,0.1570794827789091,0.5353915930253345,-0.20379753150314817,0.04434589800443459,119,12.88135593220339,0.5210526315789473
russia,LKOH,coverage,30,25,"AFKS,AFLT,ALRS,CHMF,GAZP,GMKN,HYDR,IRAO,MAGN,MGNT,MOEX,MTSS,NLMK,NVTK,PHOR,PLZL,RASP,ROSN,RTKM,SBER,SNGS,TATN,TRNFP,VTBR,YDEX",,,252,5,0.8,60,2.5,0.0,10.0,252.0,5.726877587376736,0.19423908782812638,0.2468364390433317,0.7869141548992613,-0.2897447182101026,0.015890613451589063,22,2645.0,0.5039697542533081
russia,LKOH,coverage,30,25,"AFKS,AFLT,ALRS,CHMF,GAZP,GMKN,HYDR,IRAO,MAGN,MGNT,MOEX,MTSS,NLMK,NVTK,PHOR,PLZL,RASP,ROSN,RTKM,SBER,SNGS,TATN,TRNFP,VTBR,YDEX",,,252,5,0.8,60,2.5,0.25,10.0,252.0,2.719113678041247,0.13011584636246964,0.15986199838590642,0.8139260592024525,-0.2289693986647513,0.025129342202512936,67,28.90909090909091,0.5167714884696016
russia,LKOH,coverage,30,25,"AFKS,AFLT,ALRS,CHMF,GAZP,GMKN,HYDR,IRAO,MAGN,MGNT,MOEX,MTSS,NLMK,NVTK,PHOR,PLZL,RASP,ROSN,RTKM,SBER,SNGS,TATN,TRNFP,VTBR,YDEX",,,252,5,0.8,60,2.5,0.5,10.0,252.0,2.550623384140567,0.12524704036904954,0.1492095236478159,0.8394037947917736,-0.2289693986647513,0.025129342202512936,67,23.03030303030303,0.5263157894736842
russia,LKOH,coverage,30,25,"AFKS,AFLT,ALRS,CHMF,GAZP,GMKN,HYDR,IRAO,MAGN,MGNT,MOEX,MTSS,NLMK,NVTK,PHOR,PLZL,RASP,ROSN,RTKM,SBER,SNGS,TATN,TRNFP,VTBR,YDEX",,,252,5,0.8,60,2.5,0.75,10.0,252.0,1.783815921965029,0.10003819325071706,0.13922052577024155,0.718559226071392,-0.2289693986647514,0.025129342202512936,67,18.545454545454547,0.5261437908496732
russia,LKOH,coverage,30,25,"AFKS,AFLT,ALRS,CHMF,GAZP,GMKN,HYDR,IRAO,MAGN,MGNT,MOEX,MTSS,NLMK,NVTK,PHOR,PLZL,RASP,ROSN,RTKM,SBER,SNGS,TATN,TRNFP,VTBR,YDEX",,,252,5,0.8,60,2.5,1.0,10.0,252.0,1.2493284165336833,0.07841373712152677,0.12623061188181056,0.6211943042385422,-0.15119157164981112,0.025868440502586843,69,14.176470588235293,0.5186721991701245
russia,LKOH,coverage,30,25,"AFKS,AFLT,ALRS,CHMF,GAZP,GMKN,HYDR,IRAO,MAGN,MGNT,MOEX,MTSS,NLMK,NVTK,PHOR,PLZL,RASP,ROSN,RTKM,SBER,SNGS,TATN,TRNFP,VTBR,YDEX",,,252,5,0.8,60,3.0,0.0,10.0,252.0,2.268502965454051,0.11660470258090583,0.23799183639493282,0.48995253092382335,-0.3187111985769068,0.010716925351071693,15,2394.0,0.49874686716791977
russia,LKOH,coverage,30,25,"AFKS,AFLT,ALRS,CHMF,GAZP,GMKN,HYDR,IRAO,MAGN,MGNT,MOEX,MTSS,NLMK,NVTK,PHOR,PLZL,RASP,ROSN,RTKM,SBER,SNGS,TATN,TRNFP,VTBR,YDEX",,,252,5,0.8,60,3.0,0.25,10.0,252.0,0.97417021180077,0.0653887332849108,0.13221107898283246,0.4945783196686677,-0.2289693986647512,0.016260162601626018,44,30.772727272727273,0.5155096011816839
russia,LKOH,coverage,30,25,"AFKS,AFLT,ALRS,CHMF,GAZP,GMKN,HYDR,IRAO,MAGN,MGNT,MOEX,MTSS,NLMK,NVTK,PHOR,PLZL,RASP,ROSN,RTKM,SBER,SNGS,TATN,TRNFP,VTBR,YDEX",,,252,5,0.8,60,3.0,0.5,10.0,252.0,0.9509308493454316,0.06421451227812969,0.125452649596194,0.511862543237013,-0.2289693986647513,0.016260162601626018,44,26.681818181818183,0.5178875638841567
russia,LKOH,coverage,30,25,"AFKS,AFLT,ALRS,CHMF,GAZP,GMKN,HYDR,IRAO,MAGN,MGNT,MOEX,MTSS,NLMK,NVTK,PHOR,PLZL,RASP,ROSN,RTKM,SBER,SNGS,TATN,TRNFP,VTBR,YDEX",,,252,5,0.8,60,3.0,0.75,10.0,252.0,0.4784547715417211,0.0370832245676167,0.11515361114363411,0.32203266748935755,-0.23276552040316245,0.016260162601626018,44,22.045454545454547,0.5072164948453608
russia,LKOH,coverage,30,25,"AFKS,AFLT,ALRS,CHMF,GAZP,GMKN,HYDR,IRAO,MAGN,MGNT,MOEX,MTSS,NLMK,NVTK,PHOR,PLZL,RASP,ROSN,RTKM,SBER,SNGS,TATN,TRNFP,VTBR,YDEX",,,252,5,0.8,60,3.0,1.0,10.0,252.0,0.47434265926808794,0.03681426213654215,0.10439042145149312,0.3526593879463219,-0.19391819791910392,0.016999260901699925,46,16.304347826086957,0.5066666666666667
russia,LKOH,coverage,30,25,"AFKS,AFLT,ALRS,CHMF,GAZP,GMKN,HYDR,IRAO,MAGN,MGNT,MOEX,MTSS,NLMK,NVTK,PHOR,PLZL,RASP,ROSN,RTKM,SBER,SNGS,TATN,TRNFP,VTBR,YDEX",,,252,10,0.8,60,1.0,0.0,10.0,252.0,5.525010805436888,0.19085533431599333,0.26353036110438394,0.7242252221572142,-0.34367917124428893,0.043237250554323724,59,2646.0,0.5162509448223734
russia,LKOH,coverage,30,25,"AFKS,AFLT,ALRS,CHMF,GAZP,GMKN,HYDR,IRAO,MAGN,MGNT,MOEX,MTSS,NLMK,NVTK,PHOR,PLZL,RASP,ROSN,RTKM,SBER,SNGS,TATN,TRNFP,VTBR,YDEX",,,252,10,0.8,60,1.0,0.25,10.0,252.0,4.758184421935725,0.17707096586341375,0.22905086010668935,0.7730639639638814,-0.29717428415922276,0.06947524020694752,171,24.428571428571427,0.5199362041467305
russia,LKOH,coverage,30,25,"AFKS,AFLT,ALRS,CHMF,GAZP,GMKN,HYDR,IRAO,MAGN,MGNT,MOEX,MTSS,NLMK,NVTK,PHOR,PLZL,RASP,ROSN,RTKM,SBER,SNGS,TATN,TRNFP,VTBR,YDEX",,,252,10,0.8,60,1.0,0.5,10.0,252.0,5.536407451702921,0.19104888017439725,0.2209588987352299,0.8646353745785403,-0.30475009585703994,0.08721359940872137,226,15.36111111111111,0.5280289330922242
russia,LKOH,coverage,30,25,"AFKS,AFLT,ALRS,CHMF,GAZP,GMKN,HYDR,IRAO,MAGN,MGNT,MOEX,MTSS,NLMK,NVTK,PHOR,PLZL,RASP,ROSN,RTKM,SBER,SNGS,TATN,TRNFP,VTBR,YDEX",,,252,10,0.8,60,1.0,0.75,10.0,252.0,4.628429997829256,0.17457527415699325,0.21033774048933973,0.8299759888589324,-0.3318308385440326,0.10864745011086474,288,10.198581560283689,0.5292072322670376
russia,LKOH,coverage,30,25,"AFKS,AFLT,ALRS,CHMF,GAZP,GMKN,HYDR,IRAO,MAGN,MGNT,MOEX,MTSS,NLMK,NVTK,PHOR,PLZL,RASP,ROSN,RTKM,SBER,SNGS,TATN,TRNFP,VTBR,YDEX",,,252,10,0.8,60,1.5,0.0,10.0,252.0,2.0004476119771435,0.10774197387516637,0.26375839435297777,0.40848737398279505,-0.2993816584834792,0.02697708795269771,37,2646.0,0.5056689342403629
russia,LKOH,coverage,30,25,"AFKS,AFLT,ALRS,CHMF,GAZP,GMKN,HYDR,IRAO,MAGN,MGNT,MOEX,MTSS,NLMK,NVTK,PHOR,PLZL,RASP,ROSN,RTKM,SBER,SNGS,TATN,TRNFP,VTBR,YDEX",,,252,10,0.8,60,1.5,0.25,10.0,252.0,4.064742288221727,0.16308881627589789,0.21718176745764994,0.7509323558097477,-0.2845195603551134,0.05025868440502587,127,27.76271186440678,0.5164835164835165
russia,LKOH,coverage,30,25,"AFKS,AFLT,ALRS,CHMF,GAZP,GMKN,HYDR,IRAO,MAGN,MGNT,MOEX,MTSS,NLMK,NVTK,PHOR,PLZL,RASP,ROSN,RTKM,SBER,SNGS,TATN,TRNFP,VTBR,YDEX",,,252,10,0.8,60,1.5,0.5,10.0,252.0,4.2264476408985905,0.16649796446992382,0.20667857914190085,0.8055888769953758,-0.23920372765333664,0.05469327420546933,142,19.970588235294116,0.5287187039764359
russia,LKOH,coverage,30,25,"AFKS,AFLT,ALRS,CHMF,GAZP,GMKN,HYDR,IRAO,MAGN,MGNT,MOEX,MTSS,NLMK,NVTK,PHOR,PLZL,RASP,ROSN,RTKM,SBER,SNGS,TATN,TRNFP,VTBR,YDEX",,,252,10,0.8,60,1.5,0.75,10.0,252.0,2.500612763686762,0.12376155606898176,0.1926932997526992,0.6422722337923332,-0.25939925640029293,0.0598669623059867,160,14.20253164556962,0.5249554367201426
russia,LKOH,coverage,30,25,"AFKS,AFLT,ALRS,CHMF,GAZP,GMKN,HYDR,IRAO,MAGN,MGNT,MOEX,MTSS,NLMK,NVTK,PHOR,PLZL,RASP,ROSN,RTKM,SBER,SNGS,TATN,TRNFP,VTBR,YDEX",,,252,10,0.8,60,1.5,1.0,10.0,252.0,1.3442917440177644,0.08257463794414455,0.1842314417940711,0.44821142981904377,-0.2943034471642726,0.06651884700665188,178,10.977272727272727,0.5175983436853002
russia,LKOH,coverage,30,25,"AFKS,AFLT,ALRS,CHMF,GAZP,GMKN,HYDR,IRAO,MAGN,MGNT,MOEX,MTSS,NLMK,NVTK,PHOR,PLZL,RASP,ROSN,RTKM,SBER,SNGS,TATN,TRNFP,VTBR,YDEX",,,252,10,0.8,60,2.0,0.0,10.0,252.0,4.881093058544556,0.1793883876433715,0.26356086851199295,0.6806336185495181,-0.26687123114582334,0.02402069475240207,33,2646.0,0.5102040816326531
russia,LKOH,coverage,30,25,"AFKS,AFLT,ALRS,CHMF,GAZP,GMKN,HYDR,IRAO,MAGN,MGNT,MOEX,MTSS,NLMK,NVTK,PHOR,PLZL,RASP,ROSN,RTKM,SBER,SNGS,TATN,TRNFP,VTBR,YDEX",,,252,10,0.8,60,2.0,0.25,10.0,252.0,2.737818666699866,0.13064395749286217,0.20054171688620873,0.6514552658736441,-0.24736189839908718,0.03325942350332594,85,32.5,0.5138461538461538
russia,LKOH,coverage,30,25,"AFKS,AFLT,ALRS,CHMF,GAZP,GMKN,HYDR,IRAO,MAGN,MGNT,MOEX,MTSS,NLMK,NVTK,PHOR,PLZL,RASP,ROSN,RTKM,SBER,SNGS,TATN,TRNFP,VTBR,YDEX",,,252,10,0.8,60,2.0,0.5,10.0,252.0,2.4004634051806,0.1207280007803373,0.19027698350903635,0.6344855723162327,-0.22558315554337682,0.03399852180339985,89,24.674418604651162,0.5230914231856739
russia,LKOH,coverage,30,25,"AFKS,AFLT,ALRS,CHMF,GAZP,GMKN,HYDR,IRAO,MAGN,MGNT,MOEX,MTSS,NLMK,NVTK,PHOR,PLZL,RASP,ROSN,RTKM,SBER,SNGS,TATN,TRNFP,VTBR,YDEX",,,252,10,0.8,60,2.0,0.75,10.0,252.0,1.540726574194311,0.09071746786630652,0.1759016236333648,0.5157284281547663,-0.2255831555433766,0.03621581670362158,97,17.729166666666668,0.5240893066980024
russia,LKOH,coverage,30,25,"AFKS,AFLT,ALRS,CHMF,GAZP,GMKN,HYDR,IRAO,MAGN,MGNT,MOEX,MTSS,NLMK,NVTK,PHOR,PLZL,RASP,ROSN,RTKM,SBER,SNGS,TATN,TRNFP,VTBR,YDEX",,,252,10,0.8,60,2.0,1.0,10.0,252.0,0.734477498163983,0.052623142126437594,0.1683407304714513,0.31259898884282133,-0.24024043066079526,0.03695491500369549,99,14.857142857142858,0.510989010989011
russia,LKOH,coverage,30,25,"AFKS,AFLT,ALRS,CHMF,GAZP,GMKN,HYDR,IRAO,MAGN,MGNT,MOEX,MTSS,NLMK,NVTK,PHOR,PLZL,RASP,ROSN,RTKM,SBER,SNGS,TATN,TRNFP,VTBR,YDEX",,,252,10,0.8,60,2.5,0.0,10.0,252.0,6.724603043002426,0.20971954888589872,0.2630858551033922,0.7971525067490967,-0.2668712311458229,0.018847006651884702,26,2645.0,0.5092627599243856
russia,LKOH,coverage,30,25,"AFKS,AFLT,ALRS,CHMF,GAZP,GMKN,HYDR,IRAO,MAGN,MGNT,MOEX,MTSS,NLMK,NVTK,PHOR,PLZL,RASP,ROSN,RTKM,SBER,SNGS,TATN,TRNFP,VTBR,YDEX",,,252,10,0.8,60,2.5,0.25,10.0,252.0,3.047833732139871,0.13906485489765052,0.17130683820776177,0.8117881127955441,-0.23828160084970373,0.025868440502586843,67,33.03125,0.5193945127719962
russia,LKOH,coverage,30,25,"AFKS,AFLT,ALRS,CHMF,GAZP,GMKN,HYDR,IRAO,MAGN,MGNT,MOEX,MTSS,NLMK,NVTK,PHOR,PLZL,RASP,ROSN,RTKM,SBER,SNGS,TATN,TRNFP,VTBR,YDEX",,,252,10,0.8,60,2.5,0.5,10.0,252.0,2.8009666042611254,0.13240932608233513,0.15954059688706546,0.8299412730420218,-0.2255831555433767,0.026607538802660754,70,25.147058823529413,0.5298245614035088
russia,LKOH,coverage,30,25,"AFKS,AFLT,ALRS,CHMF,GAZP,GMKN,HYDR,IRAO,MAGN,MGNT,MOEX,MTSS,NLMK,NVTK,PHOR,PLZL,RASP,ROSN,RTKM,SBER,SNGS,TATN,TRNFP,VTBR,YDEX",,,252,10,0.8,60,2.5,0.75,10.0,252.0,1.4325081607965227,0.08630515944713268,0.14442903344238572,0.5975610124231755,-0.2255831555433766,0.026607538802660754,72,18.97222222222222,0.5256222547584187
russia,LKOH,coverage,30,25,"AFKS,AFLT,ALRS,CHMF,GAZP,GMKN,HYDR,IRAO,MAGN,MGNT,MOEX,MTSS,NLMK,NVTK,PHOR,PLZL,RASP,ROSN,RTKM,SBER,SNGS,TATN,TRNFP,VTBR,YDEX",,,252,10,0.8,60,2.5,1.0,10.0,252.0,0.7949535921729667,0.05598818382122395,0.13694415837739,0.4088395188565255,-0.23262861350285668,0.026607538802660754,72,16.22222222222222,0.5154109589041096
russia,LKOH,coverage,30,25,"AFKS,AFLT,ALRS,CHMF,GAZP,GMKN,HYDR,IRAO,MAGN,MGNT,MOEX,MTSS,NLMK,NVTK,PHOR,PLZL,RASP,ROSN,RTKM,SBER,SNGS,TATN,TRNFP,VTBR,YDEX",,,252,10,0.8,60,3.0,0.0,10.0,252.0,3.6513790091228557,0.15390345475964096,0.2631987238378358,0.5847424049611473,-0.29587542235406183,0.009977827050997782,14,2644.0,0.48789712556732223
russia,LKOH,coverage,30,25,"AFKS,AFLT,ALRS,CHMF,GAZP,GMKN,HYDR,IRAO,MAGN,MGNT,MOEX,MTSS,NLMK,NVTK,PHOR,PLZL,RASP,ROSN,RTKM,SBER,SNGS,TATN,TRNFP,VTBR,YDEX",,,252,10,0.8,60,3.0,0.25,10.0,252.0,0.8025537370394304,0.05640377668158392,0.14044401170576123,0.40161040685560356,-0.22558315554337693,0.012564671101256468,34,38.94117647058823,0.5030211480362538
russia,LKOH,coverage,30,25,"AFKS,AFLT,ALRS,CHMF,GAZP,GMKN,HYDR,IRAO,MAGN,MGNT,MOEX,MTSS,NLMK,NVTK,PHOR,PLZL,RASP,ROSN,RTKM,SBER,SNGS,TATN,TRNFP,VTBR,YDEX",,,252,10,0.8,60,3.0,0.5,10.0,252.0,0.9937266051747433,0.06636719110290912,0.13152580184627435,0.5045944610965248,-0.2255831555433766,0.013303769401330377,36,29.5,0.5178907721280602
russia,LKOH,coverage,30,25,"AFKS,AFLT,ALRS,CHMF,GAZP,GMKN,HYDR,IRAO,MAGN,MGNT,MOEX,MTSS,NLMK,NVTK,PHOR,PLZL,RASP,ROSN,RTKM,SBER,SNGS,TATN,TRNFP,VTBR,YDEX",,,252,10,0.8,60,3.0,0.75,10.0,252.0,0.41380948062857703,0.03277415204909073,0.11630420373530902,0.2817967966461453,-0.22558315554337682,0.013303769401330377,36,22.666666666666668,0.49264705882352944
russia,LKOH,coverage,30,25,"AFKS,AFLT,ALRS,CHMF,GAZP,GMKN,HYDR,IRAO,MAGN,MGNT,MOEX,MTSS,NLMK,NVTK,PHOR,PLZL,RASP,ROSN,RTKM,SBER,SNGS,TATN,TRNFP,VTBR,YDEX",,,252,10,0.8,60,3.0,1.0,10.0,252.0,0.23832839479449075,0.020106383970788455,0.11298526280437207,0.17795581009181333,-0.22558315554337693,0.013303769401330377,36,19.944444444444443,0.4818941504178273
russia,LKOH,coverage,30,25,"AFKS,AFLT,ALRS,CHMF,GAZP,GMKN,HYDR,IRAO,MAGN,MGNT,MOEX,MTSS,NLMK,NVTK,PHOR,PLZL,RASP,ROSN,RTKM,SBER,SNGS,TATN,TRNFP,VTBR,YDEX",,,252,21,0.8,60,1.0,0.0,10.0,252.0,3.84125574651968,0.1582109468163888,0.2691793174087384,0.5877529831764585,-0.36803212056566414,0.0417590539541759,57,2646.0,0.5045351473922902
russia,LKOH,coverage,30,25,"AFKS,AFLT,ALRS,CHMF,GAZP,GMKN,HYDR,IRAO,MAGN,MGNT,MOEX,MTSS,NLMK,NVTK,PHOR,PLZL,RASP,ROSN,RTKM,SBER,SNGS,TATN,TRNFP,VTBR,YDEX",,,252,21,0.8,60,1.0,0.25,10.0,252.0,3.8083722617109457,0.15747605817086185,0.23717866062889584,0.6639554239546807,-0.3650478478087933,0.06910569105691057,170,23.766233766233768,0.5120218579234973
russia,LKOH,coverage,30,25,"AFKS,AFLT,ALRS,CHMF,GAZP,GMKN,HYDR,IRAO,MAGN,MGNT,MOEX,MTSS,NLMK,NVTK,PHOR,PLZL,RASP,ROSN,RTKM,SBER,SNGS,TATN,TRNFP,VTBR,YDEX",,,252,21,0.8,60,1.0,0.5,10.0,252.0,3.680065417119188,0.15456433873514452,0.2298149537429651,0.6725599714804281,-0.3110022981579297,0.0787139689578714,200,17.45744680851064,0.5137111517367459
russia,LKOH,coverage,30,25,"AFKS,AFLT,ALRS,CHMF,GAZP,GMKN,HYDR,IRAO,MAGN,MGNT,MOEX,MTSS,NLMK,NVTK,PHOR,PLZL,RASP,ROSN,RTKM,SBER,SNGS,TATN,TRNFP,VTBR,YDEX",,,252,21,0.8,60,1.0,0.75,10.0,252.0,2.6896520040660215,0.129279129086171,0.21838002295001235,0.5919915537135156,-0.3695001455227628,0.09571322985957133,252,11.878048780487806,0.5222450376454483
russia,LKOH,coverage,30,25,"AFKS,AFLT,ALRS,CHMF,GAZP,GMKN,HYDR,IRAO,MAGN,MGNT,MOEX,MTSS,NLMK,NVTK,PHOR,PLZL,RASP,ROSN,RTKM,SBER,SNGS,TATN,TRNFP,VTBR,YDEX",,,252,21,0.8,60,1.5,0.0,10.0,252.0,2.4524125612493317,0.1223115207576988,0.2692177257100257,0.45432194494295847,-0.3293831126679445,0.02993348115299335,41,2646.0,0.4996220710506425
russia,LKOH,coverage,30,25,"AFKS,AFLT,ALRS,CHMF,GAZP,GMKN,HYDR,IRAO,MAGN,MGNT,MOEX,MTSS,NLMK,NVTK,PHOR,PLZL,RASP,ROSN,RTKM,SBER,SNGS,TATN,TRNFP,VTBR,YDEX",,,252,21,0.8,60,1.5,0.25,10.0,252.0,2.542943326683388,0.12502015482933038,0.22182317760126127,0.5636027586533839,-0.3675747649970419,0.04988913525498891,127,26.05,0.5111964171465131
russia,LKOH,coverage,30,25,"AFKS,AFLT,ALRS,CHMF,GAZP,GMKN,HYDR,IRAO,MAGN,MGNT,MOEX,MTSS,NLMK,NVTK,PHOR,PLZL,RASP,ROSN,RTKM,SBER,SNGS,TATN,TRNFP,VTBR,YDEX",,,252,21,0.8,60,1.5,0.5,10.0,252.0,2.907038037658316,0.13531566852569754,0.2155331916731153,0.627818237531237,-0.27916350467532947,0.05506282335550628,143,20.0,0.5159420289855072
russia,LKOH,coverage,30,25,"AFKS,AFLT,ALRS,CHMF,GAZP,GMKN,HYDR,IRAO,MAGN,MGNT,MOEX,MTSS,NLMK,NVTK,PHOR,PLZL,RASP,ROSN,RTKM,SBER,SNGS,TATN,TRNFP,VTBR,YDEX",,,252,21,0.8,60,1.5,0.75,10.0,252.0,2.1076982287250696,0.11137097252464168,0.20313490799062278,0.5482611217653582,-0.31379899736796835,0.06023651145602365,160,15.012658227848101,0.5227655986509275
russia,LKOH,coverage,30,25,"AFKS,AFLT,ALRS,CHMF,GAZP,GMKN,HYDR,IRAO,MAGN,MGNT,MOEX,MTSS,NLMK,NVTK,PHOR,PLZL,RASP,ROSN,RTKM,SBER,SNGS,TATN,TRNFP,VTBR,YDEX",,,252,21,0.8,60,1.5,1.0,10.0,252.0,2.09953298320987,0.11109871482657363,0.1930318984424437,0.57554588502221,-0.2692118857958721,0.07206208425720621,193,10.90625,0.5224450811843362
russia,LKOH,coverage,30,25,"AFKS,AFLT,ALRS,CHMF,GAZP,GMKN,HYDR,IRAO,MAGN,MGNT,MOEX,MTSS,NLMK,NVTK,PHOR,PLZL,RASP,ROSN,RTKM,SBER,SNGS,TATN,TRNFP,VTBR,YDEX",,,252,21,0.8,60,2.0,0.0,10.0,252.0,1.3527084566444296,0.08293601073811518,0.26911899087077545,0.3081759873941378,-0.3697708417974045,0.02106430155210643,29,2645.0,0.497164461247637
russia,LKOH,coverage,30,25,"AFKS,AFLT,ALRS,CHMF,GAZP,GMKN,HYDR,IRAO,MAGN,MGNT,MOEX,MTSS,NLMK,NVTK,PHOR,PLZL,RASP,ROSN,RTKM,SBER,SNGS,TATN,TRNFP,VTBR,YDEX",,,252,21,0.8,60,2.0,0.25,10.0,252.0,2.529462144031486,0.12462081068265674,0.20406099510407708,0.6107037291428304,-0.27984773545019315,0.038802660753880266,101,27.26530612244898,0.5134730538922155
russia,LKOH,coverage,30,25,"AFKS,AFLT,ALRS,CHMF,GAZP,GMKN,HYDR,IRAO,MAGN,MGNT,MOEX,MTSS,NLMK,NVTK,PHOR,PLZL,RASP,ROSN,RTKM,SBER,SNGS,TATN,TRNFP,VTBR,YDEX",,,252,21,0.8,60,2.0,0.5,10.0,252.0,2.529570485020873,0.12462402550581841,0.1940825177345461,0.6421187593839407,-0.23436955262133552,0.03954175905395418,104,21.88235294117647,0.5241935483870968
russia,LKOH,coverage,30,25,"AFKS,AFLT,ALRS,CHMF,GAZP,GMKN,HYDR,IRAO,MAGN,MGNT,MOEX,MTSS,NLMK,NVTK,PHOR,PLZL,RASP,ROSN,RTKM,SBER,SNGS,TATN,TRNFP,VTBR,YDEX",,,252,21,0.8,60,2.0,0.75,10.0,252.0,2.2675374302231943,0.11657398057114943,0.18304242461958536,0.636868642957629,-0.23436955262133574,0.04249815225424981,114,16.263157894736842,0.5329018338727076
russia,LKOH,coverage,30,25,"AFKS,AFLT,ALRS,CHMF,GAZP,GMKN,HYDR,IRAO,MAGN,MGNT,MOEX,MTSS,NLMK,NVTK,PHOR,PLZL,RASP,ROSN,RTKM,SBER,SNGS,TATN,TRNFP,VTBR,YDEX",,,252,21,0.8,60,2.0,1.0,10.0,252.0,1.7268677044996283,0.0979228408853412,0.17743414401579546,0.5518827361470178,-0.23436955262133574,0.04434589800443459,119,13.711864406779661,0.5253399258343634
russia,LKOH,coverage,30,25,"AFKS,AFLT,ALRS,CHMF,GAZP,GMKN,HYDR,IRAO,MAGN,MGNT,MOEX,MTSS,NLMK,NVTK,PHOR,PLZL,RASP,ROSN,RTKM,SBER,SNGS,TATN,TRNFP,VTBR,YDEX",,,252,21,0.8,60,2.5,0.0,10.0,252.0,3.1824814338593033,0.14254129154904227,0.26781651873841367,0.5322348756548047,-0.24492945451306536,0.015890613451589063,22,2643.0,0.4967839576239122
russia,LKOH,coverage,30,25,"AFKS,AFLT,ALRS,CHMF,GAZP,GMKN,HYDR,IRAO,MAGN,MGNT,MOEX,MTSS,NLMK,NVTK,PHOR,PLZL,RASP,ROSN,RTKM,SBER,SNGS,TATN,TRNFP,VTBR,YDEX",,,252,21,0.8,60,2.5,0.25,10.0,252.0,1.8358337303956311,0.10193638532500815,0.17083426820139674,0.5966975267797864,-0.20903675309031156,0.023651145602365115,62,32.8,0.5172764227642277
russia,LKOH,coverage,30,25,"AFKS,AFLT,ALRS,CHMF,GAZP,GMKN,HYDR,IRAO,MAGN,MGNT,MOEX,MTSS,NLMK,NVTK,PHOR,PLZL,RASP,ROSN,RTKM,SBER,SNGS,TATN,TRNFP,VTBR,YDEX",,,252,21,0.8,60,2.5,0.5,10.0,252.0,1.6667649659032455,0.09564640819261316,0.16018808961114722,0.5970881382304548,-0.21698359877724216,0.023651145602365115,63,25.70967741935484,0.5219573400250941
russia,LKOH,coverage,30,25,"AFKS,AFLT,ALRS,CHMF,GAZP,GMKN,HYDR,IRAO,MAGN,MGNT,MOEX,MTSS,NLMK,NVTK,PHOR,PLZL,RASP,ROSN,RTKM,SBER,SNGS,TATN,TRNFP,VTBR,YDEX",,,252,21,0.8,60,2.5,0.75,10.0,252.0,1.4775733852645225,0.08816378061987717,0.14656826598543127,0.6015202542454897,-0.20632522035648238,0.024390243902439025,66,18.484848484848484,0.5327868852459017
russia,LKOH,coverage,30,25,"AFKS,AFLT,ALRS,CHMF,GAZP,GMKN,HYDR,IRAO,MAGN,MGNT,MOEX,MTSS,NLMK,NVTK,PHOR,PLZL,RASP,ROSN,RTKM,SBER,SNGS,TATN,TRNFP,VTBR,YDEX",,,252,21,0.8,60,2.5,1.0,10.0,252.0,0.9731613105036798,0.06533801721476729,0.14125082490954013,0.4625673319544227,-0.2046845214265739,0.024390243902439025,66,16.424242424242426,0.518450184501845
russia,LKOH,coverage,30,25,"AFKS,AFLT,ALRS,CHMF,GAZP,GMKN,HYDR,IRAO,MAGN,MGNT,MOEX,MTSS,NLMK,NVTK,PHOR,PLZL,RASP,ROSN,RTKM,SBER,SNGS,TATN,TRNFP,VTBR,YDEX",,,252,21,0.8,60,3.0,0.0,10.0,252.0,2.6053178961856958,0.1268500835915849,0.2677057948347593,0.47384138124422287,-0.35672168467523313,0.009977827050997782,14,2643.0,0.49564888384411654
russia,LKOH,coverage,30,25,"AFKS,AFLT,ALRS,CHMF,GAZP,GMKN,HYDR,IRAO,MAGN,MGNT,MOEX,MTSS,NLMK,NVTK,PHOR,PLZL,RASP,ROSN,RTKM,SBER,SNGS,TATN,TRNFP,VTBR,YDEX",,,252,21,0.8,60,3.0,0.25,10.0,252.0,1.5300146219482604,0.09028839860233084,0.15692284626158023,0.5753680917297787,-0.22049894683476823,0.014781966001478197,39,38.36842105263158,0.522633744855967
russia,LKOH,coverage,30,25,"AFKS,AFLT,ALRS,CHMF,GAZP,GMKN,HYDR,IRAO,MAGN,MGNT,MOEX,MTSS,NLMK,NVTK,PHOR,PLZL,RASP,ROSN,RTKM,SBER,SNGS,TATN,TRNFP,VTBR,YDEX",,,252,21,0.8,60,3.0,0.5,10.0,252.0,1.18962365371751,0.0757153828657644,0.14722972196776182,0.5142669690182763,-0.1992570292570104,0.014781966001478197,40,29.5,0.5186440677966102
russia,LKOH,coverage,30,25,"AFKS,AFLT,ALRS,CHMF,GAZP,GMKN,HYDR,IRAO,MAGN,MGNT,MOEX,MTSS,NLMK,NVTK,PHOR,PLZL,RASP,ROSN,RTKM,SBER,SNGS,TATN,TRNFP,VTBR,YDEX",,,252,21,0.8,60,3.0,0.75,10.0,252.0,0.8511203194988333,0.059022585303483366,0.12968512297431295,0.4551222526517102,-0.1792551248098917,0.014781966001478197,40,21.0,0.5166666666666667
russia,LKOH,coverage,30,25,"AFKS,AFLT,ALRS,CHMF,GAZP,GMKN,HYDR,IRAO,MAGN,MGNT,MOEX,MTSS,NLMK,NVTK,PHOR,PLZL,RASP,ROSN,RTKM,SBER,SNGS,TATN,TRNFP,VTBR,YDEX",,,252,21,0.8,60,3.0,1.0,10.0,252.0,0.6008094715872196,0.044790975403360855,0.12551624924409704,0.3568539983715881,-0.1792551248098918,0.014781966001478197,40,18.9,0.5026455026455027
russia,LKOH,coverage,30,25,"AFKS,AFLT,ALRS,CHMF,GAZP,GMKN,HYDR,IRAO,MAGN,MGNT,MOEX,MTSS,NLMK,NVTK,PHOR,PLZL,RASP,ROSN,RTKM,SBER,SNGS,TATN,TRNFP,VTBR,YDEX",,,252,63,0.8,60,1.0,0.0,10.0,252.0,0.10861477525816987,0.009648632164499293,0.28925271336303476,0.03335710165798689,-0.5994314135936523,0.03288987435328899,45,2643.0,0.4899735149451381
russia,LKOH,coverage,30,25,"AFKS,AFLT,ALRS,CHMF,GAZP,GMKN,HYDR,IRAO,MAGN,MGNT,MOEX,MTSS,NLMK,NVTK,PHOR,PLZL,RASP,ROSN,RTKM,SBER,SNGS,TATN,TRNFP,VTBR,YDEX",,,252,63,0.8,60,1.0,0.25,10.0,252.0,-0.25682526768433656,-0.027263606398623907,0.2622973314092234,-0.1039416079917663,-0.6542423027662149,0.04767184035476718,114,41.88,0.48567335243553006
russia,LKOH,coverage,30,25,"AFKS,AFLT,ALRS,CHMF,GAZP,GMKN,HYDR,IRAO,MAGN,MGNT,MOEX,MTSS,NLMK,NVTK,PHOR,PLZL,RASP,ROSN,RTKM,SBER,SNGS,TATN,TRNFP,VTBR,YDEX",,,252,63,0.8,60,1.0,0.5,10.0,252.0,-0.19565540581350083,-0.020071996019678906,0.25304313421474584,-0.07932242888931633,-0.6166817033043192,0.05728011825572801,147,27.042857142857144,0.48705758055995774
russia,LKOH,coverage,30,25,"AFKS,AFLT,ALRS,CHMF,GAZP,GMKN,HYDR,IRAO,MAGN,MGNT,MOEX,MTSS,NLMK,NVTK,PHOR,PLZL,RASP,ROSN,RTKM,SBER,SNGS,TATN,TRNFP,VTBR,YDEX",,,252,63,0.8,60,1.0,0.75,10.0,252.0,-0.2591347146177144,-0.027545508100286442,0.24732112962795602,-0.11137547423353199,-0.6798303795017884,0.07427937915742794,195,17.96842105263158,0.4879906268306971
russia,LKOH,coverage,30,25,"AFKS,AFLT,ALRS,CHMF,GAZP,GMKN,HYDR,IRAO,MAGN,MGNT,MOEX,MTSS,NLMK,NVTK,PHOR,PLZL,RASP,ROSN,RTKM,SBER,SNGS,TATN,TRNFP,VTBR,YDEX",,,252,63,0.8,60,1.5,0.0,10.0,252.0,0.6856380786134884,0.04982701163914327,0.28923031648106345,0.1722745120406683,-0.5554515290037426,0.025498891352549888,35,2643.0,0.4869466515323496
russia,LKOH,coverage,30,25,"AFKS,AFLT,ALRS,CHMF,GAZP,GMKN,HYDR,IRAO,MAGN,MGNT,MOEX,MTSS,NLMK,NVTK,PHOR,PLZL,RASP,ROSN,RTKM,SBER,SNGS,TATN,TRNFP,VTBR,YDEX",,,252,63,0.8,60,1.5,0.25,10.0,252.0,-0.07801644878176062,-0.007535921847661831,0.24977307619349065,-0.030171073530054975,-0.5615018196059937,0.038063562453806356,95,43.45454545454545,0.4811715481171548
russia,LKOH,coverage,30,25,"AFKS,AFLT,ALRS,CHMF,GAZP,GMKN,HYDR,IRAO,MAGN,MGNT,MOEX,MTSS,NLMK,NVTK,PHOR,PLZL,RASP,ROSN,RTKM,SBER,SNGS,TATN,TRNFP,VTBR,YDEX",,,252,63,0.8,60,1.5,0.5,10.0,252.0,-0.021305337513199407,-0.0020035202776501615,0.23700607608340926,-0.008453455332280448,-0.5593209135902184,0.04286770140428677,111,31.245283018867923,0.482487922705314
russia,LKOH,coverage,30,25,"AFKS,AFLT,ALRS,CHMF,GAZP,GMKN,HYDR,IRAO,MAGN,MGNT,MOEX,MTSS,NLMK,NVTK,PHOR,PLZL,RASP,ROSN,RTKM,SBER,SNGS,TATN,TRNFP,VTBR,YDEX",,,252,63,0.8,60,1.5,0.75,10.0,252.0,0.18481992544599457,0.015918752960377036,0.23065400028809036,0.06901572459395576,-0.5053354798034698,0.04878048780487805,128,22.919354838709676,0.49261083743842365
russia,LKOH,coverage,30,25,"AFKS,AFLT,ALRS,CHMF,GAZP,GMKN,HYDR,IRAO,MAGN,MGNT,MOEX,MTSS,NLMK,NVTK,PHOR,PLZL,RASP,ROSN,RTKM,SBER,SNGS,TATN,TRNFP,VTBR,YDEX",,,252,63,0.8,60,1.5,1.0,10.0,252.0,0.429422028969773,0.03383096018420506,0.220667706884487,0.1533117856792456,-0.414857949137039,0.059127864005912786,157,15.597402597402597,0.4970857618651124
russia,LKOH,coverage,30,25,"AFKS,AFLT,ALRS,CHMF,GAZP,GMKN,HYDR,IRAO,MAGN,MGNT,MOEX,MTSS,NLMK,NVTK,PHOR,PLZL,RASP,ROSN,RTKM,SBER,SNGS,TATN,TRNFP,VTBR,YDEX",,,252,63,0.8,60,2.0,0.0,10.0,252.0,0.926143110341785,0.06294799210192048,0.2892732558325689,0.21760736892440108,-0.4298166671053124,0.02032520325203252,28,2643.0,0.4964055996973137
russia,LKOH,coverage,30,25,"AFKS,AFLT,ALRS,CHMF,GAZP,GMKN,HYDR,IRAO,MAGN,MGNT,MOEX,MTSS,NLMK,NVTK,PHOR,PLZL,RASP,ROSN,RTKM,SBER,SNGS,TATN,TRNFP,VTBR,YDEX",,,252,63,0.8,60,2.0,0.25,10.0,252.0,0.020798577252620465,0.001918867663079915,0.23774854245252852,0.008070996538130438,-0.5105921505342768,0.030303030303030304,76,47.714285714285715,0.48562874251497007
russia,LKOH,coverage,30,25,"AFKS,AFLT,ALRS,CHMF,GAZP,GMKN,HYDR,IRAO,MAGN,MGNT,MOEX,MTSS,NLMK,NVTK,PHOR,PLZL,RASP,ROSN,RTKM,SBER,SNGS,TATN,TRNFP,VTBR,YDEX",,,252,63,0.8,60,2.0,0.5,10.0,252.0,-0.008769468156863525,-0.0008199344942014797,0.22503204952775513,-0.0036436342997460463,-0.46280941424837085,0.032520325203252036,84,36.45,0.4849108367626886
russia,LKOH,coverage,30,25,"AFKS,AFLT,ALRS,CHMF,GAZP,GMKN,HYDR,IRAO,MAGN,MGNT,MOEX,MTSS,NLMK,NVTK,PHOR,PLZL,RASP,ROSN,RTKM,SBER,SNGS,TATN,TRNFP,VTBR,YDEX",,,252,63,0.8,60,2.0,0.75,10.0,252.0,0.10021391573097671,0.008933670141568983,0.2159030275877743,0.041378160563019635,-0.47254081944958004,0.03473762010347376,90,28.651162790697676,0.49594155844155846
russia,LKOH,coverage,30,25,"AFKS,AFLT,ALRS,CHMF,GAZP,GMKN,HYDR,IRAO,MAGN,MGNT,MOEX,MTSS,NLMK,NVTK,PHOR,PLZL,RASP,ROSN,RTKM,SBER,SNGS,TATN,TRNFP,VTBR,YDEX",,,252,63,0.8,60,2.0,1.0,10.0,252.0,0.3284048998145146,0.02679872522569582,0.1948279659925224,0.13755071090114634,-0.3745037770929823,0.03917220990391722,104,19.098039215686274,0.5051334702258727
russia,LKOH,coverage,30,25,"AFKS,AFLT,ALRS,CHMF,GAZP,GMKN,HYDR,IRAO,MAGN,MGNT,MOEX,MTSS,NLMK,NVTK,PHOR,PLZL,RASP,ROSN,RTKM,SBER,SNGS,TATN,TRNFP,VTBR,YDEX",,,252,63,0.8,60,2.5,0.0,10.0,252.0,1.0728041866361981,0.07023691872319993,0.28930549324386,0.2427776878194157,-0.38392478281121334,0.015890613451589063,22,2643.0,0.4899735149451381
russia,LKOH,coverage,30,25,"AFKS,AFLT,ALRS,CHMF,GAZP,GMKN,HYDR,IRAO,MAGN,MGNT,MOEX,MTSS,NLMK,NVTK,PHOR,PLZL,RASP,ROSN,RTKM,SBER,SNGS,TATN,TRNFP,VTBR,YDEX",,,252,63,0.8,60,2.5,0.25,10.0,252.0,0.12854704911272186,0.011325521280143303,0.22448215357700857,0.05045176687623894,-0.46528123867650517,0.022172949002217297,56,54.0,0.48361823361823364
russia,LKOH,coverage,30,25,"AFKS,AFLT,ALRS,CHMF,GAZP,GMKN,HYDR,IRAO,MAGN,MGNT,MOEX,MTSS,NLMK,NVTK,PHOR,PLZL,RASP,ROSN,RTKM,SBER,SNGS,TATN,TRNFP,VTBR,YDEX",,,252,63,0.8,60,2.5,0.5,10.0,252.0,-0.12307601729193118,-0.012156259377590128,0.2114519106144482,-0.05748947522992733,-0.41307462697761277,0.022172949002217297,58,43.07142857142857,0.48009950248756217
russia,LKOH,coverage,30,25,"AFKS,AFLT,ALRS,CHMF,GAZP,GMKN,HYDR,IRAO,MAGN,MGNT,MOEX,MTSS,NLMK,NVTK,PHOR,PLZL,RASP,ROSN,RTKM,SBER,SNGS,TATN,TRNFP,VTBR,YDEX",,,252,63,0.8,60,2.5,0.75,10.0,252.0,0.14727984647399484,0.012877193141450638,0.20133368768034912,0.0639594560146106,-0.3989402556323931,0.024390243902439025,64,31.677419354838708,0.4938900203665988
russia,LKOH,coverage,30,25,"AFKS,AFLT,ALRS,CHMF,GAZP,GMKN,HYDR,IRAO,MAGN,MGNT,MOEX,MTSS,NLMK,NVTK,PHOR,PLZL,RASP,ROSN,RTKM,SBER,SNGS,TATN,TRNFP,VTBR,YDEX",,,252,63,0.8,60,2.5,1.0,10.0,252.0,-0.07001084580034844,-0.0067365394962902725,0.16246909042677896,-0.04146351455895098,-0.3858063034562228,0.025129342202512936,67,23.363636363636363,0.503242542153048
russia,LKOH,coverage,30,25,"AFKS,AFLT,ALRS,CHMF,GAZP,GMKN,HYDR,IRAO,MAGN,MGNT,MOEX,MTSS,NLMK,NVTK,PHOR,PLZL,RASP,ROSN,RTKM,SBER,SNGS,TATN,TRNFP,VTBR,YDEX",,,252,63,0.8,60,3.0,0.0,10.0,252.0,4.079331416365306,0.16340041167344999,0.2890618214078883,0.5652784268693842,-0.3747935222400435,0.012934220251293422,18,2643.0,0.489216799091941
russia,LKOH,coverage,30,25,"AFKS,AFLT,ALRS,CHMF,GAZP,GMKN,HYDR,IRAO,MAGN,MGNT,MOEX,MTSS,NLMK,NVTK,PHOR,PLZL,RASP,ROSN,RTKM,SBER,SNGS,TATN,TRNFP,VTBR,YDEX",,,252,63,0.8,60,3.0,0.25,10.0,252.0,0.7059329535034324,0.05099773200217683,0.21181034576638483,0.24077073203225177,-0.4184163922247215,0.016999260901699925,43,57.75,0.47619047619047616
russia,LKOH,coverage,30,25,"AFKS,AFLT,ALRS,CHMF,GAZP,GMKN,HYDR,IRAO,MAGN,MGNT,MOEX,MTSS,NLMK,NVTK,PHOR,PLZL,RASP,ROSN,RTKM,SBER,SNGS,TATN,TRNFP,VTBR,YDEX",,,252,63,0.8,60,3.0,0.5,10.0,252.0,0.17405430514521414,0.015055546985150992,0.19644863643017052,0.0766385924521427,-0.34926012229517034,0.016999260901699925,45,42.40909090909091,0.4705251875669882
russia,LKOH,coverage,30,25,"AFKS,AFLT,ALRS,CHMF,GAZP,GMKN,HYDR,IRAO,MAGN,MGNT,MOEX,MTSS,NLMK,NVTK,PHOR,PLZL,RASP,ROSN,RTKM,SBER,SNGS,TATN,TRNFP,VTBR,YDEX",,,252,63,0.8,60,3.0,0.75,10.0,252.0,0.08258055462546321,0.007416723255274427,0.18088715091389673,0.04100193528287052,-0.3456228537965621,0.016999260901699925,45,33.36363636363637,0.4822888283378747
russia,LKOH,coverage,30,25,"AFKS,AFLT,ALRS,CHMF,GAZP,GMKN,HYDR,IRAO,MAGN,MGNT,MOEX,MTSS,NLMK,NVTK,PHOR,PLZL,RASP,ROSN,RTKM,SBER,SNGS,TATN,TRNFP,VTBR,YDEX",,,252,63,0.8,60,3.0,1.0,10.0,252.0,-0.1968298477479491,-0.02020533097706534,0.1397847884365981,-0.14454599247206235,-0.3355143323499765,0.016999260901699925,46,25.304347826086957,0.48625429553264604
russia,CHMF,coverage,30,25,"AFKS,AFLT,ALRS,GAZP,GMKN,HYDR,IRAO,LKOH,MAGN,MGNT,MOEX,MTSS,NLMK,NVTK,PHOR,PLZL,RASP,ROSN,RTKM,SBER,SNGS,TATN,TRNFP,VTBR,YDEX",,,252,5,0.8,60,1.0,0.0,10.0,252.0,3.748726922637678,0.15613137977100977,0.29311348281809096,0.5326652949223302,-0.5145502142733483,0.041019955654102,56,2646.0,0.5124716553287982
russia,CHMF,coverage,30,25,"AFKS,AFLT,ALRS,GAZP,GMKN,HYDR,IRAO,LKOH,MAGN,MGNT,MOEX,MTSS,NLMK,NVTK,PHOR,PLZL,RASP,ROSN,RTKM,SBER,SNGS,TATN,TRNFP,VTBR,YDEX",,,252,5,0.8,60,1.0,0.25,10.0,252.0,7.106438792392739,0.21516726939738828,0.24079290818608876,0.8935781000290235,-0.35694255119626694,0.07095343680709534,177,22.234567901234566,0.5235980011104941
russia,CHMF,coverage,30,25,"AFKS,AFLT,ALRS,GAZP,GMKN,HYDR,IRAO,LKOH,MAGN,MGNT,MOEX,MTSS,NLMK,NVTK,PHOR,PLZL,RASP,ROSN,RTKM,SBER,SNGS,TATN,TRNFP,VTBR,YDEX",,,252,5,0.8,60,1.0,0.5,10.0,252.0,3.342254038713726,0.14653710530768027,0.22062672114545165,0.6641856641248517,-0.33020337174953807,0.08056171470805618,212,15.29126213592233,0.526984126984127
russia,CHMF,coverage,30,25,"AFKS,AFLT,ALRS,GAZP,GMKN,HYDR,IRAO,LKOH,MAGN,MGNT,MOEX,MTSS,NLMK,NVTK,PHOR,PLZL,RASP,ROSN,RTKM,SBER,SNGS,TATN,TRNFP,VTBR,YDEX",,,252,5,0.8,60,1.0,0.75,10.0,252.0,2.508146100976835,0.1239865479509672,0.21358872842089024,0.5804919991219938,-0.28358519558616335,0.09534368070953436,255,11.412698412698413,0.5250347705146036
russia,CHMF,coverage,30,25,"AFKS,AFLT,ALRS,GAZP,GMKN,HYDR,IRAO,LKOH,MAGN,MGNT,MOEX,MTSS,NLMK,NVTK,PHOR,PLZL,RASP,ROSN,RTKM,SBER,SNGS,TATN,TRNFP,VTBR,YDEX",,,252,5,0.8,60,1.5,0.0,10.0,252.0,6.540465046764081,0.20700457675215667,0.29302193208099986,0.7064473818803929,-0.407360417163547,0.0336289726533629,46,2646.0,0.5139833711262283
russia,CHMF,coverage,30,25,"AFKS,AFLT,ALRS,GAZP,GMKN,HYDR,IRAO,LKOH,MAGN,MGNT,MOEX,MTSS,NLMK,NVTK,PHOR,PLZL,RASP,ROSN,RTKM,SBER,SNGS,TATN,TRNFP,VTBR,YDEX",,,252,5,0.8,60,1.5,0.25,10.0,252.0,5.61376517521042,0.1923545925168879,0.22614462432656754,0.8505822019413355,-0.32000882403381026,0.051736881005173686,132,25.274193548387096,0.5283982131461391
russia,CHMF,coverage,30,25,"AFKS,AFLT,ALRS,GAZP,GMKN,HYDR,IRAO,LKOH,MAGN,MGNT,MOEX,MTSS,NLMK,NVTK,PHOR,PLZL,RASP,ROSN,RTKM,SBER,SNGS,TATN,TRNFP,VTBR,YDEX",,,252,5,0.8,60,1.5,0.5,10.0,252.0,2.5941951564565633,0.12652588180758317,0.206151323156661,0.6137524604265193,-0.30066057964640547,0.05469327420546933,145,19.112676056338028,0.5313190862196021
russia,CHMF,coverage,30,25,"AFKS,AFLT,ALRS,GAZP,GMKN,HYDR,IRAO,LKOH,MAGN,MGNT,MOEX,MTSS,NLMK,NVTK,PHOR,PLZL,RASP,ROSN,RTKM,SBER,SNGS,TATN,TRNFP,VTBR,YDEX",,,252,5,0.8,60,1.5,0.75,10.0,252.0,1.6740721319697802,0.09592564226882083,0.19780670830450456,0.4849463554145619,-0.3052648898638862,0.059127864005912786,159,15.354430379746836,0.5300906842539159
russia,CHMF,coverage,30,25,"AFKS,AFLT,ALRS,GAZP,GMKN,HYDR,IRAO,LKOH,MAGN,MGNT,MOEX,MTSS,NLMK,NVTK,PHOR,PLZL,RASP,ROSN,RTKM,SBER,SNGS,TATN,TRNFP,VTBR,YDEX",,,252,5,0.8,60,1.5,1.0,10.0,252.0,1.3203670865282504,0.08154096577389236,0.18898755159172329,0.4314620994193749,-0.3042127216883135,0.06873614190687362,185,11.445652173913043,0.5308641975308642
russia,CHMF,coverage,30,25,"AFKS,AFLT,ALRS,GAZP,GMKN,HYDR,IRAO,LKOH,MAGN,MGNT,MOEX,MTSS,NLMK,NVTK,PHOR,PLZL,RASP,ROSN,RTKM,SBER,SNGS,TATN,TRNFP,VTBR,YDEX",,,252,5,0.8,60,2.0,0.0,10.0,252.0,14.355597138908387,0.28965257993894844,0.2914385408262591,0.993871912471675,-0.3671215063676635,0.02697708795269771,37,2636.0,0.5147951441578149
russia,CHMF,coverage,30,25,"AFKS,AFLT,ALRS,GAZP,GMKN,HYDR,IRAO,LKOH,MAGN,MGNT,MOEX,MTSS,NLMK,NVTK,PHOR,PLZL,RASP,ROSN,RTKM,SBER,SNGS,TATN,TRNFP,VTBR,YDEX",,,252,5,0.8,60,2.0,0.25,10.0,252.0,7.941904635695719,0.22631838821073402,0.2146597805799159,1.054312026218054,-0.24460687587483299,0.04065040650406504,105,27.14,0.529108327192336
russia,CHMF,coverage,30,25,"AFKS,AFLT,ALRS,GAZP,GMKN,HYDR,IRAO,LKOH,MAGN,MGNT,MOEX,MTSS,NLMK,NVTK,PHOR,PLZL,RASP,ROSN,RTKM,SBER,SNGS,TATN,TRNFP,VTBR,YDEX",,,252,5,0.8,60,2.0,0.5,10.0,252.0,3.6782232249317532,0.15452200842723873,0.19273326893310844,0.8017401940132525,-0.2467967873201946,0.04138950480413895,111,20.454545454545453,0.5342222222222223
russia,CHMF,coverage,30,25,"AFKS,AFLT,ALRS,GAZP,GMKN,HYDR,IRAO,LKOH,MAGN,MGNT,MOEX,MTSS,NLMK,NVTK,PHOR,PLZL,RASP,ROSN,RTKM,SBER,SNGS,TATN,TRNFP,VTBR,YDEX",,,252,5,0.8,60,2.0,0.75,10.0,252.0,2.128472350694006,0.1120607401836593,0.18356212563893148,0.6104785493935927,-0.2517557259228942,0.04138950480413895,111,17.854545454545455,0.5305498981670062
russia,CHMF,coverage,30,25,"AFKS,AFLT,ALRS,GAZP,GMKN,HYDR,IRAO,LKOH,MAGN,MGNT,MOEX,MTSS,NLMK,NVTK,PHOR,PLZL,RASP,ROSN,RTKM,SBER,SNGS,TATN,TRNFP,VTBR,YDEX",,,252,5,0.8,60,2.0,1.0,10.0,252.0,1.7325566883205168,0.09813595131755859,0.17388394511039748,0.5643761490185473,-0.25062251874615593,0.04360679970436068,117,14.344827586206897,0.5288461538461539
russia,CHMF,coverage,30,25,"AFKS,AFLT,ALRS,GAZP,GMKN,HYDR,IRAO,LKOH,MAGN,MGNT,MOEX,MTSS,NLMK,NVTK,PHOR,PLZL,RASP,ROSN,RTKM,SBER,SNGS,TATN,TRNFP,VTBR,YDEX",,,252,5,0.8,60,2.5,0.0,10.0,252.0,15.400442065598071,0.2975828804010814,0.29141408395934143,1.0211684910966783,-0.3671215063676633,0.01810790835181079,25,2636.0,0.5235204855842185
russia,CHMF,coverage,30,25,"AFKS,AFLT,ALRS,GAZP,GMKN,HYDR,IRAO,LKOH,MAGN,MGNT,MOEX,MTSS,NLMK,NVTK,PHOR,PLZL,RASP,ROSN,RTKM,SBER,SNGS,TATN,TRNFP,VTBR,YDEX",,,252,5,0.8,60,2.5,0.25,10.0,252.0,3.777859742819592,0.15679006842022236,0.18296324457348437,0.8569484476826167,-0.33375916092545366,0.027346637102734665,72,30.6,0.5284780578898226
russia,CHMF,coverage,30,25,"AFKS,AFLT,ALRS,GAZP,GMKN,HYDR,IRAO,LKOH,MAGN,MGNT,MOEX,MTSS,NLMK,NVTK,PHOR,PLZL,RASP,ROSN,RTKM,SBER,SNGS,TATN,TRNFP,VTBR,YDEX",,,252,5,0.8,60,2.5,0.5,10.0,252.0,2.154536046002728,0.11292028768088569,0.1560508162014953,0.7236122849564671,-0.3354379946780345,0.028085735402808575,76,21.763157894736842,0.5405078597339782
russia,CHMF,coverage,30,25,"AFKS,AFLT,ALRS,GAZP,GMKN,HYDR,IRAO,LKOH,MAGN,MGNT,MOEX,MTSS,NLMK,NVTK,PHOR,PLZL,RASP,ROSN,RTKM,SBER,SNGS,TATN,TRNFP,VTBR,YDEX",,,252,5,0.8,60,2.5,0.75,10.0,252.0,1.4398495571441154,0.0866100579988025,0.1476787809115712,0.5864759816148799,-0.29179300473136716,0.028085735402808575,76,18.63157894736842,0.5409604519774012
russia,CHMF,coverage,30,25,"AFKS,AFLT,ALRS,GAZP,GMKN,HYDR,IRAO,LKOH,MAGN,MGNT,MOEX,MTSS,NLMK,NVTK,PHOR,PLZL,RASP,ROSN,RTKM,SBER,SNGS,TATN,TRNFP,VTBR,YDEX",,,252,5,0.8,60,2.5,1.0,10.0,252.0,0.9164082586780353,0.062446547585600864,0.13305479739889434,0.4693295454683078,-0.2982534601436828,0.028085735402808575,76,15.052631578947368,0.5402097902097902
russia,CHMF,coverage,30,25,"AFKS,AFLT,ALRS,GAZP,GMKN,HYDR,IRAO,LKOH,MAGN,MGNT,MOEX,MTSS,NLMK,NVTK,PHOR,PLZL,RASP,ROSN,RTKM,SBER,SNGS,TATN,TRNFP,VTBR,YDEX",,,252,5,0.8,60,3.0,0.0,10.0,252.0,3.4385163118367883,0.14888066073547468,0.29174350216591033,0.5103135447068445,-0.3671215063676634,0.010716925351071693,15,2635.0,0.5134724857685009
russia,CHMF,coverage,30,25,"AFKS,AFLT,ALRS,GAZP,GMKN,HYDR,IRAO,LKOH,MAGN,MGNT,MOEX,MTSS,NLMK,NVTK,PHOR,PLZL,RASP,ROSN,RTKM,SBER,SNGS,TATN,TRNFP,VTBR,YDEX",,,252,5,0.8,60,3.0,0.25,10.0,252.0,1.607482107705228,0.09335498353840377,0.15324903870531767,0.6091717398496438,-0.33242459183315465,0.015521064301552107,41,34.55,0.5267727930535456
russia,CHMF,coverage,30,25,"AFKS,AFLT,ALRS,GAZP,GMKN,HYDR,IRAO,LKOH,MAGN,MGNT,MOEX,MTSS,NLMK,NVTK,PHOR,PLZL,RASP,ROSN,RTKM,SBER,SNGS,TATN,TRNFP,VTBR,YDEX",,,252,5,0.8,60,3.0,0.5,10.0,252.0,0.877545821898297,0.060421436959031016,0.12893781296454146,0.4686091346659278,-0.33410678851323217,0.015521064301552107,42,27.61904761904762,0.5293103448275862
russia,CHMF,coverage,30,25,"AFKS,AFLT,ALRS,GAZP,GMKN,HYDR,IRAO,LKOH,MAGN,MGNT,MOEX,MTSS,NLMK,NVTK,PHOR,PLZL,RASP,ROSN,RTKM,SBER,SNGS,TATN,TRNFP,VTBR,YDEX",,,252,5,0.8,60,3.0,0.75,10.0,252.0,0.6111085371964013,0.045415136522569455,0.12075705603745354,0.3760868144092853,-0.290374371841573,0.015521064301552107,42,23.571428571428573,0.5333333333333333
russia,CHMF,coverage,30,25,"AFKS,AFLT,ALRS,GAZP,GMKN,HYDR,IRAO,LKOH,MAGN,MGNT,MOEX,MTSS,NLMK,NVTK,PHOR,PLZL,RASP,ROSN,RTKM,SBER,SNGS,TATN,TRNFP,VTBR,YDEX",,,252,5,0.8,60,3.0,1.0,10.0,252.0,0.5423576155685761,0.04117803269428166,0.10814467950946316,0.3807679941450878,-0.2968477684061115,0.015521064301552107,42,18.761904761904763,0.5329949238578681
russia,CHMF,coverage,30,25,"AFKS,AFLT,ALRS,GAZP,GMKN,HYDR,IRAO,LKOH,MAGN,MGNT,MOEX,MTSS,NLMK,NVTK,PHOR,PLZL,RASP,ROSN,RTKM,SBER,SNGS,TATN,TRNFP,VTBR,YDEX",,,252,10,0.8,60,1.0,0.0,10.0,252.0,2.9535006220351105,0.13656625743791984,0.29903485059779245,0.45669010540047067,-0.5097191898928524,0.03954175905395418,54,2646.0,0.500755857898715
russia,CHMF,coverage,30,25,"AFKS,AFLT,ALRS,GAZP,GMKN,HYDR,IRAO,LKOH,MAGN,MGNT,MOEX,MTSS,NLMK,NVTK,PHOR,PLZL,RASP,ROSN,RTKM,SBER,SNGS,TATN,TRNFP,VTBR,YDEX",,,252,10,0.8,60,1.0,0.25,10.0,252.0,5.748867820738668,0.1946021135956555,0.2508528277257731,0.7757620887111957,-0.3323119311261652,0.0679970436067997,172,22.4875,0.5108393551973318
russia,CHMF,coverage,30,25,"AFKS,AFLT,ALRS,GAZP,GMKN,HYDR,IRAO,LKOH,MAGN,MGNT,MOEX,MTSS,NLMK,NVTK,PHOR,PLZL,RASP,ROSN,RTKM,SBER,SNGS,TATN,TRNFP,VTBR,YDEX",,,252,10,0.8,60,1.0,0.5,10.0,252.0,3.800409678417693,0.1572974229891857,0.23808166501399128,0.6606868402904602,-0.3643758110441032,0.07834441980783444,205,16.373737373737374,0.51326341764343
russia,CHMF,coverage,30,25,"AFKS,AFLT,ALRS,GAZP,GMKN,HYDR,IRAO,LKOH,MAGN,MGNT,MOEX,MTSS,NLMK,NVTK,PHOR,PLZL,RASP,ROSN,RTKM,SBER,SNGS,TATN,TRNFP,VTBR,YDEX",,,252,10,0.8,60,1.0,0.75,10.0,252.0,2.3622465200809053,0.11954900139337665,0.2305656990204569,0.5185029772480151,-0.373689914061756,0.09164818920916482,243,12.277310924369749,0.5106091718001369
russia,CHMF,coverage,30,25,"AFKS,AFLT,ALRS,GAZP,GMKN,HYDR,IRAO,LKOH,MAGN,MGNT,MOEX,MTSS,NLMK,NVTK,PHOR,PLZL,RASP,ROSN,RTKM,SBER,SNGS,TATN,TRNFP,VTBR,YDEX",,,252,10,0.8,60,1.5,0.0,10.0,252.0,4.275646499908211,0.16751622407131617,0.29889124480686863,0.5604587855343783,-0.43853197179724046,0.03067257945306726,42,2646.0,0.4996220710506425
russia,CHMF,coverage,30,25,"AFKS,AFLT,ALRS,GAZP,GMKN,HYDR,IRAO,LKOH,MAGN,MGNT,MOEX,MTSS,NLMK,NVTK,PHOR,PLZL,RASP,ROSN,RTKM,SBER,SNGS,TATN,TRNFP,VTBR,YDEX",,,252,10,0.8,60,1.5,0.25,10.0,252.0,4.539536950110391,0.17283521281852376,0.24020062725043959,0.719545218499039,-0.27534749696142524,0.050997782705099776,132,25.158730158730158,0.5123028391167193
russia,CHMF,coverage,30,25,"AFKS,AFLT,ALRS,GAZP,GMKN,HYDR,IRAO,LKOH,MAGN,MGNT,MOEX,MTSS,NLMK,NVTK,PHOR,PLZL,RASP,ROSN,RTKM,SBER,SNGS,TATN,TRNFP,VTBR,YDEX",,,252,10,0.8,60,1.5,0.5,10.0,252.0,2.421588402025566,0.1213745643632862,0.22553498622277512,0.5381629094272624,-0.32480497342542625,0.05543237250554324,148,19.26027397260274,0.515647226173542
russia,CHMF,coverage,30,25,"AFKS,AFLT,ALRS,GAZP,GMKN,HYDR,IRAO,LKOH,MAGN,MGNT,MOEX,MTSS,NLMK,NVTK,PHOR,PLZL,RASP,ROSN,RTKM,SBER,SNGS,TATN,TRNFP,VTBR,YDEX",,,252,10,0.8,60,1.5,0.75,10.0,252.0,1.6946954365672182,0.09671001952672609,0.21891772575640298,0.4417642253160374,-0.33327578320915763,0.057649667405764965,154,16.394736842105264,0.5104333868378812
russia,CHMF,coverage,30,25,"AFKS,AFLT,ALRS,GAZP,GMKN,HYDR,IRAO,LKOH,MAGN,MGNT,MOEX,MTSS,NLMK,NVTK,PHOR,PLZL,RASP,ROSN,RTKM,SBER,SNGS,TATN,TRNFP,VTBR,YDEX",,,252,10,0.8,60,1.5,1.0,10.0,252.0,1.3787575966658774,0.08404705222755426,0.20434831899179398,0.41129309329395236,-0.3407479238912744,0.07021433850702144,188,11.623655913978494,0.5189639222941721
russia,CHMF,coverage,30,25,"AFKS,AFLT,ALRS,GAZP,GMKN,HYDR,IRAO,LKOH,MAGN,MGNT,MOEX,MTSS,NLMK,NVTK,PHOR,PLZL,RASP,ROSN,RTKM,SBER,SNGS,TATN,TRNFP,VTBR,YDEX",,,252,10,0.8,60,2.0,0.0,10.0,252.0,9.209465967598758,0.24155168898789592,0.2972091980971222,0.812732884898675,-0.3721587202015404,0.025498891352549888,35,2636.0,0.5041729893778453
russia,CHMF,coverage,30,25,"AFKS,AFLT,ALRS,GAZP,GMKN,HYDR,IRAO,LKOH,MAGN,MGNT,MOEX,MTSS,NLMK,NVTK,PHOR,PLZL,RASP,ROSN,RTKM,SBER,SNGS,TATN,TRNFP,VTBR,YDEX",,,252,10,0.8,60,2.0,0.25,10.0,252.0,7.441679281172782,0.2197616375843532,0.22691714386863007,0.9684664359762105,-0.217428288221706,0.03917220990391722,100,28.085106382978722,0.5181818181818182
russia,CHMF,coverage,30,25,"AFKS,AFLT,ALRS,GAZP,GMKN,HYDR,IRAO,LKOH,MAGN,MGNT,MOEX,MTSS,NLMK,NVTK,PHOR,PLZL,RASP,ROSN,RTKM,SBER,SNGS,TATN,TRNFP,VTBR,YDEX",,,252,10,0.8,60,2.0,0.5,10.0,252.0,3.499932533291168,0.1503519001785869,0.20884421478034743,0.7199237016774441,-0.2728008054454274,0.04138950480413895,110,21.074074074074073,0.5210896309314587
russia,CHMF,coverage,30,25,"AFKS,AFLT,ALRS,GAZP,GMKN,HYDR,IRAO,LKOH,MAGN,MGNT,MOEX,MTSS,NLMK,NVTK,PHOR,PLZL,RASP,ROSN,RTKM,SBER,SNGS,TATN,TRNFP,VTBR,YDEX",,,252,10,0.8,60,2.0,0.75,10.0,252.0,2.485278219683552,0.12330221222628546,0.20229571954297437,0.6095146872353467,-0.26789746810710136,0.04138950480413895,110,18.462962962962962,0.5135406218655968
russia,CHMF,coverage,30,25,"AFKS,AFLT,ALRS,GAZP,GMKN,HYDR,IRAO,LKOH,MAGN,MGNT,MOEX,MTSS,NLMK,NVTK,PHOR,PLZL,RASP,ROSN,RTKM,SBER,SNGS,TATN,TRNFP,VTBR,YDEX",,,252,10,0.8,60,2.0,1.0,10.0,252.0,1.4416134034958907,0.08668318905581551,0.17440861689589743,0.4970120777206538,-0.29044709083230646,0.04360679970436068,117,14.551724137931034,0.5213270142180095
russia,CHMF,coverage,30,25,"AFKS,AFLT,ALRS,GAZP,GMKN,HYDR,IRAO,LKOH,MAGN,MGNT,MOEX,MTSS,NLMK,NVTK,PHOR,PLZL,RASP,ROSN,RTKM,SBER,SNGS,TATN,TRNFP,VTBR,YDEX",,,252,10,0.8,60,2.5,0.0,10.0,252.0,6.94117197240991,0.2128385723864885,0.2972412970195111,0.7160464394438357,-0.3721587202015404,0.01662971175166297,23,2636.0,0.5185887708649469
russia,CHMF,coverage,30,25,"AFKS,AFLT,ALRS,GAZP,GMKN,HYDR,IRAO,LKOH,MAGN,MGNT,MOEX,MTSS,NLMK,NVTK,PHOR,PLZL,RASP,ROSN,RTKM,SBER,SNGS,TATN,TRNFP,VTBR,YDEX",,,252,10,0.8,60,2.5,0.25,10.0,252.0,3.6016596215822005,0.15274920314929497,0.18482971161572187,0.8264320807191148,-0.2689187152807341,0.025129342202512936,65,30.419354838709676,0.5259809119830329
russia,CHMF,coverage,30,25,"AFKS,AFLT,ALRS,GAZP,GMKN,HYDR,IRAO,LKOH,MAGN,MGNT,MOEX,MTSS,NLMK,NVTK,PHOR,PLZL,RASP,ROSN,RTKM,SBER,SNGS,TATN,TRNFP,VTBR,YDEX",,,252,10,0.8,60,2.5,0.5,10.0,252.0,1.6511445101830864,0.09504715772828187,0.15867948375683583,0.5989883221068099,-0.3531498074635554,0.025129342202512936,68,23.294117647058822,0.5303030303030303
russia,CHMF,coverage,30,25,"AFKS,AFLT,ALRS,GAZP,GMKN,HYDR,IRAO,LKOH,MAGN,MGNT,MOEX,MTSS,NLMK,NVTK,PHOR,PLZL,RASP,ROSN,RTKM,SBER,SNGS,TATN,TRNFP,VTBR,YDEX",,,252,10,0.8,60,2.5,0.75,10.0,252.0,1.197211631128401,0.07606199616073273,0.1523293152918159,0.4993260556250873,-0.3626284104414711,0.025129342202512936,68,20.558823529411764,0.5221745350500715
russia,CHMF,coverage,30,25,"AFKS,AFLT,ALRS,GAZP,GMKN,HYDR,IRAO,LKOH,MAGN,MGNT,MOEX,MTSS,NLMK,NVTK,PHOR,PLZL,RASP,ROSN,RTKM,SBER,SNGS,TATN,TRNFP,VTBR,YDEX",,,252,10,0.8,60,2.5,1.0,10.0,252.0,0.8874414734551748,0.06094067849768536,0.13366717258437977,0.45591357488477946,-0.3089468123496517,0.025868440502586843,70,16.457142857142856,0.5260416666666666
russia,CHMF,coverage,30,25,"AFKS,AFLT,ALRS,GAZP,GMKN,HYDR,IRAO,LKOH,MAGN,MGNT,MOEX,MTSS,NLMK,NVTK,PHOR,PLZL,RASP,ROSN,RTKM,SBER,SNGS,TATN,TRNFP,VTBR,YDEX",,,252,10,0.8,60,3.0,0.0,10.0,252.0,3.3970983364583134,0.1478780245638016,0.29733118952106224,0.4973512022132689,-0.3721587202015404,0.010716925351071693,15,2635.0,0.5104364326375711
russia,CHMF,coverage,30,25,"AFKS,AFLT,ALRS,GAZP,GMKN,HYDR,IRAO,LKOH,MAGN,MGNT,MOEX,MTSS,NLMK,NVTK,PHOR,PLZL,RASP,ROSN,RTKM,SBER,SNGS,TATN,TRNFP,VTBR,YDEX",,,252,10,0.8,60,3.0,0.25,10.0,252.0,1.6936997814571737,0.09667227651324994,0.16468311674082198,0.5870199594618593,-0.2663681669739183,0.015521064301552107,40,38.36842105263158,0.51440329218107
russia,CHMF,coverage,30,25,"AFKS,AFLT,ALRS,GAZP,GMKN,HYDR,IRAO,LKOH,MAGN,MGNT,MOEX,MTSS,NLMK,NVTK,PHOR,PLZL,RASP,ROSN,RTKM,SBER,SNGS,TATN,TRNFP,VTBR,YDEX",,,252,10,0.8,60,3.0,0.5,10.0,252.0,0.7719849900018121,0.05472243850464764,0.13885814909844238,0.3940887795202614,-0.35089311905171794,0.015521064301552107,42,29.38095238095238,0.5170178282009724
russia,CHMF,coverage,30,25,"AFKS,AFLT,ALRS,GAZP,GMKN,HYDR,IRAO,LKOH,MAGN,MGNT,MOEX,MTSS,NLMK,NVTK,PHOR,PLZL,RASP,ROSN,RTKM,SBER,SNGS,TATN,TRNFP,VTBR,YDEX",,,252,10,0.8,60,3.0,0.75,10.0,252.0,0.6581796465546355,0.048222542728145745,0.1334627063210566,0.36131848407256223,-0.36040479035634654,0.015521064301552107,42,25.857142857142858,0.5119705340699816
russia,CHMF,coverage,30,25,"AFKS,AFLT,ALRS,GAZP,GMKN,HYDR,IRAO,LKOH,MAGN,MGNT,MOEX,MTSS,NLMK,NVTK,PHOR,PLZL,RASP,ROSN,RTKM,SBER,SNGS,TATN,TRNFP,VTBR,YDEX",,,252,10,0.8,60,3.0,1.0,10.0,252.0,0.5403342542876803,0.04105075726359053,0.11449105118234297,0.3585499201873121,-0.3065359114354558,0.016260162601626018,44,19.90909090909091,0.5182648401826484
russia,CHMF,coverage,30,25,"AFKS,AFLT,ALRS,GAZP,GMKN,HYDR,IRAO,LKOH,MAGN,MGNT,MOEX,MTSS,NLMK,NVTK,PHOR,PLZL,RASP,ROSN,RTKM,SBER,SNGS,TATN,TRNFP,VTBR,YDEX",,,252,21,0.8,60,1.0,0.0,10.0,252.0,9.693775491621377,0.24692191066506397,0.3138046406993409,0.7868650703022653,-0.3968569104348274,0.041019955654102,56,2646.0,0.49206349206349204
russia,CHMF,coverage,30,25,"AFKS,AFLT,ALRS,GAZP,GMKN,HYDR,IRAO,LKOH,MAGN,MGNT,MOEX,MTSS,NLMK,NVTK,PHOR,PLZL,RASP,ROSN,RTKM,SBER,SNGS,TATN,TRNFP,VTBR,YDEX",,,252,21,0.8,60,1.0,0.25,10.0,252.0,8.304271541814012,0.2308634870048678,0.26280319368612237,0.8784653023684271,-0.37807167461005586,0.06984478935698447,174,22.7375,0.5046728971962616
russia,CHMF,coverage,30,25,"AFKS,AFLT,ALRS,GAZP,GMKN,HYDR,IRAO,LKOH,MAGN,MGNT,MOEX,MTSS,NLMK,NVTK,PHOR,PLZL,RASP,ROSN,RTKM,SBER,SNGS,TATN,TRNFP,VTBR,YDEX",,,252,21,0.8,60,1.0,0.5,10.0,252.0,4.885706578220778,0.1794745166602585,0.24153561153060674,0.7430561295824321,-0.37264871065440897,0.08314855875831485,218,15.160377358490566,0.5052893590541382
russia,CHMF,coverage,30,25,"AFKS,AFLT,ALRS,GAZP,GMKN,HYDR,IRAO,LKOH,MAGN,MGNT,MOEX,MTSS,NLMK,NVTK,PHOR,PLZL,RASP,ROSN,RTKM,SBER,SNGS,TATN,TRNFP,VTBR,YDEX",,,252,21,0.8,60,1.0,0.75,10.0,252.0,4.1805716025577215,0.16554061430310152,0.23562979644879248,0.7025453350891347,-0.34885754555434234,0.09940872135994087,263,11.294573643410853,0.5072065888812629
russia,CHMF,coverage,30,25,"AFKS,AFLT,ALRS,GAZP,GMKN,HYDR,IRAO,LKOH,MAGN,MGNT,MOEX,MTSS,NLMK,NVTK,PHOR,PLZL,RASP,ROSN,RTKM,SBER,SNGS,TATN,TRNFP,VTBR,YDEX",,,252,21,0.8,60,1.5,0.0,10.0,252.0,7.167511835881562,0.2160169372841514,0.31381324571352176,0.6883614386416053,-0.41605706902896133,0.03215077605321508,44,2646.0,0.4958427815570673
russia,CHMF,coverage,30,25,"AFKS,AFLT,ALRS,GAZP,GMKN,HYDR,IRAO,LKOH,MAGN,MGNT,MOEX,MTSS,NLMK,NVTK,PHOR,PLZL,RASP,ROSN,RTKM,SBER,SNGS,TATN,TRNFP,VTBR,YDEX",,,252,21,0.8,60,1.5,0.25,10.0,252.0,4.0131219049798705,0.16197973085149253,0.24244928371622287,0.6680973784236183,-0.33575943733452196,0.04988913525498891,128,24.934426229508198,0.5108481262327417
russia,CHMF,coverage,30,25,"AFKS,AFLT,ALRS,GAZP,GMKN,HYDR,IRAO,LKOH,MAGN,MGNT,MOEX,MTSS,NLMK,NVTK,PHOR,PLZL,RASP,ROSN,RTKM,SBER,SNGS,TATN,TRNFP,VTBR,YDEX",,,252,21,0.8,60,1.5,0.5,10.0,252.0,1.856427085248011,0.10267914753868657,0.22792751128887645,0.45049036405504606,-0.3299675277491929,0.052845528455284556,141,18.928571428571427,0.5011320754716981
russia,CHMF,coverage,30,25,"AFKS,AFLT,ALRS,GAZP,GMKN,HYDR,IRAO,LKOH,MAGN,MGNT,MOEX,MTSS,NLMK,NVTK,PHOR,PLZL,RASP,ROSN,RTKM,SBER,SNGS,TATN,TRNFP,VTBR,YDEX",,,252,21,0.8,60,1.5,0.75,10.0,252.0,1.9415284957660597,0.10569797841691897,0.22012267892213408,0.48017759430553014,-0.3337757695987583,0.058758314855875834,158,14.860759493670885,0.5059625212947189
russia,CHMF,coverage,30,25,"AFKS,AFLT,ALRS,GAZP,GMKN,HYDR,IRAO,LKOH,MAGN,MGNT,MOEX,MTSS,NLMK,NVTK,PHOR,PLZL,RASP,ROSN,RTKM,SBER,SNGS,TATN,TRNFP,VTBR,YDEX",,,252,21,0.8,60,1.5,1.0,10.0,252.0,1.6676778655729079,0.09568133139605073,0.2088834196611547,0.45806092006374904,-0.31985215104069664,0.06947524020694752,187,11.21505376344086,0.5100671140939598
russia,CHMF,coverage,30,25,"AFKS,AFLT,ALRS,GAZP,GMKN,HYDR,IRAO,LKOH,MAGN,MGNT,MOEX,MTSS,NLMK,NVTK,PHOR,PLZL,RASP,ROSN,RTKM,SBER,SNGS,TATN,TRNFP,VTBR,YDEX",,,252,21,0.8,60,2.0,0.0,10.0,252.0,9.652392317371344,0.24647174950717443,0.3138457520823618,0.7853276581627697,-0.3714658083995618,0.02328159645232816,32,2646.0,0.4965986394557823
russia,CHMF,coverage,30,25,"AFKS,AFLT,ALRS,GAZP,GMKN,HYDR,IRAO,LKOH,MAGN,MGNT,MOEX,MTSS,NLMK,NVTK,PHOR,PLZL,RASP,ROSN,RTKM,SBER,SNGS,TATN,TRNFP,VTBR,YDEX",,,252,21,0.8,60,2.0,0.25,10.0,252.0,5.990709904740085,0.19852532340683915,0.22123635574689468,0.8973449356305703,-0.30800463510360054,0.035846267553584624,91,27.558139534883722,0.5206751054852321
russia,CHMF,coverage,30,25,"AFKS,AFLT,ALRS,GAZP,GMKN,HYDR,IRAO,LKOH,MAGN,MGNT,MOEX,MTSS,NLMK,NVTK,PHOR,PLZL,RASP,ROSN,RTKM,SBER,SNGS,TATN,TRNFP,VTBR,YDEX",,,252,21,0.8,60,2.0,0.5,10.0,252.0,2.31715163715886,0.11814208155840311,0.20346985086745253,0.5806367924030428,-0.30918097047645876,0.037324464153732445,99,20.53061224489796,0.5049701789264414
russia,CHMF,coverage,30,25,"AFKS,AFLT,ALRS,GAZP,GMKN,HYDR,IRAO,LKOH,MAGN,MGNT,MOEX,MTSS,NLMK,NVTK,PHOR,PLZL,RASP,ROSN,RTKM,SBER,SNGS,TATN,TRNFP,VTBR,YDEX",,,252,21,0.8,60,2.0,0.75,10.0,252.0,1.4957289846111546,0.0889039179701383,0.19594860808288675,0.45371038273735387,-0.31920000364425516,0.037324464153732445,100,17.74,0.5005636978579482
russia,CHMF,coverage,30,25,"AFKS,AFLT,ALRS,GAZP,GMKN,HYDR,IRAO,LKOH,MAGN,MGNT,MOEX,MTSS,NLMK,NVTK,PHOR,PLZL,RASP,ROSN,RTKM,SBER,SNGS,TATN,TRNFP,VTBR,YDEX",,,252,21,0.8,60,2.0,1.0,10.0,252.0,1.0398919516242144,0.06864287925610446,0.18556509569837812,0.36991266594488337,-0.3049717618136052,0.03917220990391722,105,14.865384615384615,0.500646830530401
russia,CHMF,coverage,30,25,"AFKS,AFLT,ALRS,GAZP,GMKN,HYDR,IRAO,LKOH,MAGN,MGNT,MOEX,MTSS,NLMK,NVTK,PHOR,PLZL,RASP,ROSN,RTKM,SBER,SNGS,TATN,TRNFP,VTBR,YDEX",,,252,21,0.8,60,2.5,0.0,10.0,252.0,10.933581407623372,0.25972507158639746,0.3137836350502537,0.8277202587215916,-0.3714658083995619,0.01736881005173688,24,2646.0,0.5026455026455027
russia,CHMF,coverage,30,25,"AFKS,AFLT,ALRS,GAZP,GMKN,HYDR,IRAO,LKOH,MAGN,MGNT,MOEX,MTSS,NLMK,NVTK,PHOR,PLZL,RASP,ROSN,RTKM,SBER,SNGS,TATN,TRNFP,VTBR,YDEX",,,252,21,0.8,60,2.5,0.25,10.0,252.0,6.538431497567036,0.20697425939559944,0.18958323592537402,1.0917329181841324,-0.3874034004620527,0.02771618625277162,70,29.03030303030303,0.535490605427975
russia,CHMF,coverage,30,25,"AFKS,AFLT,ALRS,GAZP,GMKN,HYDR,IRAO,LKOH,MAGN,MGNT,MOEX,MTSS,NLMK,NVTK,PHOR,PLZL,RASP,ROSN,RTKM,SBER,SNGS,TATN,TRNFP,VTBR,YDEX",,,252,21,0.8,60,2.5,0.5,10.0,252.0,2.4303614276257743,0.12164201318532508,0.1703395364672471,0.7141149712398943,-0.3820618053890781,0.028455284552845527,76,20.973684210526315,0.5144291091593476
russia,CHMF,coverage,30,25,"AFKS,AFLT,ALRS,GAZP,GMKN,HYDR,IRAO,LKOH,MAGN,MGNT,MOEX,MTSS,NLMK,NVTK,PHOR,PLZL,RASP,ROSN,RTKM,SBER,SNGS,TATN,TRNFP,VTBR,YDEX",,,252,21,0.8,60,2.5,0.75,10.0,252.0,1.7383911680924369,0.09835409453489219,0.16313678287855354,0.6028934296694539,-0.3432400241729854,0.028455284552845527,77,18.025641025641026,0.5120910384068279
russia,CHMF,coverage,30,25,"AFKS,AFLT,ALRS,GAZP,GMKN,HYDR,IRAO,LKOH,MAGN,MGNT,MOEX,MTSS,NLMK,NVTK,PHOR,PLZL,RASP,ROSN,RTKM,SBER,SNGS,TATN,TRNFP,VTBR,YDEX",,,252,21,0.8,60,2.5,1.0,10.0,252.0,1.3100352909484831,0.08109158625894586,0.15359415616273697,0.5279601013792948,-0.32951420188923186,0.029563932002956393,80,15.45,0.5097087378640777
russia,CHMF,coverage,30,25,"AFKS,AFLT,ALRS,GAZP,GMKN,HYDR,IRAO,LKOH,MAGN,MGNT,MOEX,MTSS,NLMK,NVTK,PHOR,PLZL,RASP,ROSN,RTKM,SBER,SNGS,TATN,TRNFP,VTBR,YDEX",,,252,21,0.8,60,3.0,0.0,10.0,252.0,1.8833188911250272,0.10364180522632549,0.28617343128354406,0.362164316797236,-0.3714658083995618,0.008499630450849963,12,2222.0,0.49504950495049505
russia,CHMF,coverage,30,25,"AFKS,AFLT,ALRS,GAZP,GMKN,HYDR,IRAO,LKOH,MAGN,MGNT,MOEX,MTSS,NLMK,NVTK,PHOR,PLZL,RASP,ROSN,RTKM,SBER,SNGS,TATN,TRNFP,VTBR,YDEX",,,252,21,0.8,60,3.0,0.25,10.0,252.0,1.1501183218125628,0.07389301605410714,0.14137764917285048,0.5226640596050964,-0.34396244103940754,0.014412416851441241,38,31.57894736842105,0.5266666666666666
russia,CHMF,coverage,30,25,"AFKS,AFLT,ALRS,GAZP,GMKN,HYDR,IRAO,LKOH,MAGN,MGNT,MOEX,MTSS,NLMK,NVTK,PHOR,PLZL,RASP,ROSN,RTKM,SBER,SNGS,TATN,TRNFP,VTBR,YDEX",,,252,21,0.8,60,3.0,0.5,10.0,252.0,0.7719689912632586,0.054721551678653224,0.12650380931376773,0.43256841019646464,-0.3382420583352369,0.015151515151515152,41,24.476190476190474,0.5175097276264592
russia,CHMF,coverage,30,25,"AFKS,AFLT,ALRS,GAZP,GMKN,HYDR,IRAO,LKOH,MAGN,MGNT,MOEX,MTSS,NLMK,NVTK,PHOR,PLZL,RASP,ROSN,RTKM,SBER,SNGS,TATN,TRNFP,VTBR,YDEX",,,252,21,0.8,60,3.0,0.75,10.0,252.0,0.6778824463341342,0.04937624566048049,0.12131044770792611,0.407023851559443,-0.29666731469037044,0.015151515151515152,41,22.047619047619047,0.5161987041036717
russia,CHMF,coverage,30,25,"AFKS,AFLT,ALRS,GAZP,GMKN,HYDR,IRAO,LKOH,MAGN,MGNT,MOEX,MTSS,NLMK,NVTK,PHOR,PLZL,RASP,ROSN,RTKM,SBER,SNGS,TATN,TRNFP,VTBR,YDEX",,,252,21,0.8,60,3.0,1.0,10.0,252.0,0.5091454582938988,0.03906946265581923,0.11602781941799928,0.3367249583056322,-0.28196815548421117,0.016260162601626018,44,18.772727272727273,0.513317191283293
russia,CHMF,coverage,30,25,"AFKS,AFLT,ALRS,GAZP,GMKN,HYDR,IRAO,LKOH,MAGN,MGNT,MOEX,MTSS,NLMK,NVTK,PHOR,PLZL,RASP,ROSN,RTKM,SBER,SNGS,TATN,TRNFP,VTBR,YDEX",,,252,63,0.8,60,1.0,0.0,10.0,252.0,0.12000363122712931,0.010610084753240212,0.31689981982854476,0.03348087972716641,-0.6585426974443107,0.029194382852919438,40,2646.0,0.4860166288737717
russia,CHMF,coverage,30,25,"AFKS,AFLT,ALRS,GAZP,GMKN,HYDR,IRAO,LKOH,MAGN,MGNT,MOEX,MTSS,NLMK,NVTK,PHOR,PLZL,RASP,ROSN,RTKM,SBER,SNGS,TATN,TRNFP,VTBR,YDEX",,,252,63,0.8,60,1.0,0.25,10.0,252.0,0.11709805618460445,0.01036564014708885,0.27658927518274257,0.037476652484953625,-0.6817683195458888,0.052845528455284556,129,35.60344827586207,0.49055690072639224
russia,CHMF,coverage,30,25,"AFKS,AFLT,ALRS,GAZP,GMKN,HYDR,IRAO,LKOH,MAGN,MGNT,MOEX,MTSS,NLMK,NVTK,PHOR,PLZL,RASP,ROSN,RTKM,SBER,SNGS,TATN,TRNFP,VTBR,YDEX",,,252,63,0.8,60,1.0,0.5,10.0,252.0,0.2444640080400582,0.02057602563075367,0.2696894098368347,0.07629526737146412,-0.6526360778028423,0.0639320029563932,164,24.012820512820515,0.4954618259476775
russia,CHMF,coverage,30,25,"AFKS,AFLT,ALRS,GAZP,GMKN,HYDR,IRAO,LKOH,MAGN,MGNT,MOEX,MTSS,NLMK,NVTK,PHOR,PLZL,RASP,ROSN,RTKM,SBER,SNGS,TATN,TRNFP,VTBR,YDEX",,,252,63,0.8,60,1.0,0.75,10.0,252.0,0.17844830964470026,0.01540872932922599,0.25203214877140495,0.06113795166346744,-0.6936372786957405,0.0868440502586844,228,14.882882882882884,0.5012106537530266
russia,CHMF,coverage,30,25,"AFKS,AFLT,ALRS,GAZP,GMKN,HYDR,IRAO,LKOH,MAGN,MGNT,MOEX,MTSS,NLMK,NVTK,PHOR,PLZL,RASP,ROSN,RTKM,SBER,SNGS,TATN,TRNFP,VTBR,YDEX",,,252,63,0.8,60,1.5,0.0,10.0,252.0,1.1048973744125923,0.07176933726215196,0.31676462975504965,0.22656992138816237,-0.6008190834282424,0.02771618625277162,38,2646.0,0.4909297052154195
russia,CHMF,coverage,30,25,"AFKS,AFLT,ALRS,GAZP,GMKN,HYDR,IRAO,LKOH,MAGN,MGNT,MOEX,MTSS,NLMK,NVTK,PHOR,PLZL,RASP,ROSN,RTKM,SBER,SNGS,TATN,TRNFP,VTBR,YDEX",,,252,63,0.8,60,1.5,0.25,10.0,252.0,0.9397057506885285,0.06364278891246888,0.2622936975081803,0.24263941344028678,-0.5796528554248357,0.044715447154471545,111,37.01960784313726,0.4936440677966102
russia,CHMF,coverage,30,25,"AFKS,AFLT,ALRS,GAZP,GMKN,HYDR,IRAO,LKOH,MAGN,MGNT,MOEX,MTSS,NLMK,NVTK,PHOR,PLZL,RASP,ROSN,RTKM,SBER,SNGS,TATN,TRNFP,VTBR,YDEX",,,252,63,0.8,60,1.5,0.5,10.0,252.0,0.8859672665428748,0.060863481100267736,0.2533927775105656,0.24019422218034583,-0.5499833733260054,0.04841093865484109,124,27.983050847457626,0.49727437916414297
russia,CHMF,coverage,30,25,"AFKS,AFLT,ALRS,GAZP,GMKN,HYDR,IRAO,LKOH,MAGN,MGNT,MOEX,MTSS,NLMK,NVTK,PHOR,PLZL,RASP,ROSN,RTKM,SBER,SNGS,TATN,TRNFP,VTBR,YDEX",,,252,63,0.8,60,1.5,0.75,10.0,252.0,0.5035654755769603,0.038711078908863605,0.23495796795281987,0.16475746383981701,-0.6016431937083949,0.05506282335550628,144,20.414285714285715,0.4996501049685094
russia,CHMF,coverage,30,25,"AFKS,AFLT,ALRS,GAZP,GMKN,HYDR,IRAO,LKOH,MAGN,MGNT,MOEX,MTSS,NLMK,NVTK,PHOR,PLZL,RASP,ROSN,RTKM,SBER,SNGS,TATN,TRNFP,VTBR,YDEX",,,252,63,0.8,60,1.5,1.0,10.0,252.0,0.7572383510681779,0.05390192000501148,0.20934955911232506,0.2574732912434307,-0.5090184415802881,0.06984478935698447,185,12.846153846153847,0.5072711719418306
russia,CHMF,coverage,30,25,"AFKS,AFLT,ALRS,GAZP,GMKN,HYDR,IRAO,LKOH,MAGN,MGNT,MOEX,MTSS,NLMK,NVTK,PHOR,PLZL,RASP,ROSN,RTKM,SBER,SNGS,TATN,TRNFP,VTBR,YDEX",,,252,63,0.8,60,2.0,0.0,10.0,252.0,0.4970802993471397,0.03829303891906055,0.31682349429000733,0.12086552799650856,-0.4489106932730039,0.02032520325203252,28,2646.0,0.4890400604686319
russia,CHMF,coverage,30,25,"AFKS,AFLT,ALRS,GAZP,GMKN,HYDR,IRAO,LKOH,MAGN,MGNT,MOEX,MTSS,NLMK,NVTK,PHOR,PLZL,RASP,ROSN,RTKM,SBER,SNGS,TATN,TRNFP,VTBR,YDEX",,,252,63,0.8,60,2.0,0.25,10.0,252.0,0.34897962920168,0.02826944807307985,0.23704487797255716,0.11925778913625218,-0.5469678961610873,0.03288987435328899,84,41.325,0.4960677555958863
russia,CHMF,coverage,30,25,"AFKS,AFLT,ALRS,GAZP,GMKN,HYDR,IRAO,LKOH,MAGN,MGNT,MOEX,MTSS,NLMK,NVTK,PHOR,PLZL,RASP,ROSN,RTKM,SBER,SNGS,TATN,TRNFP,VTBR,YDEX",,,252,63,0.8,60,2.0,0.5,10.0,252.0,0.5215048664047026,0.03985900699555556,0.2276138642330387,0.17511678003386721,-0.5084070505618394,0.03436807095343681,89,32.81395348837209,0.5010630758327428
russia,CHMF,coverage,30,25,"AFKS,AFLT,ALRS,GAZP,GMKN,HYDR,IRAO,LKOH,MAGN,MGNT,MOEX,MTSS,NLMK,NVTK,PHOR,PLZL,RASP,ROSN,RTKM,SBER,SNGS,TATN,TRNFP,VTBR,YDEX",,,252,63,0.8,60,2.0,0.75,10.0,252.0,0.1026682978460991,0.009143062825320625,0.19795034598451708,0.04618866807151608,-0.5818655056596848,0.036585365853658534,96,24.78723404255319,0.49871244635193135
russia,CHMF,coverage,30,25,"AFKS,AFLT,ALRS,GAZP,GMKN,HYDR,IRAO,LKOH,MAGN,MGNT,MOEX,MTSS,NLMK,NVTK,PHOR,PLZL,RASP,ROSN,RTKM,SBER,SNGS,TATN,TRNFP,VTBR,YDEX",,,252,63,0.8,60,2.0,1.0,10.0,252.0,0.0035206178286406598,0.0003273401902021966,0.17731090322251272,0.0018461368379101182,-0.5647949993952524,0.041019955654102,109,17.62962962962963,0.5021008403361344
russia,CHMF,coverage,30,25,"AFKS,AFLT,ALRS,GAZP,GMKN,HYDR,IRAO,LKOH,MAGN,MGNT,MOEX,MTSS,NLMK,NVTK,PHOR,PLZL,RASP,ROSN,RTKM,SBER,SNGS,TATN,TRNFP,VTBR,YDEX",,,252,63,0.8,60,2.5,0.0,10.0,252.0,1.6442853192399824,0.09478300500161718,0.31672134946897573,0.2992630751306571,-0.44891069327300426,0.01736881005173688,24,2646.0,0.4916855631141345
russia,CHMF,coverage,30,25,"AFKS,AFLT,ALRS,GAZP,GMKN,HYDR,IRAO,LKOH,MAGN,MGNT,MOEX,MTSS,NLMK,NVTK,PHOR,PLZL,RASP,ROSN,RTKM,SBER,SNGS,TATN,TRNFP,VTBR,YDEX",,,252,63,0.8,60,2.5,0.25,10.0,252.0,0.30331383290465697,0.024976947755374734,0.22735099101620412,0.1098607384279866,-0.49501735230580657,0.0262379896526238,68,44.0,0.49449035812672176
russia,CHMF,coverage,30,25,"AFKS,AFLT,ALRS,GAZP,GMKN,HYDR,IRAO,LKOH,MAGN,MGNT,MOEX,MTSS,NLMK,NVTK,PHOR,PLZL,RASP,ROSN,RTKM,SBER,SNGS,TATN,TRNFP,VTBR,YDEX",,,252,63,0.8,60,2.5,0.5,10.0,252.0,0.6215172499839678,0.04604227703168062,0.21504943563219175,0.2141008968302,-0.45703495633334457,0.02697708795269771,71,33.628571428571426,0.5004248088360238
russia,CHMF,coverage,30,25,"AFKS,AFLT,ALRS,GAZP,GMKN,HYDR,IRAO,LKOH,MAGN,MGNT,MOEX,MTSS,NLMK,NVTK,PHOR,PLZL,RASP,ROSN,RTKM,SBER,SNGS,TATN,TRNFP,VTBR,YDEX",,,252,63,0.8,60,2.5,0.75,10.0,252.0,0.3114817731724209,0.025573460058236908,0.18319824158224796,0.13959446246516263,-0.5075606441545581,0.028455284552845527,76,24.55263157894737,0.5005359056806002
russia,CHMF,coverage,30,25,"AFKS,AFLT,ALRS,GAZP,GMKN,HYDR,IRAO,LKOH,MAGN,MGNT,MOEX,MTSS,NLMK,NVTK,PHOR,PLZL,RASP,ROSN,RTKM,SBER,SNGS,TATN,TRNFP,VTBR,YDEX",,,252,63,0.8,60,2.5,1.0,10.0,252.0,0.061558092426763134,0.005578661751374003,0.16259172961123675,0.034310858028958814,-0.5006960907420928,0.029194382852919438,79,17.975,0.5048678720445062
russia,CHMF,coverage,30,25,"AFKS,AFLT,ALRS,GAZP,GMKN,HYDR,IRAO,LKOH,MAGN,MGNT,MOEX,MTSS,NLMK,NVTK,PHOR,PLZL,RASP,ROSN,RTKM,SBER,SNGS,TATN,TRNFP,VTBR,YDEX",,,252,63,0.8,60,3.0,0.0,10.0,252.0,0.9209482499513724,0.06268069035784873,0.31182906097157964,0.2010097781218714,-0.4489106932730048,0.009977827050997782,14,2549.0,0.4950961161239702
russia,CHMF,coverage,30,25,"AFKS,AFLT,ALRS,GAZP,GMKN,HYDR,IRAO,LKOH,MAGN,MGNT,MOEX,MTSS,NLMK,NVTK,PHOR,PLZL,RASP,ROSN,RTKM,SBER,SNGS,TATN,TRNFP,VTBR,YDEX",,,252,63,0.8,60,3.0,0.25,10.0,252.0,0.310718358223673,0.025517850098540684,0.19359119348209541,0.1318130728963182,-0.41679179446326364,0.015151515151515152,39,51.26315789473684,0.4928131416837782
russia,CHMF,coverage,30,25,"AFKS,AFLT,ALRS,GAZP,GMKN,HYDR,IRAO,LKOH,MAGN,MGNT,MOEX,MTSS,NLMK,NVTK,PHOR,PLZL,RASP,ROSN,RTKM,SBER,SNGS,TATN,TRNFP,VTBR,YDEX",,,252,63,0.8,60,3.0,0.5,10.0,252.0,0.49328822348672263,0.0380478369590993,0.18482144928828412,0.20586266965016795,-0.3863925022109672,0.015151515151515152,39,43.1578947368421,0.5036585365853659
russia,CHMF,coverage,30,25,"AFKS,AFLT,ALRS,GAZP,GMKN,HYDR,IRAO,LKOH,MAGN,MGNT,MOEX,MTSS,NLMK,NVTK,PHOR,PLZL,RASP,ROSN,RTKM,SBER,SNGS,TATN,TRNFP,VTBR,YDEX",,,252,63,0.8,60,3.0,0.75,10.0,252.0,0.16021520580723703,0.013935297612478914,0.1485103953764431,0.09383381935759999,-0.4319409003448025,0.015151515151515152,40,32.55,0.49923195084485406
russia,CHMF,coverage,30,25,"AFKS,AFLT,ALRS,GAZP,GMKN,HYDR,IRAO,LKOH,MAGN,MGNT,MOEX,MTSS,NLMK,NVTK,PHOR,PLZL,RASP,ROSN,RTKM,SBER,SNGS,TATN,TRNFP,VTBR,YDEX",,,252,63,0.8,60,3.0,1.0,10.0,252.0,-0.05297089757907891,-0.005055623030174816,0.12791275719201003,-0.039523993862362085,-0.41526198014254845,0.015151515151515152,41,24.0,0.501984126984127
russia,GAZP,coverage,30,25,"AFKS,AFLT,ALRS,CHMF,GMKN,HYDR,IRAO,LKOH,MAGN,MGNT,MOEX,MTSS,NLMK,NVTK,PHOR,PLZL,RASP,ROSN,RTKM,SBER,SNGS,TATN,TRNFP,VTBR,YDEX",,,252,5,0.8,60,1.0,0.0,10.0,252.0,31.98948580094659,0.384843914579293,0.38269378350762173,1.0056184112842492,-0.29444971818361365,0.04693274205469328,64,2646.0,0.5079365079365079
russia,GAZP,coverage,30,25,"AFKS,AFLT,ALRS,CHMF,GMKN,HYDR,IRAO,LKOH,MAGN,MGNT,MOEX,MTSS,NLMK,NVTK,PHOR,PLZL,RASP,ROSN,RTKM,SBER,SNGS,TATN,TRNFP,VTBR,YDEX",,,252,5,0.8,60,1.0,0.25,10.0,252.0,7.987901573309998,0.22690447781689205,0.3417022674241201,0.6640414754264967,-0.29440755906801175,0.06873614190687362,168,27.173333333333332,0.5034347399411188
russia,GAZP,coverage,30,25,"AFKS,AFLT,ALRS,CHMF,GMKN,HYDR,IRAO,LKOH,MAGN,MGNT,MOEX,MTSS,NLMK,NVTK,PHOR,PLZL,RASP,ROSN,RTKM,SBER,SNGS,TATN,TRNFP,VTBR,YDEX",,,252,5,0.8,60,1.0,0.5,10.0,252.0,9.420893744249259,0.24392389589266705,0.33308866120498204,0.7323092146404732,-0.269673961554592,0.0827790096082779,210,17.887755102040817,0.5077010838562465
russia,GAZP,coverage,30,25,"AFKS,AFLT,ALRS,CHMF,GMKN,HYDR,IRAO,LKOH,MAGN,MGNT,MOEX,MTSS,NLMK,NVTK,PHOR,PLZL,RASP,ROSN,RTKM,SBER,SNGS,TATN,TRNFP,VTBR,YDEX",,,252,5,0.8,60,1.0,0.75,10.0,252.0,5.383773718276477,0.18843095800402399,0.3221439210996495,0.5849278712471381,-0.2508385245298511,0.09977827050997783,261,12.253968253968255,0.5051813471502591
russia,GAZP,coverage,30,25,"AFKS,AFLT,ALRS,CHMF,GMKN,HYDR,IRAO,LKOH,MAGN,MGNT,MOEX,MTSS,NLMK,NVTK,PHOR,PLZL,RASP,ROSN,RTKM,SBER,SNGS,TATN,TRNFP,VTBR,YDEX",,,252,5,0.8,60,1.5,0.0,10.0,252.0,56.65649034995538,0.45875188102917464,0.38214821913803365,1.20045536798242,-0.294449718183614,0.038802660753880266,53,2635.0,0.5172675521821631
russia,GAZP,coverage,30,25,"AFKS,AFLT,ALRS,CHMF,GMKN,HYDR,IRAO,LKOH,MAGN,MGNT,MOEX,MTSS,NLMK,NVTK,PHOR,PLZL,RASP,ROSN,RTKM,SBER,SNGS,TATN,TRNFP,VTBR,YDEX",,,252,5,0.8,60,1.5,0.25,10.0,252.0,4.724795982462587,0.17643368552408356,0.326724064945885,0.5400082346346483,-0.32646444989670154,0.04878048780487805,123,30.12280701754386,0.5096097845078625
russia,GAZP,coverage,30,25,"AFKS,AFLT,ALRS,CHMF,GMKN,HYDR,IRAO,LKOH,MAGN,MGNT,MOEX,MTSS,NLMK,NVTK,PHOR,PLZL,RASP,ROSN,RTKM,SBER,SNGS,TATN,TRNFP,VTBR,YDEX",,,252,5,0.8,60,1.5,0.5,10.0,252.0,7.158706772036263,0.21589479458862537,0.3158842550566263,0.6834617146395076,-0.2868525073135365,0.05543237250554324,143,20.808823529411764,0.5151943462897527
russia,GAZP,coverage,30,25,"AFKS,AFLT,ALRS,CHMF,GMKN,HYDR,IRAO,LKOH,MAGN,MGNT,MOEX,MTSS,NLMK,NVTK,PHOR,PLZL,RASP,ROSN,RTKM,SBER,SNGS,TATN,TRNFP,VTBR,YDEX",,,252,5,0.8,60,1.5,0.75,10.0,252.0,4.106144585127863,0.16397097814326944,0.3025896309866706,0.541892257208551,-0.32582370762911983,0.06060606060606061,161,15.025316455696203,0.5054759898904801
russia,GAZP,coverage,30,25,"AFKS,AFLT,ALRS,CHMF,GMKN,HYDR,IRAO,LKOH,MAGN,MGNT,MOEX,MTSS,NLMK,NVTK,PHOR,PLZL,RASP,ROSN,RTKM,SBER,SNGS,TATN,TRNFP,VTBR,YDEX",,,252,5,0.8,60,1.5,1.0,10.0,252.0,1.9947705020495583,0.10754661843756974,0.297126181563977,0.36195604800451714,-0.34818947384360366,0.06430155210643015,172,11.847058823529412,0.4945382323733863
russia,GAZP,coverage,30,25,"AFKS,AFLT,ALRS,CHMF,GMKN,HYDR,IRAO,LKOH,MAGN,MGNT,MOEX,MTSS,NLMK,NVTK,PHOR,PLZL,RASP,ROSN,RTKM,SBER,SNGS,TATN,TRNFP,VTBR,YDEX",,,252,5,0.8,60,2.0,0.0,10.0,252.0,89.59762226149971,0.5214553587000892,0.3819684229878519,1.3651792329353716,-0.2530533948557393,0.028455284552845527,39,2634.0,0.5201214882308276
russia,GAZP,coverage,30,25,"AFKS,AFLT,ALRS,CHMF,GMKN,HYDR,IRAO,LKOH,MAGN,MGNT,MOEX,MTSS,NLMK,NVTK,PHOR,PLZL,RASP,ROSN,RTKM,SBER,SNGS,TATN,TRNFP,VTBR,YDEX",,,252,5,0.8,60,2.0,0.25,10.0,252.0,7.5940293476888385,0.22179508754553834,0.31356814709874936,0.7073265878491487,-0.25304547202127736,0.038433111603843315,99,30.19148936170213,0.5165609584214236
russia,GAZP,coverage,30,25,"AFKS,AFLT,ALRS,CHMF,GMKN,HYDR,IRAO,LKOH,MAGN,MGNT,MOEX,MTSS,NLMK,NVTK,PHOR,PLZL,RASP,ROSN,RTKM,SBER,SNGS,TATN,TRNFP,VTBR,YDEX",,,252,5,0.8,60,2.0,0.5,10.0,252.0,8.47306875820742,0.23292610672621494,0.3010917431892244,0.7736050954403954,-0.1850823867175595,0.03991130820399113,103,22.653061224489797,0.5198198198198198
russia,GAZP,coverage,30,25,"AFKS,AFLT,ALRS,CHMF,GMKN,HYDR,IRAO,LKOH,MAGN,MGNT,MOEX,MTSS,NLMK,NVTK,PHOR,PLZL,RASP,ROSN,RTKM,SBER,SNGS,TATN,TRNFP,VTBR,YDEX",,,252,5,0.8,60,2.0,0.75,10.0,252.0,4.661187416999878,0.17521021406898885,0.28880235310899083,0.6066786235736329,-0.17623133984173578,0.04138950480413895,110,16.74074074074074,0.5121681415929203
russia,GAZP,coverage,30,25,"AFKS,AFLT,ALRS,CHMF,GMKN,HYDR,IRAO,LKOH,MAGN,MGNT,MOEX,MTSS,NLMK,NVTK,PHOR,PLZL,RASP,ROSN,RTKM,SBER,SNGS,TATN,TRNFP,VTBR,YDEX",,,252,5,0.8,60,2.0,1.0,10.0,252.0,2.8774520714292677,0.13451228421242933,0.28352639998397744,0.4744259589936981,-0.19465451675877976,0.04212860310421286,112,13.49090909090909,0.5094339622641509
russia,GAZP,coverage,30,25,"AFKS,AFLT,ALRS,CHMF,GMKN,HYDR,IRAO,LKOH,MAGN,MGNT,MOEX,MTSS,NLMK,NVTK,PHOR,PLZL,RASP,ROSN,RTKM,SBER,SNGS,TATN,TRNFP,VTBR,YDEX",,,252,5,0.8,60,2.5,0.0,10.0,252.0,23.21310968236734,0.345524553508501,0.3824774848760744,0.9033853420690986,-0.3833986869289874,0.01662971175166297,23,2634.0,0.5136674259681093
russia,GAZP,coverage,30,25,"AFKS,AFLT,ALRS,CHMF,GMKN,HYDR,IRAO,LKOH,MAGN,MGNT,MOEX,MTSS,NLMK,NVTK,PHOR,PLZL,RASP,ROSN,RTKM,SBER,SNGS,TATN,TRNFP,VTBR,YDEX",,,252,5,0.8,60,2.5,0.25,10.0,252.0,4.826571428463031,0.1783658649356914,0.29686498718356485,0.6008315989968862,-0.25304547202127714,0.028085735402808575,73,33.142857142857146,0.5060344827586207
russia,GAZP,coverage,30,25,"AFKS,AFLT,ALRS,CHMF,GMKN,HYDR,IRAO,LKOH,MAGN,MGNT,MOEX,MTSS,NLMK,NVTK,PHOR,PLZL,RASP,ROSN,RTKM,SBER,SNGS,TATN,TRNFP,VTBR,YDEX",,,252,5,0.8,60,2.5,0.5,10.0,252.0,2.622311696784281,0.12734366570554734,0.19344013890528228,0.6583104542118893,-0.15975808243555545,0.028085735402808575,74,24.805555555555557,0.509518477043673
russia,GAZP,coverage,30,25,"AFKS,AFLT,ALRS,CHMF,GMKN,HYDR,IRAO,LKOH,MAGN,MGNT,MOEX,MTSS,NLMK,NVTK,PHOR,PLZL,RASP,ROSN,RTKM,SBER,SNGS,TATN,TRNFP,VTBR,YDEX",,,252,5,0.8,60,2.5,0.75,10.0,252.0,1.9650860094909275,0.10651964136531822,0.18678605521775118,0.570276197766155,-0.16232005639314928,0.029563932002956393,79,19.17948717948718,0.5053475935828877
russia,GAZP,coverage,30,25,"AFKS,AFLT,ALRS,CHMF,GMKN,HYDR,IRAO,LKOH,MAGN,MGNT,MOEX,MTSS,NLMK,NVTK,PHOR,PLZL,RASP,ROSN,RTKM,SBER,SNGS,TATN,TRNFP,VTBR,YDEX",,,252,5,0.8,60,2.5,1.0,10.0,252.0,1.1669418425470415,0.07467276064063189,0.1789279182370003,0.41733431750836963,-0.18296156526703466,0.029563932002956393,79,15.0,0.505982905982906
russia,GAZP,coverage,30,25,"AFKS,AFLT,ALRS,CHMF,GMKN,HYDR,IRAO,LKOH,MAGN,MGNT,MOEX,MTSS,NLMK,NVTK,PHOR,PLZL,RASP,ROSN,RTKM,SBER,SNGS,TATN,TRNFP,VTBR,YDEX",,,252,5,0.8,60,3.0,0.0,10.0,252.0,10.353451314048138,0.2538923364849055,0.382579332247642,0.6636331737872396,-0.38339868692898726,0.012195121951219513,17,2631.0,0.515773470163436
russia,GAZP,coverage,30,25,"AFKS,AFLT,ALRS,CHMF,GMKN,HYDR,IRAO,LKOH,MAGN,MGNT,MOEX,MTSS,NLMK,NVTK,PHOR,PLZL,RASP,ROSN,RTKM,SBER,SNGS,TATN,TRNFP,VTBR,YDEX",,,252,5,0.8,60,3.0,0.25,10.0,252.0,4.974857790338283,0.18112695562840986,0.28767172579137473,0.6296307192864923,-0.2263046032339242,0.023651145602365115,63,30.612903225806452,0.5184404636459431
russia,GAZP,coverage,30,25,"AFKS,AFLT,ALRS,CHMF,GMKN,HYDR,IRAO,LKOH,MAGN,MGNT,MOEX,MTSS,NLMK,NVTK,PHOR,PLZL,RASP,ROSN,RTKM,SBER,SNGS,TATN,TRNFP,VTBR,YDEX",,,252,5,0.8,60,3.0,0.5,10.0,252.0,2.9030454827174568,0.13520757642395265,0.17948993628651025,0.7532877843810027,-0.15975808243555534,0.023651145602365115,64,21.59375,0.5296671490593343
russia,GAZP,coverage,30,25,"AFKS,AFLT,ALRS,CHMF,GMKN,HYDR,IRAO,LKOH,MAGN,MGNT,MOEX,MTSS,NLMK,NVTK,PHOR,PLZL,RASP,ROSN,RTKM,SBER,SNGS,TATN,TRNFP,VTBR,YDEX",,,252,5,0.8,60,3.0,0.75,10.0,252.0,2.13686225773579,0.11233813513442392,0.17298218023986334,0.6494202754217331,-0.15975808243555512,0.024390243902439025,66,17.242424242424242,0.5289982425307557
russia,GAZP,coverage,30,25,"AFKS,AFLT,ALRS,CHMF,GMKN,HYDR,IRAO,LKOH,MAGN,MGNT,MOEX,MTSS,NLMK,NVTK,PHOR,PLZL,RASP,ROSN,RTKM,SBER,SNGS,TATN,TRNFP,VTBR,YDEX",,,252,5,0.8,60,3.0,1.0,10.0,252.0,1.4825257271053522,0.08836615605550713,0.16763398366425813,0.5271374820542907,-0.17290431670761963,0.024390243902439025,66,14.030303030303031,0.5269978401727862
russia,GAZP,coverage,30,25,"AFKS,AFLT,ALRS,CHMF,GMKN,HYDR,IRAO,LKOH,MAGN,MGNT,MOEX,MTSS,NLMK,NVTK,PHOR,PLZL,RASP,ROSN,RTKM,SBER,SNGS,TATN,TRNFP,VTBR,YDEX",,,252,10,0.8,60,1.0,0.0,10.0,252.0,12.582371444846501,0.27499923189439013,0.3405891846776447,0.8074220916752448,-0.2965287986098336,0.043976348854397634,60,2646.0,0.5064247921390779
russia,GAZP,coverage,30,25,"AFKS,AFLT,ALRS,CHMF,GMKN,HYDR,IRAO,LKOH,MAGN,MGNT,MOEX,MTSS,NLMK,NVTK,PHOR,PLZL,RASP,ROSN,RTKM,SBER,SNGS,TATN,TRNFP,VTBR,YDEX",,,252,10,0.8,60,1.0,0.25,10.0,252.0,2.3291733306750353,0.11851883518958672,0.28973089773757477,0.4090652260945112,-0.3897699497405296,0.06282335550628233,154,30.246376811594203,0.5069477719214183
russia,GAZP,coverage,30,25,"AFKS,AFLT,ALRS,CHMF,GMKN,HYDR,IRAO,LKOH,MAGN,MGNT,MOEX,MTSS,NLMK,NVTK,PHOR,PLZL,RASP,ROSN,RTKM,SBER,SNGS,TATN,TRNFP,VTBR,YDEX",,,252,10,0.8,60,1.0,0.5,10.0,252.0,4.942868465683202,0.18053661390520248,0.27816772896553116,0.6490206990458389,-0.2661822002446753,0.07982261640798226,207,18.424242424242426,0.5115131578947368
russia,GAZP,coverage,30,25,"AFKS,AFLT,ALRS,CHMF,GMKN,HYDR,IRAO,LKOH,MAGN,MGNT,MOEX,MTSS,NLMK,NVTK,PHOR,PLZL,RASP,ROSN,RTKM,SBER,SNGS,TATN,TRNFP,VTBR,YDEX",,,252,10,0.8,60,1.0,0.75,10.0,252.0,2.7919772028485985,0.1321596487642105,0.2690411901166418,0.4912245916950976,-0.25077963276376647,0.0975609756097561,259,12.771653543307087,0.5104808877928483
russia,GAZP,coverage,30,25,"AFKS,AFLT,ALRS,CHMF,GMKN,HYDR,IRAO,LKOH,MAGN,MGNT,MOEX,MTSS,NLMK,NVTK,PHOR,PLZL,RASP,ROSN,RTKM,SBER,SNGS,TATN,TRNFP,VTBR,YDEX",,,252,10,0.8,60,1.5,0.0,10.0,252.0,24.922690649876998,0.35410055558764464,0.34009946254619183,1.0411676423615377,-0.2965287986098335,0.038063562453806356,52,2639.0,0.5107995452823039
russia,GAZP,coverage,30,25,"AFKS,AFLT,ALRS,CHMF,GMKN,HYDR,IRAO,LKOH,MAGN,MGNT,MOEX,MTSS,NLMK,NVTK,PHOR,PLZL,RASP,ROSN,RTKM,SBER,SNGS,TATN,TRNFP,VTBR,YDEX",,,252,10,0.8,60,1.5,0.25,10.0,252.0,2.1880227692199226,0.11401523327610374,0.2792911658008084,0.40823071846611814,-0.4438443263967504,0.04582409460458241,115,34.113207547169814,0.5077433628318584
russia,GAZP,coverage,30,25,"AFKS,AFLT,ALRS,CHMF,GMKN,HYDR,IRAO,LKOH,MAGN,MGNT,MOEX,MTSS,NLMK,NVTK,PHOR,PLZL,RASP,ROSN,RTKM,SBER,SNGS,TATN,TRNFP,VTBR,YDEX",,,252,10,0.8,60,1.5,0.5,10.0,252.0,3.807816337916635,0.1574635951100658,0.2619343012803885,0.601156833375207,-0.3182827962562399,0.0524759793052476,138,22.28358208955224,0.5130609511051574
russia,GAZP,coverage,30,25,"AFKS,AFLT,ALRS,CHMF,GMKN,HYDR,IRAO,LKOH,MAGN,MGNT,MOEX,MTSS,NLMK,NVTK,PHOR,PLZL,RASP,ROSN,RTKM,SBER,SNGS,TATN,TRNFP,VTBR,YDEX",,,252,10,0.8,60,1.5,0.75,10.0,252.0,3.090805775461532,0.1401855900403095,0.2525694526070123,0.5550377870059865,-0.3426917280393965,0.06208425720620843,166,16.073170731707318,0.5121396054628224
russia,GAZP,coverage,30,25,"AFKS,AFLT,ALRS,CHMF,GMKN,HYDR,IRAO,LKOH,MAGN,MGNT,MOEX,MTSS,NLMK,NVTK,PHOR,PLZL,RASP,ROSN,RTKM,SBER,SNGS,TATN,TRNFP,VTBR,YDEX",,,252,10,0.8,60,1.5,1.0,10.0,252.0,0.6466929414239306,0.04754418593975385,0.1961005686174731,0.24244797592859976,-0.37283800187932614,0.06651884700665188,180,12.1,0.5068870523415978
russia,GAZP,coverage,30,25,"AFKS,AFLT,ALRS,CHMF,GMKN,HYDR,IRAO,LKOH,MAGN,MGNT,MOEX,MTSS,NLMK,NVTK,PHOR,PLZL,RASP,ROSN,RTKM,SBER,SNGS,TATN,TRNFP,VTBR,YDEX",,,252,10,0.8,60,2.0,0.0,10.0,252.0,48.23512277092213,0.43745896869173007,0.33961938087353416,1.2880859966428975,-0.2552544599055454,0.025498891352549888,35,2634.0,0.5167046317388003
russia,GAZP,coverage,30,25,"AFKS,AFLT,ALRS,CHMF,GMKN,HYDR,IRAO,LKOH,MAGN,MGNT,MOEX,MTSS,NLMK,NVTK,PHOR,PLZL,RASP,ROSN,RTKM,SBER,SNGS,TATN,TRNFP,VTBR,YDEX",,,252,10,0.8,60,2.0,0.25,10.0,252.0,4.8883092787105795,0.17952307902552422,0.25472451354079406,0.7047734689137944,-0.255246560417697,0.03695491500369549,95,31.844444444444445,0.5170969993021632
russia,GAZP,coverage,30,25,"AFKS,AFLT,ALRS,CHMF,GMKN,HYDR,IRAO,LKOH,MAGN,MGNT,MOEX,MTSS,NLMK,NVTK,PHOR,PLZL,RASP,ROSN,RTKM,SBER,SNGS,TATN,TRNFP,VTBR,YDEX",,,252,10,0.8,60,2.0,0.5,10.0,252.0,5.923506436602748,0.1974476406256227,0.2406926383904515,0.820331032747762,-0.23608018857623425,0.03991130820399113,105,23.098039215686274,0.5212224108658744
russia,GAZP,coverage,30,25,"AFKS,AFLT,ALRS,CHMF,GMKN,HYDR,IRAO,LKOH,MAGN,MGNT,MOEX,MTSS,NLMK,NVTK,PHOR,PLZL,RASP,ROSN,RTKM,SBER,SNGS,TATN,TRNFP,VTBR,YDEX",,,252,10,0.8,60,2.0,0.75,10.0,252.0,3.6672436642477217,0.15426940362350083,0.2325944704360903,0.6632548200060897,-0.23608018857623425,0.04212860310421286,112,18.545454545454547,0.515686274509804
russia,GAZP,coverage,30,25,"AFKS,AFLT,ALRS,CHMF,GMKN,HYDR,IRAO,LKOH,MAGN,MGNT,MOEX,MTSS,NLMK,NVTK,PHOR,PLZL,RASP,ROSN,RTKM,SBER,SNGS,TATN,TRNFP,VTBR,YDEX",,,252,10,0.8,60,2.0,1.0,10.0,252.0,0.9592922042142926,0.06463844231943794,0.1706628516245319,0.3787493394382407,-0.25204274939530635,0.04212860310421286,114,13.929824561403509,0.5125944584382871
russia,GAZP,coverage,30,25,"AFKS,AFLT,ALRS,CHMF,GMKN,HYDR,IRAO,LKOH,MAGN,MGNT,MOEX,MTSS,NLMK,NVTK,PHOR,PLZL,RASP,ROSN,RTKM,SBER,SNGS,TATN,TRNFP,VTBR,YDEX",,,252,10,0.8,60,2.5,0.0,10.0,252.0,16.638581171905006,0.30640746869068525,0.3400362078940731,0.9011024754932458,-0.3894320220050247,0.015151515151515152,21,2634.0,0.5193621867881549
russia,GAZP,coverage,30,25,"AFKS,AFLT,ALRS,CHMF,GMKN,HYDR,IRAO,LKOH,MAGN,MGNT,MOEX,MTSS,NLMK,NVTK,PHOR,PLZL,RASP,ROSN,RTKM,SBER,SNGS,TATN,TRNFP,VTBR,YDEX",,,252,10,0.8,60,2.5,0.25,10.0,252.0,2.6934645494396876,0.12938774670209652,0.23182440813176086,0.5581282305207356,-0.255246560417697,0.025868440502586843,67,33.875,0.5156826568265682
russia,GAZP,coverage,30,25,"AFKS,AFLT,ALRS,CHMF,GMKN,HYDR,IRAO,LKOH,MAGN,MGNT,MOEX,MTSS,NLMK,NVTK,PHOR,PLZL,RASP,ROSN,RTKM,SBER,SNGS,TATN,TRNFP,VTBR,YDEX",,,252,10,0.8,60,2.5,0.5,10.0,252.0,1.7765546931273422,0.09977066828032988,0.1731632067749072,0.5761655154031686,-0.21690073567018875,0.026607538802660754,71,25.228571428571428,0.5175537938844847
russia,GAZP,coverage,30,25,"AFKS,AFLT,ALRS,CHMF,GMKN,HYDR,IRAO,LKOH,MAGN,MGNT,MOEX,MTSS,NLMK,NVTK,PHOR,PLZL,RASP,ROSN,RTKM,SBER,SNGS,TATN,TRNFP,VTBR,YDEX",,,252,10,0.8,60,2.5,0.75,10.0,252.0,0.8947170295903384,0.061320866716542355,0.16650974545381678,0.3682719383746241,-0.22915050726945718,0.027346637102734665,74,21.864864864864863,0.5129789864029666
russia,GAZP,coverage,30,25,"AFKS,AFLT,ALRS,CHMF,GMKN,HYDR,IRAO,LKOH,MAGN,MGNT,MOEX,MTSS,NLMK,NVTK,PHOR,PLZL,RASP,ROSN,RTKM,SBER,SNGS,TATN,TRNFP,VTBR,YDEX",,,252,10,0.8,60,2.5,1.0,10.0,252.0,0.42770954137968786,0.03371555500970391,0.1550148744513414,0.21749883763759134,-0.19750642779085403,0.027346637102734665,74,17.10810810810811,0.5071090047393365
russia,GAZP,coverage,30,25,"AFKS,AFLT,ALRS,CHMF,GMKN,HYDR,IRAO,LKOH,MAGN,MGNT,MOEX,MTSS,NLMK,NVTK,PHOR,PLZL,RASP,ROSN,RTKM,SBER,SNGS,TATN,TRNFP,VTBR,YDEX",,,252,10,0.8,60,3.0,0.0,10.0,252.0,6.6773541545888095,0.20902854510647706,0.34015501589624475,0.6145096657055784,-0.3894320220050248,0.010716925351071693,15,2631.0,0.5169137210186241
russia,GAZP,coverage,30,25,"AFKS,AFLT,ALRS,CHMF,GMKN,HYDR,IRAO,LKOH,MAGN,MGNT,MOEX,MTSS,NLMK,NVTK,PHOR,PLZL,RASP,ROSN,RTKM,SBER,SNGS,TATN,TRNFP,VTBR,YDEX",,,252,10,0.8,60,3.0,0.25,10.0,252.0,2.9599358180039306,0.13673841541322962,0.22144986772399097,0.6174689414746304,-0.29249995493327907,0.022172949002217297,58,31.607142857142858,0.5209039548022599
russia,GAZP,coverage,30,25,"AFKS,AFLT,ALRS,CHMF,GMKN,HYDR,IRAO,LKOH,MAGN,MGNT,MOEX,MTSS,NLMK,NVTK,PHOR,PLZL,RASP,ROSN,RTKM,SBER,SNGS,TATN,TRNFP,VTBR,YDEX",,,252,10,0.8,60,3.0,0.5,10.0,252.0,2.18137614618994,0.1137987350083447,0.15917957315785428,0.7149079040153816,-0.18763352733192573,0.022912047302291204,62,22.225806451612904,0.5268505079825835
russia,GAZP,coverage,30,25,"AFKS,AFLT,ALRS,CHMF,GMKN,HYDR,IRAO,LKOH,MAGN,MGNT,MOEX,MTSS,NLMK,NVTK,PHOR,PLZL,RASP,ROSN,RTKM,SBER,SNGS,TATN,TRNFP,VTBR,YDEX",,,252,10,0.8,60,3.0,0.75,10.0,252.0,1.3913392371771787,0.08457973498795512,0.1540549025879748,0.5490233258863989,-0.20034111652063835,0.022912047302291204,62,20.548387096774192,0.521193092621664
russia,GAZP,coverage,30,25,"AFKS,AFLT,ALRS,CHMF,GMKN,HYDR,IRAO,LKOH,MAGN,MGNT,MOEX,MTSS,NLMK,NVTK,PHOR,PLZL,RASP,ROSN,RTKM,SBER,SNGS,TATN,TRNFP,VTBR,YDEX",,,252,10,0.8,60,3.0,1.0,10.0,252.0,0.850192848808665,0.0589731608127928,0.14244536819067938,0.41400546442373964,-0.18207028005543424,0.022912047302291204,62,16.129032258064516,0.514
russia,GAZP,coverage,30,25,"AFKS,AFLT,ALRS,CHMF,GMKN,HYDR,IRAO,LKOH,MAGN,MGNT,MOEX,MTSS,NLMK,NVTK,PHOR,PLZL,RASP,ROSN,RTKM,SBER,SNGS,TATN,TRNFP,VTBR,YDEX",,,252,21,0.8,60,1.0,0.0,10.0,252.0,26.370632993224593,0.36097185060803594,0.3876263668629511,0.9312365759052219,-0.3809987139142338,0.043976348854397634,60,2646.0,0.5037792894935752
russia,GAZP,coverage,30,25,"AFKS,AFLT,ALRS,CHMF,GMKN,HYDR,IRAO,LKOH,MAGN,MGNT,MOEX,MTSS,NLMK,NVTK,PHOR,PLZL,RASP,ROSN,RTKM,SBER,SNGS,TATN,TRNFP,VTBR,YDEX",,,252,21,0.8,60,1.0,0.25,10.0,252.0,5.796719625636404,0.19538838266682212,0.34870098078415,0.5603321855517516,-0.4188590997897146,0.06023651145602365,145,32.359375,0.49782713664896183
russia,GAZP,coverage,30,25,"AFKS,AFLT,ALRS,CHMF,GMKN,HYDR,IRAO,LKOH,MAGN,MGNT,MOEX,MTSS,NLMK,NVTK,PHOR,PLZL,RASP,ROSN,RTKM,SBER,SNGS,TATN,TRNFP,VTBR,YDEX",,,252,21,0.8,60,1.0,0.5,10.0,252.0,3.5248466401365564,0.15094353667580274,0.28848540670592476,0.5232276335893518,-0.4008365743647585,0.06984478935698447,179,20.894117647058824,0.5005630630630631
russia,GAZP,coverage,30,25,"AFKS,AFLT,ALRS,CHMF,GMKN,HYDR,IRAO,LKOH,MAGN,MGNT,MOEX,MTSS,NLMK,NVTK,PHOR,PLZL,RASP,ROSN,RTKM,SBER,SNGS,TATN,TRNFP,VTBR,YDEX",,,252,21,0.8,60,1.0,0.75,10.0,252.0,2.8116203623911202,0.13270453782850367,0.2713312751837604,0.4890867731286373,-0.3338217462534975,0.09275683665927568,245,12.866666666666667,0.5
russia,GAZP,coverage,30,25,"AFKS,AFLT,ALRS,CHMF,GMKN,HYDR,IRAO,LKOH,MAGN,MGNT,MOEX,MTSS,NLMK,NVTK,PHOR,PLZL,RASP,ROSN,RTKM,SBER,SNGS,TATN,TRNFP,VTBR,YDEX",,,252,21,0.8,60,1.5,0.0,10.0,252.0,71.104434824801,0.4894477883376329,0.3872548516550077,1.2638906555873584,-0.3339636641467355,0.036585365853658534,50,2646.0,0.5170068027210885
russia,GAZP,coverage,30,25,"AFKS,AFLT,ALRS,CHMF,GMKN,HYDR,IRAO,LKOH,MAGN,MGNT,MOEX,MTSS,NLMK,NVTK,PHOR,PLZL,RASP,ROSN,RTKM,SBER,SNGS,TATN,TRNFP,VTBR,YDEX",,,252,21,0.8,60,1.5,0.25,10.0,252.0,8.605116180173676,0.2345165550588988,0.3419174659432488,0.6858864445895948,-0.3460857647635256,0.046193643754619367,116,33.55555555555556,0.5049668874172185
russia,GAZP,coverage,30,25,"AFKS,AFLT,ALRS,CHMF,GMKN,HYDR,IRAO,LKOH,MAGN,MGNT,MOEX,MTSS,NLMK,NVTK,PHOR,PLZL,RASP,ROSN,RTKM,SBER,SNGS,TATN,TRNFP,VTBR,YDEX",,,252,21,0.8,60,1.5,0.5,10.0,252.0,6.438353200282919,0.20547299113183137,0.2772703314076957,0.7410565352904845,-0.3603711857862534,0.050628233555062824,131,23.285714285714285,0.512610770279482
russia,GAZP,coverage,30,25,"AFKS,AFLT,ALRS,CHMF,GMKN,HYDR,IRAO,LKOH,MAGN,MGNT,MOEX,MTSS,NLMK,NVTK,PHOR,PLZL,RASP,ROSN,RTKM,SBER,SNGS,TATN,TRNFP,VTBR,YDEX",,,252,21,0.8,60,1.5,0.75,10.0,252.0,5.4546785432568505,0.18965407393845513,0.250052116542704,0.7584581828807113,-0.3313571927361102,0.058758314855875834,156,16.246753246753247,0.5123900879296562
russia,GAZP,coverage,30,25,"AFKS,AFLT,ALRS,CHMF,GMKN,HYDR,IRAO,LKOH,MAGN,MGNT,MOEX,MTSS,NLMK,NVTK,PHOR,PLZL,RASP,ROSN,RTKM,SBER,SNGS,TATN,TRNFP,VTBR,YDEX",,,252,21,0.8,60,1.5,1.0,10.0,252.0,2.3429342012073278,0.11894858228545657,0.23056406267211568,0.5159025257748555,-0.3262733915315701,0.06577974870657798,176,12.666666666666666,0.5163339382940109
russia,GAZP,coverage,30,25,"AFKS,AFLT,ALRS,CHMF,GMKN,HYDR,IRAO,LKOH,MAGN,MGNT,MOEX,MTSS,NLMK,NVTK,PHOR,PLZL,RASP,ROSN,RTKM,SBER,SNGS,TATN,TRNFP,VTBR,YDEX",,,252,21,0.8,60,2.0,0.0,10.0,252.0,122.76041589690011,0.5662986598178532,0.38701636245661464,1.4632421642930833,-0.2718010362951697,0.029194382852919438,40,2646.0,0.518896447467876
russia,GAZP,coverage,30,25,"AFKS,AFLT,ALRS,CHMF,GMKN,HYDR,IRAO,LKOH,MAGN,MGNT,MOEX,MTSS,NLMK,NVTK,PHOR,PLZL,RASP,ROSN,RTKM,SBER,SNGS,TATN,TRNFP,VTBR,YDEX",,,252,21,0.8,60,2.0,0.25,10.0,252.0,9.650841118194803,0.2464548449312951,0.31844429481199743,0.7739339311347897,-0.2718010362951696,0.035846267553584624,91,35.627906976744185,0.5045691906005222
russia,GAZP,coverage,30,25,"AFKS,AFLT,ALRS,CHMF,GMKN,HYDR,IRAO,LKOH,MAGN,MGNT,MOEX,MTSS,NLMK,NVTK,PHOR,PLZL,RASP,ROSN,RTKM,SBER,SNGS,TATN,TRNFP,VTBR,YDEX",,,252,21,0.8,60,2.0,0.5,10.0,252.0,4.2364547233332805,0.1667057813638506,0.25155048390095747,0.6627130219693292,-0.2718010362951694,0.036585365853658534,96,25.574468085106382,0.5091514143094842
russia,GAZP,coverage,30,25,"AFKS,AFLT,ALRS,CHMF,GMKN,HYDR,IRAO,LKOH,MAGN,MGNT,MOEX,MTSS,NLMK,NVTK,PHOR,PLZL,RASP,ROSN,RTKM,SBER,SNGS,TATN,TRNFP,VTBR,YDEX",,,252,21,0.8,60,2.0,0.75,10.0,252.0,2.6228811003699626,0.1273601675505498,0.20924513563062264,0.608664890424869,-0.26122928428972747,0.03954175905395418,106,17.88679245283019,0.5063291139240507
russia,GAZP,coverage,30,25,"AFKS,AFLT,ALRS,CHMF,GMKN,HYDR,IRAO,LKOH,MAGN,MGNT,MOEX,MTSS,NLMK,NVTK,PHOR,PLZL,RASP,ROSN,RTKM,SBER,SNGS,TATN,TRNFP,VTBR,YDEX",,,252,21,0.8,60,2.0,1.0,10.0,252.0,0.7640885082129092,0.0542838434885875,0.1856862776501446,0.2923417076132294,-0.27917398733922794,0.04065040650406504,109,15.407407407407407,0.5096153846153846
russia,GAZP,coverage,30,25,"AFKS,AFLT,ALRS,CHMF,GMKN,HYDR,IRAO,LKOH,MAGN,MGNT,MOEX,MTSS,NLMK,NVTK,PHOR,PLZL,RASP,ROSN,RTKM,SBER,SNGS,TATN,TRNFP,VTBR,YDEX",,,252,21,0.8,60,2.5,0.0,10.0,252.0,9.6925828261698,0.2469089591210547,0.38759096621907024,0.637034865723623,-0.4128336634084905,0.013673318551367332,19,2633.0,0.5150018989745537
russia,GAZP,coverage,30,25,"AFKS,AFLT,ALRS,CHMF,GMKN,HYDR,IRAO,LKOH,MAGN,MGNT,MOEX,MTSS,NLMK,NVTK,PHOR,PLZL,RASP,ROSN,RTKM,SBER,SNGS,TATN,TRNFP,VTBR,YDEX",,,252,21,0.8,60,2.5,0.25,10.0,252.0,5.1012574387295295,0.1834318828357946,0.29699369005890036,0.6176288890158441,-0.2671215748004825,0.02475979305247598,66,35.78787878787879,0.5173581710414903
russia,GAZP,coverage,30,25,"AFKS,AFLT,ALRS,CHMF,GMKN,HYDR,IRAO,LKOH,MAGN,MGNT,MOEX,MTSS,NLMK,NVTK,PHOR,PLZL,RASP,ROSN,RTKM,SBER,SNGS,TATN,TRNFP,VTBR,YDEX",,,252,21,0.8,60,2.5,0.5,10.0,252.0,2.185972979147414,0.11394850982540228,0.22391453971078182,0.5088928569470448,-0.31164964008027307,0.02475979305247598,67,26.91176470588235,0.5169398907103825
russia,GAZP,coverage,30,25,"AFKS,AFLT,ALRS,CHMF,GMKN,HYDR,IRAO,LKOH,MAGN,MGNT,MOEX,MTSS,NLMK,NVTK,PHOR,PLZL,RASP,ROSN,RTKM,SBER,SNGS,TATN,TRNFP,VTBR,YDEX",,,252,21,0.8,60,2.5,0.75,10.0,252.0,1.0363687605930982,0.06847086092461296,0.17662563312689494,0.3876609510886834,-0.26122928428972736,0.025498891352549888,69,19.685714285714287,0.5065312046444121
russia,GAZP,coverage,30,25,"AFKS,AFLT,ALRS,CHMF,GMKN,HYDR,IRAO,LKOH,MAGN,MGNT,MOEX,MTSS,NLMK,NVTK,PHOR,PLZL,RASP,ROSN,RTKM,SBER,SNGS,TATN,TRNFP,VTBR,YDEX",,,252,21,0.8,60,2.5,1.0,10.0,252.0,0.35677071181161324,0.028821064800066187,0.163900302090479,0.1758450987122397,-0.2612292842897277,0.025868440502586843,70,17.142857142857142,0.5133333333333333
russia,GAZP,coverage,30,25,"AFKS,AFLT,ALRS,CHMF,GMKN,HYDR,IRAO,LKOH,MAGN,MGNT,MOEX,MTSS,NLMK,NVTK,PHOR,PLZL,RASP,ROSN,RTKM,SBER,SNGS,TATN,TRNFP,VTBR,YDEX",,,252,21,0.8,60,3.0,0.0,10.0,252.0,5.7560132968686055,0.19471984379250418,0.38767054561954783,0.5022817595835573,-0.4128336634084907,0.010716925351071693,15,2631.0,0.5115925503610794
russia,GAZP,coverage,30,25,"AFKS,AFLT,ALRS,CHMF,GMKN,HYDR,IRAO,LKOH,MAGN,MGNT,MOEX,MTSS,NLMK,NVTK,PHOR,PLZL,RASP,ROSN,RTKM,SBER,SNGS,TATN,TRNFP,VTBR,YDEX",,,252,21,0.8,60,3.0,0.25,10.0,252.0,5.6821583198338566,0.1934975080335959,0.2894690895357519,0.6684565469284668,-0.26712157480048215,0.02032520325203252,54,38.44444444444444,0.5154142581888247
russia,GAZP,coverage,30,25,"AFKS,AFLT,ALRS,CHMF,GMKN,HYDR,IRAO,LKOH,MAGN,MGNT,MOEX,MTSS,NLMK,NVTK,PHOR,PLZL,RASP,ROSN,RTKM,SBER,SNGS,TATN,TRNFP,VTBR,YDEX",,,252,21,0.8,60,3.0,0.5,10.0,252.0,2.562881970730617,0.12560826511028167,0.21387176756290005,0.5873064338580363,-0.3116496400802726,0.02032520325203252,55,27.785714285714285,0.5154241645244216
russia,GAZP,coverage,30,25,"AFKS,AFLT,ALRS,CHMF,GMKN,HYDR,IRAO,LKOH,MAGN,MGNT,MOEX,MTSS,NLMK,NVTK,PHOR,PLZL,RASP,ROSN,RTKM,SBER,SNGS,TATN,TRNFP,VTBR,YDEX",,,252,21,0.8,60,3.0,0.75,10.0,252.0,1.349533745632677,0.08279984197157231,0.16329371953544086,0.5070607871945843,-0.2612292842897277,0.02032520325203252,55,20.25,0.5132275132275133
russia,GAZP,coverage,30,25,"AFKS,AFLT,ALRS,CHMF,GMKN,HYDR,IRAO,LKOH,MAGN,MGNT,MOEX,MTSS,NLMK,NVTK,PHOR,PLZL,RASP,ROSN,RTKM,SBER,SNGS,TATN,TRNFP,VTBR,YDEX",,,252,21,0.8,60,3.0,1.0,10.0,252.0,0.581206329004168,0.04359282351225202,0.14963716736494975,0.2913235012390577,-0.2612292842897277,0.020694752402069475,56,17.428571428571427,0.5245901639344263
russia,GAZP,coverage,30,25,"AFKS,AFLT,ALRS,CHMF,GMKN,HYDR,IRAO,LKOH,MAGN,MGNT,MOEX,MTSS,NLMK,NVTK,PHOR,PLZL,RASP,ROSN,RTKM,SBER,SNGS,TATN,TRNFP,VTBR,YDEX",,,252,63,0.8,60,1.0,0.0,10.0,252.0,26.133891003168245,0.35987127039458455,0.39865389217444536,0.9027160588641887,-0.40513387715893245,0.04249815225424981,58,2646.0,0.5011337868480725
russia,GAZP,coverage,30,25,"AFKS,AFLT,ALRS,CHMF,GMKN,HYDR,IRAO,LKOH,MAGN,MGNT,MOEX,MTSS,NLMK,NVTK,PHOR,PLZL,RASP,ROSN,RTKM,SBER,SNGS,TATN,TRNFP,VTBR,YDEX",,,252,63,0.8,60,1.0,0.25,10.0,252.0,2.3938037340232112,0.12052341585502391,0.34700230696423146,0.347327419547811,-0.4372923660154918,0.049150036954915,117,40.568627450980394,0.4871918801353311
russia,GAZP,coverage,30,25,"AFKS,AFLT,ALRS,CHMF,GMKN,HYDR,IRAO,LKOH,MAGN,MGNT,MOEX,MTSS,NLMK,NVTK,PHOR,PLZL,RASP,ROSN,RTKM,SBER,SNGS,TATN,TRNFP,VTBR,YDEX",,,252,63,0.8,60,1.0,0.5,10.0,252.0,1.3600778479932054,0.08325145527512534,0.3254544564862509,0.255800630828487,-0.49809946536603067,0.058019216555801924,145,28.253731343283583,0.4860010565240359
russia,GAZP,coverage,30,25,"AFKS,AFLT,ALRS,CHMF,GMKN,HYDR,IRAO,LKOH,MAGN,MGNT,MOEX,MTSS,NLMK,NVTK,PHOR,PLZL,RASP,ROSN,RTKM,SBER,SNGS,TATN,TRNFP,VTBR,YDEX",,,252,63,0.8,60,1.0,0.75,10.0,252.0,1.3347126865128742,0.08216192534543376,0.30738500329356294,0.2672932136086235,-0.4708518157411602,0.07797487065779748,203,17.408163265306122,0.4859320046893318
russia,GAZP,coverage,30,25,"AFKS,AFLT,ALRS,CHMF,GMKN,HYDR,IRAO,LKOH,MAGN,MGNT,MOEX,MTSS,NLMK,NVTK,PHOR,PLZL,RASP,ROSN,RTKM,SBER,SNGS,TATN,TRNFP,VTBR,YDEX",,,252,63,0.8,60,1.5,0.0,10.0,252.0,48.419656217474476,0.437959845964333,0.39841292883664514,1.0992611290079461,-0.3833987524243241,0.036585365853658534,50,2646.0,0.5120937263794406
russia,GAZP,coverage,30,25,"AFKS,AFLT,ALRS,CHMF,GMKN,HYDR,IRAO,LKOH,MAGN,MGNT,MOEX,MTSS,NLMK,NVTK,PHOR,PLZL,RASP,ROSN,RTKM,SBER,SNGS,TATN,TRNFP,VTBR,YDEX",,,252,63,0.8,60,1.5,0.25,10.0,252.0,3.3916309504690876,0.14774503210048295,0.3366494467728181,0.43886907736458,-0.4611609140645515,0.04028085735402809,95,45.34146341463415,0.4911242603550296
russia,GAZP,coverage,30,25,"AFKS,AFLT,ALRS,CHMF,GMKN,HYDR,IRAO,LKOH,MAGN,MGNT,MOEX,MTSS,NLMK,NVTK,PHOR,PLZL,RASP,ROSN,RTKM,SBER,SNGS,TATN,TRNFP,VTBR,YDEX",,,252,63,0.8,60,1.5,0.5,10.0,252.0,1.8084623181974795,0.10094154363822816,0.3123537325347518,0.3231641985485082,-0.5102025285734149,0.043976348854397634,109,33.66,0.48544266191325014
russia,GAZP,coverage,30,25,"AFKS,AFLT,ALRS,CHMF,GMKN,HYDR,IRAO,LKOH,MAGN,MGNT,MOEX,MTSS,NLMK,NVTK,PHOR,PLZL,RASP,ROSN,RTKM,SBER,SNGS,TATN,TRNFP,VTBR,YDEX",,,252,63,0.8,60,1.5,0.75,10.0,252.0,1.0189134312105304,0.06761461010275349,0.2970008988007499,0.22765793092132813,-0.487546488508497,0.04988913525498891,130,22.80952380952381,0.48434237995824636
russia,GAZP,coverage,30,25,"AFKS,AFLT,ALRS,CHMF,GMKN,HYDR,IRAO,LKOH,MAGN,MGNT,MOEX,MTSS,NLMK,NVTK,PHOR,PLZL,RASP,ROSN,RTKM,SBER,SNGS,TATN,TRNFP,VTBR,YDEX",,,252,63,0.8,60,1.5,1.0,10.0,252.0,0.2739076245243022,0.02280093431892194,0.281014332489977,0.08113797654692644,-0.5490874904848879,0.05617147080561715,149,16.616438356164384,0.48474855729596045
russia,GAZP,coverage,30,25,"AFKS,AFLT,ALRS,CHMF,GMKN,HYDR,IRAO,LKOH,MAGN,MGNT,MOEX,MTSS,NLMK,NVTK,PHOR,PLZL,RASP,ROSN,RTKM,SBER,SNGS,TATN,TRNFP,VTBR,YDEX",,,252,63,0.8,60,2.0,0.0,10.0,252.0,135.74220481926417,0.5809163374241226,0.3980002958509536,1.459587702521882,-0.38137286672154236,0.03215077605321508,44,2646.0,0.5200302343159486
russia,GAZP,coverage,30,25,"AFKS,AFLT,ALRS,CHMF,GMKN,HYDR,IRAO,LKOH,MAGN,MGNT,MOEX,MTSS,NLMK,NVTK,PHOR,PLZL,RASP,ROSN,RTKM,SBER,SNGS,TATN,TRNFP,VTBR,YDEX",,,252,63,0.8,60,2.0,0.25,10.0,252.0,8.254223632114432,0.23024540257070036,0.3317323334556301,0.6940698248260934,-0.4479209205139164,0.036585365853658534,86,45.91891891891892,0.5044143613890524
russia,GAZP,coverage,30,25,"AFKS,AFLT,ALRS,CHMF,GMKN,HYDR,IRAO,LKOH,MAGN,MGNT,MOEX,MTSS,NLMK,NVTK,PHOR,PLZL,RASP,ROSN,RTKM,SBER,SNGS,TATN,TRNFP,VTBR,YDEX",,,252,63,0.8,60,2.0,0.5,10.0,252.0,4.063226874497725,0.16305640333619253,0.30482494824485257,0.5349181695102477,-0.5093063125395492,0.038063562453806356,94,34.95348837209303,0.49567531603459747
russia,GAZP,coverage,30,25,"AFKS,AFLT,ALRS,CHMF,GMKN,HYDR,IRAO,LKOH,MAGN,MGNT,MOEX,MTSS,NLMK,NVTK,PHOR,PLZL,RASP,ROSN,RTKM,SBER,SNGS,TATN,TRNFP,VTBR,YDEX",,,252,63,0.8,60,2.0,0.75,10.0,252.0,1.8255542009459536,0.10156379066057131,0.28252766863118806,0.3594826345774749,-0.5832907202965403,0.03954175905395418,104,23.941176470588236,0.4954954954954955
russia,GAZP,coverage,30,25,"AFKS,AFLT,ALRS,CHMF,GMKN,HYDR,IRAO,LKOH,MAGN,MGNT,MOEX,MTSS,NLMK,NVTK,PHOR,PLZL,RASP,ROSN,RTKM,SBER,SNGS,TATN,TRNFP,VTBR,YDEX",,,252,63,0.8,60,2.0,1.0,10.0,252.0,0.7860917939074692,0.055501580978269294,0.26251662146918764,0.21142120703691777,-0.5935314032181231,0.04138950480413895,111,17.854545454545455,0.4979633401221996
russia,GAZP,coverage,30,25,"AFKS,AFLT,ALRS,CHMF,GMKN,HYDR,IRAO,LKOH,MAGN,MGNT,MOEX,MTSS,NLMK,NVTK,PHOR,PLZL,RASP,ROSN,RTKM,SBER,SNGS,TATN,TRNFP,VTBR,YDEX",,,252,63,0.8,60,2.5,0.0,10.0,252.0,31.103284837317723,0.381336562831452,0.39866947286242044,0.956523106957452,-0.42176602439576794,0.018847006651884702,26,2646.0,0.5154950869236583
russia,GAZP,coverage,30,25,"AFKS,AFLT,ALRS,CHMF,GMKN,HYDR,IRAO,LKOH,MAGN,MGNT,MOEX,MTSS,NLMK,NVTK,PHOR,PLZL,RASP,ROSN,RTKM,SBER,SNGS,TATN,TRNFP,VTBR,YDEX",,,252,63,0.8,60,2.5,0.25,10.0,252.0,2.0911340233435287,0.11081798481235983,0.28124036811647113,0.39403299588367185,-0.33114175361834386,0.02475979305247598,62,45.89655172413793,0.49436513899323814
russia,GAZP,coverage,30,25,"AFKS,AFLT,ALRS,CHMF,GMKN,HYDR,IRAO,LKOH,MAGN,MGNT,MOEX,MTSS,NLMK,NVTK,PHOR,PLZL,RASP,ROSN,RTKM,SBER,SNGS,TATN,TRNFP,VTBR,YDEX",,,252,63,0.8,60,2.5,0.5,10.0,252.0,1.6834079344493191,0.09628139303349492,0.23920716475527237,0.40250212878029096,-0.3527821725262672,0.0262379896526238,67,35.875,0.48693379790940766
russia,GAZP,coverage,30,25,"AFKS,AFLT,ALRS,CHMF,GMKN,HYDR,IRAO,LKOH,MAGN,MGNT,MOEX,MTSS,NLMK,NVTK,PHOR,PLZL,RASP,ROSN,RTKM,SBER,SNGS,TATN,TRNFP,VTBR,YDEX",,,252,63,0.8,60,2.5,0.75,10.0,252.0,0.8223638639502948,0.05747961542503566,0.21626404811738903,0.26578442383467954,-0.4291258777290189,0.0262379896526238,69,26.235294117647058,0.4899103139013453
russia,GAZP,coverage,30,25,"AFKS,AFLT,ALRS,CHMF,GMKN,HYDR,IRAO,LKOH,MAGN,MGNT,MOEX,MTSS,NLMK,NVTK,PHOR,PLZL,RASP,ROSN,RTKM,SBER,SNGS,TATN,TRNFP,VTBR,YDEX",,,252,63,0.8,60,2.5,1.0,10.0,252.0,0.0008094632603847796,7.535473372799473e-05,0.19264029361907176,0.0003911680797009254,-0.4996307537795318,0.026607538802660754,72,20.0,0.4930555555555556
russia,GAZP,coverage,30,25,"AFKS,AFLT,ALRS,CHMF,GMKN,HYDR,IRAO,LKOH,MAGN,MGNT,MOEX,MTSS,NLMK,NVTK,PHOR,PLZL,RASP,ROSN,RTKM,SBER,SNGS,TATN,TRNFP,VTBR,YDEX",,,252,63,0.8,60,3.0,0.0,10.0,252.0,11.682061753622559,0.2668817642219232,0.3953520435325526,0.675048399490437,-0.42792043131278545,0.010716925351071693,15,2530.0,0.508300395256917
russia,GAZP,coverage,30,25,"AFKS,AFLT,ALRS,CHMF,GMKN,HYDR,IRAO,LKOH,MAGN,MGNT,MOEX,MTSS,NLMK,NVTK,PHOR,PLZL,RASP,ROSN,RTKM,SBER,SNGS,TATN,TRNFP,VTBR,YDEX",,,252,63,0.8,60,3.0,0.25,10.0,252.0,1.1443513758156492,0.0736244531314032,0.2501243828911941,0.29435136343117085,-0.391327987535253,0.01662971175166297,42,51.15,0.4838709677419355
russia,GAZP,coverage,30,25,"AFKS,AFLT,ALRS,CHMF,GMKN,HYDR,IRAO,LKOH,MAGN,MGNT,MOEX,MTSS,NLMK,NVTK,PHOR,PLZL,RASP,ROSN,RTKM,SBER,SNGS,TATN,TRNFP,VTBR,YDEX",,,252,63,0.8,60,3.0,0.5,10.0,252.0,0.5843608092779977,0.04378653285259615,0.21018487851134124,0.20832389638455126,-0.42487491193601357,0.01736881005173688,45,40.72727272727273,0.47544642857142855
russia,GAZP,coverage,30,25,"AFKS,AFLT,ALRS,CHMF,GMKN,HYDR,IRAO,LKOH,MAGN,MGNT,MOEX,MTSS,NLMK,NVTK,PHOR,PLZL,RASP,ROSN,RTKM,SBER,SNGS,TATN,TRNFP,VTBR,YDEX",,,252,63,0.8,60,3.0,0.75,10.0,252.0,0.1079015887353354,0.009588127035269789,0.1837935469484371,0.0521679198996019,-0.4643732152270864,0.01736881005173688,47,26.833333333333332,0.4767080745341615
russia,GAZP,coverage,30,25,"AFKS,AFLT,ALRS,CHMF,GMKN,HYDR,IRAO,LKOH,MAGN,MGNT,MOEX,MTSS,NLMK,NVTK,PHOR,PLZL,RASP,ROSN,RTKM,SBER,SNGS,TATN,TRNFP,VTBR,YDEX",,,252,63,0.8,60,3.0,1.0,10.0,252.0,-0.19021854370308033,-0.019457037725232218,0.17348425726099465,-0.11215448613277053,-0.49601876175012427,0.017738359201773836,48,22.833333333333332,0.4744525547445255
