market,target,universe_selection_method,universe_size_requested,universe_size_actual,universe_assets,missing_priority_assets,filled_from_fallback,train_window,rebalance_frequency,pca_explained_variance,zscore_lookback,entry_z,exit_z,transaction_cost_bps,annualization_factor,total_return,annualized_return,annualized_volatility,sharpe_ratio,max_drawdown,turnover,number_of_trades,average_holding_period,hit_rate
usa,AAPL,priority,30,30,"NVDA,MSFT,AVGO,ORCL,AMD,CSCO,QCOM,TXN,IBM,ACN,ADI,GOOGL,META,NFLX,DIS,VZ,AMZN,TSLA,HD,MCD,LOW,WMT,COST,PG,KO,PEP,PM,BRK-B,JPM,V","TMUS,CMCSA,BKNG,SBUX",,252,5,0.8,60,1.0,0.0,5.0,252.0,1.6190974341920097,0.1132818737676655,0.2610213818195038,0.4339946136903063,-0.4122352313304491,0.0393631136665192,45,2189.0,0.5221562357240749
usa,AAPL,priority,30,30,"NVDA,MSFT,AVGO,ORCL,AMD,CSCO,QCOM,TXN,IBM,ACN,ADI,GOOGL,META,NFLX,DIS,VZ,AMZN,TSLA,HD,MCD,LOW,WMT,COST,PG,KO,PEP,PM,BRK-B,JPM,V","TMUS,CMCSA,BKNG,SBUX",,252,5,0.8,60,1.0,0.25,5.0,252.0,1.1679558369229204,0.0900703757097258,0.2350278099303807,0.3832328426853241,-0.3543125552535077,0.0588235294117647,121,30.745454545454542,0.5209934949733885
usa,AAPL,priority,30,30,"NVDA,MSFT,AVGO,ORCL,AMD,CSCO,QCOM,TXN,IBM,ACN,ADI,GOOGL,META,NFLX,DIS,VZ,AMZN,TSLA,HD,MCD,LOW,WMT,COST,PG,KO,PEP,PM,BRK-B,JPM,V","TMUS,CMCSA,BKNG,SBUX",,252,5,0.8,60,1.0,0.5,5.0,252.0,0.5558779711588879,0.0505014439873432,0.2254073804220371,0.2240452104664356,-0.320259594286262,0.0685537372843874,151,19.986486486486488,0.5233265720081136
usa,AAPL,priority,30,30,"NVDA,MSFT,AVGO,ORCL,AMD,CSCO,QCOM,TXN,IBM,ACN,ADI,GOOGL,META,NFLX,DIS,VZ,AMZN,TSLA,HD,MCD,LOW,WMT,COST,PG,KO,PEP,PM,BRK-B,JPM,V","TMUS,CMCSA,BKNG,SBUX",,252,5,0.8,60,1.0,0.75,5.0,252.0,0.3804854087866878,0.0365905892347817,0.215358070495211,0.1699058184847334,-0.39622319265319,0.0871295886775763,196,13.63265306122449,0.5224550898203593
usa,AAPL,priority,30,30,"NVDA,MSFT,AVGO,ORCL,AMD,CSCO,QCOM,TXN,IBM,ACN,ADI,GOOGL,META,NFLX,DIS,VZ,AMZN,TSLA,HD,MCD,LOW,WMT,COST,PG,KO,PEP,PM,BRK-B,JPM,V","TMUS,CMCSA,BKNG,SBUX",,252,5,0.8,60,1.5,0.0,5.0,252.0,4.530740303151439,0.210004511159777,0.2606969823210499,0.8055502188404898,-0.2689558183352576,0.0358248562582927,41,2185.0,0.5386727688787185
usa,AAPL,priority,30,30,"NVDA,MSFT,AVGO,ORCL,AMD,CSCO,QCOM,TXN,IBM,ACN,ADI,GOOGL,META,NFLX,DIS,VZ,AMZN,TSLA,HD,MCD,LOW,WMT,COST,PG,KO,PEP,PM,BRK-B,JPM,V","TMUS,CMCSA,BKNG,SBUX",,252,5,0.8,60,1.5,0.25,5.0,252.0,3.522148409789432,0.1831546827386925,0.2251579535540854,0.8134497575929368,-0.2689558183352577,0.0517470145953118,107,31.0,0.5398288347597103
usa,AAPL,priority,30,30,"NVDA,MSFT,AVGO,ORCL,AMD,CSCO,QCOM,TXN,IBM,ACN,ADI,GOOGL,META,NFLX,DIS,VZ,AMZN,TSLA,HD,MCD,LOW,WMT,COST,PG,KO,PEP,PM,BRK-B,JPM,V","TMUS,CMCSA,BKNG,SBUX",,252,5,0.8,60,1.5,0.5,5.0,252.0,2.1468931932327,0.1362960385295544,0.2156641177294034,0.6319829184591886,-0.2209472576335593,0.0552852720035382,121,22.10169491525424,0.5437116564417178
usa,AAPL,priority,30,30,"NVDA,MSFT,AVGO,ORCL,AMD,CSCO,QCOM,TXN,IBM,ACN,ADI,GOOGL,META,NFLX,DIS,VZ,AMZN,TSLA,HD,MCD,LOW,WMT,COST,PG,KO,PEP,PM,BRK-B,JPM,V","TMUS,CMCSA,BKNG,SBUX",,252,5,0.8,60,1.5,0.75,5.0,252.0,0.9209732433272716,0.0754739587808686,0.203483629920243,0.3709092412517469,-0.2502794830938537,0.0597080937638213,134,16.970149253731343,0.5338610378188214
usa,AAPL,priority,30,30,"NVDA,MSFT,AVGO,ORCL,AMD,CSCO,QCOM,TXN,IBM,ACN,ADI,GOOGL,META,NFLX,DIS,VZ,AMZN,TSLA,HD,MCD,LOW,WMT,COST,PG,KO,PEP,PM,BRK-B,JPM,V","TMUS,CMCSA,BKNG,SBUX",,252,5,0.8,60,1.5,1.0,5.0,252.0,0.6515255214564779,0.057509867785495,0.1942437068110227,0.2960706873322062,-0.2770623198943206,0.0659000442282176,148,13.175675675675675,0.5302564102564102
usa,AAPL,priority,30,30,"NVDA,MSFT,AVGO,ORCL,AMD,CSCO,QCOM,TXN,IBM,ACN,ADI,GOOGL,META,NFLX,DIS,VZ,AMZN,TSLA,HD,MCD,LOW,WMT,COST,PG,KO,PEP,PM,BRK-B,JPM,V","TMUS,CMCSA,BKNG,SBUX",,252,5,0.8,60,2.0,0.0,5.0,252.0,4.796543117169716,0.2163514899856333,0.2606426694092376,0.8300693454222483,-0.2896643937948849,0.0269792127377266,31,2184.0,0.5338827838827839
usa,AAPL,priority,30,30,"NVDA,MSFT,AVGO,ORCL,AMD,CSCO,QCOM,TXN,IBM,ACN,ADI,GOOGL,META,NFLX,DIS,VZ,AMZN,TSLA,HD,MCD,LOW,WMT,COST,PG,KO,PEP,PM,BRK-B,JPM,V","TMUS,CMCSA,BKNG,SBUX",,252,5,0.8,60,2.0,0.25,5.0,252.0,1.9917004457376624,0.1299090941112839,0.2103865479875835,0.6174781389490303,-0.2689558183352575,0.0393631136665192,86,30.928571428571427,0.5373364126250962
usa,AAPL,priority,30,30,"NVDA,MSFT,AVGO,ORCL,AMD,CSCO,QCOM,TXN,IBM,ACN,ADI,GOOGL,META,NFLX,DIS,VZ,AMZN,TSLA,HD,MCD,LOW,WMT,COST,PG,KO,PEP,PM,BRK-B,JPM,V","TMUS,CMCSA,BKNG,SBUX",,252,5,0.8,60,2.0,0.5,5.0,252.0,1.4515263949938135,0.1051079304705784,0.200519618037095,0.5241777911781881,-0.2209472576335593,0.042016806722689,95,22.166666666666668,0.5422932330827067
usa,AAPL,priority,30,30,"NVDA,MSFT,AVGO,ORCL,AMD,CSCO,QCOM,TXN,IBM,ACN,ADI,GOOGL,META,NFLX,DIS,VZ,AMZN,TSLA,HD,MCD,LOW,WMT,COST,PG,KO,PEP,PM,BRK-B,JPM,V","TMUS,CMCSA,BKNG,SBUX",,252,5,0.8,60,2.0,0.75,5.0,252.0,0.6586552652680444,0.0580177249074855,0.1868116413718284,0.3105680378451765,-0.2261347426524225,0.0429013710747456,97,17.897959183673468,0.5393386545039909
usa,AAPL,priority,30,30,"NVDA,MSFT,AVGO,ORCL,AMD,CSCO,QCOM,TXN,IBM,ACN,ADI,GOOGL,META,NFLX,DIS,VZ,AMZN,TSLA,HD,MCD,LOW,WMT,COST,PG,KO,PEP,PM,BRK-B,JPM,V","TMUS,CMCSA,BKNG,SBUX",,252,5,0.8,60,2.0,1.0,5.0,252.0,0.6344190348329817,0.056283369492557,0.1791193861859354,0.3142226572512477,-0.2390891661148578,0.0446704997788589,101,14.07843137254902,0.5459610027855153
usa,AAPL,priority,30,30,"NVDA,MSFT,AVGO,ORCL,AMD,CSCO,QCOM,TXN,IBM,ACN,ADI,GOOGL,META,NFLX,DIS,VZ,AMZN,TSLA,HD,MCD,LOW,WMT,COST,PG,KO,PEP,PM,BRK-B,JPM,V","TMUS,CMCSA,BKNG,SBUX",,252,5,0.8,60,2.5,0.0,5.0,252.0,1.7983711961312707,0.1215273814030155,0.2607477289930643,0.4660726360774865,-0.2545292064431111,0.0145953118089341,17,2181.0,0.5153599266391563
usa,AAPL,priority,30,30,"NVDA,MSFT,AVGO,ORCL,AMD,CSCO,QCOM,TXN,IBM,ACN,ADI,GOOGL,META,NFLX,DIS,VZ,AMZN,TSLA,HD,MCD,LOW,WMT,COST,PG,KO,PEP,PM,BRK-B,JPM,V","TMUS,CMCSA,BKNG,SBUX",,252,5,0.8,60,2.5,0.25,5.0,252.0,1.2570548269754602,0.0949746732027381,0.1891129012543847,0.5022114967977946,-0.2190515478048911,0.0234409553295002,51,37.56,0.5335463258785943
usa,AAPL,priority,30,30,"NVDA,MSFT,AVGO,ORCL,AMD,CSCO,QCOM,TXN,IBM,ACN,ADI,GOOGL,META,NFLX,DIS,VZ,AMZN,TSLA,HD,MCD,LOW,WMT,COST,PG,KO,PEP,PM,BRK-B,JPM,V","TMUS,CMCSA,BKNG,SBUX",,252,5,0.8,60,2.5,0.5,5.0,252.0,0.733800720229981,0.0632556015742686,0.1753090196028087,0.3608234289233068,-0.2190515478048911,0.0243255196815568,55,25.571428571428573,0.5405027932960894
usa,AAPL,priority,30,30,"NVDA,MSFT,AVGO,ORCL,AMD,CSCO,QCOM,TXN,IBM,ACN,ADI,GOOGL,META,NFLX,DIS,VZ,AMZN,TSLA,HD,MCD,LOW,WMT,COST,PG,KO,PEP,PM,BRK-B,JPM,V","TMUS,CMCSA,BKNG,SBUX",,252,5,0.8,60,2.5,0.75,5.0,252.0,0.5359143736220628,0.0489904990427294,0.1626048740647061,0.3012855507838862,-0.2190515478048911,0.0252100840336134,57,20.103448275862068,0.5454545454545454
usa,AAPL,priority,30,30,"NVDA,MSFT,AVGO,ORCL,AMD,CSCO,QCOM,TXN,IBM,ACN,ADI,GOOGL,META,NFLX,DIS,VZ,AMZN,TSLA,HD,MCD,LOW,WMT,COST,PG,KO,PEP,PM,BRK-B,JPM,V","TMUS,CMCSA,BKNG,SBUX",,252,5,0.8,60,2.5,1.0,5.0,252.0,0.5973019145243272,0.0535824347409519,0.1550595081728404,0.3455604585126447,-0.2190515478048911,0.02609464838567,59,15.033333333333331,0.5609756097560976
usa,AAPL,priority,30,30,"NVDA,MSFT,AVGO,ORCL,AMD,CSCO,QCOM,TXN,IBM,ACN,ADI,GOOGL,META,NFLX,DIS,VZ,AMZN,TSLA,HD,MCD,LOW,WMT,COST,PG,KO,PEP,PM,BRK-B,JPM,V","TMUS,CMCSA,BKNG,SBUX",,252,5,0.8,60,3.0,0.0,5.0,252.0,0.6434249592376593,0.0569304890495896,0.2598868989777374,0.2190587108219966,-0.3282975515641159,0.0075187969924812,9,2151.0,0.5053463505346351
usa,AAPL,priority,30,30,"NVDA,MSFT,AVGO,ORCL,AMD,CSCO,QCOM,TXN,IBM,ACN,ADI,GOOGL,META,NFLX,DIS,VZ,AMZN,TSLA,HD,MCD,LOW,WMT,COST,PG,KO,PEP,PM,BRK-B,JPM,V","TMUS,CMCSA,BKNG,SBUX",,252,5,0.8,60,3.0,0.25,5.0,252.0,0.5021527715687306,0.0463950813282043,0.1619188136521409,0.286532987005929,-0.2190515478048912,0.0137107474568774,31,36.0625,0.5147313691507799
usa,AAPL,priority,30,30,"NVDA,MSFT,AVGO,ORCL,AMD,CSCO,QCOM,TXN,IBM,ACN,ADI,GOOGL,META,NFLX,DIS,VZ,AMZN,TSLA,HD,MCD,LOW,WMT,COST,PG,KO,PEP,PM,BRK-B,JPM,V","TMUS,CMCSA,BKNG,SBUX",,252,5,0.8,60,3.0,0.5,5.0,252.0,0.3639850558497959,0.0352022801913525,0.151413612937267,0.2324908540815108,-0.2190515478048911,0.0137107474568774,31,26.125,0.5239234449760766
usa,AAPL,priority,30,30,"NVDA,MSFT,AVGO,ORCL,AMD,CSCO,QCOM,TXN,IBM,ACN,ADI,GOOGL,META,NFLX,DIS,VZ,AMZN,TSLA,HD,MCD,LOW,WMT,COST,PG,KO,PEP,PM,BRK-B,JPM,V","TMUS,CMCSA,BKNG,SBUX",,252,5,0.8,60,3.0,0.75,5.0,252.0,0.3616238588687261,0.0350023943424788,0.1450634442156284,0.2412902473930637,-0.2190515478048911,0.0145953118089341,33,20.352941176470587,0.5202312138728323
usa,AAPL,priority,30,30,"NVDA,MSFT,AVGO,ORCL,AMD,CSCO,QCOM,TXN,IBM,ACN,ADI,GOOGL,META,NFLX,DIS,VZ,AMZN,TSLA,HD,MCD,LOW,WMT,COST,PG,KO,PEP,PM,BRK-B,JPM,V","TMUS,CMCSA,BKNG,SBUX",,252,5,0.8,60,3.0,1.0,5.0,252.0,0.3736378223728522,0.0360162454295258,0.1405911401724867,0.2561772056570469,-0.2190515478048912,0.0145953118089341,33,15.823529411764708,0.5315985130111525
usa,AAPL,priority,30,30,"NVDA,MSFT,AVGO,ORCL,AMD,CSCO,QCOM,TXN,IBM,ACN,ADI,GOOGL,META,NFLX,DIS,VZ,AMZN,TSLA,HD,MCD,LOW,WMT,COST,PG,KO,PEP,PM,BRK-B,JPM,V","TMUS,CMCSA,BKNG,SBUX",,252,10,0.8,60,1.0,0.0,5.0,252.0,1.831292755737585,0.1229903191026893,0.2838617294307658,0.4332754519227531,-0.3867884542710113,0.037593984962406,43,2190.0,0.5132420091324201
usa,AAPL,priority,30,30,"NVDA,MSFT,AVGO,ORCL,AMD,CSCO,QCOM,TXN,IBM,ACN,ADI,GOOGL,META,NFLX,DIS,VZ,AMZN,TSLA,HD,MCD,LOW,WMT,COST,PG,KO,PEP,PM,BRK-B,JPM,V","TMUS,CMCSA,BKNG,SBUX",,252,10,0.8,60,1.0,0.25,5.0,252.0,1.228354822312844,0.0934140065685391,0.2570656365653369,0.3633858177882,-0.3173588270694806,0.0588235294117647,121,30.6,0.5103980986333928
usa,AAPL,priority,30,30,"NVDA,MSFT,AVGO,ORCL,AMD,CSCO,QCOM,TXN,IBM,ACN,ADI,GOOGL,META,NFLX,DIS,VZ,AMZN,TSLA,HD,MCD,LOW,WMT,COST,PG,KO,PEP,PM,BRK-B,JPM,V","TMUS,CMCSA,BKNG,SBUX",,252,10,0.8,60,1.0,0.5,5.0,252.0,0.5492100654484944,0.0499987092585447,0.2507392187339347,0.1994052207349325,-0.3468559346556238,0.0641309155241043,138,22.75757575757576,0.5086551264980027
usa,AAPL,priority,30,30,"NVDA,MSFT,AVGO,ORCL,AMD,CSCO,QCOM,TXN,IBM,ACN,ADI,GOOGL,META,NFLX,DIS,VZ,AMZN,TSLA,HD,MCD,LOW,WMT,COST,PG,KO,PEP,PM,BRK-B,JPM,V","TMUS,CMCSA,BKNG,SBUX",,252,10,0.8,60,1.0,0.75,5.0,252.0,0.5727349664963668,0.0517639108627481,0.24157947848624,0.2142727982819803,-0.2902434494938757,0.0862450243255196,193,13.958333333333334,0.5104477611940299
usa,AAPL,priority,30,30,"NVDA,MSFT,AVGO,ORCL,AMD,CSCO,QCOM,TXN,IBM,ACN,ADI,GOOGL,META,NFLX,DIS,VZ,AMZN,TSLA,HD,MCD,LOW,WMT,COST,PG,KO,PEP,PM,BRK-B,JPM,V","TMUS,CMCSA,BKNG,SBUX",,252,10,0.8,60,1.5,0.0,5.0,252.0,5.506079546015568,0.2321074920450083,0.2835365934161472,0.8186156476259266,-0.3173585416396933,0.0358248562582927,41,2185.0,0.519908466819222
usa,AAPL,priority,30,30,"NVDA,MSFT,AVGO,ORCL,AMD,CSCO,QCOM,TXN,IBM,ACN,ADI,GOOGL,META,NFLX,DIS,VZ,AMZN,TSLA,HD,MCD,LOW,WMT,COST,PG,KO,PEP,PM,BRK-B,JPM,V","TMUS,CMCSA,BKNG,SBUX",,252,10,0.8,60,1.5,0.25,5.0,252.0,2.434756984622239,0.1474356750648329,0.2478887909623322,0.5947653965815517,-0.3173585416396933,0.0482087571870853,101,31.91489361702128,0.5126666666666667
usa,AAPL,priority,30,30,"NVDA,MSFT,AVGO,ORCL,AMD,CSCO,QCOM,TXN,IBM,ACN,ADI,GOOGL,META,NFLX,DIS,VZ,AMZN,TSLA,HD,MCD,LOW,WMT,COST,PG,KO,PEP,PM,BRK-B,JPM,V","TMUS,CMCSA,BKNG,SBUX",,252,10,0.8,60,1.5,0.5,5.0,252.0,1.4522079861456303,0.1051421708372204,0.2405779645355197,0.4370399052972987,-0.3173585416396933,0.0499778858911985,109,24.69811320754717,0.5103132161955691
usa,AAPL,priority,30,30,"NVDA,MSFT,AVGO,ORCL,AMD,CSCO,QCOM,TXN,IBM,ACN,ADI,GOOGL,META,NFLX,DIS,VZ,AMZN,TSLA,HD,MCD,LOW,WMT,COST,PG,KO,PEP,PM,BRK-B,JPM,V","TMUS,CMCSA,BKNG,SBUX",,252,10,0.8,60,1.5,0.75,5.0,252.0,0.7462255441115457,0.0641021465764031,0.2288951506013389,0.2800502606018432,-0.2987665608172842,0.0544007076514816,122,18.16393442622951,0.5072202166064982
usa,AAPL,priority,30,30,"NVDA,MSFT,AVGO,ORCL,AMD,CSCO,QCOM,TXN,IBM,ACN,ADI,GOOGL,META,NFLX,DIS,VZ,AMZN,TSLA,HD,MCD,LOW,WMT,COST,PG,KO,PEP,PM,BRK-B,JPM,V","TMUS,CMCSA,BKNG,SBUX",,252,10,0.8,60,1.5,1.0,5.0,252.0,0.5209417395202074,0.047845800448901,0.2213535815350815,0.2161510110525054,-0.3165220459588028,0.0605926581158779,137,14.07246376811594,0.4984552008238929
usa,AAPL,priority,30,30,"NVDA,MSFT,AVGO,ORCL,AMD,CSCO,QCOM,TXN,IBM,ACN,ADI,GOOGL,META,NFLX,DIS,VZ,AMZN,TSLA,HD,MCD,LOW,WMT,COST,PG,KO,PEP,PM,BRK-B,JPM,V","TMUS,CMCSA,BKNG,SBUX",,252,10,0.8,60,2.0,0.0,5.0,252.0,3.713859700735203,0.1886425364843587,0.283624749292214,0.6651131008669603,-0.3173585416396934,0.0269792127377266,31,2184.0,0.5164835164835165
usa,AAPL,priority,30,30,"NVDA,MSFT,AVGO,ORCL,AMD,CSCO,QCOM,TXN,IBM,ACN,ADI,GOOGL,META,NFLX,DIS,VZ,AMZN,TSLA,HD,MCD,LOW,WMT,COST,PG,KO,PEP,PM,BRK-B,JPM,V","TMUS,CMCSA,BKNG,SBUX",,252,10,0.8,60,2.0,0.25,5.0,252.0,1.904196850713701,0.1261769095672289,0.2381870738529336,0.5297386945738948,-0.3173585416396932,0.037593984962406,80,32.473684210526315,0.5243111831442464
usa,AAPL,priority,30,30,"NVDA,MSFT,AVGO,ORCL,AMD,CSCO,QCOM,TXN,IBM,ACN,ADI,GOOGL,META,NFLX,DIS,VZ,AMZN,TSLA,HD,MCD,LOW,WMT,COST,PG,KO,PEP,PM,BRK-B,JPM,V","TMUS,CMCSA,BKNG,SBUX",,252,10,0.8,60,2.0,0.5,5.0,252.0,1.2713933835077214,0.0957477894509768,0.231273764882952,0.4140019491594082,-0.3173585416396932,0.0393631136665192,88,24.5,0.5241187384044527
usa,AAPL,priority,30,30,"NVDA,MSFT,AVGO,ORCL,AMD,CSCO,QCOM,TXN,IBM,ACN,ADI,GOOGL,META,NFLX,DIS,VZ,AMZN,TSLA,HD,MCD,LOW,WMT,COST,PG,KO,PEP,PM,BRK-B,JPM,V","TMUS,CMCSA,BKNG,SBUX",,252,10,0.8,60,2.0,0.75,5.0,252.0,1.065022489884151,0.0841764665717774,0.2167361102481719,0.3883822888368343,-0.2767980617703479,0.042016806722689,94,17.70212765957447,0.5240384615384616
usa,AAPL,priority,30,30,"NVDA,MSFT,AVGO,ORCL,AMD,CSCO,QCOM,TXN,IBM,ACN,ADI,GOOGL,META,NFLX,DIS,VZ,AMZN,TSLA,HD,MCD,LOW,WMT,COST,PG,KO,PEP,PM,BRK-B,JPM,V","TMUS,CMCSA,BKNG,SBUX",,252,10,0.8,60,2.0,1.0,5.0,252.0,0.8333132188546761,0.0698898602469662,0.2096645081776728,0.3333413979047921,-0.276798061770348,0.0446704997788589,101,14.058823529411764,0.5216178521617852
usa,AAPL,priority,30,30,"NVDA,MSFT,AVGO,ORCL,AMD,CSCO,QCOM,TXN,IBM,ACN,ADI,GOOGL,META,NFLX,DIS,VZ,AMZN,TSLA,HD,MCD,LOW,WMT,COST,PG,KO,PEP,PM,BRK-B,JPM,V","TMUS,CMCSA,BKNG,SBUX",,252,10,0.8,60,2.5,0.0,5.0,252.0,1.3348570258853665,0.0991184314220996,0.2836854132534057,0.3493955867711845,-0.3173585416396933,0.0145953118089341,17,2181.0,0.5025217790004585
usa,AAPL,priority,30,30,"NVDA,MSFT,AVGO,ORCL,AMD,CSCO,QCOM,TXN,IBM,ACN,ADI,GOOGL,META,NFLX,DIS,VZ,AMZN,TSLA,HD,MCD,LOW,WMT,COST,PG,KO,PEP,PM,BRK-B,JPM,V","TMUS,CMCSA,BKNG,SBUX",,252,10,0.8,60,2.5,0.25,5.0,252.0,1.2305297464367508,0.0935328995267175,0.2139640103418767,0.4371431409294882,-0.3173585416396933,0.0234409553295002,51,34.84,0.5269804822043628
usa,AAPL,priority,30,30,"NVDA,MSFT,AVGO,ORCL,AMD,CSCO,QCOM,TXN,IBM,ACN,ADI,GOOGL,META,NFLX,DIS,VZ,AMZN,TSLA,HD,MCD,LOW,WMT,COST,PG,KO,PEP,PM,BRK-B,JPM,V","TMUS,CMCSA,BKNG,SBUX",,252,10,0.8,60,2.5,0.5,5.0,252.0,0.7071608698543572,0.0614222169357463,0.2089993343302942,0.2938871414713556,-0.3173585416396933,0.0234409553295002,53,28.11111111111111,0.5270092226613966
usa,AAPL,priority,30,30,"NVDA,MSFT,AVGO,ORCL,AMD,CSCO,QCOM,TXN,IBM,ACN,ADI,GOOGL,META,NFLX,DIS,VZ,AMZN,TSLA,HD,MCD,LOW,WMT,COST,PG,KO,PEP,PM,BRK-B,JPM,V","TMUS,CMCSA,BKNG,SBUX",,252,10,0.8,60,2.5,0.75,5.0,252.0,0.6914484766209421,0.0603289188951432,0.1950905687691863,0.3092354452383549,-0.276798061770348,0.0252100840336134,57,19.24137931034483,0.5340501792114696
usa,AAPL,priority,30,30,"NVDA,MSFT,AVGO,ORCL,AMD,CSCO,QCOM,TXN,IBM,ACN,ADI,GOOGL,META,NFLX,DIS,VZ,AMZN,TSLA,HD,MCD,LOW,WMT,COST,PG,KO,PEP,PM,BRK-B,JPM,V","TMUS,CMCSA,BKNG,SBUX",,252,10,0.8,60,2.5,1.0,5.0,252.0,0.5113328278489022,0.0471058866889833,0.1894379171271247,0.248661341949681,-0.276798061770348,0.02609464838567,59,15.966666666666669,0.5323590814196242
usa,AAPL,priority,30,30,"NVDA,MSFT,AVGO,ORCL,AMD,CSCO,QCOM,TXN,IBM,ACN,ADI,GOOGL,META,NFLX,DIS,VZ,AMZN,TSLA,HD,MCD,LOW,WMT,COST,PG,KO,PEP,PM,BRK-B,JPM,V","TMUS,CMCSA,BKNG,SBUX",,252,10,0.8,60,3.0,0.0,5.0,252.0,0.4580399458063175,0.0429246653705561,0.2830168980788826,0.1516682066050776,-0.4440104228293616,0.0075187969924812,9,2151.0,0.5053463505346351
usa,AAPL,priority,30,30,"NVDA,MSFT,AVGO,ORCL,AMD,CSCO,QCOM,TXN,IBM,ACN,ADI,GOOGL,META,NFLX,DIS,VZ,AMZN,TSLA,HD,MCD,LOW,WMT,COST,PG,KO,PEP,PM,BRK-B,JPM,V","TMUS,CMCSA,BKNG,SBUX",,252,10,0.8,60,3.0,0.25,5.0,252.0,0.3925129314669435,0.0375933018987624,0.1951044969299593,0.1926829083404369,-0.2767980617703481,0.0137107474568774,31,39.0625,0.5088
usa,AAPL,priority,30,30,"NVDA,MSFT,AVGO,ORCL,AMD,CSCO,QCOM,TXN,IBM,ACN,ADI,GOOGL,META,NFLX,DIS,VZ,AMZN,TSLA,HD,MCD,LOW,WMT,COST,PG,KO,PEP,PM,BRK-B,JPM,V","TMUS,CMCSA,BKNG,SBUX",,252,10,0.8,60,3.0,0.5,5.0,252.0,0.2944088628987804,0.0291790537890668,0.1879946952670551,0.1552121124886882,-0.2767980617703479,0.0137107474568774,31,31.125,0.5120481927710844
usa,AAPL,priority,30,30,"NVDA,MSFT,AVGO,ORCL,AMD,CSCO,QCOM,TXN,IBM,ACN,ADI,GOOGL,META,NFLX,DIS,VZ,AMZN,TSLA,HD,MCD,LOW,WMT,COST,PG,KO,PEP,PM,BRK-B,JPM,V","TMUS,CMCSA,BKNG,SBUX",,252,10,0.8,60,3.0,0.75,5.0,252.0,0.2768947218012745,0.0276175844740731,0.1786803419893396,0.1545642020078562,-0.276798061770348,0.0145953118089341,33,21.647058823529413,0.5217391304347826
usa,AAPL,priority,30,30,"NVDA,MSFT,AVGO,ORCL,AMD,CSCO,QCOM,TXN,IBM,ACN,ADI,GOOGL,META,NFLX,DIS,VZ,AMZN,TSLA,HD,MCD,LOW,WMT,COST,PG,KO,PEP,PM,BRK-B,JPM,V","TMUS,CMCSA,BKNG,SBUX",,252,10,0.8,60,3.0,1.0,5.0,252.0,0.2189875532347551,0.0223157650984422,0.1767103065054038,0.1262844569722922,-0.276798061770348,0.0145953118089341,33,19.47058823529412,0.5196374622356495
usa,AAPL,priority,30,30,"NVDA,MSFT,AVGO,ORCL,AMD,CSCO,QCOM,TXN,IBM,ACN,ADI,GOOGL,META,NFLX,DIS,VZ,AMZN,TSLA,HD,MCD,LOW,WMT,COST,PG,KO,PEP,PM,BRK-B,JPM,V","TMUS,CMCSA,BKNG,SBUX",,252,21,0.8,60,1.0,0.0,5.0,252.0,1.953168531223992,0.1282777553349512,0.2984625296822485,0.4297951755334891,-0.4772089606315148,0.037593984962406,43,2193.0,0.5070679434564523
usa,AAPL,priority,30,30,"NVDA,MSFT,AVGO,ORCL,AMD,CSCO,QCOM,TXN,IBM,ACN,ADI,GOOGL,META,NFLX,DIS,VZ,AMZN,TSLA,HD,MCD,LOW,WMT,COST,PG,KO,PEP,PM,BRK-B,JPM,V","TMUS,CMCSA,BKNG,SBUX",,252,21,0.8,60,1.0,0.25,5.0,252.0,0.5321106516395111,0.0487006368254911,0.2721608832256766,0.1789406186821802,-0.4698571909558127,0.053516143299425,112,32.53846153846154,0.5011820330969267
usa,AAPL,priority,30,30,"NVDA,MSFT,AVGO,ORCL,AMD,CSCO,QCOM,TXN,IBM,ACN,ADI,GOOGL,META,NFLX,DIS,VZ,AMZN,TSLA,HD,MCD,LOW,WMT,COST,PG,KO,PEP,PM,BRK-B,JPM,V","TMUS,CMCSA,BKNG,SBUX",,252,21,0.8,60,1.0,0.5,5.0,252.0,0.588403250828577,0.0529266162799799,0.2643398250893043,0.2002218782663538,-0.4563413275064872,0.0641309155241043,140,22.264705882352946,0.5013210039630119
usa,AAPL,priority,30,30,"NVDA,MSFT,AVGO,ORCL,AMD,CSCO,QCOM,TXN,IBM,ACN,ADI,GOOGL,META,NFLX,DIS,VZ,AMZN,TSLA,HD,MCD,LOW,WMT,COST,PG,KO,PEP,PM,BRK-B,JPM,V","TMUS,CMCSA,BKNG,SBUX",,252,21,0.8,60,1.0,0.75,5.0,252.0,0.8345784284628015,0.0699721283992422,0.254526718902707,0.2749107390410716,-0.4103388279882723,0.08093763821318,179,15.306818181818182,0.5003711952487008
usa,AAPL,priority,30,30,"NVDA,MSFT,AVGO,ORCL,AMD,CSCO,QCOM,TXN,IBM,ACN,ADI,GOOGL,META,NFLX,DIS,VZ,AMZN,TSLA,HD,MCD,LOW,WMT,COST,PG,KO,PEP,PM,BRK-B,JPM,V","TMUS,CMCSA,BKNG,SBUX",,252,21,0.8,60,1.5,0.0,5.0,252.0,2.912812963812238,0.1642223586999165,0.2983455501774881,0.5504434659817092,-0.362583926809286,0.0322865988500663,37,2185.0,0.5139588100686499
usa,AAPL,priority,30,30,"NVDA,MSFT,AVGO,ORCL,AMD,CSCO,QCOM,TXN,IBM,ACN,ADI,GOOGL,META,NFLX,DIS,VZ,AMZN,TSLA,HD,MCD,LOW,WMT,COST,PG,KO,PEP,PM,BRK-B,JPM,V","TMUS,CMCSA,BKNG,SBUX",,252,21,0.8,60,1.5,0.25,5.0,252.0,1.0512505046064873,0.083368186238687,0.263103190998486,0.3168649757621782,-0.3694841997745171,0.0446704997788589,93,34.69767441860465,0.5087131367292225
usa,AAPL,priority,30,30,"NVDA,MSFT,AVGO,ORCL,AMD,CSCO,QCOM,TXN,IBM,ACN,ADI,GOOGL,META,NFLX,DIS,VZ,AMZN,TSLA,HD,MCD,LOW,WMT,COST,PG,KO,PEP,PM,BRK-B,JPM,V","TMUS,CMCSA,BKNG,SBUX",,252,21,0.8,60,1.5,0.5,5.0,252.0,0.7582957926297496,0.0649194235055614,0.2535757798625282,0.256015868474333,-0.4358065569508577,0.0499778858911985,110,23.88888888888889,0.506201550387597
usa,AAPL,priority,30,30,"NVDA,MSFT,AVGO,ORCL,AMD,CSCO,QCOM,TXN,IBM,ACN,ADI,GOOGL,META,NFLX,DIS,VZ,AMZN,TSLA,HD,MCD,LOW,WMT,COST,PG,KO,PEP,PM,BRK-B,JPM,V","TMUS,CMCSA,BKNG,SBUX",,252,21,0.8,60,1.5,0.75,5.0,252.0,1.4763517010803509,0.1063496310172753,0.2430283382782166,0.4376017701093246,-0.3383086631702315,0.057938965059708,128,18.07936507936508,0.5127304653204565
usa,AAPL,priority,30,30,"NVDA,MSFT,AVGO,ORCL,AMD,CSCO,QCOM,TXN,IBM,ACN,ADI,GOOGL,META,NFLX,DIS,VZ,AMZN,TSLA,HD,MCD,LOW,WMT,COST,PG,KO,PEP,PM,BRK-B,JPM,V","TMUS,CMCSA,BKNG,SBUX",,252,21,0.8,60,1.5,1.0,5.0,252.0,0.2720988604975984,0.02718669208986,0.2090932233908812,0.1300218708620552,-0.3383086631702315,0.0632463511720477,143,13.52777777777778,0.5102669404517454
usa,AAPL,priority,30,30,"NVDA,MSFT,AVGO,ORCL,AMD,CSCO,QCOM,TXN,IBM,ACN,ADI,GOOGL,META,NFLX,DIS,VZ,AMZN,TSLA,HD,MCD,LOW,WMT,COST,PG,KO,PEP,PM,BRK-B,JPM,V","TMUS,CMCSA,BKNG,SBUX",,252,21,0.8,60,2.0,0.0,5.0,252.0,2.8247503964600065,0.1612723657302326,0.2975967415502034,0.5419157645683651,-0.3625839268092861,0.0252100840336134,29,2159.0,0.5136637332098194
usa,AAPL,priority,30,30,"NVDA,MSFT,AVGO,ORCL,AMD,CSCO,QCOM,TXN,IBM,ACN,ADI,GOOGL,META,NFLX,DIS,VZ,AMZN,TSLA,HD,MCD,LOW,WMT,COST,PG,KO,PEP,PM,BRK-B,JPM,V","TMUS,CMCSA,BKNG,SBUX",,252,21,0.8,60,2.0,0.25,5.0,252.0,0.59121701124216,0.0531343384670084,0.2543913577813156,0.2088684888135417,-0.3625839268092861,0.0331711632021229,70,39.15151515151515,0.5123839009287926
usa,AAPL,priority,30,30,"NVDA,MSFT,AVGO,ORCL,AMD,CSCO,QCOM,TXN,IBM,ACN,ADI,GOOGL,META,NFLX,DIS,VZ,AMZN,TSLA,HD,MCD,LOW,WMT,COST,PG,KO,PEP,PM,BRK-B,JPM,V","TMUS,CMCSA,BKNG,SBUX",,252,21,0.8,60,2.0,0.5,5.0,252.0,0.5947136495888938,0.0533920189018497,0.2418294324306648,0.2207837911423698,-0.3683597417106978,0.0367094206103494,81,26.3,0.5114068441064639
usa,AAPL,priority,30,30,"NVDA,MSFT,AVGO,ORCL,AMD,CSCO,QCOM,TXN,IBM,ACN,ADI,GOOGL,META,NFLX,DIS,VZ,AMZN,TSLA,HD,MCD,LOW,WMT,COST,PG,KO,PEP,PM,BRK-B,JPM,V","TMUS,CMCSA,BKNG,SBUX",,252,21,0.8,60,2.0,0.75,5.0,252.0,1.0121514205515625,0.081046889999083,0.2284647649229357,0.3547456870490347,-0.3032076954132741,0.0393631136665192,87,21.232558139534884,0.5147864184008762
usa,AAPL,priority,30,30,"NVDA,MSFT,AVGO,ORCL,AMD,CSCO,QCOM,TXN,IBM,ACN,ADI,GOOGL,META,NFLX,DIS,VZ,AMZN,TSLA,HD,MCD,LOW,WMT,COST,PG,KO,PEP,PM,BRK-B,JPM,V","TMUS,CMCSA,BKNG,SBUX",,252,21,0.8,60,2.0,1.0,5.0,252.0,0.168840167669636,0.0175403855535978,0.1886090841434675,0.0929986253485836,-0.3314718297826357,0.0411322423706324,93,15.425531914893616,0.5158620689655172
usa,AAPL,priority,30,30,"NVDA,MSFT,AVGO,ORCL,AMD,CSCO,QCOM,TXN,IBM,ACN,ADI,GOOGL,META,NFLX,DIS,VZ,AMZN,TSLA,HD,MCD,LOW,WMT,COST,PG,KO,PEP,PM,BRK-B,JPM,V","TMUS,CMCSA,BKNG,SBUX",,252,21,0.8,60,2.5,0.0,5.0,252.0,1.8013585698176129,0.121660760631749,0.2975819213589504,0.4088311550519189,-0.3076198266146146,0.0181335692171605,21,2152.0,0.5088289962825279
usa,AAPL,priority,30,30,"NVDA,MSFT,AVGO,ORCL,AMD,CSCO,QCOM,TXN,IBM,ACN,ADI,GOOGL,META,NFLX,DIS,VZ,AMZN,TSLA,HD,MCD,LOW,WMT,COST,PG,KO,PEP,PM,BRK-B,JPM,V","TMUS,CMCSA,BKNG,SBUX",,252,21,0.8,60,2.5,0.25,5.0,252.0,0.7908276463455011,0.0670975864346754,0.2367552085078123,0.2834049010265444,-0.3032076954132739,0.0243255196815568,53,39.73076923076923,0.5179090029041626
usa,AAPL,priority,30,30,"NVDA,MSFT,AVGO,ORCL,AMD,CSCO,QCOM,TXN,IBM,ACN,ADI,GOOGL,META,NFLX,DIS,VZ,AMZN,TSLA,HD,MCD,LOW,WMT,COST,PG,KO,PEP,PM,BRK-B,JPM,V","TMUS,CMCSA,BKNG,SBUX",,252,21,0.8,60,2.5,0.5,5.0,252.0,0.3570007377376021,0.0346101330390089,0.2219571400318827,0.1559316047865702,-0.3312275747428944,0.0243255196815568,55,27.678571428571427,0.52
usa,AAPL,priority,30,30,"NVDA,MSFT,AVGO,ORCL,AMD,CSCO,QCOM,TXN,IBM,ACN,ADI,GOOGL,META,NFLX,DIS,VZ,AMZN,TSLA,HD,MCD,LOW,WMT,COST,PG,KO,PEP,PM,BRK-B,JPM,V","TMUS,CMCSA,BKNG,SBUX",,252,21,0.8,60,2.5,0.75,5.0,252.0,0.7316545394761618,0.0631088293986577,0.2085870612839438,0.3025539024817526,-0.3032076954132739,0.0252100840336134,57,22.82758620689655,0.525679758308157
usa,AAPL,priority,30,30,"NVDA,MSFT,AVGO,ORCL,AMD,CSCO,QCOM,TXN,IBM,ACN,ADI,GOOGL,META,NFLX,DIS,VZ,AMZN,TSLA,HD,MCD,LOW,WMT,COST,PG,KO,PEP,PM,BRK-B,JPM,V","TMUS,CMCSA,BKNG,SBUX",,252,21,0.8,60,2.5,1.0,5.0,252.0,0.0346028700269225,0.0037986377651497,0.1659550219292752,0.0228895620089678,-0.3407951147736858,0.0252100840336134,57,17.20689655172414,0.5210420841683366
usa,AAPL,priority,30,30,"NVDA,MSFT,AVGO,ORCL,AMD,CSCO,QCOM,TXN,IBM,ACN,ADI,GOOGL,META,NFLX,DIS,VZ,AMZN,TSLA,HD,MCD,LOW,WMT,COST,PG,KO,PEP,PM,BRK-B,JPM,V","TMUS,CMCSA,BKNG,SBUX",,252,21,0.8,60,3.0,0.0,5.0,252.0,0.2565957488113981,0.0257838442690103,0.2878138889345772,0.0895851286553835,-0.4509168238330627,0.0057496682883679,7,1799.0,0.5202890494719289
usa,AAPL,priority,30,30,"NVDA,MSFT,AVGO,ORCL,AMD,CSCO,QCOM,TXN,IBM,ACN,ADI,GOOGL,META,NFLX,DIS,VZ,AMZN,TSLA,HD,MCD,LOW,WMT,COST,PG,KO,PEP,PM,BRK-B,JPM,V","TMUS,CMCSA,BKNG,SBUX",,252,21,0.8,60,3.0,0.25,5.0,252.0,0.7346354318803636,0.063312641911142,0.2131540860527742,0.2970275779534747,-0.3839687764605491,0.0119416187527642,27,41.142857142857146,0.5347222222222222
usa,AAPL,priority,30,30,"NVDA,MSFT,AVGO,ORCL,AMD,CSCO,QCOM,TXN,IBM,ACN,ADI,GOOGL,META,NFLX,DIS,VZ,AMZN,TSLA,HD,MCD,LOW,WMT,COST,PG,KO,PEP,PM,BRK-B,JPM,V","TMUS,CMCSA,BKNG,SBUX",,252,21,0.8,60,3.0,0.5,5.0,252.0,0.3876704192559643,0.0371905194375981,0.2004436615843914,0.1855410100954478,-0.4103423471370432,0.0119416187527642,27,29.857142857142858,0.5287081339712919
usa,AAPL,priority,30,30,"NVDA,MSFT,AVGO,ORCL,AMD,CSCO,QCOM,TXN,IBM,ACN,ADI,GOOGL,META,NFLX,DIS,VZ,AMZN,TSLA,HD,MCD,LOW,WMT,COST,PG,KO,PEP,PM,BRK-B,JPM,V","TMUS,CMCSA,BKNG,SBUX",,252,21,0.8,60,3.0,0.75,5.0,252.0,0.8309056230349277,0.069733170896153,0.1860441748445836,0.3748205013911684,-0.3268751211371077,0.0128261831048208,29,22.0,0.5424242424242425
usa,AAPL,priority,30,30,"NVDA,MSFT,AVGO,ORCL,AMD,CSCO,QCOM,TXN,IBM,ACN,ADI,GOOGL,META,NFLX,DIS,VZ,AMZN,TSLA,HD,MCD,LOW,WMT,COST,PG,KO,PEP,PM,BRK-B,JPM,V","TMUS,CMCSA,BKNG,SBUX",,252,21,0.8,60,3.0,1.0,5.0,252.0,0.3568104904632916,0.0345939655670108,0.1431259057291202,0.2417030333591973,-0.3345977297489568,0.0128261831048208,29,13.933333333333334,0.5550239234449761
usa,AAPL,priority,30,30,"NVDA,MSFT,AVGO,ORCL,AMD,CSCO,QCOM,TXN,IBM,ACN,ADI,GOOGL,META,NFLX,DIS,VZ,AMZN,TSLA,HD,MCD,LOW,WMT,COST,PG,KO,PEP,PM,BRK-B,JPM,V","TMUS,CMCSA,BKNG,SBUX",,252,63,0.8,60,1.0,0.0,5.0,252.0,1.551306452036788,0.1100327000713716,0.3211111695732563,0.342662325379714,-0.4622276881088442,0.0358248562582927,41,2201.0,0.497955474784189
usa,AAPL,priority,30,30,"NVDA,MSFT,AVGO,ORCL,AMD,CSCO,QCOM,TXN,IBM,ACN,ADI,GOOGL,META,NFLX,DIS,VZ,AMZN,TSLA,HD,MCD,LOW,WMT,COST,PG,KO,PEP,PM,BRK-B,JPM,V","TMUS,CMCSA,BKNG,SBUX",,252,63,0.8,60,1.0,0.25,5.0,252.0,0.9158727808960954,0.075155318286803,0.3004366806777835,0.2501536034722957,-0.5296182449588269,0.0530738611233967,105,38.8,0.497709049255441
usa,AAPL,priority,30,30,"NVDA,MSFT,AVGO,ORCL,AMD,CSCO,QCOM,TXN,IBM,ACN,ADI,GOOGL,META,NFLX,DIS,VZ,AMZN,TSLA,HD,MCD,LOW,WMT,COST,PG,KO,PEP,PM,BRK-B,JPM,V","TMUS,CMCSA,BKNG,SBUX",,252,63,0.8,60,1.0,0.5,5.0,252.0,0.4814283709125604,0.0447761046639632,0.2874621802731914,0.1557634629411422,-0.5451758193170821,0.0601503759398496,126,28.103448275862068,0.4932515337423312
usa,AAPL,priority,30,30,"NVDA,MSFT,AVGO,ORCL,AMD,CSCO,QCOM,TXN,IBM,ACN,ADI,GOOGL,META,NFLX,DIS,VZ,AMZN,TSLA,HD,MCD,LOW,WMT,COST,PG,KO,PEP,PM,BRK-B,JPM,V","TMUS,CMCSA,BKNG,SBUX",,252,63,0.8,60,1.0,0.75,5.0,252.0,0.6677689532956146,0.0586640829439306,0.2823116767793315,0.2077989958232771,-0.520136584037697,0.0743034055727554,158,19.864864864864863,0.4959183673469388
usa,AAPL,priority,30,30,"NVDA,MSFT,AVGO,ORCL,AMD,CSCO,QCOM,TXN,IBM,ACN,ADI,GOOGL,META,NFLX,DIS,VZ,AMZN,TSLA,HD,MCD,LOW,WMT,COST,PG,KO,PEP,PM,BRK-B,JPM,V","TMUS,CMCSA,BKNG,SBUX",,252,63,0.8,60,1.5,0.0,5.0,252.0,0.8833048761369122,0.0731027521788303,0.3211216127377849,0.2276481846101187,-0.4633443452659643,0.0269792127377266,31,2201.0,0.493866424352567
usa,AAPL,priority,30,30,"NVDA,MSFT,AVGO,ORCL,AMD,CSCO,QCOM,TXN,IBM,ACN,ADI,GOOGL,META,NFLX,DIS,VZ,AMZN,TSLA,HD,MCD,LOW,WMT,COST,PG,KO,PEP,PM,BRK-B,JPM,V","TMUS,CMCSA,BKNG,SBUX",,252,63,0.8,60,1.5,0.25,5.0,252.0,0.5447418935889334,0.0496607491488672,0.2942259247722504,0.1687844101001901,-0.4948335759640407,0.0415745245466607,84,42.729729729729726,0.4965211891208096
usa,AAPL,priority,30,30,"NVDA,MSFT,AVGO,ORCL,AMD,CSCO,QCOM,TXN,IBM,ACN,ADI,GOOGL,META,NFLX,DIS,VZ,AMZN,TSLA,HD,MCD,LOW,WMT,COST,PG,KO,PEP,PM,BRK-B,JPM,V","TMUS,CMCSA,BKNG,SBUX",,252,63,0.8,60,1.5,0.5,5.0,252.0,0.5715094031807952,0.0516725313464299,0.2825126297314719,0.182903438319004,-0.507540122047738,0.0468819106590004,98,32.8,0.4979674796747967
usa,AAPL,priority,30,30,"NVDA,MSFT,AVGO,ORCL,AMD,CSCO,QCOM,TXN,IBM,ACN,ADI,GOOGL,META,NFLX,DIS,VZ,AMZN,TSLA,HD,MCD,LOW,WMT,COST,PG,KO,PEP,PM,BRK-B,JPM,V","TMUS,CMCSA,BKNG,SBUX",,252,63,0.8,60,1.5,0.75,5.0,252.0,0.6081475083116112,0.0543773637479312,0.2749778619880918,0.1977517875613059,-0.4996917580249601,0.0504201680672268,106,26.346938775510203,0.5011618900077459
usa,AAPL,priority,30,30,"NVDA,MSFT,AVGO,ORCL,AMD,CSCO,QCOM,TXN,IBM,ACN,ADI,GOOGL,META,NFLX,DIS,VZ,AMZN,TSLA,HD,MCD,LOW,WMT,COST,PG,KO,PEP,PM,BRK-B,JPM,V","TMUS,CMCSA,BKNG,SBUX",,252,63,0.8,60,1.5,1.0,5.0,252.0,0.1341892778267845,0.014133157741262,0.2509003253960231,0.0563297704734105,-0.5576537271763746,0.059265811587793,129,18.43548387096774,0.4943132108486439
usa,AAPL,priority,30,30,"NVDA,MSFT,AVGO,ORCL,AMD,CSCO,QCOM,TXN,IBM,ACN,ADI,GOOGL,META,NFLX,DIS,VZ,AMZN,TSLA,HD,MCD,LOW,WMT,COST,PG,KO,PEP,PM,BRK-B,JPM,V","TMUS,CMCSA,BKNG,SBUX",,252,63,0.8,60,2.0,0.0,5.0,252.0,0.6600747537079816,0.0581186045615098,0.3156081955516066,0.1841479574379639,-0.4182540290088515,0.0207872622733303,24,2135.0,0.4946135831381733
usa,AAPL,priority,30,30,"NVDA,MSFT,AVGO,ORCL,AMD,CSCO,QCOM,TXN,IBM,ACN,ADI,GOOGL,META,NFLX,DIS,VZ,AMZN,TSLA,HD,MCD,LOW,WMT,COST,PG,KO,PEP,PM,BRK-B,JPM,V","TMUS,CMCSA,BKNG,SBUX",,252,63,0.8,60,2.0,0.25,5.0,252.0,0.3356918981072723,0.0327866329753518,0.2555117383680992,0.1283175214757386,-0.4540768692399842,0.031844316674038,67,38.58064516129032,0.4941471571906354
usa,AAPL,priority,30,30,"NVDA,MSFT,AVGO,ORCL,AMD,CSCO,QCOM,TXN,IBM,ACN,ADI,GOOGL,META,NFLX,DIS,VZ,AMZN,TSLA,HD,MCD,LOW,WMT,COST,PG,KO,PEP,PM,BRK-B,JPM,V","TMUS,CMCSA,BKNG,SBUX",,252,63,0.8,60,2.0,0.5,5.0,252.0,0.0963886152686619,0.0103090647327781,0.2515830846968604,0.040976780077245,-0.4875036230308702,0.031844316674038,68,34.78125,0.4887690925426775
usa,AAPL,priority,30,30,"NVDA,MSFT,AVGO,ORCL,AMD,CSCO,QCOM,TXN,IBM,ACN,ADI,GOOGL,META,NFLX,DIS,VZ,AMZN,TSLA,HD,MCD,LOW,WMT,COST,PG,KO,PEP,PM,BRK-B,JPM,V","TMUS,CMCSA,BKNG,SBUX",,252,63,0.8,60,2.0,0.75,5.0,252.0,0.2734933434792459,0.0273121304316386,0.2452793319157072,0.1113511286023263,-0.4432744790872679,0.0344980097302078,74,28.142857142857142,0.4974619289340101
usa,AAPL,priority,30,30,"NVDA,MSFT,AVGO,ORCL,AMD,CSCO,QCOM,TXN,IBM,ACN,ADI,GOOGL,META,NFLX,DIS,VZ,AMZN,TSLA,HD,MCD,LOW,WMT,COST,PG,KO,PEP,PM,BRK-B,JPM,V","TMUS,CMCSA,BKNG,SBUX",,252,63,0.8,60,2.0,1.0,5.0,252.0,0.0806875396547821,0.0086861395990054,0.2312371113553111,0.0375637783576123,-0.492609155360925,0.0380362671384343,84,19.92682926829268,0.4932680538555691
usa,AAPL,priority,30,30,"NVDA,MSFT,AVGO,ORCL,AMD,CSCO,QCOM,TXN,IBM,ACN,ADI,GOOGL,META,NFLX,DIS,VZ,AMZN,TSLA,HD,MCD,LOW,WMT,COST,PG,KO,PEP,PM,BRK-B,JPM,V","TMUS,CMCSA,BKNG,SBUX",,252,63,0.8,60,2.5,0.0,5.0,252.0,0.8077654602666444,0.0682177715125953,0.3129999928085102,0.2179481568050072,-0.4182540290088522,0.0119416187527642,14,1995.0,0.5137844611528822
usa,AAPL,priority,30,30,"NVDA,MSFT,AVGO,ORCL,AMD,CSCO,QCOM,TXN,IBM,ACN,ADI,GOOGL,META,NFLX,DIS,VZ,AMZN,TSLA,HD,MCD,LOW,WMT,COST,PG,KO,PEP,PM,BRK-B,JPM,V","TMUS,CMCSA,BKNG,SBUX",,252,63,0.8,60,2.5,0.25,5.0,252.0,0.3940198544049531,0.0377183883406544,0.2268731828413601,0.1662531810426833,-0.3761321398774055,0.0194604157452454,41,41.94736842105263,0.5043914680050188
usa,AAPL,priority,30,30,"NVDA,MSFT,AVGO,ORCL,AMD,CSCO,QCOM,TXN,IBM,ACN,ADI,GOOGL,META,NFLX,DIS,VZ,AMZN,TSLA,HD,MCD,LOW,WMT,COST,PG,KO,PEP,PM,BRK-B,JPM,V","TMUS,CMCSA,BKNG,SBUX",,252,63,0.8,60,2.5,0.5,5.0,252.0,0.2236726661332482,0.0227529502573091,0.2236048364914989,0.1017551794241901,-0.3832553727138565,0.0194604157452454,42,36.8,0.4972826086956521
usa,AAPL,priority,30,30,"NVDA,MSFT,AVGO,ORCL,AMD,CSCO,QCOM,TXN,IBM,ACN,ADI,GOOGL,META,NFLX,DIS,VZ,AMZN,TSLA,HD,MCD,LOW,WMT,COST,PG,KO,PEP,PM,BRK-B,JPM,V","TMUS,CMCSA,BKNG,SBUX",,252,63,0.8,60,2.5,0.75,5.0,252.0,-0.0586294199005344,-0.0067113173477818,0.2150518708260034,-0.031207900317277,-0.4192029428118694,0.0194604157452454,43,29.33333333333333,0.4967532467532468
usa,AAPL,priority,30,30,"NVDA,MSFT,AVGO,ORCL,AMD,CSCO,QCOM,TXN,IBM,ACN,ADI,GOOGL,META,NFLX,DIS,VZ,AMZN,TSLA,HD,MCD,LOW,WMT,COST,PG,KO,PEP,PM,BRK-B,JPM,V","TMUS,CMCSA,BKNG,SBUX",,252,63,0.8,60,2.5,1.0,5.0,252.0,0.0405053279066323,0.0044352977978452,0.2098945072095637,0.0211310808310811,-0.3977857483005516,0.0212295444493586,47,22.65217391304348,0.4932821497120921
usa,AAPL,priority,30,30,"NVDA,MSFT,AVGO,ORCL,AMD,CSCO,QCOM,TXN,IBM,ACN,ADI,GOOGL,META,NFLX,DIS,VZ,AMZN,TSLA,HD,MCD,LOW,WMT,COST,PG,KO,PEP,PM,BRK-B,JPM,V","TMUS,CMCSA,BKNG,SBUX",,252,63,0.8,60,3.0,0.0,5.0,252.0,1.5029529306651983,0.1076679428100975,0.3128975817719157,0.3440996322195332,-0.4331825930092869,0.0075187969924812,9,1993.0,0.5137982940291018
usa,AAPL,priority,30,30,"NVDA,MSFT,AVGO,ORCL,AMD,CSCO,QCOM,TXN,IBM,ACN,ADI,GOOGL,META,NFLX,DIS,VZ,AMZN,TSLA,HD,MCD,LOW,WMT,COST,PG,KO,PEP,PM,BRK-B,JPM,V","TMUS,CMCSA,BKNG,SBUX",,252,63,0.8,60,3.0,0.25,5.0,252.0,0.8024196349197033,0.0678652353166087,0.2216047191674884,0.3062445401504121,-0.3154848947337078,0.0141530296329057,31,42.333333333333336,0.5181102362204725
usa,AAPL,priority,30,30,"NVDA,MSFT,AVGO,ORCL,AMD,CSCO,QCOM,TXN,IBM,ACN,ADI,GOOGL,META,NFLX,DIS,VZ,AMZN,TSLA,HD,MCD,LOW,WMT,COST,PG,KO,PEP,PM,BRK-B,JPM,V","TMUS,CMCSA,BKNG,SBUX",,252,63,0.8,60,3.0,0.5,5.0,252.0,0.630970239780746,0.0560347175362148,0.2166563760441082,0.2586340571154338,-0.3154566494836223,0.0141530296329057,32,35.6875,0.5131348511383538
usa,AAPL,priority,30,30,"NVDA,MSFT,AVGO,ORCL,AMD,CSCO,QCOM,TXN,IBM,ACN,ADI,GOOGL,META,NFLX,DIS,VZ,AMZN,TSLA,HD,MCD,LOW,WMT,COST,PG,KO,PEP,PM,BRK-B,JPM,V","TMUS,CMCSA,BKNG,SBUX",,252,63,0.8,60,3.0,0.75,5.0,252.0,0.2249737065000325,0.022874091263443,0.2047033542718253,0.1117426304264101,-0.3211459892548743,0.0141530296329057,32,25.5,0.5098039215686274
usa,AAPL,priority,30,30,"NVDA,MSFT,AVGO,ORCL,AMD,CSCO,QCOM,TXN,IBM,ACN,ADI,GOOGL,META,NFLX,DIS,VZ,AMZN,TSLA,HD,MCD,LOW,WMT,COST,PG,KO,PEP,PM,BRK-B,JPM,V","TMUS,CMCSA,BKNG,SBUX",,252,63,0.8,60,3.0,1.0,5.0,252.0,0.2481074695416649,0.0250092275830005,0.2011457800633183,0.1243338417297538,-0.3257458654889424,0.0150375939849624,34,21.294117647058822,0.5027624309392266
usa,MSFT,priority,30,30,"NVDA,AAPL,AVGO,ORCL,AMD,CSCO,QCOM,TXN,IBM,ACN,ADI,GOOGL,META,NFLX,DIS,VZ,AMZN,TSLA,HD,MCD,LOW,WMT,COST,PG,KO,PEP,PM,BRK-B,JPM,V","TMUS,CMCSA,BKNG,SBUX",,252,5,0.8,60,1.0,0.0,5.0,252.0,1.9612366976710105,0.1286208990699615,0.1969418806763284,0.6530906408949575,-0.2331370400187693,0.0473241928350287,54,2200.0,0.519090909090909
usa,MSFT,priority,30,30,"NVDA,AAPL,AVGO,ORCL,AMD,CSCO,QCOM,TXN,IBM,ACN,ADI,GOOGL,META,NFLX,DIS,VZ,AMZN,TSLA,HD,MCD,LOW,WMT,COST,PG,KO,PEP,PM,BRK-B,JPM,V","TMUS,CMCSA,BKNG,SBUX",,252,5,0.8,60,1.0,0.25,5.0,252.0,1.5356124386421015,0.109269572748732,0.1754638044733157,0.6227470849428071,-0.2214845320855656,0.0734188412206988,154,22.422535211267604,0.5201005025125628
usa,MSFT,priority,30,30,"NVDA,AAPL,AVGO,ORCL,AMD,CSCO,QCOM,TXN,IBM,ACN,ADI,GOOGL,META,NFLX,DIS,VZ,AMZN,TSLA,HD,MCD,LOW,WMT,COST,PG,KO,PEP,PM,BRK-B,JPM,V","TMUS,CMCSA,BKNG,SBUX",,252,5,0.8,60,1.0,0.5,5.0,252.0,1.2322514241050575,0.0936269425922287,0.170304011350488,0.5497635777911487,-0.2365119395274031,0.0822644847412649,179,16.872093023255815,0.5175740868366644
usa,MSFT,priority,30,30,"NVDA,AAPL,AVGO,ORCL,AMD,CSCO,QCOM,TXN,IBM,ACN,ADI,GOOGL,META,NFLX,DIS,VZ,AMZN,TSLA,HD,MCD,LOW,WMT,COST,PG,KO,PEP,PM,BRK-B,JPM,V","TMUS,CMCSA,BKNG,SBUX",,252,5,0.8,60,1.0,0.75,5.0,252.0,0.9312404943876356,0.0761131101530141,0.1639416916844605,0.4642693958502604,-0.2262946239448506,0.0981866430782839,216,12.533333333333331,0.5144376899696048
usa,MSFT,priority,30,30,"NVDA,AAPL,AVGO,ORCL,AMD,CSCO,QCOM,TXN,IBM,ACN,ADI,GOOGL,META,NFLX,DIS,VZ,AMZN,TSLA,HD,MCD,LOW,WMT,COST,PG,KO,PEP,PM,BRK-B,JPM,V","TMUS,CMCSA,BKNG,SBUX",,252,5,0.8,60,1.5,0.0,5.0,252.0,2.2011025495421657,0.1384611640394504,0.1968473602468507,0.7033935525770688,-0.227850177944616,0.0367094206103494,42,2196.0,0.5273224043715847
usa,MSFT,priority,30,30,"NVDA,AAPL,AVGO,ORCL,AMD,CSCO,QCOM,TXN,IBM,ACN,ADI,GOOGL,META,NFLX,DIS,VZ,AMZN,TSLA,HD,MCD,LOW,WMT,COST,PG,KO,PEP,PM,BRK-B,JPM,V","TMUS,CMCSA,BKNG,SBUX",,252,5,0.8,60,1.5,0.25,5.0,252.0,1.1585651536497583,0.0895430990905328,0.1638744258059774,0.5464128929827601,-0.2945410873941027,0.0521892967713401,112,25.77358490566038,0.5234260614934114
usa,MSFT,priority,30,30,"NVDA,AAPL,AVGO,ORCL,AMD,CSCO,QCOM,TXN,IBM,ACN,ADI,GOOGL,META,NFLX,DIS,VZ,AMZN,TSLA,HD,MCD,LOW,WMT,COST,PG,KO,PEP,PM,BRK-B,JPM,V","TMUS,CMCSA,BKNG,SBUX",,252,5,0.8,60,1.5,0.5,5.0,252.0,1.0580559825810072,0.083768201641037,0.1566770525662524,0.5346552048878684,-0.2543718093489024,0.0566121185316231,124,19.766666666666666,0.5236087689713322
usa,MSFT,priority,30,30,"NVDA,AAPL,AVGO,ORCL,AMD,CSCO,QCOM,TXN,IBM,ACN,ADI,GOOGL,META,NFLX,DIS,VZ,AMZN,TSLA,HD,MCD,LOW,WMT,COST,PG,KO,PEP,PM,BRK-B,JPM,V","TMUS,CMCSA,BKNG,SBUX",,252,5,0.8,60,1.5,0.75,5.0,252.0,0.9175181720745128,0.0752581928574918,0.150111356026508,0.5013490974273928,-0.2200840677970963,0.063688633348076,141,15.130434782608695,0.5268199233716475
usa,MSFT,priority,30,30,"NVDA,AAPL,AVGO,ORCL,AMD,CSCO,QCOM,TXN,IBM,ACN,ADI,GOOGL,META,NFLX,DIS,VZ,AMZN,TSLA,HD,MCD,LOW,WMT,COST,PG,KO,PEP,PM,BRK-B,JPM,V","TMUS,CMCSA,BKNG,SBUX",,252,5,0.8,60,1.5,1.0,5.0,252.0,0.7549741416381561,0.0646950128015861,0.1418239636076563,0.4561641852046902,-0.1788907654005931,0.0725342768686422,164,10.853658536585366,0.5280898876404494
usa,MSFT,priority,30,30,"NVDA,AAPL,AVGO,ORCL,AMD,CSCO,QCOM,TXN,IBM,ACN,ADI,GOOGL,META,NFLX,DIS,VZ,AMZN,TSLA,HD,MCD,LOW,WMT,COST,PG,KO,PEP,PM,BRK-B,JPM,V","TMUS,CMCSA,BKNG,SBUX",,252,5,0.8,60,2.0,0.0,5.0,252.0,2.219865790715444,0.1392029834913712,0.1967968743825763,0.707343467359946,-0.2339642286137143,0.0243255196815568,28,2192.0,0.5287408759124088
usa,MSFT,priority,30,30,"NVDA,AAPL,AVGO,ORCL,AMD,CSCO,QCOM,TXN,IBM,ACN,ADI,GOOGL,META,NFLX,DIS,VZ,AMZN,TSLA,HD,MCD,LOW,WMT,COST,PG,KO,PEP,PM,BRK-B,JPM,V","TMUS,CMCSA,BKNG,SBUX",,252,5,0.8,60,2.0,0.25,5.0,252.0,1.412098025788182,0.1031126653309675,0.1498238201409839,0.6882261127365376,-0.1824929468186246,0.0380362671384343,81,28.34210526315789,0.542246982358403
usa,MSFT,priority,30,30,"NVDA,AAPL,AVGO,ORCL,AMD,CSCO,QCOM,TXN,IBM,ACN,ADI,GOOGL,META,NFLX,DIS,VZ,AMZN,TSLA,HD,MCD,LOW,WMT,COST,PG,KO,PEP,PM,BRK-B,JPM,V","TMUS,CMCSA,BKNG,SBUX",,252,5,0.8,60,2.0,0.5,5.0,252.0,1.154079044356906,0.0892904891624664,0.1441797524555327,0.6192997812921405,-0.1883055992360572,0.0398053958425475,87,21.261904761904763,0.541993281075028
usa,MSFT,priority,30,30,"NVDA,AAPL,AVGO,ORCL,AMD,CSCO,QCOM,TXN,IBM,ACN,ADI,GOOGL,META,NFLX,DIS,VZ,AMZN,TSLA,HD,MCD,LOW,WMT,COST,PG,KO,PEP,PM,BRK-B,JPM,V","TMUS,CMCSA,BKNG,SBUX",,252,5,0.8,60,2.0,0.75,5.0,252.0,1.0068644589403433,0.0807299350645831,0.1369535200627955,0.5894695881315581,-0.1788907654005933,0.0424590888987173,94,16.52173913043478,0.5407894736842105
usa,MSFT,priority,30,30,"NVDA,AAPL,AVGO,ORCL,AMD,CSCO,QCOM,TXN,IBM,ACN,ADI,GOOGL,META,NFLX,DIS,VZ,AMZN,TSLA,HD,MCD,LOW,WMT,COST,PG,KO,PEP,PM,BRK-B,JPM,V","TMUS,CMCSA,BKNG,SBUX",,252,5,0.8,60,2.0,1.0,5.0,252.0,0.7551019660836622,0.0647036555991533,0.130960740746018,0.494069102164274,-0.1788907654005931,0.0451127819548872,102,12.549019607843135,0.540625
usa,MSFT,priority,30,30,"NVDA,AAPL,AVGO,ORCL,AMD,CSCO,QCOM,TXN,IBM,ACN,ADI,GOOGL,META,NFLX,DIS,VZ,AMZN,TSLA,HD,MCD,LOW,WMT,COST,PG,KO,PEP,PM,BRK-B,JPM,V","TMUS,CMCSA,BKNG,SBUX",,252,5,0.8,60,2.5,0.0,5.0,252.0,0.6515720860406078,0.0575131909313735,0.1954432302525786,0.2942705708304506,-0.2278501779446159,0.010172490048651,12,2059.0,0.5133559980573094
usa,MSFT,priority,30,30,"NVDA,AAPL,AVGO,ORCL,AMD,CSCO,QCOM,TXN,IBM,ACN,ADI,GOOGL,META,NFLX,DIS,VZ,AMZN,TSLA,HD,MCD,LOW,WMT,COST,PG,KO,PEP,PM,BRK-B,JPM,V","TMUS,CMCSA,BKNG,SBUX",,252,5,0.8,60,2.5,0.25,5.0,252.0,0.5130711426289192,0.0472400510194255,0.1289428413998098,0.36636427820719,-0.1788907654005935,0.020344980097302,45,28.727272727272727,0.5332278481012658
usa,MSFT,priority,30,30,"NVDA,AAPL,AVGO,ORCL,AMD,CSCO,QCOM,TXN,IBM,ACN,ADI,GOOGL,META,NFLX,DIS,VZ,AMZN,TSLA,HD,MCD,LOW,WMT,COST,PG,KO,PEP,PM,BRK-B,JPM,V","TMUS,CMCSA,BKNG,SBUX",,252,5,0.8,60,2.5,0.5,5.0,252.0,0.498817948527835,0.0461359123063629,0.1237833820328898,0.3727149117165372,-0.1788907654005935,0.0212295444493586,47,22.217391304347824,0.5322896281800391
usa,MSFT,priority,30,30,"NVDA,AAPL,AVGO,ORCL,AMD,CSCO,QCOM,TXN,IBM,ACN,ADI,GOOGL,META,NFLX,DIS,VZ,AMZN,TSLA,HD,MCD,LOW,WMT,COST,PG,KO,PEP,PM,BRK-B,JPM,V","TMUS,CMCSA,BKNG,SBUX",,252,5,0.8,60,2.5,0.75,5.0,252.0,0.6913734077331386,0.0603236738364019,0.1177489740934528,0.5123074260377446,-0.178890765400593,0.0238832375055285,53,15.653846153846152,0.542997542997543
usa,MSFT,priority,30,30,"NVDA,AAPL,AVGO,ORCL,AMD,CSCO,QCOM,TXN,IBM,ACN,ADI,GOOGL,META,NFLX,DIS,VZ,AMZN,TSLA,HD,MCD,LOW,WMT,COST,PG,KO,PEP,PM,BRK-B,JPM,V","TMUS,CMCSA,BKNG,SBUX",,252,5,0.8,60,2.5,1.0,5.0,252.0,0.427258910090158,0.0404473830181573,0.1145747789647788,0.3530216980003176,-0.1788907654005935,0.0238832375055285,54,13.592592592592592,0.5367847411444142
usa,MSFT,priority,30,30,"NVDA,AAPL,AVGO,ORCL,AMD,CSCO,QCOM,TXN,IBM,ACN,ADI,GOOGL,META,NFLX,DIS,VZ,AMZN,TSLA,HD,MCD,LOW,WMT,COST,PG,KO,PEP,PM,BRK-B,JPM,V","TMUS,CMCSA,BKNG,SBUX",,252,5,0.8,60,3.0,0.0,5.0,252.0,0.4889676905346327,0.0453673868520145,0.1954676500559427,0.2320966504638002,-0.2278501779446159,0.0039805395842547,5,2059.0,0.5114133074307916
usa,MSFT,priority,30,30,"NVDA,AAPL,AVGO,ORCL,AMD,CSCO,QCOM,TXN,IBM,ACN,ADI,GOOGL,META,NFLX,DIS,VZ,AMZN,TSLA,HD,MCD,LOW,WMT,COST,PG,KO,PEP,PM,BRK-B,JPM,V","TMUS,CMCSA,BKNG,SBUX",,252,5,0.8,60,3.0,0.25,5.0,252.0,0.3142242467585445,0.0309232144858278,0.1067567065815045,0.2896606262597576,-0.1788907654005934,0.0097302078726227,21,28.9,0.5363321799307958
usa,MSFT,priority,30,30,"NVDA,AAPL,AVGO,ORCL,AMD,CSCO,QCOM,TXN,IBM,ACN,ADI,GOOGL,META,NFLX,DIS,VZ,AMZN,TSLA,HD,MCD,LOW,WMT,COST,PG,KO,PEP,PM,BRK-B,JPM,V","TMUS,CMCSA,BKNG,SBUX",,252,5,0.8,60,3.0,0.5,5.0,252.0,0.2395081808179815,0.024219692534829,0.1051169787145333,0.2304070458550998,-0.1788907654005932,0.0097302078726227,21,27.0,0.5333333333333333
usa,MSFT,priority,30,30,"NVDA,AAPL,AVGO,ORCL,AMD,CSCO,QCOM,TXN,IBM,ACN,ADI,GOOGL,META,NFLX,DIS,VZ,AMZN,TSLA,HD,MCD,LOW,WMT,COST,PG,KO,PEP,PM,BRK-B,JPM,V","TMUS,CMCSA,BKNG,SBUX",,252,5,0.8,60,3.0,0.75,5.0,252.0,0.1876281081181776,0.0193504515037339,0.1023040071056623,0.1891465647454871,-0.1788907654005932,0.0097302078726227,21,22.1,0.5248868778280543
usa,MSFT,priority,30,30,"NVDA,AAPL,AVGO,ORCL,AMD,CSCO,QCOM,TXN,IBM,ACN,ADI,GOOGL,META,NFLX,DIS,VZ,AMZN,TSLA,HD,MCD,LOW,WMT,COST,PG,KO,PEP,PM,BRK-B,JPM,V","TMUS,CMCSA,BKNG,SBUX",,252,5,0.8,60,3.0,1.0,5.0,252.0,0.0943369977429373,0.0100981788853466,0.1012173350433328,0.099767286710557,-0.1788907654005935,0.0097302078726227,22,18.545454545454547,0.5147058823529411
usa,MSFT,priority,30,30,"NVDA,AAPL,AVGO,ORCL,AMD,CSCO,QCOM,TXN,IBM,ACN,ADI,GOOGL,META,NFLX,DIS,VZ,AMZN,TSLA,HD,MCD,LOW,WMT,COST,PG,KO,PEP,PM,BRK-B,JPM,V","TMUS,CMCSA,BKNG,SBUX",,252,10,0.8,60,1.0,0.0,5.0,252.0,2.606594226405873,0.1536958702933712,0.2166558447753963,0.7094009877864376,-0.2741595369227141,0.0473241928350287,54,2200.0,0.5163636363636364
usa,MSFT,priority,30,30,"NVDA,AAPL,AVGO,ORCL,AMD,CSCO,QCOM,TXN,IBM,ACN,ADI,GOOGL,META,NFLX,DIS,VZ,AMZN,TSLA,HD,MCD,LOW,WMT,COST,PG,KO,PEP,PM,BRK-B,JPM,V","TMUS,CMCSA,BKNG,SBUX",,252,10,0.8,60,1.0,0.25,5.0,252.0,1.2803554268725723,0.0962288117394558,0.194733709819084,0.4941559005313283,-0.274159536922714,0.0681114551083591,142,25.184615384615384,0.5131337813072694
usa,MSFT,priority,30,30,"NVDA,AAPL,AVGO,ORCL,AMD,CSCO,QCOM,TXN,IBM,ACN,ADI,GOOGL,META,NFLX,DIS,VZ,AMZN,TSLA,HD,MCD,LOW,WMT,COST,PG,KO,PEP,PM,BRK-B,JPM,V","TMUS,CMCSA,BKNG,SBUX",,252,10,0.8,60,1.0,0.5,5.0,252.0,1.2962684009787375,0.0970787891605777,0.1892719661035162,0.5129063281747896,-0.2501801895749469,0.0804953560371517,175,17.785714285714285,0.5133868808567604
usa,MSFT,priority,30,30,"NVDA,AAPL,AVGO,ORCL,AMD,CSCO,QCOM,TXN,IBM,ACN,ADI,GOOGL,META,NFLX,DIS,VZ,AMZN,TSLA,HD,MCD,LOW,WMT,COST,PG,KO,PEP,PM,BRK-B,JPM,V","TMUS,CMCSA,BKNG,SBUX",,252,10,0.8,60,1.0,0.75,5.0,252.0,0.6360039156769992,0.0563974802536766,0.1818412611489508,0.3101467725054987,-0.2553306310951562,0.0937638213180008,208,13.068627450980392,0.5063765941485371
usa,MSFT,priority,30,30,"NVDA,AAPL,AVGO,ORCL,AMD,CSCO,QCOM,TXN,IBM,ACN,ADI,GOOGL,META,NFLX,DIS,VZ,AMZN,TSLA,HD,MCD,LOW,WMT,COST,PG,KO,PEP,PM,BRK-B,JPM,V","TMUS,CMCSA,BKNG,SBUX",,252,10,0.8,60,1.5,0.0,5.0,252.0,1.915690038907127,0.1266727691655973,0.2167075180564164,0.5845333392292373,-0.274159536922714,0.0331711632021229,38,2196.0,0.5227686703096539
usa,MSFT,priority,30,30,"NVDA,AAPL,AVGO,ORCL,AMD,CSCO,QCOM,TXN,IBM,ACN,ADI,GOOGL,META,NFLX,DIS,VZ,AMZN,TSLA,HD,MCD,LOW,WMT,COST,PG,KO,PEP,PM,BRK-B,JPM,V","TMUS,CMCSA,BKNG,SBUX",,252,10,0.8,60,1.5,0.25,5.0,252.0,0.968290866098825,0.0783947185874212,0.1853908799595831,0.4228617858899636,-0.2741595369227141,0.0504201680672268,110,25.9811320754717,0.5192447349310094
usa,MSFT,priority,30,30,"NVDA,AAPL,AVGO,ORCL,AMD,CSCO,QCOM,TXN,IBM,ACN,ADI,GOOGL,META,NFLX,DIS,VZ,AMZN,TSLA,HD,MCD,LOW,WMT,COST,PG,KO,PEP,PM,BRK-B,JPM,V","TMUS,CMCSA,BKNG,SBUX",,252,10,0.8,60,1.5,0.5,5.0,252.0,1.1563212988044094,0.0894168074386805,0.1802852046479836,0.4959741849769179,-0.2466656061160044,0.0566121185316231,125,19.983606557377048,0.5242001640689089
usa,MSFT,priority,30,30,"NVDA,AAPL,AVGO,ORCL,AMD,CSCO,QCOM,TXN,IBM,ACN,ADI,GOOGL,META,NFLX,DIS,VZ,AMZN,TSLA,HD,MCD,LOW,WMT,COST,PG,KO,PEP,PM,BRK-B,JPM,V","TMUS,CMCSA,BKNG,SBUX",,252,10,0.8,60,1.5,0.75,5.0,252.0,0.979873506132849,0.0791001638437782,0.1739635822082315,0.4546938091278018,-0.2368899395687199,0.063688633348076,142,15.114285714285714,0.5255198487712666
usa,MSFT,priority,30,30,"NVDA,AAPL,AVGO,ORCL,AMD,CSCO,QCOM,TXN,IBM,ACN,ADI,GOOGL,META,NFLX,DIS,VZ,AMZN,TSLA,HD,MCD,LOW,WMT,COST,PG,KO,PEP,PM,BRK-B,JPM,V","TMUS,CMCSA,BKNG,SBUX",,252,10,0.8,60,1.5,1.0,5.0,252.0,0.7223911944462202,0.0624734711265548,0.1675520787242826,0.3728600182237003,-0.2368899395687198,0.0734188412206988,166,11.08433734939759,0.5260869565217391
usa,MSFT,priority,30,30,"NVDA,AAPL,AVGO,ORCL,AMD,CSCO,QCOM,TXN,IBM,ACN,ADI,GOOGL,META,NFLX,DIS,VZ,AMZN,TSLA,HD,MCD,LOW,WMT,COST,PG,KO,PEP,PM,BRK-B,JPM,V","TMUS,CMCSA,BKNG,SBUX",,252,10,0.8,60,2.0,0.0,5.0,252.0,2.977189130132941,0.1663417861209273,0.2164469834095136,0.7685105308500039,-0.2741595369227142,0.02609464838567,30,2186.0,0.5224153705397987
usa,MSFT,priority,30,30,"NVDA,AAPL,AVGO,ORCL,AMD,CSCO,QCOM,TXN,IBM,ACN,ADI,GOOGL,META,NFLX,DIS,VZ,AMZN,TSLA,HD,MCD,LOW,WMT,COST,PG,KO,PEP,PM,BRK-B,JPM,V","TMUS,CMCSA,BKNG,SBUX",,252,10,0.8,60,2.0,0.25,5.0,252.0,1.4538540910550566,0.1052248295910975,0.1749738232178639,0.601374695116993,-0.274159536922714,0.0389208314904909,84,28.275,0.5278514588859416
usa,MSFT,priority,30,30,"NVDA,AAPL,AVGO,ORCL,AMD,CSCO,QCOM,TXN,IBM,ACN,ADI,GOOGL,META,NFLX,DIS,VZ,AMZN,TSLA,HD,MCD,LOW,WMT,COST,PG,KO,PEP,PM,BRK-B,JPM,V","TMUS,CMCSA,BKNG,SBUX",,252,10,0.8,60,2.0,0.5,5.0,252.0,1.4387111346029051,0.1044625641417678,0.1693226196717838,0.6169439401791608,-0.2368899395687199,0.0415745245466607,91,21.818181818181817,0.5302083333333333
usa,MSFT,priority,30,30,"NVDA,AAPL,AVGO,ORCL,AMD,CSCO,QCOM,TXN,IBM,ACN,ADI,GOOGL,META,NFLX,DIS,VZ,AMZN,TSLA,HD,MCD,LOW,WMT,COST,PG,KO,PEP,PM,BRK-B,JPM,V","TMUS,CMCSA,BKNG,SBUX",,252,10,0.8,60,2.0,0.75,5.0,252.0,1.3632961396922916,0.1006025264074319,0.1635121317699187,0.6152603193320961,-0.23688993956872,0.0459973463069438,102,16.5,0.5296969696969697
usa,MSFT,priority,30,30,"NVDA,AAPL,AVGO,ORCL,AMD,CSCO,QCOM,TXN,IBM,ACN,ADI,GOOGL,META,NFLX,DIS,VZ,AMZN,TSLA,HD,MCD,LOW,WMT,COST,PG,KO,PEP,PM,BRK-B,JPM,V","TMUS,CMCSA,BKNG,SBUX",,252,10,0.8,60,2.0,1.0,5.0,252.0,0.7399974776980545,0.0636784788780746,0.1558797711093057,0.4085102154366273,-0.2368899395687199,0.0486510393631136,110,12.654545454545454,0.5258620689655172
usa,MSFT,priority,30,30,"NVDA,AAPL,AVGO,ORCL,AMD,CSCO,QCOM,TXN,IBM,ACN,ADI,GOOGL,META,NFLX,DIS,VZ,AMZN,TSLA,HD,MCD,LOW,WMT,COST,PG,KO,PEP,PM,BRK-B,JPM,V","TMUS,CMCSA,BKNG,SBUX",,252,10,0.8,60,2.5,0.0,5.0,252.0,0.6457839448591607,0.0570994728319613,0.2153338862939595,0.2651671495586764,-0.2741595369227139,0.0119416187527642,14,2059.0,0.5070422535211268
usa,MSFT,priority,30,30,"NVDA,AAPL,AVGO,ORCL,AMD,CSCO,QCOM,TXN,IBM,ACN,ADI,GOOGL,META,NFLX,DIS,VZ,AMZN,TSLA,HD,MCD,LOW,WMT,COST,PG,KO,PEP,PM,BRK-B,JPM,V","TMUS,CMCSA,BKNG,SBUX",,252,10,0.8,60,2.5,0.25,5.0,252.0,0.3376017551113321,0.0329511191582121,0.1578591915173798,0.2087374123830117,-0.2741595369227141,0.020344980097302,46,31.91304347826087,0.5095367847411444
usa,MSFT,priority,30,30,"NVDA,AAPL,AVGO,ORCL,AMD,CSCO,QCOM,TXN,IBM,ACN,ADI,GOOGL,META,NFLX,DIS,VZ,AMZN,TSLA,HD,MCD,LOW,WMT,COST,PG,KO,PEP,PM,BRK-B,JPM,V","TMUS,CMCSA,BKNG,SBUX",,252,10,0.8,60,2.5,0.5,5.0,252.0,0.4088482080609472,0.0389428915443552,0.1524595452695684,0.2554309831863864,-0.2319914649252283,0.0221141088014153,50,24.84,0.5152979066022544
usa,MSFT,priority,30,30,"NVDA,AAPL,AVGO,ORCL,AMD,CSCO,QCOM,TXN,IBM,ACN,ADI,GOOGL,META,NFLX,DIS,VZ,AMZN,TSLA,HD,MCD,LOW,WMT,COST,PG,KO,PEP,PM,BRK-B,JPM,V","TMUS,CMCSA,BKNG,SBUX",,252,10,0.8,60,2.5,0.75,5.0,252.0,0.6194081858748655,0.0551976916398564,0.1458187125849824,0.3785364077171335,-0.2319914649252281,0.0238832375055285,54,17.88888888888889,0.5093167701863354
usa,MSFT,priority,30,30,"NVDA,AAPL,AVGO,ORCL,AMD,CSCO,QCOM,TXN,IBM,ACN,ADI,GOOGL,META,NFLX,DIS,VZ,AMZN,TSLA,HD,MCD,LOW,WMT,COST,PG,KO,PEP,PM,BRK-B,JPM,V","TMUS,CMCSA,BKNG,SBUX",,252,10,0.8,60,2.5,1.0,5.0,252.0,0.5077030062568104,0.0468252919005129,0.1413732837253044,0.3312174030808886,-0.2319914649252279,0.0256523662096417,58,14.413793103448276,0.5143540669856459
usa,MSFT,priority,30,30,"NVDA,AAPL,AVGO,ORCL,AMD,CSCO,QCOM,TXN,IBM,ACN,ADI,GOOGL,META,NFLX,DIS,VZ,AMZN,TSLA,HD,MCD,LOW,WMT,COST,PG,KO,PEP,PM,BRK-B,JPM,V","TMUS,CMCSA,BKNG,SBUX",,252,10,0.8,60,3.0,0.0,5.0,252.0,0.0137885134430917,0.0015274669529983,0.2154083511870517,0.0070910294080099,-0.3458299739110114,0.0030959752321981,4,2059.0,0.4934434191355026
usa,MSFT,priority,30,30,"NVDA,AAPL,AVGO,ORCL,AMD,CSCO,QCOM,TXN,IBM,ACN,ADI,GOOGL,META,NFLX,DIS,VZ,AMZN,TSLA,HD,MCD,LOW,WMT,COST,PG,KO,PEP,PM,BRK-B,JPM,V","TMUS,CMCSA,BKNG,SBUX",,252,10,0.8,60,3.0,0.25,5.0,252.0,0.0811327625961111,0.008732447377326,0.1376948954410678,0.0634188170110012,-0.28498343790818,0.0097302078726227,22,34.72727272727273,0.4869109947643979
usa,MSFT,priority,30,30,"NVDA,AAPL,AVGO,ORCL,AMD,CSCO,QCOM,TXN,IBM,ACN,ADI,GOOGL,META,NFLX,DIS,VZ,AMZN,TSLA,HD,MCD,LOW,WMT,COST,PG,KO,PEP,PM,BRK-B,JPM,V","TMUS,CMCSA,BKNG,SBUX",,252,10,0.8,60,3.0,0.5,5.0,252.0,0.1823067120893675,0.0188403757015069,0.1327270736760483,0.1419482489871762,-0.2319914649252281,0.0106147722246793,24,25.08333333333333,0.5049833887043189
usa,MSFT,priority,30,30,"NVDA,AAPL,AVGO,ORCL,AMD,CSCO,QCOM,TXN,IBM,ACN,ADI,GOOGL,META,NFLX,DIS,VZ,AMZN,TSLA,HD,MCD,LOW,WMT,COST,PG,KO,PEP,PM,BRK-B,JPM,V","TMUS,CMCSA,BKNG,SBUX",,252,10,0.8,60,3.0,0.75,5.0,252.0,0.1835773756638614,0.0189623586923424,0.1303208985323394,0.1455051254702396,-0.231991464925228,0.0106147722246793,24,20.916666666666668,0.50199203187251
usa,MSFT,priority,30,30,"NVDA,AAPL,AVGO,ORCL,AMD,CSCO,QCOM,TXN,IBM,ACN,ADI,GOOGL,META,NFLX,DIS,VZ,AMZN,TSLA,HD,MCD,LOW,WMT,COST,PG,KO,PEP,PM,BRK-B,JPM,V","TMUS,CMCSA,BKNG,SBUX",,252,10,0.8,60,3.0,1.0,5.0,252.0,0.0639862119920675,0.0069366648770032,0.1270237699119835,0.054609187570246,-0.2319914649252281,0.0106147722246793,24,19.0,0.5043859649122807
usa,MSFT,priority,30,30,"NVDA,AAPL,AVGO,ORCL,AMD,CSCO,QCOM,TXN,IBM,ACN,ADI,GOOGL,META,NFLX,DIS,VZ,AMZN,TSLA,HD,MCD,LOW,WMT,COST,PG,KO,PEP,PM,BRK-B,JPM,V","TMUS,CMCSA,BKNG,SBUX",,252,21,0.8,60,1.0,0.0,5.0,252.0,2.1451882400763944,0.1362274065575162,0.2336998573957612,0.5829160876500691,-0.2966268143725897,0.042016806722689,48,2198.0,0.5100090991810737
usa,MSFT,priority,30,30,"NVDA,AAPL,AVGO,ORCL,AMD,CSCO,QCOM,TXN,IBM,ACN,ADI,GOOGL,META,NFLX,DIS,VZ,AMZN,TSLA,HD,MCD,LOW,WMT,COST,PG,KO,PEP,PM,BRK-B,JPM,V","TMUS,CMCSA,BKNG,SBUX",,252,21,0.8,60,1.0,0.25,5.0,252.0,1.968371857623188,0.1289236700227887,0.2162923225987304,0.5960621647305082,-0.2966268143725898,0.063688633348076,128,30.714285714285715,0.502906976744186
usa,MSFT,priority,30,30,"NVDA,AAPL,AVGO,ORCL,AMD,CSCO,QCOM,TXN,IBM,ACN,ADI,GOOGL,META,NFLX,DIS,VZ,AMZN,TSLA,HD,MCD,LOW,WMT,COST,PG,KO,PEP,PM,BRK-B,JPM,V","TMUS,CMCSA,BKNG,SBUX",,252,21,0.8,60,1.0,0.5,5.0,252.0,1.7175657482099078,0.117870732021567,0.1995417742331529,0.5907070460536349,-0.2662777721188535,0.0804953560371517,173,18.0,0.5088075880758808
usa,MSFT,priority,30,30,"NVDA,AAPL,AVGO,ORCL,AMD,CSCO,QCOM,TXN,IBM,ACN,ADI,GOOGL,META,NFLX,DIS,VZ,AMZN,TSLA,HD,MCD,LOW,WMT,COST,PG,KO,PEP,PM,BRK-B,JPM,V","TMUS,CMCSA,BKNG,SBUX",,252,21,0.8,60,1.0,0.75,5.0,252.0,1.624966127879209,0.1135596294546581,0.193566221397768,0.5866706940633989,-0.2662777721188533,0.0990712074303405,219,12.355140186915888,0.5075642965204236
usa,MSFT,priority,30,30,"NVDA,AAPL,AVGO,ORCL,AMD,CSCO,QCOM,TXN,IBM,ACN,ADI,GOOGL,META,NFLX,DIS,VZ,AMZN,TSLA,HD,MCD,LOW,WMT,COST,PG,KO,PEP,PM,BRK-B,JPM,V","TMUS,CMCSA,BKNG,SBUX",,252,21,0.8,60,1.5,0.0,5.0,252.0,3.8010045653596274,0.1910718076883795,0.2335592774750449,0.8180869959609929,-0.3178280676258208,0.0349402919062361,40,2196.0,0.5154826958105647
usa,MSFT,priority,30,30,"NVDA,AAPL,AVGO,ORCL,AMD,CSCO,QCOM,TXN,IBM,ACN,ADI,GOOGL,META,NFLX,DIS,VZ,AMZN,TSLA,HD,MCD,LOW,WMT,COST,PG,KO,PEP,PM,BRK-B,JPM,V","TMUS,CMCSA,BKNG,SBUX",,252,21,0.8,60,1.5,0.25,5.0,252.0,2.2726648428166136,0.1412700120919972,0.2100622812618308,0.6725148905524454,-0.29662681437259,0.0504201680672268,103,33.5,0.5146009085009734
usa,MSFT,priority,30,30,"NVDA,AAPL,AVGO,ORCL,AMD,CSCO,QCOM,TXN,IBM,ACN,ADI,GOOGL,META,NFLX,DIS,VZ,AMZN,TSLA,HD,MCD,LOW,WMT,COST,PG,KO,PEP,PM,BRK-B,JPM,V","TMUS,CMCSA,BKNG,SBUX",,252,21,0.8,60,1.5,0.5,5.0,252.0,2.080475351711104,0.1335976657247488,0.1893521229754912,0.7055514542186625,-0.2684037782240488,0.059265811587793,129,19.870967741935484,0.5227272727272727
usa,MSFT,priority,30,30,"NVDA,AAPL,AVGO,ORCL,AMD,CSCO,QCOM,TXN,IBM,ACN,ADI,GOOGL,META,NFLX,DIS,VZ,AMZN,TSLA,HD,MCD,LOW,WMT,COST,PG,KO,PEP,PM,BRK-B,JPM,V","TMUS,CMCSA,BKNG,SBUX",,252,21,0.8,60,1.5,0.75,5.0,252.0,1.699057099917327,0.1170195862079532,0.1857475557583942,0.6299926032952116,-0.2684037782240488,0.0619195046439628,136,16.71212121212121,0.5176790571169537
usa,MSFT,priority,30,30,"NVDA,AAPL,AVGO,ORCL,AMD,CSCO,QCOM,TXN,IBM,ACN,ADI,GOOGL,META,NFLX,DIS,VZ,AMZN,TSLA,HD,MCD,LOW,WMT,COST,PG,KO,PEP,PM,BRK-B,JPM,V","TMUS,CMCSA,BKNG,SBUX",,252,21,0.8,60,1.5,1.0,5.0,252.0,1.0501293041866142,0.0833021707118657,0.1754303099049951,0.474844801659293,-0.2662777721188535,0.0716497125165855,161,11.5125,0.50814332247557
usa,MSFT,priority,30,30,"NVDA,AAPL,AVGO,ORCL,AMD,CSCO,QCOM,TXN,IBM,ACN,ADI,GOOGL,META,NFLX,DIS,VZ,AMZN,TSLA,HD,MCD,LOW,WMT,COST,PG,KO,PEP,PM,BRK-B,JPM,V","TMUS,CMCSA,BKNG,SBUX",,252,21,0.8,60,2.0,0.0,5.0,252.0,2.155789144416908,0.1366536052159133,0.2336369458016232,0.584897241945387,-0.3212973239115129,0.0243255196815568,28,2186.0,0.5164684354986276
usa,MSFT,priority,30,30,"NVDA,AAPL,AVGO,ORCL,AMD,CSCO,QCOM,TXN,IBM,ACN,ADI,GOOGL,META,NFLX,DIS,VZ,AMZN,TSLA,HD,MCD,LOW,WMT,COST,PG,KO,PEP,PM,BRK-B,JPM,V","TMUS,CMCSA,BKNG,SBUX",,252,21,0.8,60,2.0,0.25,5.0,252.0,2.153379379504317,0.1365568348931005,0.2043034421875903,0.6684020270579425,-0.29662681437259,0.0389208314904909,80,37.833333333333336,0.5205580029368576
usa,MSFT,priority,30,30,"NVDA,AAPL,AVGO,ORCL,AMD,CSCO,QCOM,TXN,IBM,ACN,ADI,GOOGL,META,NFLX,DIS,VZ,AMZN,TSLA,HD,MCD,LOW,WMT,COST,PG,KO,PEP,PM,BRK-B,JPM,V","TMUS,CMCSA,BKNG,SBUX",,252,21,0.8,60,2.0,0.5,5.0,252.0,2.0317520028553053,0.1315851006001263,0.181829651328767,0.7236724023751584,-0.2521413260481213,0.0433436532507739,95,22.347826086956523,0.5262645914396887
usa,MSFT,priority,30,30,"NVDA,AAPL,AVGO,ORCL,AMD,CSCO,QCOM,TXN,IBM,ACN,ADI,GOOGL,META,NFLX,DIS,VZ,AMZN,TSLA,HD,MCD,LOW,WMT,COST,PG,KO,PEP,PM,BRK-B,JPM,V","TMUS,CMCSA,BKNG,SBUX",,252,21,0.8,60,2.0,0.75,5.0,252.0,1.470241243681925,0.1060450307042306,0.1783421672944743,0.594615576971943,-0.2521413260481217,0.0433436532507739,96,19.46808510638298,0.5191256830601093
usa,MSFT,priority,30,30,"NVDA,AAPL,AVGO,ORCL,AMD,CSCO,QCOM,TXN,IBM,ACN,ADI,GOOGL,META,NFLX,DIS,VZ,AMZN,TSLA,HD,MCD,LOW,WMT,COST,PG,KO,PEP,PM,BRK-B,JPM,V","TMUS,CMCSA,BKNG,SBUX",,252,21,0.8,60,2.0,1.0,5.0,252.0,0.7746426353128177,0.0660183575381629,0.1664410529444523,0.3966470793728743,-0.2521413260481213,0.0451127819548872,102,13.92156862745098,0.5084507042253521
usa,MSFT,priority,30,30,"NVDA,AAPL,AVGO,ORCL,AMD,CSCO,QCOM,TXN,IBM,ACN,ADI,GOOGL,META,NFLX,DIS,VZ,AMZN,TSLA,HD,MCD,LOW,WMT,COST,PG,KO,PEP,PM,BRK-B,JPM,V","TMUS,CMCSA,BKNG,SBUX",,252,21,0.8,60,2.5,0.0,5.0,252.0,0.263133821636432,0.0263773271935983,0.2337498727330262,0.1128442419462823,-0.3178280676258206,0.0084033613445378,10,2180.0,0.5036697247706422
usa,MSFT,priority,30,30,"NVDA,AAPL,AVGO,ORCL,AMD,CSCO,QCOM,TXN,IBM,ACN,ADI,GOOGL,META,NFLX,DIS,VZ,AMZN,TSLA,HD,MCD,LOW,WMT,COST,PG,KO,PEP,PM,BRK-B,JPM,V","TMUS,CMCSA,BKNG,SBUX",,252,21,0.8,60,2.5,0.25,5.0,252.0,0.9075114752027252,0.0746313292777103,0.183912450938397,0.4057981332797782,-0.2966268143725898,0.020344980097302,45,41.27272727272727,0.51431718061674
usa,MSFT,priority,30,30,"NVDA,AAPL,AVGO,ORCL,AMD,CSCO,QCOM,TXN,IBM,ACN,ADI,GOOGL,META,NFLX,DIS,VZ,AMZN,TSLA,HD,MCD,LOW,WMT,COST,PG,KO,PEP,PM,BRK-B,JPM,V","TMUS,CMCSA,BKNG,SBUX",,252,21,0.8,60,2.5,0.5,5.0,252.0,0.8625364916864018,0.0717773102080858,0.1627915742156949,0.4409153886120829,-0.2490210635788522,0.0221141088014153,50,23.24,0.5232358003442341
usa,MSFT,priority,30,30,"NVDA,AAPL,AVGO,ORCL,AMD,CSCO,QCOM,TXN,IBM,ACN,ADI,GOOGL,META,NFLX,DIS,VZ,AMZN,TSLA,HD,MCD,LOW,WMT,COST,PG,KO,PEP,PM,BRK-B,JPM,V","TMUS,CMCSA,BKNG,SBUX",,252,21,0.8,60,2.5,0.75,5.0,252.0,0.8180504990719542,0.0688934318538763,0.1608790105696923,0.4282313249560412,-0.249021063578852,0.0221141088014153,50,20.88,0.5210727969348659
usa,MSFT,priority,30,30,"NVDA,AAPL,AVGO,ORCL,AMD,CSCO,QCOM,TXN,IBM,ACN,ADI,GOOGL,META,NFLX,DIS,VZ,AMZN,TSLA,HD,MCD,LOW,WMT,COST,PG,KO,PEP,PM,BRK-B,JPM,V","TMUS,CMCSA,BKNG,SBUX",,252,21,0.8,60,2.5,1.0,5.0,252.0,0.5326045942778153,0.0487383137720609,0.1505891541895294,0.3236508899619661,-0.2490210635788522,0.0229986731534719,52,14.653846153846152,0.5118110236220472
usa,MSFT,priority,30,30,"NVDA,AAPL,AVGO,ORCL,AMD,CSCO,QCOM,TXN,IBM,ACN,ADI,GOOGL,META,NFLX,DIS,VZ,AMZN,TSLA,HD,MCD,LOW,WMT,COST,PG,KO,PEP,PM,BRK-B,JPM,V","TMUS,CMCSA,BKNG,SBUX",,252,21,0.8,60,3.0,0.0,5.0,252.0,-0.0677534594689178,-0.0077889717585767,0.232505123193953,-0.0335002156149448,-0.3689768508770854,0.0030959752321981,4,2058.0,0.4936831875607386
usa,MSFT,priority,30,30,"NVDA,AAPL,AVGO,ORCL,AMD,CSCO,QCOM,TXN,IBM,ACN,ADI,GOOGL,META,NFLX,DIS,VZ,AMZN,TSLA,HD,MCD,LOW,WMT,COST,PG,KO,PEP,PM,BRK-B,JPM,V","TMUS,CMCSA,BKNG,SBUX",,252,21,0.8,60,3.0,0.25,5.0,252.0,0.2872915922966881,0.0285467930646012,0.1617544833870347,0.176482236948552,-0.2966268143725896,0.0106147722246793,23,45.63636363636363,0.5099601593625498
usa,MSFT,priority,30,30,"NVDA,AAPL,AVGO,ORCL,AMD,CSCO,QCOM,TXN,IBM,ACN,ADI,GOOGL,META,NFLX,DIS,VZ,AMZN,TSLA,HD,MCD,LOW,WMT,COST,PG,KO,PEP,PM,BRK-B,JPM,V","TMUS,CMCSA,BKNG,SBUX",,252,21,0.8,60,3.0,0.5,5.0,252.0,0.2725499746533195,0.0272272846592354,0.1488712086792286,0.1828915402836674,-0.2490210635788519,0.0114993365767359,26,30.846153846153847,0.5112219451371571
usa,MSFT,priority,30,30,"NVDA,AAPL,AVGO,ORCL,AMD,CSCO,QCOM,TXN,IBM,ACN,ADI,GOOGL,META,NFLX,DIS,VZ,AMZN,TSLA,HD,MCD,LOW,WMT,COST,PG,KO,PEP,PM,BRK-B,JPM,V","TMUS,CMCSA,BKNG,SBUX",,252,21,0.8,60,3.0,0.75,5.0,252.0,0.2410900486162361,0.0243652946815726,0.1483086497814693,0.1642877520459837,-0.2490210635788519,0.0114993365767359,26,29.23076923076923,0.5078947368421053
usa,MSFT,priority,30,30,"NVDA,AAPL,AVGO,ORCL,AMD,CSCO,QCOM,TXN,IBM,ACN,ADI,GOOGL,META,NFLX,DIS,VZ,AMZN,TSLA,HD,MCD,LOW,WMT,COST,PG,KO,PEP,PM,BRK-B,JPM,V","TMUS,CMCSA,BKNG,SBUX",,252,21,0.8,60,3.0,1.0,5.0,252.0,0.1068074047331433,0.011374631109414,0.1388141660856931,0.0819414288192477,-0.2490210635788522,0.0114993365767359,26,19.23076923076923,0.484
usa,MSFT,priority,30,30,"NVDA,AAPL,AVGO,ORCL,AMD,CSCO,QCOM,TXN,IBM,ACN,ADI,GOOGL,META,NFLX,DIS,VZ,AMZN,TSLA,HD,MCD,LOW,WMT,COST,PG,KO,PEP,PM,BRK-B,JPM,V","TMUS,CMCSA,BKNG,SBUX",,252,63,0.8,60,1.0,0.0,5.0,252.0,3.1956361633242505,0.1733133132649054,0.2392391070266256,0.7244355465915397,-0.2877081399555617,0.042016806722689,48,2201.0,0.5043162199000454
usa,MSFT,priority,30,30,"NVDA,AAPL,AVGO,ORCL,AMD,CSCO,QCOM,TXN,IBM,ACN,ADI,GOOGL,META,NFLX,DIS,VZ,AMZN,TSLA,HD,MCD,LOW,WMT,COST,PG,KO,PEP,PM,BRK-B,JPM,V","TMUS,CMCSA,BKNG,SBUX",,252,63,0.8,60,1.0,0.25,5.0,252.0,1.73236754714556,0.1185477144752331,0.2077832775081359,0.5705353958072555,-0.2471849904509272,0.0605926581158779,121,32.37735849056604,0.5023310023310024
usa,MSFT,priority,30,30,"NVDA,AAPL,AVGO,ORCL,AMD,CSCO,QCOM,TXN,IBM,ACN,ADI,GOOGL,META,NFLX,DIS,VZ,AMZN,TSLA,HD,MCD,LOW,WMT,COST,PG,KO,PEP,PM,BRK-B,JPM,V","TMUS,CMCSA,BKNG,SBUX",,252,63,0.8,60,1.0,0.5,5.0,252.0,0.6536526206575688,0.057661586266809,0.1985584196386752,0.2904011140486421,-0.2824155389938709,0.0650154798761609,141,23.25,0.4984187223276407
usa,MSFT,priority,30,30,"NVDA,AAPL,AVGO,ORCL,AMD,CSCO,QCOM,TXN,IBM,ACN,ADI,GOOGL,META,NFLX,DIS,VZ,AMZN,TSLA,HD,MCD,LOW,WMT,COST,PG,KO,PEP,PM,BRK-B,JPM,V","TMUS,CMCSA,BKNG,SBUX",,252,63,0.8,60,1.0,0.75,5.0,252.0,0.5494763919003636,0.050018826089653,0.1780425848855998,0.2809374292211737,-0.2582979879203972,0.0880141530296329,196,14.422680412371134,0.5067905646890636
usa,MSFT,priority,30,30,"NVDA,AAPL,AVGO,ORCL,AMD,CSCO,QCOM,TXN,IBM,ACN,ADI,GOOGL,META,NFLX,DIS,VZ,AMZN,TSLA,HD,MCD,LOW,WMT,COST,PG,KO,PEP,PM,BRK-B,JPM,V","TMUS,CMCSA,BKNG,SBUX",,252,63,0.8,60,1.5,0.0,5.0,252.0,2.170607270640838,0.1372472261002457,0.2393011494695378,0.5735335012158679,-0.2798137086140145,0.0296329057938965,34,2201.0,0.5029532030895048
usa,MSFT,priority,30,30,"NVDA,AAPL,AVGO,ORCL,AMD,CSCO,QCOM,TXN,IBM,ACN,ADI,GOOGL,META,NFLX,DIS,VZ,AMZN,TSLA,HD,MCD,LOW,WMT,COST,PG,KO,PEP,PM,BRK-B,JPM,V","TMUS,CMCSA,BKNG,SBUX",,252,63,0.8,60,1.5,0.25,5.0,252.0,1.3544813439379149,0.1001442311651577,0.2013166056743319,0.4974464517207294,-0.2356000723812497,0.0464396284829721,96,35.65909090909091,0.502868068833652
usa,MSFT,priority,30,30,"NVDA,AAPL,AVGO,ORCL,AMD,CSCO,QCOM,TXN,IBM,ACN,ADI,GOOGL,META,NFLX,DIS,VZ,AMZN,TSLA,HD,MCD,LOW,WMT,COST,PG,KO,PEP,PM,BRK-B,JPM,V","TMUS,CMCSA,BKNG,SBUX",,252,63,0.8,60,1.5,0.5,5.0,252.0,0.7832212713597866,0.066591471683336,0.190577554328875,0.3494192792946684,-0.2482312763941682,0.0499778858911985,109,26.11320754716981,0.5021676300578035
usa,MSFT,priority,30,30,"NVDA,AAPL,AVGO,ORCL,AMD,CSCO,QCOM,TXN,IBM,ACN,ADI,GOOGL,META,NFLX,DIS,VZ,AMZN,TSLA,HD,MCD,LOW,WMT,COST,PG,KO,PEP,PM,BRK-B,JPM,V","TMUS,CMCSA,BKNG,SBUX",,252,63,0.8,60,1.5,0.75,5.0,252.0,0.4799780742669071,0.0446620564836519,0.1713948415955686,0.2605799338409417,-0.2356000723812502,0.0552852720035382,123,19.72131147540984,0.5029093931837074
usa,MSFT,priority,30,30,"NVDA,AAPL,AVGO,ORCL,AMD,CSCO,QCOM,TXN,IBM,ACN,ADI,GOOGL,META,NFLX,DIS,VZ,AMZN,TSLA,HD,MCD,LOW,WMT,COST,PG,KO,PEP,PM,BRK-B,JPM,V","TMUS,CMCSA,BKNG,SBUX",,252,63,0.8,60,1.5,1.0,5.0,252.0,0.4953246902370769,0.0458638802887152,0.1668858690575847,0.2748218321162333,-0.2731238316553981,0.0628040689960194,140,15.289855072463768,0.5090047393364929
usa,MSFT,priority,30,30,"NVDA,AAPL,AVGO,ORCL,AMD,CSCO,QCOM,TXN,IBM,ACN,ADI,GOOGL,META,NFLX,DIS,VZ,AMZN,TSLA,HD,MCD,LOW,WMT,COST,PG,KO,PEP,PM,BRK-B,JPM,V","TMUS,CMCSA,BKNG,SBUX",,252,63,0.8,60,2.0,0.0,5.0,252.0,1.4497060124589818,0.1050164403762483,0.2393917187841058,0.4386803391096284,-0.2829127000438713,0.0225563909774436,26,2201.0,0.4993184915947297
usa,MSFT,priority,30,30,"NVDA,AAPL,AVGO,ORCL,AMD,CSCO,QCOM,TXN,IBM,ACN,ADI,GOOGL,META,NFLX,DIS,VZ,AMZN,TSLA,HD,MCD,LOW,WMT,COST,PG,KO,PEP,PM,BRK-B,JPM,V","TMUS,CMCSA,BKNG,SBUX",,252,63,0.8,60,2.0,0.25,5.0,252.0,0.7660321254398916,0.0654406332328083,0.1925377886518926,0.3398846205257124,-0.2283229710166824,0.0358248562582927,76,38.61111111111112,0.4985611510791367
usa,MSFT,priority,30,30,"NVDA,AAPL,AVGO,ORCL,AMD,CSCO,QCOM,TXN,IBM,ACN,ADI,GOOGL,META,NFLX,DIS,VZ,AMZN,TSLA,HD,MCD,LOW,WMT,COST,PG,KO,PEP,PM,BRK-B,JPM,V","TMUS,CMCSA,BKNG,SBUX",,252,63,0.8,60,2.0,0.5,5.0,252.0,0.4704431368010384,0.043909767479626,0.1807754220381943,0.2428967775848907,-0.2313112795380725,0.0384785493144626,85,28.73809523809524,0.5028997514498758
usa,MSFT,priority,30,30,"NVDA,AAPL,AVGO,ORCL,AMD,CSCO,QCOM,TXN,IBM,ACN,ADI,GOOGL,META,NFLX,DIS,VZ,AMZN,TSLA,HD,MCD,LOW,WMT,COST,PG,KO,PEP,PM,BRK-B,JPM,V","TMUS,CMCSA,BKNG,SBUX",,252,63,0.8,60,2.0,0.75,5.0,252.0,0.1586683376046067,0.0165495976640603,0.1608944785397896,0.1028599478009286,-0.2609780143573029,0.0393631136665192,88,24.181818181818183,0.5
usa,MSFT,priority,30,30,"NVDA,AAPL,AVGO,ORCL,AMD,CSCO,QCOM,TXN,IBM,ACN,ADI,GOOGL,META,NFLX,DIS,VZ,AMZN,TSLA,HD,MCD,LOW,WMT,COST,PG,KO,PEP,PM,BRK-B,JPM,V","TMUS,CMCSA,BKNG,SBUX",,252,63,0.8,60,2.0,1.0,5.0,252.0,0.1255174996711205,0.0132660013750187,0.1559645883613872,0.0850577782713084,-0.3125920163952318,0.0415745245466607,93,19.73913043478261,0.5066079295154186
usa,MSFT,priority,30,30,"NVDA,AAPL,AVGO,ORCL,AMD,CSCO,QCOM,TXN,IBM,ACN,ADI,GOOGL,META,NFLX,DIS,VZ,AMZN,TSLA,HD,MCD,LOW,WMT,COST,PG,KO,PEP,PM,BRK-B,JPM,V","TMUS,CMCSA,BKNG,SBUX",,252,63,0.8,60,2.5,0.0,5.0,252.0,0.7645306052945007,0.0653396321799286,0.2392731726507379,0.2730754620590231,-0.2988572818995982,0.0154798761609907,18,2185.0,0.5016018306636155
usa,MSFT,priority,30,30,"NVDA,AAPL,AVGO,ORCL,AMD,CSCO,QCOM,TXN,IBM,ACN,ADI,GOOGL,META,NFLX,DIS,VZ,AMZN,TSLA,HD,MCD,LOW,WMT,COST,PG,KO,PEP,PM,BRK-B,JPM,V","TMUS,CMCSA,BKNG,SBUX",,252,63,0.8,60,2.5,0.25,5.0,252.0,0.3620942319114719,0.0350422380699544,0.1748298224785963,0.2004362732464852,-0.2468892621108457,0.0243255196815568,52,42.08,0.4980988593155893
usa,MSFT,priority,30,30,"NVDA,AAPL,AVGO,ORCL,AMD,CSCO,QCOM,TXN,IBM,ACN,ADI,GOOGL,META,NFLX,DIS,VZ,AMZN,TSLA,HD,MCD,LOW,WMT,COST,PG,KO,PEP,PM,BRK-B,JPM,V","TMUS,CMCSA,BKNG,SBUX",,252,63,0.8,60,2.5,0.5,5.0,252.0,0.2043770057365783,0.0209427470996399,0.1658886518372358,0.1262458092684256,-0.2506942764645249,0.02609464838567,58,32.51724137931034,0.4984093319194062
usa,MSFT,priority,30,30,"NVDA,AAPL,AVGO,ORCL,AMD,CSCO,QCOM,TXN,IBM,ACN,ADI,GOOGL,META,NFLX,DIS,VZ,AMZN,TSLA,HD,MCD,LOW,WMT,COST,PG,KO,PEP,PM,BRK-B,JPM,V","TMUS,CMCSA,BKNG,SBUX",,252,63,0.8,60,2.5,0.75,5.0,252.0,-0.0143270771658714,-0.0016070825650001,0.1443975405457008,-0.0111295702054673,-0.255756571647086,0.0269792127377266,61,26.516129032258064,0.4963503649635036
usa,MSFT,priority,30,30,"NVDA,AAPL,AVGO,ORCL,AMD,CSCO,QCOM,TXN,IBM,ACN,ADI,GOOGL,META,NFLX,DIS,VZ,AMZN,TSLA,HD,MCD,LOW,WMT,COST,PG,KO,PEP,PM,BRK-B,JPM,V","TMUS,CMCSA,BKNG,SBUX",,252,63,0.8,60,2.5,1.0,5.0,252.0,0.0337687399019905,0.0037084054049287,0.1403518023397305,0.0264222143435846,-0.2793437811465282,0.0283060592658115,64,21.90625,0.5035663338088445
usa,MSFT,priority,30,30,"NVDA,AAPL,AVGO,ORCL,AMD,CSCO,QCOM,TXN,IBM,ACN,ADI,GOOGL,META,NFLX,DIS,VZ,AMZN,TSLA,HD,MCD,LOW,WMT,COST,PG,KO,PEP,PM,BRK-B,JPM,V","TMUS,CMCSA,BKNG,SBUX",,252,63,0.8,60,3.0,0.0,5.0,252.0,0.7481830756145678,0.0642350314436024,0.2379750026602736,0.2699234403846295,-0.3252212410501873,0.0110570544007076,13,2072.0,0.4816602316602316
usa,MSFT,priority,30,30,"NVDA,AAPL,AVGO,ORCL,AMD,CSCO,QCOM,TXN,IBM,ACN,ADI,GOOGL,META,NFLX,DIS,VZ,AMZN,TSLA,HD,MCD,LOW,WMT,COST,PG,KO,PEP,PM,BRK-B,JPM,V","TMUS,CMCSA,BKNG,SBUX",,252,63,0.8,60,3.0,0.25,5.0,252.0,0.382156365697357,0.0367303570711423,0.1620193918063852,0.2267034622314561,-0.2249911351737098,0.015922158337019,34,50.5,0.5037128712871287
usa,MSFT,priority,30,30,"NVDA,AAPL,AVGO,ORCL,AMD,CSCO,QCOM,TXN,IBM,ACN,ADI,GOOGL,META,NFLX,DIS,VZ,AMZN,TSLA,HD,MCD,LOW,WMT,COST,PG,KO,PEP,PM,BRK-B,JPM,V","TMUS,CMCSA,BKNG,SBUX",,252,63,0.8,60,3.0,0.5,5.0,252.0,0.1227890155453859,0.0129919317979512,0.1527221404678053,0.0850690787737485,-0.2734791990691648,0.015922158337019,35,40.23529411764706,0.4970760233918128
usa,MSFT,priority,30,30,"NVDA,AAPL,AVGO,ORCL,AMD,CSCO,QCOM,TXN,IBM,ACN,ADI,GOOGL,META,NFLX,DIS,VZ,AMZN,TSLA,HD,MCD,LOW,WMT,COST,PG,KO,PEP,PM,BRK-B,JPM,V","TMUS,CMCSA,BKNG,SBUX",,252,63,0.8,60,3.0,0.75,5.0,252.0,-0.0517693773840267,-0.005907162358915,0.1284390674482429,-0.0459919436996496,-0.2475976659556942,0.015922158337019,36,30.27777777777778,0.4954128440366973
usa,MSFT,priority,30,30,"NVDA,AAPL,AVGO,ORCL,AMD,CSCO,QCOM,TXN,IBM,ACN,ADI,GOOGL,META,NFLX,DIS,VZ,AMZN,TSLA,HD,MCD,LOW,WMT,COST,PG,KO,PEP,PM,BRK-B,JPM,V","TMUS,CMCSA,BKNG,SBUX",,252,63,0.8,60,3.0,1.0,5.0,252.0,0.0350167177903928,0.0038433819239236,0.1247847520187503,0.0308000926535168,-0.2594300734089048,0.0168067226890756,38,23.473684210526315,0.5044843049327354
usa,AMZN,priority,30,30,"NVDA,AAPL,MSFT,AVGO,ORCL,AMD,CSCO,QCOM,TXN,IBM,ACN,ADI,GOOGL,META,NFLX,DIS,VZ,TSLA,HD,MCD,LOW,WMT,COST,PG,KO,PEP,PM,BRK-B,JPM,V","TMUS,CMCSA,BKNG,SBUX",,252,5,0.8,60,1.0,0.0,5.0,252.0,1.4263629919349254,0.1038378645343562,0.2751083709107861,0.3774434932335427,-0.3025257856297273,0.0305174701459531,35,2201.0,0.4997728305315765
usa,AMZN,priority,30,30,"NVDA,AAPL,MSFT,AVGO,ORCL,AMD,CSCO,QCOM,TXN,IBM,ACN,ADI,GOOGL,META,NFLX,DIS,VZ,TSLA,HD,MCD,LOW,WMT,COST,PG,KO,PEP,PM,BRK-B,JPM,V","TMUS,CMCSA,BKNG,SBUX",,252,5,0.8,60,1.0,0.25,5.0,252.0,1.1468258163069844,0.0888810739593766,0.2363674347266633,0.3760292701156536,-0.3266247391714039,0.0601503759398496,133,23.6,0.5078226857887875
usa,AMZN,priority,30,30,"NVDA,AAPL,MSFT,AVGO,ORCL,AMD,CSCO,QCOM,TXN,IBM,ACN,ADI,GOOGL,META,NFLX,DIS,VZ,TSLA,HD,MCD,LOW,WMT,COST,PG,KO,PEP,PM,BRK-B,JPM,V","TMUS,CMCSA,BKNG,SBUX",,252,5,0.8,60,1.0,0.5,5.0,252.0,1.3078773556982672,0.0976955756039514,0.2278709285692914,0.4287320730965644,-0.3386470142633562,0.0689960194604157,154,18.42105263157895,0.5078571428571429
usa,AMZN,priority,30,30,"NVDA,AAPL,MSFT,AVGO,ORCL,AMD,CSCO,QCOM,TXN,IBM,ACN,ADI,GOOGL,META,NFLX,DIS,VZ,TSLA,HD,MCD,LOW,WMT,COST,PG,KO,PEP,PM,BRK-B,JPM,V","TMUS,CMCSA,BKNG,SBUX",,252,5,0.8,60,1.0,0.75,5.0,252.0,1.4275815266998435,0.1038996363744209,0.2155298190377815,0.4820661792334531,-0.2793481316762393,0.0946483856700575,212,11.780952380952382,0.513338722716249
usa,AMZN,priority,30,30,"NVDA,AAPL,MSFT,AVGO,ORCL,AMD,CSCO,QCOM,TXN,IBM,ACN,ADI,GOOGL,META,NFLX,DIS,VZ,TSLA,HD,MCD,LOW,WMT,COST,PG,KO,PEP,PM,BRK-B,JPM,V","TMUS,CMCSA,BKNG,SBUX",,252,5,0.8,60,1.5,0.0,5.0,252.0,3.1818455405952983,0.1728828510104607,0.2748929612210479,0.6289097044992781,-0.3173519716283958,0.0269792127377266,31,2200.0,0.5040909090909091
usa,AMZN,priority,30,30,"NVDA,AAPL,MSFT,AVGO,ORCL,AMD,CSCO,QCOM,TXN,IBM,ACN,ADI,GOOGL,META,NFLX,DIS,VZ,TSLA,HD,MCD,LOW,WMT,COST,PG,KO,PEP,PM,BRK-B,JPM,V","TMUS,CMCSA,BKNG,SBUX",,252,5,0.8,60,1.5,0.25,5.0,252.0,2.357322572984968,0.1445232374724911,0.2197621773909394,0.6576347176220222,-0.2812385227308805,0.047766475011057,106,24.96153846153846,0.5138674884437596
usa,AMZN,priority,30,30,"NVDA,AAPL,MSFT,AVGO,ORCL,AMD,CSCO,QCOM,TXN,IBM,ACN,ADI,GOOGL,META,NFLX,DIS,VZ,TSLA,HD,MCD,LOW,WMT,COST,PG,KO,PEP,PM,BRK-B,JPM,V","TMUS,CMCSA,BKNG,SBUX",,252,5,0.8,60,1.5,0.5,5.0,252.0,2.283488255125892,0.1416900744859202,0.2136616500660025,0.6631516439293177,-0.2940711120876598,0.0513047324192835,115,20.50877192982456,0.5132591958939264
usa,AMZN,priority,30,30,"NVDA,AAPL,MSFT,AVGO,ORCL,AMD,CSCO,QCOM,TXN,IBM,ACN,ADI,GOOGL,META,NFLX,DIS,VZ,TSLA,HD,MCD,LOW,WMT,COST,PG,KO,PEP,PM,BRK-B,JPM,V","TMUS,CMCSA,BKNG,SBUX",,252,5,0.8,60,1.5,0.75,5.0,252.0,1.722362845654839,0.1180904925541601,0.1995184081195863,0.5918776801957025,-0.2926354304806124,0.0583812472357364,131,15.415384615384616,0.5169660678642715
usa,AMZN,priority,30,30,"NVDA,AAPL,MSFT,AVGO,ORCL,AMD,CSCO,QCOM,TXN,IBM,ACN,ADI,GOOGL,META,NFLX,DIS,VZ,TSLA,HD,MCD,LOW,WMT,COST,PG,KO,PEP,PM,BRK-B,JPM,V","TMUS,CMCSA,BKNG,SBUX",,252,5,0.8,60,1.5,1.0,5.0,252.0,2.3771310526416225,0.145273903914217,0.1845528437558572,0.7871669759063596,-0.2630994970628633,0.0734188412206988,166,10.0,0.5337349397590362
usa,AMZN,priority,30,30,"NVDA,AAPL,MSFT,AVGO,ORCL,AMD,CSCO,QCOM,TXN,IBM,ACN,ADI,GOOGL,META,NFLX,DIS,VZ,TSLA,HD,MCD,LOW,WMT,COST,PG,KO,PEP,PM,BRK-B,JPM,V","TMUS,CMCSA,BKNG,SBUX",,252,5,0.8,60,2.0,0.0,5.0,252.0,3.3185584758313302,0.1770956515025485,0.2748670242797106,0.6442957352437162,-0.3471886790312757,0.0216718266253869,25,2199.0,0.5052296498408367
usa,AMZN,priority,30,30,"NVDA,AAPL,MSFT,AVGO,ORCL,AMD,CSCO,QCOM,TXN,IBM,ACN,ADI,GOOGL,META,NFLX,DIS,VZ,TSLA,HD,MCD,LOW,WMT,COST,PG,KO,PEP,PM,BRK-B,JPM,V","TMUS,CMCSA,BKNG,SBUX",,252,5,0.8,60,2.0,0.25,5.0,252.0,1.934562164647406,0.1274832293178498,0.1972230205007501,0.6463912224555194,-0.2630994970628629,0.0353825740822644,79,25.512820512820515,0.5105527638190954
usa,AMZN,priority,30,30,"NVDA,AAPL,MSFT,AVGO,ORCL,AMD,CSCO,QCOM,TXN,IBM,ACN,ADI,GOOGL,META,NFLX,DIS,VZ,TSLA,HD,MCD,LOW,WMT,COST,PG,KO,PEP,PM,BRK-B,JPM,V","TMUS,CMCSA,BKNG,SBUX",,252,5,0.8,60,2.0,0.5,5.0,252.0,1.584531551153281,0.1116346168736541,0.1926677537061763,0.5794151575769138,-0.2790400250307041,0.0353825740822644,79,22.58974358974359,0.5051078320090806
usa,AMZN,priority,30,30,"NVDA,AAPL,MSFT,AVGO,ORCL,AMD,CSCO,QCOM,TXN,IBM,ACN,ADI,GOOGL,META,NFLX,DIS,VZ,TSLA,HD,MCD,LOW,WMT,COST,PG,KO,PEP,PM,BRK-B,JPM,V","TMUS,CMCSA,BKNG,SBUX",,252,5,0.8,60,2.0,0.75,5.0,252.0,0.7956855557985965,0.0674198245614379,0.1812259322793766,0.3720208455460115,-0.3145443030052458,0.0353825740822644,79,19.56410256410257,0.5032765399737876
usa,AMZN,priority,30,30,"NVDA,AAPL,MSFT,AVGO,ORCL,AMD,CSCO,QCOM,TXN,IBM,ACN,ADI,GOOGL,META,NFLX,DIS,VZ,TSLA,HD,MCD,LOW,WMT,COST,PG,KO,PEP,PM,BRK-B,JPM,V","TMUS,CMCSA,BKNG,SBUX",,252,5,0.8,60,2.0,1.0,5.0,252.0,1.1883394456795435,0.0912079452549301,0.167259553513394,0.5453078364676267,-0.3453724047771522,0.0424590888987173,96,12.625,0.5148514851485149
usa,AMZN,priority,30,30,"NVDA,AAPL,MSFT,AVGO,ORCL,AMD,CSCO,QCOM,TXN,IBM,ACN,ADI,GOOGL,META,NFLX,DIS,VZ,TSLA,HD,MCD,LOW,WMT,COST,PG,KO,PEP,PM,BRK-B,JPM,V","TMUS,CMCSA,BKNG,SBUX",,252,5,0.8,60,2.5,0.0,5.0,252.0,4.94111890543904,0.2196959143135799,0.2746878570261217,0.7998020614820541,-0.3471886790312758,0.0163644405130473,19,2198.0,0.5118289353958144
usa,AMZN,priority,30,30,"NVDA,AAPL,MSFT,AVGO,ORCL,AMD,CSCO,QCOM,TXN,IBM,ACN,ADI,GOOGL,META,NFLX,DIS,VZ,TSLA,HD,MCD,LOW,WMT,COST,PG,KO,PEP,PM,BRK-B,JPM,V","TMUS,CMCSA,BKNG,SBUX",,252,5,0.8,60,2.5,0.25,5.0,252.0,2.259702952530162,0.1407653268341893,0.1751425724549548,0.8037185069346454,-0.1975518775158375,0.0265369305616983,59,25.27586206896552,0.5225102319236017
usa,AMZN,priority,30,30,"NVDA,AAPL,MSFT,AVGO,ORCL,AMD,CSCO,QCOM,TXN,IBM,ACN,ADI,GOOGL,META,NFLX,DIS,VZ,TSLA,HD,MCD,LOW,WMT,COST,PG,KO,PEP,PM,BRK-B,JPM,V","TMUS,CMCSA,BKNG,SBUX",,252,5,0.8,60,2.5,0.5,5.0,252.0,2.00909841437204,0.1306395676933964,0.1705757481495909,0.7658742178215664,-0.1975518775158375,0.0265369305616983,59,22.0,0.5172413793103449
usa,AMZN,priority,30,30,"NVDA,AAPL,MSFT,AVGO,ORCL,AMD,CSCO,QCOM,TXN,IBM,ACN,ADI,GOOGL,META,NFLX,DIS,VZ,TSLA,HD,MCD,LOW,WMT,COST,PG,KO,PEP,PM,BRK-B,JPM,V","TMUS,CMCSA,BKNG,SBUX",,252,5,0.8,60,2.5,0.75,5.0,252.0,1.179913501697004,0.0907388560302653,0.1591282284475991,0.570224760970965,-0.1975518775158372,0.0265369305616983,59,18.48275862068965,0.5186567164179104
usa,AMZN,priority,30,30,"NVDA,AAPL,MSFT,AVGO,ORCL,AMD,CSCO,QCOM,TXN,IBM,ACN,ADI,GOOGL,META,NFLX,DIS,VZ,TSLA,HD,MCD,LOW,WMT,COST,PG,KO,PEP,PM,BRK-B,JPM,V","TMUS,CMCSA,BKNG,SBUX",,252,5,0.8,60,2.5,1.0,5.0,252.0,1.4320654470012857,0.1041267051999803,0.1471260561207516,0.7077380305397423,-0.2153987208565259,0.0300751879699248,68,12.411764705882351,0.5379146919431279
usa,AMZN,priority,30,30,"NVDA,AAPL,MSFT,AVGO,ORCL,AMD,CSCO,QCOM,TXN,IBM,ACN,ADI,GOOGL,META,NFLX,DIS,VZ,TSLA,HD,MCD,LOW,WMT,COST,PG,KO,PEP,PM,BRK-B,JPM,V","TMUS,CMCSA,BKNG,SBUX",,252,5,0.8,60,3.0,0.0,5.0,252.0,2.445581659833815,0.1478381509800854,0.2729369301181322,0.5416568249525571,-0.3471886790312755,0.010172490048651,12,2117.0,0.4992914501653283
usa,AMZN,priority,30,30,"NVDA,AAPL,MSFT,AVGO,ORCL,AMD,CSCO,QCOM,TXN,IBM,ACN,ADI,GOOGL,META,NFLX,DIS,VZ,TSLA,HD,MCD,LOW,WMT,COST,PG,KO,PEP,PM,BRK-B,JPM,V","TMUS,CMCSA,BKNG,SBUX",,252,5,0.8,60,3.0,0.25,5.0,252.0,1.932750873643231,0.1274056449713601,0.1586889101458829,0.8028642004928757,-0.1975518775158374,0.0194604157452454,43,24.95238095238096,0.5095419847328244
usa,AMZN,priority,30,30,"NVDA,AAPL,MSFT,AVGO,ORCL,AMD,CSCO,QCOM,TXN,IBM,ACN,ADI,GOOGL,META,NFLX,DIS,VZ,TSLA,HD,MCD,LOW,WMT,COST,PG,KO,PEP,PM,BRK-B,JPM,V","TMUS,CMCSA,BKNG,SBUX",,252,5,0.8,60,3.0,0.5,5.0,252.0,1.661215375958912,0.1152631177914724,0.1549286075647705,0.7439756905017348,-0.1975518775158373,0.0194604157452454,43,21.80952380952381,0.4956331877729257
usa,AMZN,priority,30,30,"NVDA,AAPL,MSFT,AVGO,ORCL,AMD,CSCO,QCOM,TXN,IBM,ACN,ADI,GOOGL,META,NFLX,DIS,VZ,TSLA,HD,MCD,LOW,WMT,COST,PG,KO,PEP,PM,BRK-B,JPM,V","TMUS,CMCSA,BKNG,SBUX",,252,5,0.8,60,3.0,0.75,5.0,252.0,0.9816240121221154,0.0792064599516559,0.1460259623486967,0.5424135453565316,-0.1975518775158375,0.0194604157452454,43,18.95238095238096,0.4899497487437186
usa,AMZN,priority,30,30,"NVDA,AAPL,MSFT,AVGO,ORCL,AMD,CSCO,QCOM,TXN,IBM,ACN,ADI,GOOGL,META,NFLX,DIS,VZ,TSLA,HD,MCD,LOW,WMT,COST,PG,KO,PEP,PM,BRK-B,JPM,V","TMUS,CMCSA,BKNG,SBUX",,252,5,0.8,60,3.0,1.0,5.0,252.0,0.8050238007568791,0.0680370857167862,0.1286237908938781,0.528961906999932,-0.1975518775158374,0.0194604157452454,44,13.772727272727272,0.504950495049505
usa,AMZN,priority,30,30,"NVDA,AAPL,MSFT,AVGO,ORCL,AMD,CSCO,QCOM,TXN,IBM,ACN,ADI,GOOGL,META,NFLX,DIS,VZ,TSLA,HD,MCD,LOW,WMT,COST,PG,KO,PEP,PM,BRK-B,JPM,V","TMUS,CMCSA,BKNG,SBUX",,252,10,0.8,60,1.0,0.0,5.0,252.0,1.964466548698116,0.1287580336817422,0.2997041599194101,0.4296171054694903,-0.3082943756889075,0.0305174701459531,35,2201.0,0.4934120854157201
usa,AMZN,priority,30,30,"NVDA,AAPL,MSFT,AVGO,ORCL,AMD,CSCO,QCOM,TXN,IBM,ACN,ADI,GOOGL,META,NFLX,DIS,VZ,TSLA,HD,MCD,LOW,WMT,COST,PG,KO,PEP,PM,BRK-B,JPM,V","TMUS,CMCSA,BKNG,SBUX",,252,10,0.8,60,1.0,0.25,5.0,252.0,1.5867306906928484,0.1117399994647192,0.2562924917836301,0.4359862385631394,-0.3306265544906183,0.0610349402919062,134,23.6,0.4967405475880052
usa,AMZN,priority,30,30,"NVDA,AAPL,MSFT,AVGO,ORCL,AMD,CSCO,QCOM,TXN,IBM,ACN,ADI,GOOGL,META,NFLX,DIS,VZ,TSLA,HD,MCD,LOW,WMT,COST,PG,KO,PEP,PM,BRK-B,JPM,V","TMUS,CMCSA,BKNG,SBUX",,252,10,0.8,60,1.0,0.5,5.0,252.0,1.722433973803542,0.1180937484266495,0.2480384628942677,0.4761106283624641,-0.3355091736359885,0.0698805838124723,155,18.06578947368421,0.4989075018208303
usa,AMZN,priority,30,30,"NVDA,AAPL,MSFT,AVGO,ORCL,AMD,CSCO,QCOM,TXN,IBM,ACN,ADI,GOOGL,META,NFLX,DIS,VZ,TSLA,HD,MCD,LOW,WMT,COST,PG,KO,PEP,PM,BRK-B,JPM,V","TMUS,CMCSA,BKNG,SBUX",,252,10,0.8,60,1.0,0.75,5.0,252.0,2.759150012468648,0.1590353449453032,0.2363107101069931,0.6729925396665165,-0.3029491436221082,0.0937638213180008,209,11.78640776699029,0.5024711696869851
usa,AMZN,priority,30,30,"NVDA,AAPL,MSFT,AVGO,ORCL,AMD,CSCO,QCOM,TXN,IBM,ACN,ADI,GOOGL,META,NFLX,DIS,VZ,TSLA,HD,MCD,LOW,WMT,COST,PG,KO,PEP,PM,BRK-B,JPM,V","TMUS,CMCSA,BKNG,SBUX",,252,10,0.8,60,1.5,0.0,5.0,252.0,2.9311889037896623,0.164830482471215,0.299544954366286,0.5502696008348015,-0.3179793738805386,0.0269792127377266,31,2200.0,0.4922727272727272
usa,AMZN,priority,30,30,"NVDA,AAPL,MSFT,AVGO,ORCL,AMD,CSCO,QCOM,TXN,IBM,ACN,ADI,GOOGL,META,NFLX,DIS,VZ,TSLA,HD,MCD,LOW,WMT,COST,PG,KO,PEP,PM,BRK-B,JPM,V","TMUS,CMCSA,BKNG,SBUX",,252,10,0.8,60,1.5,0.25,5.0,252.0,1.618708104269869,0.1132634278643742,0.2437011068957137,0.4647636988897335,-0.322286468090046,0.0442282176028306,98,27.541666666666668,0.4939485627836611
usa,AMZN,priority,30,30,"NVDA,AAPL,MSFT,AVGO,ORCL,AMD,CSCO,QCOM,TXN,IBM,ACN,ADI,GOOGL,META,NFLX,DIS,VZ,TSLA,HD,MCD,LOW,WMT,COST,PG,KO,PEP,PM,BRK-B,JPM,V","TMUS,CMCSA,BKNG,SBUX",,252,10,0.8,60,1.5,0.5,5.0,252.0,2.047208430269746,0.1322266365706967,0.2342064396835671,0.5645730183565671,-0.3003054335240074,0.0486510393631136,109,21.24074074074074,0.4986922406277245
usa,AMZN,priority,30,30,"NVDA,AAPL,MSFT,AVGO,ORCL,AMD,CSCO,QCOM,TXN,IBM,ACN,ADI,GOOGL,META,NFLX,DIS,VZ,TSLA,HD,MCD,LOW,WMT,COST,PG,KO,PEP,PM,BRK-B,JPM,V","TMUS,CMCSA,BKNG,SBUX",,252,10,0.8,60,1.5,0.75,5.0,252.0,2.416550732512172,0.1467561933053589,0.2213478117616745,0.6630117195979851,-0.299873026234169,0.0566121185316231,127,15.761904761904765,0.4974823766364551
usa,AMZN,priority,30,30,"NVDA,AAPL,MSFT,AVGO,ORCL,AMD,CSCO,QCOM,TXN,IBM,ACN,ADI,GOOGL,META,NFLX,DIS,VZ,TSLA,HD,MCD,LOW,WMT,COST,PG,KO,PEP,PM,BRK-B,JPM,V","TMUS,CMCSA,BKNG,SBUX",,252,10,0.8,60,1.5,1.0,5.0,252.0,2.0398076916933943,0.1319198224683939,0.2098677325456578,0.6285855422757479,-0.2699512970886015,0.0689960194604157,155,11.181818181818182,0.5087108013937283
usa,AMZN,priority,30,30,"NVDA,AAPL,MSFT,AVGO,ORCL,AMD,CSCO,QCOM,TXN,IBM,ACN,ADI,GOOGL,META,NFLX,DIS,VZ,TSLA,HD,MCD,LOW,WMT,COST,PG,KO,PEP,PM,BRK-B,JPM,V","TMUS,CMCSA,BKNG,SBUX",,252,10,0.8,60,2.0,0.0,5.0,252.0,4.674268560680762,0.2134645911016823,0.2993367460968656,0.7131252473513726,-0.3531090038491662,0.0216718266253869,25,2198.0,0.4922656960873521
usa,AMZN,priority,30,30,"NVDA,AAPL,MSFT,AVGO,ORCL,AMD,CSCO,QCOM,TXN,IBM,ACN,ADI,GOOGL,META,NFLX,DIS,VZ,TSLA,HD,MCD,LOW,WMT,COST,PG,KO,PEP,PM,BRK-B,JPM,V","TMUS,CMCSA,BKNG,SBUX",,252,10,0.8,60,2.0,0.25,5.0,252.0,1.831632031322416,0.1230053166659073,0.2229524121021162,0.5517110826752063,-0.2916499268949341,0.0327288810260946,73,29.194444444444443,0.4900095147478592
usa,AMZN,priority,30,30,"NVDA,AAPL,MSFT,AVGO,ORCL,AMD,CSCO,QCOM,TXN,IBM,ACN,ADI,GOOGL,META,NFLX,DIS,VZ,TSLA,HD,MCD,LOW,WMT,COST,PG,KO,PEP,PM,BRK-B,JPM,V","TMUS,CMCSA,BKNG,SBUX",,252,10,0.8,60,2.0,0.5,5.0,252.0,1.907209096279439,0.1263070376051949,0.2119276080293328,0.5959914273543483,-0.2717746558065895,0.0336134453781512,75,23.54054054054054,0.4856486796785304
usa,AMZN,priority,30,30,"NVDA,AAPL,MSFT,AVGO,ORCL,AMD,CSCO,QCOM,TXN,IBM,ACN,ADI,GOOGL,META,NFLX,DIS,VZ,TSLA,HD,MCD,LOW,WMT,COST,PG,KO,PEP,PM,BRK-B,JPM,V","TMUS,CMCSA,BKNG,SBUX",,252,10,0.8,60,2.0,0.75,5.0,252.0,1.255848979172645,0.0949094566941559,0.2007574836946807,0.4727567558004348,-0.2699512970886015,0.0344980097302078,77,19.605263157894736,0.4818791946308725
usa,AMZN,priority,30,30,"NVDA,AAPL,MSFT,AVGO,ORCL,AMD,CSCO,QCOM,TXN,IBM,ACN,ADI,GOOGL,META,NFLX,DIS,VZ,TSLA,HD,MCD,LOW,WMT,COST,PG,KO,PEP,PM,BRK-B,JPM,V","TMUS,CMCSA,BKNG,SBUX",,252,10,0.8,60,2.0,1.0,5.0,252.0,1.060939838345719,0.0839373557390432,0.1907137960658182,0.4401220964112906,-0.2863938820694199,0.0380362671384343,85,15.071428571428571,0.4849921011058452
usa,AMZN,priority,30,30,"NVDA,AAPL,MSFT,AVGO,ORCL,AMD,CSCO,QCOM,TXN,IBM,ACN,ADI,GOOGL,META,NFLX,DIS,VZ,TSLA,HD,MCD,LOW,WMT,COST,PG,KO,PEP,PM,BRK-B,JPM,V","TMUS,CMCSA,BKNG,SBUX",,252,10,0.8,60,2.5,0.0,5.0,252.0,4.412350915495078,0.2070898835229915,0.2993466237856223,0.6918063110386017,-0.3531090038491664,0.0163644405130473,19,2197.0,0.4961310878470641
usa,AMZN,priority,30,30,"NVDA,AAPL,MSFT,AVGO,ORCL,AMD,CSCO,QCOM,TXN,IBM,ACN,ADI,GOOGL,META,NFLX,DIS,VZ,TSLA,HD,MCD,LOW,WMT,COST,PG,KO,PEP,PM,BRK-B,JPM,V","TMUS,CMCSA,BKNG,SBUX",,252,10,0.8,60,2.5,0.25,5.0,252.0,1.500997873229712,0.1075714783893417,0.2046184645434066,0.5257173570790926,-0.2916499268949335,0.0247678018575851,55,30.11111111111111,0.4969249692496925
usa,AMZN,priority,30,30,"NVDA,AAPL,MSFT,AVGO,ORCL,AMD,CSCO,QCOM,TXN,IBM,ACN,ADI,GOOGL,META,NFLX,DIS,VZ,TSLA,HD,MCD,LOW,WMT,COST,PG,KO,PEP,PM,BRK-B,JPM,V","TMUS,CMCSA,BKNG,SBUX",,252,10,0.8,60,2.5,0.5,5.0,252.0,1.6061942987082345,0.1126692396385324,0.1933629742227654,0.5826825952145881,-0.2202613782514104,0.0256523662096417,57,23.392857142857142,0.4916030534351145
usa,AMZN,priority,30,30,"NVDA,AAPL,MSFT,AVGO,ORCL,AMD,CSCO,QCOM,TXN,IBM,ACN,ADI,GOOGL,META,NFLX,DIS,VZ,TSLA,HD,MCD,LOW,WMT,COST,PG,KO,PEP,PM,BRK-B,JPM,V","TMUS,CMCSA,BKNG,SBUX",,252,10,0.8,60,2.5,0.75,5.0,252.0,1.0979688031722148,0.0860908259919948,0.1853436229539406,0.4644930568417185,-0.2286148239764183,0.0256523662096417,57,20.0,0.4857142857142857
usa,AMZN,priority,30,30,"NVDA,AAPL,MSFT,AVGO,ORCL,AMD,CSCO,QCOM,TXN,IBM,ACN,ADI,GOOGL,META,NFLX,DIS,VZ,TSLA,HD,MCD,LOW,WMT,COST,PG,KO,PEP,PM,BRK-B,JPM,V","TMUS,CMCSA,BKNG,SBUX",,252,10,0.8,60,2.5,1.0,5.0,252.0,0.8116772804542931,0.0684751542589756,0.1772945293135533,0.3862226010249546,-0.2153053774716239,0.0265369305616983,59,16.620689655172413,0.491701244813278
usa,AMZN,priority,30,30,"NVDA,AAPL,MSFT,AVGO,ORCL,AMD,CSCO,QCOM,TXN,IBM,ACN,ADI,GOOGL,META,NFLX,DIS,VZ,TSLA,HD,MCD,LOW,WMT,COST,PG,KO,PEP,PM,BRK-B,JPM,V","TMUS,CMCSA,BKNG,SBUX",,252,10,0.8,60,3.0,0.0,5.0,252.0,2.7329333137142044,0.1581316237607311,0.2974343109304437,0.5316522605144598,-0.3531090038491662,0.010172490048651,12,2117.0,0.4898441190363722
usa,AMZN,priority,30,30,"NVDA,AAPL,MSFT,AVGO,ORCL,AMD,CSCO,QCOM,TXN,IBM,ACN,ADI,GOOGL,META,NFLX,DIS,VZ,TSLA,HD,MCD,LOW,WMT,COST,PG,KO,PEP,PM,BRK-B,JPM,V","TMUS,CMCSA,BKNG,SBUX",,252,10,0.8,60,3.0,0.25,5.0,252.0,1.5255078274116256,0.1087760081904662,0.180272651691897,0.6033971718371056,-0.2930318704690122,0.0176912870411322,39,26.73684210526316,0.4862204724409449
usa,AMZN,priority,30,30,"NVDA,AAPL,MSFT,AVGO,ORCL,AMD,CSCO,QCOM,TXN,IBM,ACN,ADI,GOOGL,META,NFLX,DIS,VZ,TSLA,HD,MCD,LOW,WMT,COST,PG,KO,PEP,PM,BRK-B,JPM,V","TMUS,CMCSA,BKNG,SBUX",,252,10,0.8,60,3.0,0.5,5.0,252.0,1.6214592483415573,0.1133937210031028,0.1752179940046322,0.6471579682626949,-0.2153053774716234,0.0185758513931888,41,22.85,0.4814004376367615
usa,AMZN,priority,30,30,"NVDA,AAPL,MSFT,AVGO,ORCL,AMD,CSCO,QCOM,TXN,IBM,ACN,ADI,GOOGL,META,NFLX,DIS,VZ,TSLA,HD,MCD,LOW,WMT,COST,PG,KO,PEP,PM,BRK-B,JPM,V","TMUS,CMCSA,BKNG,SBUX",,252,10,0.8,60,3.0,0.75,5.0,252.0,1.2167966864516706,0.0927804418870632,0.1698636182270224,0.5462054962414751,-0.2203201978577209,0.0185758513931888,41,19.95,0.4736842105263157
usa,AMZN,priority,30,30,"NVDA,AAPL,MSFT,AVGO,ORCL,AMD,CSCO,QCOM,TXN,IBM,ACN,ADI,GOOGL,META,NFLX,DIS,VZ,TSLA,HD,MCD,LOW,WMT,COST,PG,KO,PEP,PM,BRK-B,JPM,V","TMUS,CMCSA,BKNG,SBUX",,252,10,0.8,60,3.0,1.0,5.0,252.0,1.0366480032785907,0.0825058787589971,0.1623360956857555,0.508241117974829,-0.2153053774716234,0.0194604157452454,43,15.857142857142858,0.4834834834834834
usa,AMZN,priority,30,30,"NVDA,AAPL,MSFT,AVGO,ORCL,AMD,CSCO,QCOM,TXN,IBM,ACN,ADI,GOOGL,META,NFLX,DIS,VZ,TSLA,HD,MCD,LOW,WMT,COST,PG,KO,PEP,PM,BRK-B,JPM,V","TMUS,CMCSA,BKNG,SBUX",,252,21,0.8,60,1.0,0.0,5.0,252.0,1.989660058379264,0.1298231789858115,0.3065403463460199,0.4235109033225542,-0.3505476848096869,0.0340557275541795,39,2199.0,0.493406093678945
usa,AMZN,priority,30,30,"NVDA,AAPL,MSFT,AVGO,ORCL,AMD,CSCO,QCOM,TXN,IBM,ACN,ADI,GOOGL,META,NFLX,DIS,VZ,TSLA,HD,MCD,LOW,WMT,COST,PG,KO,PEP,PM,BRK-B,JPM,V","TMUS,CMCSA,BKNG,SBUX",,252,21,0.8,60,1.0,0.25,5.0,252.0,0.5801728709820342,0.0523171368335169,0.2671753680391775,0.1958157191565853,-0.3643229866155538,0.0513047324192835,110,30.23076923076923,0.4885496183206106
usa,AMZN,priority,30,30,"NVDA,AAPL,MSFT,AVGO,ORCL,AMD,CSCO,QCOM,TXN,IBM,ACN,ADI,GOOGL,META,NFLX,DIS,VZ,TSLA,HD,MCD,LOW,WMT,COST,PG,KO,PEP,PM,BRK-B,JPM,V","TMUS,CMCSA,BKNG,SBUX",,252,21,0.8,60,1.0,0.5,5.0,252.0,1.3917811282438075,0.1020731927189586,0.2568182960865806,0.3974529629483521,-0.3681338934562852,0.0619195046439628,134,22.375,0.4888268156424581
usa,AMZN,priority,30,30,"NVDA,AAPL,MSFT,AVGO,ORCL,AMD,CSCO,QCOM,TXN,IBM,ACN,ADI,GOOGL,META,NFLX,DIS,VZ,TSLA,HD,MCD,LOW,WMT,COST,PG,KO,PEP,PM,BRK-B,JPM,V","TMUS,CMCSA,BKNG,SBUX",,252,21,0.8,60,1.0,0.75,5.0,252.0,0.4303993254901685,0.04070228914651,0.2412959842007693,0.1686819997495023,-0.3834485533203855,0.0725342768686422,163,15.790123456790123,0.4847537138389367
usa,AMZN,priority,30,30,"NVDA,AAPL,MSFT,AVGO,ORCL,AMD,CSCO,QCOM,TXN,IBM,ACN,ADI,GOOGL,META,NFLX,DIS,VZ,TSLA,HD,MCD,LOW,WMT,COST,PG,KO,PEP,PM,BRK-B,JPM,V","TMUS,CMCSA,BKNG,SBUX",,252,21,0.8,60,1.5,0.0,5.0,252.0,3.4815891275478315,0.1819672094701883,0.306055721574266,0.5945558166146977,-0.3505476848096868,0.0287483414418398,33,2198.0,0.489080982711556
usa,AMZN,priority,30,30,"NVDA,AAPL,MSFT,AVGO,ORCL,AMD,CSCO,QCOM,TXN,IBM,ACN,ADI,GOOGL,META,NFLX,DIS,VZ,TSLA,HD,MCD,LOW,WMT,COST,PG,KO,PEP,PM,BRK-B,JPM,V","TMUS,CMCSA,BKNG,SBUX",,252,21,0.8,60,1.5,0.25,5.0,252.0,0.8571105872861224,0.0714288648877314,0.2518383278983276,0.2836298409532356,-0.3426975650562696,0.0406899601946041,88,33.142857142857146,0.4892241379310345
usa,AMZN,priority,30,30,"NVDA,AAPL,MSFT,AVGO,ORCL,AMD,CSCO,QCOM,TXN,IBM,ACN,ADI,GOOGL,META,NFLX,DIS,VZ,TSLA,HD,MCD,LOW,WMT,COST,PG,KO,PEP,PM,BRK-B,JPM,V","TMUS,CMCSA,BKNG,SBUX",,252,21,0.8,60,1.5,0.5,5.0,252.0,1.269851268535636,0.0956648490728133,0.2439189927893388,0.3921992624634791,-0.3373442808329413,0.0433436532507739,94,27.64444444444445,0.4871382636655949
usa,AMZN,priority,30,30,"NVDA,AAPL,MSFT,AVGO,ORCL,AMD,CSCO,QCOM,TXN,IBM,ACN,ADI,GOOGL,META,NFLX,DIS,VZ,TSLA,HD,MCD,LOW,WMT,COST,PG,KO,PEP,PM,BRK-B,JPM,V","TMUS,CMCSA,BKNG,SBUX",,252,21,0.8,60,1.5,0.75,5.0,252.0,0.434778036557625,0.0410568784054268,0.2275202438586132,0.1804537376943943,-0.3612221236459014,0.0468819106590004,105,20.57692307692308,0.4813084112149532
usa,AMZN,priority,30,30,"NVDA,AAPL,MSFT,AVGO,ORCL,AMD,CSCO,QCOM,TXN,IBM,ACN,ADI,GOOGL,META,NFLX,DIS,VZ,TSLA,HD,MCD,LOW,WMT,COST,PG,KO,PEP,PM,BRK-B,JPM,V","TMUS,CMCSA,BKNG,SBUX",,252,21,0.8,60,1.5,1.0,5.0,252.0,0.3381111360221567,0.0329949542700946,0.2188726229405905,0.1507495721794801,-0.338917791576477,0.0557275541795665,125,15.112903225806452,0.4866595517609391
usa,AMZN,priority,30,30,"NVDA,AAPL,MSFT,AVGO,ORCL,AMD,CSCO,QCOM,TXN,IBM,ACN,ADI,GOOGL,META,NFLX,DIS,VZ,TSLA,HD,MCD,LOW,WMT,COST,PG,KO,PEP,PM,BRK-B,JPM,V","TMUS,CMCSA,BKNG,SBUX",,252,21,0.8,60,2.0,0.0,5.0,252.0,5.5530906461300615,0.2330965905420126,0.3059168046339316,0.7619607259592762,-0.3619989178584869,0.0234409553295002,27,2198.0,0.5009099181073703
usa,AMZN,priority,30,30,"NVDA,AAPL,MSFT,AVGO,ORCL,AMD,CSCO,QCOM,TXN,IBM,ACN,ADI,GOOGL,META,NFLX,DIS,VZ,TSLA,HD,MCD,LOW,WMT,COST,PG,KO,PEP,PM,BRK-B,JPM,V","TMUS,CMCSA,BKNG,SBUX",,252,21,0.8,60,2.0,0.25,5.0,252.0,1.1582099715782337,0.0895231160293938,0.2313350461217205,0.3869846680398347,-0.3436407006727133,0.0336134453781512,74,32.138888888888886,0.4952463267070008
usa,AMZN,priority,30,30,"NVDA,AAPL,MSFT,AVGO,ORCL,AMD,CSCO,QCOM,TXN,IBM,ACN,ADI,GOOGL,META,NFLX,DIS,VZ,TSLA,HD,MCD,LOW,WMT,COST,PG,KO,PEP,PM,BRK-B,JPM,V","TMUS,CMCSA,BKNG,SBUX",,252,21,0.8,60,2.0,0.5,5.0,252.0,1.0988496204291631,0.0861416386507449,0.2256688257156935,0.3817170509819093,-0.3324736343358947,0.0336134453781512,74,28.5,0.4892787524366471
usa,AMZN,priority,30,30,"NVDA,AAPL,MSFT,AVGO,ORCL,AMD,CSCO,QCOM,TXN,IBM,ACN,ADI,GOOGL,META,NFLX,DIS,VZ,TSLA,HD,MCD,LOW,WMT,COST,PG,KO,PEP,PM,BRK-B,JPM,V","TMUS,CMCSA,BKNG,SBUX",,252,21,0.8,60,2.0,0.75,5.0,252.0,0.3874438774261217,0.0371716459529865,0.2094625144885414,0.1774620439545041,-0.3355821660399201,0.0344980097302078,78,22.128205128205128,0.4831981460023175
usa,AMZN,priority,30,30,"NVDA,AAPL,MSFT,AVGO,ORCL,AMD,CSCO,QCOM,TXN,IBM,ACN,ADI,GOOGL,META,NFLX,DIS,VZ,TSLA,HD,MCD,LOW,WMT,COST,PG,KO,PEP,PM,BRK-B,JPM,V","TMUS,CMCSA,BKNG,SBUX",,252,21,0.8,60,2.0,1.0,5.0,252.0,0.3763071968068641,0.0362404420949249,0.1979604991355683,0.1830690579846768,-0.3034418256810469,0.0371517027863777,84,17.404761904761905,0.4897400820793434
usa,AMZN,priority,30,30,"NVDA,AAPL,MSFT,AVGO,ORCL,AMD,CSCO,QCOM,TXN,IBM,ACN,ADI,GOOGL,META,NFLX,DIS,VZ,TSLA,HD,MCD,LOW,WMT,COST,PG,KO,PEP,PM,BRK-B,JPM,V","TMUS,CMCSA,BKNG,SBUX",,252,21,0.8,60,2.5,0.0,5.0,252.0,5.80277571848915,0.2382465465039458,0.3039820600550881,0.7837519966170715,-0.3939944899492394,0.0154798761609907,18,2117.0,0.5054322153991497
usa,AMZN,priority,30,30,"NVDA,AAPL,MSFT,AVGO,ORCL,AMD,CSCO,QCOM,TXN,IBM,ACN,ADI,GOOGL,META,NFLX,DIS,VZ,TSLA,HD,MCD,LOW,WMT,COST,PG,KO,PEP,PM,BRK-B,JPM,V","TMUS,CMCSA,BKNG,SBUX",,252,21,0.8,60,2.5,0.25,5.0,252.0,1.023922274193244,0.0817499069301714,0.2165891168035618,0.3774423578462419,-0.3213711559895363,0.0256523662096417,57,32.214285714285715,0.4911308203991131
usa,AMZN,priority,30,30,"NVDA,AAPL,MSFT,AVGO,ORCL,AMD,CSCO,QCOM,TXN,IBM,ACN,ADI,GOOGL,META,NFLX,DIS,VZ,TSLA,HD,MCD,LOW,WMT,COST,PG,KO,PEP,PM,BRK-B,JPM,V","TMUS,CMCSA,BKNG,SBUX",,252,21,0.8,60,2.5,0.5,5.0,252.0,1.0538036958085488,0.0835183968653259,0.2115502860778857,0.394792171704165,-0.3213711559895364,0.0256523662096417,57,28.571428571428573,0.48375
usa,AMZN,priority,30,30,"NVDA,AAPL,MSFT,AVGO,ORCL,AMD,CSCO,QCOM,TXN,IBM,ACN,ADI,GOOGL,META,NFLX,DIS,VZ,TSLA,HD,MCD,LOW,WMT,COST,PG,KO,PEP,PM,BRK-B,JPM,V","TMUS,CMCSA,BKNG,SBUX",,252,21,0.8,60,2.5,0.75,5.0,252.0,0.4936637442988478,0.0457343386017936,0.1950932940450644,0.2344229145632731,-0.3213711559895364,0.0256523662096417,58,22.89655172413793,0.4728915662650602
usa,AMZN,priority,30,30,"NVDA,AAPL,MSFT,AVGO,ORCL,AMD,CSCO,QCOM,TXN,IBM,ACN,ADI,GOOGL,META,NFLX,DIS,VZ,TSLA,HD,MCD,LOW,WMT,COST,PG,KO,PEP,PM,BRK-B,JPM,V","TMUS,CMCSA,BKNG,SBUX",,252,21,0.8,60,2.5,1.0,5.0,252.0,0.4897662520859576,0.0454298593094901,0.1838991704123965,0.2470367822084953,-0.3068199570263297,0.0265369305616983,60,17.633333333333333,0.4839319470699433
usa,AMZN,priority,30,30,"NVDA,AAPL,MSFT,AVGO,ORCL,AMD,CSCO,QCOM,TXN,IBM,ACN,ADI,GOOGL,META,NFLX,DIS,VZ,TSLA,HD,MCD,LOW,WMT,COST,PG,KO,PEP,PM,BRK-B,JPM,V","TMUS,CMCSA,BKNG,SBUX",,252,21,0.8,60,3.0,0.0,5.0,252.0,0.7767471374114583,0.0661591808053652,0.3042930060039427,0.217419327753159,-0.3939944899492401,0.0084033613445378,10,2117.0,0.4931506849315068
usa,AMZN,priority,30,30,"NVDA,AAPL,MSFT,AVGO,ORCL,AMD,CSCO,QCOM,TXN,IBM,ACN,ADI,GOOGL,META,NFLX,DIS,VZ,TSLA,HD,MCD,LOW,WMT,COST,PG,KO,PEP,PM,BRK-B,JPM,V","TMUS,CMCSA,BKNG,SBUX",,252,21,0.8,60,3.0,0.25,5.0,252.0,0.5369054001684521,0.0490659153657309,0.1746726457582057,0.2809021135092407,-0.2948550210089756,0.015922158337019,36,29.0,0.4827586206896552
usa,AMZN,priority,30,30,"NVDA,AAPL,MSFT,AVGO,ORCL,AMD,CSCO,QCOM,TXN,IBM,ACN,ADI,GOOGL,META,NFLX,DIS,VZ,TSLA,HD,MCD,LOW,WMT,COST,PG,KO,PEP,PM,BRK-B,JPM,V","TMUS,CMCSA,BKNG,SBUX",,252,21,0.8,60,3.0,0.5,5.0,252.0,0.5831693845301789,0.0525393617042593,0.1691442110239632,0.3106187399864125,-0.2948550210089755,0.015922158337019,36,24.22222222222222,0.4701834862385321
usa,AMZN,priority,30,30,"NVDA,AAPL,MSFT,AVGO,ORCL,AMD,CSCO,QCOM,TXN,IBM,ACN,ADI,GOOGL,META,NFLX,DIS,VZ,TSLA,HD,MCD,LOW,WMT,COST,PG,KO,PEP,PM,BRK-B,JPM,V","TMUS,CMCSA,BKNG,SBUX",,252,21,0.8,60,3.0,0.75,5.0,252.0,0.4752656891014992,0.0442907979447764,0.1672597628269912,0.2648024677076073,-0.2948550210089757,0.015922158337019,36,21.27777777777778,0.4595300261096606
usa,AMZN,priority,30,30,"NVDA,AAPL,MSFT,AVGO,ORCL,AMD,CSCO,QCOM,TXN,IBM,ACN,ADI,GOOGL,META,NFLX,DIS,VZ,TSLA,HD,MCD,LOW,WMT,COST,PG,KO,PEP,PM,BRK-B,JPM,V","TMUS,CMCSA,BKNG,SBUX",,252,21,0.8,60,3.0,1.0,5.0,252.0,0.4833445173922499,0.0449266342353964,0.1627059809920108,0.2761215903771997,-0.2675126470993427,0.0168067226890756,38,18.894736842105264,0.4568245125348189
usa,AMZN,priority,30,30,"NVDA,AAPL,MSFT,AVGO,ORCL,AMD,CSCO,QCOM,TXN,IBM,ACN,ADI,GOOGL,META,NFLX,DIS,VZ,TSLA,HD,MCD,LOW,WMT,COST,PG,KO,PEP,PM,BRK-B,JPM,V","TMUS,CMCSA,BKNG,SBUX",,252,63,0.8,60,1.0,0.0,5.0,252.0,1.9489312882179053,0.1280972092207386,0.3597652021539629,0.35605780785302,-0.4424902564255542,0.0340557275541795,39,2198.0,0.4949954504094631
usa,AMZN,priority,30,30,"NVDA,AAPL,MSFT,AVGO,ORCL,AMD,CSCO,QCOM,TXN,IBM,ACN,ADI,GOOGL,META,NFLX,DIS,VZ,TSLA,HD,MCD,LOW,WMT,COST,PG,KO,PEP,PM,BRK-B,JPM,V","TMUS,CMCSA,BKNG,SBUX",,252,63,0.8,60,1.0,0.25,5.0,252.0,3.749407707048185,0.189638261140983,0.3214106031756734,0.5900186840983974,-0.3328525801736756,0.0557275541795665,110,36.361702127659576,0.4967817437097718
usa,AMZN,priority,30,30,"NVDA,AAPL,MSFT,AVGO,ORCL,AMD,CSCO,QCOM,TXN,IBM,ACN,ADI,GOOGL,META,NFLX,DIS,VZ,TSLA,HD,MCD,LOW,WMT,COST,PG,KO,PEP,PM,BRK-B,JPM,V","TMUS,CMCSA,BKNG,SBUX",,252,63,0.8,60,1.0,0.5,5.0,252.0,3.5951437953622305,0.1852681616425902,0.3087442040047787,0.6000700879221124,-0.3328525801736751,0.0672268907563025,138,25.274193548387096,0.4984045947670708
usa,AMZN,priority,30,30,"NVDA,AAPL,MSFT,AVGO,ORCL,AMD,CSCO,QCOM,TXN,IBM,ACN,ADI,GOOGL,META,NFLX,DIS,VZ,TSLA,HD,MCD,LOW,WMT,COST,PG,KO,PEP,PM,BRK-B,JPM,V","TMUS,CMCSA,BKNG,SBUX",,252,63,0.8,60,1.0,0.75,5.0,252.0,1.8758427377006943,0.1249461083967509,0.285522722640278,0.4376047805980296,-0.4615842511894358,0.0778416629809818,168,17.9375,0.4961672473867596
usa,AMZN,priority,30,30,"NVDA,AAPL,MSFT,AVGO,ORCL,AMD,CSCO,QCOM,TXN,IBM,ACN,ADI,GOOGL,META,NFLX,DIS,VZ,TSLA,HD,MCD,LOW,WMT,COST,PG,KO,PEP,PM,BRK-B,JPM,V","TMUS,CMCSA,BKNG,SBUX",,252,63,0.8,60,1.5,0.0,5.0,252.0,1.5030964335238035,0.1076750207418908,0.3597765784511234,0.2992830194934959,-0.4250034660544971,0.0269792127377266,31,2198.0,0.4949954504094631
usa,AMZN,priority,30,30,"NVDA,AAPL,MSFT,AVGO,ORCL,AMD,CSCO,QCOM,TXN,IBM,ACN,ADI,GOOGL,META,NFLX,DIS,VZ,TSLA,HD,MCD,LOW,WMT,COST,PG,KO,PEP,PM,BRK-B,JPM,V","TMUS,CMCSA,BKNG,SBUX",,252,63,0.8,60,1.5,0.25,5.0,252.0,4.176390791361922,0.2011077325212744,0.3121763506443776,0.6442119401618948,-0.3328525801736748,0.0451127819548872,90,40.71794871794872,0.4968513853904282
usa,AMZN,priority,30,30,"NVDA,AAPL,MSFT,AVGO,ORCL,AMD,CSCO,QCOM,TXN,IBM,ACN,ADI,GOOGL,META,NFLX,DIS,VZ,TSLA,HD,MCD,LOW,WMT,COST,PG,KO,PEP,PM,BRK-B,JPM,V","TMUS,CMCSA,BKNG,SBUX",,252,63,0.8,60,1.5,0.5,5.0,252.0,2.73878513300852,0.1583338308149702,0.2917298923885806,0.5427411963806283,-0.3328525801736756,0.0530738611233967,112,27.07692307692308,0.4978693181818182
usa,AMZN,priority,30,30,"NVDA,AAPL,MSFT,AVGO,ORCL,AMD,CSCO,QCOM,TXN,IBM,ACN,ADI,GOOGL,META,NFLX,DIS,VZ,TSLA,HD,MCD,LOW,WMT,COST,PG,KO,PEP,PM,BRK-B,JPM,V","TMUS,CMCSA,BKNG,SBUX",,252,63,0.8,60,1.5,0.75,5.0,252.0,0.9885876888218184,0.0796284913802585,0.2658925412139859,0.2994762132728455,-0.4249462076952817,0.0548429898275099,119,22.33333333333333,0.4948939512961508
usa,AMZN,priority,30,30,"NVDA,AAPL,MSFT,AVGO,ORCL,AMD,CSCO,QCOM,TXN,IBM,ACN,ADI,GOOGL,META,NFLX,DIS,VZ,TSLA,HD,MCD,LOW,WMT,COST,PG,KO,PEP,PM,BRK-B,JPM,V","TMUS,CMCSA,BKNG,SBUX",,252,63,0.8,60,1.5,1.0,5.0,252.0,1.120181223843058,0.0873664683208708,0.2584154140840803,0.3380853600801246,-0.4116368508857783,0.063688633348076,140,16.308823529411764,0.4959422903516681
usa,AMZN,priority,30,30,"NVDA,AAPL,MSFT,AVGO,ORCL,AMD,CSCO,QCOM,TXN,IBM,ACN,ADI,GOOGL,META,NFLX,DIS,VZ,TSLA,HD,MCD,LOW,WMT,COST,PG,KO,PEP,PM,BRK-B,JPM,V","TMUS,CMCSA,BKNG,SBUX",,252,63,0.8,60,2.0,0.0,5.0,252.0,5.801857111092897,0.2382279094636412,0.3594608517343389,0.6627367300617888,-0.3442804449564035,0.0252100840336134,29,2198.0,0.5059144676979072
usa,AMZN,priority,30,30,"NVDA,AAPL,MSFT,AVGO,ORCL,AMD,CSCO,QCOM,TXN,IBM,ACN,ADI,GOOGL,META,NFLX,DIS,VZ,TSLA,HD,MCD,LOW,WMT,COST,PG,KO,PEP,PM,BRK-B,JPM,V","TMUS,CMCSA,BKNG,SBUX",,252,63,0.8,60,2.0,0.25,5.0,252.0,3.8069394031934696,0.1912358199318209,0.2944456080329805,0.6494775765526134,-0.3220304752173138,0.0344980097302078,69,46.0,0.4992753623188405
usa,AMZN,priority,30,30,"NVDA,AAPL,MSFT,AVGO,ORCL,AMD,CSCO,QCOM,TXN,IBM,ACN,ADI,GOOGL,META,NFLX,DIS,VZ,TSLA,HD,MCD,LOW,WMT,COST,PG,KO,PEP,PM,BRK-B,JPM,V","TMUS,CMCSA,BKNG,SBUX",,252,63,0.8,60,2.0,0.5,5.0,252.0,1.7183944136505231,0.1179087187510221,0.2729317595862283,0.432008055529246,-0.3913892957865929,0.0371517027863777,79,31.75675675675676,0.5004255319148936
usa,AMZN,priority,30,30,"NVDA,AAPL,MSFT,AVGO,ORCL,AMD,CSCO,QCOM,TXN,IBM,ACN,ADI,GOOGL,META,NFLX,DIS,VZ,TSLA,HD,MCD,LOW,WMT,COST,PG,KO,PEP,PM,BRK-B,JPM,V","TMUS,CMCSA,BKNG,SBUX",,252,63,0.8,60,2.0,0.75,5.0,252.0,0.8669257794936305,0.0720585258951924,0.2496961234421255,0.2885848803010918,-0.4816945631990181,0.0380362671384343,82,27.05128205128205,0.4957345971563981
usa,AMZN,priority,30,30,"NVDA,AAPL,MSFT,AVGO,ORCL,AMD,CSCO,QCOM,TXN,IBM,ACN,ADI,GOOGL,META,NFLX,DIS,VZ,TSLA,HD,MCD,LOW,WMT,COST,PG,KO,PEP,PM,BRK-B,JPM,V","TMUS,CMCSA,BKNG,SBUX",,252,63,0.8,60,2.0,1.0,5.0,252.0,0.8192334992897194,0.0689709293647407,0.2336923901915329,0.2951355382527112,-0.530918761324644,0.0415745245466607,91,20.02272727272728,0.5005675368898979
usa,AMZN,priority,30,30,"NVDA,AAPL,MSFT,AVGO,ORCL,AMD,CSCO,QCOM,TXN,IBM,ACN,ADI,GOOGL,META,NFLX,DIS,VZ,TSLA,HD,MCD,LOW,WMT,COST,PG,KO,PEP,PM,BRK-B,JPM,V","TMUS,CMCSA,BKNG,SBUX",,252,63,0.8,60,2.5,0.0,5.0,252.0,3.7387718158365946,0.1893410385508662,0.3595844698807262,0.5265551057131875,-0.4513943717694819,0.0181335692171605,21,2198.0,0.5118289353958144
usa,AMZN,priority,30,30,"NVDA,AAPL,MSFT,AVGO,ORCL,AMD,CSCO,QCOM,TXN,IBM,ACN,ADI,GOOGL,META,NFLX,DIS,VZ,TSLA,HD,MCD,LOW,WMT,COST,PG,KO,PEP,PM,BRK-B,JPM,V","TMUS,CMCSA,BKNG,SBUX",,252,63,0.8,60,2.5,0.25,5.0,252.0,4.020391245979196,0.197018275579982,0.2654979730074435,0.7420707335285699,-0.3116054405968718,0.0238832375055285,50,47.82608695652174,0.5054545454545455
usa,AMZN,priority,30,30,"NVDA,AAPL,MSFT,AVGO,ORCL,AMD,CSCO,QCOM,TXN,IBM,ACN,ADI,GOOGL,META,NFLX,DIS,VZ,TSLA,HD,MCD,LOW,WMT,COST,PG,KO,PEP,PM,BRK-B,JPM,V","TMUS,CMCSA,BKNG,SBUX",,252,63,0.8,60,2.5,0.5,5.0,252.0,1.607687476301891,0.1127402726480653,0.2392896996305918,0.4711455312205678,-0.2879174452118553,0.0238832375055285,53,35.07692307692308,0.5054824561403509
usa,AMZN,priority,30,30,"NVDA,AAPL,MSFT,AVGO,ORCL,AMD,CSCO,QCOM,TXN,IBM,ACN,ADI,GOOGL,META,NFLX,DIS,VZ,TSLA,HD,MCD,LOW,WMT,COST,PG,KO,PEP,PM,BRK-B,JPM,V","TMUS,CMCSA,BKNG,SBUX",,252,63,0.8,60,2.5,0.75,5.0,252.0,0.8295881806176992,0.0696473525776546,0.2106947578580049,0.3305604433907775,-0.2822792422091261,0.0238832375055285,53,30.65384615384616,0.4968632371392723
usa,AMZN,priority,30,30,"NVDA,AAPL,MSFT,AVGO,ORCL,AMD,CSCO,QCOM,TXN,IBM,ACN,ADI,GOOGL,META,NFLX,DIS,VZ,TSLA,HD,MCD,LOW,WMT,COST,PG,KO,PEP,PM,BRK-B,JPM,V","TMUS,CMCSA,BKNG,SBUX",,252,63,0.8,60,2.5,1.0,5.0,252.0,0.4180059366802815,0.0396934151492505,0.1776231425345456,0.2234698394750594,-0.2846381908154969,0.0238832375055285,53,23.115384615384617,0.4941763727121464
usa,AMZN,priority,30,30,"NVDA,AAPL,MSFT,AVGO,ORCL,AMD,CSCO,QCOM,TXN,IBM,ACN,ADI,GOOGL,META,NFLX,DIS,VZ,TSLA,HD,MCD,LOW,WMT,COST,PG,KO,PEP,PM,BRK-B,JPM,V","TMUS,CMCSA,BKNG,SBUX",,252,63,0.8,60,3.0,0.0,5.0,252.0,3.779194038268117,0.1904675111251434,0.3568542230419751,0.5337403870452155,-0.4728634676774709,0.0137107474568774,16,2135.0,0.5180327868852459
usa,AMZN,priority,30,30,"NVDA,AAPL,MSFT,AVGO,ORCL,AMD,CSCO,QCOM,TXN,IBM,ACN,ADI,GOOGL,META,NFLX,DIS,VZ,TSLA,HD,MCD,LOW,WMT,COST,PG,KO,PEP,PM,BRK-B,JPM,V","TMUS,CMCSA,BKNG,SBUX",,252,63,0.8,60,3.0,0.25,5.0,252.0,4.704180799422624,0.2141758884249482,0.2340191359395957,0.9152067311291614,-0.2885906331193976,0.0194604157452454,41,42.89473684210526,0.5165644171779141
usa,AMZN,priority,30,30,"NVDA,AAPL,MSFT,AVGO,ORCL,AMD,CSCO,QCOM,TXN,IBM,ACN,ADI,GOOGL,META,NFLX,DIS,VZ,TSLA,HD,MCD,LOW,WMT,COST,PG,KO,PEP,PM,BRK-B,JPM,V","TMUS,CMCSA,BKNG,SBUX",,252,63,0.8,60,3.0,0.5,5.0,252.0,2.170258533940133,0.1372332839008025,0.2091162371423179,0.6562536021887478,-0.2684870246417234,0.0194604157452454,43,31.857142857142858,0.5142002989536621
usa,AMZN,priority,30,30,"NVDA,AAPL,MSFT,AVGO,ORCL,AMD,CSCO,QCOM,TXN,IBM,ACN,ADI,GOOGL,META,NFLX,DIS,VZ,TSLA,HD,MCD,LOW,WMT,COST,PG,KO,PEP,PM,BRK-B,JPM,V","TMUS,CMCSA,BKNG,SBUX",,252,63,0.8,60,3.0,0.75,5.0,252.0,1.3281877371231436,0.0987680706539164,0.1762078430716387,0.560520286340271,-0.2429437569158611,0.0194604157452454,43,27.23809523809524,0.5104895104895105
usa,AMZN,priority,30,30,"NVDA,AAPL,MSFT,AVGO,ORCL,AMD,CSCO,QCOM,TXN,IBM,ACN,ADI,GOOGL,META,NFLX,DIS,VZ,TSLA,HD,MCD,LOW,WMT,COST,PG,KO,PEP,PM,BRK-B,JPM,V","TMUS,CMCSA,BKNG,SBUX",,252,63,0.8,60,3.0,1.0,5.0,252.0,0.9500824050177784,0.0772782323477081,0.1628220403035389,0.4746177618438091,-0.2268084151014776,0.0194604157452454,43,21.428571428571427,0.5088888888888888
usa,NVDA,priority,30,30,"AAPL,MSFT,AVGO,ORCL,AMD,CSCO,QCOM,TXN,IBM,ACN,ADI,GOOGL,META,NFLX,DIS,VZ,AMZN,TSLA,HD,MCD,LOW,WMT,COST,PG,KO,PEP,PM,BRK-B,JPM,V","TMUS,CMCSA,BKNG,SBUX",,252,5,0.8,60,1.0,0.0,5.0,252.0,17.248784802581987,0.3822002479632096,0.4408099292163432,0.8670409231540498,-0.3820858449487073,0.0437859354268023,50,2190.0,0.5278538812785388
usa,NVDA,priority,30,30,"AAPL,MSFT,AVGO,ORCL,AMD,CSCO,QCOM,TXN,IBM,ACN,ADI,GOOGL,META,NFLX,DIS,VZ,AMZN,TSLA,HD,MCD,LOW,WMT,COST,PG,KO,PEP,PM,BRK-B,JPM,V","TMUS,CMCSA,BKNG,SBUX",,252,5,0.8,60,1.0,0.25,5.0,252.0,15.796400183091148,0.3694828747890253,0.3900426831681118,0.9472883115968488,-0.3332037459005892,0.0681114551083591,141,23.40625,0.5427236315086782
usa,NVDA,priority,30,30,"AAPL,MSFT,AVGO,ORCL,AMD,CSCO,QCOM,TXN,IBM,ACN,ADI,GOOGL,META,NFLX,DIS,VZ,AMZN,TSLA,HD,MCD,LOW,WMT,COST,PG,KO,PEP,PM,BRK-B,JPM,V","TMUS,CMCSA,BKNG,SBUX",,252,5,0.8,60,1.0,0.5,5.0,252.0,7.553372980664676,0.2702566467580791,0.3676746347332387,0.7350429462020412,-0.3332037459005892,0.0787262273330384,175,15.604651162790695,0.5402384500745157
usa,NVDA,priority,30,30,"AAPL,MSFT,AVGO,ORCL,AMD,CSCO,QCOM,TXN,IBM,ACN,ADI,GOOGL,META,NFLX,DIS,VZ,AMZN,TSLA,HD,MCD,LOW,WMT,COST,PG,KO,PEP,PM,BRK-B,JPM,V","TMUS,CMCSA,BKNG,SBUX",,252,5,0.8,60,1.0,0.75,5.0,252.0,10.528211124133088,0.3132239360962596,0.3416548759279361,0.9167846214562052,-0.3009661029668029,0.1017249004865104,228,10.451327433628318,0.5436071126164268
usa,NVDA,priority,30,30,"AAPL,MSFT,AVGO,ORCL,AMD,CSCO,QCOM,TXN,IBM,ACN,ADI,GOOGL,META,NFLX,DIS,VZ,AMZN,TSLA,HD,MCD,LOW,WMT,COST,PG,KO,PEP,PM,BRK-B,JPM,V","TMUS,CMCSA,BKNG,SBUX",,252,5,0.8,60,1.5,0.0,5.0,252.0,5.342642220923311,0.2286186788080404,0.4370080422351948,0.5231452438236809,-0.4452586794675739,0.0296329057938965,34,2173.0,0.5158766682006443
usa,NVDA,priority,30,30,"AAPL,MSFT,AVGO,ORCL,AMD,CSCO,QCOM,TXN,IBM,ACN,ADI,GOOGL,META,NFLX,DIS,VZ,AMZN,TSLA,HD,MCD,LOW,WMT,COST,PG,KO,PEP,PM,BRK-B,JPM,V","TMUS,CMCSA,BKNG,SBUX",,252,5,0.8,60,1.5,0.25,5.0,252.0,16.724468415885184,0.377716511768118,0.3648330347738646,1.0353133509476165,-0.3131698896207167,0.0521892967713401,111,24.0,0.5400641025641025
usa,NVDA,priority,30,30,"AAPL,MSFT,AVGO,ORCL,AMD,CSCO,QCOM,TXN,IBM,ACN,ADI,GOOGL,META,NFLX,DIS,VZ,AMZN,TSLA,HD,MCD,LOW,WMT,COST,PG,KO,PEP,PM,BRK-B,JPM,V","TMUS,CMCSA,BKNG,SBUX",,252,5,0.8,60,1.5,0.5,5.0,252.0,7.702028063829724,0.2726984124158471,0.3459243596909888,0.7883180376757688,-0.3131698896207165,0.0557275541795665,125,17.516129032258064,0.5359116022099447
usa,NVDA,priority,30,30,"AAPL,MSFT,AVGO,ORCL,AMD,CSCO,QCOM,TXN,IBM,ACN,ADI,GOOGL,META,NFLX,DIS,VZ,AMZN,TSLA,HD,MCD,LOW,WMT,COST,PG,KO,PEP,PM,BRK-B,JPM,V","TMUS,CMCSA,BKNG,SBUX",,252,5,0.8,60,1.5,0.75,5.0,252.0,8.171145384693325,0.2801681683946688,0.3175457743673039,0.8822922268541966,-0.2497591059589848,0.0645731977001326,145,13.26388888888889,0.53717277486911
usa,NVDA,priority,30,30,"AAPL,MSFT,AVGO,ORCL,AMD,CSCO,QCOM,TXN,IBM,ACN,ADI,GOOGL,META,NFLX,DIS,VZ,AMZN,TSLA,HD,MCD,LOW,WMT,COST,PG,KO,PEP,PM,BRK-B,JPM,V","TMUS,CMCSA,BKNG,SBUX",,252,5,0.8,60,1.5,1.0,5.0,252.0,7.839947251051772,0.2749309112911375,0.3054615361288215,0.9000508370886725,-0.2497591059589848,0.0743034055727554,167,9.975903614457833,0.535024154589372
usa,NVDA,priority,30,30,"AAPL,MSFT,AVGO,ORCL,AMD,CSCO,QCOM,TXN,IBM,ACN,ADI,GOOGL,META,NFLX,DIS,VZ,AMZN,TSLA,HD,MCD,LOW,WMT,COST,PG,KO,PEP,PM,BRK-B,JPM,V","TMUS,CMCSA,BKNG,SBUX",,252,5,0.8,60,2.0,0.0,5.0,252.0,3.2416478465133087,0.1747404898992912,0.4372165877237884,0.3996657373157204,-0.4109787963544238,0.0190181335692171,22,2173.0,0.5103543488265071
usa,NVDA,priority,30,30,"AAPL,MSFT,AVGO,ORCL,AMD,CSCO,QCOM,TXN,IBM,ACN,ADI,GOOGL,META,NFLX,DIS,VZ,AMZN,TSLA,HD,MCD,LOW,WMT,COST,PG,KO,PEP,PM,BRK-B,JPM,V","TMUS,CMCSA,BKNG,SBUX",,252,5,0.8,60,2.0,0.25,5.0,252.0,3.4349250386284025,0.1805891316103396,0.3319477077728374,0.5440288556953152,-0.2957385221936572,0.031844316674038,69,28.545454545454547,0.524416135881104
usa,NVDA,priority,30,30,"AAPL,MSFT,AVGO,ORCL,AMD,CSCO,QCOM,TXN,IBM,ACN,ADI,GOOGL,META,NFLX,DIS,VZ,AMZN,TSLA,HD,MCD,LOW,WMT,COST,PG,KO,PEP,PM,BRK-B,JPM,V","TMUS,CMCSA,BKNG,SBUX",,252,5,0.8,60,2.0,0.5,5.0,252.0,1.556484877750774,0.1102835878892594,0.3101378208440155,0.3555954175119028,-0.2957385221936573,0.031844316674038,72,21.75,0.5197956577266922
usa,NVDA,priority,30,30,"AAPL,MSFT,AVGO,ORCL,AMD,CSCO,QCOM,TXN,IBM,ACN,ADI,GOOGL,META,NFLX,DIS,VZ,AMZN,TSLA,HD,MCD,LOW,WMT,COST,PG,KO,PEP,PM,BRK-B,JPM,V","TMUS,CMCSA,BKNG,SBUX",,252,5,0.8,60,2.0,0.75,5.0,252.0,2.9804763396668696,0.1664491893996169,0.2864781896997361,0.5810187141090073,-0.2497357760396604,0.0371517027863777,84,16.047619047619047,0.5178041543026706
usa,NVDA,priority,30,30,"AAPL,MSFT,AVGO,ORCL,AMD,CSCO,QCOM,TXN,IBM,ACN,ADI,GOOGL,META,NFLX,DIS,VZ,AMZN,TSLA,HD,MCD,LOW,WMT,COST,PG,KO,PEP,PM,BRK-B,JPM,V","TMUS,CMCSA,BKNG,SBUX",,252,5,0.8,60,2.0,1.0,5.0,252.0,1.372199977011896,0.10106391169059,0.2774477182937032,0.3642629044208064,-0.2606512546413256,0.0380362671384343,86,13.488372093023257,0.5103448275862069
usa,NVDA,priority,30,30,"AAPL,MSFT,AVGO,ORCL,AMD,CSCO,QCOM,TXN,IBM,ACN,ADI,GOOGL,META,NFLX,DIS,VZ,AMZN,TSLA,HD,MCD,LOW,WMT,COST,PG,KO,PEP,PM,BRK-B,JPM,V","TMUS,CMCSA,BKNG,SBUX",,252,5,0.8,60,2.5,0.0,5.0,252.0,8.771846152120462,0.2892524089336994,0.4366961685452568,0.6623653463626,-0.4719176801613026,0.0137107474568774,16,2172.0,0.509208103130755
usa,NVDA,priority,30,30,"AAPL,MSFT,AVGO,ORCL,AMD,CSCO,QCOM,TXN,IBM,ACN,ADI,GOOGL,META,NFLX,DIS,VZ,AMZN,TSLA,HD,MCD,LOW,WMT,COST,PG,KO,PEP,PM,BRK-B,JPM,V","TMUS,CMCSA,BKNG,SBUX",,252,5,0.8,60,2.5,0.25,5.0,252.0,7.667047085872992,0.2721271786979709,0.2949843414078646,0.9225139795529352,-0.2957385221936575,0.0238832375055285,52,27.92,0.5358166189111748
usa,NVDA,priority,30,30,"AAPL,MSFT,AVGO,ORCL,AMD,CSCO,QCOM,TXN,IBM,ACN,ADI,GOOGL,META,NFLX,DIS,VZ,AMZN,TSLA,HD,MCD,LOW,WMT,COST,PG,KO,PEP,PM,BRK-B,JPM,V","TMUS,CMCSA,BKNG,SBUX",,252,5,0.8,60,2.5,0.5,5.0,252.0,3.925483403366698,0.1944747200091694,0.2711712824776179,0.7171656166254298,-0.2957385221936572,0.0238832375055285,54,20.33333333333333,0.5336976320582878
usa,NVDA,priority,30,30,"AAPL,MSFT,AVGO,ORCL,AMD,CSCO,QCOM,TXN,IBM,ACN,ADI,GOOGL,META,NFLX,DIS,VZ,AMZN,TSLA,HD,MCD,LOW,WMT,COST,PG,KO,PEP,PM,BRK-B,JPM,V","TMUS,CMCSA,BKNG,SBUX",,252,5,0.8,60,2.5,0.75,5.0,252.0,4.98195350294811,0.220627427757708,0.2497194964990569,0.8835010115381248,-0.2466612415762958,0.0256523662096417,58,16.06896551724138,0.5343347639484979
usa,NVDA,priority,30,30,"AAPL,MSFT,AVGO,ORCL,AMD,CSCO,QCOM,TXN,IBM,ACN,ADI,GOOGL,META,NFLX,DIS,VZ,AMZN,TSLA,HD,MCD,LOW,WMT,COST,PG,KO,PEP,PM,BRK-B,JPM,V","TMUS,CMCSA,BKNG,SBUX",,252,5,0.8,60,2.5,1.0,5.0,252.0,2.8538051840434786,0.162252278644047,0.2413341374154975,0.6723138316926223,-0.2466612415762965,0.0256523662096417,58,13.655172413793103,0.5252525252525253
usa,NVDA,priority,30,30,"AAPL,MSFT,AVGO,ORCL,AMD,CSCO,QCOM,TXN,IBM,ACN,ADI,GOOGL,META,NFLX,DIS,VZ,AMZN,TSLA,HD,MCD,LOW,WMT,COST,PG,KO,PEP,PM,BRK-B,JPM,V","TMUS,CMCSA,BKNG,SBUX",,252,5,0.8,60,3.0,0.0,5.0,252.0,1.9261550322199728,0.1271227602097451,0.4285083890308658,0.2966634107146694,-0.4031085767750947,0.0075187969924812,9,2046.0,0.5058651026392962
usa,NVDA,priority,30,30,"AAPL,MSFT,AVGO,ORCL,AMD,CSCO,QCOM,TXN,IBM,ACN,ADI,GOOGL,META,NFLX,DIS,VZ,AMZN,TSLA,HD,MCD,LOW,WMT,COST,PG,KO,PEP,PM,BRK-B,JPM,V","TMUS,CMCSA,BKNG,SBUX",,252,5,0.8,60,3.0,0.25,5.0,252.0,4.012848316686433,0.1968176929588907,0.2366429955469164,0.8317072411292646,-0.2957385221936572,0.0141530296329057,31,26.933333333333334,0.5371287128712872
usa,NVDA,priority,30,30,"AAPL,MSFT,AVGO,ORCL,AMD,CSCO,QCOM,TXN,IBM,ACN,ADI,GOOGL,META,NFLX,DIS,VZ,AMZN,TSLA,HD,MCD,LOW,WMT,COST,PG,KO,PEP,PM,BRK-B,JPM,V","TMUS,CMCSA,BKNG,SBUX",,252,5,0.8,60,3.0,0.5,5.0,252.0,2.689043650143028,0.1566059931387251,0.2120186730885891,0.7386424547298692,-0.2957385221936573,0.0141530296329057,32,18.1875,0.5498281786941581
usa,NVDA,priority,30,30,"AAPL,MSFT,AVGO,ORCL,AMD,CSCO,QCOM,TXN,IBM,ACN,ADI,GOOGL,META,NFLX,DIS,VZ,AMZN,TSLA,HD,MCD,LOW,WMT,COST,PG,KO,PEP,PM,BRK-B,JPM,V","TMUS,CMCSA,BKNG,SBUX",,252,5,0.8,60,3.0,0.75,5.0,252.0,3.9023814924191473,0.1938489961898839,0.1921135540703823,1.0090334184274463,-0.1170882980158222,0.015922158337019,36,13.666666666666666,0.5772357723577236
usa,NVDA,priority,30,30,"AAPL,MSFT,AVGO,ORCL,AMD,CSCO,QCOM,TXN,IBM,ACN,ADI,GOOGL,META,NFLX,DIS,VZ,AMZN,TSLA,HD,MCD,LOW,WMT,COST,PG,KO,PEP,PM,BRK-B,JPM,V","TMUS,CMCSA,BKNG,SBUX",,252,5,0.8,60,3.0,1.0,5.0,252.0,2.947670608599065,0.1653737745465568,0.1886552829653274,0.8765923325717339,-0.1170882980158219,0.015922158337019,36,11.77777777777778,0.5613207547169812
usa,NVDA,priority,30,30,"AAPL,MSFT,AVGO,ORCL,AMD,CSCO,QCOM,TXN,IBM,ACN,ADI,GOOGL,META,NFLX,DIS,VZ,AMZN,TSLA,HD,MCD,LOW,WMT,COST,PG,KO,PEP,PM,BRK-B,JPM,V","TMUS,CMCSA,BKNG,SBUX",,252,10,0.8,60,1.0,0.0,5.0,252.0,14.770089708865545,0.3598929945454647,0.4635823911882186,0.7763301656540811,-0.3871296046541022,0.0437859354268023,50,2190.0,0.5164383561643836
usa,NVDA,priority,30,30,"AAPL,MSFT,AVGO,ORCL,AMD,CSCO,QCOM,TXN,IBM,ACN,ADI,GOOGL,META,NFLX,DIS,VZ,AMZN,TSLA,HD,MCD,LOW,WMT,COST,PG,KO,PEP,PM,BRK-B,JPM,V","TMUS,CMCSA,BKNG,SBUX",,252,10,0.8,60,1.0,0.25,5.0,252.0,24.664342638276104,0.4357441123022452,0.410888626459688,1.0604920268947764,-0.3419177549048091,0.0707651481645289,143,23.95238095238096,0.5321404903909874
usa,NVDA,priority,30,30,"AAPL,MSFT,AVGO,ORCL,AMD,CSCO,QCOM,TXN,IBM,ACN,ADI,GOOGL,META,NFLX,DIS,VZ,AMZN,TSLA,HD,MCD,LOW,WMT,COST,PG,KO,PEP,PM,BRK-B,JPM,V","TMUS,CMCSA,BKNG,SBUX",,252,10,0.8,60,1.0,0.5,5.0,252.0,12.49247717791684,0.336455467340619,0.3935322611623288,0.8549628595807394,-0.3419177549048091,0.0778416629809818,167,17.430379746835442,0.5308641975308642
usa,NVDA,priority,30,30,"AAPL,MSFT,AVGO,ORCL,AMD,CSCO,QCOM,TXN,IBM,ACN,ADI,GOOGL,META,NFLX,DIS,VZ,AMZN,TSLA,HD,MCD,LOW,WMT,COST,PG,KO,PEP,PM,BRK-B,JPM,V","TMUS,CMCSA,BKNG,SBUX",,252,10,0.8,60,1.0,0.75,5.0,252.0,11.575488269808387,0.3260126341666518,0.363100624859096,0.8978575409865062,-0.2751987420596452,0.0946483856700575,211,11.692307692307692,0.53125
usa,NVDA,priority,30,30,"AAPL,MSFT,AVGO,ORCL,AMD,CSCO,QCOM,TXN,IBM,ACN,ADI,GOOGL,META,NFLX,DIS,VZ,AMZN,TSLA,HD,MCD,LOW,WMT,COST,PG,KO,PEP,PM,BRK-B,JPM,V","TMUS,CMCSA,BKNG,SBUX",,252,10,0.8,60,1.5,0.0,5.0,252.0,6.406317093921178,0.2500334045930956,0.4601735065737559,0.5433459358726047,-0.3902200807274032,0.0296329057938965,34,2173.0,0.509894155545329
usa,NVDA,priority,30,30,"AAPL,MSFT,AVGO,ORCL,AMD,CSCO,QCOM,TXN,IBM,ACN,ADI,GOOGL,META,NFLX,DIS,VZ,AMZN,TSLA,HD,MCD,LOW,WMT,COST,PG,KO,PEP,PM,BRK-B,JPM,V","TMUS,CMCSA,BKNG,SBUX",,252,10,0.8,60,1.5,0.25,5.0,252.0,19.161192916316725,0.3976389564250211,0.3812096586834424,1.043097800297924,-0.3104386504686839,0.0513047324192835,108,24.34,0.5357436318816763
usa,NVDA,priority,30,30,"AAPL,MSFT,AVGO,ORCL,AMD,CSCO,QCOM,TXN,IBM,ACN,ADI,GOOGL,META,NFLX,DIS,VZ,AMZN,TSLA,HD,MCD,LOW,WMT,COST,PG,KO,PEP,PM,BRK-B,JPM,V","TMUS,CMCSA,BKNG,SBUX",,252,10,0.8,60,1.5,0.5,5.0,252.0,11.722231566948048,0.3277283296645688,0.3664489164266953,0.8943356494550523,-0.3023671354008583,0.0548429898275099,120,18.75862068965517,0.5340073529411765
usa,NVDA,priority,30,30,"AAPL,MSFT,AVGO,ORCL,AMD,CSCO,QCOM,TXN,IBM,ACN,ADI,GOOGL,META,NFLX,DIS,VZ,AMZN,TSLA,HD,MCD,LOW,WMT,COST,PG,KO,PEP,PM,BRK-B,JPM,V","TMUS,CMCSA,BKNG,SBUX",,252,10,0.8,60,1.5,0.75,5.0,252.0,10.807298346788096,0.3167297688930999,0.3407628368833507,0.929472743536063,-0.2573112606184295,0.0628040689960194,141,13.971428571428572,0.5357873210633947
usa,NVDA,priority,30,30,"AAPL,MSFT,AVGO,ORCL,AMD,CSCO,QCOM,TXN,IBM,ACN,ADI,GOOGL,META,NFLX,DIS,VZ,AMZN,TSLA,HD,MCD,LOW,WMT,COST,PG,KO,PEP,PM,BRK-B,JPM,V","TMUS,CMCSA,BKNG,SBUX",,252,10,0.8,60,1.5,1.0,5.0,252.0,7.269273954283211,0.2654833230334257,0.3224672467372725,0.8232877159450739,-0.2945838688551485,0.0689960194604157,156,10.512820512820513,0.5317073170731708
usa,NVDA,priority,30,30,"AAPL,MSFT,AVGO,ORCL,AMD,CSCO,QCOM,TXN,IBM,ACN,ADI,GOOGL,META,NFLX,DIS,VZ,AMZN,TSLA,HD,MCD,LOW,WMT,COST,PG,KO,PEP,PM,BRK-B,JPM,V","TMUS,CMCSA,BKNG,SBUX",,252,10,0.8,60,2.0,0.0,5.0,252.0,6.446917584994665,0.2507952997900886,0.4599048358666178,0.5453199884656673,-0.4175025628811263,0.0225563909774436,26,2172.0,0.5101289134438306
usa,NVDA,priority,30,30,"AAPL,MSFT,AVGO,ORCL,AMD,CSCO,QCOM,TXN,IBM,ACN,ADI,GOOGL,META,NFLX,DIS,VZ,AMZN,TSLA,HD,MCD,LOW,WMT,COST,PG,KO,PEP,PM,BRK-B,JPM,V","TMUS,CMCSA,BKNG,SBUX",,252,10,0.8,60,2.0,0.25,5.0,252.0,8.036631880129871,0.2780616934331561,0.3589608334495219,0.7746296183933336,-0.2985602006437972,0.0353825740822644,76,28.97222222222222,0.5177372962607862
usa,NVDA,priority,30,30,"AAPL,MSFT,AVGO,ORCL,AMD,CSCO,QCOM,TXN,IBM,ACN,ADI,GOOGL,META,NFLX,DIS,VZ,AMZN,TSLA,HD,MCD,LOW,WMT,COST,PG,KO,PEP,PM,BRK-B,JPM,V","TMUS,CMCSA,BKNG,SBUX",,252,10,0.8,60,2.0,0.5,5.0,252.0,4.062181126169691,0.1981247303394873,0.3428755988723614,0.5778326920640422,-0.2993458991902277,0.0353825740822644,79,23.128205128205128,0.5099778270509978
usa,NVDA,priority,30,30,"AAPL,MSFT,AVGO,ORCL,AMD,CSCO,QCOM,TXN,IBM,ACN,ADI,GOOGL,META,NFLX,DIS,VZ,AMZN,TSLA,HD,MCD,LOW,WMT,COST,PG,KO,PEP,PM,BRK-B,JPM,V","TMUS,CMCSA,BKNG,SBUX",,252,10,0.8,60,2.0,0.75,5.0,252.0,5.789229081052333,0.237971480454761,0.3066473052498722,0.7760429535190255,-0.3194255362796849,0.0398053958425475,89,17.181818181818183,0.5198412698412699
usa,NVDA,priority,30,30,"AAPL,MSFT,AVGO,ORCL,AMD,CSCO,QCOM,TXN,IBM,ACN,ADI,GOOGL,META,NFLX,DIS,VZ,AMZN,TSLA,HD,MCD,LOW,WMT,COST,PG,KO,PEP,PM,BRK-B,JPM,V","TMUS,CMCSA,BKNG,SBUX",,252,10,0.8,60,2.0,1.0,5.0,252.0,4.46101815343061,0.2082948132597073,0.2914841243223149,0.7146008851905115,-0.2563583149667533,0.0415745245466607,94,13.46808510638298,0.5118483412322274
usa,NVDA,priority,30,30,"AAPL,MSFT,AVGO,ORCL,AMD,CSCO,QCOM,TXN,IBM,ACN,ADI,GOOGL,META,NFLX,DIS,VZ,AMZN,TSLA,HD,MCD,LOW,WMT,COST,PG,KO,PEP,PM,BRK-B,JPM,V","TMUS,CMCSA,BKNG,SBUX",,252,10,0.8,60,2.5,0.0,5.0,252.0,4.181708358555233,0.201245190434778,0.4594841755528082,0.437980677338145,-0.5665756277466814,0.0137107474568774,16,2171.0,0.5039152464302165
usa,NVDA,priority,30,30,"AAPL,MSFT,AVGO,ORCL,AMD,CSCO,QCOM,TXN,IBM,ACN,ADI,GOOGL,META,NFLX,DIS,VZ,AMZN,TSLA,HD,MCD,LOW,WMT,COST,PG,KO,PEP,PM,BRK-B,JPM,V","TMUS,CMCSA,BKNG,SBUX",,252,10,0.8,60,2.5,0.25,5.0,252.0,5.767034010672657,0.2375197511223763,0.3272867112861071,0.7257237856954771,-0.3287050326798737,0.0247678018575851,53,30.32,0.5237467018469657
usa,NVDA,priority,30,30,"AAPL,MSFT,AVGO,ORCL,AMD,CSCO,QCOM,TXN,IBM,ACN,ADI,GOOGL,META,NFLX,DIS,VZ,AMZN,TSLA,HD,MCD,LOW,WMT,COST,PG,KO,PEP,PM,BRK-B,JPM,V","TMUS,CMCSA,BKNG,SBUX",,252,10,0.8,60,2.5,0.5,5.0,252.0,2.5609942097714185,0.1520608949875213,0.3119715844194061,0.4874190553941436,-0.3422045458366727,0.0247678018575851,56,22.75,0.5133437990580848
usa,NVDA,priority,30,30,"AAPL,MSFT,AVGO,ORCL,AMD,CSCO,QCOM,TXN,IBM,ACN,ADI,GOOGL,META,NFLX,DIS,VZ,AMZN,TSLA,HD,MCD,LOW,WMT,COST,PG,KO,PEP,PM,BRK-B,JPM,V","TMUS,CMCSA,BKNG,SBUX",,252,10,0.8,60,2.5,0.75,5.0,252.0,3.456328376236738,0.1812228037794259,0.2757366376513924,0.6572314993140004,-0.2563583149667535,0.0265369305616983,60,17.266666666666666,0.5231660231660231
usa,NVDA,priority,30,30,"AAPL,MSFT,AVGO,ORCL,AMD,CSCO,QCOM,TXN,IBM,ACN,ADI,GOOGL,META,NFLX,DIS,VZ,AMZN,TSLA,HD,MCD,LOW,WMT,COST,PG,KO,PEP,PM,BRK-B,JPM,V","TMUS,CMCSA,BKNG,SBUX",,252,10,0.8,60,2.5,1.0,5.0,252.0,3.316567467723197,0.1770351543506889,0.2556474682663721,0.6924971936988908,-0.2563583149667532,0.0274214949137549,62,14.483870967741936,0.5211581291759465
usa,NVDA,priority,30,30,"AAPL,MSFT,AVGO,ORCL,AMD,CSCO,QCOM,TXN,IBM,ACN,ADI,GOOGL,META,NFLX,DIS,VZ,AMZN,TSLA,HD,MCD,LOW,WMT,COST,PG,KO,PEP,PM,BRK-B,JPM,V","TMUS,CMCSA,BKNG,SBUX",,252,10,0.8,60,3.0,0.0,5.0,252.0,2.280707054116404,0.1415822521836034,0.4502958789106023,0.3144204928682279,-0.468096452706816,0.0075187969924812,9,2040.0,0.5088235294117647
usa,NVDA,priority,30,30,"AAPL,MSFT,AVGO,ORCL,AMD,CSCO,QCOM,TXN,IBM,ACN,ADI,GOOGL,META,NFLX,DIS,VZ,AMZN,TSLA,HD,MCD,LOW,WMT,COST,PG,KO,PEP,PM,BRK-B,JPM,V","TMUS,CMCSA,BKNG,SBUX",,252,10,0.8,60,3.0,0.25,5.0,252.0,2.1796927449270926,0.1376099763926812,0.2726826517597578,0.5046524797401488,-0.3121645580351631,0.0141530296329057,32,28.625,0.517467248908297
usa,NVDA,priority,30,30,"AAPL,MSFT,AVGO,ORCL,AMD,CSCO,QCOM,TXN,IBM,ACN,ADI,GOOGL,META,NFLX,DIS,VZ,AMZN,TSLA,HD,MCD,LOW,WMT,COST,PG,KO,PEP,PM,BRK-B,JPM,V","TMUS,CMCSA,BKNG,SBUX",,252,10,0.8,60,3.0,0.5,5.0,252.0,1.7668826368157338,0.1201137426108454,0.263112937589638,0.4565102108288564,-0.3197257210049499,0.0141530296329057,32,23.8125,0.5118110236220472
usa,NVDA,priority,30,30,"AAPL,MSFT,AVGO,ORCL,AMD,CSCO,QCOM,TXN,IBM,ACN,ADI,GOOGL,META,NFLX,DIS,VZ,AMZN,TSLA,HD,MCD,LOW,WMT,COST,PG,KO,PEP,PM,BRK-B,JPM,V","TMUS,CMCSA,BKNG,SBUX",,252,10,0.8,60,3.0,0.75,5.0,252.0,2.6559481257298767,0.1554448701642297,0.2234972960796521,0.6955111891323765,-0.2459995548725018,0.0150375939849624,34,17.41176470588235,0.5371621621621622
usa,NVDA,priority,30,30,"AAPL,MSFT,AVGO,ORCL,AMD,CSCO,QCOM,TXN,IBM,ACN,ADI,GOOGL,META,NFLX,DIS,VZ,AMZN,TSLA,HD,MCD,LOW,WMT,COST,PG,KO,PEP,PM,BRK-B,JPM,V","TMUS,CMCSA,BKNG,SBUX",,252,10,0.8,60,3.0,1.0,5.0,252.0,2.279793145413339,0.1415468038109704,0.1833937886581927,0.7718189631535652,-0.1301364719774641,0.0150375939849624,34,14.235294117647058,0.5413223140495868
usa,NVDA,priority,30,30,"AAPL,MSFT,AVGO,ORCL,AMD,CSCO,QCOM,TXN,IBM,ACN,ADI,GOOGL,META,NFLX,DIS,VZ,AMZN,TSLA,HD,MCD,LOW,WMT,COST,PG,KO,PEP,PM,BRK-B,JPM,V","TMUS,CMCSA,BKNG,SBUX",,252,21,0.8,60,1.0,0.0,5.0,252.0,10.612198371514326,0.3142868269581247,0.488767360223269,0.6430192613814442,-0.449368532183244,0.0402476780185758,46,2192.0,0.5164233576642335
usa,NVDA,priority,30,30,"AAPL,MSFT,AVGO,ORCL,AMD,CSCO,QCOM,TXN,IBM,ACN,ADI,GOOGL,META,NFLX,DIS,VZ,AMZN,TSLA,HD,MCD,LOW,WMT,COST,PG,KO,PEP,PM,BRK-B,JPM,V","TMUS,CMCSA,BKNG,SBUX",,252,21,0.8,60,1.0,0.25,5.0,252.0,19.841480287361268,0.402817986993417,0.4357198998353091,0.9244883861069274,-0.3643737083875491,0.0641309155241043,129,27.43859649122807,0.5249360613810742
usa,NVDA,priority,30,30,"AAPL,MSFT,AVGO,ORCL,AMD,CSCO,QCOM,TXN,IBM,ACN,ADI,GOOGL,META,NFLX,DIS,VZ,AMZN,TSLA,HD,MCD,LOW,WMT,COST,PG,KO,PEP,PM,BRK-B,JPM,V","TMUS,CMCSA,BKNG,SBUX",,252,21,0.8,60,1.0,0.5,5.0,252.0,14.091436985031311,0.3532422424612609,0.4078294205560597,0.8661519367083148,-0.358746132410365,0.0769570986289252,164,17.857142857142858,0.5316363636363637
usa,NVDA,priority,30,30,"AAPL,MSFT,AVGO,ORCL,AMD,CSCO,QCOM,TXN,IBM,ACN,ADI,GOOGL,META,NFLX,DIS,VZ,AMZN,TSLA,HD,MCD,LOW,WMT,COST,PG,KO,PEP,PM,BRK-B,JPM,V","TMUS,CMCSA,BKNG,SBUX",,252,21,0.8,60,1.0,0.75,5.0,252.0,10.831575408546447,0.3170312400968247,0.3837701325047658,0.8260967001982304,-0.330357098864246,0.0937638213180008,206,12.21,0.5331695331695332
usa,NVDA,priority,30,30,"AAPL,MSFT,AVGO,ORCL,AMD,CSCO,QCOM,TXN,IBM,ACN,ADI,GOOGL,META,NFLX,DIS,VZ,AMZN,TSLA,HD,MCD,LOW,WMT,COST,PG,KO,PEP,PM,BRK-B,JPM,V","TMUS,CMCSA,BKNG,SBUX",,252,21,0.8,60,1.5,0.0,5.0,252.0,35.01761919025556,0.4910134057044706,0.4843043978249684,1.0138528741626809,-0.4451051176118505,0.0349402919062361,40,2173.0,0.5200184077312471
usa,NVDA,priority,30,30,"AAPL,MSFT,AVGO,ORCL,AMD,CSCO,QCOM,TXN,IBM,ACN,ADI,GOOGL,META,NFLX,DIS,VZ,AMZN,TSLA,HD,MCD,LOW,WMT,COST,PG,KO,PEP,PM,BRK-B,JPM,V","TMUS,CMCSA,BKNG,SBUX",,252,21,0.8,60,1.5,0.25,5.0,252.0,40.64682604748814,0.5153420580144183,0.4142563776795746,1.2440171975168313,-0.358909639524256,0.0526315789473684,105,29.80434782608696,0.5346462436177972
usa,NVDA,priority,30,30,"AAPL,MSFT,AVGO,ORCL,AMD,CSCO,QCOM,TXN,IBM,ACN,ADI,GOOGL,META,NFLX,DIS,VZ,AMZN,TSLA,HD,MCD,LOW,WMT,COST,PG,KO,PEP,PM,BRK-B,JPM,V","TMUS,CMCSA,BKNG,SBUX",,252,21,0.8,60,1.5,0.5,5.0,252.0,21.11633587018705,0.4121315390590128,0.3820333472329535,1.0787842004999268,-0.330219391535242,0.0574966828836797,122,20.42105263157895,0.5403780068728522
usa,NVDA,priority,30,30,"AAPL,MSFT,AVGO,ORCL,AMD,CSCO,QCOM,TXN,IBM,ACN,ADI,GOOGL,META,NFLX,DIS,VZ,AMZN,TSLA,HD,MCD,LOW,WMT,COST,PG,KO,PEP,PM,BRK-B,JPM,V","TMUS,CMCSA,BKNG,SBUX",,252,21,0.8,60,1.5,0.75,5.0,252.0,11.703658798527082,0.327512155201191,0.3550212669503128,0.922514186303741,-0.3192225974369677,0.0610349402919062,134,15.261538461538462,0.5342741935483871
usa,NVDA,priority,30,30,"AAPL,MSFT,AVGO,ORCL,AMD,CSCO,QCOM,TXN,IBM,ACN,ADI,GOOGL,META,NFLX,DIS,VZ,AMZN,TSLA,HD,MCD,LOW,WMT,COST,PG,KO,PEP,PM,BRK-B,JPM,V","TMUS,CMCSA,BKNG,SBUX",,252,21,0.8,60,1.5,1.0,5.0,252.0,4.728125881848193,0.2147429054133303,0.338097999084231,0.635149885521301,-0.3192225974369679,0.0672268907563025,149,12.164383561643836,0.5259009009009009
usa,NVDA,priority,30,30,"AAPL,MSFT,AVGO,ORCL,AMD,CSCO,QCOM,TXN,IBM,ACN,ADI,GOOGL,META,NFLX,DIS,VZ,AMZN,TSLA,HD,MCD,LOW,WMT,COST,PG,KO,PEP,PM,BRK-B,JPM,V","TMUS,CMCSA,BKNG,SBUX",,252,21,0.8,60,2.0,0.0,5.0,252.0,8.631071874674614,0.2871689705708373,0.4848337571040552,0.5923039936124023,-0.5346836655354112,0.0225563909774436,26,2173.0,0.5052922227335481
usa,NVDA,priority,30,30,"AAPL,MSFT,AVGO,ORCL,AMD,CSCO,QCOM,TXN,IBM,ACN,ADI,GOOGL,META,NFLX,DIS,VZ,AMZN,TSLA,HD,MCD,LOW,WMT,COST,PG,KO,PEP,PM,BRK-B,JPM,V","TMUS,CMCSA,BKNG,SBUX",,252,21,0.8,60,2.0,0.25,5.0,252.0,14.658231510607363,0.3588145174821826,0.3819530886822262,0.9394203846344747,-0.3266062736318057,0.0358248562582927,76,30.55555555555556,0.5209090909090909
usa,NVDA,priority,30,30,"AAPL,MSFT,AVGO,ORCL,AMD,CSCO,QCOM,TXN,IBM,ACN,ADI,GOOGL,META,NFLX,DIS,VZ,AMZN,TSLA,HD,MCD,LOW,WMT,COST,PG,KO,PEP,PM,BRK-B,JPM,V","TMUS,CMCSA,BKNG,SBUX",,252,21,0.8,60,2.0,0.5,5.0,252.0,7.474428870315956,0.2689445637387122,0.3463483577599343,0.776514620938745,-0.3192225974369678,0.0371517027863777,82,22.55,0.5266075388026608
usa,NVDA,priority,30,30,"AAPL,MSFT,AVGO,ORCL,AMD,CSCO,QCOM,TXN,IBM,ACN,ADI,GOOGL,META,NFLX,DIS,VZ,AMZN,TSLA,HD,MCD,LOW,WMT,COST,PG,KO,PEP,PM,BRK-B,JPM,V","TMUS,CMCSA,BKNG,SBUX",,252,21,0.8,60,2.0,0.75,5.0,252.0,4.269611686542906,0.2034994983555942,0.3239015080541201,0.6282758594677239,-0.3192225974369679,0.0380362671384343,85,17.833333333333332,0.5220293724966623
usa,NVDA,priority,30,30,"AAPL,MSFT,AVGO,ORCL,AMD,CSCO,QCOM,TXN,IBM,ACN,ADI,GOOGL,META,NFLX,DIS,VZ,AMZN,TSLA,HD,MCD,LOW,WMT,COST,PG,KO,PEP,PM,BRK-B,JPM,V","TMUS,CMCSA,BKNG,SBUX",,252,21,0.8,60,2.0,1.0,5.0,252.0,1.5566460235213078,0.1102913879398606,0.3111307273634346,0.3544856815477059,-0.329296961309666,0.0380362671384343,86,15.69767441860465,0.5140740740740741
usa,NVDA,priority,30,30,"AAPL,MSFT,AVGO,ORCL,AMD,CSCO,QCOM,TXN,IBM,ACN,ADI,GOOGL,META,NFLX,DIS,VZ,AMZN,TSLA,HD,MCD,LOW,WMT,COST,PG,KO,PEP,PM,BRK-B,JPM,V","TMUS,CMCSA,BKNG,SBUX",,252,21,0.8,60,2.5,0.0,5.0,252.0,10.48371077410665,0.3126579754416059,0.4847899101227353,0.64493498918418,-0.5933360594462875,0.0137107474568774,16,2173.0,0.5117349286700414
usa,NVDA,priority,30,30,"AAPL,MSFT,AVGO,ORCL,AMD,CSCO,QCOM,TXN,IBM,ACN,ADI,GOOGL,META,NFLX,DIS,VZ,AMZN,TSLA,HD,MCD,LOW,WMT,COST,PG,KO,PEP,PM,BRK-B,JPM,V","TMUS,CMCSA,BKNG,SBUX",,252,21,0.8,60,2.5,0.25,5.0,252.0,6.5087642409065145,0.2519488297522274,0.3375718691901508,0.7463561177554969,-0.3266062736318059,0.0212295444493586,46,35.27272727272727,0.5335051546391752
usa,NVDA,priority,30,30,"AAPL,MSFT,AVGO,ORCL,AMD,CSCO,QCOM,TXN,IBM,ACN,ADI,GOOGL,META,NFLX,DIS,VZ,AMZN,TSLA,HD,MCD,LOW,WMT,COST,PG,KO,PEP,PM,BRK-B,JPM,V","TMUS,CMCSA,BKNG,SBUX",,252,21,0.8,60,2.5,0.5,5.0,252.0,5.1082373245584245,0.2234728659772296,0.282676712342686,0.790559873592685,-0.2719535258545228,0.0221141088014153,49,23.625,0.54673721340388
usa,NVDA,priority,30,30,"AAPL,MSFT,AVGO,ORCL,AMD,CSCO,QCOM,TXN,IBM,ACN,ADI,GOOGL,META,NFLX,DIS,VZ,AMZN,TSLA,HD,MCD,LOW,WMT,COST,PG,KO,PEP,PM,BRK-B,JPM,V","TMUS,CMCSA,BKNG,SBUX",,252,21,0.8,60,2.5,0.75,5.0,252.0,3.2266620496311544,0.174277181888433,0.2516090849108066,0.6926505930825703,-0.2498301999132187,0.0221141088014153,49,19.0,0.5416666666666666
usa,NVDA,priority,30,30,"AAPL,MSFT,AVGO,ORCL,AMD,CSCO,QCOM,TXN,IBM,ACN,ADI,GOOGL,META,NFLX,DIS,VZ,AMZN,TSLA,HD,MCD,LOW,WMT,COST,PG,KO,PEP,PM,BRK-B,JPM,V","TMUS,CMCSA,BKNG,SBUX",,252,21,0.8,60,2.5,1.0,5.0,252.0,1.6064177674446771,0.1126798727287761,0.2431587033914592,0.4634005328913673,-0.2498301999132186,0.0221141088014153,50,16.28,0.5356265356265356
usa,NVDA,priority,30,30,"AAPL,MSFT,AVGO,ORCL,AMD,CSCO,QCOM,TXN,IBM,ACN,ADI,GOOGL,META,NFLX,DIS,VZ,AMZN,TSLA,HD,MCD,LOW,WMT,COST,PG,KO,PEP,PM,BRK-B,JPM,V","TMUS,CMCSA,BKNG,SBUX",,252,21,0.8,60,3.0,0.0,5.0,252.0,6.315162466629481,0.2483092162039106,0.4759988926558132,0.521659230798797,-0.4566215690048966,0.0066342326404245,8,2030.0,0.5073891625615764
usa,NVDA,priority,30,30,"AAPL,MSFT,AVGO,ORCL,AMD,CSCO,QCOM,TXN,IBM,ACN,ADI,GOOGL,META,NFLX,DIS,VZ,AMZN,TSLA,HD,MCD,LOW,WMT,COST,PG,KO,PEP,PM,BRK-B,JPM,V","TMUS,CMCSA,BKNG,SBUX",,252,21,0.8,60,3.0,0.25,5.0,252.0,4.510138556034749,0.2095013263088236,0.285464807112106,0.7338954613293176,-0.3447066320304667,0.0141530296329057,31,35.0,0.5371428571428571
usa,NVDA,priority,30,30,"AAPL,MSFT,AVGO,ORCL,AMD,CSCO,QCOM,TXN,IBM,ACN,ADI,GOOGL,META,NFLX,DIS,VZ,AMZN,TSLA,HD,MCD,LOW,WMT,COST,PG,KO,PEP,PM,BRK-B,JPM,V","TMUS,CMCSA,BKNG,SBUX",,252,21,0.8,60,3.0,0.5,5.0,252.0,5.590943798478,0.233888437115995,0.2389214523637578,0.9789344355729932,-0.2719535258545226,0.0150375939849624,33,24.875,0.5628140703517588
usa,NVDA,priority,30,30,"AAPL,MSFT,AVGO,ORCL,AMD,CSCO,QCOM,TXN,IBM,ACN,ADI,GOOGL,META,NFLX,DIS,VZ,AMZN,TSLA,HD,MCD,LOW,WMT,COST,PG,KO,PEP,PM,BRK-B,JPM,V","TMUS,CMCSA,BKNG,SBUX",,252,21,0.8,60,3.0,0.75,5.0,252.0,3.977291117386665,0.1958685239852322,0.2020222063692171,0.9695395744132288,-0.1310811719711798,0.0150375939849624,33,18.125,0.5655172413793104
usa,NVDA,priority,30,30,"AAPL,MSFT,AVGO,ORCL,AMD,CSCO,QCOM,TXN,IBM,ACN,ADI,GOOGL,META,NFLX,DIS,VZ,AMZN,TSLA,HD,MCD,LOW,WMT,COST,PG,KO,PEP,PM,BRK-B,JPM,V","TMUS,CMCSA,BKNG,SBUX",,252,21,0.8,60,3.0,1.0,5.0,252.0,2.7419560042971334,0.158443281439766,0.1963067949864602,0.8071207186215551,-0.1310811719711798,0.0150375939849624,34,15.058823529411764,0.5703125
usa,NVDA,priority,30,30,"AAPL,MSFT,AVGO,ORCL,AMD,CSCO,QCOM,TXN,IBM,ACN,ADI,GOOGL,META,NFLX,DIS,VZ,AMZN,TSLA,HD,MCD,LOW,WMT,COST,PG,KO,PEP,PM,BRK-B,JPM,V","TMUS,CMCSA,BKNG,SBUX",,252,63,0.8,60,1.0,0.0,5.0,252.0,5.203726158852208,0.2255899289283298,0.5069709053091804,0.444976085542329,-0.6636014686093277,0.0384785493144626,44,2192.0,0.5164233576642335
usa,NVDA,priority,30,30,"AAPL,MSFT,AVGO,ORCL,AMD,CSCO,QCOM,TXN,IBM,ACN,ADI,GOOGL,META,NFLX,DIS,VZ,AMZN,TSLA,HD,MCD,LOW,WMT,COST,PG,KO,PEP,PM,BRK-B,JPM,V","TMUS,CMCSA,BKNG,SBUX",,252,63,0.8,60,1.0,0.25,5.0,252.0,6.540998794781262,0.252546708200525,0.4393991728640604,0.5747546281309386,-0.5143295702406623,0.0552852720035382,113,31.15686274509804,0.5235997482693517
usa,NVDA,priority,30,30,"AAPL,MSFT,AVGO,ORCL,AMD,CSCO,QCOM,TXN,IBM,ACN,ADI,GOOGL,META,NFLX,DIS,VZ,AMZN,TSLA,HD,MCD,LOW,WMT,COST,PG,KO,PEP,PM,BRK-B,JPM,V","TMUS,CMCSA,BKNG,SBUX",,252,63,0.8,60,1.0,0.5,5.0,252.0,3.540073752798347,0.1836764785473734,0.4237066726819815,0.4334991407728766,-0.4495949713557255,0.0610349402919062,132,22.33333333333333,0.5202558635394456
usa,NVDA,priority,30,30,"AAPL,MSFT,AVGO,ORCL,AMD,CSCO,QCOM,TXN,IBM,ACN,ADI,GOOGL,META,NFLX,DIS,VZ,AMZN,TSLA,HD,MCD,LOW,WMT,COST,PG,KO,PEP,PM,BRK-B,JPM,V","TMUS,CMCSA,BKNG,SBUX",,252,63,0.8,60,1.0,0.75,5.0,252.0,2.536164459038267,0.1511627929291243,0.4059369229077607,0.3723800038841809,-0.42871458189731,0.079610791685095,177,14.540229885057473,0.5264822134387351
usa,NVDA,priority,30,30,"AAPL,MSFT,AVGO,ORCL,AMD,CSCO,QCOM,TXN,IBM,ACN,ADI,GOOGL,META,NFLX,DIS,VZ,AMZN,TSLA,HD,MCD,LOW,WMT,COST,PG,KO,PEP,PM,BRK-B,JPM,V","TMUS,CMCSA,BKNG,SBUX",,252,63,0.8,60,1.5,0.0,5.0,252.0,4.698451013872966,0.214039894171101,0.5036526868256348,0.424975185817289,-0.5352135402422733,0.0278637770897832,32,2173.0,0.5112747353888634
usa,NVDA,priority,30,30,"AAPL,MSFT,AVGO,ORCL,AMD,CSCO,QCOM,TXN,IBM,ACN,ADI,GOOGL,META,NFLX,DIS,VZ,AMZN,TSLA,HD,MCD,LOW,WMT,COST,PG,KO,PEP,PM,BRK-B,JPM,V","TMUS,CMCSA,BKNG,SBUX",,252,63,0.8,60,1.5,0.25,5.0,252.0,4.355826540312426,0.2056782788813729,0.4209185965095021,0.4886414631878346,-0.4897250695309261,0.0402476780185758,82,37.972972972972975,0.5174377224199288
usa,NVDA,priority,30,30,"AAPL,MSFT,AVGO,ORCL,AMD,CSCO,QCOM,TXN,IBM,ACN,ADI,GOOGL,META,NFLX,DIS,VZ,AMZN,TSLA,HD,MCD,LOW,WMT,COST,PG,KO,PEP,PM,BRK-B,JPM,V","TMUS,CMCSA,BKNG,SBUX",,252,63,0.8,60,1.5,0.5,5.0,252.0,2.486252245994084,0.1493403654111351,0.3999875503001112,0.3733625341565878,-0.4818718241155317,0.0433436532507739,94,26.488888888888887,0.5176174496644296
usa,NVDA,priority,30,30,"AAPL,MSFT,AVGO,ORCL,AMD,CSCO,QCOM,TXN,IBM,ACN,ADI,GOOGL,META,NFLX,DIS,VZ,AMZN,TSLA,HD,MCD,LOW,WMT,COST,PG,KO,PEP,PM,BRK-B,JPM,V","TMUS,CMCSA,BKNG,SBUX",,252,63,0.8,60,1.5,0.75,5.0,252.0,1.55470662293515,0.1101974847646594,0.3750326465999019,0.2938343788566812,-0.4362486366671545,0.0451127819548872,99,20.95833333333333,0.5188866799204771
usa,NVDA,priority,30,30,"AAPL,MSFT,AVGO,ORCL,AMD,CSCO,QCOM,TXN,IBM,ACN,ADI,GOOGL,META,NFLX,DIS,VZ,AMZN,TSLA,HD,MCD,LOW,WMT,COST,PG,KO,PEP,PM,BRK-B,JPM,V","TMUS,CMCSA,BKNG,SBUX",,252,63,0.8,60,1.5,1.0,5.0,252.0,0.2706753532469534,0.027058516834614,0.3354865811594033,0.0806545428467,-0.4427250281978671,0.0504201680672268,113,16.232142857142858,0.5115511551155115
usa,NVDA,priority,30,30,"AAPL,MSFT,AVGO,ORCL,AMD,CSCO,QCOM,TXN,IBM,ACN,ADI,GOOGL,META,NFLX,DIS,VZ,AMZN,TSLA,HD,MCD,LOW,WMT,COST,PG,KO,PEP,PM,BRK-B,JPM,V","TMUS,CMCSA,BKNG,SBUX",,252,63,0.8,60,2.0,0.0,5.0,252.0,8.102321355181857,0.2790938428414331,0.5034904675069583,0.5543180275554592,-0.4949034490076729,0.0243255196815568,28,2173.0,0.5103543488265071
usa,NVDA,priority,30,30,"AAPL,MSFT,AVGO,ORCL,AMD,CSCO,QCOM,TXN,IBM,ACN,ADI,GOOGL,META,NFLX,DIS,VZ,AMZN,TSLA,HD,MCD,LOW,WMT,COST,PG,KO,PEP,PM,BRK-B,JPM,V","TMUS,CMCSA,BKNG,SBUX",,252,63,0.8,60,2.0,0.25,5.0,252.0,0.8487888812457633,0.0708926929327327,0.4069319036219443,0.1742126687579522,-0.4796949339947647,0.0314020344980097,67,40.40625,0.5050270688321732
usa,NVDA,priority,30,30,"AAPL,MSFT,AVGO,ORCL,AMD,CSCO,QCOM,TXN,IBM,ACN,ADI,GOOGL,META,NFLX,DIS,VZ,AMZN,TSLA,HD,MCD,LOW,WMT,COST,PG,KO,PEP,PM,BRK-B,JPM,V","TMUS,CMCSA,BKNG,SBUX",,252,63,0.8,60,2.0,0.5,5.0,252.0,0.6513836978949776,0.057499745838133,0.3834521575522271,0.1499528551493451,-0.4902107328413133,0.0327288810260946,73,29.11111111111111,0.5085877862595419
usa,NVDA,priority,30,30,"AAPL,MSFT,AVGO,ORCL,AMD,CSCO,QCOM,TXN,IBM,ACN,ADI,GOOGL,META,NFLX,DIS,VZ,AMZN,TSLA,HD,MCD,LOW,WMT,COST,PG,KO,PEP,PM,BRK-B,JPM,V","TMUS,CMCSA,BKNG,SBUX",,252,63,0.8,60,2.0,0.75,5.0,252.0,0.6971210845272033,0.0607246665775247,0.3575242644826087,0.1698476791929141,-0.4254535900485771,0.0336134453781512,75,23.62162162162162,0.5148741418764302
usa,NVDA,priority,30,30,"AAPL,MSFT,AVGO,ORCL,AMD,CSCO,QCOM,TXN,IBM,ACN,ADI,GOOGL,META,NFLX,DIS,VZ,AMZN,TSLA,HD,MCD,LOW,WMT,COST,PG,KO,PEP,PM,BRK-B,JPM,V","TMUS,CMCSA,BKNG,SBUX",,252,63,0.8,60,2.0,1.0,5.0,252.0,0.0976748579694239,0.0104410989168748,0.3262305895438407,0.0320052725021106,-0.4377821278859608,0.0353825740822644,80,19.9,0.5037688442211056
usa,NVDA,priority,30,30,"AAPL,MSFT,AVGO,ORCL,AMD,CSCO,QCOM,TXN,IBM,ACN,ADI,GOOGL,META,NFLX,DIS,VZ,AMZN,TSLA,HD,MCD,LOW,WMT,COST,PG,KO,PEP,PM,BRK-B,JPM,V","TMUS,CMCSA,BKNG,SBUX",,252,63,0.8,60,2.5,0.0,5.0,252.0,3.485472513285993,0.1820813176475595,0.495376368669334,0.3675615737114413,-0.4161744821383942,0.0128261831048208,15,2072.0,0.4975868725868725
usa,NVDA,priority,30,30,"AAPL,MSFT,AVGO,ORCL,AMD,CSCO,QCOM,TXN,IBM,ACN,ADI,GOOGL,META,NFLX,DIS,VZ,AMZN,TSLA,HD,MCD,LOW,WMT,COST,PG,KO,PEP,PM,BRK-B,JPM,V","TMUS,CMCSA,BKNG,SBUX",,252,63,0.8,60,2.5,0.25,5.0,252.0,1.1027761019684288,0.0863679196020563,0.3711261950313609,0.2327184681608316,-0.4258358389871324,0.0225563909774436,50,42.64,0.5
usa,NVDA,priority,30,30,"AAPL,MSFT,AVGO,ORCL,AMD,CSCO,QCOM,TXN,IBM,ACN,ADI,GOOGL,META,NFLX,DIS,VZ,AMZN,TSLA,HD,MCD,LOW,WMT,COST,PG,KO,PEP,PM,BRK-B,JPM,V","TMUS,CMCSA,BKNG,SBUX",,252,63,0.8,60,2.5,0.5,5.0,252.0,1.9767530840521843,0.1292784913115727,0.3506431736911395,0.3686895996026046,-0.4191478800653415,0.0238832375055285,54,31.51851851851852,0.5111633372502937
usa,NVDA,priority,30,30,"AAPL,MSFT,AVGO,ORCL,AMD,CSCO,QCOM,TXN,IBM,ACN,ADI,GOOGL,META,NFLX,DIS,VZ,AMZN,TSLA,HD,MCD,LOW,WMT,COST,PG,KO,PEP,PM,BRK-B,JPM,V","TMUS,CMCSA,BKNG,SBUX",,252,63,0.8,60,2.5,0.75,5.0,252.0,1.5097414362874044,0.1080023752033338,0.3224497485328145,0.3349432762616742,-0.3611852377866051,0.0238832375055285,54,24.85185185185185,0.5141579731743666
usa,NVDA,priority,30,30,"AAPL,MSFT,AVGO,ORCL,AMD,CSCO,QCOM,TXN,IBM,ACN,ADI,GOOGL,META,NFLX,DIS,VZ,AMZN,TSLA,HD,MCD,LOW,WMT,COST,PG,KO,PEP,PM,BRK-B,JPM,V","TMUS,CMCSA,BKNG,SBUX",,252,63,0.8,60,2.5,1.0,5.0,252.0,0.4287124552646435,0.040565428523114,0.3011412040948219,0.1347056728588394,-0.3611852377866053,0.0247678018575851,56,20.857142857142858,0.5051369863013698
usa,NVDA,priority,30,30,"AAPL,MSFT,AVGO,ORCL,AMD,CSCO,QCOM,TXN,IBM,ACN,ADI,GOOGL,META,NFLX,DIS,VZ,AMZN,TSLA,HD,MCD,LOW,WMT,COST,PG,KO,PEP,PM,BRK-B,JPM,V","TMUS,CMCSA,BKNG,SBUX",,252,63,0.8,60,3.0,0.0,5.0,252.0,0.0216936278440398,0.0023948758756497,0.4956573743913269,0.0048317164222376,-0.6526558970861467,0.0075187969924812,9,2072.0,0.5043436293436293
usa,NVDA,priority,30,30,"AAPL,MSFT,AVGO,ORCL,AMD,CSCO,QCOM,TXN,IBM,ACN,ADI,GOOGL,META,NFLX,DIS,VZ,AMZN,TSLA,HD,MCD,LOW,WMT,COST,PG,KO,PEP,PM,BRK-B,JPM,V","TMUS,CMCSA,BKNG,SBUX",,252,63,0.8,60,3.0,0.25,5.0,252.0,0.0592348891970011,0.0064345028667274,0.2982137116227695,0.0215768176175173,-0.4038560999208778,0.0114993365767359,25,51.333333333333336,0.4967532467532468
usa,NVDA,priority,30,30,"AAPL,MSFT,AVGO,ORCL,AMD,CSCO,QCOM,TXN,IBM,ACN,ADI,GOOGL,META,NFLX,DIS,VZ,AMZN,TSLA,HD,MCD,LOW,WMT,COST,PG,KO,PEP,PM,BRK-B,JPM,V","TMUS,CMCSA,BKNG,SBUX",,252,63,0.8,60,3.0,0.5,5.0,252.0,0.2907310704668839,0.0288527249148229,0.2766969615467437,0.1042755393970913,-0.4147505222246846,0.0114993365767359,26,34.30769230769231,0.5112107623318386
usa,NVDA,priority,30,30,"AAPL,MSFT,AVGO,ORCL,AMD,CSCO,QCOM,TXN,IBM,ACN,ADI,GOOGL,META,NFLX,DIS,VZ,AMZN,TSLA,HD,MCD,LOW,WMT,COST,PG,KO,PEP,PM,BRK-B,JPM,V","TMUS,CMCSA,BKNG,SBUX",,252,63,0.8,60,3.0,0.75,5.0,252.0,0.2295033540751714,0.0232949607237029,0.2488743937706031,0.0936012756104382,-0.3611852377866054,0.0114993365767359,26,25.615384615384617,0.5195195195195195
usa,NVDA,priority,30,30,"AAPL,MSFT,AVGO,ORCL,AMD,CSCO,QCOM,TXN,IBM,ACN,ADI,GOOGL,META,NFLX,DIS,VZ,AMZN,TSLA,HD,MCD,LOW,WMT,COST,PG,KO,PEP,PM,BRK-B,JPM,V","TMUS,CMCSA,BKNG,SBUX",,252,63,0.8,60,3.0,1.0,5.0,252.0,0.2094565625802296,0.021421765691169,0.2331836055908295,0.0918665171030853,-0.361185237786605,0.0123839009287925,28,21.857142857142858,0.5098039215686274
crypto,BTC,priority_with_coverage_fallback,30,30,"ETH,SOL,XRP,BNB,TRX,ADA,AVAX,DOT,NEAR,ATOM,ALGO,DOGE,BCH,LTC,XLM,ETC,LINK,UNI,AAVE,INJ,FIL,VET,FET,GRT,THETA,XTZ,SAND,CHZ,DASH,HBAR","TON,SUI,ICP,MKR,RENDER,RNDR,ARB,OP,MATIC,POL,APT,SEI,EOS,MANA","CHZ,DASH,HBAR",1440,24,0.8,336,1.0,0.0,10.0,8760.0,8.68449864436333,0.4754890956349582,0.4492209718676686,1.0584748384699805,-0.4037372991715261,0.0083118203864507,213,50796.0,0.4990944168832191
crypto,BTC,priority_with_coverage_fallback,30,30,"ETH,SOL,XRP,BNB,TRX,ADA,AVAX,DOT,NEAR,ATOM,ALGO,DOGE,BCH,LTC,XLM,ETC,LINK,UNI,AAVE,INJ,FIL,VET,FET,GRT,THETA,XTZ,SAND,CHZ,DASH,HBAR","TON,SUI,ICP,MKR,RENDER,RNDR,ARB,OP,MATIC,POL,APT,SEI,EOS,MANA","CHZ,DASH,HBAR",1440,24,0.8,336,1.0,0.25,10.0,8760.0,1.8058752268081608,0.193338484972684,0.3919752819514013,0.493241522807693,-0.4495707198935511,0.013709614331534,673,114.30650154798762,0.4965195958939357
crypto,BTC,priority_with_coverage_fallback,30,30,"ETH,SOL,XRP,BNB,TRX,ADA,AVAX,DOT,NEAR,ATOM,ALGO,DOGE,BCH,LTC,XLM,ETC,LINK,UNI,AAVE,INJ,FIL,VET,FET,GRT,THETA,XTZ,SAND,CHZ,DASH,HBAR","TON,SUI,ICP,MKR,RENDER,RNDR,ARB,OP,MATIC,POL,APT,SEI,EOS,MANA","CHZ,DASH,HBAR",1440,24,0.8,336,1.0,0.5,10.0,8760.0,1.426848127695266,0.1640348779348657,0.3798977664761531,0.4317868974498498,-0.482315744306253,0.0180904326058045,910,73.96428571428571,0.4980685659101883
crypto,BTC,priority_with_coverage_fallback,30,30,"ETH,SOL,XRP,BNB,TRX,ADA,AVAX,DOT,NEAR,ATOM,ALGO,DOGE,BCH,LTC,XLM,ETC,LINK,UNI,AAVE,INJ,FIL,VET,FET,GRT,THETA,XTZ,SAND,CHZ,DASH,HBAR","TON,SUI,ICP,MKR,RENDER,RNDR,ARB,OP,MATIC,POL,APT,SEI,EOS,MANA","CHZ,DASH,HBAR",1440,24,0.8,336,1.0,0.75,10.0,8760.0,0.1255552590813689,0.020469972203416,0.3663711547331138,0.0558722266722324,-0.5068265117559294,0.0258742079324102,1312,45.59600614439324,0.4976922817774484
crypto,BTC,priority_with_coverage_fallback,30,30,"ETH,SOL,XRP,BNB,TRX,ADA,AVAX,DOT,NEAR,ATOM,ALGO,DOGE,BCH,LTC,XLM,ETC,LINK,UNI,AAVE,INJ,FIL,VET,FET,GRT,THETA,XTZ,SAND,CHZ,DASH,HBAR","TON,SUI,ICP,MKR,RENDER,RNDR,ARB,OP,MATIC,POL,APT,SEI,EOS,MANA","CHZ,DASH,HBAR",1440,24,0.8,336,1.5,0.0,10.0,8760.0,8.771015587191442,0.4777390284549394,0.4471165553237922,1.0684887928360671,-0.3825371759785542,0.0058476101071735,150,50674.0,0.5013024430674508
crypto,BTC,priority_with_coverage_fallback,30,30,"ETH,SOL,XRP,BNB,TRX,ADA,AVAX,DOT,NEAR,ATOM,ALGO,DOGE,BCH,LTC,XLM,ETC,LINK,UNI,AAVE,INJ,FIL,VET,FET,GRT,THETA,XTZ,SAND,CHZ,DASH,HBAR","TON,SUI,ICP,MKR,RENDER,RNDR,ARB,OP,MATIC,POL,APT,SEI,EOS,MANA","CHZ,DASH,HBAR",1440,24,0.8,336,1.5,0.25,10.0,8760.0,1.196487622597486,0.1443145254035358,0.3672121390213308,0.3930004214679646,-0.3996205172503401,0.0091332238128764,450,146.00460829493088,0.4957232585298109
crypto,BTC,priority_with_coverage_fallback,30,30,"ETH,SOL,XRP,BNB,TRX,ADA,AVAX,DOT,NEAR,ATOM,ALGO,DOGE,BCH,LTC,XLM,ETC,LINK,UNI,AAVE,INJ,FIL,VET,FET,GRT,THETA,XTZ,SAND,CHZ,DASH,HBAR","TON,SUI,ICP,MKR,RENDER,RNDR,ARB,OP,MATIC,POL,APT,SEI,EOS,MANA","CHZ,DASH,HBAR",1440,24,0.8,336,1.5,0.5,10.0,8760.0,1.0083764882583774,0.1268959469859036,0.3528896277693295,0.359591036404308,-0.407551375583466,0.0106586873190956,535,103.94296577946768,0.4973479167428759
crypto,BTC,priority_with_coverage_fallback,30,30,"ETH,SOL,XRP,BNB,TRX,ADA,AVAX,DOT,NEAR,ATOM,ALGO,DOGE,BCH,LTC,XLM,ETC,LINK,UNI,AAVE,INJ,FIL,VET,FET,GRT,THETA,XTZ,SAND,CHZ,DASH,HBAR","TON,SUI,ICP,MKR,RENDER,RNDR,ARB,OP,MATIC,POL,APT,SEI,EOS,MANA","CHZ,DASH,HBAR",1440,24,0.8,336,1.5,0.75,10.0,8760.0,0.1793969986814036,0.0286719237253902,0.3378501851347603,0.0848657925522632,-0.4309339130474658,0.0123014941719471,621,78.8599348534202,0.4965303593556381
crypto,BTC,priority_with_coverage_fallback,30,30,"ETH,SOL,XRP,BNB,TRX,ADA,AVAX,DOT,NEAR,ATOM,ALGO,DOGE,BCH,LTC,XLM,ETC,LINK,UNI,AAVE,INJ,FIL,VET,FET,GRT,THETA,XTZ,SAND,CHZ,DASH,HBAR","TON,SUI,ICP,MKR,RENDER,RNDR,ARB,OP,MATIC,POL,APT,SEI,EOS,MANA","CHZ,DASH,HBAR",1440,24,0.8,336,1.5,1.0,10.0,8760.0,0.0645044026089418,0.0107667292497708,0.3159609003471664,0.0340761443518509,-0.3611332140009394,0.0156457795509661,796,53.14646464646464,0.4953910481801767
crypto,BTC,priority_with_coverage_fallback,30,30,"ETH,SOL,XRP,BNB,TRX,ADA,AVAX,DOT,NEAR,ATOM,ALGO,DOGE,BCH,LTC,XLM,ETC,LINK,UNI,AAVE,INJ,FIL,VET,FET,GRT,THETA,XTZ,SAND,CHZ,DASH,HBAR","TON,SUI,ICP,MKR,RENDER,RNDR,ARB,OP,MATIC,POL,APT,SEI,EOS,MANA","CHZ,DASH,HBAR",1440,24,0.8,336,2.0,0.0,10.0,8760.0,25.98784539754132,0.7586911532277667,0.445730338036927,1.7021303880035918,-0.3629697613095629,0.0045568332942188,117,50354.0,0.5041506136553203
crypto,BTC,priority_with_coverage_fallback,30,30,"ETH,SOL,XRP,BNB,TRX,ADA,AVAX,DOT,NEAR,ATOM,ALGO,DOGE,BCH,LTC,XLM,ETC,LINK,UNI,AAVE,INJ,FIL,VET,FET,GRT,THETA,XTZ,SAND,CHZ,DASH,HBAR","TON,SUI,ICP,MKR,RENDER,RNDR,ARB,OP,MATIC,POL,APT,SEI,EOS,MANA","CHZ,DASH,HBAR",1440,24,0.8,336,2.0,0.25,10.0,8760.0,1.843228919060432,0.1960452922506539,0.3442387921421097,0.5695037768135147,-0.3677514522784434,0.0067667996557928,338,154.92727272727274,0.4962641317529241
crypto,BTC,priority_with_coverage_fallback,30,30,"ETH,SOL,XRP,BNB,TRX,ADA,AVAX,DOT,NEAR,ATOM,ALGO,DOGE,BCH,LTC,XLM,ETC,LINK,UNI,AAVE,INJ,FIL,VET,FET,GRT,THETA,XTZ,SAND,CHZ,DASH,HBAR","TON,SUI,ICP,MKR,RENDER,RNDR,ARB,OP,MATIC,POL,APT,SEI,EOS,MANA","CHZ,DASH,HBAR",1440,24,0.8,336,2.0,0.5,10.0,8760.0,1.8815375154874687,0.1987908582711735,0.3289738394412437,0.6042755819393306,-0.3826644329094865,0.0075490886333411,382,114.47619047619048,0.4986134220743206
crypto,BTC,priority_with_coverage_fallback,30,30,"ETH,SOL,XRP,BNB,TRX,ADA,AVAX,DOT,NEAR,ATOM,ALGO,DOGE,BCH,LTC,XLM,ETC,LINK,UNI,AAVE,INJ,FIL,VET,FET,GRT,THETA,XTZ,SAND,CHZ,DASH,HBAR","TON,SUI,ICP,MKR,RENDER,RNDR,ARB,OP,MATIC,POL,APT,SEI,EOS,MANA","CHZ,DASH,HBAR",1440,24,0.8,336,2.0,0.75,10.0,8760.0,1.0720180491518905,0.1329348785154767,0.3127947284233583,0.4249907892806726,-0.3270513950205456,0.0081749198153798,414,92.2390243902439,0.4971706594743244
crypto,BTC,priority_with_coverage_fallback,30,30,"ETH,SOL,XRP,BNB,TRX,ADA,AVAX,DOT,NEAR,ATOM,ALGO,DOGE,BCH,LTC,XLM,ETC,LINK,UNI,AAVE,INJ,FIL,VET,FET,GRT,THETA,XTZ,SAND,CHZ,DASH,HBAR","TON,SUI,ICP,MKR,RENDER,RNDR,ARB,OP,MATIC,POL,APT,SEI,EOS,MANA","CHZ,DASH,HBAR",1440,24,0.8,336,2.0,1.0,10.0,8760.0,0.9090414356233922,0.1171452614788404,0.2893821310855787,0.4048116621416308,-0.3214911580529249,0.0093092388328248,474,67.37288135593221,0.4966037735849056
crypto,BTC,priority_with_coverage_fallback,30,30,"ETH,SOL,XRP,BNB,TRX,ADA,AVAX,DOT,NEAR,ATOM,ALGO,DOGE,BCH,LTC,XLM,ETC,LINK,UNI,AAVE,INJ,FIL,VET,FET,GRT,THETA,XTZ,SAND,CHZ,DASH,HBAR","TON,SUI,ICP,MKR,RENDER,RNDR,ARB,OP,MATIC,POL,APT,SEI,EOS,MANA","CHZ,DASH,HBAR",1440,24,0.8,336,2.5,0.0,10.0,8760.0,17.682129812748638,0.6512863979131496,0.4449094220665771,1.4638629024486918,-0.3800590206839562,0.0029531408902448,76,49797.0,0.5057533586360624
crypto,BTC,priority_with_coverage_fallback,30,30,"ETH,SOL,XRP,BNB,TRX,ADA,AVAX,DOT,NEAR,ATOM,ALGO,DOGE,BCH,LTC,XLM,ETC,LINK,UNI,AAVE,INJ,FIL,VET,FET,GRT,THETA,XTZ,SAND,CHZ,DASH,HBAR","TON,SUI,ICP,MKR,RENDER,RNDR,ARB,OP,MATIC,POL,APT,SEI,EOS,MANA","CHZ,DASH,HBAR",1440,24,0.8,336,2.5,0.25,10.0,8760.0,1.4172875114849992,0.1632479578514032,0.3089760755953349,0.5283514509557322,-0.3203131898372731,0.0046937338652898,239,166.53781512605042,0.4996972449288525
crypto,BTC,priority_with_coverage_fallback,30,30,"ETH,SOL,XRP,BNB,TRX,ADA,AVAX,DOT,NEAR,ATOM,ALGO,DOGE,BCH,LTC,XLM,ETC,LINK,UNI,AAVE,INJ,FIL,VET,FET,GRT,THETA,XTZ,SAND,CHZ,DASH,HBAR","TON,SUI,ICP,MKR,RENDER,RNDR,ARB,OP,MATIC,POL,APT,SEI,EOS,MANA","CHZ,DASH,HBAR",1440,24,0.8,336,2.5,0.5,10.0,8760.0,2.228858935232507,0.2223932459226623,0.291278204744579,0.7635080218847072,-0.3337289174049828,0.0050848783540639,260,123.1923076923077,0.5034030596315954
crypto,BTC,priority_with_coverage_fallback,30,30,"ETH,SOL,XRP,BNB,TRX,ADA,AVAX,DOT,NEAR,ATOM,ALGO,DOGE,BCH,LTC,XLM,ETC,LINK,UNI,AAVE,INJ,FIL,VET,FET,GRT,THETA,XTZ,SAND,CHZ,DASH,HBAR","TON,SUI,ICP,MKR,RENDER,RNDR,ARB,OP,MATIC,POL,APT,SEI,EOS,MANA","CHZ,DASH,HBAR",1440,24,0.8,336,2.5,0.75,10.0,8760.0,1.363573417397761,0.1587782583348898,0.2729452532944742,0.5817219988932639,-0.3301314736219555,0.0053195650473284,272,103.44117647058825,0.5028433323855559
crypto,BTC,priority_with_coverage_fallback,30,30,"ETH,SOL,XRP,BNB,TRX,ADA,AVAX,DOT,NEAR,ATOM,ALGO,DOGE,BCH,LTC,XLM,ETC,LINK,UNI,AAVE,INJ,FIL,VET,FET,GRT,THETA,XTZ,SAND,CHZ,DASH,HBAR","TON,SUI,ICP,MKR,RENDER,RNDR,ARB,OP,MATIC,POL,APT,SEI,EOS,MANA","CHZ,DASH,HBAR",1440,24,0.8,336,2.5,1.0,10.0,8760.0,1.3094815181178476,0.1541912302172448,0.253139788714292,0.6091149518627187,-0.3235960177983082,0.0057107095361026,292,79.34246575342466,0.5004316298342542
crypto,BTC,priority_with_coverage_fallback,30,30,"ETH,SOL,XRP,BNB,TRX,ADA,AVAX,DOT,NEAR,ATOM,ALGO,DOGE,BCH,LTC,XLM,ETC,LINK,UNI,AAVE,INJ,FIL,VET,FET,GRT,THETA,XTZ,SAND,CHZ,DASH,HBAR","TON,SUI,ICP,MKR,RENDER,RNDR,ARB,OP,MATIC,POL,APT,SEI,EOS,MANA","CHZ,DASH,HBAR",1440,24,0.8,336,3.0,0.0,10.0,8760.0,17.038969281063917,0.6414052088792226,0.4446952614471624,1.4423477479654518,-0.385282022493416,0.0018970507705546,49,49712.0,0.5068595107821049
crypto,BTC,priority_with_coverage_fallback,30,30,"ETH,SOL,XRP,BNB,TRX,ADA,AVAX,DOT,NEAR,ATOM,ALGO,DOGE,BCH,LTC,XLM,ETC,LINK,UNI,AAVE,INJ,FIL,VET,FET,GRT,THETA,XTZ,SAND,CHZ,DASH,HBAR","TON,SUI,ICP,MKR,RENDER,RNDR,ARB,OP,MATIC,POL,APT,SEI,EOS,MANA","CHZ,DASH,HBAR",1440,24,0.8,336,3.0,0.25,10.0,8760.0,1.786198403318835,0.19190059024991,0.2717931421634412,0.7060538346273348,-0.3034658587912273,0.0033638426034577,172,165.7093023255814,0.4993333801136762
crypto,BTC,priority_with_coverage_fallback,30,30,"ETH,SOL,XRP,BNB,TRX,ADA,AVAX,DOT,NEAR,ATOM,ALGO,DOGE,BCH,LTC,XLM,ETC,LINK,UNI,AAVE,INJ,FIL,VET,FET,GRT,THETA,XTZ,SAND,CHZ,DASH,HBAR","TON,SUI,ICP,MKR,RENDER,RNDR,ARB,OP,MATIC,POL,APT,SEI,EOS,MANA","CHZ,DASH,HBAR",1440,24,0.8,336,3.0,0.5,10.0,8760.0,2.414798568029775,0.2341751374698455,0.2547906496619669,0.9190884272265398,-0.2967817963944728,0.0034811859500899,178,128.73033707865167,0.5037095225626255
crypto,BTC,priority_with_coverage_fallback,30,30,"ETH,SOL,XRP,BNB,TRX,ADA,AVAX,DOT,NEAR,ATOM,ALGO,DOGE,BCH,LTC,XLM,ETC,LINK,UNI,AAVE,INJ,FIL,VET,FET,GRT,THETA,XTZ,SAND,CHZ,DASH,HBAR","TON,SUI,ICP,MKR,RENDER,RNDR,ARB,OP,MATIC,POL,APT,SEI,EOS,MANA","CHZ,DASH,HBAR",1440,24,0.8,336,3.0,0.75,10.0,8760.0,1.3454365327388085,0.1572500225964006,0.2442703174016947,0.6437541174428001,-0.3232474974687349,0.0035203003989673,180,112.02222222222224,0.5008926800238048
crypto,BTC,priority_with_coverage_fallback,30,30,"ETH,SOL,XRP,BNB,TRX,ADA,AVAX,DOT,NEAR,ATOM,ALGO,DOGE,BCH,LTC,XLM,ETC,LINK,UNI,AAVE,INJ,FIL,VET,FET,GRT,THETA,XTZ,SAND,CHZ,DASH,HBAR","TON,SUI,ICP,MKR,RENDER,RNDR,ARB,OP,MATIC,POL,APT,SEI,EOS,MANA","CHZ,DASH,HBAR",1440,24,0.8,336,3.0,1.0,10.0,8760.0,0.9101243302586096,0.1172538014673301,0.2123298052151442,0.5522248812338056,-0.3419212530886901,0.0035985292967222,184,86.96739130434783,0.4989376327959005
crypto,BTC,priority_with_coverage_fallback,30,30,"ETH,SOL,XRP,BNB,TRX,ADA,AVAX,DOT,NEAR,ATOM,ALGO,DOGE,BCH,LTC,XLM,ETC,LINK,UNI,AAVE,INJ,FIL,VET,FET,GRT,THETA,XTZ,SAND,CHZ,DASH,HBAR","TON,SUI,ICP,MKR,RENDER,RNDR,ARB,OP,MATIC,POL,APT,SEI,EOS,MANA","CHZ,DASH,HBAR",1440,72,0.8,336,1.0,0.0,10.0,8760.0,5.613309863285623,0.3821501214503597,0.4894006525672996,0.7808533140396838,-0.4382536383519767,0.0073730736133927,189,50796.0,0.4968107725017718
crypto,BTC,priority_with_coverage_fallback,30,30,"ETH,SOL,XRP,BNB,TRX,ADA,AVAX,DOT,NEAR,ATOM,ALGO,DOGE,BCH,LTC,XLM,ETC,LINK,UNI,AAVE,INJ,FIL,VET,FET,GRT,THETA,XTZ,SAND,CHZ,DASH,HBAR","TON,SUI,ICP,MKR,RENDER,RNDR,ARB,OP,MATIC,POL,APT,SEI,EOS,MANA","CHZ,DASH,HBAR",1440,72,0.8,336,1.0,0.25,10.0,8760.0,0.9553375597001136,0.1217407151417147,0.4305260130394501,0.2827720310841224,-0.493950178848641,0.0122232652741922,600,126.67708333333331,0.4934901186854151
crypto,BTC,priority_with_coverage_fallback,30,30,"ETH,SOL,XRP,BNB,TRX,ADA,AVAX,DOT,NEAR,ATOM,ALGO,DOGE,BCH,LTC,XLM,ETC,LINK,UNI,AAVE,INJ,FIL,VET,FET,GRT,THETA,XTZ,SAND,CHZ,DASH,HBAR","TON,SUI,ICP,MKR,RENDER,RNDR,ARB,OP,MATIC,POL,APT,SEI,EOS,MANA","CHZ,DASH,HBAR",1440,72,0.8,336,1.0,0.5,10.0,8760.0,0.381558775205369,0.0569349528401552,0.4139193008244118,0.1375508528516469,-0.5211277483877201,0.0158609090197919,801,83.14646464646465,0.4944117111097613
crypto,BTC,priority_with_coverage_fallback,30,30,"ETH,SOL,XRP,BNB,TRX,ADA,AVAX,DOT,NEAR,ATOM,ALGO,DOGE,BCH,LTC,XLM,ETC,LINK,UNI,AAVE,INJ,FIL,VET,FET,GRT,THETA,XTZ,SAND,CHZ,DASH,HBAR","TON,SUI,ICP,MKR,RENDER,RNDR,ARB,OP,MATIC,POL,APT,SEI,EOS,MANA","CHZ,DASH,HBAR",1440,72,0.8,336,1.0,0.75,10.0,8760.0,0.2720165555070921,0.0420818568242562,0.4001344233338489,0.1051692990411514,-0.4420738355564269,0.0225885942267073,1148,51.947460595446586,0.494369900883285
crypto,BTC,priority_with_coverage_fallback,30,30,"ETH,SOL,XRP,BNB,TRX,ADA,AVAX,DOT,NEAR,ATOM,ALGO,DOGE,BCH,LTC,XLM,ETC,LINK,UNI,AAVE,INJ,FIL,VET,FET,GRT,THETA,XTZ,SAND,CHZ,DASH,HBAR","TON,SUI,ICP,MKR,RENDER,RNDR,ARB,OP,MATIC,POL,APT,SEI,EOS,MANA","CHZ,DASH,HBAR",1440,72,0.8,336,1.5,0.0,10.0,8760.0,6.940132138032099,0.4261317343958044,0.4893878067366463,0.8707444863355948,-0.4204178338783931,0.0055738089650316,143,50796.0,0.4982872667139145
crypto,BTC,priority_with_coverage_fallback,30,30,"ETH,SOL,XRP,BNB,TRX,ADA,AVAX,DOT,NEAR,ATOM,ALGO,DOGE,BCH,LTC,XLM,ETC,LINK,UNI,AAVE,INJ,FIL,VET,FET,GRT,THETA,XTZ,SAND,CHZ,DASH,HBAR","TON,SUI,ICP,MKR,RENDER,RNDR,ARB,OP,MATIC,POL,APT,SEI,EOS,MANA","CHZ,DASH,HBAR",1440,72,0.8,336,1.5,0.25,10.0,8760.0,0.9636007835766608,0.1225514380225982,0.4104470019978742,0.2985804194599355,-0.4731518127497485,0.0087420793241023,432,151.99043062200957,0.4923188314550148
crypto,BTC,priority_with_coverage_fallback,30,30,"ETH,SOL,XRP,BNB,TRX,ADA,AVAX,DOT,NEAR,ATOM,ALGO,DOGE,BCH,LTC,XLM,ETC,LINK,UNI,AAVE,INJ,FIL,VET,FET,GRT,THETA,XTZ,SAND,CHZ,DASH,HBAR","TON,SUI,ICP,MKR,RENDER,RNDR,ARB,OP,MATIC,POL,APT,SEI,EOS,MANA","CHZ,DASH,HBAR",1440,72,0.8,336,1.5,0.5,10.0,8760.0,0.5612361689945133,0.0793077363685079,0.3930407255141776,0.2017799459960726,-0.4935079262181103,0.0101893139325666,516,108.95703125,0.4932420320510522
crypto,BTC,priority_with_coverage_fallback,30,30,"ETH,SOL,XRP,BNB,TRX,ADA,AVAX,DOT,NEAR,ATOM,ALGO,DOGE,BCH,LTC,XLM,ETC,LINK,UNI,AAVE,INJ,FIL,VET,FET,GRT,THETA,XTZ,SAND,CHZ,DASH,HBAR","TON,SUI,ICP,MKR,RENDER,RNDR,ARB,OP,MATIC,POL,APT,SEI,EOS,MANA","CHZ,DASH,HBAR",1440,72,0.8,336,1.5,0.75,10.0,8760.0,0.5465391108001547,0.077560229727656,0.3743297586411989,0.2071976056864845,-0.3702762992127847,0.0118712352342955,604,81.0531561461794,0.4937492314628848
crypto,BTC,priority_with_coverage_fallback,30,30,"ETH,SOL,XRP,BNB,TRX,ADA,AVAX,DOT,NEAR,ATOM,ALGO,DOGE,BCH,LTC,XLM,ETC,LINK,UNI,AAVE,INJ,FIL,VET,FET,GRT,THETA,XTZ,SAND,CHZ,DASH,HBAR","TON,SUI,ICP,MKR,RENDER,RNDR,ARB,OP,MATIC,POL,APT,SEI,EOS,MANA","CHZ,DASH,HBAR",1440,72,0.8,336,1.5,1.0,10.0,8760.0,0.3269263080447604,0.0496542596900508,0.3519381500487144,0.1410880283458268,-0.4322856610092641,0.0149417194711726,761,56.45382585751979,0.4930828192185455
crypto,BTC,priority_with_coverage_fallback,30,30,"ETH,SOL,XRP,BNB,TRX,ADA,AVAX,DOT,NEAR,ATOM,ALGO,DOGE,BCH,LTC,XLM,ETC,LINK,UNI,AAVE,INJ,FIL,VET,FET,GRT,THETA,XTZ,SAND,CHZ,DASH,HBAR","TON,SUI,ICP,MKR,RENDER,RNDR,ARB,OP,MATIC,POL,APT,SEI,EOS,MANA","CHZ,DASH,HBAR",1440,72,0.8,336,2.0,0.0,10.0,8760.0,19.668477110454887,0.6801201486855044,0.4893575662244432,1.389822484881266,-0.3969421928768721,0.0042830321520769,110,50796.0,0.5007087172218285
crypto,BTC,priority_with_coverage_fallback,30,30,"ETH,SOL,XRP,BNB,TRX,ADA,AVAX,DOT,NEAR,ATOM,ALGO,DOGE,BCH,LTC,XLM,ETC,LINK,UNI,AAVE,INJ,FIL,VET,FET,GRT,THETA,XTZ,SAND,CHZ,DASH,HBAR","TON,SUI,ICP,MKR,RENDER,RNDR,ARB,OP,MATIC,POL,APT,SEI,EOS,MANA","CHZ,DASH,HBAR",1440,72,0.8,336,2.0,0.25,10.0,8760.0,1.158130042572087,0.1408659168814858,0.380875725768748,0.3698474524654108,-0.4417967043560834,0.0064147696158961,321,164.14012738853503,0.4927435001940241
crypto,BTC,priority_with_coverage_fallback,30,30,"ETH,SOL,XRP,BNB,TRX,ADA,AVAX,DOT,NEAR,ATOM,ALGO,DOGE,BCH,LTC,XLM,ETC,LINK,UNI,AAVE,INJ,FIL,VET,FET,GRT,THETA,XTZ,SAND,CHZ,DASH,HBAR","TON,SUI,ICP,MKR,RENDER,RNDR,ARB,OP,MATIC,POL,APT,SEI,EOS,MANA","CHZ,DASH,HBAR",1440,72,0.8,336,2.0,0.5,10.0,8760.0,0.9827787127174225,0.1244221868541557,0.3574448244318732,0.3480878120194179,-0.4506929557430741,0.0069232574513025,351,125.7816091954023,0.4944713515489354
crypto,BTC,priority_with_coverage_fallback,30,30,"ETH,SOL,XRP,BNB,TRX,ADA,AVAX,DOT,NEAR,ATOM,ALGO,DOGE,BCH,LTC,XLM,ETC,LINK,UNI,AAVE,INJ,FIL,VET,FET,GRT,THETA,XTZ,SAND,CHZ,DASH,HBAR","TON,SUI,ICP,MKR,RENDER,RNDR,ARB,OP,MATIC,POL,APT,SEI,EOS,MANA","CHZ,DASH,HBAR",1440,72,0.8,336,2.0,0.75,10.0,8760.0,0.9061228920506216,0.116852477660571,0.3338313029811782,0.3500345132917608,-0.3368253980001651,0.0075882030822185,387,97.92227979274612,0.4954759511085242
crypto,BTC,priority_with_coverage_fallback,30,30,"ETH,SOL,XRP,BNB,TRX,ADA,AVAX,DOT,NEAR,ATOM,ALGO,DOGE,BCH,LTC,XLM,ETC,LINK,UNI,AAVE,INJ,FIL,VET,FET,GRT,THETA,XTZ,SAND,CHZ,DASH,HBAR","TON,SUI,ICP,MKR,RENDER,RNDR,ARB,OP,MATIC,POL,APT,SEI,EOS,MANA","CHZ,DASH,HBAR",1440,72,0.8,336,2.0,1.0,10.0,8760.0,0.8768723241960343,0.113897398535196,0.3073686064157275,0.3705563813538771,-0.2991081103004224,0.0086442932019087,441,73.50454545454545,0.4947745964999072
crypto,BTC,priority_with_coverage_fallback,30,30,"ETH,SOL,XRP,BNB,TRX,ADA,AVAX,DOT,NEAR,ATOM,ALGO,DOGE,BCH,LTC,XLM,ETC,LINK,UNI,AAVE,INJ,FIL,VET,FET,GRT,THETA,XTZ,SAND,CHZ,DASH,HBAR","TON,SUI,ICP,MKR,RENDER,RNDR,ARB,OP,MATIC,POL,APT,SEI,EOS,MANA","CHZ,DASH,HBAR",1440,72,0.8,336,2.5,0.0,10.0,8760.0,52.13349840600849,0.975114763424537,0.4843427553638564,2.0132741795466607,-0.396942192876873,0.003344285379019,86,49797.0,0.5046689559612025
crypto,BTC,priority_with_coverage_fallback,30,30,"ETH,SOL,XRP,BNB,TRX,ADA,AVAX,DOT,NEAR,ATOM,ALGO,DOGE,BCH,LTC,XLM,ETC,LINK,UNI,AAVE,INJ,FIL,VET,FET,GRT,THETA,XTZ,SAND,CHZ,DASH,HBAR","TON,SUI,ICP,MKR,RENDER,RNDR,ARB,OP,MATIC,POL,APT,SEI,EOS,MANA","CHZ,DASH,HBAR",1440,72,0.8,336,2.5,0.25,10.0,8760.0,3.0521529342750284,0.2708945507698272,0.3554174738787881,0.7621869229260612,-0.4390196858367292,0.0050457639051865,255,162.4206349206349,0.4983141949670168
crypto,BTC,priority_with_coverage_fallback,30,30,"ETH,SOL,XRP,BNB,TRX,ADA,AVAX,DOT,NEAR,ATOM,ALGO,DOGE,BCH,LTC,XLM,ETC,LINK,UNI,AAVE,INJ,FIL,VET,FET,GRT,THETA,XTZ,SAND,CHZ,DASH,HBAR","TON,SUI,ICP,MKR,RENDER,RNDR,ARB,OP,MATIC,POL,APT,SEI,EOS,MANA","CHZ,DASH,HBAR",1440,72,0.8,336,2.5,0.5,10.0,8760.0,3.214920089078464,0.2794983028126496,0.3294694675310332,0.848328389599025,-0.4204222756450854,0.0053977939450833,276,124.80434782608695,0.4997387214770946
crypto,BTC,priority_with_coverage_fallback,30,30,"ETH,SOL,XRP,BNB,TRX,ADA,AVAX,DOT,NEAR,ATOM,ALGO,DOGE,BCH,LTC,XLM,ETC,LINK,UNI,AAVE,INJ,FIL,VET,FET,GRT,THETA,XTZ,SAND,CHZ,DASH,HBAR","TON,SUI,ICP,MKR,RENDER,RNDR,ARB,OP,MATIC,POL,APT,SEI,EOS,MANA","CHZ,DASH,HBAR",1440,72,0.8,336,2.5,0.75,10.0,8760.0,3.4221846579611954,0.2900642476160286,0.3078917012138839,0.942098297785977,-0.3421643577347034,0.0057107095361026,292,99.72602739726028,0.4998626373626373
crypto,BTC,priority_with_coverage_fallback,30,30,"ETH,SOL,XRP,BNB,TRX,ADA,AVAX,DOT,NEAR,ATOM,ALGO,DOGE,BCH,LTC,XLM,ETC,LINK,UNI,AAVE,INJ,FIL,VET,FET,GRT,THETA,XTZ,SAND,CHZ,DASH,HBAR","TON,SUI,ICP,MKR,RENDER,RNDR,ARB,OP,MATIC,POL,APT,SEI,EOS,MANA","CHZ,DASH,HBAR",1440,72,0.8,336,2.5,1.0,10.0,8760.0,2.202774282056712,0.2206957188221354,0.2765941931038401,0.7979043823934545,-0.3783396654132109,0.0059453962293671,304,80.28289473684211,0.4977464557895599
crypto,BTC,priority_with_coverage_fallback,30,30,"ETH,SOL,XRP,BNB,TRX,ADA,AVAX,DOT,NEAR,ATOM,ALGO,DOGE,BCH,LTC,XLM,ETC,LINK,UNI,AAVE,INJ,FIL,VET,FET,GRT,THETA,XTZ,SAND,CHZ,DASH,HBAR","TON,SUI,ICP,MKR,RENDER,RNDR,ARB,OP,MATIC,POL,APT,SEI,EOS,MANA","CHZ,DASH,HBAR",1440,72,0.8,336,3.0,0.0,10.0,8760.0,25.619047986019044,0.7545502679800067,0.4841934413798667,1.5583653215741011,-0.4042044090964247,0.0020535085660643,53,49712.0,0.5058336015448986
crypto,BTC,priority_with_coverage_fallback,30,30,"ETH,SOL,XRP,BNB,TRX,ADA,AVAX,DOT,NEAR,ATOM,ALGO,DOGE,BCH,LTC,XLM,ETC,LINK,UNI,AAVE,INJ,FIL,VET,FET,GRT,THETA,XTZ,SAND,CHZ,DASH,HBAR","TON,SUI,ICP,MKR,RENDER,RNDR,ARB,OP,MATIC,POL,APT,SEI,EOS,MANA","CHZ,DASH,HBAR",1440,72,0.8,336,3.0,0.25,10.0,8760.0,2.3045842091811326,0.2272576892071183,0.3182012087166426,0.7141949275544415,-0.4224812490970313,0.0034811859500899,178,164.17977528089887,0.5023268546400219
crypto,BTC,priority_with_coverage_fallback,30,30,"ETH,SOL,XRP,BNB,TRX,ADA,AVAX,DOT,NEAR,ATOM,ALGO,DOGE,BCH,LTC,XLM,ETC,LINK,UNI,AAVE,INJ,FIL,VET,FET,GRT,THETA,XTZ,SAND,CHZ,DASH,HBAR","TON,SUI,ICP,MKR,RENDER,RNDR,ARB,OP,MATIC,POL,APT,SEI,EOS,MANA","CHZ,DASH,HBAR",1440,72,0.8,336,3.0,0.5,10.0,8760.0,2.809836356144147,0.2575394501424801,0.2928520801379833,0.8794182032824732,-0.3985290068197548,0.0035985292967222,184,130.82608695652175,0.5030741110003324
crypto,BTC,priority_with_coverage_fallback,30,30,"ETH,SOL,XRP,BNB,TRX,ADA,AVAX,DOT,NEAR,ATOM,ALGO,DOGE,BCH,LTC,XLM,ETC,LINK,UNI,AAVE,INJ,FIL,VET,FET,GRT,THETA,XTZ,SAND,CHZ,DASH,HBAR","TON,SUI,ICP,MKR,RENDER,RNDR,ARB,OP,MATIC,POL,APT,SEI,EOS,MANA","CHZ,DASH,HBAR",1440,72,0.8,336,3.0,0.75,10.0,8760.0,2.5300859626632697,0.2412157531152929,0.2735933530561304,0.8816579438821569,-0.3173149338286525,0.0037158726433544,190,105.53684210526316,0.5030919609016556
crypto,BTC,priority_with_coverage_fallback,30,30,"ETH,SOL,XRP,BNB,TRX,ADA,AVAX,DOT,NEAR,ATOM,ALGO,DOGE,BCH,LTC,XLM,ETC,LINK,UNI,AAVE,INJ,FIL,VET,FET,GRT,THETA,XTZ,SAND,CHZ,DASH,HBAR","TON,SUI,ICP,MKR,RENDER,RNDR,ARB,OP,MATIC,POL,APT,SEI,EOS,MANA","CHZ,DASH,HBAR",1440,72,0.8,336,3.0,1.0,10.0,8760.0,1.526900263661608,0.1721195540345224,0.2436958590028777,0.7062883823253225,-0.3549032116074271,0.0037549870922318,192,87.33333333333333,0.5020276717557252
crypto,BTC,priority_with_coverage_fallback,30,30,"ETH,SOL,XRP,BNB,TRX,ADA,AVAX,DOT,NEAR,ATOM,ALGO,DOGE,BCH,LTC,XLM,ETC,LINK,UNI,AAVE,INJ,FIL,VET,FET,GRT,THETA,XTZ,SAND,CHZ,DASH,HBAR","TON,SUI,ICP,MKR,RENDER,RNDR,ARB,OP,MATIC,POL,APT,SEI,EOS,MANA","CHZ,DASH,HBAR",1440,168,0.8,336,1.0,0.0,10.0,8760.0,5.449135718672578,0.3762104171730585,0.5206542154026088,0.7225724982984041,-0.4949411731772465,0.0072166158178831,185,50769.0,0.4971734720006303
crypto,BTC,priority_with_coverage_fallback,30,30,"ETH,SOL,XRP,BNB,TRX,ADA,AVAX,DOT,NEAR,ATOM,ALGO,DOGE,BCH,LTC,XLM,ETC,LINK,UNI,AAVE,INJ,FIL,VET,FET,GRT,THETA,XTZ,SAND,CHZ,DASH,HBAR","TON,SUI,ICP,MKR,RENDER,RNDR,ARB,OP,MATIC,POL,APT,SEI,EOS,MANA","CHZ,DASH,HBAR",1440,168,0.8,336,1.0,0.25,10.0,8760.0,1.8481825160006848,0.1964020344632469,0.4649067336104641,0.4224546995436898,-0.5132595415078713,0.0117538918876633,558,146.8217054263566,0.4937170010559662
crypto,BTC,priority_with_coverage_fallback,30,30,"ETH,SOL,XRP,BNB,TRX,ADA,AVAX,DOT,NEAR,ATOM,ALGO,DOGE,BCH,LTC,XLM,ETC,LINK,UNI,AAVE,INJ,FIL,VET,FET,GRT,THETA,XTZ,SAND,CHZ,DASH,HBAR","TON,SUI,ICP,MKR,RENDER,RNDR,ARB,OP,MATIC,POL,APT,SEI,EOS,MANA","CHZ,DASH,HBAR",1440,168,0.8,336,1.0,0.5,10.0,8760.0,1.3123820507061863,0.154439444330078,0.4493678373122797,0.3436815711017459,-0.5230031393538513,0.0147265900023468,726,98.68857142857142,0.4935873309979445
crypto,BTC,priority_with_coverage_fallback,30,30,"ETH,SOL,XRP,BNB,TRX,ADA,AVAX,DOT,NEAR,ATOM,ALGO,DOGE,BCH,LTC,XLM,ETC,LINK,UNI,AAVE,INJ,FIL,VET,FET,GRT,THETA,XTZ,SAND,CHZ,DASH,HBAR","TON,SUI,ICP,MKR,RENDER,RNDR,ARB,OP,MATIC,POL,APT,SEI,EOS,MANA","CHZ,DASH,HBAR",1440,168,0.8,336,1.0,0.75,10.0,8760.0,0.3594017138211745,0.0540114259303967,0.4308877909728474,0.1253491676068406,-0.5262817167075625,0.021004459047172,1056,59.97495183044316,0.4933658881357021
crypto,BTC,priority_with_coverage_fallback,30,30,"ETH,SOL,XRP,BNB,TRX,ADA,AVAX,DOT,NEAR,ATOM,ALGO,DOGE,BCH,LTC,XLM,ETC,LINK,UNI,AAVE,INJ,FIL,VET,FET,GRT,THETA,XTZ,SAND,CHZ,DASH,HBAR","TON,SUI,ICP,MKR,RENDER,RNDR,ARB,OP,MATIC,POL,APT,SEI,EOS,MANA","CHZ,DASH,HBAR",1440,168,0.8,336,1.5,0.0,10.0,8760.0,7.001410033381738,0.4280113223263668,0.5193170643847316,0.82418112494235,-0.4626078477704729,0.0055346945161542,142,50599.0,0.4996936698353722
crypto,BTC,priority_with_coverage_fallback,30,30,"ETH,SOL,XRP,BNB,TRX,ADA,AVAX,DOT,NEAR,ATOM,ALGO,DOGE,BCH,LTC,XLM,ETC,LINK,UNI,AAVE,INJ,FIL,VET,FET,GRT,THETA,XTZ,SAND,CHZ,DASH,HBAR","TON,SUI,ICP,MKR,RENDER,RNDR,ARB,OP,MATIC,POL,APT,SEI,EOS,MANA","CHZ,DASH,HBAR",1440,168,0.8,336,1.5,0.25,10.0,8760.0,1.555523485689673,0.1743835965189282,0.442066012207908,0.3944741095294019,-0.5304588582987869,0.0085073926308378,408,175.6806282722513,0.4933392936969155
crypto,BTC,priority_with_coverage_fallback,30,30,"ETH,SOL,XRP,BNB,TRX,ADA,AVAX,DOT,NEAR,ATOM,ALGO,DOGE,BCH,LTC,XLM,ETC,LINK,UNI,AAVE,INJ,FIL,VET,FET,GRT,THETA,XTZ,SAND,CHZ,DASH,HBAR","TON,SUI,ICP,MKR,RENDER,RNDR,ARB,OP,MATIC,POL,APT,SEI,EOS,MANA","CHZ,DASH,HBAR",1440,168,0.8,336,1.5,0.5,10.0,8760.0,1.4474469123516511,0.1657216412810962,0.421376892615222,0.393286020627676,-0.5284396415577861,0.0098177266682312,485,126.65384615384616,0.4944157640786854
crypto,BTC,priority_with_coverage_fallback,30,30,"ETH,SOL,XRP,BNB,TRX,ADA,AVAX,DOT,NEAR,ATOM,ALGO,DOGE,BCH,LTC,XLM,ETC,LINK,UNI,AAVE,INJ,FIL,VET,FET,GRT,THETA,XTZ,SAND,CHZ,DASH,HBAR","TON,SUI,ICP,MKR,RENDER,RNDR,ARB,OP,MATIC,POL,APT,SEI,EOS,MANA","CHZ,DASH,HBAR",1440,168,0.8,336,1.5,0.75,10.0,8760.0,0.6209942842417941,0.086275622650999,0.4007373183952581,0.2152922093617023,-0.4955712938285787,0.011304075725573,567,93.5179856115108,0.4934610354642665
crypto,BTC,priority_with_coverage_fallback,30,30,"ETH,SOL,XRP,BNB,TRX,ADA,AVAX,DOT,NEAR,ATOM,ALGO,DOGE,BCH,LTC,XLM,ETC,LINK,UNI,AAVE,INJ,FIL,VET,FET,GRT,THETA,XTZ,SAND,CHZ,DASH,HBAR","TON,SUI,ICP,MKR,RENDER,RNDR,ARB,OP,MATIC,POL,APT,SEI,EOS,MANA","CHZ,DASH,HBAR",1440,168,0.8,336,1.5,1.0,10.0,8760.0,-0.3405549532362002,-0.068846141983518,0.3573774836783506,-0.1926426401431641,-0.5611143669123864,0.0136118282093405,691,65.96501457725948,0.4920887474586758
crypto,BTC,priority_with_coverage_fallback,30,30,"ETH,SOL,XRP,BNB,TRX,ADA,AVAX,DOT,NEAR,ATOM,ALGO,DOGE,BCH,LTC,XLM,ETC,LINK,UNI,AAVE,INJ,FIL,VET,FET,GRT,THETA,XTZ,SAND,CHZ,DASH,HBAR","TON,SUI,ICP,MKR,RENDER,RNDR,ARB,OP,MATIC,POL,APT,SEI,EOS,MANA","CHZ,DASH,HBAR",1440,168,0.8,336,2.0,0.0,10.0,8760.0,8.811466697140485,0.4787853281221723,0.5179396752958721,0.9244036534730944,-0.4454814911947092,0.0039701165610576,102,49858.0,0.5005615949296001
crypto,BTC,priority_with_coverage_fallback,30,30,"ETH,SOL,XRP,BNB,TRX,ADA,AVAX,DOT,NEAR,ATOM,ALGO,DOGE,BCH,LTC,XLM,ETC,LINK,UNI,AAVE,INJ,FIL,VET,FET,GRT,THETA,XTZ,SAND,CHZ,DASH,HBAR","TON,SUI,ICP,MKR,RENDER,RNDR,ARB,OP,MATIC,POL,APT,SEI,EOS,MANA","CHZ,DASH,HBAR",1440,168,0.8,336,2.0,0.25,10.0,8760.0,1.7101693654897576,0.1862644225044973,0.4103882746492476,0.4538736460336121,-0.4261619656012385,0.0064538840647735,317,185.88815789473685,0.49580605202619
crypto,BTC,priority_with_coverage_fallback,30,30,"ETH,SOL,XRP,BNB,TRX,ADA,AVAX,DOT,NEAR,ATOM,ALGO,DOGE,BCH,LTC,XLM,ETC,LINK,UNI,AAVE,INJ,FIL,VET,FET,GRT,THETA,XTZ,SAND,CHZ,DASH,HBAR","TON,SUI,ICP,MKR,RENDER,RNDR,ARB,OP,MATIC,POL,APT,SEI,EOS,MANA","CHZ,DASH,HBAR",1440,168,0.8,336,2.0,0.5,10.0,8760.0,1.4876435243502892,0.1689796054053067,0.3864829721823182,0.4372239336991873,-0.4031382374029989,0.0070797152468121,353,143.42441860465115,0.4973448457578337
crypto,BTC,priority_with_coverage_fallback,30,30,"ETH,SOL,XRP,BNB,TRX,ADA,AVAX,DOT,NEAR,ATOM,ALGO,DOGE,BCH,LTC,XLM,ETC,LINK,UNI,AAVE,INJ,FIL,VET,FET,GRT,THETA,XTZ,SAND,CHZ,DASH,HBAR","TON,SUI,ICP,MKR,RENDER,RNDR,ARB,OP,MATIC,POL,APT,SEI,EOS,MANA","CHZ,DASH,HBAR",1440,168,0.8,336,2.0,0.75,10.0,8760.0,1.1342453758719624,0.138692775701418,0.3639512565263091,0.381075139086358,-0.3750588341606274,0.0075882030822185,383,108.85185185185183,0.4945802751178729
crypto,BTC,priority_with_coverage_fallback,30,30,"ETH,SOL,XRP,BNB,TRX,ADA,AVAX,DOT,NEAR,ATOM,ALGO,DOGE,BCH,LTC,XLM,ETC,LINK,UNI,AAVE,INJ,FIL,VET,FET,GRT,THETA,XTZ,SAND,CHZ,DASH,HBAR","TON,SUI,ICP,MKR,RENDER,RNDR,ARB,OP,MATIC,POL,APT,SEI,EOS,MANA","CHZ,DASH,HBAR",1440,168,0.8,336,2.0,1.0,10.0,8760.0,0.0988824840207551,0.0162857145894641,0.328806806914885,0.0495297367541416,-0.4438255865843957,0.0084096065086442,428,83.46478873239437,0.4937563280458994
crypto,BTC,priority_with_coverage_fallback,30,30,"ETH,SOL,XRP,BNB,TRX,ADA,AVAX,DOT,NEAR,ATOM,ALGO,DOGE,BCH,LTC,XLM,ETC,LINK,UNI,AAVE,INJ,FIL,VET,FET,GRT,THETA,XTZ,SAND,CHZ,DASH,HBAR","TON,SUI,ICP,MKR,RENDER,RNDR,ARB,OP,MATIC,POL,APT,SEI,EOS,MANA","CHZ,DASH,HBAR",1440,168,0.8,336,2.5,0.0,10.0,8760.0,15.25878151484897,0.6124459020736348,0.5178493053339487,1.1826720549111929,-0.4095681032341152,0.0029531408902448,76,49781.0,0.5027018340330648
crypto,BTC,priority_with_coverage_fallback,30,30,"ETH,SOL,XRP,BNB,TRX,ADA,AVAX,DOT,NEAR,ATOM,ALGO,DOGE,BCH,LTC,XLM,ETC,LINK,UNI,AAVE,INJ,FIL,VET,FET,GRT,THETA,XTZ,SAND,CHZ,DASH,HBAR","TON,SUI,ICP,MKR,RENDER,RNDR,ARB,OP,MATIC,POL,APT,SEI,EOS,MANA","CHZ,DASH,HBAR",1440,168,0.8,336,2.5,0.25,10.0,8760.0,1.8621888169434664,0.1974079486847535,0.3725876447441908,0.5298295621699661,-0.3959065322956386,0.0047328483141672,236,199.50434782608696,0.498365514536024
crypto,BTC,priority_with_coverage_fallback,30,30,"ETH,SOL,XRP,BNB,TRX,ADA,AVAX,DOT,NEAR,ATOM,ALGO,DOGE,BCH,LTC,XLM,ETC,LINK,UNI,AAVE,INJ,FIL,VET,FET,GRT,THETA,XTZ,SAND,CHZ,DASH,HBAR","TON,SUI,ICP,MKR,RENDER,RNDR,ARB,OP,MATIC,POL,APT,SEI,EOS,MANA","CHZ,DASH,HBAR",1440,168,0.8,336,2.5,0.5,10.0,8760.0,2.4041575645407427,0.2335154062231148,0.3526317584011718,0.6622075313972596,-0.3562766189227249,0.0049284205585543,247,162.8512396694215,0.4998223801065719
crypto,BTC,priority_with_coverage_fallback,30,30,"ETH,SOL,XRP,BNB,TRX,ADA,AVAX,DOT,NEAR,ATOM,ALGO,DOGE,BCH,LTC,XLM,ETC,LINK,UNI,AAVE,INJ,FIL,VET,FET,GRT,THETA,XTZ,SAND,CHZ,DASH,HBAR","TON,SUI,ICP,MKR,RENDER,RNDR,ARB,OP,MATIC,POL,APT,SEI,EOS,MANA","CHZ,DASH,HBAR",1440,168,0.8,336,2.5,0.75,10.0,8760.0,1.5128548740245271,0.171000808355795,0.3298914882656467,0.5183547149240049,-0.3324480269634151,0.0050066494563091,253,123.288,0.4952955681007073
crypto,BTC,priority_with_coverage_fallback,30,30,"ETH,SOL,XRP,BNB,TRX,ADA,AVAX,DOT,NEAR,ATOM,ALGO,DOGE,BCH,LTC,XLM,ETC,LINK,UNI,AAVE,INJ,FIL,VET,FET,GRT,THETA,XTZ,SAND,CHZ,DASH,HBAR","TON,SUI,ICP,MKR,RENDER,RNDR,ARB,OP,MATIC,POL,APT,SEI,EOS,MANA","CHZ,DASH,HBAR",1440,168,0.8,336,2.5,1.0,10.0,8760.0,0.7491970005176425,0.1005339449294442,0.2905824990741885,0.3459738464971248,-0.3189310816272254,0.0053195650473284,271,94.2074074074074,0.4960685642396603
crypto,BTC,priority_with_coverage_fallback,30,30,"ETH,SOL,XRP,BNB,TRX,ADA,AVAX,DOT,NEAR,ATOM,ALGO,DOGE,BCH,LTC,XLM,ETC,LINK,UNI,AAVE,INJ,FIL,VET,FET,GRT,THETA,XTZ,SAND,CHZ,DASH,HBAR","TON,SUI,ICP,MKR,RENDER,RNDR,ARB,OP,MATIC,POL,APT,SEI,EOS,MANA","CHZ,DASH,HBAR",1440,168,0.8,336,3.0,0.0,10.0,8760.0,3.8891494082479374,0.3124426556511241,0.5178336241948068,0.6033649439758755,-0.4095681032341156,0.0015059062817804,39,49712.0,0.5039024782748632
crypto,BTC,priority_with_coverage_fallback,30,30,"ETH,SOL,XRP,BNB,TRX,ADA,AVAX,DOT,NEAR,ATOM,ALGO,DOGE,BCH,LTC,XLM,ETC,LINK,UNI,AAVE,INJ,FIL,VET,FET,GRT,THETA,XTZ,SAND,CHZ,DASH,HBAR","TON,SUI,ICP,MKR,RENDER,RNDR,ARB,OP,MATIC,POL,APT,SEI,EOS,MANA","CHZ,DASH,HBAR",1440,168,0.8,336,3.0,0.25,10.0,8760.0,0.8156206692984656,0.1075835996280996,0.3326499096975397,0.3234138849636828,-0.4424269182225643,0.0030118125635609,153,213.71052631578948,0.5014776505356483
crypto,BTC,priority_with_coverage_fallback,30,30,"ETH,SOL,XRP,BNB,TRX,ADA,AVAX,DOT,NEAR,ATOM,ALGO,DOGE,BCH,LTC,XLM,ETC,LINK,UNI,AAVE,INJ,FIL,VET,FET,GRT,THETA,XTZ,SAND,CHZ,DASH,HBAR","TON,SUI,ICP,MKR,RENDER,RNDR,ARB,OP,MATIC,POL,APT,SEI,EOS,MANA","CHZ,DASH,HBAR",1440,168,0.8,336,3.0,0.5,10.0,8760.0,0.8980888749465186,0.1160445941867485,0.3179842734339622,0.3649381553797132,-0.470814337790951,0.0030900414613158,157,180.52564102564105,0.4996094027412825
crypto,BTC,priority_with_coverage_fallback,30,30,"ETH,SOL,XRP,BNB,TRX,ADA,AVAX,DOT,NEAR,ATOM,ALGO,DOGE,BCH,LTC,XLM,ETC,LINK,UNI,AAVE,INJ,FIL,VET,FET,GRT,THETA,XTZ,SAND,CHZ,DASH,HBAR","TON,SUI,ICP,MKR,RENDER,RNDR,ARB,OP,MATIC,POL,APT,SEI,EOS,MANA","CHZ,DASH,HBAR",1440,168,0.8,336,3.0,0.75,10.0,8760.0,0.6320723713665508,0.0875438825215697,0.294464453917551,0.2972986428646553,-0.3777534464393588,0.0031291559101932,159,131.9746835443038,0.4951083828889315
crypto,BTC,priority_with_coverage_fallback,30,30,"ETH,SOL,XRP,BNB,TRX,ADA,AVAX,DOT,NEAR,ATOM,ALGO,DOGE,BCH,LTC,XLM,ETC,LINK,UNI,AAVE,INJ,FIL,VET,FET,GRT,THETA,XTZ,SAND,CHZ,DASH,HBAR","TON,SUI,ICP,MKR,RENDER,RNDR,ARB,OP,MATIC,POL,APT,SEI,EOS,MANA","CHZ,DASH,HBAR",1440,168,0.8,336,3.0,1.0,10.0,8760.0,0.2018617494990038,0.0320025679521926,0.258081089668396,0.1240019871014658,-0.3964430993973982,0.003207384807948,164,103.2560975609756,0.4935632455415141
crypto,BTC,priority_with_coverage_fallback,30,30,"ETH,SOL,XRP,BNB,TRX,ADA,AVAX,DOT,NEAR,ATOM,ALGO,DOGE,BCH,LTC,XLM,ETC,LINK,UNI,AAVE,INJ,FIL,VET,FET,GRT,THETA,XTZ,SAND,CHZ,DASH,HBAR","TON,SUI,ICP,MKR,RENDER,RNDR,ARB,OP,MATIC,POL,APT,SEI,EOS,MANA","CHZ,DASH,HBAR",1440,336,0.8,336,1.0,0.0,10.0,8760.0,9.085707026431711,0.4857860021452385,0.5616266370433499,0.8649625393528876,-0.4790729467926512,0.0067472424313541,173,50796.0,0.4976572958500669
crypto,BTC,priority_with_coverage_fallback,30,30,"ETH,SOL,XRP,BNB,TRX,ADA,AVAX,DOT,NEAR,ATOM,ALGO,DOGE,BCH,LTC,XLM,ETC,LINK,UNI,AAVE,INJ,FIL,VET,FET,GRT,THETA,XTZ,SAND,CHZ,DASH,HBAR","TON,SUI,ICP,MKR,RENDER,RNDR,ARB,OP,MATIC,POL,APT,SEI,EOS,MANA","CHZ,DASH,HBAR",1440,336,0.8,336,1.0,0.25,10.0,8760.0,2.59605134897856,0.2451589809855352,0.4813091530181093,0.5093586511875686,-0.4693321905598935,0.0113236329500117,535,159.96341463414635,0.4966074559731646
crypto,BTC,priority_with_coverage_fallback,30,30,"ETH,SOL,XRP,BNB,TRX,ADA,AVAX,DOT,NEAR,ATOM,ALGO,DOGE,BCH,LTC,XLM,ETC,LINK,UNI,AAVE,INJ,FIL,VET,FET,GRT,THETA,XTZ,SAND,CHZ,DASH,HBAR","TON,SUI,ICP,MKR,RENDER,RNDR,ARB,OP,MATIC,POL,APT,SEI,EOS,MANA","CHZ,DASH,HBAR",1440,336,0.8,336,1.0,0.5,10.0,8760.0,1.4562523864710497,0.1664391037276791,0.4665247070636827,0.3567637495026805,-0.4848038269441693,0.0143354455135727,702,105.90178571428572,0.4956861422589438
crypto,BTC,priority_with_coverage_fallback,30,30,"ETH,SOL,XRP,BNB,TRX,ADA,AVAX,DOT,NEAR,ATOM,ALGO,DOGE,BCH,LTC,XLM,ETC,LINK,UNI,AAVE,INJ,FIL,VET,FET,GRT,THETA,XTZ,SAND,CHZ,DASH,HBAR","TON,SUI,ICP,MKR,RENDER,RNDR,ARB,OP,MATIC,POL,APT,SEI,EOS,MANA","CHZ,DASH,HBAR",1440,336,0.8,336,1.0,0.75,10.0,8760.0,0.6580304066381208,0.0904879424598921,0.4484226997129238,0.2017916187512846,-0.5091471491085614,0.0209066729249784,1046,62.103515625,0.4953926471050728
crypto,BTC,priority_with_coverage_fallback,30,30,"ETH,SOL,XRP,BNB,TRX,ADA,AVAX,DOT,NEAR,ATOM,ALGO,DOGE,BCH,LTC,XLM,ETC,LINK,UNI,AAVE,INJ,FIL,VET,FET,GRT,THETA,XTZ,SAND,CHZ,DASH,HBAR","TON,SUI,ICP,MKR,RENDER,RNDR,ARB,OP,MATIC,POL,APT,SEI,EOS,MANA","CHZ,DASH,HBAR",1440,336,0.8,336,1.5,0.0,10.0,8760.0,2.9887131324978986,0.2674634621347445,0.5616237319391436,0.4762324790144841,-0.5139436443167347,0.0050262066807478,129,50796.0,0.4975982360815812
crypto,BTC,priority_with_coverage_fallback,30,30,"ETH,SOL,XRP,BNB,TRX,ADA,AVAX,DOT,NEAR,ATOM,ALGO,DOGE,BCH,LTC,XLM,ETC,LINK,UNI,AAVE,INJ,FIL,VET,FET,GRT,THETA,XTZ,SAND,CHZ,DASH,HBAR","TON,SUI,ICP,MKR,RENDER,RNDR,ARB,OP,MATIC,POL,APT,SEI,EOS,MANA","CHZ,DASH,HBAR",1440,336,0.8,336,1.5,0.25,10.0,8760.0,1.635934380766673,0.1806333752937621,0.4510282154092033,0.4004924062896581,-0.4649474572348219,0.0082727059375733,394,193.1584699453552,0.4956150277243408
crypto,BTC,priority_with_coverage_fallback,30,30,"ETH,SOL,XRP,BNB,TRX,ADA,AVAX,DOT,NEAR,ATOM,ALGO,DOGE,BCH,LTC,XLM,ETC,LINK,UNI,AAVE,INJ,FIL,VET,FET,GRT,THETA,XTZ,SAND,CHZ,DASH,HBAR","TON,SUI,ICP,MKR,RENDER,RNDR,ARB,OP,MATIC,POL,APT,SEI,EOS,MANA","CHZ,DASH,HBAR",1440,336,0.8,336,1.5,0.5,10.0,8760.0,0.7737883790425515,0.1031693253961818,0.4278891105585848,0.2411122948688742,-0.4831642489707911,0.0093679105061409,462,140.02690582959642,0.4958688272593352
crypto,BTC,priority_with_coverage_fallback,30,30,"ETH,SOL,XRP,BNB,TRX,ADA,AVAX,DOT,NEAR,ATOM,ALGO,DOGE,BCH,LTC,XLM,ETC,LINK,UNI,AAVE,INJ,FIL,VET,FET,GRT,THETA,XTZ,SAND,CHZ,DASH,HBAR","TON,SUI,ICP,MKR,RENDER,RNDR,ARB,OP,MATIC,POL,APT,SEI,EOS,MANA","CHZ,DASH,HBAR",1440,336,0.8,336,1.5,0.75,10.0,8760.0,0.4400354550867933,0.0644682144832955,0.4109192846944607,0.1568877803611259,-0.5083126977239681,0.0109716029101149,550,100.3,0.4949964920054651
crypto,BTC,priority_with_coverage_fallback,30,30,"ETH,SOL,XRP,BNB,TRX,ADA,AVAX,DOT,NEAR,ATOM,ALGO,DOGE,BCH,LTC,XLM,ETC,LINK,UNI,AAVE,INJ,FIL,VET,FET,GRT,THETA,XTZ,SAND,CHZ,DASH,HBAR","TON,SUI,ICP,MKR,RENDER,RNDR,ARB,OP,MATIC,POL,APT,SEI,EOS,MANA","CHZ,DASH,HBAR",1440,336,0.8,336,1.5,1.0,10.0,8760.0,0.1587910920250028,0.0255703209294035,0.3805665952773889,0.067190135042635,-0.4756089101498003,0.0134749276382695,680,68.04761904761905,0.4947515745276417
crypto,BTC,priority_with_coverage_fallback,30,30,"ETH,SOL,XRP,BNB,TRX,ADA,AVAX,DOT,NEAR,ATOM,ALGO,DOGE,BCH,LTC,XLM,ETC,LINK,UNI,AAVE,INJ,FIL,VET,FET,GRT,THETA,XTZ,SAND,CHZ,DASH,HBAR","TON,SUI,ICP,MKR,RENDER,RNDR,ARB,OP,MATIC,POL,APT,SEI,EOS,MANA","CHZ,DASH,HBAR",1440,336,0.8,336,2.0,0.0,10.0,8760.0,6.457759450365473,0.4109005032879989,0.5615721251175426,0.7316967579222229,-0.4686624838570263,0.0039701165610576,102,50795.0,0.4981002067132591
crypto,BTC,priority_with_coverage_fallback,30,30,"ETH,SOL,XRP,BNB,TRX,ADA,AVAX,DOT,NEAR,ATOM,ALGO,DOGE,BCH,LTC,XLM,ETC,LINK,UNI,AAVE,INJ,FIL,VET,FET,GRT,THETA,XTZ,SAND,CHZ,DASH,HBAR","TON,SUI,ICP,MKR,RENDER,RNDR,ARB,OP,MATIC,POL,APT,SEI,EOS,MANA","CHZ,DASH,HBAR",1440,336,0.8,336,2.0,0.25,10.0,8760.0,0.4173603978305724,0.061577728934183,0.4201509583426981,0.1465609627003559,-0.5050692059008759,0.0062583118203864,304,216.19444444444449,0.4965309006809713
crypto,BTC,priority_with_coverage_fallback,30,30,"ETH,SOL,XRP,BNB,TRX,ADA,AVAX,DOT,NEAR,ATOM,ALGO,DOGE,BCH,LTC,XLM,ETC,LINK,UNI,AAVE,INJ,FIL,VET,FET,GRT,THETA,XTZ,SAND,CHZ,DASH,HBAR","TON,SUI,ICP,MKR,RENDER,RNDR,ARB,OP,MATIC,POL,APT,SEI,EOS,MANA","CHZ,DASH,HBAR",1440,336,0.8,336,2.0,0.5,10.0,8760.0,0.5382124992667345,0.076564064879395,0.3947136024390877,0.1939737176683958,-0.5150670992904633,0.006884143002425,344,159.00595238095238,0.4967993111967955
crypto,BTC,priority_with_coverage_fallback,30,30,"ETH,SOL,XRP,BNB,TRX,ADA,AVAX,DOT,NEAR,ATOM,ALGO,DOGE,BCH,LTC,XLM,ETC,LINK,UNI,AAVE,INJ,FIL,VET,FET,GRT,THETA,XTZ,SAND,CHZ,DASH,HBAR","TON,SUI,ICP,MKR,RENDER,RNDR,ARB,OP,MATIC,POL,APT,SEI,EOS,MANA","CHZ,DASH,HBAR",1440,336,0.8,336,2.0,0.75,10.0,8760.0,0.4080850577780675,0.060384308792855,0.3743957240712709,0.1612847180417053,-0.5118776266082388,0.0074317452867089,376,121.13978494623656,0.4963163500798864
crypto,BTC,priority_with_coverage_fallback,30,30,"ETH,SOL,XRP,BNB,TRX,ADA,AVAX,DOT,NEAR,ATOM,ALGO,DOGE,BCH,LTC,XLM,ETC,LINK,UNI,AAVE,INJ,FIL,VET,FET,GRT,THETA,XTZ,SAND,CHZ,DASH,HBAR","TON,SUI,ICP,MKR,RENDER,RNDR,ARB,OP,MATIC,POL,APT,SEI,EOS,MANA","CHZ,DASH,HBAR",1440,336,0.8,336,2.0,1.0,10.0,8760.0,0.0006632401833406,0.0001135959483262,0.3371015119927171,0.0003369784598555,-0.5584290810021377,0.0081749198153798,416,90.79710144927536,0.4950784783187018
crypto,BTC,priority_with_coverage_fallback,30,30,"ETH,SOL,XRP,BNB,TRX,ADA,AVAX,DOT,NEAR,ATOM,ALGO,DOGE,BCH,LTC,XLM,ETC,LINK,UNI,AAVE,INJ,FIL,VET,FET,GRT,THETA,XTZ,SAND,CHZ,DASH,HBAR","TON,SUI,ICP,MKR,RENDER,RNDR,ARB,OP,MATIC,POL,APT,SEI,EOS,MANA","CHZ,DASH,HBAR",1440,336,0.8,336,2.5,0.0,10.0,8760.0,8.95695242587308,0.4825191229491234,0.5606207657764336,0.8606872103298867,-0.4744561084724704,0.0031095986857545,80,50769.0,0.4969765014083397
crypto,BTC,priority_with_coverage_fallback,30,30,"ETH,SOL,XRP,BNB,TRX,ADA,AVAX,DOT,NEAR,ATOM,ALGO,DOGE,BCH,LTC,XLM,ETC,LINK,UNI,AAVE,INJ,FIL,VET,FET,GRT,THETA,XTZ,SAND,CHZ,DASH,HBAR","TON,SUI,ICP,MKR,RENDER,RNDR,ARB,OP,MATIC,POL,APT,SEI,EOS,MANA","CHZ,DASH,HBAR",1440,336,0.8,336,2.5,0.25,10.0,8760.0,0.2121075852527438,0.0335045204165866,0.3883263467932892,0.0862792872367775,-0.5952313093028574,0.0047719627630446,235,228.99115044247787,0.4950919771216571
crypto,BTC,priority_with_coverage_fallback,30,30,"ETH,SOL,XRP,BNB,TRX,ADA,AVAX,DOT,NEAR,ATOM,ALGO,DOGE,BCH,LTC,XLM,ETC,LINK,UNI,AAVE,INJ,FIL,VET,FET,GRT,THETA,XTZ,SAND,CHZ,DASH,HBAR","TON,SUI,ICP,MKR,RENDER,RNDR,ARB,OP,MATIC,POL,APT,SEI,EOS,MANA","CHZ,DASH,HBAR",1440,336,0.8,336,2.5,0.5,10.0,8760.0,0.3550512963506691,0.0534327753703307,0.361912130036195,0.1476401892497687,-0.6160502431893737,0.0050066494563091,252,171.79032258064515,0.4957281006478265
crypto,BTC,priority_with_coverage_fallback,30,30,"ETH,SOL,XRP,BNB,TRX,ADA,AVAX,DOT,NEAR,ATOM,ALGO,DOGE,BCH,LTC,XLM,ETC,LINK,UNI,AAVE,INJ,FIL,VET,FET,GRT,THETA,XTZ,SAND,CHZ,DASH,HBAR","TON,SUI,ICP,MKR,RENDER,RNDR,ARB,OP,MATIC,POL,APT,SEI,EOS,MANA","CHZ,DASH,HBAR",1440,336,0.8,336,2.5,0.75,10.0,8760.0,0.5800981089416357,0.081530590021448,0.3421042177896796,0.238320914451782,-0.5482618338907801,0.005280450598451,268,131.85714285714286,0.4958658835604721
crypto,BTC,priority_with_coverage_fallback,30,30,"ETH,SOL,XRP,BNB,TRX,ADA,AVAX,DOT,NEAR,ATOM,ALGO,DOGE,BCH,LTC,XLM,ETC,LINK,UNI,AAVE,INJ,FIL,VET,FET,GRT,THETA,XTZ,SAND,CHZ,DASH,HBAR","TON,SUI,ICP,MKR,RENDER,RNDR,ARB,OP,MATIC,POL,APT,SEI,EOS,MANA","CHZ,DASH,HBAR",1440,336,0.8,336,2.5,1.0,10.0,8760.0,0.03842586211384,0.006480745421846,0.2991630331141184,0.0216629219004272,-0.5372953946613721,0.0054760228428381,280,100.31428571428572,0.4940187980632298
crypto,BTC,priority_with_coverage_fallback,30,30,"ETH,SOL,XRP,BNB,TRX,ADA,AVAX,DOT,NEAR,ATOM,ALGO,DOGE,BCH,LTC,XLM,ETC,LINK,UNI,AAVE,INJ,FIL,VET,FET,GRT,THETA,XTZ,SAND,CHZ,DASH,HBAR","TON,SUI,ICP,MKR,RENDER,RNDR,ARB,OP,MATIC,POL,APT,SEI,EOS,MANA","CHZ,DASH,HBAR",1440,336,0.8,336,3.0,0.0,10.0,8760.0,4.140023147788237,0.3237423124289633,0.5578971504189666,0.5802903137000092,-0.3870476882086432,0.0020926230149417,54,49780.0,0.5006428284451587
crypto,BTC,priority_with_coverage_fallback,30,30,"ETH,SOL,XRP,BNB,TRX,ADA,AVAX,DOT,NEAR,ATOM,ALGO,DOGE,BCH,LTC,XLM,ETC,LINK,UNI,AAVE,INJ,FIL,VET,FET,GRT,THETA,XTZ,SAND,CHZ,DASH,HBAR","TON,SUI,ICP,MKR,RENDER,RNDR,ARB,OP,MATIC,POL,APT,SEI,EOS,MANA","CHZ,DASH,HBAR",1440,336,0.8,336,3.0,0.25,10.0,8760.0,-0.4200598855141271,-0.0891172094871785,0.3237386742446438,-0.2752751418875402,-0.6007860473509239,0.0030509270124383,152,258.44594594594594,0.4920261437908497
crypto,BTC,priority_with_coverage_fallback,30,30,"ETH,SOL,XRP,BNB,TRX,ADA,AVAX,DOT,NEAR,ATOM,ALGO,DOGE,BCH,LTC,XLM,ETC,LINK,UNI,AAVE,INJ,FIL,VET,FET,GRT,THETA,XTZ,SAND,CHZ,DASH,HBAR","TON,SUI,ICP,MKR,RENDER,RNDR,ARB,OP,MATIC,POL,APT,SEI,EOS,MANA","CHZ,DASH,HBAR",1440,336,0.8,336,3.0,0.5,10.0,8760.0,-0.5059141559598455,-0.1137794114346691,0.2930138034183898,-0.3883073428872064,-0.6632820519017165,0.0030509270124383,154,199.51315789473685,0.4923168238475235
crypto,BTC,priority_with_coverage_fallback,30,30,"ETH,SOL,XRP,BNB,TRX,ADA,AVAX,DOT,NEAR,ATOM,ALGO,DOGE,BCH,LTC,XLM,ETC,LINK,UNI,AAVE,INJ,FIL,VET,FET,GRT,THETA,XTZ,SAND,CHZ,DASH,HBAR","TON,SUI,ICP,MKR,RENDER,RNDR,ARB,OP,MATIC,POL,APT,SEI,EOS,MANA","CHZ,DASH,HBAR",1440,336,0.8,336,3.0,0.75,10.0,8760.0,-0.5078141724131425,-0.1143642030915956,0.2733153648066592,-0.4184331282381284,-0.6618433137555972,0.0030900414613158,157,160.52564102564102,0.4908553629901765
crypto,BTC,priority_with_coverage_fallback,30,30,"ETH,SOL,XRP,BNB,TRX,ADA,AVAX,DOT,NEAR,ATOM,ALGO,DOGE,BCH,LTC,XLM,ETC,LINK,UNI,AAVE,INJ,FIL,VET,FET,GRT,THETA,XTZ,SAND,CHZ,DASH,HBAR","TON,SUI,ICP,MKR,RENDER,RNDR,ARB,OP,MATIC,POL,APT,SEI,EOS,MANA","CHZ,DASH,HBAR",1440,336,0.8,336,3.0,1.0,10.0,8760.0,-0.5752966518004059,-0.1364586043504874,0.2273780346985808,-0.6001397827691713,-0.6606201703089163,0.0031682703590706,162,123.80246913580248,0.4887315516553649
crypto,ETH,priority_with_coverage_fallback,30,30,"BTC,SOL,XRP,BNB,TRX,ADA,AVAX,DOT,NEAR,ATOM,ALGO,DOGE,BCH,LTC,XLM,ETC,LINK,UNI,AAVE,INJ,FIL,VET,FET,GRT,THETA,XTZ,SAND,CHZ,DASH,HBAR","TON,SUI,ICP,MKR,RENDER,RNDR,ARB,OP,MATIC,POL,APT,SEI,EOS,MANA","CHZ,DASH,HBAR",1440,24,0.8,336,1.0,0.0,10.0,8760.0,11.6379619617699,0.5443322043918879,0.5251365390685403,1.0365536653712877,-0.4508073132787396,0.0076859892044121,197,50688.0,0.5022095959595959
crypto,ETH,priority_with_coverage_fallback,30,30,"BTC,SOL,XRP,BNB,TRX,ADA,AVAX,DOT,NEAR,ATOM,ALGO,DOGE,BCH,LTC,XLM,ETC,LINK,UNI,AAVE,INJ,FIL,VET,FET,GRT,THETA,XTZ,SAND,CHZ,DASH,HBAR","TON,SUI,ICP,MKR,RENDER,RNDR,ARB,OP,MATIC,POL,APT,SEI,EOS,MANA","CHZ,DASH,HBAR",1440,24,0.8,336,1.0,0.25,10.0,8760.0,5.058921447601636,0.3615731317662209,0.4611228570684732,0.7841145287502634,-0.4019732570062697,0.0137487287804114,684,110.83483483483484,0.5008128319063617
crypto,ETH,priority_with_coverage_fallback,30,30,"BTC,SOL,XRP,BNB,TRX,ADA,AVAX,DOT,NEAR,ATOM,ALGO,DOGE,BCH,LTC,XLM,ETC,LINK,UNI,AAVE,INJ,FIL,VET,FET,GRT,THETA,XTZ,SAND,CHZ,DASH,HBAR","TON,SUI,ICP,MKR,RENDER,RNDR,ARB,OP,MATIC,POL,APT,SEI,EOS,MANA","CHZ,DASH,HBAR",1440,24,0.8,336,1.0,0.5,10.0,8760.0,3.5846103352796685,0.2980612415869959,0.4400607300007149,0.677318427360041,-0.4438310514485442,0.0180904326058045,917,73.8923076923077,0.50168049730823
crypto,ETH,priority_with_coverage_fallback,30,30,"BTC,SOL,XRP,BNB,TRX,ADA,AVAX,DOT,NEAR,ATOM,ALGO,DOGE,BCH,LTC,XLM,ETC,LINK,UNI,AAVE,INJ,FIL,VET,FET,GRT,THETA,XTZ,SAND,CHZ,DASH,HBAR","TON,SUI,ICP,MKR,RENDER,RNDR,ARB,OP,MATIC,POL,APT,SEI,EOS,MANA","CHZ,DASH,HBAR",1440,24,0.8,336,1.0,0.75,10.0,8760.0,1.051944222337394,0.1310468738335048,0.4217412666393501,0.310728126933732,-0.4863405149512313,0.025952436830165,1323,45.57424242424243,0.5001828518235314
crypto,ETH,priority_with_coverage_fallback,30,30,"BTC,SOL,XRP,BNB,TRX,ADA,AVAX,DOT,NEAR,ATOM,ALGO,DOGE,BCH,LTC,XLM,ETC,LINK,UNI,AAVE,INJ,FIL,VET,FET,GRT,THETA,XTZ,SAND,CHZ,DASH,HBAR","TON,SUI,ICP,MKR,RENDER,RNDR,ARB,OP,MATIC,POL,APT,SEI,EOS,MANA","CHZ,DASH,HBAR",1440,24,0.8,336,1.5,0.0,10.0,8760.0,9.576066589809418,0.4979197097645658,0.5244871257674726,0.949345913945874,-0.4276222302463869,0.005612923413909,144,50510.0,0.5020194020985943
crypto,ETH,priority_with_coverage_fallback,30,30,"BTC,SOL,XRP,BNB,TRX,ADA,AVAX,DOT,NEAR,ATOM,ALGO,DOGE,BCH,LTC,XLM,ETC,LINK,UNI,AAVE,INJ,FIL,VET,FET,GRT,THETA,XTZ,SAND,CHZ,DASH,HBAR","TON,SUI,ICP,MKR,RENDER,RNDR,ARB,OP,MATIC,POL,APT,SEI,EOS,MANA","CHZ,DASH,HBAR",1440,24,0.8,336,1.5,0.25,10.0,8760.0,5.7589574517700015,0.3873181229933395,0.4342660354719922,0.8918913554277248,-0.339088386561342,0.0097590549949151,488,130.5899581589958,0.5027073788087533
crypto,ETH,priority_with_coverage_fallback,30,30,"BTC,SOL,XRP,BNB,TRX,ADA,AVAX,DOT,NEAR,ATOM,ALGO,DOGE,BCH,LTC,XLM,ETC,LINK,UNI,AAVE,INJ,FIL,VET,FET,GRT,THETA,XTZ,SAND,CHZ,DASH,HBAR","TON,SUI,ICP,MKR,RENDER,RNDR,ARB,OP,MATIC,POL,APT,SEI,EOS,MANA","CHZ,DASH,HBAR",1440,24,0.8,336,1.5,0.5,10.0,8760.0,3.1116931509354737,0.2740744759649103,0.4113312402332828,0.6663108686067011,-0.408674436701008,0.0111280607056246,565,97.88612099644128,0.5033447247873192
crypto,ETH,priority_with_coverage_fallback,30,30,"BTC,SOL,XRP,BNB,TRX,ADA,AVAX,DOT,NEAR,ATOM,ALGO,DOGE,BCH,LTC,XLM,ETC,LINK,UNI,AAVE,INJ,FIL,VET,FET,GRT,THETA,XTZ,SAND,CHZ,DASH,HBAR","TON,SUI,ICP,MKR,RENDER,RNDR,ARB,OP,MATIC,POL,APT,SEI,EOS,MANA","CHZ,DASH,HBAR",1440,24,0.8,336,1.5,0.75,10.0,8760.0,0.9598847202100144,0.1221871974733721,0.3928280602917319,0.3110449833513176,-0.4123914299343916,0.0125361808652116,638,75.90566037735849,0.5005799983428619
crypto,ETH,priority_with_coverage_fallback,30,30,"BTC,SOL,XRP,BNB,TRX,ADA,AVAX,DOT,NEAR,ATOM,ALGO,DOGE,BCH,LTC,XLM,ETC,LINK,UNI,AAVE,INJ,FIL,VET,FET,GRT,THETA,XTZ,SAND,CHZ,DASH,HBAR","TON,SUI,ICP,MKR,RENDER,RNDR,ARB,OP,MATIC,POL,APT,SEI,EOS,MANA","CHZ,DASH,HBAR",1440,24,0.8,336,1.5,1.0,10.0,8760.0,0.3293230228258994,0.0499788251974848,0.3734866020148207,0.1338169158622231,-0.4727996089155005,0.0153524211843855,782,53.40512820512821,0.4988957173036297
crypto,ETH,priority_with_coverage_fallback,30,30,"BTC,SOL,XRP,BNB,TRX,ADA,AVAX,DOT,NEAR,ATOM,ALGO,DOGE,BCH,LTC,XLM,ETC,LINK,UNI,AAVE,INJ,FIL,VET,FET,GRT,THETA,XTZ,SAND,CHZ,DASH,HBAR","TON,SUI,ICP,MKR,RENDER,RNDR,ARB,OP,MATIC,POL,APT,SEI,EOS,MANA","CHZ,DASH,HBAR",1440,24,0.8,336,2.0,0.0,10.0,8760.0,7.486040981432636,0.4424705538569187,0.5243778713173487,0.8438009650280218,-0.4697571404406397,0.0038918876633028,100,50505.0,0.5021285021285021
crypto,ETH,priority_with_coverage_fallback,30,30,"BTC,SOL,XRP,BNB,TRX,ADA,AVAX,DOT,NEAR,ATOM,ALGO,DOGE,BCH,LTC,XLM,ETC,LINK,UNI,AAVE,INJ,FIL,VET,FET,GRT,THETA,XTZ,SAND,CHZ,DASH,HBAR","TON,SUI,ICP,MKR,RENDER,RNDR,ARB,OP,MATIC,POL,APT,SEI,EOS,MANA","CHZ,DASH,HBAR",1440,24,0.8,336,2.0,0.25,10.0,8760.0,3.873142293396053,0.3117054963752377,0.4090312614580238,0.7620578810141287,-0.3747719539833697,0.0067863568802315,339,151.3975903614458,0.5030638230144835
crypto,ETH,priority_with_coverage_fallback,30,30,"BTC,SOL,XRP,BNB,TRX,ADA,AVAX,DOT,NEAR,ATOM,ALGO,DOGE,BCH,LTC,XLM,ETC,LINK,UNI,AAVE,INJ,FIL,VET,FET,GRT,THETA,XTZ,SAND,CHZ,DASH,HBAR","TON,SUI,ICP,MKR,RENDER,RNDR,ARB,OP,MATIC,POL,APT,SEI,EOS,MANA","CHZ,DASH,HBAR",1440,24,0.8,336,2.0,0.5,10.0,8760.0,2.1033724144155563,0.2141200063429731,0.3870739415288061,0.553175978463635,-0.4168481177319731,0.0074121880622702,376,117.17647058823528,0.5041529755385177
crypto,ETH,priority_with_coverage_fallback,30,30,"BTC,SOL,XRP,BNB,TRX,ADA,AVAX,DOT,NEAR,ATOM,ALGO,DOGE,BCH,LTC,XLM,ETC,LINK,UNI,AAVE,INJ,FIL,VET,FET,GRT,THETA,XTZ,SAND,CHZ,DASH,HBAR","TON,SUI,ICP,MKR,RENDER,RNDR,ARB,OP,MATIC,POL,APT,SEI,EOS,MANA","CHZ,DASH,HBAR",1440,24,0.8,336,2.0,0.75,10.0,8760.0,0.9727213727323568,0.1234430030318356,0.3688392633169207,0.3346796702762328,-0.4180076034868011,0.0080380192443088,408,93.4384236453202,0.5024778574441164
crypto,ETH,priority_with_coverage_fallback,30,30,"BTC,SOL,XRP,BNB,TRX,ADA,AVAX,DOT,NEAR,ATOM,ALGO,DOGE,BCH,LTC,XLM,ETC,LINK,UNI,AAVE,INJ,FIL,VET,FET,GRT,THETA,XTZ,SAND,CHZ,DASH,HBAR","TON,SUI,ICP,MKR,RENDER,RNDR,ARB,OP,MATIC,POL,APT,SEI,EOS,MANA","CHZ,DASH,HBAR",1440,24,0.8,336,2.0,1.0,10.0,8760.0,0.6856209110349347,0.0935755693546087,0.343275703276698,0.2725959584712641,-0.4158942027458208,0.0090549949151216,461,69.79565217391304,0.5028343611785959
crypto,ETH,priority_with_coverage_fallback,30,30,"BTC,SOL,XRP,BNB,TRX,ADA,AVAX,DOT,NEAR,ATOM,ALGO,DOGE,BCH,LTC,XLM,ETC,LINK,UNI,AAVE,INJ,FIL,VET,FET,GRT,THETA,XTZ,SAND,CHZ,DASH,HBAR","TON,SUI,ICP,MKR,RENDER,RNDR,ARB,OP,MATIC,POL,APT,SEI,EOS,MANA","CHZ,DASH,HBAR",1440,24,0.8,336,2.5,0.0,10.0,8760.0,48.639558786406496,0.9522319628967366,0.5238864009818412,1.817630618225844,-0.4246192481738778,0.0030704842368771,79,50263.0,0.503193203748284
crypto,ETH,priority_with_coverage_fallback,30,30,"BTC,SOL,XRP,BNB,TRX,ADA,AVAX,DOT,NEAR,ATOM,ALGO,DOGE,BCH,LTC,XLM,ETC,LINK,UNI,AAVE,INJ,FIL,VET,FET,GRT,THETA,XTZ,SAND,CHZ,DASH,HBAR","TON,SUI,ICP,MKR,RENDER,RNDR,ARB,OP,MATIC,POL,APT,SEI,EOS,MANA","CHZ,DASH,HBAR",1440,24,0.8,336,2.5,0.25,10.0,8760.0,7.558019113383356,0.4445593334996831,0.3816624705327936,1.164797085967312,-0.2792051594078106,0.0050848783540639,254,161.58870967741936,0.5044667365374058
crypto,ETH,priority_with_coverage_fallback,30,30,"BTC,SOL,XRP,BNB,TRX,ADA,AVAX,DOT,NEAR,ATOM,ALGO,DOGE,BCH,LTC,XLM,ETC,LINK,UNI,AAVE,INJ,FIL,VET,FET,GRT,THETA,XTZ,SAND,CHZ,DASH,HBAR","TON,SUI,ICP,MKR,RENDER,RNDR,ARB,OP,MATIC,POL,APT,SEI,EOS,MANA","CHZ,DASH,HBAR",1440,24,0.8,336,2.5,0.5,10.0,8760.0,5.050812428029189,0.36126076394614,0.3563332869860849,1.0138282813871595,-0.3210256522624163,0.0053977939450833,273,121.91111111111113,0.5067444403937295
crypto,ETH,priority_with_coverage_fallback,30,30,"BTC,SOL,XRP,BNB,TRX,ADA,AVAX,DOT,NEAR,ATOM,ALGO,DOGE,BCH,LTC,XLM,ETC,LINK,UNI,AAVE,INJ,FIL,VET,FET,GRT,THETA,XTZ,SAND,CHZ,DASH,HBAR","TON,SUI,ICP,MKR,RENDER,RNDR,ARB,OP,MATIC,POL,APT,SEI,EOS,MANA","CHZ,DASH,HBAR",1440,24,0.8,336,2.5,0.75,10.0,8760.0,4.083553863044686,0.321239388221205,0.3330581640560315,0.9645143788373306,-0.2802333996807573,0.0056715950872252,287,97.64084507042251,0.5077533357374684
crypto,ETH,priority_with_coverage_fallback,30,30,"BTC,SOL,XRP,BNB,TRX,ADA,AVAX,DOT,NEAR,ATOM,ALGO,DOGE,BCH,LTC,XLM,ETC,LINK,UNI,AAVE,INJ,FIL,VET,FET,GRT,THETA,XTZ,SAND,CHZ,DASH,HBAR","TON,SUI,ICP,MKR,RENDER,RNDR,ARB,OP,MATIC,POL,APT,SEI,EOS,MANA","CHZ,DASH,HBAR",1440,24,0.8,336,2.5,1.0,10.0,8760.0,1.5942573317327473,0.1774141441978398,0.310346746782038,0.571664262755881,-0.3414532342974202,0.0059062817804897,300,79.1006711409396,0.5052604785338537
crypto,ETH,priority_with_coverage_fallback,30,30,"BTC,SOL,XRP,BNB,TRX,ADA,AVAX,DOT,NEAR,ATOM,ALGO,DOGE,BCH,LTC,XLM,ETC,LINK,UNI,AAVE,INJ,FIL,VET,FET,GRT,THETA,XTZ,SAND,CHZ,DASH,HBAR","TON,SUI,ICP,MKR,RENDER,RNDR,ARB,OP,MATIC,POL,APT,SEI,EOS,MANA","CHZ,DASH,HBAR",1440,24,0.8,336,3.0,0.0,10.0,8760.0,45.930447144931335,0.9335516047062996,0.5238054907690968,1.7822486040296714,-0.3434692722143621,0.001936165219432,50,50260.0,0.5049144448865898
crypto,ETH,priority_with_coverage_fallback,30,30,"BTC,SOL,XRP,BNB,TRX,ADA,AVAX,DOT,NEAR,ATOM,ALGO,DOGE,BCH,LTC,XLM,ETC,LINK,UNI,AAVE,INJ,FIL,VET,FET,GRT,THETA,XTZ,SAND,CHZ,DASH,HBAR","TON,SUI,ICP,MKR,RENDER,RNDR,ARB,OP,MATIC,POL,APT,SEI,EOS,MANA","CHZ,DASH,HBAR",1440,24,0.8,336,3.0,0.25,10.0,8760.0,9.607515038675832,0.4986818598053943,0.3317596517140697,1.5031419801320147,-0.2296838937739874,0.0036376437455996,183,155.64444444444445,0.5083523700742433
crypto,ETH,priority_with_coverage_fallback,30,30,"BTC,SOL,XRP,BNB,TRX,ADA,AVAX,DOT,NEAR,ATOM,ALGO,DOGE,BCH,LTC,XLM,ETC,LINK,UNI,AAVE,INJ,FIL,VET,FET,GRT,THETA,XTZ,SAND,CHZ,DASH,HBAR","TON,SUI,ICP,MKR,RENDER,RNDR,ARB,OP,MATIC,POL,APT,SEI,EOS,MANA","CHZ,DASH,HBAR",1440,24,0.8,336,3.0,0.5,10.0,8760.0,6.133925834091126,0.4002105691361419,0.3061274162823781,1.3073333123714068,-0.2459593399750015,0.0037158726433544,188,117.26881720430109,0.5114615807812214
crypto,ETH,priority_with_coverage_fallback,30,30,"BTC,SOL,XRP,BNB,TRX,ADA,AVAX,DOT,NEAR,ATOM,ALGO,DOGE,BCH,LTC,XLM,ETC,LINK,UNI,AAVE,INJ,FIL,VET,FET,GRT,THETA,XTZ,SAND,CHZ,DASH,HBAR","TON,SUI,ICP,MKR,RENDER,RNDR,ARB,OP,MATIC,POL,APT,SEI,EOS,MANA","CHZ,DASH,HBAR",1440,24,0.8,336,3.0,0.75,10.0,8760.0,4.410343944812939,0.3354173935763131,0.2841601333888253,1.1803816023599305,-0.2007807062667421,0.0037549870922318,190,97.26595744680851,0.5118670020780925
crypto,ETH,priority_with_coverage_fallback,30,30,"BTC,SOL,XRP,BNB,TRX,ADA,AVAX,DOT,NEAR,ATOM,ALGO,DOGE,BCH,LTC,XLM,ETC,LINK,UNI,AAVE,INJ,FIL,VET,FET,GRT,THETA,XTZ,SAND,CHZ,DASH,HBAR","TON,SUI,ICP,MKR,RENDER,RNDR,ARB,OP,MATIC,POL,APT,SEI,EOS,MANA","CHZ,DASH,HBAR",1440,24,0.8,336,3.0,1.0,10.0,8760.0,2.2619745024464084,0.2245320323746114,0.2608439568763908,0.860790623878678,-0.2760709626998682,0.0037941015411092,193,78.875,0.5096407818277866
crypto,ETH,priority_with_coverage_fallback,30,30,"BTC,SOL,XRP,BNB,TRX,ADA,AVAX,DOT,NEAR,ATOM,ALGO,DOGE,BCH,LTC,XLM,ETC,LINK,UNI,AAVE,INJ,FIL,VET,FET,GRT,THETA,XTZ,SAND,CHZ,DASH,HBAR","TON,SUI,ICP,MKR,RENDER,RNDR,ARB,OP,MATIC,POL,APT,SEI,EOS,MANA","CHZ,DASH,HBAR",1440,72,0.8,336,1.0,0.0,10.0,8760.0,8.42076256970296,0.468526122594614,0.5727480925369358,0.8180317467655283,-0.4699029377603653,0.0072166158178831,185,50688.0,0.4996843434343434
crypto,ETH,priority_with_coverage_fallback,30,30,"BTC,SOL,XRP,BNB,TRX,ADA,AVAX,DOT,NEAR,ATOM,ALGO,DOGE,BCH,LTC,XLM,ETC,LINK,UNI,AAVE,INJ,FIL,VET,FET,GRT,THETA,XTZ,SAND,CHZ,DASH,HBAR","TON,SUI,ICP,MKR,RENDER,RNDR,ARB,OP,MATIC,POL,APT,SEI,EOS,MANA","CHZ,DASH,HBAR",1440,72,0.8,336,1.0,0.25,10.0,8760.0,3.896153621196856,0.3127645846161564,0.5136231326467043,0.6089378860420049,-0.4419155345377858,0.0128882109051083,636,120.69055374592834,0.4973280794558998
crypto,ETH,priority_with_coverage_fallback,30,30,"BTC,SOL,XRP,BNB,TRX,ADA,AVAX,DOT,NEAR,ATOM,ALGO,DOGE,BCH,LTC,XLM,ETC,LINK,UNI,AAVE,INJ,FIL,VET,FET,GRT,THETA,XTZ,SAND,CHZ,DASH,HBAR","TON,SUI,ICP,MKR,RENDER,RNDR,ARB,OP,MATIC,POL,APT,SEI,EOS,MANA","CHZ,DASH,HBAR",1440,72,0.8,336,1.0,0.5,10.0,8760.0,1.5863710566928295,0.1768001742323248,0.4917426075172811,0.3595380419137498,-0.4758035394099222,0.0164085113040757,830,81.79318734793188,0.49721866912574
crypto,ETH,priority_with_coverage_fallback,30,30,"BTC,SOL,XRP,BNB,TRX,ADA,AVAX,DOT,NEAR,ATOM,ALGO,DOGE,BCH,LTC,XLM,ETC,LINK,UNI,AAVE,INJ,FIL,VET,FET,GRT,THETA,XTZ,SAND,CHZ,DASH,HBAR","TON,SUI,ICP,MKR,RENDER,RNDR,ARB,OP,MATIC,POL,APT,SEI,EOS,MANA","CHZ,DASH,HBAR",1440,72,0.8,336,1.0,0.75,10.0,8760.0,0.5247915955478928,0.074948991745124,0.4632827639911395,0.1617780706958428,-0.5545815468261781,0.0236446843463975,1204,50.36666666666667,0.4969887491727333
crypto,ETH,priority_with_coverage_fallback,30,30,"BTC,SOL,XRP,BNB,TRX,ADA,AVAX,DOT,NEAR,ATOM,ALGO,DOGE,BCH,LTC,XLM,ETC,LINK,UNI,AAVE,INJ,FIL,VET,FET,GRT,THETA,XTZ,SAND,CHZ,DASH,HBAR","TON,SUI,ICP,MKR,RENDER,RNDR,ARB,OP,MATIC,POL,APT,SEI,EOS,MANA","CHZ,DASH,HBAR",1440,72,0.8,336,1.5,0.0,10.0,8760.0,8.801991748814595,0.4785405721959934,0.5726995969093838,0.8355874087889592,-0.4505697856367396,0.005417351169522,139,50674.0,0.4986383549749378
crypto,ETH,priority_with_coverage_fallback,30,30,"BTC,SOL,XRP,BNB,TRX,ADA,AVAX,DOT,NEAR,ATOM,ALGO,DOGE,BCH,LTC,XLM,ETC,LINK,UNI,AAVE,INJ,FIL,VET,FET,GRT,THETA,XTZ,SAND,CHZ,DASH,HBAR","TON,SUI,ICP,MKR,RENDER,RNDR,ARB,OP,MATIC,POL,APT,SEI,EOS,MANA","CHZ,DASH,HBAR",1440,72,0.8,336,1.5,0.25,10.0,8760.0,3.1925013512088984,0.2783297939255322,0.4885247636574027,0.5697352818755407,-0.4770939128124356,0.0088985371196119,439,147.68867924528303,0.4973171510699457
crypto,ETH,priority_with_coverage_fallback,30,30,"BTC,SOL,XRP,BNB,TRX,ADA,AVAX,DOT,NEAR,ATOM,ALGO,DOGE,BCH,LTC,XLM,ETC,LINK,UNI,AAVE,INJ,FIL,VET,FET,GRT,THETA,XTZ,SAND,CHZ,DASH,HBAR","TON,SUI,ICP,MKR,RENDER,RNDR,ARB,OP,MATIC,POL,APT,SEI,EOS,MANA","CHZ,DASH,HBAR",1440,72,0.8,336,1.5,0.5,10.0,8760.0,2.413087876885947,0.234069191412422,0.4658732620408131,0.5024310482792126,-0.4459676901636742,0.0103848861769537,523,107.94961240310076,0.4978636314674518
crypto,ETH,priority_with_coverage_fallback,30,30,"BTC,SOL,XRP,BNB,TRX,ADA,AVAX,DOT,NEAR,ATOM,ALGO,DOGE,BCH,LTC,XLM,ETC,LINK,UNI,AAVE,INJ,FIL,VET,FET,GRT,THETA,XTZ,SAND,CHZ,DASH,HBAR","TON,SUI,ICP,MKR,RENDER,RNDR,ARB,OP,MATIC,POL,APT,SEI,EOS,MANA","CHZ,DASH,HBAR",1440,72,0.8,336,1.5,0.75,10.0,8760.0,0.8564333491780491,0.1118097896883967,0.4320562026977028,0.2587852899467035,-0.4856809694524463,0.0117538918876633,598,81.49664429530202,0.4966235691344807
crypto,ETH,priority_with_coverage_fallback,30,30,"BTC,SOL,XRP,BNB,TRX,ADA,AVAX,DOT,NEAR,ATOM,ALGO,DOGE,BCH,LTC,XLM,ETC,LINK,UNI,AAVE,INJ,FIL,VET,FET,GRT,THETA,XTZ,SAND,CHZ,DASH,HBAR","TON,SUI,ICP,MKR,RENDER,RNDR,ARB,OP,MATIC,POL,APT,SEI,EOS,MANA","CHZ,DASH,HBAR",1440,72,0.8,336,1.5,1.0,10.0,8760.0,-0.0464408232954566,-0.0081138803409474,0.4071328001398347,-0.0199293211899424,-0.599615063777426,0.0142181021669404,725,59.02209944751381,0.4948516334363007
crypto,ETH,priority_with_coverage_fallback,30,30,"BTC,SOL,XRP,BNB,TRX,ADA,AVAX,DOT,NEAR,ATOM,ALGO,DOGE,BCH,LTC,XLM,ETC,LINK,UNI,AAVE,INJ,FIL,VET,FET,GRT,THETA,XTZ,SAND,CHZ,DASH,HBAR","TON,SUI,ICP,MKR,RENDER,RNDR,ARB,OP,MATIC,POL,APT,SEI,EOS,MANA","CHZ,DASH,HBAR",1440,72,0.8,336,2.0,0.0,10.0,8760.0,5.109447820507901,0.3635116929670294,0.5720987667335214,0.6354002387429547,-0.3828742863011394,0.0037354298677931,96,50503.0,0.4979308159911292
crypto,ETH,priority_with_coverage_fallback,30,30,"BTC,SOL,XRP,BNB,TRX,ADA,AVAX,DOT,NEAR,ATOM,ALGO,DOGE,BCH,LTC,XLM,ETC,LINK,UNI,AAVE,INJ,FIL,VET,FET,GRT,THETA,XTZ,SAND,CHZ,DASH,HBAR","TON,SUI,ICP,MKR,RENDER,RNDR,ARB,OP,MATIC,POL,APT,SEI,EOS,MANA","CHZ,DASH,HBAR",1440,72,0.8,336,2.0,0.25,10.0,8760.0,4.00900170890618,0.3178994358303491,0.4629700420574045,0.6866522819006335,-0.3944138623132469,0.0065125557380896,323,165.38853503184714,0.4980744049911422
crypto,ETH,priority_with_coverage_fallback,30,30,"BTC,SOL,XRP,BNB,TRX,ADA,AVAX,DOT,NEAR,ATOM,ALGO,DOGE,BCH,LTC,XLM,ETC,LINK,UNI,AAVE,INJ,FIL,VET,FET,GRT,THETA,XTZ,SAND,CHZ,DASH,HBAR","TON,SUI,ICP,MKR,RENDER,RNDR,ARB,OP,MATIC,POL,APT,SEI,EOS,MANA","CHZ,DASH,HBAR",1440,72,0.8,336,2.0,0.5,10.0,8760.0,2.7456751829721,0.2538856052687124,0.4359137468132265,0.582421653652261,-0.4132363482069621,0.0071775013690057,363,123.29444444444444,0.4995719370972829
crypto,ETH,priority_with_coverage_fallback,30,30,"BTC,SOL,XRP,BNB,TRX,ADA,AVAX,DOT,NEAR,ATOM,ALGO,DOGE,BCH,LTC,XLM,ETC,LINK,UNI,AAVE,INJ,FIL,VET,FET,GRT,THETA,XTZ,SAND,CHZ,DASH,HBAR","TON,SUI,ICP,MKR,RENDER,RNDR,ARB,OP,MATIC,POL,APT,SEI,EOS,MANA","CHZ,DASH,HBAR",1440,72,0.8,336,2.0,0.75,10.0,8760.0,0.6980995257078688,0.0949583026148843,0.3901169249025593,0.2434098511327146,-0.4985050397584607,0.0076077603066572,388,99.77835051546391,0.4984243426150746
crypto,ETH,priority_with_coverage_fallback,30,30,"BTC,SOL,XRP,BNB,TRX,ADA,AVAX,DOT,NEAR,ATOM,ALGO,DOGE,BCH,LTC,XLM,ETC,LINK,UNI,AAVE,INJ,FIL,VET,FET,GRT,THETA,XTZ,SAND,CHZ,DASH,HBAR","TON,SUI,ICP,MKR,RENDER,RNDR,ARB,OP,MATIC,POL,APT,SEI,EOS,MANA","CHZ,DASH,HBAR",1440,72,0.8,336,2.0,1.0,10.0,8760.0,0.7084177884755063,0.0960953055911419,0.3609866846764074,0.2662018009813379,-0.4011815353765589,0.0085856215285926,438,75.31506849315069,0.4986055535346186
crypto,ETH,priority_with_coverage_fallback,30,30,"BTC,SOL,XRP,BNB,TRX,ADA,AVAX,DOT,NEAR,ATOM,ALGO,DOGE,BCH,LTC,XLM,ETC,LINK,UNI,AAVE,INJ,FIL,VET,FET,GRT,THETA,XTZ,SAND,CHZ,DASH,HBAR","TON,SUI,ICP,MKR,RENDER,RNDR,ARB,OP,MATIC,POL,APT,SEI,EOS,MANA","CHZ,DASH,HBAR",1440,72,0.8,336,2.5,0.0,10.0,8760.0,51.18283517436088,0.969015112957114,0.57163234715889,1.6951719366010058,-0.4502877083598467,0.0029140264413674,75,50263.0,0.5002685872311641
crypto,ETH,priority_with_coverage_fallback,30,30,"BTC,SOL,XRP,BNB,TRX,ADA,AVAX,DOT,NEAR,ATOM,ALGO,DOGE,BCH,LTC,XLM,ETC,LINK,UNI,AAVE,INJ,FIL,VET,FET,GRT,THETA,XTZ,SAND,CHZ,DASH,HBAR","TON,SUI,ICP,MKR,RENDER,RNDR,ARB,OP,MATIC,POL,APT,SEI,EOS,MANA","CHZ,DASH,HBAR",1440,72,0.8,336,2.5,0.25,10.0,8760.0,6.579135524194959,0.4148082174810092,0.4240627444375159,0.9781765149664774,-0.2965132893433052,0.004811077211922,239,172.38793103448276,0.4979746962044307
crypto,ETH,priority_with_coverage_fallback,30,30,"BTC,SOL,XRP,BNB,TRX,ADA,AVAX,DOT,NEAR,ATOM,ALGO,DOGE,BCH,LTC,XLM,ETC,LINK,UNI,AAVE,INJ,FIL,VET,FET,GRT,THETA,XTZ,SAND,CHZ,DASH,HBAR","TON,SUI,ICP,MKR,RENDER,RNDR,ARB,OP,MATIC,POL,APT,SEI,EOS,MANA","CHZ,DASH,HBAR",1440,72,0.8,336,2.5,0.5,10.0,8760.0,3.686877183322786,0.3029766607296054,0.3999175220106794,0.7575978646954976,-0.3183786654867104,0.0049675350074317,252,135.344,0.5001773259250503
crypto,ETH,priority_with_coverage_fallback,30,30,"BTC,SOL,XRP,BNB,TRX,ADA,AVAX,DOT,NEAR,ATOM,ALGO,DOGE,BCH,LTC,XLM,ETC,LINK,UNI,AAVE,INJ,FIL,VET,FET,GRT,THETA,XTZ,SAND,CHZ,DASH,HBAR","TON,SUI,ICP,MKR,RENDER,RNDR,ARB,OP,MATIC,POL,APT,SEI,EOS,MANA","CHZ,DASH,HBAR",1440,72,0.8,336,2.5,0.75,10.0,8760.0,1.907710834606216,0.2006493505028681,0.3501695654625648,0.5730062526645215,-0.4070776182669698,0.0052022217006962,265,109.9469696969697,0.4999655481292634
crypto,ETH,priority_with_coverage_fallback,30,30,"BTC,SOL,XRP,BNB,TRX,ADA,AVAX,DOT,NEAR,ATOM,ALGO,DOGE,BCH,LTC,XLM,ETC,LINK,UNI,AAVE,INJ,FIL,VET,FET,GRT,THETA,XTZ,SAND,CHZ,DASH,HBAR","TON,SUI,ICP,MKR,RENDER,RNDR,ARB,OP,MATIC,POL,APT,SEI,EOS,MANA","CHZ,DASH,HBAR",1440,72,0.8,336,2.5,1.0,10.0,8760.0,1.5064123707803176,0.170485914649799,0.3193045988030992,0.5339287792561046,-0.3379193076979073,0.0055933661894703,285,85.88732394366197,0.5001639881928501
crypto,ETH,priority_with_coverage_fallback,30,30,"BTC,SOL,XRP,BNB,TRX,ADA,AVAX,DOT,NEAR,ATOM,ALGO,DOGE,BCH,LTC,XLM,ETC,LINK,UNI,AAVE,INJ,FIL,VET,FET,GRT,THETA,XTZ,SAND,CHZ,DASH,HBAR","TON,SUI,ICP,MKR,RENDER,RNDR,ARB,OP,MATIC,POL,APT,SEI,EOS,MANA","CHZ,DASH,HBAR",1440,72,0.8,336,3.0,0.0,10.0,8760.0,131.77934273465883,1.3106674697968836,0.5714215345142116,2.2936963180975227,-0.3901332538314345,0.0019752796683094,51,50260.0,0.5022682053322722
crypto,ETH,priority_with_coverage_fallback,30,30,"BTC,SOL,XRP,BNB,TRX,ADA,AVAX,DOT,NEAR,ATOM,ALGO,DOGE,BCH,LTC,XLM,ETC,LINK,UNI,AAVE,INJ,FIL,VET,FET,GRT,THETA,XTZ,SAND,CHZ,DASH,HBAR","TON,SUI,ICP,MKR,RENDER,RNDR,ARB,OP,MATIC,POL,APT,SEI,EOS,MANA","CHZ,DASH,HBAR",1440,72,0.8,336,3.0,0.25,10.0,8760.0,9.253054119564936,0.4899808229544229,0.3912713374771704,1.2522788561863718,-0.283635807201086,0.0034420715012125,172,169.51190476190476,0.5021420043542384
crypto,ETH,priority_with_coverage_fallback,30,30,"BTC,SOL,XRP,BNB,TRX,ADA,AVAX,DOT,NEAR,ATOM,ALGO,DOGE,BCH,LTC,XLM,ETC,LINK,UNI,AAVE,INJ,FIL,VET,FET,GRT,THETA,XTZ,SAND,CHZ,DASH,HBAR","TON,SUI,ICP,MKR,RENDER,RNDR,ARB,OP,MATIC,POL,APT,SEI,EOS,MANA","CHZ,DASH,HBAR",1440,72,0.8,336,3.0,0.5,10.0,8760.0,5.588619714759096,0.3812647119195662,0.3678439093551369,1.0364850476604526,-0.2925001708493518,0.0035203003989673,178,130.79545454545453,0.5050390964378801
crypto,ETH,priority_with_coverage_fallback,30,30,"BTC,SOL,XRP,BNB,TRX,ADA,AVAX,DOT,NEAR,ATOM,ALGO,DOGE,BCH,LTC,XLM,ETC,LINK,UNI,AAVE,INJ,FIL,VET,FET,GRT,THETA,XTZ,SAND,CHZ,DASH,HBAR","TON,SUI,ICP,MKR,RENDER,RNDR,ARB,OP,MATIC,POL,APT,SEI,EOS,MANA","CHZ,DASH,HBAR",1440,72,0.8,336,3.0,0.75,10.0,8760.0,3.336537876068128,0.2857489633543664,0.3188349032345107,0.8962286137919825,-0.3094496915819482,0.0035985292967222,183,107.4065934065934,0.5039901780233272
crypto,ETH,priority_with_coverage_fallback,30,30,"BTC,SOL,XRP,BNB,TRX,ADA,AVAX,DOT,NEAR,ATOM,ALGO,DOGE,BCH,LTC,XLM,ETC,LINK,UNI,AAVE,INJ,FIL,VET,FET,GRT,THETA,XTZ,SAND,CHZ,DASH,HBAR","TON,SUI,ICP,MKR,RENDER,RNDR,ARB,OP,MATIC,POL,APT,SEI,EOS,MANA","CHZ,DASH,HBAR",1440,72,0.8,336,3.0,1.0,10.0,8760.0,2.71054015587639,0.2518627083938765,0.2757748320568006,0.9132911314474158,-0.2392475337776352,0.0036376437455996,185,86.06521739130434,0.5055569588279869
crypto,ETH,priority_with_coverage_fallback,30,30,"BTC,SOL,XRP,BNB,TRX,ADA,AVAX,DOT,NEAR,ATOM,ALGO,DOGE,BCH,LTC,XLM,ETC,LINK,UNI,AAVE,INJ,FIL,VET,FET,GRT,THETA,XTZ,SAND,CHZ,DASH,HBAR","TON,SUI,ICP,MKR,RENDER,RNDR,ARB,OP,MATIC,POL,APT,SEI,EOS,MANA","CHZ,DASH,HBAR",1440,168,0.8,336,1.0,0.0,10.0,8760.0,3.555119513398915,0.2966269036889151,0.6318222518913872,0.4694784059930615,-0.5628512642582224,0.0067472424313541,173,50701.0,0.4973471923630697
crypto,ETH,priority_with_coverage_fallback,30,30,"BTC,SOL,XRP,BNB,TRX,ADA,AVAX,DOT,NEAR,ATOM,ALGO,DOGE,BCH,LTC,XLM,ETC,LINK,UNI,AAVE,INJ,FIL,VET,FET,GRT,THETA,XTZ,SAND,CHZ,DASH,HBAR","TON,SUI,ICP,MKR,RENDER,RNDR,ARB,OP,MATIC,POL,APT,SEI,EOS,MANA","CHZ,DASH,HBAR",1440,168,0.8,336,1.0,0.25,10.0,8760.0,2.1266154591860107,0.2156730668956001,0.5710826273823479,0.3776565010989276,-0.6037162675392341,0.0121254791519987,588,135.46043165467626,0.4964151043602953
crypto,ETH,priority_with_coverage_fallback,30,30,"BTC,SOL,XRP,BNB,TRX,ADA,AVAX,DOT,NEAR,ATOM,ALGO,DOGE,BCH,LTC,XLM,ETC,LINK,UNI,AAVE,INJ,FIL,VET,FET,GRT,THETA,XTZ,SAND,CHZ,DASH,HBAR","TON,SUI,ICP,MKR,RENDER,RNDR,ARB,OP,MATIC,POL,APT,SEI,EOS,MANA","CHZ,DASH,HBAR",1440,168,0.8,336,1.0,0.5,10.0,8760.0,0.9367830293001076,0.1199098931441948,0.5552570677629101,0.2159538349098428,-0.6330667024868,0.0147070327779081,730,95.3135593220339,0.4960433893482706
crypto,ETH,priority_with_coverage_fallback,30,30,"BTC,SOL,XRP,BNB,TRX,ADA,AVAX,DOT,NEAR,ATOM,ALGO,DOGE,BCH,LTC,XLM,ETC,LINK,UNI,AAVE,INJ,FIL,VET,FET,GRT,THETA,XTZ,SAND,CHZ,DASH,HBAR","TON,SUI,ICP,MKR,RENDER,RNDR,ARB,OP,MATIC,POL,APT,SEI,EOS,MANA","CHZ,DASH,HBAR",1440,168,0.8,336,1.0,0.75,10.0,8760.0,0.3354296968578745,0.0508036105998008,0.5411136599495828,0.0938871338131334,-0.6471233901710582,0.0212391457404365,1070,57.73434535104364,0.4953658055610333
crypto,ETH,priority_with_coverage_fallback,30,30,"BTC,SOL,XRP,BNB,TRX,ADA,AVAX,DOT,NEAR,ATOM,ALGO,DOGE,BCH,LTC,XLM,ETC,LINK,UNI,AAVE,INJ,FIL,VET,FET,GRT,THETA,XTZ,SAND,CHZ,DASH,HBAR","TON,SUI,ICP,MKR,RENDER,RNDR,ARB,OP,MATIC,POL,APT,SEI,EOS,MANA","CHZ,DASH,HBAR",1440,168,0.8,336,1.5,0.0,10.0,8760.0,2.9813493073200776,0.2670622723218339,0.6311595047213812,0.4231296056291282,-0.4648288986574234,0.0050262066807478,129,50457.0,0.4983451255524506
crypto,ETH,priority_with_coverage_fallback,30,30,"BTC,SOL,XRP,BNB,TRX,ADA,AVAX,DOT,NEAR,ATOM,ALGO,DOGE,BCH,LTC,XLM,ETC,LINK,UNI,AAVE,INJ,FIL,VET,FET,GRT,THETA,XTZ,SAND,CHZ,DASH,HBAR","TON,SUI,ICP,MKR,RENDER,RNDR,ARB,OP,MATIC,POL,APT,SEI,EOS,MANA","CHZ,DASH,HBAR",1440,168,0.8,336,1.5,0.25,10.0,8760.0,4.10892442569877,0.3223667394699874,0.549828796463016,0.5863038486593186,-0.504380870123374,0.0089572087929281,437,162.00480769230768,0.4986497314300976
crypto,ETH,priority_with_coverage_fallback,30,30,"BTC,SOL,XRP,BNB,TRX,ADA,AVAX,DOT,NEAR,ATOM,ALGO,DOGE,BCH,LTC,XLM,ETC,LINK,UNI,AAVE,INJ,FIL,VET,FET,GRT,THETA,XTZ,SAND,CHZ,DASH,HBAR","TON,SUI,ICP,MKR,RENDER,RNDR,ARB,OP,MATIC,POL,APT,SEI,EOS,MANA","CHZ,DASH,HBAR",1440,168,0.8,336,1.5,0.5,10.0,8760.0,1.859260707772461,0.1971979934957939,0.5341227025575812,0.369199797259198,-0.5572209823019331,0.0098177266682312,490,123.06694560669456,0.4977390949580118
crypto,ETH,priority_with_coverage_fallback,30,30,"BTC,SOL,XRP,BNB,TRX,ADA,AVAX,DOT,NEAR,ATOM,ALGO,DOGE,BCH,LTC,XLM,ETC,LINK,UNI,AAVE,INJ,FIL,VET,FET,GRT,THETA,XTZ,SAND,CHZ,DASH,HBAR","TON,SUI,ICP,MKR,RENDER,RNDR,ARB,OP,MATIC,POL,APT,SEI,EOS,MANA","CHZ,DASH,HBAR",1440,168,0.8,336,1.5,0.75,10.0,8760.0,1.3829332473161444,0.1603988553056308,0.5131721646077558,0.3125634365383632,-0.5244699060051319,0.0114605335210826,578,89.54035087719298,0.4958658254633802
crypto,ETH,priority_with_coverage_fallback,30,30,"BTC,SOL,XRP,BNB,TRX,ADA,AVAX,DOT,NEAR,ATOM,ALGO,DOGE,BCH,LTC,XLM,ETC,LINK,UNI,AAVE,INJ,FIL,VET,FET,GRT,THETA,XTZ,SAND,CHZ,DASH,HBAR","TON,SUI,ICP,MKR,RENDER,RNDR,ARB,OP,MATIC,POL,APT,SEI,EOS,MANA","CHZ,DASH,HBAR",1440,168,0.8,336,1.5,1.0,10.0,8760.0,-0.1380358772852796,-0.0251272634478247,0.4838660433777381,-0.051930206286885,-0.650391353576387,0.0134944848627082,688,65.40233236151603,0.4928453617438595
crypto,ETH,priority_with_coverage_fallback,30,30,"BTC,SOL,XRP,BNB,TRX,ADA,AVAX,DOT,NEAR,ATOM,ALGO,DOGE,BCH,LTC,XLM,ETC,LINK,UNI,AAVE,INJ,FIL,VET,FET,GRT,THETA,XTZ,SAND,CHZ,DASH,HBAR","TON,SUI,ICP,MKR,RENDER,RNDR,ARB,OP,MATIC,POL,APT,SEI,EOS,MANA","CHZ,DASH,HBAR",1440,168,0.8,336,2.0,0.0,10.0,8760.0,5.362990345512999,0.3730434520773211,0.6311170686806681,0.5910843971581337,-0.4790834537262116,0.0037745443166705,97,50449.0,0.4966798152589744
crypto,ETH,priority_with_coverage_fallback,30,30,"BTC,SOL,XRP,BNB,TRX,ADA,AVAX,DOT,NEAR,ATOM,ALGO,DOGE,BCH,LTC,XLM,ETC,LINK,UNI,AAVE,INJ,FIL,VET,FET,GRT,THETA,XTZ,SAND,CHZ,DASH,HBAR","TON,SUI,ICP,MKR,RENDER,RNDR,ARB,OP,MATIC,POL,APT,SEI,EOS,MANA","CHZ,DASH,HBAR",1440,168,0.8,336,2.0,0.25,10.0,8760.0,6.278519484987191,0.4050323502941013,0.5322071602225104,0.7610426551284306,-0.4807187425390757,0.0066494563091606,329,176.8993710691824,0.4990222917481423
crypto,ETH,priority_with_coverage_fallback,30,30,"BTC,SOL,XRP,BNB,TRX,ADA,AVAX,DOT,NEAR,ATOM,ALGO,DOGE,BCH,LTC,XLM,ETC,LINK,UNI,AAVE,INJ,FIL,VET,FET,GRT,THETA,XTZ,SAND,CHZ,DASH,HBAR","TON,SUI,ICP,MKR,RENDER,RNDR,ARB,OP,MATIC,POL,APT,SEI,EOS,MANA","CHZ,DASH,HBAR",1440,168,0.8,336,2.0,0.5,10.0,8760.0,2.743266050355433,0.2537474028629345,0.5120556410646812,0.4955465432142011,-0.5029162896473874,0.0070014863490573,351,138.92441860465115,0.4987235823394015
crypto,ETH,priority_with_coverage_fallback,30,30,"BTC,SOL,XRP,BNB,TRX,ADA,AVAX,DOT,NEAR,ATOM,ALGO,DOGE,BCH,LTC,XLM,ETC,LINK,UNI,AAVE,INJ,FIL,VET,FET,GRT,THETA,XTZ,SAND,CHZ,DASH,HBAR","TON,SUI,ICP,MKR,RENDER,RNDR,ARB,OP,MATIC,POL,APT,SEI,EOS,MANA","CHZ,DASH,HBAR",1440,168,0.8,336,2.0,0.75,10.0,8760.0,1.799180103447894,0.1928501756864822,0.4846131779468874,0.3979466189993252,-0.5586723271840441,0.0075490886333411,382,106.28571428571428,0.4975109518120271
crypto,ETH,priority_with_coverage_fallback,30,30,"BTC,SOL,XRP,BNB,TRX,ADA,AVAX,DOT,NEAR,ATOM,ALGO,DOGE,BCH,LTC,XLM,ETC,LINK,UNI,AAVE,INJ,FIL,VET,FET,GRT,THETA,XTZ,SAND,CHZ,DASH,HBAR","TON,SUI,ICP,MKR,RENDER,RNDR,ARB,OP,MATIC,POL,APT,SEI,EOS,MANA","CHZ,DASH,HBAR",1440,168,0.8,336,2.0,1.0,10.0,8760.0,0.2134033353927904,0.0336937162300117,0.4533978719813414,0.0743137943783695,-0.5418781339888739,0.0080184620198701,408,87.03940886699507,0.4940856867960835
crypto,ETH,priority_with_coverage_fallback,30,30,"BTC,SOL,XRP,BNB,TRX,ADA,AVAX,DOT,NEAR,ATOM,ALGO,DOGE,BCH,LTC,XLM,ETC,LINK,UNI,AAVE,INJ,FIL,VET,FET,GRT,THETA,XTZ,SAND,CHZ,DASH,HBAR","TON,SUI,ICP,MKR,RENDER,RNDR,ARB,OP,MATIC,POL,APT,SEI,EOS,MANA","CHZ,DASH,HBAR",1440,168,0.8,336,2.5,0.0,10.0,8760.0,38.45745986774965,0.876942179936975,0.6307597387997416,1.3902951092054296,-0.4149875379413731,0.0027575686458577,71,50263.0,0.498338738236874
crypto,ETH,priority_with_coverage_fallback,30,30,"BTC,SOL,XRP,BNB,TRX,ADA,AVAX,DOT,NEAR,ATOM,ALGO,DOGE,BCH,LTC,XLM,ETC,LINK,UNI,AAVE,INJ,FIL,VET,FET,GRT,THETA,XTZ,SAND,CHZ,DASH,HBAR","TON,SUI,ICP,MKR,RENDER,RNDR,ARB,OP,MATIC,POL,APT,SEI,EOS,MANA","CHZ,DASH,HBAR",1440,168,0.8,336,2.5,0.25,10.0,8760.0,13.840951875021494,0.5874364010667048,0.4957490891764401,1.1849470102760644,-0.4423654067500497,0.0049284205585543,244,186.27966101694915,0.4987944133569901
crypto,ETH,priority_with_coverage_fallback,30,30,"BTC,SOL,XRP,BNB,TRX,ADA,AVAX,DOT,NEAR,ATOM,ALGO,DOGE,BCH,LTC,XLM,ETC,LINK,UNI,AAVE,INJ,FIL,VET,FET,GRT,THETA,XTZ,SAND,CHZ,DASH,HBAR","TON,SUI,ICP,MKR,RENDER,RNDR,ARB,OP,MATIC,POL,APT,SEI,EOS,MANA","CHZ,DASH,HBAR",1440,168,0.8,336,2.5,0.5,10.0,8760.0,5.279465996059486,0.3699387346054188,0.4734465721816102,0.7813737733927734,-0.4952272767978481,0.0049675350074317,249,150.36065573770492,0.4973833406018316
crypto,ETH,priority_with_coverage_fallback,30,30,"BTC,SOL,XRP,BNB,TRX,ADA,AVAX,DOT,NEAR,ATOM,ALGO,DOGE,BCH,LTC,XLM,ETC,LINK,UNI,AAVE,INJ,FIL,VET,FET,GRT,THETA,XTZ,SAND,CHZ,DASH,HBAR","TON,SUI,ICP,MKR,RENDER,RNDR,ARB,OP,MATIC,POL,APT,SEI,EOS,MANA","CHZ,DASH,HBAR",1440,168,0.8,336,2.5,0.75,10.0,8760.0,4.287984782591194,0.3301940678249568,0.4512064404598687,0.7318026477822962,-0.4934225055051882,0.0051239928029414,258,120.66929133858268,0.4968352365415986
crypto,ETH,priority_with_coverage_fallback,30,30,"BTC,SOL,XRP,BNB,TRX,ADA,AVAX,DOT,NEAR,ATOM,ALGO,DOGE,BCH,LTC,XLM,ETC,LINK,UNI,AAVE,INJ,FIL,VET,FET,GRT,THETA,XTZ,SAND,CHZ,DASH,HBAR","TON,SUI,ICP,MKR,RENDER,RNDR,ARB,OP,MATIC,POL,APT,SEI,EOS,MANA","CHZ,DASH,HBAR",1440,168,0.8,336,2.5,1.0,10.0,8760.0,1.9452523428985853,0.2032910092921658,0.4173737207804238,0.4870718954514992,-0.3824085748246023,0.0053195650473284,270,100.23880597014926,0.4938951756998213
crypto,ETH,priority_with_coverage_fallback,30,30,"BTC,SOL,XRP,BNB,TRX,ADA,AVAX,DOT,NEAR,ATOM,ALGO,DOGE,BCH,LTC,XLM,ETC,LINK,UNI,AAVE,INJ,FIL,VET,FET,GRT,THETA,XTZ,SAND,CHZ,DASH,HBAR","TON,SUI,ICP,MKR,RENDER,RNDR,ARB,OP,MATIC,POL,APT,SEI,EOS,MANA","CHZ,DASH,HBAR",1440,168,0.8,336,3.0,0.0,10.0,8760.0,29.288183941379128,0.7937984132349278,0.6306861592878023,1.258626658513196,-0.4351142830956909,0.001936165219432,50,50260.0,0.4994031038599283
crypto,ETH,priority_with_coverage_fallback,30,30,"BTC,SOL,XRP,BNB,TRX,ADA,AVAX,DOT,NEAR,ATOM,ALGO,DOGE,BCH,LTC,XLM,ETC,LINK,UNI,AAVE,INJ,FIL,VET,FET,GRT,THETA,XTZ,SAND,CHZ,DASH,HBAR","TON,SUI,ICP,MKR,RENDER,RNDR,ARB,OP,MATIC,POL,APT,SEI,EOS,MANA","CHZ,DASH,HBAR",1440,168,0.8,336,3.0,0.25,10.0,8760.0,9.8494250673362,0.504482746844573,0.4407148344269473,1.1446920036184889,-0.4280630757154202,0.0033247281545803,166,194.77777777777777,0.4998415414844394
crypto,ETH,priority_with_coverage_fallback,30,30,"BTC,SOL,XRP,BNB,TRX,ADA,AVAX,DOT,NEAR,ATOM,ALGO,DOGE,BCH,LTC,XLM,ETC,LINK,UNI,AAVE,INJ,FIL,VET,FET,GRT,THETA,XTZ,SAND,CHZ,DASH,HBAR","TON,SUI,ICP,MKR,RENDER,RNDR,ARB,OP,MATIC,POL,APT,SEI,EOS,MANA","CHZ,DASH,HBAR",1440,168,0.8,336,3.0,0.5,10.0,8760.0,4.018693789876368,0.3183359632623539,0.4154510075404361,0.7662418852874489,-0.3891056365335762,0.0033247281545803,167,151.84146341463415,0.4976307123925789
crypto,ETH,priority_with_coverage_fallback,30,30,"BTC,SOL,XRP,BNB,TRX,ADA,AVAX,DOT,NEAR,ATOM,ALGO,DOGE,BCH,LTC,XLM,ETC,LINK,UNI,AAVE,INJ,FIL,VET,FET,GRT,THETA,XTZ,SAND,CHZ,DASH,HBAR","TON,SUI,ICP,MKR,RENDER,RNDR,ARB,OP,MATIC,POL,APT,SEI,EOS,MANA","CHZ,DASH,HBAR",1440,168,0.8,336,3.0,0.75,10.0,8760.0,3.2911235719091385,0.2834320516002826,0.3881664591536086,0.7301817169322207,-0.3815291743209247,0.0034029570523351,171,121.4047619047619,0.4981368895861934
crypto,ETH,priority_with_coverage_fallback,30,30,"BTC,SOL,XRP,BNB,TRX,ADA,AVAX,DOT,NEAR,ATOM,ALGO,DOGE,BCH,LTC,XLM,ETC,LINK,UNI,AAVE,INJ,FIL,VET,FET,GRT,THETA,XTZ,SAND,CHZ,DASH,HBAR","TON,SUI,ICP,MKR,RENDER,RNDR,ARB,OP,MATIC,POL,APT,SEI,EOS,MANA","CHZ,DASH,HBAR",1440,168,0.8,336,3.0,1.0,10.0,8760.0,0.855966786179073,0.1117619136748875,0.3543945035151638,0.3153601778987677,-0.4148785296398666,0.0034420715012125,175,104.4367816091954,0.4952674444199867
crypto,ETH,priority_with_coverage_fallback,30,30,"BTC,SOL,XRP,BNB,TRX,ADA,AVAX,DOT,NEAR,ATOM,ALGO,DOGE,BCH,LTC,XLM,ETC,LINK,UNI,AAVE,INJ,FIL,VET,FET,GRT,THETA,XTZ,SAND,CHZ,DASH,HBAR","TON,SUI,ICP,MKR,RENDER,RNDR,ARB,OP,MATIC,POL,APT,SEI,EOS,MANA","CHZ,DASH,HBAR",1440,336,0.8,336,1.0,0.0,10.0,8760.0,0.4222137760752673,0.0621996161680125,0.677659335177767,0.0917859652176059,-0.7082916610093344,0.0065125557380896,167,50663.0,0.4972070347196178
crypto,ETH,priority_with_coverage_fallback,30,30,"BTC,SOL,XRP,BNB,TRX,ADA,AVAX,DOT,NEAR,ATOM,ALGO,DOGE,BCH,LTC,XLM,ETC,LINK,UNI,AAVE,INJ,FIL,VET,FET,GRT,THETA,XTZ,SAND,CHZ,DASH,HBAR","TON,SUI,ICP,MKR,RENDER,RNDR,ARB,OP,MATIC,POL,APT,SEI,EOS,MANA","CHZ,DASH,HBAR",1440,336,0.8,336,1.0,0.25,10.0,8760.0,0.3101882622880436,0.0473739333250937,0.6141208796605192,0.0771410562547257,-0.8037463664681976,0.0115778768677149,554,150.7829457364341,0.4975322605521567
crypto,ETH,priority_with_coverage_fallback,30,30,"BTC,SOL,XRP,BNB,TRX,ADA,AVAX,DOT,NEAR,ATOM,ALGO,DOGE,BCH,LTC,XLM,ETC,LINK,UNI,AAVE,INJ,FIL,VET,FET,GRT,THETA,XTZ,SAND,CHZ,DASH,HBAR","TON,SUI,ICP,MKR,RENDER,RNDR,ARB,OP,MATIC,POL,APT,SEI,EOS,MANA","CHZ,DASH,HBAR",1440,336,0.8,336,1.0,0.5,10.0,8760.0,0.5962314262877602,0.0834144991923406,0.5904356940342923,0.1412761796672407,-0.7398795216209346,0.0149026050222952,730,100.0,0.4983954154727794
crypto,ETH,priority_with_coverage_fallback,30,30,"BTC,SOL,XRP,BNB,TRX,ADA,AVAX,DOT,NEAR,ATOM,ALGO,DOGE,BCH,LTC,XLM,ETC,LINK,UNI,AAVE,INJ,FIL,VET,FET,GRT,THETA,XTZ,SAND,CHZ,DASH,HBAR","TON,SUI,ICP,MKR,RENDER,RNDR,ARB,OP,MATIC,POL,APT,SEI,EOS,MANA","CHZ,DASH,HBAR",1440,336,0.8,336,1.0,0.75,10.0,8760.0,0.1054924109445418,0.0173304174155046,0.5686727816892759,0.0304752011587817,-0.7471945223839529,0.0220605491668622,1105,57.18484288354898,0.4991434204997252
crypto,ETH,priority_with_coverage_fallback,30,30,"BTC,SOL,XRP,BNB,TRX,ADA,AVAX,DOT,NEAR,ATOM,ALGO,DOGE,BCH,LTC,XLM,ETC,LINK,UNI,AAVE,INJ,FIL,VET,FET,GRT,THETA,XTZ,SAND,CHZ,DASH,HBAR","TON,SUI,ICP,MKR,RENDER,RNDR,ARB,OP,MATIC,POL,APT,SEI,EOS,MANA","CHZ,DASH,HBAR",1440,336,0.8,336,1.5,0.0,10.0,8760.0,7.51691947428996,0.4433684279378924,0.677071344861295,0.654832657301013,-0.4349575851917787,0.005417351169522,139,50509.0,0.4990001781860658
crypto,ETH,priority_with_coverage_fallback,30,30,"BTC,SOL,XRP,BNB,TRX,ADA,AVAX,DOT,NEAR,ATOM,ALGO,DOGE,BCH,LTC,XLM,ETC,LINK,UNI,AAVE,INJ,FIL,VET,FET,GRT,THETA,XTZ,SAND,CHZ,DASH,HBAR","TON,SUI,ICP,MKR,RENDER,RNDR,ARB,OP,MATIC,POL,APT,SEI,EOS,MANA","CHZ,DASH,HBAR",1440,336,0.8,336,1.5,0.25,10.0,8760.0,0.5918010648310534,0.0828987372748126,0.5781181780533398,0.1433941024894811,-0.6652343301299188,0.0082531487131346,395,186.8423913043478,0.4967858285581314
crypto,ETH,priority_with_coverage_fallback,30,30,"BTC,SOL,XRP,BNB,TRX,ADA,AVAX,DOT,NEAR,ATOM,ALGO,DOGE,BCH,LTC,XLM,ETC,LINK,UNI,AAVE,INJ,FIL,VET,FET,GRT,THETA,XTZ,SAND,CHZ,DASH,HBAR","TON,SUI,ICP,MKR,RENDER,RNDR,ARB,OP,MATIC,POL,APT,SEI,EOS,MANA","CHZ,DASH,HBAR",1440,336,0.8,336,1.5,0.5,10.0,8760.0,0.4473816399876593,0.0653965748708711,0.5423004511299697,0.1205910390349241,-0.6218829930551062,0.0093483532817022,458,136.51141552511416,0.498059941129248
crypto,ETH,priority_with_coverage_fallback,30,30,"BTC,SOL,XRP,BNB,TRX,ADA,AVAX,DOT,NEAR,ATOM,ALGO,DOGE,BCH,LTC,XLM,ETC,LINK,UNI,AAVE,INJ,FIL,VET,FET,GRT,THETA,XTZ,SAND,CHZ,DASH,HBAR","TON,SUI,ICP,MKR,RENDER,RNDR,ARB,OP,MATIC,POL,APT,SEI,EOS,MANA","CHZ,DASH,HBAR",1440,336,0.8,336,1.5,0.75,10.0,8760.0,0.1184525763210724,0.0193638437366796,0.5158089608162103,0.0375407276873176,-0.6133056119249061,0.0107564734412892,536,99.27969348659003,0.4979932077801791
crypto,ETH,priority_with_coverage_fallback,30,30,"BTC,SOL,XRP,BNB,TRX,ADA,AVAX,DOT,NEAR,ATOM,ALGO,DOGE,BCH,LTC,XLM,ETC,LINK,UNI,AAVE,INJ,FIL,VET,FET,GRT,THETA,XTZ,SAND,CHZ,DASH,HBAR","TON,SUI,ICP,MKR,RENDER,RNDR,ARB,OP,MATIC,POL,APT,SEI,EOS,MANA","CHZ,DASH,HBAR",1440,336,0.8,336,1.5,1.0,10.0,8760.0,-0.4816132883164458,-0.1064597251895804,0.4946955442403375,-0.215202514817597,-0.7605570772094139,0.0130642259250567,657,70.95975232198143,0.4966404886561955
crypto,ETH,priority_with_coverage_fallback,30,30,"BTC,SOL,XRP,BNB,TRX,ADA,AVAX,DOT,NEAR,ATOM,ALGO,DOGE,BCH,LTC,XLM,ETC,LINK,UNI,AAVE,INJ,FIL,VET,FET,GRT,THETA,XTZ,SAND,CHZ,DASH,HBAR","TON,SUI,ICP,MKR,RENDER,RNDR,ARB,OP,MATIC,POL,APT,SEI,EOS,MANA","CHZ,DASH,HBAR",1440,336,0.8,336,2.0,0.0,10.0,8760.0,21.749357972875448,0.7079600142612013,0.6766965401705454,1.0462001388137387,-0.4617099619280812,0.0042048032543221,108,50266.0,0.500179047467473
crypto,ETH,priority_with_coverage_fallback,30,30,"BTC,SOL,XRP,BNB,TRX,ADA,AVAX,DOT,NEAR,ATOM,ALGO,DOGE,BCH,LTC,XLM,ETC,LINK,UNI,AAVE,INJ,FIL,VET,FET,GRT,THETA,XTZ,SAND,CHZ,DASH,HBAR","TON,SUI,ICP,MKR,RENDER,RNDR,ARB,OP,MATIC,POL,APT,SEI,EOS,MANA","CHZ,DASH,HBAR",1440,336,0.8,336,2.0,0.25,10.0,8760.0,2.0578691514700447,0.2110514384269153,0.5590303008232675,0.3775313039670766,-0.6420277413441092,0.006688570758038,324,202.35294117647052,0.4982558139534884
crypto,ETH,priority_with_coverage_fallback,30,30,"BTC,SOL,XRP,BNB,TRX,ADA,AVAX,DOT,NEAR,ATOM,ALGO,DOGE,BCH,LTC,XLM,ETC,LINK,UNI,AAVE,INJ,FIL,VET,FET,GRT,THETA,XTZ,SAND,CHZ,DASH,HBAR","TON,SUI,ICP,MKR,RENDER,RNDR,ARB,OP,MATIC,POL,APT,SEI,EOS,MANA","CHZ,DASH,HBAR",1440,336,0.8,336,2.0,0.5,10.0,8760.0,1.98957570780397,0.2063742004633271,0.517457659233184,0.3988233564252411,-0.5123190890515446,0.007157944144567,352,158.9526627218935,0.4994602241000633
crypto,ETH,priority_with_coverage_fallback,30,30,"BTC,SOL,XRP,BNB,TRX,ADA,AVAX,DOT,NEAR,ATOM,ALGO,DOGE,BCH,LTC,XLM,ETC,LINK,UNI,AAVE,INJ,FIL,VET,FET,GRT,THETA,XTZ,SAND,CHZ,DASH,HBAR","TON,SUI,ICP,MKR,RENDER,RNDR,ARB,OP,MATIC,POL,APT,SEI,EOS,MANA","CHZ,DASH,HBAR",1440,336,0.8,336,2.0,0.75,10.0,8760.0,0.5309008393507515,0.0756856335118909,0.4823049500072706,0.156924853271255,-0.5336487774535599,0.0076273175310959,382,119.39572192513369,0.5002015496931965
crypto,ETH,priority_with_coverage_fallback,30,30,"BTC,SOL,XRP,BNB,TRX,ADA,AVAX,DOT,NEAR,ATOM,ALGO,DOGE,BCH,LTC,XLM,ETC,LINK,UNI,AAVE,INJ,FIL,VET,FET,GRT,THETA,XTZ,SAND,CHZ,DASH,HBAR","TON,SUI,ICP,MKR,RENDER,RNDR,ARB,OP,MATIC,POL,APT,SEI,EOS,MANA","CHZ,DASH,HBAR",1440,336,0.8,336,2.0,1.0,10.0,8760.0,0.1565123292490549,0.0252245210149286,0.4611909451693359,0.054694311063863,-0.619274299474242,0.0085269498552765,429,90.03317535545024,0.4991840816971101
crypto,ETH,priority_with_coverage_fallback,30,30,"BTC,SOL,XRP,BNB,TRX,ADA,AVAX,DOT,NEAR,ATOM,ALGO,DOGE,BCH,LTC,XLM,ETC,LINK,UNI,AAVE,INJ,FIL,VET,FET,GRT,THETA,XTZ,SAND,CHZ,DASH,HBAR","TON,SUI,ICP,MKR,RENDER,RNDR,ARB,OP,MATIC,POL,APT,SEI,EOS,MANA","CHZ,DASH,HBAR",1440,336,0.8,336,2.5,0.0,10.0,8760.0,6.503721134586855,0.4123864013867335,0.6766477176828485,0.6094550984357612,-0.477021646998004,0.0029922553391222,77,50266.0,0.4990450801734771
crypto,ETH,priority_with_coverage_fallback,30,30,"BTC,SOL,XRP,BNB,TRX,ADA,AVAX,DOT,NEAR,ATOM,ALGO,DOGE,BCH,LTC,XLM,ETC,LINK,UNI,AAVE,INJ,FIL,VET,FET,GRT,THETA,XTZ,SAND,CHZ,DASH,HBAR","TON,SUI,ICP,MKR,RENDER,RNDR,ARB,OP,MATIC,POL,APT,SEI,EOS,MANA","CHZ,DASH,HBAR",1440,336,0.8,336,2.5,0.25,10.0,8760.0,1.3985340743974328,0.161696869291243,0.5286886555959267,0.3058451653534758,-0.6330360603486707,0.0049675350074317,240,228.7433628318584,0.4988780563293098
crypto,ETH,priority_with_coverage_fallback,30,30,"BTC,SOL,XRP,BNB,TRX,ADA,AVAX,DOT,NEAR,ATOM,ALGO,DOGE,BCH,LTC,XLM,ETC,LINK,UNI,AAVE,INJ,FIL,VET,FET,GRT,THETA,XTZ,SAND,CHZ,DASH,HBAR","TON,SUI,ICP,MKR,RENDER,RNDR,ARB,OP,MATIC,POL,APT,SEI,EOS,MANA","CHZ,DASH,HBAR",1440,336,0.8,336,2.5,0.5,10.0,8760.0,0.98813252030426,0.1249417566432058,0.4818435597902848,0.2592994221974967,-0.5284658587755144,0.0052413361495736,259,182.024,0.5003735771107106
crypto,ETH,priority_with_coverage_fallback,30,30,"BTC,SOL,XRP,BNB,TRX,ADA,AVAX,DOT,NEAR,ATOM,ALGO,DOGE,BCH,LTC,XLM,ETC,LINK,UNI,AAVE,INJ,FIL,VET,FET,GRT,THETA,XTZ,SAND,CHZ,DASH,HBAR","TON,SUI,ICP,MKR,RENDER,RNDR,ARB,OP,MATIC,POL,APT,SEI,EOS,MANA","CHZ,DASH,HBAR",1440,336,0.8,336,2.5,0.75,10.0,8760.0,-0.1757909122115005,-0.0325792033677366,0.4341682914706971,-0.0750381914289001,-0.6641925940017586,0.0055151372917155,279,134.31884057971016,0.5010789814415192
crypto,ETH,priority_with_coverage_fallback,30,30,"BTC,SOL,XRP,BNB,TRX,ADA,AVAX,DOT,NEAR,ATOM,ALGO,DOGE,BCH,LTC,XLM,ETC,LINK,UNI,AAVE,INJ,FIL,VET,FET,GRT,THETA,XTZ,SAND,CHZ,DASH,HBAR","TON,SUI,ICP,MKR,RENDER,RNDR,ARB,OP,MATIC,POL,APT,SEI,EOS,MANA","CHZ,DASH,HBAR",1440,336,0.8,336,2.5,1.0,10.0,8760.0,-0.4794190648632171,-0.1058128923308358,0.4120423508331969,-0.2568010111506013,-0.7469923110419596,0.0056715950872252,287,107.4225352112676,0.4992133210961059
crypto,ETH,priority_with_coverage_fallback,30,30,"BTC,SOL,XRP,BNB,TRX,ADA,AVAX,DOT,NEAR,ATOM,ALGO,DOGE,BCH,LTC,XLM,ETC,LINK,UNI,AAVE,INJ,FIL,VET,FET,GRT,THETA,XTZ,SAND,CHZ,DASH,HBAR","TON,SUI,ICP,MKR,RENDER,RNDR,ARB,OP,MATIC,POL,APT,SEI,EOS,MANA","CHZ,DASH,HBAR",1440,336,0.8,336,3.0,0.0,10.0,8760.0,9.323035759105302,0.4917182157702187,0.6766099370383901,0.7267380936238291,-0.4770216469980041,0.0018970507705546,49,50263.0,0.4950957961124485
crypto,ETH,priority_with_coverage_fallback,30,30,"BTC,SOL,XRP,BNB,TRX,ADA,AVAX,DOT,NEAR,ATOM,ALGO,DOGE,BCH,LTC,XLM,ETC,LINK,UNI,AAVE,INJ,FIL,VET,FET,GRT,THETA,XTZ,SAND,CHZ,DASH,HBAR","TON,SUI,ICP,MKR,RENDER,RNDR,ARB,OP,MATIC,POL,APT,SEI,EOS,MANA","CHZ,DASH,HBAR",1440,336,0.8,336,3.0,0.25,10.0,8760.0,1.100167655863007,0.1355570655439124,0.488270944698308,0.2776267296176515,-0.4889205582861964,0.0032464992568254,160,263.4025974025974,0.4929987180751405
crypto,ETH,priority_with_coverage_fallback,30,30,"BTC,SOL,XRP,BNB,TRX,ADA,AVAX,DOT,NEAR,ATOM,ALGO,DOGE,BCH,LTC,XLM,ETC,LINK,UNI,AAVE,INJ,FIL,VET,FET,GRT,THETA,XTZ,SAND,CHZ,DASH,HBAR","TON,SUI,ICP,MKR,RENDER,RNDR,ARB,OP,MATIC,POL,APT,SEI,EOS,MANA","CHZ,DASH,HBAR",1440,336,0.8,336,3.0,0.5,10.0,8760.0,0.6844547162309551,0.0934459123910049,0.4434686466109671,0.2107159392329722,-0.4941387031252028,0.0033638426034577,168,213.78048780487805,0.4957216200798631
crypto,ETH,priority_with_coverage_fallback,30,30,"BTC,SOL,XRP,BNB,TRX,ADA,AVAX,DOT,NEAR,ATOM,ALGO,DOGE,BCH,LTC,XLM,ETC,LINK,UNI,AAVE,INJ,FIL,VET,FET,GRT,THETA,XTZ,SAND,CHZ,DASH,HBAR","TON,SUI,ICP,MKR,RENDER,RNDR,ARB,OP,MATIC,POL,APT,SEI,EOS,MANA","CHZ,DASH,HBAR",1440,336,0.8,336,3.0,0.75,10.0,8760.0,0.0159561531131571,0.0027157297563129,0.4015940963149734,0.0067623746993107,-0.5872651826974628,0.0034811859500899,176,157.1264367816092,0.4969275786393562
crypto,ETH,priority_with_coverage_fallback,30,30,"BTC,SOL,XRP,BNB,TRX,ADA,AVAX,DOT,NEAR,ATOM,ALGO,DOGE,BCH,LTC,XLM,ETC,LINK,UNI,AAVE,INJ,FIL,VET,FET,GRT,THETA,XTZ,SAND,CHZ,DASH,HBAR","TON,SUI,ICP,MKR,RENDER,RNDR,ARB,OP,MATIC,POL,APT,SEI,EOS,MANA","CHZ,DASH,HBAR",1440,336,0.8,336,3.0,1.0,10.0,8760.0,-0.2450448308405722,-0.0470166857623933,0.3795524670821162,-0.1238740091029926,-0.6476179028300498,0.0035594148478447,180,125.20224719101124,0.4957372341380239
crypto,XRP,priority_with_coverage_fallback,30,30,"BTC,ETH,SOL,BNB,TRX,ADA,AVAX,DOT,NEAR,ATOM,ALGO,DOGE,BCH,LTC,XLM,ETC,LINK,UNI,AAVE,INJ,FIL,VET,FET,GRT,THETA,XTZ,SAND,CHZ,DASH,HBAR","TON,SUI,ICP,MKR,RENDER,RNDR,ARB,OP,MATIC,POL,APT,SEI,EOS,MANA","CHZ,DASH,HBAR",1440,24,0.8,336,1.0,0.0,10.0,8760.0,1.971095108368064,0.2050933011116367,1.0404422241319855,0.1971212781975864,-0.9263111686531672,0.0083900492842055,215,50793.0,0.5074124387218711
crypto,XRP,priority_with_coverage_fallback,30,30,"BTC,ETH,SOL,BNB,TRX,ADA,AVAX,DOT,NEAR,ATOM,ALGO,DOGE,BCH,LTC,XLM,ETC,LINK,UNI,AAVE,INJ,FIL,VET,FET,GRT,THETA,XTZ,SAND,CHZ,DASH,HBAR","TON,SUI,ICP,MKR,RENDER,RNDR,ARB,OP,MATIC,POL,APT,SEI,EOS,MANA","CHZ,DASH,HBAR",1440,24,0.8,336,1.0,0.25,10.0,8760.0,14.300972495722274,0.5957600513383197,0.8889758343023518,0.6701645065592348,-0.758391900141892,0.0173277008526949,858,84.21686746987952,0.5109298998569385
crypto,XRP,priority_with_coverage_fallback,30,30,"BTC,ETH,SOL,BNB,TRX,ADA,AVAX,DOT,NEAR,ATOM,ALGO,DOGE,BCH,LTC,XLM,ETC,LINK,UNI,AAVE,INJ,FIL,VET,FET,GRT,THETA,XTZ,SAND,CHZ,DASH,HBAR","TON,SUI,ICP,MKR,RENDER,RNDR,ARB,OP,MATIC,POL,APT,SEI,EOS,MANA","CHZ,DASH,HBAR",1440,24,0.8,336,1.0,0.5,10.0,8760.0,7.138740038276632,0.4321807319253568,0.8502919260716701,0.5082733572715693,-0.7372174791180417,0.0219823202691074,1110,57.06386861313869,0.5113044034408877
crypto,XRP,priority_with_coverage_fallback,30,30,"BTC,ETH,SOL,BNB,TRX,ADA,AVAX,DOT,NEAR,ATOM,ALGO,DOGE,BCH,LTC,XLM,ETC,LINK,UNI,AAVE,INJ,FIL,VET,FET,GRT,THETA,XTZ,SAND,CHZ,DASH,HBAR","TON,SUI,ICP,MKR,RENDER,RNDR,ARB,OP,MATIC,POL,APT,SEI,EOS,MANA","CHZ,DASH,HBAR",1440,24,0.8,336,1.0,0.75,10.0,8760.0,4.463984238226057,0.3376764009669746,0.8231594329302544,0.4102199251546275,-0.70493554749622,0.0307830712665258,1567,35.71025641025641,0.5122065053493214
crypto,XRP,priority_with_coverage_fallback,30,30,"BTC,ETH,SOL,BNB,TRX,ADA,AVAX,DOT,NEAR,ATOM,ALGO,DOGE,BCH,LTC,XLM,ETC,LINK,UNI,AAVE,INJ,FIL,VET,FET,GRT,THETA,XTZ,SAND,CHZ,DASH,HBAR","TON,SUI,ICP,MKR,RENDER,RNDR,ARB,OP,MATIC,POL,APT,SEI,EOS,MANA","CHZ,DASH,HBAR",1440,24,0.8,336,1.5,0.0,10.0,8760.0,12.896493967076188,0.5696542350580653,1.040107111022461,0.5476880496452675,-0.8496225685810508,0.006082296800438,156,50662.0,0.5060202913426237
crypto,XRP,priority_with_coverage_fallback,30,30,"BTC,ETH,SOL,BNB,TRX,ADA,AVAX,DOT,NEAR,ATOM,ALGO,DOGE,BCH,LTC,XLM,ETC,LINK,UNI,AAVE,INJ,FIL,VET,FET,GRT,THETA,XTZ,SAND,CHZ,DASH,HBAR","TON,SUI,ICP,MKR,RENDER,RNDR,ARB,OP,MATIC,POL,APT,SEI,EOS,MANA","CHZ,DASH,HBAR",1440,24,0.8,336,1.5,0.25,10.0,8760.0,29.36139199768261,0.7945404682239501,0.8461522731249973,0.939004117178064,-0.671199278217125,0.0114605335210826,571,104.61510791366906,0.5118110236220472
crypto,XRP,priority_with_coverage_fallback,30,30,"BTC,ETH,SOL,BNB,TRX,ADA,AVAX,DOT,NEAR,ATOM,ALGO,DOGE,BCH,LTC,XLM,ETC,LINK,UNI,AAVE,INJ,FIL,VET,FET,GRT,THETA,XTZ,SAND,CHZ,DASH,HBAR","TON,SUI,ICP,MKR,RENDER,RNDR,ARB,OP,MATIC,POL,APT,SEI,EOS,MANA","CHZ,DASH,HBAR",1440,24,0.8,336,1.5,0.5,10.0,8760.0,13.39846352836632,0.5792257349707302,0.8040206364563889,0.7204115276488281,-0.6815900068211533,0.0128686536806696,650,79.3177570093458,0.5123915007266014
crypto,XRP,priority_with_coverage_fallback,30,30,"BTC,ETH,SOL,BNB,TRX,ADA,AVAX,DOT,NEAR,ATOM,ALGO,DOGE,BCH,LTC,XLM,ETC,LINK,UNI,AAVE,INJ,FIL,VET,FET,GRT,THETA,XTZ,SAND,CHZ,DASH,HBAR","TON,SUI,ICP,MKR,RENDER,RNDR,ARB,OP,MATIC,POL,APT,SEI,EOS,MANA","CHZ,DASH,HBAR",1440,24,0.8,336,1.5,0.75,10.0,8760.0,6.0779740209026105,0.3983229861728108,0.7683896246669255,0.5183867316603503,-0.6906332924163638,0.01498083392005,762,58.35620052770449,0.5137224759234977
crypto,XRP,priority_with_coverage_fallback,30,30,"BTC,ETH,SOL,BNB,TRX,ADA,AVAX,DOT,NEAR,ATOM,ALGO,DOGE,BCH,LTC,XLM,ETC,LINK,UNI,AAVE,INJ,FIL,VET,FET,GRT,THETA,XTZ,SAND,CHZ,DASH,HBAR","TON,SUI,ICP,MKR,RENDER,RNDR,ARB,OP,MATIC,POL,APT,SEI,EOS,MANA","CHZ,DASH,HBAR",1440,24,0.8,336,1.5,1.0,10.0,8760.0,7.112069991846134,0.431375601583019,0.7341818370175137,0.5875596205640383,-0.7195402914181099,0.0182273331768755,928,40.586580086580085,0.5150658631539651
crypto,XRP,priority_with_coverage_fallback,30,30,"BTC,ETH,SOL,BNB,TRX,ADA,AVAX,DOT,NEAR,ATOM,ALGO,DOGE,BCH,LTC,XLM,ETC,LINK,UNI,AAVE,INJ,FIL,VET,FET,GRT,THETA,XTZ,SAND,CHZ,DASH,HBAR","TON,SUI,ICP,MKR,RENDER,RNDR,ARB,OP,MATIC,POL,APT,SEI,EOS,MANA","CHZ,DASH,HBAR",1440,24,0.8,336,2.0,0.0,10.0,8760.0,237.39131224689808,1.5543502843064343,1.03956874827718,1.4951875831996424,-0.8666934878873505,0.0048697488852382,125,50496.0,0.5090304182509505
crypto,XRP,priority_with_coverage_fallback,30,30,"BTC,ETH,SOL,BNB,TRX,ADA,AVAX,DOT,NEAR,ATOM,ALGO,DOGE,BCH,LTC,XLM,ETC,LINK,UNI,AAVE,INJ,FIL,VET,FET,GRT,THETA,XTZ,SAND,CHZ,DASH,HBAR","TON,SUI,ICP,MKR,RENDER,RNDR,ARB,OP,MATIC,POL,APT,SEI,EOS,MANA","CHZ,DASH,HBAR",1440,24,0.8,336,2.0,0.25,10.0,8760.0,91.97298466786862,1.1738091569510996,0.8000829520242821,1.4671093215787891,-0.6489167636411453,0.0084096065086442,421,111.14077669902912,0.5157894736842106
crypto,XRP,priority_with_coverage_fallback,30,30,"BTC,ETH,SOL,BNB,TRX,ADA,AVAX,DOT,NEAR,ATOM,ALGO,DOGE,BCH,LTC,XLM,ETC,LINK,UNI,AAVE,INJ,FIL,VET,FET,GRT,THETA,XTZ,SAND,CHZ,DASH,HBAR","TON,SUI,ICP,MKR,RENDER,RNDR,ARB,OP,MATIC,POL,APT,SEI,EOS,MANA","CHZ,DASH,HBAR",1440,24,0.8,336,2.0,0.5,10.0,8760.0,34.03733523987593,0.8391241576172812,0.7532748413871485,1.1139681182927097,-0.6512644742832755,0.0088789798951732,448,88.25339366515837,0.5162530762920426
crypto,XRP,priority_with_coverage_fallback,30,30,"BTC,ETH,SOL,BNB,TRX,ADA,AVAX,DOT,NEAR,ATOM,ALGO,DOGE,BCH,LTC,XLM,ETC,LINK,UNI,AAVE,INJ,FIL,VET,FET,GRT,THETA,XTZ,SAND,CHZ,DASH,HBAR","TON,SUI,ICP,MKR,RENDER,RNDR,ARB,OP,MATIC,POL,APT,SEI,EOS,MANA","CHZ,DASH,HBAR",1440,24,0.8,336,2.0,0.75,10.0,8760.0,11.934044825881282,0.5504714035328808,0.7189307216072711,0.7656807352761672,-0.6585418373079286,0.0093483532817022,477,70.44117647058823,0.515359379660006
crypto,XRP,priority_with_coverage_fallback,30,30,"BTC,ETH,SOL,BNB,TRX,ADA,AVAX,DOT,NEAR,ATOM,ALGO,DOGE,BCH,LTC,XLM,ETC,LINK,UNI,AAVE,INJ,FIL,VET,FET,GRT,THETA,XTZ,SAND,CHZ,DASH,HBAR","TON,SUI,ICP,MKR,RENDER,RNDR,ARB,OP,MATIC,POL,APT,SEI,EOS,MANA","CHZ,DASH,HBAR",1440,24,0.8,336,2.0,1.0,10.0,8760.0,5.729411085916838,0.3862772451808494,0.6343420958662197,0.6089415280777988,-0.6631691343944763,0.0101697567081279,519,53.96911196911197,0.5145943625697524
crypto,XRP,priority_with_coverage_fallback,30,30,"BTC,ETH,SOL,BNB,TRX,ADA,AVAX,DOT,NEAR,ATOM,ALGO,DOGE,BCH,LTC,XLM,ETC,LINK,UNI,AAVE,INJ,FIL,VET,FET,GRT,THETA,XTZ,SAND,CHZ,DASH,HBAR","TON,SUI,ICP,MKR,RENDER,RNDR,ARB,OP,MATIC,POL,APT,SEI,EOS,MANA","CHZ,DASH,HBAR",1440,24,0.8,336,2.5,0.0,10.0,8760.0,165.72283470522817,1.402564500344464,1.0395716349231017,1.349175423056068,-0.8027564911873281,0.0032269420323867,83,50493.0,0.5106252351811142
crypto,XRP,priority_with_coverage_fallback,30,30,"BTC,ETH,SOL,BNB,TRX,ADA,AVAX,DOT,NEAR,ATOM,ALGO,DOGE,BCH,LTC,XLM,ETC,LINK,UNI,AAVE,INJ,FIL,VET,FET,GRT,THETA,XTZ,SAND,CHZ,DASH,HBAR","TON,SUI,ICP,MKR,RENDER,RNDR,ARB,OP,MATIC,POL,APT,SEI,EOS,MANA","CHZ,DASH,HBAR",1440,24,0.8,336,2.5,0.25,10.0,8760.0,29.54940286561965,0.796439421701491,0.751108005098192,1.0603527272983502,-0.6429836053640972,0.0057889384338574,295,122.03401360544218,0.5160822788338257
crypto,XRP,priority_with_coverage_fallback,30,30,"BTC,ETH,SOL,BNB,TRX,ADA,AVAX,DOT,NEAR,ATOM,ALGO,DOGE,BCH,LTC,XLM,ETC,LINK,UNI,AAVE,INJ,FIL,VET,FET,GRT,THETA,XTZ,SAND,CHZ,DASH,HBAR","TON,SUI,ICP,MKR,RENDER,RNDR,ARB,OP,MATIC,POL,APT,SEI,EOS,MANA","CHZ,DASH,HBAR",1440,24,0.8,336,2.5,0.5,10.0,8760.0,10.066826507776767,0.50960519076294,0.7110211749360654,0.7167229454295273,-0.6429836053640972,0.0059062817804897,302,100.50331125827816,0.5162098049551924
crypto,XRP,priority_with_coverage_fallback,30,30,"BTC,ETH,SOL,BNB,TRX,ADA,AVAX,DOT,NEAR,ATOM,ALGO,DOGE,BCH,LTC,XLM,ETC,LINK,UNI,AAVE,INJ,FIL,VET,FET,GRT,THETA,XTZ,SAND,CHZ,DASH,HBAR","TON,SUI,ICP,MKR,RENDER,RNDR,ARB,OP,MATIC,POL,APT,SEI,EOS,MANA","CHZ,DASH,HBAR",1440,24,0.8,336,2.5,0.75,10.0,8760.0,5.789192457564589,0.3883793644835054,0.6784857947455692,0.5724207750423822,-0.6429836053640972,0.0060627395759993,310,82.70322580645161,0.5162649192604727
crypto,XRP,priority_with_coverage_fallback,30,30,"BTC,ETH,SOL,BNB,TRX,ADA,AVAX,DOT,NEAR,ATOM,ALGO,DOGE,BCH,LTC,XLM,ETC,LINK,UNI,AAVE,INJ,FIL,VET,FET,GRT,THETA,XTZ,SAND,CHZ,DASH,HBAR","TON,SUI,ICP,MKR,RENDER,RNDR,ARB,OP,MATIC,POL,APT,SEI,EOS,MANA","CHZ,DASH,HBAR",1440,24,0.8,336,2.5,1.0,10.0,8760.0,2.585185875502965,0.2445136191637757,0.5711717781459446,0.4280912126952081,-0.627989137553767,0.0062583118203864,320,66.85625,0.5139758810881555
crypto,XRP,priority_with_coverage_fallback,30,30,"BTC,ETH,SOL,BNB,TRX,ADA,AVAX,DOT,NEAR,ATOM,ALGO,DOGE,BCH,LTC,XLM,ETC,LINK,UNI,AAVE,INJ,FIL,VET,FET,GRT,THETA,XTZ,SAND,CHZ,DASH,HBAR","TON,SUI,ICP,MKR,RENDER,RNDR,ARB,OP,MATIC,POL,APT,SEI,EOS,MANA","CHZ,DASH,HBAR",1440,24,0.8,336,3.0,0.0,10.0,8760.0,3.0606901750200626,0.2713528759828292,1.0382200767911751,0.2613635413615762,-0.8962802600042885,0.0017797074239223,46,49095.0,0.5102759955188919
crypto,XRP,priority_with_coverage_fallback,30,30,"BTC,ETH,SOL,BNB,TRX,ADA,AVAX,DOT,NEAR,ATOM,ALGO,DOGE,BCH,LTC,XLM,ETC,LINK,UNI,AAVE,INJ,FIL,VET,FET,GRT,THETA,XTZ,SAND,CHZ,DASH,HBAR","TON,SUI,ICP,MKR,RENDER,RNDR,ARB,OP,MATIC,POL,APT,SEI,EOS,MANA","CHZ,DASH,HBAR",1440,24,0.8,336,3.0,0.25,10.0,8760.0,11.964476097975608,0.5510957675357628,0.6439370930032744,0.8558223676252186,-0.7478236415136537,0.004146131581006,212,118.66037735849056,0.5237716648115758
crypto,XRP,priority_with_coverage_fallback,30,30,"BTC,ETH,SOL,BNB,TRX,ADA,AVAX,DOT,NEAR,ATOM,ALGO,DOGE,BCH,LTC,XLM,ETC,LINK,UNI,AAVE,INJ,FIL,VET,FET,GRT,THETA,XTZ,SAND,CHZ,DASH,HBAR","TON,SUI,ICP,MKR,RENDER,RNDR,ARB,OP,MATIC,POL,APT,SEI,EOS,MANA","CHZ,DASH,HBAR",1440,24,0.8,336,3.0,0.5,10.0,8760.0,4.11673857742871,0.3227130299446243,0.6000586601349078,0.5378024706319056,-0.7572968321888791,0.0041852460298834,214,99.88785046728972,0.5241392215568862
crypto,XRP,priority_with_coverage_fallback,30,30,"BTC,ETH,SOL,BNB,TRX,ADA,AVAX,DOT,NEAR,ATOM,ALGO,DOGE,BCH,LTC,XLM,ETC,LINK,UNI,AAVE,INJ,FIL,VET,FET,GRT,THETA,XTZ,SAND,CHZ,DASH,HBAR","TON,SUI,ICP,MKR,RENDER,RNDR,ARB,OP,MATIC,POL,APT,SEI,EOS,MANA","CHZ,DASH,HBAR",1440,24,0.8,336,3.0,0.75,10.0,8760.0,2.1540167403418726,0.2174917332529025,0.5641385431952474,0.385528937663153,-0.7557045190703329,0.0041852460298834,214,81.0,0.5248644282912196
crypto,XRP,priority_with_coverage_fallback,30,30,"BTC,ETH,SOL,BNB,TRX,ADA,AVAX,DOT,NEAR,ATOM,ALGO,DOGE,BCH,LTC,XLM,ETC,LINK,UNI,AAVE,INJ,FIL,VET,FET,GRT,THETA,XTZ,SAND,CHZ,DASH,HBAR","TON,SUI,ICP,MKR,RENDER,RNDR,ARB,OP,MATIC,POL,APT,SEI,EOS,MANA","CHZ,DASH,HBAR",1440,24,0.8,336,3.0,1.0,10.0,8760.0,1.6917966405304847,0.1848827879201839,0.520480776304412,0.3552154014849765,-0.7188313678843713,0.0043025893765156,220,66.6,0.5236145236145237
crypto,XRP,priority_with_coverage_fallback,30,30,"BTC,ETH,SOL,BNB,TRX,ADA,AVAX,DOT,NEAR,ATOM,ALGO,DOGE,BCH,LTC,XLM,ETC,LINK,UNI,AAVE,INJ,FIL,VET,FET,GRT,THETA,XTZ,SAND,CHZ,DASH,HBAR","TON,SUI,ICP,MKR,RENDER,RNDR,ARB,OP,MATIC,POL,APT,SEI,EOS,MANA","CHZ,DASH,HBAR",1440,72,0.8,336,1.0,0.0,10.0,8760.0,4.381636285338993,0.3342007647202853,1.102180588762828,0.3032177921908586,-0.8906297251976144,0.008155362590941,209,50796.0,0.5046066619418852
crypto,XRP,priority_with_coverage_fallback,30,30,"BTC,ETH,SOL,BNB,TRX,ADA,AVAX,DOT,NEAR,ATOM,ALGO,DOGE,BCH,LTC,XLM,ETC,LINK,UNI,AAVE,INJ,FIL,VET,FET,GRT,THETA,XTZ,SAND,CHZ,DASH,HBAR","TON,SUI,ICP,MKR,RENDER,RNDR,ARB,OP,MATIC,POL,APT,SEI,EOS,MANA","CHZ,DASH,HBAR",1440,72,0.8,336,1.0,0.25,10.0,8760.0,3.067218275889004,0.271702801278511,0.9705467950998636,0.279948172154393,-0.8945576860307398,0.0157631228975983,776,95.03753351206434,0.5068690231036136
crypto,XRP,priority_with_coverage_fallback,30,30,"BTC,ETH,SOL,BNB,TRX,ADA,AVAX,DOT,NEAR,ATOM,ALGO,DOGE,BCH,LTC,XLM,ETC,LINK,UNI,AAVE,INJ,FIL,VET,FET,GRT,THETA,XTZ,SAND,CHZ,DASH,HBAR","TON,SUI,ICP,MKR,RENDER,RNDR,ARB,OP,MATIC,POL,APT,SEI,EOS,MANA","CHZ,DASH,HBAR",1440,72,0.8,336,1.0,0.5,10.0,8760.0,9.620725118414336,0.4990014464165837,0.9240160347114652,0.5400354838781588,-0.7291285926114519,0.0212782601893139,1073,60.29678638941399,0.508731228642192
crypto,XRP,priority_with_coverage_fallback,30,30,"BTC,ETH,SOL,BNB,TRX,ADA,AVAX,DOT,NEAR,ATOM,ALGO,DOGE,BCH,LTC,XLM,ETC,LINK,UNI,AAVE,INJ,FIL,VET,FET,GRT,THETA,XTZ,SAND,CHZ,DASH,HBAR","TON,SUI,ICP,MKR,RENDER,RNDR,ARB,OP,MATIC,POL,APT,SEI,EOS,MANA","CHZ,DASH,HBAR",1440,72,0.8,336,1.0,0.75,10.0,8760.0,2.8076691456783403,0.2574168671846966,0.8960425013535246,0.2872819836066407,-0.7386082913354116,0.0291402644136744,1482,38.75305291723202,0.5080354329330206
crypto,XRP,priority_with_coverage_fallback,30,30,"BTC,ETH,SOL,BNB,TRX,ADA,AVAX,DOT,NEAR,ATOM,ALGO,DOGE,BCH,LTC,XLM,ETC,LINK,UNI,AAVE,INJ,FIL,VET,FET,GRT,THETA,XTZ,SAND,CHZ,DASH,HBAR","TON,SUI,ICP,MKR,RENDER,RNDR,ARB,OP,MATIC,POL,APT,SEI,EOS,MANA","CHZ,DASH,HBAR",1440,72,0.8,336,1.5,0.0,10.0,8760.0,12.720912464763154,0.5662385793751914,1.102033350125122,0.5138125623066689,-0.8710697596265629,0.0057302667605413,147,50787.0,0.5034162285624274
crypto,XRP,priority_with_coverage_fallback,30,30,"BTC,ETH,SOL,BNB,TRX,ADA,AVAX,DOT,NEAR,ATOM,ALGO,DOGE,BCH,LTC,XLM,ETC,LINK,UNI,AAVE,INJ,FIL,VET,FET,GRT,THETA,XTZ,SAND,CHZ,DASH,HBAR","TON,SUI,ICP,MKR,RENDER,RNDR,ARB,OP,MATIC,POL,APT,SEI,EOS,MANA","CHZ,DASH,HBAR",1440,72,0.8,336,1.5,0.25,10.0,8760.0,10.870534832042452,0.5278461754150816,0.91563364263104,0.5764818491141663,-0.8682510888875488,0.0106391300946569,528,116.30078125,0.5074732139858261
crypto,XRP,priority_with_coverage_fallback,30,30,"BTC,ETH,SOL,BNB,TRX,ADA,AVAX,DOT,NEAR,ATOM,ALGO,DOGE,BCH,LTC,XLM,ETC,LINK,UNI,AAVE,INJ,FIL,VET,FET,GRT,THETA,XTZ,SAND,CHZ,DASH,HBAR","TON,SUI,ICP,MKR,RENDER,RNDR,ARB,OP,MATIC,POL,APT,SEI,EOS,MANA","CHZ,DASH,HBAR",1440,72,0.8,336,1.5,0.5,10.0,8760.0,18.565618237036222,0.6644100914735256,0.8643146870714677,0.7687131798312105,-0.730216407099008,0.0126339669874051,639,82.93037974683544,0.5094634816454248
crypto,XRP,priority_with_coverage_fallback,30,30,"BTC,ETH,SOL,BNB,TRX,ADA,AVAX,DOT,NEAR,ATOM,ALGO,DOGE,BCH,LTC,XLM,ETC,LINK,UNI,AAVE,INJ,FIL,VET,FET,GRT,THETA,XTZ,SAND,CHZ,DASH,HBAR","TON,SUI,ICP,MKR,RENDER,RNDR,ARB,OP,MATIC,POL,APT,SEI,EOS,MANA","CHZ,DASH,HBAR",1440,72,0.8,336,1.5,0.75,10.0,8760.0,10.691929551604646,0.5238830393907479,0.831647226138151,0.6299342111960845,-0.7378585352643987,0.0144332316357662,734,63.64931506849315,0.5091683884297521
crypto,XRP,priority_with_coverage_fallback,30,30,"BTC,ETH,SOL,BNB,TRX,ADA,AVAX,DOT,NEAR,ATOM,ALGO,DOGE,BCH,LTC,XLM,ETC,LINK,UNI,AAVE,INJ,FIL,VET,FET,GRT,THETA,XTZ,SAND,CHZ,DASH,HBAR","TON,SUI,ICP,MKR,RENDER,RNDR,ARB,OP,MATIC,POL,APT,SEI,EOS,MANA","CHZ,DASH,HBAR",1440,72,0.8,336,1.5,1.0,10.0,8760.0,6.741392866699921,0.4199518983568076,0.8042663250857337,0.5221552677989362,-0.7116789983927798,0.0177188453414691,903,42.946666666666665,0.5116423470971748
crypto,XRP,priority_with_coverage_fallback,30,30,"BTC,ETH,SOL,BNB,TRX,ADA,AVAX,DOT,NEAR,ATOM,ALGO,DOGE,BCH,LTC,XLM,ETC,LINK,UNI,AAVE,INJ,FIL,VET,FET,GRT,THETA,XTZ,SAND,CHZ,DASH,HBAR","TON,SUI,ICP,MKR,RENDER,RNDR,ARB,OP,MATIC,POL,APT,SEI,EOS,MANA","CHZ,DASH,HBAR",1440,72,0.8,336,2.0,0.0,10.0,8760.0,135.633114233449,1.322021276351096,1.1012381623399032,1.2004862540742998,-0.8583700800920006,0.0045568332942188,117,50493.0,0.5054165923989464
crypto,XRP,priority_with_coverage_fallback,30,30,"BTC,ETH,SOL,BNB,TRX,ADA,AVAX,DOT,NEAR,ATOM,ALGO,DOGE,BCH,LTC,XLM,ETC,LINK,UNI,AAVE,INJ,FIL,VET,FET,GRT,THETA,XTZ,SAND,CHZ,DASH,HBAR","TON,SUI,ICP,MKR,RENDER,RNDR,ARB,OP,MATIC,POL,APT,SEI,EOS,MANA","CHZ,DASH,HBAR",1440,72,0.8,336,2.0,0.25,10.0,8760.0,27.33333564049912,0.773411460929005,0.8776961211663441,0.881183637796236,-0.8446391653940826,0.007822889775483,391,122.64397905759162,0.5093276414087513
crypto,XRP,priority_with_coverage_fallback,30,30,"BTC,ETH,SOL,BNB,TRX,ADA,AVAX,DOT,NEAR,ATOM,ALGO,DOGE,BCH,LTC,XLM,ETC,LINK,UNI,AAVE,INJ,FIL,VET,FET,GRT,THETA,XTZ,SAND,CHZ,DASH,HBAR","TON,SUI,ICP,MKR,RENDER,RNDR,ARB,OP,MATIC,POL,APT,SEI,EOS,MANA","CHZ,DASH,HBAR",1440,72,0.8,336,2.0,0.5,10.0,8760.0,35.503335271790355,0.852084602895071,0.8305474824008192,1.0259312332535109,-0.6878439615095465,0.0085269498552765,430,94.49056603773585,0.5106329872204473
crypto,XRP,priority_with_coverage_fallback,30,30,"BTC,ETH,SOL,BNB,TRX,ADA,AVAX,DOT,NEAR,ATOM,ALGO,DOGE,BCH,LTC,XLM,ETC,LINK,UNI,AAVE,INJ,FIL,VET,FET,GRT,THETA,XTZ,SAND,CHZ,DASH,HBAR","TON,SUI,ICP,MKR,RENDER,RNDR,ARB,OP,MATIC,POL,APT,SEI,EOS,MANA","CHZ,DASH,HBAR",1440,72,0.8,336,2.0,0.75,10.0,8760.0,19.038953263774463,0.6712403202668682,0.8002765910637339,0.8387604082916511,-0.7080505459125837,0.0090745521395603,461,75.38427947598254,0.5109193071887853
crypto,XRP,priority_with_coverage_fallback,30,30,"BTC,ETH,SOL,BNB,TRX,ADA,AVAX,DOT,NEAR,ATOM,ALGO,DOGE,BCH,LTC,XLM,ETC,LINK,UNI,AAVE,INJ,FIL,VET,FET,GRT,THETA,XTZ,SAND,CHZ,DASH,HBAR","TON,SUI,ICP,MKR,RENDER,RNDR,ARB,OP,MATIC,POL,APT,SEI,EOS,MANA","CHZ,DASH,HBAR",1440,72,0.8,336,2.0,1.0,10.0,8760.0,8.225264066050872,0.463259694602816,0.7598840965444925,0.6096452034059531,-0.7252537333979485,0.0098568411171086,502,58.008,0.5106881809405599
crypto,XRP,priority_with_coverage_fallback,30,30,"BTC,ETH,SOL,BNB,TRX,ADA,AVAX,DOT,NEAR,ATOM,ALGO,DOGE,BCH,LTC,XLM,ETC,LINK,UNI,AAVE,INJ,FIL,VET,FET,GRT,THETA,XTZ,SAND,CHZ,DASH,HBAR","TON,SUI,ICP,MKR,RENDER,RNDR,ARB,OP,MATIC,POL,APT,SEI,EOS,MANA","CHZ,DASH,HBAR",1440,72,0.8,336,2.5,0.0,10.0,8760.0,28.51504825008097,0.7858695919654941,1.100759719745163,0.7139338203140562,-0.8848895284489696,0.0030704842368771,79,50009.0,0.5075086484432803
crypto,XRP,priority_with_coverage_fallback,30,30,"BTC,ETH,SOL,BNB,TRX,ADA,AVAX,DOT,NEAR,ATOM,ALGO,DOGE,BCH,LTC,XLM,ETC,LINK,UNI,AAVE,INJ,FIL,VET,FET,GRT,THETA,XTZ,SAND,CHZ,DASH,HBAR","TON,SUI,ICP,MKR,RENDER,RNDR,ARB,OP,MATIC,POL,APT,SEI,EOS,MANA","CHZ,DASH,HBAR",1440,72,0.8,336,2.5,0.25,10.0,8760.0,10.1568260713893,0.5117013940233153,0.8333418559425784,0.6140353930075176,-0.7959869286959085,0.0054369083939607,274,139.88148148148147,0.510167337428511
crypto,XRP,priority_with_coverage_fallback,30,30,"BTC,ETH,SOL,BNB,TRX,ADA,AVAX,DOT,NEAR,ATOM,ALGO,DOGE,BCH,LTC,XLM,ETC,LINK,UNI,AAVE,INJ,FIL,VET,FET,GRT,THETA,XTZ,SAND,CHZ,DASH,HBAR","TON,SUI,ICP,MKR,RENDER,RNDR,ARB,OP,MATIC,POL,APT,SEI,EOS,MANA","CHZ,DASH,HBAR",1440,72,0.8,336,2.5,0.5,10.0,8760.0,12.5395782764681,0.5626727806406757,0.7860648271199544,0.7158096396479666,-0.6595932092474843,0.0057889384338574,294,106.53424657534246,0.510993956538511
crypto,XRP,priority_with_coverage_fallback,30,30,"BTC,ETH,SOL,BNB,TRX,ADA,AVAX,DOT,NEAR,ATOM,ALGO,DOGE,BCH,LTC,XLM,ETC,LINK,UNI,AAVE,INJ,FIL,VET,FET,GRT,THETA,XTZ,SAND,CHZ,DASH,HBAR","TON,SUI,ICP,MKR,RENDER,RNDR,ARB,OP,MATIC,POL,APT,SEI,EOS,MANA","CHZ,DASH,HBAR",1440,72,0.8,336,2.5,0.75,10.0,8760.0,9.217236827989463,0.4890878033544421,0.7559140609328988,0.6470150889253766,-0.6841507244769414,0.0059453962293671,303,88.83443708609272,0.5120023855673177
crypto,XRP,priority_with_coverage_fallback,30,30,"BTC,ETH,SOL,BNB,TRX,ADA,AVAX,DOT,NEAR,ATOM,ALGO,DOGE,BCH,LTC,XLM,ETC,LINK,UNI,AAVE,INJ,FIL,VET,FET,GRT,THETA,XTZ,SAND,CHZ,DASH,HBAR","TON,SUI,ICP,MKR,RENDER,RNDR,ARB,OP,MATIC,POL,APT,SEI,EOS,MANA","CHZ,DASH,HBAR",1440,72,0.8,336,2.5,1.0,10.0,8760.0,4.140939275132135,0.3237827303040945,0.7143924097527563,0.4532281220851049,-0.6983049946125341,0.0062583118203864,320,71.18125,0.5103169725173413
crypto,XRP,priority_with_coverage_fallback,30,30,"BTC,ETH,SOL,BNB,TRX,ADA,AVAX,DOT,NEAR,ATOM,ALGO,DOGE,BCH,LTC,XLM,ETC,LINK,UNI,AAVE,INJ,FIL,VET,FET,GRT,THETA,XTZ,SAND,CHZ,DASH,HBAR","TON,SUI,ICP,MKR,RENDER,RNDR,ARB,OP,MATIC,POL,APT,SEI,EOS,MANA","CHZ,DASH,HBAR",1440,72,0.8,336,3.0,0.0,10.0,8760.0,9.545027750728796,0.4971656428509632,1.099972889197743,0.4519799058080125,-0.8904968947329208,0.0020143941171868,52,49090.0,0.5124872682827459
crypto,XRP,priority_with_coverage_fallback,30,30,"BTC,ETH,SOL,BNB,TRX,ADA,AVAX,DOT,NEAR,ATOM,ALGO,DOGE,BCH,LTC,XLM,ETC,LINK,UNI,AAVE,INJ,FIL,VET,FET,GRT,THETA,XTZ,SAND,CHZ,DASH,HBAR","TON,SUI,ICP,MKR,RENDER,RNDR,ARB,OP,MATIC,POL,APT,SEI,EOS,MANA","CHZ,DASH,HBAR",1440,72,0.8,336,3.0,0.25,10.0,8760.0,10.589625750659936,0.5215903320278623,0.6945838701088853,0.7509393098145167,-0.6742848369880614,0.0040679026832511,207,140.7766990291262,0.5175172413793103
crypto,XRP,priority_with_coverage_fallback,30,30,"BTC,ETH,SOL,BNB,TRX,ADA,AVAX,DOT,NEAR,ATOM,ALGO,DOGE,BCH,LTC,XLM,ETC,LINK,UNI,AAVE,INJ,FIL,VET,FET,GRT,THETA,XTZ,SAND,CHZ,DASH,HBAR","TON,SUI,ICP,MKR,RENDER,RNDR,ARB,OP,MATIC,POL,APT,SEI,EOS,MANA","CHZ,DASH,HBAR",1440,72,0.8,336,3.0,0.5,10.0,8760.0,6.005058971049599,0.3958444885536403,0.6755298081412768,0.5859763459480909,-0.641664217329064,0.0041852460298834,213,109.1509433962264,0.5179775280898876
crypto,XRP,priority_with_coverage_fallback,30,30,"BTC,ETH,SOL,BNB,TRX,ADA,AVAX,DOT,NEAR,ATOM,ALGO,DOGE,BCH,LTC,XLM,ETC,LINK,UNI,AAVE,INJ,FIL,VET,FET,GRT,THETA,XTZ,SAND,CHZ,DASH,HBAR","TON,SUI,ICP,MKR,RENDER,RNDR,ARB,OP,MATIC,POL,APT,SEI,EOS,MANA","CHZ,DASH,HBAR",1440,72,0.8,336,3.0,0.75,10.0,8760.0,3.0771566009389977,0.2722346319773225,0.6447672574255424,0.4222215517957813,-0.6706580382652096,0.0041852460298834,214,92.4859813084112,0.5175828617623283
crypto,XRP,priority_with_coverage_fallback,30,30,"BTC,ETH,SOL,BNB,TRX,ADA,AVAX,DOT,NEAR,ATOM,ALGO,DOGE,BCH,LTC,XLM,ETC,LINK,UNI,AAVE,INJ,FIL,VET,FET,GRT,THETA,XTZ,SAND,CHZ,DASH,HBAR","TON,SUI,ICP,MKR,RENDER,RNDR,ARB,OP,MATIC,POL,APT,SEI,EOS,MANA","CHZ,DASH,HBAR",1440,72,0.8,336,3.0,1.0,10.0,8760.0,1.175284994309684,0.1424144909865081,0.6089663891567815,0.2338626458246825,-0.7160083281574576,0.0043417038253931,222,75.48648648648648,0.5171261487050961
crypto,XRP,priority_with_coverage_fallback,30,30,"BTC,ETH,SOL,BNB,TRX,ADA,AVAX,DOT,NEAR,ATOM,ALGO,DOGE,BCH,LTC,XLM,ETC,LINK,UNI,AAVE,INJ,FIL,VET,FET,GRT,THETA,XTZ,SAND,CHZ,DASH,HBAR","TON,SUI,ICP,MKR,RENDER,RNDR,ARB,OP,MATIC,POL,APT,SEI,EOS,MANA","CHZ,DASH,HBAR",1440,168,0.8,336,1.0,0.0,10.0,8760.0,0.6435076209470549,0.0888455710851618,1.2546480178325965,0.0708131442622788,-0.9529691899256552,0.0076859892044121,197,50774.0,0.4994879268917162
crypto,XRP,priority_with_coverage_fallback,30,30,"BTC,ETH,SOL,BNB,TRX,ADA,AVAX,DOT,NEAR,ATOM,ALGO,DOGE,BCH,LTC,XLM,ETC,LINK,UNI,AAVE,INJ,FIL,VET,FET,GRT,THETA,XTZ,SAND,CHZ,DASH,HBAR","TON,SUI,ICP,MKR,RENDER,RNDR,ARB,OP,MATIC,POL,APT,SEI,EOS,MANA","CHZ,DASH,HBAR",1440,168,0.8,336,1.0,0.25,10.0,8760.0,0.4327414328794343,0.0635425550392692,1.1565210253747122,0.0549428446566126,-0.9391101511889672,0.0139051865759211,676,112.86292834890966,0.4992409395787904
crypto,XRP,priority_with_coverage_fallback,30,30,"BTC,ETH,SOL,BNB,TRX,ADA,AVAX,DOT,NEAR,ATOM,ALGO,DOGE,BCH,LTC,XLM,ETC,LINK,UNI,AAVE,INJ,FIL,VET,FET,GRT,THETA,XTZ,SAND,CHZ,DASH,HBAR","TON,SUI,ICP,MKR,RENDER,RNDR,ARB,OP,MATIC,POL,APT,SEI,EOS,MANA","CHZ,DASH,HBAR",1440,168,0.8,336,1.0,0.5,10.0,8760.0,1.2802796174534614,0.1516777661593942,1.126668209389032,0.1346250518967299,-0.8871713775245855,0.0182664476257529,907,74.71363636363637,0.4993916164750258
crypto,XRP,priority_with_coverage_fallback,30,30,"BTC,ETH,SOL,BNB,TRX,ADA,AVAX,DOT,NEAR,ATOM,ALGO,DOGE,BCH,LTC,XLM,ETC,LINK,UNI,AAVE,INJ,FIL,VET,FET,GRT,THETA,XTZ,SAND,CHZ,DASH,HBAR","TON,SUI,ICP,MKR,RENDER,RNDR,ARB,OP,MATIC,POL,APT,SEI,EOS,MANA","CHZ,DASH,HBAR",1440,168,0.8,336,1.0,0.75,10.0,8760.0,1.0664914903963911,0.1324166062095308,1.1050615708014238,0.1198273559666891,-0.91434965658934,0.0265195963388875,1338,44.71666666666667,0.4987971402432826
crypto,XRP,priority_with_coverage_fallback,30,30,"BTC,ETH,SOL,BNB,TRX,ADA,AVAX,DOT,NEAR,ATOM,ALGO,DOGE,BCH,LTC,XLM,ETC,LINK,UNI,AAVE,INJ,FIL,VET,FET,GRT,THETA,XTZ,SAND,CHZ,DASH,HBAR","TON,SUI,ICP,MKR,RENDER,RNDR,ARB,OP,MATIC,POL,APT,SEI,EOS,MANA","CHZ,DASH,HBAR",1440,168,0.8,336,1.5,0.0,10.0,8760.0,9.35544079836684,0.4925194123472041,1.2542782657052418,0.3926715672381325,-0.9410419976182628,0.0056520378627865,145,50628.0,0.4991111637828869
crypto,XRP,priority_with_coverage_fallback,30,30,"BTC,ETH,SOL,BNB,TRX,ADA,AVAX,DOT,NEAR,ATOM,ALGO,DOGE,BCH,LTC,XLM,ETC,LINK,UNI,AAVE,INJ,FIL,VET,FET,GRT,THETA,XTZ,SAND,CHZ,DASH,HBAR","TON,SUI,ICP,MKR,RENDER,RNDR,ARB,OP,MATIC,POL,APT,SEI,EOS,MANA","CHZ,DASH,HBAR",1440,168,0.8,336,1.5,0.25,10.0,8760.0,12.144395964222372,0.5547625965159366,1.1190550607513408,0.4957420023135103,-0.9228560046454862,0.009895955565986,481,137.6578947368421,0.4998725546421971
crypto,XRP,priority_with_coverage_fallback,30,30,"BTC,ETH,SOL,BNB,TRX,ADA,AVAX,DOT,NEAR,ATOM,ALGO,DOGE,BCH,LTC,XLM,ETC,LINK,UNI,AAVE,INJ,FIL,VET,FET,GRT,THETA,XTZ,SAND,CHZ,DASH,HBAR","TON,SUI,ICP,MKR,RENDER,RNDR,ARB,OP,MATIC,POL,APT,SEI,EOS,MANA","CHZ,DASH,HBAR",1440,168,0.8,336,1.5,0.5,10.0,8760.0,12.258556788166016,0.5570677213876201,1.0852817687102208,0.5132931718273079,-0.8888842048217472,0.0113823046233278,565,101.35766423357664,0.4991358202506121
crypto,XRP,priority_with_coverage_fallback,30,30,"BTC,ETH,SOL,BNB,TRX,ADA,AVAX,DOT,NEAR,ATOM,ALGO,DOGE,BCH,LTC,XLM,ETC,LINK,UNI,AAVE,INJ,FIL,VET,FET,GRT,THETA,XTZ,SAND,CHZ,DASH,HBAR","TON,SUI,ICP,MKR,RENDER,RNDR,ARB,OP,MATIC,POL,APT,SEI,EOS,MANA","CHZ,DASH,HBAR",1440,168,0.8,336,1.5,0.75,10.0,8760.0,5.8500951515064745,0.3905051989789569,1.0628866739024263,0.3674005974175997,-0.9117694669681804,0.0137291715559727,691,71.0764705882353,0.4997517172887528
crypto,XRP,priority_with_coverage_fallback,30,30,"BTC,ETH,SOL,BNB,TRX,ADA,AVAX,DOT,NEAR,ATOM,ALGO,DOGE,BCH,LTC,XLM,ETC,LINK,UNI,AAVE,INJ,FIL,VET,FET,GRT,THETA,XTZ,SAND,CHZ,DASH,HBAR","TON,SUI,ICP,MKR,RENDER,RNDR,ARB,OP,MATIC,POL,APT,SEI,EOS,MANA","CHZ,DASH,HBAR",1440,168,0.8,336,1.5,1.0,10.0,8760.0,4.616215782835056,0.3439888730987208,1.0363653490272442,0.3319185395590431,-0.9070274730397826,0.0165454118751466,835,50.6747572815534,0.4991857457610882
crypto,XRP,priority_with_coverage_fallback,30,30,"BTC,ETH,SOL,BNB,TRX,ADA,AVAX,DOT,NEAR,ATOM,ALGO,DOGE,BCH,LTC,XLM,ETC,LINK,UNI,AAVE,INJ,FIL,VET,FET,GRT,THETA,XTZ,SAND,CHZ,DASH,HBAR","TON,SUI,ICP,MKR,RENDER,RNDR,ARB,OP,MATIC,POL,APT,SEI,EOS,MANA","CHZ,DASH,HBAR",1440,168,0.8,336,2.0,0.0,10.0,8760.0,28.109932338683013,0.781646014086298,1.2539562908489463,0.6233439074316637,-0.8335441988971549,0.0040874599076899,105,50475.0,0.5030807330361565
crypto,XRP,priority_with_coverage_fallback,30,30,"BTC,ETH,SOL,BNB,TRX,ADA,AVAX,DOT,NEAR,ATOM,ALGO,DOGE,BCH,LTC,XLM,ETC,LINK,UNI,AAVE,INJ,FIL,VET,FET,GRT,THETA,XTZ,SAND,CHZ,DASH,HBAR","TON,SUI,ICP,MKR,RENDER,RNDR,ARB,OP,MATIC,POL,APT,SEI,EOS,MANA","CHZ,DASH,HBAR",1440,168,0.8,336,2.0,0.25,10.0,8760.0,16.158856033310947,0.6273993133710218,1.0748805628907452,0.583692118949213,-0.8065729126423653,0.007157944144567,352,151.14792899408283,0.5029752583777012
crypto,XRP,priority_with_coverage_fallback,30,30,"BTC,ETH,SOL,BNB,TRX,ADA,AVAX,DOT,NEAR,ATOM,ALGO,DOGE,BCH,LTC,XLM,ETC,LINK,UNI,AAVE,INJ,FIL,VET,FET,GRT,THETA,XTZ,SAND,CHZ,DASH,HBAR","TON,SUI,ICP,MKR,RENDER,RNDR,ARB,OP,MATIC,POL,APT,SEI,EOS,MANA","CHZ,DASH,HBAR",1440,168,0.8,336,2.0,0.5,10.0,8760.0,6.659678155495895,0.417372765931471,1.0398733601726162,0.4013688415502713,-0.8313126735056086,0.0078620042243604,394,115.11398963730568,0.5021380024305712
crypto,XRP,priority_with_coverage_fallback,30,30,"BTC,ETH,SOL,BNB,TRX,ADA,AVAX,DOT,NEAR,ATOM,ALGO,DOGE,BCH,LTC,XLM,ETC,LINK,UNI,AAVE,INJ,FIL,VET,FET,GRT,THETA,XTZ,SAND,CHZ,DASH,HBAR","TON,SUI,ICP,MKR,RENDER,RNDR,ARB,OP,MATIC,POL,APT,SEI,EOS,MANA","CHZ,DASH,HBAR",1440,168,0.8,336,2.0,0.75,10.0,8760.0,3.832453543444049,0.3098226258294372,1.00843959468463,0.3072297314211747,-0.8289424460426051,0.0084487209575217,429,88.44131455399061,0.5014332731712496
crypto,XRP,priority_with_coverage_fallback,30,30,"BTC,ETH,SOL,BNB,TRX,ADA,AVAX,DOT,NEAR,ATOM,ALGO,DOGE,BCH,LTC,XLM,ETC,LINK,UNI,AAVE,INJ,FIL,VET,FET,GRT,THETA,XTZ,SAND,CHZ,DASH,HBAR","TON,SUI,ICP,MKR,RENDER,RNDR,ARB,OP,MATIC,POL,APT,SEI,EOS,MANA","CHZ,DASH,HBAR",1440,168,0.8,336,2.0,1.0,10.0,8760.0,5.072970214617742,0.3621134857257273,0.9707962686213936,0.3730066723885916,-0.7833894853769259,0.0091918954861926,467,68.04310344827586,0.5000633472697327
crypto,XRP,priority_with_coverage_fallback,30,30,"BTC,ETH,SOL,BNB,TRX,ADA,AVAX,DOT,NEAR,ATOM,ALGO,DOGE,BCH,LTC,XLM,ETC,LINK,UNI,AAVE,INJ,FIL,VET,FET,GRT,THETA,XTZ,SAND,CHZ,DASH,HBAR","TON,SUI,ICP,MKR,RENDER,RNDR,ARB,OP,MATIC,POL,APT,SEI,EOS,MANA","CHZ,DASH,HBAR",1440,168,0.8,336,2.5,0.0,10.0,8760.0,4.55393716617691,0.3414237597589828,1.2535009933813892,0.2723761381616245,-0.9059366620721182,0.0027184541969803,70,49920.0,0.5050280448717949
crypto,XRP,priority_with_coverage_fallback,30,30,"BTC,ETH,SOL,BNB,TRX,ADA,AVAX,DOT,NEAR,ATOM,ALGO,DOGE,BCH,LTC,XLM,ETC,LINK,UNI,AAVE,INJ,FIL,VET,FET,GRT,THETA,XTZ,SAND,CHZ,DASH,HBAR","TON,SUI,ICP,MKR,RENDER,RNDR,ARB,OP,MATIC,POL,APT,SEI,EOS,MANA","CHZ,DASH,HBAR",1440,168,0.8,336,2.5,0.25,10.0,8760.0,3.1317293483992,0.2751359896383378,0.8342512942149071,0.3297998954826452,-0.7707496287247302,0.0049284205585543,247,166.7190082644628,0.5028999157289447
crypto,XRP,priority_with_coverage_fallback,30,30,"BTC,ETH,SOL,BNB,TRX,ADA,AVAX,DOT,NEAR,ATOM,ALGO,DOGE,BCH,LTC,XLM,ETC,LINK,UNI,AAVE,INJ,FIL,VET,FET,GRT,THETA,XTZ,SAND,CHZ,DASH,HBAR","TON,SUI,ICP,MKR,RENDER,RNDR,ARB,OP,MATIC,POL,APT,SEI,EOS,MANA","CHZ,DASH,HBAR",1440,168,0.8,336,2.5,0.5,10.0,8760.0,1.441141400546429,0.1652065581421935,0.8134460883665962,0.203094661717446,-0.7658508116540232,0.0052413361495736,267,128.57142857142858,0.5029824561403509
crypto,XRP,priority_with_coverage_fallback,30,30,"BTC,ETH,SOL,BNB,TRX,ADA,AVAX,DOT,NEAR,ATOM,ALGO,DOGE,BCH,LTC,XLM,ETC,LINK,UNI,AAVE,INJ,FIL,VET,FET,GRT,THETA,XTZ,SAND,CHZ,DASH,HBAR","TON,SUI,ICP,MKR,RENDER,RNDR,ARB,OP,MATIC,POL,APT,SEI,EOS,MANA","CHZ,DASH,HBAR",1440,168,0.8,336,2.5,0.75,10.0,8760.0,0.5485392134694016,0.0777988523774819,0.7878169450980435,0.0987524486006072,-0.7874356203561902,0.0054760228428381,280,102.50714285714284,0.5021252874364156
crypto,XRP,priority_with_coverage_fallback,30,30,"BTC,ETH,SOL,BNB,TRX,ADA,AVAX,DOT,NEAR,ATOM,ALGO,DOGE,BCH,LTC,XLM,ETC,LINK,UNI,AAVE,INJ,FIL,VET,FET,GRT,THETA,XTZ,SAND,CHZ,DASH,HBAR","TON,SUI,ICP,MKR,RENDER,RNDR,ARB,OP,MATIC,POL,APT,SEI,EOS,MANA","CHZ,DASH,HBAR",1440,168,0.8,336,2.5,1.0,10.0,8760.0,0.3492206351082569,0.0526548178948591,0.762158347317491,0.069086454383376,-0.7684020899932249,0.00574982398498,294,79.74829931972789,0.5017486991384458
crypto,XRP,priority_with_coverage_fallback,30,30,"BTC,ETH,SOL,BNB,TRX,ADA,AVAX,DOT,NEAR,ATOM,ALGO,DOGE,BCH,LTC,XLM,ETC,LINK,UNI,AAVE,INJ,FIL,VET,FET,GRT,THETA,XTZ,SAND,CHZ,DASH,HBAR","TON,SUI,ICP,MKR,RENDER,RNDR,ARB,OP,MATIC,POL,APT,SEI,EOS,MANA","CHZ,DASH,HBAR",1440,168,0.8,336,3.0,0.0,10.0,8760.0,6.529684818132926,0.4132224522696959,1.2524626170234368,0.3299279728218534,-0.9082147455738208,0.0018970507705546,49,48947.0,0.5077532841645045
crypto,XRP,priority_with_coverage_fallback,30,30,"BTC,ETH,SOL,BNB,TRX,ADA,AVAX,DOT,NEAR,ATOM,ALGO,DOGE,BCH,LTC,XLM,ETC,LINK,UNI,AAVE,INJ,FIL,VET,FET,GRT,THETA,XTZ,SAND,CHZ,DASH,HBAR","TON,SUI,ICP,MKR,RENDER,RNDR,ARB,OP,MATIC,POL,APT,SEI,EOS,MANA","CHZ,DASH,HBAR",1440,168,0.8,336,3.0,0.25,10.0,8760.0,7.612133494777709,0.4461201476884138,0.8052825545546753,0.5539920679582089,-0.7707496287247304,0.0036376437455996,183,177.7888888888889,0.5060308730704332
crypto,XRP,priority_with_coverage_fallback,30,30,"BTC,ETH,SOL,BNB,TRX,ADA,AVAX,DOT,NEAR,ATOM,ALGO,DOGE,BCH,LTC,XLM,ETC,LINK,UNI,AAVE,INJ,FIL,VET,FET,GRT,THETA,XTZ,SAND,CHZ,DASH,HBAR","TON,SUI,ICP,MKR,RENDER,RNDR,ARB,OP,MATIC,POL,APT,SEI,EOS,MANA","CHZ,DASH,HBAR",1440,168,0.8,336,3.0,0.5,10.0,8760.0,5.282620842079365,0.3700566247602537,0.7844751813712131,0.471725089012272,-0.7568655476974813,0.0039114448877415,199,132.53535353535352,0.5076594771739958
crypto,XRP,priority_with_coverage_fallback,30,30,"BTC,ETH,SOL,BNB,TRX,ADA,AVAX,DOT,NEAR,ATOM,ALGO,DOGE,BCH,LTC,XLM,ETC,LINK,UNI,AAVE,INJ,FIL,VET,FET,GRT,THETA,XTZ,SAND,CHZ,DASH,HBAR","TON,SUI,ICP,MKR,RENDER,RNDR,ARB,OP,MATIC,POL,APT,SEI,EOS,MANA","CHZ,DASH,HBAR",1440,168,0.8,336,3.0,0.75,10.0,8760.0,2.654268632422516,0.2485895630112253,0.759294008349969,0.327395660017703,-0.756865547697481,0.0040287882343737,206,107.53398058252426,0.50776453593355
crypto,XRP,priority_with_coverage_fallback,30,30,"BTC,ETH,SOL,BNB,TRX,ADA,AVAX,DOT,NEAR,ATOM,ALGO,DOGE,BCH,LTC,XLM,ETC,LINK,UNI,AAVE,INJ,FIL,VET,FET,GRT,THETA,XTZ,SAND,CHZ,DASH,HBAR","TON,SUI,ICP,MKR,RENDER,RNDR,ARB,OP,MATIC,POL,APT,SEI,EOS,MANA","CHZ,DASH,HBAR",1440,168,0.8,336,3.0,1.0,10.0,8760.0,2.30965125163478,0.22757987698436,0.7332360743439567,0.3103773599627937,-0.6813538635658258,0.0041852460298834,214,84.94392523364486,0.5100671140939598
crypto,XRP,priority_with_coverage_fallback,30,30,"BTC,ETH,SOL,BNB,TRX,ADA,AVAX,DOT,NEAR,ATOM,ALGO,DOGE,BCH,LTC,XLM,ETC,LINK,UNI,AAVE,INJ,FIL,VET,FET,GRT,THETA,XTZ,SAND,CHZ,DASH,HBAR","TON,SUI,ICP,MKR,RENDER,RNDR,ARB,OP,MATIC,POL,APT,SEI,EOS,MANA","CHZ,DASH,HBAR",1440,336,0.8,336,1.0,0.0,10.0,8760.0,-0.090732461551662,-0.0161633279626387,1.3515234046669824,-0.0119593400357143,-0.9825412761020736,0.0072166158178831,185,50796.0,0.4989566107567525
crypto,XRP,priority_with_coverage_fallback,30,30,"BTC,ETH,SOL,BNB,TRX,ADA,AVAX,DOT,NEAR,ATOM,ALGO,DOGE,BCH,LTC,XLM,ETC,LINK,UNI,AAVE,INJ,FIL,VET,FET,GRT,THETA,XTZ,SAND,CHZ,DASH,HBAR","TON,SUI,ICP,MKR,RENDER,RNDR,ARB,OP,MATIC,POL,APT,SEI,EOS,MANA","CHZ,DASH,HBAR",1440,336,0.8,336,1.0,0.25,10.0,8760.0,0.3025088911302898,0.0463196380852901,1.264106409169663,0.0366421985912685,-0.960376982759056,0.013044668700618,621,130.88194444444446,0.4993898233140553
crypto,XRP,priority_with_coverage_fallback,30,30,"BTC,ETH,SOL,BNB,TRX,ADA,AVAX,DOT,NEAR,ATOM,ALGO,DOGE,BCH,LTC,XLM,ETC,LINK,UNI,AAVE,INJ,FIL,VET,FET,GRT,THETA,XTZ,SAND,CHZ,DASH,HBAR","TON,SUI,ICP,MKR,RENDER,RNDR,ARB,OP,MATIC,POL,APT,SEI,EOS,MANA","CHZ,DASH,HBAR",1440,336,0.8,336,1.0,0.5,10.0,8760.0,0.2137786928734513,0.0337484918668427,1.242250216906872,0.0271672255778505,-0.9403555183295452,0.016252053508566,801,88.2720207253886,0.4987233293223373
crypto,XRP,priority_with_coverage_fallback,30,30,"BTC,ETH,SOL,BNB,TRX,ADA,AVAX,DOT,NEAR,ATOM,ALGO,DOGE,BCH,LTC,XLM,ETC,LINK,UNI,AAVE,INJ,FIL,VET,FET,GRT,THETA,XTZ,SAND,CHZ,DASH,HBAR","TON,SUI,ICP,MKR,RENDER,RNDR,ARB,OP,MATIC,POL,APT,SEI,EOS,MANA","CHZ,DASH,HBAR",1440,336,0.8,336,1.0,0.75,10.0,8760.0,-0.3895856934640614,-0.0810900617658533,1.2140052936265109,-0.0667954762566304,-0.9309735175085206,0.0233708832042556,1171,53.53484320557492,0.4969572716326597
crypto,XRP,priority_with_coverage_fallback,30,30,"BTC,ETH,SOL,BNB,TRX,ADA,AVAX,DOT,NEAR,ATOM,ALGO,DOGE,BCH,LTC,XLM,ETC,LINK,UNI,AAVE,INJ,FIL,VET,FET,GRT,THETA,XTZ,SAND,CHZ,DASH,HBAR","TON,SUI,ICP,MKR,RENDER,RNDR,ARB,OP,MATIC,POL,APT,SEI,EOS,MANA","CHZ,DASH,HBAR",1440,336,0.8,336,1.5,0.0,10.0,8760.0,-0.3803137594539609,-0.0787136966460624,1.3514436449000211,-0.0582441576036902,-0.960249570242807,0.0051044355785026,131,50787.0,0.4985527792545336
crypto,XRP,priority_with_coverage_fallback,30,30,"BTC,ETH,SOL,BNB,TRX,ADA,AVAX,DOT,NEAR,ATOM,ALGO,DOGE,BCH,LTC,XLM,ETC,LINK,UNI,AAVE,INJ,FIL,VET,FET,GRT,THETA,XTZ,SAND,CHZ,DASH,HBAR","TON,SUI,ICP,MKR,RENDER,RNDR,ARB,OP,MATIC,POL,APT,SEI,EOS,MANA","CHZ,DASH,HBAR",1440,336,0.8,336,1.5,0.25,10.0,8760.0,0.2259564708945647,0.0355180165424802,1.2131357140104948,0.0292778591317384,-0.937809140101392,0.009563482750528,459,154.40465116279069,0.4998945687863361
crypto,XRP,priority_with_coverage_fallback,30,30,"BTC,ETH,SOL,BNB,TRX,ADA,AVAX,DOT,NEAR,ATOM,ALGO,DOGE,BCH,LTC,XLM,ETC,LINK,UNI,AAVE,INJ,FIL,VET,FET,GRT,THETA,XTZ,SAND,CHZ,DASH,HBAR","TON,SUI,ICP,MKR,RENDER,RNDR,ARB,OP,MATIC,POL,APT,SEI,EOS,MANA","CHZ,DASH,HBAR",1440,336,0.8,336,1.5,0.5,10.0,8760.0,-0.3280211113206407,-0.0658376830479888,1.1777055853223883,-0.0559033461915409,-0.9181782028312716,0.0104631150747085,516,117.63453815261045,0.4971151548257144
crypto,XRP,priority_with_coverage_fallback,30,30,"BTC,ETH,SOL,BNB,TRX,ADA,AVAX,DOT,NEAR,ATOM,ALGO,DOGE,BCH,LTC,XLM,ETC,LINK,UNI,AAVE,INJ,FIL,VET,FET,GRT,THETA,XTZ,SAND,CHZ,DASH,HBAR","TON,SUI,ICP,MKR,RENDER,RNDR,ARB,OP,MATIC,POL,APT,SEI,EOS,MANA","CHZ,DASH,HBAR",1440,336,0.8,336,1.5,0.75,10.0,8760.0,-0.3140756003676106,-0.0625445528871216,1.1576522523647674,-0.0540270644827583,-0.9196713052400964,0.0124188375185793,618,85.60797342192691,0.4957699472213598
crypto,XRP,priority_with_coverage_fallback,30,30,"BTC,ETH,SOL,BNB,TRX,ADA,AVAX,DOT,NEAR,ATOM,ALGO,DOGE,BCH,LTC,XLM,ETC,LINK,UNI,AAVE,INJ,FIL,VET,FET,GRT,THETA,XTZ,SAND,CHZ,DASH,HBAR","TON,SUI,ICP,MKR,RENDER,RNDR,ARB,OP,MATIC,POL,APT,SEI,EOS,MANA","CHZ,DASH,HBAR",1440,336,0.8,336,1.5,1.0,10.0,8760.0,1.4284943258603722,0.1641701147096523,1.1274194126039103,0.1456158310512693,-0.8959951412331227,0.0152546350621919,767,58.02652519893899,0.4960687511428049
crypto,XRP,priority_with_coverage_fallback,30,30,"BTC,ETH,SOL,BNB,TRX,ADA,AVAX,DOT,NEAR,ATOM,ALGO,DOGE,BCH,LTC,XLM,ETC,LINK,UNI,AAVE,INJ,FIL,VET,FET,GRT,THETA,XTZ,SAND,CHZ,DASH,HBAR","TON,SUI,ICP,MKR,RENDER,RNDR,ARB,OP,MATIC,POL,APT,SEI,EOS,MANA","CHZ,DASH,HBAR",1440,336,0.8,336,2.0,0.0,10.0,8760.0,1.84898920989657,0.19646008128732,1.3509681396333832,0.1454216983537702,-0.9323599155457828,0.0038918876633028,100,50496.0,0.4998217680608365
crypto,XRP,priority_with_coverage_fallback,30,30,"BTC,ETH,SOL,BNB,TRX,ADA,AVAX,DOT,NEAR,ATOM,ALGO,DOGE,BCH,LTC,XLM,ETC,LINK,UNI,AAVE,INJ,FIL,VET,FET,GRT,THETA,XTZ,SAND,CHZ,DASH,HBAR","TON,SUI,ICP,MKR,RENDER,RNDR,ARB,OP,MATIC,POL,APT,SEI,EOS,MANA","CHZ,DASH,HBAR",1440,336,0.8,336,2.0,0.25,10.0,8760.0,0.7877501319880484,0.1046521156952997,1.1968677232765133,0.087438330619199,-0.9414099423936102,0.0069819291246186,337,173.56603773584905,0.5017212015798819
crypto,XRP,priority_with_coverage_fallback,30,30,"BTC,ETH,SOL,BNB,TRX,ADA,AVAX,DOT,NEAR,ATOM,ALGO,DOGE,BCH,LTC,XLM,ETC,LINK,UNI,AAVE,INJ,FIL,VET,FET,GRT,THETA,XTZ,SAND,CHZ,DASH,HBAR","TON,SUI,ICP,MKR,RENDER,RNDR,ARB,OP,MATIC,POL,APT,SEI,EOS,MANA","CHZ,DASH,HBAR",1440,336,0.8,336,2.0,0.5,10.0,8760.0,-0.0661815840354878,-0.0116623904709074,1.1623403682806694,-0.0100335416278782,-0.9212232179687436,0.0072948447156379,363,137.5084745762712,0.4995275072928222
crypto,XRP,priority_with_coverage_fallback,30,30,"BTC,ETH,SOL,BNB,TRX,ADA,AVAX,DOT,NEAR,ATOM,ALGO,DOGE,BCH,LTC,XLM,ETC,LINK,UNI,AAVE,INJ,FIL,VET,FET,GRT,THETA,XTZ,SAND,CHZ,DASH,HBAR","TON,SUI,ICP,MKR,RENDER,RNDR,ARB,OP,MATIC,POL,APT,SEI,EOS,MANA","CHZ,DASH,HBAR",1440,336,0.8,336,2.0,0.75,10.0,8760.0,0.4560786458172434,0.0664906085117986,1.141589591073542,0.0582438811913757,-0.9132574821708456,0.0082531487131346,412,103.90547263681592,0.4986353842470672
crypto,XRP,priority_with_coverage_fallback,30,30,"BTC,ETH,SOL,BNB,TRX,ADA,AVAX,DOT,NEAR,ATOM,ALGO,DOGE,BCH,LTC,XLM,ETC,LINK,UNI,AAVE,INJ,FIL,VET,FET,GRT,THETA,XTZ,SAND,CHZ,DASH,HBAR","TON,SUI,ICP,MKR,RENDER,RNDR,ARB,OP,MATIC,POL,APT,SEI,EOS,MANA","CHZ,DASH,HBAR",1440,336,0.8,336,2.0,1.0,10.0,8760.0,-0.0805115299846661,-0.0142774244065783,0.8181195427973705,-0.0174515136965925,-0.8857055191398507,0.0088007509974184,444,78.37899543378995,0.4972909991261287
crypto,XRP,priority_with_coverage_fallback,30,30,"BTC,ETH,SOL,BNB,TRX,ADA,AVAX,DOT,NEAR,ATOM,ALGO,DOGE,BCH,LTC,XLM,ETC,LINK,UNI,AAVE,INJ,FIL,VET,FET,GRT,THETA,XTZ,SAND,CHZ,DASH,HBAR","TON,SUI,ICP,MKR,RENDER,RNDR,ARB,OP,MATIC,POL,APT,SEI,EOS,MANA","CHZ,DASH,HBAR",1440,336,0.8,336,2.5,0.0,10.0,8760.0,1.2692133817629203,0.1507183012261161,1.350979274704496,0.1115622600939479,-0.9726466198063376,0.0029531408902448,76,50495.0,0.5033567679968314
crypto,XRP,priority_with_coverage_fallback,30,30,"BTC,ETH,SOL,BNB,TRX,ADA,AVAX,DOT,NEAR,ATOM,ALGO,DOGE,BCH,LTC,XLM,ETC,LINK,UNI,AAVE,INJ,FIL,VET,FET,GRT,THETA,XTZ,SAND,CHZ,DASH,HBAR","TON,SUI,ICP,MKR,RENDER,RNDR,ARB,OP,MATIC,POL,APT,SEI,EOS,MANA","CHZ,DASH,HBAR",1440,336,0.8,336,2.5,0.25,10.0,8760.0,-0.5583752089306572,-0.1306591254507264,1.105424100946434,-0.118198187771426,-0.943494905752451,0.0048501916607994,240,193.06896551724137,0.5018306840507234
crypto,XRP,priority_with_coverage_fallback,30,30,"BTC,ETH,SOL,BNB,TRX,ADA,AVAX,DOT,NEAR,ATOM,ALGO,DOGE,BCH,LTC,XLM,ETC,LINK,UNI,AAVE,INJ,FIL,VET,FET,GRT,THETA,XTZ,SAND,CHZ,DASH,HBAR","TON,SUI,ICP,MKR,RENDER,RNDR,ARB,OP,MATIC,POL,APT,SEI,EOS,MANA","CHZ,DASH,HBAR",1440,336,0.8,336,2.5,0.5,10.0,8760.0,-0.3580867066808225,-0.0731347412117096,1.0640793006424525,-0.0687305365000085,-0.8276735074329076,0.0049675350074317,250,158.34146341463415,0.5003080714725816
crypto,XRP,priority_with_coverage_fallback,30,30,"BTC,ETH,SOL,BNB,TRX,ADA,AVAX,DOT,NEAR,ATOM,ALGO,DOGE,BCH,LTC,XLM,ETC,LINK,UNI,AAVE,INJ,FIL,VET,FET,GRT,THETA,XTZ,SAND,CHZ,DASH,HBAR","TON,SUI,ICP,MKR,RENDER,RNDR,ARB,OP,MATIC,POL,APT,SEI,EOS,MANA","CHZ,DASH,HBAR",1440,336,0.8,336,2.5,0.75,10.0,8760.0,0.4305876690518995,0.0632684814911668,1.0381815111469297,0.0609416376730414,-0.7975793157192909,0.0055542517405929,280,121.3840579710145,0.4997910572503134
crypto,XRP,priority_with_coverage_fallback,30,30,"BTC,ETH,SOL,BNB,TRX,ADA,AVAX,DOT,NEAR,ATOM,ALGO,DOGE,BCH,LTC,XLM,ETC,LINK,UNI,AAVE,INJ,FIL,VET,FET,GRT,THETA,XTZ,SAND,CHZ,DASH,HBAR","TON,SUI,ICP,MKR,RENDER,RNDR,ARB,OP,MATIC,POL,APT,SEI,EOS,MANA","CHZ,DASH,HBAR",1440,336,0.8,336,2.5,1.0,10.0,8760.0,-0.1745517300938404,-0.0323301719716674,0.6781532104557599,-0.0476738463715885,-0.830426921816766,0.0056715950872252,287,96.47183098591547,0.4979925542010365
crypto,XRP,priority_with_coverage_fallback,30,30,"BTC,ETH,SOL,BNB,TRX,ADA,AVAX,DOT,NEAR,ATOM,ALGO,DOGE,BCH,LTC,XLM,ETC,LINK,UNI,AAVE,INJ,FIL,VET,FET,GRT,THETA,XTZ,SAND,CHZ,DASH,HBAR","TON,SUI,ICP,MKR,RENDER,RNDR,ARB,OP,MATIC,POL,APT,SEI,EOS,MANA","CHZ,DASH,HBAR",1440,336,0.8,336,3.0,0.0,10.0,8760.0,7.810007942939542,0.4517590934624744,1.3491464838233906,0.3348480679297473,-0.9558801086039432,0.0020926230149417,54,48776.0,0.5070936526160407
crypto,XRP,priority_with_coverage_fallback,30,30,"BTC,ETH,SOL,BNB,TRX,ADA,AVAX,DOT,NEAR,ATOM,ALGO,DOGE,BCH,LTC,XLM,ETC,LINK,UNI,AAVE,INJ,FIL,VET,FET,GRT,THETA,XTZ,SAND,CHZ,DASH,HBAR","TON,SUI,ICP,MKR,RENDER,RNDR,ARB,OP,MATIC,POL,APT,SEI,EOS,MANA","CHZ,DASH,HBAR",1440,336,0.8,336,3.0,0.25,10.0,8760.0,-0.741213712113244,-0.206723951396935,1.0746315520231322,-0.1923672825423286,-0.9761681890731048,0.003676758194477,183,201.93258426966293,0.5032828844869798
crypto,XRP,priority_with_coverage_fallback,30,30,"BTC,ETH,SOL,BNB,TRX,ADA,AVAX,DOT,NEAR,ATOM,ALGO,DOGE,BCH,LTC,XLM,ETC,LINK,UNI,AAVE,INJ,FIL,VET,FET,GRT,THETA,XTZ,SAND,CHZ,DASH,HBAR","TON,SUI,ICP,MKR,RENDER,RNDR,ARB,OP,MATIC,POL,APT,SEI,EOS,MANA","CHZ,DASH,HBAR",1440,336,0.8,336,3.0,0.5,10.0,8760.0,-0.620295015359241,-0.1528697327702342,1.0312540809680892,-0.1482367300081157,-0.9340819796373796,0.0037158726433544,188,162.1505376344086,0.5032493368700265
crypto,XRP,priority_with_coverage_fallback,30,30,"BTC,ETH,SOL,BNB,TRX,ADA,AVAX,DOT,NEAR,ATOM,ALGO,DOGE,BCH,LTC,XLM,ETC,LINK,UNI,AAVE,INJ,FIL,VET,FET,GRT,THETA,XTZ,SAND,CHZ,DASH,HBAR","TON,SUI,ICP,MKR,RENDER,RNDR,ARB,OP,MATIC,POL,APT,SEI,EOS,MANA","CHZ,DASH,HBAR",1440,336,0.8,336,3.0,0.75,10.0,8760.0,-0.3566785102709523,-0.0727867082426749,1.0070081792275736,-0.0722801559551443,-0.9116116288077856,0.0039896737854963,202,124.66,0.5012032729022943
crypto,XRP,priority_with_coverage_fallback,30,30,"BTC,ETH,SOL,BNB,TRX,ADA,AVAX,DOT,NEAR,ATOM,ALGO,DOGE,BCH,LTC,XLM,ETC,LINK,UNI,AAVE,INJ,FIL,VET,FET,GRT,THETA,XTZ,SAND,CHZ,DASH,HBAR","TON,SUI,ICP,MKR,RENDER,RNDR,ARB,OP,MATIC,POL,APT,SEI,EOS,MANA","CHZ,DASH,HBAR",1440,336,0.8,336,3.0,1.0,10.0,8760.0,-0.4346598868302151,-0.093087481598133,0.6210983113566675,-0.1498755992345265,-0.908897191718982,0.0040287882343737,204,100.07920792079209,0.5018796992481203
crypto,BNB,priority_with_coverage_fallback,30,30,"BTC,ETH,SOL,XRP,TRX,ADA,AVAX,DOT,NEAR,ATOM,ALGO,DOGE,BCH,LTC,XLM,ETC,LINK,UNI,AAVE,INJ,FIL,VET,FET,GRT,THETA,XTZ,SAND,CHZ,DASH,HBAR","TON,SUI,ICP,MKR,RENDER,RNDR,ARB,OP,MATIC,POL,APT,SEI,EOS,MANA","CHZ,DASH,HBAR",1440,24,0.8,336,1.0,0.0,10.0,8760.0,21.90687643434796,0.7099802815999565,0.6612177529689245,1.073746550833041,-0.7465762485303193,0.0086638504263474,222,50794.0,0.5032681025317951
crypto,BNB,priority_with_coverage_fallback,30,30,"BTC,ETH,SOL,XRP,TRX,ADA,AVAX,DOT,NEAR,ATOM,ALGO,DOGE,BCH,LTC,XLM,ETC,LINK,UNI,AAVE,INJ,FIL,VET,FET,GRT,THETA,XTZ,SAND,CHZ,DASH,HBAR","TON,SUI,ICP,MKR,RENDER,RNDR,ARB,OP,MATIC,POL,APT,SEI,EOS,MANA","CHZ,DASH,HBAR",1440,24,0.8,336,1.0,0.25,10.0,8760.0,4.595626684436798,0.3431434751319582,0.5796167415472552,0.592017881015575,-0.7552429490536987,0.015313306735508,763,98.93817204301077,0.5040891183263143
crypto,BNB,priority_with_coverage_fallback,30,30,"BTC,ETH,SOL,XRP,TRX,ADA,AVAX,DOT,NEAR,ATOM,ALGO,DOGE,BCH,LTC,XLM,ETC,LINK,UNI,AAVE,INJ,FIL,VET,FET,GRT,THETA,XTZ,SAND,CHZ,DASH,HBAR","TON,SUI,ICP,MKR,RENDER,RNDR,ARB,OP,MATIC,POL,APT,SEI,EOS,MANA","CHZ,DASH,HBAR",1440,24,0.8,336,1.0,0.5,10.0,8760.0,4.3092061573749385,0.3311071054418129,0.5604909115147968,0.5907448250087669,-0.757164153961286,0.0193812094187592,983,68.92213114754098,0.5043705773919248
crypto,BNB,priority_with_coverage_fallback,30,30,"BTC,ETH,SOL,XRP,TRX,ADA,AVAX,DOT,NEAR,ATOM,ALGO,DOGE,BCH,LTC,XLM,ETC,LINK,UNI,AAVE,INJ,FIL,VET,FET,GRT,THETA,XTZ,SAND,CHZ,DASH,HBAR","TON,SUI,ICP,MKR,RENDER,RNDR,ARB,OP,MATIC,POL,APT,SEI,EOS,MANA","CHZ,DASH,HBAR",1440,24,0.8,336,1.0,0.75,10.0,8760.0,4.205515990920498,0.3266168129950053,0.5409040012801966,0.6038350839002443,-0.6929590224423036,0.0296683094735195,1512,39.8395225464191,0.5058091148174041
crypto,BNB,priority_with_coverage_fallback,30,30,"BTC,ETH,SOL,XRP,TRX,ADA,AVAX,DOT,NEAR,ATOM,ALGO,DOGE,BCH,LTC,XLM,ETC,LINK,UNI,AAVE,INJ,FIL,VET,FET,GRT,THETA,XTZ,SAND,CHZ,DASH,HBAR","TON,SUI,ICP,MKR,RENDER,RNDR,ARB,OP,MATIC,POL,APT,SEI,EOS,MANA","CHZ,DASH,HBAR",1440,24,0.8,336,1.5,0.0,10.0,8760.0,75.71272098551482,1.103380798100707,0.6608402775165844,1.6696633598774813,-0.6579022513426069,0.0063560979425799,163,50723.0,0.5058454744396034
crypto,BNB,priority_with_coverage_fallback,30,30,"BTC,ETH,SOL,XRP,TRX,ADA,AVAX,DOT,NEAR,ATOM,ALGO,DOGE,BCH,LTC,XLM,ETC,LINK,UNI,AAVE,INJ,FIL,VET,FET,GRT,THETA,XTZ,SAND,CHZ,DASH,HBAR","TON,SUI,ICP,MKR,RENDER,RNDR,ARB,OP,MATIC,POL,APT,SEI,EOS,MANA","CHZ,DASH,HBAR",1440,24,0.8,336,1.5,0.25,10.0,8760.0,8.867154550970392,0.4802199055669145,0.5507607626408001,0.8719210556401028,-0.6469336746350658,0.0106195728702182,532,121.15325670498083,0.5049492425919484
crypto,BNB,priority_with_coverage_fallback,30,30,"BTC,ETH,SOL,XRP,TRX,ADA,AVAX,DOT,NEAR,ATOM,ALGO,DOGE,BCH,LTC,XLM,ETC,LINK,UNI,AAVE,INJ,FIL,VET,FET,GRT,THETA,XTZ,SAND,CHZ,DASH,HBAR","TON,SUI,ICP,MKR,RENDER,RNDR,ARB,OP,MATIC,POL,APT,SEI,EOS,MANA","CHZ,DASH,HBAR",1440,24,0.8,336,1.5,0.5,10.0,8760.0,8.107320340697088,0.4600375778614991,0.5298556639527299,0.8682318773939549,-0.6760083671584457,0.01210592192756,614,92.0032786885246,0.5056484088236343
crypto,BNB,priority_with_coverage_fallback,30,30,"BTC,ETH,SOL,XRP,TRX,ADA,AVAX,DOT,NEAR,ATOM,ALGO,DOGE,BCH,LTC,XLM,ETC,LINK,UNI,AAVE,INJ,FIL,VET,FET,GRT,THETA,XTZ,SAND,CHZ,DASH,HBAR","TON,SUI,ICP,MKR,RENDER,RNDR,ARB,OP,MATIC,POL,APT,SEI,EOS,MANA","CHZ,DASH,HBAR",1440,24,0.8,336,1.5,0.75,10.0,8760.0,3.618651155585522,0.2997074013189078,0.4966727450483316,0.6034303357832591,-0.6170194087925385,0.0144527888602049,738,65.57181571815718,0.5050834848735328
crypto,BNB,priority_with_coverage_fallback,30,30,"BTC,ETH,SOL,XRP,TRX,ADA,AVAX,DOT,NEAR,ATOM,ALGO,DOGE,BCH,LTC,XLM,ETC,LINK,UNI,AAVE,INJ,FIL,VET,FET,GRT,THETA,XTZ,SAND,CHZ,DASH,HBAR","TON,SUI,ICP,MKR,RENDER,RNDR,ARB,OP,MATIC,POL,APT,SEI,EOS,MANA","CHZ,DASH,HBAR",1440,24,0.8,336,1.5,1.0,10.0,8760.0,1.6478248419920312,0.1815440855781116,0.4745326895783193,0.3825744560178475,-0.6055623192391311,0.0177775170147852,908,46.04845814977973,0.506553142638477
crypto,BNB,priority_with_coverage_fallback,30,30,"BTC,ETH,SOL,XRP,TRX,ADA,AVAX,DOT,NEAR,ATOM,ALGO,DOGE,BCH,LTC,XLM,ETC,LINK,UNI,AAVE,INJ,FIL,VET,FET,GRT,THETA,XTZ,SAND,CHZ,DASH,HBAR","TON,SUI,ICP,MKR,RENDER,RNDR,ARB,OP,MATIC,POL,APT,SEI,EOS,MANA","CHZ,DASH,HBAR",1440,24,0.8,336,2.0,0.0,10.0,8760.0,20.98864076708707,0.6980370161315392,0.6604678100235475,1.0568827209105804,-0.8169160613774937,0.0045568332942188,117,50684.0,0.5048141425301871
crypto,BNB,priority_with_coverage_fallback,30,30,"BTC,ETH,SOL,XRP,TRX,ADA,AVAX,DOT,NEAR,ATOM,ALGO,DOGE,BCH,LTC,XLM,ETC,LINK,UNI,AAVE,INJ,FIL,VET,FET,GRT,THETA,XTZ,SAND,CHZ,DASH,HBAR","TON,SUI,ICP,MKR,RENDER,RNDR,ARB,OP,MATIC,POL,APT,SEI,EOS,MANA","CHZ,DASH,HBAR",1440,24,0.8,336,2.0,0.25,10.0,8760.0,12.604899316576056,0.5639618042464096,0.5193308708309514,1.0859393036736809,-0.6887485734531349,0.0078033325510443,395,134.64285714285714,0.5058355437665782
crypto,BNB,priority_with_coverage_fallback,30,30,"BTC,ETH,SOL,XRP,TRX,ADA,AVAX,DOT,NEAR,ATOM,ALGO,DOGE,BCH,LTC,XLM,ETC,LINK,UNI,AAVE,INJ,FIL,VET,FET,GRT,THETA,XTZ,SAND,CHZ,DASH,HBAR","TON,SUI,ICP,MKR,RENDER,RNDR,ARB,OP,MATIC,POL,APT,SEI,EOS,MANA","CHZ,DASH,HBAR",1440,24,0.8,336,2.0,0.5,10.0,8760.0,12.756011753307758,0.5669242644879142,0.4954104429908275,1.1443526726351445,-0.7026529566410826,0.0084682781819604,431,104.46046511627908,0.5067010997818246
crypto,BNB,priority_with_coverage_fallback,30,30,"BTC,ETH,SOL,XRP,TRX,ADA,AVAX,DOT,NEAR,ATOM,ALGO,DOGE,BCH,LTC,XLM,ETC,LINK,UNI,AAVE,INJ,FIL,VET,FET,GRT,THETA,XTZ,SAND,CHZ,DASH,HBAR","TON,SUI,ICP,MKR,RENDER,RNDR,ARB,OP,MATIC,POL,APT,SEI,EOS,MANA","CHZ,DASH,HBAR",1440,24,0.8,336,2.0,0.75,10.0,8760.0,11.757665270983065,0.5468284265528174,0.4513533454266734,1.211530682321385,-0.575707228488475,0.0093287960572635,476,78.34873949579831,0.5073202123666005
crypto,BNB,priority_with_coverage_fallback,30,30,"BTC,ETH,SOL,XRP,TRX,ADA,AVAX,DOT,NEAR,ATOM,ALGO,DOGE,BCH,LTC,XLM,ETC,LINK,UNI,AAVE,INJ,FIL,VET,FET,GRT,THETA,XTZ,SAND,CHZ,DASH,HBAR","TON,SUI,ICP,MKR,RENDER,RNDR,ARB,OP,MATIC,POL,APT,SEI,EOS,MANA","CHZ,DASH,HBAR",1440,24,0.8,336,2.0,1.0,10.0,8760.0,5.557671611683088,0.3801509953578055,0.4254045867876668,0.8936222296717998,-0.5757072284884748,0.0101501994836892,518,61.166023166023166,0.5085847746496654
crypto,BNB,priority_with_coverage_fallback,30,30,"BTC,ETH,SOL,XRP,TRX,ADA,AVAX,DOT,NEAR,ATOM,ALGO,DOGE,BCH,LTC,XLM,ETC,LINK,UNI,AAVE,INJ,FIL,VET,FET,GRT,THETA,XTZ,SAND,CHZ,DASH,HBAR","TON,SUI,ICP,MKR,RENDER,RNDR,ARB,OP,MATIC,POL,APT,SEI,EOS,MANA","CHZ,DASH,HBAR",1440,24,0.8,336,2.5,0.0,10.0,8760.0,40.77495431820005,0.8953848762244647,0.6591605779638023,1.3583713986512624,-0.7485987443009772,0.0029922553391222,77,50323.0,0.5061105260020269
crypto,BNB,priority_with_coverage_fallback,30,30,"BTC,ETH,SOL,XRP,TRX,ADA,AVAX,DOT,NEAR,ATOM,ALGO,DOGE,BCH,LTC,XLM,ETC,LINK,UNI,AAVE,INJ,FIL,VET,FET,GRT,THETA,XTZ,SAND,CHZ,DASH,HBAR","TON,SUI,ICP,MKR,RENDER,RNDR,ARB,OP,MATIC,POL,APT,SEI,EOS,MANA","CHZ,DASH,HBAR",1440,24,0.8,336,2.5,0.25,10.0,8760.0,14.575702822964528,0.6006326276601792,0.480027013044485,1.2512475576130075,-0.6762929241819051,0.0056324806383478,287,135.73426573426573,0.5090674909840288
crypto,BNB,priority_with_coverage_fallback,30,30,"BTC,ETH,SOL,XRP,TRX,ADA,AVAX,DOT,NEAR,ATOM,ALGO,DOGE,BCH,LTC,XLM,ETC,LINK,UNI,AAVE,INJ,FIL,VET,FET,GRT,THETA,XTZ,SAND,CHZ,DASH,HBAR","TON,SUI,ICP,MKR,RENDER,RNDR,ARB,OP,MATIC,POL,APT,SEI,EOS,MANA","CHZ,DASH,HBAR",1440,24,0.8,336,2.5,0.5,10.0,8760.0,14.752889361371455,0.6037375328543304,0.4612676344937135,1.308866019869336,-0.6911437539329968,0.0059453962293671,303,109.41059602649008,0.5112281338902004
crypto,BNB,priority_with_coverage_fallback,30,30,"BTC,ETH,SOL,XRP,TRX,ADA,AVAX,DOT,NEAR,ATOM,ALGO,DOGE,BCH,LTC,XLM,ETC,LINK,UNI,AAVE,INJ,FIL,VET,FET,GRT,THETA,XTZ,SAND,CHZ,DASH,HBAR","TON,SUI,ICP,MKR,RENDER,RNDR,ARB,OP,MATIC,POL,APT,SEI,EOS,MANA","CHZ,DASH,HBAR",1440,24,0.8,336,2.5,0.75,10.0,8760.0,13.654865952198412,0.5840085087637683,0.4161720311571715,1.4032862975917082,-0.5709055151811213,0.0062583118203864,319,84.00628930817611,0.5135135135135135
crypto,BNB,priority_with_coverage_fallback,30,30,"BTC,ETH,SOL,XRP,TRX,ADA,AVAX,DOT,NEAR,ATOM,ALGO,DOGE,BCH,LTC,XLM,ETC,LINK,UNI,AAVE,INJ,FIL,VET,FET,GRT,THETA,XTZ,SAND,CHZ,DASH,HBAR","TON,SUI,ICP,MKR,RENDER,RNDR,ARB,OP,MATIC,POL,APT,SEI,EOS,MANA","CHZ,DASH,HBAR",1440,24,0.8,336,2.5,1.0,10.0,8760.0,7.586774561210207,0.4453897381701195,0.3915979163548568,1.1373649336951983,-0.5709055151811218,0.0064929985136509,331,68.31515151515151,0.51375088715401
crypto,BNB,priority_with_coverage_fallback,30,30,"BTC,ETH,SOL,XRP,TRX,ADA,AVAX,DOT,NEAR,ATOM,ALGO,DOGE,BCH,LTC,XLM,ETC,LINK,UNI,AAVE,INJ,FIL,VET,FET,GRT,THETA,XTZ,SAND,CHZ,DASH,HBAR","TON,SUI,ICP,MKR,RENDER,RNDR,ARB,OP,MATIC,POL,APT,SEI,EOS,MANA","CHZ,DASH,HBAR",1440,24,0.8,336,3.0,0.0,10.0,8760.0,91.74086527846735,1.172878398270302,0.6591054988122739,1.7795002475079649,-0.6603257460025506,0.0019752796683094,51,50315.0,0.5089337175792508
crypto,BNB,priority_with_coverage_fallback,30,30,"BTC,ETH,SOL,XRP,TRX,ADA,AVAX,DOT,NEAR,ATOM,ALGO,DOGE,BCH,LTC,XLM,ETC,LINK,UNI,AAVE,INJ,FIL,VET,FET,GRT,THETA,XTZ,SAND,CHZ,DASH,HBAR","TON,SUI,ICP,MKR,RENDER,RNDR,ARB,OP,MATIC,POL,APT,SEI,EOS,MANA","CHZ,DASH,HBAR",1440,24,0.8,336,3.0,0.25,10.0,8760.0,12.31833216472344,0.5582681465520196,0.3961525167462101,1.4092252931707785,-0.5980913619661992,0.0038332159899867,196,140.1122448979592,0.5137280605928192
crypto,BNB,priority_with_coverage_fallback,30,30,"BTC,ETH,SOL,XRP,TRX,ADA,AVAX,DOT,NEAR,ATOM,ALGO,DOGE,BCH,LTC,XLM,ETC,LINK,UNI,AAVE,INJ,FIL,VET,FET,GRT,THETA,XTZ,SAND,CHZ,DASH,HBAR","TON,SUI,ICP,MKR,RENDER,RNDR,ARB,OP,MATIC,POL,APT,SEI,EOS,MANA","CHZ,DASH,HBAR",1440,24,0.8,336,3.0,0.5,10.0,8760.0,10.786268543038489,0.5259825630006927,0.3760537529165003,1.398689838677086,-0.5709055151811215,0.0039505593366189,202,113.93069306930693,0.5155992004866603
crypto,BNB,priority_with_coverage_fallback,30,30,"BTC,ETH,SOL,XRP,TRX,ADA,AVAX,DOT,NEAR,ATOM,ALGO,DOGE,BCH,LTC,XLM,ETC,LINK,UNI,AAVE,INJ,FIL,VET,FET,GRT,THETA,XTZ,SAND,CHZ,DASH,HBAR","TON,SUI,ICP,MKR,RENDER,RNDR,ARB,OP,MATIC,POL,APT,SEI,EOS,MANA","CHZ,DASH,HBAR",1440,24,0.8,336,3.0,0.75,10.0,8760.0,8.349810366278072,0.4666253410391972,0.3410083850946496,1.3683691118319026,-0.5709055151811218,0.0041070171321286,210,86.38095238095238,0.5187431091510474
crypto,BNB,priority_with_coverage_fallback,30,30,"BTC,ETH,SOL,XRP,TRX,ADA,AVAX,DOT,NEAR,ATOM,ALGO,DOGE,BCH,LTC,XLM,ETC,LINK,UNI,AAVE,INJ,FIL,VET,FET,GRT,THETA,XTZ,SAND,CHZ,DASH,HBAR","TON,SUI,ICP,MKR,RENDER,RNDR,ARB,OP,MATIC,POL,APT,SEI,EOS,MANA","CHZ,DASH,HBAR",1440,24,0.8,336,3.0,1.0,10.0,8760.0,5.659963185015686,0.3838156972933815,0.328884360715272,1.167023255403943,-0.5709055151811218,0.0042634749276382,218,70.56880733944953,0.5191107644305772
crypto,BNB,priority_with_coverage_fallback,30,30,"BTC,ETH,SOL,XRP,TRX,ADA,AVAX,DOT,NEAR,ATOM,ALGO,DOGE,BCH,LTC,XLM,ETC,LINK,UNI,AAVE,INJ,FIL,VET,FET,GRT,THETA,XTZ,SAND,CHZ,DASH,HBAR","TON,SUI,ICP,MKR,RENDER,RNDR,ARB,OP,MATIC,POL,APT,SEI,EOS,MANA","CHZ,DASH,HBAR",1440,72,0.8,336,1.0,0.0,10.0,8760.0,20.223953550122847,0.6877712542808243,0.703660340788566,0.9774193803647718,-0.7462175300534082,0.0080380192443088,206,50795.0,0.5017226104931588
crypto,BNB,priority_with_coverage_fallback,30,30,"BTC,ETH,SOL,XRP,TRX,ADA,AVAX,DOT,NEAR,ATOM,ALGO,DOGE,BCH,LTC,XLM,ETC,LINK,UNI,AAVE,INJ,FIL,VET,FET,GRT,THETA,XTZ,SAND,CHZ,DASH,HBAR","TON,SUI,ICP,MKR,RENDER,RNDR,ARB,OP,MATIC,POL,APT,SEI,EOS,MANA","CHZ,DASH,HBAR",1440,72,0.8,336,1.0,0.25,10.0,8760.0,4.395771791011261,0.3348004969225004,0.6295004823243705,0.5318510570258526,-0.7506778487427644,0.0147265900023468,732,105.30898876404494,0.5027473993064817
crypto,BNB,priority_with_coverage_fallback,30,30,"BTC,ETH,SOL,XRP,TRX,ADA,AVAX,DOT,NEAR,ATOM,ALGO,DOGE,BCH,LTC,XLM,ETC,LINK,UNI,AAVE,INJ,FIL,VET,FET,GRT,THETA,XTZ,SAND,CHZ,DASH,HBAR","TON,SUI,ICP,MKR,RENDER,RNDR,ARB,OP,MATIC,POL,APT,SEI,EOS,MANA","CHZ,DASH,HBAR",1440,72,0.8,336,1.0,0.5,10.0,8760.0,2.990703387730953,0.2675717882019499,0.598832734423198,0.4468222473837839,-0.7092357580837763,0.0185598059923335,940,72.96137339055794,0.5034705882352941
crypto,BNB,priority_with_coverage_fallback,30,30,"BTC,ETH,SOL,XRP,TRX,ADA,AVAX,DOT,NEAR,ATOM,ALGO,DOGE,BCH,LTC,XLM,ETC,LINK,UNI,AAVE,INJ,FIL,VET,FET,GRT,THETA,XTZ,SAND,CHZ,DASH,HBAR","TON,SUI,ICP,MKR,RENDER,RNDR,ARB,OP,MATIC,POL,APT,SEI,EOS,MANA","CHZ,DASH,HBAR",1440,72,0.8,336,1.0,0.75,10.0,8760.0,3.7408245769439183,0.3055339105688892,0.5729058563189984,0.5333056159208915,-0.6557503530965955,0.0274387858875068,1398,43.57819225251076,0.5043787449792586
crypto,BNB,priority_with_coverage_fallback,30,30,"BTC,ETH,SOL,XRP,TRX,ADA,AVAX,DOT,NEAR,ATOM,ALGO,DOGE,BCH,LTC,XLM,ETC,LINK,UNI,AAVE,INJ,FIL,VET,FET,GRT,THETA,XTZ,SAND,CHZ,DASH,HBAR","TON,SUI,ICP,MKR,RENDER,RNDR,ARB,OP,MATIC,POL,APT,SEI,EOS,MANA","CHZ,DASH,HBAR",1440,72,0.8,336,1.5,0.0,10.0,8760.0,56.797070638077926,1.003788926783943,0.7035542816748771,1.4267398449972175,-0.7223998762323198,0.006082296800438,156,50794.0,0.503209040437847
crypto,BNB,priority_with_coverage_fallback,30,30,"BTC,ETH,SOL,XRP,TRX,ADA,AVAX,DOT,NEAR,ATOM,ALGO,DOGE,BCH,LTC,XLM,ETC,LINK,UNI,AAVE,INJ,FIL,VET,FET,GRT,THETA,XTZ,SAND,CHZ,DASH,HBAR","TON,SUI,ICP,MKR,RENDER,RNDR,ARB,OP,MATIC,POL,APT,SEI,EOS,MANA","CHZ,DASH,HBAR",1440,72,0.8,336,1.5,0.25,10.0,8760.0,9.577193380461557,0.4979470498425635,0.5900451306872555,0.8439134973668528,-0.6143725954770951,0.0099937416881796,497,132.80578512396696,0.503313730981051
crypto,BNB,priority_with_coverage_fallback,30,30,"BTC,ETH,SOL,XRP,TRX,ADA,AVAX,DOT,NEAR,ATOM,ALGO,DOGE,BCH,LTC,XLM,ETC,LINK,UNI,AAVE,INJ,FIL,VET,FET,GRT,THETA,XTZ,SAND,CHZ,DASH,HBAR","TON,SUI,ICP,MKR,RENDER,RNDR,ARB,OP,MATIC,POL,APT,SEI,EOS,MANA","CHZ,DASH,HBAR",1440,72,0.8,336,1.5,0.5,10.0,8760.0,4.734432396812779,0.3487937882621892,0.5678144212732781,0.6142742684837895,-0.6773575268452892,0.0112845185011343,572,100.18661971830986,0.5037430147963308
crypto,BNB,priority_with_coverage_fallback,30,30,"BTC,ETH,SOL,XRP,TRX,ADA,AVAX,DOT,NEAR,ATOM,ALGO,DOGE,BCH,LTC,XLM,ETC,LINK,UNI,AAVE,INJ,FIL,VET,FET,GRT,THETA,XTZ,SAND,CHZ,DASH,HBAR","TON,SUI,ICP,MKR,RENDER,RNDR,ARB,OP,MATIC,POL,APT,SEI,EOS,MANA","CHZ,DASH,HBAR",1440,72,0.8,336,1.5,0.75,10.0,8760.0,3.126924094751934,0.27488179776717,0.5400272484048629,0.5090146813500952,-0.6825454229778751,0.013240240945005,675,73.38575667655786,0.5034167643847802
crypto,BNB,priority_with_coverage_fallback,30,30,"BTC,ETH,SOL,XRP,TRX,ADA,AVAX,DOT,NEAR,ATOM,ALGO,DOGE,BCH,LTC,XLM,ETC,LINK,UNI,AAVE,INJ,FIL,VET,FET,GRT,THETA,XTZ,SAND,CHZ,DASH,HBAR","TON,SUI,ICP,MKR,RENDER,RNDR,ARB,OP,MATIC,POL,APT,SEI,EOS,MANA","CHZ,DASH,HBAR",1440,72,0.8,336,1.5,1.0,10.0,8760.0,6.27278922226254,0.404842779753767,0.5155005948975369,0.7853391126235952,-0.5942333777269722,0.0170343424861143,869,48.02764976958525,0.5059489541354827
crypto,BNB,priority_with_coverage_fallback,30,30,"BTC,ETH,SOL,XRP,TRX,ADA,AVAX,DOT,NEAR,ATOM,ALGO,DOGE,BCH,LTC,XLM,ETC,LINK,UNI,AAVE,INJ,FIL,VET,FET,GRT,THETA,XTZ,SAND,CHZ,DASH,HBAR","TON,SUI,ICP,MKR,RENDER,RNDR,ARB,OP,MATIC,POL,APT,SEI,EOS,MANA","CHZ,DASH,HBAR",1440,72,0.8,336,2.0,0.0,10.0,8760.0,15.440167937790797,0.6155136149244433,0.7029234891870966,0.8756480959773597,-0.8443220540807805,0.0045959477430963,118,50684.0,0.5032751953279141
crypto,BNB,priority_with_coverage_fallback,30,30,"BTC,ETH,SOL,XRP,TRX,ADA,AVAX,DOT,NEAR,ATOM,ALGO,DOGE,BCH,LTC,XLM,ETC,LINK,UNI,AAVE,INJ,FIL,VET,FET,GRT,THETA,XTZ,SAND,CHZ,DASH,HBAR","TON,SUI,ICP,MKR,RENDER,RNDR,ARB,OP,MATIC,POL,APT,SEI,EOS,MANA","CHZ,DASH,HBAR",1440,72,0.8,336,2.0,0.25,10.0,8760.0,7.155978424535558,0.4326999714837301,0.5589210281288594,0.7741701415892533,-0.6669123042135667,0.0075490886333411,380,144.48128342245988,0.5035161744022504
crypto,BNB,priority_with_coverage_fallback,30,30,"BTC,ETH,SOL,XRP,TRX,ADA,AVAX,DOT,NEAR,ATOM,ALGO,DOGE,BCH,LTC,XLM,ETC,LINK,UNI,AAVE,INJ,FIL,VET,FET,GRT,THETA,XTZ,SAND,CHZ,DASH,HBAR","TON,SUI,ICP,MKR,RENDER,RNDR,ARB,OP,MATIC,POL,APT,SEI,EOS,MANA","CHZ,DASH,HBAR",1440,72,0.8,336,2.0,0.5,10.0,8760.0,3.842727278029546,0.3102992787229282,0.5361328273434613,0.5787731377324187,-0.7064224994696616,0.0081749198153798,417,112.53365384615384,0.5045499209638142
crypto,BNB,priority_with_coverage_fallback,30,30,"BTC,ETH,SOL,XRP,TRX,ADA,AVAX,DOT,NEAR,ATOM,ALGO,DOGE,BCH,LTC,XLM,ETC,LINK,UNI,AAVE,INJ,FIL,VET,FET,GRT,THETA,XTZ,SAND,CHZ,DASH,HBAR","TON,SUI,ICP,MKR,RENDER,RNDR,ARB,OP,MATIC,POL,APT,SEI,EOS,MANA","CHZ,DASH,HBAR",1440,72,0.8,336,2.0,0.75,10.0,8760.0,4.318942753698457,0.3315250052222853,0.5081819686356746,0.652374593518807,-0.6988128415427286,0.0090354376906829,461,84.2304347826087,0.5059619057451091
crypto,BNB,priority_with_coverage_fallback,30,30,"BTC,ETH,SOL,XRP,TRX,ADA,AVAX,DOT,NEAR,ATOM,ALGO,DOGE,BCH,LTC,XLM,ETC,LINK,UNI,AAVE,INJ,FIL,VET,FET,GRT,THETA,XTZ,SAND,CHZ,DASH,HBAR","TON,SUI,ICP,MKR,RENDER,RNDR,ARB,OP,MATIC,POL,APT,SEI,EOS,MANA","CHZ,DASH,HBAR",1440,72,0.8,336,2.0,1.0,10.0,8760.0,7.434330969172786,0.4409608665626523,0.4778855179970335,0.9227332696978476,-0.5855645951610691,0.0101697567081279,519,61.092664092664094,0.5080578904126903
crypto,BNB,priority_with_coverage_fallback,30,30,"BTC,ETH,SOL,XRP,TRX,ADA,AVAX,DOT,NEAR,ATOM,ALGO,DOGE,BCH,LTC,XLM,ETC,LINK,UNI,AAVE,INJ,FIL,VET,FET,GRT,THETA,XTZ,SAND,CHZ,DASH,HBAR","TON,SUI,ICP,MKR,RENDER,RNDR,ARB,OP,MATIC,POL,APT,SEI,EOS,MANA","CHZ,DASH,HBAR",1440,72,0.8,336,2.5,0.0,10.0,8760.0,21.966308311499134,0.7107395400281682,0.7018040810865117,1.0127321273592809,-0.7942121950963663,0.0029140264413674,75,50323.0,0.5048586133577092
crypto,BNB,priority_with_coverage_fallback,30,30,"BTC,ETH,SOL,XRP,TRX,ADA,AVAX,DOT,NEAR,ATOM,ALGO,DOGE,BCH,LTC,XLM,ETC,LINK,UNI,AAVE,INJ,FIL,VET,FET,GRT,THETA,XTZ,SAND,CHZ,DASH,HBAR","TON,SUI,ICP,MKR,RENDER,RNDR,ARB,OP,MATIC,POL,APT,SEI,EOS,MANA","CHZ,DASH,HBAR",1440,72,0.8,336,2.5,0.25,10.0,8760.0,10.681835910737622,0.523657573930381,0.5176056833588857,1.0116920867874228,-0.6066706874875047,0.0054369083939607,274,145.24444444444444,0.5060179518563851
crypto,BNB,priority_with_coverage_fallback,30,30,"BTC,ETH,SOL,XRP,TRX,ADA,AVAX,DOT,NEAR,ATOM,ALGO,DOGE,BCH,LTC,XLM,ETC,LINK,UNI,AAVE,INJ,FIL,VET,FET,GRT,THETA,XTZ,SAND,CHZ,DASH,HBAR","TON,SUI,ICP,MKR,RENDER,RNDR,ARB,OP,MATIC,POL,APT,SEI,EOS,MANA","CHZ,DASH,HBAR",1440,72,0.8,336,2.5,0.5,10.0,8760.0,7.9474916621774785,0.455615565692675,0.4974808809070642,0.9158453785438838,-0.6285989773439349,0.0058671673316122,299,114.80536912751678,0.507190459487899
crypto,BNB,priority_with_coverage_fallback,30,30,"BTC,ETH,SOL,XRP,TRX,ADA,AVAX,DOT,NEAR,ATOM,ALGO,DOGE,BCH,LTC,XLM,ETC,LINK,UNI,AAVE,INJ,FIL,VET,FET,GRT,THETA,XTZ,SAND,CHZ,DASH,HBAR","TON,SUI,ICP,MKR,RENDER,RNDR,ARB,OP,MATIC,POL,APT,SEI,EOS,MANA","CHZ,DASH,HBAR",1440,72,0.8,336,2.5,0.75,10.0,8760.0,7.31366634580724,0.4374079734380376,0.4655287984622334,0.9395938014638696,-0.6217683107609683,0.0061800829226316,315,90.22929936305732,0.5093180855569673
crypto,BNB,priority_with_coverage_fallback,30,30,"BTC,ETH,SOL,XRP,TRX,ADA,AVAX,DOT,NEAR,ATOM,ALGO,DOGE,BCH,LTC,XLM,ETC,LINK,UNI,AAVE,INJ,FIL,VET,FET,GRT,THETA,XTZ,SAND,CHZ,DASH,HBAR","TON,SUI,ICP,MKR,RENDER,RNDR,ARB,OP,MATIC,POL,APT,SEI,EOS,MANA","CHZ,DASH,HBAR",1440,72,0.8,336,2.5,1.0,10.0,8760.0,11.099540817119836,0.5328560015341015,0.4383598609930541,1.2155675027521389,-0.5836962540588286,0.0065712274114057,335,68.55688622754491,0.5114857192767928
crypto,BNB,priority_with_coverage_fallback,30,30,"BTC,ETH,SOL,XRP,TRX,ADA,AVAX,DOT,NEAR,ATOM,ALGO,DOGE,BCH,LTC,XLM,ETC,LINK,UNI,AAVE,INJ,FIL,VET,FET,GRT,THETA,XTZ,SAND,CHZ,DASH,HBAR","TON,SUI,ICP,MKR,RENDER,RNDR,ARB,OP,MATIC,POL,APT,SEI,EOS,MANA","CHZ,DASH,HBAR",1440,72,0.8,336,3.0,0.0,10.0,8760.0,16.26865715422233,0.6291787206580777,0.7017531433151161,0.8965812645823098,-0.7319181862861978,0.0018579363216772,48,50315.0,0.5081188512372056
crypto,BNB,priority_with_coverage_fallback,30,30,"BTC,ETH,SOL,XRP,TRX,ADA,AVAX,DOT,NEAR,ATOM,ALGO,DOGE,BCH,LTC,XLM,ETC,LINK,UNI,AAVE,INJ,FIL,VET,FET,GRT,THETA,XTZ,SAND,CHZ,DASH,HBAR","TON,SUI,ICP,MKR,RENDER,RNDR,ARB,OP,MATIC,POL,APT,SEI,EOS,MANA","CHZ,DASH,HBAR",1440,72,0.8,336,3.0,0.25,10.0,8760.0,4.550403096091306,0.3412774861260343,0.4110117888504164,0.8303350302446892,-0.6126874378499836,0.0035203003989673,180,143.17777777777778,0.5115629365202545
crypto,BNB,priority_with_coverage_fallback,30,30,"BTC,ETH,SOL,XRP,TRX,ADA,AVAX,DOT,NEAR,ATOM,ALGO,DOGE,BCH,LTC,XLM,ETC,LINK,UNI,AAVE,INJ,FIL,VET,FET,GRT,THETA,XTZ,SAND,CHZ,DASH,HBAR","TON,SUI,ICP,MKR,RENDER,RNDR,ARB,OP,MATIC,POL,APT,SEI,EOS,MANA","CHZ,DASH,HBAR",1440,72,0.8,336,3.0,0.5,10.0,8760.0,4.2666746677646055,0.3292741516222572,0.3979247543788302,0.8274784315347806,-0.6256540034977905,0.0036376437455996,186,115.81720430107526,0.513415653142698
crypto,BNB,priority_with_coverage_fallback,30,30,"BTC,ETH,SOL,XRP,TRX,ADA,AVAX,DOT,NEAR,ATOM,ALGO,DOGE,BCH,LTC,XLM,ETC,LINK,UNI,AAVE,INJ,FIL,VET,FET,GRT,THETA,XTZ,SAND,CHZ,DASH,HBAR","TON,SUI,ICP,MKR,RENDER,RNDR,ARB,OP,MATIC,POL,APT,SEI,EOS,MANA","CHZ,DASH,HBAR",1440,72,0.8,336,3.0,0.75,10.0,8760.0,3.3227842817016704,0.2850494242227313,0.3838584093206522,0.7425900209590514,-0.595437982373853,0.0037158726433544,190,94.22105263157894,0.5153614121327226
crypto,BNB,priority_with_coverage_fallback,30,30,"BTC,ETH,SOL,XRP,TRX,ADA,AVAX,DOT,NEAR,ATOM,ALGO,DOGE,BCH,LTC,XLM,ETC,LINK,UNI,AAVE,INJ,FIL,VET,FET,GRT,THETA,XTZ,SAND,CHZ,DASH,HBAR","TON,SUI,ICP,MKR,RENDER,RNDR,ARB,OP,MATIC,POL,APT,SEI,EOS,MANA","CHZ,DASH,HBAR",1440,72,0.8,336,3.0,1.0,10.0,8760.0,2.945420684888285,0.2650959741959222,0.3759662722327098,0.7051057336117565,-0.5836962540588289,0.0038723304388641,198,74.46464646464646,0.5130222463374933
crypto,BNB,priority_with_coverage_fallback,30,30,"BTC,ETH,SOL,XRP,TRX,ADA,AVAX,DOT,NEAR,ATOM,ALGO,DOGE,BCH,LTC,XLM,ETC,LINK,UNI,AAVE,INJ,FIL,VET,FET,GRT,THETA,XTZ,SAND,CHZ,DASH,HBAR","TON,SUI,ICP,MKR,RENDER,RNDR,ARB,OP,MATIC,POL,APT,SEI,EOS,MANA","CHZ,DASH,HBAR",1440,168,0.8,336,1.0,0.0,10.0,8760.0,83.5490324282429,1.138723940903653,0.8363740359149957,1.3615008261918191,-0.6658267726608318,0.0078815614487991,202,50796.0,0.5012993149066856
crypto,BNB,priority_with_coverage_fallback,30,30,"BTC,ETH,SOL,XRP,TRX,ADA,AVAX,DOT,NEAR,ATOM,ALGO,DOGE,BCH,LTC,XLM,ETC,LINK,UNI,AAVE,INJ,FIL,VET,FET,GRT,THETA,XTZ,SAND,CHZ,DASH,HBAR","TON,SUI,ICP,MKR,RENDER,RNDR,ARB,OP,MATIC,POL,APT,SEI,EOS,MANA","CHZ,DASH,HBAR",1440,168,0.8,336,1.0,0.25,10.0,8760.0,12.726030505084111,0.5663386537397512,0.7596888013563824,0.7454876953939361,-0.6525757459859186,0.0134749276382695,659,119.32380952380952,0.5005720062787666
crypto,BNB,priority_with_coverage_fallback,30,30,"BTC,ETH,SOL,XRP,TRX,ADA,AVAX,DOT,NEAR,ATOM,ALGO,DOGE,BCH,LTC,XLM,ETC,LINK,UNI,AAVE,INJ,FIL,VET,FET,GRT,THETA,XTZ,SAND,CHZ,DASH,HBAR","TON,SUI,ICP,MKR,RENDER,RNDR,ARB,OP,MATIC,POL,APT,SEI,EOS,MANA","CHZ,DASH,HBAR",1440,168,0.8,336,1.0,0.5,10.0,8760.0,9.366216303200336,0.4927853704240668,0.7402895469556705,0.6656657147876429,-0.6790666274340191,0.0171125713838692,854,81.70263788968825,0.5007924860581157
crypto,BNB,priority_with_coverage_fallback,30,30,"BTC,ETH,SOL,XRP,TRX,ADA,AVAX,DOT,NEAR,ATOM,ALGO,DOGE,BCH,LTC,XLM,ETC,LINK,UNI,AAVE,INJ,FIL,VET,FET,GRT,THETA,XTZ,SAND,CHZ,DASH,HBAR","TON,SUI,ICP,MKR,RENDER,RNDR,ARB,OP,MATIC,POL,APT,SEI,EOS,MANA","CHZ,DASH,HBAR",1440,168,0.8,336,1.0,0.75,10.0,8760.0,5.165721455878931,0.3656551848997831,0.7186219025945356,0.5088283332022164,-0.6533715618168727,0.0241140577329265,1222,50.58085808580858,0.5007177345687067
crypto,BNB,priority_with_coverage_fallback,30,30,"BTC,ETH,SOL,XRP,TRX,ADA,AVAX,DOT,NEAR,ATOM,ALGO,DOGE,BCH,LTC,XLM,ETC,LINK,UNI,AAVE,INJ,FIL,VET,FET,GRT,THETA,XTZ,SAND,CHZ,DASH,HBAR","TON,SUI,ICP,MKR,RENDER,RNDR,ARB,OP,MATIC,POL,APT,SEI,EOS,MANA","CHZ,DASH,HBAR",1440,168,0.8,336,1.5,0.0,10.0,8760.0,59.83565903941841,1.0214559424487462,0.8363724449519097,1.2212931554763005,-0.8022906008369652,0.0060040679026832,154,50794.0,0.5029924794267039
crypto,BNB,priority_with_coverage_fallback,30,30,"BTC,ETH,SOL,XRP,TRX,ADA,AVAX,DOT,NEAR,ATOM,ALGO,DOGE,BCH,LTC,XLM,ETC,LINK,UNI,AAVE,INJ,FIL,VET,FET,GRT,THETA,XTZ,SAND,CHZ,DASH,HBAR","TON,SUI,ICP,MKR,RENDER,RNDR,ARB,OP,MATIC,POL,APT,SEI,EOS,MANA","CHZ,DASH,HBAR",1440,168,0.8,336,1.5,0.25,10.0,8760.0,10.309999429313264,0.5152369926743798,0.7336150136213498,0.7023261289746664,-0.6722701589984399,0.0097590549949151,484,141.98723404255318,0.5016932897773249
crypto,BNB,priority_with_coverage_fallback,30,30,"BTC,ETH,SOL,XRP,TRX,ADA,AVAX,DOT,NEAR,ATOM,ALGO,DOGE,BCH,LTC,XLM,ETC,LINK,UNI,AAVE,INJ,FIL,VET,FET,GRT,THETA,XTZ,SAND,CHZ,DASH,HBAR","TON,SUI,ICP,MKR,RENDER,RNDR,ARB,OP,MATIC,POL,APT,SEI,EOS,MANA","CHZ,DASH,HBAR",1440,168,0.8,336,1.5,0.5,10.0,8760.0,7.336428242796716,0.4380814385613185,0.7086395471980161,0.618200663924991,-0.6780207364310851,0.0112454040522569,564,106.24548736462094,0.5016309887869521
crypto,BNB,priority_with_coverage_fallback,30,30,"BTC,ETH,SOL,XRP,TRX,ADA,AVAX,DOT,NEAR,ATOM,ALGO,DOGE,BCH,LTC,XLM,ETC,LINK,UNI,AAVE,INJ,FIL,VET,FET,GRT,THETA,XTZ,SAND,CHZ,DASH,HBAR","TON,SUI,ICP,MKR,RENDER,RNDR,ARB,OP,MATIC,POL,APT,SEI,EOS,MANA","CHZ,DASH,HBAR",1440,168,0.8,336,1.5,0.75,10.0,8760.0,10.17466414311896,0.5121152002891245,0.685994179871258,0.7465299492558877,-0.6451187503863138,0.0132793553938825,672,77.32132132132132,0.5013981668479105
crypto,BNB,priority_with_coverage_fallback,30,30,"BTC,ETH,SOL,XRP,TRX,ADA,AVAX,DOT,NEAR,ATOM,ALGO,DOGE,BCH,LTC,XLM,ETC,LINK,UNI,AAVE,INJ,FIL,VET,FET,GRT,THETA,XTZ,SAND,CHZ,DASH,HBAR","TON,SUI,ICP,MKR,RENDER,RNDR,ARB,OP,MATIC,POL,APT,SEI,EOS,MANA","CHZ,DASH,HBAR",1440,168,0.8,336,1.5,1.0,10.0,8760.0,10.7166518178194,0.5244345893845817,0.604684936964313,0.867285684372079,-0.5927821177370387,0.0165258546507079,840,53.77033492822967,0.5027140060508988
crypto,BNB,priority_with_coverage_fallback,30,30,"BTC,ETH,SOL,XRP,TRX,ADA,AVAX,DOT,NEAR,ATOM,ALGO,DOGE,BCH,LTC,XLM,ETC,LINK,UNI,AAVE,INJ,FIL,VET,FET,GRT,THETA,XTZ,SAND,CHZ,DASH,HBAR","TON,SUI,ICP,MKR,RENDER,RNDR,ARB,OP,MATIC,POL,APT,SEI,EOS,MANA","CHZ,DASH,HBAR",1440,168,0.8,336,2.0,0.0,10.0,8760.0,22.323002937081085,0.7152625040636722,0.8353474910097832,0.856245468815678,-0.8639338892196561,0.004478604396464,115,50518.0,0.5023753909497605
crypto,BNB,priority_with_coverage_fallback,30,30,"BTC,ETH,SOL,XRP,TRX,ADA,AVAX,DOT,NEAR,ATOM,ALGO,DOGE,BCH,LTC,XLM,ETC,LINK,UNI,AAVE,INJ,FIL,VET,FET,GRT,THETA,XTZ,SAND,CHZ,DASH,HBAR","TON,SUI,ICP,MKR,RENDER,RNDR,ARB,OP,MATIC,POL,APT,SEI,EOS,MANA","CHZ,DASH,HBAR",1440,168,0.8,336,2.0,0.25,10.0,8760.0,6.556053083591387,0.4140690894823791,0.6989890876066555,0.5923827665180799,-0.8678387532597368,0.0072948447156379,361,158.29142857142858,0.5042778239052742
crypto,BNB,priority_with_coverage_fallback,30,30,"BTC,ETH,SOL,XRP,TRX,ADA,AVAX,DOT,NEAR,ATOM,ALGO,DOGE,BCH,LTC,XLM,ETC,LINK,UNI,AAVE,INJ,FIL,VET,FET,GRT,THETA,XTZ,SAND,CHZ,DASH,HBAR","TON,SUI,ICP,MKR,RENDER,RNDR,ARB,OP,MATIC,POL,APT,SEI,EOS,MANA","CHZ,DASH,HBAR",1440,168,0.8,336,2.0,0.5,10.0,8760.0,5.817652184475064,0.3893747218570376,0.6843875609029063,0.5689389230618672,-0.85512640450027,0.0078815614487991,394,123.20207253886012,0.5042896795357052
crypto,BNB,priority_with_coverage_fallback,30,30,"BTC,ETH,SOL,XRP,TRX,ADA,AVAX,DOT,NEAR,ATOM,ALGO,DOGE,BCH,LTC,XLM,ETC,LINK,UNI,AAVE,INJ,FIL,VET,FET,GRT,THETA,XTZ,SAND,CHZ,DASH,HBAR","TON,SUI,ICP,MKR,RENDER,RNDR,ARB,OP,MATIC,POL,APT,SEI,EOS,MANA","CHZ,DASH,HBAR",1440,168,0.8,336,2.0,0.75,10.0,8760.0,13.122983541234282,0.5740077951132261,0.656136119692484,0.8748303559057996,-0.7500826425238476,0.0087811937729797,445,89.4524886877828,0.5036167737366584
crypto,BNB,priority_with_coverage_fallback,30,30,"BTC,ETH,SOL,XRP,TRX,ADA,AVAX,DOT,NEAR,ATOM,ALGO,DOGE,BCH,LTC,XLM,ETC,LINK,UNI,AAVE,INJ,FIL,VET,FET,GRT,THETA,XTZ,SAND,CHZ,DASH,HBAR","TON,SUI,ICP,MKR,RENDER,RNDR,ARB,OP,MATIC,POL,APT,SEI,EOS,MANA","CHZ,DASH,HBAR",1440,168,0.8,336,2.0,1.0,10.0,8760.0,15.6519463827605,0.619060044708458,0.5586648820643156,1.1081062450551338,-0.6238618526889763,0.0097199405460377,493,67.16734693877551,0.5063198833252309
crypto,BNB,priority_with_coverage_fallback,30,30,"BTC,ETH,SOL,XRP,TRX,ADA,AVAX,DOT,NEAR,ATOM,ALGO,DOGE,BCH,LTC,XLM,ETC,LINK,UNI,AAVE,INJ,FIL,VET,FET,GRT,THETA,XTZ,SAND,CHZ,DASH,HBAR","TON,SUI,ICP,MKR,RENDER,RNDR,ARB,OP,MATIC,POL,APT,SEI,EOS,MANA","CHZ,DASH,HBAR",1440,168,0.8,336,2.5,0.0,10.0,8760.0,4.562678113769059,0.3417852127731344,0.8353532178363923,0.4091505311470227,-0.8300851606526826,0.0026793397481029,69,50516.0,0.5002177527911948
crypto,BNB,priority_with_coverage_fallback,30,30,"BTC,ETH,SOL,XRP,TRX,ADA,AVAX,DOT,NEAR,ATOM,ALGO,DOGE,BCH,LTC,XLM,ETC,LINK,UNI,AAVE,INJ,FIL,VET,FET,GRT,THETA,XTZ,SAND,CHZ,DASH,HBAR","TON,SUI,ICP,MKR,RENDER,RNDR,ARB,OP,MATIC,POL,APT,SEI,EOS,MANA","CHZ,DASH,HBAR",1440,168,0.8,336,2.5,0.25,10.0,8760.0,3.443366163358867,0.2911207789074908,0.6779058653656868,0.4294413041410252,-0.8627192174222793,0.0051826644762575,260,170.8203125,0.5020809512920192
crypto,BNB,priority_with_coverage_fallback,30,30,"BTC,ETH,SOL,XRP,TRX,ADA,AVAX,DOT,NEAR,ATOM,ALGO,DOGE,BCH,LTC,XLM,ETC,LINK,UNI,AAVE,INJ,FIL,VET,FET,GRT,THETA,XTZ,SAND,CHZ,DASH,HBAR","TON,SUI,ICP,MKR,RENDER,RNDR,ARB,OP,MATIC,POL,APT,SEI,EOS,MANA","CHZ,DASH,HBAR",1440,168,0.8,336,2.5,0.5,10.0,8760.0,3.7066263583706816,0.303915640838424,0.6642961207463226,0.4575002492818734,-0.8483063048708666,0.0054955800672768,277,133.38686131386862,0.5029002955018058
crypto,BNB,priority_with_coverage_fallback,30,30,"BTC,ETH,SOL,XRP,TRX,ADA,AVAX,DOT,NEAR,ATOM,ALGO,DOGE,BCH,LTC,XLM,ETC,LINK,UNI,AAVE,INJ,FIL,VET,FET,GRT,THETA,XTZ,SAND,CHZ,DASH,HBAR","TON,SUI,ICP,MKR,RENDER,RNDR,ARB,OP,MATIC,POL,APT,SEI,EOS,MANA","CHZ,DASH,HBAR",1440,168,0.8,336,2.5,0.75,10.0,8760.0,3.1442097024490216,0.2757950420971999,0.5242152527244641,0.5261102966077986,-0.7558543425167913,0.0057302667605413,292,96.5958904109589,0.5035807984116855
crypto,BNB,priority_with_coverage_fallback,30,30,"BTC,ETH,SOL,XRP,TRX,ADA,AVAX,DOT,NEAR,ATOM,ALGO,DOGE,BCH,LTC,XLM,ETC,LINK,UNI,AAVE,INJ,FIL,VET,FET,GRT,THETA,XTZ,SAND,CHZ,DASH,HBAR","TON,SUI,ICP,MKR,RENDER,RNDR,ARB,OP,MATIC,POL,APT,SEI,EOS,MANA","CHZ,DASH,HBAR",1440,168,0.8,336,2.5,1.0,10.0,8760.0,4.140274621306769,0.3237534075784223,0.3968798351607687,0.8157466792115445,-0.5764310269371116,0.0060040679026832,306,77.66666666666667,0.505343768408651
crypto,BNB,priority_with_coverage_fallback,30,30,"BTC,ETH,SOL,XRP,TRX,ADA,AVAX,DOT,NEAR,ATOM,ALGO,DOGE,BCH,LTC,XLM,ETC,LINK,UNI,AAVE,INJ,FIL,VET,FET,GRT,THETA,XTZ,SAND,CHZ,DASH,HBAR","TON,SUI,ICP,MKR,RENDER,RNDR,ARB,OP,MATIC,POL,APT,SEI,EOS,MANA","CHZ,DASH,HBAR",1440,168,0.8,336,3.0,0.0,10.0,8760.0,4.792917584874276,0.351140634146337,0.8349522590008103,0.420551750547448,-0.7723052153787593,0.0017797074239223,46,50315.0,0.5030905296631223
crypto,BNB,priority_with_coverage_fallback,30,30,"BTC,ETH,SOL,XRP,TRX,ADA,AVAX,DOT,NEAR,ATOM,ALGO,DOGE,BCH,LTC,XLM,ETC,LINK,UNI,AAVE,INJ,FIL,VET,FET,GRT,THETA,XTZ,SAND,CHZ,DASH,HBAR","TON,SUI,ICP,MKR,RENDER,RNDR,ARB,OP,MATIC,POL,APT,SEI,EOS,MANA","CHZ,DASH,HBAR",1440,168,0.8,336,3.0,0.25,10.0,8760.0,3.0036754109147603,0.2682767376870472,0.6244660006488717,0.4296098384992706,-0.7642510877433811,0.0035203003989673,178,172.5681818181818,0.5065191623864085
crypto,BNB,priority_with_coverage_fallback,30,30,"BTC,ETH,SOL,XRP,TRX,ADA,AVAX,DOT,NEAR,ATOM,ALGO,DOGE,BCH,LTC,XLM,ETC,LINK,UNI,AAVE,INJ,FIL,VET,FET,GRT,THETA,XTZ,SAND,CHZ,DASH,HBAR","TON,SUI,ICP,MKR,RENDER,RNDR,ARB,OP,MATIC,POL,APT,SEI,EOS,MANA","CHZ,DASH,HBAR",1440,168,0.8,336,3.0,0.5,10.0,8760.0,3.959599521473807,0.3156634429076717,0.6122246616530864,0.5156006653755816,-0.7399519747296439,0.0037549870922318,190,134.61702127659575,0.5079026394815869
crypto,BNB,priority_with_coverage_fallback,30,30,"BTC,ETH,SOL,XRP,TRX,ADA,AVAX,DOT,NEAR,ATOM,ALGO,DOGE,BCH,LTC,XLM,ETC,LINK,UNI,AAVE,INJ,FIL,VET,FET,GRT,THETA,XTZ,SAND,CHZ,DASH,HBAR","TON,SUI,ICP,MKR,RENDER,RNDR,ARB,OP,MATIC,POL,APT,SEI,EOS,MANA","CHZ,DASH,HBAR",1440,168,0.8,336,3.0,0.75,10.0,8760.0,3.167833180306732,0.2770380415581053,0.4745223416855538,0.5838250746509357,-0.624289940209821,0.0037941015411092,194,102.54639175257732,0.5082939579772796
crypto,BNB,priority_with_coverage_fallback,30,30,"BTC,ETH,SOL,XRP,TRX,ADA,AVAX,DOT,NEAR,ATOM,ALGO,DOGE,BCH,LTC,XLM,ETC,LINK,UNI,AAVE,INJ,FIL,VET,FET,GRT,THETA,XTZ,SAND,CHZ,DASH,HBAR","TON,SUI,ICP,MKR,RENDER,RNDR,ARB,OP,MATIC,POL,APT,SEI,EOS,MANA","CHZ,DASH,HBAR",1440,168,0.8,336,3.0,1.0,10.0,8760.0,2.56221355988816,0.2431438099830813,0.3361974950631295,0.7232171968962023,-0.4576954234791063,0.0039114448877415,200,82.06,0.5102364123811844
crypto,BNB,priority_with_coverage_fallback,30,30,"BTC,ETH,SOL,XRP,TRX,ADA,AVAX,DOT,NEAR,ATOM,ALGO,DOGE,BCH,LTC,XLM,ETC,LINK,UNI,AAVE,INJ,FIL,VET,FET,GRT,THETA,XTZ,SAND,CHZ,DASH,HBAR","TON,SUI,ICP,MKR,RENDER,RNDR,ARB,OP,MATIC,POL,APT,SEI,EOS,MANA","CHZ,DASH,HBAR",1440,336,0.8,336,1.0,0.0,10.0,8760.0,10.068453538805109,0.509643211539788,0.9377246930074244,0.5434891662128309,-0.8564043023124712,0.0075686458577798,194,50796.0,0.5001968658949524
crypto,BNB,priority_with_coverage_fallback,30,30,"BTC,ETH,SOL,XRP,TRX,ADA,AVAX,DOT,NEAR,ATOM,ALGO,DOGE,BCH,LTC,XLM,ETC,LINK,UNI,AAVE,INJ,FIL,VET,FET,GRT,THETA,XTZ,SAND,CHZ,DASH,HBAR","TON,SUI,ICP,MKR,RENDER,RNDR,ARB,OP,MATIC,POL,APT,SEI,EOS,MANA","CHZ,DASH,HBAR",1440,336,0.8,336,1.0,0.25,10.0,8760.0,2.5434672414490467,0.2420205566461806,0.8570757306974749,0.2823794304025246,-0.8144309084438335,0.0127317531095986,612,131.73170731707316,0.5008596291692015
crypto,BNB,priority_with_coverage_fallback,30,30,"BTC,ETH,SOL,XRP,TRX,ADA,AVAX,DOT,NEAR,ATOM,ALGO,DOGE,BCH,LTC,XLM,ETC,LINK,UNI,AAVE,INJ,FIL,VET,FET,GRT,THETA,XTZ,SAND,CHZ,DASH,HBAR","TON,SUI,ICP,MKR,RENDER,RNDR,ARB,OP,MATIC,POL,APT,SEI,EOS,MANA","CHZ,DASH,HBAR",1440,336,0.8,336,1.0,0.5,10.0,8760.0,0.8851342573840681,0.114735917230178,0.8430930147461165,0.1360892751136467,-0.830272831049964,0.0160173668153015,793,89.70572916666667,0.5010595988039597
crypto,BNB,priority_with_coverage_fallback,30,30,"BTC,ETH,SOL,XRP,TRX,ADA,AVAX,DOT,NEAR,ATOM,ALGO,DOGE,BCH,LTC,XLM,ETC,LINK,UNI,AAVE,INJ,FIL,VET,FET,GRT,THETA,XTZ,SAND,CHZ,DASH,HBAR","TON,SUI,ICP,MKR,RENDER,RNDR,ARB,OP,MATIC,POL,APT,SEI,EOS,MANA","CHZ,DASH,HBAR",1440,336,0.8,336,1.0,0.75,10.0,8760.0,1.4507860759928215,0.1659939648529289,0.82749250297169,0.2005987537733715,-0.8176029358741291,0.0233708832042556,1179,52.986254295532646,0.5011025358324146
crypto,BNB,priority_with_coverage_fallback,30,30,"BTC,ETH,SOL,XRP,TRX,ADA,AVAX,DOT,NEAR,ATOM,ALGO,DOGE,BCH,LTC,XLM,ETC,LINK,UNI,AAVE,INJ,FIL,VET,FET,GRT,THETA,XTZ,SAND,CHZ,DASH,HBAR","TON,SUI,ICP,MKR,RENDER,RNDR,ARB,OP,MATIC,POL,APT,SEI,EOS,MANA","CHZ,DASH,HBAR",1440,336,0.8,336,1.5,0.0,10.0,8760.0,3.88077941907941,0.3120574510022229,0.9377676530087736,0.3327662774473021,-0.9415442704821873,0.0059258390049284,152,50796.0,0.4999606268210095
crypto,BNB,priority_with_coverage_fallback,30,30,"BTC,ETH,SOL,XRP,TRX,ADA,AVAX,DOT,NEAR,ATOM,ALGO,DOGE,BCH,LTC,XLM,ETC,LINK,UNI,AAVE,INJ,FIL,VET,FET,GRT,THETA,XTZ,SAND,CHZ,DASH,HBAR","TON,SUI,ICP,MKR,RENDER,RNDR,ARB,OP,MATIC,POL,APT,SEI,EOS,MANA","CHZ,DASH,HBAR",1440,336,0.8,336,1.5,0.25,10.0,8760.0,0.1498181714515085,0.0242054135375713,0.8249726309510375,0.0293408685687755,-0.9178903679033954,0.0092505671595087,448,156.71698113207546,0.5002106910666988
crypto,BNB,priority_with_coverage_fallback,30,30,"BTC,ETH,SOL,XRP,TRX,ADA,AVAX,DOT,NEAR,ATOM,ALGO,DOGE,BCH,LTC,XLM,ETC,LINK,UNI,AAVE,INJ,FIL,VET,FET,GRT,THETA,XTZ,SAND,CHZ,DASH,HBAR","TON,SUI,ICP,MKR,RENDER,RNDR,ARB,OP,MATIC,POL,APT,SEI,EOS,MANA","CHZ,DASH,HBAR",1440,336,0.8,336,1.5,0.5,10.0,8760.0,0.2222895131904676,0.034986717884462,0.8080991194642405,0.0432950823008665,-0.8936256273206757,0.0107760306657279,533,115.56589147286822,0.5009726321438154
crypto,BNB,priority_with_coverage_fallback,30,30,"BTC,ETH,SOL,XRP,TRX,ADA,AVAX,DOT,NEAR,ATOM,ALGO,DOGE,BCH,LTC,XLM,ETC,LINK,UNI,AAVE,INJ,FIL,VET,FET,GRT,THETA,XTZ,SAND,CHZ,DASH,HBAR","TON,SUI,ICP,MKR,RENDER,RNDR,ARB,OP,MATIC,POL,APT,SEI,EOS,MANA","CHZ,DASH,HBAR",1440,336,0.8,336,1.5,0.75,10.0,8760.0,0.3715427569679248,0.0556182319808151,0.7799277657051414,0.0713120296858903,-0.8770571125258682,0.0129273253539857,651,79.77570093457943,0.5014058106841612
crypto,BNB,priority_with_coverage_fallback,30,30,"BTC,ETH,SOL,XRP,TRX,ADA,AVAX,DOT,NEAR,ATOM,ALGO,DOGE,BCH,LTC,XLM,ETC,LINK,UNI,AAVE,INJ,FIL,VET,FET,GRT,THETA,XTZ,SAND,CHZ,DASH,HBAR","TON,SUI,ICP,MKR,RENDER,RNDR,ARB,OP,MATIC,POL,APT,SEI,EOS,MANA","CHZ,DASH,HBAR",1440,336,0.8,336,1.5,1.0,10.0,8760.0,-0.3702385243283269,-0.0761646218569531,0.6637399768893001,-0.1147506923025913,-0.8671387646451723,0.0154306500821403,781,56.423772609819125,0.5006411430664957
crypto,BNB,priority_with_coverage_fallback,30,30,"BTC,ETH,SOL,XRP,TRX,ADA,AVAX,DOT,NEAR,ATOM,ALGO,DOGE,BCH,LTC,XLM,ETC,LINK,UNI,AAVE,INJ,FIL,VET,FET,GRT,THETA,XTZ,SAND,CHZ,DASH,HBAR","TON,SUI,ICP,MKR,RENDER,RNDR,ARB,OP,MATIC,POL,APT,SEI,EOS,MANA","CHZ,DASH,HBAR",1440,336,0.8,336,2.0,0.0,10.0,8760.0,4.4709037753582255,0.3379664705780796,0.9377585700817884,0.360398167887288,-0.8487000341410261,0.0044003754987092,113,50794.0,0.5008071819506241
crypto,BNB,priority_with_coverage_fallback,30,30,"BTC,ETH,SOL,XRP,TRX,ADA,AVAX,DOT,NEAR,ATOM,ALGO,DOGE,BCH,LTC,XLM,ETC,LINK,UNI,AAVE,INJ,FIL,VET,FET,GRT,THETA,XTZ,SAND,CHZ,DASH,HBAR","TON,SUI,ICP,MKR,RENDER,RNDR,ARB,OP,MATIC,POL,APT,SEI,EOS,MANA","CHZ,DASH,HBAR",1440,336,0.8,336,2.0,0.25,10.0,8760.0,0.0724633399217045,0.0120574388085423,0.773373579694007,0.0155907043182326,-0.8881052620526312,0.0070014863490573,345,176.3855421686747,0.5009904371584699
crypto,BNB,priority_with_coverage_fallback,30,30,"BTC,ETH,SOL,XRP,TRX,ADA,AVAX,DOT,NEAR,ATOM,ALGO,DOGE,BCH,LTC,XLM,ETC,LINK,UNI,AAVE,INJ,FIL,VET,FET,GRT,THETA,XTZ,SAND,CHZ,DASH,HBAR","TON,SUI,ICP,MKR,RENDER,RNDR,ARB,OP,MATIC,POL,APT,SEI,EOS,MANA","CHZ,DASH,HBAR",1440,336,0.8,336,2.0,0.5,10.0,8760.0,-0.0567673634107083,-0.0099624575036464,0.7615020905140651,-0.0130826397297492,-0.8730011010638085,0.0075882030822185,378,140.6576086956522,0.5016034929098566
crypto,BNB,priority_with_coverage_fallback,30,30,"BTC,ETH,SOL,XRP,TRX,ADA,AVAX,DOT,NEAR,ATOM,ALGO,DOGE,BCH,LTC,XLM,ETC,LINK,UNI,AAVE,INJ,FIL,VET,FET,GRT,THETA,XTZ,SAND,CHZ,DASH,HBAR","TON,SUI,ICP,MKR,RENDER,RNDR,ARB,OP,MATIC,POL,APT,SEI,EOS,MANA","CHZ,DASH,HBAR",1440,336,0.8,336,2.0,0.75,10.0,8760.0,0.1829186929761557,0.0291975089811797,0.7263514979399117,0.0401974926244251,-0.8157496289671566,0.0084878354063991,431,99.69158878504672,0.5022968032248992
crypto,BNB,priority_with_coverage_fallback,30,30,"BTC,ETH,SOL,XRP,TRX,ADA,AVAX,DOT,NEAR,ATOM,ALGO,DOGE,BCH,LTC,XLM,ETC,LINK,UNI,AAVE,INJ,FIL,VET,FET,GRT,THETA,XTZ,SAND,CHZ,DASH,HBAR","TON,SUI,ICP,MKR,RENDER,RNDR,ARB,OP,MATIC,POL,APT,SEI,EOS,MANA","CHZ,DASH,HBAR",1440,336,0.8,336,2.0,1.0,10.0,8760.0,-0.239301033195492,-0.0457784318294391,0.6040459732387442,-0.0757863372285831,-0.80118260698206,0.0091918954861926,468,76.31330472103004,0.5018840335189247
crypto,BNB,priority_with_coverage_fallback,30,30,"BTC,ETH,SOL,XRP,TRX,ADA,AVAX,DOT,NEAR,ATOM,ALGO,DOGE,BCH,LTC,XLM,ETC,LINK,UNI,AAVE,INJ,FIL,VET,FET,GRT,THETA,XTZ,SAND,CHZ,DASH,HBAR","TON,SUI,ICP,MKR,RENDER,RNDR,ARB,OP,MATIC,POL,APT,SEI,EOS,MANA","CHZ,DASH,HBAR",1440,336,0.8,336,2.5,0.0,10.0,8760.0,28.58244055345727,0.7865675308186479,0.9363743169681858,0.8400139950072683,-0.7728986816749938,0.0036180865211609,93,50315.0,0.5047798867137037
crypto,BNB,priority_with_coverage_fallback,30,30,"BTC,ETH,SOL,XRP,TRX,ADA,AVAX,DOT,NEAR,ATOM,ALGO,DOGE,BCH,LTC,XLM,ETC,LINK,UNI,AAVE,INJ,FIL,VET,FET,GRT,THETA,XTZ,SAND,CHZ,DASH,HBAR","TON,SUI,ICP,MKR,RENDER,RNDR,ARB,OP,MATIC,POL,APT,SEI,EOS,MANA","CHZ,DASH,HBAR",1440,336,0.8,336,2.5,0.25,10.0,8760.0,0.492097727419398,0.0709647377595097,0.7449656794736325,0.0952590699341357,-0.8299926528146954,0.0053195650473284,265,180.968992248062,0.5023345470122081
crypto,BNB,priority_with_coverage_fallback,30,30,"BTC,ETH,SOL,XRP,TRX,ADA,AVAX,DOT,NEAR,ATOM,ALGO,DOGE,BCH,LTC,XLM,ETC,LINK,UNI,AAVE,INJ,FIL,VET,FET,GRT,THETA,XTZ,SAND,CHZ,DASH,HBAR","TON,SUI,ICP,MKR,RENDER,RNDR,ARB,OP,MATIC,POL,APT,SEI,EOS,MANA","CHZ,DASH,HBAR",1440,336,0.8,336,2.5,0.5,10.0,8760.0,0.5818606049977075,0.0817371725585474,0.7346946360634037,0.1112532589001963,-0.8067219819669095,0.0056324806383478,282,148.02898550724638,0.5033287644409634
crypto,BNB,priority_with_coverage_fallback,30,30,"BTC,ETH,SOL,XRP,TRX,ADA,AVAX,DOT,NEAR,ATOM,ALGO,DOGE,BCH,LTC,XLM,ETC,LINK,UNI,AAVE,INJ,FIL,VET,FET,GRT,THETA,XTZ,SAND,CHZ,DASH,HBAR","TON,SUI,ICP,MKR,RENDER,RNDR,ARB,OP,MATIC,POL,APT,SEI,EOS,MANA","CHZ,DASH,HBAR",1440,336,0.8,336,2.5,0.75,10.0,8760.0,0.8208384154522643,0.1081282642153158,0.7070341983887595,0.152932155844408,-0.7913509327577594,0.0061409684737542,313,106.47435897435898,0.5042143287176399
crypto,BNB,priority_with_coverage_fallback,30,30,"BTC,ETH,SOL,XRP,TRX,ADA,AVAX,DOT,NEAR,ATOM,ALGO,DOGE,BCH,LTC,XLM,ETC,LINK,UNI,AAVE,INJ,FIL,VET,FET,GRT,THETA,XTZ,SAND,CHZ,DASH,HBAR","TON,SUI,ICP,MKR,RENDER,RNDR,ARB,OP,MATIC,POL,APT,SEI,EOS,MANA","CHZ,DASH,HBAR",1440,336,0.8,336,2.5,1.0,10.0,8760.0,0.1220423523380922,0.0199236187672953,0.5831732837064746,0.0341641486740729,-0.7709759758641495,0.0062974262692638,322,85.98757763975155,0.5025281710488299
crypto,BNB,priority_with_coverage_fallback,30,30,"BTC,ETH,SOL,XRP,TRX,ADA,AVAX,DOT,NEAR,ATOM,ALGO,DOGE,BCH,LTC,XLM,ETC,LINK,UNI,AAVE,INJ,FIL,VET,FET,GRT,THETA,XTZ,SAND,CHZ,DASH,HBAR","TON,SUI,ICP,MKR,RENDER,RNDR,ARB,OP,MATIC,POL,APT,SEI,EOS,MANA","CHZ,DASH,HBAR",1440,336,0.8,336,3.0,0.0,10.0,8760.0,6.900007490068248,0.42489446102814,0.9363671631092796,0.4537690745340161,-0.8276275786900538,0.0022881952593287,59,50314.0,0.50506817188059
crypto,BNB,priority_with_coverage_fallback,30,30,"BTC,ETH,SOL,XRP,TRX,ADA,AVAX,DOT,NEAR,ATOM,ALGO,DOGE,BCH,LTC,XLM,ETC,LINK,UNI,AAVE,INJ,FIL,VET,FET,GRT,THETA,XTZ,SAND,CHZ,DASH,HBAR","TON,SUI,ICP,MKR,RENDER,RNDR,ARB,OP,MATIC,POL,APT,SEI,EOS,MANA","CHZ,DASH,HBAR",1440,336,0.8,336,3.0,0.25,10.0,8760.0,-0.082356470331255,-0.0146165522274549,0.722919120322804,-0.020218793246094,-0.8260426139263592,0.0037941015411092,191,192.7659574468085,0.5013245033112583
crypto,BNB,priority_with_coverage_fallback,30,30,"BTC,ETH,SOL,XRP,TRX,ADA,AVAX,DOT,NEAR,ATOM,ALGO,DOGE,BCH,LTC,XLM,ETC,LINK,UNI,AAVE,INJ,FIL,VET,FET,GRT,THETA,XTZ,SAND,CHZ,DASH,HBAR","TON,SUI,ICP,MKR,RENDER,RNDR,ARB,OP,MATIC,POL,APT,SEI,EOS,MANA","CHZ,DASH,HBAR",1440,336,0.8,336,3.0,0.5,10.0,8760.0,0.6680711115143172,0.0916164821511864,0.7117671975669434,0.1287169210162564,-0.7890922598034262,0.0039896737854963,201,156.96969696969697,0.5035392535392536
crypto,BNB,priority_with_coverage_fallback,30,30,"BTC,ETH,SOL,XRP,TRX,ADA,AVAX,DOT,NEAR,ATOM,ALGO,DOGE,BCH,LTC,XLM,ETC,LINK,UNI,AAVE,INJ,FIL,VET,FET,GRT,THETA,XTZ,SAND,CHZ,DASH,HBAR","TON,SUI,ICP,MKR,RENDER,RNDR,ARB,OP,MATIC,POL,APT,SEI,EOS,MANA","CHZ,DASH,HBAR",1440,336,0.8,336,3.0,0.75,10.0,8760.0,0.3085565448433041,0.0471503452913146,0.6811183006074342,0.0692248985958314,-0.8037876881406634,0.004146131581006,211,117.04761904761904,0.5035801464605371
crypto,BNB,priority_with_coverage_fallback,30,30,"BTC,ETH,SOL,XRP,TRX,ADA,AVAX,DOT,NEAR,ATOM,ALGO,DOGE,BCH,LTC,XLM,ETC,LINK,UNI,AAVE,INJ,FIL,VET,FET,GRT,THETA,XTZ,SAND,CHZ,DASH,HBAR","TON,SUI,ICP,MKR,RENDER,RNDR,ARB,OP,MATIC,POL,APT,SEI,EOS,MANA","CHZ,DASH,HBAR",1440,336,0.8,336,3.0,1.0,10.0,8760.0,-0.1619465416658443,-0.0298144256402919,0.5553403749983946,-0.0536867603771436,-0.7569642252119999,0.0042243604787608,216,96.64814814814817,0.5015328607012838
russia,AFKS,coverage,30,25,"AFLT,ALRS,CHMF,GAZP,GMKN,HYDR,IRAO,LKOH,MAGN,MGNT,MOEX,MTSS,NLMK,NVTK,PHOR,PLZL,RASP,ROSN,RTKM,SBER,SNGS,TATN,TRNFP,VTBR,YDEX",,,252,5,0.8,60,1.0,0.0,10.0,252.0,7.585722978961623,0.2216850664651006,0.3978372207921713,0.5572255557780204,-0.4837835452927954,0.0439763488543976,60,2646.0,0.5151171579743008
russia,AFKS,coverage,30,25,"AFLT,ALRS,CHMF,GAZP,GMKN,HYDR,IRAO,LKOH,MAGN,MGNT,MOEX,MTSS,NLMK,NVTK,PHOR,PLZL,RASP,ROSN,RTKM,SBER,SNGS,TATN,TRNFP,VTBR,YDEX",,,252,5,0.8,60,1.0,0.25,10.0,252.0,10.121726662206145,0.2514866970083986,0.3191663431091148,0.7879486745330843,-0.2804752808422381,0.0668883961566888,169,24.0126582278481,0.5150237216657881
russia,AFKS,coverage,30,25,"AFLT,ALRS,CHMF,GAZP,GMKN,HYDR,IRAO,LKOH,MAGN,MGNT,MOEX,MTSS,NLMK,NVTK,PHOR,PLZL,RASP,ROSN,RTKM,SBER,SNGS,TATN,TRNFP,VTBR,YDEX",,,252,5,0.8,60,1.0,0.5,10.0,252.0,8.502854691451546,0.2332866122532615,0.3047170367254814,0.7655844082765503,-0.2598552404359152,0.08130081300813,214,16.240384615384617,0.5174659561870929
russia,AFKS,coverage,30,25,"AFLT,ALRS,CHMF,GAZP,GMKN,HYDR,IRAO,LKOH,MAGN,MGNT,MOEX,MTSS,NLMK,NVTK,PHOR,PLZL,RASP,ROSN,RTKM,SBER,SNGS,TATN,TRNFP,VTBR,YDEX",,,252,5,0.8,60,1.0,0.75,10.0,252.0,6.253245610238834,0.2026472727907231,0.2881599258232493,0.7032458528429186,-0.3111371267251751,0.106430155210643,285,10.794326241134751,0.519053876478318
russia,AFKS,coverage,30,25,"AFLT,ALRS,CHMF,GAZP,GMKN,HYDR,IRAO,LKOH,MAGN,MGNT,MOEX,MTSS,NLMK,NVTK,PHOR,PLZL,RASP,ROSN,RTKM,SBER,SNGS,TATN,TRNFP,VTBR,YDEX",,,252,5,0.8,60,1.5,0.0,10.0,252.0,12.608408264206693,0.2752266462085964,0.3923613546707023,0.7014621672911345,-0.5477826826411802,0.0328898743532889,45,2620.0,0.5148854961832061
russia,AFKS,coverage,30,25,"AFLT,ALRS,CHMF,GAZP,GMKN,HYDR,IRAO,LKOH,MAGN,MGNT,MOEX,MTSS,NLMK,NVTK,PHOR,PLZL,RASP,ROSN,RTKM,SBER,SNGS,TATN,TRNFP,VTBR,YDEX",,,252,5,0.8,60,1.5,0.25,10.0,252.0,8.131526200518426,0.228717185008346,0.2881608575586112,0.793713577014274,-0.2804752808422379,0.0480413895048041,123,27.43103448275862,0.5153991200502829
russia,AFKS,coverage,30,25,"AFLT,ALRS,CHMF,GAZP,GMKN,HYDR,IRAO,LKOH,MAGN,MGNT,MOEX,MTSS,NLMK,NVTK,PHOR,PLZL,RASP,ROSN,RTKM,SBER,SNGS,TATN,TRNFP,VTBR,YDEX",,,252,5,0.8,60,1.5,0.5,10.0,252.0,6.094018597272303,0.2001638097365274,0.2707248804438369,0.7393624457728862,-0.292703285521329,0.0539541759053954,143,19.942857142857143,0.5193409742120344
russia,AFKS,coverage,30,25,"AFLT,ALRS,CHMF,GAZP,GMKN,HYDR,IRAO,LKOH,MAGN,MGNT,MOEX,MTSS,NLMK,NVTK,PHOR,PLZL,RASP,ROSN,RTKM,SBER,SNGS,TATN,TRNFP,VTBR,YDEX",,,252,5,0.8,60,1.5,0.75,10.0,252.0,4.742513549559954,0.1767722766580695,0.2557950355038267,0.6910700057563274,-0.2773110227795599,0.0613451589061345,165,15.097560975609756,0.5226171243941842
russia,AFKS,coverage,30,25,"AFLT,ALRS,CHMF,GAZP,GMKN,HYDR,IRAO,LKOH,MAGN,MGNT,MOEX,MTSS,NLMK,NVTK,PHOR,PLZL,RASP,ROSN,RTKM,SBER,SNGS,TATN,TRNFP,VTBR,YDEX",,,252,5,0.8,60,1.5,1.0,10.0,252.0,3.783051952057064,0.1569070808993518,0.2411246663371882,0.650730111036974,-0.2668356230413243,0.073170731707317,197,10.43877551020408,0.5288367546432062
russia,AFKS,coverage,30,25,"AFLT,ALRS,CHMF,GAZP,GMKN,HYDR,IRAO,LKOH,MAGN,MGNT,MOEX,MTSS,NLMK,NVTK,PHOR,PLZL,RASP,ROSN,RTKM,SBER,SNGS,TATN,TRNFP,VTBR,YDEX",,,252,5,0.8,60,2.0,0.0,10.0,252.0,47.97663773677452,0.4367544951784832,0.3907721011072429,1.1176706165587316,-0.5124151914980412,0.0284552845528455,39,2611.0,0.5319800842589046
russia,AFKS,coverage,30,25,"AFLT,ALRS,CHMF,GAZP,GMKN,HYDR,IRAO,LKOH,MAGN,MGNT,MOEX,MTSS,NLMK,NVTK,PHOR,PLZL,RASP,ROSN,RTKM,SBER,SNGS,TATN,TRNFP,VTBR,YDEX",,,252,5,0.8,60,2.0,0.25,10.0,252.0,11.77022852162744,0.2676993978150481,0.2542497039412962,1.0528995458608572,-0.2266960571148564,0.0384331116038433,100,28.0625,0.5285820341499629
russia,AFKS,coverage,30,25,"AFLT,ALRS,CHMF,GAZP,GMKN,HYDR,IRAO,LKOH,MAGN,MGNT,MOEX,MTSS,NLMK,NVTK,PHOR,PLZL,RASP,ROSN,RTKM,SBER,SNGS,TATN,TRNFP,VTBR,YDEX",,,252,5,0.8,60,2.0,0.5,10.0,252.0,6.911763631413147,0.2124195935870927,0.2375027652079265,0.8943878754469481,-0.2333480639446874,0.0413895048041389,112,20.535714285714285,0.5269565217391304
russia,AFKS,coverage,30,25,"AFLT,ALRS,CHMF,GAZP,GMKN,HYDR,IRAO,LKOH,MAGN,MGNT,MOEX,MTSS,NLMK,NVTK,PHOR,PLZL,RASP,ROSN,RTKM,SBER,SNGS,TATN,TRNFP,VTBR,YDEX",,,252,5,0.8,60,2.0,0.75,10.0,252.0,6.355869942279829,0.2042218310037136,0.2179880226408396,0.9368488622890652,-0.2211993545653049,0.0465631929046563,126,15.428571428571429,0.5380658436213992
russia,AFKS,coverage,30,25,"AFLT,ALRS,CHMF,GAZP,GMKN,HYDR,IRAO,LKOH,MAGN,MGNT,MOEX,MTSS,NLMK,NVTK,PHOR,PLZL,RASP,ROSN,RTKM,SBER,SNGS,TATN,TRNFP,VTBR,YDEX",,,252,5,0.8,60,2.0,1.0,10.0,252.0,4.125982703650006,0.1643913739765052,0.2021803974342876,0.8130925453835628,-0.182637874026297,0.048780487804878,132,11.696969696969695,0.5401554404145078
russia,AFKS,coverage,30,25,"AFLT,ALRS,CHMF,GAZP,GMKN,HYDR,IRAO,LKOH,MAGN,MGNT,MOEX,MTSS,NLMK,NVTK,PHOR,PLZL,RASP,ROSN,RTKM,SBER,SNGS,TATN,TRNFP,VTBR,YDEX",,,252,5,0.8,60,2.5,0.0,10.0,252.0,61.22847517941737,0.4691553690338428,0.3876381593530485,1.2102920151536245,-0.5124151914980413,0.0210643015521064,29,2566.0,0.5276695245518317
russia,AFKS,coverage,30,25,"AFLT,ALRS,CHMF,GAZP,GMKN,HYDR,IRAO,LKOH,MAGN,MGNT,MOEX,MTSS,NLMK,NVTK,PHOR,PLZL,RASP,ROSN,RTKM,SBER,SNGS,TATN,TRNFP,VTBR,YDEX",,,252,5,0.8,60,2.5,0.25,10.0,252.0,13.467682831798983,0.2825188680436692,0.2294247803169497,1.2314226373165538,-0.2096216438996616,0.0280857354028085,73,30.17142857142857,0.5321969696969697
russia,AFKS,coverage,30,25,"AFLT,ALRS,CHMF,GAZP,GMKN,HYDR,IRAO,LKOH,MAGN,MGNT,MOEX,MTSS,NLMK,NVTK,PHOR,PLZL,RASP,ROSN,RTKM,SBER,SNGS,TATN,TRNFP,VTBR,YDEX",,,252,5,0.8,60,2.5,0.5,10.0,252.0,6.462648198805092,0.2058391149459824,0.2055519221216969,1.0013971789770737,-0.2158337913646766,0.0288248337028824,78,21.666666666666668,0.5289940828402366
russia,AFKS,coverage,30,25,"AFLT,ALRS,CHMF,GAZP,GMKN,HYDR,IRAO,LKOH,MAGN,MGNT,MOEX,MTSS,NLMK,NVTK,PHOR,PLZL,RASP,ROSN,RTKM,SBER,SNGS,TATN,TRNFP,VTBR,YDEX",,,252,5,0.8,60,2.5,0.75,10.0,252.0,6.637503252997406,0.2084427304453677,0.1864384800186122,1.1180241891296196,-0.175403295436293,0.0317812269031781,86,16.25581395348837,0.5407725321888412
russia,AFKS,coverage,30,25,"AFLT,ALRS,CHMF,GAZP,GMKN,HYDR,IRAO,LKOH,MAGN,MGNT,MOEX,MTSS,NLMK,NVTK,PHOR,PLZL,RASP,ROSN,RTKM,SBER,SNGS,TATN,TRNFP,VTBR,YDEX",,,252,5,0.8,60,2.5,1.0,10.0,252.0,5.359813107901481,0.1880148487583466,0.1724263445120801,1.09040674318288,-0.1666031882005013,0.032520325203252,88,12.181818181818182,0.5522388059701493
russia,AFKS,coverage,30,25,"AFLT,ALRS,CHMF,GAZP,GMKN,HYDR,IRAO,LKOH,MAGN,MGNT,MOEX,MTSS,NLMK,NVTK,PHOR,PLZL,RASP,ROSN,RTKM,SBER,SNGS,TATN,TRNFP,VTBR,YDEX",,,252,5,0.8,60,3.0,0.0,10.0,252.0,159.9005210672653,0.6050505709812053,0.3811547626787794,1.5874144316835297,-0.3094174537927052,0.0151515151515151,21,2427.0,0.5348166460651009
russia,AFKS,coverage,30,25,"AFLT,ALRS,CHMF,GAZP,GMKN,HYDR,IRAO,LKOH,MAGN,MGNT,MOEX,MTSS,NLMK,NVTK,PHOR,PLZL,RASP,ROSN,RTKM,SBER,SNGS,TATN,TRNFP,VTBR,YDEX",,,252,5,0.8,60,3.0,0.25,10.0,252.0,11.500229229862487,0.2651790933783173,0.1955296092722648,1.3562093964452682,-0.2096216438996614,0.0199556541019955,53,27.73076923076923,0.5492371705963939
russia,AFKS,coverage,30,25,"AFLT,ALRS,CHMF,GAZP,GMKN,HYDR,IRAO,LKOH,MAGN,MGNT,MOEX,MTSS,NLMK,NVTK,PHOR,PLZL,RASP,ROSN,RTKM,SBER,SNGS,TATN,TRNFP,VTBR,YDEX",,,252,5,0.8,60,3.0,0.5,10.0,252.0,7.045364958704759,0.2143117652703114,0.1734367917203408,1.2356764856206506,-0.1666031882005014,0.0206947524020694,56,20.214285714285715,0.5477031802120141
russia,AFKS,coverage,30,25,"AFLT,ALRS,CHMF,GAZP,GMKN,HYDR,IRAO,LKOH,MAGN,MGNT,MOEX,MTSS,NLMK,NVTK,PHOR,PLZL,RASP,ROSN,RTKM,SBER,SNGS,TATN,TRNFP,VTBR,YDEX",,,252,5,0.8,60,3.0,0.75,10.0,252.0,6.046034481357983,0.1994054868641031,0.1549778828427873,1.2866706087757314,-0.1695813447081653,0.0214338507021433,58,14.827586206896552,0.5581395348837209
russia,AFKS,coverage,30,25,"AFLT,ALRS,CHMF,GAZP,GMKN,HYDR,IRAO,LKOH,MAGN,MGNT,MOEX,MTSS,NLMK,NVTK,PHOR,PLZL,RASP,ROSN,RTKM,SBER,SNGS,TATN,TRNFP,VTBR,YDEX",,,252,5,0.8,60,3.0,1.0,10.0,252.0,4.920314041314428,0.1801186523144908,0.1431613712601101,1.2581512088706737,-0.1666031882005014,0.0214338507021433,58,11.379310344827584,0.5757575757575758
russia,AFKS,coverage,30,25,"AFLT,ALRS,CHMF,GAZP,GMKN,HYDR,IRAO,LKOH,MAGN,MGNT,MOEX,MTSS,NLMK,NVTK,PHOR,PLZL,RASP,ROSN,RTKM,SBER,SNGS,TATN,TRNFP,VTBR,YDEX",,,252,10,0.8,60,1.0,0.0,10.0,252.0,10.888880170701276,0.2592848857712233,0.4231193941595728,0.6127936685252441,-0.5630982205393299,0.041019955654102,56,2645.0,0.5073724007561436
russia,AFKS,coverage,30,25,"AFLT,ALRS,CHMF,GAZP,GMKN,HYDR,IRAO,LKOH,MAGN,MGNT,MOEX,MTSS,NLMK,NVTK,PHOR,PLZL,RASP,ROSN,RTKM,SBER,SNGS,TATN,TRNFP,VTBR,YDEX",,,252,10,0.8,60,1.0,0.25,10.0,252.0,13.772407265554737,0.2850107781674977,0.3500216189546533,0.8142662130947462,-0.3666461183859386,0.0631929046563192,154,27.594202898550726,0.5126050420168067
russia,AFKS,coverage,30,25,"AFLT,ALRS,CHMF,GAZP,GMKN,HYDR,IRAO,LKOH,MAGN,MGNT,MOEX,MTSS,NLMK,NVTK,PHOR,PLZL,RASP,ROSN,RTKM,SBER,SNGS,TATN,TRNFP,VTBR,YDEX",,,252,10,0.8,60,1.0,0.5,10.0,252.0,6.209061682119578,0.2019631319003243,0.3199632682960679,0.6312072413057243,-0.3346990123102189,0.0779748706577974,207,16.568627450980394,0.5100591715976331
russia,AFKS,coverage,30,25,"AFLT,ALRS,CHMF,GAZP,GMKN,HYDR,IRAO,LKOH,MAGN,MGNT,MOEX,MTSS,NLMK,NVTK,PHOR,PLZL,RASP,ROSN,RTKM,SBER,SNGS,TATN,TRNFP,VTBR,YDEX",,,252,10,0.8,60,1.0,0.75,10.0,252.0,6.9356815431091725,0.2127604575295623,0.3096389893359537,0.6871242474529601,-0.2758989468364905,0.1005173688100517,268,11.568181818181818,0.5127701375245579
russia,AFKS,coverage,30,25,"AFLT,ALRS,CHMF,GAZP,GMKN,HYDR,IRAO,LKOH,MAGN,MGNT,MOEX,MTSS,NLMK,NVTK,PHOR,PLZL,RASP,ROSN,RTKM,SBER,SNGS,TATN,TRNFP,VTBR,YDEX",,,252,10,0.8,60,1.5,0.0,10.0,252.0,10.240461329399896,0.2527249548059092,0.4165184640893262,0.6067557061569063,-0.5444459477271824,0.0314116777531411,43,2620.0,0.5114503816793893
russia,AFKS,coverage,30,25,"AFLT,ALRS,CHMF,GAZP,GMKN,HYDR,IRAO,LKOH,MAGN,MGNT,MOEX,MTSS,NLMK,NVTK,PHOR,PLZL,RASP,ROSN,RTKM,SBER,SNGS,TATN,TRNFP,VTBR,YDEX",,,252,10,0.8,60,1.5,0.25,10.0,252.0,6.980509870732913,0.2133968224366824,0.3219659851682441,0.6627930659357428,-0.322958717976454,0.0443458980044345,112,31.173076923076923,0.512646514497224
russia,AFKS,coverage,30,25,"AFLT,ALRS,CHMF,GAZP,GMKN,HYDR,IRAO,LKOH,MAGN,MGNT,MOEX,MTSS,NLMK,NVTK,PHOR,PLZL,RASP,ROSN,RTKM,SBER,SNGS,TATN,TRNFP,VTBR,YDEX",,,252,10,0.8,60,1.5,0.5,10.0,252.0,4.033461789602762,0.1624179727062495,0.2918935372703324,0.5564288069722793,-0.2759845563205887,0.0509977827050997,137,20.36764705882353,0.5068592057761733
russia,AFKS,coverage,30,25,"AFLT,ALRS,CHMF,GAZP,GMKN,HYDR,IRAO,LKOH,MAGN,MGNT,MOEX,MTSS,NLMK,NVTK,PHOR,PLZL,RASP,ROSN,RTKM,SBER,SNGS,TATN,TRNFP,VTBR,YDEX",,,252,10,0.8,60,1.5,0.75,10.0,252.0,4.482929792049474,0.171713895777956,0.2811725886827976,0.6107063870713001,-0.2742788720699364,0.0583887657058388,157,15.743589743589745,0.509771986970684
russia,AFKS,coverage,30,25,"AFLT,ALRS,CHMF,GAZP,GMKN,HYDR,IRAO,LKOH,MAGN,MGNT,MOEX,MTSS,NLMK,NVTK,PHOR,PLZL,RASP,ROSN,RTKM,SBER,SNGS,TATN,TRNFP,VTBR,YDEX",,,252,10,0.8,60,1.5,1.0,10.0,252.0,3.656539433845314,0.1540226139553486,0.2705041874078695,0.5693908675916779,-0.2904778403823941,0.0665188470066518,179,11.786516853932584,0.5119161105815062
russia,AFKS,coverage,30,25,"AFLT,ALRS,CHMF,GAZP,GMKN,HYDR,IRAO,LKOH,MAGN,MGNT,MOEX,MTSS,NLMK,NVTK,PHOR,PLZL,RASP,ROSN,RTKM,SBER,SNGS,TATN,TRNFP,VTBR,YDEX",,,252,10,0.8,60,2.0,0.0,10.0,252.0,25.16218314259472,0.3552607292217966,0.4155311342481052,0.8549557420399638,-0.5074914280674216,0.0254988913525498,35,2611.0,0.5151283033320567
russia,AFKS,coverage,30,25,"AFLT,ALRS,CHMF,GAZP,GMKN,HYDR,IRAO,LKOH,MAGN,MGNT,MOEX,MTSS,NLMK,NVTK,PHOR,PLZL,RASP,ROSN,RTKM,SBER,SNGS,TATN,TRNFP,VTBR,YDEX",,,252,10,0.8,60,2.0,0.25,10.0,252.0,21.900538396205604,0.3385589882209916,0.2950369469942032,1.147513867907681,-0.2313977651864578,0.0369549150036954,95,29.8,0.5279642058165548
russia,AFKS,coverage,30,25,"AFLT,ALRS,CHMF,GAZP,GMKN,HYDR,IRAO,LKOH,MAGN,MGNT,MOEX,MTSS,NLMK,NVTK,PHOR,PLZL,RASP,ROSN,RTKM,SBER,SNGS,TATN,TRNFP,VTBR,YDEX",,,252,10,0.8,60,2.0,0.5,10.0,252.0,9.956075600025924,0.2497389760626986,0.2575403790344792,0.9697080395663468,-0.2313977651864585,0.0413895048041389,112,19.464285714285715,0.5201834862385321
russia,AFKS,coverage,30,25,"AFLT,ALRS,CHMF,GAZP,GMKN,HYDR,IRAO,LKOH,MAGN,MGNT,MOEX,MTSS,NLMK,NVTK,PHOR,PLZL,RASP,ROSN,RTKM,SBER,SNGS,TATN,TRNFP,VTBR,YDEX",,,252,10,0.8,60,2.0,0.75,10.0,252.0,7.892080738848016,0.2256804429534791,0.2474945585533695,0.9118602213826597,-0.2556098441803651,0.0443458980044345,120,15.816666666666666,0.5194942044257113
russia,AFKS,coverage,30,25,"AFLT,ALRS,CHMF,GAZP,GMKN,HYDR,IRAO,LKOH,MAGN,MGNT,MOEX,MTSS,NLMK,NVTK,PHOR,PLZL,RASP,ROSN,RTKM,SBER,SNGS,TATN,TRNFP,VTBR,YDEX",,,252,10,0.8,60,2.0,1.0,10.0,252.0,5.610418751600244,0.1922983959244266,0.2378614221795735,0.8084471797164777,-0.2487668993725036,0.0458240946045824,124,12.85483870967742,0.5181932245922208
russia,AFKS,coverage,30,25,"AFLT,ALRS,CHMF,GAZP,GMKN,HYDR,IRAO,LKOH,MAGN,MGNT,MOEX,MTSS,NLMK,NVTK,PHOR,PLZL,RASP,ROSN,RTKM,SBER,SNGS,TATN,TRNFP,VTBR,YDEX",,,252,10,0.8,60,2.5,0.0,10.0,252.0,57.58211693198907,0.4609170953181898,0.4120249591927051,1.118663044640016,-0.4926137635128907,0.0181079083518107,25,2566.0,0.5206547155105222
russia,AFKS,coverage,30,25,"AFLT,ALRS,CHMF,GAZP,GMKN,HYDR,IRAO,LKOH,MAGN,MGNT,MOEX,MTSS,NLMK,NVTK,PHOR,PLZL,RASP,ROSN,RTKM,SBER,SNGS,TATN,TRNFP,VTBR,YDEX",,,252,10,0.8,60,2.5,0.25,10.0,252.0,13.629880497140368,0.2838511141243864,0.2462659454753269,1.1526202438445765,-0.2451295966289036,0.0251293422025129,65,29.677419354838708,0.5315217391304348
russia,AFKS,coverage,30,25,"AFLT,ALRS,CHMF,GAZP,GMKN,HYDR,IRAO,LKOH,MAGN,MGNT,MOEX,MTSS,NLMK,NVTK,PHOR,PLZL,RASP,ROSN,RTKM,SBER,SNGS,TATN,TRNFP,VTBR,YDEX",,,252,10,0.8,60,2.5,0.5,10.0,252.0,7.055724433135191,0.2144572915713885,0.2236989421373718,0.9586871065295064,-0.2157809611219138,0.0266075388026607,72,21.11111111111111,0.5184210526315789
russia,AFKS,coverage,30,25,"AFLT,ALRS,CHMF,GAZP,GMKN,HYDR,IRAO,LKOH,MAGN,MGNT,MOEX,MTSS,NLMK,NVTK,PHOR,PLZL,RASP,ROSN,RTKM,SBER,SNGS,TATN,TRNFP,VTBR,YDEX",,,252,10,0.8,60,2.5,0.75,10.0,252.0,6.7882060613270285,0.210643699993885,0.2163639978312765,0.9735616928198366,-0.2157809611219142,0.0288248337028824,78,16.94871794871795,0.5158850226928896
russia,AFKS,coverage,30,25,"AFLT,ALRS,CHMF,GAZP,GMKN,HYDR,IRAO,LKOH,MAGN,MGNT,MOEX,MTSS,NLMK,NVTK,PHOR,PLZL,RASP,ROSN,RTKM,SBER,SNGS,TATN,TRNFP,VTBR,YDEX",,,252,10,0.8,60,2.5,1.0,10.0,252.0,6.329590972516029,0.2038205412359393,0.2065511444855576,0.9867800139456052,-0.1737288079165959,0.0303030303030303,82,13.170731707317072,0.5203703703703704
russia,AFKS,coverage,30,25,"AFLT,ALRS,CHMF,GAZP,GMKN,HYDR,IRAO,LKOH,MAGN,MGNT,MOEX,MTSS,NLMK,NVTK,PHOR,PLZL,RASP,ROSN,RTKM,SBER,SNGS,TATN,TRNFP,VTBR,YDEX",,,252,10,0.8,60,3.0,0.0,10.0,252.0,81.8367020156582,0.5088190423853935,0.4058622803181068,1.2536741329758243,-0.4257617086958476,0.0121951219512195,17,2431.0,0.523241464417935
russia,AFKS,coverage,30,25,"AFLT,ALRS,CHMF,GAZP,GMKN,HYDR,IRAO,LKOH,MAGN,MGNT,MOEX,MTSS,NLMK,NVTK,PHOR,PLZL,RASP,ROSN,RTKM,SBER,SNGS,TATN,TRNFP,VTBR,YDEX",,,252,10,0.8,60,3.0,0.25,10.0,252.0,6.2033939163847736,0.2018750975999068,0.2056986313738082,0.9814119629850476,-0.2451295966289031,0.016260162601626,43,31.80952380952381,0.5269461077844312
russia,AFKS,coverage,30,25,"AFLT,ALRS,CHMF,GAZP,GMKN,HYDR,IRAO,LKOH,MAGN,MGNT,MOEX,MTSS,NLMK,NVTK,PHOR,PLZL,RASP,ROSN,RTKM,SBER,SNGS,TATN,TRNFP,VTBR,YDEX",,,252,10,0.8,60,3.0,0.5,10.0,252.0,4.847609421500214,0.1787614447701375,0.1801305016351545,0.992399638858554,-0.1666031882005014,0.0177383592017738,48,21.25,0.5254901960784314
russia,AFKS,coverage,30,25,"AFLT,ALRS,CHMF,GAZP,GMKN,HYDR,IRAO,LKOH,MAGN,MGNT,MOEX,MTSS,NLMK,NVTK,PHOR,PLZL,RASP,ROSN,RTKM,SBER,SNGS,TATN,TRNFP,VTBR,YDEX",,,252,10,0.8,60,3.0,0.75,10.0,252.0,4.443567404137008,0.1709279709840896,0.1718302585671469,0.9947489598713212,-0.1666031882005013,0.0184774575018477,50,17.08,0.522248243559719
russia,AFKS,coverage,30,25,"AFLT,ALRS,CHMF,GAZP,GMKN,HYDR,IRAO,LKOH,MAGN,MGNT,MOEX,MTSS,NLMK,NVTK,PHOR,PLZL,RASP,ROSN,RTKM,SBER,SNGS,TATN,TRNFP,VTBR,YDEX",,,252,10,0.8,60,3.0,1.0,10.0,252.0,3.922322566762749,0.1600034930815341,0.1662577333193792,0.962382259682136,-0.1666031882005014,0.0184774575018477,50,13.56,0.5250737463126843
russia,AFKS,coverage,30,25,"AFLT,ALRS,CHMF,GAZP,GMKN,HYDR,IRAO,LKOH,MAGN,MGNT,MOEX,MTSS,NLMK,NVTK,PHOR,PLZL,RASP,ROSN,RTKM,SBER,SNGS,TATN,TRNFP,VTBR,YDEX",,,252,21,0.8,60,1.0,0.0,10.0,252.0,6.531397681286125,0.2068693378697308,0.4450213940703843,0.4648525680475768,-0.5728015686521188,0.0373244641537324,51,2646.0,0.5052910052910053
russia,AFKS,coverage,30,25,"AFLT,ALRS,CHMF,GAZP,GMKN,HYDR,IRAO,LKOH,MAGN,MGNT,MOEX,MTSS,NLMK,NVTK,PHOR,PLZL,RASP,ROSN,RTKM,SBER,SNGS,TATN,TRNFP,VTBR,YDEX",,,252,21,0.8,60,1.0,0.25,10.0,252.0,3.1809376968313225,0.1425020128904575,0.3831299589179073,0.3719417121358322,-0.5726859719218784,0.0606060606060606,156,25.72972972972973,0.5089285714285714
russia,AFKS,coverage,30,25,"AFLT,ALRS,CHMF,GAZP,GMKN,HYDR,IRAO,LKOH,MAGN,MGNT,MOEX,MTSS,NLMK,NVTK,PHOR,PLZL,RASP,ROSN,RTKM,SBER,SNGS,TATN,TRNFP,VTBR,YDEX",,,252,21,0.8,60,1.0,0.5,10.0,252.0,10.629295091034129,0.2566986142006064,0.3386488277777116,0.7580082762580914,-0.3559994779372579,0.0761271249076127,201,17.29591836734694,0.512094395280236
russia,AFKS,coverage,30,25,"AFLT,ALRS,CHMF,GAZP,GMKN,HYDR,IRAO,LKOH,MAGN,MGNT,MOEX,MTSS,NLMK,NVTK,PHOR,PLZL,RASP,ROSN,RTKM,SBER,SNGS,TATN,TRNFP,VTBR,YDEX",,,252,21,0.8,60,1.0,0.75,10.0,252.0,5.584149163577156,0.19185635157134,0.3282765035195212,0.5844352230951892,-0.3644530740297576,0.0886917960088691,237,12.88888888888889,0.5099469496021221
russia,AFKS,coverage,30,25,"AFLT,ALRS,CHMF,GAZP,GMKN,HYDR,IRAO,LKOH,MAGN,MGNT,MOEX,MTSS,NLMK,NVTK,PHOR,PLZL,RASP,ROSN,RTKM,SBER,SNGS,TATN,TRNFP,VTBR,YDEX",,,252,21,0.8,60,1.5,0.0,10.0,252.0,12.66174482730596,0.2756912761937091,0.4447613268097988,0.6198634179171965,-0.5779248169941318,0.0306725794530672,42,2645.0,0.5119092627599244
russia,AFKS,coverage,30,25,"AFLT,ALRS,CHMF,GAZP,GMKN,HYDR,IRAO,LKOH,MAGN,MGNT,MOEX,MTSS,NLMK,NVTK,PHOR,PLZL,RASP,ROSN,RTKM,SBER,SNGS,TATN,TRNFP,VTBR,YDEX",,,252,21,0.8,60,1.5,0.25,10.0,252.0,3.6734002648854,0.1544111137269308,0.3612504710414717,0.4274350515911282,-0.5567593320084032,0.0450849963045085,117,28.875,0.5126777983920842
russia,AFKS,coverage,30,25,"AFLT,ALRS,CHMF,GAZP,GMKN,HYDR,IRAO,LKOH,MAGN,MGNT,MOEX,MTSS,NLMK,NVTK,PHOR,PLZL,RASP,ROSN,RTKM,SBER,SNGS,TATN,TRNFP,VTBR,YDEX",,,252,21,0.8,60,1.5,0.5,10.0,252.0,8.137775531907497,0.228795470292938,0.3165966640681618,0.7226717658771017,-0.2986874257897111,0.0502586844050258,133,22.07692307692308,0.5114982578397212
russia,AFKS,coverage,30,25,"AFLT,ALRS,CHMF,GAZP,GMKN,HYDR,IRAO,LKOH,MAGN,MGNT,MOEX,MTSS,NLMK,NVTK,PHOR,PLZL,RASP,ROSN,RTKM,SBER,SNGS,TATN,TRNFP,VTBR,YDEX",,,252,21,0.8,60,1.5,0.75,10.0,252.0,4.693251099301093,0.1758284886690626,0.3026083608871432,0.5810430622392395,-0.2986874257897111,0.0532150776053215,143,17.450704225352112,0.5092816787732042
russia,AFKS,coverage,30,25,"AFLT,ALRS,CHMF,GAZP,GMKN,HYDR,IRAO,LKOH,MAGN,MGNT,MOEX,MTSS,NLMK,NVTK,PHOR,PLZL,RASP,ROSN,RTKM,SBER,SNGS,TATN,TRNFP,VTBR,YDEX",,,252,21,0.8,60,1.5,1.0,10.0,252.0,3.144282055159093,0.1415654658812022,0.2837985084208913,0.4988238545329195,-0.2978737682288105,0.0620842572062084,168,13.095238095238097,0.5081818181818182
russia,AFKS,coverage,30,25,"AFLT,ALRS,CHMF,GAZP,GMKN,HYDR,IRAO,LKOH,MAGN,MGNT,MOEX,MTSS,NLMK,NVTK,PHOR,PLZL,RASP,ROSN,RTKM,SBER,SNGS,TATN,TRNFP,VTBR,YDEX",,,252,21,0.8,60,2.0,0.0,10.0,252.0,81.47405443725984,0.5082026808264544,0.4310982457279564,1.1788558312695026,-0.512411806797651,0.0284552845528455,39,2611.0,0.5243201838376101
russia,AFKS,coverage,30,25,"AFLT,ALRS,CHMF,GAZP,GMKN,HYDR,IRAO,LKOH,MAGN,MGNT,MOEX,MTSS,NLMK,NVTK,PHOR,PLZL,RASP,ROSN,RTKM,SBER,SNGS,TATN,TRNFP,VTBR,YDEX",,,252,21,0.8,60,2.0,0.25,10.0,252.0,9.718460782965735,0.2471896825961717,0.2944628108398323,0.8394597670624899,-0.2651880121917378,0.0362158167036215,95,29.13043478260869,0.5194029850746269
russia,AFKS,coverage,30,25,"AFLT,ALRS,CHMF,GAZP,GMKN,HYDR,IRAO,LKOH,MAGN,MGNT,MOEX,MTSS,NLMK,NVTK,PHOR,PLZL,RASP,ROSN,RTKM,SBER,SNGS,TATN,TRNFP,VTBR,YDEX",,,252,21,0.8,60,2.0,0.5,10.0,252.0,7.663299435787739,0.2227088598067472,0.2858948661912081,0.7789886638181124,-0.2651880121917377,0.0376940133037694,100,24.387755102040817,0.5171548117154812
russia,AFKS,coverage,30,25,"AFLT,ALRS,CHMF,GAZP,GMKN,HYDR,IRAO,LKOH,MAGN,MGNT,MOEX,MTSS,NLMK,NVTK,PHOR,PLZL,RASP,ROSN,RTKM,SBER,SNGS,TATN,TRNFP,VTBR,YDEX",,,252,21,0.8,60,2.0,0.75,10.0,252.0,4.251941545491962,0.1670266870065782,0.2642095233842343,0.6321751194550047,-0.265188012191738,0.0391722099039172,105,19.51923076923077,0.5152709359605911
russia,AFKS,coverage,30,25,"AFLT,ALRS,CHMF,GAZP,GMKN,HYDR,IRAO,LKOH,MAGN,MGNT,MOEX,MTSS,NLMK,NVTK,PHOR,PLZL,RASP,ROSN,RTKM,SBER,SNGS,TATN,TRNFP,VTBR,YDEX",,,252,21,0.8,60,2.0,1.0,10.0,252.0,1.975299595954893,0.1068740428004575,0.2416266325784453,0.4423106909200514,-0.265188012191738,0.0413895048041389,112,15.660714285714286,0.508551881413911
russia,AFKS,coverage,30,25,"AFLT,ALRS,CHMF,GAZP,GMKN,HYDR,IRAO,LKOH,MAGN,MGNT,MOEX,MTSS,NLMK,NVTK,PHOR,PLZL,RASP,ROSN,RTKM,SBER,SNGS,TATN,TRNFP,VTBR,YDEX",,,252,21,0.8,60,2.5,0.0,10.0,252.0,27.86945353955764,0.3677457220754099,0.4210204823832649,0.8734627826031567,-0.5124118067976506,0.0188470066518847,26,2432.0,0.5135690789473685
russia,AFKS,coverage,30,25,"AFLT,ALRS,CHMF,GAZP,GMKN,HYDR,IRAO,LKOH,MAGN,MGNT,MOEX,MTSS,NLMK,NVTK,PHOR,PLZL,RASP,ROSN,RTKM,SBER,SNGS,TATN,TRNFP,VTBR,YDEX",,,252,21,0.8,60,2.5,0.25,10.0,252.0,5.383456096865094,0.1884254513373371,0.2712493999691637,0.6946575784453635,-0.2651880121917371,0.0258684405025868,69,33.794117647058826,0.5091383812010444
russia,AFKS,coverage,30,25,"AFLT,ALRS,CHMF,GAZP,GMKN,HYDR,IRAO,LKOH,MAGN,MGNT,MOEX,MTSS,NLMK,NVTK,PHOR,PLZL,RASP,ROSN,RTKM,SBER,SNGS,TATN,TRNFP,VTBR,YDEX",,,252,21,0.8,60,2.5,0.5,10.0,252.0,4.268546442683117,0.167369808587936,0.2626858829742033,0.6371480899275136,-0.2651880121917374,0.0258684405025868,70,28.65714285714286,0.5054835493519442
russia,AFKS,coverage,30,25,"AFLT,ALRS,CHMF,GAZP,GMKN,HYDR,IRAO,LKOH,MAGN,MGNT,MOEX,MTSS,NLMK,NVTK,PHOR,PLZL,RASP,ROSN,RTKM,SBER,SNGS,TATN,TRNFP,VTBR,YDEX",,,252,21,0.8,60,2.5,0.75,10.0,252.0,2.2948979411147343,0.1174413828558345,0.235055694039767,0.4996321545648905,-0.265188012191738,0.0258684405025868,70,22.6,0.4993678887484197
russia,AFKS,coverage,30,25,"AFLT,ALRS,CHMF,GAZP,GMKN,HYDR,IRAO,LKOH,MAGN,MGNT,MOEX,MTSS,NLMK,NVTK,PHOR,PLZL,RASP,ROSN,RTKM,SBER,SNGS,TATN,TRNFP,VTBR,YDEX",,,252,21,0.8,60,2.5,1.0,10.0,252.0,1.262944761781034,0.0790200219429386,0.2103580343590559,0.3756453713959932,-0.2651880121917378,0.0266075388026607,72,18.5,0.493993993993994
russia,AFKS,coverage,30,25,"AFLT,ALRS,CHMF,GAZP,GMKN,HYDR,IRAO,LKOH,MAGN,MGNT,MOEX,MTSS,NLMK,NVTK,PHOR,PLZL,RASP,ROSN,RTKM,SBER,SNGS,TATN,TRNFP,VTBR,YDEX",,,252,21,0.8,60,3.0,0.0,10.0,252.0,5.058064956874483,0.182649169086368,0.4213787771102092,0.4334560234356492,-0.515760478377761,0.0099778270509977,14,2431.0,0.5154257507198684
russia,AFKS,coverage,30,25,"AFLT,ALRS,CHMF,GAZP,GMKN,HYDR,IRAO,LKOH,MAGN,MGNT,MOEX,MTSS,NLMK,NVTK,PHOR,PLZL,RASP,ROSN,RTKM,SBER,SNGS,TATN,TRNFP,VTBR,YDEX",,,252,21,0.8,60,3.0,0.25,10.0,252.0,2.525514645790326,0.1245036147252285,0.2322586455219534,0.5360558890948163,-0.2817152264529535,0.0155210643015521,42,39.285714285714285,0.5127272727272727
russia,AFKS,coverage,30,25,"AFLT,ALRS,CHMF,GAZP,GMKN,HYDR,IRAO,LKOH,MAGN,MGNT,MOEX,MTSS,NLMK,NVTK,PHOR,PLZL,RASP,ROSN,RTKM,SBER,SNGS,TATN,TRNFP,VTBR,YDEX",,,252,21,0.8,60,3.0,0.5,10.0,252.0,2.4470945429683253,0.1221504128573787,0.221286272889504,0.5520017634278322,-0.266151441066245,0.0155210643015521,42,33.76190476190476,0.5063469675599436
russia,AFKS,coverage,30,25,"AFLT,ALRS,CHMF,GAZP,GMKN,HYDR,IRAO,LKOH,MAGN,MGNT,MOEX,MTSS,NLMK,NVTK,PHOR,PLZL,RASP,ROSN,RTKM,SBER,SNGS,TATN,TRNFP,VTBR,YDEX",,,252,21,0.8,60,3.0,0.75,10.0,252.0,1.6127159682780774,0.0935591760429874,0.1954625822462531,0.4786551726054511,-0.2874460944564626,0.0155210643015521,42,26.142857142857142,0.5009107468123861
russia,AFKS,coverage,30,25,"AFLT,ALRS,CHMF,GAZP,GMKN,HYDR,IRAO,LKOH,MAGN,MGNT,MOEX,MTSS,NLMK,NVTK,PHOR,PLZL,RASP,ROSN,RTKM,SBER,SNGS,TATN,TRNFP,VTBR,YDEX",,,252,21,0.8,60,3.0,1.0,10.0,252.0,0.9356590066190322,0.0634359417234138,0.1621731001304288,0.3911619231080556,-0.2651880121917376,0.0155210643015521,42,20.61904761904762,0.5011547344110855
russia,AFKS,coverage,30,25,"AFLT,ALRS,CHMF,GAZP,GMKN,HYDR,IRAO,LKOH,MAGN,MGNT,MOEX,MTSS,NLMK,NVTK,PHOR,PLZL,RASP,ROSN,RTKM,SBER,SNGS,TATN,TRNFP,VTBR,YDEX",,,252,63,0.8,60,1.0,0.0,10.0,252.0,6.329078075214079,0.2038126961274544,0.5217664349749119,0.390620558291095,-0.5972446971419886,0.0351071692535107,48,2646.0,0.4965986394557823
russia,AFKS,coverage,30,25,"AFLT,ALRS,CHMF,GAZP,GMKN,HYDR,IRAO,LKOH,MAGN,MGNT,MOEX,MTSS,NLMK,NVTK,PHOR,PLZL,RASP,ROSN,RTKM,SBER,SNGS,TATN,TRNFP,VTBR,YDEX",,,252,63,0.8,60,1.0,0.25,10.0,252.0,4.098437854063717,0.1638072627935654,0.4777993405462681,0.3428369377954446,-0.601114064254412,0.0509977827050997,122,37.22641509433962,0.5027876330461226
russia,AFKS,coverage,30,25,"AFLT,ALRS,CHMF,GAZP,GMKN,HYDR,IRAO,LKOH,MAGN,MGNT,MOEX,MTSS,NLMK,NVTK,PHOR,PLZL,RASP,ROSN,RTKM,SBER,SNGS,TATN,TRNFP,VTBR,YDEX",,,252,63,0.8,60,1.0,0.5,10.0,252.0,4.29680693871518,0.1679515315087261,0.4695558173783163,0.3576817181106485,-0.5668819997566935,0.0606060606060606,152,26.12857142857143,0.5008201202843083
russia,AFKS,coverage,30,25,"AFLT,ALRS,CHMF,GAZP,GMKN,HYDR,IRAO,LKOH,MAGN,MGNT,MOEX,MTSS,NLMK,NVTK,PHOR,PLZL,RASP,ROSN,RTKM,SBER,SNGS,TATN,TRNFP,VTBR,YDEX",,,252,63,0.8,60,1.0,0.75,10.0,252.0,7.293391153187702,0.2177501859900064,0.4419549058572694,0.4926977460916102,-0.5616912748210885,0.073170731707317,186,18.908045977011493,0.4972644376899696
russia,AFKS,coverage,30,25,"AFLT,ALRS,CHMF,GAZP,GMKN,HYDR,IRAO,LKOH,MAGN,MGNT,MOEX,MTSS,NLMK,NVTK,PHOR,PLZL,RASP,ROSN,RTKM,SBER,SNGS,TATN,TRNFP,VTBR,YDEX",,,252,63,0.8,60,1.5,0.0,10.0,252.0,6.6451165546831055,0.2085548610676189,0.5216159513502243,0.39982454625432,-0.7143890688262344,0.0306725794530672,42,2646.0,0.50151171579743
russia,AFKS,coverage,30,25,"AFLT,ALRS,CHMF,GAZP,GMKN,HYDR,IRAO,LKOH,MAGN,MGNT,MOEX,MTSS,NLMK,NVTK,PHOR,PLZL,RASP,ROSN,RTKM,SBER,SNGS,TATN,TRNFP,VTBR,YDEX",,,252,63,0.8,60,1.5,0.25,10.0,252.0,3.3016403640141894,0.1455341839703474,0.4566803725589008,0.3186784296309494,-0.5881004413298927,0.0421286031042128,104,38.765957446808514,0.5027442371020856
russia,AFKS,coverage,30,25,"AFLT,ALRS,CHMF,GAZP,GMKN,HYDR,IRAO,LKOH,MAGN,MGNT,MOEX,MTSS,NLMK,NVTK,PHOR,PLZL,RASP,ROSN,RTKM,SBER,SNGS,TATN,TRNFP,VTBR,YDEX",,,252,63,0.8,60,1.5,0.5,10.0,252.0,4.275748302328357,0.1675183221138478,0.4473227917062953,0.3744909162237313,-0.5658815464506135,0.0465631929046563,117,30.296296296296298,0.5018337408312958
russia,AFKS,coverage,30,25,"AFLT,ALRS,CHMF,GAZP,GMKN,HYDR,IRAO,LKOH,MAGN,MGNT,MOEX,MTSS,NLMK,NVTK,PHOR,PLZL,RASP,ROSN,RTKM,SBER,SNGS,TATN,TRNFP,VTBR,YDEX",,,252,63,0.8,60,1.5,0.75,10.0,252.0,6.843812198572354,0.2114460659114372,0.4161275270552326,0.5081280428808834,-0.5136546054223056,0.0502586844050258,128,23.566666666666663,0.4971711456859972
russia,AFKS,coverage,30,25,"AFLT,ALRS,CHMF,GAZP,GMKN,HYDR,IRAO,LKOH,MAGN,MGNT,MOEX,MTSS,NLMK,NVTK,PHOR,PLZL,RASP,ROSN,RTKM,SBER,SNGS,TATN,TRNFP,VTBR,YDEX",,,252,63,0.8,60,1.5,1.0,10.0,252.0,10.786269205038336,0.2582687418542044,0.4009530118401402,0.6441371787404756,-0.4836196171243907,0.0628233555062823,164,15.481012658227847,0.5012264922322158
russia,AFKS,coverage,30,25,"AFLT,ALRS,CHMF,GAZP,GMKN,HYDR,IRAO,LKOH,MAGN,MGNT,MOEX,MTSS,NLMK,NVTK,PHOR,PLZL,RASP,ROSN,RTKM,SBER,SNGS,TATN,TRNFP,VTBR,YDEX",,,252,63,0.8,60,2.0,0.0,10.0,252.0,4.420755966804498,0.1704701469232759,0.5214382821491295,0.3269229605096813,-0.6713257241561843,0.0218033998521803,30,2645.0,0.4998109640831758
russia,AFKS,coverage,30,25,"AFLT,ALRS,CHMF,GAZP,GMKN,HYDR,IRAO,LKOH,MAGN,MGNT,MOEX,MTSS,NLMK,NVTK,PHOR,PLZL,RASP,ROSN,RTKM,SBER,SNGS,TATN,TRNFP,VTBR,YDEX",,,252,63,0.8,60,2.0,0.25,10.0,252.0,3.619342737863918,0.1531610126286113,0.4085302481212164,0.3749073987372568,-0.5466476151772057,0.0317812269031781,81,40.39473684210526,0.4996742671009772
russia,AFKS,coverage,30,25,"AFLT,ALRS,CHMF,GAZP,GMKN,HYDR,IRAO,LKOH,MAGN,MGNT,MOEX,MTSS,NLMK,NVTK,PHOR,PLZL,RASP,ROSN,RTKM,SBER,SNGS,TATN,TRNFP,VTBR,YDEX",,,252,63,0.8,60,2.0,0.5,10.0,252.0,3.554845871131957,0.1516520221634487,0.3631070253127632,0.4176510273598339,-0.4935297105786468,0.0354767184035476,92,31.09090909090909,0.5029239766081871
russia,AFKS,coverage,30,25,"AFLT,ALRS,CHMF,GAZP,GMKN,HYDR,IRAO,LKOH,MAGN,MGNT,MOEX,MTSS,NLMK,NVTK,PHOR,PLZL,RASP,ROSN,RTKM,SBER,SNGS,TATN,TRNFP,VTBR,YDEX",,,252,63,0.8,60,2.0,0.75,10.0,252.0,3.1491740661813346,0.1416908895063828,0.3483231738983312,0.4067799679263938,-0.4772262473905814,0.0369549150036954,97,24.27659574468085,0.5013146362839614
russia,AFKS,coverage,30,25,"AFLT,ALRS,CHMF,GAZP,GMKN,HYDR,IRAO,LKOH,MAGN,MGNT,MOEX,MTSS,NLMK,NVTK,PHOR,PLZL,RASP,ROSN,RTKM,SBER,SNGS,TATN,TRNFP,VTBR,YDEX",,,252,63,0.8,60,2.0,1.0,10.0,252.0,2.126998226110533,0.1120119316305652,0.3082720160524471,0.3633541995310672,-0.5893773129345881,0.0384331116038433,102,19.26,0.4994807892004154
russia,AFKS,coverage,30,25,"AFLT,ALRS,CHMF,GAZP,GMKN,HYDR,IRAO,LKOH,MAGN,MGNT,MOEX,MTSS,NLMK,NVTK,PHOR,PLZL,RASP,ROSN,RTKM,SBER,SNGS,TATN,TRNFP,VTBR,YDEX",,,252,63,0.8,60,2.5,0.0,10.0,252.0,3.711772663622519,0.1552905567451947,0.5094126682640218,0.304842353595945,-0.5487801282736816,0.0144124168514412,20,2580.0,0.5034883720930232
russia,AFKS,coverage,30,25,"AFLT,ALRS,CHMF,GAZP,GMKN,HYDR,IRAO,LKOH,MAGN,MGNT,MOEX,MTSS,NLMK,NVTK,PHOR,PLZL,RASP,ROSN,RTKM,SBER,SNGS,TATN,TRNFP,VTBR,YDEX",,,252,63,0.8,60,2.5,0.25,10.0,252.0,0.7999874405240883,0.0562636238640226,0.3600782089051743,0.1562538983825025,-0.5955829253715861,0.0192165558019216,50,48.125,0.5012987012987012
russia,AFKS,coverage,30,25,"AFLT,ALRS,CHMF,GAZP,GMKN,HYDR,IRAO,LKOH,MAGN,MGNT,MOEX,MTSS,NLMK,NVTK,PHOR,PLZL,RASP,ROSN,RTKM,SBER,SNGS,TATN,TRNFP,VTBR,YDEX",,,252,63,0.8,60,2.5,0.5,10.0,252.0,0.6612054231426658,0.0484005232390445,0.3108922254136138,0.1556826426735247,-0.6115384616845809,0.0206947524020694,55,38.44444444444444,0.5048169556840078
russia,AFKS,coverage,30,25,"AFLT,ALRS,CHMF,GAZP,GMKN,HYDR,IRAO,LKOH,MAGN,MGNT,MOEX,MTSS,NLMK,NVTK,PHOR,PLZL,RASP,ROSN,RTKM,SBER,SNGS,TATN,TRNFP,VTBR,YDEX",,,252,63,0.8,60,2.5,0.75,10.0,252.0,0.5170119498866463,0.0395726654124455,0.2953696505767074,0.1339767485765045,-0.6157158072442901,0.0206947524020694,55,31.85185185185185,0.5034883720930232
russia,AFKS,coverage,30,25,"AFLT,ALRS,CHMF,GAZP,GMKN,HYDR,IRAO,LKOH,MAGN,MGNT,MOEX,MTSS,NLMK,NVTK,PHOR,PLZL,RASP,ROSN,RTKM,SBER,SNGS,TATN,TRNFP,VTBR,YDEX",,,252,63,0.8,60,2.5,1.0,10.0,252.0,0.2399454053683125,0.0202303601462228,0.2450405184062328,0.0825592448049123,-0.6636345822450392,0.0206947524020694,56,24.285714285714285,0.5
russia,AFKS,coverage,30,25,"AFLT,ALRS,CHMF,GAZP,GMKN,HYDR,IRAO,LKOH,MAGN,MGNT,MOEX,MTSS,NLMK,NVTK,PHOR,PLZL,RASP,ROSN,RTKM,SBER,SNGS,TATN,TRNFP,VTBR,YDEX",,,252,63,0.8,60,3.0,0.0,10.0,252.0,33.580123271536785,0.3909302548386035,0.508873509131035,0.7682267750706177,-0.4254666926700932,0.0129342202512934,18,2580.0,0.5131782945736434
russia,AFKS,coverage,30,25,"AFLT,ALRS,CHMF,GAZP,GMKN,HYDR,IRAO,LKOH,MAGN,MGNT,MOEX,MTSS,NLMK,NVTK,PHOR,PLZL,RASP,ROSN,RTKM,SBER,SNGS,TATN,TRNFP,VTBR,YDEX",,,252,63,0.8,60,3.0,0.25,10.0,252.0,2.510701845126054,0.1240627786926036,0.3500839939896807,0.3543800368555569,-0.5539470498120007,0.016260162601626,43,46.57142857142857,0.5122699386503068
russia,AFKS,coverage,30,25,"AFLT,ALRS,CHMF,GAZP,GMKN,HYDR,IRAO,LKOH,MAGN,MGNT,MOEX,MTSS,NLMK,NVTK,PHOR,PLZL,RASP,ROSN,RTKM,SBER,SNGS,TATN,TRNFP,VTBR,YDEX",,,252,63,0.8,60,3.0,0.5,10.0,252.0,2.5482037483606086,0.1251756071449266,0.2994550191357959,0.4180113845016648,-0.5806990856310577,0.0177383592017738,48,36.16666666666666,0.5207373271889401
russia,AFKS,coverage,30,25,"AFLT,ALRS,CHMF,GAZP,GMKN,HYDR,IRAO,LKOH,MAGN,MGNT,MOEX,MTSS,NLMK,NVTK,PHOR,PLZL,RASP,ROSN,RTKM,SBER,SNGS,TATN,TRNFP,VTBR,YDEX",,,252,63,0.8,60,3.0,0.75,10.0,252.0,2.3387166007919302,0.1188170388863723,0.283434050035097,0.4192052397080006,-0.5852080643588287,0.0177383592017738,48,29.0,0.5244252873563219
russia,AFKS,coverage,30,25,"AFLT,ALRS,CHMF,GAZP,GMKN,HYDR,IRAO,LKOH,MAGN,MGNT,MOEX,MTSS,NLMK,NVTK,PHOR,PLZL,RASP,ROSN,RTKM,SBER,SNGS,TATN,TRNFP,VTBR,YDEX",,,252,63,0.8,60,3.0,1.0,10.0,252.0,1.1112554665857184,0.072070413074929,0.2339193113851625,0.3080994580916008,-0.5908455369066905,0.0177383592017738,48,22.625,0.5156537753222836
russia,AFLT,coverage,30,25,"AFKS,ALRS,CHMF,GAZP,GMKN,HYDR,IRAO,LKOH,MAGN,MGNT,MOEX,MTSS,NLMK,NVTK,PHOR,PLZL,RASP,ROSN,RTKM,SBER,SNGS,TATN,TRNFP,VTBR,YDEX",,,252,5,0.8,60,1.0,0.0,10.0,252.0,25.848707204028035,0.3585338682878349,0.3854704395407322,0.930120267367348,-0.4396779839617293,0.0388026607538802,53,2646.0,0.516628873771731
russia,AFLT,coverage,30,25,"AFKS,ALRS,CHMF,GAZP,GMKN,HYDR,IRAO,LKOH,MAGN,MGNT,MOEX,MTSS,NLMK,NVTK,PHOR,PLZL,RASP,ROSN,RTKM,SBER,SNGS,TATN,TRNFP,VTBR,YDEX",,,252,5,0.8,60,1.0,0.25,10.0,252.0,9.160679005357572,0.240997980506936,0.3311114042142452,0.7278456055563661,-0.3402231040108451,0.0594974131559497,150,26.928571428571427,0.5151193633952255
russia,AFLT,coverage,30,25,"AFKS,ALRS,CHMF,GAZP,GMKN,HYDR,IRAO,LKOH,MAGN,MGNT,MOEX,MTSS,NLMK,NVTK,PHOR,PLZL,RASP,ROSN,RTKM,SBER,SNGS,TATN,TRNFP,VTBR,YDEX",,,252,5,0.8,60,1.0,0.5,10.0,252.0,6.500214821642704,0.2064031187386872,0.3135615482441937,0.65825392142134,-0.3015837717786181,0.0705838876570583,187,18.17391304347826,0.5191387559808612
russia,AFLT,coverage,30,25,"AFKS,ALRS,CHMF,GAZP,GMKN,HYDR,IRAO,LKOH,MAGN,MGNT,MOEX,MTSS,NLMK,NVTK,PHOR,PLZL,RASP,ROSN,RTKM,SBER,SNGS,TATN,TRNFP,VTBR,YDEX",,,252,5,0.8,60,1.0,0.75,10.0,252.0,5.411901087613678,0.1889176253746904,0.29892571893596,0.6319885289467616,-0.3201599564250723,0.0905395417590539,243,12.355371900826446,0.5183946488294314
russia,AFLT,coverage,30,25,"AFKS,ALRS,CHMF,GAZP,GMKN,HYDR,IRAO,LKOH,MAGN,MGNT,MOEX,MTSS,NLMK,NVTK,PHOR,PLZL,RASP,ROSN,RTKM,SBER,SNGS,TATN,TRNFP,VTBR,YDEX",,,252,5,0.8,60,1.5,0.0,10.0,252.0,20.54332285112928,0.3309648677729511,0.3852719625151761,0.8590421831173717,-0.4114863015743011,0.0299334811529933,41,2644.0,0.5181543116490166
russia,AFLT,coverage,30,25,"AFKS,ALRS,CHMF,GAZP,GMKN,HYDR,IRAO,LKOH,MAGN,MGNT,MOEX,MTSS,NLMK,NVTK,PHOR,PLZL,RASP,ROSN,RTKM,SBER,SNGS,TATN,TRNFP,VTBR,YDEX",,,252,5,0.8,60,1.5,0.25,10.0,252.0,12.02923166222536,0.2700720502862459,0.3126362267508542,0.863853984846969,-0.2695028839568746,0.0476718403547671,122,28.344827586206897,0.5170316301703163
russia,AFLT,coverage,30,25,"AFKS,ALRS,CHMF,GAZP,GMKN,HYDR,IRAO,LKOH,MAGN,MGNT,MOEX,MTSS,NLMK,NVTK,PHOR,PLZL,RASP,ROSN,RTKM,SBER,SNGS,TATN,TRNFP,VTBR,YDEX",,,252,5,0.8,60,1.5,0.5,10.0,252.0,8.113732892034239,0.2284940220830313,0.2923611351337087,0.7815471847122625,-0.2572671614371632,0.0521064301552106,137,20.85074626865672,0.5232641374373658
russia,AFLT,coverage,30,25,"AFKS,ALRS,CHMF,GAZP,GMKN,HYDR,IRAO,LKOH,MAGN,MGNT,MOEX,MTSS,NLMK,NVTK,PHOR,PLZL,RASP,ROSN,RTKM,SBER,SNGS,TATN,TRNFP,VTBR,YDEX",,,252,5,0.8,60,1.5,0.75,10.0,252.0,5.047463286964778,0.1824562772269886,0.2721012754716079,0.6705454684501354,-0.2493569086120742,0.0587583148558758,158,15.050632911392404,0.5239697224558453
russia,AFLT,coverage,30,25,"AFKS,ALRS,CHMF,GAZP,GMKN,HYDR,IRAO,LKOH,MAGN,MGNT,MOEX,MTSS,NLMK,NVTK,PHOR,PLZL,RASP,ROSN,RTKM,SBER,SNGS,TATN,TRNFP,VTBR,YDEX",,,252,5,0.8,60,1.5,1.0,10.0,252.0,5.760656874760372,0.1947962917261907,0.2593096783867191,0.7512110343821531,-0.2332530910309984,0.0691056910569105,186,10.720430107526882,0.5336008024072216
russia,AFLT,coverage,30,25,"AFKS,ALRS,CHMF,GAZP,GMKN,HYDR,IRAO,LKOH,MAGN,MGNT,MOEX,MTSS,NLMK,NVTK,PHOR,PLZL,RASP,ROSN,RTKM,SBER,SNGS,TATN,TRNFP,VTBR,YDEX",,,252,5,0.8,60,2.0,0.0,10.0,252.0,40.6165522087524,0.4151302002405992,0.3790698423963451,1.0951285325582572,-0.3070564130794854,0.0232815964523281,32,2605.0,0.5239923224568138
russia,AFLT,coverage,30,25,"AFKS,ALRS,CHMF,GAZP,GMKN,HYDR,IRAO,LKOH,MAGN,MGNT,MOEX,MTSS,NLMK,NVTK,PHOR,PLZL,RASP,ROSN,RTKM,SBER,SNGS,TATN,TRNFP,VTBR,YDEX",,,252,5,0.8,60,2.0,0.25,10.0,252.0,15.853035202693013,0.300876596646185,0.2841794390563646,1.0587556849477369,-0.255595556421385,0.0358462675535846,93,29.57777777777778,0.5259203606311045
russia,AFLT,coverage,30,25,"AFKS,ALRS,CHMF,GAZP,GMKN,HYDR,IRAO,LKOH,MAGN,MGNT,MOEX,MTSS,NLMK,NVTK,PHOR,PLZL,RASP,ROSN,RTKM,SBER,SNGS,TATN,TRNFP,VTBR,YDEX",,,252,5,0.8,60,2.0,0.5,10.0,252.0,10.991607589024625,0.2602942469281351,0.2650730616417446,0.9819717074077174,-0.2380893265534202,0.0395417590539541,106,21.16981132075472,0.5365418894830659
russia,AFLT,coverage,30,25,"AFKS,ALRS,CHMF,GAZP,GMKN,HYDR,IRAO,LKOH,MAGN,MGNT,MOEX,MTSS,NLMK,NVTK,PHOR,PLZL,RASP,ROSN,RTKM,SBER,SNGS,TATN,TRNFP,VTBR,YDEX",,,252,5,0.8,60,2.0,0.75,10.0,252.0,8.942357140748634,0.2384902128425956,0.2416346117443637,0.9869869681372688,-0.2380893265534202,0.0417590539541759,113,15.36842105263158,0.5399543378995434
russia,AFLT,coverage,30,25,"AFKS,ALRS,CHMF,GAZP,GMKN,HYDR,IRAO,LKOH,MAGN,MGNT,MOEX,MTSS,NLMK,NVTK,PHOR,PLZL,RASP,ROSN,RTKM,SBER,SNGS,TATN,TRNFP,VTBR,YDEX",,,252,5,0.8,60,2.0,1.0,10.0,252.0,7.99997513850899,0.2270578675659875,0.2218122683179479,1.0236488237905783,-0.2380893265534203,0.0439763488543976,119,11.333333333333334,0.5588235294117647
russia,AFLT,coverage,30,25,"AFKS,ALRS,CHMF,GAZP,GMKN,HYDR,IRAO,LKOH,MAGN,MGNT,MOEX,MTSS,NLMK,NVTK,PHOR,PLZL,RASP,ROSN,RTKM,SBER,SNGS,TATN,TRNFP,VTBR,YDEX",,,252,5,0.8,60,2.5,0.0,10.0,252.0,40.67945953702793,0.4153292706933105,0.3790014993826497,1.095851260139695,-0.3693477473955806,0.0181079083518107,25,2605.0,0.5247600767754319
russia,AFLT,coverage,30,25,"AFKS,ALRS,CHMF,GAZP,GMKN,HYDR,IRAO,LKOH,MAGN,MGNT,MOEX,MTSS,NLMK,NVTK,PHOR,PLZL,RASP,ROSN,RTKM,SBER,SNGS,TATN,TRNFP,VTBR,YDEX",,,252,5,0.8,60,2.5,0.25,10.0,252.0,11.310868679060183,0.263381886527801,0.2627876349390609,1.0022613377104976,-0.2301508390233344,0.0273466371027346,72,31.057142857142857,0.5289788408463661
russia,AFLT,coverage,30,25,"AFKS,ALRS,CHMF,GAZP,GMKN,HYDR,IRAO,LKOH,MAGN,MGNT,MOEX,MTSS,NLMK,NVTK,PHOR,PLZL,RASP,ROSN,RTKM,SBER,SNGS,TATN,TRNFP,VTBR,YDEX",,,252,5,0.8,60,2.5,0.5,10.0,252.0,8.80385579585644,0.236873291226356,0.2382583590513938,0.9941866978747258,-0.2120462233242021,0.0280857354028085,75,23.10810810810811,0.5426900584795321
russia,AFLT,coverage,30,25,"AFKS,ALRS,CHMF,GAZP,GMKN,HYDR,IRAO,LKOH,MAGN,MGNT,MOEX,MTSS,NLMK,NVTK,PHOR,PLZL,RASP,ROSN,RTKM,SBER,SNGS,TATN,TRNFP,VTBR,YDEX",,,252,5,0.8,60,2.5,0.75,10.0,252.0,5.391566519408687,0.1885659856024344,0.2171595635562995,0.8683291793112665,-0.2120462233242021,0.0280857354028085,76,17.789473684210527,0.5399408284023669
russia,AFLT,coverage,30,25,"AFKS,ALRS,CHMF,GAZP,GMKN,HYDR,IRAO,LKOH,MAGN,MGNT,MOEX,MTSS,NLMK,NVTK,PHOR,PLZL,RASP,ROSN,RTKM,SBER,SNGS,TATN,TRNFP,VTBR,YDEX",,,252,5,0.8,60,2.5,1.0,10.0,252.0,5.384843608233113,0.1884495050748211,0.1982010083978557,0.9507999308285048,-0.2120462233242019,0.0288248337028824,78,12.717948717948715,0.5705645161290323
russia,AFLT,coverage,30,25,"AFKS,ALRS,CHMF,GAZP,GMKN,HYDR,IRAO,LKOH,MAGN,MGNT,MOEX,MTSS,NLMK,NVTK,PHOR,PLZL,RASP,ROSN,RTKM,SBER,SNGS,TATN,TRNFP,VTBR,YDEX",,,252,5,0.8,60,3.0,0.0,10.0,252.0,4.455869036601012,0.1711741423081556,0.3324487004992478,0.5148888897778771,-0.4228282194117393,0.0099778270509977,14,2142.0,0.5256769374416433
russia,AFLT,coverage,30,25,"AFKS,ALRS,CHMF,GAZP,GMKN,HYDR,IRAO,LKOH,MAGN,MGNT,MOEX,MTSS,NLMK,NVTK,PHOR,PLZL,RASP,ROSN,RTKM,SBER,SNGS,TATN,TRNFP,VTBR,YDEX",,,252,5,0.8,60,3.0,0.25,10.0,252.0,4.100520103068462,0.1638515184648068,0.2103994293288368,0.7787640821435905,-0.2301508390233343,0.016260162601626,43,28.95238095238096,0.5444078947368421
russia,AFLT,coverage,30,25,"AFKS,ALRS,CHMF,GAZP,GMKN,HYDR,IRAO,LKOH,MAGN,MGNT,MOEX,MTSS,NLMK,NVTK,PHOR,PLZL,RASP,ROSN,RTKM,SBER,SNGS,TATN,TRNFP,VTBR,YDEX",,,252,5,0.8,60,3.0,0.5,10.0,252.0,3.983031392957238,0.161328436160463,0.190639221148715,0.8462499751539213,-0.2120462233242019,0.016260162601626,43,22.38095238095238,0.5617021276595745
russia,AFLT,coverage,30,25,"AFKS,ALRS,CHMF,GAZP,GMKN,HYDR,IRAO,LKOH,MAGN,MGNT,MOEX,MTSS,NLMK,NVTK,PHOR,PLZL,RASP,ROSN,RTKM,SBER,SNGS,TATN,TRNFP,VTBR,YDEX",,,252,5,0.8,60,3.0,0.75,10.0,252.0,2.323053973177184,0.1183272121566454,0.1794547833600485,0.6593706221763953,-0.2120462233242021,0.016260162601626,44,16.954545454545453,0.5549597855227882
russia,AFLT,coverage,30,25,"AFKS,ALRS,CHMF,GAZP,GMKN,HYDR,IRAO,LKOH,MAGN,MGNT,MOEX,MTSS,NLMK,NVTK,PHOR,PLZL,RASP,ROSN,RTKM,SBER,SNGS,TATN,TRNFP,VTBR,YDEX",,,252,5,0.8,60,3.0,1.0,10.0,252.0,2.200331544388069,0.1144150842732751,0.1690168618605731,0.6769447912697579,-0.2120462233242018,0.016260162601626,44,12.590909090909092,0.5848375451263538
russia,AFLT,coverage,30,25,"AFKS,ALRS,CHMF,GAZP,GMKN,HYDR,IRAO,LKOH,MAGN,MGNT,MOEX,MTSS,NLMK,NVTK,PHOR,PLZL,RASP,ROSN,RTKM,SBER,SNGS,TATN,TRNFP,VTBR,YDEX",,,252,10,0.8,60,1.0,0.0,10.0,252.0,16.591577462909573,0.3060828711483128,0.3983450316523316,0.7683863154479015,-0.4699716888169372,0.0388026607538802,53,2646.0,0.50151171579743
russia,AFLT,coverage,30,25,"AFKS,ALRS,CHMF,GAZP,GMKN,HYDR,IRAO,LKOH,MAGN,MGNT,MOEX,MTSS,NLMK,NVTK,PHOR,PLZL,RASP,ROSN,RTKM,SBER,SNGS,TATN,TRNFP,VTBR,YDEX",,,252,10,0.8,60,1.0,0.25,10.0,252.0,2.7538341188489546,0.1310942319369645,0.3484621155475571,0.3762079895858096,-0.4786185030120018,0.0535846267553584,138,28.727272727272727,0.4978902953586498
russia,AFLT,coverage,30,25,"AFKS,ALRS,CHMF,GAZP,GMKN,HYDR,IRAO,LKOH,MAGN,MGNT,MOEX,MTSS,NLMK,NVTK,PHOR,PLZL,RASP,ROSN,RTKM,SBER,SNGS,TATN,TRNFP,VTBR,YDEX",,,252,10,0.8,60,1.0,0.5,10.0,252.0,3.400411785223315,0.1479585502109277,0.3250389921835662,0.4552024642242551,-0.4586825658558376,0.0683665927568366,182,18.677777777777777,0.5032718619869125
russia,AFLT,coverage,30,25,"AFKS,ALRS,CHMF,GAZP,GMKN,HYDR,IRAO,LKOH,MAGN,MGNT,MOEX,MTSS,NLMK,NVTK,PHOR,PLZL,RASP,ROSN,RTKM,SBER,SNGS,TATN,TRNFP,VTBR,YDEX",,,252,10,0.8,60,1.0,0.75,10.0,252.0,3.972033635734201,0.1610895047050584,0.3114723227865044,0.5171872199234718,-0.4746983831598359,0.0912786400591278,245,12.18032786885246,0.5080753701211306
russia,AFLT,coverage,30,25,"AFKS,ALRS,CHMF,GAZP,GMKN,HYDR,IRAO,LKOH,MAGN,MGNT,MOEX,MTSS,NLMK,NVTK,PHOR,PLZL,RASP,ROSN,RTKM,SBER,SNGS,TATN,TRNFP,VTBR,YDEX",,,252,10,0.8,60,1.5,0.0,10.0,252.0,22.43000270467065,0.341411259187464,0.3980879097049297,0.8576278024633418,-0.4131474052060049,0.0314116777531411,43,2644.0,0.5117246596066566
russia,AFLT,coverage,30,25,"AFKS,ALRS,CHMF,GAZP,GMKN,HYDR,IRAO,LKOH,MAGN,MGNT,MOEX,MTSS,NLMK,NVTK,PHOR,PLZL,RASP,ROSN,RTKM,SBER,SNGS,TATN,TRNFP,VTBR,YDEX",,,252,10,0.8,60,1.5,0.25,10.0,252.0,4.44689096743391,0.1709945294151498,0.3279155493202699,0.5214590456890538,-0.4355850437563576,0.0439763488543976,113,30.944444444444443,0.5068821065230401
russia,AFLT,coverage,30,25,"AFKS,ALRS,CHMF,GAZP,GMKN,HYDR,IRAO,LKOH,MAGN,MGNT,MOEX,MTSS,NLMK,NVTK,PHOR,PLZL,RASP,ROSN,RTKM,SBER,SNGS,TATN,TRNFP,VTBR,YDEX",,,252,10,0.8,60,1.5,0.5,10.0,252.0,4.412850665834291,0.1703110803235823,0.2967317088536261,0.5739564571024479,-0.3920833376549073,0.0528455284552845,141,20.057142857142857,0.5156695156695157
russia,AFLT,coverage,30,25,"AFKS,ALRS,CHMF,GAZP,GMKN,HYDR,IRAO,LKOH,MAGN,MGNT,MOEX,MTSS,NLMK,NVTK,PHOR,PLZL,RASP,ROSN,RTKM,SBER,SNGS,TATN,TRNFP,VTBR,YDEX",,,252,10,0.8,60,1.5,0.75,10.0,252.0,6.224432186844475,0.2022015579933771,0.2832155818547818,0.7139492702666886,-0.4100696088999276,0.0617147080561714,166,14.53012048192771,0.5223880597014925
russia,AFLT,coverage,30,25,"AFKS,ALRS,CHMF,GAZP,GMKN,HYDR,IRAO,LKOH,MAGN,MGNT,MOEX,MTSS,NLMK,NVTK,PHOR,PLZL,RASP,ROSN,RTKM,SBER,SNGS,TATN,TRNFP,VTBR,YDEX",,,252,10,0.8,60,1.5,1.0,10.0,252.0,3.517807524210431,0.1507766784722775,0.2665487664856982,0.565662638248853,-0.4022318556431457,0.0698447893569844,188,11.127659574468083,0.5267686424474187
russia,AFLT,coverage,30,25,"AFKS,ALRS,CHMF,GAZP,GMKN,HYDR,IRAO,LKOH,MAGN,MGNT,MOEX,MTSS,NLMK,NVTK,PHOR,PLZL,RASP,ROSN,RTKM,SBER,SNGS,TATN,TRNFP,VTBR,YDEX",,,252,10,0.8,60,2.0,0.0,10.0,252.0,28.85346815028016,0.372021553903666,0.3937441950940299,0.9448305741112542,-0.5011862306628859,0.0232815964523281,32,2606.0,0.5207214121258634
russia,AFLT,coverage,30,25,"AFKS,ALRS,CHMF,GAZP,GMKN,HYDR,IRAO,LKOH,MAGN,MGNT,MOEX,MTSS,NLMK,NVTK,PHOR,PLZL,RASP,ROSN,RTKM,SBER,SNGS,TATN,TRNFP,VTBR,YDEX",,,252,10,0.8,60,2.0,0.25,10.0,252.0,8.972330855430638,0.2388374479175341,0.3086797299995697,0.7737386835146807,-0.4485141605859787,0.0343680709534368,88,33.333333333333336,0.52
russia,AFLT,coverage,30,25,"AFKS,ALRS,CHMF,GAZP,GMKN,HYDR,IRAO,LKOH,MAGN,MGNT,MOEX,MTSS,NLMK,NVTK,PHOR,PLZL,RASP,ROSN,RTKM,SBER,SNGS,TATN,TRNFP,VTBR,YDEX",,,252,10,0.8,60,2.0,0.5,10.0,252.0,8.424373866388272,0.2323345220564641,0.2743245272003859,0.8469330993752177,-0.351358128466494,0.0395417590539541,105,22.096153846153847,0.5291557876414273
russia,AFLT,coverage,30,25,"AFKS,ALRS,CHMF,GAZP,GMKN,HYDR,IRAO,LKOH,MAGN,MGNT,MOEX,MTSS,NLMK,NVTK,PHOR,PLZL,RASP,ROSN,RTKM,SBER,SNGS,TATN,TRNFP,VTBR,YDEX",,,252,10,0.8,60,2.0,0.75,10.0,252.0,7.884471364972656,0.2255827273074064,0.2502182337781362,0.9015439198864558,-0.3513581284664944,0.0424981522542498,115,15.96551724137931,0.5334773218142549
russia,AFLT,coverage,30,25,"AFKS,ALRS,CHMF,GAZP,GMKN,HYDR,IRAO,LKOH,MAGN,MGNT,MOEX,MTSS,NLMK,NVTK,PHOR,PLZL,RASP,ROSN,RTKM,SBER,SNGS,TATN,TRNFP,VTBR,YDEX",,,252,10,0.8,60,2.0,1.0,10.0,252.0,4.388406625842002,0.1698178929476981,0.232144573047285,0.7315178240807216,-0.3513581284664941,0.0454545454545454,123,12.580645161290322,0.541025641025641
russia,AFLT,coverage,30,25,"AFKS,ALRS,CHMF,GAZP,GMKN,HYDR,IRAO,LKOH,MAGN,MGNT,MOEX,MTSS,NLMK,NVTK,PHOR,PLZL,RASP,ROSN,RTKM,SBER,SNGS,TATN,TRNFP,VTBR,YDEX",,,252,10,0.8,60,2.5,0.0,10.0,252.0,2.453973857360005,0.122358777058221,0.3939247129483622,0.310614625171436,-0.4225069850539974,0.0107169253510716,15,2605.0,0.5097888675623801
russia,AFLT,coverage,30,25,"AFKS,ALRS,CHMF,GAZP,GMKN,HYDR,IRAO,LKOH,MAGN,MGNT,MOEX,MTSS,NLMK,NVTK,PHOR,PLZL,RASP,ROSN,RTKM,SBER,SNGS,TATN,TRNFP,VTBR,YDEX",,,252,10,0.8,60,2.5,0.25,10.0,252.0,2.5381338911981493,0.124877846468038,0.2698215582273326,0.4628164157395634,-0.3793819775987245,0.0210643015521064,57,33.93103448275862,0.5101626016260162
russia,AFLT,coverage,30,25,"AFKS,ALRS,CHMF,GAZP,GMKN,HYDR,IRAO,LKOH,MAGN,MGNT,MOEX,MTSS,NLMK,NVTK,PHOR,PLZL,RASP,ROSN,RTKM,SBER,SNGS,TATN,TRNFP,VTBR,YDEX",,,252,10,0.8,60,2.5,0.5,10.0,252.0,2.607390541280971,0.1269103960575575,0.2290837694911227,0.5539912161366605,-0.3513581284664943,0.0229120473022912,62,23.70967741935484,0.5238095238095238
russia,AFLT,coverage,30,25,"AFKS,ALRS,CHMF,GAZP,GMKN,HYDR,IRAO,LKOH,MAGN,MGNT,MOEX,MTSS,NLMK,NVTK,PHOR,PLZL,RASP,ROSN,RTKM,SBER,SNGS,TATN,TRNFP,VTBR,YDEX",,,252,10,0.8,60,2.5,0.75,10.0,252.0,2.117861796355225,0.1117089563874842,0.2104916836600532,0.5307048451752403,-0.3578793873749211,0.0229120473022912,62,19.483870967741936,0.5182119205298014
russia,AFLT,coverage,30,25,"AFKS,ALRS,CHMF,GAZP,GMKN,HYDR,IRAO,LKOH,MAGN,MGNT,MOEX,MTSS,NLMK,NVTK,PHOR,PLZL,RASP,ROSN,RTKM,SBER,SNGS,TATN,TRNFP,VTBR,YDEX",,,252,10,0.8,60,2.5,1.0,10.0,252.0,1.5826261142278155,0.0923801548833185,0.2038108980318783,0.4532640588672998,-0.3943116956646866,0.0236511456023651,64,16.0625,0.5233463035019456
russia,AFLT,coverage,30,25,"AFKS,ALRS,CHMF,GAZP,GMKN,HYDR,IRAO,LKOH,MAGN,MGNT,MOEX,MTSS,NLMK,NVTK,PHOR,PLZL,RASP,ROSN,RTKM,SBER,SNGS,TATN,TRNFP,VTBR,YDEX",,,252,10,0.8,60,3.0,0.0,10.0,252.0,1.1164875787552528,0.0723175540707221,0.3935265453022615,0.1837679184136769,-0.4905428681640642,0.0084996304508499,12,2602.0,0.5165257494235204
russia,AFLT,coverage,30,25,"AFKS,ALRS,CHMF,GAZP,GMKN,HYDR,IRAO,LKOH,MAGN,MGNT,MOEX,MTSS,NLMK,NVTK,PHOR,PLZL,RASP,ROSN,RTKM,SBER,SNGS,TATN,TRNFP,VTBR,YDEX",,,252,10,0.8,60,3.0,0.25,10.0,252.0,2.522950016740217,0.1244274105207143,0.2295464138848076,0.542057740806856,-0.3513581284664943,0.0155210643015521,42,32.42857142857143,0.527165932452276
russia,AFLT,coverage,30,25,"AFKS,ALRS,CHMF,GAZP,GMKN,HYDR,IRAO,LKOH,MAGN,MGNT,MOEX,MTSS,NLMK,NVTK,PHOR,PLZL,RASP,ROSN,RTKM,SBER,SNGS,TATN,TRNFP,VTBR,YDEX",,,252,10,0.8,60,3.0,0.5,10.0,252.0,2.156845054724456,0.1129961249678219,0.1967777568029356,0.5742322039019007,-0.3513581284664943,0.0155210643015521,42,22.666666666666668,0.5399159663865546
russia,AFLT,coverage,30,25,"AFKS,ALRS,CHMF,GAZP,GMKN,HYDR,IRAO,LKOH,MAGN,MGNT,MOEX,MTSS,NLMK,NVTK,PHOR,PLZL,RASP,ROSN,RTKM,SBER,SNGS,TATN,TRNFP,VTBR,YDEX",,,252,10,0.8,60,3.0,0.75,10.0,252.0,1.784498983157155,0.1000633266537494,0.1896945924987811,0.5274969904816468,-0.3513581284664944,0.0155210643015521,42,19.428571428571427,0.5318627450980392
russia,AFLT,coverage,30,25,"AFKS,ALRS,CHMF,GAZP,GMKN,HYDR,IRAO,LKOH,MAGN,MGNT,MOEX,MTSS,NLMK,NVTK,PHOR,PLZL,RASP,ROSN,RTKM,SBER,SNGS,TATN,TRNFP,VTBR,YDEX",,,252,10,0.8,60,3.0,1.0,10.0,252.0,1.3163900727487712,0.0813682015235637,0.1837568991614589,0.4428035186426886,-0.3513581284664944,0.0155210643015521,42,16.142857142857142,0.5339233038348082
russia,AFLT,coverage,30,25,"AFKS,ALRS,CHMF,GAZP,GMKN,HYDR,IRAO,LKOH,MAGN,MGNT,MOEX,MTSS,NLMK,NVTK,PHOR,PLZL,RASP,ROSN,RTKM,SBER,SNGS,TATN,TRNFP,VTBR,YDEX",,,252,21,0.8,60,1.0,0.0,10.0,252.0,6.459929218885887,0.2057981938829911,0.4170691825959127,0.4934389843959859,-0.4042923253093822,0.0336289726533629,46,2646.0,0.5056689342403629
russia,AFLT,coverage,30,25,"AFKS,ALRS,CHMF,GAZP,GMKN,HYDR,IRAO,LKOH,MAGN,MGNT,MOEX,MTSS,NLMK,NVTK,PHOR,PLZL,RASP,ROSN,RTKM,SBER,SNGS,TATN,TRNFP,VTBR,YDEX",,,252,21,0.8,60,1.0,0.25,10.0,252.0,5.386609653482964,0.1884801141763781,0.3693040160800023,0.5103657311312523,-0.3718925077499845,0.0546932742054693,136,31.080645161290324,0.5101193565127141
russia,AFLT,coverage,30,25,"AFKS,ALRS,CHMF,GAZP,GMKN,HYDR,IRAO,LKOH,MAGN,MGNT,MOEX,MTSS,NLMK,NVTK,PHOR,PLZL,RASP,ROSN,RTKM,SBER,SNGS,TATN,TRNFP,VTBR,YDEX",,,252,21,0.8,60,1.0,0.5,10.0,252.0,4.628545081111762,0.1745775106860667,0.3556951244498366,0.490806588805766,-0.377778840243009,0.065040650406504,169,21.20987654320988,0.5110593713620489
russia,AFLT,coverage,30,25,"AFKS,ALRS,CHMF,GAZP,GMKN,HYDR,IRAO,LKOH,MAGN,MGNT,MOEX,MTSS,NLMK,NVTK,PHOR,PLZL,RASP,ROSN,RTKM,SBER,SNGS,TATN,TRNFP,VTBR,YDEX",,,252,21,0.8,60,1.0,0.75,10.0,252.0,4.201536521895696,0.1659790642959673,0.3374331576197195,0.4918872391403291,-0.3472019140120849,0.0835181079083518,222,14.036697247706424,0.5143790849673202
russia,AFLT,coverage,30,25,"AFKS,ALRS,CHMF,GAZP,GMKN,HYDR,IRAO,LKOH,MAGN,MGNT,MOEX,MTSS,NLMK,NVTK,PHOR,PLZL,RASP,ROSN,RTKM,SBER,SNGS,TATN,TRNFP,VTBR,YDEX",,,252,21,0.8,60,1.5,0.0,10.0,252.0,13.347638619378596,0.2815241080812019,0.416720637082306,0.6755703534442388,-0.4461581325303517,0.0277161862527716,38,2646.0,0.5120937263794406
russia,AFLT,coverage,30,25,"AFKS,ALRS,CHMF,GAZP,GMKN,HYDR,IRAO,LKOH,MAGN,MGNT,MOEX,MTSS,NLMK,NVTK,PHOR,PLZL,RASP,ROSN,RTKM,SBER,SNGS,TATN,TRNFP,VTBR,YDEX",,,252,21,0.8,60,1.5,0.25,10.0,252.0,6.063938258145536,0.199688977558859,0.336094418873483,0.5941454732517547,-0.3493484411652895,0.0443458980044345,114,30.55555555555556,0.5206060606060606
russia,AFLT,coverage,30,25,"AFKS,ALRS,CHMF,GAZP,GMKN,HYDR,IRAO,LKOH,MAGN,MGNT,MOEX,MTSS,NLMK,NVTK,PHOR,PLZL,RASP,ROSN,RTKM,SBER,SNGS,TATN,TRNFP,VTBR,YDEX",,,252,21,0.8,60,1.5,0.5,10.0,252.0,6.104451310147403,0.2003280685860509,0.3223042635029545,0.621549545788787,-0.3493484411652898,0.0509977827050997,135,22.09090909090909,0.522633744855967
russia,AFLT,coverage,30,25,"AFKS,ALRS,CHMF,GAZP,GMKN,HYDR,IRAO,LKOH,MAGN,MGNT,MOEX,MTSS,NLMK,NVTK,PHOR,PLZL,RASP,ROSN,RTKM,SBER,SNGS,TATN,TRNFP,VTBR,YDEX",,,252,21,0.8,60,1.5,0.75,10.0,252.0,7.359926725492894,0.2186567072291469,0.3070500864339016,0.7121206503103104,-0.276442456762742,0.0576496674057649,153,16.826666666666668,0.5229793977812995
russia,AFLT,coverage,30,25,"AFKS,ALRS,CHMF,GAZP,GMKN,HYDR,IRAO,LKOH,MAGN,MGNT,MOEX,MTSS,NLMK,NVTK,PHOR,PLZL,RASP,ROSN,RTKM,SBER,SNGS,TATN,TRNFP,VTBR,YDEX",,,252,21,0.8,60,1.5,1.0,10.0,252.0,6.537371144487073,0.2069584480814645,0.2929145765367612,0.7065488188686677,-0.2500286351128779,0.0657797487065779,176,12.701149425287356,0.5257918552036199
russia,AFLT,coverage,30,25,"AFKS,ALRS,CHMF,GAZP,GMKN,HYDR,IRAO,LKOH,MAGN,MGNT,MOEX,MTSS,NLMK,NVTK,PHOR,PLZL,RASP,ROSN,RTKM,SBER,SNGS,TATN,TRNFP,VTBR,YDEX",,,252,21,0.8,60,2.0,0.0,10.0,252.0,12.894932817819535,0.2777035186962631,0.4164363183640808,0.6668571074376688,-0.5064510773555706,0.0218033998521803,30,2644.0,0.5143721633888049
russia,AFLT,coverage,30,25,"AFKS,ALRS,CHMF,GAZP,GMKN,HYDR,IRAO,LKOH,MAGN,MGNT,MOEX,MTSS,NLMK,NVTK,PHOR,PLZL,RASP,ROSN,RTKM,SBER,SNGS,TATN,TRNFP,VTBR,YDEX",,,252,21,0.8,60,2.0,0.25,10.0,252.0,6.682949104369507,0.2091105709022733,0.3136886404020483,0.6666182448757487,-0.321651302305763,0.0332594235033259,85,33.775,0.5196150999259808
russia,AFLT,coverage,30,25,"AFKS,ALRS,CHMF,GAZP,GMKN,HYDR,IRAO,LKOH,MAGN,MGNT,MOEX,MTSS,NLMK,NVTK,PHOR,PLZL,RASP,ROSN,RTKM,SBER,SNGS,TATN,TRNFP,VTBR,YDEX",,,252,21,0.8,60,2.0,0.5,10.0,252.0,7.404645472502858,0.2192623132668141,0.293704516948445,0.746540487510793,-0.2309722318079363,0.0369549150036954,98,23.979166666666668,0.5230234578627281
russia,AFLT,coverage,30,25,"AFKS,ALRS,CHMF,GAZP,GMKN,HYDR,IRAO,LKOH,MAGN,MGNT,MOEX,MTSS,NLMK,NVTK,PHOR,PLZL,RASP,ROSN,RTKM,SBER,SNGS,TATN,TRNFP,VTBR,YDEX",,,252,21,0.8,60,2.0,0.75,10.0,252.0,4.15514543708077,0.1650066997002359,0.2645340195115428,0.6237636278498991,-0.2252972680685331,0.0384331116038433,104,18.634615384615383,0.5180598555211559
russia,AFLT,coverage,30,25,"AFKS,ALRS,CHMF,GAZP,GMKN,HYDR,IRAO,LKOH,MAGN,MGNT,MOEX,MTSS,NLMK,NVTK,PHOR,PLZL,RASP,ROSN,RTKM,SBER,SNGS,TATN,TRNFP,VTBR,YDEX",,,252,21,0.8,60,2.0,1.0,10.0,252.0,2.996539438493772,0.1377128568650847,0.2508653274353648,0.5489513368505111,-0.2166203961258751,0.0413895048041389,112,14.803571428571429,0.5211097708082026
russia,AFLT,coverage,30,25,"AFKS,ALRS,CHMF,GAZP,GMKN,HYDR,IRAO,LKOH,MAGN,MGNT,MOEX,MTSS,NLMK,NVTK,PHOR,PLZL,RASP,ROSN,RTKM,SBER,SNGS,TATN,TRNFP,VTBR,YDEX",,,252,21,0.8,60,2.5,0.0,10.0,252.0,18.07025555041477,0.3159366257905209,0.4090167292626786,0.772429593185711,-0.3697885930944451,0.0151515151515151,21,2601.0,0.5121107266435986
russia,AFLT,coverage,30,25,"AFKS,ALRS,CHMF,GAZP,GMKN,HYDR,IRAO,LKOH,MAGN,MGNT,MOEX,MTSS,NLMK,NVTK,PHOR,PLZL,RASP,ROSN,RTKM,SBER,SNGS,TATN,TRNFP,VTBR,YDEX",,,252,21,0.8,60,2.5,0.25,10.0,252.0,4.36710374889304,0.1693864248363783,0.2669289832466172,0.6345748699753643,-0.3216513023057633,0.0221729490022172,58,36.07142857142857,0.5267326732673268
russia,AFLT,coverage,30,25,"AFKS,ALRS,CHMF,GAZP,GMKN,HYDR,IRAO,LKOH,MAGN,MGNT,MOEX,MTSS,NLMK,NVTK,PHOR,PLZL,RASP,ROSN,RTKM,SBER,SNGS,TATN,TRNFP,VTBR,YDEX",,,252,21,0.8,60,2.5,0.5,10.0,252.0,5.9438610624787405,0.1977750476960691,0.2528814935219648,0.7820858890921204,-0.2106914095213463,0.0251293422025129,68,25.029411764705884,0.535840188014101
russia,AFLT,coverage,30,25,"AFKS,ALRS,CHMF,GAZP,GMKN,HYDR,IRAO,LKOH,MAGN,MGNT,MOEX,MTSS,NLMK,NVTK,PHOR,PLZL,RASP,ROSN,RTKM,SBER,SNGS,TATN,TRNFP,VTBR,YDEX",,,252,21,0.8,60,2.5,0.75,10.0,252.0,4.579916722820443,0.1736287530513554,0.2176374296781395,0.7977890260334913,-0.2106914095213462,0.0258684405025868,70,18.571428571428573,0.5415384615384615
russia,AFLT,coverage,30,25,"AFKS,ALRS,CHMF,GAZP,GMKN,HYDR,IRAO,LKOH,MAGN,MGNT,MOEX,MTSS,NLMK,NVTK,PHOR,PLZL,RASP,ROSN,RTKM,SBER,SNGS,TATN,TRNFP,VTBR,YDEX",,,252,21,0.8,60,2.5,1.0,10.0,252.0,3.426128100122444,0.1485816624305769,0.2110937084356815,0.7038658969594468,-0.2106914095213463,0.0273466371027346,74,14.91891891891892,0.5489130434782609
russia,AFLT,coverage,30,25,"AFKS,ALRS,CHMF,GAZP,GMKN,HYDR,IRAO,LKOH,MAGN,MGNT,MOEX,MTSS,NLMK,NVTK,PHOR,PLZL,RASP,ROSN,RTKM,SBER,SNGS,TATN,TRNFP,VTBR,YDEX",,,252,21,0.8,60,3.0,0.0,10.0,252.0,0.5089305535654307,0.0390556823059431,0.4094928951521293,0.0953757263393634,-0.5612028747184583,0.0084996304508499,12,2601.0,0.5098039215686274
russia,AFLT,coverage,30,25,"AFKS,ALRS,CHMF,GAZP,GMKN,HYDR,IRAO,LKOH,MAGN,MGNT,MOEX,MTSS,NLMK,NVTK,PHOR,PLZL,RASP,ROSN,RTKM,SBER,SNGS,TATN,TRNFP,VTBR,YDEX",,,252,21,0.8,60,3.0,0.25,10.0,252.0,2.2292050220078683,0.1153475947270934,0.2406075538585905,0.4794013856891847,-0.3216513023057631,0.016260162601626,43,37.38095238095238,0.5312101910828025
russia,AFLT,coverage,30,25,"AFKS,ALRS,CHMF,GAZP,GMKN,HYDR,IRAO,LKOH,MAGN,MGNT,MOEX,MTSS,NLMK,NVTK,PHOR,PLZL,RASP,ROSN,RTKM,SBER,SNGS,TATN,TRNFP,VTBR,YDEX",,,252,21,0.8,60,3.0,0.5,10.0,252.0,2.893037688700018,0.1349361899234136,0.2188366707028752,0.6166068487973974,-0.2106914095213464,0.0169992609016999,46,27.0,0.5394524959742351
russia,AFLT,coverage,30,25,"AFKS,ALRS,CHMF,GAZP,GMKN,HYDR,IRAO,LKOH,MAGN,MGNT,MOEX,MTSS,NLMK,NVTK,PHOR,PLZL,RASP,ROSN,RTKM,SBER,SNGS,TATN,TRNFP,VTBR,YDEX",,,252,21,0.8,60,3.0,0.75,10.0,252.0,2.5267059370680083,0.124538995106626,0.1920492849004665,0.6484741412662426,-0.2106914095213465,0.0177383592017738,48,19.20833333333333,0.5509761388286334
russia,AFLT,coverage,30,25,"AFKS,ALRS,CHMF,GAZP,GMKN,HYDR,IRAO,LKOH,MAGN,MGNT,MOEX,MTSS,NLMK,NVTK,PHOR,PLZL,RASP,ROSN,RTKM,SBER,SNGS,TATN,TRNFP,VTBR,YDEX",,,252,21,0.8,60,3.0,1.0,10.0,252.0,2.102305493361759,0.1111912328174244,0.1873951883995336,0.5933515890512652,-0.2106914095213465,0.0177383592017738,48,16.333333333333332,0.5535714285714286
russia,AFLT,coverage,30,25,"AFKS,ALRS,CHMF,GAZP,GMKN,HYDR,IRAO,LKOH,MAGN,MGNT,MOEX,MTSS,NLMK,NVTK,PHOR,PLZL,RASP,ROSN,RTKM,SBER,SNGS,TATN,TRNFP,VTBR,YDEX",,,252,63,0.8,60,1.0,0.0,10.0,252.0,3.385417608552923,0.1475937120909516,0.4862963843483099,0.3035056744021308,-0.6014548564218065,0.032150776053215,44,2646.0,0.4981103552532124
russia,AFLT,coverage,30,25,"AFKS,ALRS,CHMF,GAZP,GMKN,HYDR,IRAO,LKOH,MAGN,MGNT,MOEX,MTSS,NLMK,NVTK,PHOR,PLZL,RASP,ROSN,RTKM,SBER,SNGS,TATN,TRNFP,VTBR,YDEX",,,252,63,0.8,60,1.0,0.25,10.0,252.0,7.577753954051127,0.2215794228690044,0.4439597022516311,0.4990980526953679,-0.4682531660633316,0.056910569105691,139,33.016129032258064,0.5012212994626283
russia,AFLT,coverage,30,25,"AFKS,ALRS,CHMF,GAZP,GMKN,HYDR,IRAO,LKOH,MAGN,MGNT,MOEX,MTSS,NLMK,NVTK,PHOR,PLZL,RASP,ROSN,RTKM,SBER,SNGS,TATN,TRNFP,VTBR,YDEX",,,252,63,0.8,60,1.0,0.5,10.0,252.0,6.193177933419995,0.20171625955767,0.4316280167719002,0.4673381979841909,-0.4704821236107266,0.0643015521064301,163,24.55263157894737,0.4957127545551983
russia,AFLT,coverage,30,25,"AFKS,ALRS,CHMF,GAZP,GMKN,HYDR,IRAO,LKOH,MAGN,MGNT,MOEX,MTSS,NLMK,NVTK,PHOR,PLZL,RASP,ROSN,RTKM,SBER,SNGS,TATN,TRNFP,VTBR,YDEX",,,252,63,0.8,60,1.0,0.75,10.0,252.0,5.907038219503152,0.1971821075500552,0.4084283800475045,0.4827825811887041,-0.4554367869581303,0.0879526977087952,229,14.9,0.5064063453325198
russia,AFLT,coverage,30,25,"AFKS,ALRS,CHMF,GAZP,GMKN,HYDR,IRAO,LKOH,MAGN,MGNT,MOEX,MTSS,NLMK,NVTK,PHOR,PLZL,RASP,ROSN,RTKM,SBER,SNGS,TATN,TRNFP,VTBR,YDEX",,,252,63,0.8,60,1.5,0.0,10.0,252.0,3.158404806161005,0.1419271866337896,0.4862890706895065,0.2918576525533504,-0.5852487304788949,0.0247597930524759,34,2646.0,0.4954648526077097
russia,AFLT,coverage,30,25,"AFKS,ALRS,CHMF,GAZP,GMKN,HYDR,IRAO,LKOH,MAGN,MGNT,MOEX,MTSS,NLMK,NVTK,PHOR,PLZL,RASP,ROSN,RTKM,SBER,SNGS,TATN,TRNFP,VTBR,YDEX",,,252,63,0.8,60,1.5,0.25,10.0,252.0,6.7826215124842,0.2105628311932958,0.4162408687090637,0.5058677487540783,-0.4574503395135075,0.0413895048041389,103,36.0,0.5023640661938534
russia,AFLT,coverage,30,25,"AFKS,ALRS,CHMF,GAZP,GMKN,HYDR,IRAO,LKOH,MAGN,MGNT,MOEX,MTSS,NLMK,NVTK,PHOR,PLZL,RASP,ROSN,RTKM,SBER,SNGS,TATN,TRNFP,VTBR,YDEX",,,252,63,0.8,60,1.5,0.5,10.0,252.0,5.084349367966702,0.1831260831270824,0.4018728582756734,0.4556816399913804,-0.5335522475333203,0.0443458980044345,114,27.96296296296296,0.4947019867549669
russia,AFLT,coverage,30,25,"AFKS,ALRS,CHMF,GAZP,GMKN,HYDR,IRAO,LKOH,MAGN,MGNT,MOEX,MTSS,NLMK,NVTK,PHOR,PLZL,RASP,ROSN,RTKM,SBER,SNGS,TATN,TRNFP,VTBR,YDEX",,,252,63,0.8,60,1.5,0.75,10.0,252.0,3.1344146533654547,0.141312071834305,0.3752138201293449,0.3766174491802874,-0.5195076846105643,0.048780487804878,128,21.080645161290324,0.5026778882938026
russia,AFLT,coverage,30,25,"AFKS,ALRS,CHMF,GAZP,GMKN,HYDR,IRAO,LKOH,MAGN,MGNT,MOEX,MTSS,NLMK,NVTK,PHOR,PLZL,RASP,ROSN,RTKM,SBER,SNGS,TATN,TRNFP,VTBR,YDEX",,,252,63,0.8,60,1.5,1.0,10.0,252.0,2.0863930154449286,0.1106592139816962,0.3659615771337467,0.3023793231201809,-0.4866680055427805,0.0554323725055432,146,16.154929577464788,0.4995640802092415
russia,AFLT,coverage,30,25,"AFKS,ALRS,CHMF,GAZP,GMKN,HYDR,IRAO,LKOH,MAGN,MGNT,MOEX,MTSS,NLMK,NVTK,PHOR,PLZL,RASP,ROSN,RTKM,SBER,SNGS,TATN,TRNFP,VTBR,YDEX",,,252,63,0.8,60,2.0,0.0,10.0,252.0,6.942281441894172,0.2128543513691321,0.4857864012367301,0.4381644912810257,-0.4554367869581303,0.0203252032520325,28,2644.0,0.4977307110438729
russia,AFLT,coverage,30,25,"AFKS,ALRS,CHMF,GAZP,GMKN,HYDR,IRAO,LKOH,MAGN,MGNT,MOEX,MTSS,NLMK,NVTK,PHOR,PLZL,RASP,ROSN,RTKM,SBER,SNGS,TATN,TRNFP,VTBR,YDEX",,,252,63,0.8,60,2.0,0.25,10.0,252.0,2.101706089735333,0.1111712372188069,0.3420322453727329,0.3250314516330383,-0.494309373578468,0.0295639320029563,75,38.91428571428571,0.5029368575624082
russia,AFLT,coverage,30,25,"AFKS,ALRS,CHMF,GAZP,GMKN,HYDR,IRAO,LKOH,MAGN,MGNT,MOEX,MTSS,NLMK,NVTK,PHOR,PLZL,RASP,ROSN,RTKM,SBER,SNGS,TATN,TRNFP,VTBR,YDEX",,,252,63,0.8,60,2.0,0.5,10.0,252.0,2.334897778410162,0.118697802976174,0.3254988620273601,0.3646642640679856,-0.4554252055758184,0.032520325203252,84,30.175,0.5012427506213754
russia,AFLT,coverage,30,25,"AFKS,ALRS,CHMF,GAZP,GMKN,HYDR,IRAO,LKOH,MAGN,MGNT,MOEX,MTSS,NLMK,NVTK,PHOR,PLZL,RASP,ROSN,RTKM,SBER,SNGS,TATN,TRNFP,VTBR,YDEX",,,252,63,0.8,60,2.0,0.75,10.0,252.0,1.258858522604663,0.0788384252496736,0.2918767997973955,0.2701085708230283,-0.4578168580704751,0.0332594235033259,88,23.72093023255814,0.5068627450980392
russia,AFLT,coverage,30,25,"AFKS,ALRS,CHMF,GAZP,GMKN,HYDR,IRAO,LKOH,MAGN,MGNT,MOEX,MTSS,NLMK,NVTK,PHOR,PLZL,RASP,ROSN,RTKM,SBER,SNGS,TATN,TRNFP,VTBR,YDEX",,,252,63,0.8,60,2.0,1.0,10.0,252.0,0.4754185996369291,0.0368847022121254,0.2831878463793548,0.1302481822002883,-0.4619090045759496,0.0347376201034737,92,20.022222222222226,0.5005549389567148
russia,AFLT,coverage,30,25,"AFKS,ALRS,CHMF,GAZP,GMKN,HYDR,IRAO,LKOH,MAGN,MGNT,MOEX,MTSS,NLMK,NVTK,PHOR,PLZL,RASP,ROSN,RTKM,SBER,SNGS,TATN,TRNFP,VTBR,YDEX",,,252,63,0.8,60,2.5,0.0,10.0,252.0,8.177848598991611,0.2292963141965003,0.4822165307155875,0.4755048812952035,-0.4702563861872212,0.0166297117516629,23,2586.0,0.4957463263727765
russia,AFLT,coverage,30,25,"AFKS,ALRS,CHMF,GAZP,GMKN,HYDR,IRAO,LKOH,MAGN,MGNT,MOEX,MTSS,NLMK,NVTK,PHOR,PLZL,RASP,ROSN,RTKM,SBER,SNGS,TATN,TRNFP,VTBR,YDEX",,,252,63,0.8,60,2.5,0.25,10.0,252.0,0.9512037701953376,0.0642283756610035,0.3097648719245506,0.2073455755714214,-0.4554252055758181,0.0214338507021433,57,37.75,0.510879848628193
russia,AFLT,coverage,30,25,"AFKS,ALRS,CHMF,GAZP,GMKN,HYDR,IRAO,LKOH,MAGN,MGNT,MOEX,MTSS,NLMK,NVTK,PHOR,PLZL,RASP,ROSN,RTKM,SBER,SNGS,TATN,TRNFP,VTBR,YDEX",,,252,63,0.8,60,2.5,0.5,10.0,252.0,1.5329938013990645,0.0904078953258435,0.2945164193772067,0.3069706453617182,-0.4554252055758184,0.0236511456023651,63,30.516129032258064,0.5105708245243129
russia,AFLT,coverage,30,25,"AFKS,ALRS,CHMF,GAZP,GMKN,HYDR,IRAO,LKOH,MAGN,MGNT,MOEX,MTSS,NLMK,NVTK,PHOR,PLZL,RASP,ROSN,RTKM,SBER,SNGS,TATN,TRNFP,VTBR,YDEX",,,252,63,0.8,60,2.5,0.75,10.0,252.0,1.2688093151100506,0.0792801297788974,0.25649017052101,0.3090961716694843,-0.4554252055758179,0.024390243902439,65,22.71875,0.5185694635488308
russia,AFLT,coverage,30,25,"AFKS,ALRS,CHMF,GAZP,GMKN,HYDR,IRAO,LKOH,MAGN,MGNT,MOEX,MTSS,NLMK,NVTK,PHOR,PLZL,RASP,ROSN,RTKM,SBER,SNGS,TATN,TRNFP,VTBR,YDEX",,,252,63,0.8,60,2.5,1.0,10.0,252.0,0.5609581437179716,0.0423410192366549,0.2488036200817915,0.1701784693596328,-0.4554252055758184,0.024390243902439,65,20.0,0.515625
russia,AFLT,coverage,30,25,"AFKS,ALRS,CHMF,GAZP,GMKN,HYDR,IRAO,LKOH,MAGN,MGNT,MOEX,MTSS,NLMK,NVTK,PHOR,PLZL,RASP,ROSN,RTKM,SBER,SNGS,TATN,TRNFP,VTBR,YDEX",,,252,63,0.8,60,3.0,0.0,10.0,252.0,1.783845464272921,0.1000392803828396,0.4773167088982301,0.2095867974405422,-0.6659277925549614,0.0107169253510716,15,2580.0,0.5034883720930232
russia,AFLT,coverage,30,25,"AFKS,ALRS,CHMF,GAZP,GMKN,HYDR,IRAO,LKOH,MAGN,MGNT,MOEX,MTSS,NLMK,NVTK,PHOR,PLZL,RASP,ROSN,RTKM,SBER,SNGS,TATN,TRNFP,VTBR,YDEX",,,252,63,0.8,60,3.0,0.25,10.0,252.0,0.6210781744325917,0.0460158959257621,0.2615963457981127,0.1759041999817344,-0.455425205575818,0.016260162601626,44,37.68181818181818,0.517490952955368
russia,AFLT,coverage,30,25,"AFKS,ALRS,CHMF,GAZP,GMKN,HYDR,IRAO,LKOH,MAGN,MGNT,MOEX,MTSS,NLMK,NVTK,PHOR,PLZL,RASP,ROSN,RTKM,SBER,SNGS,TATN,TRNFP,VTBR,YDEX",,,252,63,0.8,60,3.0,0.5,10.0,252.0,0.5648455550895308,0.042582488521885,0.2523073056633247,0.1687723167980975,-0.4554252055758183,0.016260162601626,44,32.36363636363637,0.5168539325842697
russia,AFLT,coverage,30,25,"AFKS,ALRS,CHMF,GAZP,GMKN,HYDR,IRAO,LKOH,MAGN,MGNT,MOEX,MTSS,NLMK,NVTK,PHOR,PLZL,RASP,ROSN,RTKM,SBER,SNGS,TATN,TRNFP,VTBR,YDEX",,,252,63,0.8,60,3.0,0.75,10.0,252.0,0.1014733614311798,0.0090411711054316,0.2145696895760195,0.0421362920517648,-0.4554252055758183,0.016260162601626,44,26.27272727272728,0.513840830449827
russia,AFLT,coverage,30,25,"AFKS,ALRS,CHMF,GAZP,GMKN,HYDR,IRAO,LKOH,MAGN,MGNT,MOEX,MTSS,NLMK,NVTK,PHOR,PLZL,RASP,ROSN,RTKM,SBER,SNGS,TATN,TRNFP,VTBR,YDEX",,,252,63,0.8,60,3.0,1.0,10.0,252.0,-0.2180041196207535,-0.0226400968791193,0.2062913283309765,-0.1097481753706841,-0.4554252055758179,0.016260162601626,44,23.40909090909091,0.512621359223301
russia,LKOH,coverage,30,25,"AFKS,AFLT,ALRS,CHMF,GAZP,GMKN,HYDR,IRAO,MAGN,MGNT,MOEX,MTSS,NLMK,NVTK,PHOR,PLZL,RASP,ROSN,RTKM,SBER,SNGS,TATN,TRNFP,VTBR,YDEX",,,252,5,0.8,60,1.0,0.0,10.0,252.0,4.220961725471692,0.1663838853851804,0.2473288375550405,0.6727233549874805,-0.4467517395470014,0.0447154471544715,61,2646.0,0.5185185185185185
russia,LKOH,coverage,30,25,"AFKS,AFLT,ALRS,CHMF,GAZP,GMKN,HYDR,IRAO,MAGN,MGNT,MOEX,MTSS,NLMK,NVTK,PHOR,PLZL,RASP,ROSN,RTKM,SBER,SNGS,TATN,TRNFP,VTBR,YDEX",,,252,5,0.8,60,1.0,0.25,10.0,252.0,2.575769558932078,0.1259868113832023,0.2180031514102601,0.5779127988205442,-0.3813100788847237,0.0716925351071692,184,21.33333333333333,0.5220905172413793
russia,LKOH,coverage,30,25,"AFKS,AFLT,ALRS,CHMF,GAZP,GMKN,HYDR,IRAO,MAGN,MGNT,MOEX,MTSS,NLMK,NVTK,PHOR,PLZL,RASP,ROSN,RTKM,SBER,SNGS,TATN,TRNFP,VTBR,YDEX",,,252,5,0.8,60,1.0,0.5,10.0,252.0,3.216804050375388,0.1434112137071266,0.2034238976087471,0.7049870511426085,-0.2356711637840176,0.0886917960088691,233,14.283185840707963,0.5254027261462205
russia,LKOH,coverage,30,25,"AFKS,AFLT,ALRS,CHMF,GAZP,GMKN,HYDR,IRAO,MAGN,MGNT,MOEX,MTSS,NLMK,NVTK,PHOR,PLZL,RASP,ROSN,RTKM,SBER,SNGS,TATN,TRNFP,VTBR,YDEX",,,252,5,0.8,60,1.0,0.75,10.0,252.0,3.3281778114131866,0.1461904713357908,0.1936676170333915,0.754852430030082,-0.2892892619482948,0.1123429416112343,301,9.536912751677852,0.5320197044334976
russia,LKOH,coverage,30,25,"AFKS,AFLT,ALRS,CHMF,GAZP,GMKN,HYDR,IRAO,MAGN,MGNT,MOEX,MTSS,NLMK,NVTK,PHOR,PLZL,RASP,ROSN,RTKM,SBER,SNGS,TATN,TRNFP,VTBR,YDEX",,,252,5,0.8,60,1.5,0.0,10.0,252.0,2.2984499393954363,0.1175535113737118,0.2474367602252569,0.4750850733201309,-0.2935211839458194,0.0284552845528455,39,2646.0,0.5113378684807256
russia,LKOH,coverage,30,25,"AFKS,AFLT,ALRS,CHMF,GAZP,GMKN,HYDR,IRAO,MAGN,MGNT,MOEX,MTSS,NLMK,NVTK,PHOR,PLZL,RASP,ROSN,RTKM,SBER,SNGS,TATN,TRNFP,VTBR,YDEX",,,252,5,0.8,60,1.5,0.25,10.0,252.0,3.0706814700082257,0.1396620727326232,0.1998389210363929,0.6988732325430697,-0.3151527375386277,0.048780487804878,125,26.52542372881356,0.5252396166134186
russia,LKOH,coverage,30,25,"AFKS,AFLT,ALRS,CHMF,GAZP,GMKN,HYDR,IRAO,MAGN,MGNT,MOEX,MTSS,NLMK,NVTK,PHOR,PLZL,RASP,ROSN,RTKM,SBER,SNGS,TATN,TRNFP,VTBR,YDEX",,,252,5,0.8,60,1.5,0.5,10.0,252.0,3.150253353401109,0.1417185427095759,0.1888871247940629,0.7502816449987619,-0.228969398664751,0.0554323725055432,146,18.43661971830986,0.5294117647058824
russia,LKOH,coverage,30,25,"AFKS,AFLT,ALRS,CHMF,GAZP,GMKN,HYDR,IRAO,MAGN,MGNT,MOEX,MTSS,NLMK,NVTK,PHOR,PLZL,RASP,ROSN,RTKM,SBER,SNGS,TATN,TRNFP,VTBR,YDEX",,,252,5,0.8,60,1.5,0.75,10.0,252.0,2.508320180189234,0.123991741847955,0.1807628411848117,0.6859360089454778,-0.2454738106356648,0.0583887657058388,156,14.805194805194803,0.5324561403508772
russia,LKOH,coverage,30,25,"AFKS,AFLT,ALRS,CHMF,GAZP,GMKN,HYDR,IRAO,MAGN,MGNT,MOEX,MTSS,NLMK,NVTK,PHOR,PLZL,RASP,ROSN,RTKM,SBER,SNGS,TATN,TRNFP,VTBR,YDEX",,,252,5,0.8,60,1.5,1.0,10.0,252.0,1.3717686275180472,0.0837500476837398,0.1688789803948747,0.4959175350769794,-0.2881338426790574,0.0672579453067258,181,10.955555555555556,0.5243407707910751
russia,LKOH,coverage,30,25,"AFKS,AFLT,ALRS,CHMF,GAZP,GMKN,HYDR,IRAO,MAGN,MGNT,MOEX,MTSS,NLMK,NVTK,PHOR,PLZL,RASP,ROSN,RTKM,SBER,SNGS,TATN,TRNFP,VTBR,YDEX",,,252,5,0.8,60,2.0,0.0,10.0,252.0,3.1096347462294887,0.1406732996589328,0.2474195047090753,0.5685618836895721,-0.2692966690118,0.024020694752402,33,2646.0,0.5102040816326531
russia,LKOH,coverage,30,25,"AFKS,AFLT,ALRS,CHMF,GAZP,GMKN,HYDR,IRAO,MAGN,MGNT,MOEX,MTSS,NLMK,NVTK,PHOR,PLZL,RASP,ROSN,RTKM,SBER,SNGS,TATN,TRNFP,VTBR,YDEX",,,252,5,0.8,60,2.0,0.25,10.0,252.0,2.602048234839192,0.1267548748650786,0.1904269377644945,0.6656352108221126,-0.2897029205890993,0.0391722099039172,104,26.176470588235293,0.5168539325842697
russia,LKOH,coverage,30,25,"AFKS,AFLT,ALRS,CHMF,GAZP,GMKN,HYDR,IRAO,MAGN,MGNT,MOEX,MTSS,NLMK,NVTK,PHOR,PLZL,RASP,ROSN,RTKM,SBER,SNGS,TATN,TRNFP,VTBR,YDEX",,,252,5,0.8,60,2.0,0.5,10.0,252.0,2.850811407930181,0.1337841065162743,0.1774375633789119,0.753978492313845,-0.2289693986647512,0.0413895048041389,110,19.88888888888889,0.5279329608938548
russia,LKOH,coverage,30,25,"AFKS,AFLT,ALRS,CHMF,GAZP,GMKN,HYDR,IRAO,MAGN,MGNT,MOEX,MTSS,NLMK,NVTK,PHOR,PLZL,RASP,ROSN,RTKM,SBER,SNGS,TATN,TRNFP,VTBR,YDEX",,,252,5,0.8,60,2.0,0.75,10.0,252.0,2.4910723102294465,0.1234759883209537,0.1683105718792999,0.7336199202596835,-0.2289693986647514,0.0428677014042867,115,15.859649122807015,0.5342920353982301
russia,LKOH,coverage,30,25,"AFKS,AFLT,ALRS,CHMF,GAZP,GMKN,HYDR,IRAO,MAGN,MGNT,MOEX,MTSS,NLMK,NVTK,PHOR,PLZL,RASP,ROSN,RTKM,SBER,SNGS,TATN,TRNFP,VTBR,YDEX",,,252,5,0.8,60,2.0,1.0,10.0,252.0,1.3799827377629517,0.0840990345165957,0.1570794827789091,0.5353915930253345,-0.2037975315031481,0.0443458980044345,119,12.88135593220339,0.5210526315789473
russia,LKOH,coverage,30,25,"AFKS,AFLT,ALRS,CHMF,GAZP,GMKN,HYDR,IRAO,MAGN,MGNT,MOEX,MTSS,NLMK,NVTK,PHOR,PLZL,RASP,ROSN,RTKM,SBER,SNGS,TATN,TRNFP,VTBR,YDEX",,,252,5,0.8,60,2.5,0.0,10.0,252.0,5.726877587376736,0.1942390878281263,0.2468364390433317,0.7869141548992613,-0.2897447182101026,0.015890613451589,22,2645.0,0.5039697542533081
russia,LKOH,coverage,30,25,"AFKS,AFLT,ALRS,CHMF,GAZP,GMKN,HYDR,IRAO,MAGN,MGNT,MOEX,MTSS,NLMK,NVTK,PHOR,PLZL,RASP,ROSN,RTKM,SBER,SNGS,TATN,TRNFP,VTBR,YDEX",,,252,5,0.8,60,2.5,0.25,10.0,252.0,2.719113678041247,0.1301158463624696,0.1598619983859064,0.8139260592024525,-0.2289693986647513,0.0251293422025129,67,28.90909090909091,0.5167714884696016
russia,LKOH,coverage,30,25,"AFKS,AFLT,ALRS,CHMF,GAZP,GMKN,HYDR,IRAO,MAGN,MGNT,MOEX,MTSS,NLMK,NVTK,PHOR,PLZL,RASP,ROSN,RTKM,SBER,SNGS,TATN,TRNFP,VTBR,YDEX",,,252,5,0.8,60,2.5,0.5,10.0,252.0,2.550623384140567,0.1252470403690495,0.1492095236478159,0.8394037947917736,-0.2289693986647513,0.0251293422025129,67,23.03030303030303,0.5263157894736842
russia,LKOH,coverage,30,25,"AFKS,AFLT,ALRS,CHMF,GAZP,GMKN,HYDR,IRAO,MAGN,MGNT,MOEX,MTSS,NLMK,NVTK,PHOR,PLZL,RASP,ROSN,RTKM,SBER,SNGS,TATN,TRNFP,VTBR,YDEX",,,252,5,0.8,60,2.5,0.75,10.0,252.0,1.783815921965029,0.100038193250717,0.1392205257702415,0.718559226071392,-0.2289693986647514,0.0251293422025129,67,18.545454545454547,0.5261437908496732
russia,LKOH,coverage,30,25,"AFKS,AFLT,ALRS,CHMF,GAZP,GMKN,HYDR,IRAO,MAGN,MGNT,MOEX,MTSS,NLMK,NVTK,PHOR,PLZL,RASP,ROSN,RTKM,SBER,SNGS,TATN,TRNFP,VTBR,YDEX",,,252,5,0.8,60,2.5,1.0,10.0,252.0,1.249328416533683,0.0784137371215267,0.1262306118818105,0.6211943042385422,-0.1511915716498111,0.0258684405025868,69,14.176470588235292,0.5186721991701245
russia,LKOH,coverage,30,25,"AFKS,AFLT,ALRS,CHMF,GAZP,GMKN,HYDR,IRAO,MAGN,MGNT,MOEX,MTSS,NLMK,NVTK,PHOR,PLZL,RASP,ROSN,RTKM,SBER,SNGS,TATN,TRNFP,VTBR,YDEX",,,252,5,0.8,60,3.0,0.0,10.0,252.0,2.268502965454051,0.1166047025809058,0.2379918363949328,0.4899525309238233,-0.3187111985769068,0.0107169253510716,15,2394.0,0.4987468671679197
russia,LKOH,coverage,30,25,"AFKS,AFLT,ALRS,CHMF,GAZP,GMKN,HYDR,IRAO,MAGN,MGNT,MOEX,MTSS,NLMK,NVTK,PHOR,PLZL,RASP,ROSN,RTKM,SBER,SNGS,TATN,TRNFP,VTBR,YDEX",,,252,5,0.8,60,3.0,0.25,10.0,252.0,0.97417021180077,0.0653887332849108,0.1322110789828324,0.4945783196686677,-0.2289693986647512,0.016260162601626,44,30.77272727272728,0.5155096011816839
russia,LKOH,coverage,30,25,"AFKS,AFLT,ALRS,CHMF,GAZP,GMKN,HYDR,IRAO,MAGN,MGNT,MOEX,MTSS,NLMK,NVTK,PHOR,PLZL,RASP,ROSN,RTKM,SBER,SNGS,TATN,TRNFP,VTBR,YDEX",,,252,5,0.8,60,3.0,0.5,10.0,252.0,0.9509308493454316,0.0642145122781296,0.125452649596194,0.511862543237013,-0.2289693986647513,0.016260162601626,44,26.681818181818183,0.5178875638841567
russia,LKOH,coverage,30,25,"AFKS,AFLT,ALRS,CHMF,GAZP,GMKN,HYDR,IRAO,MAGN,MGNT,MOEX,MTSS,NLMK,NVTK,PHOR,PLZL,RASP,ROSN,RTKM,SBER,SNGS,TATN,TRNFP,VTBR,YDEX",,,252,5,0.8,60,3.0,0.75,10.0,252.0,0.4784547715417211,0.0370832245676167,0.1151536111436341,0.3220326674893575,-0.2327655204031624,0.016260162601626,44,22.045454545454547,0.5072164948453608
russia,LKOH,coverage,30,25,"AFKS,AFLT,ALRS,CHMF,GAZP,GMKN,HYDR,IRAO,MAGN,MGNT,MOEX,MTSS,NLMK,NVTK,PHOR,PLZL,RASP,ROSN,RTKM,SBER,SNGS,TATN,TRNFP,VTBR,YDEX",,,252,5,0.8,60,3.0,1.0,10.0,252.0,0.4743426592680879,0.0368142621365421,0.1043904214514931,0.3526593879463219,-0.1939181979191039,0.0169992609016999,46,16.304347826086957,0.5066666666666667
russia,LKOH,coverage,30,25,"AFKS,AFLT,ALRS,CHMF,GAZP,GMKN,HYDR,IRAO,MAGN,MGNT,MOEX,MTSS,NLMK,NVTK,PHOR,PLZL,RASP,ROSN,RTKM,SBER,SNGS,TATN,TRNFP,VTBR,YDEX",,,252,10,0.8,60,1.0,0.0,10.0,252.0,5.525010805436888,0.1908553343159933,0.2635303611043839,0.7242252221572142,-0.3436791712442889,0.0432372505543237,59,2646.0,0.5162509448223734
russia,LKOH,coverage,30,25,"AFKS,AFLT,ALRS,CHMF,GAZP,GMKN,HYDR,IRAO,MAGN,MGNT,MOEX,MTSS,NLMK,NVTK,PHOR,PLZL,RASP,ROSN,RTKM,SBER,SNGS,TATN,TRNFP,VTBR,YDEX",,,252,10,0.8,60,1.0,0.25,10.0,252.0,4.758184421935725,0.1770709658634137,0.2290508601066893,0.7730639639638814,-0.2971742841592227,0.0694752402069475,171,24.428571428571427,0.5199362041467305
russia,LKOH,coverage,30,25,"AFKS,AFLT,ALRS,CHMF,GAZP,GMKN,HYDR,IRAO,MAGN,MGNT,MOEX,MTSS,NLMK,NVTK,PHOR,PLZL,RASP,ROSN,RTKM,SBER,SNGS,TATN,TRNFP,VTBR,YDEX",,,252,10,0.8,60,1.0,0.5,10.0,252.0,5.536407451702921,0.1910488801743972,0.2209588987352299,0.8646353745785403,-0.3047500958570399,0.0872135994087213,226,15.36111111111111,0.5280289330922242
russia,LKOH,coverage,30,25,"AFKS,AFLT,ALRS,CHMF,GAZP,GMKN,HYDR,IRAO,MAGN,MGNT,MOEX,MTSS,NLMK,NVTK,PHOR,PLZL,RASP,ROSN,RTKM,SBER,SNGS,TATN,TRNFP,VTBR,YDEX",,,252,10,0.8,60,1.0,0.75,10.0,252.0,4.628429997829256,0.1745752741569932,0.2103377404893397,0.8299759888589324,-0.3318308385440326,0.1086474501108647,288,10.198581560283689,0.5292072322670376
russia,LKOH,coverage,30,25,"AFKS,AFLT,ALRS,CHMF,GAZP,GMKN,HYDR,IRAO,MAGN,MGNT,MOEX,MTSS,NLMK,NVTK,PHOR,PLZL,RASP,ROSN,RTKM,SBER,SNGS,TATN,TRNFP,VTBR,YDEX",,,252,10,0.8,60,1.5,0.0,10.0,252.0,2.0004476119771435,0.1077419738751663,0.2637583943529777,0.408487373982795,-0.2993816584834792,0.0269770879526977,37,2646.0,0.5056689342403629
russia,LKOH,coverage,30,25,"AFKS,AFLT,ALRS,CHMF,GAZP,GMKN,HYDR,IRAO,MAGN,MGNT,MOEX,MTSS,NLMK,NVTK,PHOR,PLZL,RASP,ROSN,RTKM,SBER,SNGS,TATN,TRNFP,VTBR,YDEX",,,252,10,0.8,60,1.5,0.25,10.0,252.0,4.064742288221727,0.1630888162758978,0.2171817674576499,0.7509323558097477,-0.2845195603551134,0.0502586844050258,127,27.76271186440678,0.5164835164835165
russia,LKOH,coverage,30,25,"AFKS,AFLT,ALRS,CHMF,GAZP,GMKN,HYDR,IRAO,MAGN,MGNT,MOEX,MTSS,NLMK,NVTK,PHOR,PLZL,RASP,ROSN,RTKM,SBER,SNGS,TATN,TRNFP,VTBR,YDEX",,,252,10,0.8,60,1.5,0.5,10.0,252.0,4.226447640898591,0.1664979644699238,0.2066785791419008,0.8055888769953758,-0.2392037276533366,0.0546932742054693,142,19.97058823529412,0.5287187039764359
russia,LKOH,coverage,30,25,"AFKS,AFLT,ALRS,CHMF,GAZP,GMKN,HYDR,IRAO,MAGN,MGNT,MOEX,MTSS,NLMK,NVTK,PHOR,PLZL,RASP,ROSN,RTKM,SBER,SNGS,TATN,TRNFP,VTBR,YDEX",,,252,10,0.8,60,1.5,0.75,10.0,252.0,2.500612763686762,0.1237615560689817,0.1926932997526992,0.6422722337923332,-0.2593992564002929,0.0598669623059867,160,14.20253164556962,0.5249554367201426
russia,LKOH,coverage,30,25,"AFKS,AFLT,ALRS,CHMF,GAZP,GMKN,HYDR,IRAO,MAGN,MGNT,MOEX,MTSS,NLMK,NVTK,PHOR,PLZL,RASP,ROSN,RTKM,SBER,SNGS,TATN,TRNFP,VTBR,YDEX",,,252,10,0.8,60,1.5,1.0,10.0,252.0,1.3442917440177644,0.0825746379441445,0.1842314417940711,0.4482114298190437,-0.2943034471642726,0.0665188470066518,178,10.977272727272728,0.5175983436853002
russia,LKOH,coverage,30,25,"AFKS,AFLT,ALRS,CHMF,GAZP,GMKN,HYDR,IRAO,MAGN,MGNT,MOEX,MTSS,NLMK,NVTK,PHOR,PLZL,RASP,ROSN,RTKM,SBER,SNGS,TATN,TRNFP,VTBR,YDEX",,,252,10,0.8,60,2.0,0.0,10.0,252.0,4.881093058544556,0.1793883876433715,0.2635608685119929,0.6806336185495181,-0.2668712311458233,0.024020694752402,33,2646.0,0.5102040816326531
russia,LKOH,coverage,30,25,"AFKS,AFLT,ALRS,CHMF,GAZP,GMKN,HYDR,IRAO,MAGN,MGNT,MOEX,MTSS,NLMK,NVTK,PHOR,PLZL,RASP,ROSN,RTKM,SBER,SNGS,TATN,TRNFP,VTBR,YDEX",,,252,10,0.8,60,2.0,0.25,10.0,252.0,2.737818666699866,0.1306439574928621,0.2005417168862087,0.6514552658736441,-0.2473618983990871,0.0332594235033259,85,32.5,0.5138461538461538
russia,LKOH,coverage,30,25,"AFKS,AFLT,ALRS,CHMF,GAZP,GMKN,HYDR,IRAO,MAGN,MGNT,MOEX,MTSS,NLMK,NVTK,PHOR,PLZL,RASP,ROSN,RTKM,SBER,SNGS,TATN,TRNFP,VTBR,YDEX",,,252,10,0.8,60,2.0,0.5,10.0,252.0,2.4004634051806,0.1207280007803373,0.1902769835090363,0.6344855723162327,-0.2255831555433768,0.0339985218033998,89,24.67441860465116,0.5230914231856739
russia,LKOH,coverage,30,25,"AFKS,AFLT,ALRS,CHMF,GAZP,GMKN,HYDR,IRAO,MAGN,MGNT,MOEX,MTSS,NLMK,NVTK,PHOR,PLZL,RASP,ROSN,RTKM,SBER,SNGS,TATN,TRNFP,VTBR,YDEX",,,252,10,0.8,60,2.0,0.75,10.0,252.0,1.540726574194311,0.0907174678663065,0.1759016236333648,0.5157284281547663,-0.2255831555433766,0.0362158167036215,97,17.729166666666668,0.5240893066980024
russia,LKOH,coverage,30,25,"AFKS,AFLT,ALRS,CHMF,GAZP,GMKN,HYDR,IRAO,MAGN,MGNT,MOEX,MTSS,NLMK,NVTK,PHOR,PLZL,RASP,ROSN,RTKM,SBER,SNGS,TATN,TRNFP,VTBR,YDEX",,,252,10,0.8,60,2.0,1.0,10.0,252.0,0.734477498163983,0.0526231421264375,0.1683407304714513,0.3125989888428213,-0.2402404306607952,0.0369549150036954,99,14.857142857142858,0.510989010989011
russia,LKOH,coverage,30,25,"AFKS,AFLT,ALRS,CHMF,GAZP,GMKN,HYDR,IRAO,MAGN,MGNT,MOEX,MTSS,NLMK,NVTK,PHOR,PLZL,RASP,ROSN,RTKM,SBER,SNGS,TATN,TRNFP,VTBR,YDEX",,,252,10,0.8,60,2.5,0.0,10.0,252.0,6.724603043002426,0.2097195488858987,0.2630858551033922,0.7971525067490967,-0.2668712311458229,0.0188470066518847,26,2645.0,0.5092627599243856
russia,LKOH,coverage,30,25,"AFKS,AFLT,ALRS,CHMF,GAZP,GMKN,HYDR,IRAO,MAGN,MGNT,MOEX,MTSS,NLMK,NVTK,PHOR,PLZL,RASP,ROSN,RTKM,SBER,SNGS,TATN,TRNFP,VTBR,YDEX",,,252,10,0.8,60,2.5,0.25,10.0,252.0,3.047833732139871,0.1390648548976505,0.1713068382077617,0.8117881127955441,-0.2382816008497037,0.0258684405025868,67,33.03125,0.5193945127719962
russia,LKOH,coverage,30,25,"AFKS,AFLT,ALRS,CHMF,GAZP,GMKN,HYDR,IRAO,MAGN,MGNT,MOEX,MTSS,NLMK,NVTK,PHOR,PLZL,RASP,ROSN,RTKM,SBER,SNGS,TATN,TRNFP,VTBR,YDEX",,,252,10,0.8,60,2.5,0.5,10.0,252.0,2.800966604261125,0.1324093260823351,0.1595405968870654,0.8299412730420218,-0.2255831555433767,0.0266075388026607,70,25.147058823529413,0.5298245614035088
russia,LKOH,coverage,30,25,"AFKS,AFLT,ALRS,CHMF,GAZP,GMKN,HYDR,IRAO,MAGN,MGNT,MOEX,MTSS,NLMK,NVTK,PHOR,PLZL,RASP,ROSN,RTKM,SBER,SNGS,TATN,TRNFP,VTBR,YDEX",,,252,10,0.8,60,2.5,0.75,10.0,252.0,1.4325081607965229,0.0863051594471326,0.1444290334423857,0.5975610124231755,-0.2255831555433766,0.0266075388026607,72,18.97222222222222,0.5256222547584187
russia,LKOH,coverage,30,25,"AFKS,AFLT,ALRS,CHMF,GAZP,GMKN,HYDR,IRAO,MAGN,MGNT,MOEX,MTSS,NLMK,NVTK,PHOR,PLZL,RASP,ROSN,RTKM,SBER,SNGS,TATN,TRNFP,VTBR,YDEX",,,252,10,0.8,60,2.5,1.0,10.0,252.0,0.7949535921729667,0.0559881838212239,0.13694415837739,0.4088395188565255,-0.2326286135028566,0.0266075388026607,72,16.22222222222222,0.5154109589041096
russia,LKOH,coverage,30,25,"AFKS,AFLT,ALRS,CHMF,GAZP,GMKN,HYDR,IRAO,MAGN,MGNT,MOEX,MTSS,NLMK,NVTK,PHOR,PLZL,RASP,ROSN,RTKM,SBER,SNGS,TATN,TRNFP,VTBR,YDEX",,,252,10,0.8,60,3.0,0.0,10.0,252.0,3.651379009122856,0.1539034547596409,0.2631987238378358,0.5847424049611473,-0.2958754223540618,0.0099778270509977,14,2644.0,0.4878971255673222
russia,LKOH,coverage,30,25,"AFKS,AFLT,ALRS,CHMF,GAZP,GMKN,HYDR,IRAO,MAGN,MGNT,MOEX,MTSS,NLMK,NVTK,PHOR,PLZL,RASP,ROSN,RTKM,SBER,SNGS,TATN,TRNFP,VTBR,YDEX",,,252,10,0.8,60,3.0,0.25,10.0,252.0,0.8025537370394304,0.0564037766815839,0.1404440117057612,0.4016104068556035,-0.2255831555433769,0.0125646711012564,34,38.94117647058823,0.5030211480362538
russia,LKOH,coverage,30,25,"AFKS,AFLT,ALRS,CHMF,GAZP,GMKN,HYDR,IRAO,MAGN,MGNT,MOEX,MTSS,NLMK,NVTK,PHOR,PLZL,RASP,ROSN,RTKM,SBER,SNGS,TATN,TRNFP,VTBR,YDEX",,,252,10,0.8,60,3.0,0.5,10.0,252.0,0.9937266051747432,0.0663671911029091,0.1315258018462743,0.5045944610965248,-0.2255831555433766,0.0133037694013303,36,29.5,0.5178907721280602
russia,LKOH,coverage,30,25,"AFKS,AFLT,ALRS,CHMF,GAZP,GMKN,HYDR,IRAO,MAGN,MGNT,MOEX,MTSS,NLMK,NVTK,PHOR,PLZL,RASP,ROSN,RTKM,SBER,SNGS,TATN,TRNFP,VTBR,YDEX",,,252,10,0.8,60,3.0,0.75,10.0,252.0,0.413809480628577,0.0327741520490907,0.116304203735309,0.2817967966461453,-0.2255831555433768,0.0133037694013303,36,22.666666666666668,0.4926470588235294
russia,LKOH,coverage,30,25,"AFKS,AFLT,ALRS,CHMF,GAZP,GMKN,HYDR,IRAO,MAGN,MGNT,MOEX,MTSS,NLMK,NVTK,PHOR,PLZL,RASP,ROSN,RTKM,SBER,SNGS,TATN,TRNFP,VTBR,YDEX",,,252,10,0.8,60,3.0,1.0,10.0,252.0,0.2383283947944907,0.0201063839707884,0.112985262804372,0.1779558100918133,-0.2255831555433769,0.0133037694013303,36,19.944444444444443,0.4818941504178273
russia,LKOH,coverage,30,25,"AFKS,AFLT,ALRS,CHMF,GAZP,GMKN,HYDR,IRAO,MAGN,MGNT,MOEX,MTSS,NLMK,NVTK,PHOR,PLZL,RASP,ROSN,RTKM,SBER,SNGS,TATN,TRNFP,VTBR,YDEX",,,252,21,0.8,60,1.0,0.0,10.0,252.0,3.84125574651968,0.1582109468163888,0.2691793174087384,0.5877529831764585,-0.3680321205656641,0.0417590539541759,57,2646.0,0.5045351473922902
russia,LKOH,coverage,30,25,"AFKS,AFLT,ALRS,CHMF,GAZP,GMKN,HYDR,IRAO,MAGN,MGNT,MOEX,MTSS,NLMK,NVTK,PHOR,PLZL,RASP,ROSN,RTKM,SBER,SNGS,TATN,TRNFP,VTBR,YDEX",,,252,21,0.8,60,1.0,0.25,10.0,252.0,3.8083722617109457,0.1574760581708618,0.2371786606288958,0.6639554239546807,-0.3650478478087933,0.0691056910569105,170,23.766233766233768,0.5120218579234973
russia,LKOH,coverage,30,25,"AFKS,AFLT,ALRS,CHMF,GAZP,GMKN,HYDR,IRAO,MAGN,MGNT,MOEX,MTSS,NLMK,NVTK,PHOR,PLZL,RASP,ROSN,RTKM,SBER,SNGS,TATN,TRNFP,VTBR,YDEX",,,252,21,0.8,60,1.0,0.5,10.0,252.0,3.680065417119188,0.1545643387351445,0.2298149537429651,0.6725599714804281,-0.3110022981579297,0.0787139689578714,200,17.45744680851064,0.5137111517367459
russia,LKOH,coverage,30,25,"AFKS,AFLT,ALRS,CHMF,GAZP,GMKN,HYDR,IRAO,MAGN,MGNT,MOEX,MTSS,NLMK,NVTK,PHOR,PLZL,RASP,ROSN,RTKM,SBER,SNGS,TATN,TRNFP,VTBR,YDEX",,,252,21,0.8,60,1.0,0.75,10.0,252.0,2.689652004066021,0.129279129086171,0.2183800229500123,0.5919915537135156,-0.3695001455227628,0.0957132298595713,252,11.878048780487806,0.5222450376454483
russia,LKOH,coverage,30,25,"AFKS,AFLT,ALRS,CHMF,GAZP,GMKN,HYDR,IRAO,MAGN,MGNT,MOEX,MTSS,NLMK,NVTK,PHOR,PLZL,RASP,ROSN,RTKM,SBER,SNGS,TATN,TRNFP,VTBR,YDEX",,,252,21,0.8,60,1.5,0.0,10.0,252.0,2.452412561249332,0.1223115207576988,0.2692177257100257,0.4543219449429584,-0.3293831126679445,0.0299334811529933,41,2646.0,0.4996220710506425
russia,LKOH,coverage,30,25,"AFKS,AFLT,ALRS,CHMF,GAZP,GMKN,HYDR,IRAO,MAGN,MGNT,MOEX,MTSS,NLMK,NVTK,PHOR,PLZL,RASP,ROSN,RTKM,SBER,SNGS,TATN,TRNFP,VTBR,YDEX",,,252,21,0.8,60,1.5,0.25,10.0,252.0,2.542943326683388,0.1250201548293303,0.2218231776012612,0.5636027586533839,-0.3675747649970419,0.0498891352549889,127,26.05,0.5111964171465131
russia,LKOH,coverage,30,25,"AFKS,AFLT,ALRS,CHMF,GAZP,GMKN,HYDR,IRAO,MAGN,MGNT,MOEX,MTSS,NLMK,NVTK,PHOR,PLZL,RASP,ROSN,RTKM,SBER,SNGS,TATN,TRNFP,VTBR,YDEX",,,252,21,0.8,60,1.5,0.5,10.0,252.0,2.907038037658316,0.1353156685256975,0.2155331916731153,0.627818237531237,-0.2791635046753294,0.0550628233555062,143,20.0,0.5159420289855072
russia,LKOH,coverage,30,25,"AFKS,AFLT,ALRS,CHMF,GAZP,GMKN,HYDR,IRAO,MAGN,MGNT,MOEX,MTSS,NLMK,NVTK,PHOR,PLZL,RASP,ROSN,RTKM,SBER,SNGS,TATN,TRNFP,VTBR,YDEX",,,252,21,0.8,60,1.5,0.75,10.0,252.0,2.1076982287250696,0.1113709725246416,0.2031349079906227,0.5482611217653582,-0.3137989973679683,0.0602365114560236,160,15.0126582278481,0.5227655986509275
russia,LKOH,coverage,30,25,"AFKS,AFLT,ALRS,CHMF,GAZP,GMKN,HYDR,IRAO,MAGN,MGNT,MOEX,MTSS,NLMK,NVTK,PHOR,PLZL,RASP,ROSN,RTKM,SBER,SNGS,TATN,TRNFP,VTBR,YDEX",,,252,21,0.8,60,1.5,1.0,10.0,252.0,2.09953298320987,0.1110987148265736,0.1930318984424437,0.57554588502221,-0.2692118857958721,0.0720620842572062,193,10.90625,0.5224450811843362
russia,LKOH,coverage,30,25,"AFKS,AFLT,ALRS,CHMF,GAZP,GMKN,HYDR,IRAO,MAGN,MGNT,MOEX,MTSS,NLMK,NVTK,PHOR,PLZL,RASP,ROSN,RTKM,SBER,SNGS,TATN,TRNFP,VTBR,YDEX",,,252,21,0.8,60,2.0,0.0,10.0,252.0,1.3527084566444296,0.0829360107381151,0.2691189908707754,0.3081759873941378,-0.3697708417974045,0.0210643015521064,29,2645.0,0.497164461247637
russia,LKOH,coverage,30,25,"AFKS,AFLT,ALRS,CHMF,GAZP,GMKN,HYDR,IRAO,MAGN,MGNT,MOEX,MTSS,NLMK,NVTK,PHOR,PLZL,RASP,ROSN,RTKM,SBER,SNGS,TATN,TRNFP,VTBR,YDEX",,,252,21,0.8,60,2.0,0.25,10.0,252.0,2.529462144031486,0.1246208106826567,0.204060995104077,0.6107037291428304,-0.2798477354501931,0.0388026607538802,101,27.26530612244898,0.5134730538922155
russia,LKOH,coverage,30,25,"AFKS,AFLT,ALRS,CHMF,GAZP,GMKN,HYDR,IRAO,MAGN,MGNT,MOEX,MTSS,NLMK,NVTK,PHOR,PLZL,RASP,ROSN,RTKM,SBER,SNGS,TATN,TRNFP,VTBR,YDEX",,,252,21,0.8,60,2.0,0.5,10.0,252.0,2.529570485020873,0.1246240255058184,0.1940825177345461,0.6421187593839407,-0.2343695526213355,0.0395417590539541,104,21.88235294117647,0.5241935483870968
russia,LKOH,coverage,30,25,"AFKS,AFLT,ALRS,CHMF,GAZP,GMKN,HYDR,IRAO,MAGN,MGNT,MOEX,MTSS,NLMK,NVTK,PHOR,PLZL,RASP,ROSN,RTKM,SBER,SNGS,TATN,TRNFP,VTBR,YDEX",,,252,21,0.8,60,2.0,0.75,10.0,252.0,2.2675374302231943,0.1165739805711494,0.1830424246195853,0.636868642957629,-0.2343695526213357,0.0424981522542498,114,16.263157894736842,0.5329018338727076
russia,LKOH,coverage,30,25,"AFKS,AFLT,ALRS,CHMF,GAZP,GMKN,HYDR,IRAO,MAGN,MGNT,MOEX,MTSS,NLMK,NVTK,PHOR,PLZL,RASP,ROSN,RTKM,SBER,SNGS,TATN,TRNFP,VTBR,YDEX",,,252,21,0.8,60,2.0,1.0,10.0,252.0,1.7268677044996283,0.0979228408853412,0.1774341440157954,0.5518827361470178,-0.2343695526213357,0.0443458980044345,119,13.71186440677966,0.5253399258343634
russia,LKOH,coverage,30,25,"AFKS,AFLT,ALRS,CHMF,GAZP,GMKN,HYDR,IRAO,MAGN,MGNT,MOEX,MTSS,NLMK,NVTK,PHOR,PLZL,RASP,ROSN,RTKM,SBER,SNGS,TATN,TRNFP,VTBR,YDEX",,,252,21,0.8,60,2.5,0.0,10.0,252.0,3.182481433859304,0.1425412915490422,0.2678165187384136,0.5322348756548047,-0.2449294545130653,0.015890613451589,22,2643.0,0.4967839576239122
russia,LKOH,coverage,30,25,"AFKS,AFLT,ALRS,CHMF,GAZP,GMKN,HYDR,IRAO,MAGN,MGNT,MOEX,MTSS,NLMK,NVTK,PHOR,PLZL,RASP,ROSN,RTKM,SBER,SNGS,TATN,TRNFP,VTBR,YDEX",,,252,21,0.8,60,2.5,0.25,10.0,252.0,1.8358337303956311,0.1019363853250081,0.1708342682013967,0.5966975267797864,-0.2090367530903115,0.0236511456023651,62,32.8,0.5172764227642277
russia,LKOH,coverage,30,25,"AFKS,AFLT,ALRS,CHMF,GAZP,GMKN,HYDR,IRAO,MAGN,MGNT,MOEX,MTSS,NLMK,NVTK,PHOR,PLZL,RASP,ROSN,RTKM,SBER,SNGS,TATN,TRNFP,VTBR,YDEX",,,252,21,0.8,60,2.5,0.5,10.0,252.0,1.6667649659032455,0.0956464081926131,0.1601880896111472,0.5970881382304548,-0.2169835987772421,0.0236511456023651,63,25.70967741935484,0.5219573400250941
russia,LKOH,coverage,30,25,"AFKS,AFLT,ALRS,CHMF,GAZP,GMKN,HYDR,IRAO,MAGN,MGNT,MOEX,MTSS,NLMK,NVTK,PHOR,PLZL,RASP,ROSN,RTKM,SBER,SNGS,TATN,TRNFP,VTBR,YDEX",,,252,21,0.8,60,2.5,0.75,10.0,252.0,1.4775733852645223,0.0881637806198771,0.1465682659854312,0.6015202542454897,-0.2063252203564823,0.024390243902439,66,18.484848484848484,0.5327868852459017
russia,LKOH,coverage,30,25,"AFKS,AFLT,ALRS,CHMF,GAZP,GMKN,HYDR,IRAO,MAGN,MGNT,MOEX,MTSS,NLMK,NVTK,PHOR,PLZL,RASP,ROSN,RTKM,SBER,SNGS,TATN,TRNFP,VTBR,YDEX",,,252,21,0.8,60,2.5,1.0,10.0,252.0,0.9731613105036798,0.0653380172147672,0.1412508249095401,0.4625673319544227,-0.2046845214265739,0.024390243902439,66,16.424242424242426,0.518450184501845
russia,LKOH,coverage,30,25,"AFKS,AFLT,ALRS,CHMF,GAZP,GMKN,HYDR,IRAO,MAGN,MGNT,MOEX,MTSS,NLMK,NVTK,PHOR,PLZL,RASP,ROSN,RTKM,SBER,SNGS,TATN,TRNFP,VTBR,YDEX",,,252,21,0.8,60,3.0,0.0,10.0,252.0,2.605317896185696,0.1268500835915849,0.2677057948347593,0.4738413812442228,-0.3567216846752331,0.0099778270509977,14,2643.0,0.4956488838441165
russia,LKOH,coverage,30,25,"AFKS,AFLT,ALRS,CHMF,GAZP,GMKN,HYDR,IRAO,MAGN,MGNT,MOEX,MTSS,NLMK,NVTK,PHOR,PLZL,RASP,ROSN,RTKM,SBER,SNGS,TATN,TRNFP,VTBR,YDEX",,,252,21,0.8,60,3.0,0.25,10.0,252.0,1.5300146219482604,0.0902883986023308,0.1569228462615802,0.5753680917297787,-0.2204989468347682,0.0147819660014781,39,38.36842105263158,0.522633744855967
russia,LKOH,coverage,30,25,"AFKS,AFLT,ALRS,CHMF,GAZP,GMKN,HYDR,IRAO,MAGN,MGNT,MOEX,MTSS,NLMK,NVTK,PHOR,PLZL,RASP,ROSN,RTKM,SBER,SNGS,TATN,TRNFP,VTBR,YDEX",,,252,21,0.8,60,3.0,0.5,10.0,252.0,1.18962365371751,0.0757153828657644,0.1472297219677618,0.5142669690182763,-0.1992570292570104,0.0147819660014781,40,29.5,0.5186440677966102
russia,LKOH,coverage,30,25,"AFKS,AFLT,ALRS,CHMF,GAZP,GMKN,HYDR,IRAO,MAGN,MGNT,MOEX,MTSS,NLMK,NVTK,PHOR,PLZL,RASP,ROSN,RTKM,SBER,SNGS,TATN,TRNFP,VTBR,YDEX",,,252,21,0.8,60,3.0,0.75,10.0,252.0,0.8511203194988333,0.0590225853034833,0.1296851229743129,0.4551222526517102,-0.1792551248098917,0.0147819660014781,40,21.0,0.5166666666666667
russia,LKOH,coverage,30,25,"AFKS,AFLT,ALRS,CHMF,GAZP,GMKN,HYDR,IRAO,MAGN,MGNT,MOEX,MTSS,NLMK,NVTK,PHOR,PLZL,RASP,ROSN,RTKM,SBER,SNGS,TATN,TRNFP,VTBR,YDEX",,,252,21,0.8,60,3.0,1.0,10.0,252.0,0.6008094715872196,0.0447909754033608,0.125516249244097,0.3568539983715881,-0.1792551248098918,0.0147819660014781,40,18.9,0.5026455026455027
russia,LKOH,coverage,30,25,"AFKS,AFLT,ALRS,CHMF,GAZP,GMKN,HYDR,IRAO,MAGN,MGNT,MOEX,MTSS,NLMK,NVTK,PHOR,PLZL,RASP,ROSN,RTKM,SBER,SNGS,TATN,TRNFP,VTBR,YDEX",,,252,63,0.8,60,1.0,0.0,10.0,252.0,0.1086147752581698,0.0096486321644992,0.2892527133630347,0.0333571016579868,-0.5994314135936523,0.0328898743532889,45,2643.0,0.4899735149451381
russia,LKOH,coverage,30,25,"AFKS,AFLT,ALRS,CHMF,GAZP,GMKN,HYDR,IRAO,MAGN,MGNT,MOEX,MTSS,NLMK,NVTK,PHOR,PLZL,RASP,ROSN,RTKM,SBER,SNGS,TATN,TRNFP,VTBR,YDEX",,,252,63,0.8,60,1.0,0.25,10.0,252.0,-0.2568252676843365,-0.0272636063986239,0.2622973314092234,-0.1039416079917663,-0.6542423027662149,0.0476718403547671,114,41.88,0.48567335243553
russia,LKOH,coverage,30,25,"AFKS,AFLT,ALRS,CHMF,GAZP,GMKN,HYDR,IRAO,MAGN,MGNT,MOEX,MTSS,NLMK,NVTK,PHOR,PLZL,RASP,ROSN,RTKM,SBER,SNGS,TATN,TRNFP,VTBR,YDEX",,,252,63,0.8,60,1.0,0.5,10.0,252.0,-0.1956554058135008,-0.0200719960196789,0.2530431342147458,-0.0793224288893163,-0.6166817033043192,0.057280118255728,147,27.042857142857144,0.4870575805599577
russia,LKOH,coverage,30,25,"AFKS,AFLT,ALRS,CHMF,GAZP,GMKN,HYDR,IRAO,MAGN,MGNT,MOEX,MTSS,NLMK,NVTK,PHOR,PLZL,RASP,ROSN,RTKM,SBER,SNGS,TATN,TRNFP,VTBR,YDEX",,,252,63,0.8,60,1.0,0.75,10.0,252.0,-0.2591347146177144,-0.0275455081002864,0.247321129627956,-0.1113754742335319,-0.6798303795017884,0.0742793791574279,195,17.96842105263158,0.4879906268306971
russia,LKOH,coverage,30,25,"AFKS,AFLT,ALRS,CHMF,GAZP,GMKN,HYDR,IRAO,MAGN,MGNT,MOEX,MTSS,NLMK,NVTK,PHOR,PLZL,RASP,ROSN,RTKM,SBER,SNGS,TATN,TRNFP,VTBR,YDEX",,,252,63,0.8,60,1.5,0.0,10.0,252.0,0.6856380786134884,0.0498270116391432,0.2892303164810634,0.1722745120406683,-0.5554515290037426,0.0254988913525498,35,2643.0,0.4869466515323496
russia,LKOH,coverage,30,25,"AFKS,AFLT,ALRS,CHMF,GAZP,GMKN,HYDR,IRAO,MAGN,MGNT,MOEX,MTSS,NLMK,NVTK,PHOR,PLZL,RASP,ROSN,RTKM,SBER,SNGS,TATN,TRNFP,VTBR,YDEX",,,252,63,0.8,60,1.5,0.25,10.0,252.0,-0.0780164487817606,-0.0075359218476618,0.2497730761934906,-0.0301710735300549,-0.5615018196059937,0.0380635624538063,95,43.45454545454545,0.4811715481171548
russia,LKOH,coverage,30,25,"AFKS,AFLT,ALRS,CHMF,GAZP,GMKN,HYDR,IRAO,MAGN,MGNT,MOEX,MTSS,NLMK,NVTK,PHOR,PLZL,RASP,ROSN,RTKM,SBER,SNGS,TATN,TRNFP,VTBR,YDEX",,,252,63,0.8,60,1.5,0.5,10.0,252.0,-0.0213053375131994,-0.0020035202776501,0.2370060760834092,-0.0084534553322804,-0.5593209135902184,0.0428677014042867,111,31.245283018867923,0.482487922705314
russia,LKOH,coverage,30,25,"AFKS,AFLT,ALRS,CHMF,GAZP,GMKN,HYDR,IRAO,MAGN,MGNT,MOEX,MTSS,NLMK,NVTK,PHOR,PLZL,RASP,ROSN,RTKM,SBER,SNGS,TATN,TRNFP,VTBR,YDEX",,,252,63,0.8,60,1.5,0.75,10.0,252.0,0.1848199254459945,0.015918752960377,0.2306540002880903,0.0690157245939557,-0.5053354798034698,0.048780487804878,128,22.91935483870968,0.4926108374384236
russia,LKOH,coverage,30,25,"AFKS,AFLT,ALRS,CHMF,GAZP,GMKN,HYDR,IRAO,MAGN,MGNT,MOEX,MTSS,NLMK,NVTK,PHOR,PLZL,RASP,ROSN,RTKM,SBER,SNGS,TATN,TRNFP,VTBR,YDEX",,,252,63,0.8,60,1.5,1.0,10.0,252.0,0.429422028969773,0.033830960184205,0.220667706884487,0.1533117856792456,-0.414857949137039,0.0591278640059127,157,15.597402597402596,0.4970857618651124
russia,LKOH,coverage,30,25,"AFKS,AFLT,ALRS,CHMF,GAZP,GMKN,HYDR,IRAO,MAGN,MGNT,MOEX,MTSS,NLMK,NVTK,PHOR,PLZL,RASP,ROSN,RTKM,SBER,SNGS,TATN,TRNFP,VTBR,YDEX",,,252,63,0.8,60,2.0,0.0,10.0,252.0,0.926143110341785,0.0629479921019204,0.2892732558325689,0.217607368924401,-0.4298166671053124,0.0203252032520325,28,2643.0,0.4964055996973137
russia,LKOH,coverage,30,25,"AFKS,AFLT,ALRS,CHMF,GAZP,GMKN,HYDR,IRAO,MAGN,MGNT,MOEX,MTSS,NLMK,NVTK,PHOR,PLZL,RASP,ROSN,RTKM,SBER,SNGS,TATN,TRNFP,VTBR,YDEX",,,252,63,0.8,60,2.0,0.25,10.0,252.0,0.0207985772526204,0.0019188676630799,0.2377485424525285,0.0080709965381304,-0.5105921505342768,0.0303030303030303,76,47.71428571428572,0.48562874251497
russia,LKOH,coverage,30,25,"AFKS,AFLT,ALRS,CHMF,GAZP,GMKN,HYDR,IRAO,MAGN,MGNT,MOEX,MTSS,NLMK,NVTK,PHOR,PLZL,RASP,ROSN,RTKM,SBER,SNGS,TATN,TRNFP,VTBR,YDEX",,,252,63,0.8,60,2.0,0.5,10.0,252.0,-0.0087694681568635,-0.0008199344942014,0.2250320495277551,-0.003643634299746,-0.4628094142483708,0.032520325203252,84,36.45,0.4849108367626886
russia,LKOH,coverage,30,25,"AFKS,AFLT,ALRS,CHMF,GAZP,GMKN,HYDR,IRAO,MAGN,MGNT,MOEX,MTSS,NLMK,NVTK,PHOR,PLZL,RASP,ROSN,RTKM,SBER,SNGS,TATN,TRNFP,VTBR,YDEX",,,252,63,0.8,60,2.0,0.75,10.0,252.0,0.1002139157309767,0.0089336701415689,0.2159030275877743,0.0413781605630196,-0.47254081944958,0.0347376201034737,90,28.65116279069768,0.4959415584415584
russia,LKOH,coverage,30,25,"AFKS,AFLT,ALRS,CHMF,GAZP,GMKN,HYDR,IRAO,MAGN,MGNT,MOEX,MTSS,NLMK,NVTK,PHOR,PLZL,RASP,ROSN,RTKM,SBER,SNGS,TATN,TRNFP,VTBR,YDEX",,,252,63,0.8,60,2.0,1.0,10.0,252.0,0.3284048998145146,0.0267987252256958,0.1948279659925224,0.1375507109011463,-0.3745037770929823,0.0391722099039172,104,19.09803921568628,0.5051334702258727
russia,LKOH,coverage,30,25,"AFKS,AFLT,ALRS,CHMF,GAZP,GMKN,HYDR,IRAO,MAGN,MGNT,MOEX,MTSS,NLMK,NVTK,PHOR,PLZL,RASP,ROSN,RTKM,SBER,SNGS,TATN,TRNFP,VTBR,YDEX",,,252,63,0.8,60,2.5,0.0,10.0,252.0,1.072804186636198,0.0702369187231999,0.28930549324386,0.2427776878194157,-0.3839247828112133,0.015890613451589,22,2643.0,0.4899735149451381
russia,LKOH,coverage,30,25,"AFKS,AFLT,ALRS,CHMF,GAZP,GMKN,HYDR,IRAO,MAGN,MGNT,MOEX,MTSS,NLMK,NVTK,PHOR,PLZL,RASP,ROSN,RTKM,SBER,SNGS,TATN,TRNFP,VTBR,YDEX",,,252,63,0.8,60,2.5,0.25,10.0,252.0,0.1285470491127218,0.0113255212801433,0.2244821535770085,0.0504517668762389,-0.4652812386765051,0.0221729490022172,56,54.0,0.4836182336182336
russia,LKOH,coverage,30,25,"AFKS,AFLT,ALRS,CHMF,GAZP,GMKN,HYDR,IRAO,MAGN,MGNT,MOEX,MTSS,NLMK,NVTK,PHOR,PLZL,RASP,ROSN,RTKM,SBER,SNGS,TATN,TRNFP,VTBR,YDEX",,,252,63,0.8,60,2.5,0.5,10.0,252.0,-0.1230760172919311,-0.0121562593775901,0.2114519106144482,-0.0574894752299273,-0.4130746269776127,0.0221729490022172,58,43.07142857142857,0.4800995024875621
russia,LKOH,coverage,30,25,"AFKS,AFLT,ALRS,CHMF,GAZP,GMKN,HYDR,IRAO,MAGN,MGNT,MOEX,MTSS,NLMK,NVTK,PHOR,PLZL,RASP,ROSN,RTKM,SBER,SNGS,TATN,TRNFP,VTBR,YDEX",,,252,63,0.8,60,2.5,0.75,10.0,252.0,0.1472798464739948,0.0128771931414506,0.2013336876803491,0.0639594560146106,-0.3989402556323931,0.024390243902439,64,31.677419354838708,0.4938900203665988
russia,LKOH,coverage,30,25,"AFKS,AFLT,ALRS,CHMF,GAZP,GMKN,HYDR,IRAO,MAGN,MGNT,MOEX,MTSS,NLMK,NVTK,PHOR,PLZL,RASP,ROSN,RTKM,SBER,SNGS,TATN,TRNFP,VTBR,YDEX",,,252,63,0.8,60,2.5,1.0,10.0,252.0,-0.0700108458003484,-0.0067365394962902,0.1624690904267789,-0.0414635145589509,-0.3858063034562228,0.0251293422025129,67,23.363636363636363,0.503242542153048
russia,LKOH,coverage,30,25,"AFKS,AFLT,ALRS,CHMF,GAZP,GMKN,HYDR,IRAO,MAGN,MGNT,MOEX,MTSS,NLMK,NVTK,PHOR,PLZL,RASP,ROSN,RTKM,SBER,SNGS,TATN,TRNFP,VTBR,YDEX",,,252,63,0.8,60,3.0,0.0,10.0,252.0,4.079331416365306,0.1634004116734499,0.2890618214078883,0.5652784268693842,-0.3747935222400435,0.0129342202512934,18,2643.0,0.489216799091941
russia,LKOH,coverage,30,25,"AFKS,AFLT,ALRS,CHMF,GAZP,GMKN,HYDR,IRAO,MAGN,MGNT,MOEX,MTSS,NLMK,NVTK,PHOR,PLZL,RASP,ROSN,RTKM,SBER,SNGS,TATN,TRNFP,VTBR,YDEX",,,252,63,0.8,60,3.0,0.25,10.0,252.0,0.7059329535034324,0.0509977320021768,0.2118103457663848,0.2407707320322517,-0.4184163922247215,0.0169992609016999,43,57.75,0.4761904761904761
russia,LKOH,coverage,30,25,"AFKS,AFLT,ALRS,CHMF,GAZP,GMKN,HYDR,IRAO,MAGN,MGNT,MOEX,MTSS,NLMK,NVTK,PHOR,PLZL,RASP,ROSN,RTKM,SBER,SNGS,TATN,TRNFP,VTBR,YDEX",,,252,63,0.8,60,3.0,0.5,10.0,252.0,0.1740543051452141,0.0150555469851509,0.1964486364301705,0.0766385924521427,-0.3492601222951703,0.0169992609016999,45,42.40909090909091,0.4705251875669882
russia,LKOH,coverage,30,25,"AFKS,AFLT,ALRS,CHMF,GAZP,GMKN,HYDR,IRAO,MAGN,MGNT,MOEX,MTSS,NLMK,NVTK,PHOR,PLZL,RASP,ROSN,RTKM,SBER,SNGS,TATN,TRNFP,VTBR,YDEX",,,252,63,0.8,60,3.0,0.75,10.0,252.0,0.0825805546254632,0.0074167232552744,0.1808871509138967,0.0410019352828705,-0.3456228537965621,0.0169992609016999,45,33.36363636363637,0.4822888283378747
russia,LKOH,coverage,30,25,"AFKS,AFLT,ALRS,CHMF,GAZP,GMKN,HYDR,IRAO,MAGN,MGNT,MOEX,MTSS,NLMK,NVTK,PHOR,PLZL,RASP,ROSN,RTKM,SBER,SNGS,TATN,TRNFP,VTBR,YDEX",,,252,63,0.8,60,3.0,1.0,10.0,252.0,-0.1968298477479491,-0.0202053309770653,0.1397847884365981,-0.1445459924720623,-0.3355143323499765,0.0169992609016999,46,25.30434782608696,0.486254295532646
russia,CHMF,coverage,30,25,"AFKS,AFLT,ALRS,GAZP,GMKN,HYDR,IRAO,LKOH,MAGN,MGNT,MOEX,MTSS,NLMK,NVTK,PHOR,PLZL,RASP,ROSN,RTKM,SBER,SNGS,TATN,TRNFP,VTBR,YDEX",,,252,5,0.8,60,1.0,0.0,10.0,252.0,3.748726922637678,0.1561313797710097,0.2931134828180909,0.5326652949223302,-0.5145502142733483,0.041019955654102,56,2646.0,0.5124716553287982
russia,CHMF,coverage,30,25,"AFKS,AFLT,ALRS,GAZP,GMKN,HYDR,IRAO,LKOH,MAGN,MGNT,MOEX,MTSS,NLMK,NVTK,PHOR,PLZL,RASP,ROSN,RTKM,SBER,SNGS,TATN,TRNFP,VTBR,YDEX",,,252,5,0.8,60,1.0,0.25,10.0,252.0,7.106438792392739,0.2151672693973882,0.2407929081860887,0.8935781000290235,-0.3569425511962669,0.0709534368070953,177,22.234567901234566,0.5235980011104941
russia,CHMF,coverage,30,25,"AFKS,AFLT,ALRS,GAZP,GMKN,HYDR,IRAO,LKOH,MAGN,MGNT,MOEX,MTSS,NLMK,NVTK,PHOR,PLZL,RASP,ROSN,RTKM,SBER,SNGS,TATN,TRNFP,VTBR,YDEX",,,252,5,0.8,60,1.0,0.5,10.0,252.0,3.342254038713726,0.1465371053076802,0.2206267211454516,0.6641856641248517,-0.330203371749538,0.0805617147080561,212,15.29126213592233,0.526984126984127
russia,CHMF,coverage,30,25,"AFKS,AFLT,ALRS,GAZP,GMKN,HYDR,IRAO,LKOH,MAGN,MGNT,MOEX,MTSS,NLMK,NVTK,PHOR,PLZL,RASP,ROSN,RTKM,SBER,SNGS,TATN,TRNFP,VTBR,YDEX",,,252,5,0.8,60,1.0,0.75,10.0,252.0,2.508146100976835,0.1239865479509672,0.2135887284208902,0.5804919991219938,-0.2835851955861633,0.0953436807095343,255,11.412698412698411,0.5250347705146036
russia,CHMF,coverage,30,25,"AFKS,AFLT,ALRS,GAZP,GMKN,HYDR,IRAO,LKOH,MAGN,MGNT,MOEX,MTSS,NLMK,NVTK,PHOR,PLZL,RASP,ROSN,RTKM,SBER,SNGS,TATN,TRNFP,VTBR,YDEX",,,252,5,0.8,60,1.5,0.0,10.0,252.0,6.540465046764081,0.2070045767521566,0.2930219320809998,0.7064473818803929,-0.407360417163547,0.0336289726533629,46,2646.0,0.5139833711262283
russia,CHMF,coverage,30,25,"AFKS,AFLT,ALRS,GAZP,GMKN,HYDR,IRAO,LKOH,MAGN,MGNT,MOEX,MTSS,NLMK,NVTK,PHOR,PLZL,RASP,ROSN,RTKM,SBER,SNGS,TATN,TRNFP,VTBR,YDEX",,,252,5,0.8,60,1.5,0.25,10.0,252.0,5.61376517521042,0.1923545925168879,0.2261446243265675,0.8505822019413355,-0.3200088240338102,0.0517368810051736,132,25.274193548387096,0.5283982131461391
russia,CHMF,coverage,30,25,"AFKS,AFLT,ALRS,GAZP,GMKN,HYDR,IRAO,LKOH,MAGN,MGNT,MOEX,MTSS,NLMK,NVTK,PHOR,PLZL,RASP,ROSN,RTKM,SBER,SNGS,TATN,TRNFP,VTBR,YDEX",,,252,5,0.8,60,1.5,0.5,10.0,252.0,2.594195156456564,0.1265258818075831,0.206151323156661,0.6137524604265193,-0.3006605796464054,0.0546932742054693,145,19.112676056338028,0.5313190862196021
russia,CHMF,coverage,30,25,"AFKS,AFLT,ALRS,GAZP,GMKN,HYDR,IRAO,LKOH,MAGN,MGNT,MOEX,MTSS,NLMK,NVTK,PHOR,PLZL,RASP,ROSN,RTKM,SBER,SNGS,TATN,TRNFP,VTBR,YDEX",,,252,5,0.8,60,1.5,0.75,10.0,252.0,1.6740721319697802,0.0959256422688208,0.1978067083045045,0.4849463554145619,-0.3052648898638862,0.0591278640059127,159,15.354430379746836,0.5300906842539159
russia,CHMF,coverage,30,25,"AFKS,AFLT,ALRS,GAZP,GMKN,HYDR,IRAO,LKOH,MAGN,MGNT,MOEX,MTSS,NLMK,NVTK,PHOR,PLZL,RASP,ROSN,RTKM,SBER,SNGS,TATN,TRNFP,VTBR,YDEX",,,252,5,0.8,60,1.5,1.0,10.0,252.0,1.3203670865282504,0.0815409657738923,0.1889875515917232,0.4314620994193749,-0.3042127216883135,0.0687361419068736,185,11.445652173913045,0.5308641975308642
russia,CHMF,coverage,30,25,"AFKS,AFLT,ALRS,GAZP,GMKN,HYDR,IRAO,LKOH,MAGN,MGNT,MOEX,MTSS,NLMK,NVTK,PHOR,PLZL,RASP,ROSN,RTKM,SBER,SNGS,TATN,TRNFP,VTBR,YDEX",,,252,5,0.8,60,2.0,0.0,10.0,252.0,14.355597138908388,0.2896525799389484,0.2914385408262591,0.993871912471675,-0.3671215063676635,0.0269770879526977,37,2636.0,0.5147951441578149
russia,CHMF,coverage,30,25,"AFKS,AFLT,ALRS,GAZP,GMKN,HYDR,IRAO,LKOH,MAGN,MGNT,MOEX,MTSS,NLMK,NVTK,PHOR,PLZL,RASP,ROSN,RTKM,SBER,SNGS,TATN,TRNFP,VTBR,YDEX",,,252,5,0.8,60,2.0,0.25,10.0,252.0,7.941904635695719,0.226318388210734,0.2146597805799159,1.054312026218054,-0.2446068758748329,0.040650406504065,105,27.14,0.529108327192336
russia,CHMF,coverage,30,25,"AFKS,AFLT,ALRS,GAZP,GMKN,HYDR,IRAO,LKOH,MAGN,MGNT,MOEX,MTSS,NLMK,NVTK,PHOR,PLZL,RASP,ROSN,RTKM,SBER,SNGS,TATN,TRNFP,VTBR,YDEX",,,252,5,0.8,60,2.0,0.5,10.0,252.0,3.678223224931753,0.1545220084272387,0.1927332689331084,0.8017401940132525,-0.2467967873201946,0.0413895048041389,111,20.454545454545453,0.5342222222222223
russia,CHMF,coverage,30,25,"AFKS,AFLT,ALRS,GAZP,GMKN,HYDR,IRAO,LKOH,MAGN,MGNT,MOEX,MTSS,NLMK,NVTK,PHOR,PLZL,RASP,ROSN,RTKM,SBER,SNGS,TATN,TRNFP,VTBR,YDEX",,,252,5,0.8,60,2.0,0.75,10.0,252.0,2.128472350694006,0.1120607401836593,0.1835621256389314,0.6104785493935927,-0.2517557259228942,0.0413895048041389,111,17.854545454545455,0.5305498981670062
russia,CHMF,coverage,30,25,"AFKS,AFLT,ALRS,GAZP,GMKN,HYDR,IRAO,LKOH,MAGN,MGNT,MOEX,MTSS,NLMK,NVTK,PHOR,PLZL,RASP,ROSN,RTKM,SBER,SNGS,TATN,TRNFP,VTBR,YDEX",,,252,5,0.8,60,2.0,1.0,10.0,252.0,1.7325566883205168,0.0981359513175585,0.1738839451103974,0.5643761490185473,-0.2506225187461559,0.0436067997043606,117,14.344827586206897,0.5288461538461539
russia,CHMF,coverage,30,25,"AFKS,AFLT,ALRS,GAZP,GMKN,HYDR,IRAO,LKOH,MAGN,MGNT,MOEX,MTSS,NLMK,NVTK,PHOR,PLZL,RASP,ROSN,RTKM,SBER,SNGS,TATN,TRNFP,VTBR,YDEX",,,252,5,0.8,60,2.5,0.0,10.0,252.0,15.400442065598073,0.2975828804010814,0.2914140839593414,1.0211684910966785,-0.3671215063676633,0.0181079083518107,25,2636.0,0.5235204855842185
russia,CHMF,coverage,30,25,"AFKS,AFLT,ALRS,GAZP,GMKN,HYDR,IRAO,LKOH,MAGN,MGNT,MOEX,MTSS,NLMK,NVTK,PHOR,PLZL,RASP,ROSN,RTKM,SBER,SNGS,TATN,TRNFP,VTBR,YDEX",,,252,5,0.8,60,2.5,0.25,10.0,252.0,3.777859742819592,0.1567900684202223,0.1829632445734843,0.8569484476826167,-0.3337591609254536,0.0273466371027346,72,30.6,0.5284780578898226
russia,CHMF,coverage,30,25,"AFKS,AFLT,ALRS,GAZP,GMKN,HYDR,IRAO,LKOH,MAGN,MGNT,MOEX,MTSS,NLMK,NVTK,PHOR,PLZL,RASP,ROSN,RTKM,SBER,SNGS,TATN,TRNFP,VTBR,YDEX",,,252,5,0.8,60,2.5,0.5,10.0,252.0,2.154536046002728,0.1129202876808856,0.1560508162014953,0.7236122849564671,-0.3354379946780345,0.0280857354028085,76,21.76315789473684,0.5405078597339782
russia,CHMF,coverage,30,25,"AFKS,AFLT,ALRS,GAZP,GMKN,HYDR,IRAO,LKOH,MAGN,MGNT,MOEX,MTSS,NLMK,NVTK,PHOR,PLZL,RASP,ROSN,RTKM,SBER,SNGS,TATN,TRNFP,VTBR,YDEX",,,252,5,0.8,60,2.5,0.75,10.0,252.0,1.4398495571441154,0.0866100579988025,0.1476787809115712,0.5864759816148799,-0.2917930047313671,0.0280857354028085,76,18.63157894736842,0.5409604519774012
russia,CHMF,coverage,30,25,"AFKS,AFLT,ALRS,GAZP,GMKN,HYDR,IRAO,LKOH,MAGN,MGNT,MOEX,MTSS,NLMK,NVTK,PHOR,PLZL,RASP,ROSN,RTKM,SBER,SNGS,TATN,TRNFP,VTBR,YDEX",,,252,5,0.8,60,2.5,1.0,10.0,252.0,0.9164082586780352,0.0624465475856008,0.1330547973988943,0.4693295454683078,-0.2982534601436828,0.0280857354028085,76,15.052631578947368,0.5402097902097902
russia,CHMF,coverage,30,25,"AFKS,AFLT,ALRS,GAZP,GMKN,HYDR,IRAO,LKOH,MAGN,MGNT,MOEX,MTSS,NLMK,NVTK,PHOR,PLZL,RASP,ROSN,RTKM,SBER,SNGS,TATN,TRNFP,VTBR,YDEX",,,252,5,0.8,60,3.0,0.0,10.0,252.0,3.4385163118367883,0.1488806607354746,0.2917435021659103,0.5103135447068445,-0.3671215063676634,0.0107169253510716,15,2635.0,0.5134724857685009
russia,CHMF,coverage,30,25,"AFKS,AFLT,ALRS,GAZP,GMKN,HYDR,IRAO,LKOH,MAGN,MGNT,MOEX,MTSS,NLMK,NVTK,PHOR,PLZL,RASP,ROSN,RTKM,SBER,SNGS,TATN,TRNFP,VTBR,YDEX",,,252,5,0.8,60,3.0,0.25,10.0,252.0,1.607482107705228,0.0933549835384037,0.1532490387053176,0.6091717398496438,-0.3324245918331546,0.0155210643015521,41,34.55,0.5267727930535456
russia,CHMF,coverage,30,25,"AFKS,AFLT,ALRS,GAZP,GMKN,HYDR,IRAO,LKOH,MAGN,MGNT,MOEX,MTSS,NLMK,NVTK,PHOR,PLZL,RASP,ROSN,RTKM,SBER,SNGS,TATN,TRNFP,VTBR,YDEX",,,252,5,0.8,60,3.0,0.5,10.0,252.0,0.877545821898297,0.060421436959031,0.1289378129645414,0.4686091346659278,-0.3341067885132321,0.0155210643015521,42,27.61904761904762,0.5293103448275862
russia,CHMF,coverage,30,25,"AFKS,AFLT,ALRS,GAZP,GMKN,HYDR,IRAO,LKOH,MAGN,MGNT,MOEX,MTSS,NLMK,NVTK,PHOR,PLZL,RASP,ROSN,RTKM,SBER,SNGS,TATN,TRNFP,VTBR,YDEX",,,252,5,0.8,60,3.0,0.75,10.0,252.0,0.6111085371964013,0.0454151365225694,0.1207570560374535,0.3760868144092853,-0.290374371841573,0.0155210643015521,42,23.571428571428573,0.5333333333333333
russia,CHMF,coverage,30,25,"AFKS,AFLT,ALRS,GAZP,GMKN,HYDR,IRAO,LKOH,MAGN,MGNT,MOEX,MTSS,NLMK,NVTK,PHOR,PLZL,RASP,ROSN,RTKM,SBER,SNGS,TATN,TRNFP,VTBR,YDEX",,,252,5,0.8,60,3.0,1.0,10.0,252.0,0.5423576155685761,0.0411780326942816,0.1081446795094631,0.3807679941450878,-0.2968477684061115,0.0155210643015521,42,18.761904761904763,0.5329949238578681
russia,CHMF,coverage,30,25,"AFKS,AFLT,ALRS,GAZP,GMKN,HYDR,IRAO,LKOH,MAGN,MGNT,MOEX,MTSS,NLMK,NVTK,PHOR,PLZL,RASP,ROSN,RTKM,SBER,SNGS,TATN,TRNFP,VTBR,YDEX",,,252,10,0.8,60,1.0,0.0,10.0,252.0,2.9535006220351105,0.1365662574379198,0.2990348505977924,0.4566901054004706,-0.5097191898928524,0.0395417590539541,54,2646.0,0.500755857898715
russia,CHMF,coverage,30,25,"AFKS,AFLT,ALRS,GAZP,GMKN,HYDR,IRAO,LKOH,MAGN,MGNT,MOEX,MTSS,NLMK,NVTK,PHOR,PLZL,RASP,ROSN,RTKM,SBER,SNGS,TATN,TRNFP,VTBR,YDEX",,,252,10,0.8,60,1.0,0.25,10.0,252.0,5.748867820738668,0.1946021135956555,0.2508528277257731,0.7757620887111957,-0.3323119311261652,0.0679970436067997,172,22.4875,0.5108393551973318
russia,CHMF,coverage,30,25,"AFKS,AFLT,ALRS,GAZP,GMKN,HYDR,IRAO,LKOH,MAGN,MGNT,MOEX,MTSS,NLMK,NVTK,PHOR,PLZL,RASP,ROSN,RTKM,SBER,SNGS,TATN,TRNFP,VTBR,YDEX",,,252,10,0.8,60,1.0,0.5,10.0,252.0,3.800409678417693,0.1572974229891857,0.2380816650139912,0.6606868402904602,-0.3643758110441032,0.0783444198078344,205,16.373737373737374,0.51326341764343
russia,CHMF,coverage,30,25,"AFKS,AFLT,ALRS,GAZP,GMKN,HYDR,IRAO,LKOH,MAGN,MGNT,MOEX,MTSS,NLMK,NVTK,PHOR,PLZL,RASP,ROSN,RTKM,SBER,SNGS,TATN,TRNFP,VTBR,YDEX",,,252,10,0.8,60,1.0,0.75,10.0,252.0,2.3622465200809053,0.1195490013933766,0.2305656990204569,0.5185029772480151,-0.373689914061756,0.0916481892091648,243,12.277310924369749,0.5106091718001369
russia,CHMF,coverage,30,25,"AFKS,AFLT,ALRS,GAZP,GMKN,HYDR,IRAO,LKOH,MAGN,MGNT,MOEX,MTSS,NLMK,NVTK,PHOR,PLZL,RASP,ROSN,RTKM,SBER,SNGS,TATN,TRNFP,VTBR,YDEX",,,252,10,0.8,60,1.5,0.0,10.0,252.0,4.275646499908211,0.1675162240713161,0.2988912448068686,0.5604587855343783,-0.4385319717972404,0.0306725794530672,42,2646.0,0.4996220710506425
russia,CHMF,coverage,30,25,"AFKS,AFLT,ALRS,GAZP,GMKN,HYDR,IRAO,LKOH,MAGN,MGNT,MOEX,MTSS,NLMK,NVTK,PHOR,PLZL,RASP,ROSN,RTKM,SBER,SNGS,TATN,TRNFP,VTBR,YDEX",,,252,10,0.8,60,1.5,0.25,10.0,252.0,4.539536950110391,0.1728352128185237,0.2402006272504395,0.719545218499039,-0.2753474969614252,0.0509977827050997,132,25.15873015873016,0.5123028391167193
russia,CHMF,coverage,30,25,"AFKS,AFLT,ALRS,GAZP,GMKN,HYDR,IRAO,LKOH,MAGN,MGNT,MOEX,MTSS,NLMK,NVTK,PHOR,PLZL,RASP,ROSN,RTKM,SBER,SNGS,TATN,TRNFP,VTBR,YDEX",,,252,10,0.8,60,1.5,0.5,10.0,252.0,2.421588402025566,0.1213745643632862,0.2255349862227751,0.5381629094272624,-0.3248049734254262,0.0554323725055432,148,19.26027397260274,0.515647226173542
russia,CHMF,coverage,30,25,"AFKS,AFLT,ALRS,GAZP,GMKN,HYDR,IRAO,LKOH,MAGN,MGNT,MOEX,MTSS,NLMK,NVTK,PHOR,PLZL,RASP,ROSN,RTKM,SBER,SNGS,TATN,TRNFP,VTBR,YDEX",,,252,10,0.8,60,1.5,0.75,10.0,252.0,1.6946954365672182,0.096710019526726,0.2189177257564029,0.4417642253160374,-0.3332757832091576,0.0576496674057649,154,16.394736842105264,0.5104333868378812
russia,CHMF,coverage,30,25,"AFKS,AFLT,ALRS,GAZP,GMKN,HYDR,IRAO,LKOH,MAGN,MGNT,MOEX,MTSS,NLMK,NVTK,PHOR,PLZL,RASP,ROSN,RTKM,SBER,SNGS,TATN,TRNFP,VTBR,YDEX",,,252,10,0.8,60,1.5,1.0,10.0,252.0,1.3787575966658774,0.0840470522275542,0.2043483189917939,0.4112930932939523,-0.3407479238912744,0.0702143385070214,188,11.623655913978494,0.5189639222941721
russia,CHMF,coverage,30,25,"AFKS,AFLT,ALRS,GAZP,GMKN,HYDR,IRAO,LKOH,MAGN,MGNT,MOEX,MTSS,NLMK,NVTK,PHOR,PLZL,RASP,ROSN,RTKM,SBER,SNGS,TATN,TRNFP,VTBR,YDEX",,,252,10,0.8,60,2.0,0.0,10.0,252.0,9.209465967598758,0.2415516889878959,0.2972091980971222,0.812732884898675,-0.3721587202015404,0.0254988913525498,35,2636.0,0.5041729893778453
russia,CHMF,coverage,30,25,"AFKS,AFLT,ALRS,GAZP,GMKN,HYDR,IRAO,LKOH,MAGN,MGNT,MOEX,MTSS,NLMK,NVTK,PHOR,PLZL,RASP,ROSN,RTKM,SBER,SNGS,TATN,TRNFP,VTBR,YDEX",,,252,10,0.8,60,2.0,0.25,10.0,252.0,7.441679281172782,0.2197616375843532,0.22691714386863,0.9684664359762104,-0.217428288221706,0.0391722099039172,100,28.08510638297872,0.5181818181818182
russia,CHMF,coverage,30,25,"AFKS,AFLT,ALRS,GAZP,GMKN,HYDR,IRAO,LKOH,MAGN,MGNT,MOEX,MTSS,NLMK,NVTK,PHOR,PLZL,RASP,ROSN,RTKM,SBER,SNGS,TATN,TRNFP,VTBR,YDEX",,,252,10,0.8,60,2.0,0.5,10.0,252.0,3.499932533291168,0.1503519001785869,0.2088442147803474,0.7199237016774441,-0.2728008054454274,0.0413895048041389,110,21.07407407407408,0.5210896309314587
russia,CHMF,coverage,30,25,"AFKS,AFLT,ALRS,GAZP,GMKN,HYDR,IRAO,LKOH,MAGN,MGNT,MOEX,MTSS,NLMK,NVTK,PHOR,PLZL,RASP,ROSN,RTKM,SBER,SNGS,TATN,TRNFP,VTBR,YDEX",,,252,10,0.8,60,2.0,0.75,10.0,252.0,2.485278219683552,0.1233022122262854,0.2022957195429743,0.6095146872353467,-0.2678974681071013,0.0413895048041389,110,18.46296296296296,0.5135406218655968
russia,CHMF,coverage,30,25,"AFKS,AFLT,ALRS,GAZP,GMKN,HYDR,IRAO,LKOH,MAGN,MGNT,MOEX,MTSS,NLMK,NVTK,PHOR,PLZL,RASP,ROSN,RTKM,SBER,SNGS,TATN,TRNFP,VTBR,YDEX",,,252,10,0.8,60,2.0,1.0,10.0,252.0,1.4416134034958907,0.0866831890558155,0.1744086168958974,0.4970120777206538,-0.2904470908323064,0.0436067997043606,117,14.551724137931034,0.5213270142180095
russia,CHMF,coverage,30,25,"AFKS,AFLT,ALRS,GAZP,GMKN,HYDR,IRAO,LKOH,MAGN,MGNT,MOEX,MTSS,NLMK,NVTK,PHOR,PLZL,RASP,ROSN,RTKM,SBER,SNGS,TATN,TRNFP,VTBR,YDEX",,,252,10,0.8,60,2.5,0.0,10.0,252.0,6.94117197240991,0.2128385723864885,0.2972412970195111,0.7160464394438357,-0.3721587202015404,0.0166297117516629,23,2636.0,0.5185887708649469
russia,CHMF,coverage,30,25,"AFKS,AFLT,ALRS,GAZP,GMKN,HYDR,IRAO,LKOH,MAGN,MGNT,MOEX,MTSS,NLMK,NVTK,PHOR,PLZL,RASP,ROSN,RTKM,SBER,SNGS,TATN,TRNFP,VTBR,YDEX",,,252,10,0.8,60,2.5,0.25,10.0,252.0,3.6016596215822005,0.1527492031492949,0.1848297116157218,0.8264320807191148,-0.2689187152807341,0.0251293422025129,65,30.41935483870968,0.5259809119830329
russia,CHMF,coverage,30,25,"AFKS,AFLT,ALRS,GAZP,GMKN,HYDR,IRAO,LKOH,MAGN,MGNT,MOEX,MTSS,NLMK,NVTK,PHOR,PLZL,RASP,ROSN,RTKM,SBER,SNGS,TATN,TRNFP,VTBR,YDEX",,,252,10,0.8,60,2.5,0.5,10.0,252.0,1.6511445101830864,0.0950471577282818,0.1586794837568358,0.5989883221068099,-0.3531498074635554,0.0251293422025129,68,23.294117647058822,0.5303030303030303
russia,CHMF,coverage,30,25,"AFKS,AFLT,ALRS,GAZP,GMKN,HYDR,IRAO,LKOH,MAGN,MGNT,MOEX,MTSS,NLMK,NVTK,PHOR,PLZL,RASP,ROSN,RTKM,SBER,SNGS,TATN,TRNFP,VTBR,YDEX",,,252,10,0.8,60,2.5,0.75,10.0,252.0,1.197211631128401,0.0760619961607327,0.1523293152918159,0.4993260556250873,-0.3626284104414711,0.0251293422025129,68,20.558823529411764,0.5221745350500715
russia,CHMF,coverage,30,25,"AFKS,AFLT,ALRS,GAZP,GMKN,HYDR,IRAO,LKOH,MAGN,MGNT,MOEX,MTSS,NLMK,NVTK,PHOR,PLZL,RASP,ROSN,RTKM,SBER,SNGS,TATN,TRNFP,VTBR,YDEX",,,252,10,0.8,60,2.5,1.0,10.0,252.0,0.8874414734551748,0.0609406784976853,0.1336671725843797,0.4559135748847794,-0.3089468123496517,0.0258684405025868,70,16.457142857142856,0.5260416666666666
russia,CHMF,coverage,30,25,"AFKS,AFLT,ALRS,GAZP,GMKN,HYDR,IRAO,LKOH,MAGN,MGNT,MOEX,MTSS,NLMK,NVTK,PHOR,PLZL,RASP,ROSN,RTKM,SBER,SNGS,TATN,TRNFP,VTBR,YDEX",,,252,10,0.8,60,3.0,0.0,10.0,252.0,3.3970983364583134,0.1478780245638016,0.2973311895210622,0.4973512022132689,-0.3721587202015404,0.0107169253510716,15,2635.0,0.5104364326375711
russia,CHMF,coverage,30,25,"AFKS,AFLT,ALRS,GAZP,GMKN,HYDR,IRAO,LKOH,MAGN,MGNT,MOEX,MTSS,NLMK,NVTK,PHOR,PLZL,RASP,ROSN,RTKM,SBER,SNGS,TATN,TRNFP,VTBR,YDEX",,,252,10,0.8,60,3.0,0.25,10.0,252.0,1.6936997814571737,0.0966722765132499,0.1646831167408219,0.5870199594618593,-0.2663681669739183,0.0155210643015521,40,38.36842105263158,0.51440329218107
russia,CHMF,coverage,30,25,"AFKS,AFLT,ALRS,GAZP,GMKN,HYDR,IRAO,LKOH,MAGN,MGNT,MOEX,MTSS,NLMK,NVTK,PHOR,PLZL,RASP,ROSN,RTKM,SBER,SNGS,TATN,TRNFP,VTBR,YDEX",,,252,10,0.8,60,3.0,0.5,10.0,252.0,0.7719849900018121,0.0547224385046476,0.1388581490984423,0.3940887795202614,-0.3508931190517179,0.0155210643015521,42,29.38095238095238,0.5170178282009724
russia,CHMF,coverage,30,25,"AFKS,AFLT,ALRS,GAZP,GMKN,HYDR,IRAO,LKOH,MAGN,MGNT,MOEX,MTSS,NLMK,NVTK,PHOR,PLZL,RASP,ROSN,RTKM,SBER,SNGS,TATN,TRNFP,VTBR,YDEX",,,252,10,0.8,60,3.0,0.75,10.0,252.0,0.6581796465546355,0.0482225427281457,0.1334627063210566,0.3613184840725622,-0.3604047903563465,0.0155210643015521,42,25.857142857142858,0.5119705340699816
russia,CHMF,coverage,30,25,"AFKS,AFLT,ALRS,GAZP,GMKN,HYDR,IRAO,LKOH,MAGN,MGNT,MOEX,MTSS,NLMK,NVTK,PHOR,PLZL,RASP,ROSN,RTKM,SBER,SNGS,TATN,TRNFP,VTBR,YDEX",,,252,10,0.8,60,3.0,1.0,10.0,252.0,0.5403342542876803,0.0410507572635905,0.1144910511823429,0.3585499201873121,-0.3065359114354558,0.016260162601626,44,19.90909090909091,0.5182648401826484
russia,CHMF,coverage,30,25,"AFKS,AFLT,ALRS,GAZP,GMKN,HYDR,IRAO,LKOH,MAGN,MGNT,MOEX,MTSS,NLMK,NVTK,PHOR,PLZL,RASP,ROSN,RTKM,SBER,SNGS,TATN,TRNFP,VTBR,YDEX",,,252,21,0.8,60,1.0,0.0,10.0,252.0,9.693775491621375,0.2469219106650639,0.3138046406993409,0.7868650703022653,-0.3968569104348274,0.041019955654102,56,2646.0,0.492063492063492
russia,CHMF,coverage,30,25,"AFKS,AFLT,ALRS,GAZP,GMKN,HYDR,IRAO,LKOH,MAGN,MGNT,MOEX,MTSS,NLMK,NVTK,PHOR,PLZL,RASP,ROSN,RTKM,SBER,SNGS,TATN,TRNFP,VTBR,YDEX",,,252,21,0.8,60,1.0,0.25,10.0,252.0,8.304271541814012,0.2308634870048678,0.2628031936861223,0.8784653023684271,-0.3780716746100558,0.0698447893569844,174,22.7375,0.5046728971962616
russia,CHMF,coverage,30,25,"AFKS,AFLT,ALRS,GAZP,GMKN,HYDR,IRAO,LKOH,MAGN,MGNT,MOEX,MTSS,NLMK,NVTK,PHOR,PLZL,RASP,ROSN,RTKM,SBER,SNGS,TATN,TRNFP,VTBR,YDEX",,,252,21,0.8,60,1.0,0.5,10.0,252.0,4.885706578220778,0.1794745166602585,0.2415356115306067,0.7430561295824321,-0.3726487106544089,0.0831485587583148,218,15.160377358490566,0.5052893590541382
russia,CHMF,coverage,30,25,"AFKS,AFLT,ALRS,GAZP,GMKN,HYDR,IRAO,LKOH,MAGN,MGNT,MOEX,MTSS,NLMK,NVTK,PHOR,PLZL,RASP,ROSN,RTKM,SBER,SNGS,TATN,TRNFP,VTBR,YDEX",,,252,21,0.8,60,1.0,0.75,10.0,252.0,4.1805716025577215,0.1655406143031015,0.2356297964487924,0.7025453350891347,-0.3488575455543423,0.0994087213599408,263,11.294573643410851,0.5072065888812629
russia,CHMF,coverage,30,25,"AFKS,AFLT,ALRS,GAZP,GMKN,HYDR,IRAO,LKOH,MAGN,MGNT,MOEX,MTSS,NLMK,NVTK,PHOR,PLZL,RASP,ROSN,RTKM,SBER,SNGS,TATN,TRNFP,VTBR,YDEX",,,252,21,0.8,60,1.5,0.0,10.0,252.0,7.167511835881562,0.2160169372841514,0.3138132457135217,0.6883614386416053,-0.4160570690289613,0.032150776053215,44,2646.0,0.4958427815570673
russia,CHMF,coverage,30,25,"AFKS,AFLT,ALRS,GAZP,GMKN,HYDR,IRAO,LKOH,MAGN,MGNT,MOEX,MTSS,NLMK,NVTK,PHOR,PLZL,RASP,ROSN,RTKM,SBER,SNGS,TATN,TRNFP,VTBR,YDEX",,,252,21,0.8,60,1.5,0.25,10.0,252.0,4.013121904979871,0.1619797308514925,0.2424492837162228,0.6680973784236183,-0.3357594373345219,0.0498891352549889,128,24.9344262295082,0.5108481262327417
russia,CHMF,coverage,30,25,"AFKS,AFLT,ALRS,GAZP,GMKN,HYDR,IRAO,LKOH,MAGN,MGNT,MOEX,MTSS,NLMK,NVTK,PHOR,PLZL,RASP,ROSN,RTKM,SBER,SNGS,TATN,TRNFP,VTBR,YDEX",,,252,21,0.8,60,1.5,0.5,10.0,252.0,1.856427085248011,0.1026791475386865,0.2279275112888764,0.450490364055046,-0.3299675277491929,0.0528455284552845,141,18.928571428571427,0.5011320754716981
russia,CHMF,coverage,30,25,"AFKS,AFLT,ALRS,GAZP,GMKN,HYDR,IRAO,LKOH,MAGN,MGNT,MOEX,MTSS,NLMK,NVTK,PHOR,PLZL,RASP,ROSN,RTKM,SBER,SNGS,TATN,TRNFP,VTBR,YDEX",,,252,21,0.8,60,1.5,0.75,10.0,252.0,1.94152849576606,0.1056979784169189,0.220122678922134,0.4801775943055301,-0.3337757695987583,0.0587583148558758,158,14.860759493670884,0.5059625212947189
russia,CHMF,coverage,30,25,"AFKS,AFLT,ALRS,GAZP,GMKN,HYDR,IRAO,LKOH,MAGN,MGNT,MOEX,MTSS,NLMK,NVTK,PHOR,PLZL,RASP,ROSN,RTKM,SBER,SNGS,TATN,TRNFP,VTBR,YDEX",,,252,21,0.8,60,1.5,1.0,10.0,252.0,1.667677865572908,0.0956813313960507,0.2088834196611547,0.458060920063749,-0.3198521510406966,0.0694752402069475,187,11.21505376344086,0.5100671140939598
russia,CHMF,coverage,30,25,"AFKS,AFLT,ALRS,GAZP,GMKN,HYDR,IRAO,LKOH,MAGN,MGNT,MOEX,MTSS,NLMK,NVTK,PHOR,PLZL,RASP,ROSN,RTKM,SBER,SNGS,TATN,TRNFP,VTBR,YDEX",,,252,21,0.8,60,2.0,0.0,10.0,252.0,9.652392317371344,0.2464717495071744,0.3138457520823618,0.7853276581627697,-0.3714658083995618,0.0232815964523281,32,2646.0,0.4965986394557823
russia,CHMF,coverage,30,25,"AFKS,AFLT,ALRS,GAZP,GMKN,HYDR,IRAO,LKOH,MAGN,MGNT,MOEX,MTSS,NLMK,NVTK,PHOR,PLZL,RASP,ROSN,RTKM,SBER,SNGS,TATN,TRNFP,VTBR,YDEX",,,252,21,0.8,60,2.0,0.25,10.0,252.0,5.990709904740085,0.1985253234068391,0.2212363557468946,0.8973449356305703,-0.3080046351036005,0.0358462675535846,91,27.55813953488372,0.5206751054852321
russia,CHMF,coverage,30,25,"AFKS,AFLT,ALRS,GAZP,GMKN,HYDR,IRAO,LKOH,MAGN,MGNT,MOEX,MTSS,NLMK,NVTK,PHOR,PLZL,RASP,ROSN,RTKM,SBER,SNGS,TATN,TRNFP,VTBR,YDEX",,,252,21,0.8,60,2.0,0.5,10.0,252.0,2.31715163715886,0.1181420815584031,0.2034698508674525,0.5806367924030428,-0.3091809704764587,0.0373244641537324,99,20.53061224489796,0.5049701789264414
russia,CHMF,coverage,30,25,"AFKS,AFLT,ALRS,GAZP,GMKN,HYDR,IRAO,LKOH,MAGN,MGNT,MOEX,MTSS,NLMK,NVTK,PHOR,PLZL,RASP,ROSN,RTKM,SBER,SNGS,TATN,TRNFP,VTBR,YDEX",,,252,21,0.8,60,2.0,0.75,10.0,252.0,1.4957289846111546,0.0889039179701383,0.1959486080828867,0.4537103827373538,-0.3192000036442551,0.0373244641537324,100,17.74,0.5005636978579482
russia,CHMF,coverage,30,25,"AFKS,AFLT,ALRS,GAZP,GMKN,HYDR,IRAO,LKOH,MAGN,MGNT,MOEX,MTSS,NLMK,NVTK,PHOR,PLZL,RASP,ROSN,RTKM,SBER,SNGS,TATN,TRNFP,VTBR,YDEX",,,252,21,0.8,60,2.0,1.0,10.0,252.0,1.0398919516242144,0.0686428792561044,0.1855650956983781,0.3699126659448833,-0.3049717618136052,0.0391722099039172,105,14.865384615384617,0.500646830530401
russia,CHMF,coverage,30,25,"AFKS,AFLT,ALRS,GAZP,GMKN,HYDR,IRAO,LKOH,MAGN,MGNT,MOEX,MTSS,NLMK,NVTK,PHOR,PLZL,RASP,ROSN,RTKM,SBER,SNGS,TATN,TRNFP,VTBR,YDEX",,,252,21,0.8,60,2.5,0.0,10.0,252.0,10.933581407623372,0.2597250715863974,0.3137836350502537,0.8277202587215916,-0.3714658083995619,0.0173688100517368,24,2646.0,0.5026455026455027
russia,CHMF,coverage,30,25,"AFKS,AFLT,ALRS,GAZP,GMKN,HYDR,IRAO,LKOH,MAGN,MGNT,MOEX,MTSS,NLMK,NVTK,PHOR,PLZL,RASP,ROSN,RTKM,SBER,SNGS,TATN,TRNFP,VTBR,YDEX",,,252,21,0.8,60,2.5,0.25,10.0,252.0,6.538431497567036,0.2069742593955994,0.189583235925374,1.0917329181841324,-0.3874034004620527,0.0277161862527716,70,29.03030303030303,0.535490605427975
russia,CHMF,coverage,30,25,"AFKS,AFLT,ALRS,GAZP,GMKN,HYDR,IRAO,LKOH,MAGN,MGNT,MOEX,MTSS,NLMK,NVTK,PHOR,PLZL,RASP,ROSN,RTKM,SBER,SNGS,TATN,TRNFP,VTBR,YDEX",,,252,21,0.8,60,2.5,0.5,10.0,252.0,2.4303614276257743,0.121642013185325,0.1703395364672471,0.7141149712398943,-0.3820618053890781,0.0284552845528455,76,20.973684210526315,0.5144291091593476
russia,CHMF,coverage,30,25,"AFKS,AFLT,ALRS,GAZP,GMKN,HYDR,IRAO,LKOH,MAGN,MGNT,MOEX,MTSS,NLMK,NVTK,PHOR,PLZL,RASP,ROSN,RTKM,SBER,SNGS,TATN,TRNFP,VTBR,YDEX",,,252,21,0.8,60,2.5,0.75,10.0,252.0,1.7383911680924369,0.0983540945348921,0.1631367828785535,0.6028934296694539,-0.3432400241729854,0.0284552845528455,77,18.025641025641026,0.5120910384068279
russia,CHMF,coverage,30,25,"AFKS,AFLT,ALRS,GAZP,GMKN,HYDR,IRAO,LKOH,MAGN,MGNT,MOEX,MTSS,NLMK,NVTK,PHOR,PLZL,RASP,ROSN,RTKM,SBER,SNGS,TATN,TRNFP,VTBR,YDEX",,,252,21,0.8,60,2.5,1.0,10.0,252.0,1.3100352909484831,0.0810915862589458,0.1535941561627369,0.5279601013792948,-0.3295142018892318,0.0295639320029563,80,15.45,0.5097087378640777
russia,CHMF,coverage,30,25,"AFKS,AFLT,ALRS,GAZP,GMKN,HYDR,IRAO,LKOH,MAGN,MGNT,MOEX,MTSS,NLMK,NVTK,PHOR,PLZL,RASP,ROSN,RTKM,SBER,SNGS,TATN,TRNFP,VTBR,YDEX",,,252,21,0.8,60,3.0,0.0,10.0,252.0,1.8833188911250272,0.1036418052263254,0.286173431283544,0.362164316797236,-0.3714658083995618,0.0084996304508499,12,2222.0,0.495049504950495
russia,CHMF,coverage,30,25,"AFKS,AFLT,ALRS,GAZP,GMKN,HYDR,IRAO,LKOH,MAGN,MGNT,MOEX,MTSS,NLMK,NVTK,PHOR,PLZL,RASP,ROSN,RTKM,SBER,SNGS,TATN,TRNFP,VTBR,YDEX",,,252,21,0.8,60,3.0,0.25,10.0,252.0,1.1501183218125628,0.0738930160541071,0.1413776491728504,0.5226640596050964,-0.3439624410394075,0.0144124168514412,38,31.57894736842105,0.5266666666666666
russia,CHMF,coverage,30,25,"AFKS,AFLT,ALRS,GAZP,GMKN,HYDR,IRAO,LKOH,MAGN,MGNT,MOEX,MTSS,NLMK,NVTK,PHOR,PLZL,RASP,ROSN,RTKM,SBER,SNGS,TATN,TRNFP,VTBR,YDEX",,,252,21,0.8,60,3.0,0.5,10.0,252.0,0.7719689912632586,0.0547215516786532,0.1265038093137677,0.4325684101964646,-0.3382420583352369,0.0151515151515151,41,24.476190476190474,0.5175097276264592
russia,CHMF,coverage,30,25,"AFKS,AFLT,ALRS,GAZP,GMKN,HYDR,IRAO,LKOH,MAGN,MGNT,MOEX,MTSS,NLMK,NVTK,PHOR,PLZL,RASP,ROSN,RTKM,SBER,SNGS,TATN,TRNFP,VTBR,YDEX",,,252,21,0.8,60,3.0,0.75,10.0,252.0,0.6778824463341342,0.0493762456604804,0.1213104477079261,0.407023851559443,-0.2966673146903704,0.0151515151515151,41,22.047619047619047,0.5161987041036717
russia,CHMF,coverage,30,25,"AFKS,AFLT,ALRS,GAZP,GMKN,HYDR,IRAO,LKOH,MAGN,MGNT,MOEX,MTSS,NLMK,NVTK,PHOR,PLZL,RASP,ROSN,RTKM,SBER,SNGS,TATN,TRNFP,VTBR,YDEX",,,252,21,0.8,60,3.0,1.0,10.0,252.0,0.5091454582938988,0.0390694626558192,0.1160278194179992,0.3367249583056322,-0.2819681554842111,0.016260162601626,44,18.77272727272728,0.513317191283293
russia,CHMF,coverage,30,25,"AFKS,AFLT,ALRS,GAZP,GMKN,HYDR,IRAO,LKOH,MAGN,MGNT,MOEX,MTSS,NLMK,NVTK,PHOR,PLZL,RASP,ROSN,RTKM,SBER,SNGS,TATN,TRNFP,VTBR,YDEX",,,252,63,0.8,60,1.0,0.0,10.0,252.0,0.1200036312271293,0.0106100847532402,0.3168998198285447,0.0334808797271664,-0.6585426974443107,0.0291943828529194,40,2646.0,0.4860166288737717
russia,CHMF,coverage,30,25,"AFKS,AFLT,ALRS,GAZP,GMKN,HYDR,IRAO,LKOH,MAGN,MGNT,MOEX,MTSS,NLMK,NVTK,PHOR,PLZL,RASP,ROSN,RTKM,SBER,SNGS,TATN,TRNFP,VTBR,YDEX",,,252,63,0.8,60,1.0,0.25,10.0,252.0,0.1170980561846044,0.0103656401470888,0.2765892751827425,0.0374766524849536,-0.6817683195458888,0.0528455284552845,129,35.60344827586207,0.4905569007263922
russia,CHMF,coverage,30,25,"AFKS,AFLT,ALRS,GAZP,GMKN,HYDR,IRAO,LKOH,MAGN,MGNT,MOEX,MTSS,NLMK,NVTK,PHOR,PLZL,RASP,ROSN,RTKM,SBER,SNGS,TATN,TRNFP,VTBR,YDEX",,,252,63,0.8,60,1.0,0.5,10.0,252.0,0.2444640080400582,0.0205760256307536,0.2696894098368347,0.0762952673714641,-0.6526360778028423,0.0639320029563932,164,24.012820512820515,0.4954618259476775
russia,CHMF,coverage,30,25,"AFKS,AFLT,ALRS,GAZP,GMKN,HYDR,IRAO,LKOH,MAGN,MGNT,MOEX,MTSS,NLMK,NVTK,PHOR,PLZL,RASP,ROSN,RTKM,SBER,SNGS,TATN,TRNFP,VTBR,YDEX",,,252,63,0.8,60,1.0,0.75,10.0,252.0,0.1784483096447002,0.0154087293292259,0.2520321487714049,0.0611379516634674,-0.6936372786957405,0.0868440502586844,228,14.882882882882884,0.5012106537530266
russia,CHMF,coverage,30,25,"AFKS,AFLT,ALRS,GAZP,GMKN,HYDR,IRAO,LKOH,MAGN,MGNT,MOEX,MTSS,NLMK,NVTK,PHOR,PLZL,RASP,ROSN,RTKM,SBER,SNGS,TATN,TRNFP,VTBR,YDEX",,,252,63,0.8,60,1.5,0.0,10.0,252.0,1.1048973744125925,0.0717693372621519,0.3167646297550496,0.2265699213881623,-0.6008190834282424,0.0277161862527716,38,2646.0,0.4909297052154195
russia,CHMF,coverage,30,25,"AFKS,AFLT,ALRS,GAZP,GMKN,HYDR,IRAO,LKOH,MAGN,MGNT,MOEX,MTSS,NLMK,NVTK,PHOR,PLZL,RASP,ROSN,RTKM,SBER,SNGS,TATN,TRNFP,VTBR,YDEX",,,252,63,0.8,60,1.5,0.25,10.0,252.0,0.9397057506885284,0.0636427889124688,0.2622936975081803,0.2426394134402867,-0.5796528554248357,0.0447154471544715,111,37.01960784313726,0.4936440677966102
russia,CHMF,coverage,30,25,"AFKS,AFLT,ALRS,GAZP,GMKN,HYDR,IRAO,LKOH,MAGN,MGNT,MOEX,MTSS,NLMK,NVTK,PHOR,PLZL,RASP,ROSN,RTKM,SBER,SNGS,TATN,TRNFP,VTBR,YDEX",,,252,63,0.8,60,1.5,0.5,10.0,252.0,0.8859672665428748,0.0608634811002677,0.2533927775105656,0.2401942221803458,-0.5499833733260054,0.048410938654841,124,27.983050847457623,0.4972743791641429
russia,CHMF,coverage,30,25,"AFKS,AFLT,ALRS,GAZP,GMKN,HYDR,IRAO,LKOH,MAGN,MGNT,MOEX,MTSS,NLMK,NVTK,PHOR,PLZL,RASP,ROSN,RTKM,SBER,SNGS,TATN,TRNFP,VTBR,YDEX",,,252,63,0.8,60,1.5,0.75,10.0,252.0,0.5035654755769603,0.0387110789088636,0.2349579679528198,0.164757463839817,-0.6016431937083949,0.0550628233555062,144,20.414285714285715,0.4996501049685094
russia,CHMF,coverage,30,25,"AFKS,AFLT,ALRS,GAZP,GMKN,HYDR,IRAO,LKOH,MAGN,MGNT,MOEX,MTSS,NLMK,NVTK,PHOR,PLZL,RASP,ROSN,RTKM,SBER,SNGS,TATN,TRNFP,VTBR,YDEX",,,252,63,0.8,60,1.5,1.0,10.0,252.0,0.7572383510681779,0.0539019200050114,0.209349559112325,0.2574732912434307,-0.5090184415802881,0.0698447893569844,185,12.846153846153848,0.5072711719418306
russia,CHMF,coverage,30,25,"AFKS,AFLT,ALRS,GAZP,GMKN,HYDR,IRAO,LKOH,MAGN,MGNT,MOEX,MTSS,NLMK,NVTK,PHOR,PLZL,RASP,ROSN,RTKM,SBER,SNGS,TATN,TRNFP,VTBR,YDEX",,,252,63,0.8,60,2.0,0.0,10.0,252.0,0.4970802993471397,0.0382930389190605,0.3168234942900073,0.1208655279965085,-0.4489106932730039,0.0203252032520325,28,2646.0,0.4890400604686319
russia,CHMF,coverage,30,25,"AFKS,AFLT,ALRS,GAZP,GMKN,HYDR,IRAO,LKOH,MAGN,MGNT,MOEX,MTSS,NLMK,NVTK,PHOR,PLZL,RASP,ROSN,RTKM,SBER,SNGS,TATN,TRNFP,VTBR,YDEX",,,252,63,0.8,60,2.0,0.25,10.0,252.0,0.34897962920168,0.0282694480730798,0.2370448779725571,0.1192577891362521,-0.5469678961610873,0.0328898743532889,84,41.325,0.4960677555958863
russia,CHMF,coverage,30,25,"AFKS,AFLT,ALRS,GAZP,GMKN,HYDR,IRAO,LKOH,MAGN,MGNT,MOEX,MTSS,NLMK,NVTK,PHOR,PLZL,RASP,ROSN,RTKM,SBER,SNGS,TATN,TRNFP,VTBR,YDEX",,,252,63,0.8,60,2.0,0.5,10.0,252.0,0.5215048664047026,0.0398590069955555,0.2276138642330387,0.1751167800338672,-0.5084070505618394,0.0343680709534368,89,32.81395348837209,0.5010630758327428
russia,CHMF,coverage,30,25,"AFKS,AFLT,ALRS,GAZP,GMKN,HYDR,IRAO,LKOH,MAGN,MGNT,MOEX,MTSS,NLMK,NVTK,PHOR,PLZL,RASP,ROSN,RTKM,SBER,SNGS,TATN,TRNFP,VTBR,YDEX",,,252,63,0.8,60,2.0,0.75,10.0,252.0,0.1026682978460991,0.0091430628253206,0.197950345984517,0.046188668071516,-0.5818655056596848,0.0365853658536585,96,24.78723404255319,0.4987124463519313
russia,CHMF,coverage,30,25,"AFKS,AFLT,ALRS,GAZP,GMKN,HYDR,IRAO,LKOH,MAGN,MGNT,MOEX,MTSS,NLMK,NVTK,PHOR,PLZL,RASP,ROSN,RTKM,SBER,SNGS,TATN,TRNFP,VTBR,YDEX",,,252,63,0.8,60,2.0,1.0,10.0,252.0,0.0035206178286406,0.0003273401902021,0.1773109032225127,0.0018461368379101,-0.5647949993952524,0.041019955654102,109,17.62962962962963,0.5021008403361344
russia,CHMF,coverage,30,25,"AFKS,AFLT,ALRS,GAZP,GMKN,HYDR,IRAO,LKOH,MAGN,MGNT,MOEX,MTSS,NLMK,NVTK,PHOR,PLZL,RASP,ROSN,RTKM,SBER,SNGS,TATN,TRNFP,VTBR,YDEX",,,252,63,0.8,60,2.5,0.0,10.0,252.0,1.6442853192399824,0.0947830050016171,0.3167213494689757,0.2992630751306571,-0.4489106932730042,0.0173688100517368,24,2646.0,0.4916855631141345
russia,CHMF,coverage,30,25,"AFKS,AFLT,ALRS,GAZP,GMKN,HYDR,IRAO,LKOH,MAGN,MGNT,MOEX,MTSS,NLMK,NVTK,PHOR,PLZL,RASP,ROSN,RTKM,SBER,SNGS,TATN,TRNFP,VTBR,YDEX",,,252,63,0.8,60,2.5,0.25,10.0,252.0,0.3033138329046569,0.0249769477553747,0.2273509910162041,0.1098607384279866,-0.4950173523058065,0.0262379896526238,68,44.0,0.4944903581267217
russia,CHMF,coverage,30,25,"AFKS,AFLT,ALRS,GAZP,GMKN,HYDR,IRAO,LKOH,MAGN,MGNT,MOEX,MTSS,NLMK,NVTK,PHOR,PLZL,RASP,ROSN,RTKM,SBER,SNGS,TATN,TRNFP,VTBR,YDEX",,,252,63,0.8,60,2.5,0.5,10.0,252.0,0.6215172499839678,0.0460422770316806,0.2150494356321917,0.2141008968302,-0.4570349563333445,0.0269770879526977,71,33.628571428571426,0.5004248088360238
russia,CHMF,coverage,30,25,"AFKS,AFLT,ALRS,GAZP,GMKN,HYDR,IRAO,LKOH,MAGN,MGNT,MOEX,MTSS,NLMK,NVTK,PHOR,PLZL,RASP,ROSN,RTKM,SBER,SNGS,TATN,TRNFP,VTBR,YDEX",,,252,63,0.8,60,2.5,0.75,10.0,252.0,0.3114817731724209,0.0255734600582369,0.1831982415822479,0.1395944624651626,-0.5075606441545581,0.0284552845528455,76,24.55263157894737,0.5005359056806002
russia,CHMF,coverage,30,25,"AFKS,AFLT,ALRS,GAZP,GMKN,HYDR,IRAO,LKOH,MAGN,MGNT,MOEX,MTSS,NLMK,NVTK,PHOR,PLZL,RASP,ROSN,RTKM,SBER,SNGS,TATN,TRNFP,VTBR,YDEX",,,252,63,0.8,60,2.5,1.0,10.0,252.0,0.0615580924267631,0.005578661751374,0.1625917296112367,0.0343108580289588,-0.5006960907420928,0.0291943828529194,79,17.975,0.5048678720445062
russia,CHMF,coverage,30,25,"AFKS,AFLT,ALRS,GAZP,GMKN,HYDR,IRAO,LKOH,MAGN,MGNT,MOEX,MTSS,NLMK,NVTK,PHOR,PLZL,RASP,ROSN,RTKM,SBER,SNGS,TATN,TRNFP,VTBR,YDEX",,,252,63,0.8,60,3.0,0.0,10.0,252.0,0.9209482499513724,0.0626806903578487,0.3118290609715796,0.2010097781218714,-0.4489106932730048,0.0099778270509977,14,2549.0,0.4950961161239702
russia,CHMF,coverage,30,25,"AFKS,AFLT,ALRS,GAZP,GMKN,HYDR,IRAO,LKOH,MAGN,MGNT,MOEX,MTSS,NLMK,NVTK,PHOR,PLZL,RASP,ROSN,RTKM,SBER,SNGS,TATN,TRNFP,VTBR,YDEX",,,252,63,0.8,60,3.0,0.25,10.0,252.0,0.310718358223673,0.0255178500985406,0.1935911934820954,0.1318130728963182,-0.4167917944632636,0.0151515151515151,39,51.26315789473684,0.4928131416837782
russia,CHMF,coverage,30,25,"AFKS,AFLT,ALRS,GAZP,GMKN,HYDR,IRAO,LKOH,MAGN,MGNT,MOEX,MTSS,NLMK,NVTK,PHOR,PLZL,RASP,ROSN,RTKM,SBER,SNGS,TATN,TRNFP,VTBR,YDEX",,,252,63,0.8,60,3.0,0.5,10.0,252.0,0.4932882234867226,0.0380478369590993,0.1848214492882841,0.2058626696501679,-0.3863925022109672,0.0151515151515151,39,43.1578947368421,0.5036585365853659
russia,CHMF,coverage,30,25,"AFKS,AFLT,ALRS,GAZP,GMKN,HYDR,IRAO,LKOH,MAGN,MGNT,MOEX,MTSS,NLMK,NVTK,PHOR,PLZL,RASP,ROSN,RTKM,SBER,SNGS,TATN,TRNFP,VTBR,YDEX",,,252,63,0.8,60,3.0,0.75,10.0,252.0,0.160215205807237,0.0139352976124789,0.1485103953764431,0.0938338193575999,-0.4319409003448025,0.0151515151515151,40,32.55,0.499231950844854
russia,CHMF,coverage,30,25,"AFKS,AFLT,ALRS,GAZP,GMKN,HYDR,IRAO,LKOH,MAGN,MGNT,MOEX,MTSS,NLMK,NVTK,PHOR,PLZL,RASP,ROSN,RTKM,SBER,SNGS,TATN,TRNFP,VTBR,YDEX",,,252,63,0.8,60,3.0,1.0,10.0,252.0,-0.0529708975790789,-0.0050556230301748,0.12791275719201,-0.039523993862362,-0.4152619801425484,0.0151515151515151,41,24.0,0.501984126984127
russia,GAZP,coverage,30,25,"AFKS,AFLT,ALRS,CHMF,GMKN,HYDR,IRAO,LKOH,MAGN,MGNT,MOEX,MTSS,NLMK,NVTK,PHOR,PLZL,RASP,ROSN,RTKM,SBER,SNGS,TATN,TRNFP,VTBR,YDEX",,,252,5,0.8,60,1.0,0.0,10.0,252.0,31.98948580094659,0.384843914579293,0.3826937835076217,1.0056184112842492,-0.2944497181836136,0.0469327420546932,64,2646.0,0.5079365079365079
russia,GAZP,coverage,30,25,"AFKS,AFLT,ALRS,CHMF,GMKN,HYDR,IRAO,LKOH,MAGN,MGNT,MOEX,MTSS,NLMK,NVTK,PHOR,PLZL,RASP,ROSN,RTKM,SBER,SNGS,TATN,TRNFP,VTBR,YDEX",,,252,5,0.8,60,1.0,0.25,10.0,252.0,7.987901573309998,0.226904477816892,0.3417022674241201,0.6640414754264967,-0.2944075590680117,0.0687361419068736,168,27.17333333333333,0.5034347399411188
russia,GAZP,coverage,30,25,"AFKS,AFLT,ALRS,CHMF,GMKN,HYDR,IRAO,LKOH,MAGN,MGNT,MOEX,MTSS,NLMK,NVTK,PHOR,PLZL,RASP,ROSN,RTKM,SBER,SNGS,TATN,TRNFP,VTBR,YDEX",,,252,5,0.8,60,1.0,0.5,10.0,252.0,9.42089374424926,0.243923895892667,0.333088661204982,0.7323092146404732,-0.269673961554592,0.0827790096082779,210,17.887755102040817,0.5077010838562465
russia,GAZP,coverage,30,25,"AFKS,AFLT,ALRS,CHMF,GMKN,HYDR,IRAO,LKOH,MAGN,MGNT,MOEX,MTSS,NLMK,NVTK,PHOR,PLZL,RASP,ROSN,RTKM,SBER,SNGS,TATN,TRNFP,VTBR,YDEX",,,252,5,0.8,60,1.0,0.75,10.0,252.0,5.383773718276477,0.1884309580040239,0.3221439210996495,0.5849278712471381,-0.2508385245298511,0.0997782705099778,261,12.253968253968257,0.5051813471502591
russia,GAZP,coverage,30,25,"AFKS,AFLT,ALRS,CHMF,GMKN,HYDR,IRAO,LKOH,MAGN,MGNT,MOEX,MTSS,NLMK,NVTK,PHOR,PLZL,RASP,ROSN,RTKM,SBER,SNGS,TATN,TRNFP,VTBR,YDEX",,,252,5,0.8,60,1.5,0.0,10.0,252.0,56.65649034995538,0.4587518810291746,0.3821482191380336,1.20045536798242,-0.294449718183614,0.0388026607538802,53,2635.0,0.5172675521821631
russia,GAZP,coverage,30,25,"AFKS,AFLT,ALRS,CHMF,GMKN,HYDR,IRAO,LKOH,MAGN,MGNT,MOEX,MTSS,NLMK,NVTK,PHOR,PLZL,RASP,ROSN,RTKM,SBER,SNGS,TATN,TRNFP,VTBR,YDEX",,,252,5,0.8,60,1.5,0.25,10.0,252.0,4.724795982462587,0.1764336855240835,0.326724064945885,0.5400082346346483,-0.3264644498967015,0.048780487804878,123,30.12280701754386,0.5096097845078625
russia,GAZP,coverage,30,25,"AFKS,AFLT,ALRS,CHMF,GMKN,HYDR,IRAO,LKOH,MAGN,MGNT,MOEX,MTSS,NLMK,NVTK,PHOR,PLZL,RASP,ROSN,RTKM,SBER,SNGS,TATN,TRNFP,VTBR,YDEX",,,252,5,0.8,60,1.5,0.5,10.0,252.0,7.158706772036263,0.2158947945886253,0.3158842550566263,0.6834617146395076,-0.2868525073135365,0.0554323725055432,143,20.808823529411764,0.5151943462897527
russia,GAZP,coverage,30,25,"AFKS,AFLT,ALRS,CHMF,GMKN,HYDR,IRAO,LKOH,MAGN,MGNT,MOEX,MTSS,NLMK,NVTK,PHOR,PLZL,RASP,ROSN,RTKM,SBER,SNGS,TATN,TRNFP,VTBR,YDEX",,,252,5,0.8,60,1.5,0.75,10.0,252.0,4.106144585127863,0.1639709781432694,0.3025896309866706,0.541892257208551,-0.3258237076291198,0.0606060606060606,161,15.025316455696204,0.5054759898904801
russia,GAZP,coverage,30,25,"AFKS,AFLT,ALRS,CHMF,GMKN,HYDR,IRAO,LKOH,MAGN,MGNT,MOEX,MTSS,NLMK,NVTK,PHOR,PLZL,RASP,ROSN,RTKM,SBER,SNGS,TATN,TRNFP,VTBR,YDEX",,,252,5,0.8,60,1.5,1.0,10.0,252.0,1.9947705020495583,0.1075466184375697,0.297126181563977,0.3619560480045171,-0.3481894738436036,0.0643015521064301,172,11.847058823529412,0.4945382323733863
russia,GAZP,coverage,30,25,"AFKS,AFLT,ALRS,CHMF,GMKN,HYDR,IRAO,LKOH,MAGN,MGNT,MOEX,MTSS,NLMK,NVTK,PHOR,PLZL,RASP,ROSN,RTKM,SBER,SNGS,TATN,TRNFP,VTBR,YDEX",,,252,5,0.8,60,2.0,0.0,10.0,252.0,89.59762226149971,0.5214553587000892,0.3819684229878519,1.3651792329353716,-0.2530533948557393,0.0284552845528455,39,2634.0,0.5201214882308276
russia,GAZP,coverage,30,25,"AFKS,AFLT,ALRS,CHMF,GMKN,HYDR,IRAO,LKOH,MAGN,MGNT,MOEX,MTSS,NLMK,NVTK,PHOR,PLZL,RASP,ROSN,RTKM,SBER,SNGS,TATN,TRNFP,VTBR,YDEX",,,252,5,0.8,60,2.0,0.25,10.0,252.0,7.5940293476888385,0.2217950875455383,0.3135681470987493,0.7073265878491487,-0.2530454720212773,0.0384331116038433,99,30.19148936170213,0.5165609584214236
russia,GAZP,coverage,30,25,"AFKS,AFLT,ALRS,CHMF,GMKN,HYDR,IRAO,LKOH,MAGN,MGNT,MOEX,MTSS,NLMK,NVTK,PHOR,PLZL,RASP,ROSN,RTKM,SBER,SNGS,TATN,TRNFP,VTBR,YDEX",,,252,5,0.8,60,2.0,0.5,10.0,252.0,8.47306875820742,0.2329261067262149,0.3010917431892244,0.7736050954403954,-0.1850823867175595,0.0399113082039911,103,22.6530612244898,0.5198198198198198
russia,GAZP,coverage,30,25,"AFKS,AFLT,ALRS,CHMF,GMKN,HYDR,IRAO,LKOH,MAGN,MGNT,MOEX,MTSS,NLMK,NVTK,PHOR,PLZL,RASP,ROSN,RTKM,SBER,SNGS,TATN,TRNFP,VTBR,YDEX",,,252,5,0.8,60,2.0,0.75,10.0,252.0,4.661187416999878,0.1752102140689888,0.2888023531089908,0.6066786235736329,-0.1762313398417357,0.0413895048041389,110,16.74074074074074,0.5121681415929203
russia,GAZP,coverage,30,25,"AFKS,AFLT,ALRS,CHMF,GMKN,HYDR,IRAO,LKOH,MAGN,MGNT,MOEX,MTSS,NLMK,NVTK,PHOR,PLZL,RASP,ROSN,RTKM,SBER,SNGS,TATN,TRNFP,VTBR,YDEX",,,252,5,0.8,60,2.0,1.0,10.0,252.0,2.877452071429268,0.1345122842124293,0.2835263999839774,0.4744259589936981,-0.1946545167587797,0.0421286031042128,112,13.49090909090909,0.5094339622641509
russia,GAZP,coverage,30,25,"AFKS,AFLT,ALRS,CHMF,GMKN,HYDR,IRAO,LKOH,MAGN,MGNT,MOEX,MTSS,NLMK,NVTK,PHOR,PLZL,RASP,ROSN,RTKM,SBER,SNGS,TATN,TRNFP,VTBR,YDEX",,,252,5,0.8,60,2.5,0.0,10.0,252.0,23.21310968236734,0.345524553508501,0.3824774848760744,0.9033853420690986,-0.3833986869289874,0.0166297117516629,23,2634.0,0.5136674259681093
russia,GAZP,coverage,30,25,"AFKS,AFLT,ALRS,CHMF,GMKN,HYDR,IRAO,LKOH,MAGN,MGNT,MOEX,MTSS,NLMK,NVTK,PHOR,PLZL,RASP,ROSN,RTKM,SBER,SNGS,TATN,TRNFP,VTBR,YDEX",,,252,5,0.8,60,2.5,0.25,10.0,252.0,4.826571428463031,0.1783658649356914,0.2968649871835648,0.6008315989968862,-0.2530454720212771,0.0280857354028085,73,33.142857142857146,0.5060344827586207
russia,GAZP,coverage,30,25,"AFKS,AFLT,ALRS,CHMF,GMKN,HYDR,IRAO,LKOH,MAGN,MGNT,MOEX,MTSS,NLMK,NVTK,PHOR,PLZL,RASP,ROSN,RTKM,SBER,SNGS,TATN,TRNFP,VTBR,YDEX",,,252,5,0.8,60,2.5,0.5,10.0,252.0,2.622311696784281,0.1273436657055473,0.1934401389052822,0.6583104542118893,-0.1597580824355554,0.0280857354028085,74,24.80555555555556,0.509518477043673
russia,GAZP,coverage,30,25,"AFKS,AFLT,ALRS,CHMF,GMKN,HYDR,IRAO,LKOH,MAGN,MGNT,MOEX,MTSS,NLMK,NVTK,PHOR,PLZL,RASP,ROSN,RTKM,SBER,SNGS,TATN,TRNFP,VTBR,YDEX",,,252,5,0.8,60,2.5,0.75,10.0,252.0,1.965086009490928,0.1065196413653182,0.1867860552177511,0.570276197766155,-0.1623200563931492,0.0295639320029563,79,19.17948717948718,0.5053475935828877
russia,GAZP,coverage,30,25,"AFKS,AFLT,ALRS,CHMF,GMKN,HYDR,IRAO,LKOH,MAGN,MGNT,MOEX,MTSS,NLMK,NVTK,PHOR,PLZL,RASP,ROSN,RTKM,SBER,SNGS,TATN,TRNFP,VTBR,YDEX",,,252,5,0.8,60,2.5,1.0,10.0,252.0,1.1669418425470417,0.0746727606406318,0.1789279182370003,0.4173343175083696,-0.1829615652670346,0.0295639320029563,79,15.0,0.505982905982906
russia,GAZP,coverage,30,25,"AFKS,AFLT,ALRS,CHMF,GMKN,HYDR,IRAO,LKOH,MAGN,MGNT,MOEX,MTSS,NLMK,NVTK,PHOR,PLZL,RASP,ROSN,RTKM,SBER,SNGS,TATN,TRNFP,VTBR,YDEX",,,252,5,0.8,60,3.0,0.0,10.0,252.0,10.353451314048138,0.2538923364849055,0.382579332247642,0.6636331737872396,-0.3833986869289872,0.0121951219512195,17,2631.0,0.515773470163436
russia,GAZP,coverage,30,25,"AFKS,AFLT,ALRS,CHMF,GMKN,HYDR,IRAO,LKOH,MAGN,MGNT,MOEX,MTSS,NLMK,NVTK,PHOR,PLZL,RASP,ROSN,RTKM,SBER,SNGS,TATN,TRNFP,VTBR,YDEX",,,252,5,0.8,60,3.0,0.25,10.0,252.0,4.974857790338283,0.1811269556284098,0.2876717257913747,0.6296307192864923,-0.2263046032339242,0.0236511456023651,63,30.61290322580645,0.5184404636459431
russia,GAZP,coverage,30,25,"AFKS,AFLT,ALRS,CHMF,GMKN,HYDR,IRAO,LKOH,MAGN,MGNT,MOEX,MTSS,NLMK,NVTK,PHOR,PLZL,RASP,ROSN,RTKM,SBER,SNGS,TATN,TRNFP,VTBR,YDEX",,,252,5,0.8,60,3.0,0.5,10.0,252.0,2.9030454827174568,0.1352075764239526,0.1794899362865102,0.7532877843810027,-0.1597580824355553,0.0236511456023651,64,21.59375,0.5296671490593343
russia,GAZP,coverage,30,25,"AFKS,AFLT,ALRS,CHMF,GMKN,HYDR,IRAO,LKOH,MAGN,MGNT,MOEX,MTSS,NLMK,NVTK,PHOR,PLZL,RASP,ROSN,RTKM,SBER,SNGS,TATN,TRNFP,VTBR,YDEX",,,252,5,0.8,60,3.0,0.75,10.0,252.0,2.13686225773579,0.1123381351344239,0.1729821802398633,0.6494202754217331,-0.1597580824355551,0.024390243902439,66,17.242424242424242,0.5289982425307557
russia,GAZP,coverage,30,25,"AFKS,AFLT,ALRS,CHMF,GMKN,HYDR,IRAO,LKOH,MAGN,MGNT,MOEX,MTSS,NLMK,NVTK,PHOR,PLZL,RASP,ROSN,RTKM,SBER,SNGS,TATN,TRNFP,VTBR,YDEX",,,252,5,0.8,60,3.0,1.0,10.0,252.0,1.4825257271053522,0.0883661560555071,0.1676339836642581,0.5271374820542907,-0.1729043167076196,0.024390243902439,66,14.030303030303031,0.5269978401727862
russia,GAZP,coverage,30,25,"AFKS,AFLT,ALRS,CHMF,GMKN,HYDR,IRAO,LKOH,MAGN,MGNT,MOEX,MTSS,NLMK,NVTK,PHOR,PLZL,RASP,ROSN,RTKM,SBER,SNGS,TATN,TRNFP,VTBR,YDEX",,,252,10,0.8,60,1.0,0.0,10.0,252.0,12.5823714448465,0.2749992318943901,0.3405891846776447,0.8074220916752448,-0.2965287986098336,0.0439763488543976,60,2646.0,0.5064247921390779
russia,GAZP,coverage,30,25,"AFKS,AFLT,ALRS,CHMF,GMKN,HYDR,IRAO,LKOH,MAGN,MGNT,MOEX,MTSS,NLMK,NVTK,PHOR,PLZL,RASP,ROSN,RTKM,SBER,SNGS,TATN,TRNFP,VTBR,YDEX",,,252,10,0.8,60,1.0,0.25,10.0,252.0,2.329173330675036,0.1185188351895867,0.2897308977375747,0.4090652260945112,-0.3897699497405296,0.0628233555062823,154,30.246376811594203,0.5069477719214183
russia,GAZP,coverage,30,25,"AFKS,AFLT,ALRS,CHMF,GMKN,HYDR,IRAO,LKOH,MAGN,MGNT,MOEX,MTSS,NLMK,NVTK,PHOR,PLZL,RASP,ROSN,RTKM,SBER,SNGS,TATN,TRNFP,VTBR,YDEX",,,252,10,0.8,60,1.0,0.5,10.0,252.0,4.942868465683202,0.1805366139052024,0.2781677289655311,0.6490206990458389,-0.2661822002446753,0.0798226164079822,207,18.424242424242426,0.5115131578947368
russia,GAZP,coverage,30,25,"AFKS,AFLT,ALRS,CHMF,GMKN,HYDR,IRAO,LKOH,MAGN,MGNT,MOEX,MTSS,NLMK,NVTK,PHOR,PLZL,RASP,ROSN,RTKM,SBER,SNGS,TATN,TRNFP,VTBR,YDEX",,,252,10,0.8,60,1.0,0.75,10.0,252.0,2.7919772028485985,0.1321596487642105,0.2690411901166418,0.4912245916950976,-0.2507796327637664,0.0975609756097561,259,12.771653543307089,0.5104808877928483
russia,GAZP,coverage,30,25,"AFKS,AFLT,ALRS,CHMF,GMKN,HYDR,IRAO,LKOH,MAGN,MGNT,MOEX,MTSS,NLMK,NVTK,PHOR,PLZL,RASP,ROSN,RTKM,SBER,SNGS,TATN,TRNFP,VTBR,YDEX",,,252,10,0.8,60,1.5,0.0,10.0,252.0,24.922690649877,0.3541005555876446,0.3400994625461918,1.0411676423615377,-0.2965287986098335,0.0380635624538063,52,2639.0,0.5107995452823039
russia,GAZP,coverage,30,25,"AFKS,AFLT,ALRS,CHMF,GMKN,HYDR,IRAO,LKOH,MAGN,MGNT,MOEX,MTSS,NLMK,NVTK,PHOR,PLZL,RASP,ROSN,RTKM,SBER,SNGS,TATN,TRNFP,VTBR,YDEX",,,252,10,0.8,60,1.5,0.25,10.0,252.0,2.1880227692199226,0.1140152332761037,0.2792911658008084,0.4082307184661181,-0.4438443263967504,0.0458240946045824,115,34.113207547169814,0.5077433628318584
russia,GAZP,coverage,30,25,"AFKS,AFLT,ALRS,CHMF,GMKN,HYDR,IRAO,LKOH,MAGN,MGNT,MOEX,MTSS,NLMK,NVTK,PHOR,PLZL,RASP,ROSN,RTKM,SBER,SNGS,TATN,TRNFP,VTBR,YDEX",,,252,10,0.8,60,1.5,0.5,10.0,252.0,3.807816337916635,0.1574635951100658,0.2619343012803885,0.601156833375207,-0.3182827962562399,0.0524759793052476,138,22.28358208955224,0.5130609511051574
russia,GAZP,coverage,30,25,"AFKS,AFLT,ALRS,CHMF,GMKN,HYDR,IRAO,LKOH,MAGN,MGNT,MOEX,MTSS,NLMK,NVTK,PHOR,PLZL,RASP,ROSN,RTKM,SBER,SNGS,TATN,TRNFP,VTBR,YDEX",,,252,10,0.8,60,1.5,0.75,10.0,252.0,3.090805775461532,0.1401855900403095,0.2525694526070123,0.5550377870059865,-0.3426917280393965,0.0620842572062084,166,16.073170731707318,0.5121396054628224
russia,GAZP,coverage,30,25,"AFKS,AFLT,ALRS,CHMF,GMKN,HYDR,IRAO,LKOH,MAGN,MGNT,MOEX,MTSS,NLMK,NVTK,PHOR,PLZL,RASP,ROSN,RTKM,SBER,SNGS,TATN,TRNFP,VTBR,YDEX",,,252,10,0.8,60,1.5,1.0,10.0,252.0,0.6466929414239306,0.0475441859397538,0.1961005686174731,0.2424479759285997,-0.3728380018793261,0.0665188470066518,180,12.1,0.5068870523415978
russia,GAZP,coverage,30,25,"AFKS,AFLT,ALRS,CHMF,GMKN,HYDR,IRAO,LKOH,MAGN,MGNT,MOEX,MTSS,NLMK,NVTK,PHOR,PLZL,RASP,ROSN,RTKM,SBER,SNGS,TATN,TRNFP,VTBR,YDEX",,,252,10,0.8,60,2.0,0.0,10.0,252.0,48.23512277092213,0.43745896869173,0.3396193808735341,1.2880859966428977,-0.2552544599055454,0.0254988913525498,35,2634.0,0.5167046317388003
russia,GAZP,coverage,30,25,"AFKS,AFLT,ALRS,CHMF,GMKN,HYDR,IRAO,LKOH,MAGN,MGNT,MOEX,MTSS,NLMK,NVTK,PHOR,PLZL,RASP,ROSN,RTKM,SBER,SNGS,TATN,TRNFP,VTBR,YDEX",,,252,10,0.8,60,2.0,0.25,10.0,252.0,4.88830927871058,0.1795230790255242,0.254724513540794,0.7047734689137944,-0.255246560417697,0.0369549150036954,95,31.844444444444445,0.5170969993021632
russia,GAZP,coverage,30,25,"AFKS,AFLT,ALRS,CHMF,GMKN,HYDR,IRAO,LKOH,MAGN,MGNT,MOEX,MTSS,NLMK,NVTK,PHOR,PLZL,RASP,ROSN,RTKM,SBER,SNGS,TATN,TRNFP,VTBR,YDEX",,,252,10,0.8,60,2.0,0.5,10.0,252.0,5.923506436602748,0.1974476406256227,0.2406926383904515,0.820331032747762,-0.2360801885762342,0.0399113082039911,105,23.09803921568628,0.5212224108658744
russia,GAZP,coverage,30,25,"AFKS,AFLT,ALRS,CHMF,GMKN,HYDR,IRAO,LKOH,MAGN,MGNT,MOEX,MTSS,NLMK,NVTK,PHOR,PLZL,RASP,ROSN,RTKM,SBER,SNGS,TATN,TRNFP,VTBR,YDEX",,,252,10,0.8,60,2.0,0.75,10.0,252.0,3.6672436642477217,0.1542694036235008,0.2325944704360903,0.6632548200060897,-0.2360801885762342,0.0421286031042128,112,18.545454545454547,0.515686274509804
russia,GAZP,coverage,30,25,"AFKS,AFLT,ALRS,CHMF,GMKN,HYDR,IRAO,LKOH,MAGN,MGNT,MOEX,MTSS,NLMK,NVTK,PHOR,PLZL,RASP,ROSN,RTKM,SBER,SNGS,TATN,TRNFP,VTBR,YDEX",,,252,10,0.8,60,2.0,1.0,10.0,252.0,0.9592922042142926,0.0646384423194379,0.1706628516245319,0.3787493394382407,-0.2520427493953063,0.0421286031042128,114,13.929824561403509,0.5125944584382871
russia,GAZP,coverage,30,25,"AFKS,AFLT,ALRS,CHMF,GMKN,HYDR,IRAO,LKOH,MAGN,MGNT,MOEX,MTSS,NLMK,NVTK,PHOR,PLZL,RASP,ROSN,RTKM,SBER,SNGS,TATN,TRNFP,VTBR,YDEX",,,252,10,0.8,60,2.5,0.0,10.0,252.0,16.638581171905006,0.3064074686906852,0.3400362078940731,0.9011024754932458,-0.3894320220050247,0.0151515151515151,21,2634.0,0.5193621867881549
russia,GAZP,coverage,30,25,"AFKS,AFLT,ALRS,CHMF,GMKN,HYDR,IRAO,LKOH,MAGN,MGNT,MOEX,MTSS,NLMK,NVTK,PHOR,PLZL,RASP,ROSN,RTKM,SBER,SNGS,TATN,TRNFP,VTBR,YDEX",,,252,10,0.8,60,2.5,0.25,10.0,252.0,2.693464549439688,0.1293877467020965,0.2318244081317608,0.5581282305207356,-0.255246560417697,0.0258684405025868,67,33.875,0.5156826568265682
russia,GAZP,coverage,30,25,"AFKS,AFLT,ALRS,CHMF,GMKN,HYDR,IRAO,LKOH,MAGN,MGNT,MOEX,MTSS,NLMK,NVTK,PHOR,PLZL,RASP,ROSN,RTKM,SBER,SNGS,TATN,TRNFP,VTBR,YDEX",,,252,10,0.8,60,2.5,0.5,10.0,252.0,1.7765546931273422,0.0997706682803298,0.1731632067749072,0.5761655154031686,-0.2169007356701887,0.0266075388026607,71,25.228571428571428,0.5175537938844847
russia,GAZP,coverage,30,25,"AFKS,AFLT,ALRS,CHMF,GMKN,HYDR,IRAO,LKOH,MAGN,MGNT,MOEX,MTSS,NLMK,NVTK,PHOR,PLZL,RASP,ROSN,RTKM,SBER,SNGS,TATN,TRNFP,VTBR,YDEX",,,252,10,0.8,60,2.5,0.75,10.0,252.0,0.8947170295903384,0.0613208667165423,0.1665097454538167,0.3682719383746241,-0.2291505072694571,0.0273466371027346,74,21.864864864864863,0.5129789864029666
russia,GAZP,coverage,30,25,"AFKS,AFLT,ALRS,CHMF,GMKN,HYDR,IRAO,LKOH,MAGN,MGNT,MOEX,MTSS,NLMK,NVTK,PHOR,PLZL,RASP,ROSN,RTKM,SBER,SNGS,TATN,TRNFP,VTBR,YDEX",,,252,10,0.8,60,2.5,1.0,10.0,252.0,0.4277095413796878,0.0337155550097039,0.1550148744513414,0.2174988376375913,-0.197506427790854,0.0273466371027346,74,17.10810810810811,0.5071090047393365
russia,GAZP,coverage,30,25,"AFKS,AFLT,ALRS,CHMF,GMKN,HYDR,IRAO,LKOH,MAGN,MGNT,MOEX,MTSS,NLMK,NVTK,PHOR,PLZL,RASP,ROSN,RTKM,SBER,SNGS,TATN,TRNFP,VTBR,YDEX",,,252,10,0.8,60,3.0,0.0,10.0,252.0,6.6773541545888095,0.209028545106477,0.3401550158962447,0.6145096657055784,-0.3894320220050248,0.0107169253510716,15,2631.0,0.5169137210186241
russia,GAZP,coverage,30,25,"AFKS,AFLT,ALRS,CHMF,GMKN,HYDR,IRAO,LKOH,MAGN,MGNT,MOEX,MTSS,NLMK,NVTK,PHOR,PLZL,RASP,ROSN,RTKM,SBER,SNGS,TATN,TRNFP,VTBR,YDEX",,,252,10,0.8,60,3.0,0.25,10.0,252.0,2.9599358180039306,0.1367384154132296,0.2214498677239909,0.6174689414746304,-0.292499954933279,0.0221729490022172,58,31.607142857142858,0.5209039548022599
russia,GAZP,coverage,30,25,"AFKS,AFLT,ALRS,CHMF,GMKN,HYDR,IRAO,LKOH,MAGN,MGNT,MOEX,MTSS,NLMK,NVTK,PHOR,PLZL,RASP,ROSN,RTKM,SBER,SNGS,TATN,TRNFP,VTBR,YDEX",,,252,10,0.8,60,3.0,0.5,10.0,252.0,2.18137614618994,0.1137987350083447,0.1591795731578542,0.7149079040153816,-0.1876335273319257,0.0229120473022912,62,22.225806451612904,0.5268505079825835
russia,GAZP,coverage,30,25,"AFKS,AFLT,ALRS,CHMF,GMKN,HYDR,IRAO,LKOH,MAGN,MGNT,MOEX,MTSS,NLMK,NVTK,PHOR,PLZL,RASP,ROSN,RTKM,SBER,SNGS,TATN,TRNFP,VTBR,YDEX",,,252,10,0.8,60,3.0,0.75,10.0,252.0,1.391339237177179,0.0845797349879551,0.1540549025879748,0.5490233258863989,-0.2003411165206383,0.0229120473022912,62,20.548387096774192,0.521193092621664
russia,GAZP,coverage,30,25,"AFKS,AFLT,ALRS,CHMF,GMKN,HYDR,IRAO,LKOH,MAGN,MGNT,MOEX,MTSS,NLMK,NVTK,PHOR,PLZL,RASP,ROSN,RTKM,SBER,SNGS,TATN,TRNFP,VTBR,YDEX",,,252,10,0.8,60,3.0,1.0,10.0,252.0,0.850192848808665,0.0589731608127928,0.1424453681906793,0.4140054644237396,-0.1820702800554342,0.0229120473022912,62,16.129032258064516,0.514
russia,GAZP,coverage,30,25,"AFKS,AFLT,ALRS,CHMF,GMKN,HYDR,IRAO,LKOH,MAGN,MGNT,MOEX,MTSS,NLMK,NVTK,PHOR,PLZL,RASP,ROSN,RTKM,SBER,SNGS,TATN,TRNFP,VTBR,YDEX",,,252,21,0.8,60,1.0,0.0,10.0,252.0,26.3706329932246,0.3609718506080359,0.3876263668629511,0.931236575905222,-0.3809987139142338,0.0439763488543976,60,2646.0,0.5037792894935752
russia,GAZP,coverage,30,25,"AFKS,AFLT,ALRS,CHMF,GMKN,HYDR,IRAO,LKOH,MAGN,MGNT,MOEX,MTSS,NLMK,NVTK,PHOR,PLZL,RASP,ROSN,RTKM,SBER,SNGS,TATN,TRNFP,VTBR,YDEX",,,252,21,0.8,60,1.0,0.25,10.0,252.0,5.796719625636404,0.1953883826668221,0.34870098078415,0.5603321855517516,-0.4188590997897146,0.0602365114560236,145,32.359375,0.4978271366489618
russia,GAZP,coverage,30,25,"AFKS,AFLT,ALRS,CHMF,GMKN,HYDR,IRAO,LKOH,MAGN,MGNT,MOEX,MTSS,NLMK,NVTK,PHOR,PLZL,RASP,ROSN,RTKM,SBER,SNGS,TATN,TRNFP,VTBR,YDEX",,,252,21,0.8,60,1.0,0.5,10.0,252.0,3.5248466401365564,0.1509435366758027,0.2884854067059247,0.5232276335893518,-0.4008365743647585,0.0698447893569844,179,20.894117647058824,0.5005630630630631
russia,GAZP,coverage,30,25,"AFKS,AFLT,ALRS,CHMF,GMKN,HYDR,IRAO,LKOH,MAGN,MGNT,MOEX,MTSS,NLMK,NVTK,PHOR,PLZL,RASP,ROSN,RTKM,SBER,SNGS,TATN,TRNFP,VTBR,YDEX",,,252,21,0.8,60,1.0,0.75,10.0,252.0,2.81162036239112,0.1327045378285036,0.2713312751837604,0.4890867731286373,-0.3338217462534975,0.0927568366592756,245,12.866666666666667,0.5
russia,GAZP,coverage,30,25,"AFKS,AFLT,ALRS,CHMF,GMKN,HYDR,IRAO,LKOH,MAGN,MGNT,MOEX,MTSS,NLMK,NVTK,PHOR,PLZL,RASP,ROSN,RTKM,SBER,SNGS,TATN,TRNFP,VTBR,YDEX",,,252,21,0.8,60,1.5,0.0,10.0,252.0,71.104434824801,0.4894477883376329,0.3872548516550077,1.2638906555873584,-0.3339636641467355,0.0365853658536585,50,2646.0,0.5170068027210885
russia,GAZP,coverage,30,25,"AFKS,AFLT,ALRS,CHMF,GMKN,HYDR,IRAO,LKOH,MAGN,MGNT,MOEX,MTSS,NLMK,NVTK,PHOR,PLZL,RASP,ROSN,RTKM,SBER,SNGS,TATN,TRNFP,VTBR,YDEX",,,252,21,0.8,60,1.5,0.25,10.0,252.0,8.605116180173676,0.2345165550588988,0.3419174659432488,0.6858864445895948,-0.3460857647635256,0.0461936437546193,116,33.55555555555556,0.5049668874172185
russia,GAZP,coverage,30,25,"AFKS,AFLT,ALRS,CHMF,GMKN,HYDR,IRAO,LKOH,MAGN,MGNT,MOEX,MTSS,NLMK,NVTK,PHOR,PLZL,RASP,ROSN,RTKM,SBER,SNGS,TATN,TRNFP,VTBR,YDEX",,,252,21,0.8,60,1.5,0.5,10.0,252.0,6.438353200282919,0.2054729911318313,0.2772703314076957,0.7410565352904845,-0.3603711857862534,0.0506282335550628,131,23.285714285714285,0.512610770279482
russia,GAZP,coverage,30,25,"AFKS,AFLT,ALRS,CHMF,GMKN,HYDR,IRAO,LKOH,MAGN,MGNT,MOEX,MTSS,NLMK,NVTK,PHOR,PLZL,RASP,ROSN,RTKM,SBER,SNGS,TATN,TRNFP,VTBR,YDEX",,,252,21,0.8,60,1.5,0.75,10.0,252.0,5.4546785432568505,0.1896540739384551,0.250052116542704,0.7584581828807113,-0.3313571927361102,0.0587583148558758,156,16.246753246753247,0.5123900879296562
russia,GAZP,coverage,30,25,"AFKS,AFLT,ALRS,CHMF,GMKN,HYDR,IRAO,LKOH,MAGN,MGNT,MOEX,MTSS,NLMK,NVTK,PHOR,PLZL,RASP,ROSN,RTKM,SBER,SNGS,TATN,TRNFP,VTBR,YDEX",,,252,21,0.8,60,1.5,1.0,10.0,252.0,2.342934201207328,0.1189485822854565,0.2305640626721156,0.5159025257748555,-0.3262733915315701,0.0657797487065779,176,12.666666666666666,0.5163339382940109
russia,GAZP,coverage,30,25,"AFKS,AFLT,ALRS,CHMF,GMKN,HYDR,IRAO,LKOH,MAGN,MGNT,MOEX,MTSS,NLMK,NVTK,PHOR,PLZL,RASP,ROSN,RTKM,SBER,SNGS,TATN,TRNFP,VTBR,YDEX",,,252,21,0.8,60,2.0,0.0,10.0,252.0,122.76041589690011,0.5662986598178532,0.3870163624566146,1.4632421642930833,-0.2718010362951697,0.0291943828529194,40,2646.0,0.518896447467876
russia,GAZP,coverage,30,25,"AFKS,AFLT,ALRS,CHMF,GMKN,HYDR,IRAO,LKOH,MAGN,MGNT,MOEX,MTSS,NLMK,NVTK,PHOR,PLZL,RASP,ROSN,RTKM,SBER,SNGS,TATN,TRNFP,VTBR,YDEX",,,252,21,0.8,60,2.0,0.25,10.0,252.0,9.650841118194805,0.2464548449312951,0.3184442948119974,0.7739339311347897,-0.2718010362951696,0.0358462675535846,91,35.627906976744185,0.5045691906005222
russia,GAZP,coverage,30,25,"AFKS,AFLT,ALRS,CHMF,GMKN,HYDR,IRAO,LKOH,MAGN,MGNT,MOEX,MTSS,NLMK,NVTK,PHOR,PLZL,RASP,ROSN,RTKM,SBER,SNGS,TATN,TRNFP,VTBR,YDEX",,,252,21,0.8,60,2.0,0.5,10.0,252.0,4.2364547233332805,0.1667057813638506,0.2515504839009574,0.6627130219693292,-0.2718010362951694,0.0365853658536585,96,25.574468085106385,0.5091514143094842
russia,GAZP,coverage,30,25,"AFKS,AFLT,ALRS,CHMF,GMKN,HYDR,IRAO,LKOH,MAGN,MGNT,MOEX,MTSS,NLMK,NVTK,PHOR,PLZL,RASP,ROSN,RTKM,SBER,SNGS,TATN,TRNFP,VTBR,YDEX",,,252,21,0.8,60,2.0,0.75,10.0,252.0,2.6228811003699626,0.1273601675505498,0.2092451356306226,0.608664890424869,-0.2612292842897274,0.0395417590539541,106,17.88679245283019,0.5063291139240507
russia,GAZP,coverage,30,25,"AFKS,AFLT,ALRS,CHMF,GMKN,HYDR,IRAO,LKOH,MAGN,MGNT,MOEX,MTSS,NLMK,NVTK,PHOR,PLZL,RASP,ROSN,RTKM,SBER,SNGS,TATN,TRNFP,VTBR,YDEX",,,252,21,0.8,60,2.0,1.0,10.0,252.0,0.7640885082129092,0.0542838434885875,0.1856862776501446,0.2923417076132294,-0.2791739873392279,0.040650406504065,109,15.407407407407408,0.5096153846153846
russia,GAZP,coverage,30,25,"AFKS,AFLT,ALRS,CHMF,GMKN,HYDR,IRAO,LKOH,MAGN,MGNT,MOEX,MTSS,NLMK,NVTK,PHOR,PLZL,RASP,ROSN,RTKM,SBER,SNGS,TATN,TRNFP,VTBR,YDEX",,,252,21,0.8,60,2.5,0.0,10.0,252.0,9.6925828261698,0.2469089591210547,0.3875909662190702,0.637034865723623,-0.4128336634084905,0.0136733185513673,19,2633.0,0.5150018989745537
russia,GAZP,coverage,30,25,"AFKS,AFLT,ALRS,CHMF,GMKN,HYDR,IRAO,LKOH,MAGN,MGNT,MOEX,MTSS,NLMK,NVTK,PHOR,PLZL,RASP,ROSN,RTKM,SBER,SNGS,TATN,TRNFP,VTBR,YDEX",,,252,21,0.8,60,2.5,0.25,10.0,252.0,5.1012574387295295,0.1834318828357946,0.2969936900589003,0.6176288890158441,-0.2671215748004825,0.0247597930524759,66,35.78787878787879,0.5173581710414903
russia,GAZP,coverage,30,25,"AFKS,AFLT,ALRS,CHMF,GMKN,HYDR,IRAO,LKOH,MAGN,MGNT,MOEX,MTSS,NLMK,NVTK,PHOR,PLZL,RASP,ROSN,RTKM,SBER,SNGS,TATN,TRNFP,VTBR,YDEX",,,252,21,0.8,60,2.5,0.5,10.0,252.0,2.185972979147414,0.1139485098254022,0.2239145397107818,0.5088928569470448,-0.311649640080273,0.0247597930524759,67,26.91176470588235,0.5169398907103825
russia,GAZP,coverage,30,25,"AFKS,AFLT,ALRS,CHMF,GMKN,HYDR,IRAO,LKOH,MAGN,MGNT,MOEX,MTSS,NLMK,NVTK,PHOR,PLZL,RASP,ROSN,RTKM,SBER,SNGS,TATN,TRNFP,VTBR,YDEX",,,252,21,0.8,60,2.5,0.75,10.0,252.0,1.0363687605930982,0.0684708609246129,0.1766256331268949,0.3876609510886834,-0.2612292842897273,0.0254988913525498,69,19.685714285714287,0.5065312046444121
russia,GAZP,coverage,30,25,"AFKS,AFLT,ALRS,CHMF,GMKN,HYDR,IRAO,LKOH,MAGN,MGNT,MOEX,MTSS,NLMK,NVTK,PHOR,PLZL,RASP,ROSN,RTKM,SBER,SNGS,TATN,TRNFP,VTBR,YDEX",,,252,21,0.8,60,2.5,1.0,10.0,252.0,0.3567707118116132,0.0288210648000661,0.163900302090479,0.1758450987122397,-0.2612292842897277,0.0258684405025868,70,17.142857142857142,0.5133333333333333
russia,GAZP,coverage,30,25,"AFKS,AFLT,ALRS,CHMF,GMKN,HYDR,IRAO,LKOH,MAGN,MGNT,MOEX,MTSS,NLMK,NVTK,PHOR,PLZL,RASP,ROSN,RTKM,SBER,SNGS,TATN,TRNFP,VTBR,YDEX",,,252,21,0.8,60,3.0,0.0,10.0,252.0,5.7560132968686055,0.1947198437925041,0.3876705456195478,0.5022817595835573,-0.4128336634084907,0.0107169253510716,15,2631.0,0.5115925503610794
russia,GAZP,coverage,30,25,"AFKS,AFLT,ALRS,CHMF,GMKN,HYDR,IRAO,LKOH,MAGN,MGNT,MOEX,MTSS,NLMK,NVTK,PHOR,PLZL,RASP,ROSN,RTKM,SBER,SNGS,TATN,TRNFP,VTBR,YDEX",,,252,21,0.8,60,3.0,0.25,10.0,252.0,5.6821583198338566,0.1934975080335959,0.2894690895357519,0.6684565469284668,-0.2671215748004821,0.0203252032520325,54,38.44444444444444,0.5154142581888247
russia,GAZP,coverage,30,25,"AFKS,AFLT,ALRS,CHMF,GMKN,HYDR,IRAO,LKOH,MAGN,MGNT,MOEX,MTSS,NLMK,NVTK,PHOR,PLZL,RASP,ROSN,RTKM,SBER,SNGS,TATN,TRNFP,VTBR,YDEX",,,252,21,0.8,60,3.0,0.5,10.0,252.0,2.562881970730617,0.1256082651102816,0.2138717675629,0.5873064338580363,-0.3116496400802726,0.0203252032520325,55,27.785714285714285,0.5154241645244216
russia,GAZP,coverage,30,25,"AFKS,AFLT,ALRS,CHMF,GMKN,HYDR,IRAO,LKOH,MAGN,MGNT,MOEX,MTSS,NLMK,NVTK,PHOR,PLZL,RASP,ROSN,RTKM,SBER,SNGS,TATN,TRNFP,VTBR,YDEX",,,252,21,0.8,60,3.0,0.75,10.0,252.0,1.349533745632677,0.0827998419715723,0.1632937195354408,0.5070607871945843,-0.2612292842897277,0.0203252032520325,55,20.25,0.5132275132275133
russia,GAZP,coverage,30,25,"AFKS,AFLT,ALRS,CHMF,GMKN,HYDR,IRAO,LKOH,MAGN,MGNT,MOEX,MTSS,NLMK,NVTK,PHOR,PLZL,RASP,ROSN,RTKM,SBER,SNGS,TATN,TRNFP,VTBR,YDEX",,,252,21,0.8,60,3.0,1.0,10.0,252.0,0.581206329004168,0.043592823512252,0.1496371673649497,0.2913235012390577,-0.2612292842897277,0.0206947524020694,56,17.428571428571427,0.5245901639344263
russia,GAZP,coverage,30,25,"AFKS,AFLT,ALRS,CHMF,GMKN,HYDR,IRAO,LKOH,MAGN,MGNT,MOEX,MTSS,NLMK,NVTK,PHOR,PLZL,RASP,ROSN,RTKM,SBER,SNGS,TATN,TRNFP,VTBR,YDEX",,,252,63,0.8,60,1.0,0.0,10.0,252.0,26.133891003168245,0.3598712703945845,0.3986538921744453,0.9027160588641888,-0.4051338771589324,0.0424981522542498,58,2646.0,0.5011337868480725
russia,GAZP,coverage,30,25,"AFKS,AFLT,ALRS,CHMF,GMKN,HYDR,IRAO,LKOH,MAGN,MGNT,MOEX,MTSS,NLMK,NVTK,PHOR,PLZL,RASP,ROSN,RTKM,SBER,SNGS,TATN,TRNFP,VTBR,YDEX",,,252,63,0.8,60,1.0,0.25,10.0,252.0,2.3938037340232112,0.1205234158550239,0.3470023069642314,0.347327419547811,-0.4372923660154918,0.049150036954915,117,40.5686274509804,0.4871918801353311
russia,GAZP,coverage,30,25,"AFKS,AFLT,ALRS,CHMF,GMKN,HYDR,IRAO,LKOH,MAGN,MGNT,MOEX,MTSS,NLMK,NVTK,PHOR,PLZL,RASP,ROSN,RTKM,SBER,SNGS,TATN,TRNFP,VTBR,YDEX",,,252,63,0.8,60,1.0,0.5,10.0,252.0,1.3600778479932054,0.0832514552751253,0.3254544564862509,0.255800630828487,-0.4980994653660306,0.0580192165558019,145,28.253731343283583,0.4860010565240359
russia,GAZP,coverage,30,25,"AFKS,AFLT,ALRS,CHMF,GMKN,HYDR,IRAO,LKOH,MAGN,MGNT,MOEX,MTSS,NLMK,NVTK,PHOR,PLZL,RASP,ROSN,RTKM,SBER,SNGS,TATN,TRNFP,VTBR,YDEX",,,252,63,0.8,60,1.0,0.75,10.0,252.0,1.3347126865128742,0.0821619253454337,0.3073850032935629,0.2672932136086235,-0.4708518157411602,0.0779748706577974,203,17.408163265306122,0.4859320046893318
russia,GAZP,coverage,30,25,"AFKS,AFLT,ALRS,CHMF,GMKN,HYDR,IRAO,LKOH,MAGN,MGNT,MOEX,MTSS,NLMK,NVTK,PHOR,PLZL,RASP,ROSN,RTKM,SBER,SNGS,TATN,TRNFP,VTBR,YDEX",,,252,63,0.8,60,1.5,0.0,10.0,252.0,48.41965621747448,0.437959845964333,0.3984129288366451,1.099261129007946,-0.3833987524243241,0.0365853658536585,50,2646.0,0.5120937263794406
russia,GAZP,coverage,30,25,"AFKS,AFLT,ALRS,CHMF,GMKN,HYDR,IRAO,LKOH,MAGN,MGNT,MOEX,MTSS,NLMK,NVTK,PHOR,PLZL,RASP,ROSN,RTKM,SBER,SNGS,TATN,TRNFP,VTBR,YDEX",,,252,63,0.8,60,1.5,0.25,10.0,252.0,3.391630950469088,0.1477450321004829,0.3366494467728181,0.43886907736458,-0.4611609140645515,0.040280857354028,95,45.34146341463415,0.4911242603550296
russia,GAZP,coverage,30,25,"AFKS,AFLT,ALRS,CHMF,GMKN,HYDR,IRAO,LKOH,MAGN,MGNT,MOEX,MTSS,NLMK,NVTK,PHOR,PLZL,RASP,ROSN,RTKM,SBER,SNGS,TATN,TRNFP,VTBR,YDEX",,,252,63,0.8,60,1.5,0.5,10.0,252.0,1.8084623181974795,0.1009415436382281,0.3123537325347518,0.3231641985485082,-0.5102025285734149,0.0439763488543976,109,33.66,0.4854426619132501
russia,GAZP,coverage,30,25,"AFKS,AFLT,ALRS,CHMF,GMKN,HYDR,IRAO,LKOH,MAGN,MGNT,MOEX,MTSS,NLMK,NVTK,PHOR,PLZL,RASP,ROSN,RTKM,SBER,SNGS,TATN,TRNFP,VTBR,YDEX",,,252,63,0.8,60,1.5,0.75,10.0,252.0,1.0189134312105304,0.0676146101027534,0.2970008988007499,0.2276579309213281,-0.487546488508497,0.0498891352549889,130,22.80952380952381,0.4843423799582463
russia,GAZP,coverage,30,25,"AFKS,AFLT,ALRS,CHMF,GMKN,HYDR,IRAO,LKOH,MAGN,MGNT,MOEX,MTSS,NLMK,NVTK,PHOR,PLZL,RASP,ROSN,RTKM,SBER,SNGS,TATN,TRNFP,VTBR,YDEX",,,252,63,0.8,60,1.5,1.0,10.0,252.0,0.2739076245243022,0.0228009343189219,0.281014332489977,0.0811379765469264,-0.5490874904848879,0.0561714708056171,149,16.616438356164384,0.4847485572959604
russia,GAZP,coverage,30,25,"AFKS,AFLT,ALRS,CHMF,GMKN,HYDR,IRAO,LKOH,MAGN,MGNT,MOEX,MTSS,NLMK,NVTK,PHOR,PLZL,RASP,ROSN,RTKM,SBER,SNGS,TATN,TRNFP,VTBR,YDEX",,,252,63,0.8,60,2.0,0.0,10.0,252.0,135.74220481926417,0.5809163374241226,0.3980002958509536,1.459587702521882,-0.3813728667215423,0.032150776053215,44,2646.0,0.5200302343159486
russia,GAZP,coverage,30,25,"AFKS,AFLT,ALRS,CHMF,GMKN,HYDR,IRAO,LKOH,MAGN,MGNT,MOEX,MTSS,NLMK,NVTK,PHOR,PLZL,RASP,ROSN,RTKM,SBER,SNGS,TATN,TRNFP,VTBR,YDEX",,,252,63,0.8,60,2.0,0.25,10.0,252.0,8.254223632114432,0.2302454025707003,0.3317323334556301,0.6940698248260934,-0.4479209205139164,0.0365853658536585,86,45.91891891891892,0.5044143613890524
russia,GAZP,coverage,30,25,"AFKS,AFLT,ALRS,CHMF,GMKN,HYDR,IRAO,LKOH,MAGN,MGNT,MOEX,MTSS,NLMK,NVTK,PHOR,PLZL,RASP,ROSN,RTKM,SBER,SNGS,TATN,TRNFP,VTBR,YDEX",,,252,63,0.8,60,2.0,0.5,10.0,252.0,4.063226874497725,0.1630564033361925,0.3048249482448525,0.5349181695102477,-0.5093063125395492,0.0380635624538063,94,34.95348837209303,0.4956753160345974
russia,GAZP,coverage,30,25,"AFKS,AFLT,ALRS,CHMF,GMKN,HYDR,IRAO,LKOH,MAGN,MGNT,MOEX,MTSS,NLMK,NVTK,PHOR,PLZL,RASP,ROSN,RTKM,SBER,SNGS,TATN,TRNFP,VTBR,YDEX",,,252,63,0.8,60,2.0,0.75,10.0,252.0,1.8255542009459536,0.1015637906605713,0.282527668631188,0.3594826345774749,-0.5832907202965403,0.0395417590539541,104,23.94117647058824,0.4954954954954955
russia,GAZP,coverage,30,25,"AFKS,AFLT,ALRS,CHMF,GMKN,HYDR,IRAO,LKOH,MAGN,MGNT,MOEX,MTSS,NLMK,NVTK,PHOR,PLZL,RASP,ROSN,RTKM,SBER,SNGS,TATN,TRNFP,VTBR,YDEX",,,252,63,0.8,60,2.0,1.0,10.0,252.0,0.7860917939074692,0.0555015809782692,0.2625166214691876,0.2114212070369177,-0.5935314032181231,0.0413895048041389,111,17.854545454545455,0.4979633401221996
russia,GAZP,coverage,30,25,"AFKS,AFLT,ALRS,CHMF,GMKN,HYDR,IRAO,LKOH,MAGN,MGNT,MOEX,MTSS,NLMK,NVTK,PHOR,PLZL,RASP,ROSN,RTKM,SBER,SNGS,TATN,TRNFP,VTBR,YDEX",,,252,63,0.8,60,2.5,0.0,10.0,252.0,31.103284837317723,0.381336562831452,0.3986694728624204,0.956523106957452,-0.4217660243957679,0.0188470066518847,26,2646.0,0.5154950869236583
russia,GAZP,coverage,30,25,"AFKS,AFLT,ALRS,CHMF,GMKN,HYDR,IRAO,LKOH,MAGN,MGNT,MOEX,MTSS,NLMK,NVTK,PHOR,PLZL,RASP,ROSN,RTKM,SBER,SNGS,TATN,TRNFP,VTBR,YDEX",,,252,63,0.8,60,2.5,0.25,10.0,252.0,2.0911340233435287,0.1108179848123598,0.2812403681164711,0.3940329958836718,-0.3311417536183438,0.0247597930524759,62,45.89655172413793,0.4943651389932381
russia,GAZP,coverage,30,25,"AFKS,AFLT,ALRS,CHMF,GMKN,HYDR,IRAO,LKOH,MAGN,MGNT,MOEX,MTSS,NLMK,NVTK,PHOR,PLZL,RASP,ROSN,RTKM,SBER,SNGS,TATN,TRNFP,VTBR,YDEX",,,252,63,0.8,60,2.5,0.5,10.0,252.0,1.6834079344493191,0.0962813930334949,0.2392071647552723,0.4025021287802909,-0.3527821725262672,0.0262379896526238,67,35.875,0.4869337979094076
russia,GAZP,coverage,30,25,"AFKS,AFLT,ALRS,CHMF,GMKN,HYDR,IRAO,LKOH,MAGN,MGNT,MOEX,MTSS,NLMK,NVTK,PHOR,PLZL,RASP,ROSN,RTKM,SBER,SNGS,TATN,TRNFP,VTBR,YDEX",,,252,63,0.8,60,2.5,0.75,10.0,252.0,0.8223638639502948,0.0574796154250356,0.216264048117389,0.2657844238346795,-0.4291258777290189,0.0262379896526238,69,26.23529411764705,0.4899103139013453
russia,GAZP,coverage,30,25,"AFKS,AFLT,ALRS,CHMF,GMKN,HYDR,IRAO,LKOH,MAGN,MGNT,MOEX,MTSS,NLMK,NVTK,PHOR,PLZL,RASP,ROSN,RTKM,SBER,SNGS,TATN,TRNFP,VTBR,YDEX",,,252,63,0.8,60,2.5,1.0,10.0,252.0,0.0008094632603847,7.535473372799473e-05,0.1926402936190717,0.0003911680797009,-0.4996307537795318,0.0266075388026607,72,20.0,0.4930555555555556
russia,GAZP,coverage,30,25,"AFKS,AFLT,ALRS,CHMF,GMKN,HYDR,IRAO,LKOH,MAGN,MGNT,MOEX,MTSS,NLMK,NVTK,PHOR,PLZL,RASP,ROSN,RTKM,SBER,SNGS,TATN,TRNFP,VTBR,YDEX",,,252,63,0.8,60,3.0,0.0,10.0,252.0,11.68206175362256,0.2668817642219232,0.3953520435325526,0.675048399490437,-0.4279204313127854,0.0107169253510716,15,2530.0,0.508300395256917
russia,GAZP,coverage,30,25,"AFKS,AFLT,ALRS,CHMF,GMKN,HYDR,IRAO,LKOH,MAGN,MGNT,MOEX,MTSS,NLMK,NVTK,PHOR,PLZL,RASP,ROSN,RTKM,SBER,SNGS,TATN,TRNFP,VTBR,YDEX",,,252,63,0.8,60,3.0,0.25,10.0,252.0,1.1443513758156492,0.0736244531314032,0.2501243828911941,0.2943513634311708,-0.391327987535253,0.0166297117516629,42,51.15,0.4838709677419355
russia,GAZP,coverage,30,25,"AFKS,AFLT,ALRS,CHMF,GMKN,HYDR,IRAO,LKOH,MAGN,MGNT,MOEX,MTSS,NLMK,NVTK,PHOR,PLZL,RASP,ROSN,RTKM,SBER,SNGS,TATN,TRNFP,VTBR,YDEX",,,252,63,0.8,60,3.0,0.5,10.0,252.0,0.5843608092779977,0.0437865328525961,0.2101848785113412,0.2083238963845512,-0.4248749119360135,0.0173688100517368,45,40.72727272727273,0.4754464285714285
russia,GAZP,coverage,30,25,"AFKS,AFLT,ALRS,CHMF,GMKN,HYDR,IRAO,LKOH,MAGN,MGNT,MOEX,MTSS,NLMK,NVTK,PHOR,PLZL,RASP,ROSN,RTKM,SBER,SNGS,TATN,TRNFP,VTBR,YDEX",,,252,63,0.8,60,3.0,0.75,10.0,252.0,0.1079015887353354,0.0095881270352697,0.1837935469484371,0.0521679198996019,-0.4643732152270864,0.0173688100517368,47,26.83333333333333,0.4767080745341615
russia,GAZP,coverage,30,25,"AFKS,AFLT,ALRS,CHMF,GMKN,HYDR,IRAO,LKOH,MAGN,MGNT,MOEX,MTSS,NLMK,NVTK,PHOR,PLZL,RASP,ROSN,RTKM,SBER,SNGS,TATN,TRNFP,VTBR,YDEX",,,252,63,0.8,60,3.0,1.0,10.0,252.0,-0.1902185437030803,-0.0194570377252322,0.1734842572609946,-0.1121544861327705,-0.4960187617501242,0.0177383592017738,48,22.83333333333333,0.4744525547445255
usa,BRK.B,priority,30,30,"NVDA,AAPL,MSFT,AVGO,ORCL,AMD,CSCO,QCOM,TXN,IBM,ACN,ADI,GOOGL,META,NFLX,DIS,VZ,AMZN,TSLA,HD,MCD,LOW,WMT,COST,PG,KO,PEP,PM,JPM,V","TMUS,CMCSA,BKNG,SBUX",,252,5,0.8,60,1.0,0.0,5.0,252.0,0.8703192292146169,0.0722755372154366,0.1632345942797133,0.4427709551051887,-0.206821725793024,0.0340557275541795,39,2186.0,0.5123513266239708
usa,BRK.B,priority,30,30,"NVDA,AAPL,MSFT,AVGO,ORCL,AMD,CSCO,QCOM,TXN,IBM,ACN,ADI,GOOGL,META,NFLX,DIS,VZ,AMZN,TSLA,HD,MCD,LOW,WMT,COST,PG,KO,PEP,PM,JPM,V","TMUS,CMCSA,BKNG,SBUX",,252,5,0.8,60,1.0,0.25,5.0,252.0,1.137601146826024,0.0883585996372269,0.1406480097127097,0.6282250265589243,-0.1936898555783021,0.0628040689960194,136,23.123076923076923,0.520292747837658
usa,BRK.B,priority,30,30,"NVDA,AAPL,MSFT,AVGO,ORCL,AMD,CSCO,QCOM,TXN,IBM,ACN,ADI,GOOGL,META,NFLX,DIS,VZ,AMZN,TSLA,HD,MCD,LOW,WMT,COST,PG,KO,PEP,PM,JPM,V","TMUS,CMCSA,BKNG,SBUX",,252,5,0.8,60,1.0,0.5,5.0,252.0,0.9987052019474816,0.0802393260945801,0.1365980368998906,0.5874120003158291,-0.1934363598998552,0.0707651481645289,158,17.858974358974358,0.5161521895190236
usa,BRK.B,priority,30,30,"NVDA,AAPL,MSFT,AVGO,ORCL,AMD,CSCO,QCOM,TXN,IBM,ACN,ADI,GOOGL,META,NFLX,DIS,VZ,AMZN,TSLA,HD,MCD,LOW,WMT,COST,PG,KO,PEP,PM,JPM,V","TMUS,CMCSA,BKNG,SBUX",,252,5,0.8,60,1.0,0.75,5.0,252.0,0.5990341030740403,0.0537097168916262,0.1282163532242227,0.4188991149802832,-0.2076104206174526,0.0875718708536046,197,12.683673469387756,0.5140788415124699
usa,BRK.B,priority,30,30,"NVDA,AAPL,MSFT,AVGO,ORCL,AMD,CSCO,QCOM,TXN,IBM,ACN,ADI,GOOGL,META,NFLX,DIS,VZ,AMZN,TSLA,HD,MCD,LOW,WMT,COST,PG,KO,PEP,PM,JPM,V","TMUS,CMCSA,BKNG,SBUX",,252,5,0.8,60,1.5,0.0,5.0,252.0,1.3703096178592884,0.1009660845548745,0.1621639809780463,0.6226172047943449,-0.1987476736919619,0.0278637770897832,32,2152.0,0.5139405204460966
usa,BRK.B,priority,30,30,"NVDA,AAPL,MSFT,AVGO,ORCL,AMD,CSCO,QCOM,TXN,IBM,ACN,ADI,GOOGL,META,NFLX,DIS,VZ,AMZN,TSLA,HD,MCD,LOW,WMT,COST,PG,KO,PEP,PM,JPM,V","TMUS,CMCSA,BKNG,SBUX",,252,5,0.8,60,1.5,0.25,5.0,252.0,1.2858312427209508,0.0965218906816542,0.1319889796921391,0.7312874976894972,-0.1313914163523154,0.0486510393631136,106,25.0,0.5254901960784314
usa,BRK.B,priority,30,30,"NVDA,AAPL,MSFT,AVGO,ORCL,AMD,CSCO,QCOM,TXN,IBM,ACN,ADI,GOOGL,META,NFLX,DIS,VZ,AMZN,TSLA,HD,MCD,LOW,WMT,COST,PG,KO,PEP,PM,JPM,V","TMUS,CMCSA,BKNG,SBUX",,252,5,0.8,60,1.5,0.5,5.0,252.0,1.147465103532971,0.0889172084715899,0.1267661817144715,0.7014268890094617,-0.1612943754299201,0.0513047324192835,115,20.26315789473684,0.522077922077922
usa,BRK.B,priority,30,30,"NVDA,AAPL,MSFT,AVGO,ORCL,AMD,CSCO,QCOM,TXN,IBM,ACN,ADI,GOOGL,META,NFLX,DIS,VZ,AMZN,TSLA,HD,MCD,LOW,WMT,COST,PG,KO,PEP,PM,JPM,V","TMUS,CMCSA,BKNG,SBUX",,252,5,0.8,60,1.5,0.75,5.0,252.0,0.7297780844544417,0.0629803706230764,0.1144159812075606,0.5504508195303988,-0.1621556870803967,0.0566121185316231,127,15.873015873015872,0.522
usa,BRK.B,priority,30,30,"NVDA,AAPL,MSFT,AVGO,ORCL,AMD,CSCO,QCOM,TXN,IBM,ACN,ADI,GOOGL,META,NFLX,DIS,VZ,AMZN,TSLA,HD,MCD,LOW,WMT,COST,PG,KO,PEP,PM,JPM,V","TMUS,CMCSA,BKNG,SBUX",,252,5,0.8,60,1.5,1.0,5.0,252.0,0.3043459349896602,0.0300566631916316,0.1038778205493216,0.2893463015751343,-0.2129461792292305,0.0628040689960194,142,12.225352112676056,0.5138248847926268
usa,BRK.B,priority,30,30,"NVDA,AAPL,MSFT,AVGO,ORCL,AMD,CSCO,QCOM,TXN,IBM,ACN,ADI,GOOGL,META,NFLX,DIS,VZ,AMZN,TSLA,HD,MCD,LOW,WMT,COST,PG,KO,PEP,PM,JPM,V","TMUS,CMCSA,BKNG,SBUX",,252,5,0.8,60,2.0,0.0,5.0,252.0,2.9317026938206183,0.1648474492442362,0.1619464931057488,1.0179130531501732,-0.1578769100691296,0.0243255196815568,28,2152.0,0.5260223048327137
usa,BRK.B,priority,30,30,"NVDA,AAPL,MSFT,AVGO,ORCL,AMD,CSCO,QCOM,TXN,IBM,ACN,ADI,GOOGL,META,NFLX,DIS,VZ,AMZN,TSLA,HD,MCD,LOW,WMT,COST,PG,KO,PEP,PM,JPM,V","TMUS,CMCSA,BKNG,SBUX",,252,5,0.8,60,2.0,0.25,5.0,252.0,0.8729919869371598,0.0724462140835959,0.1201485244199308,0.6029721499565768,-0.1313914163523154,0.0336134453781512,75,28.135135135135137,0.5235350624399616
usa,BRK.B,priority,30,30,"NVDA,AAPL,MSFT,AVGO,ORCL,AMD,CSCO,QCOM,TXN,IBM,ACN,ADI,GOOGL,META,NFLX,DIS,VZ,AMZN,TSLA,HD,MCD,LOW,WMT,COST,PG,KO,PEP,PM,JPM,V","TMUS,CMCSA,BKNG,SBUX",,252,5,0.8,60,2.0,0.5,5.0,252.0,0.9873633597868624,0.0795543865460859,0.1145642963564263,0.6944081976341087,-0.1245840815786948,0.0353825740822644,79,23.82051282051282,0.5231431646932185
usa,BRK.B,priority,30,30,"NVDA,AAPL,MSFT,AVGO,ORCL,AMD,CSCO,QCOM,TXN,IBM,ACN,ADI,GOOGL,META,NFLX,DIS,VZ,AMZN,TSLA,HD,MCD,LOW,WMT,COST,PG,KO,PEP,PM,JPM,V","TMUS,CMCSA,BKNG,SBUX",,252,5,0.8,60,2.0,0.75,5.0,252.0,0.809464444410763,0.068329618876662,0.1016462271277902,0.6722297600948591,-0.1237468664465071,0.0380362671384343,85,18.33333333333333,0.5298701298701298
usa,BRK.B,priority,30,30,"NVDA,AAPL,MSFT,AVGO,ORCL,AMD,CSCO,QCOM,TXN,IBM,ACN,ADI,GOOGL,META,NFLX,DIS,VZ,AMZN,TSLA,HD,MCD,LOW,WMT,COST,PG,KO,PEP,PM,JPM,V","TMUS,CMCSA,BKNG,SBUX",,252,5,0.8,60,2.0,1.0,5.0,252.0,0.4834811679512256,0.0449373626953699,0.0912101746494802,0.4926792747417028,-0.1008743441164388,0.0398053958425475,90,14.822222222222225,0.5247376311844077
usa,BRK.B,priority,30,30,"NVDA,AAPL,MSFT,AVGO,ORCL,AMD,CSCO,QCOM,TXN,IBM,ACN,ADI,GOOGL,META,NFLX,DIS,VZ,AMZN,TSLA,HD,MCD,LOW,WMT,COST,PG,KO,PEP,PM,JPM,V","TMUS,CMCSA,BKNG,SBUX",,252,5,0.8,60,2.5,0.0,5.0,252.0,2.4654029509207627,0.1485722297588978,0.1620032727578386,0.91709400205132,-0.1789613787981261,0.0145953118089341,17,2152.0,0.5111524163568774
usa,BRK.B,priority,30,30,"NVDA,AAPL,MSFT,AVGO,ORCL,AMD,CSCO,QCOM,TXN,IBM,ACN,ADI,GOOGL,META,NFLX,DIS,VZ,AMZN,TSLA,HD,MCD,LOW,WMT,COST,PG,KO,PEP,PM,JPM,V","TMUS,CMCSA,BKNG,SBUX",,252,5,0.8,60,2.5,0.25,5.0,252.0,0.5073898185980175,0.0468010535474219,0.1085162875274089,0.4312813736426522,-0.1473784850927281,0.0212295444493586,48,29.666666666666668,0.5112359550561798
usa,BRK.B,priority,30,30,"NVDA,AAPL,MSFT,AVGO,ORCL,AMD,CSCO,QCOM,TXN,IBM,ACN,ADI,GOOGL,META,NFLX,DIS,VZ,AMZN,TSLA,HD,MCD,LOW,WMT,COST,PG,KO,PEP,PM,JPM,V","TMUS,CMCSA,BKNG,SBUX",,252,5,0.8,60,2.5,0.5,5.0,252.0,0.5672447995908121,0.0513540629302984,0.1028140815540779,0.4994847218791456,-0.1351672103592477,0.0221141088014153,50,25.28,0.5110759493670886
usa,BRK.B,priority,30,30,"NVDA,AAPL,MSFT,AVGO,ORCL,AMD,CSCO,QCOM,TXN,IBM,ACN,ADI,GOOGL,META,NFLX,DIS,VZ,AMZN,TSLA,HD,MCD,LOW,WMT,COST,PG,KO,PEP,PM,JPM,V","TMUS,CMCSA,BKNG,SBUX",,252,5,0.8,60,2.5,0.75,5.0,252.0,0.6704853644276341,0.0588561282600945,0.0895815683475998,0.6570115855944543,-0.1242967647964384,0.0247678018575851,56,17.892857142857142,0.5329341317365269
usa,BRK.B,priority,30,30,"NVDA,AAPL,MSFT,AVGO,ORCL,AMD,CSCO,QCOM,TXN,IBM,ACN,ADI,GOOGL,META,NFLX,DIS,VZ,AMZN,TSLA,HD,MCD,LOW,WMT,COST,PG,KO,PEP,PM,JPM,V","TMUS,CMCSA,BKNG,SBUX",,252,5,0.8,60,2.5,1.0,5.0,252.0,0.4649353384270491,0.0434732350097124,0.0808076005791435,0.5379844803971685,-0.1083232540206057,0.0256523662096417,58,15.275862068965518,0.5304740406320542
usa,BRK.B,priority,30,30,"NVDA,AAPL,MSFT,AVGO,ORCL,AMD,CSCO,QCOM,TXN,IBM,ACN,ADI,GOOGL,META,NFLX,DIS,VZ,AMZN,TSLA,HD,MCD,LOW,WMT,COST,PG,KO,PEP,PM,JPM,V","TMUS,CMCSA,BKNG,SBUX",,252,5,0.8,60,3.0,0.0,5.0,252.0,2.509636439283512,0.1501970511905088,0.1619868738554586,0.9272174196319766,-0.2243136173639298,0.0110570544007076,13,2152.0,0.516728624535316
usa,BRK.B,priority,30,30,"NVDA,AAPL,MSFT,AVGO,ORCL,AMD,CSCO,QCOM,TXN,IBM,ACN,ADI,GOOGL,META,NFLX,DIS,VZ,AMZN,TSLA,HD,MCD,LOW,WMT,COST,PG,KO,PEP,PM,JPM,V","TMUS,CMCSA,BKNG,SBUX",,252,5,0.8,60,3.0,0.25,5.0,252.0,0.5652868274920109,0.0512075891778125,0.0694883306474256,0.7369235769619062,-0.1062274539066611,0.0132684652808491,30,27.73333333333333,0.53125
usa,BRK.B,priority,30,30,"NVDA,AAPL,MSFT,AVGO,ORCL,AMD,CSCO,QCOM,TXN,IBM,ACN,ADI,GOOGL,META,NFLX,DIS,VZ,AMZN,TSLA,HD,MCD,LOW,WMT,COST,PG,KO,PEP,PM,JPM,V","TMUS,CMCSA,BKNG,SBUX",,252,5,0.8,60,3.0,0.5,5.0,252.0,0.5688674866154764,0.0514753312096238,0.0644421489664705,0.7987835917204855,-0.0647253559799935,0.0132684652808491,30,21.933333333333334,0.5440729483282675
usa,BRK.B,priority,30,30,"NVDA,AAPL,MSFT,AVGO,ORCL,AMD,CSCO,QCOM,TXN,IBM,ACN,ADI,GOOGL,META,NFLX,DIS,VZ,AMZN,TSLA,HD,MCD,LOW,WMT,COST,PG,KO,PEP,PM,JPM,V","TMUS,CMCSA,BKNG,SBUX",,252,5,0.8,60,3.0,0.75,5.0,252.0,0.5319451580678465,0.048688010896299,0.058058497288233,0.8386026709335243,-0.0647253559799935,0.0132684652808491,30,15.866666666666667,0.5798319327731093
usa,BRK.B,priority,30,30,"NVDA,AAPL,MSFT,AVGO,ORCL,AMD,CSCO,QCOM,TXN,IBM,ACN,ADI,GOOGL,META,NFLX,DIS,VZ,AMZN,TSLA,HD,MCD,LOW,WMT,COST,PG,KO,PEP,PM,JPM,V","TMUS,CMCSA,BKNG,SBUX",,252,5,0.8,60,3.0,1.0,5.0,252.0,0.3705042758271513,0.0357525691816213,0.0482956168734081,0.7402860030825482,-0.0701602896440681,0.0132684652808491,30,14.333333333333334,0.5767441860465117
usa,BRK.B,priority,30,30,"NVDA,AAPL,MSFT,AVGO,ORCL,AMD,CSCO,QCOM,TXN,IBM,ACN,ADI,GOOGL,META,NFLX,DIS,VZ,AMZN,TSLA,HD,MCD,LOW,WMT,COST,PG,KO,PEP,PM,JPM,V","TMUS,CMCSA,BKNG,SBUX",,252,10,0.8,60,1.0,0.0,5.0,252.0,0.981315803914717,0.0791877506546494,0.1711826033720316,0.4625922792081302,-0.2107266291491715,0.0340557275541795,39,2186.0,0.5086916742909423
usa,BRK.B,priority,30,30,"NVDA,AAPL,MSFT,AVGO,ORCL,AMD,CSCO,QCOM,TXN,IBM,ACN,ADI,GOOGL,META,NFLX,DIS,VZ,AMZN,TSLA,HD,MCD,LOW,WMT,COST,PG,KO,PEP,PM,JPM,V","TMUS,CMCSA,BKNG,SBUX",,252,10,0.8,60,1.0,0.25,5.0,252.0,0.933104981185289,0.0762288531307893,0.1466886179316593,0.5196644034529216,-0.1903084294834914,0.0588235294117647,129,24.349206349206348,0.5136897001303781
usa,BRK.B,priority,30,30,"NVDA,AAPL,MSFT,AVGO,ORCL,AMD,CSCO,QCOM,TXN,IBM,ACN,ADI,GOOGL,META,NFLX,DIS,VZ,AMZN,TSLA,HD,MCD,LOW,WMT,COST,PG,KO,PEP,PM,JPM,V","TMUS,CMCSA,BKNG,SBUX",,252,10,0.8,60,1.0,0.5,5.0,252.0,0.8739220889806694,0.0725055577512183,0.1423332410624465,0.5094070591662255,-0.2069747440208963,0.0707651481645289,159,17.455696202531644,0.5134155184916607
usa,BRK.B,priority,30,30,"NVDA,AAPL,MSFT,AVGO,ORCL,AMD,CSCO,QCOM,TXN,IBM,ACN,ADI,GOOGL,META,NFLX,DIS,VZ,AMZN,TSLA,HD,MCD,LOW,WMT,COST,PG,KO,PEP,PM,JPM,V","TMUS,CMCSA,BKNG,SBUX",,252,10,0.8,60,1.0,0.75,5.0,252.0,0.6946723372099628,0.0605539748979409,0.1374193227960311,0.4406510937899178,-0.2105140748029391,0.0849181777974347,191,13.16842105263158,0.5123900879296562
usa,BRK.B,priority,30,30,"NVDA,AAPL,MSFT,AVGO,ORCL,AMD,CSCO,QCOM,TXN,IBM,ACN,ADI,GOOGL,META,NFLX,DIS,VZ,AMZN,TSLA,HD,MCD,LOW,WMT,COST,PG,KO,PEP,PM,JPM,V","TMUS,CMCSA,BKNG,SBUX",,252,10,0.8,60,1.5,0.0,5.0,252.0,1.7678903125176095,0.12015920182187,0.1708193000785025,0.7034287212665609,-0.2116109273254458,0.0305174701459531,35,2172.0,0.5115101289134438
usa,BRK.B,priority,30,30,"NVDA,AAPL,MSFT,AVGO,ORCL,AMD,CSCO,QCOM,TXN,IBM,ACN,ADI,GOOGL,META,NFLX,DIS,VZ,AMZN,TSLA,HD,MCD,LOW,WMT,COST,PG,KO,PEP,PM,JPM,V","TMUS,CMCSA,BKNG,SBUX",,252,10,0.8,60,1.5,0.25,5.0,252.0,1.3582649040541337,0.100341130902563,0.1375311091333049,0.7295886111505527,-0.1426479273737438,0.0473241928350287,103,26.06,0.5149654643131235
usa,BRK.B,priority,30,30,"NVDA,AAPL,MSFT,AVGO,ORCL,AMD,CSCO,QCOM,TXN,IBM,ACN,ADI,GOOGL,META,NFLX,DIS,VZ,AMZN,TSLA,HD,MCD,LOW,WMT,COST,PG,KO,PEP,PM,JPM,V","TMUS,CMCSA,BKNG,SBUX",,252,10,0.8,60,1.5,0.5,5.0,252.0,1.3581140699627152,0.1003332867399089,0.1329512059830967,0.7546624793509975,-0.1426479273737443,0.0539584254754533,121,18.75,0.5173333333333333
usa,BRK.B,priority,30,30,"NVDA,AAPL,MSFT,AVGO,ORCL,AMD,CSCO,QCOM,TXN,IBM,ACN,ADI,GOOGL,META,NFLX,DIS,VZ,AMZN,TSLA,HD,MCD,LOW,WMT,COST,PG,KO,PEP,PM,JPM,V","TMUS,CMCSA,BKNG,SBUX",,252,10,0.8,60,1.5,0.75,5.0,252.0,0.9198538749041592,0.0754040930718638,0.1276683718648564,0.5906246940446843,-0.1512334532464379,0.0566121185316231,127,15.984126984126984,0.5163853028798411
usa,BRK.B,priority,30,30,"NVDA,AAPL,MSFT,AVGO,ORCL,AMD,CSCO,QCOM,TXN,IBM,ACN,ADI,GOOGL,META,NFLX,DIS,VZ,AMZN,TSLA,HD,MCD,LOW,WMT,COST,PG,KO,PEP,PM,JPM,V","TMUS,CMCSA,BKNG,SBUX",,252,10,0.8,60,1.5,1.0,5.0,252.0,0.4736137793288999,0.0441604051312247,0.1190103214617423,0.3710636572427106,-0.1773798804670776,0.063688633348076,144,12.430555555555555,0.5072625698324023
usa,BRK.B,priority,30,30,"NVDA,AAPL,MSFT,AVGO,ORCL,AMD,CSCO,QCOM,TXN,IBM,ACN,ADI,GOOGL,META,NFLX,DIS,VZ,AMZN,TSLA,HD,MCD,LOW,WMT,COST,PG,KO,PEP,PM,JPM,V","TMUS,CMCSA,BKNG,SBUX",,252,10,0.8,60,2.0,0.0,5.0,252.0,2.4981533484627785,0.1497770011483541,0.1697660030618534,0.8822555661735382,-0.165265578710003,0.02609464838567,30,2152.0,0.5162639405204461
usa,BRK.B,priority,30,30,"NVDA,AAPL,MSFT,AVGO,ORCL,AMD,CSCO,QCOM,TXN,IBM,ACN,ADI,GOOGL,META,NFLX,DIS,VZ,AMZN,TSLA,HD,MCD,LOW,WMT,COST,PG,KO,PEP,PM,JPM,V","TMUS,CMCSA,BKNG,SBUX",,252,10,0.8,60,2.0,0.25,5.0,252.0,1.0525949548669926,0.0834473043055097,0.1286119711191775,0.6488299928797745,-0.1426479273737437,0.0349402919062361,77,28.76315789473684,0.5096065873741995
usa,BRK.B,priority,30,30,"NVDA,AAPL,MSFT,AVGO,ORCL,AMD,CSCO,QCOM,TXN,IBM,ACN,ADI,GOOGL,META,NFLX,DIS,VZ,AMZN,TSLA,HD,MCD,LOW,WMT,COST,PG,KO,PEP,PM,JPM,V","TMUS,CMCSA,BKNG,SBUX",,252,10,0.8,60,2.0,0.5,5.0,252.0,1.169494069845796,0.0901565523038576,0.1238648388997648,0.7278623466084274,-0.1492720808081632,0.0389208314904909,87,21.046511627906977,0.5171270718232044
usa,BRK.B,priority,30,30,"NVDA,AAPL,MSFT,AVGO,ORCL,AMD,CSCO,QCOM,TXN,IBM,ACN,ADI,GOOGL,META,NFLX,DIS,VZ,AMZN,TSLA,HD,MCD,LOW,WMT,COST,PG,KO,PEP,PM,JPM,V","TMUS,CMCSA,BKNG,SBUX",,252,10,0.8,60,2.0,0.75,5.0,252.0,0.8112920544184568,0.0684498297968383,0.1184022709652703,0.5781124740159418,-0.1504979090069839,0.0398053958425475,89,18.25,0.5168119551681195
usa,BRK.B,priority,30,30,"NVDA,AAPL,MSFT,AVGO,ORCL,AMD,CSCO,QCOM,TXN,IBM,ACN,ADI,GOOGL,META,NFLX,DIS,VZ,AMZN,TSLA,HD,MCD,LOW,WMT,COST,PG,KO,PEP,PM,JPM,V","TMUS,CMCSA,BKNG,SBUX",,252,10,0.8,60,2.0,1.0,5.0,252.0,0.4216038483336024,0.03998710481354,0.1079807451128537,0.3703169928281974,-0.1373618024003237,0.0415745245466607,94,14.851063829787234,0.5128939828080229
usa,BRK.B,priority,30,30,"NVDA,AAPL,MSFT,AVGO,ORCL,AMD,CSCO,QCOM,TXN,IBM,ACN,ADI,GOOGL,META,NFLX,DIS,VZ,AMZN,TSLA,HD,MCD,LOW,WMT,COST,PG,KO,PEP,PM,JPM,V","TMUS,CMCSA,BKNG,SBUX",,252,10,0.8,60,2.5,0.0,5.0,252.0,2.808528618036921,0.1607223828322037,0.1696527171036033,0.9473610890302098,-0.1870222396057292,0.0163644405130473,19,2151.0,0.503951650395165
usa,BRK.B,priority,30,30,"NVDA,AAPL,MSFT,AVGO,ORCL,AMD,CSCO,QCOM,TXN,IBM,ACN,ADI,GOOGL,META,NFLX,DIS,VZ,AMZN,TSLA,HD,MCD,LOW,WMT,COST,PG,KO,PEP,PM,JPM,V","TMUS,CMCSA,BKNG,SBUX",,252,10,0.8,60,2.5,0.25,5.0,252.0,0.7274999662817376,0.0628242481844505,0.1162883364142372,0.5402454805154384,-0.1636446938804049,0.0229986731534719,51,32.28,0.4993804213135068
usa,BRK.B,priority,30,30,"NVDA,AAPL,MSFT,AVGO,ORCL,AMD,CSCO,QCOM,TXN,IBM,ACN,ADI,GOOGL,META,NFLX,DIS,VZ,AMZN,TSLA,HD,MCD,LOW,WMT,COST,PG,KO,PEP,PM,JPM,V","TMUS,CMCSA,BKNG,SBUX",,252,10,0.8,60,2.5,0.5,5.0,252.0,0.7337382359904017,0.063251330708506,0.1105225417793654,0.5722934859277289,-0.1543117139187929,0.0238832375055285,54,23.74074074074074,0.5054602184087363
usa,BRK.B,priority,30,30,"NVDA,AAPL,MSFT,AVGO,ORCL,AMD,CSCO,QCOM,TXN,IBM,ACN,ADI,GOOGL,META,NFLX,DIS,VZ,AMZN,TSLA,HD,MCD,LOW,WMT,COST,PG,KO,PEP,PM,JPM,V","TMUS,CMCSA,BKNG,SBUX",,252,10,0.8,60,2.5,0.75,5.0,252.0,0.5805503873589024,0.052345154484731,0.1055453326998037,0.4959494953094068,-0.1503037513797799,0.0247678018575851,56,20.214285714285715,0.5106007067137809
usa,BRK.B,priority,30,30,"NVDA,AAPL,MSFT,AVGO,ORCL,AMD,CSCO,QCOM,TXN,IBM,ACN,ADI,GOOGL,META,NFLX,DIS,VZ,AMZN,TSLA,HD,MCD,LOW,WMT,COST,PG,KO,PEP,PM,JPM,V","TMUS,CMCSA,BKNG,SBUX",,252,10,0.8,60,2.5,1.0,5.0,252.0,0.4553580007686579,0.0427106778035235,0.0943263364342768,0.4527969538314764,-0.140160806866058,0.0256523662096417,58,17.20689655172414,0.5170340681362725
usa,BRK.B,priority,30,30,"NVDA,AAPL,MSFT,AVGO,ORCL,AMD,CSCO,QCOM,TXN,IBM,ACN,ADI,GOOGL,META,NFLX,DIS,VZ,AMZN,TSLA,HD,MCD,LOW,WMT,COST,PG,KO,PEP,PM,JPM,V","TMUS,CMCSA,BKNG,SBUX",,252,10,0.8,60,3.0,0.0,5.0,252.0,2.3387372155263857,0.1438153357699931,0.169654810402472,0.8476938285971385,-0.2501204079832924,0.0092879256965944,11,2151.0,0.5202231520223152
usa,BRK.B,priority,30,30,"NVDA,AAPL,MSFT,AVGO,ORCL,AMD,CSCO,QCOM,TXN,IBM,ACN,ADI,GOOGL,META,NFLX,DIS,VZ,AMZN,TSLA,HD,MCD,LOW,WMT,COST,PG,KO,PEP,PM,JPM,V","TMUS,CMCSA,BKNG,SBUX",,252,10,0.8,60,3.0,0.25,5.0,252.0,1.015972694486805,0.0812755161390907,0.0797621015879636,1.0189741057594646,-0.0858285440861855,0.0141530296329057,32,24.75,0.5454545454545454
usa,BRK.B,priority,30,30,"NVDA,AAPL,MSFT,AVGO,ORCL,AMD,CSCO,QCOM,TXN,IBM,ACN,ADI,GOOGL,META,NFLX,DIS,VZ,AMZN,TSLA,HD,MCD,LOW,WMT,COST,PG,KO,PEP,PM,JPM,V","TMUS,CMCSA,BKNG,SBUX",,252,10,0.8,60,3.0,0.5,5.0,252.0,1.00820805581586,0.0808105543531576,0.0733088474008369,1.1023301718454666,-0.0452582603227113,0.0141530296329057,32,17.6875,0.5759717314487632
usa,BRK.B,priority,30,30,"NVDA,AAPL,MSFT,AVGO,ORCL,AMD,CSCO,QCOM,TXN,IBM,ACN,ADI,GOOGL,META,NFLX,DIS,VZ,AMZN,TSLA,HD,MCD,LOW,WMT,COST,PG,KO,PEP,PM,JPM,V","TMUS,CMCSA,BKNG,SBUX",,252,10,0.8,60,3.0,0.75,5.0,252.0,1.0041285372328783,0.0805656243184755,0.0692221870830391,1.1638699629907503,-0.0407334617769142,0.0141530296329057,32,13.8125,0.6153846153846154
usa,BRK.B,priority,30,30,"NVDA,AAPL,MSFT,AVGO,ORCL,AMD,CSCO,QCOM,TXN,IBM,ACN,ADI,GOOGL,META,NFLX,DIS,VZ,AMZN,TSLA,HD,MCD,LOW,WMT,COST,PG,KO,PEP,PM,JPM,V","TMUS,CMCSA,BKNG,SBUX",,252,10,0.8,60,3.0,1.0,5.0,252.0,0.8483434815814703,0.0708639351772837,0.0622110105667921,1.1390899220516844,-0.0404588063906723,0.0141530296329057,32,11.875,0.631578947368421
usa,BRK.B,priority,30,30,"NVDA,AAPL,MSFT,AVGO,ORCL,AMD,CSCO,QCOM,TXN,IBM,ACN,ADI,GOOGL,META,NFLX,DIS,VZ,AMZN,TSLA,HD,MCD,LOW,WMT,COST,PG,KO,PEP,PM,JPM,V","TMUS,CMCSA,BKNG,SBUX",,252,21,0.8,60,1.0,0.0,5.0,252.0,0.7466880053139611,0.0641335521819614,0.1779800862746892,0.3603411680730374,-0.2034933914232727,0.0340557275541795,39,2191.0,0.492925604746691
usa,BRK.B,priority,30,30,"NVDA,AAPL,MSFT,AVGO,ORCL,AMD,CSCO,QCOM,TXN,IBM,ACN,ADI,GOOGL,META,NFLX,DIS,VZ,AMZN,TSLA,HD,MCD,LOW,WMT,COST,PG,KO,PEP,PM,JPM,V","TMUS,CMCSA,BKNG,SBUX",,252,21,0.8,60,1.0,0.25,5.0,252.0,0.6585812498642674,0.0580124627055136,0.1571433309989419,0.3691691040067378,-0.2270082169907803,0.0526315789473684,109,33.24,0.4963898916967509
usa,BRK.B,priority,30,30,"NVDA,AAPL,MSFT,AVGO,ORCL,AMD,CSCO,QCOM,TXN,IBM,ACN,ADI,GOOGL,META,NFLX,DIS,VZ,AMZN,TSLA,HD,MCD,LOW,WMT,COST,PG,KO,PEP,PM,JPM,V","TMUS,CMCSA,BKNG,SBUX",,252,21,0.8,60,1.0,0.5,5.0,252.0,0.7044523734681791,0.0612343941489457,0.1506539763241567,0.4064572050669932,-0.2286867165425306,0.0663423264042459,145,21.5,0.4976744186046511
usa,BRK.B,priority,30,30,"NVDA,AAPL,MSFT,AVGO,ORCL,AMD,CSCO,QCOM,TXN,IBM,ACN,ADI,GOOGL,META,NFLX,DIS,VZ,AMZN,TSLA,HD,MCD,LOW,WMT,COST,PG,KO,PEP,PM,JPM,V","TMUS,CMCSA,BKNG,SBUX",,252,21,0.8,60,1.0,0.75,5.0,252.0,0.6237457259304249,0.0555123249823441,0.1472552515667615,0.3769802733125368,-0.2134470442016277,0.0831490490933215,184,15.2,0.4934210526315789
usa,BRK.B,priority,30,30,"NVDA,AAPL,MSFT,AVGO,ORCL,AMD,CSCO,QCOM,TXN,IBM,ACN,ADI,GOOGL,META,NFLX,DIS,VZ,AMZN,TSLA,HD,MCD,LOW,WMT,COST,PG,KO,PEP,PM,JPM,V","TMUS,CMCSA,BKNG,SBUX",,252,21,0.8,60,1.5,0.0,5.0,252.0,1.2192125253367756,0.0929131094709054,0.1778191316320275,0.5225146957931193,-0.2282435049675691,0.0287483414418398,33,2186.0,0.489935956084172
usa,BRK.B,priority,30,30,"NVDA,AAPL,MSFT,AVGO,ORCL,AMD,CSCO,QCOM,TXN,IBM,ACN,ADI,GOOGL,META,NFLX,DIS,VZ,AMZN,TSLA,HD,MCD,LOW,WMT,COST,PG,KO,PEP,PM,JPM,V","TMUS,CMCSA,BKNG,SBUX",,252,21,0.8,60,1.5,0.25,5.0,252.0,1.006971899075955,0.0807363835145758,0.1501842054371102,0.5375823861077337,-0.2245591573378094,0.0429013710747456,90,35.04761904761905,0.5020380434782609
usa,BRK.B,priority,30,30,"NVDA,AAPL,MSFT,AVGO,ORCL,AMD,CSCO,QCOM,TXN,IBM,ACN,ADI,GOOGL,META,NFLX,DIS,VZ,AMZN,TSLA,HD,MCD,LOW,WMT,COST,PG,KO,PEP,PM,JPM,V","TMUS,CMCSA,BKNG,SBUX",,252,21,0.8,60,1.5,0.5,5.0,252.0,1.014694146433284,0.0811990637332351,0.1411834236026697,0.5751317092419601,-0.2258524274388528,0.0486510393631136,107,23.76923076923077,0.5
usa,BRK.B,priority,30,30,"NVDA,AAPL,MSFT,AVGO,ORCL,AMD,CSCO,QCOM,TXN,IBM,ACN,ADI,GOOGL,META,NFLX,DIS,VZ,AMZN,TSLA,HD,MCD,LOW,WMT,COST,PG,KO,PEP,PM,JPM,V","TMUS,CMCSA,BKNG,SBUX",,252,21,0.8,60,1.5,0.75,5.0,252.0,1.053998691939814,0.0835298621545226,0.1345290584418863,0.6209057219456102,-0.202215483783776,0.0539584254754533,120,18.372881355932204,0.4990774907749077
usa,BRK.B,priority,30,30,"NVDA,AAPL,MSFT,AVGO,ORCL,AMD,CSCO,QCOM,TXN,IBM,ACN,ADI,GOOGL,META,NFLX,DIS,VZ,AMZN,TSLA,HD,MCD,LOW,WMT,COST,PG,KO,PEP,PM,JPM,V","TMUS,CMCSA,BKNG,SBUX",,252,21,0.8,60,1.5,1.0,5.0,252.0,0.468907167033012,0.0437881771595713,0.1246257399588528,0.3513574095851206,-0.2430685897771339,0.0583812472357364,132,14.969696969696969,0.4949392712550607
usa,BRK.B,priority,30,30,"NVDA,AAPL,MSFT,AVGO,ORCL,AMD,CSCO,QCOM,TXN,IBM,ACN,ADI,GOOGL,META,NFLX,DIS,VZ,AMZN,TSLA,HD,MCD,LOW,WMT,COST,PG,KO,PEP,PM,JPM,V","TMUS,CMCSA,BKNG,SBUX",,252,21,0.8,60,2.0,0.0,5.0,252.0,2.750730161274164,0.1587457146571129,0.1775377250406443,0.8941520154140237,-0.1814050449530253,0.0252100840336134,29,2181.0,0.5002292526364053
usa,BRK.B,priority,30,30,"NVDA,AAPL,MSFT,AVGO,ORCL,AMD,CSCO,QCOM,TXN,IBM,ACN,ADI,GOOGL,META,NFLX,DIS,VZ,AMZN,TSLA,HD,MCD,LOW,WMT,COST,PG,KO,PEP,PM,JPM,V","TMUS,CMCSA,BKNG,SBUX",,252,21,0.8,60,2.0,0.25,5.0,252.0,0.9367991303763836,0.0764578846060446,0.1350534419910299,0.5661305885941277,-0.1989808284546953,0.0314020344980097,65,39.1,0.4927536231884058
usa,BRK.B,priority,30,30,"NVDA,AAPL,MSFT,AVGO,ORCL,AMD,CSCO,QCOM,TXN,IBM,ACN,ADI,GOOGL,META,NFLX,DIS,VZ,AMZN,TSLA,HD,MCD,LOW,WMT,COST,PG,KO,PEP,PM,JPM,V","TMUS,CMCSA,BKNG,SBUX",,252,21,0.8,60,2.0,0.5,5.0,252.0,0.6912909348472052,0.0603179112222891,0.1274764994455666,0.4731688702202345,-0.211697174317563,0.0344980097302078,77,25.68421052631579,0.4948770491803279
usa,BRK.B,priority,30,30,"NVDA,AAPL,MSFT,AVGO,ORCL,AMD,CSCO,QCOM,TXN,IBM,ACN,ADI,GOOGL,META,NFLX,DIS,VZ,AMZN,TSLA,HD,MCD,LOW,WMT,COST,PG,KO,PEP,PM,JPM,V","TMUS,CMCSA,BKNG,SBUX",,252,21,0.8,60,2.0,0.75,5.0,252.0,0.8874578583973078,0.0733662370233398,0.1209865936283043,0.606399724325953,-0.1754815760881155,0.0380362671384343,85,20.071428571428573,0.5029655990510083
usa,BRK.B,priority,30,30,"NVDA,AAPL,MSFT,AVGO,ORCL,AMD,CSCO,QCOM,TXN,IBM,ACN,ADI,GOOGL,META,NFLX,DIS,VZ,AMZN,TSLA,HD,MCD,LOW,WMT,COST,PG,KO,PEP,PM,JPM,V","TMUS,CMCSA,BKNG,SBUX",,252,21,0.8,60,2.0,1.0,5.0,252.0,0.3450299549762445,0.033588894053161,0.1071013558292477,0.3136178229780019,-0.1936267925979374,0.0389208314904909,88,17.545454545454547,0.5012953367875648
usa,BRK.B,priority,30,30,"NVDA,AAPL,MSFT,AVGO,ORCL,AMD,CSCO,QCOM,TXN,IBM,ACN,ADI,GOOGL,META,NFLX,DIS,VZ,AMZN,TSLA,HD,MCD,LOW,WMT,COST,PG,KO,PEP,PM,JPM,V","TMUS,CMCSA,BKNG,SBUX",,252,21,0.8,60,2.5,0.0,5.0,252.0,4.149102605866839,0.200400358873914,0.1764264523039583,1.1358861228397428,-0.1814050449530256,0.0190181335692171,22,2152.0,0.5148698884758365
usa,BRK.B,priority,30,30,"NVDA,AAPL,MSFT,AVGO,ORCL,AMD,CSCO,QCOM,TXN,IBM,ACN,ADI,GOOGL,META,NFLX,DIS,VZ,AMZN,TSLA,HD,MCD,LOW,WMT,COST,PG,KO,PEP,PM,JPM,V","TMUS,CMCSA,BKNG,SBUX",,252,21,0.8,60,2.5,0.25,5.0,252.0,1.7003781201717447,0.1170805067494578,0.1271462851433362,0.9208330909351308,-0.1814050449530257,0.0252100840336134,53,39.32,0.5127161749745677
usa,BRK.B,priority,30,30,"NVDA,AAPL,MSFT,AVGO,ORCL,AMD,CSCO,QCOM,TXN,IBM,ACN,ADI,GOOGL,META,NFLX,DIS,VZ,AMZN,TSLA,HD,MCD,LOW,WMT,COST,PG,KO,PEP,PM,JPM,V","TMUS,CMCSA,BKNG,SBUX",,252,21,0.8,60,2.5,0.5,5.0,252.0,0.9925711572078262,0.0798693181487719,0.1153562887334026,0.6923707326728948,-0.1814050449530259,0.0265369305616983,60,25.166666666666668,0.5125827814569537
usa,BRK.B,priority,30,30,"NVDA,AAPL,MSFT,AVGO,ORCL,AMD,CSCO,QCOM,TXN,IBM,ACN,ADI,GOOGL,META,NFLX,DIS,VZ,AMZN,TSLA,HD,MCD,LOW,WMT,COST,PG,KO,PEP,PM,JPM,V","TMUS,CMCSA,BKNG,SBUX",,252,21,0.8,60,2.5,0.75,5.0,252.0,1.274847654569605,0.0959333909142126,0.1048688106003745,0.9147943069535486,-0.1355119451187874,0.0265369305616983,60,19.03333333333333,0.5271453590192644
usa,BRK.B,priority,30,30,"NVDA,AAPL,MSFT,AVGO,ORCL,AMD,CSCO,QCOM,TXN,IBM,ACN,ADI,GOOGL,META,NFLX,DIS,VZ,AMZN,TSLA,HD,MCD,LOW,WMT,COST,PG,KO,PEP,PM,JPM,V","TMUS,CMCSA,BKNG,SBUX",,252,21,0.8,60,2.5,1.0,5.0,252.0,0.7498724233334715,0.0643496047085243,0.0879431805687501,0.7317179603052754,-0.1027161816929294,0.0265369305616983,60,16.466666666666665,0.5364372469635628
usa,BRK.B,priority,30,30,"NVDA,AAPL,MSFT,AVGO,ORCL,AMD,CSCO,QCOM,TXN,IBM,ACN,ADI,GOOGL,META,NFLX,DIS,VZ,AMZN,TSLA,HD,MCD,LOW,WMT,COST,PG,KO,PEP,PM,JPM,V","TMUS,CMCSA,BKNG,SBUX",,252,21,0.8,60,3.0,0.0,5.0,252.0,1.498093331526229,0.1074280417110009,0.1766753109180004,0.6080535030775243,-0.294898283100981,0.0075187969924812,9,2149.0,0.5104699860400186
usa,BRK.B,priority,30,30,"NVDA,AAPL,MSFT,AVGO,ORCL,AMD,CSCO,QCOM,TXN,IBM,ACN,ADI,GOOGL,META,NFLX,DIS,VZ,AMZN,TSLA,HD,MCD,LOW,WMT,COST,PG,KO,PEP,PM,JPM,V","TMUS,CMCSA,BKNG,SBUX",,252,21,0.8,60,3.0,0.25,5.0,252.0,0.5585062148246047,0.0506990776963369,0.0726836276733276,0.6975309202259555,-0.181405044953026,0.0088456435205661,18,46.125,0.5230352303523035
usa,BRK.B,priority,30,30,"NVDA,AAPL,MSFT,AVGO,ORCL,AMD,CSCO,QCOM,TXN,IBM,ACN,ADI,GOOGL,META,NFLX,DIS,VZ,AMZN,TSLA,HD,MCD,LOW,WMT,COST,PG,KO,PEP,PM,JPM,V","TMUS,CMCSA,BKNG,SBUX",,252,21,0.8,60,3.0,0.5,5.0,252.0,0.3582628550085562,0.0347173385091859,0.0658779407183107,0.5269948958731833,-0.1814050449530254,0.0088456435205661,20,29.6,0.5304054054054054
usa,BRK.B,priority,30,30,"NVDA,AAPL,MSFT,AVGO,ORCL,AMD,CSCO,QCOM,TXN,IBM,ACN,ADI,GOOGL,META,NFLX,DIS,VZ,AMZN,TSLA,HD,MCD,LOW,WMT,COST,PG,KO,PEP,PM,JPM,V","TMUS,CMCSA,BKNG,SBUX",,252,21,0.8,60,3.0,0.75,5.0,252.0,0.5612576817107862,0.0509056602735187,0.0512422682817991,0.9934310478523464,-0.0406980662529438,0.0088456435205661,20,16.0,0.6
usa,BRK.B,priority,30,30,"NVDA,AAPL,MSFT,AVGO,ORCL,AMD,CSCO,QCOM,TXN,IBM,ACN,ADI,GOOGL,META,NFLX,DIS,VZ,AMZN,TSLA,HD,MCD,LOW,WMT,COST,PG,KO,PEP,PM,JPM,V","TMUS,CMCSA,BKNG,SBUX",,252,21,0.8,60,3.0,1.0,5.0,252.0,0.4943274657055674,0.0457861193846218,0.0500428689965003,0.9149379382669643,-0.0406980662529437,0.0088456435205661,20,14.8,0.5945945945945946
usa,BRK.B,priority,30,30,"NVDA,AAPL,MSFT,AVGO,ORCL,AMD,CSCO,QCOM,TXN,IBM,ACN,ADI,GOOGL,META,NFLX,DIS,VZ,AMZN,TSLA,HD,MCD,LOW,WMT,COST,PG,KO,PEP,PM,JPM,V","TMUS,CMCSA,BKNG,SBUX",,252,63,0.8,60,1.0,0.0,5.0,252.0,0.6532816431208368,0.057635138236838,0.2047200584840944,0.2815314662550079,-0.4243535906293975,0.0367094206103494,42,2201.0,0.4984098137210359
usa,BRK.B,priority,30,30,"NVDA,AAPL,MSFT,AVGO,ORCL,AMD,CSCO,QCOM,TXN,IBM,ACN,ADI,GOOGL,META,NFLX,DIS,VZ,AMZN,TSLA,HD,MCD,LOW,WMT,COST,PG,KO,PEP,PM,JPM,V","TMUS,CMCSA,BKNG,SBUX",,252,63,0.8,60,1.0,0.25,5.0,252.0,0.7638464763924677,0.0652935883306371,0.1923705054748527,0.3394157964572823,-0.4565000527226137,0.0566121185316231,112,37.770833333333336,0.4958632101489244
usa,BRK.B,priority,30,30,"NVDA,AAPL,MSFT,AVGO,ORCL,AMD,CSCO,QCOM,TXN,IBM,ACN,ADI,GOOGL,META,NFLX,DIS,VZ,AMZN,TSLA,HD,MCD,LOW,WMT,COST,PG,KO,PEP,PM,JPM,V","TMUS,CMCSA,BKNG,SBUX",,252,63,0.8,60,1.0,0.5,5.0,252.0,0.4911063723186892,0.0455346317379934,0.1850154012347147,0.2461126556714442,-0.434557194696623,0.0681114551083591,147,22.785714285714285,0.4927899686520376
usa,BRK.B,priority,30,30,"NVDA,AAPL,MSFT,AVGO,ORCL,AMD,CSCO,QCOM,TXN,IBM,ACN,ADI,GOOGL,META,NFLX,DIS,VZ,AMZN,TSLA,HD,MCD,LOW,WMT,COST,PG,KO,PEP,PM,JPM,V","TMUS,CMCSA,BKNG,SBUX",,252,63,0.8,60,1.0,0.75,5.0,252.0,0.3509420787211776,0.0340942679308355,0.1801400950341345,0.189265293350573,-0.4109143168332315,0.0849181777974347,188,15.58695652173913,0.4909344490934449
usa,BRK.B,priority,30,30,"NVDA,AAPL,MSFT,AVGO,ORCL,AMD,CSCO,QCOM,TXN,IBM,ACN,ADI,GOOGL,META,NFLX,DIS,VZ,AMZN,TSLA,HD,MCD,LOW,WMT,COST,PG,KO,PEP,PM,JPM,V","TMUS,CMCSA,BKNG,SBUX",,252,63,0.8,60,1.5,0.0,5.0,252.0,0.4369057793763187,0.0412288366050561,0.204704691401728,0.2014064080443841,-0.4197000968371427,0.02609464838567,30,2201.0,0.4929577464788732
usa,BRK.B,priority,30,30,"NVDA,AAPL,MSFT,AVGO,ORCL,AMD,CSCO,QCOM,TXN,IBM,ACN,ADI,GOOGL,META,NFLX,DIS,VZ,AMZN,TSLA,HD,MCD,LOW,WMT,COST,PG,KO,PEP,PM,JPM,V","TMUS,CMCSA,BKNG,SBUX",,252,63,0.8,60,1.5,0.25,5.0,252.0,0.5600284433718543,0.0508134079782536,0.1849319016939848,0.2747682120434627,-0.4521079793070696,0.0406899601946041,82,44.638888888888886,0.4934660858742999
usa,BRK.B,priority,30,30,"NVDA,AAPL,MSFT,AVGO,ORCL,AMD,CSCO,QCOM,TXN,IBM,ACN,ADI,GOOGL,META,NFLX,DIS,VZ,AMZN,TSLA,HD,MCD,LOW,WMT,COST,PG,KO,PEP,PM,JPM,V","TMUS,CMCSA,BKNG,SBUX",,252,63,0.8,60,1.5,0.5,5.0,252.0,0.5813837620336253,0.05240698294413,0.1768355605920157,0.2963599785511482,-0.4237399000387111,0.0486510393631136,107,25.73076923076923,0.4947683109118087
usa,BRK.B,priority,30,30,"NVDA,AAPL,MSFT,AVGO,ORCL,AMD,CSCO,QCOM,TXN,IBM,ACN,ADI,GOOGL,META,NFLX,DIS,VZ,AMZN,TSLA,HD,MCD,LOW,WMT,COST,PG,KO,PEP,PM,JPM,V","TMUS,CMCSA,BKNG,SBUX",,252,63,0.8,60,1.5,0.75,5.0,252.0,0.5901495122765519,0.0530555702022499,0.1717577510625851,0.3088976763727975,-0.4038508791540783,0.0539584254754533,119,19.74137931034483,0.496943231441048
usa,BRK.B,priority,30,30,"NVDA,AAPL,MSFT,AVGO,ORCL,AMD,CSCO,QCOM,TXN,IBM,ACN,ADI,GOOGL,META,NFLX,DIS,VZ,AMZN,TSLA,HD,MCD,LOW,WMT,COST,PG,KO,PEP,PM,JPM,V","TMUS,CMCSA,BKNG,SBUX",,252,63,0.8,60,1.5,1.0,5.0,252.0,0.4458054392072157,0.0419456386827488,0.1605657241450258,0.261236567804862,-0.4143795850491509,0.0619195046439628,139,14.710144927536232,0.4955665024630541
usa,BRK.B,priority,30,30,"NVDA,AAPL,MSFT,AVGO,ORCL,AMD,CSCO,QCOM,TXN,IBM,ACN,ADI,GOOGL,META,NFLX,DIS,VZ,AMZN,TSLA,HD,MCD,LOW,WMT,COST,PG,KO,PEP,PM,JPM,V","TMUS,CMCSA,BKNG,SBUX",,252,63,0.8,60,2.0,0.0,5.0,252.0,1.0843298084339683,0.085301589532782,0.204684217557846,0.4167472731925452,-0.2922768714638617,0.0207872622733303,24,2201.0,0.4988641526578827
usa,BRK.B,priority,30,30,"NVDA,AAPL,MSFT,AVGO,ORCL,AMD,CSCO,QCOM,TXN,IBM,ACN,ADI,GOOGL,META,NFLX,DIS,VZ,AMZN,TSLA,HD,MCD,LOW,WMT,COST,PG,KO,PEP,PM,JPM,V","TMUS,CMCSA,BKNG,SBUX",,252,63,0.8,60,2.0,0.25,5.0,252.0,0.5853667115527563,0.0527020806026918,0.1631254658272309,0.3230769661587331,-0.3249435996088473,0.0283060592658115,58,54.19230769230769,0.4953867991483321
usa,BRK.B,priority,30,30,"NVDA,AAPL,MSFT,AVGO,ORCL,AMD,CSCO,QCOM,TXN,IBM,ACN,ADI,GOOGL,META,NFLX,DIS,VZ,AMZN,TSLA,HD,MCD,LOW,WMT,COST,PG,KO,PEP,PM,JPM,V","TMUS,CMCSA,BKNG,SBUX",,252,63,0.8,60,2.0,0.5,5.0,252.0,0.3528544918920659,0.034257322182531,0.1516735815524635,0.2258621562956997,-0.2966490436571517,0.031844316674038,71,30.685714285714287,0.4888268156424581
usa,BRK.B,priority,30,30,"NVDA,AAPL,MSFT,AVGO,ORCL,AMD,CSCO,QCOM,TXN,IBM,ACN,ADI,GOOGL,META,NFLX,DIS,VZ,AMZN,TSLA,HD,MCD,LOW,WMT,COST,PG,KO,PEP,PM,JPM,V","TMUS,CMCSA,BKNG,SBUX",,252,63,0.8,60,2.0,0.75,5.0,252.0,0.1795471553656424,0.0185750580970445,0.1441088667641642,0.1288960111485909,-0.3063026340331168,0.031844316674038,71,25.37142857142857,0.4864864864864865
usa,BRK.B,priority,30,30,"NVDA,AAPL,MSFT,AVGO,ORCL,AMD,CSCO,QCOM,TXN,IBM,ACN,ADI,GOOGL,META,NFLX,DIS,VZ,AMZN,TSLA,HD,MCD,LOW,WMT,COST,PG,KO,PEP,PM,JPM,V","TMUS,CMCSA,BKNG,SBUX",,252,63,0.8,60,2.0,1.0,5.0,252.0,-0.1200862724908139,-0.0141574369828435,0.11364095786698,-0.1245804087590957,-0.3615779457343926,0.0327288810260946,74,20.216216216216218,0.481283422459893
usa,BRK.B,priority,30,30,"NVDA,AAPL,MSFT,AVGO,ORCL,AMD,CSCO,QCOM,TXN,IBM,ACN,ADI,GOOGL,META,NFLX,DIS,VZ,AMZN,TSLA,HD,MCD,LOW,WMT,COST,PG,KO,PEP,PM,JPM,V","TMUS,CMCSA,BKNG,SBUX",,252,63,0.8,60,2.5,0.0,5.0,252.0,1.2567416442574295,0.0949577381518254,0.2046370242839774,0.4640300966263629,-0.2789393795796534,0.0154798761609907,18,2200.0,0.5013636363636363
usa,BRK.B,priority,30,30,"NVDA,AAPL,MSFT,AVGO,ORCL,AMD,CSCO,QCOM,TXN,IBM,ACN,ADI,GOOGL,META,NFLX,DIS,VZ,AMZN,TSLA,HD,MCD,LOW,WMT,COST,PG,KO,PEP,PM,JPM,V","TMUS,CMCSA,BKNG,SBUX",,252,63,0.8,60,2.5,0.25,5.0,252.0,0.5686495403157603,0.0514590499084828,0.1521531498534802,0.3382056168934828,-0.323083785095668,0.0194604157452454,40,56.16666666666666,0.496538081107814
usa,BRK.B,priority,30,30,"NVDA,AAPL,MSFT,AVGO,ORCL,AMD,CSCO,QCOM,TXN,IBM,ACN,ADI,GOOGL,META,NFLX,DIS,VZ,AMZN,TSLA,HD,MCD,LOW,WMT,COST,PG,KO,PEP,PM,JPM,V","TMUS,CMCSA,BKNG,SBUX",,252,63,0.8,60,2.5,0.5,5.0,252.0,0.291535934110388,0.0289242106605152,0.1410902366783347,0.2050050474183994,-0.2706064136846884,0.020344980097302,45,33.40909090909091,0.4843537414965986
usa,BRK.B,priority,30,30,"NVDA,AAPL,MSFT,AVGO,ORCL,AMD,CSCO,QCOM,TXN,IBM,ACN,ADI,GOOGL,META,NFLX,DIS,VZ,AMZN,TSLA,HD,MCD,LOW,WMT,COST,PG,KO,PEP,PM,JPM,V","TMUS,CMCSA,BKNG,SBUX",,252,63,0.8,60,2.5,0.75,5.0,252.0,0.2402197343111058,0.024285207501028,0.1375044333146602,0.1766139964771508,-0.2565149392631402,0.020344980097302,45,29.818181818181817,0.4801829268292683
usa,BRK.B,priority,30,30,"NVDA,AAPL,MSFT,AVGO,ORCL,AMD,CSCO,QCOM,TXN,IBM,ACN,ADI,GOOGL,META,NFLX,DIS,VZ,AMZN,TSLA,HD,MCD,LOW,WMT,COST,PG,KO,PEP,PM,JPM,V","TMUS,CMCSA,BKNG,SBUX",,252,63,0.8,60,2.5,1.0,5.0,252.0,-0.0291947330429572,-0.0032968989861307,0.1057154651195811,-0.0311865343675251,-0.2869748001581204,0.0212295444493586,48,23.20833333333333,0.4793536804308797
usa,BRK.B,priority,30,30,"NVDA,AAPL,MSFT,AVGO,ORCL,AMD,CSCO,QCOM,TXN,IBM,ACN,ADI,GOOGL,META,NFLX,DIS,VZ,AMZN,TSLA,HD,MCD,LOW,WMT,COST,PG,KO,PEP,PM,JPM,V","TMUS,CMCSA,BKNG,SBUX",,252,63,0.8,60,3.0,0.0,5.0,252.0,0.3802053777217371,0.0365671512227094,0.2019506832838996,0.1810697078519108,-0.3765344479134724,0.0057496682883679,7,2135.0,0.4880562060889929
usa,BRK.B,priority,30,30,"NVDA,AAPL,MSFT,AVGO,ORCL,AMD,CSCO,QCOM,TXN,IBM,ACN,ADI,GOOGL,META,NFLX,DIS,VZ,AMZN,TSLA,HD,MCD,LOW,WMT,COST,PG,KO,PEP,PM,JPM,V","TMUS,CMCSA,BKNG,SBUX",,252,63,0.8,60,3.0,0.25,5.0,252.0,0.4425534491802512,0.0416841705461008,0.1432529286718294,0.2909830251470314,-0.3352371547252124,0.0106147722246793,23,67.0,0.5006784260515604
usa,BRK.B,priority,30,30,"NVDA,AAPL,MSFT,AVGO,ORCL,AMD,CSCO,QCOM,TXN,IBM,ACN,ADI,GOOGL,META,NFLX,DIS,VZ,AMZN,TSLA,HD,MCD,LOW,WMT,COST,PG,KO,PEP,PM,JPM,V","TMUS,CMCSA,BKNG,SBUX",,252,63,0.8,60,3.0,0.5,5.0,252.0,0.3837590074359158,0.0368642696723766,0.1313979725206922,0.2805543264114777,-0.2483654526998129,0.0114993365767359,26,36.53846153846154,0.5010526315789474
usa,BRK.B,priority,30,30,"NVDA,AAPL,MSFT,AVGO,ORCL,AMD,CSCO,QCOM,TXN,IBM,ACN,ADI,GOOGL,META,NFLX,DIS,VZ,AMZN,TSLA,HD,MCD,LOW,WMT,COST,PG,KO,PEP,PM,JPM,V","TMUS,CMCSA,BKNG,SBUX",,252,63,0.8,60,3.0,0.75,5.0,252.0,0.3914322967014576,0.037503526650402,0.1291766337326039,0.2903274808045736,-0.2619228088174582,0.0114993365767359,26,31.923076923076923,0.4939759036144578
usa,BRK.B,priority,30,30,"NVDA,AAPL,MSFT,AVGO,ORCL,AMD,CSCO,QCOM,TXN,IBM,ACN,ADI,GOOGL,META,NFLX,DIS,VZ,AMZN,TSLA,HD,MCD,LOW,WMT,COST,PG,KO,PEP,PM,JPM,V","TMUS,CMCSA,BKNG,SBUX",,252,63,0.8,60,3.0,1.0,5.0,252.0,0.0211370137986517,0.0023339954848593,0.0913900042894378,0.0255388486192367,-0.1932753684205237,0.0114993365767359,26,24.76923076923077,0.4751552795031056
crypto,SOL,priority_with_coverage_fallback,30,30,"BTC,ETH,XRP,BNB,TRX,ADA,AVAX,DOT,NEAR,ATOM,ALGO,DOGE,BCH,LTC,XLM,ETC,LINK,UNI,AAVE,INJ,FIL,VET,FET,GRT,THETA,XTZ,SAND,CHZ,DASH,HBAR","TON,SUI,ICP,MKR,RENDER,RNDR,ARB,OP,MATIC,POL,APT,SEI,EOS,MANA","CHZ,DASH,HBAR",1440,24,0.8,336,1.0,0.0,10.0,8760.0,17.174226588742616,0.719659516275897,1.1008092295255507,0.653754980402981,-0.8071371283272364,0.0080025608194622,188,46524.0,0.5036755223110653
crypto,SOL,priority_with_coverage_fallback,30,30,"BTC,ETH,XRP,BNB,TRX,ADA,AVAX,DOT,NEAR,ATOM,ALGO,DOGE,BCH,LTC,XLM,ETC,LINK,UNI,AAVE,INJ,FIL,VET,FET,GRT,THETA,XTZ,SAND,CHZ,DASH,HBAR","TON,SUI,ICP,MKR,RENDER,RNDR,ARB,OP,MATIC,POL,APT,SEI,EOS,MANA","CHZ,DASH,HBAR",1440,24,0.8,336,1.0,0.25,10.0,8760.0,11.76998056175311,0.609870730624934,0.9298489948682626,0.6558814753693831,-0.7719467978216761,0.014319248826291,659,100.5679012345679,0.5040510680088387
crypto,SOL,priority_with_coverage_fallback,30,30,"BTC,ETH,XRP,BNB,TRX,ADA,AVAX,DOT,NEAR,ATOM,ALGO,DOGE,BCH,LTC,XLM,ETC,LINK,UNI,AAVE,INJ,FIL,VET,FET,GRT,THETA,XTZ,SAND,CHZ,DASH,HBAR","TON,SUI,ICP,MKR,RENDER,RNDR,ARB,OP,MATIC,POL,APT,SEI,EOS,MANA","CHZ,DASH,HBAR",1440,24,0.8,336,1.0,0.5,10.0,8760.0,24.905846190841647,0.8374703002165098,0.8956294047665126,0.9350634266355238,-0.6958420514656911,0.0191848058045241,890,66.29705215419501,0.5040872866573178
crypto,SOL,priority_with_coverage_fallback,30,30,"BTC,ETH,XRP,BNB,TRX,ADA,AVAX,DOT,NEAR,ATOM,ALGO,DOGE,BCH,LTC,XLM,ETC,LINK,UNI,AAVE,INJ,FIL,VET,FET,GRT,THETA,XTZ,SAND,CHZ,DASH,HBAR","TON,SUI,ICP,MKR,RENDER,RNDR,ARB,OP,MATIC,POL,APT,SEI,EOS,MANA","CHZ,DASH,HBAR",1440,24,0.8,336,1.0,0.75,10.0,8760.0,10.337173717626646,0.5744502366606052,0.8684005069590012,0.6615038015952311,-0.6937961448653707,0.0263551002987622,1227,43.1983606557377,0.5035482524382376
crypto,SOL,priority_with_coverage_fallback,30,30,"BTC,ETH,XRP,BNB,TRX,ADA,AVAX,DOT,NEAR,ATOM,ALGO,DOGE,BCH,LTC,XLM,ETC,LINK,UNI,AAVE,INJ,FIL,VET,FET,GRT,THETA,XTZ,SAND,CHZ,DASH,HBAR","TON,SUI,ICP,MKR,RENDER,RNDR,ARB,OP,MATIC,POL,APT,SEI,EOS,MANA","CHZ,DASH,HBAR",1440,24,0.8,336,1.5,0.0,10.0,8760.0,383.57420584773786,2.0425360042792264,1.0914516426272995,1.8713939532515744,-0.6516354720624936,0.0059539052496798,140,46439.0,0.5069445939835052
crypto,SOL,priority_with_coverage_fallback,30,30,"BTC,ETH,XRP,BNB,TRX,ADA,AVAX,DOT,NEAR,ATOM,ALGO,DOGE,BCH,LTC,XLM,ETC,LINK,UNI,AAVE,INJ,FIL,VET,FET,GRT,THETA,XTZ,SAND,CHZ,DASH,HBAR","TON,SUI,ICP,MKR,RENDER,RNDR,ARB,OP,MATIC,POL,APT,SEI,EOS,MANA","CHZ,DASH,HBAR",1440,24,0.8,336,1.5,0.25,10.0,8760.0,23.884171681593177,0.8237009767983432,0.8520246004921918,0.9667572700629926,-0.7142706176336209,0.0099871959026888,462,124.13157894736842,0.5058299766800933
crypto,SOL,priority_with_coverage_fallback,30,30,"BTC,ETH,XRP,BNB,TRX,ADA,AVAX,DOT,NEAR,ATOM,ALGO,DOGE,BCH,LTC,XLM,ETC,LINK,UNI,AAVE,INJ,FIL,VET,FET,GRT,THETA,XTZ,SAND,CHZ,DASH,HBAR","TON,SUI,ICP,MKR,RENDER,RNDR,ARB,OP,MATIC,POL,APT,SEI,EOS,MANA","CHZ,DASH,HBAR",1440,24,0.8,336,1.5,0.5,10.0,8760.0,22.005038500501243,0.7971277108507566,0.808706621063968,0.9856821869493568,-0.6979441914318405,0.011651728553137,542,91.97397769516728,0.5057192514449699
crypto,SOL,priority_with_coverage_fallback,30,30,"BTC,ETH,XRP,BNB,TRX,ADA,AVAX,DOT,NEAR,ATOM,ALGO,DOGE,BCH,LTC,XLM,ETC,LINK,UNI,AAVE,INJ,FIL,VET,FET,GRT,THETA,XTZ,SAND,CHZ,DASH,HBAR","TON,SUI,ICP,MKR,RENDER,RNDR,ARB,OP,MATIC,POL,APT,SEI,EOS,MANA","CHZ,DASH,HBAR",1440,24,0.8,336,1.5,0.75,10.0,8760.0,12.898723979006986,0.6355639462200242,0.7763465900731713,0.818660060270403,-0.7153596849731321,0.013486982501067,630,69.49363057324841,0.5054763759681041
crypto,SOL,priority_with_coverage_fallback,30,30,"BTC,ETH,XRP,BNB,TRX,ADA,AVAX,DOT,NEAR,ATOM,ALGO,DOGE,BCH,LTC,XLM,ETC,LINK,UNI,AAVE,INJ,FIL,VET,FET,GRT,THETA,XTZ,SAND,CHZ,DASH,HBAR","TON,SUI,ICP,MKR,RENDER,RNDR,ARB,OP,MATIC,POL,APT,SEI,EOS,MANA","CHZ,DASH,HBAR",1440,24,0.8,336,1.5,1.0,10.0,8760.0,3.7483418181711032,0.3380509031672321,0.7275563442258006,0.4646387951258334,-0.662129633648773,0.0166880068288519,781,47.738461538461536,0.5056934149747556
crypto,SOL,priority_with_coverage_fallback,30,30,"BTC,ETH,XRP,BNB,TRX,ADA,AVAX,DOT,NEAR,ATOM,ALGO,DOGE,BCH,LTC,XLM,ETC,LINK,UNI,AAVE,INJ,FIL,VET,FET,GRT,THETA,XTZ,SAND,CHZ,DASH,HBAR","TON,SUI,ICP,MKR,RENDER,RNDR,ARB,OP,MATIC,POL,APT,SEI,EOS,MANA","CHZ,DASH,HBAR",1440,24,0.8,336,2.0,0.0,10.0,8760.0,504.8258478845456,2.2024729168552684,1.0884710191767846,2.02345572647493,-0.7716813463477965,0.004502774221084,106,46354.0,0.5067523838287958
crypto,SOL,priority_with_coverage_fallback,30,30,"BTC,ETH,XRP,BNB,TRX,ADA,AVAX,DOT,NEAR,ATOM,ALGO,DOGE,BCH,LTC,XLM,ETC,LINK,UNI,AAVE,INJ,FIL,VET,FET,GRT,THETA,XTZ,SAND,CHZ,DASH,HBAR","TON,SUI,ICP,MKR,RENDER,RNDR,ARB,OP,MATIC,POL,APT,SEI,EOS,MANA","CHZ,DASH,HBAR",1440,24,0.8,336,2.0,0.25,10.0,8760.0,14.962203074338955,0.6784405308791528,0.7781867428072196,0.8718222677910912,-0.6181732152261832,0.0069995731967562,326,139.12345679012347,0.5050137545478747
crypto,SOL,priority_with_coverage_fallback,30,30,"BTC,ETH,XRP,BNB,TRX,ADA,AVAX,DOT,NEAR,ATOM,ALGO,DOGE,BCH,LTC,XLM,ETC,LINK,UNI,AAVE,INJ,FIL,VET,FET,GRT,THETA,XTZ,SAND,CHZ,DASH,HBAR","TON,SUI,ICP,MKR,RENDER,RNDR,ARB,OP,MATIC,POL,APT,SEI,EOS,MANA","CHZ,DASH,HBAR",1440,24,0.8,336,2.0,0.5,10.0,8760.0,16.306184596632743,0.7039982131182401,0.7339912371088432,0.9591370816513504,-0.5446915132509569,0.0075970977379428,354,109.375,0.5047792207792208
crypto,SOL,priority_with_coverage_fallback,30,30,"BTC,ETH,XRP,BNB,TRX,ADA,AVAX,DOT,NEAR,ATOM,ALGO,DOGE,BCH,LTC,XLM,ETC,LINK,UNI,AAVE,INJ,FIL,VET,FET,GRT,THETA,XTZ,SAND,CHZ,DASH,HBAR","TON,SUI,ICP,MKR,RENDER,RNDR,ARB,OP,MATIC,POL,APT,SEI,EOS,MANA","CHZ,DASH,HBAR",1440,24,0.8,336,2.0,0.75,10.0,8760.0,8.167743735660501,0.5131611163763254,0.7064131650815288,0.7264319830691438,-0.5749971065755195,0.0082373026034997,384,87.34031413612566,0.5052751468648843
crypto,SOL,priority_with_coverage_fallback,30,30,"BTC,ETH,XRP,BNB,TRX,ADA,AVAX,DOT,NEAR,ATOM,ALGO,DOGE,BCH,LTC,XLM,ETC,LINK,UNI,AAVE,INJ,FIL,VET,FET,GRT,THETA,XTZ,SAND,CHZ,DASH,HBAR","TON,SUI,ICP,MKR,RENDER,RNDR,ARB,OP,MATIC,POL,APT,SEI,EOS,MANA","CHZ,DASH,HBAR",1440,24,0.8,336,2.0,1.0,10.0,8760.0,5.217085980398377,0.4071908025324273,0.6603019442323899,0.6166736386120932,-0.5717162508749708,0.0091335894152795,427,65.34741784037558,0.5057116172138804
crypto,SOL,priority_with_coverage_fallback,30,30,"BTC,ETH,XRP,BNB,TRX,ADA,AVAX,DOT,NEAR,ATOM,ALGO,DOGE,BCH,LTC,XLM,ETC,LINK,UNI,AAVE,INJ,FIL,VET,FET,GRT,THETA,XTZ,SAND,CHZ,DASH,HBAR","TON,SUI,ICP,MKR,RENDER,RNDR,ARB,OP,MATIC,POL,APT,SEI,EOS,MANA","CHZ,DASH,HBAR",1440,24,0.8,336,2.5,0.0,10.0,8760.0,46.04396174506599,1.0542702514655424,1.0822270865782615,0.9741673115934366,-0.8153533548008202,0.0030516431924882,72,45868.0,0.5056902415627452
crypto,SOL,priority_with_coverage_fallback,30,30,"BTC,ETH,XRP,BNB,TRX,ADA,AVAX,DOT,NEAR,ATOM,ALGO,DOGE,BCH,LTC,XLM,ETC,LINK,UNI,AAVE,INJ,FIL,VET,FET,GRT,THETA,XTZ,SAND,CHZ,DASH,HBAR","TON,SUI,ICP,MKR,RENDER,RNDR,ARB,OP,MATIC,POL,APT,SEI,EOS,MANA","CHZ,DASH,HBAR",1440,24,0.8,336,2.5,0.25,10.0,8760.0,9.21417430999826,0.5440461522606188,0.7127945019117163,0.7632580649843481,-0.6415951146764838,0.0050362782757148,236,139.47457627118644,0.5083242192246932
crypto,SOL,priority_with_coverage_fallback,30,30,"BTC,ETH,XRP,BNB,TRX,ADA,AVAX,DOT,NEAR,ATOM,ALGO,DOGE,BCH,LTC,XLM,ETC,LINK,UNI,AAVE,INJ,FIL,VET,FET,GRT,THETA,XTZ,SAND,CHZ,DASH,HBAR","TON,SUI,ICP,MKR,RENDER,RNDR,ARB,OP,MATIC,POL,APT,SEI,EOS,MANA","CHZ,DASH,HBAR",1440,24,0.8,336,2.5,0.5,10.0,8760.0,11.962414809987028,0.6143782786457308,0.6700217208298406,0.916952778612619,-0.5179927134907805,0.0052923602219376,248,110.49193548387096,0.5090139405882782
crypto,SOL,priority_with_coverage_fallback,30,30,"BTC,ETH,XRP,BNB,TRX,ADA,AVAX,DOT,NEAR,ATOM,ALGO,DOGE,BCH,LTC,XLM,ETC,LINK,UNI,AAVE,INJ,FIL,VET,FET,GRT,THETA,XTZ,SAND,CHZ,DASH,HBAR","TON,SUI,ICP,MKR,RENDER,RNDR,ARB,OP,MATIC,POL,APT,SEI,EOS,MANA","CHZ,DASH,HBAR",1440,24,0.8,336,2.5,0.75,10.0,8760.0,5.01706170074526,0.3986143896182264,0.6452553426615587,0.6177622458328138,-0.5432944925297627,0.005420401195049,254,96.81102362204724,0.5067100447336316
crypto,SOL,priority_with_coverage_fallback,30,30,"BTC,ETH,XRP,BNB,TRX,ADA,AVAX,DOT,NEAR,ATOM,ALGO,DOGE,BCH,LTC,XLM,ETC,LINK,UNI,AAVE,INJ,FIL,VET,FET,GRT,THETA,XTZ,SAND,CHZ,DASH,HBAR","TON,SUI,ICP,MKR,RENDER,RNDR,ARB,OP,MATIC,POL,APT,SEI,EOS,MANA","CHZ,DASH,HBAR",1440,24,0.8,336,2.5,1.0,10.0,8760.0,5.321356460441224,0.41157295966106,0.6031698263683152,0.6823500474802268,-0.4846577151603444,0.0058045241143832,272,73.36029411764706,0.5093715545755237
crypto,SOL,priority_with_coverage_fallback,30,30,"BTC,ETH,XRP,BNB,TRX,ADA,AVAX,DOT,NEAR,ATOM,ALGO,DOGE,BCH,LTC,XLM,ETC,LINK,UNI,AAVE,INJ,FIL,VET,FET,GRT,THETA,XTZ,SAND,CHZ,DASH,HBAR","TON,SUI,ICP,MKR,RENDER,RNDR,ARB,OP,MATIC,POL,APT,SEI,EOS,MANA","CHZ,DASH,HBAR",1440,24,0.8,336,3.0,0.0,10.0,8760.0,14.707138517002756,0.6733938653976921,1.082100395161833,0.6223025778462846,-0.881359384228753,0.0017285531370038,41,45866.0,0.5106178868878908
crypto,SOL,priority_with_coverage_fallback,30,30,"BTC,ETH,XRP,BNB,TRX,ADA,AVAX,DOT,NEAR,ATOM,ALGO,DOGE,BCH,LTC,XLM,ETC,LINK,UNI,AAVE,INJ,FIL,VET,FET,GRT,THETA,XTZ,SAND,CHZ,DASH,HBAR","TON,SUI,ICP,MKR,RENDER,RNDR,ARB,OP,MATIC,POL,APT,SEI,EOS,MANA","CHZ,DASH,HBAR",1440,24,0.8,336,3.0,0.25,10.0,8760.0,5.352459970628067,0.4128687575629224,0.598533020912235,0.6898011356727849,-0.5753493685520552,0.0030729833546734,144,144.13888888888889,0.5146463673154751
crypto,SOL,priority_with_coverage_fallback,30,30,"BTC,ETH,XRP,BNB,TRX,ADA,AVAX,DOT,NEAR,ATOM,ALGO,DOGE,BCH,LTC,XLM,ETC,LINK,UNI,AAVE,INJ,FIL,VET,FET,GRT,THETA,XTZ,SAND,CHZ,DASH,HBAR","TON,SUI,ICP,MKR,RENDER,RNDR,ARB,OP,MATIC,POL,APT,SEI,EOS,MANA","CHZ,DASH,HBAR",1440,24,0.8,336,3.0,0.5,10.0,8760.0,4.640613804635368,0.3818242697434546,0.5755626621459414,0.6633930497156504,-0.5965943690607873,0.0031156636790439,146,114.10958904109587,0.5157262905162064
crypto,SOL,priority_with_coverage_fallback,30,30,"BTC,ETH,XRP,BNB,TRX,ADA,AVAX,DOT,NEAR,ATOM,ALGO,DOGE,BCH,LTC,XLM,ETC,LINK,UNI,AAVE,INJ,FIL,VET,FET,GRT,THETA,XTZ,SAND,CHZ,DASH,HBAR","TON,SUI,ICP,MKR,RENDER,RNDR,ARB,OP,MATIC,POL,APT,SEI,EOS,MANA","CHZ,DASH,HBAR",1440,24,0.8,336,3.0,0.75,10.0,8760.0,1.679300804212566,0.2023039051042721,0.5318265022986017,0.3803945539191757,-0.5803526498713492,0.0031156636790439,146,101.21917808219176,0.5152253349573691
crypto,SOL,priority_with_coverage_fallback,30,30,"BTC,ETH,XRP,BNB,TRX,ADA,AVAX,DOT,NEAR,ATOM,ALGO,DOGE,BCH,LTC,XLM,ETC,LINK,UNI,AAVE,INJ,FIL,VET,FET,GRT,THETA,XTZ,SAND,CHZ,DASH,HBAR","TON,SUI,ICP,MKR,RENDER,RNDR,ARB,OP,MATIC,POL,APT,SEI,EOS,MANA","CHZ,DASH,HBAR",1440,24,0.8,336,3.0,1.0,10.0,8760.0,1.143817189591143,0.1532200338977059,0.5035723312753543,0.3042661885526131,-0.5281082920902744,0.0032437046521553,152,82.14473684210526,0.5141758769822201
crypto,SOL,priority_with_coverage_fallback,30,30,"BTC,ETH,XRP,BNB,TRX,ADA,AVAX,DOT,NEAR,ATOM,ALGO,DOGE,BCH,LTC,XLM,ETC,LINK,UNI,AAVE,INJ,FIL,VET,FET,GRT,THETA,XTZ,SAND,CHZ,DASH,HBAR","TON,SUI,ICP,MKR,RENDER,RNDR,ARB,OP,MATIC,POL,APT,SEI,EOS,MANA","CHZ,DASH,HBAR",1440,72,0.8,336,1.0,0.0,10.0,8760.0,32.64390953720248,0.9307778273010714,1.1378757072559458,0.8179960441775288,-0.7908298151742374,0.0077544219430915,182,46456.0,0.5015068021353539
crypto,SOL,priority_with_coverage_fallback,30,30,"BTC,ETH,XRP,BNB,TRX,ADA,AVAX,DOT,NEAR,ATOM,ALGO,DOGE,BCH,LTC,XLM,ETC,LINK,UNI,AAVE,INJ,FIL,VET,FET,GRT,THETA,XTZ,SAND,CHZ,DASH,HBAR","TON,SUI,ICP,MKR,RENDER,RNDR,ARB,OP,MATIC,POL,APT,SEI,EOS,MANA","CHZ,DASH,HBAR",1440,72,0.8,336,1.0,0.25,10.0,8760.0,15.836173576452648,0.6961676331798083,0.9699948952611251,0.7177023678999859,-0.7385295272598835,0.0142057592070409,649,103.46372239747636,0.5011890968961522
crypto,SOL,priority_with_coverage_fallback,30,30,"BTC,ETH,XRP,BNB,TRX,ADA,AVAX,DOT,NEAR,ATOM,ALGO,DOGE,BCH,LTC,XLM,ETC,LINK,UNI,AAVE,INJ,FIL,VET,FET,GRT,THETA,XTZ,SAND,CHZ,DASH,HBAR","TON,SUI,ICP,MKR,RENDER,RNDR,ARB,OP,MATIC,POL,APT,SEI,EOS,MANA","CHZ,DASH,HBAR",1440,72,0.8,336,1.0,0.5,10.0,8760.0,6.5312734312643705,0.459115617933457,0.937546879894574,0.4896988382971142,-0.742427732353079,0.0177091344099803,820,72.80788177339902,0.5006765899864682
crypto,SOL,priority_with_coverage_fallback,30,30,"BTC,ETH,XRP,BNB,TRX,ADA,AVAX,DOT,NEAR,ATOM,ALGO,DOGE,BCH,LTC,XLM,ETC,LINK,UNI,AAVE,INJ,FIL,VET,FET,GRT,THETA,XTZ,SAND,CHZ,DASH,HBAR","TON,SUI,ICP,MKR,RENDER,RNDR,ARB,OP,MATIC,POL,APT,SEI,EOS,MANA","CHZ,DASH,HBAR",1440,72,0.8,336,1.0,0.75,10.0,8760.0,1.8045470106501167,0.2128559566947958,0.905971801623388,0.2349476620722462,-0.7560215747810493,0.0247372468597795,1149,46.81754385964912,0.5012366034624897
crypto,SOL,priority_with_coverage_fallback,30,30,"BTC,ETH,XRP,BNB,TRX,ADA,AVAX,DOT,NEAR,ATOM,ALGO,DOGE,BCH,LTC,XLM,ETC,LINK,UNI,AAVE,INJ,FIL,VET,FET,GRT,THETA,XTZ,SAND,CHZ,DASH,HBAR","TON,SUI,ICP,MKR,RENDER,RNDR,ARB,OP,MATIC,POL,APT,SEI,EOS,MANA","CHZ,DASH,HBAR",1440,72,0.8,336,1.5,0.0,10.0,8760.0,239.4734353544815,1.7897974357295148,1.137441264999406,1.5735295446050568,-0.6542564178728014,0.0059172861659403,139,46439.0,0.5038006847692672
crypto,SOL,priority_with_coverage_fallback,30,30,"BTC,ETH,XRP,BNB,TRX,ADA,AVAX,DOT,NEAR,ATOM,ALGO,DOGE,BCH,LTC,XLM,ETC,LINK,UNI,AAVE,INJ,FIL,VET,FET,GRT,THETA,XTZ,SAND,CHZ,DASH,HBAR","TON,SUI,ICP,MKR,RENDER,RNDR,ARB,OP,MATIC,POL,APT,SEI,EOS,MANA","CHZ,DASH,HBAR",1440,72,0.8,336,1.5,0.25,10.0,8760.0,28.794008599647903,0.8873653017319296,0.9008155947583038,0.985068760904408,-0.7098312999887672,0.0100401606425702,464,122.66375545851528,0.5027411890352439
crypto,SOL,priority_with_coverage_fallback,30,30,"BTC,ETH,XRP,BNB,TRX,ADA,AVAX,DOT,NEAR,ATOM,ALGO,DOGE,BCH,LTC,XLM,ETC,LINK,UNI,AAVE,INJ,FIL,VET,FET,GRT,THETA,XTZ,SAND,CHZ,DASH,HBAR","TON,SUI,ICP,MKR,RENDER,RNDR,ARB,OP,MATIC,POL,APT,SEI,EOS,MANA","CHZ,DASH,HBAR",1440,72,0.8,336,1.5,0.5,10.0,8760.0,16.56118773826487,0.7096028823811427,0.8671771699907604,0.8182905488490931,-0.6904739934735751,0.0112364351021105,522,96.57528957528956,0.5026985967297005
crypto,SOL,priority_with_coverage_fallback,30,30,"BTC,ETH,XRP,BNB,TRX,ADA,AVAX,DOT,NEAR,ATOM,ALGO,DOGE,BCH,LTC,XLM,ETC,LINK,UNI,AAVE,INJ,FIL,VET,FET,GRT,THETA,XTZ,SAND,CHZ,DASH,HBAR","TON,SUI,ICP,MKR,RENDER,RNDR,ARB,OP,MATIC,POL,APT,SEI,EOS,MANA","CHZ,DASH,HBAR",1440,72,0.8,336,1.5,0.75,10.0,8760.0,6.18580204560012,0.4463503403977982,0.8358581128449663,0.5340025221249323,-0.7289693575990683,0.0129026745278988,600,74.40604026845638,0.5032246425833221
crypto,SOL,priority_with_coverage_fallback,30,30,"BTC,ETH,XRP,BNB,TRX,ADA,AVAX,DOT,NEAR,ATOM,ALGO,DOGE,BCH,LTC,XLM,ETC,LINK,UNI,AAVE,INJ,FIL,VET,FET,GRT,THETA,XTZ,SAND,CHZ,DASH,HBAR","TON,SUI,ICP,MKR,RENDER,RNDR,ARB,OP,MATIC,POL,APT,SEI,EOS,MANA","CHZ,DASH,HBAR",1440,72,0.8,336,1.5,1.0,10.0,8760.0,2.0782998625401667,0.2341795834987425,0.785248511278309,0.2982235306852359,-0.6532554633619616,0.0155515679740237,727,52.03030303030303,0.50299147561815
crypto,SOL,priority_with_coverage_fallback,30,30,"BTC,ETH,XRP,BNB,TRX,ADA,AVAX,DOT,NEAR,ATOM,ALGO,DOGE,BCH,LTC,XLM,ETC,LINK,UNI,AAVE,INJ,FIL,VET,FET,GRT,THETA,XTZ,SAND,CHZ,DASH,HBAR","TON,SUI,ICP,MKR,RENDER,RNDR,ARB,OP,MATIC,POL,APT,SEI,EOS,MANA","CHZ,DASH,HBAR",1440,72,0.8,336,2.0,0.0,10.0,8760.0,57.05584534121203,1.138312365152422,1.1279806700332469,1.0091594611447292,-0.7874910004567409,0.0041228744766299,97,45973.0,0.5032519087290366
crypto,SOL,priority_with_coverage_fallback,30,30,"BTC,ETH,XRP,BNB,TRX,ADA,AVAX,DOT,NEAR,ATOM,ALGO,DOGE,BCH,LTC,XLM,ETC,LINK,UNI,AAVE,INJ,FIL,VET,FET,GRT,THETA,XTZ,SAND,CHZ,DASH,HBAR","TON,SUI,ICP,MKR,RENDER,RNDR,ARB,OP,MATIC,POL,APT,SEI,EOS,MANA","CHZ,DASH,HBAR",1440,72,0.8,336,2.0,0.25,10.0,8760.0,6.907552774226428,0.472488695437762,0.8094551245784917,0.5837120318236314,-0.6749494609210134,0.006664957703153,310,142.05844155844156,0.503588243360607
crypto,SOL,priority_with_coverage_fallback,30,30,"BTC,ETH,XRP,BNB,TRX,ADA,AVAX,DOT,NEAR,ATOM,ALGO,DOGE,BCH,LTC,XLM,ETC,LINK,UNI,AAVE,INJ,FIL,VET,FET,GRT,THETA,XTZ,SAND,CHZ,DASH,HBAR","TON,SUI,ICP,MKR,RENDER,RNDR,ARB,OP,MATIC,POL,APT,SEI,EOS,MANA","CHZ,DASH,HBAR",1440,72,0.8,336,2.0,0.5,10.0,8760.0,4.191391548965485,0.3609812158658589,0.7742862756038916,0.4662115644298585,-0.7001655064095653,0.0070921985815602,330,118.0670731707317,0.5033310953881114
crypto,SOL,priority_with_coverage_fallback,30,30,"BTC,ETH,XRP,BNB,TRX,ADA,AVAX,DOT,NEAR,ATOM,ALGO,DOGE,BCH,LTC,XLM,ETC,LINK,UNI,AAVE,INJ,FIL,VET,FET,GRT,THETA,XTZ,SAND,CHZ,DASH,HBAR","TON,SUI,ICP,MKR,RENDER,RNDR,ARB,OP,MATIC,POL,APT,SEI,EOS,MANA","CHZ,DASH,HBAR",1440,72,0.8,336,2.0,0.75,10.0,8760.0,2.581050052095751,0.2696172023297343,0.7479028791980622,0.3604976124959312,-0.5915978571837185,0.0078185080748526,364,92.69613259668508,0.5033973059959471
crypto,SOL,priority_with_coverage_fallback,30,30,"BTC,ETH,XRP,BNB,TRX,ADA,AVAX,DOT,NEAR,ATOM,ALGO,DOGE,BCH,LTC,XLM,ETC,LINK,UNI,AAVE,INJ,FIL,VET,FET,GRT,THETA,XTZ,SAND,CHZ,DASH,HBAR","TON,SUI,ICP,MKR,RENDER,RNDR,ARB,OP,MATIC,POL,APT,SEI,EOS,MANA","CHZ,DASH,HBAR",1440,72,0.8,336,2.0,1.0,10.0,8760.0,1.0600113406747913,0.1448138967863594,0.7071028555276072,0.2047989138416165,-0.5385640739117438,0.0084593693924634,395,71.88832487309645,0.5024714023443017
crypto,SOL,priority_with_coverage_fallback,30,30,"BTC,ETH,XRP,BNB,TRX,ADA,AVAX,DOT,NEAR,ATOM,ALGO,DOGE,BCH,LTC,XLM,ETC,LINK,UNI,AAVE,INJ,FIL,VET,FET,GRT,THETA,XTZ,SAND,CHZ,DASH,HBAR","TON,SUI,ICP,MKR,RENDER,RNDR,ARB,OP,MATIC,POL,APT,SEI,EOS,MANA","CHZ,DASH,HBAR",1440,72,0.8,336,2.5,0.0,10.0,8760.0,36.11593619994506,0.9665917054324906,1.1270747842541302,0.8576109757190218,-0.8067808286526149,0.0030547722806118,72,45866.0,0.5029869620197968
crypto,SOL,priority_with_coverage_fallback,30,30,"BTC,ETH,XRP,BNB,TRX,ADA,AVAX,DOT,NEAR,ATOM,ALGO,DOGE,BCH,LTC,XLM,ETC,LINK,UNI,AAVE,INJ,FIL,VET,FET,GRT,THETA,XTZ,SAND,CHZ,DASH,HBAR","TON,SUI,ICP,MKR,RENDER,RNDR,ARB,OP,MATIC,POL,APT,SEI,EOS,MANA","CHZ,DASH,HBAR",1440,72,0.8,336,2.5,0.25,10.0,8760.0,5.609085930500625,0.4238829641992774,0.7281629784184454,0.5821264974497087,-0.6813322409262896,0.0048278219260018,225,149.24107142857142,0.5049955130122644
crypto,SOL,priority_with_coverage_fallback,30,30,"BTC,ETH,XRP,BNB,TRX,ADA,AVAX,DOT,NEAR,ATOM,ALGO,DOGE,BCH,LTC,XLM,ETC,LINK,UNI,AAVE,INJ,FIL,VET,FET,GRT,THETA,XTZ,SAND,CHZ,DASH,HBAR","TON,SUI,ICP,MKR,RENDER,RNDR,ARB,OP,MATIC,POL,APT,SEI,EOS,MANA","CHZ,DASH,HBAR",1440,72,0.8,336,2.5,0.5,10.0,8760.0,4.206367700961778,0.3617150651575278,0.7061688459013449,0.512221782732201,-0.7161977301906848,0.0049987182773647,233,124.68103448275862,0.5053585010025583
crypto,SOL,priority_with_coverage_fallback,30,30,"BTC,ETH,XRP,BNB,TRX,ADA,AVAX,DOT,NEAR,ATOM,ALGO,DOGE,BCH,LTC,XLM,ETC,LINK,UNI,AAVE,INJ,FIL,VET,FET,GRT,THETA,XTZ,SAND,CHZ,DASH,HBAR","TON,SUI,ICP,MKR,RENDER,RNDR,ARB,OP,MATIC,POL,APT,SEI,EOS,MANA","CHZ,DASH,HBAR",1440,72,0.8,336,2.5,0.75,10.0,8760.0,2.5904325637531334,0.2702390248475865,0.6807980415641521,0.3969444803729238,-0.5647283447260703,0.0051696146287276,241,103.61666666666666,0.5064339713688274
crypto,SOL,priority_with_coverage_fallback,30,30,"BTC,ETH,XRP,BNB,TRX,ADA,AVAX,DOT,NEAR,ATOM,ALGO,DOGE,BCH,LTC,XLM,ETC,LINK,UNI,AAVE,INJ,FIL,VET,FET,GRT,THETA,XTZ,SAND,CHZ,DASH,HBAR","TON,SUI,ICP,MKR,RENDER,RNDR,ARB,OP,MATIC,POL,APT,SEI,EOS,MANA","CHZ,DASH,HBAR",1440,72,0.8,336,2.5,1.0,10.0,8760.0,2.975728435178344,0.2947017984590192,0.6382455390551732,0.4617373415492743,-0.4886295762045184,0.0055541314192941,259,80.82170542635659,0.5070976405140993
crypto,SOL,priority_with_coverage_fallback,30,30,"BTC,ETH,XRP,BNB,TRX,ADA,AVAX,DOT,NEAR,ATOM,ALGO,DOGE,BCH,LTC,XLM,ETC,LINK,UNI,AAVE,INJ,FIL,VET,FET,GRT,THETA,XTZ,SAND,CHZ,DASH,HBAR","TON,SUI,ICP,MKR,RENDER,RNDR,ARB,OP,MATIC,POL,APT,SEI,EOS,MANA","CHZ,DASH,HBAR",1440,72,0.8,336,3.0,0.0,10.0,8760.0,13.854953025639174,0.656891372336531,1.123189429643664,0.5848446887048538,-0.7445260905413399,0.0016448773818678,39,45542.0,0.5061920864257169
crypto,SOL,priority_with_coverage_fallback,30,30,"BTC,ETH,XRP,BNB,TRX,ADA,AVAX,DOT,NEAR,ATOM,ALGO,DOGE,BCH,LTC,XLM,ETC,LINK,UNI,AAVE,INJ,FIL,VET,FET,GRT,THETA,XTZ,SAND,CHZ,DASH,HBAR","TON,SUI,ICP,MKR,RENDER,RNDR,ARB,OP,MATIC,POL,APT,SEI,EOS,MANA","CHZ,DASH,HBAR",1440,72,0.8,336,3.0,0.25,10.0,8760.0,5.103406024861251,0.4028308871171391,0.6558168652108698,0.6142429517844342,-0.6083857839111262,0.0029906861488507,139,151.56521739130434,0.5080321285140562
crypto,SOL,priority_with_coverage_fallback,30,30,"BTC,ETH,XRP,BNB,TRX,ADA,AVAX,DOT,NEAR,ATOM,ALGO,DOGE,BCH,LTC,XLM,ETC,LINK,UNI,AAVE,INJ,FIL,VET,FET,GRT,THETA,XTZ,SAND,CHZ,DASH,HBAR","TON,SUI,ICP,MKR,RENDER,RNDR,ARB,OP,MATIC,POL,APT,SEI,EOS,MANA","CHZ,DASH,HBAR",1440,72,0.8,336,3.0,0.5,10.0,8760.0,2.760649885536231,0.2812970097620331,0.6386181186890241,0.4404776524967514,-0.645540413378112,0.0029906861488507,139,132.8985507246377,0.5061068702290077
crypto,SOL,priority_with_coverage_fallback,30,30,"BTC,ETH,XRP,BNB,TRX,ADA,AVAX,DOT,NEAR,ATOM,ALGO,DOGE,BCH,LTC,XLM,ETC,LINK,UNI,AAVE,INJ,FIL,VET,FET,GRT,THETA,XTZ,SAND,CHZ,DASH,HBAR","TON,SUI,ICP,MKR,RENDER,RNDR,ARB,OP,MATIC,POL,APT,SEI,EOS,MANA","CHZ,DASH,HBAR",1440,72,0.8,336,3.0,0.75,10.0,8760.0,1.9627863476794447,0.2253777588662007,0.5874985378893615,0.3836226719404094,-0.4873955921246683,0.0029906861488507,139,112.34782608695652,0.5103199174406605
crypto,SOL,priority_with_coverage_fallback,30,30,"BTC,ETH,XRP,BNB,TRX,ADA,AVAX,DOT,NEAR,ATOM,ALGO,DOGE,BCH,LTC,XLM,ETC,LINK,UNI,AAVE,INJ,FIL,VET,FET,GRT,THETA,XTZ,SAND,CHZ,DASH,HBAR","TON,SUI,ICP,MKR,RENDER,RNDR,ARB,OP,MATIC,POL,APT,SEI,EOS,MANA","CHZ,DASH,HBAR",1440,72,0.8,336,3.0,1.0,10.0,8760.0,1.862832950414231,0.2175335131063422,0.5217408042626358,0.4169378958461517,-0.458617962732924,0.0031188584123728,145,86.33333333333333,0.5119047619047619
crypto,SOL,priority_with_coverage_fallback,30,30,"BTC,ETH,XRP,BNB,TRX,ADA,AVAX,DOT,NEAR,ATOM,ALGO,DOGE,BCH,LTC,XLM,ETC,LINK,UNI,AAVE,INJ,FIL,VET,FET,GRT,THETA,XTZ,SAND,CHZ,DASH,HBAR","TON,SUI,ICP,MKR,RENDER,RNDR,ARB,OP,MATIC,POL,APT,SEI,EOS,MANA","CHZ,DASH,HBAR",1440,168,0.8,336,1.0,0.0,10.0,8760.0,3.0004519470962,0.2965498690981283,1.2187820488335763,0.2433165711473503,-0.8331660607129426,0.007591309554358,178,46368.0,0.5007332643202208
crypto,SOL,priority_with_coverage_fallback,30,30,"BTC,ETH,XRP,BNB,TRX,ADA,AVAX,DOT,NEAR,ATOM,ALGO,DOGE,BCH,LTC,XLM,ETC,LINK,UNI,AAVE,INJ,FIL,VET,FET,GRT,THETA,XTZ,SAND,CHZ,DASH,HBAR","TON,SUI,ICP,MKR,RENDER,RNDR,ARB,OP,MATIC,POL,APT,SEI,EOS,MANA","CHZ,DASH,HBAR",1440,168,0.8,336,1.0,0.25,10.0,8760.0,0.7371068842758155,0.1089837101724477,1.0813035241220124,0.1007891935439121,-0.8729559865786047,0.0121247113163972,541,131.64728682170542,0.4979537759458265
crypto,SOL,priority_with_coverage_fallback,30,30,"BTC,ETH,XRP,BNB,TRX,ADA,AVAX,DOT,NEAR,ATOM,ALGO,DOGE,BCH,LTC,XLM,ETC,LINK,UNI,AAVE,INJ,FIL,VET,FET,GRT,THETA,XTZ,SAND,CHZ,DASH,HBAR","TON,SUI,ICP,MKR,RENDER,RNDR,ARB,OP,MATIC,POL,APT,SEI,EOS,MANA","CHZ,DASH,HBAR",1440,168,0.8,336,1.0,0.5,10.0,8760.0,-0.0761314217583798,-0.0147238304499086,1.047892213375914,-0.0140509016690505,-0.8246089965548039,0.0153323069027457,701,90.83673469387756,0.4972237378438232
crypto,SOL,priority_with_coverage_fallback,30,30,"BTC,ETH,XRP,BNB,TRX,ADA,AVAX,DOT,NEAR,ATOM,ALGO,DOGE,BCH,LTC,XLM,ETC,LINK,UNI,AAVE,INJ,FIL,VET,FET,GRT,THETA,XTZ,SAND,CHZ,DASH,HBAR","TON,SUI,ICP,MKR,RENDER,RNDR,ARB,OP,MATIC,POL,APT,SEI,EOS,MANA","CHZ,DASH,HBAR",1440,168,0.8,336,1.0,0.75,10.0,8760.0,-0.2953963198831112,-0.0634812100607969,1.00393056845645,-0.0632326697237636,-0.8200958369415157,0.02166196219314,1002,56.71975806451613,0.4972807734688799
crypto,SOL,priority_with_coverage_fallback,30,30,"BTC,ETH,XRP,BNB,TRX,ADA,AVAX,DOT,NEAR,ATOM,ALGO,DOGE,BCH,LTC,XLM,ETC,LINK,UNI,AAVE,INJ,FIL,VET,FET,GRT,THETA,XTZ,SAND,CHZ,DASH,HBAR","TON,SUI,ICP,MKR,RENDER,RNDR,ARB,OP,MATIC,POL,APT,SEI,EOS,MANA","CHZ,DASH,HBAR",1440,168,0.8,336,1.5,0.0,10.0,8760.0,0.9468843230465496,0.1329225808368186,1.2183720937412694,0.1090985106435356,-0.9361462679691444,0.0056239842613976,132,46356.0,0.5008628872206402
crypto,SOL,priority_with_coverage_fallback,30,30,"BTC,ETH,XRP,BNB,TRX,ADA,AVAX,DOT,NEAR,ATOM,ALGO,DOGE,BCH,LTC,XLM,ETC,LINK,UNI,AAVE,INJ,FIL,VET,FET,GRT,THETA,XTZ,SAND,CHZ,DASH,HBAR","TON,SUI,ICP,MKR,RENDER,RNDR,ARB,OP,MATIC,POL,APT,SEI,EOS,MANA","CHZ,DASH,HBAR",1440,168,0.8,336,1.5,0.25,10.0,8760.0,1.0260743914372243,0.141415552185,1.026588627711443,0.1377528918280103,-0.8741895906196124,0.0087888119065948,397,154.61979166666666,0.4975915383838044
crypto,SOL,priority_with_coverage_fallback,30,30,"BTC,ETH,XRP,BNB,TRX,ADA,AVAX,DOT,NEAR,ATOM,ALGO,DOGE,BCH,LTC,XLM,ETC,LINK,UNI,AAVE,INJ,FIL,VET,FET,GRT,THETA,XTZ,SAND,CHZ,DASH,HBAR","TON,SUI,ICP,MKR,RENDER,RNDR,ARB,OP,MATIC,POL,APT,SEI,EOS,MANA","CHZ,DASH,HBAR",1440,168,0.8,336,1.5,0.5,10.0,8760.0,-0.0131153791174946,-0.0024700176031275,0.9863834009339596,-0.0025041151349352,-0.8349699139980266,0.0098152424942263,451,120.44144144144144,0.4968584037699154
crypto,SOL,priority_with_coverage_fallback,30,30,"BTC,ETH,XRP,BNB,TRX,ADA,AVAX,DOT,NEAR,ATOM,ALGO,DOGE,BCH,LTC,XLM,ETC,LINK,UNI,AAVE,INJ,FIL,VET,FET,GRT,THETA,XTZ,SAND,CHZ,DASH,HBAR","TON,SUI,ICP,MKR,RENDER,RNDR,ARB,OP,MATIC,POL,APT,SEI,EOS,MANA","CHZ,DASH,HBAR",1440,168,0.8,336,1.5,0.75,10.0,8760.0,0.1191269853063676,0.0213068818119788,0.9432554158656642,0.0225886662865588,-0.7909094015888474,0.0116542639637327,539,87.9812734082397,0.4975948235494444
crypto,SOL,priority_with_coverage_fallback,30,30,"BTC,ETH,XRP,BNB,TRX,ADA,AVAX,DOT,NEAR,ATOM,ALGO,DOGE,BCH,LTC,XLM,ETC,LINK,UNI,AAVE,INJ,FIL,VET,FET,GRT,THETA,XTZ,SAND,CHZ,DASH,HBAR","TON,SUI,ICP,MKR,RENDER,RNDR,ARB,OP,MATIC,POL,APT,SEI,EOS,MANA","CHZ,DASH,HBAR",1440,168,0.8,336,1.5,1.0,10.0,8760.0,-0.1483343216360709,-0.0296290946475226,0.9070320613520167,-0.0326659838279119,-0.7988717996499493,0.0143058763151141,666,59.43072289156626,0.4977953474228371
crypto,SOL,priority_with_coverage_fallback,30,30,"BTC,ETH,XRP,BNB,TRX,ADA,AVAX,DOT,NEAR,ATOM,ALGO,DOGE,BCH,LTC,XLM,ETC,LINK,UNI,AAVE,INJ,FIL,VET,FET,GRT,THETA,XTZ,SAND,CHZ,DASH,HBAR","TON,SUI,ICP,MKR,RENDER,RNDR,ARB,OP,MATIC,POL,APT,SEI,EOS,MANA","CHZ,DASH,HBAR",1440,168,0.8,336,2.0,0.0,10.0,8760.0,25.65018933441237,0.8495551565780284,1.2182831895252677,0.6973379948787418,-0.8688025559218063,0.004169874262253,98,46354.0,0.502610346464167
crypto,SOL,priority_with_coverage_fallback,30,30,"BTC,ETH,XRP,BNB,TRX,ADA,AVAX,DOT,NEAR,ATOM,ALGO,DOGE,BCH,LTC,XLM,ETC,LINK,UNI,AAVE,INJ,FIL,VET,FET,GRT,THETA,XTZ,SAND,CHZ,DASH,HBAR","TON,SUI,ICP,MKR,RENDER,RNDR,ARB,OP,MATIC,POL,APT,SEI,EOS,MANA","CHZ,DASH,HBAR",1440,168,0.8,336,2.0,0.25,10.0,8760.0,7.198806866575783,0.483088427717687,0.9590816029233996,0.5036989826988377,-0.8021629211839871,0.0065007270549995,293,173.6950354609929,0.499040463843861
crypto,SOL,priority_with_coverage_fallback,30,30,"BTC,ETH,XRP,BNB,TRX,ADA,AVAX,DOT,NEAR,ATOM,ALGO,DOGE,BCH,LTC,XLM,ETC,LINK,UNI,AAVE,INJ,FIL,VET,FET,GRT,THETA,XTZ,SAND,CHZ,DASH,HBAR","TON,SUI,ICP,MKR,RENDER,RNDR,ARB,OP,MATIC,POL,APT,SEI,EOS,MANA","CHZ,DASH,HBAR",1440,168,0.8,336,2.0,0.5,10.0,8760.0,3.354376560365272,0.3173036768268793,0.9206215656679648,0.3446624418326078,-0.7135738080790869,0.0068856385253613,315,140.3116883116883,0.4987967419474269
crypto,SOL,priority_with_coverage_fallback,30,30,"BTC,ETH,XRP,BNB,TRX,ADA,AVAX,DOT,NEAR,ATOM,ALGO,DOGE,BCH,LTC,XLM,ETC,LINK,UNI,AAVE,INJ,FIL,VET,FET,GRT,THETA,XTZ,SAND,CHZ,DASH,HBAR","TON,SUI,ICP,MKR,RENDER,RNDR,ARB,OP,MATIC,POL,APT,SEI,EOS,MANA","CHZ,DASH,HBAR",1440,168,0.8,336,2.0,0.75,10.0,8760.0,2.5363790876816235,0.2669457005584588,0.8698224174357261,0.3068967816964596,-0.7547589584557896,0.0076126935249337,352,105.65517241379312,0.499456048738033
crypto,SOL,priority_with_coverage_fallback,30,30,"BTC,ETH,XRP,BNB,TRX,ADA,AVAX,DOT,NEAR,ATOM,ALGO,DOGE,BCH,LTC,XLM,ETC,LINK,UNI,AAVE,INJ,FIL,VET,FET,GRT,THETA,XTZ,SAND,CHZ,DASH,HBAR","TON,SUI,ICP,MKR,RENDER,RNDR,ARB,OP,MATIC,POL,APT,SEI,EOS,MANA","CHZ,DASH,HBAR",1440,168,0.8,336,2.0,1.0,10.0,8760.0,0.9122102214256071,0.1291152256845118,0.8358643143106258,0.1544691207340259,-0.7159537101212783,0.0082969805833547,387,78.07772020725389,0.4994359280642378
crypto,SOL,priority_with_coverage_fallback,30,30,"BTC,ETH,XRP,BNB,TRX,ADA,AVAX,DOT,NEAR,ATOM,ALGO,DOGE,BCH,LTC,XLM,ETC,LINK,UNI,AAVE,INJ,FIL,VET,FET,GRT,THETA,XTZ,SAND,CHZ,DASH,HBAR","TON,SUI,ICP,MKR,RENDER,RNDR,ARB,OP,MATIC,POL,APT,SEI,EOS,MANA","CHZ,DASH,HBAR",1440,168,0.8,336,2.5,0.0,10.0,8760.0,0.4912573677865415,0.0777312978971511,1.2107148613518135,0.0642028113955427,-0.9013611370153785,0.0022453169104439,53,45864.0,0.5018969126111983
crypto,SOL,priority_with_coverage_fallback,30,30,"BTC,ETH,XRP,BNB,TRX,ADA,AVAX,DOT,NEAR,ATOM,ALGO,DOGE,BCH,LTC,XLM,ETC,LINK,UNI,AAVE,INJ,FIL,VET,FET,GRT,THETA,XTZ,SAND,CHZ,DASH,HBAR","TON,SUI,ICP,MKR,RENDER,RNDR,ARB,OP,MATIC,POL,APT,SEI,EOS,MANA","CHZ,DASH,HBAR",1440,168,0.8,336,2.5,0.25,10.0,8760.0,1.5563414657351178,0.1922206118680525,0.8997665399643517,0.213633874266616,-0.6425706186693922,0.0041912582328286,193,204.85263157894732,0.4975078361851909
crypto,SOL,priority_with_coverage_fallback,30,30,"BTC,ETH,XRP,BNB,TRX,ADA,AVAX,DOT,NEAR,ATOM,ALGO,DOGE,BCH,LTC,XLM,ETC,LINK,UNI,AAVE,INJ,FIL,VET,FET,GRT,THETA,XTZ,SAND,CHZ,DASH,HBAR","TON,SUI,ICP,MKR,RENDER,RNDR,ARB,OP,MATIC,POL,APT,SEI,EOS,MANA","CHZ,DASH,HBAR",1440,168,0.8,336,2.5,0.5,10.0,8760.0,0.7099440053259083,0.1057144929002835,0.8683061452328725,0.121747949707222,-0.5549012690577848,0.0044050979385852,204,167.85148514851485,0.4970801628030437
crypto,SOL,priority_with_coverage_fallback,30,30,"BTC,ETH,XRP,BNB,TRX,ADA,AVAX,DOT,NEAR,ATOM,ALGO,DOGE,BCH,LTC,XLM,ETC,LINK,UNI,AAVE,INJ,FIL,VET,FET,GRT,THETA,XTZ,SAND,CHZ,DASH,HBAR","TON,SUI,ICP,MKR,RENDER,RNDR,ARB,OP,MATIC,POL,APT,SEI,EOS,MANA","CHZ,DASH,HBAR",1440,168,0.8,336,2.5,0.75,10.0,8760.0,0.3237025010362524,0.0539359339352047,0.8242705070429732,0.0654347492411163,-0.6247914729217776,0.0046617055854931,217,128.2314814814815,0.4982309191999422
crypto,SOL,priority_with_coverage_fallback,30,30,"BTC,ETH,XRP,BNB,TRX,ADA,AVAX,DOT,NEAR,ATOM,ALGO,DOGE,BCH,LTC,XLM,ETC,LINK,UNI,AAVE,INJ,FIL,VET,FET,GRT,THETA,XTZ,SAND,CHZ,DASH,HBAR","TON,SUI,ICP,MKR,RENDER,RNDR,ARB,OP,MATIC,POL,APT,SEI,EOS,MANA","CHZ,DASH,HBAR",1440,168,0.8,336,2.5,1.0,10.0,8760.0,0.4276410641339718,0.0689657508257421,0.7904263910575423,0.087251326127244,-0.6136613647074689,0.0050893849970062,237,94.05084745762711,0.4985582987925752
crypto,SOL,priority_with_coverage_fallback,30,30,"BTC,ETH,XRP,BNB,TRX,ADA,AVAX,DOT,NEAR,ATOM,ALGO,DOGE,BCH,LTC,XLM,ETC,LINK,UNI,AAVE,INJ,FIL,VET,FET,GRT,THETA,XTZ,SAND,CHZ,DASH,HBAR","TON,SUI,ICP,MKR,RENDER,RNDR,ARB,OP,MATIC,POL,APT,SEI,EOS,MANA","CHZ,DASH,HBAR",1440,168,0.8,336,3.0,0.0,10.0,8760.0,1.4716843625309823,0.1847231052123132,1.1993085409203623,0.1540246724754872,-0.8698048704318612,0.0016037977931742,38,45420.0,0.5022457067371202
crypto,SOL,priority_with_coverage_fallback,30,30,"BTC,ETH,XRP,BNB,TRX,ADA,AVAX,DOT,NEAR,ATOM,ALGO,DOGE,BCH,LTC,XLM,ETC,LINK,UNI,AAVE,INJ,FIL,VET,FET,GRT,THETA,XTZ,SAND,CHZ,DASH,HBAR","TON,SUI,ICP,MKR,RENDER,RNDR,ARB,OP,MATIC,POL,APT,SEI,EOS,MANA","CHZ,DASH,HBAR",1440,168,0.8,336,3.0,0.25,10.0,8760.0,3.0011484505201054,0.2965921520360128,0.7559812582908109,0.392327387462719,-0.5938596376800225,0.0030365238217432,141,195.18571428571428,0.5002561662885164
crypto,SOL,priority_with_coverage_fallback,30,30,"BTC,ETH,XRP,BNB,TRX,ADA,AVAX,DOT,NEAR,ATOM,ALGO,DOGE,BCH,LTC,XLM,ETC,LINK,UNI,AAVE,INJ,FIL,VET,FET,GRT,THETA,XTZ,SAND,CHZ,DASH,HBAR","TON,SUI,ICP,MKR,RENDER,RNDR,ARB,OP,MATIC,POL,APT,SEI,EOS,MANA","CHZ,DASH,HBAR",1440,168,0.8,336,3.0,0.5,10.0,8760.0,1.7702061594677412,0.2102997678699629,0.7170237284602077,0.293295409235029,-0.5009807006125195,0.0030792917628945,143,159.49295774647888,0.5014129282938891
crypto,SOL,priority_with_coverage_fallback,30,30,"BTC,ETH,XRP,BNB,TRX,ADA,AVAX,DOT,NEAR,ATOM,ALGO,DOGE,BCH,LTC,XLM,ETC,LINK,UNI,AAVE,INJ,FIL,VET,FET,GRT,THETA,XTZ,SAND,CHZ,DASH,HBAR","TON,SUI,ICP,MKR,RENDER,RNDR,ARB,OP,MATIC,POL,APT,SEI,EOS,MANA","CHZ,DASH,HBAR",1440,168,0.8,336,3.0,0.75,10.0,8760.0,0.5104335521641092,0.0803138846186037,0.6913221467854744,0.1161743262414622,-0.5439115831114092,0.0031220597040458,145,134.59722222222223,0.5017026106696936
crypto,SOL,priority_with_coverage_fallback,30,30,"BTC,ETH,XRP,BNB,TRX,ADA,AVAX,DOT,NEAR,ATOM,ALGO,DOGE,BCH,LTC,XLM,ETC,LINK,UNI,AAVE,INJ,FIL,VET,FET,GRT,THETA,XTZ,SAND,CHZ,DASH,HBAR","TON,SUI,ICP,MKR,RENDER,RNDR,ARB,OP,MATIC,POL,APT,SEI,EOS,MANA","CHZ,DASH,HBAR",1440,168,0.8,336,3.0,1.0,10.0,8760.0,-0.0247661421820606,-0.00468668060799,0.6574638243665798,-0.0071284235486345,-0.6363469135317642,0.0032075955863484,149,103.06756756756756,0.5001966697259735
crypto,SOL,priority_with_coverage_fallback,30,30,"BTC,ETH,XRP,BNB,TRX,ADA,AVAX,DOT,NEAR,ATOM,ALGO,DOGE,BCH,LTC,XLM,ETC,LINK,UNI,AAVE,INJ,FIL,VET,FET,GRT,THETA,XTZ,SAND,CHZ,DASH,HBAR","TON,SUI,ICP,MKR,RENDER,RNDR,ARB,OP,MATIC,POL,APT,SEI,EOS,MANA","CHZ,DASH,HBAR",1440,336,0.8,336,1.0,0.0,10.0,8760.0,-0.4032902515008444,-0.0921896145651529,1.3148114787154594,-0.0701162227874828,-0.9550161211837114,0.0065221110255752,153,46301.0,0.4996220384008984
crypto,SOL,priority_with_coverage_fallback,30,30,"BTC,ETH,XRP,BNB,TRX,ADA,AVAX,DOT,NEAR,ATOM,ALGO,DOGE,BCH,LTC,XLM,ETC,LINK,UNI,AAVE,INJ,FIL,VET,FET,GRT,THETA,XTZ,SAND,CHZ,DASH,HBAR","TON,SUI,ICP,MKR,RENDER,RNDR,ARB,OP,MATIC,POL,APT,SEI,EOS,MANA","CHZ,DASH,HBAR",1440,336,0.8,336,1.0,0.25,10.0,8760.0,2.744279387707555,0.2805761055296181,1.211823553064095,0.2315321441146952,-0.8866437118560565,0.0119964074929432,526,141.28048780487805,0.5016544382103294
crypto,SOL,priority_with_coverage_fallback,30,30,"BTC,ETH,XRP,BNB,TRX,ADA,AVAX,DOT,NEAR,ATOM,ALGO,DOGE,BCH,LTC,XLM,ETC,LINK,UNI,AAVE,INJ,FIL,VET,FET,GRT,THETA,XTZ,SAND,CHZ,DASH,HBAR","TON,SUI,ICP,MKR,RENDER,RNDR,ARB,OP,MATIC,POL,APT,SEI,EOS,MANA","CHZ,DASH,HBAR",1440,336,0.8,336,1.0,0.5,10.0,8760.0,0.9469427490710688,0.1329289495777081,1.1854387210533193,0.1121348132272872,-0.9130855448752,0.0149046274912325,672,96.38271604938272,0.5001921352632253
crypto,SOL,priority_with_coverage_fallback,30,30,"BTC,ETH,XRP,BNB,TRX,ADA,AVAX,DOT,NEAR,ATOM,ALGO,DOGE,BCH,LTC,XLM,ETC,LINK,UNI,AAVE,INJ,FIL,VET,FET,GRT,THETA,XTZ,SAND,CHZ,DASH,HBAR","TON,SUI,ICP,MKR,RENDER,RNDR,ARB,OP,MATIC,POL,APT,SEI,EOS,MANA","CHZ,DASH,HBAR",1440,336,0.8,336,1.0,0.75,10.0,8760.0,-0.5838332578742416,-0.1514453845645357,1.1139104678688674,-0.1359583098759103,-0.9259053040255556,0.0211487468993242,973,58.56576200417537,0.4998395893487327
crypto,SOL,priority_with_coverage_fallback,30,30,"BTC,ETH,XRP,BNB,TRX,ADA,AVAX,DOT,NEAR,ATOM,ALGO,DOGE,BCH,LTC,XLM,ETC,LINK,UNI,AAVE,INJ,FIL,VET,FET,GRT,THETA,XTZ,SAND,CHZ,DASH,HBAR","TON,SUI,ICP,MKR,RENDER,RNDR,ARB,OP,MATIC,POL,APT,SEI,EOS,MANA","CHZ,DASH,HBAR",1440,336,0.8,336,1.5,0.0,10.0,8760.0,0.7297871919675052,0.108106853193409,1.3136069909305017,0.0822977145674528,-0.905914872922748,0.0049396972029766,116,46236.0,0.5009083830781209
crypto,SOL,priority_with_coverage_fallback,30,30,"BTC,ETH,XRP,BNB,TRX,ADA,AVAX,DOT,NEAR,ATOM,ALGO,DOGE,BCH,LTC,XLM,ETC,LINK,UNI,AAVE,INJ,FIL,VET,FET,GRT,THETA,XTZ,SAND,CHZ,DASH,HBAR","TON,SUI,ICP,MKR,RENDER,RNDR,ARB,OP,MATIC,POL,APT,SEI,EOS,MANA","CHZ,DASH,HBAR",1440,336,0.8,336,1.5,0.25,10.0,8760.0,13.752105140648164,0.6555942836158759,1.1724946161882788,0.5591448136002365,-0.8167605616539017,0.0085535882302625,375,173.22857142857143,0.5030842817087251
crypto,SOL,priority_with_coverage_fallback,30,30,"BTC,ETH,XRP,BNB,TRX,ADA,AVAX,DOT,NEAR,ATOM,ALGO,DOGE,BCH,LTC,XLM,ETC,LINK,UNI,AAVE,INJ,FIL,VET,FET,GRT,THETA,XTZ,SAND,CHZ,DASH,HBAR","TON,SUI,ICP,MKR,RENDER,RNDR,ARB,OP,MATIC,POL,APT,SEI,EOS,MANA","CHZ,DASH,HBAR",1440,336,0.8,336,1.5,0.5,10.0,8760.0,5.356368620818965,0.4140344856690923,1.103204504757516,0.3753016633666637,-0.888395778999953,0.0094944829355914,425,131.27586206896552,0.5013696573980262
crypto,SOL,priority_with_coverage_fallback,30,30,"BTC,ETH,XRP,BNB,TRX,ADA,AVAX,DOT,NEAR,ATOM,ALGO,DOGE,BCH,LTC,XLM,ETC,LINK,UNI,AAVE,INJ,FIL,VET,FET,GRT,THETA,XTZ,SAND,CHZ,DASH,HBAR","TON,SUI,ICP,MKR,RENDER,RNDR,ARB,OP,MATIC,POL,APT,SEI,EOS,MANA","CHZ,DASH,HBAR",1440,336,0.8,336,1.5,0.75,10.0,8760.0,0.0225430573373179,0.0041846832139098,1.0278420559534822,0.0040713290428926,-0.923403864643204,0.0111624326404926,511,94.216,0.5004670119724888
crypto,SOL,priority_with_coverage_fallback,30,30,"BTC,ETH,XRP,BNB,TRX,ADA,AVAX,DOT,NEAR,ATOM,ALGO,DOGE,BCH,LTC,XLM,ETC,LINK,UNI,AAVE,INJ,FIL,VET,FET,GRT,THETA,XTZ,SAND,CHZ,DASH,HBAR","TON,SUI,ICP,MKR,RENDER,RNDR,ARB,OP,MATIC,POL,APT,SEI,EOS,MANA","CHZ,DASH,HBAR",1440,336,0.8,336,1.5,1.0,10.0,8760.0,-0.7155083941376836,-0.2098048951118292,0.9391682635925253,-0.2233943620595518,-0.9478100773135782,0.0129159182276965,596,70.02721088435374,0.4985914124732854
crypto,SOL,priority_with_coverage_fallback,30,30,"BTC,ETH,XRP,BNB,TRX,ADA,AVAX,DOT,NEAR,ATOM,ALGO,DOGE,BCH,LTC,XLM,ETC,LINK,UNI,AAVE,INJ,FIL,VET,FET,GRT,THETA,XTZ,SAND,CHZ,DASH,HBAR","TON,SUI,ICP,MKR,RENDER,RNDR,ARB,OP,MATIC,POL,APT,SEI,EOS,MANA","CHZ,DASH,HBAR",1440,336,0.8,336,2.0,0.0,10.0,8760.0,2.5172321017375907,0.2656578970474406,1.3127247475760913,0.202371363484973,-0.8891163135380186,0.004041570438799,95,46177.0,0.5025445568139983
crypto,SOL,priority_with_coverage_fallback,30,30,"BTC,ETH,XRP,BNB,TRX,ADA,AVAX,DOT,NEAR,ATOM,ALGO,DOGE,BCH,LTC,XLM,ETC,LINK,UNI,AAVE,INJ,FIL,VET,FET,GRT,THETA,XTZ,SAND,CHZ,DASH,HBAR","TON,SUI,ICP,MKR,RENDER,RNDR,ARB,OP,MATIC,POL,APT,SEI,EOS,MANA","CHZ,DASH,HBAR",1440,336,0.8,336,2.0,0.25,10.0,8760.0,1.646313958149955,0.1999708466418006,1.0678322641017703,0.1872680320349847,-0.8093298691211622,0.0065007270549995,291,190.10071942446044,0.5031410838631547
crypto,SOL,priority_with_coverage_fallback,30,30,"BTC,ETH,XRP,BNB,TRX,ADA,AVAX,DOT,NEAR,ATOM,ALGO,DOGE,BCH,LTC,XLM,ETC,LINK,UNI,AAVE,INJ,FIL,VET,FET,GRT,THETA,XTZ,SAND,CHZ,DASH,HBAR","TON,SUI,ICP,MKR,RENDER,RNDR,ARB,OP,MATIC,POL,APT,SEI,EOS,MANA","CHZ,DASH,HBAR",1440,336,0.8,336,2.0,0.5,10.0,8760.0,0.3442070134379795,0.0569750618389219,0.9922227734560322,0.0574216429647859,-0.8833584091698912,0.0069284064665127,312,150.69333333333333,0.501858078216245
crypto,SOL,priority_with_coverage_fallback,30,30,"BTC,ETH,XRP,BNB,TRX,ADA,AVAX,DOT,NEAR,ATOM,ALGO,DOGE,BCH,LTC,XLM,ETC,LINK,UNI,AAVE,INJ,FIL,VET,FET,GRT,THETA,XTZ,SAND,CHZ,DASH,HBAR","TON,SUI,ICP,MKR,RENDER,RNDR,ARB,OP,MATIC,POL,APT,SEI,EOS,MANA","CHZ,DASH,HBAR",1440,336,0.8,336,2.0,0.75,10.0,8760.0,-0.7595839157349127,-0.2343331068995686,0.9501567744438512,-0.2466257287243247,-0.9131036421923218,0.0075699255837823,348,113.73684210526316,0.4996143760604658
crypto,SOL,priority_with_coverage_fallback,30,30,"BTC,ETH,XRP,BNB,TRX,ADA,AVAX,DOT,NEAR,ATOM,ALGO,DOGE,BCH,LTC,XLM,ETC,LINK,UNI,AAVE,INJ,FIL,VET,FET,GRT,THETA,XTZ,SAND,CHZ,DASH,HBAR","TON,SUI,ICP,MKR,RENDER,RNDR,ARB,OP,MATIC,POL,APT,SEI,EOS,MANA","CHZ,DASH,HBAR",1440,336,0.8,336,2.0,1.0,10.0,8760.0,-0.9142251895249724,-0.3687620065973994,0.8539191200680524,-0.4318465273010999,-0.9505936059576058,0.0080403729364468,373,91.15675675675676,0.498873339658444
crypto,SOL,priority_with_coverage_fallback,30,30,"BTC,ETH,XRP,BNB,TRX,ADA,AVAX,DOT,NEAR,ATOM,ALGO,DOGE,BCH,LTC,XLM,ETC,LINK,UNI,AAVE,INJ,FIL,VET,FET,GRT,THETA,XTZ,SAND,CHZ,DASH,HBAR","TON,SUI,ICP,MKR,RENDER,RNDR,ARB,OP,MATIC,POL,APT,SEI,EOS,MANA","CHZ,DASH,HBAR",1440,336,0.8,336,2.5,0.0,10.0,8760.0,2.206722968279088,0.2439337245688071,1.3098603521195866,0.1862288023101692,-0.7902900794388996,0.0027157642631083,64,45921.0,0.5001633239694258
crypto,SOL,priority_with_coverage_fallback,30,30,"BTC,ETH,XRP,BNB,TRX,ADA,AVAX,DOT,NEAR,ATOM,ALGO,DOGE,BCH,LTC,XLM,ETC,LINK,UNI,AAVE,INJ,FIL,VET,FET,GRT,THETA,XTZ,SAND,CHZ,DASH,HBAR","TON,SUI,ICP,MKR,RENDER,RNDR,ARB,OP,MATIC,POL,APT,SEI,EOS,MANA","CHZ,DASH,HBAR",1440,336,0.8,336,2.5,0.25,10.0,8760.0,0.1840866427323642,0.0321586504973543,1.0302943189895235,0.0312130717452605,-0.7213098451960244,0.0047044735266444,215,203.5809523809524,0.5022922904191617
crypto,SOL,priority_with_coverage_fallback,30,30,"BTC,ETH,XRP,BNB,TRX,ADA,AVAX,DOT,NEAR,ATOM,ALGO,DOGE,BCH,LTC,XLM,ETC,LINK,UNI,AAVE,INJ,FIL,VET,FET,GRT,THETA,XTZ,SAND,CHZ,DASH,HBAR","TON,SUI,ICP,MKR,RENDER,RNDR,ARB,OP,MATIC,POL,APT,SEI,EOS,MANA","CHZ,DASH,HBAR",1440,336,0.8,336,2.5,0.5,10.0,8760.0,-0.4544161376277946,-0.1072950219803227,0.9586797649232172,-0.1119195647035652,-0.8490165976434425,0.0049183132324009,226,166.92792792792793,0.5005666792595391
crypto,SOL,priority_with_coverage_fallback,30,30,"BTC,ETH,XRP,BNB,TRX,ADA,AVAX,DOT,NEAR,ATOM,ALGO,DOGE,BCH,LTC,XLM,ETC,LINK,UNI,AAVE,INJ,FIL,VET,FET,GRT,THETA,XTZ,SAND,CHZ,DASH,HBAR","TON,SUI,ICP,MKR,RENDER,RNDR,ARB,OP,MATIC,POL,APT,SEI,EOS,MANA","CHZ,DASH,HBAR",1440,336,0.8,336,2.5,0.75,10.0,8760.0,-0.807045040122445,-0.2652340061844288,0.9071767171794572,-0.2923730307024186,-0.8803362948402188,0.0052176888204601,241,127.80672268907564,0.4988493655072654
crypto,SOL,priority_with_coverage_fallback,30,30,"BTC,ETH,XRP,BNB,TRX,ADA,AVAX,DOT,NEAR,ATOM,ALGO,DOGE,BCH,LTC,XLM,ETC,LINK,UNI,AAVE,INJ,FIL,VET,FET,GRT,THETA,XTZ,SAND,CHZ,DASH,HBAR","TON,SUI,ICP,MKR,RENDER,RNDR,ARB,OP,MATIC,POL,APT,SEI,EOS,MANA","CHZ,DASH,HBAR",1440,336,0.8,336,2.5,1.0,10.0,8760.0,-0.9069739010621802,-0.3590924935888689,0.8130106859622264,-0.4416823785826019,-0.929172321706444,0.0053887605850654,250,105.54032258064515,0.4985099717276687
crypto,SOL,priority_with_coverage_fallback,30,30,"BTC,ETH,XRP,BNB,TRX,ADA,AVAX,DOT,NEAR,ATOM,ALGO,DOGE,BCH,LTC,XLM,ETC,LINK,UNI,AAVE,INJ,FIL,VET,FET,GRT,THETA,XTZ,SAND,CHZ,DASH,HBAR","TON,SUI,ICP,MKR,RENDER,RNDR,ARB,OP,MATIC,POL,APT,SEI,EOS,MANA","CHZ,DASH,HBAR",1440,336,0.8,336,3.0,0.0,10.0,8760.0,5.8930625512479535,0.435669189993171,1.2871374303364769,0.3384791551584982,-0.8036235696730427,0.0020742451458386,49,45120.0,0.4967420212765957
crypto,SOL,priority_with_coverage_fallback,30,30,"BTC,ETH,XRP,BNB,TRX,ADA,AVAX,DOT,NEAR,ATOM,ALGO,DOGE,BCH,LTC,XLM,ETC,LINK,UNI,AAVE,INJ,FIL,VET,FET,GRT,THETA,XTZ,SAND,CHZ,DASH,HBAR","TON,SUI,ICP,MKR,RENDER,RNDR,ARB,OP,MATIC,POL,APT,SEI,EOS,MANA","CHZ,DASH,HBAR",1440,336,0.8,336,3.0,0.25,10.0,8760.0,1.6173215587819143,0.1974971419143298,0.9676740766517872,0.2040946912597703,-0.7438506370553518,0.0034642032332563,158,216.1428571428572,0.5029742233972241
crypto,SOL,priority_with_coverage_fallback,30,30,"BTC,ETH,XRP,BNB,TRX,ADA,AVAX,DOT,NEAR,ATOM,ALGO,DOGE,BCH,LTC,XLM,ETC,LINK,UNI,AAVE,INJ,FIL,VET,FET,GRT,THETA,XTZ,SAND,CHZ,DASH,HBAR","TON,SUI,ICP,MKR,RENDER,RNDR,ARB,OP,MATIC,POL,APT,SEI,EOS,MANA","CHZ,DASH,HBAR",1440,336,0.8,336,3.0,0.5,10.0,8760.0,-0.0450324050185536,-0.0085943276574341,0.8939399694147899,-0.009613987461664,-0.7697074162887845,0.0035069711744076,161,183.5443037974684,0.5019310344827587
crypto,SOL,priority_with_coverage_fallback,30,30,"BTC,ETH,XRP,BNB,TRX,ADA,AVAX,DOT,NEAR,ATOM,ALGO,DOGE,BCH,LTC,XLM,ETC,LINK,UNI,AAVE,INJ,FIL,VET,FET,GRT,THETA,XTZ,SAND,CHZ,DASH,HBAR","TON,SUI,ICP,MKR,RENDER,RNDR,ARB,OP,MATIC,POL,APT,SEI,EOS,MANA","CHZ,DASH,HBAR",1440,336,0.8,336,3.0,0.75,10.0,8760.0,-0.6058526275215581,-0.160042471130125,0.8573384892176464,-0.1866736104151463,-0.8148864948212204,0.0035497391155589,164,143.03703703703704,0.5004315553253927
crypto,SOL,priority_with_coverage_fallback,30,30,"BTC,ETH,XRP,BNB,TRX,ADA,AVAX,DOT,NEAR,ATOM,ALGO,DOGE,BCH,LTC,XLM,ETC,LINK,UNI,AAVE,INJ,FIL,VET,FET,GRT,THETA,XTZ,SAND,CHZ,DASH,HBAR","TON,SUI,ICP,MKR,RENDER,RNDR,ARB,OP,MATIC,POL,APT,SEI,EOS,MANA","CHZ,DASH,HBAR",1440,336,0.8,336,3.0,1.0,10.0,8760.0,-0.8218401634829814,-0.2761326154194321,0.7572333095987657,-0.3646598900486115,-0.8487716810017639,0.0035925070567102,167,115.27710843373494,0.50188127090301
