dimension,market,target,group,rebalance_frequency,count,share,entry_z,exit_z,value
rebalance_frequency,crypto,ADA,top5_sharpe|crypto|ADA,24.0,9,0.6428571428571429,,,
rebalance_frequency,crypto,ADA,top5_sharpe|crypto|ADA,72.0,2,0.14285714285714285,,,
rebalance_frequency,crypto,ADA,top5_sharpe|crypto|ADA,168.0,3,0.21428571428571427,,,
entry_z,crypto,ADA,top5_sharpe|crypto|ADA,,1,0.07142857142857142,1.5,,
entry_z,crypto,ADA,top5_sharpe|crypto|ADA,,1,0.07142857142857142,2.0,,
entry_z,crypto,ADA,top5_sharpe|crypto|ADA,,6,0.42857142857142855,2.5,,
entry_z,crypto,ADA,top5_sharpe|crypto|ADA,,6,0.42857142857142855,3.0,,
exit_z,crypto,ADA,top5_sharpe|crypto|ADA,,4,0.2857142857142857,,0.25,
exit_z,crypto,ADA,top5_sharpe|crypto|ADA,,3,0.21428571428571427,,0.5,
exit_z,crypto,ADA,top5_sharpe|crypto|ADA,,5,0.35714285714285715,,0.75,
exit_z,crypto,ADA,top5_sharpe|crypto|ADA,,2,0.14285714285714285,,1.0,
entry_exit_pair,crypto,ADA,top5_sharpe|crypto|ADA,,1,0.07142857142857142,,,1.5|0.75
entry_exit_pair,crypto,ADA,top5_sharpe|crypto|ADA,,1,0.07142857142857142,,,2.0|0.75
entry_exit_pair,crypto,ADA,top5_sharpe|crypto|ADA,,2,0.14285714285714285,,,2.5|0.25
entry_exit_pair,crypto,ADA,top5_sharpe|crypto|ADA,,2,0.14285714285714285,,,2.5|0.5
entry_exit_pair,crypto,ADA,top5_sharpe|crypto|ADA,,1,0.07142857142857142,,,2.5|0.75
entry_exit_pair,crypto,ADA,top5_sharpe|crypto|ADA,,1,0.07142857142857142,,,2.5|1.0
entry_exit_pair,crypto,ADA,top5_sharpe|crypto|ADA,,2,0.14285714285714285,,,3.0|0.25
entry_exit_pair,crypto,ADA,top5_sharpe|crypto|ADA,,1,0.07142857142857142,,,3.0|0.5
entry_exit_pair,crypto,ADA,top5_sharpe|crypto|ADA,,2,0.14285714285714285,,,3.0|0.75
entry_exit_pair,crypto,ADA,top5_sharpe|crypto|ADA,,1,0.07142857142857142,,,3.0|1.0
rebalance_entry_pair,crypto,ADA,top5_sharpe|crypto|ADA,,1,0.07142857142857142,,,168|1.5
rebalance_entry_pair,crypto,ADA,top5_sharpe|crypto|ADA,,2,0.14285714285714285,,,168|2.5
rebalance_entry_pair,crypto,ADA,top5_sharpe|crypto|ADA,,1,0.07142857142857142,,,24|2.0
rebalance_entry_pair,crypto,ADA,top5_sharpe|crypto|ADA,,4,0.2857142857142857,,,24|2.5
rebalance_entry_pair,crypto,ADA,top5_sharpe|crypto|ADA,,4,0.2857142857142857,,,24|3.0
rebalance_entry_pair,crypto,ADA,top5_sharpe|crypto|ADA,,2,0.14285714285714285,,,72|3.0
full_combo,crypto,ADA,top5_sharpe|crypto|ADA,,1,0.07142857142857142,,,168|1.5|0.75
full_combo,crypto,ADA,top5_sharpe|crypto|ADA,,1,0.07142857142857142,,,168|2.5|0.25
full_combo,crypto,ADA,top5_sharpe|crypto|ADA,,1,0.07142857142857142,,,168|2.5|0.5
full_combo,crypto,ADA,top5_sharpe|crypto|ADA,,1,0.07142857142857142,,,24|2.0|0.75
full_combo,crypto,ADA,top5_sharpe|crypto|ADA,,1,0.07142857142857142,,,24|2.5|0.25
full_combo,crypto,ADA,top5_sharpe|crypto|ADA,,1,0.07142857142857142,,,24|2.5|0.5
full_combo,crypto,ADA,top5_sharpe|crypto|ADA,,1,0.07142857142857142,,,24|2.5|0.75
full_combo,crypto,ADA,top5_sharpe|crypto|ADA,,1,0.07142857142857142,,,24|2.5|1.0
full_combo,crypto,ADA,top5_sharpe|crypto|ADA,,1,0.07142857142857142,,,24|3.0|0.25
full_combo,crypto,ADA,top5_sharpe|crypto|ADA,,1,0.07142857142857142,,,24|3.0|0.5
full_combo,crypto,ADA,top5_sharpe|crypto|ADA,,1,0.07142857142857142,,,24|3.0|0.75
full_combo,crypto,ADA,top5_sharpe|crypto|ADA,,1,0.07142857142857142,,,24|3.0|1.0
full_combo,crypto,ADA,top5_sharpe|crypto|ADA,,1,0.07142857142857142,,,72|3.0|0.25
full_combo,crypto,ADA,top5_sharpe|crypto|ADA,,1,0.07142857142857142,,,72|3.0|0.75
rebalance_frequency,crypto,ATOM,top5_sharpe|crypto|ATOM,24.0,19,0.34545454545454546,,,
rebalance_frequency,crypto,ATOM,top5_sharpe|crypto|ATOM,72.0,14,0.2545454545454545,,,
rebalance_frequency,crypto,ATOM,top5_sharpe|crypto|ATOM,168.0,15,0.2727272727272727,,,
rebalance_frequency,crypto,ATOM,top5_sharpe|crypto|ATOM,336.0,7,0.12727272727272726,,,
entry_z,crypto,ATOM,top5_sharpe|crypto|ATOM,,10,0.18181818181818182,1.0,,
entry_z,crypto,ATOM,top5_sharpe|crypto|ATOM,,14,0.2545454545454545,1.5,,
entry_z,crypto,ATOM,top5_sharpe|crypto|ATOM,,10,0.18181818181818182,2.0,,
entry_z,crypto,ATOM,top5_sharpe|crypto|ATOM,,10,0.18181818181818182,2.5,,
entry_z,crypto,ATOM,top5_sharpe|crypto|ATOM,,11,0.2,3.0,,
exit_z,crypto,ATOM,top5_sharpe|crypto|ATOM,,17,0.3090909090909091,,0.25,
exit_z,crypto,ATOM,top5_sharpe|crypto|ATOM,,14,0.2545454545454545,,0.5,
exit_z,crypto,ATOM,top5_sharpe|crypto|ATOM,,17,0.3090909090909091,,0.75,
exit_z,crypto,ATOM,top5_sharpe|crypto|ATOM,,7,0.12727272727272726,,1.0,
entry_exit_pair,crypto,ATOM,top5_sharpe|crypto|ATOM,,3,0.05454545454545454,,,1.0|0.25
entry_exit_pair,crypto,ATOM,top5_sharpe|crypto|ATOM,,3,0.05454545454545454,,,1.0|0.5
entry_exit_pair,crypto,ATOM,top5_sharpe|crypto|ATOM,,4,0.07272727272727272,,,1.0|0.75
entry_exit_pair,crypto,ATOM,top5_sharpe|crypto|ATOM,,4,0.07272727272727272,,,1.5|0.25
entry_exit_pair,crypto,ATOM,top5_sharpe|crypto|ATOM,,4,0.07272727272727272,,,1.5|0.5
entry_exit_pair,crypto,ATOM,top5_sharpe|crypto|ATOM,,4,0.07272727272727272,,,1.5|0.75
entry_exit_pair,crypto,ATOM,top5_sharpe|crypto|ATOM,,2,0.03636363636363636,,,1.5|1.0
entry_exit_pair,crypto,ATOM,top5_sharpe|crypto|ATOM,,4,0.07272727272727272,,,2.0|0.25
entry_exit_pair,crypto,ATOM,top5_sharpe|crypto|ATOM,,2,0.03636363636363636,,,2.0|0.5
entry_exit_pair,crypto,ATOM,top5_sharpe|crypto|ATOM,,3,0.05454545454545454,,,2.0|0.75
entry_exit_pair,crypto,ATOM,top5_sharpe|crypto|ATOM,,1,0.01818181818181818,,,2.0|1.0
entry_exit_pair,crypto,ATOM,top5_sharpe|crypto|ATOM,,3,0.05454545454545454,,,2.5|0.25
entry_exit_pair,crypto,ATOM,top5_sharpe|crypto|ATOM,,2,0.03636363636363636,,,2.5|0.5
entry_exit_pair,crypto,ATOM,top5_sharpe|crypto|ATOM,,3,0.05454545454545454,,,2.5|0.75
entry_exit_pair,crypto,ATOM,top5_sharpe|crypto|ATOM,,2,0.03636363636363636,,,2.5|1.0
entry_exit_pair,crypto,ATOM,top5_sharpe|crypto|ATOM,,3,0.05454545454545454,,,3.0|0.25
entry_exit_pair,crypto,ATOM,top5_sharpe|crypto|ATOM,,3,0.05454545454545454,,,3.0|0.5
entry_exit_pair,crypto,ATOM,top5_sharpe|crypto|ATOM,,3,0.05454545454545454,,,3.0|0.75
entry_exit_pair,crypto,ATOM,top5_sharpe|crypto|ATOM,,2,0.03636363636363636,,,3.0|1.0
rebalance_entry_pair,crypto,ATOM,top5_sharpe|crypto|ATOM,,3,0.05454545454545454,,,168|1.0
rebalance_entry_pair,crypto,ATOM,top5_sharpe|crypto|ATOM,,3,0.05454545454545454,,,168|1.5
rebalance_entry_pair,crypto,ATOM,top5_sharpe|crypto|ATOM,,3,0.05454545454545454,,,168|2.0
rebalance_entry_pair,crypto,ATOM,top5_sharpe|crypto|ATOM,,3,0.05454545454545454,,,168|2.5
rebalance_entry_pair,crypto,ATOM,top5_sharpe|crypto|ATOM,,3,0.05454545454545454,,,168|3.0
rebalance_entry_pair,crypto,ATOM,top5_sharpe|crypto|ATOM,,3,0.05454545454545454,,,24|1.0
rebalance_entry_pair,crypto,ATOM,top5_sharpe|crypto|ATOM,,4,0.07272727272727272,,,24|1.5
rebalance_entry_pair,crypto,ATOM,top5_sharpe|crypto|ATOM,,4,0.07272727272727272,,,24|2.0
rebalance_entry_pair,crypto,ATOM,top5_sharpe|crypto|ATOM,,4,0.07272727272727272,,,24|2.5
rebalance_entry_pair,crypto,ATOM,top5_sharpe|crypto|ATOM,,4,0.07272727272727272,,,24|3.0
rebalance_entry_pair,crypto,ATOM,top5_sharpe|crypto|ATOM,,3,0.05454545454545454,,,336|1.0
rebalance_entry_pair,crypto,ATOM,top5_sharpe|crypto|ATOM,,3,0.05454545454545454,,,336|1.5
rebalance_entry_pair,crypto,ATOM,top5_sharpe|crypto|ATOM,,1,0.01818181818181818,,,336|2.0
rebalance_entry_pair,crypto,ATOM,top5_sharpe|crypto|ATOM,,1,0.01818181818181818,,,72|1.0
rebalance_entry_pair,crypto,ATOM,top5_sharpe|crypto|ATOM,,4,0.07272727272727272,,,72|1.5
rebalance_entry_pair,crypto,ATOM,top5_sharpe|crypto|ATOM,,2,0.03636363636363636,,,72|2.0
rebalance_entry_pair,crypto,ATOM,top5_sharpe|crypto|ATOM,,3,0.05454545454545454,,,72|2.5
rebalance_entry_pair,crypto,ATOM,top5_sharpe|crypto|ATOM,,4,0.07272727272727272,,,72|3.0
full_combo,crypto,ATOM,top5_sharpe|crypto|ATOM,,1,0.01818181818181818,,,168|1.0|0.25
full_combo,crypto,ATOM,top5_sharpe|crypto|ATOM,,1,0.01818181818181818,,,168|1.0|0.5
full_combo,crypto,ATOM,top5_sharpe|crypto|ATOM,,1,0.01818181818181818,,,168|1.0|0.75
full_combo,crypto,ATOM,top5_sharpe|crypto|ATOM,,1,0.01818181818181818,,,168|1.5|0.25
full_combo,crypto,ATOM,top5_sharpe|crypto|ATOM,,1,0.01818181818181818,,,168|1.5|0.5
full_combo,crypto,ATOM,top5_sharpe|crypto|ATOM,,1,0.01818181818181818,,,168|1.5|0.75
full_combo,crypto,ATOM,top5_sharpe|crypto|ATOM,,1,0.01818181818181818,,,168|2.0|0.25
full_combo,crypto,ATOM,top5_sharpe|crypto|ATOM,,1,0.01818181818181818,,,168|2.0|0.5
full_combo,crypto,ATOM,top5_sharpe|crypto|ATOM,,1,0.01818181818181818,,,168|2.0|0.75
full_combo,crypto,ATOM,top5_sharpe|crypto|ATOM,,1,0.01818181818181818,,,168|2.5|0.25
full_combo,crypto,ATOM,top5_sharpe|crypto|ATOM,,1,0.01818181818181818,,,168|2.5|0.5
full_combo,crypto,ATOM,top5_sharpe|crypto|ATOM,,1,0.01818181818181818,,,168|2.5|0.75
full_combo,crypto,ATOM,top5_sharpe|crypto|ATOM,,1,0.01818181818181818,,,168|3.0|0.25
full_combo,crypto,ATOM,top5_sharpe|crypto|ATOM,,1,0.01818181818181818,,,168|3.0|0.5
full_combo,crypto,ATOM,top5_sharpe|crypto|ATOM,,1,0.01818181818181818,,,168|3.0|0.75
full_combo,crypto,ATOM,top5_sharpe|crypto|ATOM,,1,0.01818181818181818,,,24|1.0|0.25
full_combo,crypto,ATOM,top5_sharpe|crypto|ATOM,,1,0.01818181818181818,,,24|1.0|0.5
full_combo,crypto,ATOM,top5_sharpe|crypto|ATOM,,1,0.01818181818181818,,,24|1.0|0.75
full_combo,crypto,ATOM,top5_sharpe|crypto|ATOM,,1,0.01818181818181818,,,24|1.5|0.25
full_combo,crypto,ATOM,top5_sharpe|crypto|ATOM,,1,0.01818181818181818,,,24|1.5|0.5
full_combo,crypto,ATOM,top5_sharpe|crypto|ATOM,,1,0.01818181818181818,,,24|1.5|0.75
full_combo,crypto,ATOM,top5_sharpe|crypto|ATOM,,1,0.01818181818181818,,,24|1.5|1.0
full_combo,crypto,ATOM,top5_sharpe|crypto|ATOM,,1,0.01818181818181818,,,24|2.0|0.25
full_combo,crypto,ATOM,top5_sharpe|crypto|ATOM,,1,0.01818181818181818,,,24|2.0|0.5
full_combo,crypto,ATOM,top5_sharpe|crypto|ATOM,,1,0.01818181818181818,,,24|2.0|0.75
full_combo,crypto,ATOM,top5_sharpe|crypto|ATOM,,1,0.01818181818181818,,,24|2.0|1.0
full_combo,crypto,ATOM,top5_sharpe|crypto|ATOM,,1,0.01818181818181818,,,24|2.5|0.25
full_combo,crypto,ATOM,top5_sharpe|crypto|ATOM,,1,0.01818181818181818,,,24|2.5|0.5
full_combo,crypto,ATOM,top5_sharpe|crypto|ATOM,,1,0.01818181818181818,,,24|2.5|0.75
full_combo,crypto,ATOM,top5_sharpe|crypto|ATOM,,1,0.01818181818181818,,,24|2.5|1.0
full_combo,crypto,ATOM,top5_sharpe|crypto|ATOM,,1,0.01818181818181818,,,24|3.0|0.25
full_combo,crypto,ATOM,top5_sharpe|crypto|ATOM,,1,0.01818181818181818,,,24|3.0|0.5
full_combo,crypto,ATOM,top5_sharpe|crypto|ATOM,,1,0.01818181818181818,,,24|3.0|0.75
full_combo,crypto,ATOM,top5_sharpe|crypto|ATOM,,1,0.01818181818181818,,,24|3.0|1.0
full_combo,crypto,ATOM,top5_sharpe|crypto|ATOM,,1,0.01818181818181818,,,336|1.0|0.25
full_combo,crypto,ATOM,top5_sharpe|crypto|ATOM,,1,0.01818181818181818,,,336|1.0|0.5
full_combo,crypto,ATOM,top5_sharpe|crypto|ATOM,,1,0.01818181818181818,,,336|1.0|0.75
full_combo,crypto,ATOM,top5_sharpe|crypto|ATOM,,1,0.01818181818181818,,,336|1.5|0.25
full_combo,crypto,ATOM,top5_sharpe|crypto|ATOM,,1,0.01818181818181818,,,336|1.5|0.5
full_combo,crypto,ATOM,top5_sharpe|crypto|ATOM,,1,0.01818181818181818,,,336|1.5|0.75
full_combo,crypto,ATOM,top5_sharpe|crypto|ATOM,,1,0.01818181818181818,,,336|2.0|0.25
full_combo,crypto,ATOM,top5_sharpe|crypto|ATOM,,1,0.01818181818181818,,,72|1.0|0.75
full_combo,crypto,ATOM,top5_sharpe|crypto|ATOM,,1,0.01818181818181818,,,72|1.5|0.25
full_combo,crypto,ATOM,top5_sharpe|crypto|ATOM,,1,0.01818181818181818,,,72|1.5|0.5
full_combo,crypto,ATOM,top5_sharpe|crypto|ATOM,,1,0.01818181818181818,,,72|1.5|0.75
full_combo,crypto,ATOM,top5_sharpe|crypto|ATOM,,1,0.01818181818181818,,,72|1.5|1.0
full_combo,crypto,ATOM,top5_sharpe|crypto|ATOM,,1,0.01818181818181818,,,72|2.0|0.25
full_combo,crypto,ATOM,top5_sharpe|crypto|ATOM,,1,0.01818181818181818,,,72|2.0|0.75
full_combo,crypto,ATOM,top5_sharpe|crypto|ATOM,,1,0.01818181818181818,,,72|2.5|0.25
full_combo,crypto,ATOM,top5_sharpe|crypto|ATOM,,1,0.01818181818181818,,,72|2.5|0.75
full_combo,crypto,ATOM,top5_sharpe|crypto|ATOM,,1,0.01818181818181818,,,72|2.5|1.0
full_combo,crypto,ATOM,top5_sharpe|crypto|ATOM,,1,0.01818181818181818,,,72|3.0|0.25
full_combo,crypto,ATOM,top5_sharpe|crypto|ATOM,,1,0.01818181818181818,,,72|3.0|0.5
full_combo,crypto,ATOM,top5_sharpe|crypto|ATOM,,1,0.01818181818181818,,,72|3.0|0.75
full_combo,crypto,ATOM,top5_sharpe|crypto|ATOM,,1,0.01818181818181818,,,72|3.0|1.0
rebalance_frequency,crypto,AVAX,top5_sharpe|crypto|AVAX,24.0,9,0.6923076923076923,,,
rebalance_frequency,crypto,AVAX,top5_sharpe|crypto|AVAX,72.0,4,0.3076923076923077,,,
entry_z,crypto,AVAX,top5_sharpe|crypto|AVAX,,1,0.07692307692307693,1.5,,
entry_z,crypto,AVAX,top5_sharpe|crypto|AVAX,,2,0.15384615384615385,2.0,,
entry_z,crypto,AVAX,top5_sharpe|crypto|AVAX,,7,0.5384615384615384,2.5,,
entry_z,crypto,AVAX,top5_sharpe|crypto|AVAX,,3,0.23076923076923078,3.0,,
exit_z,crypto,AVAX,top5_sharpe|crypto|AVAX,,5,0.38461538461538464,,0.25,
exit_z,crypto,AVAX,top5_sharpe|crypto|AVAX,,5,0.38461538461538464,,0.5,
exit_z,crypto,AVAX,top5_sharpe|crypto|AVAX,,2,0.15384615384615385,,0.75,
exit_z,crypto,AVAX,top5_sharpe|crypto|AVAX,,1,0.07692307692307693,,1.0,
entry_exit_pair,crypto,AVAX,top5_sharpe|crypto|AVAX,,1,0.07692307692307693,,,1.5|0.25
entry_exit_pair,crypto,AVAX,top5_sharpe|crypto|AVAX,,1,0.07692307692307693,,,2.0|0.25
entry_exit_pair,crypto,AVAX,top5_sharpe|crypto|AVAX,,1,0.07692307692307693,,,2.0|0.5
entry_exit_pair,crypto,AVAX,top5_sharpe|crypto|AVAX,,2,0.15384615384615385,,,2.5|0.25
entry_exit_pair,crypto,AVAX,top5_sharpe|crypto|AVAX,,2,0.15384615384615385,,,2.5|0.5
entry_exit_pair,crypto,AVAX,top5_sharpe|crypto|AVAX,,2,0.15384615384615385,,,2.5|0.75
entry_exit_pair,crypto,AVAX,top5_sharpe|crypto|AVAX,,1,0.07692307692307693,,,2.5|1.0
entry_exit_pair,crypto,AVAX,top5_sharpe|crypto|AVAX,,1,0.07692307692307693,,,3.0|0.25
entry_exit_pair,crypto,AVAX,top5_sharpe|crypto|AVAX,,2,0.15384615384615385,,,3.0|0.5
rebalance_entry_pair,crypto,AVAX,top5_sharpe|crypto|AVAX,,1,0.07692307692307693,,,24|1.5
rebalance_entry_pair,crypto,AVAX,top5_sharpe|crypto|AVAX,,2,0.15384615384615385,,,24|2.0
rebalance_entry_pair,crypto,AVAX,top5_sharpe|crypto|AVAX,,4,0.3076923076923077,,,24|2.5
rebalance_entry_pair,crypto,AVAX,top5_sharpe|crypto|AVAX,,2,0.15384615384615385,,,24|3.0
rebalance_entry_pair,crypto,AVAX,top5_sharpe|crypto|AVAX,,3,0.23076923076923078,,,72|2.5
rebalance_entry_pair,crypto,AVAX,top5_sharpe|crypto|AVAX,,1,0.07692307692307693,,,72|3.0
full_combo,crypto,AVAX,top5_sharpe|crypto|AVAX,,1,0.07692307692307693,,,24|1.5|0.25
full_combo,crypto,AVAX,top5_sharpe|crypto|AVAX,,1,0.07692307692307693,,,24|2.0|0.25
full_combo,crypto,AVAX,top5_sharpe|crypto|AVAX,,1,0.07692307692307693,,,24|2.0|0.5
full_combo,crypto,AVAX,top5_sharpe|crypto|AVAX,,1,0.07692307692307693,,,24|2.5|0.25
full_combo,crypto,AVAX,top5_sharpe|crypto|AVAX,,1,0.07692307692307693,,,24|2.5|0.5
full_combo,crypto,AVAX,top5_sharpe|crypto|AVAX,,1,0.07692307692307693,,,24|2.5|0.75
full_combo,crypto,AVAX,top5_sharpe|crypto|AVAX,,1,0.07692307692307693,,,24|2.5|1.0
full_combo,crypto,AVAX,top5_sharpe|crypto|AVAX,,1,0.07692307692307693,,,24|3.0|0.25
full_combo,crypto,AVAX,top5_sharpe|crypto|AVAX,,1,0.07692307692307693,,,24|3.0|0.5
full_combo,crypto,AVAX,top5_sharpe|crypto|AVAX,,1,0.07692307692307693,,,72|2.5|0.25
full_combo,crypto,AVAX,top5_sharpe|crypto|AVAX,,1,0.07692307692307693,,,72|2.5|0.5
full_combo,crypto,AVAX,top5_sharpe|crypto|AVAX,,1,0.07692307692307693,,,72|2.5|0.75
full_combo,crypto,AVAX,top5_sharpe|crypto|AVAX,,1,0.07692307692307693,,,72|3.0|0.5
rebalance_frequency,crypto,BNB,top5_sharpe|crypto|BNB,24.0,2,1.0,,,
entry_z,crypto,BNB,top5_sharpe|crypto|BNB,,1,0.5,2.5,,
entry_z,crypto,BNB,top5_sharpe|crypto|BNB,,1,0.5,3.0,,
exit_z,crypto,BNB,top5_sharpe|crypto|BNB,,2,1.0,,0.25,
entry_exit_pair,crypto,BNB,top5_sharpe|crypto|BNB,,1,0.5,,,2.5|0.25
entry_exit_pair,crypto,BNB,top5_sharpe|crypto|BNB,,1,0.5,,,3.0|0.25
rebalance_entry_pair,crypto,BNB,top5_sharpe|crypto|BNB,,1,0.5,,,24|2.5
rebalance_entry_pair,crypto,BNB,top5_sharpe|crypto|BNB,,1,0.5,,,24|3.0
full_combo,crypto,BNB,top5_sharpe|crypto|BNB,,1,0.5,,,24|2.5|0.25
full_combo,crypto,BNB,top5_sharpe|crypto|BNB,,1,0.5,,,24|3.0|0.25
rebalance_frequency,crypto,ETH,top5_sharpe|crypto|ETH,24.0,4,0.5714285714285714,,,
rebalance_frequency,crypto,ETH,top5_sharpe|crypto|ETH,72.0,1,0.14285714285714285,,,
rebalance_frequency,crypto,ETH,top5_sharpe|crypto|ETH,168.0,2,0.2857142857142857,,,
entry_z,crypto,ETH,top5_sharpe|crypto|ETH,,2,0.2857142857142857,2.5,,
entry_z,crypto,ETH,top5_sharpe|crypto|ETH,,5,0.7142857142857143,3.0,,
exit_z,crypto,ETH,top5_sharpe|crypto|ETH,,5,0.7142857142857143,,0.25,
exit_z,crypto,ETH,top5_sharpe|crypto|ETH,,1,0.14285714285714285,,0.5,
exit_z,crypto,ETH,top5_sharpe|crypto|ETH,,1,0.14285714285714285,,0.75,
entry_exit_pair,crypto,ETH,top5_sharpe|crypto|ETH,,2,0.2857142857142857,,,2.5|0.25
entry_exit_pair,crypto,ETH,top5_sharpe|crypto|ETH,,3,0.42857142857142855,,,3.0|0.25
entry_exit_pair,crypto,ETH,top5_sharpe|crypto|ETH,,1,0.14285714285714285,,,3.0|0.5
entry_exit_pair,crypto,ETH,top5_sharpe|crypto|ETH,,1,0.14285714285714285,,,3.0|0.75
rebalance_entry_pair,crypto,ETH,top5_sharpe|crypto|ETH,,1,0.14285714285714285,,,168|2.5
rebalance_entry_pair,crypto,ETH,top5_sharpe|crypto|ETH,,1,0.14285714285714285,,,168|3.0
rebalance_entry_pair,crypto,ETH,top5_sharpe|crypto|ETH,,1,0.14285714285714285,,,24|2.5
rebalance_entry_pair,crypto,ETH,top5_sharpe|crypto|ETH,,3,0.42857142857142855,,,24|3.0
rebalance_entry_pair,crypto,ETH,top5_sharpe|crypto|ETH,,1,0.14285714285714285,,,72|3.0
full_combo,crypto,ETH,top5_sharpe|crypto|ETH,,1,0.14285714285714285,,,168|2.5|0.25
full_combo,crypto,ETH,top5_sharpe|crypto|ETH,,1,0.14285714285714285,,,168|3.0|0.25
full_combo,crypto,ETH,top5_sharpe|crypto|ETH,,1,0.14285714285714285,,,24|2.5|0.25
full_combo,crypto,ETH,top5_sharpe|crypto|ETH,,1,0.14285714285714285,,,24|3.0|0.25
full_combo,crypto,ETH,top5_sharpe|crypto|ETH,,1,0.14285714285714285,,,24|3.0|0.5
full_combo,crypto,ETH,top5_sharpe|crypto|ETH,,1,0.14285714285714285,,,24|3.0|0.75
full_combo,crypto,ETH,top5_sharpe|crypto|ETH,,1,0.14285714285714285,,,72|3.0|0.25
rebalance_frequency,crypto,LINK,top5_sharpe|crypto|LINK,24.0,6,0.5,,,
rebalance_frequency,crypto,LINK,top5_sharpe|crypto|LINK,72.0,5,0.4166666666666667,,,
rebalance_frequency,crypto,LINK,top5_sharpe|crypto|LINK,336.0,1,0.08333333333333333,,,
entry_z,crypto,LINK,top5_sharpe|crypto|LINK,,1,0.08333333333333333,1.0,,
entry_z,crypto,LINK,top5_sharpe|crypto|LINK,,7,0.5833333333333334,1.5,,
entry_z,crypto,LINK,top5_sharpe|crypto|LINK,,2,0.16666666666666666,2.0,,
entry_z,crypto,LINK,top5_sharpe|crypto|LINK,,2,0.16666666666666666,2.5,,
exit_z,crypto,LINK,top5_sharpe|crypto|LINK,,8,0.6666666666666666,,0.25,
exit_z,crypto,LINK,top5_sharpe|crypto|LINK,,2,0.16666666666666666,,0.5,
exit_z,crypto,LINK,top5_sharpe|crypto|LINK,,2,0.16666666666666666,,0.75,
entry_exit_pair,crypto,LINK,top5_sharpe|crypto|LINK,,1,0.08333333333333333,,,1.0|0.25
entry_exit_pair,crypto,LINK,top5_sharpe|crypto|LINK,,3,0.25,,,1.5|0.25
entry_exit_pair,crypto,LINK,top5_sharpe|crypto|LINK,,2,0.16666666666666666,,,1.5|0.5
entry_exit_pair,crypto,LINK,top5_sharpe|crypto|LINK,,2,0.16666666666666666,,,1.5|0.75
entry_exit_pair,crypto,LINK,top5_sharpe|crypto|LINK,,2,0.16666666666666666,,,2.0|0.25
entry_exit_pair,crypto,LINK,top5_sharpe|crypto|LINK,,2,0.16666666666666666,,,2.5|0.25
rebalance_entry_pair,crypto,LINK,top5_sharpe|crypto|LINK,,1,0.08333333333333333,,,24|1.0
rebalance_entry_pair,crypto,LINK,top5_sharpe|crypto|LINK,,3,0.25,,,24|1.5
rebalance_entry_pair,crypto,LINK,top5_sharpe|crypto|LINK,,1,0.08333333333333333,,,24|2.0
rebalance_entry_pair,crypto,LINK,top5_sharpe|crypto|LINK,,1,0.08333333333333333,,,24|2.5
rebalance_entry_pair,crypto,LINK,top5_sharpe|crypto|LINK,,1,0.08333333333333333,,,336|1.5
rebalance_entry_pair,crypto,LINK,top5_sharpe|crypto|LINK,,3,0.25,,,72|1.5
rebalance_entry_pair,crypto,LINK,top5_sharpe|crypto|LINK,,1,0.08333333333333333,,,72|2.0
rebalance_entry_pair,crypto,LINK,top5_sharpe|crypto|LINK,,1,0.08333333333333333,,,72|2.5
full_combo,crypto,LINK,top5_sharpe|crypto|LINK,,1,0.08333333333333333,,,24|1.0|0.25
full_combo,crypto,LINK,top5_sharpe|crypto|LINK,,1,0.08333333333333333,,,24|1.5|0.25
full_combo,crypto,LINK,top5_sharpe|crypto|LINK,,1,0.08333333333333333,,,24|1.5|0.5
full_combo,crypto,LINK,top5_sharpe|crypto|LINK,,1,0.08333333333333333,,,24|1.5|0.75
full_combo,crypto,LINK,top5_sharpe|crypto|LINK,,1,0.08333333333333333,,,24|2.0|0.25
full_combo,crypto,LINK,top5_sharpe|crypto|LINK,,1,0.08333333333333333,,,24|2.5|0.25
full_combo,crypto,LINK,top5_sharpe|crypto|LINK,,1,0.08333333333333333,,,336|1.5|0.25
full_combo,crypto,LINK,top5_sharpe|crypto|LINK,,1,0.08333333333333333,,,72|1.5|0.25
full_combo,crypto,LINK,top5_sharpe|crypto|LINK,,1,0.08333333333333333,,,72|1.5|0.5
full_combo,crypto,LINK,top5_sharpe|crypto|LINK,,1,0.08333333333333333,,,72|1.5|0.75
full_combo,crypto,LINK,top5_sharpe|crypto|LINK,,1,0.08333333333333333,,,72|2.0|0.25
full_combo,crypto,LINK,top5_sharpe|crypto|LINK,,1,0.08333333333333333,,,72|2.5|0.25
rebalance_frequency,crypto,XRP,top5_sharpe|crypto|XRP,24.0,1,1.0,,,
entry_z,crypto,XRP,top5_sharpe|crypto|XRP,,1,1.0,2.0,,
exit_z,crypto,XRP,top5_sharpe|crypto|XRP,,1,1.0,,0.25,
entry_exit_pair,crypto,XRP,top5_sharpe|crypto|XRP,,1,1.0,,,2.0|0.25
rebalance_entry_pair,crypto,XRP,top5_sharpe|crypto|XRP,,1,1.0,,,24|2.0
full_combo,crypto,XRP,top5_sharpe|crypto|XRP,,1,1.0,,,24|2.0|0.25
rebalance_frequency,russia,AFKS,top5_sharpe|russia|AFKS,5.0,3,1.0,,,
entry_z,russia,AFKS,top5_sharpe|russia|AFKS,,3,1.0,3.0,,
exit_z,russia,AFKS,top5_sharpe|russia|AFKS,,1,0.3333333333333333,,0.25,
exit_z,russia,AFKS,top5_sharpe|russia|AFKS,,1,0.3333333333333333,,0.75,
exit_z,russia,AFKS,top5_sharpe|russia|AFKS,,1,0.3333333333333333,,1.0,
entry_exit_pair,russia,AFKS,top5_sharpe|russia|AFKS,,1,0.3333333333333333,,,3.0|0.25
entry_exit_pair,russia,AFKS,top5_sharpe|russia|AFKS,,1,0.3333333333333333,,,3.0|0.75
entry_exit_pair,russia,AFKS,top5_sharpe|russia|AFKS,,1,0.3333333333333333,,,3.0|1.0
rebalance_entry_pair,russia,AFKS,top5_sharpe|russia|AFKS,,3,1.0,,,5|3.0
full_combo,russia,AFKS,top5_sharpe|russia|AFKS,,1,0.3333333333333333,,,5|3.0|0.25
full_combo,russia,AFKS,top5_sharpe|russia|AFKS,,1,0.3333333333333333,,,5|3.0|0.75
full_combo,russia,AFKS,top5_sharpe|russia|AFKS,,1,0.3333333333333333,,,5|3.0|1.0
rebalance_frequency,russia,MOEX,top5_sharpe|russia|MOEX,5.0,1,1.0,,,
entry_z,russia,MOEX,top5_sharpe|russia|MOEX,,1,1.0,2.5,,
exit_z,russia,MOEX,top5_sharpe|russia|MOEX,,1,1.0,,0.5,
entry_exit_pair,russia,MOEX,top5_sharpe|russia|MOEX,,1,1.0,,,2.5|0.5
rebalance_entry_pair,russia,MOEX,top5_sharpe|russia|MOEX,,1,1.0,,,5|2.5
full_combo,russia,MOEX,top5_sharpe|russia|MOEX,,1,1.0,,,5|2.5|0.5
rebalance_frequency,usa,JPM,top5_sharpe|usa|JPM,5.0,4,0.6666666666666666,,,
rebalance_frequency,usa,JPM,top5_sharpe|usa|JPM,10.0,2,0.3333333333333333,,,
entry_z,usa,JPM,top5_sharpe|usa|JPM,,1,0.16666666666666666,1.0,,
entry_z,usa,JPM,top5_sharpe|usa|JPM,,3,0.5,1.5,,
entry_z,usa,JPM,top5_sharpe|usa|JPM,,2,0.3333333333333333,2.0,,
exit_z,usa,JPM,top5_sharpe|usa|JPM,,2,0.3333333333333333,,0.25,
exit_z,usa,JPM,top5_sharpe|usa|JPM,,4,0.6666666666666666,,0.5,
entry_exit_pair,usa,JPM,top5_sharpe|usa|JPM,,1,0.16666666666666666,,,1.0|0.5
entry_exit_pair,usa,JPM,top5_sharpe|usa|JPM,,1,0.16666666666666666,,,1.5|0.25
entry_exit_pair,usa,JPM,top5_sharpe|usa|JPM,,2,0.3333333333333333,,,1.5|0.5
entry_exit_pair,usa,JPM,top5_sharpe|usa|JPM,,1,0.16666666666666666,,,2.0|0.25
entry_exit_pair,usa,JPM,top5_sharpe|usa|JPM,,1,0.16666666666666666,,,2.0|0.5
rebalance_entry_pair,usa,JPM,top5_sharpe|usa|JPM,,2,0.3333333333333333,,,10|1.5
rebalance_entry_pair,usa,JPM,top5_sharpe|usa|JPM,,1,0.16666666666666666,,,5|1.0
rebalance_entry_pair,usa,JPM,top5_sharpe|usa|JPM,,1,0.16666666666666666,,,5|1.5
rebalance_entry_pair,usa,JPM,top5_sharpe|usa|JPM,,2,0.3333333333333333,,,5|2.0
full_combo,usa,JPM,top5_sharpe|usa|JPM,,1,0.16666666666666666,,,10|1.5|0.25
full_combo,usa,JPM,top5_sharpe|usa|JPM,,1,0.16666666666666666,,,10|1.5|0.5
full_combo,usa,JPM,top5_sharpe|usa|JPM,,1,0.16666666666666666,,,5|1.0|0.5
full_combo,usa,JPM,top5_sharpe|usa|JPM,,1,0.16666666666666666,,,5|1.5|0.5
full_combo,usa,JPM,top5_sharpe|usa|JPM,,1,0.16666666666666666,,,5|2.0|0.25
full_combo,usa,JPM,top5_sharpe|usa|JPM,,1,0.16666666666666666,,,5|2.0|0.5
rebalance_frequency,crypto,ADA,top10_sharpe|crypto|ADA,24.0,12,0.42857142857142855,,,
rebalance_frequency,crypto,ADA,top10_sharpe|crypto|ADA,72.0,10,0.35714285714285715,,,
rebalance_frequency,crypto,ADA,top10_sharpe|crypto|ADA,168.0,6,0.21428571428571427,,,
entry_z,crypto,ADA,top10_sharpe|crypto|ADA,,5,0.17857142857142858,1.5,,
entry_z,crypto,ADA,top10_sharpe|crypto|ADA,,6,0.21428571428571427,2.0,,
entry_z,crypto,ADA,top10_sharpe|crypto|ADA,,9,0.32142857142857145,2.5,,
entry_z,crypto,ADA,top10_sharpe|crypto|ADA,,8,0.2857142857142857,3.0,,
exit_z,crypto,ADA,top10_sharpe|crypto|ADA,,8,0.2857142857142857,,0.25,
exit_z,crypto,ADA,top10_sharpe|crypto|ADA,,7,0.25,,0.5,
exit_z,crypto,ADA,top10_sharpe|crypto|ADA,,8,0.2857142857142857,,0.75,
exit_z,crypto,ADA,top10_sharpe|crypto|ADA,,5,0.17857142857142858,,1.0,
entry_exit_pair,crypto,ADA,top10_sharpe|crypto|ADA,,2,0.07142857142857142,,,1.5|0.25
entry_exit_pair,crypto,ADA,top10_sharpe|crypto|ADA,,3,0.10714285714285714,,,1.5|0.75
entry_exit_pair,crypto,ADA,top10_sharpe|crypto|ADA,,1,0.03571428571428571,,,2.0|0.25
entry_exit_pair,crypto,ADA,top10_sharpe|crypto|ADA,,3,0.10714285714285714,,,2.0|0.5
entry_exit_pair,crypto,ADA,top10_sharpe|crypto|ADA,,1,0.03571428571428571,,,2.0|0.75
entry_exit_pair,crypto,ADA,top10_sharpe|crypto|ADA,,1,0.03571428571428571,,,2.0|1.0
entry_exit_pair,crypto,ADA,top10_sharpe|crypto|ADA,,3,0.10714285714285714,,,2.5|0.25
entry_exit_pair,crypto,ADA,top10_sharpe|crypto|ADA,,2,0.07142857142857142,,,2.5|0.5
entry_exit_pair,crypto,ADA,top10_sharpe|crypto|ADA,,2,0.07142857142857142,,,2.5|0.75
entry_exit_pair,crypto,ADA,top10_sharpe|crypto|ADA,,2,0.07142857142857142,,,2.5|1.0
entry_exit_pair,crypto,ADA,top10_sharpe|crypto|ADA,,2,0.07142857142857142,,,3.0|0.25
entry_exit_pair,crypto,ADA,top10_sharpe|crypto|ADA,,2,0.07142857142857142,,,3.0|0.5
entry_exit_pair,crypto,ADA,top10_sharpe|crypto|ADA,,2,0.07142857142857142,,,3.0|0.75
entry_exit_pair,crypto,ADA,top10_sharpe|crypto|ADA,,2,0.07142857142857142,,,3.0|1.0
rebalance_entry_pair,crypto,ADA,top10_sharpe|crypto|ADA,,2,0.07142857142857142,,,168|1.5
rebalance_entry_pair,crypto,ADA,top10_sharpe|crypto|ADA,,1,0.03571428571428571,,,168|2.0
rebalance_entry_pair,crypto,ADA,top10_sharpe|crypto|ADA,,3,0.10714285714285714,,,168|2.5
rebalance_entry_pair,crypto,ADA,top10_sharpe|crypto|ADA,,1,0.03571428571428571,,,24|1.5
rebalance_entry_pair,crypto,ADA,top10_sharpe|crypto|ADA,,3,0.10714285714285714,,,24|2.0
rebalance_entry_pair,crypto,ADA,top10_sharpe|crypto|ADA,,4,0.14285714285714285,,,24|2.5
rebalance_entry_pair,crypto,ADA,top10_sharpe|crypto|ADA,,4,0.14285714285714285,,,24|3.0
rebalance_entry_pair,crypto,ADA,top10_sharpe|crypto|ADA,,2,0.07142857142857142,,,72|1.5
rebalance_entry_pair,crypto,ADA,top10_sharpe|crypto|ADA,,2,0.07142857142857142,,,72|2.0
rebalance_entry_pair,crypto,ADA,top10_sharpe|crypto|ADA,,2,0.07142857142857142,,,72|2.5
rebalance_entry_pair,crypto,ADA,top10_sharpe|crypto|ADA,,4,0.14285714285714285,,,72|3.0
full_combo,crypto,ADA,top10_sharpe|crypto|ADA,,1,0.03571428571428571,,,168|1.5|0.25
full_combo,crypto,ADA,top10_sharpe|crypto|ADA,,1,0.03571428571428571,,,168|1.5|0.75
full_combo,crypto,ADA,top10_sharpe|crypto|ADA,,1,0.03571428571428571,,,168|2.0|0.5
full_combo,crypto,ADA,top10_sharpe|crypto|ADA,,1,0.03571428571428571,,,168|2.5|0.25
full_combo,crypto,ADA,top10_sharpe|crypto|ADA,,1,0.03571428571428571,,,168|2.5|0.5
full_combo,crypto,ADA,top10_sharpe|crypto|ADA,,1,0.03571428571428571,,,168|2.5|0.75
full_combo,crypto,ADA,top10_sharpe|crypto|ADA,,1,0.03571428571428571,,,24|1.5|0.75
full_combo,crypto,ADA,top10_sharpe|crypto|ADA,,1,0.03571428571428571,,,24|2.0|0.5
full_combo,crypto,ADA,top10_sharpe|crypto|ADA,,1,0.03571428571428571,,,24|2.0|0.75
full_combo,crypto,ADA,top10_sharpe|crypto|ADA,,1,0.03571428571428571,,,24|2.0|1.0
full_combo,crypto,ADA,top10_sharpe|crypto|ADA,,1,0.03571428571428571,,,24|2.5|0.25
full_combo,crypto,ADA,top10_sharpe|crypto|ADA,,1,0.03571428571428571,,,24|2.5|0.5
full_combo,crypto,ADA,top10_sharpe|crypto|ADA,,1,0.03571428571428571,,,24|2.5|0.75
full_combo,crypto,ADA,top10_sharpe|crypto|ADA,,1,0.03571428571428571,,,24|2.5|1.0
full_combo,crypto,ADA,top10_sharpe|crypto|ADA,,1,0.03571428571428571,,,24|3.0|0.25
full_combo,crypto,ADA,top10_sharpe|crypto|ADA,,1,0.03571428571428571,,,24|3.0|0.5
full_combo,crypto,ADA,top10_sharpe|crypto|ADA,,1,0.03571428571428571,,,24|3.0|0.75
full_combo,crypto,ADA,top10_sharpe|crypto|ADA,,1,0.03571428571428571,,,24|3.0|1.0
full_combo,crypto,ADA,top10_sharpe|crypto|ADA,,1,0.03571428571428571,,,72|1.5|0.25
full_combo,crypto,ADA,top10_sharpe|crypto|ADA,,1,0.03571428571428571,,,72|1.5|0.75
full_combo,crypto,ADA,top10_sharpe|crypto|ADA,,1,0.03571428571428571,,,72|2.0|0.25
full_combo,crypto,ADA,top10_sharpe|crypto|ADA,,1,0.03571428571428571,,,72|2.0|0.5
full_combo,crypto,ADA,top10_sharpe|crypto|ADA,,1,0.03571428571428571,,,72|2.5|0.25
full_combo,crypto,ADA,top10_sharpe|crypto|ADA,,1,0.03571428571428571,,,72|2.5|1.0
full_combo,crypto,ADA,top10_sharpe|crypto|ADA,,1,0.03571428571428571,,,72|3.0|0.25
full_combo,crypto,ADA,top10_sharpe|crypto|ADA,,1,0.03571428571428571,,,72|3.0|0.5
full_combo,crypto,ADA,top10_sharpe|crypto|ADA,,1,0.03571428571428571,,,72|3.0|0.75
full_combo,crypto,ADA,top10_sharpe|crypto|ADA,,1,0.03571428571428571,,,72|3.0|1.0
rebalance_frequency,crypto,ATOM,top10_sharpe|crypto|ATOM,24.0,19,0.296875,,,
rebalance_frequency,crypto,ATOM,top10_sharpe|crypto|ATOM,72.0,18,0.28125,,,
rebalance_frequency,crypto,ATOM,top10_sharpe|crypto|ATOM,168.0,17,0.265625,,,
rebalance_frequency,crypto,ATOM,top10_sharpe|crypto|ATOM,336.0,10,0.15625,,,
entry_z,crypto,ATOM,top10_sharpe|crypto|ATOM,,11,0.171875,1.0,,
entry_z,crypto,ATOM,top10_sharpe|crypto|ATOM,,15,0.234375,1.5,,
entry_z,crypto,ATOM,top10_sharpe|crypto|ATOM,,13,0.203125,2.0,,
entry_z,crypto,ATOM,top10_sharpe|crypto|ATOM,,12,0.1875,2.5,,
entry_z,crypto,ATOM,top10_sharpe|crypto|ATOM,,13,0.203125,3.0,,
exit_z,crypto,ATOM,top10_sharpe|crypto|ATOM,,20,0.3125,,0.25,
exit_z,crypto,ATOM,top10_sharpe|crypto|ATOM,,17,0.265625,,0.5,
exit_z,crypto,ATOM,top10_sharpe|crypto|ATOM,,17,0.265625,,0.75,
exit_z,crypto,ATOM,top10_sharpe|crypto|ATOM,,10,0.15625,,1.0,
entry_exit_pair,crypto,ATOM,top10_sharpe|crypto|ATOM,,4,0.0625,,,1.0|0.25
entry_exit_pair,crypto,ATOM,top10_sharpe|crypto|ATOM,,3,0.046875,,,1.0|0.5
entry_exit_pair,crypto,ATOM,top10_sharpe|crypto|ATOM,,4,0.0625,,,1.0|0.75
entry_exit_pair,crypto,ATOM,top10_sharpe|crypto|ATOM,,4,0.0625,,,1.5|0.25
entry_exit_pair,crypto,ATOM,top10_sharpe|crypto|ATOM,,4,0.0625,,,1.5|0.5
entry_exit_pair,crypto,ATOM,top10_sharpe|crypto|ATOM,,4,0.0625,,,1.5|0.75
entry_exit_pair,crypto,ATOM,top10_sharpe|crypto|ATOM,,3,0.046875,,,1.5|1.0
entry_exit_pair,crypto,ATOM,top10_sharpe|crypto|ATOM,,4,0.0625,,,2.0|0.25
entry_exit_pair,crypto,ATOM,top10_sharpe|crypto|ATOM,,4,0.0625,,,2.0|0.5
entry_exit_pair,crypto,ATOM,top10_sharpe|crypto|ATOM,,3,0.046875,,,2.0|0.75
entry_exit_pair,crypto,ATOM,top10_sharpe|crypto|ATOM,,2,0.03125,,,2.0|1.0
entry_exit_pair,crypto,ATOM,top10_sharpe|crypto|ATOM,,4,0.0625,,,2.5|0.25
entry_exit_pair,crypto,ATOM,top10_sharpe|crypto|ATOM,,3,0.046875,,,2.5|0.5
entry_exit_pair,crypto,ATOM,top10_sharpe|crypto|ATOM,,3,0.046875,,,2.5|0.75
entry_exit_pair,crypto,ATOM,top10_sharpe|crypto|ATOM,,2,0.03125,,,2.5|1.0
entry_exit_pair,crypto,ATOM,top10_sharpe|crypto|ATOM,,4,0.0625,,,3.0|0.25
entry_exit_pair,crypto,ATOM,top10_sharpe|crypto|ATOM,,3,0.046875,,,3.0|0.5
entry_exit_pair,crypto,ATOM,top10_sharpe|crypto|ATOM,,3,0.046875,,,3.0|0.75
entry_exit_pair,crypto,ATOM,top10_sharpe|crypto|ATOM,,3,0.046875,,,3.0|1.0
rebalance_entry_pair,crypto,ATOM,top10_sharpe|crypto|ATOM,,3,0.046875,,,168|1.0
rebalance_entry_pair,crypto,ATOM,top10_sharpe|crypto|ATOM,,4,0.0625,,,168|1.5
rebalance_entry_pair,crypto,ATOM,top10_sharpe|crypto|ATOM,,3,0.046875,,,168|2.0
rebalance_entry_pair,crypto,ATOM,top10_sharpe|crypto|ATOM,,3,0.046875,,,168|2.5
rebalance_entry_pair,crypto,ATOM,top10_sharpe|crypto|ATOM,,4,0.0625,,,168|3.0
rebalance_entry_pair,crypto,ATOM,top10_sharpe|crypto|ATOM,,3,0.046875,,,24|1.0
rebalance_entry_pair,crypto,ATOM,top10_sharpe|crypto|ATOM,,4,0.0625,,,24|1.5
rebalance_entry_pair,crypto,ATOM,top10_sharpe|crypto|ATOM,,4,0.0625,,,24|2.0
rebalance_entry_pair,crypto,ATOM,top10_sharpe|crypto|ATOM,,4,0.0625,,,24|2.5
rebalance_entry_pair,crypto,ATOM,top10_sharpe|crypto|ATOM,,4,0.0625,,,24|3.0
rebalance_entry_pair,crypto,ATOM,top10_sharpe|crypto|ATOM,,3,0.046875,,,336|1.0
rebalance_entry_pair,crypto,ATOM,top10_sharpe|crypto|ATOM,,3,0.046875,,,336|1.5
rebalance_entry_pair,crypto,ATOM,top10_sharpe|crypto|ATOM,,2,0.03125,,,336|2.0
rebalance_entry_pair,crypto,ATOM,top10_sharpe|crypto|ATOM,,1,0.015625,,,336|2.5
rebalance_entry_pair,crypto,ATOM,top10_sharpe|crypto|ATOM,,1,0.015625,,,336|3.0
rebalance_entry_pair,crypto,ATOM,top10_sharpe|crypto|ATOM,,2,0.03125,,,72|1.0
rebalance_entry_pair,crypto,ATOM,top10_sharpe|crypto|ATOM,,4,0.0625,,,72|1.5
rebalance_entry_pair,crypto,ATOM,top10_sharpe|crypto|ATOM,,4,0.0625,,,72|2.0
rebalance_entry_pair,crypto,ATOM,top10_sharpe|crypto|ATOM,,4,0.0625,,,72|2.5
rebalance_entry_pair,crypto,ATOM,top10_sharpe|crypto|ATOM,,4,0.0625,,,72|3.0
full_combo,crypto,ATOM,top10_sharpe|crypto|ATOM,,1,0.015625,,,168|1.0|0.25
full_combo,crypto,ATOM,top10_sharpe|crypto|ATOM,,1,0.015625,,,168|1.0|0.5
full_combo,crypto,ATOM,top10_sharpe|crypto|ATOM,,1,0.015625,,,168|1.0|0.75
full_combo,crypto,ATOM,top10_sharpe|crypto|ATOM,,1,0.015625,,,168|1.5|0.25
full_combo,crypto,ATOM,top10_sharpe|crypto|ATOM,,1,0.015625,,,168|1.5|0.5
full_combo,crypto,ATOM,top10_sharpe|crypto|ATOM,,1,0.015625,,,168|1.5|0.75
full_combo,crypto,ATOM,top10_sharpe|crypto|ATOM,,1,0.015625,,,168|1.5|1.0
full_combo,crypto,ATOM,top10_sharpe|crypto|ATOM,,1,0.015625,,,168|2.0|0.25
full_combo,crypto,ATOM,top10_sharpe|crypto|ATOM,,1,0.015625,,,168|2.0|0.5
full_combo,crypto,ATOM,top10_sharpe|crypto|ATOM,,1,0.015625,,,168|2.0|0.75
full_combo,crypto,ATOM,top10_sharpe|crypto|ATOM,,1,0.015625,,,168|2.5|0.25
full_combo,crypto,ATOM,top10_sharpe|crypto|ATOM,,1,0.015625,,,168|2.5|0.5
full_combo,crypto,ATOM,top10_sharpe|crypto|ATOM,,1,0.015625,,,168|2.5|0.75
full_combo,crypto,ATOM,top10_sharpe|crypto|ATOM,,1,0.015625,,,168|3.0|0.25
full_combo,crypto,ATOM,top10_sharpe|crypto|ATOM,,1,0.015625,,,168|3.0|0.5
full_combo,crypto,ATOM,top10_sharpe|crypto|ATOM,,1,0.015625,,,168|3.0|0.75
full_combo,crypto,ATOM,top10_sharpe|crypto|ATOM,,1,0.015625,,,168|3.0|1.0
full_combo,crypto,ATOM,top10_sharpe|crypto|ATOM,,1,0.015625,,,24|1.0|0.25
full_combo,crypto,ATOM,top10_sharpe|crypto|ATOM,,1,0.015625,,,24|1.0|0.5
full_combo,crypto,ATOM,top10_sharpe|crypto|ATOM,,1,0.015625,,,24|1.0|0.75
full_combo,crypto,ATOM,top10_sharpe|crypto|ATOM,,1,0.015625,,,24|1.5|0.25
full_combo,crypto,ATOM,top10_sharpe|crypto|ATOM,,1,0.015625,,,24|1.5|0.5
full_combo,crypto,ATOM,top10_sharpe|crypto|ATOM,,1,0.015625,,,24|1.5|0.75
full_combo,crypto,ATOM,top10_sharpe|crypto|ATOM,,1,0.015625,,,24|1.5|1.0
full_combo,crypto,ATOM,top10_sharpe|crypto|ATOM,,1,0.015625,,,24|2.0|0.25
full_combo,crypto,ATOM,top10_sharpe|crypto|ATOM,,1,0.015625,,,24|2.0|0.5
full_combo,crypto,ATOM,top10_sharpe|crypto|ATOM,,1,0.015625,,,24|2.0|0.75
full_combo,crypto,ATOM,top10_sharpe|crypto|ATOM,,1,0.015625,,,24|2.0|1.0
full_combo,crypto,ATOM,top10_sharpe|crypto|ATOM,,1,0.015625,,,24|2.5|0.25
full_combo,crypto,ATOM,top10_sharpe|crypto|ATOM,,1,0.015625,,,24|2.5|0.5
full_combo,crypto,ATOM,top10_sharpe|crypto|ATOM,,1,0.015625,,,24|2.5|0.75
full_combo,crypto,ATOM,top10_sharpe|crypto|ATOM,,1,0.015625,,,24|2.5|1.0
full_combo,crypto,ATOM,top10_sharpe|crypto|ATOM,,1,0.015625,,,24|3.0|0.25
full_combo,crypto,ATOM,top10_sharpe|crypto|ATOM,,1,0.015625,,,24|3.0|0.5
full_combo,crypto,ATOM,top10_sharpe|crypto|ATOM,,1,0.015625,,,24|3.0|0.75
full_combo,crypto,ATOM,top10_sharpe|crypto|ATOM,,1,0.015625,,,24|3.0|1.0
full_combo,crypto,ATOM,top10_sharpe|crypto|ATOM,,1,0.015625,,,336|1.0|0.25
full_combo,crypto,ATOM,top10_sharpe|crypto|ATOM,,1,0.015625,,,336|1.0|0.5
full_combo,crypto,ATOM,top10_sharpe|crypto|ATOM,,1,0.015625,,,336|1.0|0.75
full_combo,crypto,ATOM,top10_sharpe|crypto|ATOM,,1,0.015625,,,336|1.5|0.25
full_combo,crypto,ATOM,top10_sharpe|crypto|ATOM,,1,0.015625,,,336|1.5|0.5
full_combo,crypto,ATOM,top10_sharpe|crypto|ATOM,,1,0.015625,,,336|1.5|0.75
full_combo,crypto,ATOM,top10_sharpe|crypto|ATOM,,1,0.015625,,,336|2.0|0.25
full_combo,crypto,ATOM,top10_sharpe|crypto|ATOM,,1,0.015625,,,336|2.0|0.5
full_combo,crypto,ATOM,top10_sharpe|crypto|ATOM,,1,0.015625,,,336|2.5|0.25
full_combo,crypto,ATOM,top10_sharpe|crypto|ATOM,,1,0.015625,,,336|3.0|0.25
full_combo,crypto,ATOM,top10_sharpe|crypto|ATOM,,1,0.015625,,,72|1.0|0.25
full_combo,crypto,ATOM,top10_sharpe|crypto|ATOM,,1,0.015625,,,72|1.0|0.75
full_combo,crypto,ATOM,top10_sharpe|crypto|ATOM,,1,0.015625,,,72|1.5|0.25
full_combo,crypto,ATOM,top10_sharpe|crypto|ATOM,,1,0.015625,,,72|1.5|0.5
full_combo,crypto,ATOM,top10_sharpe|crypto|ATOM,,1,0.015625,,,72|1.5|0.75
full_combo,crypto,ATOM,top10_sharpe|crypto|ATOM,,1,0.015625,,,72|1.5|1.0
full_combo,crypto,ATOM,top10_sharpe|crypto|ATOM,,1,0.015625,,,72|2.0|0.25
full_combo,crypto,ATOM,top10_sharpe|crypto|ATOM,,1,0.015625,,,72|2.0|0.5
full_combo,crypto,ATOM,top10_sharpe|crypto|ATOM,,1,0.015625,,,72|2.0|0.75
full_combo,crypto,ATOM,top10_sharpe|crypto|ATOM,,1,0.015625,,,72|2.0|1.0
full_combo,crypto,ATOM,top10_sharpe|crypto|ATOM,,1,0.015625,,,72|2.5|0.25
full_combo,crypto,ATOM,top10_sharpe|crypto|ATOM,,1,0.015625,,,72|2.5|0.5
full_combo,crypto,ATOM,top10_sharpe|crypto|ATOM,,1,0.015625,,,72|2.5|0.75
full_combo,crypto,ATOM,top10_sharpe|crypto|ATOM,,1,0.015625,,,72|2.5|1.0
full_combo,crypto,ATOM,top10_sharpe|crypto|ATOM,,1,0.015625,,,72|3.0|0.25
full_combo,crypto,ATOM,top10_sharpe|crypto|ATOM,,1,0.015625,,,72|3.0|0.5
full_combo,crypto,ATOM,top10_sharpe|crypto|ATOM,,1,0.015625,,,72|3.0|0.75
full_combo,crypto,ATOM,top10_sharpe|crypto|ATOM,,1,0.015625,,,72|3.0|1.0
rebalance_frequency,crypto,AVAX,top10_sharpe|crypto|AVAX,24.0,13,0.5909090909090909,,,
rebalance_frequency,crypto,AVAX,top10_sharpe|crypto|AVAX,72.0,8,0.36363636363636365,,,
rebalance_frequency,crypto,AVAX,top10_sharpe|crypto|AVAX,168.0,1,0.045454545454545456,,,
entry_z,crypto,AVAX,top10_sharpe|crypto|AVAX,,1,0.045454545454545456,1.0,,
entry_z,crypto,AVAX,top10_sharpe|crypto|AVAX,,2,0.09090909090909091,1.5,,
entry_z,crypto,AVAX,top10_sharpe|crypto|AVAX,,3,0.13636363636363635,2.0,,
entry_z,crypto,AVAX,top10_sharpe|crypto|AVAX,,8,0.36363636363636365,2.5,,
entry_z,crypto,AVAX,top10_sharpe|crypto|AVAX,,8,0.36363636363636365,3.0,,
exit_z,crypto,AVAX,top10_sharpe|crypto|AVAX,,6,0.2727272727272727,,0.25,
exit_z,crypto,AVAX,top10_sharpe|crypto|AVAX,,7,0.3181818181818182,,0.5,
exit_z,crypto,AVAX,top10_sharpe|crypto|AVAX,,5,0.22727272727272727,,0.75,
exit_z,crypto,AVAX,top10_sharpe|crypto|AVAX,,4,0.18181818181818182,,1.0,
entry_exit_pair,crypto,AVAX,top10_sharpe|crypto|AVAX,,1,0.045454545454545456,,,1.0|0.5
entry_exit_pair,crypto,AVAX,top10_sharpe|crypto|AVAX,,1,0.045454545454545456,,,1.5|0.25
entry_exit_pair,crypto,AVAX,top10_sharpe|crypto|AVAX,,1,0.045454545454545456,,,1.5|0.5
entry_exit_pair,crypto,AVAX,top10_sharpe|crypto|AVAX,,1,0.045454545454545456,,,2.0|0.25
entry_exit_pair,crypto,AVAX,top10_sharpe|crypto|AVAX,,1,0.045454545454545456,,,2.0|0.5
entry_exit_pair,crypto,AVAX,top10_sharpe|crypto|AVAX,,1,0.045454545454545456,,,2.0|1.0
entry_exit_pair,crypto,AVAX,top10_sharpe|crypto|AVAX,,2,0.09090909090909091,,,2.5|0.25
entry_exit_pair,crypto,AVAX,top10_sharpe|crypto|AVAX,,2,0.09090909090909091,,,2.5|0.5
entry_exit_pair,crypto,AVAX,top10_sharpe|crypto|AVAX,,2,0.09090909090909091,,,2.5|0.75
entry_exit_pair,crypto,AVAX,top10_sharpe|crypto|AVAX,,2,0.09090909090909091,,,2.5|1.0
entry_exit_pair,crypto,AVAX,top10_sharpe|crypto|AVAX,,2,0.09090909090909091,,,3.0|0.25
entry_exit_pair,crypto,AVAX,top10_sharpe|crypto|AVAX,,2,0.09090909090909091,,,3.0|0.5
entry_exit_pair,crypto,AVAX,top10_sharpe|crypto|AVAX,,3,0.13636363636363635,,,3.0|0.75
entry_exit_pair,crypto,AVAX,top10_sharpe|crypto|AVAX,,1,0.045454545454545456,,,3.0|1.0
rebalance_entry_pair,crypto,AVAX,top10_sharpe|crypto|AVAX,,1,0.045454545454545456,,,168|3.0
rebalance_entry_pair,crypto,AVAX,top10_sharpe|crypto|AVAX,,1,0.045454545454545456,,,24|1.0
rebalance_entry_pair,crypto,AVAX,top10_sharpe|crypto|AVAX,,2,0.09090909090909091,,,24|1.5
rebalance_entry_pair,crypto,AVAX,top10_sharpe|crypto|AVAX,,2,0.09090909090909091,,,24|2.0
rebalance_entry_pair,crypto,AVAX,top10_sharpe|crypto|AVAX,,4,0.18181818181818182,,,24|2.5
rebalance_entry_pair,crypto,AVAX,top10_sharpe|crypto|AVAX,,4,0.18181818181818182,,,24|3.0
rebalance_entry_pair,crypto,AVAX,top10_sharpe|crypto|AVAX,,1,0.045454545454545456,,,72|2.0
rebalance_entry_pair,crypto,AVAX,top10_sharpe|crypto|AVAX,,4,0.18181818181818182,,,72|2.5
rebalance_entry_pair,crypto,AVAX,top10_sharpe|crypto|AVAX,,3,0.13636363636363635,,,72|3.0
full_combo,crypto,AVAX,top10_sharpe|crypto|AVAX,,1,0.045454545454545456,,,168|3.0|0.75
full_combo,crypto,AVAX,top10_sharpe|crypto|AVAX,,1,0.045454545454545456,,,24|1.0|0.5
full_combo,crypto,AVAX,top10_sharpe|crypto|AVAX,,1,0.045454545454545456,,,24|1.5|0.25
full_combo,crypto,AVAX,top10_sharpe|crypto|AVAX,,1,0.045454545454545456,,,24|1.5|0.5
full_combo,crypto,AVAX,top10_sharpe|crypto|AVAX,,1,0.045454545454545456,,,24|2.0|0.25
full_combo,crypto,AVAX,top10_sharpe|crypto|AVAX,,1,0.045454545454545456,,,24|2.0|0.5
full_combo,crypto,AVAX,top10_sharpe|crypto|AVAX,,1,0.045454545454545456,,,24|2.5|0.25
full_combo,crypto,AVAX,top10_sharpe|crypto|AVAX,,1,0.045454545454545456,,,24|2.5|0.5
full_combo,crypto,AVAX,top10_sharpe|crypto|AVAX,,1,0.045454545454545456,,,24|2.5|0.75
full_combo,crypto,AVAX,top10_sharpe|crypto|AVAX,,1,0.045454545454545456,,,24|2.5|1.0
full_combo,crypto,AVAX,top10_sharpe|crypto|AVAX,,1,0.045454545454545456,,,24|3.0|0.25
full_combo,crypto,AVAX,top10_sharpe|crypto|AVAX,,1,0.045454545454545456,,,24|3.0|0.5
full_combo,crypto,AVAX,top10_sharpe|crypto|AVAX,,1,0.045454545454545456,,,24|3.0|0.75
full_combo,crypto,AVAX,top10_sharpe|crypto|AVAX,,1,0.045454545454545456,,,24|3.0|1.0
full_combo,crypto,AVAX,top10_sharpe|crypto|AVAX,,1,0.045454545454545456,,,72|2.0|1.0
full_combo,crypto,AVAX,top10_sharpe|crypto|AVAX,,1,0.045454545454545456,,,72|2.5|0.25
full_combo,crypto,AVAX,top10_sharpe|crypto|AVAX,,1,0.045454545454545456,,,72|2.5|0.5
full_combo,crypto,AVAX,top10_sharpe|crypto|AVAX,,1,0.045454545454545456,,,72|2.5|0.75
full_combo,crypto,AVAX,top10_sharpe|crypto|AVAX,,1,0.045454545454545456,,,72|2.5|1.0
full_combo,crypto,AVAX,top10_sharpe|crypto|AVAX,,1,0.045454545454545456,,,72|3.0|0.25
full_combo,crypto,AVAX,top10_sharpe|crypto|AVAX,,1,0.045454545454545456,,,72|3.0|0.5
full_combo,crypto,AVAX,top10_sharpe|crypto|AVAX,,1,0.045454545454545456,,,72|3.0|0.75
rebalance_frequency,crypto,BNB,top10_sharpe|crypto|BNB,24.0,11,0.7333333333333333,,,
rebalance_frequency,crypto,BNB,top10_sharpe|crypto|BNB,72.0,2,0.13333333333333333,,,
rebalance_frequency,crypto,BNB,top10_sharpe|crypto|BNB,168.0,2,0.13333333333333333,,,
entry_z,crypto,BNB,top10_sharpe|crypto|BNB,,2,0.13333333333333333,1.5,,
entry_z,crypto,BNB,top10_sharpe|crypto|BNB,,4,0.26666666666666666,2.0,,
entry_z,crypto,BNB,top10_sharpe|crypto|BNB,,5,0.3333333333333333,2.5,,
entry_z,crypto,BNB,top10_sharpe|crypto|BNB,,4,0.26666666666666666,3.0,,
exit_z,crypto,BNB,top10_sharpe|crypto|BNB,,4,0.26666666666666666,,0.25,
exit_z,crypto,BNB,top10_sharpe|crypto|BNB,,3,0.2,,0.5,
exit_z,crypto,BNB,top10_sharpe|crypto|BNB,,3,0.2,,0.75,
exit_z,crypto,BNB,top10_sharpe|crypto|BNB,,5,0.3333333333333333,,1.0,
entry_exit_pair,crypto,BNB,top10_sharpe|crypto|BNB,,1,0.06666666666666667,,,1.5|0.25
entry_exit_pair,crypto,BNB,top10_sharpe|crypto|BNB,,1,0.06666666666666667,,,1.5|1.0
entry_exit_pair,crypto,BNB,top10_sharpe|crypto|BNB,,1,0.06666666666666667,,,2.0|0.25
entry_exit_pair,crypto,BNB,top10_sharpe|crypto|BNB,,1,0.06666666666666667,,,2.0|0.5
entry_exit_pair,crypto,BNB,top10_sharpe|crypto|BNB,,1,0.06666666666666667,,,2.0|0.75
entry_exit_pair,crypto,BNB,top10_sharpe|crypto|BNB,,1,0.06666666666666667,,,2.0|1.0
entry_exit_pair,crypto,BNB,top10_sharpe|crypto|BNB,,1,0.06666666666666667,,,2.5|0.25
entry_exit_pair,crypto,BNB,top10_sharpe|crypto|BNB,,1,0.06666666666666667,,,2.5|0.5
entry_exit_pair,crypto,BNB,top10_sharpe|crypto|BNB,,1,0.06666666666666667,,,2.5|0.75
entry_exit_pair,crypto,BNB,top10_sharpe|crypto|BNB,,2,0.13333333333333333,,,2.5|1.0
entry_exit_pair,crypto,BNB,top10_sharpe|crypto|BNB,,1,0.06666666666666667,,,3.0|0.25
entry_exit_pair,crypto,BNB,top10_sharpe|crypto|BNB,,1,0.06666666666666667,,,3.0|0.5
entry_exit_pair,crypto,BNB,top10_sharpe|crypto|BNB,,1,0.06666666666666667,,,3.0|0.75
entry_exit_pair,crypto,BNB,top10_sharpe|crypto|BNB,,1,0.06666666666666667,,,3.0|1.0
rebalance_entry_pair,crypto,BNB,top10_sharpe|crypto|BNB,,1,0.06666666666666667,,,168|1.5
rebalance_entry_pair,crypto,BNB,top10_sharpe|crypto|BNB,,1,0.06666666666666667,,,168|2.0
rebalance_entry_pair,crypto,BNB,top10_sharpe|crypto|BNB,,3,0.2,,,24|2.0
rebalance_entry_pair,crypto,BNB,top10_sharpe|crypto|BNB,,4,0.26666666666666666,,,24|2.5
rebalance_entry_pair,crypto,BNB,top10_sharpe|crypto|BNB,,4,0.26666666666666666,,,24|3.0
rebalance_entry_pair,crypto,BNB,top10_sharpe|crypto|BNB,,1,0.06666666666666667,,,72|1.5
rebalance_entry_pair,crypto,BNB,top10_sharpe|crypto|BNB,,1,0.06666666666666667,,,72|2.5
full_combo,crypto,BNB,top10_sharpe|crypto|BNB,,1,0.06666666666666667,,,168|1.5|1.0
full_combo,crypto,BNB,top10_sharpe|crypto|BNB,,1,0.06666666666666667,,,168|2.0|1.0
full_combo,crypto,BNB,top10_sharpe|crypto|BNB,,1,0.06666666666666667,,,24|2.0|0.25
full_combo,crypto,BNB,top10_sharpe|crypto|BNB,,1,0.06666666666666667,,,24|2.0|0.5
full_combo,crypto,BNB,top10_sharpe|crypto|BNB,,1,0.06666666666666667,,,24|2.0|0.75
full_combo,crypto,BNB,top10_sharpe|crypto|BNB,,1,0.06666666666666667,,,24|2.5|0.25
full_combo,crypto,BNB,top10_sharpe|crypto|BNB,,1,0.06666666666666667,,,24|2.5|0.5
full_combo,crypto,BNB,top10_sharpe|crypto|BNB,,1,0.06666666666666667,,,24|2.5|0.75
full_combo,crypto,BNB,top10_sharpe|crypto|BNB,,1,0.06666666666666667,,,24|2.5|1.0
full_combo,crypto,BNB,top10_sharpe|crypto|BNB,,1,0.06666666666666667,,,24|3.0|0.25
full_combo,crypto,BNB,top10_sharpe|crypto|BNB,,1,0.06666666666666667,,,24|3.0|0.5
full_combo,crypto,BNB,top10_sharpe|crypto|BNB,,1,0.06666666666666667,,,24|3.0|0.75
full_combo,crypto,BNB,top10_sharpe|crypto|BNB,,1,0.06666666666666667,,,24|3.0|1.0
full_combo,crypto,BNB,top10_sharpe|crypto|BNB,,1,0.06666666666666667,,,72|1.5|0.25
full_combo,crypto,BNB,top10_sharpe|crypto|BNB,,1,0.06666666666666667,,,72|2.5|1.0
rebalance_frequency,crypto,BTC,top10_sharpe|crypto|BTC,24.0,2,0.5,,,
rebalance_frequency,crypto,BTC,top10_sharpe|crypto|BTC,72.0,2,0.5,,,
entry_z,crypto,BTC,top10_sharpe|crypto|BTC,,2,0.5,2.5,,
entry_z,crypto,BTC,top10_sharpe|crypto|BTC,,2,0.5,3.0,,
exit_z,crypto,BTC,top10_sharpe|crypto|BTC,,1,0.25,,0.25,
exit_z,crypto,BTC,top10_sharpe|crypto|BTC,,2,0.5,,0.5,
exit_z,crypto,BTC,top10_sharpe|crypto|BTC,,1,0.25,,0.75,
entry_exit_pair,crypto,BTC,top10_sharpe|crypto|BTC,,1,0.25,,,2.5|0.5
entry_exit_pair,crypto,BTC,top10_sharpe|crypto|BTC,,1,0.25,,,2.5|0.75
entry_exit_pair,crypto,BTC,top10_sharpe|crypto|BTC,,1,0.25,,,3.0|0.25
entry_exit_pair,crypto,BTC,top10_sharpe|crypto|BTC,,1,0.25,,,3.0|0.5
rebalance_entry_pair,crypto,BTC,top10_sharpe|crypto|BTC,,2,0.5,,,24|3.0
rebalance_entry_pair,crypto,BTC,top10_sharpe|crypto|BTC,,2,0.5,,,72|2.5
full_combo,crypto,BTC,top10_sharpe|crypto|BTC,,1,0.25,,,24|3.0|0.25
full_combo,crypto,BTC,top10_sharpe|crypto|BTC,,1,0.25,,,24|3.0|0.5
full_combo,crypto,BTC,top10_sharpe|crypto|BTC,,1,0.25,,,72|2.5|0.5
full_combo,crypto,BTC,top10_sharpe|crypto|BTC,,1,0.25,,,72|2.5|0.75
rebalance_frequency,crypto,ETH,top10_sharpe|crypto|ETH,24.0,7,0.5384615384615384,,,
rebalance_frequency,crypto,ETH,top10_sharpe|crypto|ETH,72.0,4,0.3076923076923077,,,
rebalance_frequency,crypto,ETH,top10_sharpe|crypto|ETH,168.0,2,0.15384615384615385,,,
entry_z,crypto,ETH,top10_sharpe|crypto|ETH,,5,0.38461538461538464,2.5,,
entry_z,crypto,ETH,top10_sharpe|crypto|ETH,,8,0.6153846153846154,3.0,,
exit_z,crypto,ETH,top10_sharpe|crypto|ETH,,6,0.46153846153846156,,0.25,
exit_z,crypto,ETH,top10_sharpe|crypto|ETH,,3,0.23076923076923078,,0.5,
exit_z,crypto,ETH,top10_sharpe|crypto|ETH,,3,0.23076923076923078,,0.75,
exit_z,crypto,ETH,top10_sharpe|crypto|ETH,,1,0.07692307692307693,,1.0,
entry_exit_pair,crypto,ETH,top10_sharpe|crypto|ETH,,3,0.23076923076923078,,,2.5|0.25
entry_exit_pair,crypto,ETH,top10_sharpe|crypto|ETH,,1,0.07692307692307693,,,2.5|0.5
entry_exit_pair,crypto,ETH,top10_sharpe|crypto|ETH,,1,0.07692307692307693,,,2.5|0.75
entry_exit_pair,crypto,ETH,top10_sharpe|crypto|ETH,,3,0.23076923076923078,,,3.0|0.25
entry_exit_pair,crypto,ETH,top10_sharpe|crypto|ETH,,2,0.15384615384615385,,,3.0|0.5
entry_exit_pair,crypto,ETH,top10_sharpe|crypto|ETH,,2,0.15384615384615385,,,3.0|0.75
entry_exit_pair,crypto,ETH,top10_sharpe|crypto|ETH,,1,0.07692307692307693,,,3.0|1.0
rebalance_entry_pair,crypto,ETH,top10_sharpe|crypto|ETH,,1,0.07692307692307693,,,168|2.5
rebalance_entry_pair,crypto,ETH,top10_sharpe|crypto|ETH,,1,0.07692307692307693,,,168|3.0
rebalance_entry_pair,crypto,ETH,top10_sharpe|crypto|ETH,,3,0.23076923076923078,,,24|2.5
rebalance_entry_pair,crypto,ETH,top10_sharpe|crypto|ETH,,4,0.3076923076923077,,,24|3.0
rebalance_entry_pair,crypto,ETH,top10_sharpe|crypto|ETH,,1,0.07692307692307693,,,72|2.5
rebalance_entry_pair,crypto,ETH,top10_sharpe|crypto|ETH,,3,0.23076923076923078,,,72|3.0
full_combo,crypto,ETH,top10_sharpe|crypto|ETH,,1,0.07692307692307693,,,168|2.5|0.25
full_combo,crypto,ETH,top10_sharpe|crypto|ETH,,1,0.07692307692307693,,,168|3.0|0.25
full_combo,crypto,ETH,top10_sharpe|crypto|ETH,,1,0.07692307692307693,,,24|2.5|0.25
full_combo,crypto,ETH,top10_sharpe|crypto|ETH,,1,0.07692307692307693,,,24|2.5|0.5
full_combo,crypto,ETH,top10_sharpe|crypto|ETH,,1,0.07692307692307693,,,24|2.5|0.75
full_combo,crypto,ETH,top10_sharpe|crypto|ETH,,1,0.07692307692307693,,,24|3.0|0.25
full_combo,crypto,ETH,top10_sharpe|crypto|ETH,,1,0.07692307692307693,,,24|3.0|0.5
full_combo,crypto,ETH,top10_sharpe|crypto|ETH,,1,0.07692307692307693,,,24|3.0|0.75
full_combo,crypto,ETH,top10_sharpe|crypto|ETH,,1,0.07692307692307693,,,24|3.0|1.0
full_combo,crypto,ETH,top10_sharpe|crypto|ETH,,1,0.07692307692307693,,,72|2.5|0.25
full_combo,crypto,ETH,top10_sharpe|crypto|ETH,,1,0.07692307692307693,,,72|3.0|0.25
full_combo,crypto,ETH,top10_sharpe|crypto|ETH,,1,0.07692307692307693,,,72|3.0|0.5
full_combo,crypto,ETH,top10_sharpe|crypto|ETH,,1,0.07692307692307693,,,72|3.0|0.75
rebalance_frequency,crypto,LINK,top10_sharpe|crypto|LINK,24.0,10,0.38461538461538464,,,
rebalance_frequency,crypto,LINK,top10_sharpe|crypto|LINK,72.0,11,0.4230769230769231,,,
rebalance_frequency,crypto,LINK,top10_sharpe|crypto|LINK,168.0,3,0.11538461538461539,,,
rebalance_frequency,crypto,LINK,top10_sharpe|crypto|LINK,336.0,2,0.07692307692307693,,,
entry_z,crypto,LINK,top10_sharpe|crypto|LINK,,5,0.19230769230769232,1.0,,
entry_z,crypto,LINK,top10_sharpe|crypto|LINK,,11,0.4230769230769231,1.5,,
entry_z,crypto,LINK,top10_sharpe|crypto|LINK,,5,0.19230769230769232,2.0,,
entry_z,crypto,LINK,top10_sharpe|crypto|LINK,,4,0.15384615384615385,2.5,,
entry_z,crypto,LINK,top10_sharpe|crypto|LINK,,1,0.038461538461538464,3.0,,
exit_z,crypto,LINK,top10_sharpe|crypto|LINK,,12,0.46153846153846156,,0.25,
exit_z,crypto,LINK,top10_sharpe|crypto|LINK,,8,0.3076923076923077,,0.5,
exit_z,crypto,LINK,top10_sharpe|crypto|LINK,,5,0.19230769230769232,,0.75,
exit_z,crypto,LINK,top10_sharpe|crypto|LINK,,1,0.038461538461538464,,1.0,
entry_exit_pair,crypto,LINK,top10_sharpe|crypto|LINK,,3,0.11538461538461539,,,1.0|0.25
entry_exit_pair,crypto,LINK,top10_sharpe|crypto|LINK,,1,0.038461538461538464,,,1.0|0.5
entry_exit_pair,crypto,LINK,top10_sharpe|crypto|LINK,,1,0.038461538461538464,,,1.0|0.75
entry_exit_pair,crypto,LINK,top10_sharpe|crypto|LINK,,4,0.15384615384615385,,,1.5|0.25
entry_exit_pair,crypto,LINK,top10_sharpe|crypto|LINK,,3,0.11538461538461539,,,1.5|0.5
entry_exit_pair,crypto,LINK,top10_sharpe|crypto|LINK,,3,0.11538461538461539,,,1.5|0.75
entry_exit_pair,crypto,LINK,top10_sharpe|crypto|LINK,,1,0.038461538461538464,,,1.5|1.0
entry_exit_pair,crypto,LINK,top10_sharpe|crypto|LINK,,2,0.07692307692307693,,,2.0|0.25
entry_exit_pair,crypto,LINK,top10_sharpe|crypto|LINK,,2,0.07692307692307693,,,2.0|0.5
entry_exit_pair,crypto,LINK,top10_sharpe|crypto|LINK,,1,0.038461538461538464,,,2.0|0.75
entry_exit_pair,crypto,LINK,top10_sharpe|crypto|LINK,,2,0.07692307692307693,,,2.5|0.25
entry_exit_pair,crypto,LINK,top10_sharpe|crypto|LINK,,2,0.07692307692307693,,,2.5|0.5
entry_exit_pair,crypto,LINK,top10_sharpe|crypto|LINK,,1,0.038461538461538464,,,3.0|0.25
rebalance_entry_pair,crypto,LINK,top10_sharpe|crypto|LINK,,3,0.11538461538461539,,,168|1.5
rebalance_entry_pair,crypto,LINK,top10_sharpe|crypto|LINK,,2,0.07692307692307693,,,24|1.0
rebalance_entry_pair,crypto,LINK,top10_sharpe|crypto|LINK,,4,0.15384615384615385,,,24|1.5
rebalance_entry_pair,crypto,LINK,top10_sharpe|crypto|LINK,,2,0.07692307692307693,,,24|2.0
rebalance_entry_pair,crypto,LINK,top10_sharpe|crypto|LINK,,2,0.07692307692307693,,,24|2.5
rebalance_entry_pair,crypto,LINK,top10_sharpe|crypto|LINK,,1,0.038461538461538464,,,336|1.0
rebalance_entry_pair,crypto,LINK,top10_sharpe|crypto|LINK,,1,0.038461538461538464,,,336|1.5
rebalance_entry_pair,crypto,LINK,top10_sharpe|crypto|LINK,,2,0.07692307692307693,,,72|1.0
rebalance_entry_pair,crypto,LINK,top10_sharpe|crypto|LINK,,3,0.11538461538461539,,,72|1.5
rebalance_entry_pair,crypto,LINK,top10_sharpe|crypto|LINK,,3,0.11538461538461539,,,72|2.0
rebalance_entry_pair,crypto,LINK,top10_sharpe|crypto|LINK,,2,0.07692307692307693,,,72|2.5
rebalance_entry_pair,crypto,LINK,top10_sharpe|crypto|LINK,,1,0.038461538461538464,,,72|3.0
full_combo,crypto,LINK,top10_sharpe|crypto|LINK,,1,0.038461538461538464,,,168|1.5|0.25
full_combo,crypto,LINK,top10_sharpe|crypto|LINK,,1,0.038461538461538464,,,168|1.5|0.5
full_combo,crypto,LINK,top10_sharpe|crypto|LINK,,1,0.038461538461538464,,,168|1.5|0.75
full_combo,crypto,LINK,top10_sharpe|crypto|LINK,,1,0.038461538461538464,,,24|1.0|0.25
full_combo,crypto,LINK,top10_sharpe|crypto|LINK,,1,0.038461538461538464,,,24|1.0|0.5
full_combo,crypto,LINK,top10_sharpe|crypto|LINK,,1,0.038461538461538464,,,24|1.5|0.25
full_combo,crypto,LINK,top10_sharpe|crypto|LINK,,1,0.038461538461538464,,,24|1.5|0.5
full_combo,crypto,LINK,top10_sharpe|crypto|LINK,,1,0.038461538461538464,,,24|1.5|0.75
full_combo,crypto,LINK,top10_sharpe|crypto|LINK,,1,0.038461538461538464,,,24|1.5|1.0
full_combo,crypto,LINK,top10_sharpe|crypto|LINK,,1,0.038461538461538464,,,24|2.0|0.25
full_combo,crypto,LINK,top10_sharpe|crypto|LINK,,1,0.038461538461538464,,,24|2.0|0.5
full_combo,crypto,LINK,top10_sharpe|crypto|LINK,,1,0.038461538461538464,,,24|2.5|0.25
full_combo,crypto,LINK,top10_sharpe|crypto|LINK,,1,0.038461538461538464,,,24|2.5|0.5
full_combo,crypto,LINK,top10_sharpe|crypto|LINK,,1,0.038461538461538464,,,336|1.0|0.25
full_combo,crypto,LINK,top10_sharpe|crypto|LINK,,1,0.038461538461538464,,,336|1.5|0.25
full_combo,crypto,LINK,top10_sharpe|crypto|LINK,,1,0.038461538461538464,,,72|1.0|0.25
full_combo,crypto,LINK,top10_sharpe|crypto|LINK,,1,0.038461538461538464,,,72|1.0|0.75
full_combo,crypto,LINK,top10_sharpe|crypto|LINK,,1,0.038461538461538464,,,72|1.5|0.25
full_combo,crypto,LINK,top10_sharpe|crypto|LINK,,1,0.038461538461538464,,,72|1.5|0.5
full_combo,crypto,LINK,top10_sharpe|crypto|LINK,,1,0.038461538461538464,,,72|1.5|0.75
full_combo,crypto,LINK,top10_sharpe|crypto|LINK,,1,0.038461538461538464,,,72|2.0|0.25
full_combo,crypto,LINK,top10_sharpe|crypto|LINK,,1,0.038461538461538464,,,72|2.0|0.5
full_combo,crypto,LINK,top10_sharpe|crypto|LINK,,1,0.038461538461538464,,,72|2.0|0.75
full_combo,crypto,LINK,top10_sharpe|crypto|LINK,,1,0.038461538461538464,,,72|2.5|0.25
full_combo,crypto,LINK,top10_sharpe|crypto|LINK,,1,0.038461538461538464,,,72|2.5|0.5
full_combo,crypto,LINK,top10_sharpe|crypto|LINK,,1,0.038461538461538464,,,72|3.0|0.25
rebalance_frequency,crypto,XRP,top10_sharpe|crypto|XRP,24.0,3,1.0,,,
entry_z,crypto,XRP,top10_sharpe|crypto|XRP,,1,0.3333333333333333,1.5,,
entry_z,crypto,XRP,top10_sharpe|crypto|XRP,,1,0.3333333333333333,2.0,,
entry_z,crypto,XRP,top10_sharpe|crypto|XRP,,1,0.3333333333333333,2.5,,
exit_z,crypto,XRP,top10_sharpe|crypto|XRP,,3,1.0,,0.25,
entry_exit_pair,crypto,XRP,top10_sharpe|crypto|XRP,,1,0.3333333333333333,,,1.5|0.25
entry_exit_pair,crypto,XRP,top10_sharpe|crypto|XRP,,1,0.3333333333333333,,,2.0|0.25
entry_exit_pair,crypto,XRP,top10_sharpe|crypto|XRP,,1,0.3333333333333333,,,2.5|0.25
rebalance_entry_pair,crypto,XRP,top10_sharpe|crypto|XRP,,1,0.3333333333333333,,,24|1.5
rebalance_entry_pair,crypto,XRP,top10_sharpe|crypto|XRP,,1,0.3333333333333333,,,24|2.0
rebalance_entry_pair,crypto,XRP,top10_sharpe|crypto|XRP,,1,0.3333333333333333,,,24|2.5
full_combo,crypto,XRP,top10_sharpe|crypto|XRP,,1,0.3333333333333333,,,24|1.5|0.25
full_combo,crypto,XRP,top10_sharpe|crypto|XRP,,1,0.3333333333333333,,,24|2.0|0.25
full_combo,crypto,XRP,top10_sharpe|crypto|XRP,,1,0.3333333333333333,,,24|2.5|0.25
rebalance_frequency,russia,AFKS,top10_sharpe|russia|AFKS,5.0,8,0.8,,,
rebalance_frequency,russia,AFKS,top10_sharpe|russia|AFKS,10.0,2,0.2,,,
entry_z,russia,AFKS,top10_sharpe|russia|AFKS,,2,0.2,2.0,,
entry_z,russia,AFKS,top10_sharpe|russia|AFKS,,4,0.4,2.5,,
entry_z,russia,AFKS,top10_sharpe|russia|AFKS,,4,0.4,3.0,,
exit_z,russia,AFKS,top10_sharpe|russia|AFKS,,5,0.5,,0.25,
exit_z,russia,AFKS,top10_sharpe|russia|AFKS,,1,0.1,,0.5,
exit_z,russia,AFKS,top10_sharpe|russia|AFKS,,2,0.2,,0.75,
exit_z,russia,AFKS,top10_sharpe|russia|AFKS,,2,0.2,,1.0,
entry_exit_pair,russia,AFKS,top10_sharpe|russia|AFKS,,2,0.2,,,2.0|0.25
entry_exit_pair,russia,AFKS,top10_sharpe|russia|AFKS,,2,0.2,,,2.5|0.25
entry_exit_pair,russia,AFKS,top10_sharpe|russia|AFKS,,1,0.1,,,2.5|0.75
entry_exit_pair,russia,AFKS,top10_sharpe|russia|AFKS,,1,0.1,,,2.5|1.0
entry_exit_pair,russia,AFKS,top10_sharpe|russia|AFKS,,1,0.1,,,3.0|0.25
entry_exit_pair,russia,AFKS,top10_sharpe|russia|AFKS,,1,0.1,,,3.0|0.5
entry_exit_pair,russia,AFKS,top10_sharpe|russia|AFKS,,1,0.1,,,3.0|0.75
entry_exit_pair,russia,AFKS,top10_sharpe|russia|AFKS,,1,0.1,,,3.0|1.0
rebalance_entry_pair,russia,AFKS,top10_sharpe|russia|AFKS,,1,0.1,,,10|2.0
rebalance_entry_pair,russia,AFKS,top10_sharpe|russia|AFKS,,1,0.1,,,10|2.5
rebalance_entry_pair,russia,AFKS,top10_sharpe|russia|AFKS,,1,0.1,,,5|2.0
rebalance_entry_pair,russia,AFKS,top10_sharpe|russia|AFKS,,3,0.3,,,5|2.5
rebalance_entry_pair,russia,AFKS,top10_sharpe|russia|AFKS,,4,0.4,,,5|3.0
full_combo,russia,AFKS,top10_sharpe|russia|AFKS,,1,0.1,,,10|2.0|0.25
full_combo,russia,AFKS,top10_sharpe|russia|AFKS,,1,0.1,,,10|2.5|0.25
full_combo,russia,AFKS,top10_sharpe|russia|AFKS,,1,0.1,,,5|2.0|0.25
full_combo,russia,AFKS,top10_sharpe|russia|AFKS,,1,0.1,,,5|2.5|0.25
full_combo,russia,AFKS,top10_sharpe|russia|AFKS,,1,0.1,,,5|2.5|0.75
full_combo,russia,AFKS,top10_sharpe|russia|AFKS,,1,0.1,,,5|2.5|1.0
full_combo,russia,AFKS,top10_sharpe|russia|AFKS,,1,0.1,,,5|3.0|0.25
full_combo,russia,AFKS,top10_sharpe|russia|AFKS,,1,0.1,,,5|3.0|0.5
full_combo,russia,AFKS,top10_sharpe|russia|AFKS,,1,0.1,,,5|3.0|0.75
full_combo,russia,AFKS,top10_sharpe|russia|AFKS,,1,0.1,,,5|3.0|1.0
rebalance_frequency,russia,AFLT,top10_sharpe|russia|AFLT,5.0,1,1.0,,,
entry_z,russia,AFLT,top10_sharpe|russia|AFLT,,1,1.0,2.0,,
exit_z,russia,AFLT,top10_sharpe|russia|AFLT,,1,1.0,,0.25,
entry_exit_pair,russia,AFLT,top10_sharpe|russia|AFLT,,1,1.0,,,2.0|0.25
rebalance_entry_pair,russia,AFLT,top10_sharpe|russia|AFLT,,1,1.0,,,5|2.0
full_combo,russia,AFLT,top10_sharpe|russia|AFLT,,1,1.0,,,5|2.0|0.25
rebalance_frequency,russia,CHMF,top10_sharpe|russia|CHMF,5.0,1,0.5,,,
rebalance_frequency,russia,CHMF,top10_sharpe|russia|CHMF,21.0,1,0.5,,,
entry_z,russia,CHMF,top10_sharpe|russia|CHMF,,1,0.5,2.0,,
entry_z,russia,CHMF,top10_sharpe|russia|CHMF,,1,0.5,2.5,,
exit_z,russia,CHMF,top10_sharpe|russia|CHMF,,2,1.0,,0.25,
entry_exit_pair,russia,CHMF,top10_sharpe|russia|CHMF,,1,0.5,,,2.0|0.25
entry_exit_pair,russia,CHMF,top10_sharpe|russia|CHMF,,1,0.5,,,2.5|0.25
rebalance_entry_pair,russia,CHMF,top10_sharpe|russia|CHMF,,1,0.5,,,21|2.5
rebalance_entry_pair,russia,CHMF,top10_sharpe|russia|CHMF,,1,0.5,,,5|2.0
full_combo,russia,CHMF,top10_sharpe|russia|CHMF,,1,0.5,,,21|2.5|0.25
full_combo,russia,CHMF,top10_sharpe|russia|CHMF,,1,0.5,,,5|2.0|0.25
rebalance_frequency,russia,MOEX,top10_sharpe|russia|MOEX,5.0,3,0.5,,,
rebalance_frequency,russia,MOEX,top10_sharpe|russia|MOEX,10.0,3,0.5,,,
entry_z,russia,MOEX,top10_sharpe|russia|MOEX,,6,1.0,2.5,,
exit_z,russia,MOEX,top10_sharpe|russia|MOEX,,2,0.3333333333333333,,0.25,
exit_z,russia,MOEX,top10_sharpe|russia|MOEX,,2,0.3333333333333333,,0.5,
exit_z,russia,MOEX,top10_sharpe|russia|MOEX,,2,0.3333333333333333,,0.75,
entry_exit_pair,russia,MOEX,top10_sharpe|russia|MOEX,,2,0.3333333333333333,,,2.5|0.25
entry_exit_pair,russia,MOEX,top10_sharpe|russia|MOEX,,2,0.3333333333333333,,,2.5|0.5
entry_exit_pair,russia,MOEX,top10_sharpe|russia|MOEX,,2,0.3333333333333333,,,2.5|0.75
rebalance_entry_pair,russia,MOEX,top10_sharpe|russia|MOEX,,3,0.5,,,10|2.5
rebalance_entry_pair,russia,MOEX,top10_sharpe|russia|MOEX,,3,0.5,,,5|2.5
full_combo,russia,MOEX,top10_sharpe|russia|MOEX,,1,0.16666666666666666,,,10|2.5|0.25
full_combo,russia,MOEX,top10_sharpe|russia|MOEX,,1,0.16666666666666666,,,10|2.5|0.5
full_combo,russia,MOEX,top10_sharpe|russia|MOEX,,1,0.16666666666666666,,,10|2.5|0.75
full_combo,russia,MOEX,top10_sharpe|russia|MOEX,,1,0.16666666666666666,,,5|2.5|0.25
full_combo,russia,MOEX,top10_sharpe|russia|MOEX,,1,0.16666666666666666,,,5|2.5|0.5
full_combo,russia,MOEX,top10_sharpe|russia|MOEX,,1,0.16666666666666666,,,5|2.5|0.75
rebalance_frequency,russia,SBER,top10_sharpe|russia|SBER,21.0,2,1.0,,,
entry_z,russia,SBER,top10_sharpe|russia|SBER,,2,1.0,1.0,,
exit_z,russia,SBER,top10_sharpe|russia|SBER,,1,0.5,,0.25,
exit_z,russia,SBER,top10_sharpe|russia|SBER,,1,0.5,,0.5,
entry_exit_pair,russia,SBER,top10_sharpe|russia|SBER,,1,0.5,,,1.0|0.25
entry_exit_pair,russia,SBER,top10_sharpe|russia|SBER,,1,0.5,,,1.0|0.5
rebalance_entry_pair,russia,SBER,top10_sharpe|russia|SBER,,2,1.0,,,21|1.0
full_combo,russia,SBER,top10_sharpe|russia|SBER,,1,0.5,,,21|1.0|0.25
full_combo,russia,SBER,top10_sharpe|russia|SBER,,1,0.5,,,21|1.0|0.5
rebalance_frequency,usa,BRK.B,top10_sharpe|usa|BRK.B,10.0,3,1.0,,,
entry_z,usa,BRK.B,top10_sharpe|usa|BRK.B,,3,1.0,3.0,,
exit_z,usa,BRK.B,top10_sharpe|usa|BRK.B,,1,0.3333333333333333,,0.5,
exit_z,usa,BRK.B,top10_sharpe|usa|BRK.B,,1,0.3333333333333333,,0.75,
exit_z,usa,BRK.B,top10_sharpe|usa|BRK.B,,1,0.3333333333333333,,1.0,
entry_exit_pair,usa,BRK.B,top10_sharpe|usa|BRK.B,,1,0.3333333333333333,,,3.0|0.5
entry_exit_pair,usa,BRK.B,top10_sharpe|usa|BRK.B,,1,0.3333333333333333,,,3.0|0.75
entry_exit_pair,usa,BRK.B,top10_sharpe|usa|BRK.B,,1,0.3333333333333333,,,3.0|1.0
rebalance_entry_pair,usa,BRK.B,top10_sharpe|usa|BRK.B,,3,1.0,,,10|3.0
full_combo,usa,BRK.B,top10_sharpe|usa|BRK.B,,1,0.3333333333333333,,,10|3.0|0.5
full_combo,usa,BRK.B,top10_sharpe|usa|BRK.B,,1,0.3333333333333333,,,10|3.0|0.75
full_combo,usa,BRK.B,top10_sharpe|usa|BRK.B,,1,0.3333333333333333,,,10|3.0|1.0
rebalance_frequency,usa,JNJ,top10_sharpe|usa|JNJ,5.0,3,1.0,,,
entry_z,usa,JNJ,top10_sharpe|usa|JNJ,,1,0.3333333333333333,1.5,,
entry_z,usa,JNJ,top10_sharpe|usa|JNJ,,2,0.6666666666666666,2.0,,
exit_z,usa,JNJ,top10_sharpe|usa|JNJ,,1,0.3333333333333333,,0.25,
exit_z,usa,JNJ,top10_sharpe|usa|JNJ,,2,0.6666666666666666,,0.75,
entry_exit_pair,usa,JNJ,top10_sharpe|usa|JNJ,,1,0.3333333333333333,,,1.5|0.75
entry_exit_pair,usa,JNJ,top10_sharpe|usa|JNJ,,1,0.3333333333333333,,,2.0|0.25
entry_exit_pair,usa,JNJ,top10_sharpe|usa|JNJ,,1,0.3333333333333333,,,2.0|0.75
rebalance_entry_pair,usa,JNJ,top10_sharpe|usa|JNJ,,1,0.3333333333333333,,,5|1.5
rebalance_entry_pair,usa,JNJ,top10_sharpe|usa|JNJ,,2,0.6666666666666666,,,5|2.0
full_combo,usa,JNJ,top10_sharpe|usa|JNJ,,1,0.3333333333333333,,,5|1.5|0.75
full_combo,usa,JNJ,top10_sharpe|usa|JNJ,,1,0.3333333333333333,,,5|2.0|0.25
full_combo,usa,JNJ,top10_sharpe|usa|JNJ,,1,0.3333333333333333,,,5|2.0|0.75
rebalance_frequency,usa,JPM,top10_sharpe|usa|JPM,5.0,12,0.5714285714285714,,,
rebalance_frequency,usa,JPM,top10_sharpe|usa|JPM,10.0,8,0.38095238095238093,,,
rebalance_frequency,usa,JPM,top10_sharpe|usa|JPM,21.0,1,0.047619047619047616,,,
entry_z,usa,JPM,top10_sharpe|usa|JPM,,6,0.2857142857142857,1.0,,
entry_z,usa,JPM,top10_sharpe|usa|JPM,,9,0.42857142857142855,1.5,,
entry_z,usa,JPM,top10_sharpe|usa|JPM,,5,0.23809523809523808,2.0,,
entry_z,usa,JPM,top10_sharpe|usa|JPM,,1,0.047619047619047616,2.5,,
exit_z,usa,JPM,top10_sharpe|usa|JPM,,7,0.3333333333333333,,0.25,
exit_z,usa,JPM,top10_sharpe|usa|JPM,,5,0.23809523809523808,,0.5,
exit_z,usa,JPM,top10_sharpe|usa|JPM,,5,0.23809523809523808,,0.75,
exit_z,usa,JPM,top10_sharpe|usa|JPM,,4,0.19047619047619047,,1.0,
entry_exit_pair,usa,JPM,top10_sharpe|usa|JPM,,2,0.09523809523809523,,,1.0|0.25
entry_exit_pair,usa,JPM,top10_sharpe|usa|JPM,,2,0.09523809523809523,,,1.0|0.5
entry_exit_pair,usa,JPM,top10_sharpe|usa|JPM,,2,0.09523809523809523,,,1.0|0.75
entry_exit_pair,usa,JPM,top10_sharpe|usa|JPM,,2,0.09523809523809523,,,1.5|0.25
entry_exit_pair,usa,JPM,top10_sharpe|usa|JPM,,2,0.09523809523809523,,,1.5|0.5
entry_exit_pair,usa,JPM,top10_sharpe|usa|JPM,,2,0.09523809523809523,,,1.5|0.75
entry_exit_pair,usa,JPM,top10_sharpe|usa|JPM,,3,0.14285714285714285,,,1.5|1.0
entry_exit_pair,usa,JPM,top10_sharpe|usa|JPM,,2,0.09523809523809523,,,2.0|0.25
entry_exit_pair,usa,JPM,top10_sharpe|usa|JPM,,1,0.047619047619047616,,,2.0|0.5
entry_exit_pair,usa,JPM,top10_sharpe|usa|JPM,,1,0.047619047619047616,,,2.0|0.75
entry_exit_pair,usa,JPM,top10_sharpe|usa|JPM,,1,0.047619047619047616,,,2.0|1.0
entry_exit_pair,usa,JPM,top10_sharpe|usa|JPM,,1,0.047619047619047616,,,2.5|0.25
rebalance_entry_pair,usa,JPM,top10_sharpe|usa|JPM,,3,0.14285714285714285,,,10|1.0
rebalance_entry_pair,usa,JPM,top10_sharpe|usa|JPM,,4,0.19047619047619047,,,10|1.5
rebalance_entry_pair,usa,JPM,top10_sharpe|usa|JPM,,1,0.047619047619047616,,,10|2.0
rebalance_entry_pair,usa,JPM,top10_sharpe|usa|JPM,,1,0.047619047619047616,,,21|1.5
rebalance_entry_pair,usa,JPM,top10_sharpe|usa|JPM,,3,0.14285714285714285,,,5|1.0
rebalance_entry_pair,usa,JPM,top10_sharpe|usa|JPM,,4,0.19047619047619047,,,5|1.5
rebalance_entry_pair,usa,JPM,top10_sharpe|usa|JPM,,4,0.19047619047619047,,,5|2.0
rebalance_entry_pair,usa,JPM,top10_sharpe|usa|JPM,,1,0.047619047619047616,,,5|2.5
full_combo,usa,JPM,top10_sharpe|usa|JPM,,1,0.047619047619047616,,,10|1.0|0.25
full_combo,usa,JPM,top10_sharpe|usa|JPM,,1,0.047619047619047616,,,10|1.0|0.5
full_combo,usa,JPM,top10_sharpe|usa|JPM,,1,0.047619047619047616,,,10|1.0|0.75
full_combo,usa,JPM,top10_sharpe|usa|JPM,,1,0.047619047619047616,,,10|1.5|0.25
full_combo,usa,JPM,top10_sharpe|usa|JPM,,1,0.047619047619047616,,,10|1.5|0.5
full_combo,usa,JPM,top10_sharpe|usa|JPM,,1,0.047619047619047616,,,10|1.5|0.75
full_combo,usa,JPM,top10_sharpe|usa|JPM,,1,0.047619047619047616,,,10|1.5|1.0
full_combo,usa,JPM,top10_sharpe|usa|JPM,,1,0.047619047619047616,,,10|2.0|0.25
full_combo,usa,JPM,top10_sharpe|usa|JPM,,1,0.047619047619047616,,,21|1.5|1.0
full_combo,usa,JPM,top10_sharpe|usa|JPM,,1,0.047619047619047616,,,5|1.0|0.25
full_combo,usa,JPM,top10_sharpe|usa|JPM,,1,0.047619047619047616,,,5|1.0|0.5
full_combo,usa,JPM,top10_sharpe|usa|JPM,,1,0.047619047619047616,,,5|1.0|0.75
full_combo,usa,JPM,top10_sharpe|usa|JPM,,1,0.047619047619047616,,,5|1.5|0.25
full_combo,usa,JPM,top10_sharpe|usa|JPM,,1,0.047619047619047616,,,5|1.5|0.5
full_combo,usa,JPM,top10_sharpe|usa|JPM,,1,0.047619047619047616,,,5|1.5|0.75
full_combo,usa,JPM,top10_sharpe|usa|JPM,,1,0.047619047619047616,,,5|1.5|1.0
full_combo,usa,JPM,top10_sharpe|usa|JPM,,1,0.047619047619047616,,,5|2.0|0.25
full_combo,usa,JPM,top10_sharpe|usa|JPM,,1,0.047619047619047616,,,5|2.0|0.5
full_combo,usa,JPM,top10_sharpe|usa|JPM,,1,0.047619047619047616,,,5|2.0|0.75
full_combo,usa,JPM,top10_sharpe|usa|JPM,,1,0.047619047619047616,,,5|2.0|1.0
full_combo,usa,JPM,top10_sharpe|usa|JPM,,1,0.047619047619047616,,,5|2.5|0.25
rebalance_frequency,usa,NVDA,top10_sharpe|usa|NVDA,10.0,2,0.5,,,
rebalance_frequency,usa,NVDA,top10_sharpe|usa|NVDA,21.0,2,0.5,,,
entry_z,usa,NVDA,top10_sharpe|usa|NVDA,,1,0.25,1.0,,
entry_z,usa,NVDA,top10_sharpe|usa|NVDA,,3,0.75,1.5,,
exit_z,usa,NVDA,top10_sharpe|usa|NVDA,,3,0.75,,0.25,
exit_z,usa,NVDA,top10_sharpe|usa|NVDA,,1,0.25,,0.5,
entry_exit_pair,usa,NVDA,top10_sharpe|usa|NVDA,,1,0.25,,,1.0|0.25
entry_exit_pair,usa,NVDA,top10_sharpe|usa|NVDA,,2,0.5,,,1.5|0.25
entry_exit_pair,usa,NVDA,top10_sharpe|usa|NVDA,,1,0.25,,,1.5|0.5
rebalance_entry_pair,usa,NVDA,top10_sharpe|usa|NVDA,,1,0.25,,,10|1.0
rebalance_entry_pair,usa,NVDA,top10_sharpe|usa|NVDA,,1,0.25,,,10|1.5
rebalance_entry_pair,usa,NVDA,top10_sharpe|usa|NVDA,,2,0.5,,,21|1.5
full_combo,usa,NVDA,top10_sharpe|usa|NVDA,,1,0.25,,,10|1.0|0.25
full_combo,usa,NVDA,top10_sharpe|usa|NVDA,,1,0.25,,,10|1.5|0.25
full_combo,usa,NVDA,top10_sharpe|usa|NVDA,,1,0.25,,,21|1.5|0.25
full_combo,usa,NVDA,top10_sharpe|usa|NVDA,,1,0.25,,,21|1.5|0.5
rebalance_frequency,crypto,ADA,top20_sharpe|crypto|ADA,24.0,17,0.38636363636363635,,,
rebalance_frequency,crypto,ADA,top20_sharpe|crypto|ADA,72.0,16,0.36363636363636365,,,
rebalance_frequency,crypto,ADA,top20_sharpe|crypto|ADA,168.0,11,0.25,,,
entry_z,crypto,ADA,top20_sharpe|crypto|ADA,,3,0.06818181818181818,1.0,,
entry_z,crypto,ADA,top20_sharpe|crypto|ADA,,10,0.22727272727272727,1.5,,
entry_z,crypto,ADA,top20_sharpe|crypto|ADA,,11,0.25,2.0,,
entry_z,crypto,ADA,top20_sharpe|crypto|ADA,,11,0.25,2.5,,
entry_z,crypto,ADA,top20_sharpe|crypto|ADA,,9,0.20454545454545456,3.0,,
exit_z,crypto,ADA,top20_sharpe|crypto|ADA,,13,0.29545454545454547,,0.25,
exit_z,crypto,ADA,top20_sharpe|crypto|ADA,,12,0.2727272727272727,,0.5,
exit_z,crypto,ADA,top20_sharpe|crypto|ADA,,12,0.2727272727272727,,0.75,
exit_z,crypto,ADA,top20_sharpe|crypto|ADA,,7,0.1590909090909091,,1.0,
entry_exit_pair,crypto,ADA,top20_sharpe|crypto|ADA,,1,0.022727272727272728,,,1.0|0.25
entry_exit_pair,crypto,ADA,top20_sharpe|crypto|ADA,,1,0.022727272727272728,,,1.0|0.5
entry_exit_pair,crypto,ADA,top20_sharpe|crypto|ADA,,1,0.022727272727272728,,,1.0|0.75
entry_exit_pair,crypto,ADA,top20_sharpe|crypto|ADA,,3,0.06818181818181818,,,1.5|0.25
entry_exit_pair,crypto,ADA,top20_sharpe|crypto|ADA,,3,0.06818181818181818,,,1.5|0.5
entry_exit_pair,crypto,ADA,top20_sharpe|crypto|ADA,,3,0.06818181818181818,,,1.5|0.75
entry_exit_pair,crypto,ADA,top20_sharpe|crypto|ADA,,1,0.022727272727272728,,,1.5|1.0
entry_exit_pair,crypto,ADA,top20_sharpe|crypto|ADA,,3,0.06818181818181818,,,2.0|0.25
entry_exit_pair,crypto,ADA,top20_sharpe|crypto|ADA,,3,0.06818181818181818,,,2.0|0.5
entry_exit_pair,crypto,ADA,top20_sharpe|crypto|ADA,,3,0.06818181818181818,,,2.0|0.75
entry_exit_pair,crypto,ADA,top20_sharpe|crypto|ADA,,2,0.045454545454545456,,,2.0|1.0
entry_exit_pair,crypto,ADA,top20_sharpe|crypto|ADA,,3,0.06818181818181818,,,2.5|0.25
entry_exit_pair,crypto,ADA,top20_sharpe|crypto|ADA,,3,0.06818181818181818,,,2.5|0.5
entry_exit_pair,crypto,ADA,top20_sharpe|crypto|ADA,,3,0.06818181818181818,,,2.5|0.75
entry_exit_pair,crypto,ADA,top20_sharpe|crypto|ADA,,2,0.045454545454545456,,,2.5|1.0
entry_exit_pair,crypto,ADA,top20_sharpe|crypto|ADA,,3,0.06818181818181818,,,3.0|0.25
entry_exit_pair,crypto,ADA,top20_sharpe|crypto|ADA,,2,0.045454545454545456,,,3.0|0.5
entry_exit_pair,crypto,ADA,top20_sharpe|crypto|ADA,,2,0.045454545454545456,,,3.0|0.75
entry_exit_pair,crypto,ADA,top20_sharpe|crypto|ADA,,2,0.045454545454545456,,,3.0|1.0
rebalance_entry_pair,crypto,ADA,top20_sharpe|crypto|ADA,,4,0.09090909090909091,,,168|1.5
rebalance_entry_pair,crypto,ADA,top20_sharpe|crypto|ADA,,3,0.06818181818181818,,,168|2.0
rebalance_entry_pair,crypto,ADA,top20_sharpe|crypto|ADA,,3,0.06818181818181818,,,168|2.5
rebalance_entry_pair,crypto,ADA,top20_sharpe|crypto|ADA,,1,0.022727272727272728,,,168|3.0
rebalance_entry_pair,crypto,ADA,top20_sharpe|crypto|ADA,,2,0.045454545454545456,,,24|1.0
rebalance_entry_pair,crypto,ADA,top20_sharpe|crypto|ADA,,3,0.06818181818181818,,,24|1.5
rebalance_entry_pair,crypto,ADA,top20_sharpe|crypto|ADA,,4,0.09090909090909091,,,24|2.0
rebalance_entry_pair,crypto,ADA,top20_sharpe|crypto|ADA,,4,0.09090909090909091,,,24|2.5
rebalance_entry_pair,crypto,ADA,top20_sharpe|crypto|ADA,,4,0.09090909090909091,,,24|3.0
rebalance_entry_pair,crypto,ADA,top20_sharpe|crypto|ADA,,1,0.022727272727272728,,,72|1.0
rebalance_entry_pair,crypto,ADA,top20_sharpe|crypto|ADA,,3,0.06818181818181818,,,72|1.5
rebalance_entry_pair,crypto,ADA,top20_sharpe|crypto|ADA,,4,0.09090909090909091,,,72|2.0
rebalance_entry_pair,crypto,ADA,top20_sharpe|crypto|ADA,,4,0.09090909090909091,,,72|2.5
rebalance_entry_pair,crypto,ADA,top20_sharpe|crypto|ADA,,4,0.09090909090909091,,,72|3.0
full_combo,crypto,ADA,top20_sharpe|crypto|ADA,,1,0.022727272727272728,,,168|1.5|0.25
full_combo,crypto,ADA,top20_sharpe|crypto|ADA,,1,0.022727272727272728,,,168|1.5|0.5
full_combo,crypto,ADA,top20_sharpe|crypto|ADA,,1,0.022727272727272728,,,168|1.5|0.75
full_combo,crypto,ADA,top20_sharpe|crypto|ADA,,1,0.022727272727272728,,,168|1.5|1.0
full_combo,crypto,ADA,top20_sharpe|crypto|ADA,,1,0.022727272727272728,,,168|2.0|0.25
full_combo,crypto,ADA,top20_sharpe|crypto|ADA,,1,0.022727272727272728,,,168|2.0|0.5
full_combo,crypto,ADA,top20_sharpe|crypto|ADA,,1,0.022727272727272728,,,168|2.0|0.75
full_combo,crypto,ADA,top20_sharpe|crypto|ADA,,1,0.022727272727272728,,,168|2.5|0.25
full_combo,crypto,ADA,top20_sharpe|crypto|ADA,,1,0.022727272727272728,,,168|2.5|0.5
full_combo,crypto,ADA,top20_sharpe|crypto|ADA,,1,0.022727272727272728,,,168|2.5|0.75
full_combo,crypto,ADA,top20_sharpe|crypto|ADA,,1,0.022727272727272728,,,168|3.0|0.25
full_combo,crypto,ADA,top20_sharpe|crypto|ADA,,1,0.022727272727272728,,,24|1.0|0.5
full_combo,crypto,ADA,top20_sharpe|crypto|ADA,,1,0.022727272727272728,,,24|1.0|0.75
full_combo,crypto,ADA,top20_sharpe|crypto|ADA,,1,0.022727272727272728,,,24|1.5|0.25
full_combo,crypto,ADA,top20_sharpe|crypto|ADA,,1,0.022727272727272728,,,24|1.5|0.5
full_combo,crypto,ADA,top20_sharpe|crypto|ADA,,1,0.022727272727272728,,,24|1.5|0.75
full_combo,crypto,ADA,top20_sharpe|crypto|ADA,,1,0.022727272727272728,,,24|2.0|0.25
full_combo,crypto,ADA,top20_sharpe|crypto|ADA,,1,0.022727272727272728,,,24|2.0|0.5
full_combo,crypto,ADA,top20_sharpe|crypto|ADA,,1,0.022727272727272728,,,24|2.0|0.75
full_combo,crypto,ADA,top20_sharpe|crypto|ADA,,1,0.022727272727272728,,,24|2.0|1.0
full_combo,crypto,ADA,top20_sharpe|crypto|ADA,,1,0.022727272727272728,,,24|2.5|0.25
full_combo,crypto,ADA,top20_sharpe|crypto|ADA,,1,0.022727272727272728,,,24|2.5|0.5
full_combo,crypto,ADA,top20_sharpe|crypto|ADA,,1,0.022727272727272728,,,24|2.5|0.75
full_combo,crypto,ADA,top20_sharpe|crypto|ADA,,1,0.022727272727272728,,,24|2.5|1.0
full_combo,crypto,ADA,top20_sharpe|crypto|ADA,,1,0.022727272727272728,,,24|3.0|0.25
full_combo,crypto,ADA,top20_sharpe|crypto|ADA,,1,0.022727272727272728,,,24|3.0|0.5
full_combo,crypto,ADA,top20_sharpe|crypto|ADA,,1,0.022727272727272728,,,24|3.0|0.75
full_combo,crypto,ADA,top20_sharpe|crypto|ADA,,1,0.022727272727272728,,,24|3.0|1.0
full_combo,crypto,ADA,top20_sharpe|crypto|ADA,,1,0.022727272727272728,,,72|1.0|0.25
full_combo,crypto,ADA,top20_sharpe|crypto|ADA,,1,0.022727272727272728,,,72|1.5|0.25
full_combo,crypto,ADA,top20_sharpe|crypto|ADA,,1,0.022727272727272728,,,72|1.5|0.5
full_combo,crypto,ADA,top20_sharpe|crypto|ADA,,1,0.022727272727272728,,,72|1.5|0.75
full_combo,crypto,ADA,top20_sharpe|crypto|ADA,,1,0.022727272727272728,,,72|2.0|0.25
full_combo,crypto,ADA,top20_sharpe|crypto|ADA,,1,0.022727272727272728,,,72|2.0|0.5
full_combo,crypto,ADA,top20_sharpe|crypto|ADA,,1,0.022727272727272728,,,72|2.0|0.75
full_combo,crypto,ADA,top20_sharpe|crypto|ADA,,1,0.022727272727272728,,,72|2.0|1.0
full_combo,crypto,ADA,top20_sharpe|crypto|ADA,,1,0.022727272727272728,,,72|2.5|0.25
full_combo,crypto,ADA,top20_sharpe|crypto|ADA,,1,0.022727272727272728,,,72|2.5|0.5
full_combo,crypto,ADA,top20_sharpe|crypto|ADA,,1,0.022727272727272728,,,72|2.5|0.75
full_combo,crypto,ADA,top20_sharpe|crypto|ADA,,1,0.022727272727272728,,,72|2.5|1.0
full_combo,crypto,ADA,top20_sharpe|crypto|ADA,,1,0.022727272727272728,,,72|3.0|0.25
full_combo,crypto,ADA,top20_sharpe|crypto|ADA,,1,0.022727272727272728,,,72|3.0|0.5
full_combo,crypto,ADA,top20_sharpe|crypto|ADA,,1,0.022727272727272728,,,72|3.0|0.75
full_combo,crypto,ADA,top20_sharpe|crypto|ADA,,1,0.022727272727272728,,,72|3.0|1.0
rebalance_frequency,crypto,ATOM,top20_sharpe|crypto|ATOM,24.0,19,0.2753623188405797,,,
rebalance_frequency,crypto,ATOM,top20_sharpe|crypto|ATOM,72.0,19,0.2753623188405797,,,
rebalance_frequency,crypto,ATOM,top20_sharpe|crypto|ATOM,168.0,19,0.2753623188405797,,,
rebalance_frequency,crypto,ATOM,top20_sharpe|crypto|ATOM,336.0,12,0.17391304347826086,,,
entry_z,crypto,ATOM,top20_sharpe|crypto|ATOM,,12,0.17391304347826086,1.0,,
entry_z,crypto,ATOM,top20_sharpe|crypto|ATOM,,15,0.21739130434782608,1.5,,
entry_z,crypto,ATOM,top20_sharpe|crypto|ATOM,,15,0.21739130434782608,2.0,,
entry_z,crypto,ATOM,top20_sharpe|crypto|ATOM,,14,0.2028985507246377,2.5,,
entry_z,crypto,ATOM,top20_sharpe|crypto|ATOM,,13,0.18840579710144928,3.0,,
exit_z,crypto,ATOM,top20_sharpe|crypto|ATOM,,20,0.2898550724637681,,0.25,
exit_z,crypto,ATOM,top20_sharpe|crypto|ATOM,,19,0.2753623188405797,,0.5,
exit_z,crypto,ATOM,top20_sharpe|crypto|ATOM,,18,0.2608695652173913,,0.75,
exit_z,crypto,ATOM,top20_sharpe|crypto|ATOM,,12,0.17391304347826086,,1.0,
entry_exit_pair,crypto,ATOM,top20_sharpe|crypto|ATOM,,4,0.057971014492753624,,,1.0|0.25
entry_exit_pair,crypto,ATOM,top20_sharpe|crypto|ATOM,,4,0.057971014492753624,,,1.0|0.5
entry_exit_pair,crypto,ATOM,top20_sharpe|crypto|ATOM,,4,0.057971014492753624,,,1.0|0.75
entry_exit_pair,crypto,ATOM,top20_sharpe|crypto|ATOM,,4,0.057971014492753624,,,1.5|0.25
entry_exit_pair,crypto,ATOM,top20_sharpe|crypto|ATOM,,4,0.057971014492753624,,,1.5|0.5
entry_exit_pair,crypto,ATOM,top20_sharpe|crypto|ATOM,,4,0.057971014492753624,,,1.5|0.75
entry_exit_pair,crypto,ATOM,top20_sharpe|crypto|ATOM,,3,0.043478260869565216,,,1.5|1.0
entry_exit_pair,crypto,ATOM,top20_sharpe|crypto|ATOM,,4,0.057971014492753624,,,2.0|0.25
entry_exit_pair,crypto,ATOM,top20_sharpe|crypto|ATOM,,4,0.057971014492753624,,,2.0|0.5
entry_exit_pair,crypto,ATOM,top20_sharpe|crypto|ATOM,,4,0.057971014492753624,,,2.0|0.75
entry_exit_pair,crypto,ATOM,top20_sharpe|crypto|ATOM,,3,0.043478260869565216,,,2.0|1.0
entry_exit_pair,crypto,ATOM,top20_sharpe|crypto|ATOM,,4,0.057971014492753624,,,2.5|0.25
entry_exit_pair,crypto,ATOM,top20_sharpe|crypto|ATOM,,4,0.057971014492753624,,,2.5|0.5
entry_exit_pair,crypto,ATOM,top20_sharpe|crypto|ATOM,,3,0.043478260869565216,,,2.5|0.75
entry_exit_pair,crypto,ATOM,top20_sharpe|crypto|ATOM,,3,0.043478260869565216,,,2.5|1.0
entry_exit_pair,crypto,ATOM,top20_sharpe|crypto|ATOM,,4,0.057971014492753624,,,3.0|0.25
entry_exit_pair,crypto,ATOM,top20_sharpe|crypto|ATOM,,3,0.043478260869565216,,,3.0|0.5
entry_exit_pair,crypto,ATOM,top20_sharpe|crypto|ATOM,,3,0.043478260869565216,,,3.0|0.75
entry_exit_pair,crypto,ATOM,top20_sharpe|crypto|ATOM,,3,0.043478260869565216,,,3.0|1.0
rebalance_entry_pair,crypto,ATOM,top20_sharpe|crypto|ATOM,,3,0.043478260869565216,,,168|1.0
rebalance_entry_pair,crypto,ATOM,top20_sharpe|crypto|ATOM,,4,0.057971014492753624,,,168|1.5
rebalance_entry_pair,crypto,ATOM,top20_sharpe|crypto|ATOM,,4,0.057971014492753624,,,168|2.0
rebalance_entry_pair,crypto,ATOM,top20_sharpe|crypto|ATOM,,4,0.057971014492753624,,,168|2.5
rebalance_entry_pair,crypto,ATOM,top20_sharpe|crypto|ATOM,,4,0.057971014492753624,,,168|3.0
rebalance_entry_pair,crypto,ATOM,top20_sharpe|crypto|ATOM,,3,0.043478260869565216,,,24|1.0
rebalance_entry_pair,crypto,ATOM,top20_sharpe|crypto|ATOM,,4,0.057971014492753624,,,24|1.5
rebalance_entry_pair,crypto,ATOM,top20_sharpe|crypto|ATOM,,4,0.057971014492753624,,,24|2.0
rebalance_entry_pair,crypto,ATOM,top20_sharpe|crypto|ATOM,,4,0.057971014492753624,,,24|2.5
rebalance_entry_pair,crypto,ATOM,top20_sharpe|crypto|ATOM,,4,0.057971014492753624,,,24|3.0
rebalance_entry_pair,crypto,ATOM,top20_sharpe|crypto|ATOM,,3,0.043478260869565216,,,336|1.0
rebalance_entry_pair,crypto,ATOM,top20_sharpe|crypto|ATOM,,3,0.043478260869565216,,,336|1.5
rebalance_entry_pair,crypto,ATOM,top20_sharpe|crypto|ATOM,,3,0.043478260869565216,,,336|2.0
rebalance_entry_pair,crypto,ATOM,top20_sharpe|crypto|ATOM,,2,0.028985507246376812,,,336|2.5
rebalance_entry_pair,crypto,ATOM,top20_sharpe|crypto|ATOM,,1,0.014492753623188406,,,336|3.0
rebalance_entry_pair,crypto,ATOM,top20_sharpe|crypto|ATOM,,3,0.043478260869565216,,,72|1.0
rebalance_entry_pair,crypto,ATOM,top20_sharpe|crypto|ATOM,,4,0.057971014492753624,,,72|1.5
rebalance_entry_pair,crypto,ATOM,top20_sharpe|crypto|ATOM,,4,0.057971014492753624,,,72|2.0
rebalance_entry_pair,crypto,ATOM,top20_sharpe|crypto|ATOM,,4,0.057971014492753624,,,72|2.5
rebalance_entry_pair,crypto,ATOM,top20_sharpe|crypto|ATOM,,4,0.057971014492753624,,,72|3.0
full_combo,crypto,ATOM,top20_sharpe|crypto|ATOM,,1,0.014492753623188406,,,168|1.0|0.25
full_combo,crypto,ATOM,top20_sharpe|crypto|ATOM,,1,0.014492753623188406,,,168|1.0|0.5
full_combo,crypto,ATOM,top20_sharpe|crypto|ATOM,,1,0.014492753623188406,,,168|1.0|0.75
full_combo,crypto,ATOM,top20_sharpe|crypto|ATOM,,1,0.014492753623188406,,,168|1.5|0.25
full_combo,crypto,ATOM,top20_sharpe|crypto|ATOM,,1,0.014492753623188406,,,168|1.5|0.5
full_combo,crypto,ATOM,top20_sharpe|crypto|ATOM,,1,0.014492753623188406,,,168|1.5|0.75
full_combo,crypto,ATOM,top20_sharpe|crypto|ATOM,,1,0.014492753623188406,,,168|1.5|1.0
full_combo,crypto,ATOM,top20_sharpe|crypto|ATOM,,1,0.014492753623188406,,,168|2.0|0.25
full_combo,crypto,ATOM,top20_sharpe|crypto|ATOM,,1,0.014492753623188406,,,168|2.0|0.5
full_combo,crypto,ATOM,top20_sharpe|crypto|ATOM,,1,0.014492753623188406,,,168|2.0|0.75
full_combo,crypto,ATOM,top20_sharpe|crypto|ATOM,,1,0.014492753623188406,,,168|2.0|1.0
full_combo,crypto,ATOM,top20_sharpe|crypto|ATOM,,1,0.014492753623188406,,,168|2.5|0.25
full_combo,crypto,ATOM,top20_sharpe|crypto|ATOM,,1,0.014492753623188406,,,168|2.5|0.5
full_combo,crypto,ATOM,top20_sharpe|crypto|ATOM,,1,0.014492753623188406,,,168|2.5|0.75
full_combo,crypto,ATOM,top20_sharpe|crypto|ATOM,,1,0.014492753623188406,,,168|2.5|1.0
full_combo,crypto,ATOM,top20_sharpe|crypto|ATOM,,1,0.014492753623188406,,,168|3.0|0.25
full_combo,crypto,ATOM,top20_sharpe|crypto|ATOM,,1,0.014492753623188406,,,168|3.0|0.5
full_combo,crypto,ATOM,top20_sharpe|crypto|ATOM,,1,0.014492753623188406,,,168|3.0|0.75
full_combo,crypto,ATOM,top20_sharpe|crypto|ATOM,,1,0.014492753623188406,,,168|3.0|1.0
full_combo,crypto,ATOM,top20_sharpe|crypto|ATOM,,1,0.014492753623188406,,,24|1.0|0.25
full_combo,crypto,ATOM,top20_sharpe|crypto|ATOM,,1,0.014492753623188406,,,24|1.0|0.5
full_combo,crypto,ATOM,top20_sharpe|crypto|ATOM,,1,0.014492753623188406,,,24|1.0|0.75
full_combo,crypto,ATOM,top20_sharpe|crypto|ATOM,,1,0.014492753623188406,,,24|1.5|0.25
full_combo,crypto,ATOM,top20_sharpe|crypto|ATOM,,1,0.014492753623188406,,,24|1.5|0.5
full_combo,crypto,ATOM,top20_sharpe|crypto|ATOM,,1,0.014492753623188406,,,24|1.5|0.75
full_combo,crypto,ATOM,top20_sharpe|crypto|ATOM,,1,0.014492753623188406,,,24|1.5|1.0
full_combo,crypto,ATOM,top20_sharpe|crypto|ATOM,,1,0.014492753623188406,,,24|2.0|0.25
full_combo,crypto,ATOM,top20_sharpe|crypto|ATOM,,1,0.014492753623188406,,,24|2.0|0.5
full_combo,crypto,ATOM,top20_sharpe|crypto|ATOM,,1,0.014492753623188406,,,24|2.0|0.75
full_combo,crypto,ATOM,top20_sharpe|crypto|ATOM,,1,0.014492753623188406,,,24|2.0|1.0
full_combo,crypto,ATOM,top20_sharpe|crypto|ATOM,,1,0.014492753623188406,,,24|2.5|0.25
full_combo,crypto,ATOM,top20_sharpe|crypto|ATOM,,1,0.014492753623188406,,,24|2.5|0.5
full_combo,crypto,ATOM,top20_sharpe|crypto|ATOM,,1,0.014492753623188406,,,24|2.5|0.75
full_combo,crypto,ATOM,top20_sharpe|crypto|ATOM,,1,0.014492753623188406,,,24|2.5|1.0
full_combo,crypto,ATOM,top20_sharpe|crypto|ATOM,,1,0.014492753623188406,,,24|3.0|0.25
full_combo,crypto,ATOM,top20_sharpe|crypto|ATOM,,1,0.014492753623188406,,,24|3.0|0.5
full_combo,crypto,ATOM,top20_sharpe|crypto|ATOM,,1,0.014492753623188406,,,24|3.0|0.75
full_combo,crypto,ATOM,top20_sharpe|crypto|ATOM,,1,0.014492753623188406,,,24|3.0|1.0
full_combo,crypto,ATOM,top20_sharpe|crypto|ATOM,,1,0.014492753623188406,,,336|1.0|0.25
full_combo,crypto,ATOM,top20_sharpe|crypto|ATOM,,1,0.014492753623188406,,,336|1.0|0.5
full_combo,crypto,ATOM,top20_sharpe|crypto|ATOM,,1,0.014492753623188406,,,336|1.0|0.75
full_combo,crypto,ATOM,top20_sharpe|crypto|ATOM,,1,0.014492753623188406,,,336|1.5|0.25
full_combo,crypto,ATOM,top20_sharpe|crypto|ATOM,,1,0.014492753623188406,,,336|1.5|0.5
full_combo,crypto,ATOM,top20_sharpe|crypto|ATOM,,1,0.014492753623188406,,,336|1.5|0.75
full_combo,crypto,ATOM,top20_sharpe|crypto|ATOM,,1,0.014492753623188406,,,336|2.0|0.25
full_combo,crypto,ATOM,top20_sharpe|crypto|ATOM,,1,0.014492753623188406,,,336|2.0|0.5
full_combo,crypto,ATOM,top20_sharpe|crypto|ATOM,,1,0.014492753623188406,,,336|2.0|0.75
full_combo,crypto,ATOM,top20_sharpe|crypto|ATOM,,1,0.014492753623188406,,,336|2.5|0.25
full_combo,crypto,ATOM,top20_sharpe|crypto|ATOM,,1,0.014492753623188406,,,336|2.5|0.5
full_combo,crypto,ATOM,top20_sharpe|crypto|ATOM,,1,0.014492753623188406,,,336|3.0|0.25
full_combo,crypto,ATOM,top20_sharpe|crypto|ATOM,,1,0.014492753623188406,,,72|1.0|0.25
full_combo,crypto,ATOM,top20_sharpe|crypto|ATOM,,1,0.014492753623188406,,,72|1.0|0.5
full_combo,crypto,ATOM,top20_sharpe|crypto|ATOM,,1,0.014492753623188406,,,72|1.0|0.75
full_combo,crypto,ATOM,top20_sharpe|crypto|ATOM,,1,0.014492753623188406,,,72|1.5|0.25
full_combo,crypto,ATOM,top20_sharpe|crypto|ATOM,,1,0.014492753623188406,,,72|1.5|0.5
full_combo,crypto,ATOM,top20_sharpe|crypto|ATOM,,1,0.014492753623188406,,,72|1.5|0.75
full_combo,crypto,ATOM,top20_sharpe|crypto|ATOM,,1,0.014492753623188406,,,72|1.5|1.0
full_combo,crypto,ATOM,top20_sharpe|crypto|ATOM,,1,0.014492753623188406,,,72|2.0|0.25
full_combo,crypto,ATOM,top20_sharpe|crypto|ATOM,,1,0.014492753623188406,,,72|2.0|0.5
full_combo,crypto,ATOM,top20_sharpe|crypto|ATOM,,1,0.014492753623188406,,,72|2.0|0.75
full_combo,crypto,ATOM,top20_sharpe|crypto|ATOM,,1,0.014492753623188406,,,72|2.0|1.0
full_combo,crypto,ATOM,top20_sharpe|crypto|ATOM,,1,0.014492753623188406,,,72|2.5|0.25
full_combo,crypto,ATOM,top20_sharpe|crypto|ATOM,,1,0.014492753623188406,,,72|2.5|0.5
full_combo,crypto,ATOM,top20_sharpe|crypto|ATOM,,1,0.014492753623188406,,,72|2.5|0.75
full_combo,crypto,ATOM,top20_sharpe|crypto|ATOM,,1,0.014492753623188406,,,72|2.5|1.0
full_combo,crypto,ATOM,top20_sharpe|crypto|ATOM,,1,0.014492753623188406,,,72|3.0|0.25
full_combo,crypto,ATOM,top20_sharpe|crypto|ATOM,,1,0.014492753623188406,,,72|3.0|0.5
full_combo,crypto,ATOM,top20_sharpe|crypto|ATOM,,1,0.014492753623188406,,,72|3.0|0.75
full_combo,crypto,ATOM,top20_sharpe|crypto|ATOM,,1,0.014492753623188406,,,72|3.0|1.0
rebalance_frequency,crypto,AVAX,top20_sharpe|crypto|AVAX,24.0,17,0.4594594594594595,,,
rebalance_frequency,crypto,AVAX,top20_sharpe|crypto|AVAX,72.0,12,0.32432432432432434,,,
rebalance_frequency,crypto,AVAX,top20_sharpe|crypto|AVAX,168.0,7,0.1891891891891892,,,
rebalance_frequency,crypto,AVAX,top20_sharpe|crypto|AVAX,336.0,1,0.02702702702702703,,,
entry_z,crypto,AVAX,top20_sharpe|crypto|AVAX,,4,0.10810810810810811,1.0,,
entry_z,crypto,AVAX,top20_sharpe|crypto|AVAX,,3,0.08108108108108109,1.5,,
entry_z,crypto,AVAX,top20_sharpe|crypto|AVAX,,9,0.24324324324324326,2.0,,
entry_z,crypto,AVAX,top20_sharpe|crypto|AVAX,,11,0.2972972972972973,2.5,,
entry_z,crypto,AVAX,top20_sharpe|crypto|AVAX,,10,0.2702702702702703,3.0,,
exit_z,crypto,AVAX,top20_sharpe|crypto|AVAX,,8,0.21621621621621623,,0.25,
exit_z,crypto,AVAX,top20_sharpe|crypto|AVAX,,12,0.32432432432432434,,0.5,
exit_z,crypto,AVAX,top20_sharpe|crypto|AVAX,,11,0.2972972972972973,,0.75,
exit_z,crypto,AVAX,top20_sharpe|crypto|AVAX,,6,0.16216216216216217,,1.0,
entry_exit_pair,crypto,AVAX,top20_sharpe|crypto|AVAX,,1,0.02702702702702703,,,1.0|0.25
entry_exit_pair,crypto,AVAX,top20_sharpe|crypto|AVAX,,2,0.05405405405405406,,,1.0|0.5
entry_exit_pair,crypto,AVAX,top20_sharpe|crypto|AVAX,,1,0.02702702702702703,,,1.0|0.75
entry_exit_pair,crypto,AVAX,top20_sharpe|crypto|AVAX,,1,0.02702702702702703,,,1.5|0.25
entry_exit_pair,crypto,AVAX,top20_sharpe|crypto|AVAX,,1,0.02702702702702703,,,1.5|0.5
entry_exit_pair,crypto,AVAX,top20_sharpe|crypto|AVAX,,1,0.02702702702702703,,,1.5|0.75
entry_exit_pair,crypto,AVAX,top20_sharpe|crypto|AVAX,,2,0.05405405405405406,,,2.0|0.25
entry_exit_pair,crypto,AVAX,top20_sharpe|crypto|AVAX,,3,0.08108108108108109,,,2.0|0.5
entry_exit_pair,crypto,AVAX,top20_sharpe|crypto|AVAX,,3,0.08108108108108109,,,2.0|0.75
entry_exit_pair,crypto,AVAX,top20_sharpe|crypto|AVAX,,1,0.02702702702702703,,,2.0|1.0
entry_exit_pair,crypto,AVAX,top20_sharpe|crypto|AVAX,,2,0.05405405405405406,,,2.5|0.25
entry_exit_pair,crypto,AVAX,top20_sharpe|crypto|AVAX,,3,0.08108108108108109,,,2.5|0.5
entry_exit_pair,crypto,AVAX,top20_sharpe|crypto|AVAX,,3,0.08108108108108109,,,2.5|0.75
entry_exit_pair,crypto,AVAX,top20_sharpe|crypto|AVAX,,3,0.08108108108108109,,,2.5|1.0
entry_exit_pair,crypto,AVAX,top20_sharpe|crypto|AVAX,,2,0.05405405405405406,,,3.0|0.25
entry_exit_pair,crypto,AVAX,top20_sharpe|crypto|AVAX,,3,0.08108108108108109,,,3.0|0.5
entry_exit_pair,crypto,AVAX,top20_sharpe|crypto|AVAX,,3,0.08108108108108109,,,3.0|0.75
entry_exit_pair,crypto,AVAX,top20_sharpe|crypto|AVAX,,2,0.05405405405405406,,,3.0|1.0
rebalance_entry_pair,crypto,AVAX,top20_sharpe|crypto|AVAX,,1,0.02702702702702703,,,168|2.0
rebalance_entry_pair,crypto,AVAX,top20_sharpe|crypto|AVAX,,3,0.08108108108108109,,,168|2.5
rebalance_entry_pair,crypto,AVAX,top20_sharpe|crypto|AVAX,,3,0.08108108108108109,,,168|3.0
rebalance_entry_pair,crypto,AVAX,top20_sharpe|crypto|AVAX,,3,0.08108108108108109,,,24|1.0
rebalance_entry_pair,crypto,AVAX,top20_sharpe|crypto|AVAX,,3,0.08108108108108109,,,24|1.5
rebalance_entry_pair,crypto,AVAX,top20_sharpe|crypto|AVAX,,3,0.08108108108108109,,,24|2.0
rebalance_entry_pair,crypto,AVAX,top20_sharpe|crypto|AVAX,,4,0.10810810810810811,,,24|2.5
rebalance_entry_pair,crypto,AVAX,top20_sharpe|crypto|AVAX,,4,0.10810810810810811,,,24|3.0
rebalance_entry_pair,crypto,AVAX,top20_sharpe|crypto|AVAX,,1,0.02702702702702703,,,336|2.0
rebalance_entry_pair,crypto,AVAX,top20_sharpe|crypto|AVAX,,1,0.02702702702702703,,,72|1.0
rebalance_entry_pair,crypto,AVAX,top20_sharpe|crypto|AVAX,,4,0.10810810810810811,,,72|2.0
rebalance_entry_pair,crypto,AVAX,top20_sharpe|crypto|AVAX,,4,0.10810810810810811,,,72|2.5
rebalance_entry_pair,crypto,AVAX,top20_sharpe|crypto|AVAX,,3,0.08108108108108109,,,72|3.0
full_combo,crypto,AVAX,top20_sharpe|crypto|AVAX,,1,0.02702702702702703,,,168|2.0|0.75
full_combo,crypto,AVAX,top20_sharpe|crypto|AVAX,,1,0.02702702702702703,,,168|2.5|0.5
full_combo,crypto,AVAX,top20_sharpe|crypto|AVAX,,1,0.02702702702702703,,,168|2.5|0.75
full_combo,crypto,AVAX,top20_sharpe|crypto|AVAX,,1,0.02702702702702703,,,168|2.5|1.0
full_combo,crypto,AVAX,top20_sharpe|crypto|AVAX,,1,0.02702702702702703,,,168|3.0|0.5
full_combo,crypto,AVAX,top20_sharpe|crypto|AVAX,,1,0.02702702702702703,,,168|3.0|0.75
full_combo,crypto,AVAX,top20_sharpe|crypto|AVAX,,1,0.02702702702702703,,,168|3.0|1.0
full_combo,crypto,AVAX,top20_sharpe|crypto|AVAX,,1,0.02702702702702703,,,24|1.0|0.25
full_combo,crypto,AVAX,top20_sharpe|crypto|AVAX,,1,0.02702702702702703,,,24|1.0|0.5
full_combo,crypto,AVAX,top20_sharpe|crypto|AVAX,,1,0.02702702702702703,,,24|1.0|0.75
full_combo,crypto,AVAX,top20_sharpe|crypto|AVAX,,1,0.02702702702702703,,,24|1.5|0.25
full_combo,crypto,AVAX,top20_sharpe|crypto|AVAX,,1,0.02702702702702703,,,24|1.5|0.5
full_combo,crypto,AVAX,top20_sharpe|crypto|AVAX,,1,0.02702702702702703,,,24|1.5|0.75
full_combo,crypto,AVAX,top20_sharpe|crypto|AVAX,,1,0.02702702702702703,,,24|2.0|0.25
full_combo,crypto,AVAX,top20_sharpe|crypto|AVAX,,1,0.02702702702702703,,,24|2.0|0.5
full_combo,crypto,AVAX,top20_sharpe|crypto|AVAX,,1,0.02702702702702703,,,24|2.0|0.75
full_combo,crypto,AVAX,top20_sharpe|crypto|AVAX,,1,0.02702702702702703,,,24|2.5|0.25
full_combo,crypto,AVAX,top20_sharpe|crypto|AVAX,,1,0.02702702702702703,,,24|2.5|0.5
full_combo,crypto,AVAX,top20_sharpe|crypto|AVAX,,1,0.02702702702702703,,,24|2.5|0.75
full_combo,crypto,AVAX,top20_sharpe|crypto|AVAX,,1,0.02702702702702703,,,24|2.5|1.0
full_combo,crypto,AVAX,top20_sharpe|crypto|AVAX,,1,0.02702702702702703,,,24|3.0|0.25
full_combo,crypto,AVAX,top20_sharpe|crypto|AVAX,,1,0.02702702702702703,,,24|3.0|0.5
full_combo,crypto,AVAX,top20_sharpe|crypto|AVAX,,1,0.02702702702702703,,,24|3.0|0.75
full_combo,crypto,AVAX,top20_sharpe|crypto|AVAX,,1,0.02702702702702703,,,24|3.0|1.0
full_combo,crypto,AVAX,top20_sharpe|crypto|AVAX,,1,0.02702702702702703,,,336|2.0|0.5
full_combo,crypto,AVAX,top20_sharpe|crypto|AVAX,,1,0.02702702702702703,,,72|1.0|0.5
full_combo,crypto,AVAX,top20_sharpe|crypto|AVAX,,1,0.02702702702702703,,,72|2.0|0.25
full_combo,crypto,AVAX,top20_sharpe|crypto|AVAX,,1,0.02702702702702703,,,72|2.0|0.5
full_combo,crypto,AVAX,top20_sharpe|crypto|AVAX,,1,0.02702702702702703,,,72|2.0|0.75
full_combo,crypto,AVAX,top20_sharpe|crypto|AVAX,,1,0.02702702702702703,,,72|2.0|1.0
full_combo,crypto,AVAX,top20_sharpe|crypto|AVAX,,1,0.02702702702702703,,,72|2.5|0.25
full_combo,crypto,AVAX,top20_sharpe|crypto|AVAX,,1,0.02702702702702703,,,72|2.5|0.5
full_combo,crypto,AVAX,top20_sharpe|crypto|AVAX,,1,0.02702702702702703,,,72|2.5|0.75
full_combo,crypto,AVAX,top20_sharpe|crypto|AVAX,,1,0.02702702702702703,,,72|2.5|1.0
full_combo,crypto,AVAX,top20_sharpe|crypto|AVAX,,1,0.02702702702702703,,,72|3.0|0.25
full_combo,crypto,AVAX,top20_sharpe|crypto|AVAX,,1,0.02702702702702703,,,72|3.0|0.5
full_combo,crypto,AVAX,top20_sharpe|crypto|AVAX,,1,0.02702702702702703,,,72|3.0|0.75
rebalance_frequency,crypto,BNB,top20_sharpe|crypto|BNB,24.0,13,0.6190476190476191,,,
rebalance_frequency,crypto,BNB,top20_sharpe|crypto|BNB,72.0,4,0.19047619047619047,,,
rebalance_frequency,crypto,BNB,top20_sharpe|crypto|BNB,168.0,4,0.19047619047619047,,,
entry_z,crypto,BNB,top20_sharpe|crypto|BNB,,4,0.19047619047619047,1.5,,
entry_z,crypto,BNB,top20_sharpe|crypto|BNB,,7,0.3333333333333333,2.0,,
entry_z,crypto,BNB,top20_sharpe|crypto|BNB,,6,0.2857142857142857,2.5,,
entry_z,crypto,BNB,top20_sharpe|crypto|BNB,,4,0.19047619047619047,3.0,,
exit_z,crypto,BNB,top20_sharpe|crypto|BNB,,6,0.2857142857142857,,0.25,
exit_z,crypto,BNB,top20_sharpe|crypto|BNB,,3,0.14285714285714285,,0.5,
exit_z,crypto,BNB,top20_sharpe|crypto|BNB,,5,0.23809523809523808,,0.75,
exit_z,crypto,BNB,top20_sharpe|crypto|BNB,,7,0.3333333333333333,,1.0,
entry_exit_pair,crypto,BNB,top20_sharpe|crypto|BNB,,2,0.09523809523809523,,,1.5|0.25
entry_exit_pair,crypto,BNB,top20_sharpe|crypto|BNB,,1,0.047619047619047616,,,1.5|0.75
entry_exit_pair,crypto,BNB,top20_sharpe|crypto|BNB,,1,0.047619047619047616,,,1.5|1.0
entry_exit_pair,crypto,BNB,top20_sharpe|crypto|BNB,,1,0.047619047619047616,,,2.0|0.25
entry_exit_pair,crypto,BNB,top20_sharpe|crypto|BNB,,1,0.047619047619047616,,,2.0|0.5
entry_exit_pair,crypto,BNB,top20_sharpe|crypto|BNB,,2,0.09523809523809523,,,2.0|0.75
entry_exit_pair,crypto,BNB,top20_sharpe|crypto|BNB,,3,0.14285714285714285,,,2.0|1.0
entry_exit_pair,crypto,BNB,top20_sharpe|crypto|BNB,,2,0.09523809523809523,,,2.5|0.25
entry_exit_pair,crypto,BNB,top20_sharpe|crypto|BNB,,1,0.047619047619047616,,,2.5|0.5
entry_exit_pair,crypto,BNB,top20_sharpe|crypto|BNB,,1,0.047619047619047616,,,2.5|0.75
entry_exit_pair,crypto,BNB,top20_sharpe|crypto|BNB,,2,0.09523809523809523,,,2.5|1.0
entry_exit_pair,crypto,BNB,top20_sharpe|crypto|BNB,,1,0.047619047619047616,,,3.0|0.25
entry_exit_pair,crypto,BNB,top20_sharpe|crypto|BNB,,1,0.047619047619047616,,,3.0|0.5
entry_exit_pair,crypto,BNB,top20_sharpe|crypto|BNB,,1,0.047619047619047616,,,3.0|0.75
entry_exit_pair,crypto,BNB,top20_sharpe|crypto|BNB,,1,0.047619047619047616,,,3.0|1.0
rebalance_entry_pair,crypto,BNB,top20_sharpe|crypto|BNB,,2,0.09523809523809523,,,168|1.5
rebalance_entry_pair,crypto,BNB,top20_sharpe|crypto|BNB,,2,0.09523809523809523,,,168|2.0
rebalance_entry_pair,crypto,BNB,top20_sharpe|crypto|BNB,,1,0.047619047619047616,,,24|1.5
rebalance_entry_pair,crypto,BNB,top20_sharpe|crypto|BNB,,4,0.19047619047619047,,,24|2.0
rebalance_entry_pair,crypto,BNB,top20_sharpe|crypto|BNB,,4,0.19047619047619047,,,24|2.5
rebalance_entry_pair,crypto,BNB,top20_sharpe|crypto|BNB,,4,0.19047619047619047,,,24|3.0
rebalance_entry_pair,crypto,BNB,top20_sharpe|crypto|BNB,,1,0.047619047619047616,,,72|1.5
rebalance_entry_pair,crypto,BNB,top20_sharpe|crypto|BNB,,1,0.047619047619047616,,,72|2.0
rebalance_entry_pair,crypto,BNB,top20_sharpe|crypto|BNB,,2,0.09523809523809523,,,72|2.5
full_combo,crypto,BNB,top20_sharpe|crypto|BNB,,1,0.047619047619047616,,,168|1.5|0.75
full_combo,crypto,BNB,top20_sharpe|crypto|BNB,,1,0.047619047619047616,,,168|1.5|1.0
full_combo,crypto,BNB,top20_sharpe|crypto|BNB,,1,0.047619047619047616,,,168|2.0|0.75
full_combo,crypto,BNB,top20_sharpe|crypto|BNB,,1,0.047619047619047616,,,168|2.0|1.0
full_combo,crypto,BNB,top20_sharpe|crypto|BNB,,1,0.047619047619047616,,,24|1.5|0.25
full_combo,crypto,BNB,top20_sharpe|crypto|BNB,,1,0.047619047619047616,,,24|2.0|0.25
full_combo,crypto,BNB,top20_sharpe|crypto|BNB,,1,0.047619047619047616,,,24|2.0|0.5
full_combo,crypto,BNB,top20_sharpe|crypto|BNB,,1,0.047619047619047616,,,24|2.0|0.75
full_combo,crypto,BNB,top20_sharpe|crypto|BNB,,1,0.047619047619047616,,,24|2.0|1.0
full_combo,crypto,BNB,top20_sharpe|crypto|BNB,,1,0.047619047619047616,,,24|2.5|0.25
full_combo,crypto,BNB,top20_sharpe|crypto|BNB,,1,0.047619047619047616,,,24|2.5|0.5
full_combo,crypto,BNB,top20_sharpe|crypto|BNB,,1,0.047619047619047616,,,24|2.5|0.75
full_combo,crypto,BNB,top20_sharpe|crypto|BNB,,1,0.047619047619047616,,,24|2.5|1.0
full_combo,crypto,BNB,top20_sharpe|crypto|BNB,,1,0.047619047619047616,,,24|3.0|0.25
full_combo,crypto,BNB,top20_sharpe|crypto|BNB,,1,0.047619047619047616,,,24|3.0|0.5
full_combo,crypto,BNB,top20_sharpe|crypto|BNB,,1,0.047619047619047616,,,24|3.0|0.75
full_combo,crypto,BNB,top20_sharpe|crypto|BNB,,1,0.047619047619047616,,,24|3.0|1.0
full_combo,crypto,BNB,top20_sharpe|crypto|BNB,,1,0.047619047619047616,,,72|1.5|0.25
full_combo,crypto,BNB,top20_sharpe|crypto|BNB,,1,0.047619047619047616,,,72|2.0|1.0
full_combo,crypto,BNB,top20_sharpe|crypto|BNB,,1,0.047619047619047616,,,72|2.5|0.25
full_combo,crypto,BNB,top20_sharpe|crypto|BNB,,1,0.047619047619047616,,,72|2.5|1.0
rebalance_frequency,crypto,BTC,top20_sharpe|crypto|BTC,24.0,7,0.5833333333333334,,,
rebalance_frequency,crypto,BTC,top20_sharpe|crypto|BTC,72.0,4,0.3333333333333333,,,
rebalance_frequency,crypto,BTC,top20_sharpe|crypto|BTC,336.0,1,0.08333333333333333,,,
entry_z,crypto,BTC,top20_sharpe|crypto|BTC,,2,0.16666666666666666,1.0,,
entry_z,crypto,BTC,top20_sharpe|crypto|BTC,,1,0.08333333333333333,2.0,,
entry_z,crypto,BTC,top20_sharpe|crypto|BTC,,5,0.4166666666666667,2.5,,
entry_z,crypto,BTC,top20_sharpe|crypto|BTC,,4,0.3333333333333333,3.0,,
exit_z,crypto,BTC,top20_sharpe|crypto|BTC,,6,0.5,,0.25,
exit_z,crypto,BTC,top20_sharpe|crypto|BTC,,4,0.3333333333333333,,0.5,
exit_z,crypto,BTC,top20_sharpe|crypto|BTC,,2,0.16666666666666666,,0.75,
entry_exit_pair,crypto,BTC,top20_sharpe|crypto|BTC,,2,0.16666666666666666,,,1.0|0.25
entry_exit_pair,crypto,BTC,top20_sharpe|crypto|BTC,,1,0.08333333333333333,,,2.0|0.25
entry_exit_pair,crypto,BTC,top20_sharpe|crypto|BTC,,2,0.16666666666666666,,,2.5|0.25
entry_exit_pair,crypto,BTC,top20_sharpe|crypto|BTC,,2,0.16666666666666666,,,2.5|0.5
entry_exit_pair,crypto,BTC,top20_sharpe|crypto|BTC,,1,0.08333333333333333,,,2.5|0.75
entry_exit_pair,crypto,BTC,top20_sharpe|crypto|BTC,,1,0.08333333333333333,,,3.0|0.25
entry_exit_pair,crypto,BTC,top20_sharpe|crypto|BTC,,2,0.16666666666666666,,,3.0|0.5
entry_exit_pair,crypto,BTC,top20_sharpe|crypto|BTC,,1,0.08333333333333333,,,3.0|0.75
rebalance_entry_pair,crypto,BTC,top20_sharpe|crypto|BTC,,1,0.08333333333333333,,,24|1.0
rebalance_entry_pair,crypto,BTC,top20_sharpe|crypto|BTC,,1,0.08333333333333333,,,24|2.0
rebalance_entry_pair,crypto,BTC,top20_sharpe|crypto|BTC,,2,0.16666666666666666,,,24|2.5
rebalance_entry_pair,crypto,BTC,top20_sharpe|crypto|BTC,,3,0.25,,,24|3.0
rebalance_entry_pair,crypto,BTC,top20_sharpe|crypto|BTC,,1,0.08333333333333333,,,336|1.0
rebalance_entry_pair,crypto,BTC,top20_sharpe|crypto|BTC,,3,0.25,,,72|2.5
rebalance_entry_pair,crypto,BTC,top20_sharpe|crypto|BTC,,1,0.08333333333333333,,,72|3.0
full_combo,crypto,BTC,top20_sharpe|crypto|BTC,,1,0.08333333333333333,,,24|1.0|0.25
full_combo,crypto,BTC,top20_sharpe|crypto|BTC,,1,0.08333333333333333,,,24|2.0|0.25
full_combo,crypto,BTC,top20_sharpe|crypto|BTC,,1,0.08333333333333333,,,24|2.5|0.25
full_combo,crypto,BTC,top20_sharpe|crypto|BTC,,1,0.08333333333333333,,,24|2.5|0.5
full_combo,crypto,BTC,top20_sharpe|crypto|BTC,,1,0.08333333333333333,,,24|3.0|0.25
full_combo,crypto,BTC,top20_sharpe|crypto|BTC,,1,0.08333333333333333,,,24|3.0|0.5
full_combo,crypto,BTC,top20_sharpe|crypto|BTC,,1,0.08333333333333333,,,24|3.0|0.75
full_combo,crypto,BTC,top20_sharpe|crypto|BTC,,1,0.08333333333333333,,,336|1.0|0.25
full_combo,crypto,BTC,top20_sharpe|crypto|BTC,,1,0.08333333333333333,,,72|2.5|0.25
full_combo,crypto,BTC,top20_sharpe|crypto|BTC,,1,0.08333333333333333,,,72|2.5|0.5
full_combo,crypto,BTC,top20_sharpe|crypto|BTC,,1,0.08333333333333333,,,72|2.5|0.75
full_combo,crypto,BTC,top20_sharpe|crypto|BTC,,1,0.08333333333333333,,,72|3.0|0.5
rebalance_frequency,crypto,ETH,top20_sharpe|crypto|ETH,24.0,9,0.45,,,
rebalance_frequency,crypto,ETH,top20_sharpe|crypto|ETH,72.0,6,0.3,,,
rebalance_frequency,crypto,ETH,top20_sharpe|crypto|ETH,168.0,5,0.25,,,
entry_z,crypto,ETH,top20_sharpe|crypto|ETH,,1,0.05,1.5,,
entry_z,crypto,ETH,top20_sharpe|crypto|ETH,,1,0.05,2.0,,
entry_z,crypto,ETH,top20_sharpe|crypto|ETH,,8,0.4,2.5,,
entry_z,crypto,ETH,top20_sharpe|crypto|ETH,,10,0.5,3.0,,
exit_z,crypto,ETH,top20_sharpe|crypto|ETH,,8,0.4,,0.25,
exit_z,crypto,ETH,top20_sharpe|crypto|ETH,,6,0.3,,0.5,
exit_z,crypto,ETH,top20_sharpe|crypto|ETH,,4,0.2,,0.75,
exit_z,crypto,ETH,top20_sharpe|crypto|ETH,,2,0.1,,1.0,
entry_exit_pair,crypto,ETH,top20_sharpe|crypto|ETH,,1,0.05,,,1.5|0.25
entry_exit_pair,crypto,ETH,top20_sharpe|crypto|ETH,,1,0.05,,,2.0|0.25
entry_exit_pair,crypto,ETH,top20_sharpe|crypto|ETH,,3,0.15,,,2.5|0.25
entry_exit_pair,crypto,ETH,top20_sharpe|crypto|ETH,,3,0.15,,,2.5|0.5
entry_exit_pair,crypto,ETH,top20_sharpe|crypto|ETH,,2,0.1,,,2.5|0.75
entry_exit_pair,crypto,ETH,top20_sharpe|crypto|ETH,,3,0.15,,,3.0|0.25
entry_exit_pair,crypto,ETH,top20_sharpe|crypto|ETH,,3,0.15,,,3.0|0.5
entry_exit_pair,crypto,ETH,top20_sharpe|crypto|ETH,,2,0.1,,,3.0|0.75
entry_exit_pair,crypto,ETH,top20_sharpe|crypto|ETH,,2,0.1,,,3.0|1.0
rebalance_entry_pair,crypto,ETH,top20_sharpe|crypto|ETH,,3,0.15,,,168|2.5
rebalance_entry_pair,crypto,ETH,top20_sharpe|crypto|ETH,,2,0.1,,,168|3.0
rebalance_entry_pair,crypto,ETH,top20_sharpe|crypto|ETH,,1,0.05,,,24|1.5
rebalance_entry_pair,crypto,ETH,top20_sharpe|crypto|ETH,,1,0.05,,,24|2.0
rebalance_entry_pair,crypto,ETH,top20_sharpe|crypto|ETH,,3,0.15,,,24|2.5
rebalance_entry_pair,crypto,ETH,top20_sharpe|crypto|ETH,,4,0.2,,,24|3.0
rebalance_entry_pair,crypto,ETH,top20_sharpe|crypto|ETH,,2,0.1,,,72|2.5
rebalance_entry_pair,crypto,ETH,top20_sharpe|crypto|ETH,,4,0.2,,,72|3.0
full_combo,crypto,ETH,top20_sharpe|crypto|ETH,,1,0.05,,,168|2.5|0.25
full_combo,crypto,ETH,top20_sharpe|crypto|ETH,,1,0.05,,,168|2.5|0.5
full_combo,crypto,ETH,top20_sharpe|crypto|ETH,,1,0.05,,,168|2.5|0.75
full_combo,crypto,ETH,top20_sharpe|crypto|ETH,,1,0.05,,,168|3.0|0.25
full_combo,crypto,ETH,top20_sharpe|crypto|ETH,,1,0.05,,,168|3.0|0.5
full_combo,crypto,ETH,top20_sharpe|crypto|ETH,,1,0.05,,,24|1.5|0.25
full_combo,crypto,ETH,top20_sharpe|crypto|ETH,,1,0.05,,,24|2.0|0.25
full_combo,crypto,ETH,top20_sharpe|crypto|ETH,,1,0.05,,,24|2.5|0.25
full_combo,crypto,ETH,top20_sharpe|crypto|ETH,,1,0.05,,,24|2.5|0.5
full_combo,crypto,ETH,top20_sharpe|crypto|ETH,,1,0.05,,,24|2.5|0.75
full_combo,crypto,ETH,top20_sharpe|crypto|ETH,,1,0.05,,,24|3.0|0.25
full_combo,crypto,ETH,top20_sharpe|crypto|ETH,,1,0.05,,,24|3.0|0.5
full_combo,crypto,ETH,top20_sharpe|crypto|ETH,,1,0.05,,,24|3.0|0.75
full_combo,crypto,ETH,top20_sharpe|crypto|ETH,,1,0.05,,,24|3.0|1.0
full_combo,crypto,ETH,top20_sharpe|crypto|ETH,,1,0.05,,,72|2.5|0.25
full_combo,crypto,ETH,top20_sharpe|crypto|ETH,,1,0.05,,,72|2.5|0.5
full_combo,crypto,ETH,top20_sharpe|crypto|ETH,,1,0.05,,,72|3.0|0.25
full_combo,crypto,ETH,top20_sharpe|crypto|ETH,,1,0.05,,,72|3.0|0.5
full_combo,crypto,ETH,top20_sharpe|crypto|ETH,,1,0.05,,,72|3.0|0.75
full_combo,crypto,ETH,top20_sharpe|crypto|ETH,,1,0.05,,,72|3.0|1.0
rebalance_frequency,crypto,LINK,top20_sharpe|crypto|LINK,24.0,17,0.4146341463414634,,,
rebalance_frequency,crypto,LINK,top20_sharpe|crypto|LINK,72.0,15,0.36585365853658536,,,
rebalance_frequency,crypto,LINK,top20_sharpe|crypto|LINK,168.0,5,0.12195121951219512,,,
rebalance_frequency,crypto,LINK,top20_sharpe|crypto|LINK,336.0,4,0.0975609756097561,,,
entry_z,crypto,LINK,top20_sharpe|crypto|LINK,,9,0.21951219512195122,1.0,,
entry_z,crypto,LINK,top20_sharpe|crypto|LINK,,13,0.3170731707317073,1.5,,
entry_z,crypto,LINK,top20_sharpe|crypto|LINK,,7,0.17073170731707318,2.0,,
entry_z,crypto,LINK,top20_sharpe|crypto|LINK,,6,0.14634146341463414,2.5,,
entry_z,crypto,LINK,top20_sharpe|crypto|LINK,,6,0.14634146341463414,3.0,,
exit_z,crypto,LINK,top20_sharpe|crypto|LINK,,14,0.34146341463414637,,0.25,
exit_z,crypto,LINK,top20_sharpe|crypto|LINK,,13,0.3170731707317073,,0.5,
exit_z,crypto,LINK,top20_sharpe|crypto|LINK,,11,0.2682926829268293,,0.75,
exit_z,crypto,LINK,top20_sharpe|crypto|LINK,,3,0.07317073170731707,,1.0,
entry_exit_pair,crypto,LINK,top20_sharpe|crypto|LINK,,4,0.0975609756097561,,,1.0|0.25
entry_exit_pair,crypto,LINK,top20_sharpe|crypto|LINK,,3,0.07317073170731707,,,1.0|0.5
entry_exit_pair,crypto,LINK,top20_sharpe|crypto|LINK,,2,0.04878048780487805,,,1.0|0.75
entry_exit_pair,crypto,LINK,top20_sharpe|crypto|LINK,,4,0.0975609756097561,,,1.5|0.25
entry_exit_pair,crypto,LINK,top20_sharpe|crypto|LINK,,4,0.0975609756097561,,,1.5|0.5
entry_exit_pair,crypto,LINK,top20_sharpe|crypto|LINK,,3,0.07317073170731707,,,1.5|0.75
entry_exit_pair,crypto,LINK,top20_sharpe|crypto|LINK,,2,0.04878048780487805,,,1.5|1.0
entry_exit_pair,crypto,LINK,top20_sharpe|crypto|LINK,,2,0.04878048780487805,,,2.0|0.25
entry_exit_pair,crypto,LINK,top20_sharpe|crypto|LINK,,2,0.04878048780487805,,,2.0|0.5
entry_exit_pair,crypto,LINK,top20_sharpe|crypto|LINK,,2,0.04878048780487805,,,2.0|0.75
entry_exit_pair,crypto,LINK,top20_sharpe|crypto|LINK,,1,0.024390243902439025,,,2.0|1.0
entry_exit_pair,crypto,LINK,top20_sharpe|crypto|LINK,,2,0.04878048780487805,,,2.5|0.25
entry_exit_pair,crypto,LINK,top20_sharpe|crypto|LINK,,2,0.04878048780487805,,,2.5|0.5
entry_exit_pair,crypto,LINK,top20_sharpe|crypto|LINK,,2,0.04878048780487805,,,2.5|0.75
entry_exit_pair,crypto,LINK,top20_sharpe|crypto|LINK,,2,0.04878048780487805,,,3.0|0.25
entry_exit_pair,crypto,LINK,top20_sharpe|crypto|LINK,,2,0.04878048780487805,,,3.0|0.5
entry_exit_pair,crypto,LINK,top20_sharpe|crypto|LINK,,2,0.04878048780487805,,,3.0|0.75
rebalance_entry_pair,crypto,LINK,top20_sharpe|crypto|LINK,,1,0.024390243902439025,,,168|1.0
rebalance_entry_pair,crypto,LINK,top20_sharpe|crypto|LINK,,4,0.0975609756097561,,,168|1.5
rebalance_entry_pair,crypto,LINK,top20_sharpe|crypto|LINK,,3,0.07317073170731707,,,24|1.0
rebalance_entry_pair,crypto,LINK,top20_sharpe|crypto|LINK,,4,0.0975609756097561,,,24|1.5
rebalance_entry_pair,crypto,LINK,top20_sharpe|crypto|LINK,,4,0.0975609756097561,,,24|2.0
rebalance_entry_pair,crypto,LINK,top20_sharpe|crypto|LINK,,3,0.07317073170731707,,,24|2.5
rebalance_entry_pair,crypto,LINK,top20_sharpe|crypto|LINK,,3,0.07317073170731707,,,24|3.0
rebalance_entry_pair,crypto,LINK,top20_sharpe|crypto|LINK,,2,0.04878048780487805,,,336|1.0
rebalance_entry_pair,crypto,LINK,top20_sharpe|crypto|LINK,,2,0.04878048780487805,,,336|1.5
rebalance_entry_pair,crypto,LINK,top20_sharpe|crypto|LINK,,3,0.07317073170731707,,,72|1.0
rebalance_entry_pair,crypto,LINK,top20_sharpe|crypto|LINK,,3,0.07317073170731707,,,72|1.5
rebalance_entry_pair,crypto,LINK,top20_sharpe|crypto|LINK,,3,0.07317073170731707,,,72|2.0
rebalance_entry_pair,crypto,LINK,top20_sharpe|crypto|LINK,,3,0.07317073170731707,,,72|2.5
rebalance_entry_pair,crypto,LINK,top20_sharpe|crypto|LINK,,3,0.07317073170731707,,,72|3.0
full_combo,crypto,LINK,top20_sharpe|crypto|LINK,,1,0.024390243902439025,,,168|1.0|0.25
full_combo,crypto,LINK,top20_sharpe|crypto|LINK,,1,0.024390243902439025,,,168|1.5|0.25
full_combo,crypto,LINK,top20_sharpe|crypto|LINK,,1,0.024390243902439025,,,168|1.5|0.5
full_combo,crypto,LINK,top20_sharpe|crypto|LINK,,1,0.024390243902439025,,,168|1.5|0.75
full_combo,crypto,LINK,top20_sharpe|crypto|LINK,,1,0.024390243902439025,,,168|1.5|1.0
full_combo,crypto,LINK,top20_sharpe|crypto|LINK,,1,0.024390243902439025,,,24|1.0|0.25
full_combo,crypto,LINK,top20_sharpe|crypto|LINK,,1,0.024390243902439025,,,24|1.0|0.5
full_combo,crypto,LINK,top20_sharpe|crypto|LINK,,1,0.024390243902439025,,,24|1.0|0.75
full_combo,crypto,LINK,top20_sharpe|crypto|LINK,,1,0.024390243902439025,,,24|1.5|0.25
full_combo,crypto,LINK,top20_sharpe|crypto|LINK,,1,0.024390243902439025,,,24|1.5|0.5
full_combo,crypto,LINK,top20_sharpe|crypto|LINK,,1,0.024390243902439025,,,24|1.5|0.75
full_combo,crypto,LINK,top20_sharpe|crypto|LINK,,1,0.024390243902439025,,,24|1.5|1.0
full_combo,crypto,LINK,top20_sharpe|crypto|LINK,,1,0.024390243902439025,,,24|2.0|0.25
full_combo,crypto,LINK,top20_sharpe|crypto|LINK,,1,0.024390243902439025,,,24|2.0|0.5
full_combo,crypto,LINK,top20_sharpe|crypto|LINK,,1,0.024390243902439025,,,24|2.0|0.75
full_combo,crypto,LINK,top20_sharpe|crypto|LINK,,1,0.024390243902439025,,,24|2.0|1.0
full_combo,crypto,LINK,top20_sharpe|crypto|LINK,,1,0.024390243902439025,,,24|2.5|0.25
full_combo,crypto,LINK,top20_sharpe|crypto|LINK,,1,0.024390243902439025,,,24|2.5|0.5
full_combo,crypto,LINK,top20_sharpe|crypto|LINK,,1,0.024390243902439025,,,24|2.5|0.75
full_combo,crypto,LINK,top20_sharpe|crypto|LINK,,1,0.024390243902439025,,,24|3.0|0.25
full_combo,crypto,LINK,top20_sharpe|crypto|LINK,,1,0.024390243902439025,,,24|3.0|0.5
full_combo,crypto,LINK,top20_sharpe|crypto|LINK,,1,0.024390243902439025,,,24|3.0|0.75
full_combo,crypto,LINK,top20_sharpe|crypto|LINK,,1,0.024390243902439025,,,336|1.0|0.25
full_combo,crypto,LINK,top20_sharpe|crypto|LINK,,1,0.024390243902439025,,,336|1.0|0.5
full_combo,crypto,LINK,top20_sharpe|crypto|LINK,,1,0.024390243902439025,,,336|1.5|0.25
full_combo,crypto,LINK,top20_sharpe|crypto|LINK,,1,0.024390243902439025,,,336|1.5|0.5
full_combo,crypto,LINK,top20_sharpe|crypto|LINK,,1,0.024390243902439025,,,72|1.0|0.25
full_combo,crypto,LINK,top20_sharpe|crypto|LINK,,1,0.024390243902439025,,,72|1.0|0.5
full_combo,crypto,LINK,top20_sharpe|crypto|LINK,,1,0.024390243902439025,,,72|1.0|0.75
full_combo,crypto,LINK,top20_sharpe|crypto|LINK,,1,0.024390243902439025,,,72|1.5|0.25
full_combo,crypto,LINK,top20_sharpe|crypto|LINK,,1,0.024390243902439025,,,72|1.5|0.5
full_combo,crypto,LINK,top20_sharpe|crypto|LINK,,1,0.024390243902439025,,,72|1.5|0.75
full_combo,crypto,LINK,top20_sharpe|crypto|LINK,,1,0.024390243902439025,,,72|2.0|0.25
full_combo,crypto,LINK,top20_sharpe|crypto|LINK,,1,0.024390243902439025,,,72|2.0|0.5
full_combo,crypto,LINK,top20_sharpe|crypto|LINK,,1,0.024390243902439025,,,72|2.0|0.75
full_combo,crypto,LINK,top20_sharpe|crypto|LINK,,1,0.024390243902439025,,,72|2.5|0.25
full_combo,crypto,LINK,top20_sharpe|crypto|LINK,,1,0.024390243902439025,,,72|2.5|0.5
full_combo,crypto,LINK,top20_sharpe|crypto|LINK,,1,0.024390243902439025,,,72|2.5|0.75
full_combo,crypto,LINK,top20_sharpe|crypto|LINK,,1,0.024390243902439025,,,72|3.0|0.25
full_combo,crypto,LINK,top20_sharpe|crypto|LINK,,1,0.024390243902439025,,,72|3.0|0.5
full_combo,crypto,LINK,top20_sharpe|crypto|LINK,,1,0.024390243902439025,,,72|3.0|0.75
rebalance_frequency,crypto,SOL,top20_sharpe|crypto|SOL,24.0,6,0.8571428571428571,,,
rebalance_frequency,crypto,SOL,top20_sharpe|crypto|SOL,72.0,1,0.14285714285714285,,,
entry_z,crypto,SOL,top20_sharpe|crypto|SOL,,1,0.14285714285714285,1.0,,
entry_z,crypto,SOL,top20_sharpe|crypto|SOL,,3,0.42857142857142855,1.5,,
entry_z,crypto,SOL,top20_sharpe|crypto|SOL,,2,0.2857142857142857,2.0,,
entry_z,crypto,SOL,top20_sharpe|crypto|SOL,,1,0.14285714285714285,2.5,,
exit_z,crypto,SOL,top20_sharpe|crypto|SOL,,3,0.42857142857142855,,0.25,
exit_z,crypto,SOL,top20_sharpe|crypto|SOL,,4,0.5714285714285714,,0.5,
entry_exit_pair,crypto,SOL,top20_sharpe|crypto|SOL,,1,0.14285714285714285,,,1.0|0.5
entry_exit_pair,crypto,SOL,top20_sharpe|crypto|SOL,,2,0.2857142857142857,,,1.5|0.25
entry_exit_pair,crypto,SOL,top20_sharpe|crypto|SOL,,1,0.14285714285714285,,,1.5|0.5
entry_exit_pair,crypto,SOL,top20_sharpe|crypto|SOL,,1,0.14285714285714285,,,2.0|0.25
entry_exit_pair,crypto,SOL,top20_sharpe|crypto|SOL,,1,0.14285714285714285,,,2.0|0.5
entry_exit_pair,crypto,SOL,top20_sharpe|crypto|SOL,,1,0.14285714285714285,,,2.5|0.5
rebalance_entry_pair,crypto,SOL,top20_sharpe|crypto|SOL,,1,0.14285714285714285,,,24|1.0
rebalance_entry_pair,crypto,SOL,top20_sharpe|crypto|SOL,,2,0.2857142857142857,,,24|1.5
rebalance_entry_pair,crypto,SOL,top20_sharpe|crypto|SOL,,2,0.2857142857142857,,,24|2.0
rebalance_entry_pair,crypto,SOL,top20_sharpe|crypto|SOL,,1,0.14285714285714285,,,24|2.5
rebalance_entry_pair,crypto,SOL,top20_sharpe|crypto|SOL,,1,0.14285714285714285,,,72|1.5
full_combo,crypto,SOL,top20_sharpe|crypto|SOL,,1,0.14285714285714285,,,24|1.0|0.5
full_combo,crypto,SOL,top20_sharpe|crypto|SOL,,1,0.14285714285714285,,,24|1.5|0.25
full_combo,crypto,SOL,top20_sharpe|crypto|SOL,,1,0.14285714285714285,,,24|1.5|0.5
full_combo,crypto,SOL,top20_sharpe|crypto|SOL,,1,0.14285714285714285,,,24|2.0|0.25
full_combo,crypto,SOL,top20_sharpe|crypto|SOL,,1,0.14285714285714285,,,24|2.0|0.5
full_combo,crypto,SOL,top20_sharpe|crypto|SOL,,1,0.14285714285714285,,,24|2.5|0.5
full_combo,crypto,SOL,top20_sharpe|crypto|SOL,,1,0.14285714285714285,,,72|1.5|0.25
rebalance_frequency,crypto,XRP,top20_sharpe|crypto|XRP,24.0,6,0.75,,,
rebalance_frequency,crypto,XRP,top20_sharpe|crypto|XRP,72.0,2,0.25,,,
entry_z,crypto,XRP,top20_sharpe|crypto|XRP,,2,0.25,1.5,,
entry_z,crypto,XRP,top20_sharpe|crypto|XRP,,3,0.375,2.0,,
entry_z,crypto,XRP,top20_sharpe|crypto|XRP,,1,0.125,2.5,,
entry_z,crypto,XRP,top20_sharpe|crypto|XRP,,2,0.25,3.0,,
exit_z,crypto,XRP,top20_sharpe|crypto|XRP,,5,0.625,,0.25,
exit_z,crypto,XRP,top20_sharpe|crypto|XRP,,3,0.375,,0.5,
entry_exit_pair,crypto,XRP,top20_sharpe|crypto|XRP,,1,0.125,,,1.5|0.25
entry_exit_pair,crypto,XRP,top20_sharpe|crypto|XRP,,1,0.125,,,1.5|0.5
entry_exit_pair,crypto,XRP,top20_sharpe|crypto|XRP,,1,0.125,,,2.0|0.25
entry_exit_pair,crypto,XRP,top20_sharpe|crypto|XRP,,2,0.25,,,2.0|0.5
entry_exit_pair,crypto,XRP,top20_sharpe|crypto|XRP,,1,0.125,,,2.5|0.25
entry_exit_pair,crypto,XRP,top20_sharpe|crypto|XRP,,2,0.25,,,3.0|0.25
rebalance_entry_pair,crypto,XRP,top20_sharpe|crypto|XRP,,2,0.25,,,24|1.5
rebalance_entry_pair,crypto,XRP,top20_sharpe|crypto|XRP,,2,0.25,,,24|2.0
rebalance_entry_pair,crypto,XRP,top20_sharpe|crypto|XRP,,1,0.125,,,24|2.5
rebalance_entry_pair,crypto,XRP,top20_sharpe|crypto|XRP,,1,0.125,,,24|3.0
rebalance_entry_pair,crypto,XRP,top20_sharpe|crypto|XRP,,1,0.125,,,72|2.0
rebalance_entry_pair,crypto,XRP,top20_sharpe|crypto|XRP,,1,0.125,,,72|3.0
full_combo,crypto,XRP,top20_sharpe|crypto|XRP,,1,0.125,,,24|1.5|0.25
full_combo,crypto,XRP,top20_sharpe|crypto|XRP,,1,0.125,,,24|1.5|0.5
full_combo,crypto,XRP,top20_sharpe|crypto|XRP,,1,0.125,,,24|2.0|0.25
full_combo,crypto,XRP,top20_sharpe|crypto|XRP,,1,0.125,,,24|2.0|0.5
full_combo,crypto,XRP,top20_sharpe|crypto|XRP,,1,0.125,,,24|2.5|0.25
full_combo,crypto,XRP,top20_sharpe|crypto|XRP,,1,0.125,,,24|3.0|0.25
full_combo,crypto,XRP,top20_sharpe|crypto|XRP,,1,0.125,,,72|2.0|0.5
full_combo,crypto,XRP,top20_sharpe|crypto|XRP,,1,0.125,,,72|3.0|0.25
rebalance_frequency,russia,AFKS,top20_sharpe|russia|AFKS,5.0,11,0.4782608695652174,,,
rebalance_frequency,russia,AFKS,top20_sharpe|russia|AFKS,10.0,11,0.4782608695652174,,,
rebalance_frequency,russia,AFKS,top20_sharpe|russia|AFKS,21.0,1,0.043478260869565216,,,
entry_z,russia,AFKS,top20_sharpe|russia|AFKS,,7,0.30434782608695654,2.0,,
entry_z,russia,AFKS,top20_sharpe|russia|AFKS,,8,0.34782608695652173,2.5,,
entry_z,russia,AFKS,top20_sharpe|russia|AFKS,,8,0.34782608695652173,3.0,,
exit_z,russia,AFKS,top20_sharpe|russia|AFKS,,7,0.30434782608695654,,0.25,
exit_z,russia,AFKS,top20_sharpe|russia|AFKS,,6,0.2608695652173913,,0.5,
exit_z,russia,AFKS,top20_sharpe|russia|AFKS,,6,0.2608695652173913,,0.75,
exit_z,russia,AFKS,top20_sharpe|russia|AFKS,,4,0.17391304347826086,,1.0,
entry_exit_pair,russia,AFKS,top20_sharpe|russia|AFKS,,3,0.13043478260869565,,,2.0|0.25
entry_exit_pair,russia,AFKS,top20_sharpe|russia|AFKS,,2,0.08695652173913043,,,2.0|0.5
entry_exit_pair,russia,AFKS,top20_sharpe|russia|AFKS,,2,0.08695652173913043,,,2.0|0.75
entry_exit_pair,russia,AFKS,top20_sharpe|russia|AFKS,,2,0.08695652173913043,,,2.5|0.25
entry_exit_pair,russia,AFKS,top20_sharpe|russia|AFKS,,2,0.08695652173913043,,,2.5|0.5
entry_exit_pair,russia,AFKS,top20_sharpe|russia|AFKS,,2,0.08695652173913043,,,2.5|0.75
entry_exit_pair,russia,AFKS,top20_sharpe|russia|AFKS,,2,0.08695652173913043,,,2.5|1.0
entry_exit_pair,russia,AFKS,top20_sharpe|russia|AFKS,,2,0.08695652173913043,,,3.0|0.25
entry_exit_pair,russia,AFKS,top20_sharpe|russia|AFKS,,2,0.08695652173913043,,,3.0|0.5
entry_exit_pair,russia,AFKS,top20_sharpe|russia|AFKS,,2,0.08695652173913043,,,3.0|0.75
entry_exit_pair,russia,AFKS,top20_sharpe|russia|AFKS,,2,0.08695652173913043,,,3.0|1.0
rebalance_entry_pair,russia,AFKS,top20_sharpe|russia|AFKS,,3,0.13043478260869565,,,10|2.0
rebalance_entry_pair,russia,AFKS,top20_sharpe|russia|AFKS,,4,0.17391304347826086,,,10|2.5
rebalance_entry_pair,russia,AFKS,top20_sharpe|russia|AFKS,,4,0.17391304347826086,,,10|3.0
rebalance_entry_pair,russia,AFKS,top20_sharpe|russia|AFKS,,1,0.043478260869565216,,,21|2.0
rebalance_entry_pair,russia,AFKS,top20_sharpe|russia|AFKS,,3,0.13043478260869565,,,5|2.0
rebalance_entry_pair,russia,AFKS,top20_sharpe|russia|AFKS,,4,0.17391304347826086,,,5|2.5
rebalance_entry_pair,russia,AFKS,top20_sharpe|russia|AFKS,,4,0.17391304347826086,,,5|3.0
full_combo,russia,AFKS,top20_sharpe|russia|AFKS,,1,0.043478260869565216,,,10|2.0|0.25
full_combo,russia,AFKS,top20_sharpe|russia|AFKS,,1,0.043478260869565216,,,10|2.0|0.5
full_combo,russia,AFKS,top20_sharpe|russia|AFKS,,1,0.043478260869565216,,,10|2.0|0.75
full_combo,russia,AFKS,top20_sharpe|russia|AFKS,,1,0.043478260869565216,,,10|2.5|0.25
full_combo,russia,AFKS,top20_sharpe|russia|AFKS,,1,0.043478260869565216,,,10|2.5|0.5
full_combo,russia,AFKS,top20_sharpe|russia|AFKS,,1,0.043478260869565216,,,10|2.5|0.75
full_combo,russia,AFKS,top20_sharpe|russia|AFKS,,1,0.043478260869565216,,,10|2.5|1.0
full_combo,russia,AFKS,top20_sharpe|russia|AFKS,,1,0.043478260869565216,,,10|3.0|0.25
full_combo,russia,AFKS,top20_sharpe|russia|AFKS,,1,0.043478260869565216,,,10|3.0|0.5
full_combo,russia,AFKS,top20_sharpe|russia|AFKS,,1,0.043478260869565216,,,10|3.0|0.75
full_combo,russia,AFKS,top20_sharpe|russia|AFKS,,1,0.043478260869565216,,,10|3.0|1.0
full_combo,russia,AFKS,top20_sharpe|russia|AFKS,,1,0.043478260869565216,,,21|2.0|0.25
full_combo,russia,AFKS,top20_sharpe|russia|AFKS,,1,0.043478260869565216,,,5|2.0|0.25
full_combo,russia,AFKS,top20_sharpe|russia|AFKS,,1,0.043478260869565216,,,5|2.0|0.5
full_combo,russia,AFKS,top20_sharpe|russia|AFKS,,1,0.043478260869565216,,,5|2.0|0.75
full_combo,russia,AFKS,top20_sharpe|russia|AFKS,,1,0.043478260869565216,,,5|2.5|0.25
full_combo,russia,AFKS,top20_sharpe|russia|AFKS,,1,0.043478260869565216,,,5|2.5|0.5
full_combo,russia,AFKS,top20_sharpe|russia|AFKS,,1,0.043478260869565216,,,5|2.5|0.75
full_combo,russia,AFKS,top20_sharpe|russia|AFKS,,1,0.043478260869565216,,,5|2.5|1.0
full_combo,russia,AFKS,top20_sharpe|russia|AFKS,,1,0.043478260869565216,,,5|3.0|0.25
full_combo,russia,AFKS,top20_sharpe|russia|AFKS,,1,0.043478260869565216,,,5|3.0|0.5
full_combo,russia,AFKS,top20_sharpe|russia|AFKS,,1,0.043478260869565216,,,5|3.0|0.75
full_combo,russia,AFKS,top20_sharpe|russia|AFKS,,1,0.043478260869565216,,,5|3.0|1.0
rebalance_frequency,russia,AFLT,top20_sharpe|russia|AFLT,5.0,10,0.8333333333333334,,,
rebalance_frequency,russia,AFLT,top20_sharpe|russia|AFLT,10.0,2,0.16666666666666666,,,
entry_z,russia,AFLT,top20_sharpe|russia|AFLT,,1,0.08333333333333333,1.5,,
entry_z,russia,AFLT,top20_sharpe|russia|AFLT,,6,0.5,2.0,,
entry_z,russia,AFLT,top20_sharpe|russia|AFLT,,4,0.3333333333333333,2.5,,
entry_z,russia,AFLT,top20_sharpe|russia|AFLT,,1,0.08333333333333333,3.0,,
exit_z,russia,AFLT,top20_sharpe|russia|AFLT,,3,0.25,,0.25,
exit_z,russia,AFLT,top20_sharpe|russia|AFLT,,4,0.3333333333333333,,0.5,
exit_z,russia,AFLT,top20_sharpe|russia|AFLT,,3,0.25,,0.75,
exit_z,russia,AFLT,top20_sharpe|russia|AFLT,,2,0.16666666666666666,,1.0,
entry_exit_pair,russia,AFLT,top20_sharpe|russia|AFLT,,1,0.08333333333333333,,,1.5|0.25
entry_exit_pair,russia,AFLT,top20_sharpe|russia|AFLT,,1,0.08333333333333333,,,2.0|0.25
entry_exit_pair,russia,AFLT,top20_sharpe|russia|AFLT,,2,0.16666666666666666,,,2.0|0.5
entry_exit_pair,russia,AFLT,top20_sharpe|russia|AFLT,,2,0.16666666666666666,,,2.0|0.75
entry_exit_pair,russia,AFLT,top20_sharpe|russia|AFLT,,1,0.08333333333333333,,,2.0|1.0
entry_exit_pair,russia,AFLT,top20_sharpe|russia|AFLT,,1,0.08333333333333333,,,2.5|0.25
entry_exit_pair,russia,AFLT,top20_sharpe|russia|AFLT,,1,0.08333333333333333,,,2.5|0.5
entry_exit_pair,russia,AFLT,top20_sharpe|russia|AFLT,,1,0.08333333333333333,,,2.5|0.75
entry_exit_pair,russia,AFLT,top20_sharpe|russia|AFLT,,1,0.08333333333333333,,,2.5|1.0
entry_exit_pair,russia,AFLT,top20_sharpe|russia|AFLT,,1,0.08333333333333333,,,3.0|0.5
rebalance_entry_pair,russia,AFLT,top20_sharpe|russia|AFLT,,2,0.16666666666666666,,,10|2.0
rebalance_entry_pair,russia,AFLT,top20_sharpe|russia|AFLT,,1,0.08333333333333333,,,5|1.5
rebalance_entry_pair,russia,AFLT,top20_sharpe|russia|AFLT,,4,0.3333333333333333,,,5|2.0
rebalance_entry_pair,russia,AFLT,top20_sharpe|russia|AFLT,,4,0.3333333333333333,,,5|2.5
rebalance_entry_pair,russia,AFLT,top20_sharpe|russia|AFLT,,1,0.08333333333333333,,,5|3.0
full_combo,russia,AFLT,top20_sharpe|russia|AFLT,,1,0.08333333333333333,,,10|2.0|0.5
full_combo,russia,AFLT,top20_sharpe|russia|AFLT,,1,0.08333333333333333,,,10|2.0|0.75
full_combo,russia,AFLT,top20_sharpe|russia|AFLT,,1,0.08333333333333333,,,5|1.5|0.25
full_combo,russia,AFLT,top20_sharpe|russia|AFLT,,1,0.08333333333333333,,,5|2.0|0.25
full_combo,russia,AFLT,top20_sharpe|russia|AFLT,,1,0.08333333333333333,,,5|2.0|0.5
full_combo,russia,AFLT,top20_sharpe|russia|AFLT,,1,0.08333333333333333,,,5|2.0|0.75
full_combo,russia,AFLT,top20_sharpe|russia|AFLT,,1,0.08333333333333333,,,5|2.0|1.0
full_combo,russia,AFLT,top20_sharpe|russia|AFLT,,1,0.08333333333333333,,,5|2.5|0.25
full_combo,russia,AFLT,top20_sharpe|russia|AFLT,,1,0.08333333333333333,,,5|2.5|0.5
full_combo,russia,AFLT,top20_sharpe|russia|AFLT,,1,0.08333333333333333,,,5|2.5|0.75
full_combo,russia,AFLT,top20_sharpe|russia|AFLT,,1,0.08333333333333333,,,5|2.5|1.0
full_combo,russia,AFLT,top20_sharpe|russia|AFLT,,1,0.08333333333333333,,,5|3.0|0.5
rebalance_frequency,russia,CHMF,top20_sharpe|russia|CHMF,5.0,4,0.5,,,
rebalance_frequency,russia,CHMF,top20_sharpe|russia|CHMF,10.0,1,0.125,,,
rebalance_frequency,russia,CHMF,top20_sharpe|russia|CHMF,21.0,3,0.375,,,
entry_z,russia,CHMF,top20_sharpe|russia|CHMF,,2,0.25,1.0,,
entry_z,russia,CHMF,top20_sharpe|russia|CHMF,,1,0.125,1.5,,
entry_z,russia,CHMF,top20_sharpe|russia|CHMF,,3,0.375,2.0,,
entry_z,russia,CHMF,top20_sharpe|russia|CHMF,,2,0.25,2.5,,
exit_z,russia,CHMF,top20_sharpe|russia|CHMF,,8,1.0,,0.25,
entry_exit_pair,russia,CHMF,top20_sharpe|russia|CHMF,,2,0.25,,,1.0|0.25
entry_exit_pair,russia,CHMF,top20_sharpe|russia|CHMF,,1,0.125,,,1.5|0.25
entry_exit_pair,russia,CHMF,top20_sharpe|russia|CHMF,,3,0.375,,,2.0|0.25
entry_exit_pair,russia,CHMF,top20_sharpe|russia|CHMF,,2,0.25,,,2.5|0.25
rebalance_entry_pair,russia,CHMF,top20_sharpe|russia|CHMF,,1,0.125,,,10|2.0
rebalance_entry_pair,russia,CHMF,top20_sharpe|russia|CHMF,,1,0.125,,,21|1.0
rebalance_entry_pair,russia,CHMF,top20_sharpe|russia|CHMF,,1,0.125,,,21|2.0
rebalance_entry_pair,russia,CHMF,top20_sharpe|russia|CHMF,,1,0.125,,,21|2.5
rebalance_entry_pair,russia,CHMF,top20_sharpe|russia|CHMF,,1,0.125,,,5|1.0
rebalance_entry_pair,russia,CHMF,top20_sharpe|russia|CHMF,,1,0.125,,,5|1.5
rebalance_entry_pair,russia,CHMF,top20_sharpe|russia|CHMF,,1,0.125,,,5|2.0
rebalance_entry_pair,russia,CHMF,top20_sharpe|russia|CHMF,,1,0.125,,,5|2.5
full_combo,russia,CHMF,top20_sharpe|russia|CHMF,,1,0.125,,,10|2.0|0.25
full_combo,russia,CHMF,top20_sharpe|russia|CHMF,,1,0.125,,,21|1.0|0.25
full_combo,russia,CHMF,top20_sharpe|russia|CHMF,,1,0.125,,,21|2.0|0.25
full_combo,russia,CHMF,top20_sharpe|russia|CHMF,,1,0.125,,,21|2.5|0.25
full_combo,russia,CHMF,top20_sharpe|russia|CHMF,,1,0.125,,,5|1.0|0.25
full_combo,russia,CHMF,top20_sharpe|russia|CHMF,,1,0.125,,,5|1.5|0.25
full_combo,russia,CHMF,top20_sharpe|russia|CHMF,,1,0.125,,,5|2.0|0.25
full_combo,russia,CHMF,top20_sharpe|russia|CHMF,,1,0.125,,,5|2.5|0.25
rebalance_frequency,russia,LKOH,top20_sharpe|russia|LKOH,5.0,1,0.5,,,
rebalance_frequency,russia,LKOH,top20_sharpe|russia|LKOH,10.0,1,0.5,,,
entry_z,russia,LKOH,top20_sharpe|russia|LKOH,,1,0.5,1.0,,
entry_z,russia,LKOH,top20_sharpe|russia|LKOH,,1,0.5,2.5,,
exit_z,russia,LKOH,top20_sharpe|russia|LKOH,,2,1.0,,0.5,
entry_exit_pair,russia,LKOH,top20_sharpe|russia|LKOH,,1,0.5,,,1.0|0.5
entry_exit_pair,russia,LKOH,top20_sharpe|russia|LKOH,,1,0.5,,,2.5|0.5
rebalance_entry_pair,russia,LKOH,top20_sharpe|russia|LKOH,,1,0.5,,,10|1.0
rebalance_entry_pair,russia,LKOH,top20_sharpe|russia|LKOH,,1,0.5,,,5|2.5
full_combo,russia,LKOH,top20_sharpe|russia|LKOH,,1,0.5,,,10|1.0|0.5
full_combo,russia,LKOH,top20_sharpe|russia|LKOH,,1,0.5,,,5|2.5|0.5
rebalance_frequency,russia,MOEX,top20_sharpe|russia|MOEX,5.0,12,0.4,,,
rebalance_frequency,russia,MOEX,top20_sharpe|russia|MOEX,10.0,9,0.3,,,
rebalance_frequency,russia,MOEX,top20_sharpe|russia|MOEX,21.0,9,0.3,,,
entry_z,russia,MOEX,top20_sharpe|russia|MOEX,,7,0.23333333333333334,1.0,,
entry_z,russia,MOEX,top20_sharpe|russia|MOEX,,6,0.2,1.5,,
entry_z,russia,MOEX,top20_sharpe|russia|MOEX,,4,0.13333333333333333,2.0,,
entry_z,russia,MOEX,top20_sharpe|russia|MOEX,,10,0.3333333333333333,2.5,,
entry_z,russia,MOEX,top20_sharpe|russia|MOEX,,3,0.1,3.0,,
exit_z,russia,MOEX,top20_sharpe|russia|MOEX,,10,0.3333333333333333,,0.25,
exit_z,russia,MOEX,top20_sharpe|russia|MOEX,,10,0.3333333333333333,,0.5,
exit_z,russia,MOEX,top20_sharpe|russia|MOEX,,8,0.26666666666666666,,0.75,
exit_z,russia,MOEX,top20_sharpe|russia|MOEX,,2,0.06666666666666667,,1.0,
entry_exit_pair,russia,MOEX,top20_sharpe|russia|MOEX,,2,0.06666666666666667,,,1.0|0.25
entry_exit_pair,russia,MOEX,top20_sharpe|russia|MOEX,,3,0.1,,,1.0|0.5
entry_exit_pair,russia,MOEX,top20_sharpe|russia|MOEX,,2,0.06666666666666667,,,1.0|0.75
entry_exit_pair,russia,MOEX,top20_sharpe|russia|MOEX,,2,0.06666666666666667,,,1.5|0.25
entry_exit_pair,russia,MOEX,top20_sharpe|russia|MOEX,,2,0.06666666666666667,,,1.5|0.5
entry_exit_pair,russia,MOEX,top20_sharpe|russia|MOEX,,2,0.06666666666666667,,,1.5|0.75
entry_exit_pair,russia,MOEX,top20_sharpe|russia|MOEX,,1,0.03333333333333333,,,2.0|0.25
entry_exit_pair,russia,MOEX,top20_sharpe|russia|MOEX,,2,0.06666666666666667,,,2.0|0.5
entry_exit_pair,russia,MOEX,top20_sharpe|russia|MOEX,,1,0.03333333333333333,,,2.0|0.75
entry_exit_pair,russia,MOEX,top20_sharpe|russia|MOEX,,3,0.1,,,2.5|0.25
entry_exit_pair,russia,MOEX,top20_sharpe|russia|MOEX,,2,0.06666666666666667,,,2.5|0.5
entry_exit_pair,russia,MOEX,top20_sharpe|russia|MOEX,,3,0.1,,,2.5|0.75
entry_exit_pair,russia,MOEX,top20_sharpe|russia|MOEX,,2,0.06666666666666667,,,2.5|1.0
entry_exit_pair,russia,MOEX,top20_sharpe|russia|MOEX,,2,0.06666666666666667,,,3.0|0.25
entry_exit_pair,russia,MOEX,top20_sharpe|russia|MOEX,,1,0.03333333333333333,,,3.0|0.5
rebalance_entry_pair,russia,MOEX,top20_sharpe|russia|MOEX,,2,0.06666666666666667,,,10|1.0
rebalance_entry_pair,russia,MOEX,top20_sharpe|russia|MOEX,,1,0.03333333333333333,,,10|1.5
rebalance_entry_pair,russia,MOEX,top20_sharpe|russia|MOEX,,4,0.13333333333333333,,,10|2.5
rebalance_entry_pair,russia,MOEX,top20_sharpe|russia|MOEX,,2,0.06666666666666667,,,10|3.0
rebalance_entry_pair,russia,MOEX,top20_sharpe|russia|MOEX,,2,0.06666666666666667,,,21|1.0
rebalance_entry_pair,russia,MOEX,top20_sharpe|russia|MOEX,,3,0.1,,,21|1.5
rebalance_entry_pair,russia,MOEX,top20_sharpe|russia|MOEX,,2,0.06666666666666667,,,21|2.0
rebalance_entry_pair,russia,MOEX,top20_sharpe|russia|MOEX,,2,0.06666666666666667,,,21|2.5
rebalance_entry_pair,russia,MOEX,top20_sharpe|russia|MOEX,,3,0.1,,,5|1.0
rebalance_entry_pair,russia,MOEX,top20_sharpe|russia|MOEX,,2,0.06666666666666667,,,5|1.5
rebalance_entry_pair,russia,MOEX,top20_sharpe|russia|MOEX,,2,0.06666666666666667,,,5|2.0
rebalance_entry_pair,russia,MOEX,top20_sharpe|russia|MOEX,,4,0.13333333333333333,,,5|2.5
rebalance_entry_pair,russia,MOEX,top20_sharpe|russia|MOEX,,1,0.03333333333333333,,,5|3.0
full_combo,russia,MOEX,top20_sharpe|russia|MOEX,,1,0.03333333333333333,,,10|1.0|0.5
full_combo,russia,MOEX,top20_sharpe|russia|MOEX,,1,0.03333333333333333,,,10|1.0|0.75
full_combo,russia,MOEX,top20_sharpe|russia|MOEX,,1,0.03333333333333333,,,10|1.5|0.25
full_combo,russia,MOEX,top20_sharpe|russia|MOEX,,1,0.03333333333333333,,,10|2.5|0.25
full_combo,russia,MOEX,top20_sharpe|russia|MOEX,,1,0.03333333333333333,,,10|2.5|0.5
full_combo,russia,MOEX,top20_sharpe|russia|MOEX,,1,0.03333333333333333,,,10|2.5|0.75
full_combo,russia,MOEX,top20_sharpe|russia|MOEX,,1,0.03333333333333333,,,10|2.5|1.0
full_combo,russia,MOEX,top20_sharpe|russia|MOEX,,1,0.03333333333333333,,,10|3.0|0.25
full_combo,russia,MOEX,top20_sharpe|russia|MOEX,,1,0.03333333333333333,,,10|3.0|0.5
full_combo,russia,MOEX,top20_sharpe|russia|MOEX,,1,0.03333333333333333,,,21|1.0|0.25
full_combo,russia,MOEX,top20_sharpe|russia|MOEX,,1,0.03333333333333333,,,21|1.0|0.5
full_combo,russia,MOEX,top20_sharpe|russia|MOEX,,1,0.03333333333333333,,,21|1.5|0.25
full_combo,russia,MOEX,top20_sharpe|russia|MOEX,,1,0.03333333333333333,,,21|1.5|0.5
full_combo,russia,MOEX,top20_sharpe|russia|MOEX,,1,0.03333333333333333,,,21|1.5|0.75
full_combo,russia,MOEX,top20_sharpe|russia|MOEX,,1,0.03333333333333333,,,21|2.0|0.5
full_combo,russia,MOEX,top20_sharpe|russia|MOEX,,1,0.03333333333333333,,,21|2.0|0.75
full_combo,russia,MOEX,top20_sharpe|russia|MOEX,,1,0.03333333333333333,,,21|2.5|0.25
full_combo,russia,MOEX,top20_sharpe|russia|MOEX,,1,0.03333333333333333,,,21|2.5|0.75
full_combo,russia,MOEX,top20_sharpe|russia|MOEX,,1,0.03333333333333333,,,5|1.0|0.25
full_combo,russia,MOEX,top20_sharpe|russia|MOEX,,1,0.03333333333333333,,,5|1.0|0.5
full_combo,russia,MOEX,top20_sharpe|russia|MOEX,,1,0.03333333333333333,,,5|1.0|0.75
full_combo,russia,MOEX,top20_sharpe|russia|MOEX,,1,0.03333333333333333,,,5|1.5|0.5
full_combo,russia,MOEX,top20_sharpe|russia|MOEX,,1,0.03333333333333333,,,5|1.5|0.75
full_combo,russia,MOEX,top20_sharpe|russia|MOEX,,1,0.03333333333333333,,,5|2.0|0.25
full_combo,russia,MOEX,top20_sharpe|russia|MOEX,,1,0.03333333333333333,,,5|2.0|0.5
full_combo,russia,MOEX,top20_sharpe|russia|MOEX,,1,0.03333333333333333,,,5|2.5|0.25
full_combo,russia,MOEX,top20_sharpe|russia|MOEX,,1,0.03333333333333333,,,5|2.5|0.5
full_combo,russia,MOEX,top20_sharpe|russia|MOEX,,1,0.03333333333333333,,,5|2.5|0.75
full_combo,russia,MOEX,top20_sharpe|russia|MOEX,,1,0.03333333333333333,,,5|2.5|1.0
full_combo,russia,MOEX,top20_sharpe|russia|MOEX,,1,0.03333333333333333,,,5|3.0|0.25
rebalance_frequency,russia,PLZL,top20_sharpe|russia|PLZL,5.0,1,1.0,,,
entry_z,russia,PLZL,top20_sharpe|russia|PLZL,,1,1.0,3.0,,
exit_z,russia,PLZL,top20_sharpe|russia|PLZL,,1,1.0,,0.25,
entry_exit_pair,russia,PLZL,top20_sharpe|russia|PLZL,,1,1.0,,,3.0|0.25
rebalance_entry_pair,russia,PLZL,top20_sharpe|russia|PLZL,,1,1.0,,,5|3.0
full_combo,russia,PLZL,top20_sharpe|russia|PLZL,,1,1.0,,,5|3.0|0.25
rebalance_frequency,russia,SBER,top20_sharpe|russia|SBER,5.0,6,0.3,,,
rebalance_frequency,russia,SBER,top20_sharpe|russia|SBER,10.0,4,0.2,,,
rebalance_frequency,russia,SBER,top20_sharpe|russia|SBER,21.0,5,0.25,,,
rebalance_frequency,russia,SBER,top20_sharpe|russia|SBER,63.0,5,0.25,,,
entry_z,russia,SBER,top20_sharpe|russia|SBER,,6,0.3,1.0,,
entry_z,russia,SBER,top20_sharpe|russia|SBER,,6,0.3,1.5,,
entry_z,russia,SBER,top20_sharpe|russia|SBER,,5,0.25,2.0,,
entry_z,russia,SBER,top20_sharpe|russia|SBER,,2,0.1,2.5,,
entry_z,russia,SBER,top20_sharpe|russia|SBER,,1,0.05,3.0,,
exit_z,russia,SBER,top20_sharpe|russia|SBER,,9,0.45,,0.25,
exit_z,russia,SBER,top20_sharpe|russia|SBER,,5,0.25,,0.5,
exit_z,russia,SBER,top20_sharpe|russia|SBER,,3,0.15,,0.75,
exit_z,russia,SBER,top20_sharpe|russia|SBER,,3,0.15,,1.0,
entry_exit_pair,russia,SBER,top20_sharpe|russia|SBER,,3,0.15,,,1.0|0.25
entry_exit_pair,russia,SBER,top20_sharpe|russia|SBER,,2,0.1,,,1.0|0.5
entry_exit_pair,russia,SBER,top20_sharpe|russia|SBER,,1,0.05,,,1.0|0.75
entry_exit_pair,russia,SBER,top20_sharpe|russia|SBER,,3,0.15,,,1.5|0.25
entry_exit_pair,russia,SBER,top20_sharpe|russia|SBER,,2,0.1,,,1.5|0.5
entry_exit_pair,russia,SBER,top20_sharpe|russia|SBER,,1,0.05,,,1.5|0.75
entry_exit_pair,russia,SBER,top20_sharpe|russia|SBER,,2,0.1,,,2.0|0.25
entry_exit_pair,russia,SBER,top20_sharpe|russia|SBER,,1,0.05,,,2.0|0.5
entry_exit_pair,russia,SBER,top20_sharpe|russia|SBER,,1,0.05,,,2.0|0.75
entry_exit_pair,russia,SBER,top20_sharpe|russia|SBER,,1,0.05,,,2.0|1.0
entry_exit_pair,russia,SBER,top20_sharpe|russia|SBER,,1,0.05,,,2.5|0.25
entry_exit_pair,russia,SBER,top20_sharpe|russia|SBER,,1,0.05,,,2.5|1.0
entry_exit_pair,russia,SBER,top20_sharpe|russia|SBER,,1,0.05,,,3.0|1.0
rebalance_entry_pair,russia,SBER,top20_sharpe|russia|SBER,,2,0.1,,,10|1.0
rebalance_entry_pair,russia,SBER,top20_sharpe|russia|SBER,,1,0.05,,,10|1.5
rebalance_entry_pair,russia,SBER,top20_sharpe|russia|SBER,,1,0.05,,,10|2.0
rebalance_entry_pair,russia,SBER,top20_sharpe|russia|SBER,,3,0.15,,,21|1.0
rebalance_entry_pair,russia,SBER,top20_sharpe|russia|SBER,,2,0.1,,,21|1.5
rebalance_entry_pair,russia,SBER,top20_sharpe|russia|SBER,,1,0.05,,,5|1.0
rebalance_entry_pair,russia,SBER,top20_sharpe|russia|SBER,,3,0.15,,,5|1.5
rebalance_entry_pair,russia,SBER,top20_sharpe|russia|SBER,,1,0.05,,,5|2.0
rebalance_entry_pair,russia,SBER,top20_sharpe|russia|SBER,,1,0.05,,,5|2.5
rebalance_entry_pair,russia,SBER,top20_sharpe|russia|SBER,,3,0.15,,,63|2.0
rebalance_entry_pair,russia,SBER,top20_sharpe|russia|SBER,,1,0.05,,,63|2.5
rebalance_entry_pair,russia,SBER,top20_sharpe|russia|SBER,,1,0.05,,,63|3.0
full_combo,russia,SBER,top20_sharpe|russia|SBER,,1,0.05,,,10|1.0|0.25
full_combo,russia,SBER,top20_sharpe|russia|SBER,,1,0.05,,,10|1.0|0.5
full_combo,russia,SBER,top20_sharpe|russia|SBER,,1,0.05,,,10|1.5|0.25
full_combo,russia,SBER,top20_sharpe|russia|SBER,,1,0.05,,,10|2.0|0.25
full_combo,russia,SBER,top20_sharpe|russia|SBER,,1,0.05,,,21|1.0|0.25
full_combo,russia,SBER,top20_sharpe|russia|SBER,,1,0.05,,,21|1.0|0.5
full_combo,russia,SBER,top20_sharpe|russia|SBER,,1,0.05,,,21|1.0|0.75
full_combo,russia,SBER,top20_sharpe|russia|SBER,,1,0.05,,,21|1.5|0.25
full_combo,russia,SBER,top20_sharpe|russia|SBER,,1,0.05,,,21|1.5|0.5
full_combo,russia,SBER,top20_sharpe|russia|SBER,,1,0.05,,,5|1.0|0.25
full_combo,russia,SBER,top20_sharpe|russia|SBER,,1,0.05,,,5|1.5|0.25
full_combo,russia,SBER,top20_sharpe|russia|SBER,,1,0.05,,,5|1.5|0.5
full_combo,russia,SBER,top20_sharpe|russia|SBER,,1,0.05,,,5|1.5|0.75
full_combo,russia,SBER,top20_sharpe|russia|SBER,,1,0.05,,,5|2.0|0.25
full_combo,russia,SBER,top20_sharpe|russia|SBER,,1,0.05,,,5|2.5|0.25
full_combo,russia,SBER,top20_sharpe|russia|SBER,,1,0.05,,,63|2.0|0.5
full_combo,russia,SBER,top20_sharpe|russia|SBER,,1,0.05,,,63|2.0|0.75
full_combo,russia,SBER,top20_sharpe|russia|SBER,,1,0.05,,,63|2.0|1.0
full_combo,russia,SBER,top20_sharpe|russia|SBER,,1,0.05,,,63|2.5|1.0
full_combo,russia,SBER,top20_sharpe|russia|SBER,,1,0.05,,,63|3.0|1.0
rebalance_frequency,usa,AMZN,top20_sharpe|usa|AMZN,63.0,1,1.0,,,
entry_z,usa,AMZN,top20_sharpe|usa|AMZN,,1,1.0,3.0,,
exit_z,usa,AMZN,top20_sharpe|usa|AMZN,,1,1.0,,0.25,
entry_exit_pair,usa,AMZN,top20_sharpe|usa|AMZN,,1,1.0,,,3.0|0.25
rebalance_entry_pair,usa,AMZN,top20_sharpe|usa|AMZN,,1,1.0,,,63|3.0
full_combo,usa,AMZN,top20_sharpe|usa|AMZN,,1,1.0,,,63|3.0|0.25
rebalance_frequency,usa,BRK.B,top20_sharpe|usa|BRK.B,5.0,1,0.1111111111111111,,,
rebalance_frequency,usa,BRK.B,top20_sharpe|usa|BRK.B,10.0,4,0.4444444444444444,,,
rebalance_frequency,usa,BRK.B,top20_sharpe|usa|BRK.B,21.0,4,0.4444444444444444,,,
entry_z,usa,BRK.B,top20_sharpe|usa|BRK.B,,2,0.2222222222222222,2.5,,
entry_z,usa,BRK.B,top20_sharpe|usa|BRK.B,,7,0.7777777777777778,3.0,,
exit_z,usa,BRK.B,top20_sharpe|usa|BRK.B,,2,0.2222222222222222,,0.25,
exit_z,usa,BRK.B,top20_sharpe|usa|BRK.B,,1,0.1111111111111111,,0.5,
exit_z,usa,BRK.B,top20_sharpe|usa|BRK.B,,4,0.4444444444444444,,0.75,
exit_z,usa,BRK.B,top20_sharpe|usa|BRK.B,,2,0.2222222222222222,,1.0,
entry_exit_pair,usa,BRK.B,top20_sharpe|usa|BRK.B,,1,0.1111111111111111,,,2.5|0.25
entry_exit_pair,usa,BRK.B,top20_sharpe|usa|BRK.B,,1,0.1111111111111111,,,2.5|0.75
entry_exit_pair,usa,BRK.B,top20_sharpe|usa|BRK.B,,1,0.1111111111111111,,,3.0|0.25
entry_exit_pair,usa,BRK.B,top20_sharpe|usa|BRK.B,,1,0.1111111111111111,,,3.0|0.5
entry_exit_pair,usa,BRK.B,top20_sharpe|usa|BRK.B,,3,0.3333333333333333,,,3.0|0.75
entry_exit_pair,usa,BRK.B,top20_sharpe|usa|BRK.B,,2,0.2222222222222222,,,3.0|1.0
rebalance_entry_pair,usa,BRK.B,top20_sharpe|usa|BRK.B,,4,0.4444444444444444,,,10|3.0
rebalance_entry_pair,usa,BRK.B,top20_sharpe|usa|BRK.B,,2,0.2222222222222222,,,21|2.5
rebalance_entry_pair,usa,BRK.B,top20_sharpe|usa|BRK.B,,2,0.2222222222222222,,,21|3.0
rebalance_entry_pair,usa,BRK.B,top20_sharpe|usa|BRK.B,,1,0.1111111111111111,,,5|3.0
full_combo,usa,BRK.B,top20_sharpe|usa|BRK.B,,1,0.1111111111111111,,,10|3.0|0.25
full_combo,usa,BRK.B,top20_sharpe|usa|BRK.B,,1,0.1111111111111111,,,10|3.0|0.5
full_combo,usa,BRK.B,top20_sharpe|usa|BRK.B,,1,0.1111111111111111,,,10|3.0|0.75
full_combo,usa,BRK.B,top20_sharpe|usa|BRK.B,,1,0.1111111111111111,,,10|3.0|1.0
full_combo,usa,BRK.B,top20_sharpe|usa|BRK.B,,1,0.1111111111111111,,,21|2.5|0.25
full_combo,usa,BRK.B,top20_sharpe|usa|BRK.B,,1,0.1111111111111111,,,21|2.5|0.75
full_combo,usa,BRK.B,top20_sharpe|usa|BRK.B,,1,0.1111111111111111,,,21|3.0|0.75
full_combo,usa,BRK.B,top20_sharpe|usa|BRK.B,,1,0.1111111111111111,,,21|3.0|1.0
full_combo,usa,BRK.B,top20_sharpe|usa|BRK.B,,1,0.1111111111111111,,,5|3.0|0.75
rebalance_frequency,usa,CAT,top20_sharpe|usa|CAT,5.0,1,0.5,,,
rebalance_frequency,usa,CAT,top20_sharpe|usa|CAT,10.0,1,0.5,,,
entry_z,usa,CAT,top20_sharpe|usa|CAT,,2,1.0,1.0,,
exit_z,usa,CAT,top20_sharpe|usa|CAT,,2,1.0,,0.25,
entry_exit_pair,usa,CAT,top20_sharpe|usa|CAT,,2,1.0,,,1.0|0.25
rebalance_entry_pair,usa,CAT,top20_sharpe|usa|CAT,,1,0.5,,,10|1.0
rebalance_entry_pair,usa,CAT,top20_sharpe|usa|CAT,,1,0.5,,,5|1.0
full_combo,usa,CAT,top20_sharpe|usa|CAT,,1,0.5,,,10|1.0|0.25
full_combo,usa,CAT,top20_sharpe|usa|CAT,,1,0.5,,,5|1.0|0.25
rebalance_frequency,usa,JNJ,top20_sharpe|usa|JNJ,5.0,9,0.42857142857142855,,,
rebalance_frequency,usa,JNJ,top20_sharpe|usa|JNJ,10.0,9,0.42857142857142855,,,
rebalance_frequency,usa,JNJ,top20_sharpe|usa|JNJ,21.0,3,0.14285714285714285,,,
entry_z,usa,JNJ,top20_sharpe|usa|JNJ,,2,0.09523809523809523,1.0,,
entry_z,usa,JNJ,top20_sharpe|usa|JNJ,,10,0.47619047619047616,1.5,,
entry_z,usa,JNJ,top20_sharpe|usa|JNJ,,5,0.23809523809523808,2.0,,
entry_z,usa,JNJ,top20_sharpe|usa|JNJ,,2,0.09523809523809523,2.5,,
entry_z,usa,JNJ,top20_sharpe|usa|JNJ,,2,0.09523809523809523,3.0,,
exit_z,usa,JNJ,top20_sharpe|usa|JNJ,,5,0.23809523809523808,,0.25,
exit_z,usa,JNJ,top20_sharpe|usa|JNJ,,7,0.3333333333333333,,0.5,
exit_z,usa,JNJ,top20_sharpe|usa|JNJ,,5,0.23809523809523808,,0.75,
exit_z,usa,JNJ,top20_sharpe|usa|JNJ,,4,0.19047619047619047,,1.0,
entry_exit_pair,usa,JNJ,top20_sharpe|usa|JNJ,,1,0.047619047619047616,,,1.0|0.5
entry_exit_pair,usa,JNJ,top20_sharpe|usa|JNJ,,1,0.047619047619047616,,,1.0|0.75
entry_exit_pair,usa,JNJ,top20_sharpe|usa|JNJ,,2,0.09523809523809523,,,1.5|0.25
entry_exit_pair,usa,JNJ,top20_sharpe|usa|JNJ,,2,0.09523809523809523,,,1.5|0.5
entry_exit_pair,usa,JNJ,top20_sharpe|usa|JNJ,,3,0.14285714285714285,,,1.5|0.75
entry_exit_pair,usa,JNJ,top20_sharpe|usa|JNJ,,3,0.14285714285714285,,,1.5|1.0
entry_exit_pair,usa,JNJ,top20_sharpe|usa|JNJ,,2,0.09523809523809523,,,2.0|0.25
entry_exit_pair,usa,JNJ,top20_sharpe|usa|JNJ,,1,0.047619047619047616,,,2.0|0.5
entry_exit_pair,usa,JNJ,top20_sharpe|usa|JNJ,,1,0.047619047619047616,,,2.0|0.75
entry_exit_pair,usa,JNJ,top20_sharpe|usa|JNJ,,1,0.047619047619047616,,,2.0|1.0
entry_exit_pair,usa,JNJ,top20_sharpe|usa|JNJ,,1,0.047619047619047616,,,2.5|0.25
entry_exit_pair,usa,JNJ,top20_sharpe|usa|JNJ,,1,0.047619047619047616,,,2.5|0.5
entry_exit_pair,usa,JNJ,top20_sharpe|usa|JNJ,,2,0.09523809523809523,,,3.0|0.5
rebalance_entry_pair,usa,JNJ,top20_sharpe|usa|JNJ,,1,0.047619047619047616,,,10|1.0
rebalance_entry_pair,usa,JNJ,top20_sharpe|usa|JNJ,,4,0.19047619047619047,,,10|1.5
rebalance_entry_pair,usa,JNJ,top20_sharpe|usa|JNJ,,1,0.047619047619047616,,,10|2.0
rebalance_entry_pair,usa,JNJ,top20_sharpe|usa|JNJ,,2,0.09523809523809523,,,10|2.5
rebalance_entry_pair,usa,JNJ,top20_sharpe|usa|JNJ,,1,0.047619047619047616,,,10|3.0
rebalance_entry_pair,usa,JNJ,top20_sharpe|usa|JNJ,,3,0.14285714285714285,,,21|1.5
rebalance_entry_pair,usa,JNJ,top20_sharpe|usa|JNJ,,1,0.047619047619047616,,,5|1.0
rebalance_entry_pair,usa,JNJ,top20_sharpe|usa|JNJ,,3,0.14285714285714285,,,5|1.5
rebalance_entry_pair,usa,JNJ,top20_sharpe|usa|JNJ,,4,0.19047619047619047,,,5|2.0
rebalance_entry_pair,usa,JNJ,top20_sharpe|usa|JNJ,,1,0.047619047619047616,,,5|3.0
full_combo,usa,JNJ,top20_sharpe|usa|JNJ,,1,0.047619047619047616,,,10|1.0|0.5
full_combo,usa,JNJ,top20_sharpe|usa|JNJ,,1,0.047619047619047616,,,10|1.5|0.25
full_combo,usa,JNJ,top20_sharpe|usa|JNJ,,1,0.047619047619047616,,,10|1.5|0.5
full_combo,usa,JNJ,top20_sharpe|usa|JNJ,,1,0.047619047619047616,,,10|1.5|0.75
full_combo,usa,JNJ,top20_sharpe|usa|JNJ,,1,0.047619047619047616,,,10|1.5|1.0
full_combo,usa,JNJ,top20_sharpe|usa|JNJ,,1,0.047619047619047616,,,10|2.0|0.25
full_combo,usa,JNJ,top20_sharpe|usa|JNJ,,1,0.047619047619047616,,,10|2.5|0.25
full_combo,usa,JNJ,top20_sharpe|usa|JNJ,,1,0.047619047619047616,,,10|2.5|0.5
full_combo,usa,JNJ,top20_sharpe|usa|JNJ,,1,0.047619047619047616,,,10|3.0|0.5
full_combo,usa,JNJ,top20_sharpe|usa|JNJ,,1,0.047619047619047616,,,21|1.5|0.25
full_combo,usa,JNJ,top20_sharpe|usa|JNJ,,1,0.047619047619047616,,,21|1.5|0.75
full_combo,usa,JNJ,top20_sharpe|usa|JNJ,,1,0.047619047619047616,,,21|1.5|1.0
full_combo,usa,JNJ,top20_sharpe|usa|JNJ,,1,0.047619047619047616,,,5|1.0|0.75
full_combo,usa,JNJ,top20_sharpe|usa|JNJ,,1,0.047619047619047616,,,5|1.5|0.5
full_combo,usa,JNJ,top20_sharpe|usa|JNJ,,1,0.047619047619047616,,,5|1.5|0.75
full_combo,usa,JNJ,top20_sharpe|usa|JNJ,,1,0.047619047619047616,,,5|1.5|1.0
full_combo,usa,JNJ,top20_sharpe|usa|JNJ,,1,0.047619047619047616,,,5|2.0|0.25
full_combo,usa,JNJ,top20_sharpe|usa|JNJ,,1,0.047619047619047616,,,5|2.0|0.5
full_combo,usa,JNJ,top20_sharpe|usa|JNJ,,1,0.047619047619047616,,,5|2.0|0.75
full_combo,usa,JNJ,top20_sharpe|usa|JNJ,,1,0.047619047619047616,,,5|2.0|1.0
full_combo,usa,JNJ,top20_sharpe|usa|JNJ,,1,0.047619047619047616,,,5|3.0|0.5
rebalance_frequency,usa,JPM,top20_sharpe|usa|JPM,5.0,18,0.46153846153846156,,,
rebalance_frequency,usa,JPM,top20_sharpe|usa|JPM,10.0,13,0.3333333333333333,,,
rebalance_frequency,usa,JPM,top20_sharpe|usa|JPM,21.0,8,0.20512820512820512,,,
entry_z,usa,JPM,top20_sharpe|usa|JPM,,6,0.15384615384615385,1.0,,
entry_z,usa,JPM,top20_sharpe|usa|JPM,,12,0.3076923076923077,1.5,,
entry_z,usa,JPM,top20_sharpe|usa|JPM,,8,0.20512820512820512,2.0,,
entry_z,usa,JPM,top20_sharpe|usa|JPM,,10,0.2564102564102564,2.5,,
entry_z,usa,JPM,top20_sharpe|usa|JPM,,3,0.07692307692307693,3.0,,
exit_z,usa,JPM,top20_sharpe|usa|JPM,,11,0.28205128205128205,,0.25,
exit_z,usa,JPM,top20_sharpe|usa|JPM,,10,0.2564102564102564,,0.5,
exit_z,usa,JPM,top20_sharpe|usa|JPM,,10,0.2564102564102564,,0.75,
exit_z,usa,JPM,top20_sharpe|usa|JPM,,8,0.20512820512820512,,1.0,
entry_exit_pair,usa,JPM,top20_sharpe|usa|JPM,,2,0.05128205128205128,,,1.0|0.25
entry_exit_pair,usa,JPM,top20_sharpe|usa|JPM,,2,0.05128205128205128,,,1.0|0.5
entry_exit_pair,usa,JPM,top20_sharpe|usa|JPM,,2,0.05128205128205128,,,1.0|0.75
entry_exit_pair,usa,JPM,top20_sharpe|usa|JPM,,3,0.07692307692307693,,,1.5|0.25
entry_exit_pair,usa,JPM,top20_sharpe|usa|JPM,,3,0.07692307692307693,,,1.5|0.5
entry_exit_pair,usa,JPM,top20_sharpe|usa|JPM,,3,0.07692307692307693,,,1.5|0.75
entry_exit_pair,usa,JPM,top20_sharpe|usa|JPM,,3,0.07692307692307693,,,1.5|1.0
entry_exit_pair,usa,JPM,top20_sharpe|usa|JPM,,2,0.05128205128205128,,,2.0|0.25
entry_exit_pair,usa,JPM,top20_sharpe|usa|JPM,,2,0.05128205128205128,,,2.0|0.5
entry_exit_pair,usa,JPM,top20_sharpe|usa|JPM,,2,0.05128205128205128,,,2.0|0.75
entry_exit_pair,usa,JPM,top20_sharpe|usa|JPM,,2,0.05128205128205128,,,2.0|1.0
entry_exit_pair,usa,JPM,top20_sharpe|usa|JPM,,3,0.07692307692307693,,,2.5|0.25
entry_exit_pair,usa,JPM,top20_sharpe|usa|JPM,,3,0.07692307692307693,,,2.5|0.5
entry_exit_pair,usa,JPM,top20_sharpe|usa|JPM,,2,0.05128205128205128,,,2.5|0.75
entry_exit_pair,usa,JPM,top20_sharpe|usa|JPM,,2,0.05128205128205128,,,2.5|1.0
entry_exit_pair,usa,JPM,top20_sharpe|usa|JPM,,1,0.02564102564102564,,,3.0|0.25
entry_exit_pair,usa,JPM,top20_sharpe|usa|JPM,,1,0.02564102564102564,,,3.0|0.75
entry_exit_pair,usa,JPM,top20_sharpe|usa|JPM,,1,0.02564102564102564,,,3.0|1.0
rebalance_entry_pair,usa,JPM,top20_sharpe|usa|JPM,,3,0.07692307692307693,,,10|1.0
rebalance_entry_pair,usa,JPM,top20_sharpe|usa|JPM,,4,0.10256410256410256,,,10|1.5
rebalance_entry_pair,usa,JPM,top20_sharpe|usa|JPM,,3,0.07692307692307693,,,10|2.0
rebalance_entry_pair,usa,JPM,top20_sharpe|usa|JPM,,3,0.07692307692307693,,,10|2.5
rebalance_entry_pair,usa,JPM,top20_sharpe|usa|JPM,,4,0.10256410256410256,,,21|1.5
rebalance_entry_pair,usa,JPM,top20_sharpe|usa|JPM,,1,0.02564102564102564,,,21|2.0
rebalance_entry_pair,usa,JPM,top20_sharpe|usa|JPM,,3,0.07692307692307693,,,21|2.5
rebalance_entry_pair,usa,JPM,top20_sharpe|usa|JPM,,3,0.07692307692307693,,,5|1.0
rebalance_entry_pair,usa,JPM,top20_sharpe|usa|JPM,,4,0.10256410256410256,,,5|1.5
rebalance_entry_pair,usa,JPM,top20_sharpe|usa|JPM,,4,0.10256410256410256,,,5|2.0
rebalance_entry_pair,usa,JPM,top20_sharpe|usa|JPM,,4,0.10256410256410256,,,5|2.5
rebalance_entry_pair,usa,JPM,top20_sharpe|usa|JPM,,3,0.07692307692307693,,,5|3.0
full_combo,usa,JPM,top20_sharpe|usa|JPM,,1,0.02564102564102564,,,10|1.0|0.25
full_combo,usa,JPM,top20_sharpe|usa|JPM,,1,0.02564102564102564,,,10|1.0|0.5
full_combo,usa,JPM,top20_sharpe|usa|JPM,,1,0.02564102564102564,,,10|1.0|0.75
full_combo,usa,JPM,top20_sharpe|usa|JPM,,1,0.02564102564102564,,,10|1.5|0.25
full_combo,usa,JPM,top20_sharpe|usa|JPM,,1,0.02564102564102564,,,10|1.5|0.5
full_combo,usa,JPM,top20_sharpe|usa|JPM,,1,0.02564102564102564,,,10|1.5|0.75
full_combo,usa,JPM,top20_sharpe|usa|JPM,,1,0.02564102564102564,,,10|1.5|1.0
full_combo,usa,JPM,top20_sharpe|usa|JPM,,1,0.02564102564102564,,,10|2.0|0.25
full_combo,usa,JPM,top20_sharpe|usa|JPM,,1,0.02564102564102564,,,10|2.0|0.5
full_combo,usa,JPM,top20_sharpe|usa|JPM,,1,0.02564102564102564,,,10|2.0|0.75
full_combo,usa,JPM,top20_sharpe|usa|JPM,,1,0.02564102564102564,,,10|2.5|0.25
full_combo,usa,JPM,top20_sharpe|usa|JPM,,1,0.02564102564102564,,,10|2.5|0.5
full_combo,usa,JPM,top20_sharpe|usa|JPM,,1,0.02564102564102564,,,10|2.5|0.75
full_combo,usa,JPM,top20_sharpe|usa|JPM,,1,0.02564102564102564,,,21|1.5|0.25
full_combo,usa,JPM,top20_sharpe|usa|JPM,,1,0.02564102564102564,,,21|1.5|0.5
full_combo,usa,JPM,top20_sharpe|usa|JPM,,1,0.02564102564102564,,,21|1.5|0.75
full_combo,usa,JPM,top20_sharpe|usa|JPM,,1,0.02564102564102564,,,21|1.5|1.0
full_combo,usa,JPM,top20_sharpe|usa|JPM,,1,0.02564102564102564,,,21|2.0|1.0
full_combo,usa,JPM,top20_sharpe|usa|JPM,,1,0.02564102564102564,,,21|2.5|0.25
full_combo,usa,JPM,top20_sharpe|usa|JPM,,1,0.02564102564102564,,,21|2.5|0.5
full_combo,usa,JPM,top20_sharpe|usa|JPM,,1,0.02564102564102564,,,21|2.5|1.0
full_combo,usa,JPM,top20_sharpe|usa|JPM,,1,0.02564102564102564,,,5|1.0|0.25
full_combo,usa,JPM,top20_sharpe|usa|JPM,,1,0.02564102564102564,,,5|1.0|0.5
full_combo,usa,JPM,top20_sharpe|usa|JPM,,1,0.02564102564102564,,,5|1.0|0.75
full_combo,usa,JPM,top20_sharpe|usa|JPM,,1,0.02564102564102564,,,5|1.5|0.25
full_combo,usa,JPM,top20_sharpe|usa|JPM,,1,0.02564102564102564,,,5|1.5|0.5
full_combo,usa,JPM,top20_sharpe|usa|JPM,,1,0.02564102564102564,,,5|1.5|0.75
full_combo,usa,JPM,top20_sharpe|usa|JPM,,1,0.02564102564102564,,,5|1.5|1.0
full_combo,usa,JPM,top20_sharpe|usa|JPM,,1,0.02564102564102564,,,5|2.0|0.25
full_combo,usa,JPM,top20_sharpe|usa|JPM,,1,0.02564102564102564,,,5|2.0|0.5
full_combo,usa,JPM,top20_sharpe|usa|JPM,,1,0.02564102564102564,,,5|2.0|0.75
full_combo,usa,JPM,top20_sharpe|usa|JPM,,1,0.02564102564102564,,,5|2.0|1.0
full_combo,usa,JPM,top20_sharpe|usa|JPM,,1,0.02564102564102564,,,5|2.5|0.25
full_combo,usa,JPM,top20_sharpe|usa|JPM,,1,0.02564102564102564,,,5|2.5|0.5
full_combo,usa,JPM,top20_sharpe|usa|JPM,,1,0.02564102564102564,,,5|2.5|0.75
full_combo,usa,JPM,top20_sharpe|usa|JPM,,1,0.02564102564102564,,,5|2.5|1.0
full_combo,usa,JPM,top20_sharpe|usa|JPM,,1,0.02564102564102564,,,5|3.0|0.25
full_combo,usa,JPM,top20_sharpe|usa|JPM,,1,0.02564102564102564,,,5|3.0|0.75
full_combo,usa,JPM,top20_sharpe|usa|JPM,,1,0.02564102564102564,,,5|3.0|1.0
rebalance_frequency,usa,KO,top20_sharpe|usa|KO,5.0,3,0.75,,,
rebalance_frequency,usa,KO,top20_sharpe|usa|KO,10.0,1,0.25,,,
entry_z,usa,KO,top20_sharpe|usa|KO,,2,0.5,1.0,,
entry_z,usa,KO,top20_sharpe|usa|KO,,1,0.25,1.5,,
entry_z,usa,KO,top20_sharpe|usa|KO,,1,0.25,3.0,,
exit_z,usa,KO,top20_sharpe|usa|KO,,1,0.25,,0.5,
exit_z,usa,KO,top20_sharpe|usa|KO,,3,0.75,,0.75,
entry_exit_pair,usa,KO,top20_sharpe|usa|KO,,1,0.25,,,1.0|0.5
entry_exit_pair,usa,KO,top20_sharpe|usa|KO,,1,0.25,,,1.0|0.75
entry_exit_pair,usa,KO,top20_sharpe|usa|KO,,1,0.25,,,1.5|0.75
entry_exit_pair,usa,KO,top20_sharpe|usa|KO,,1,0.25,,,3.0|0.75
rebalance_entry_pair,usa,KO,top20_sharpe|usa|KO,,1,0.25,,,10|1.0
rebalance_entry_pair,usa,KO,top20_sharpe|usa|KO,,1,0.25,,,5|1.0
rebalance_entry_pair,usa,KO,top20_sharpe|usa|KO,,1,0.25,,,5|1.5
rebalance_entry_pair,usa,KO,top20_sharpe|usa|KO,,1,0.25,,,5|3.0
full_combo,usa,KO,top20_sharpe|usa|KO,,1,0.25,,,10|1.0|0.5
full_combo,usa,KO,top20_sharpe|usa|KO,,1,0.25,,,5|1.0|0.75
full_combo,usa,KO,top20_sharpe|usa|KO,,1,0.25,,,5|1.5|0.75
full_combo,usa,KO,top20_sharpe|usa|KO,,1,0.25,,,5|3.0|0.75
rebalance_frequency,usa,NVDA,top20_sharpe|usa|NVDA,5.0,9,0.391304347826087,,,
rebalance_frequency,usa,NVDA,top20_sharpe|usa|NVDA,10.0,6,0.2608695652173913,,,
rebalance_frequency,usa,NVDA,top20_sharpe|usa|NVDA,21.0,8,0.34782608695652173,,,
entry_z,usa,NVDA,top20_sharpe|usa|NVDA,,7,0.30434782608695654,1.0,,
entry_z,usa,NVDA,top20_sharpe|usa|NVDA,,9,0.391304347826087,1.5,,
entry_z,usa,NVDA,top20_sharpe|usa|NVDA,,1,0.043478260869565216,2.0,,
entry_z,usa,NVDA,top20_sharpe|usa|NVDA,,2,0.08695652173913043,2.5,,
entry_z,usa,NVDA,top20_sharpe|usa|NVDA,,4,0.17391304347826086,3.0,,
exit_z,usa,NVDA,top20_sharpe|usa|NVDA,,8,0.34782608695652173,,0.25,
exit_z,usa,NVDA,top20_sharpe|usa|NVDA,,5,0.21739130434782608,,0.5,
exit_z,usa,NVDA,top20_sharpe|usa|NVDA,,8,0.34782608695652173,,0.75,
exit_z,usa,NVDA,top20_sharpe|usa|NVDA,,2,0.08695652173913043,,1.0,
entry_exit_pair,usa,NVDA,top20_sharpe|usa|NVDA,,3,0.13043478260869565,,,1.0|0.25
entry_exit_pair,usa,NVDA,top20_sharpe|usa|NVDA,,2,0.08695652173913043,,,1.0|0.5
entry_exit_pair,usa,NVDA,top20_sharpe|usa|NVDA,,2,0.08695652173913043,,,1.0|0.75
entry_exit_pair,usa,NVDA,top20_sharpe|usa|NVDA,,3,0.13043478260869565,,,1.5|0.25
entry_exit_pair,usa,NVDA,top20_sharpe|usa|NVDA,,2,0.08695652173913043,,,1.5|0.5
entry_exit_pair,usa,NVDA,top20_sharpe|usa|NVDA,,3,0.13043478260869565,,,1.5|0.75
entry_exit_pair,usa,NVDA,top20_sharpe|usa|NVDA,,1,0.043478260869565216,,,1.5|1.0
entry_exit_pair,usa,NVDA,top20_sharpe|usa|NVDA,,1,0.043478260869565216,,,2.0|0.25
entry_exit_pair,usa,NVDA,top20_sharpe|usa|NVDA,,1,0.043478260869565216,,,2.5|0.25
entry_exit_pair,usa,NVDA,top20_sharpe|usa|NVDA,,1,0.043478260869565216,,,2.5|0.75
entry_exit_pair,usa,NVDA,top20_sharpe|usa|NVDA,,1,0.043478260869565216,,,3.0|0.5
entry_exit_pair,usa,NVDA,top20_sharpe|usa|NVDA,,2,0.08695652173913043,,,3.0|0.75
entry_exit_pair,usa,NVDA,top20_sharpe|usa|NVDA,,1,0.043478260869565216,,,3.0|1.0
rebalance_entry_pair,usa,NVDA,top20_sharpe|usa|NVDA,,3,0.13043478260869565,,,10|1.0
rebalance_entry_pair,usa,NVDA,top20_sharpe|usa|NVDA,,3,0.13043478260869565,,,10|1.5
rebalance_entry_pair,usa,NVDA,top20_sharpe|usa|NVDA,,2,0.08695652173913043,,,21|1.0
rebalance_entry_pair,usa,NVDA,top20_sharpe|usa|NVDA,,3,0.13043478260869565,,,21|1.5
rebalance_entry_pair,usa,NVDA,top20_sharpe|usa|NVDA,,1,0.043478260869565216,,,21|2.0
rebalance_entry_pair,usa,NVDA,top20_sharpe|usa|NVDA,,2,0.08695652173913043,,,21|3.0
rebalance_entry_pair,usa,NVDA,top20_sharpe|usa|NVDA,,2,0.08695652173913043,,,5|1.0
rebalance_entry_pair,usa,NVDA,top20_sharpe|usa|NVDA,,3,0.13043478260869565,,,5|1.5
rebalance_entry_pair,usa,NVDA,top20_sharpe|usa|NVDA,,2,0.08695652173913043,,,5|2.5
rebalance_entry_pair,usa,NVDA,top20_sharpe|usa|NVDA,,2,0.08695652173913043,,,5|3.0
full_combo,usa,NVDA,top20_sharpe|usa|NVDA,,1,0.043478260869565216,,,10|1.0|0.25
full_combo,usa,NVDA,top20_sharpe|usa|NVDA,,1,0.043478260869565216,,,10|1.0|0.5
full_combo,usa,NVDA,top20_sharpe|usa|NVDA,,1,0.043478260869565216,,,10|1.0|0.75
full_combo,usa,NVDA,top20_sharpe|usa|NVDA,,1,0.043478260869565216,,,10|1.5|0.25
full_combo,usa,NVDA,top20_sharpe|usa|NVDA,,1,0.043478260869565216,,,10|1.5|0.5
full_combo,usa,NVDA,top20_sharpe|usa|NVDA,,1,0.043478260869565216,,,10|1.5|0.75
full_combo,usa,NVDA,top20_sharpe|usa|NVDA,,1,0.043478260869565216,,,21|1.0|0.25
full_combo,usa,NVDA,top20_sharpe|usa|NVDA,,1,0.043478260869565216,,,21|1.0|0.5
full_combo,usa,NVDA,top20_sharpe|usa|NVDA,,1,0.043478260869565216,,,21|1.5|0.25
full_combo,usa,NVDA,top20_sharpe|usa|NVDA,,1,0.043478260869565216,,,21|1.5|0.5
full_combo,usa,NVDA,top20_sharpe|usa|NVDA,,1,0.043478260869565216,,,21|1.5|0.75
full_combo,usa,NVDA,top20_sharpe|usa|NVDA,,1,0.043478260869565216,,,21|2.0|0.25
full_combo,usa,NVDA,top20_sharpe|usa|NVDA,,1,0.043478260869565216,,,21|3.0|0.5
full_combo,usa,NVDA,top20_sharpe|usa|NVDA,,1,0.043478260869565216,,,21|3.0|0.75
full_combo,usa,NVDA,top20_sharpe|usa|NVDA,,1,0.043478260869565216,,,5|1.0|0.25
full_combo,usa,NVDA,top20_sharpe|usa|NVDA,,1,0.043478260869565216,,,5|1.0|0.75
full_combo,usa,NVDA,top20_sharpe|usa|NVDA,,1,0.043478260869565216,,,5|1.5|0.25
full_combo,usa,NVDA,top20_sharpe|usa|NVDA,,1,0.043478260869565216,,,5|1.5|0.75
full_combo,usa,NVDA,top20_sharpe|usa|NVDA,,1,0.043478260869565216,,,5|1.5|1.0
full_combo,usa,NVDA,top20_sharpe|usa|NVDA,,1,0.043478260869565216,,,5|2.5|0.25
full_combo,usa,NVDA,top20_sharpe|usa|NVDA,,1,0.043478260869565216,,,5|2.5|0.75
full_combo,usa,NVDA,top20_sharpe|usa|NVDA,,1,0.043478260869565216,,,5|3.0|0.75
full_combo,usa,NVDA,top20_sharpe|usa|NVDA,,1,0.043478260869565216,,,5|3.0|1.0
rebalance_frequency,crypto,ADA,top10_total_return|crypto|ADA,24.0,15,0.40540540540540543,,,
rebalance_frequency,crypto,ADA,top10_total_return|crypto|ADA,72.0,9,0.24324324324324326,,,
rebalance_frequency,crypto,ADA,top10_total_return|crypto|ADA,168.0,10,0.2702702702702703,,,
rebalance_frequency,crypto,ADA,top10_total_return|crypto|ADA,336.0,3,0.08108108108108109,,,
entry_z,crypto,ADA,top10_total_return|crypto|ADA,,4,0.10810810810810811,1.0,,
entry_z,crypto,ADA,top10_total_return|crypto|ADA,,10,0.2702702702702703,1.5,,
entry_z,crypto,ADA,top10_total_return|crypto|ADA,,9,0.24324324324324326,2.0,,
entry_z,crypto,ADA,top10_total_return|crypto|ADA,,10,0.2702702702702703,2.5,,
entry_z,crypto,ADA,top10_total_return|crypto|ADA,,4,0.10810810810810811,3.0,,
exit_z,crypto,ADA,top10_total_return|crypto|ADA,,15,0.40540540540540543,,0.25,
exit_z,crypto,ADA,top10_total_return|crypto|ADA,,10,0.2702702702702703,,0.5,
exit_z,crypto,ADA,top10_total_return|crypto|ADA,,9,0.24324324324324326,,0.75,
exit_z,crypto,ADA,top10_total_return|crypto|ADA,,3,0.08108108108108109,,1.0,
entry_exit_pair,crypto,ADA,top10_total_return|crypto|ADA,,2,0.05405405405405406,,,1.0|0.25
entry_exit_pair,crypto,ADA,top10_total_return|crypto|ADA,,1,0.02702702702702703,,,1.0|0.5
entry_exit_pair,crypto,ADA,top10_total_return|crypto|ADA,,1,0.02702702702702703,,,1.0|0.75
entry_exit_pair,crypto,ADA,top10_total_return|crypto|ADA,,4,0.10810810810810811,,,1.5|0.25
entry_exit_pair,crypto,ADA,top10_total_return|crypto|ADA,,3,0.08108108108108109,,,1.5|0.5
entry_exit_pair,crypto,ADA,top10_total_return|crypto|ADA,,3,0.08108108108108109,,,1.5|0.75
entry_exit_pair,crypto,ADA,top10_total_return|crypto|ADA,,3,0.08108108108108109,,,2.0|0.25
entry_exit_pair,crypto,ADA,top10_total_return|crypto|ADA,,3,0.08108108108108109,,,2.0|0.5
entry_exit_pair,crypto,ADA,top10_total_return|crypto|ADA,,2,0.05405405405405406,,,2.0|0.75
entry_exit_pair,crypto,ADA,top10_total_return|crypto|ADA,,1,0.02702702702702703,,,2.0|1.0
entry_exit_pair,crypto,ADA,top10_total_return|crypto|ADA,,4,0.10810810810810811,,,2.5|0.25
entry_exit_pair,crypto,ADA,top10_total_return|crypto|ADA,,2,0.05405405405405406,,,2.5|0.5
entry_exit_pair,crypto,ADA,top10_total_return|crypto|ADA,,2,0.05405405405405406,,,2.5|0.75
entry_exit_pair,crypto,ADA,top10_total_return|crypto|ADA,,2,0.05405405405405406,,,2.5|1.0
entry_exit_pair,crypto,ADA,top10_total_return|crypto|ADA,,2,0.05405405405405406,,,3.0|0.25
entry_exit_pair,crypto,ADA,top10_total_return|crypto|ADA,,1,0.02702702702702703,,,3.0|0.5
entry_exit_pair,crypto,ADA,top10_total_return|crypto|ADA,,1,0.02702702702702703,,,3.0|0.75
rebalance_entry_pair,crypto,ADA,top10_total_return|crypto|ADA,,1,0.02702702702702703,,,168|1.0
rebalance_entry_pair,crypto,ADA,top10_total_return|crypto|ADA,,3,0.08108108108108109,,,168|1.5
rebalance_entry_pair,crypto,ADA,top10_total_return|crypto|ADA,,3,0.08108108108108109,,,168|2.0
rebalance_entry_pair,crypto,ADA,top10_total_return|crypto|ADA,,3,0.08108108108108109,,,168|2.5
rebalance_entry_pair,crypto,ADA,top10_total_return|crypto|ADA,,2,0.05405405405405406,,,24|1.0
rebalance_entry_pair,crypto,ADA,top10_total_return|crypto|ADA,,2,0.05405405405405406,,,24|1.5
rebalance_entry_pair,crypto,ADA,top10_total_return|crypto|ADA,,4,0.10810810810810811,,,24|2.0
rebalance_entry_pair,crypto,ADA,top10_total_return|crypto|ADA,,4,0.10810810810810811,,,24|2.5
rebalance_entry_pair,crypto,ADA,top10_total_return|crypto|ADA,,3,0.08108108108108109,,,24|3.0
rebalance_entry_pair,crypto,ADA,top10_total_return|crypto|ADA,,2,0.05405405405405406,,,336|1.5
rebalance_entry_pair,crypto,ADA,top10_total_return|crypto|ADA,,1,0.02702702702702703,,,336|2.5
rebalance_entry_pair,crypto,ADA,top10_total_return|crypto|ADA,,1,0.02702702702702703,,,72|1.0
rebalance_entry_pair,crypto,ADA,top10_total_return|crypto|ADA,,3,0.08108108108108109,,,72|1.5
rebalance_entry_pair,crypto,ADA,top10_total_return|crypto|ADA,,2,0.05405405405405406,,,72|2.0
rebalance_entry_pair,crypto,ADA,top10_total_return|crypto|ADA,,2,0.05405405405405406,,,72|2.5
rebalance_entry_pair,crypto,ADA,top10_total_return|crypto|ADA,,1,0.02702702702702703,,,72|3.0
full_combo,crypto,ADA,top10_total_return|crypto|ADA,,1,0.02702702702702703,,,168|1.0|0.25
full_combo,crypto,ADA,top10_total_return|crypto|ADA,,1,0.02702702702702703,,,168|1.5|0.25
full_combo,crypto,ADA,top10_total_return|crypto|ADA,,1,0.02702702702702703,,,168|1.5|0.5
full_combo,crypto,ADA,top10_total_return|crypto|ADA,,1,0.02702702702702703,,,168|1.5|0.75
full_combo,crypto,ADA,top10_total_return|crypto|ADA,,1,0.02702702702702703,,,168|2.0|0.25
full_combo,crypto,ADA,top10_total_return|crypto|ADA,,1,0.02702702702702703,,,168|2.0|0.5
full_combo,crypto,ADA,top10_total_return|crypto|ADA,,1,0.02702702702702703,,,168|2.0|0.75
full_combo,crypto,ADA,top10_total_return|crypto|ADA,,1,0.02702702702702703,,,168|2.5|0.25
full_combo,crypto,ADA,top10_total_return|crypto|ADA,,1,0.02702702702702703,,,168|2.5|0.5
full_combo,crypto,ADA,top10_total_return|crypto|ADA,,1,0.02702702702702703,,,168|2.5|0.75
full_combo,crypto,ADA,top10_total_return|crypto|ADA,,1,0.02702702702702703,,,24|1.0|0.5
full_combo,crypto,ADA,top10_total_return|crypto|ADA,,1,0.02702702702702703,,,24|1.0|0.75
full_combo,crypto,ADA,top10_total_return|crypto|ADA,,1,0.02702702702702703,,,24|1.5|0.25
full_combo,crypto,ADA,top10_total_return|crypto|ADA,,1,0.02702702702702703,,,24|1.5|0.75
full_combo,crypto,ADA,top10_total_return|crypto|ADA,,1,0.02702702702702703,,,24|2.0|0.25
full_combo,crypto,ADA,top10_total_return|crypto|ADA,,1,0.02702702702702703,,,24|2.0|0.5
full_combo,crypto,ADA,top10_total_return|crypto|ADA,,1,0.02702702702702703,,,24|2.0|0.75
full_combo,crypto,ADA,top10_total_return|crypto|ADA,,1,0.02702702702702703,,,24|2.0|1.0
full_combo,crypto,ADA,top10_total_return|crypto|ADA,,1,0.02702702702702703,,,24|2.5|0.25
full_combo,crypto,ADA,top10_total_return|crypto|ADA,,1,0.02702702702702703,,,24|2.5|0.5
full_combo,crypto,ADA,top10_total_return|crypto|ADA,,1,0.02702702702702703,,,24|2.5|0.75
full_combo,crypto,ADA,top10_total_return|crypto|ADA,,1,0.02702702702702703,,,24|2.5|1.0
full_combo,crypto,ADA,top10_total_return|crypto|ADA,,1,0.02702702702702703,,,24|3.0|0.25
full_combo,crypto,ADA,top10_total_return|crypto|ADA,,1,0.02702702702702703,,,24|3.0|0.5
full_combo,crypto,ADA,top10_total_return|crypto|ADA,,1,0.02702702702702703,,,24|3.0|0.75
full_combo,crypto,ADA,top10_total_return|crypto|ADA,,1,0.02702702702702703,,,336|1.5|0.25
full_combo,crypto,ADA,top10_total_return|crypto|ADA,,1,0.02702702702702703,,,336|1.5|0.5
full_combo,crypto,ADA,top10_total_return|crypto|ADA,,1,0.02702702702702703,,,336|2.5|0.25
full_combo,crypto,ADA,top10_total_return|crypto|ADA,,1,0.02702702702702703,,,72|1.0|0.25
full_combo,crypto,ADA,top10_total_return|crypto|ADA,,1,0.02702702702702703,,,72|1.5|0.25
full_combo,crypto,ADA,top10_total_return|crypto|ADA,,1,0.02702702702702703,,,72|1.5|0.5
full_combo,crypto,ADA,top10_total_return|crypto|ADA,,1,0.02702702702702703,,,72|1.5|0.75
full_combo,crypto,ADA,top10_total_return|crypto|ADA,,1,0.02702702702702703,,,72|2.0|0.25
full_combo,crypto,ADA,top10_total_return|crypto|ADA,,1,0.02702702702702703,,,72|2.0|0.5
full_combo,crypto,ADA,top10_total_return|crypto|ADA,,1,0.02702702702702703,,,72|2.5|0.25
full_combo,crypto,ADA,top10_total_return|crypto|ADA,,1,0.02702702702702703,,,72|2.5|1.0
full_combo,crypto,ADA,top10_total_return|crypto|ADA,,1,0.02702702702702703,,,72|3.0|0.25
rebalance_frequency,crypto,ATOM,top10_total_return|crypto|ATOM,24.0,19,0.2835820895522388,,,
rebalance_frequency,crypto,ATOM,top10_total_return|crypto|ATOM,72.0,19,0.2835820895522388,,,
rebalance_frequency,crypto,ATOM,top10_total_return|crypto|ATOM,168.0,16,0.23880597014925373,,,
rebalance_frequency,crypto,ATOM,top10_total_return|crypto|ATOM,336.0,13,0.19402985074626866,,,
entry_z,crypto,ATOM,top10_total_return|crypto|ATOM,,12,0.1791044776119403,1.0,,
entry_z,crypto,ATOM,top10_total_return|crypto|ATOM,,16,0.23880597014925373,1.5,,
entry_z,crypto,ATOM,top10_total_return|crypto|ATOM,,14,0.208955223880597,2.0,,
entry_z,crypto,ATOM,top10_total_return|crypto|ATOM,,13,0.19402985074626866,2.5,,
entry_z,crypto,ATOM,top10_total_return|crypto|ATOM,,12,0.1791044776119403,3.0,,
exit_z,crypto,ATOM,top10_total_return|crypto|ATOM,,20,0.29850746268656714,,0.25,
exit_z,crypto,ATOM,top10_total_return|crypto|ATOM,,19,0.2835820895522388,,0.5,
exit_z,crypto,ATOM,top10_total_return|crypto|ATOM,,18,0.26865671641791045,,0.75,
exit_z,crypto,ATOM,top10_total_return|crypto|ATOM,,10,0.14925373134328357,,1.0,
entry_exit_pair,crypto,ATOM,top10_total_return|crypto|ATOM,,4,0.05970149253731343,,,1.0|0.25
entry_exit_pair,crypto,ATOM,top10_total_return|crypto|ATOM,,4,0.05970149253731343,,,1.0|0.5
entry_exit_pair,crypto,ATOM,top10_total_return|crypto|ATOM,,4,0.05970149253731343,,,1.0|0.75
entry_exit_pair,crypto,ATOM,top10_total_return|crypto|ATOM,,4,0.05970149253731343,,,1.5|0.25
entry_exit_pair,crypto,ATOM,top10_total_return|crypto|ATOM,,4,0.05970149253731343,,,1.5|0.5
entry_exit_pair,crypto,ATOM,top10_total_return|crypto|ATOM,,4,0.05970149253731343,,,1.5|0.75
entry_exit_pair,crypto,ATOM,top10_total_return|crypto|ATOM,,4,0.05970149253731343,,,1.5|1.0
entry_exit_pair,crypto,ATOM,top10_total_return|crypto|ATOM,,4,0.05970149253731343,,,2.0|0.25
entry_exit_pair,crypto,ATOM,top10_total_return|crypto|ATOM,,4,0.05970149253731343,,,2.0|0.5
entry_exit_pair,crypto,ATOM,top10_total_return|crypto|ATOM,,4,0.05970149253731343,,,2.0|0.75
entry_exit_pair,crypto,ATOM,top10_total_return|crypto|ATOM,,2,0.029850746268656716,,,2.0|1.0
entry_exit_pair,crypto,ATOM,top10_total_return|crypto|ATOM,,4,0.05970149253731343,,,2.5|0.25
entry_exit_pair,crypto,ATOM,top10_total_return|crypto|ATOM,,4,0.05970149253731343,,,2.5|0.5
entry_exit_pair,crypto,ATOM,top10_total_return|crypto|ATOM,,3,0.04477611940298507,,,2.5|0.75
entry_exit_pair,crypto,ATOM,top10_total_return|crypto|ATOM,,2,0.029850746268656716,,,2.5|1.0
entry_exit_pair,crypto,ATOM,top10_total_return|crypto|ATOM,,4,0.05970149253731343,,,3.0|0.25
entry_exit_pair,crypto,ATOM,top10_total_return|crypto|ATOM,,3,0.04477611940298507,,,3.0|0.5
entry_exit_pair,crypto,ATOM,top10_total_return|crypto|ATOM,,3,0.04477611940298507,,,3.0|0.75
entry_exit_pair,crypto,ATOM,top10_total_return|crypto|ATOM,,2,0.029850746268656716,,,3.0|1.0
rebalance_entry_pair,crypto,ATOM,top10_total_return|crypto|ATOM,,3,0.04477611940298507,,,168|1.0
rebalance_entry_pair,crypto,ATOM,top10_total_return|crypto|ATOM,,4,0.05970149253731343,,,168|1.5
rebalance_entry_pair,crypto,ATOM,top10_total_return|crypto|ATOM,,3,0.04477611940298507,,,168|2.0
rebalance_entry_pair,crypto,ATOM,top10_total_return|crypto|ATOM,,3,0.04477611940298507,,,168|2.5
rebalance_entry_pair,crypto,ATOM,top10_total_return|crypto|ATOM,,3,0.04477611940298507,,,168|3.0
rebalance_entry_pair,crypto,ATOM,top10_total_return|crypto|ATOM,,3,0.04477611940298507,,,24|1.0
rebalance_entry_pair,crypto,ATOM,top10_total_return|crypto|ATOM,,4,0.05970149253731343,,,24|1.5
rebalance_entry_pair,crypto,ATOM,top10_total_return|crypto|ATOM,,4,0.05970149253731343,,,24|2.0
rebalance_entry_pair,crypto,ATOM,top10_total_return|crypto|ATOM,,4,0.05970149253731343,,,24|2.5
rebalance_entry_pair,crypto,ATOM,top10_total_return|crypto|ATOM,,4,0.05970149253731343,,,24|3.0
rebalance_entry_pair,crypto,ATOM,top10_total_return|crypto|ATOM,,3,0.04477611940298507,,,336|1.0
rebalance_entry_pair,crypto,ATOM,top10_total_return|crypto|ATOM,,4,0.05970149253731343,,,336|1.5
rebalance_entry_pair,crypto,ATOM,top10_total_return|crypto|ATOM,,3,0.04477611940298507,,,336|2.0
rebalance_entry_pair,crypto,ATOM,top10_total_return|crypto|ATOM,,2,0.029850746268656716,,,336|2.5
rebalance_entry_pair,crypto,ATOM,top10_total_return|crypto|ATOM,,1,0.014925373134328358,,,336|3.0
rebalance_entry_pair,crypto,ATOM,top10_total_return|crypto|ATOM,,3,0.04477611940298507,,,72|1.0
rebalance_entry_pair,crypto,ATOM,top10_total_return|crypto|ATOM,,4,0.05970149253731343,,,72|1.5
rebalance_entry_pair,crypto,ATOM,top10_total_return|crypto|ATOM,,4,0.05970149253731343,,,72|2.0
rebalance_entry_pair,crypto,ATOM,top10_total_return|crypto|ATOM,,4,0.05970149253731343,,,72|2.5
rebalance_entry_pair,crypto,ATOM,top10_total_return|crypto|ATOM,,4,0.05970149253731343,,,72|3.0
full_combo,crypto,ATOM,top10_total_return|crypto|ATOM,,1,0.014925373134328358,,,168|1.0|0.25
full_combo,crypto,ATOM,top10_total_return|crypto|ATOM,,1,0.014925373134328358,,,168|1.0|0.5
full_combo,crypto,ATOM,top10_total_return|crypto|ATOM,,1,0.014925373134328358,,,168|1.0|0.75
full_combo,crypto,ATOM,top10_total_return|crypto|ATOM,,1,0.014925373134328358,,,168|1.5|0.25
full_combo,crypto,ATOM,top10_total_return|crypto|ATOM,,1,0.014925373134328358,,,168|1.5|0.5
full_combo,crypto,ATOM,top10_total_return|crypto|ATOM,,1,0.014925373134328358,,,168|1.5|0.75
full_combo,crypto,ATOM,top10_total_return|crypto|ATOM,,1,0.014925373134328358,,,168|1.5|1.0
full_combo,crypto,ATOM,top10_total_return|crypto|ATOM,,1,0.014925373134328358,,,168|2.0|0.25
full_combo,crypto,ATOM,top10_total_return|crypto|ATOM,,1,0.014925373134328358,,,168|2.0|0.5
full_combo,crypto,ATOM,top10_total_return|crypto|ATOM,,1,0.014925373134328358,,,168|2.0|0.75
full_combo,crypto,ATOM,top10_total_return|crypto|ATOM,,1,0.014925373134328358,,,168|2.5|0.25
full_combo,crypto,ATOM,top10_total_return|crypto|ATOM,,1,0.014925373134328358,,,168|2.5|0.5
full_combo,crypto,ATOM,top10_total_return|crypto|ATOM,,1,0.014925373134328358,,,168|2.5|0.75
full_combo,crypto,ATOM,top10_total_return|crypto|ATOM,,1,0.014925373134328358,,,168|3.0|0.25
full_combo,crypto,ATOM,top10_total_return|crypto|ATOM,,1,0.014925373134328358,,,168|3.0|0.5
full_combo,crypto,ATOM,top10_total_return|crypto|ATOM,,1,0.014925373134328358,,,168|3.0|0.75
full_combo,crypto,ATOM,top10_total_return|crypto|ATOM,,1,0.014925373134328358,,,24|1.0|0.25
full_combo,crypto,ATOM,top10_total_return|crypto|ATOM,,1,0.014925373134328358,,,24|1.0|0.5
full_combo,crypto,ATOM,top10_total_return|crypto|ATOM,,1,0.014925373134328358,,,24|1.0|0.75
full_combo,crypto,ATOM,top10_total_return|crypto|ATOM,,1,0.014925373134328358,,,24|1.5|0.25
full_combo,crypto,ATOM,top10_total_return|crypto|ATOM,,1,0.014925373134328358,,,24|1.5|0.5
full_combo,crypto,ATOM,top10_total_return|crypto|ATOM,,1,0.014925373134328358,,,24|1.5|0.75
full_combo,crypto,ATOM,top10_total_return|crypto|ATOM,,1,0.014925373134328358,,,24|1.5|1.0
full_combo,crypto,ATOM,top10_total_return|crypto|ATOM,,1,0.014925373134328358,,,24|2.0|0.25
full_combo,crypto,ATOM,top10_total_return|crypto|ATOM,,1,0.014925373134328358,,,24|2.0|0.5
full_combo,crypto,ATOM,top10_total_return|crypto|ATOM,,1,0.014925373134328358,,,24|2.0|0.75
full_combo,crypto,ATOM,top10_total_return|crypto|ATOM,,1,0.014925373134328358,,,24|2.0|1.0
full_combo,crypto,ATOM,top10_total_return|crypto|ATOM,,1,0.014925373134328358,,,24|2.5|0.25
full_combo,crypto,ATOM,top10_total_return|crypto|ATOM,,1,0.014925373134328358,,,24|2.5|0.5
full_combo,crypto,ATOM,top10_total_return|crypto|ATOM,,1,0.014925373134328358,,,24|2.5|0.75
full_combo,crypto,ATOM,top10_total_return|crypto|ATOM,,1,0.014925373134328358,,,24|2.5|1.0
full_combo,crypto,ATOM,top10_total_return|crypto|ATOM,,1,0.014925373134328358,,,24|3.0|0.25
full_combo,crypto,ATOM,top10_total_return|crypto|ATOM,,1,0.014925373134328358,,,24|3.0|0.5
full_combo,crypto,ATOM,top10_total_return|crypto|ATOM,,1,0.014925373134328358,,,24|3.0|0.75
full_combo,crypto,ATOM,top10_total_return|crypto|ATOM,,1,0.014925373134328358,,,24|3.0|1.0
full_combo,crypto,ATOM,top10_total_return|crypto|ATOM,,1,0.014925373134328358,,,336|1.0|0.25
full_combo,crypto,ATOM,top10_total_return|crypto|ATOM,,1,0.014925373134328358,,,336|1.0|0.5
full_combo,crypto,ATOM,top10_total_return|crypto|ATOM,,1,0.014925373134328358,,,336|1.0|0.75
full_combo,crypto,ATOM,top10_total_return|crypto|ATOM,,1,0.014925373134328358,,,336|1.5|0.25
full_combo,crypto,ATOM,top10_total_return|crypto|ATOM,,1,0.014925373134328358,,,336|1.5|0.5
full_combo,crypto,ATOM,top10_total_return|crypto|ATOM,,1,0.014925373134328358,,,336|1.5|0.75
full_combo,crypto,ATOM,top10_total_return|crypto|ATOM,,1,0.014925373134328358,,,336|1.5|1.0
full_combo,crypto,ATOM,top10_total_return|crypto|ATOM,,1,0.014925373134328358,,,336|2.0|0.25
full_combo,crypto,ATOM,top10_total_return|crypto|ATOM,,1,0.014925373134328358,,,336|2.0|0.5
full_combo,crypto,ATOM,top10_total_return|crypto|ATOM,,1,0.014925373134328358,,,336|2.0|0.75
full_combo,crypto,ATOM,top10_total_return|crypto|ATOM,,1,0.014925373134328358,,,336|2.5|0.25
full_combo,crypto,ATOM,top10_total_return|crypto|ATOM,,1,0.014925373134328358,,,336|2.5|0.5
full_combo,crypto,ATOM,top10_total_return|crypto|ATOM,,1,0.014925373134328358,,,336|3.0|0.25
full_combo,crypto,ATOM,top10_total_return|crypto|ATOM,,1,0.014925373134328358,,,72|1.0|0.25
full_combo,crypto,ATOM,top10_total_return|crypto|ATOM,,1,0.014925373134328358,,,72|1.0|0.5
full_combo,crypto,ATOM,top10_total_return|crypto|ATOM,,1,0.014925373134328358,,,72|1.0|0.75
full_combo,crypto,ATOM,top10_total_return|crypto|ATOM,,1,0.014925373134328358,,,72|1.5|0.25
full_combo,crypto,ATOM,top10_total_return|crypto|ATOM,,1,0.014925373134328358,,,72|1.5|0.5
full_combo,crypto,ATOM,top10_total_return|crypto|ATOM,,1,0.014925373134328358,,,72|1.5|0.75
full_combo,crypto,ATOM,top10_total_return|crypto|ATOM,,1,0.014925373134328358,,,72|1.5|1.0
full_combo,crypto,ATOM,top10_total_return|crypto|ATOM,,1,0.014925373134328358,,,72|2.0|0.25
full_combo,crypto,ATOM,top10_total_return|crypto|ATOM,,1,0.014925373134328358,,,72|2.0|0.5
full_combo,crypto,ATOM,top10_total_return|crypto|ATOM,,1,0.014925373134328358,,,72|2.0|0.75
full_combo,crypto,ATOM,top10_total_return|crypto|ATOM,,1,0.014925373134328358,,,72|2.0|1.0
full_combo,crypto,ATOM,top10_total_return|crypto|ATOM,,1,0.014925373134328358,,,72|2.5|0.25
full_combo,crypto,ATOM,top10_total_return|crypto|ATOM,,1,0.014925373134328358,,,72|2.5|0.5
full_combo,crypto,ATOM,top10_total_return|crypto|ATOM,,1,0.014925373134328358,,,72|2.5|0.75
full_combo,crypto,ATOM,top10_total_return|crypto|ATOM,,1,0.014925373134328358,,,72|2.5|1.0
full_combo,crypto,ATOM,top10_total_return|crypto|ATOM,,1,0.014925373134328358,,,72|3.0|0.25
full_combo,crypto,ATOM,top10_total_return|crypto|ATOM,,1,0.014925373134328358,,,72|3.0|0.5
full_combo,crypto,ATOM,top10_total_return|crypto|ATOM,,1,0.014925373134328358,,,72|3.0|0.75
full_combo,crypto,ATOM,top10_total_return|crypto|ATOM,,1,0.014925373134328358,,,72|3.0|1.0
rebalance_frequency,crypto,AVAX,top10_total_return|crypto|AVAX,24.0,15,0.40540540540540543,,,
rebalance_frequency,crypto,AVAX,top10_total_return|crypto|AVAX,72.0,12,0.32432432432432434,,,
rebalance_frequency,crypto,AVAX,top10_total_return|crypto|AVAX,168.0,6,0.16216216216216217,,,
rebalance_frequency,crypto,AVAX,top10_total_return|crypto|AVAX,336.0,4,0.10810810810810811,,,
entry_z,crypto,AVAX,top10_total_return|crypto|AVAX,,4,0.10810810810810811,1.0,,
entry_z,crypto,AVAX,top10_total_return|crypto|AVAX,,4,0.10810810810810811,1.5,,
entry_z,crypto,AVAX,top10_total_return|crypto|AVAX,,13,0.35135135135135137,2.0,,
entry_z,crypto,AVAX,top10_total_return|crypto|AVAX,,11,0.2972972972972973,2.5,,
entry_z,crypto,AVAX,top10_total_return|crypto|AVAX,,5,0.13513513513513514,3.0,,
exit_z,crypto,AVAX,top10_total_return|crypto|AVAX,,10,0.2702702702702703,,0.25,
exit_z,crypto,AVAX,top10_total_return|crypto|AVAX,,14,0.3783783783783784,,0.5,
exit_z,crypto,AVAX,top10_total_return|crypto|AVAX,,9,0.24324324324324326,,0.75,
exit_z,crypto,AVAX,top10_total_return|crypto|AVAX,,4,0.10810810810810811,,1.0,
entry_exit_pair,crypto,AVAX,top10_total_return|crypto|AVAX,,1,0.02702702702702703,,,1.0|0.25
entry_exit_pair,crypto,AVAX,top10_total_return|crypto|AVAX,,2,0.05405405405405406,,,1.0|0.5
entry_exit_pair,crypto,AVAX,top10_total_return|crypto|AVAX,,1,0.02702702702702703,,,1.0|0.75
entry_exit_pair,crypto,AVAX,top10_total_return|crypto|AVAX,,1,0.02702702702702703,,,1.5|0.25
entry_exit_pair,crypto,AVAX,top10_total_return|crypto|AVAX,,2,0.05405405405405406,,,1.5|0.5
entry_exit_pair,crypto,AVAX,top10_total_return|crypto|AVAX,,1,0.02702702702702703,,,1.5|0.75
entry_exit_pair,crypto,AVAX,top10_total_return|crypto|AVAX,,3,0.08108108108108109,,,2.0|0.25
entry_exit_pair,crypto,AVAX,top10_total_return|crypto|AVAX,,4,0.10810810810810811,,,2.0|0.5
entry_exit_pair,crypto,AVAX,top10_total_return|crypto|AVAX,,4,0.10810810810810811,,,2.0|0.75
entry_exit_pair,crypto,AVAX,top10_total_return|crypto|AVAX,,2,0.05405405405405406,,,2.0|1.0
entry_exit_pair,crypto,AVAX,top10_total_return|crypto|AVAX,,3,0.08108108108108109,,,2.5|0.25
entry_exit_pair,crypto,AVAX,top10_total_return|crypto|AVAX,,3,0.08108108108108109,,,2.5|0.5
entry_exit_pair,crypto,AVAX,top10_total_return|crypto|AVAX,,3,0.08108108108108109,,,2.5|0.75
entry_exit_pair,crypto,AVAX,top10_total_return|crypto|AVAX,,2,0.05405405405405406,,,2.5|1.0
entry_exit_pair,crypto,AVAX,top10_total_return|crypto|AVAX,,2,0.05405405405405406,,,3.0|0.25
entry_exit_pair,crypto,AVAX,top10_total_return|crypto|AVAX,,3,0.08108108108108109,,,3.0|0.5
rebalance_entry_pair,crypto,AVAX,top10_total_return|crypto|AVAX,,3,0.08108108108108109,,,168|2.0
rebalance_entry_pair,crypto,AVAX,top10_total_return|crypto|AVAX,,2,0.05405405405405406,,,168|2.5
rebalance_entry_pair,crypto,AVAX,top10_total_return|crypto|AVAX,,1,0.02702702702702703,,,168|3.0
rebalance_entry_pair,crypto,AVAX,top10_total_return|crypto|AVAX,,3,0.08108108108108109,,,24|1.0
rebalance_entry_pair,crypto,AVAX,top10_total_return|crypto|AVAX,,3,0.08108108108108109,,,24|1.5
rebalance_entry_pair,crypto,AVAX,top10_total_return|crypto|AVAX,,3,0.08108108108108109,,,24|2.0
rebalance_entry_pair,crypto,AVAX,top10_total_return|crypto|AVAX,,4,0.10810810810810811,,,24|2.5
rebalance_entry_pair,crypto,AVAX,top10_total_return|crypto|AVAX,,2,0.05405405405405406,,,24|3.0
rebalance_entry_pair,crypto,AVAX,top10_total_return|crypto|AVAX,,3,0.08108108108108109,,,336|2.0
rebalance_entry_pair,crypto,AVAX,top10_total_return|crypto|AVAX,,1,0.02702702702702703,,,336|2.5
rebalance_entry_pair,crypto,AVAX,top10_total_return|crypto|AVAX,,1,0.02702702702702703,,,72|1.0
rebalance_entry_pair,crypto,AVAX,top10_total_return|crypto|AVAX,,1,0.02702702702702703,,,72|1.5
rebalance_entry_pair,crypto,AVAX,top10_total_return|crypto|AVAX,,4,0.10810810810810811,,,72|2.0
rebalance_entry_pair,crypto,AVAX,top10_total_return|crypto|AVAX,,4,0.10810810810810811,,,72|2.5
rebalance_entry_pair,crypto,AVAX,top10_total_return|crypto|AVAX,,2,0.05405405405405406,,,72|3.0
full_combo,crypto,AVAX,top10_total_return|crypto|AVAX,,1,0.02702702702702703,,,168|2.0|0.5
full_combo,crypto,AVAX,top10_total_return|crypto|AVAX,,1,0.02702702702702703,,,168|2.0|0.75
full_combo,crypto,AVAX,top10_total_return|crypto|AVAX,,1,0.02702702702702703,,,168|2.0|1.0
full_combo,crypto,AVAX,top10_total_return|crypto|AVAX,,1,0.02702702702702703,,,168|2.5|0.5
full_combo,crypto,AVAX,top10_total_return|crypto|AVAX,,1,0.02702702702702703,,,168|2.5|0.75
full_combo,crypto,AVAX,top10_total_return|crypto|AVAX,,1,0.02702702702702703,,,168|3.0|0.5
full_combo,crypto,AVAX,top10_total_return|crypto|AVAX,,1,0.02702702702702703,,,24|1.0|0.25
full_combo,crypto,AVAX,top10_total_return|crypto|AVAX,,1,0.02702702702702703,,,24|1.0|0.5
full_combo,crypto,AVAX,top10_total_return|crypto|AVAX,,1,0.02702702702702703,,,24|1.0|0.75
full_combo,crypto,AVAX,top10_total_return|crypto|AVAX,,1,0.02702702702702703,,,24|1.5|0.25
full_combo,crypto,AVAX,top10_total_return|crypto|AVAX,,1,0.02702702702702703,,,24|1.5|0.5
full_combo,crypto,AVAX,top10_total_return|crypto|AVAX,,1,0.02702702702702703,,,24|1.5|0.75
full_combo,crypto,AVAX,top10_total_return|crypto|AVAX,,1,0.02702702702702703,,,24|2.0|0.25
full_combo,crypto,AVAX,top10_total_return|crypto|AVAX,,1,0.02702702702702703,,,24|2.0|0.5
full_combo,crypto,AVAX,top10_total_return|crypto|AVAX,,1,0.02702702702702703,,,24|2.0|0.75
full_combo,crypto,AVAX,top10_total_return|crypto|AVAX,,1,0.02702702702702703,,,24|2.5|0.25
full_combo,crypto,AVAX,top10_total_return|crypto|AVAX,,1,0.02702702702702703,,,24|2.5|0.5
full_combo,crypto,AVAX,top10_total_return|crypto|AVAX,,1,0.02702702702702703,,,24|2.5|0.75
full_combo,crypto,AVAX,top10_total_return|crypto|AVAX,,1,0.02702702702702703,,,24|2.5|1.0
full_combo,crypto,AVAX,top10_total_return|crypto|AVAX,,1,0.02702702702702703,,,24|3.0|0.25
full_combo,crypto,AVAX,top10_total_return|crypto|AVAX,,1,0.02702702702702703,,,24|3.0|0.5
full_combo,crypto,AVAX,top10_total_return|crypto|AVAX,,1,0.02702702702702703,,,336|2.0|0.25
full_combo,crypto,AVAX,top10_total_return|crypto|AVAX,,1,0.02702702702702703,,,336|2.0|0.5
full_combo,crypto,AVAX,top10_total_return|crypto|AVAX,,1,0.02702702702702703,,,336|2.0|0.75
full_combo,crypto,AVAX,top10_total_return|crypto|AVAX,,1,0.02702702702702703,,,336|2.5|0.25
full_combo,crypto,AVAX,top10_total_return|crypto|AVAX,,1,0.02702702702702703,,,72|1.0|0.5
full_combo,crypto,AVAX,top10_total_return|crypto|AVAX,,1,0.02702702702702703,,,72|1.5|0.5
full_combo,crypto,AVAX,top10_total_return|crypto|AVAX,,1,0.02702702702702703,,,72|2.0|0.25
full_combo,crypto,AVAX,top10_total_return|crypto|AVAX,,1,0.02702702702702703,,,72|2.0|0.5
full_combo,crypto,AVAX,top10_total_return|crypto|AVAX,,1,0.02702702702702703,,,72|2.0|0.75
full_combo,crypto,AVAX,top10_total_return|crypto|AVAX,,1,0.02702702702702703,,,72|2.0|1.0
full_combo,crypto,AVAX,top10_total_return|crypto|AVAX,,1,0.02702702702702703,,,72|2.5|0.25
full_combo,crypto,AVAX,top10_total_return|crypto|AVAX,,1,0.02702702702702703,,,72|2.5|0.5
full_combo,crypto,AVAX,top10_total_return|crypto|AVAX,,1,0.02702702702702703,,,72|2.5|0.75
full_combo,crypto,AVAX,top10_total_return|crypto|AVAX,,1,0.02702702702702703,,,72|2.5|1.0
full_combo,crypto,AVAX,top10_total_return|crypto|AVAX,,1,0.02702702702702703,,,72|3.0|0.25
full_combo,crypto,AVAX,top10_total_return|crypto|AVAX,,1,0.02702702702702703,,,72|3.0|0.5
rebalance_frequency,crypto,BNB,top10_total_return|crypto|BNB,24.0,3,0.3333333333333333,,,
rebalance_frequency,crypto,BNB,top10_total_return|crypto|BNB,72.0,1,0.1111111111111111,,,
rebalance_frequency,crypto,BNB,top10_total_return|crypto|BNB,168.0,5,0.5555555555555556,,,
entry_z,crypto,BNB,top10_total_return|crypto|BNB,,4,0.4444444444444444,1.5,,
entry_z,crypto,BNB,top10_total_return|crypto|BNB,,3,0.3333333333333333,2.0,,
entry_z,crypto,BNB,top10_total_return|crypto|BNB,,2,0.2222222222222222,2.5,,
exit_z,crypto,BNB,top10_total_return|crypto|BNB,,4,0.4444444444444444,,0.25,
exit_z,crypto,BNB,top10_total_return|crypto|BNB,,1,0.1111111111111111,,0.5,
exit_z,crypto,BNB,top10_total_return|crypto|BNB,,2,0.2222222222222222,,0.75,
exit_z,crypto,BNB,top10_total_return|crypto|BNB,,2,0.2222222222222222,,1.0,
entry_exit_pair,crypto,BNB,top10_total_return|crypto|BNB,,2,0.2222222222222222,,,1.5|0.25
entry_exit_pair,crypto,BNB,top10_total_return|crypto|BNB,,1,0.1111111111111111,,,1.5|0.75
entry_exit_pair,crypto,BNB,top10_total_return|crypto|BNB,,1,0.1111111111111111,,,1.5|1.0
entry_exit_pair,crypto,BNB,top10_total_return|crypto|BNB,,1,0.1111111111111111,,,2.0|0.25
entry_exit_pair,crypto,BNB,top10_total_return|crypto|BNB,,1,0.1111111111111111,,,2.0|0.75
entry_exit_pair,crypto,BNB,top10_total_return|crypto|BNB,,1,0.1111111111111111,,,2.0|1.0
entry_exit_pair,crypto,BNB,top10_total_return|crypto|BNB,,1,0.1111111111111111,,,2.5|0.25
entry_exit_pair,crypto,BNB,top10_total_return|crypto|BNB,,1,0.1111111111111111,,,2.5|0.5
rebalance_entry_pair,crypto,BNB,top10_total_return|crypto|BNB,,3,0.3333333333333333,,,168|1.5
rebalance_entry_pair,crypto,BNB,top10_total_return|crypto|BNB,,2,0.2222222222222222,,,168|2.0
rebalance_entry_pair,crypto,BNB,top10_total_return|crypto|BNB,,1,0.1111111111111111,,,24|2.0
rebalance_entry_pair,crypto,BNB,top10_total_return|crypto|BNB,,2,0.2222222222222222,,,24|2.5
rebalance_entry_pair,crypto,BNB,top10_total_return|crypto|BNB,,1,0.1111111111111111,,,72|1.5
full_combo,crypto,BNB,top10_total_return|crypto|BNB,,1,0.1111111111111111,,,168|1.5|0.25
full_combo,crypto,BNB,top10_total_return|crypto|BNB,,1,0.1111111111111111,,,168|1.5|0.75
full_combo,crypto,BNB,top10_total_return|crypto|BNB,,1,0.1111111111111111,,,168|1.5|1.0
full_combo,crypto,BNB,top10_total_return|crypto|BNB,,1,0.1111111111111111,,,168|2.0|0.75
full_combo,crypto,BNB,top10_total_return|crypto|BNB,,1,0.1111111111111111,,,168|2.0|1.0
full_combo,crypto,BNB,top10_total_return|crypto|BNB,,1,0.1111111111111111,,,24|2.0|0.25
full_combo,crypto,BNB,top10_total_return|crypto|BNB,,1,0.1111111111111111,,,24|2.5|0.25
full_combo,crypto,BNB,top10_total_return|crypto|BNB,,1,0.1111111111111111,,,24|2.5|0.5
full_combo,crypto,BNB,top10_total_return|crypto|BNB,,1,0.1111111111111111,,,72|1.5|0.25
rebalance_frequency,crypto,ETH,top10_total_return|crypto|ETH,168.0,1,1.0,,,
entry_z,crypto,ETH,top10_total_return|crypto|ETH,,1,1.0,2.5,,
exit_z,crypto,ETH,top10_total_return|crypto|ETH,,1,1.0,,0.25,
entry_exit_pair,crypto,ETH,top10_total_return|crypto|ETH,,1,1.0,,,2.5|0.25
rebalance_entry_pair,crypto,ETH,top10_total_return|crypto|ETH,,1,1.0,,,168|2.5
full_combo,crypto,ETH,top10_total_return|crypto|ETH,,1,1.0,,,168|2.5|0.25
rebalance_frequency,crypto,LINK,top10_total_return|crypto|LINK,24.0,8,0.2857142857142857,,,
rebalance_frequency,crypto,LINK,top10_total_return|crypto|LINK,72.0,10,0.35714285714285715,,,
rebalance_frequency,crypto,LINK,top10_total_return|crypto|LINK,168.0,6,0.21428571428571427,,,
rebalance_frequency,crypto,LINK,top10_total_return|crypto|LINK,336.0,4,0.14285714285714285,,,
entry_z,crypto,LINK,top10_total_return|crypto|LINK,,9,0.32142857142857145,1.0,,
entry_z,crypto,LINK,top10_total_return|crypto|LINK,,12,0.42857142857142855,1.5,,
entry_z,crypto,LINK,top10_total_return|crypto|LINK,,5,0.17857142857142858,2.0,,
entry_z,crypto,LINK,top10_total_return|crypto|LINK,,2,0.07142857142857142,2.5,,
exit_z,crypto,LINK,top10_total_return|crypto|LINK,,12,0.42857142857142855,,0.25,
exit_z,crypto,LINK,top10_total_return|crypto|LINK,,10,0.35714285714285715,,0.5,
exit_z,crypto,LINK,top10_total_return|crypto|LINK,,5,0.17857142857142858,,0.75,
exit_z,crypto,LINK,top10_total_return|crypto|LINK,,1,0.03571428571428571,,1.0,
entry_exit_pair,crypto,LINK,top10_total_return|crypto|LINK,,4,0.14285714285714285,,,1.0|0.25
entry_exit_pair,crypto,LINK,top10_total_return|crypto|LINK,,4,0.14285714285714285,,,1.0|0.5
entry_exit_pair,crypto,LINK,top10_total_return|crypto|LINK,,1,0.03571428571428571,,,1.0|0.75
entry_exit_pair,crypto,LINK,top10_total_return|crypto|LINK,,4,0.14285714285714285,,,1.5|0.25
entry_exit_pair,crypto,LINK,top10_total_return|crypto|LINK,,4,0.14285714285714285,,,1.5|0.5
entry_exit_pair,crypto,LINK,top10_total_return|crypto|LINK,,3,0.10714285714285714,,,1.5|0.75
entry_exit_pair,crypto,LINK,top10_total_return|crypto|LINK,,1,0.03571428571428571,,,1.5|1.0
entry_exit_pair,crypto,LINK,top10_total_return|crypto|LINK,,2,0.07142857142857142,,,2.0|0.25
entry_exit_pair,crypto,LINK,top10_total_return|crypto|LINK,,2,0.07142857142857142,,,2.0|0.5
entry_exit_pair,crypto,LINK,top10_total_return|crypto|LINK,,1,0.03571428571428571,,,2.0|0.75
entry_exit_pair,crypto,LINK,top10_total_return|crypto|LINK,,2,0.07142857142857142,,,2.5|0.25
rebalance_entry_pair,crypto,LINK,top10_total_return|crypto|LINK,,2,0.07142857142857142,,,168|1.0
rebalance_entry_pair,crypto,LINK,top10_total_return|crypto|LINK,,4,0.14285714285714285,,,168|1.5
rebalance_entry_pair,crypto,LINK,top10_total_return|crypto|LINK,,2,0.07142857142857142,,,24|1.0
rebalance_entry_pair,crypto,LINK,top10_total_return|crypto|LINK,,3,0.10714285714285714,,,24|1.5
rebalance_entry_pair,crypto,LINK,top10_total_return|crypto|LINK,,2,0.07142857142857142,,,24|2.0
rebalance_entry_pair,crypto,LINK,top10_total_return|crypto|LINK,,1,0.03571428571428571,,,24|2.5
rebalance_entry_pair,crypto,LINK,top10_total_return|crypto|LINK,,2,0.07142857142857142,,,336|1.0
rebalance_entry_pair,crypto,LINK,top10_total_return|crypto|LINK,,2,0.07142857142857142,,,336|1.5
rebalance_entry_pair,crypto,LINK,top10_total_return|crypto|LINK,,3,0.10714285714285714,,,72|1.0
rebalance_entry_pair,crypto,LINK,top10_total_return|crypto|LINK,,3,0.10714285714285714,,,72|1.5
rebalance_entry_pair,crypto,LINK,top10_total_return|crypto|LINK,,3,0.10714285714285714,,,72|2.0
rebalance_entry_pair,crypto,LINK,top10_total_return|crypto|LINK,,1,0.03571428571428571,,,72|2.5
full_combo,crypto,LINK,top10_total_return|crypto|LINK,,1,0.03571428571428571,,,168|1.0|0.25
full_combo,crypto,LINK,top10_total_return|crypto|LINK,,1,0.03571428571428571,,,168|1.0|0.5
full_combo,crypto,LINK,top10_total_return|crypto|LINK,,1,0.03571428571428571,,,168|1.5|0.25
full_combo,crypto,LINK,top10_total_return|crypto|LINK,,1,0.03571428571428571,,,168|1.5|0.5
full_combo,crypto,LINK,top10_total_return|crypto|LINK,,1,0.03571428571428571,,,168|1.5|0.75
full_combo,crypto,LINK,top10_total_return|crypto|LINK,,1,0.03571428571428571,,,168|1.5|1.0
full_combo,crypto,LINK,top10_total_return|crypto|LINK,,1,0.03571428571428571,,,24|1.0|0.25
full_combo,crypto,LINK,top10_total_return|crypto|LINK,,1,0.03571428571428571,,,24|1.0|0.5
full_combo,crypto,LINK,top10_total_return|crypto|LINK,,1,0.03571428571428571,,,24|1.5|0.25
full_combo,crypto,LINK,top10_total_return|crypto|LINK,,1,0.03571428571428571,,,24|1.5|0.5
full_combo,crypto,LINK,top10_total_return|crypto|LINK,,1,0.03571428571428571,,,24|1.5|0.75
full_combo,crypto,LINK,top10_total_return|crypto|LINK,,1,0.03571428571428571,,,24|2.0|0.25
full_combo,crypto,LINK,top10_total_return|crypto|LINK,,1,0.03571428571428571,,,24|2.0|0.5
full_combo,crypto,LINK,top10_total_return|crypto|LINK,,1,0.03571428571428571,,,24|2.5|0.25
full_combo,crypto,LINK,top10_total_return|crypto|LINK,,1,0.03571428571428571,,,336|1.0|0.25
full_combo,crypto,LINK,top10_total_return|crypto|LINK,,1,0.03571428571428571,,,336|1.0|0.5
full_combo,crypto,LINK,top10_total_return|crypto|LINK,,1,0.03571428571428571,,,336|1.5|0.25
full_combo,crypto,LINK,top10_total_return|crypto|LINK,,1,0.03571428571428571,,,336|1.5|0.5
full_combo,crypto,LINK,top10_total_return|crypto|LINK,,1,0.03571428571428571,,,72|1.0|0.25
full_combo,crypto,LINK,top10_total_return|crypto|LINK,,1,0.03571428571428571,,,72|1.0|0.5
full_combo,crypto,LINK,top10_total_return|crypto|LINK,,1,0.03571428571428571,,,72|1.0|0.75
full_combo,crypto,LINK,top10_total_return|crypto|LINK,,1,0.03571428571428571,,,72|1.5|0.25
full_combo,crypto,LINK,top10_total_return|crypto|LINK,,1,0.03571428571428571,,,72|1.5|0.5
full_combo,crypto,LINK,top10_total_return|crypto|LINK,,1,0.03571428571428571,,,72|1.5|0.75
full_combo,crypto,LINK,top10_total_return|crypto|LINK,,1,0.03571428571428571,,,72|2.0|0.25
full_combo,crypto,LINK,top10_total_return|crypto|LINK,,1,0.03571428571428571,,,72|2.0|0.5
full_combo,crypto,LINK,top10_total_return|crypto|LINK,,1,0.03571428571428571,,,72|2.0|0.75
full_combo,crypto,LINK,top10_total_return|crypto|LINK,,1,0.03571428571428571,,,72|2.5|0.25
rebalance_frequency,crypto,SOL,top10_total_return|crypto|SOL,24.0,8,0.6666666666666666,,,
rebalance_frequency,crypto,SOL,top10_total_return|crypto|SOL,72.0,3,0.25,,,
rebalance_frequency,crypto,SOL,top10_total_return|crypto|SOL,336.0,1,0.08333333333333333,,,
entry_z,crypto,SOL,top10_total_return|crypto|SOL,,3,0.25,1.0,,
entry_z,crypto,SOL,top10_total_return|crypto|SOL,,6,0.5,1.5,,
entry_z,crypto,SOL,top10_total_return|crypto|SOL,,2,0.16666666666666666,2.0,,
entry_z,crypto,SOL,top10_total_return|crypto|SOL,,1,0.08333333333333333,2.5,,
exit_z,crypto,SOL,top10_total_return|crypto|SOL,,6,0.5,,0.25,
exit_z,crypto,SOL,top10_total_return|crypto|SOL,,5,0.4166666666666667,,0.5,
exit_z,crypto,SOL,top10_total_return|crypto|SOL,,1,0.08333333333333333,,0.75,
entry_exit_pair,crypto,SOL,top10_total_return|crypto|SOL,,2,0.16666666666666666,,,1.0|0.25
entry_exit_pair,crypto,SOL,top10_total_return|crypto|SOL,,1,0.08333333333333333,,,1.0|0.5
entry_exit_pair,crypto,SOL,top10_total_return|crypto|SOL,,3,0.25,,,1.5|0.25
entry_exit_pair,crypto,SOL,top10_total_return|crypto|SOL,,2,0.16666666666666666,,,1.5|0.5
entry_exit_pair,crypto,SOL,top10_total_return|crypto|SOL,,1,0.08333333333333333,,,1.5|0.75
entry_exit_pair,crypto,SOL,top10_total_return|crypto|SOL,,1,0.08333333333333333,,,2.0|0.25
entry_exit_pair,crypto,SOL,top10_total_return|crypto|SOL,,1,0.08333333333333333,,,2.0|0.5
entry_exit_pair,crypto,SOL,top10_total_return|crypto|SOL,,1,0.08333333333333333,,,2.5|0.5
rebalance_entry_pair,crypto,SOL,top10_total_return|crypto|SOL,,2,0.16666666666666666,,,24|1.0
rebalance_entry_pair,crypto,SOL,top10_total_return|crypto|SOL,,3,0.25,,,24|1.5
rebalance_entry_pair,crypto,SOL,top10_total_return|crypto|SOL,,2,0.16666666666666666,,,24|2.0
rebalance_entry_pair,crypto,SOL,top10_total_return|crypto|SOL,,1,0.08333333333333333,,,24|2.5
rebalance_entry_pair,crypto,SOL,top10_total_return|crypto|SOL,,1,0.08333333333333333,,,336|1.5
rebalance_entry_pair,crypto,SOL,top10_total_return|crypto|SOL,,1,0.08333333333333333,,,72|1.0
rebalance_entry_pair,crypto,SOL,top10_total_return|crypto|SOL,,2,0.16666666666666666,,,72|1.5
full_combo,crypto,SOL,top10_total_return|crypto|SOL,,1,0.08333333333333333,,,24|1.0|0.25
full_combo,crypto,SOL,top10_total_return|crypto|SOL,,1,0.08333333333333333,,,24|1.0|0.5
full_combo,crypto,SOL,top10_total_return|crypto|SOL,,1,0.08333333333333333,,,24|1.5|0.25
full_combo,crypto,SOL,top10_total_return|crypto|SOL,,1,0.08333333333333333,,,24|1.5|0.5
full_combo,crypto,SOL,top10_total_return|crypto|SOL,,1,0.08333333333333333,,,24|1.5|0.75
full_combo,crypto,SOL,top10_total_return|crypto|SOL,,1,0.08333333333333333,,,24|2.0|0.25
full_combo,crypto,SOL,top10_total_return|crypto|SOL,,1,0.08333333333333333,,,24|2.0|0.5
full_combo,crypto,SOL,top10_total_return|crypto|SOL,,1,0.08333333333333333,,,24|2.5|0.5
full_combo,crypto,SOL,top10_total_return|crypto|SOL,,1,0.08333333333333333,,,336|1.5|0.25
full_combo,crypto,SOL,top10_total_return|crypto|SOL,,1,0.08333333333333333,,,72|1.0|0.25
full_combo,crypto,SOL,top10_total_return|crypto|SOL,,1,0.08333333333333333,,,72|1.5|0.25
full_combo,crypto,SOL,top10_total_return|crypto|SOL,,1,0.08333333333333333,,,72|1.5|0.5
rebalance_frequency,crypto,XRP,top10_total_return|crypto|XRP,24.0,9,0.5294117647058824,,,
rebalance_frequency,crypto,XRP,top10_total_return|crypto|XRP,72.0,8,0.47058823529411764,,,
entry_z,crypto,XRP,top10_total_return|crypto|XRP,,1,0.058823529411764705,1.0,,
entry_z,crypto,XRP,top10_total_return|crypto|XRP,,8,0.47058823529411764,1.5,,
entry_z,crypto,XRP,top10_total_return|crypto|XRP,,5,0.29411764705882354,2.0,,
entry_z,crypto,XRP,top10_total_return|crypto|XRP,,1,0.058823529411764705,2.5,,
entry_z,crypto,XRP,top10_total_return|crypto|XRP,,2,0.11764705882352941,3.0,,
exit_z,crypto,XRP,top10_total_return|crypto|XRP,,8,0.47058823529411764,,0.25,
exit_z,crypto,XRP,top10_total_return|crypto|XRP,,4,0.23529411764705882,,0.5,
exit_z,crypto,XRP,top10_total_return|crypto|XRP,,3,0.17647058823529413,,0.75,
exit_z,crypto,XRP,top10_total_return|crypto|XRP,,2,0.11764705882352941,,1.0,
entry_exit_pair,crypto,XRP,top10_total_return|crypto|XRP,,1,0.058823529411764705,,,1.0|0.25
entry_exit_pair,crypto,XRP,top10_total_return|crypto|XRP,,2,0.11764705882352941,,,1.5|0.25
entry_exit_pair,crypto,XRP,top10_total_return|crypto|XRP,,2,0.11764705882352941,,,1.5|0.5
entry_exit_pair,crypto,XRP,top10_total_return|crypto|XRP,,2,0.11764705882352941,,,1.5|0.75
entry_exit_pair,crypto,XRP,top10_total_return|crypto|XRP,,2,0.11764705882352941,,,1.5|1.0
entry_exit_pair,crypto,XRP,top10_total_return|crypto|XRP,,2,0.11764705882352941,,,2.0|0.25
entry_exit_pair,crypto,XRP,top10_total_return|crypto|XRP,,2,0.11764705882352941,,,2.0|0.5
entry_exit_pair,crypto,XRP,top10_total_return|crypto|XRP,,1,0.058823529411764705,,,2.0|0.75
entry_exit_pair,crypto,XRP,top10_total_return|crypto|XRP,,1,0.058823529411764705,,,2.5|0.25
entry_exit_pair,crypto,XRP,top10_total_return|crypto|XRP,,2,0.11764705882352941,,,3.0|0.25
rebalance_entry_pair,crypto,XRP,top10_total_return|crypto|XRP,,1,0.058823529411764705,,,24|1.0
rebalance_entry_pair,crypto,XRP,top10_total_return|crypto|XRP,,4,0.23529411764705882,,,24|1.5
rebalance_entry_pair,crypto,XRP,top10_total_return|crypto|XRP,,2,0.11764705882352941,,,24|2.0
rebalance_entry_pair,crypto,XRP,top10_total_return|crypto|XRP,,1,0.058823529411764705,,,24|2.5
rebalance_entry_pair,crypto,XRP,top10_total_return|crypto|XRP,,1,0.058823529411764705,,,24|3.0
rebalance_entry_pair,crypto,XRP,top10_total_return|crypto|XRP,,4,0.23529411764705882,,,72|1.5
rebalance_entry_pair,crypto,XRP,top10_total_return|crypto|XRP,,3,0.17647058823529413,,,72|2.0
rebalance_entry_pair,crypto,XRP,top10_total_return|crypto|XRP,,1,0.058823529411764705,,,72|3.0
full_combo,crypto,XRP,top10_total_return|crypto|XRP,,1,0.058823529411764705,,,24|1.0|0.25
full_combo,crypto,XRP,top10_total_return|crypto|XRP,,1,0.058823529411764705,,,24|1.5|0.25
full_combo,crypto,XRP,top10_total_return|crypto|XRP,,1,0.058823529411764705,,,24|1.5|0.5
full_combo,crypto,XRP,top10_total_return|crypto|XRP,,1,0.058823529411764705,,,24|1.5|0.75
full_combo,crypto,XRP,top10_total_return|crypto|XRP,,1,0.058823529411764705,,,24|1.5|1.0
full_combo,crypto,XRP,top10_total_return|crypto|XRP,,1,0.058823529411764705,,,24|2.0|0.25
full_combo,crypto,XRP,top10_total_return|crypto|XRP,,1,0.058823529411764705,,,24|2.0|0.5
full_combo,crypto,XRP,top10_total_return|crypto|XRP,,1,0.058823529411764705,,,24|2.5|0.25
full_combo,crypto,XRP,top10_total_return|crypto|XRP,,1,0.058823529411764705,,,24|3.0|0.25
full_combo,crypto,XRP,top10_total_return|crypto|XRP,,1,0.058823529411764705,,,72|1.5|0.25
full_combo,crypto,XRP,top10_total_return|crypto|XRP,,1,0.058823529411764705,,,72|1.5|0.5
full_combo,crypto,XRP,top10_total_return|crypto|XRP,,1,0.058823529411764705,,,72|1.5|0.75
full_combo,crypto,XRP,top10_total_return|crypto|XRP,,1,0.058823529411764705,,,72|1.5|1.0
full_combo,crypto,XRP,top10_total_return|crypto|XRP,,1,0.058823529411764705,,,72|2.0|0.25
full_combo,crypto,XRP,top10_total_return|crypto|XRP,,1,0.058823529411764705,,,72|2.0|0.5
full_combo,crypto,XRP,top10_total_return|crypto|XRP,,1,0.058823529411764705,,,72|2.0|0.75
full_combo,crypto,XRP,top10_total_return|crypto|XRP,,1,0.058823529411764705,,,72|3.0|0.25
rebalance_frequency,russia,AFKS,top10_total_return|russia|AFKS,5.0,2,0.4,,,
rebalance_frequency,russia,AFKS,top10_total_return|russia|AFKS,10.0,3,0.6,,,
entry_z,russia,AFKS,top10_total_return|russia|AFKS,,1,0.2,1.0,,
entry_z,russia,AFKS,top10_total_return|russia|AFKS,,2,0.4,2.0,,
entry_z,russia,AFKS,top10_total_return|russia|AFKS,,2,0.4,2.5,,
exit_z,russia,AFKS,top10_total_return|russia|AFKS,,5,1.0,,0.25,
entry_exit_pair,russia,AFKS,top10_total_return|russia|AFKS,,1,0.2,,,1.0|0.25
entry_exit_pair,russia,AFKS,top10_total_return|russia|AFKS,,2,0.4,,,2.0|0.25
entry_exit_pair,russia,AFKS,top10_total_return|russia|AFKS,,2,0.4,,,2.5|0.25
rebalance_entry_pair,russia,AFKS,top10_total_return|russia|AFKS,,1,0.2,,,10|1.0
rebalance_entry_pair,russia,AFKS,top10_total_return|russia|AFKS,,1,0.2,,,10|2.0
rebalance_entry_pair,russia,AFKS,top10_total_return|russia|AFKS,,1,0.2,,,10|2.5
rebalance_entry_pair,russia,AFKS,top10_total_return|russia|AFKS,,1,0.2,,,5|2.0
rebalance_entry_pair,russia,AFKS,top10_total_return|russia|AFKS,,1,0.2,,,5|2.5
full_combo,russia,AFKS,top10_total_return|russia|AFKS,,1,0.2,,,10|1.0|0.25
full_combo,russia,AFKS,top10_total_return|russia|AFKS,,1,0.2,,,10|2.0|0.25
full_combo,russia,AFKS,top10_total_return|russia|AFKS,,1,0.2,,,10|2.5|0.25
full_combo,russia,AFKS,top10_total_return|russia|AFKS,,1,0.2,,,5|2.0|0.25
full_combo,russia,AFKS,top10_total_return|russia|AFKS,,1,0.2,,,5|2.5|0.25
rebalance_frequency,russia,AFLT,top10_total_return|russia|AFLT,5.0,2,1.0,,,
entry_z,russia,AFLT,top10_total_return|russia|AFLT,,1,0.5,1.5,,
entry_z,russia,AFLT,top10_total_return|russia|AFLT,,1,0.5,2.0,,
exit_z,russia,AFLT,top10_total_return|russia|AFLT,,2,1.0,,0.25,
entry_exit_pair,russia,AFLT,top10_total_return|russia|AFLT,,1,0.5,,,1.5|0.25
entry_exit_pair,russia,AFLT,top10_total_return|russia|AFLT,,1,0.5,,,2.0|0.25
rebalance_entry_pair,russia,AFLT,top10_total_return|russia|AFLT,,1,0.5,,,5|1.5
rebalance_entry_pair,russia,AFLT,top10_total_return|russia|AFLT,,1,0.5,,,5|2.0
full_combo,russia,AFLT,top10_total_return|russia|AFLT,,1,0.5,,,5|1.5|0.25
full_combo,russia,AFLT,top10_total_return|russia|AFLT,,1,0.5,,,5|2.0|0.25
rebalance_frequency,russia,SBER,top10_total_return|russia|SBER,21.0,2,1.0,,,
entry_z,russia,SBER,top10_total_return|russia|SBER,,2,1.0,1.0,,
exit_z,russia,SBER,top10_total_return|russia|SBER,,1,0.5,,0.25,
exit_z,russia,SBER,top10_total_return|russia|SBER,,1,0.5,,0.5,
entry_exit_pair,russia,SBER,top10_total_return|russia|SBER,,1,0.5,,,1.0|0.25
entry_exit_pair,russia,SBER,top10_total_return|russia|SBER,,1,0.5,,,1.0|0.5
rebalance_entry_pair,russia,SBER,top10_total_return|russia|SBER,,2,1.0,,,21|1.0
full_combo,russia,SBER,top10_total_return|russia|SBER,,1,0.5,,,21|1.0|0.25
full_combo,russia,SBER,top10_total_return|russia|SBER,,1,0.5,,,21|1.0|0.5
rebalance_frequency,usa,NVDA,top10_total_return|usa|NVDA,5.0,2,0.2,,,
rebalance_frequency,usa,NVDA,top10_total_return|usa|NVDA,10.0,3,0.3,,,
rebalance_frequency,usa,NVDA,top10_total_return|usa|NVDA,21.0,5,0.5,,,
entry_z,usa,NVDA,top10_total_return|usa|NVDA,,5,0.5,1.0,,
entry_z,usa,NVDA,top10_total_return|usa|NVDA,,4,0.4,1.5,,
entry_z,usa,NVDA,top10_total_return|usa|NVDA,,1,0.1,2.0,,
exit_z,usa,NVDA,top10_total_return|usa|NVDA,,7,0.7,,0.25,
exit_z,usa,NVDA,top10_total_return|usa|NVDA,,3,0.3,,0.5,
entry_exit_pair,usa,NVDA,top10_total_return|usa|NVDA,,3,0.3,,,1.0|0.25
entry_exit_pair,usa,NVDA,top10_total_return|usa|NVDA,,2,0.2,,,1.0|0.5
entry_exit_pair,usa,NVDA,top10_total_return|usa|NVDA,,3,0.3,,,1.5|0.25
entry_exit_pair,usa,NVDA,top10_total_return|usa|NVDA,,1,0.1,,,1.5|0.5
entry_exit_pair,usa,NVDA,top10_total_return|usa|NVDA,,1,0.1,,,2.0|0.25
rebalance_entry_pair,usa,NVDA,top10_total_return|usa|NVDA,,2,0.2,,,10|1.0
rebalance_entry_pair,usa,NVDA,top10_total_return|usa|NVDA,,1,0.1,,,10|1.5
rebalance_entry_pair,usa,NVDA,top10_total_return|usa|NVDA,,2,0.2,,,21|1.0
rebalance_entry_pair,usa,NVDA,top10_total_return|usa|NVDA,,2,0.2,,,21|1.5
rebalance_entry_pair,usa,NVDA,top10_total_return|usa|NVDA,,1,0.1,,,21|2.0
rebalance_entry_pair,usa,NVDA,top10_total_return|usa|NVDA,,1,0.1,,,5|1.0
rebalance_entry_pair,usa,NVDA,top10_total_return|usa|NVDA,,1,0.1,,,5|1.5
full_combo,usa,NVDA,top10_total_return|usa|NVDA,,1,0.1,,,10|1.0|0.25
full_combo,usa,NVDA,top10_total_return|usa|NVDA,,1,0.1,,,10|1.0|0.5
full_combo,usa,NVDA,top10_total_return|usa|NVDA,,1,0.1,,,10|1.5|0.25
full_combo,usa,NVDA,top10_total_return|usa|NVDA,,1,0.1,,,21|1.0|0.25
full_combo,usa,NVDA,top10_total_return|usa|NVDA,,1,0.1,,,21|1.0|0.5
full_combo,usa,NVDA,top10_total_return|usa|NVDA,,1,0.1,,,21|1.5|0.25
full_combo,usa,NVDA,top10_total_return|usa|NVDA,,1,0.1,,,21|1.5|0.5
full_combo,usa,NVDA,top10_total_return|usa|NVDA,,1,0.1,,,21|2.0|0.25
full_combo,usa,NVDA,top10_total_return|usa|NVDA,,1,0.1,,,5|1.0|0.25
full_combo,usa,NVDA,top10_total_return|usa|NVDA,,1,0.1,,,5|1.5|0.25
